Simulation Number SU.numberRays SU.photonEnergy PG.cFactor SU.electronSigmaX SU.electronSigmaY SU.electronSigmaYs ExitSlit.openingHeight
0                 1000000.0     150             1.8        17.15             2.43              0.81               0.02                  
1                 1000000.0     150             5          17.15             2.43              0.81               0.005                 
2                 1000000.0     150             10         17.15             2.43              0.81               0.0025                
3                 1000000.0     155             1.8        17.15             2.43              0.81               0.02                  
4                 1000000.0     155             5          17.15             2.43              0.81               0.005                 
5                 1000000.0     155             10         17.15             2.43              0.81               0.0025                
6                 1000000.0     160             1.8        17.15             2.43              0.81               0.02                  
7                 1000000.0     160             5          17.15             2.43              0.81               0.005                 
8                 1000000.0     160             10         17.15             2.43              0.81               0.0025                
9                 1000000.0     165             1.8        17.15             2.43              0.81               0.02                  
10                1000000.0     165             5          17.15             2.43              0.81               0.005                 
11                1000000.0     165             10         17.15             2.43              0.81               0.0025                
12                1000000.0     170             1.8        17.15             2.43              0.81               0.02                  
13                1000000.0     170             5          17.15             2.43              0.81               0.005                 
14                1000000.0     170             10         17.15             2.43              0.81               0.0025                
15                1000000.0     175             1.8        17.15             2.43              0.81               0.02                  
16                1000000.0     175             5          17.15             2.43              0.81               0.005                 
17                1000000.0     175             10         17.15             2.43              0.81               0.0025                
18                1000000.0     180             1.8        17.15             2.43              0.81               0.02                  
19                1000000.0     180             5          17.15             2.43              0.81               0.005                 
20                1000000.0     180             10         17.15             2.43              0.81               0.0025                
21                1000000.0     185             1.8        17.15             2.43              0.81               0.02                  
22                1000000.0     185             5          17.15             2.43              0.81               0.005                 
23                1000000.0     185             10         17.15             2.43              0.81               0.0025                
24                1000000.0     190             1.8        17.15             2.43              0.81               0.02                  
25                1000000.0     190             5          17.15             2.43              0.81               0.005                 
26                1000000.0     190             10         17.15             2.43              0.81               0.0025                
27                1000000.0     195             1.8        17.15             2.43              0.81               0.02                  
28                1000000.0     195             5          17.15             2.43              0.81               0.005                 
29                1000000.0     195             10         17.15             2.43              0.81               0.0025                
30                1000000.0     200             1.8        17.15             2.43              0.81               0.02                  
31                1000000.0     200             5          17.15             2.43              0.81               0.005                 
32                1000000.0     200             10         17.15             2.43              0.81               0.0025                
33                1000000.0     205             1.8        17.15             2.43              0.81               0.02                  
34                1000000.0     205             5          17.15             2.43              0.81               0.005                 
35                1000000.0     205             10         17.15             2.43              0.81               0.0025                
36                1000000.0     210             1.8        17.15             2.43              0.81               0.02                  
37                1000000.0     210             5          17.15             2.43              0.81               0.005                 
38                1000000.0     210             10         17.15             2.43              0.81               0.0025                
39                1000000.0     215             1.8        17.15             2.43              0.81               0.02                  
40                1000000.0     215             5          17.15             2.43              0.81               0.005                 
41                1000000.0     215             10         17.15             2.43              0.81               0.0025                
42                1000000.0     220             1.8        17.15             2.43              0.81               0.02                  
43                1000000.0     220             5          17.15             2.43              0.81               0.005                 
44                1000000.0     220             10         17.15             2.43              0.81               0.0025                
45                1000000.0     225             1.8        17.15             2.43              0.81               0.02                  
46                1000000.0     225             5          17.15             2.43              0.81               0.005                 
47                1000000.0     225             10         17.15             2.43              0.81               0.0025                
48                1000000.0     230             1.8        17.15             2.43              0.81               0.02                  
49                1000000.0     230             5          17.15             2.43              0.81               0.005                 
50                1000000.0     230             10         17.15             2.43              0.81               0.0025                
51                1000000.0     235             1.8        17.15             2.43              0.81               0.02                  
52                1000000.0     235             5          17.15             2.43              0.81               0.005                 
53                1000000.0     235             10         17.15             2.43              0.81               0.0025                
54                1000000.0     240             1.8        17.15             2.43              0.81               0.02                  
55                1000000.0     240             5          17.15             2.43              0.81               0.005                 
56                1000000.0     240             10         17.15             2.43              0.81               0.0025                
57                1000000.0     245             1.8        17.15             2.43              0.81               0.02                  
58                1000000.0     245             5          17.15             2.43              0.81               0.005                 
59                1000000.0     245             10         17.15             2.43              0.81               0.0025                
60                1000000.0     250             1.8        17.15             2.43              0.81               0.02                  
61                1000000.0     250             5          17.15             2.43              0.81               0.005                 
62                1000000.0     250             10         17.15             2.43              0.81               0.0025                
63                1000000.0     255             1.8        17.15             2.43              0.81               0.02                  
64                1000000.0     255             5          17.15             2.43              0.81               0.005                 
65                1000000.0     255             10         17.15             2.43              0.81               0.0025                
66                1000000.0     260             1.8        17.15             2.43              0.81               0.02                  
67                1000000.0     260             5          17.15             2.43              0.81               0.005                 
68                1000000.0     260             10         17.15             2.43              0.81               0.0025                
69                1000000.0     265             1.8        17.15             2.43              0.81               0.02                  
70                1000000.0     265             5          17.15             2.43              0.81               0.005                 
71                1000000.0     265             10         17.15             2.43              0.81               0.0025                
72                1000000.0     270             1.8        17.15             2.43              0.81               0.02                  
73                1000000.0     270             5          17.15             2.43              0.81               0.005                 
74                1000000.0     270             10         17.15             2.43              0.81               0.0025                
75                1000000.0     275             1.8        17.15             2.43              0.81               0.02                  
76                1000000.0     275             5          17.15             2.43              0.81               0.005                 
77                1000000.0     275             10         17.15             2.43              0.81               0.0025                
78                1000000.0     280             1.8        17.15             2.43              0.81               0.02                  
79                1000000.0     280             5          17.15             2.43              0.81               0.005                 
80                1000000.0     280             10         17.15             2.43              0.81               0.0025                
81                1000000.0     285             1.8        17.15             2.43              0.81               0.02                  
82                1000000.0     285             5          17.15             2.43              0.81               0.005                 
83                1000000.0     285             10         17.15             2.43              0.81               0.0025                
84                1000000.0     290             1.8        17.15             2.43              0.81               0.02                  
85                1000000.0     290             5          17.15             2.43              0.81               0.005                 
86                1000000.0     290             10         17.15             2.43              0.81               0.0025                
87                1000000.0     295             1.8        17.15             2.43              0.81               0.02                  
88                1000000.0     295             5          17.15             2.43              0.81               0.005                 
89                1000000.0     295             10         17.15             2.43              0.81               0.0025                
90                1000000.0     300             1.8        17.15             2.43              0.81               0.02                  
91                1000000.0     300             5          17.15             2.43              0.81               0.005                 
92                1000000.0     300             10         17.15             2.43              0.81               0.0025                
93                1000000.0     305             1.8        17.15             2.43              0.81               0.02                  
94                1000000.0     305             5          17.15             2.43              0.81               0.005                 
95                1000000.0     305             10         17.15             2.43              0.81               0.0025                
96                1000000.0     310             1.8        17.15             2.43              0.81               0.02                  
97                1000000.0     310             5          17.15             2.43              0.81               0.005                 
98                1000000.0     310             10         17.15             2.43              0.81               0.0025                
99                1000000.0     315             1.8        17.15             2.43              0.81               0.02                  
100               1000000.0     315             5          17.15             2.43              0.81               0.005                 
101               1000000.0     315             10         17.15             2.43              0.81               0.0025                
102               1000000.0     320             1.8        17.15             2.43              0.81               0.02                  
103               1000000.0     320             5          17.15             2.43              0.81               0.005                 
104               1000000.0     320             10         17.15             2.43              0.81               0.0025                
105               1000000.0     325             1.8        17.15             2.43              0.81               0.02                  
106               1000000.0     325             5          17.15             2.43              0.81               0.005                 
107               1000000.0     325             10         17.15             2.43              0.81               0.0025                
108               1000000.0     330             1.8        17.15             2.43              0.81               0.02                  
109               1000000.0     330             5          17.15             2.43              0.81               0.005                 
110               1000000.0     330             10         17.15             2.43              0.81               0.0025                
111               1000000.0     335             1.8        17.15             2.43              0.81               0.02                  
112               1000000.0     335             5          17.15             2.43              0.81               0.005                 
113               1000000.0     335             10         17.15             2.43              0.81               0.0025                
114               1000000.0     340             1.8        17.15             2.43              0.81               0.02                  
115               1000000.0     340             5          17.15             2.43              0.81               0.005                 
116               1000000.0     340             10         17.15             2.43              0.81               0.0025                
117               1000000.0     345             1.8        17.15             2.43              0.81               0.02                  
118               1000000.0     345             5          17.15             2.43              0.81               0.005                 
119               1000000.0     345             10         17.15             2.43              0.81               0.0025                
120               1000000.0     350             1.8        17.15             2.43              0.81               0.02                  
121               1000000.0     350             5          17.15             2.43              0.81               0.005                 
122               1000000.0     350             10         17.15             2.43              0.81               0.0025                
123               1000000.0     355             1.8        17.15             2.43              0.81               0.02                  
124               1000000.0     355             5          17.15             2.43              0.81               0.005                 
125               1000000.0     355             10         17.15             2.43              0.81               0.0025                
126               1000000.0     360             1.8        17.15             2.43              0.81               0.02                  
127               1000000.0     360             5          17.15             2.43              0.81               0.005                 
128               1000000.0     360             10         17.15             2.43              0.81               0.0025                
129               1000000.0     365             1.8        17.15             2.43              0.81               0.02                  
130               1000000.0     365             5          17.15             2.43              0.81               0.005                 
131               1000000.0     365             10         17.15             2.43              0.81               0.0025                
132               1000000.0     370             1.8        17.15             2.43              0.81               0.02                  
133               1000000.0     370             5          17.15             2.43              0.81               0.005                 
134               1000000.0     370             10         17.15             2.43              0.81               0.0025                
135               1000000.0     375             1.8        17.15             2.43              0.81               0.02                  
136               1000000.0     375             5          17.15             2.43              0.81               0.005                 
137               1000000.0     375             10         17.15             2.43              0.81               0.0025                
138               1000000.0     380             1.8        17.15             2.43              0.81               0.02                  
139               1000000.0     380             5          17.15             2.43              0.81               0.005                 
140               1000000.0     380             10         17.15             2.43              0.81               0.0025                
141               1000000.0     385             1.8        17.15             2.43              0.81               0.02                  
142               1000000.0     385             5          17.15             2.43              0.81               0.005                 
143               1000000.0     385             10         17.15             2.43              0.81               0.0025                
144               1000000.0     390             1.8        17.15             2.43              0.81               0.02                  
145               1000000.0     390             5          17.15             2.43              0.81               0.005                 
146               1000000.0     390             10         17.15             2.43              0.81               0.0025                
147               1000000.0     395             1.8        17.15             2.43              0.81               0.02                  
148               1000000.0     395             5          17.15             2.43              0.81               0.005                 
149               1000000.0     395             10         17.15             2.43              0.81               0.0025                
150               1000000.0     400             1.8        17.15             2.43              0.81               0.02                  
151               1000000.0     400             5          17.15             2.43              0.81               0.005                 
152               1000000.0     400             10         17.15             2.43              0.81               0.0025                
153               1000000.0     405             1.8        17.15             2.43              0.81               0.02                  
154               1000000.0     405             5          17.15             2.43              0.81               0.005                 
155               1000000.0     405             10         17.15             2.43              0.81               0.0025                
156               1000000.0     410             1.8        17.15             2.43              0.81               0.02                  
157               1000000.0     410             5          17.15             2.43              0.81               0.005                 
158               1000000.0     410             10         17.15             2.43              0.81               0.0025                
159               1000000.0     415             1.8        17.15             2.43              0.81               0.02                  
160               1000000.0     415             5          17.15             2.43              0.81               0.005                 
161               1000000.0     415             10         17.15             2.43              0.81               0.0025                
162               1000000.0     420             1.8        17.15             2.43              0.81               0.02                  
163               1000000.0     420             5          17.15             2.43              0.81               0.005                 
164               1000000.0     420             10         17.15             2.43              0.81               0.0025                
165               1000000.0     425             1.8        17.15             2.43              0.81               0.02                  
166               1000000.0     425             5          17.15             2.43              0.81               0.005                 
167               1000000.0     425             10         17.15             2.43              0.81               0.0025                
168               1000000.0     430             1.8        17.15             2.43              0.81               0.02                  
169               1000000.0     430             5          17.15             2.43              0.81               0.005                 
170               1000000.0     430             10         17.15             2.43              0.81               0.0025                
171               1000000.0     435             1.8        17.15             2.43              0.81               0.02                  
172               1000000.0     435             5          17.15             2.43              0.81               0.005                 
173               1000000.0     435             10         17.15             2.43              0.81               0.0025                
174               1000000.0     440             1.8        17.15             2.43              0.81               0.02                  
175               1000000.0     440             5          17.15             2.43              0.81               0.005                 
176               1000000.0     440             10         17.15             2.43              0.81               0.0025                
177               1000000.0     445             1.8        17.15             2.43              0.81               0.02                  
178               1000000.0     445             5          17.15             2.43              0.81               0.005                 
179               1000000.0     445             10         17.15             2.43              0.81               0.0025                
180               1000000.0     450             1.8        17.15             2.43              0.81               0.02                  
181               1000000.0     450             5          17.15             2.43              0.81               0.005                 
182               1000000.0     450             10         17.15             2.43              0.81               0.0025                
183               1000000.0     455             1.8        17.15             2.43              0.81               0.02                  
184               1000000.0     455             5          17.15             2.43              0.81               0.005                 
185               1000000.0     455             10         17.15             2.43              0.81               0.0025                
186               1000000.0     460             1.8        17.15             2.43              0.81               0.02                  
187               1000000.0     460             5          17.15             2.43              0.81               0.005                 
188               1000000.0     460             10         17.15             2.43              0.81               0.0025                
189               1000000.0     465             1.8        17.15             2.43              0.81               0.02                  
190               1000000.0     465             5          17.15             2.43              0.81               0.005                 
191               1000000.0     465             10         17.15             2.43              0.81               0.0025                
192               1000000.0     470             1.8        17.15             2.43              0.81               0.02                  
193               1000000.0     470             5          17.15             2.43              0.81               0.005                 
194               1000000.0     470             10         17.15             2.43              0.81               0.0025                
195               1000000.0     475             1.8        17.15             2.43              0.81               0.02                  
196               1000000.0     475             5          17.15             2.43              0.81               0.005                 
197               1000000.0     475             10         17.15             2.43              0.81               0.0025                
198               1000000.0     480             1.8        17.15             2.43              0.81               0.02                  
199               1000000.0     480             5          17.15             2.43              0.81               0.005                 
200               1000000.0     480             10         17.15             2.43              0.81               0.0025                
201               1000000.0     485             1.8        17.15             2.43              0.81               0.02                  
202               1000000.0     485             5          17.15             2.43              0.81               0.005                 
203               1000000.0     485             10         17.15             2.43              0.81               0.0025                
204               1000000.0     490             1.8        17.15             2.43              0.81               0.02                  
205               1000000.0     490             5          17.15             2.43              0.81               0.005                 
206               1000000.0     490             10         17.15             2.43              0.81               0.0025                
207               1000000.0     495             1.8        17.15             2.43              0.81               0.02                  
208               1000000.0     495             5          17.15             2.43              0.81               0.005                 
209               1000000.0     495             10         17.15             2.43              0.81               0.0025                
210               1000000.0     500             1.8        17.15             2.43              0.81               0.02                  
211               1000000.0     500             5          17.15             2.43              0.81               0.005                 
212               1000000.0     500             10         17.15             2.43              0.81               0.0025                
213               1000000.0     505             1.8        17.15             2.43              0.81               0.02                  
214               1000000.0     505             5          17.15             2.43              0.81               0.005                 
215               1000000.0     505             10         17.15             2.43              0.81               0.0025                
216               1000000.0     510             1.8        17.15             2.43              0.81               0.02                  
217               1000000.0     510             5          17.15             2.43              0.81               0.005                 
218               1000000.0     510             10         17.15             2.43              0.81               0.0025                
219               1000000.0     515             1.8        17.15             2.43              0.81               0.02                  
220               1000000.0     515             5          17.15             2.43              0.81               0.005                 
221               1000000.0     515             10         17.15             2.43              0.81               0.0025                
222               1000000.0     520             1.8        17.15             2.43              0.81               0.02                  
223               1000000.0     520             5          17.15             2.43              0.81               0.005                 
224               1000000.0     520             10         17.15             2.43              0.81               0.0025                
225               1000000.0     525             1.8        17.15             2.43              0.81               0.02                  
226               1000000.0     525             5          17.15             2.43              0.81               0.005                 
227               1000000.0     525             10         17.15             2.43              0.81               0.0025                
228               1000000.0     530             1.8        17.15             2.43              0.81               0.02                  
229               1000000.0     530             5          17.15             2.43              0.81               0.005                 
230               1000000.0     530             10         17.15             2.43              0.81               0.0025                
231               1000000.0     535             1.8        17.15             2.43              0.81               0.02                  
232               1000000.0     535             5          17.15             2.43              0.81               0.005                 
233               1000000.0     535             10         17.15             2.43              0.81               0.0025                
234               1000000.0     540             1.8        17.15             2.43              0.81               0.02                  
235               1000000.0     540             5          17.15             2.43              0.81               0.005                 
236               1000000.0     540             10         17.15             2.43              0.81               0.0025                
237               1000000.0     545             1.8        17.15             2.43              0.81               0.02                  
238               1000000.0     545             5          17.15             2.43              0.81               0.005                 
239               1000000.0     545             10         17.15             2.43              0.81               0.0025                
240               1000000.0     550             1.8        17.15             2.43              0.81               0.02                  
241               1000000.0     550             5          17.15             2.43              0.81               0.005                 
242               1000000.0     550             10         17.15             2.43              0.81               0.0025                
243               1000000.0     555             1.8        17.15             2.43              0.81               0.02                  
244               1000000.0     555             5          17.15             2.43              0.81               0.005                 
245               1000000.0     555             10         17.15             2.43              0.81               0.0025                
246               1000000.0     560             1.8        17.15             2.43              0.81               0.02                  
247               1000000.0     560             5          17.15             2.43              0.81               0.005                 
248               1000000.0     560             10         17.15             2.43              0.81               0.0025                
249               1000000.0     565             1.8        17.15             2.43              0.81               0.02                  
250               1000000.0     565             5          17.15             2.43              0.81               0.005                 
251               1000000.0     565             10         17.15             2.43              0.81               0.0025                
252               1000000.0     570             1.8        17.15             2.43              0.81               0.02                  
253               1000000.0     570             5          17.15             2.43              0.81               0.005                 
254               1000000.0     570             10         17.15             2.43              0.81               0.0025                
255               1000000.0     575             1.8        17.15             2.43              0.81               0.02                  
256               1000000.0     575             5          17.15             2.43              0.81               0.005                 
257               1000000.0     575             10         17.15             2.43              0.81               0.0025                
258               1000000.0     580             1.8        17.15             2.43              0.81               0.02                  
259               1000000.0     580             5          17.15             2.43              0.81               0.005                 
260               1000000.0     580             10         17.15             2.43              0.81               0.0025                
261               1000000.0     585             1.8        17.15             2.43              0.81               0.02                  
262               1000000.0     585             5          17.15             2.43              0.81               0.005                 
263               1000000.0     585             10         17.15             2.43              0.81               0.0025                
264               1000000.0     590             1.8        17.15             2.43              0.81               0.02                  
265               1000000.0     590             5          17.15             2.43              0.81               0.005                 
266               1000000.0     590             10         17.15             2.43              0.81               0.0025                
267               1000000.0     595             1.8        17.15             2.43              0.81               0.02                  
268               1000000.0     595             5          17.15             2.43              0.81               0.005                 
269               1000000.0     595             10         17.15             2.43              0.81               0.0025                
270               1000000.0     600             1.8        17.15             2.43              0.81               0.02                  
271               1000000.0     600             5          17.15             2.43              0.81               0.005                 
272               1000000.0     600             10         17.15             2.43              0.81               0.0025                
273               1000000.0     605             1.8        17.15             2.43              0.81               0.02                  
274               1000000.0     605             5          17.15             2.43              0.81               0.005                 
275               1000000.0     605             10         17.15             2.43              0.81               0.0025                
276               1000000.0     610             1.8        17.15             2.43              0.81               0.02                  
277               1000000.0     610             5          17.15             2.43              0.81               0.005                 
278               1000000.0     610             10         17.15             2.43              0.81               0.0025                
279               1000000.0     615             1.8        17.15             2.43              0.81               0.02                  
280               1000000.0     615             5          17.15             2.43              0.81               0.005                 
281               1000000.0     615             10         17.15             2.43              0.81               0.0025                
282               1000000.0     620             1.8        17.15             2.43              0.81               0.02                  
283               1000000.0     620             5          17.15             2.43              0.81               0.005                 
284               1000000.0     620             10         17.15             2.43              0.81               0.0025                
285               1000000.0     625             1.8        17.15             2.43              0.81               0.02                  
286               1000000.0     625             5          17.15             2.43              0.81               0.005                 
287               1000000.0     625             10         17.15             2.43              0.81               0.0025                
288               1000000.0     630             1.8        17.15             2.43              0.81               0.02                  
289               1000000.0     630             5          17.15             2.43              0.81               0.005                 
290               1000000.0     630             10         17.15             2.43              0.81               0.0025                
291               1000000.0     635             1.8        17.15             2.43              0.81               0.02                  
292               1000000.0     635             5          17.15             2.43              0.81               0.005                 
293               1000000.0     635             10         17.15             2.43              0.81               0.0025                
294               1000000.0     640             1.8        17.15             2.43              0.81               0.02                  
295               1000000.0     640             5          17.15             2.43              0.81               0.005                 
296               1000000.0     640             10         17.15             2.43              0.81               0.0025                
297               1000000.0     645             1.8        17.15             2.43              0.81               0.02                  
298               1000000.0     645             5          17.15             2.43              0.81               0.005                 
299               1000000.0     645             10         17.15             2.43              0.81               0.0025                
300               1000000.0     650             1.8        17.15             2.43              0.81               0.02                  
301               1000000.0     650             5          17.15             2.43              0.81               0.005                 
302               1000000.0     650             10         17.15             2.43              0.81               0.0025                
303               1000000.0     655             1.8        17.15             2.43              0.81               0.02                  
304               1000000.0     655             5          17.15             2.43              0.81               0.005                 
305               1000000.0     655             10         17.15             2.43              0.81               0.0025                
306               1000000.0     660             1.8        17.15             2.43              0.81               0.02                  
307               1000000.0     660             5          17.15             2.43              0.81               0.005                 
308               1000000.0     660             10         17.15             2.43              0.81               0.0025                
309               1000000.0     665             1.8        17.15             2.43              0.81               0.02                  
310               1000000.0     665             5          17.15             2.43              0.81               0.005                 
311               1000000.0     665             10         17.15             2.43              0.81               0.0025                
312               1000000.0     670             1.8        17.15             2.43              0.81               0.02                  
313               1000000.0     670             5          17.15             2.43              0.81               0.005                 
314               1000000.0     670             10         17.15             2.43              0.81               0.0025                
315               1000000.0     675             1.8        17.15             2.43              0.81               0.02                  
316               1000000.0     675             5          17.15             2.43              0.81               0.005                 
317               1000000.0     675             10         17.15             2.43              0.81               0.0025                
318               1000000.0     680             1.8        17.15             2.43              0.81               0.02                  
319               1000000.0     680             5          17.15             2.43              0.81               0.005                 
320               1000000.0     680             10         17.15             2.43              0.81               0.0025                
321               1000000.0     685             1.8        17.15             2.43              0.81               0.02                  
322               1000000.0     685             5          17.15             2.43              0.81               0.005                 
323               1000000.0     685             10         17.15             2.43              0.81               0.0025                
324               1000000.0     690             1.8        17.15             2.43              0.81               0.02                  
325               1000000.0     690             5          17.15             2.43              0.81               0.005                 
326               1000000.0     690             10         17.15             2.43              0.81               0.0025                
327               1000000.0     695             1.8        17.15             2.43              0.81               0.02                  
328               1000000.0     695             5          17.15             2.43              0.81               0.005                 
329               1000000.0     695             10         17.15             2.43              0.81               0.0025                
330               1000000.0     700             1.8        17.15             2.43              0.81               0.02                  
331               1000000.0     700             5          17.15             2.43              0.81               0.005                 
332               1000000.0     700             10         17.15             2.43              0.81               0.0025                
333               1000000.0     705             1.8        17.15             2.43              0.81               0.02                  
334               1000000.0     705             5          17.15             2.43              0.81               0.005                 
335               1000000.0     705             10         17.15             2.43              0.81               0.0025                
336               1000000.0     710             1.8        17.15             2.43              0.81               0.02                  
337               1000000.0     710             5          17.15             2.43              0.81               0.005                 
338               1000000.0     710             10         17.15             2.43              0.81               0.0025                
339               1000000.0     715             1.8        17.15             2.43              0.81               0.02                  
340               1000000.0     715             5          17.15             2.43              0.81               0.005                 
341               1000000.0     715             10         17.15             2.43              0.81               0.0025                
342               1000000.0     720             1.8        17.15             2.43              0.81               0.02                  
343               1000000.0     720             5          17.15             2.43              0.81               0.005                 
344               1000000.0     720             10         17.15             2.43              0.81               0.0025                
345               1000000.0     725             1.8        17.15             2.43              0.81               0.02                  
346               1000000.0     725             5          17.15             2.43              0.81               0.005                 
347               1000000.0     725             10         17.15             2.43              0.81               0.0025                
348               1000000.0     730             1.8        17.15             2.43              0.81               0.02                  
349               1000000.0     730             5          17.15             2.43              0.81               0.005                 
350               1000000.0     730             10         17.15             2.43              0.81               0.0025                
351               1000000.0     735             1.8        17.15             2.43              0.81               0.02                  
352               1000000.0     735             5          17.15             2.43              0.81               0.005                 
353               1000000.0     735             10         17.15             2.43              0.81               0.0025                
354               1000000.0     740             1.8        17.15             2.43              0.81               0.02                  
355               1000000.0     740             5          17.15             2.43              0.81               0.005                 
356               1000000.0     740             10         17.15             2.43              0.81               0.0025                
357               1000000.0     745             1.8        17.15             2.43              0.81               0.02                  
358               1000000.0     745             5          17.15             2.43              0.81               0.005                 
359               1000000.0     745             10         17.15             2.43              0.81               0.0025                
360               1000000.0     750             1.8        17.15             2.43              0.81               0.02                  
361               1000000.0     750             5          17.15             2.43              0.81               0.005                 
362               1000000.0     750             10         17.15             2.43              0.81               0.0025                
363               1000000.0     755             1.8        17.15             2.43              0.81               0.02                  
364               1000000.0     755             5          17.15             2.43              0.81               0.005                 
365               1000000.0     755             10         17.15             2.43              0.81               0.0025                
366               1000000.0     760             1.8        17.15             2.43              0.81               0.02                  
367               1000000.0     760             5          17.15             2.43              0.81               0.005                 
368               1000000.0     760             10         17.15             2.43              0.81               0.0025                
369               1000000.0     765             1.8        17.15             2.43              0.81               0.02                  
370               1000000.0     765             5          17.15             2.43              0.81               0.005                 
371               1000000.0     765             10         17.15             2.43              0.81               0.0025                
372               1000000.0     770             1.8        17.15             2.43              0.81               0.02                  
373               1000000.0     770             5          17.15             2.43              0.81               0.005                 
374               1000000.0     770             10         17.15             2.43              0.81               0.0025                
375               1000000.0     775             1.8        17.15             2.43              0.81               0.02                  
376               1000000.0     775             5          17.15             2.43              0.81               0.005                 
377               1000000.0     775             10         17.15             2.43              0.81               0.0025                
378               1000000.0     780             1.8        17.15             2.43              0.81               0.02                  
379               1000000.0     780             5          17.15             2.43              0.81               0.005                 
380               1000000.0     780             10         17.15             2.43              0.81               0.0025                
381               1000000.0     785             1.8        17.15             2.43              0.81               0.02                  
382               1000000.0     785             5          17.15             2.43              0.81               0.005                 
383               1000000.0     785             10         17.15             2.43              0.81               0.0025                
384               1000000.0     790             1.8        17.15             2.43              0.81               0.02                  
385               1000000.0     790             5          17.15             2.43              0.81               0.005                 
386               1000000.0     790             10         17.15             2.43              0.81               0.0025                
387               1000000.0     795             1.8        17.15             2.43              0.81               0.02                  
388               1000000.0     795             5          17.15             2.43              0.81               0.005                 
389               1000000.0     795             10         17.15             2.43              0.81               0.0025                
390               1000000.0     800             1.8        17.15             2.43              0.81               0.02                  
391               1000000.0     800             5          17.15             2.43              0.81               0.005                 
392               1000000.0     800             10         17.15             2.43              0.81               0.0025                
393               1000000.0     805             1.8        17.15             2.43              0.81               0.02                  
394               1000000.0     805             5          17.15             2.43              0.81               0.005                 
395               1000000.0     805             10         17.15             2.43              0.81               0.0025                
396               1000000.0     810             1.8        17.15             2.43              0.81               0.02                  
397               1000000.0     810             5          17.15             2.43              0.81               0.005                 
398               1000000.0     810             10         17.15             2.43              0.81               0.0025                
399               1000000.0     815             1.8        17.15             2.43              0.81               0.02                  
400               1000000.0     815             5          17.15             2.43              0.81               0.005                 
401               1000000.0     815             10         17.15             2.43              0.81               0.0025                
402               1000000.0     820             1.8        17.15             2.43              0.81               0.02                  
403               1000000.0     820             5          17.15             2.43              0.81               0.005                 
404               1000000.0     820             10         17.15             2.43              0.81               0.0025                
405               1000000.0     825             1.8        17.15             2.43              0.81               0.02                  
406               1000000.0     825             5          17.15             2.43              0.81               0.005                 
407               1000000.0     825             10         17.15             2.43              0.81               0.0025                
408               1000000.0     830             1.8        17.15             2.43              0.81               0.02                  
409               1000000.0     830             5          17.15             2.43              0.81               0.005                 
410               1000000.0     830             10         17.15             2.43              0.81               0.0025                
411               1000000.0     835             1.8        17.15             2.43              0.81               0.02                  
412               1000000.0     835             5          17.15             2.43              0.81               0.005                 
413               1000000.0     835             10         17.15             2.43              0.81               0.0025                
414               1000000.0     840             1.8        17.15             2.43              0.81               0.02                  
415               1000000.0     840             5          17.15             2.43              0.81               0.005                 
416               1000000.0     840             10         17.15             2.43              0.81               0.0025                
417               1000000.0     845             1.8        17.15             2.43              0.81               0.02                  
418               1000000.0     845             5          17.15             2.43              0.81               0.005                 
419               1000000.0     845             10         17.15             2.43              0.81               0.0025                
420               1000000.0     850             1.8        17.15             2.43              0.81               0.02                  
421               1000000.0     850             5          17.15             2.43              0.81               0.005                 
422               1000000.0     850             10         17.15             2.43              0.81               0.0025                
423               1000000.0     855             1.8        17.15             2.43              0.81               0.02                  
424               1000000.0     855             5          17.15             2.43              0.81               0.005                 
425               1000000.0     855             10         17.15             2.43              0.81               0.0025                
426               1000000.0     860             1.8        17.15             2.43              0.81               0.02                  
427               1000000.0     860             5          17.15             2.43              0.81               0.005                 
428               1000000.0     860             10         17.15             2.43              0.81               0.0025                
429               1000000.0     865             1.8        17.15             2.43              0.81               0.02                  
430               1000000.0     865             5          17.15             2.43              0.81               0.005                 
431               1000000.0     865             10         17.15             2.43              0.81               0.0025                
432               1000000.0     870             1.8        17.15             2.43              0.81               0.02                  
433               1000000.0     870             5          17.15             2.43              0.81               0.005                 
434               1000000.0     870             10         17.15             2.43              0.81               0.0025                
435               1000000.0     875             1.8        17.15             2.43              0.81               0.02                  
436               1000000.0     875             5          17.15             2.43              0.81               0.005                 
437               1000000.0     875             10         17.15             2.43              0.81               0.0025                
438               1000000.0     880             1.8        17.15             2.43              0.81               0.02                  
439               1000000.0     880             5          17.15             2.43              0.81               0.005                 
440               1000000.0     880             10         17.15             2.43              0.81               0.0025                
441               1000000.0     885             1.8        17.15             2.43              0.81               0.02                  
442               1000000.0     885             5          17.15             2.43              0.81               0.005                 
443               1000000.0     885             10         17.15             2.43              0.81               0.0025                
444               1000000.0     890             1.8        17.15             2.43              0.81               0.02                  
445               1000000.0     890             5          17.15             2.43              0.81               0.005                 
446               1000000.0     890             10         17.15             2.43              0.81               0.0025                
447               1000000.0     895             1.8        17.15             2.43              0.81               0.02                  
448               1000000.0     895             5          17.15             2.43              0.81               0.005                 
449               1000000.0     895             10         17.15             2.43              0.81               0.0025                
450               1000000.0     900             1.8        17.15             2.43              0.81               0.02                  
451               1000000.0     900             5          17.15             2.43              0.81               0.005                 
452               1000000.0     900             10         17.15             2.43              0.81               0.0025                
453               1000000.0     905             1.8        17.15             2.43              0.81               0.02                  
454               1000000.0     905             5          17.15             2.43              0.81               0.005                 
455               1000000.0     905             10         17.15             2.43              0.81               0.0025                
456               1000000.0     910             1.8        17.15             2.43              0.81               0.02                  
457               1000000.0     910             5          17.15             2.43              0.81               0.005                 
458               1000000.0     910             10         17.15             2.43              0.81               0.0025                
459               1000000.0     915             1.8        17.15             2.43              0.81               0.02                  
460               1000000.0     915             5          17.15             2.43              0.81               0.005                 
461               1000000.0     915             10         17.15             2.43              0.81               0.0025                
462               1000000.0     920             1.8        17.15             2.43              0.81               0.02                  
463               1000000.0     920             5          17.15             2.43              0.81               0.005                 
464               1000000.0     920             10         17.15             2.43              0.81               0.0025                
465               1000000.0     925             1.8        17.15             2.43              0.81               0.02                  
466               1000000.0     925             5          17.15             2.43              0.81               0.005                 
467               1000000.0     925             10         17.15             2.43              0.81               0.0025                
468               1000000.0     930             1.8        17.15             2.43              0.81               0.02                  
469               1000000.0     930             5          17.15             2.43              0.81               0.005                 
470               1000000.0     930             10         17.15             2.43              0.81               0.0025                
471               1000000.0     935             1.8        17.15             2.43              0.81               0.02                  
472               1000000.0     935             5          17.15             2.43              0.81               0.005                 
473               1000000.0     935             10         17.15             2.43              0.81               0.0025                
474               1000000.0     940             1.8        17.15             2.43              0.81               0.02                  
475               1000000.0     940             5          17.15             2.43              0.81               0.005                 
476               1000000.0     940             10         17.15             2.43              0.81               0.0025                
477               1000000.0     945             1.8        17.15             2.43              0.81               0.02                  
478               1000000.0     945             5          17.15             2.43              0.81               0.005                 
479               1000000.0     945             10         17.15             2.43              0.81               0.0025                
480               1000000.0     950             1.8        17.15             2.43              0.81               0.02                  
481               1000000.0     950             5          17.15             2.43              0.81               0.005                 
482               1000000.0     950             10         17.15             2.43              0.81               0.0025                
483               1000000.0     955             1.8        17.15             2.43              0.81               0.02                  
484               1000000.0     955             5          17.15             2.43              0.81               0.005                 
485               1000000.0     955             10         17.15             2.43              0.81               0.0025                
486               1000000.0     960             1.8        17.15             2.43              0.81               0.02                  
487               1000000.0     960             5          17.15             2.43              0.81               0.005                 
488               1000000.0     960             10         17.15             2.43              0.81               0.0025                
489               1000000.0     965             1.8        17.15             2.43              0.81               0.02                  
490               1000000.0     965             5          17.15             2.43              0.81               0.005                 
491               1000000.0     965             10         17.15             2.43              0.81               0.0025                
492               1000000.0     970             1.8        17.15             2.43              0.81               0.02                  
493               1000000.0     970             5          17.15             2.43              0.81               0.005                 
494               1000000.0     970             10         17.15             2.43              0.81               0.0025                
495               1000000.0     975             1.8        17.15             2.43              0.81               0.02                  
496               1000000.0     975             5          17.15             2.43              0.81               0.005                 
497               1000000.0     975             10         17.15             2.43              0.81               0.0025                
498               1000000.0     980             1.8        17.15             2.43              0.81               0.02                  
499               1000000.0     980             5          17.15             2.43              0.81               0.005                 
500               1000000.0     980             10         17.15             2.43              0.81               0.0025                
501               1000000.0     985             1.8        17.15             2.43              0.81               0.02                  
502               1000000.0     985             5          17.15             2.43              0.81               0.005                 
503               1000000.0     985             10         17.15             2.43              0.81               0.0025                
504               1000000.0     990             1.8        17.15             2.43              0.81               0.02                  
505               1000000.0     990             5          17.15             2.43              0.81               0.005                 
506               1000000.0     990             10         17.15             2.43              0.81               0.0025                
507               1000000.0     995             1.8        17.15             2.43              0.81               0.02                  
508               1000000.0     995             5          17.15             2.43              0.81               0.005                 
509               1000000.0     995             10         17.15             2.43              0.81               0.0025                
510               1000000.0     1000            1.8        17.15             2.43              0.81               0.02                  
511               1000000.0     1000            5          17.15             2.43              0.81               0.005                 
512               1000000.0     1000            10         17.15             2.43              0.81               0.0025                
513               1000000.0     1005            1.8        17.15             2.43              0.81               0.02                  
514               1000000.0     1005            5          17.15             2.43              0.81               0.005                 
515               1000000.0     1005            10         17.15             2.43              0.81               0.0025                
516               1000000.0     1010            1.8        17.15             2.43              0.81               0.02                  
517               1000000.0     1010            5          17.15             2.43              0.81               0.005                 
518               1000000.0     1010            10         17.15             2.43              0.81               0.0025                
519               1000000.0     1015            1.8        17.15             2.43              0.81               0.02                  
520               1000000.0     1015            5          17.15             2.43              0.81               0.005                 
521               1000000.0     1015            10         17.15             2.43              0.81               0.0025                
522               1000000.0     1020            1.8        17.15             2.43              0.81               0.02                  
523               1000000.0     1020            5          17.15             2.43              0.81               0.005                 
524               1000000.0     1020            10         17.15             2.43              0.81               0.0025                
525               1000000.0     1025            1.8        17.15             2.43              0.81               0.02                  
526               1000000.0     1025            5          17.15             2.43              0.81               0.005                 
527               1000000.0     1025            10         17.15             2.43              0.81               0.0025                
528               1000000.0     1030            1.8        17.15             2.43              0.81               0.02                  
529               1000000.0     1030            5          17.15             2.43              0.81               0.005                 
530               1000000.0     1030            10         17.15             2.43              0.81               0.0025                
531               1000000.0     1035            1.8        17.15             2.43              0.81               0.02                  
532               1000000.0     1035            5          17.15             2.43              0.81               0.005                 
533               1000000.0     1035            10         17.15             2.43              0.81               0.0025                
534               1000000.0     1040            1.8        17.15             2.43              0.81               0.02                  
535               1000000.0     1040            5          17.15             2.43              0.81               0.005                 
536               1000000.0     1040            10         17.15             2.43              0.81               0.0025                
537               1000000.0     1045            1.8        17.15             2.43              0.81               0.02                  
538               1000000.0     1045            5          17.15             2.43              0.81               0.005                 
539               1000000.0     1045            10         17.15             2.43              0.81               0.0025                
540               1000000.0     1050            1.8        17.15             2.43              0.81               0.02                  
541               1000000.0     1050            5          17.15             2.43              0.81               0.005                 
542               1000000.0     1050            10         17.15             2.43              0.81               0.0025                
543               1000000.0     1055            1.8        17.15             2.43              0.81               0.02                  
544               1000000.0     1055            5          17.15             2.43              0.81               0.005                 
545               1000000.0     1055            10         17.15             2.43              0.81               0.0025                
546               1000000.0     1060            1.8        17.15             2.43              0.81               0.02                  
547               1000000.0     1060            5          17.15             2.43              0.81               0.005                 
548               1000000.0     1060            10         17.15             2.43              0.81               0.0025                
549               1000000.0     1065            1.8        17.15             2.43              0.81               0.02                  
550               1000000.0     1065            5          17.15             2.43              0.81               0.005                 
551               1000000.0     1065            10         17.15             2.43              0.81               0.0025                
552               1000000.0     1070            1.8        17.15             2.43              0.81               0.02                  
553               1000000.0     1070            5          17.15             2.43              0.81               0.005                 
554               1000000.0     1070            10         17.15             2.43              0.81               0.0025                
555               1000000.0     1075            1.8        17.15             2.43              0.81               0.02                  
556               1000000.0     1075            5          17.15             2.43              0.81               0.005                 
557               1000000.0     1075            10         17.15             2.43              0.81               0.0025                
558               1000000.0     1080            1.8        17.15             2.43              0.81               0.02                  
559               1000000.0     1080            5          17.15             2.43              0.81               0.005                 
560               1000000.0     1080            10         17.15             2.43              0.81               0.0025                
561               1000000.0     1085            1.8        17.15             2.43              0.81               0.02                  
562               1000000.0     1085            5          17.15             2.43              0.81               0.005                 
563               1000000.0     1085            10         17.15             2.43              0.81               0.0025                
564               1000000.0     1090            1.8        17.15             2.43              0.81               0.02                  
565               1000000.0     1090            5          17.15             2.43              0.81               0.005                 
566               1000000.0     1090            10         17.15             2.43              0.81               0.0025                
567               1000000.0     1095            1.8        17.15             2.43              0.81               0.02                  
568               1000000.0     1095            5          17.15             2.43              0.81               0.005                 
569               1000000.0     1095            10         17.15             2.43              0.81               0.0025                
570               1000000.0     1100            1.8        17.15             2.43              0.81               0.02                  
571               1000000.0     1100            5          17.15             2.43              0.81               0.005                 
572               1000000.0     1100            10         17.15             2.43              0.81               0.0025                
573               1000000.0     1105            1.8        17.15             2.43              0.81               0.02                  
574               1000000.0     1105            5          17.15             2.43              0.81               0.005                 
575               1000000.0     1105            10         17.15             2.43              0.81               0.0025                
576               1000000.0     1110            1.8        17.15             2.43              0.81               0.02                  
577               1000000.0     1110            5          17.15             2.43              0.81               0.005                 
578               1000000.0     1110            10         17.15             2.43              0.81               0.0025                
579               1000000.0     1115            1.8        17.15             2.43              0.81               0.02                  
580               1000000.0     1115            5          17.15             2.43              0.81               0.005                 
581               1000000.0     1115            10         17.15             2.43              0.81               0.0025                
582               1000000.0     1120            1.8        17.15             2.43              0.81               0.02                  
583               1000000.0     1120            5          17.15             2.43              0.81               0.005                 
584               1000000.0     1120            10         17.15             2.43              0.81               0.0025                
585               1000000.0     1125            1.8        17.15             2.43              0.81               0.02                  
586               1000000.0     1125            5          17.15             2.43              0.81               0.005                 
587               1000000.0     1125            10         17.15             2.43              0.81               0.0025                
588               1000000.0     1130            1.8        17.15             2.43              0.81               0.02                  
589               1000000.0     1130            5          17.15             2.43              0.81               0.005                 
590               1000000.0     1130            10         17.15             2.43              0.81               0.0025                
591               1000000.0     1135            1.8        17.15             2.43              0.81               0.02                  
592               1000000.0     1135            5          17.15             2.43              0.81               0.005                 
593               1000000.0     1135            10         17.15             2.43              0.81               0.0025                
594               1000000.0     1140            1.8        17.15             2.43              0.81               0.02                  
595               1000000.0     1140            5          17.15             2.43              0.81               0.005                 
596               1000000.0     1140            10         17.15             2.43              0.81               0.0025                
597               1000000.0     1145            1.8        17.15             2.43              0.81               0.02                  
598               1000000.0     1145            5          17.15             2.43              0.81               0.005                 
599               1000000.0     1145            10         17.15             2.43              0.81               0.0025                
600               1000000.0     1150            1.8        17.15             2.43              0.81               0.02                  
601               1000000.0     1150            5          17.15             2.43              0.81               0.005                 
602               1000000.0     1150            10         17.15             2.43              0.81               0.0025                
603               1000000.0     1155            1.8        17.15             2.43              0.81               0.02                  
604               1000000.0     1155            5          17.15             2.43              0.81               0.005                 
605               1000000.0     1155            10         17.15             2.43              0.81               0.0025                
606               1000000.0     1160            1.8        17.15             2.43              0.81               0.02                  
607               1000000.0     1160            5          17.15             2.43              0.81               0.005                 
608               1000000.0     1160            10         17.15             2.43              0.81               0.0025                
609               1000000.0     1165            1.8        17.15             2.43              0.81               0.02                  
610               1000000.0     1165            5          17.15             2.43              0.81               0.005                 
611               1000000.0     1165            10         17.15             2.43              0.81               0.0025                
612               1000000.0     1170            1.8        17.15             2.43              0.81               0.02                  
613               1000000.0     1170            5          17.15             2.43              0.81               0.005                 
614               1000000.0     1170            10         17.15             2.43              0.81               0.0025                
615               1000000.0     1175            1.8        17.15             2.43              0.81               0.02                  
616               1000000.0     1175            5          17.15             2.43              0.81               0.005                 
617               1000000.0     1175            10         17.15             2.43              0.81               0.0025                
618               1000000.0     1180            1.8        17.15             2.43              0.81               0.02                  
619               1000000.0     1180            5          17.15             2.43              0.81               0.005                 
620               1000000.0     1180            10         17.15             2.43              0.81               0.0025                
621               1000000.0     1185            1.8        17.15             2.43              0.81               0.02                  
622               1000000.0     1185            5          17.15             2.43              0.81               0.005                 
623               1000000.0     1185            10         17.15             2.43              0.81               0.0025                
624               1000000.0     1190            1.8        17.15             2.43              0.81               0.02                  
625               1000000.0     1190            5          17.15             2.43              0.81               0.005                 
626               1000000.0     1190            10         17.15             2.43              0.81               0.0025                
627               1000000.0     1195            1.8        17.15             2.43              0.81               0.02                  
628               1000000.0     1195            5          17.15             2.43              0.81               0.005                 
629               1000000.0     1195            10         17.15             2.43              0.81               0.0025                
630               1000000.0     1200            1.8        17.15             2.43              0.81               0.02                  
631               1000000.0     1200            5          17.15             2.43              0.81               0.005                 
632               1000000.0     1200            10         17.15             2.43              0.81               0.0025                
633               1000000.0     1205            1.8        17.15             2.43              0.81               0.02                  
634               1000000.0     1205            5          17.15             2.43              0.81               0.005                 
635               1000000.0     1205            10         17.15             2.43              0.81               0.0025                
636               1000000.0     1210            1.8        17.15             2.43              0.81               0.02                  
637               1000000.0     1210            5          17.15             2.43              0.81               0.005                 
638               1000000.0     1210            10         17.15             2.43              0.81               0.0025                
639               1000000.0     1215            1.8        17.15             2.43              0.81               0.02                  
640               1000000.0     1215            5          17.15             2.43              0.81               0.005                 
641               1000000.0     1215            10         17.15             2.43              0.81               0.0025                
642               1000000.0     1220            1.8        17.15             2.43              0.81               0.02                  
643               1000000.0     1220            5          17.15             2.43              0.81               0.005                 
644               1000000.0     1220            10         17.15             2.43              0.81               0.0025                
645               1000000.0     1225            1.8        17.15             2.43              0.81               0.02                  
646               1000000.0     1225            5          17.15             2.43              0.81               0.005                 
647               1000000.0     1225            10         17.15             2.43              0.81               0.0025                
648               1000000.0     1230            1.8        17.15             2.43              0.81               0.02                  
649               1000000.0     1230            5          17.15             2.43              0.81               0.005                 
650               1000000.0     1230            10         17.15             2.43              0.81               0.0025                
651               1000000.0     1235            1.8        17.15             2.43              0.81               0.02                  
652               1000000.0     1235            5          17.15             2.43              0.81               0.005                 
653               1000000.0     1235            10         17.15             2.43              0.81               0.0025                
654               1000000.0     1240            1.8        17.15             2.43              0.81               0.02                  
655               1000000.0     1240            5          17.15             2.43              0.81               0.005                 
656               1000000.0     1240            10         17.15             2.43              0.81               0.0025                
657               1000000.0     1245            1.8        17.15             2.43              0.81               0.02                  
658               1000000.0     1245            5          17.15             2.43              0.81               0.005                 
659               1000000.0     1245            10         17.15             2.43              0.81               0.0025                
660               1000000.0     1250            1.8        17.15             2.43              0.81               0.02                  
661               1000000.0     1250            5          17.15             2.43              0.81               0.005                 
662               1000000.0     1250            10         17.15             2.43              0.81               0.0025                
663               1000000.0     1255            1.8        17.15             2.43              0.81               0.02                  
664               1000000.0     1255            5          17.15             2.43              0.81               0.005                 
665               1000000.0     1255            10         17.15             2.43              0.81               0.0025                
666               1000000.0     1260            1.8        17.15             2.43              0.81               0.02                  
667               1000000.0     1260            5          17.15             2.43              0.81               0.005                 
668               1000000.0     1260            10         17.15             2.43              0.81               0.0025                
669               1000000.0     1265            1.8        17.15             2.43              0.81               0.02                  
670               1000000.0     1265            5          17.15             2.43              0.81               0.005                 
671               1000000.0     1265            10         17.15             2.43              0.81               0.0025                
672               1000000.0     1270            1.8        17.15             2.43              0.81               0.02                  
673               1000000.0     1270            5          17.15             2.43              0.81               0.005                 
674               1000000.0     1270            10         17.15             2.43              0.81               0.0025                
675               1000000.0     1275            1.8        17.15             2.43              0.81               0.02                  
676               1000000.0     1275            5          17.15             2.43              0.81               0.005                 
677               1000000.0     1275            10         17.15             2.43              0.81               0.0025                
678               1000000.0     1280            1.8        17.15             2.43              0.81               0.02                  
679               1000000.0     1280            5          17.15             2.43              0.81               0.005                 
680               1000000.0     1280            10         17.15             2.43              0.81               0.0025                
681               1000000.0     1285            1.8        17.15             2.43              0.81               0.02                  
682               1000000.0     1285            5          17.15             2.43              0.81               0.005                 
683               1000000.0     1285            10         17.15             2.43              0.81               0.0025                
684               1000000.0     1290            1.8        17.15             2.43              0.81               0.02                  
685               1000000.0     1290            5          17.15             2.43              0.81               0.005                 
686               1000000.0     1290            10         17.15             2.43              0.81               0.0025                
687               1000000.0     1295            1.8        17.15             2.43              0.81               0.02                  
688               1000000.0     1295            5          17.15             2.43              0.81               0.005                 
689               1000000.0     1295            10         17.15             2.43              0.81               0.0025                
690               1000000.0     1300            1.8        17.15             2.43              0.81               0.02                  
691               1000000.0     1300            5          17.15             2.43              0.81               0.005                 
692               1000000.0     1300            10         17.15             2.43              0.81               0.0025                
693               1000000.0     1305            1.8        17.15             2.43              0.81               0.02                  
694               1000000.0     1305            5          17.15             2.43              0.81               0.005                 
695               1000000.0     1305            10         17.15             2.43              0.81               0.0025                
696               1000000.0     1310            1.8        17.15             2.43              0.81               0.02                  
697               1000000.0     1310            5          17.15             2.43              0.81               0.005                 
698               1000000.0     1310            10         17.15             2.43              0.81               0.0025                
699               1000000.0     1315            1.8        17.15             2.43              0.81               0.02                  
700               1000000.0     1315            5          17.15             2.43              0.81               0.005                 
701               1000000.0     1315            10         17.15             2.43              0.81               0.0025                
702               1000000.0     1320            1.8        17.15             2.43              0.81               0.02                  
703               1000000.0     1320            5          17.15             2.43              0.81               0.005                 
704               1000000.0     1320            10         17.15             2.43              0.81               0.0025                
705               1000000.0     1325            1.8        17.15             2.43              0.81               0.02                  
706               1000000.0     1325            5          17.15             2.43              0.81               0.005                 
707               1000000.0     1325            10         17.15             2.43              0.81               0.0025                
708               1000000.0     1330            1.8        17.15             2.43              0.81               0.02                  
709               1000000.0     1330            5          17.15             2.43              0.81               0.005                 
710               1000000.0     1330            10         17.15             2.43              0.81               0.0025                
711               1000000.0     1335            1.8        17.15             2.43              0.81               0.02                  
712               1000000.0     1335            5          17.15             2.43              0.81               0.005                 
713               1000000.0     1335            10         17.15             2.43              0.81               0.0025                
714               1000000.0     1340            1.8        17.15             2.43              0.81               0.02                  
715               1000000.0     1340            5          17.15             2.43              0.81               0.005                 
716               1000000.0     1340            10         17.15             2.43              0.81               0.0025                
717               1000000.0     1345            1.8        17.15             2.43              0.81               0.02                  
718               1000000.0     1345            5          17.15             2.43              0.81               0.005                 
719               1000000.0     1345            10         17.15             2.43              0.81               0.0025                
720               1000000.0     1350            1.8        17.15             2.43              0.81               0.02                  
721               1000000.0     1350            5          17.15             2.43              0.81               0.005                 
722               1000000.0     1350            10         17.15             2.43              0.81               0.0025                
723               1000000.0     1355            1.8        17.15             2.43              0.81               0.02                  
724               1000000.0     1355            5          17.15             2.43              0.81               0.005                 
725               1000000.0     1355            10         17.15             2.43              0.81               0.0025                
726               1000000.0     1360            1.8        17.15             2.43              0.81               0.02                  
727               1000000.0     1360            5          17.15             2.43              0.81               0.005                 
728               1000000.0     1360            10         17.15             2.43              0.81               0.0025                
729               1000000.0     1365            1.8        17.15             2.43              0.81               0.02                  
730               1000000.0     1365            5          17.15             2.43              0.81               0.005                 
731               1000000.0     1365            10         17.15             2.43              0.81               0.0025                
732               1000000.0     1370            1.8        17.15             2.43              0.81               0.02                  
733               1000000.0     1370            5          17.15             2.43              0.81               0.005                 
734               1000000.0     1370            10         17.15             2.43              0.81               0.0025                
735               1000000.0     1375            1.8        17.15             2.43              0.81               0.02                  
736               1000000.0     1375            5          17.15             2.43              0.81               0.005                 
737               1000000.0     1375            10         17.15             2.43              0.81               0.0025                
738               1000000.0     1380            1.8        17.15             2.43              0.81               0.02                  
739               1000000.0     1380            5          17.15             2.43              0.81               0.005                 
740               1000000.0     1380            10         17.15             2.43              0.81               0.0025                
741               1000000.0     1385            1.8        17.15             2.43              0.81               0.02                  
742               1000000.0     1385            5          17.15             2.43              0.81               0.005                 
743               1000000.0     1385            10         17.15             2.43              0.81               0.0025                
744               1000000.0     1390            1.8        17.15             2.43              0.81               0.02                  
745               1000000.0     1390            5          17.15             2.43              0.81               0.005                 
746               1000000.0     1390            10         17.15             2.43              0.81               0.0025                
747               1000000.0     1395            1.8        17.15             2.43              0.81               0.02                  
748               1000000.0     1395            5          17.15             2.43              0.81               0.005                 
749               1000000.0     1395            10         17.15             2.43              0.81               0.0025                
750               1000000.0     1400            1.8        17.15             2.43              0.81               0.02                  
751               1000000.0     1400            5          17.15             2.43              0.81               0.005                 
752               1000000.0     1400            10         17.15             2.43              0.81               0.0025                
753               1000000.0     1405            1.8        17.15             2.43              0.81               0.02                  
754               1000000.0     1405            5          17.15             2.43              0.81               0.005                 
755               1000000.0     1405            10         17.15             2.43              0.81               0.0025                
756               1000000.0     1410            1.8        17.15             2.43              0.81               0.02                  
757               1000000.0     1410            5          17.15             2.43              0.81               0.005                 
758               1000000.0     1410            10         17.15             2.43              0.81               0.0025                
759               1000000.0     1415            1.8        17.15             2.43              0.81               0.02                  
760               1000000.0     1415            5          17.15             2.43              0.81               0.005                 
761               1000000.0     1415            10         17.15             2.43              0.81               0.0025                
762               1000000.0     1420            1.8        17.15             2.43              0.81               0.02                  
763               1000000.0     1420            5          17.15             2.43              0.81               0.005                 
764               1000000.0     1420            10         17.15             2.43              0.81               0.0025                
765               1000000.0     1425            1.8        17.15             2.43              0.81               0.02                  
766               1000000.0     1425            5          17.15             2.43              0.81               0.005                 
767               1000000.0     1425            10         17.15             2.43              0.81               0.0025                
768               1000000.0     1430            1.8        17.15             2.43              0.81               0.02                  
769               1000000.0     1430            5          17.15             2.43              0.81               0.005                 
770               1000000.0     1430            10         17.15             2.43              0.81               0.0025                
771               1000000.0     1435            1.8        17.15             2.43              0.81               0.02                  
772               1000000.0     1435            5          17.15             2.43              0.81               0.005                 
773               1000000.0     1435            10         17.15             2.43              0.81               0.0025                
774               1000000.0     1440            1.8        17.15             2.43              0.81               0.02                  
775               1000000.0     1440            5          17.15             2.43              0.81               0.005                 
776               1000000.0     1440            10         17.15             2.43              0.81               0.0025                
777               1000000.0     1445            1.8        17.15             2.43              0.81               0.02                  
778               1000000.0     1445            5          17.15             2.43              0.81               0.005                 
779               1000000.0     1445            10         17.15             2.43              0.81               0.0025                
780               1000000.0     1450            1.8        17.15             2.43              0.81               0.02                  
781               1000000.0     1450            5          17.15             2.43              0.81               0.005                 
782               1000000.0     1450            10         17.15             2.43              0.81               0.0025                
783               1000000.0     1455            1.8        17.15             2.43              0.81               0.02                  
784               1000000.0     1455            5          17.15             2.43              0.81               0.005                 
785               1000000.0     1455            10         17.15             2.43              0.81               0.0025                
786               1000000.0     1460            1.8        17.15             2.43              0.81               0.02                  
787               1000000.0     1460            5          17.15             2.43              0.81               0.005                 
788               1000000.0     1460            10         17.15             2.43              0.81               0.0025                
789               1000000.0     1465            1.8        17.15             2.43              0.81               0.02                  
790               1000000.0     1465            5          17.15             2.43              0.81               0.005                 
791               1000000.0     1465            10         17.15             2.43              0.81               0.0025                
792               1000000.0     1470            1.8        17.15             2.43              0.81               0.02                  
793               1000000.0     1470            5          17.15             2.43              0.81               0.005                 
794               1000000.0     1470            10         17.15             2.43              0.81               0.0025                
795               1000000.0     1475            1.8        17.15             2.43              0.81               0.02                  
796               1000000.0     1475            5          17.15             2.43              0.81               0.005                 
797               1000000.0     1475            10         17.15             2.43              0.81               0.0025                
798               1000000.0     1480            1.8        17.15             2.43              0.81               0.02                  
799               1000000.0     1480            5          17.15             2.43              0.81               0.005                 
800               1000000.0     1480            10         17.15             2.43              0.81               0.0025                
801               1000000.0     1485            1.8        17.15             2.43              0.81               0.02                  
802               1000000.0     1485            5          17.15             2.43              0.81               0.005                 
803               1000000.0     1485            10         17.15             2.43              0.81               0.0025                
804               1000000.0     1490            1.8        17.15             2.43              0.81               0.02                  
805               1000000.0     1490            5          17.15             2.43              0.81               0.005                 
806               1000000.0     1490            10         17.15             2.43              0.81               0.0025                
807               1000000.0     1495            1.8        17.15             2.43              0.81               0.02                  
808               1000000.0     1495            5          17.15             2.43              0.81               0.005                 
809               1000000.0     1495            10         17.15             2.43              0.81               0.0025                
810               1000000.0     1500            1.8        17.15             2.43              0.81               0.02                  
811               1000000.0     1500            5          17.15             2.43              0.81               0.005                 
812               1000000.0     1500            10         17.15             2.43              0.81               0.0025                
813               1000000.0     1505            1.8        17.15             2.43              0.81               0.02                  
814               1000000.0     1505            5          17.15             2.43              0.81               0.005                 
815               1000000.0     1505            10         17.15             2.43              0.81               0.0025                
816               1000000.0     1510            1.8        17.15             2.43              0.81               0.02                  
817               1000000.0     1510            5          17.15             2.43              0.81               0.005                 
818               1000000.0     1510            10         17.15             2.43              0.81               0.0025                
819               1000000.0     1515            1.8        17.15             2.43              0.81               0.02                  
820               1000000.0     1515            5          17.15             2.43              0.81               0.005                 
821               1000000.0     1515            10         17.15             2.43              0.81               0.0025                
822               1000000.0     1520            1.8        17.15             2.43              0.81               0.02                  
823               1000000.0     1520            5          17.15             2.43              0.81               0.005                 
824               1000000.0     1520            10         17.15             2.43              0.81               0.0025                
825               1000000.0     1525            1.8        17.15             2.43              0.81               0.02                  
826               1000000.0     1525            5          17.15             2.43              0.81               0.005                 
827               1000000.0     1525            10         17.15             2.43              0.81               0.0025                
828               1000000.0     1530            1.8        17.15             2.43              0.81               0.02                  
829               1000000.0     1530            5          17.15             2.43              0.81               0.005                 
830               1000000.0     1530            10         17.15             2.43              0.81               0.0025                
831               1000000.0     1535            1.8        17.15             2.43              0.81               0.02                  
832               1000000.0     1535            5          17.15             2.43              0.81               0.005                 
833               1000000.0     1535            10         17.15             2.43              0.81               0.0025                
834               1000000.0     1540            1.8        17.15             2.43              0.81               0.02                  
835               1000000.0     1540            5          17.15             2.43              0.81               0.005                 
836               1000000.0     1540            10         17.15             2.43              0.81               0.0025                
837               1000000.0     1545            1.8        17.15             2.43              0.81               0.02                  
838               1000000.0     1545            5          17.15             2.43              0.81               0.005                 
839               1000000.0     1545            10         17.15             2.43              0.81               0.0025                
840               1000000.0     1550            1.8        17.15             2.43              0.81               0.02                  
841               1000000.0     1550            5          17.15             2.43              0.81               0.005                 
842               1000000.0     1550            10         17.15             2.43              0.81               0.0025                
843               1000000.0     1555            1.8        17.15             2.43              0.81               0.02                  
844               1000000.0     1555            5          17.15             2.43              0.81               0.005                 
845               1000000.0     1555            10         17.15             2.43              0.81               0.0025                
846               1000000.0     1560            1.8        17.15             2.43              0.81               0.02                  
847               1000000.0     1560            5          17.15             2.43              0.81               0.005                 
848               1000000.0     1560            10         17.15             2.43              0.81               0.0025                
849               1000000.0     1565            1.8        17.15             2.43              0.81               0.02                  
850               1000000.0     1565            5          17.15             2.43              0.81               0.005                 
851               1000000.0     1565            10         17.15             2.43              0.81               0.0025                
852               1000000.0     1570            1.8        17.15             2.43              0.81               0.02                  
853               1000000.0     1570            5          17.15             2.43              0.81               0.005                 
854               1000000.0     1570            10         17.15             2.43              0.81               0.0025                
855               1000000.0     1575            1.8        17.15             2.43              0.81               0.02                  
856               1000000.0     1575            5          17.15             2.43              0.81               0.005                 
857               1000000.0     1575            10         17.15             2.43              0.81               0.0025                
858               1000000.0     1580            1.8        17.15             2.43              0.81               0.02                  
859               1000000.0     1580            5          17.15             2.43              0.81               0.005                 
860               1000000.0     1580            10         17.15             2.43              0.81               0.0025                
861               1000000.0     1585            1.8        17.15             2.43              0.81               0.02                  
862               1000000.0     1585            5          17.15             2.43              0.81               0.005                 
863               1000000.0     1585            10         17.15             2.43              0.81               0.0025                
864               1000000.0     1590            1.8        17.15             2.43              0.81               0.02                  
865               1000000.0     1590            5          17.15             2.43              0.81               0.005                 
866               1000000.0     1590            10         17.15             2.43              0.81               0.0025                
867               1000000.0     1595            1.8        17.15             2.43              0.81               0.02                  
868               1000000.0     1595            5          17.15             2.43              0.81               0.005                 
869               1000000.0     1595            10         17.15             2.43              0.81               0.0025                
870               1000000.0     1600            1.8        17.15             2.43              0.81               0.02                  
871               1000000.0     1600            5          17.15             2.43              0.81               0.005                 
872               1000000.0     1600            10         17.15             2.43              0.81               0.0025                
873               1000000.0     1605            1.8        17.15             2.43              0.81               0.02                  
874               1000000.0     1605            5          17.15             2.43              0.81               0.005                 
875               1000000.0     1605            10         17.15             2.43              0.81               0.0025                
876               1000000.0     1610            1.8        17.15             2.43              0.81               0.02                  
877               1000000.0     1610            5          17.15             2.43              0.81               0.005                 
878               1000000.0     1610            10         17.15             2.43              0.81               0.0025                
879               1000000.0     1615            1.8        17.15             2.43              0.81               0.02                  
880               1000000.0     1615            5          17.15             2.43              0.81               0.005                 
881               1000000.0     1615            10         17.15             2.43              0.81               0.0025                
882               1000000.0     1620            1.8        17.15             2.43              0.81               0.02                  
883               1000000.0     1620            5          17.15             2.43              0.81               0.005                 
884               1000000.0     1620            10         17.15             2.43              0.81               0.0025                
885               1000000.0     1625            1.8        17.15             2.43              0.81               0.02                  
886               1000000.0     1625            5          17.15             2.43              0.81               0.005                 
887               1000000.0     1625            10         17.15             2.43              0.81               0.0025                
888               1000000.0     1630            1.8        17.15             2.43              0.81               0.02                  
889               1000000.0     1630            5          17.15             2.43              0.81               0.005                 
890               1000000.0     1630            10         17.15             2.43              0.81               0.0025                
891               1000000.0     1635            1.8        17.15             2.43              0.81               0.02                  
892               1000000.0     1635            5          17.15             2.43              0.81               0.005                 
893               1000000.0     1635            10         17.15             2.43              0.81               0.0025                
894               1000000.0     1640            1.8        17.15             2.43              0.81               0.02                  
895               1000000.0     1640            5          17.15             2.43              0.81               0.005                 
896               1000000.0     1640            10         17.15             2.43              0.81               0.0025                
897               1000000.0     1645            1.8        17.15             2.43              0.81               0.02                  
898               1000000.0     1645            5          17.15             2.43              0.81               0.005                 
899               1000000.0     1645            10         17.15             2.43              0.81               0.0025                
900               1000000.0     1650            1.8        17.15             2.43              0.81               0.02                  
901               1000000.0     1650            5          17.15             2.43              0.81               0.005                 
902               1000000.0     1650            10         17.15             2.43              0.81               0.0025                
903               1000000.0     1655            1.8        17.15             2.43              0.81               0.02                  
904               1000000.0     1655            5          17.15             2.43              0.81               0.005                 
905               1000000.0     1655            10         17.15             2.43              0.81               0.0025                
906               1000000.0     1660            1.8        17.15             2.43              0.81               0.02                  
907               1000000.0     1660            5          17.15             2.43              0.81               0.005                 
908               1000000.0     1660            10         17.15             2.43              0.81               0.0025                
909               1000000.0     1665            1.8        17.15             2.43              0.81               0.02                  
910               1000000.0     1665            5          17.15             2.43              0.81               0.005                 
911               1000000.0     1665            10         17.15             2.43              0.81               0.0025                
912               1000000.0     1670            1.8        17.15             2.43              0.81               0.02                  
913               1000000.0     1670            5          17.15             2.43              0.81               0.005                 
914               1000000.0     1670            10         17.15             2.43              0.81               0.0025                
915               1000000.0     1675            1.8        17.15             2.43              0.81               0.02                  
916               1000000.0     1675            5          17.15             2.43              0.81               0.005                 
917               1000000.0     1675            10         17.15             2.43              0.81               0.0025                
918               1000000.0     1680            1.8        17.15             2.43              0.81               0.02                  
919               1000000.0     1680            5          17.15             2.43              0.81               0.005                 
920               1000000.0     1680            10         17.15             2.43              0.81               0.0025                
921               1000000.0     1685            1.8        17.15             2.43              0.81               0.02                  
922               1000000.0     1685            5          17.15             2.43              0.81               0.005                 
923               1000000.0     1685            10         17.15             2.43              0.81               0.0025                
924               1000000.0     1690            1.8        17.15             2.43              0.81               0.02                  
925               1000000.0     1690            5          17.15             2.43              0.81               0.005                 
926               1000000.0     1690            10         17.15             2.43              0.81               0.0025                
927               1000000.0     1695            1.8        17.15             2.43              0.81               0.02                  
928               1000000.0     1695            5          17.15             2.43              0.81               0.005                 
929               1000000.0     1695            10         17.15             2.43              0.81               0.0025                
930               1000000.0     1700            1.8        17.15             2.43              0.81               0.02                  
931               1000000.0     1700            5          17.15             2.43              0.81               0.005                 
932               1000000.0     1700            10         17.15             2.43              0.81               0.0025                
933               1000000.0     1705            1.8        17.15             2.43              0.81               0.02                  
934               1000000.0     1705            5          17.15             2.43              0.81               0.005                 
935               1000000.0     1705            10         17.15             2.43              0.81               0.0025                
936               1000000.0     1710            1.8        17.15             2.43              0.81               0.02                  
937               1000000.0     1710            5          17.15             2.43              0.81               0.005                 
938               1000000.0     1710            10         17.15             2.43              0.81               0.0025                
939               1000000.0     1715            1.8        17.15             2.43              0.81               0.02                  
940               1000000.0     1715            5          17.15             2.43              0.81               0.005                 
941               1000000.0     1715            10         17.15             2.43              0.81               0.0025                
942               1000000.0     1720            1.8        17.15             2.43              0.81               0.02                  
943               1000000.0     1720            5          17.15             2.43              0.81               0.005                 
944               1000000.0     1720            10         17.15             2.43              0.81               0.0025                
945               1000000.0     1725            1.8        17.15             2.43              0.81               0.02                  
946               1000000.0     1725            5          17.15             2.43              0.81               0.005                 
947               1000000.0     1725            10         17.15             2.43              0.81               0.0025                
948               1000000.0     1730            1.8        17.15             2.43              0.81               0.02                  
949               1000000.0     1730            5          17.15             2.43              0.81               0.005                 
950               1000000.0     1730            10         17.15             2.43              0.81               0.0025                
951               1000000.0     1735            1.8        17.15             2.43              0.81               0.02                  
952               1000000.0     1735            5          17.15             2.43              0.81               0.005                 
953               1000000.0     1735            10         17.15             2.43              0.81               0.0025                
954               1000000.0     1740            1.8        17.15             2.43              0.81               0.02                  
955               1000000.0     1740            5          17.15             2.43              0.81               0.005                 
956               1000000.0     1740            10         17.15             2.43              0.81               0.0025                
957               1000000.0     1745            1.8        17.15             2.43              0.81               0.02                  
958               1000000.0     1745            5          17.15             2.43              0.81               0.005                 
959               1000000.0     1745            10         17.15             2.43              0.81               0.0025                
960               1000000.0     1750            1.8        17.15             2.43              0.81               0.02                  
961               1000000.0     1750            5          17.15             2.43              0.81               0.005                 
962               1000000.0     1750            10         17.15             2.43              0.81               0.0025                
963               1000000.0     1755            1.8        17.15             2.43              0.81               0.02                  
964               1000000.0     1755            5          17.15             2.43              0.81               0.005                 
965               1000000.0     1755            10         17.15             2.43              0.81               0.0025                
966               1000000.0     1760            1.8        17.15             2.43              0.81               0.02                  
967               1000000.0     1760            5          17.15             2.43              0.81               0.005                 
968               1000000.0     1760            10         17.15             2.43              0.81               0.0025                
969               1000000.0     1765            1.8        17.15             2.43              0.81               0.02                  
970               1000000.0     1765            5          17.15             2.43              0.81               0.005                 
971               1000000.0     1765            10         17.15             2.43              0.81               0.0025                
972               1000000.0     1770            1.8        17.15             2.43              0.81               0.02                  
973               1000000.0     1770            5          17.15             2.43              0.81               0.005                 
974               1000000.0     1770            10         17.15             2.43              0.81               0.0025                
975               1000000.0     1775            1.8        17.15             2.43              0.81               0.02                  
976               1000000.0     1775            5          17.15             2.43              0.81               0.005                 
977               1000000.0     1775            10         17.15             2.43              0.81               0.0025                
978               1000000.0     1780            1.8        17.15             2.43              0.81               0.02                  
979               1000000.0     1780            5          17.15             2.43              0.81               0.005                 
980               1000000.0     1780            10         17.15             2.43              0.81               0.0025                
981               1000000.0     1785            1.8        17.15             2.43              0.81               0.02                  
982               1000000.0     1785            5          17.15             2.43              0.81               0.005                 
983               1000000.0     1785            10         17.15             2.43              0.81               0.0025                
984               1000000.0     1790            1.8        17.15             2.43              0.81               0.02                  
985               1000000.0     1790            5          17.15             2.43              0.81               0.005                 
986               1000000.0     1790            10         17.15             2.43              0.81               0.0025                
987               1000000.0     1795            1.8        17.15             2.43              0.81               0.02                  
988               1000000.0     1795            5          17.15             2.43              0.81               0.005                 
989               1000000.0     1795            10         17.15             2.43              0.81               0.0025                
990               1000000.0     1800            1.8        17.15             2.43              0.81               0.02                  
991               1000000.0     1800            5          17.15             2.43              0.81               0.005                 
992               1000000.0     1800            10         17.15             2.43              0.81               0.0025                
993               1000000.0     1805            1.8        17.15             2.43              0.81               0.02                  
994               1000000.0     1805            5          17.15             2.43              0.81               0.005                 
995               1000000.0     1805            10         17.15             2.43              0.81               0.0025                
996               1000000.0     1810            1.8        17.15             2.43              0.81               0.02                  
997               1000000.0     1810            5          17.15             2.43              0.81               0.005                 
998               1000000.0     1810            10         17.15             2.43              0.81               0.0025                
999               1000000.0     1815            1.8        17.15             2.43              0.81               0.02                  
1000              1000000.0     1815            5          17.15             2.43              0.81               0.005                 
1001              1000000.0     1815            10         17.15             2.43              0.81               0.0025                
1002              1000000.0     1820            1.8        17.15             2.43              0.81               0.02                  
1003              1000000.0     1820            5          17.15             2.43              0.81               0.005                 
1004              1000000.0     1820            10         17.15             2.43              0.81               0.0025                
1005              1000000.0     1825            1.8        17.15             2.43              0.81               0.02                  
1006              1000000.0     1825            5          17.15             2.43              0.81               0.005                 
1007              1000000.0     1825            10         17.15             2.43              0.81               0.0025                
1008              1000000.0     1830            1.8        17.15             2.43              0.81               0.02                  
1009              1000000.0     1830            5          17.15             2.43              0.81               0.005                 
1010              1000000.0     1830            10         17.15             2.43              0.81               0.0025                
1011              1000000.0     1835            1.8        17.15             2.43              0.81               0.02                  
1012              1000000.0     1835            5          17.15             2.43              0.81               0.005                 
1013              1000000.0     1835            10         17.15             2.43              0.81               0.0025                
1014              1000000.0     1840            1.8        17.15             2.43              0.81               0.02                  
1015              1000000.0     1840            5          17.15             2.43              0.81               0.005                 
1016              1000000.0     1840            10         17.15             2.43              0.81               0.0025                
1017              1000000.0     1845            1.8        17.15             2.43              0.81               0.02                  
1018              1000000.0     1845            5          17.15             2.43              0.81               0.005                 
1019              1000000.0     1845            10         17.15             2.43              0.81               0.0025                
1020              1000000.0     1850            1.8        17.15             2.43              0.81               0.02                  
1021              1000000.0     1850            5          17.15             2.43              0.81               0.005                 
1022              1000000.0     1850            10         17.15             2.43              0.81               0.0025                
1023              1000000.0     1855            1.8        17.15             2.43              0.81               0.02                  
1024              1000000.0     1855            5          17.15             2.43              0.81               0.005                 
1025              1000000.0     1855            10         17.15             2.43              0.81               0.0025                
1026              1000000.0     1860            1.8        17.15             2.43              0.81               0.02                  
1027              1000000.0     1860            5          17.15             2.43              0.81               0.005                 
1028              1000000.0     1860            10         17.15             2.43              0.81               0.0025                
1029              1000000.0     1865            1.8        17.15             2.43              0.81               0.02                  
1030              1000000.0     1865            5          17.15             2.43              0.81               0.005                 
1031              1000000.0     1865            10         17.15             2.43              0.81               0.0025                
1032              1000000.0     1870            1.8        17.15             2.43              0.81               0.02                  
1033              1000000.0     1870            5          17.15             2.43              0.81               0.005                 
1034              1000000.0     1870            10         17.15             2.43              0.81               0.0025                
1035              1000000.0     1875            1.8        17.15             2.43              0.81               0.02                  
1036              1000000.0     1875            5          17.15             2.43              0.81               0.005                 
1037              1000000.0     1875            10         17.15             2.43              0.81               0.0025                
1038              1000000.0     1880            1.8        17.15             2.43              0.81               0.02                  
1039              1000000.0     1880            5          17.15             2.43              0.81               0.005                 
1040              1000000.0     1880            10         17.15             2.43              0.81               0.0025                
1041              1000000.0     1885            1.8        17.15             2.43              0.81               0.02                  
1042              1000000.0     1885            5          17.15             2.43              0.81               0.005                 
1043              1000000.0     1885            10         17.15             2.43              0.81               0.0025                
1044              1000000.0     1890            1.8        17.15             2.43              0.81               0.02                  
1045              1000000.0     1890            5          17.15             2.43              0.81               0.005                 
1046              1000000.0     1890            10         17.15             2.43              0.81               0.0025                
1047              1000000.0     1895            1.8        17.15             2.43              0.81               0.02                  
1048              1000000.0     1895            5          17.15             2.43              0.81               0.005                 
1049              1000000.0     1895            10         17.15             2.43              0.81               0.0025                
1050              1000000.0     1900            1.8        17.15             2.43              0.81               0.02                  
1051              1000000.0     1900            5          17.15             2.43              0.81               0.005                 
1052              1000000.0     1900            10         17.15             2.43              0.81               0.0025                
1053              1000000.0     1905            1.8        17.15             2.43              0.81               0.02                  
1054              1000000.0     1905            5          17.15             2.43              0.81               0.005                 
1055              1000000.0     1905            10         17.15             2.43              0.81               0.0025                
1056              1000000.0     1910            1.8        17.15             2.43              0.81               0.02                  
1057              1000000.0     1910            5          17.15             2.43              0.81               0.005                 
1058              1000000.0     1910            10         17.15             2.43              0.81               0.0025                
1059              1000000.0     1915            1.8        17.15             2.43              0.81               0.02                  
1060              1000000.0     1915            5          17.15             2.43              0.81               0.005                 
1061              1000000.0     1915            10         17.15             2.43              0.81               0.0025                
1062              1000000.0     1920            1.8        17.15             2.43              0.81               0.02                  
1063              1000000.0     1920            5          17.15             2.43              0.81               0.005                 
1064              1000000.0     1920            10         17.15             2.43              0.81               0.0025                
1065              1000000.0     1925            1.8        17.15             2.43              0.81               0.02                  
1066              1000000.0     1925            5          17.15             2.43              0.81               0.005                 
1067              1000000.0     1925            10         17.15             2.43              0.81               0.0025                
1068              1000000.0     1930            1.8        17.15             2.43              0.81               0.02                  
1069              1000000.0     1930            5          17.15             2.43              0.81               0.005                 
1070              1000000.0     1930            10         17.15             2.43              0.81               0.0025                
1071              1000000.0     1935            1.8        17.15             2.43              0.81               0.02                  
1072              1000000.0     1935            5          17.15             2.43              0.81               0.005                 
1073              1000000.0     1935            10         17.15             2.43              0.81               0.0025                
1074              1000000.0     1940            1.8        17.15             2.43              0.81               0.02                  
1075              1000000.0     1940            5          17.15             2.43              0.81               0.005                 
1076              1000000.0     1940            10         17.15             2.43              0.81               0.0025                
1077              1000000.0     1945            1.8        17.15             2.43              0.81               0.02                  
1078              1000000.0     1945            5          17.15             2.43              0.81               0.005                 
1079              1000000.0     1945            10         17.15             2.43              0.81               0.0025                
1080              1000000.0     1950            1.8        17.15             2.43              0.81               0.02                  
1081              1000000.0     1950            5          17.15             2.43              0.81               0.005                 
1082              1000000.0     1950            10         17.15             2.43              0.81               0.0025                
1083              1000000.0     1955            1.8        17.15             2.43              0.81               0.02                  
1084              1000000.0     1955            5          17.15             2.43              0.81               0.005                 
1085              1000000.0     1955            10         17.15             2.43              0.81               0.0025                
1086              1000000.0     1960            1.8        17.15             2.43              0.81               0.02                  
1087              1000000.0     1960            5          17.15             2.43              0.81               0.005                 
1088              1000000.0     1960            10         17.15             2.43              0.81               0.0025                
1089              1000000.0     1965            1.8        17.15             2.43              0.81               0.02                  
1090              1000000.0     1965            5          17.15             2.43              0.81               0.005                 
1091              1000000.0     1965            10         17.15             2.43              0.81               0.0025                
1092              1000000.0     1970            1.8        17.15             2.43              0.81               0.02                  
1093              1000000.0     1970            5          17.15             2.43              0.81               0.005                 
1094              1000000.0     1970            10         17.15             2.43              0.81               0.0025                
1095              1000000.0     1975            1.8        17.15             2.43              0.81               0.02                  
1096              1000000.0     1975            5          17.15             2.43              0.81               0.005                 
1097              1000000.0     1975            10         17.15             2.43              0.81               0.0025                
1098              1000000.0     1980            1.8        17.15             2.43              0.81               0.02                  
1099              1000000.0     1980            5          17.15             2.43              0.81               0.005                 
1100              1000000.0     1980            10         17.15             2.43              0.81               0.0025                
1101              1000000.0     1985            1.8        17.15             2.43              0.81               0.02                  
1102              1000000.0     1985            5          17.15             2.43              0.81               0.005                 
1103              1000000.0     1985            10         17.15             2.43              0.81               0.0025                
1104              1000000.0     1990            1.8        17.15             2.43              0.81               0.02                  
1105              1000000.0     1990            5          17.15             2.43              0.81               0.005                 
1106              1000000.0     1990            10         17.15             2.43              0.81               0.0025                
1107              1000000.0     1995            1.8        17.15             2.43              0.81               0.02                  
1108              1000000.0     1995            5          17.15             2.43              0.81               0.005                 
1109              1000000.0     1995            10         17.15             2.43              0.81               0.0025                
1110              1000000.0     2000            1.8        17.15             2.43              0.81               0.02                  
1111              1000000.0     2000            5          17.15             2.43              0.81               0.005                 
1112              1000000.0     2000            10         17.15             2.43              0.81               0.0025                
1113              1000000.0     2005            1.8        17.15             2.43              0.81               0.02                  
1114              1000000.0     2005            5          17.15             2.43              0.81               0.005                 
1115              1000000.0     2005            10         17.15             2.43              0.81               0.0025                
1116              1000000.0     2010            1.8        17.15             2.43              0.81               0.02                  
1117              1000000.0     2010            5          17.15             2.43              0.81               0.005                 
1118              1000000.0     2010            10         17.15             2.43              0.81               0.0025                
1119              1000000.0     2015            1.8        17.15             2.43              0.81               0.02                  
1120              1000000.0     2015            5          17.15             2.43              0.81               0.005                 
1121              1000000.0     2015            10         17.15             2.43              0.81               0.0025                
1122              1000000.0     2020            1.8        17.15             2.43              0.81               0.02                  
1123              1000000.0     2020            5          17.15             2.43              0.81               0.005                 
1124              1000000.0     2020            10         17.15             2.43              0.81               0.0025                
1125              1000000.0     2025            1.8        17.15             2.43              0.81               0.02                  
1126              1000000.0     2025            5          17.15             2.43              0.81               0.005                 
1127              1000000.0     2025            10         17.15             2.43              0.81               0.0025                
1128              1000000.0     2030            1.8        17.15             2.43              0.81               0.02                  
1129              1000000.0     2030            5          17.15             2.43              0.81               0.005                 
1130              1000000.0     2030            10         17.15             2.43              0.81               0.0025                
1131              1000000.0     2035            1.8        17.15             2.43              0.81               0.02                  
1132              1000000.0     2035            5          17.15             2.43              0.81               0.005                 
1133              1000000.0     2035            10         17.15             2.43              0.81               0.0025                
1134              1000000.0     2040            1.8        17.15             2.43              0.81               0.02                  
1135              1000000.0     2040            5          17.15             2.43              0.81               0.005                 
1136              1000000.0     2040            10         17.15             2.43              0.81               0.0025                
1137              1000000.0     2045            1.8        17.15             2.43              0.81               0.02                  
1138              1000000.0     2045            5          17.15             2.43              0.81               0.005                 
1139              1000000.0     2045            10         17.15             2.43              0.81               0.0025                
1140              1000000.0     2050            1.8        17.15             2.43              0.81               0.02                  
1141              1000000.0     2050            5          17.15             2.43              0.81               0.005                 
1142              1000000.0     2050            10         17.15             2.43              0.81               0.0025                
1143              1000000.0     2055            1.8        17.15             2.43              0.81               0.02                  
1144              1000000.0     2055            5          17.15             2.43              0.81               0.005                 
1145              1000000.0     2055            10         17.15             2.43              0.81               0.0025                
1146              1000000.0     2060            1.8        17.15             2.43              0.81               0.02                  
1147              1000000.0     2060            5          17.15             2.43              0.81               0.005                 
1148              1000000.0     2060            10         17.15             2.43              0.81               0.0025                
1149              1000000.0     2065            1.8        17.15             2.43              0.81               0.02                  
1150              1000000.0     2065            5          17.15             2.43              0.81               0.005                 
1151              1000000.0     2065            10         17.15             2.43              0.81               0.0025                
1152              1000000.0     2070            1.8        17.15             2.43              0.81               0.02                  
1153              1000000.0     2070            5          17.15             2.43              0.81               0.005                 
1154              1000000.0     2070            10         17.15             2.43              0.81               0.0025                
1155              1000000.0     2075            1.8        17.15             2.43              0.81               0.02                  
1156              1000000.0     2075            5          17.15             2.43              0.81               0.005                 
1157              1000000.0     2075            10         17.15             2.43              0.81               0.0025                
1158              1000000.0     2080            1.8        17.15             2.43              0.81               0.02                  
1159              1000000.0     2080            5          17.15             2.43              0.81               0.005                 
1160              1000000.0     2080            10         17.15             2.43              0.81               0.0025                
1161              1000000.0     2085            1.8        17.15             2.43              0.81               0.02                  
1162              1000000.0     2085            5          17.15             2.43              0.81               0.005                 
1163              1000000.0     2085            10         17.15             2.43              0.81               0.0025                
1164              1000000.0     2090            1.8        17.15             2.43              0.81               0.02                  
1165              1000000.0     2090            5          17.15             2.43              0.81               0.005                 
1166              1000000.0     2090            10         17.15             2.43              0.81               0.0025                
1167              1000000.0     2095            1.8        17.15             2.43              0.81               0.02                  
1168              1000000.0     2095            5          17.15             2.43              0.81               0.005                 
1169              1000000.0     2095            10         17.15             2.43              0.81               0.0025                
1170              1000000.0     2100            1.8        17.15             2.43              0.81               0.02                  
1171              1000000.0     2100            5          17.15             2.43              0.81               0.005                 
1172              1000000.0     2100            10         17.15             2.43              0.81               0.0025                
