,Simulation Number,PG.cFactor,ExitSlit.openingHeight,SU.photonEnergy,SU.numberRays,SU.electronSigmaX,SU.electronSigmaY,SU.electronSigmaYs,SourcePhotonFlux,NumberRaysSurvived,PercentageRaysSurvived,PhotonEnergy,Bandwidth,HorizontalFocusFWHM,VerticalFocusFWHM,HorizontalCenter,VerticalCenter,PhotonFlux1,PhotonFlux3,PhotonFlux5,EnergyPerMilPerBw,FluxPerMilPerBwPerc,FluxPerMilPerBwAbs1,FluxPerMilPerBwAbs3,FluxPerMilPerBwAbs5,AXUVCurrentAmp1,AXUVCurrentAmp3,AXUVCurrentAmp5,GaAsPCurrentAmp1,GaAsPCurrentAmp3,GaAsPCurrentAmp5
0,0,2.25,0.02,500,1000000.0,17.15,2.43,0.81,,1000000.0,100.0,500.0,0.4839022242075508,0.0585701854868444,0.0467246557331479,-4.966734242619106e-06,-2.1010415808392868e-06,3230000000000000.0,1750000000000000.0,1160000000000000.0,1.0473173055831793,104.73173055831788,3382834897033668.5,1832805284770563.5,1214888074476487.5,0.0700881381276114,0.0379734494499441,0.02517097220682,0.0391921800073772,0.021234153254771,0.0140752101574482
1,1,2.25,0.02,501,1000000.0,17.15,2.43,0.81,,1000000.0,100.0,501.0,0.4847851006521484,0.0587682760510946,0.0469330064986334,6.906187812336136e-06,-1.0651657575369712e-06,3230000000000000.0,1750000000000000.0,1160000000000000.0,1.0475003308610145,104.75003308610144,3383426068681076.5,1833125579006775.2,1215100383798776.8,0.0702153509316466,0.0380423727957838,0.0252166585389195,0.0392818929445585,0.021282759335287,0.0141074290451046
2,2,2.25,0.02,502,1000000.0,17.15,2.43,0.81,,1000000.0,100.0,502.0,0.5019206343803205,0.0585275870151666,0.0466604648168074,8.295612913901184e-06,-3.519671947681968e-06,3230000000000000.0,1750000000000000.0,1160000000000000.0,1.000158134653391,100.01581346533912,3230510774930454.0,1750276735643434.5,1160183436197934.0,0.0703710885496047,0.0381267507621697,0.0252725890766382,0.0393720175391977,0.0213315884500296,0.0141397957725911
3,3,2.25,0.02,503,1000000.0,17.15,2.43,0.81,,1000000.0,100.0,503.0,0.4866217562522914,0.0584667531312239,0.0462971628921083,-1.6301565812872075e-06,-5.404315537821945e-06,3230000000000000.0,1750000000000000.0,1160000000000000.0,1.0475436703874008,104.75436703874009,3383566055351305.0,1833201423177951.5,1215150657649384.8,0.0705112700008987,0.0382027004648831,0.0253229328795797,0.0394625566312122,0.0213806421376537,0.0141723113598161
4,4,2.25,0.02,504,1000000.0,17.15,2.43,0.81,,1000000.0,100.0,504.0,0.5038244790010367,0.0585458233409509,0.0466063040280735,1.6518102171226988e-05,-4.631640754755511e-06,3230000000000000.0,1750000000000000.0,1160000000000000.0,1.0003485105721597,100.03485105721596,3231125689148075.5,1750609893501279.2,1160404272263705.5,0.0706566678913135,0.0382814764117023,0.0253751500786141,0.0395535130867021,0.0214299219509996,0.0142049768360912
5,5,2.25,0.02,505,1000000.0,17.15,2.43,0.81,,1000000.0,100.0,505.0,0.4886899460808235,0.0583467936247442,0.0466240892907463,1.1263554336634736e-05,-3.7713303201288914e-06,3230000000000000.0,1750000000000000.0,1160000000000000.0,1.047404489503235,104.7404489503235,3383116501095449.0,1832957856630661.2,1214989207823752.5,0.0708099266656812,0.0383645113513752,0.0254301903814829,0.0396448897982528,0.0214794294572577,0.0142377932402394
6,6,2.25,0.02,506,1000000.0,17.15,2.43,0.81,,1000000.0,100.0,506.0,0.4896640340037558,0.0582328312327718,0.0466239327579321,2.9798184740673206e-06,8.577857562176621e-06,3230000000000000.0,1750000000000000.0,1160000000000000.0,1.0474009928327055,104.74009928327057,3383105206849639.0,1832951737457235.2,1214985151685938.5,0.0709370514940568,0.0384333870323837,0.0254758451186086,0.039736689685241,0.0215291662381337,0.0142707616207056
7,7,2.25,0.02,507,1000000.0,17.15,2.43,0.81,,1000000.0,100.0,507.0,0.4743491554396917,0.0584515846194667,0.0464762502372588,1.073449372099278e-05,4.576022084949672e-06,3230000000000000.0,1750000000000000.0,1160000000000000.0,1.0945513796099786,109.45513796099786,3535400956140231.0,1915464914317462.8,1269679600347575.5,0.0710772432954284,0.0385093423427243,0.0255261926386058,0.0398289156941463,0.0215791338900173,0.0143038830356687
8,8,2.25,0.02,508,1000000.0,17.15,2.43,0.81,,1000000.0,100.0,508.0,0.5078600564599072,0.0582933032152387,0.0465470756990392,-1.5360440839583532e-05,5.647525252286341e-06,3230000000000000.0,1750000000000000.0,1160000000000000.0,1.0002757385825385,100.02757385825385,3230890635621599.0,1750482542519442.2,1160319856755744.8,0.0712226929362314,0.0385881463276794,0.025578428422919,0.0399215707988663,0.0216293340241536,0.0143371585531532
9,9,2.25,0.02,509,1000000.0,17.15,2.43,0.81,,1000000.0,100.0,509.0,0.4925538085148834,0.0582733667752726,0.0464783551299662,4.099958124736568e-06,-1.972045467159823e-06,3230000000000000.0,1750000000000000.0,1160000000000000.0,1.0474377220548714,104.74377220548712,3383223842237234.0,1833016013596024.8,1215027757583650.8,0.0713786996562073,0.0386726700923724,0.0256344556040868,0.0400146580010361,0.0216797682668152,0.014370589251146
10,10,2.25,0.02,510,1000000.0,17.15,2.43,0.81,,1000000.0,100.0,510.0,0.4935845017207549,0.0581908837856757,0.0463765216343938,1.5550721925538682e-05,2.719933629168998e-06,3230000000000000.0,1750000000000000.0,1160000000000000.0,1.0472096083960707,104.72096083960707,3382487035119308.0,1832616814693123.5,1214763145739442.2,0.0715189328578895,0.0387486478332219,0.0256848179923071,0.0401081803303523,0.0217304382594787,0.0144041762177116
11,11,2.25,0.02,511,1000000.0,17.15,2.43,0.81,,1000000.0,100.0,511.0,0.494598192538791,0.0582651738232007,0.0462003474250144,6.682372636038747e-06,7.280103598769833e-06,3230000000000000.0,1750000000000000.0,1160000000000000.0,1.0471432573948127,104.71432573948124,3382272721385244.0,1832500700440922.5,1214686178577982.5,0.0716618105044036,0.0388260583228193,0.0257361300882687,0.0401966074561097,0.0217783476929387,0.0144359333278908
12,12,2.25,0.02,512,1000000.0,17.15,2.43,0.81,,1000000.0,100.0,512.0,0.4955280945570838,0.0582010296094656,0.0463114861721385,-1.2074192968534614e-05,-6.677686457119636e-06,3230000000000000.0,1750000000000000.0,1160000000000000.0,1.0472446566698794,104.72446566698795,3382600241043710.0,1832678149172288.8,1214803801737060.2,0.0717888007817703,0.0388948611046743,0.0257817365036698,0.0402854253567193,0.0218264688465197,0.0144678307782644
13,13,2.25,0.02,513,1000000.0,17.15,2.43,0.81,,1000000.0,100.0,513.0,0.5128327697869167,0.0581479299280526,0.0463122958149669,6.71548528121632e-07,-3.86517214504423e-06,3230000000000000.0,1750000000000000.0,1160000000000000.0,1.0003261797255705,100.032617972557,3231053560513592.0,1750570814519748.0,1160378368481661.5,0.0719449420527552,0.0389794577685206,0.0258378120065622,0.0403746366282702,0.0218748031267718,0.0144998695011744
14,14,2.25,0.02,514,1000000.0,17.15,2.43,0.81,,1000000.0,100.0,514.0,0.5138852634985142,0.0581044977838104,0.0460564901758139,-1.1735962281969167e-05,-2.1752694893694185e-06,3230000000000000.0,1750000000000000.0,1160000000000000.0,1.0002233201020192,100.02233201020192,3230721323929522.5,1750390810178533.5,1160259051318342.5,0.072085185604515,0.0390554411169973,0.0258881781118381,0.0404642438898991,0.0219233519527317,0.0145320504372393
15,15,2.25,0.02,515,1000000.0,17.15,2.43,0.81,,1000000.0,100.0,515.0,0.4819434255998169,0.0580125260203695,0.0462864401305244,-6.730174481090492e-06,-1.3750292543344395e-06,3230000000000000.0,1750000000000000.0,1160000000000000.0,1.094285201702594,109.42852017025936,3534541201499378.0,1914999102979539.2,1269370833975009.2,0.0722307594462494,0.0391343123934788,0.0259404585008201,0.0405542497840454,0.0219721167560617,0.0145643745354465
16,16,2.25,0.02,516,1000000.0,17.15,2.43,0.81,,1000000.0,100.0,516.0,0.4993484812569965,0.0579006009446875,0.0460897310843994,-1.603288187452194e-05,1.4624745796509692e-06,3230000000000000.0,1750000000000000.0,1160000000000000.0,1.0473909601580362,104.73909601580364,3383072801310457.0,1832934180276563.5,1214973513783322.2,0.0723843649482175,0.0392175351886627,0.0259956233250564,0.040644656976712,0.0220210989811907,0.0145968427532464
17,17,2.25,0.02,517,1000000.0,17.15,2.43,0.81,,1000000.0,100.0,517.0,0.5168429166314013,0.0579826023429834,0.0460075222834398,-9.633868550980694e-06,-1.4611452472577031e-05,3230000000000000.0,1750000000000000.0,1160000000000000.0,1.0003039900501085,100.03039900501084,3230981887861850.0,1750531982587689.5,1160352628458125.8,0.0725112672499242,0.0392862903056864,0.0260411981454836,0.0407354681577277,0.0220703000854561,0.0146294560566451
18,18,2.25,0.02,518,1000000.0,17.15,2.43,0.81,,1000000.0,100.0,518.0,0.4847387400235233,0.0579940723880183,0.0461190415152902,-6.375337169154386e-06,1.5192772461597763e-05,3230000000000000.0,1750000000000000.0,1160000000000000.0,1.0943547936738574,109.43547936738574,3534765983566559.0,1915120888929250.0,1269451560661674.5,0.0726702858424879,0.0393724458898928,0.0260983069898718,0.0408266860410147,0.0221197215392494,0.0146622154203024
19,19,2.25,0.02,519,1000000.0,17.15,2.43,0.81,,1000000.0,100.0,519.0,0.518921137493453,0.0578096185286773,0.0458520184501193,-1.717251544054193e-05,-6.967992750862673e-06,3230000000000000.0,1750000000000000.0,1160000000000000.0,1.000151984943561,100.0151984943561,3230490911367702.0,1750265973651231.8,1160176302534530.8,0.072797146743884,0.0394411785764077,0.0261438669420759,0.0409183133648585,0.0221693648261616,0.0146951218276271
20,20,2.25,0.02,520,1000000.0,17.15,2.43,0.81,,1000000.0,100.0,520.0,0.5032145128021781,0.057652607800742,0.045996997329334,-5.378325595366011e-06,-8.055806411572632e-07,3230000000000000.0,1750000000000000.0,1160000000000000.0,1.0473898971608149,104.73898971608148,3383069367829431.0,1832932320031426.0,1214972280706545.2,0.072950866096706,0.0395244630554907,0.0261990726539253,0.041010352892182,0.0222192314431327,0.0147281762708765
21,21,2.25,0.02,521,1000000.0,17.15,2.43,0.81,,1000000.0,100.0,521.0,0.5209360110825287,0.0578092446474609,0.0459190619652457,-7.538240466618265e-06,3.466968805325276e-06,3230000000000000.0,1750000000000000.0,1160000000000000.0,1.0001228400647475,100.01228400647472,3230396773409133.0,1750214970113307.5,1160142494475106.8,0.073091156223815,0.0396004716382899,0.026249455485952,0.041101609668829,0.0222686739691798,0.0147609496024278
22,22,2.25,0.02,522,1000000.0,17.15,2.43,0.81,,1000000.0,100.0,522.0,0.5218539724668971,0.0576844274921021,0.0458248350767949,-4.346922258651113e-06,-6.800142994173534e-06,3230000000000000.0,1750000000000000.0,1160000000000000.0,1.0002798704433975,100.02798704433977,3230903981532175.0,1750489773275946.2,1160324649714341.5,0.073236849091442,0.039679407402484,0.0263017786210751,0.0411932734827803,0.0223183370262741,0.0147938691145587
23,23,2.25,0.02,523,1000000.0,17.15,2.43,0.81,,1000000.0,100.0,523.0,0.4893929057682415,0.0578266522206004,0.0457387767664555,3.0431451609947944e-07,-1.3439186823331249e-06,3230000000000000.0,1750000000000000.0,1160000000000000.0,1.0945083221752463,109.45083221752463,3535261880626045.0,1915389563806680.8,1269629653723285.8,0.0733636168421396,0.0397480896203543,0.0263473051197776,0.0412853470634166,0.0223682220931824,0.0148269357874809
24,24,2.25,0.02,524,1000000.0,17.15,2.43,0.81,,1000000.0,100.0,524.0,0.4903295164705542,0.0577263580280706,0.0456931904578512,4.80704275003654e-06,-9.307757354291732e-06,3230000000000000.0,1750000000000000.0,1160000000000000.0,1.0943020648801276,109.43020648801271,3534595669562812.0,1915028613540223.2,1269390395260948.0,0.0735174500458154,0.0398314357833364,0.0264025517192402,0.0413778331645766,0.0224183306619223,0.0148601506101885
25,25,2.25,0.02,525,1000000.0,17.15,2.43,0.81,,1000000.0,100.0,525.0,0.5080713644636596,0.0577380727155114,0.0455954928691671,-1.269402431028015e-05,1.115075805956642e-06,3230000000000000.0,1750000000000000.0,1160000000000000.0,1.0472879374013462,104.72879374013462,3382740037806348.0,1832753890452355.5,1214854007385561.5,0.073657750523002,0.0399074499737627,0.0264529382683227,0.04147073456483,0.022468664237911,0.0148935145805581
26,26,2.25,0.02,526,1000000.0,17.15,2.43,0.81,,1000000.0,100.0,526.0,0.5259145976192372,0.0576434044023393,0.0456659176765348,-2.6181665091223354e-06,-1.174196344772252e-06,3230000000000000.0,1750000000000000.0,1160000000000000.0,1.000162411736628,100.0162411736628,3230524589909308.0,1750284220539098.8,1160188397614488.5,0.0738034951410171,0.0399864137760929,0.0265052799887244,0.0415640540677568,0.0225192243401159,0.0149270287054482
27,27,2.25,0.02,527,1000000.0,17.15,2.43,0.81,,1000000.0,100.0,527.0,0.5099982244656075,0.0579245974117526,0.045554709932997,-5.046951651450223e-06,-4.036245507287402e-06,3230000000000000.0,1750000000000000.0,1160000000000000.0,1.0473374323953994,104.73374323953996,3382899906637140.0,1832840506691948.8,1214911421578663.2,0.0739574421955464,0.0400698216229741,0.0265605674757999,0.0416577945022286,0.0225700125012074,0.0149606940008002
28,28,2.25,0.02,528,1000000.0,17.15,2.43,0.81,,1000000.0,100.0,528.0,0.5278328737237871,0.0575533421230576,0.0456700614351546,-9.584344222443878e-07,-6.39534075700881e-07,3230000000000000.0,1750000000000000.0,1160000000000000.0,1.0003166991753454,100.03166991753451,3231022938336365.0,1750554223556854.2,1160367371043400.5,0.0740841167955457,0.0401384533721996,0.0266060605210009,0.0417519587226951,0.022621030267714,0.0149945114917419
29,29,2.25,0.02,529,1000000.0,17.15,2.43,0.81,,1000000.0,100.0,529.0,0.5118473705377458,0.0573785024440489,0.0455078446040502,-1.4966851467230389e-05,7.633289730254485e-06,3230000000000000.0,1750000000000000.0,1160000000000000.0,1.047514446012444,104.7514446012444,3383471660620194.5,1833150280521776.8,1215116757374435.0,0.0742435907915246,0.0402248556920025,0.0266633329158417,0.0418465496094732,0.0226722792001788,0.0150284822126899
30,30,2.25,0.02,530,1000000.0,17.15,2.43,0.81,,1000000.0,100.0,530.0,0.5299199241965653,0.0573931268617985,0.0454503259744966,-1.201193122201459e-06,-9.429806904932009e-06,3230000000000000.0,1750000000000000.0,1160000000000000.0,1.0001511259969291,100.01511259969294,3230488136970081.0,1750264470494626.5,1160175306156438.0,0.0743702239912133,0.0402934650107192,0.0267088110928196,0.0419415700690412,0.0227237608733195,0.0150626072074574
31,31,2.25,0.02,531,1000000.0,17.15,2.43,0.81,,1000000.0,100.0,531.0,0.5307773039123618,0.0573587842043189,0.0455029763718373,-9.988505714641968e-06,-2.355781528879408e-06,3230000000000000.0,1750000000000000.0,1160000000000000.0,1.0004197996522552,100.04197996522552,3231355952876784.0,1750734649391446.5,1160486967596615.8,0.0745242848965967,0.0403769345414997,0.0267641394675083,0.0420351903517395,0.0227744839367009,0.0150962293523275
32,32,2.25,0.02,532,1000000.0,17.15,2.43,0.81,,1000000.0,100.0,532.0,0.5148148911430104,0.0573996128917159,0.0454028053199261,-6.014962952773208e-06,1.0630614400519391e-05,3230000000000000.0,1750000000000000.0,1160000000000000.0,1.0473639448109104,104.73639448109104,3382985541739241.0,1832886903419092.8,1214942175980656.2,0.0746646319491326,0.0404529739662483,0.0268145427433416,0.0421292295203031,0.0228254339506286,0.0151300019329881
33,33,2.25,0.02,533,1000000.0,17.15,2.43,0.81,,1000000.0,100.0,533.0,0.4986999048507406,0.0576748767730676,0.0451697567743121,-2.7215606296577157e-06,9.837537844394734e-06,3230000000000000.0,1750000000000000.0,1160000000000000.0,1.0945348814450062,109.45348814450062,3535347667067370.5,1915436042528760.8,1269660462476207.2,0.0748077372973543,0.0405305078236439,0.0268659366145297,0.0422236903923717,0.0228766124416875,0.0151639259613471
34,34,2.25,0.02,534,1000000.0,17.15,2.43,0.81,,1000000.0,100.0,534.0,0.5337881264936299,0.0574122008782847,0.0453915499351738,1.4696241890975376e-05,7.109770423546942e-06,3230000000000000.0,1750000000000000.0,1160000000000000.0,1.0003969961172066,100.03969961172066,3231282297458577.0,1750694743205111.5,1160460515495959.5,0.0749370356420302,0.0406005611063631,0.0269123719333607,0.0423185758109115,0.0229280209501843,0.0151980024584079
35,35,2.25,0.02,535,1000000.0,17.15,2.43,0.81,,1000000.0,100.0,535.0,0.5176178648520795,0.0572800210138074,0.0453217473869037,-1.3219583626931686e-05,-1.8045433821740088e-06,3230000000000000.0,1750000000000000.0,1160000000000000.0,1.0475923879924658,104.75923879924656,3383723413215664.0,1833286678986814.8,1215207170071260.0,0.0750912103982675,0.0406840923210428,0.0269677411956625,0.042413888644502,0.0229796610303029,0.0152322324543722
36,36,2.25,0.02,536,1000000.0,17.15,2.43,0.81,,1000000.0,100.0,536.0,0.5359085452900217,0.0573810252838183,0.0452609137704975,1.4499677828829526e-05,-2.8609317057237733e-06,3230000000000000.0,1750000000000000.0,1160000000000000.0,1.0001706629634062,100.01706629634064,3230551241371802.5,1750298660185960.8,1160197969037551.2,0.0752315678008812,0.0407601373534186,0.0270181481885517,0.0425096317876234,0.0230315342502603,0.0152666169887439
37,37,2.25,0.02,537,1000000.0,17.15,2.43,0.81,,1000000.0,100.0,537.0,0.5368993321614084,0.0573216737225936,0.0453401002318212,8.557121465857881e-06,5.851873011866604e-07,3230000000000000.0,1750000000000000.0,1160000000000000.0,1.0001875160041576,100.01875160041575,3230605676693429.0,1750328153007275.8,1160217518564822.8,0.0753747041993358,0.0408376880336958,0.0270695532109069,0.0426058081609512,0.0230836421924658,0.0153011571104345
38,38,2.25,0.02,538,1000000.0,17.15,2.43,0.81,,1000000.0,100.0,538.0,0.5034081507962206,0.0574017040255977,0.0449355708297221,5.929541646037348e-06,-2.200523082512337e-06,3230000000000000.0,1750000000000000.0,1160000000000000.0,1.094372679901823,109.43726799018228,3534823756082887.5,1915152189828190.0,1269472308686114.5,0.075528987631388,0.040921278128461,0.0271249615022941,0.0427024207116523,0.0231359864536815,0.0153358538778689
39,39,2.25,0.02,539,1000000.0,17.15,2.43,0.81,,1000000.0,100.0,539.0,0.521585048390158,0.0574799842823087,0.0456480539272015,7.524422800673136e-06,3.1163884169206145e-06,3230000000000000.0,1750000000000000.0,1160000000000000.0,1.0473773965712598,104.737739657126,3383028990925169.0,1832910443999704.8,1214957780022661.5,0.0756554293546407,0.0409897837060747,0.0271703709137409,0.0427994724136861,0.023188568645186,0.0153707083590947
40,40,2.25,0.02,540,1000000.0,17.15,2.43,0.81,,1000000.0,100.0,540.0,0.5399129762652592,0.0570700545269988,0.0451589664384174,-2.7544843665305576e-06,2.123964763731466e-06,3230000000000000.0,1750000000000000.0,1160000000000000.0,1.0001611955202787,100.01611955202787,3230520661530500.0,1750282092160487.5,1160186986803523.2,0.0758153535789959,0.0410764299576603,0.0272278050005062,0.04289696626811,0.0232413903929387,0.0154057216318909
41,41,2.25,0.02,541,1000000.0,17.15,2.43,0.81,,1000000.0,100.0,541.0,0.5234680386304491,0.0573288788602984,0.0449889928589154,-3.077333716123053e-06,-5.782637058142135e-06,3230000000000000.0,1750000000000000.0,1160000000000000.0,1.0475218493149308,104.75218493149308,3383495573287226.5,1833163236301128.8,1215125345205319.5,0.0759417539019382,0.0411449131047653,0.02727319954373,0.0429899210595909,0.0232917528960631,0.015439104776819
42,42,2.25,0.02,542,1000000.0,17.15,2.43,0.81,,1000000.0,100.0,542.0,0.5419179758401242,0.057053966128933,0.0448255982374196,8.814288411568554e-06,-7.143419172707235e-06,3230000000000000.0,1750000000000000.0,1160000000000000.0,1.0001513719031951,100.01513719031954,3230488931247321.0,1750264900830591.5,1160175591407706.5,0.0760961511848441,0.0412285648834294,0.0273286487227303,0.0430832795792723,0.0233423341373766,0.0154726329139182
43,43,2.25,0.02,543,1000000.0,17.15,2.43,0.81,,1000000.0,100.0,543.0,0.5255402462243166,0.0571723307965189,0.0451205918471713,1.3427953039354734e-05,-8.07237205658096e-06,3230000000000000.0,1750000000000000.0,1160000000000000.0,1.0472771789579192,104.7277178957919,3382705288034078.0,1832735063176358.5,1214841527591186.0,0.076236549987768,0.0413046323463139,0.0273790705838424,0.0431770444631322,0.0233931355450406,0.0155063069898555
44,44,2.25,0.02,544,1000000.0,17.15,2.43,0.81,,1000000.0,100.0,544.0,0.5437055882945969,0.057279998103708,0.0447523640084861,-1.0222752592948823e-05,6.011149403141324e-06,3230000000000000.0,1750000000000000.0,1160000000000000.0,1.0005420323376175,100.05420323376175,3231750764450505.0,1750948556590830.8,1160628757511636.5,0.076027861372703,0.0411915657592044,0.0273041235889582,0.043271218370146,0.0234441585596766,0.015540127959557
45,45,2.25,0.02,545,1000000.0,17.15,2.43,0.81,,1000000.0,100.0,545.0,0.5448440430838672,0.0570547326572217,0.0449554640019728,-1.3071359197415846e-05,7.860385800934659e-06,3230000000000000.0,1750000000000000.0,1160000000000000.0,1.0002862619442328,100.02862619442328,3230924626079872.0,1750500958402407.5,1160332063855310.2,0.0761563368862082,0.0412611732355617,0.027350263401858,0.0433658039825382,0.0234954046345021,0.0155740967862985
46,46,2.25,0.02,546,1000000.0,17.15,2.43,0.81,,1000000.0,100.0,546.0,0.5457066491116507,0.056931512435461,0.0447919662755883,-1.01753738103198e-05,-2.375626582884388e-06,3230000000000000.0,1750000000000000.0,1160000000000000.0,1.0005382536187288,100.0538253618729,3231738559188495.0,1750941943832775.8,1160624374197725.5,0.0763130267113071,0.0413460671036493,0.0274065359087046,0.0434608040060365,0.0235468752354687,0.0156082144417963
47,47,2.25,0.02,547,1000000.0,17.15,2.43,0.81,,1000000.0,100.0,547.0,0.5292537927049238,0.0571309138343752,0.0447813837945328,-1.26001066440249e-05,-5.479735620380751e-06,3230000000000000.0,1750000000000000.0,1160000000000000.0,1.047504488449715,104.75044884497152,3383439497692580.0,1833132854787001.2,1215105206601669.5,0.0764556249057256,0.0414233261873126,0.0274577476441615,0.0435562211701304,0.0235985718414019,0.0156424819063006
48,48,2.25,0.02,548,1000000.0,17.15,2.43,0.81,,1000000.0,100.0,548.0,0.5478716107420724,0.0570171980222029,0.044726585271532,1.3162439652262378e-06,-6.998881554946865e-06,3230000000000000.0,1750000000000000.0,1160000000000000.0,1.0002343946621743,100.02343946621744,3230757094758823.0,1750410190658804.8,1160271897808122.0,0.0766039052927578,0.0415036638583052,0.0275110000432194,0.0436520582283318,0.0236504959441425,0.0156769001686888
49,49,2.25,0.02,549,1000000.0,17.15,2.43,0.81,,1000000.0,100.0,549.0,0.5488261893963454,0.0569486351501284,0.0447996208750566,9.538895244183062e-06,-2.91701838735582e-06,3230000000000000.0,1750000000000000.0,1160000000000000.0,1.000316727197751,100.03167271977512,3231023028848737.0,1750554272596064.8,1160367403549391.5,0.0767578989226367,0.041587096939509,0.027566304257046,0.0437483179584407,0.0237026490486907,0.0157114702265606
50,50,2.25,0.02,550,1000000.0,17.15,2.43,0.81,,1000000.0,100.0,550.0,0.5322852537247496,0.0567226665295546,0.0445962491812857,-4.474348829563494e-06,-2.2524348358443725e-07,3230000000000000.0,1750000000000000.0,1160000000000000.0,1.047239523158262,104.72395231582618,3382583659801185.0,1832669165526958.5,1214797846863583.5,0.0768863278607924,0.0416566791815439,0.0276124273431948,0.0438450031628129,0.0237550326733506,0.0157461930863352
51,51,2.25,0.02,551,1000000.0,17.15,2.43,0.81,,1000000.0,100.0,551.0,0.5508955070309071,0.0575016069935157,0.0447493435175894,-2.689950231898277e-06,-7.688918759258388e-06,3230000000000000.0,1750000000000000.0,1160000000000000.0,1.0001896965725827,100.01896965725828,3230612719929442.0,1750331969002019.5,1160220048024195.5,0.077046081308867,0.0417432329072807,0.0276698000985404,0.0439366892711636,0.023804707809454,0.0157791206051237
52,52,2.25,0.02,552,1000000.0,17.15,2.43,0.81,,1000000.0,100.0,552.0,0.551857577541034,0.0566910799283677,0.0444159663207424,-5.141595232731823e-06,-5.8016780662085936e-08,3230000000000000.0,1750000000000000.0,1160000000000000.0,1.0002581291212356,100.02581291212356,3230833757061591.0,1750451725962162.5,1160299429780633.5,0.0771744843718289,0.0418128011302478,0.02771591389205,0.0440287596403218,0.0238545911363972,0.0158121861246975
53,53,2.25,0.02,553,1000000.0,17.15,2.43,0.81,,1000000.0,100.0,553.0,0.5351277909445183,0.0565257567191125,0.0444946345997948,-5.559955829046366e-06,1.0727358095325996e-05,3230000000000000.0,1750000000000000.0,1160000000000000.0,1.0474300002333934,104.74300002333932,3383198900753859.0,1833002500408437.2,1215018800270736.2,0.077328602202639,0.0418963015029778,0.0277712627105452,0.0441212166910426,0.023904683965735,0.0158453905144301
54,54,2.25,0.02,554,1000000.0,17.15,2.43,0.81,,1000000.0,100.0,554.0,0.5537796321696419,0.0567801901199674,0.0445426692460635,-2.525434384691044e-05,1.0769874076756909e-06,3230000000000000.0,1750000000000000.0,1160000000000000.0,1.0003980342741816,100.03980342741816,3231285650705606.0,1750696559979817.8,1160461719758050.5,0.0774684369263328,0.0419720633501802,0.0278214819921195,0.044214062864458,0.0239549876200624,0.0158787346510126
55,55,2.25,0.02,555,1000000.0,17.15,2.43,0.81,,1000000.0,100.0,555.0,0.554792290918192,0.0569753840257332,0.0444661156013935,3.500455121925849e-06,3.8604961205826217e-07,3230000000000000.0,1750000000000000.0,1160000000000000.0,1.0003748279197513,100.03748279197512,3231210694180796.5,1750655948859564.8,1160434800386911.5,0.0776168880896457,0.0420524935470216,0.0278747957225972,0.0443073006222912,0.0240055034331299,0.0159122194185318
56,56,2.25,0.02,556,1000000.0,17.15,2.43,0.81,,1000000.0,100.0,556.0,0.5557673213190355,0.0568012721869483,0.0444118299118407,-2.3308205918504139e-07,-6.6613885009513015e-06,3230000000000000.0,1750000000000000.0,1160000000000000.0,1.0004190086236429,100.04190086236432,3231353397854367.0,1750733265091375.5,1160486050003426.0,0.0777711249463486,0.0421360584074643,0.0279301872872335,0.0444009324470742,0.0240562327499628,0.0159458457085467
57,57,2.25,0.02,557,1000000.0,17.15,2.43,0.81,,1000000.0,100.0,557.0,0.5568162360314546,0.0567475831776899,0.0444192768423251,-1.6172556265795542e-05,-1.1986294542268336e-05,3230000000000000.0,1750000000000000.0,1160000000000000.0,1.0003302148698412,100.03302148698413,3231066594029587.0,1750577876022222.0,1160383049249016.0,0.077896588587266,0.0422040340643081,0.0279752454369128,0.0444949608423681,0.0241071769269796,0.0159796144201692
58,58,2.25,0.02,558,1000000.0,17.15,2.43,0.81,,1000000.0,100.0,558.0,0.5577115970051523,0.0566171510126408,0.0445459517049659,-8.285274286707211e-06,-4.058314660243168e-07,3230000000000000.0,1750000000000000.0,1160000000000000.0,1.0005172533378135,100.05172533378138,3231670728281139.0,1750905193341173.8,1160600013871864.0,0.0780393265077323,0.0422813688509385,0.028026507352622,0.0445893883329863,0.0241583373321133,0.0160135264601437
59,59,2.25,0.02,559,1000000.0,17.15,2.43,0.81,,1000000.0,100.0,559.0,0.5408965244600223,0.056589051803785,0.0442185425257061,5.395117107862123e-07,-2.7475859415413344e-06,3230000000000000.0,1750000000000000.0,1160000000000000.0,1.0473936912998965,104.73936912998964,3383081622898665.0,1832938959774819.2,1214976681907879.8,0.0781849676249713,0.0423602765769968,0.0280788119024665,0.0446842174652206,0.0242097153449338,0.0160475827429275
60,60,2.25,0.02,560,1000000.0,17.15,2.43,0.81,,1000000.0,100.0,560.0,0.5597564243909232,0.0565106097405928,0.0442666255525028,6.311851042664244e-06,3.105218472473056e-06,3230000000000000.0,1750000000000000.0,1160000000000000.0,1.000435393496676,100.0435393496676,3231406320994263.5,1750761938619182.8,1160505056456144.5,0.0783393235075669,0.0424439059251523,0.0281342462132437,0.0447794508070698,0.0242613123567715,0.0160817841907743
61,61,2.25,0.02,561,1000000.0,17.15,2.43,0.81,,1000000.0,100.0,561.0,0.5429192635098786,0.0565453905530143,0.0443299234606386,9.667285014278037e-06,2.232935007786108e-06,3230000000000000.0,1750000000000000.0,1160000000000000.0,1.0473106004267003,104.73106004267008,3382813239378242.5,1832793550746725.2,1214880296494972.8,0.0784676023695971,0.0425134068565928,0.0281803154020843,0.0448693932532824,0.0243100427842861,0.0161140855027268
62,62,2.25,0.02,562,1000000.0,17.15,2.43,0.81,,1000000.0,100.0,562.0,0.5618966772507065,0.0566047272234583,0.0442356690139538,1.5432941922615362e-05,1.0030596298924313e-07,3230000000000000.0,1750000000000000.0,1160000000000000.0,1.0001839013502214,100.01839013502212,3230594001361214.5,1750321827362887.0,1160213325566256.8,0.0786278319212423,0.0426002185331808,0.0282378591419941,0.0449596977372048,0.0243589693622625,0.016146516834414
63,63,2.25,0.02,563,1000000.0,17.15,2.43,0.81,,1000000.0,100.0,563.0,0.5447129728310868,0.0566016496482647,0.0440891298465838,-1.6079510484294863e-05,-3.224167321497541e-06,3230000000000000.0,1750000000000000.0,1160000000000000.0,1.0476129907675762,104.7612990767576,3383789960179271.0,1833322733843258.5,1215231069290388.5,0.0787531713612284,0.0426681268984983,0.0282828726870046,0.0450503664491648,0.0244080932774113,0.0161790789724554
64,64,2.25,0.02,564,1000000.0,17.15,2.43,0.81,,1000000.0,100.0,564.0,0.5457652399844801,0.0562884151079709,0.0441776541843321,-7.627641719987191e-06,2.6466349577571203e-06,3230000000000000.0,1750000000000000.0,1160000000000000.0,1.047463690537025,104.74636905370252,3383307720434590.5,1833061458439793.2,1215057881022948.8,0.0789076462697164,0.0427518207343665,0.0283383497439229,0.0451414015971949,0.0244574157260344,0.0162117727098284
65,65,2.25,0.02,565,1000000.0,17.15,2.43,0.81,,1000000.0,100.0,565.0,0.5648863820919132,0.0564886951386154,0.044240545683332,5.132863204138124e-06,-3.55851119663825e-06,3230000000000000.0,1750000000000000.0,1160000000000000.0,1.000201152530511,100.0201152530511,3230649722673550.0,1750352016928394.2,1160233336935392.5,0.0790504773408813,0.0428292059896415,0.0283896451131338,0.0452328054072107,0.0245069379141233,0.0162445988459332
66,66,2.25,0.02,566,1000000.0,17.15,2.43,0.81,,1000000.0,100.0,566.0,0.565819739682729,0.0566206254784911,0.0439305494957209,-1.5479028238930903e-05,5.671055124847977e-06,3230000000000000.0,1750000000000000.0,1160000000000000.0,1.0003186600669258,100.0318660066926,3231029272016170.5,1750557655117120.0,1160369645677633.8,0.0791962478340905,0.0429081838110397,0.0284419961261749,0.045324580123193,0.0245566610574574,0.0162775581866574
67,67,2.25,0.02,567,1000000.0,17.15,2.43,0.81,,1000000.0,100.0,567.0,0.5668725388836151,0.056142504578955,0.0440377711290825,-9.986198572533415e-06,-1.2874045688850534e-05,3230000000000000.0,1750000000000000.0,1160000000000000.0,1.0002248972968837,100.02248972968836,3230726418268934.5,1750393570269546.2,1160260880864385.2,0.0793508417684714,0.0429919421346207,0.0284975159292343,0.0454167280073711,0.0246065863817027,0.0163106515444428
68,68,2.25,0.02,568,1000000.0,17.15,2.43,0.81,,1000000.0,100.0,568.0,0.5677884237197531,0.0564343302152588,0.0441760781679875,2.650732345151546e-06,-1.8072871437253131e-06,3230000000000000.0,1750000000000000.0,1160000000000000.0,1.00037269811011,100.037269811011,3231203814895655.0,1750652221692692.5,1160432329807727.5,0.0794790326548419,0.0430613954012301,0.0285435535231011,0.0455092513404094,0.0246567151225128,0.0163438797383513
69,69,2.25,0.02,569,1000000.0,17.15,2.43,0.81,,1000000.0,100.0,569.0,0.5688463267086377,0.056308389234182,0.0438878357361918,1.7980381100936095e-05,7.365757384419295e-06,3230000000000000.0,1750000000000000.0,1160000000000000.0,1.000270169897619,100.02701698976192,3230872648769309.0,1750472797320833.5,1160313397081238.0,0.0796189605292342,0.0431372077170773,0.0285938062581769,0.0456021524215943,0.0247070485256314,0.0163772435941329
70,70,2.25,0.02,570,1000000.0,17.15,2.43,0.81,,1000000.0,100.0,570.0,0.5515994922290772,0.0563514211199382,0.0438188468970156,2.649235937529828e-06,1.9853242515742382e-06,3230000000000000.0,1750000000000000.0,1160000000000000.0,1.0473644220304366,104.73644220304364,3382987083158310.5,1832887738553264.0,1214942729555306.5,0.0797647879478703,0.0432162163804251,0.0286461777150245,0.0456954335690255,0.0247575878469951,0.016410743944294
71,71,2.25,0.02,571,1000000.0,17.15,2.43,0.81,,1000000.0,100.0,571.0,0.5343396109251911,0.0559618733961226,0.0438623045120226,5.996714295940763e-06,8.70010932594481e-06,3230000000000000.0,1750000000000000.0,1160000000000000.0,1.094374531850289,109.4374531850289,3534829737876433.0,1915155430738005.2,1269474456946335.0,0.0799195009081437,0.0433000391917187,0.0287017402642249,0.0457742047759359,0.0248002657454761,0.016439033294144
72,72,2.25,0.02,572,1000000.0,17.15,2.43,0.81,,1000000.0,100.0,572.0,0.5353154630290202,0.0563113390044156,0.0437743048601966,-3.762971664254612e-06,2.619339552327886e-06,3230000000000000.0,1750000000000000.0,1160000000000000.0,1.0942580957521073,109.42580957521076,3534453649279307.5,1914951667566188.5,1269339391072444.8,0.0800594650078078,0.0433758711342612,0.028752006008996,0.0458532480283103,0.0248430910370102,0.0164674203445325
73,73,2.25,0.02,573,1000000.0,17.15,2.43,0.81,,1000000.0,100.0,573.0,0.5728908743628949,0.0561386295003736,0.0438336757315662,-5.738128549140313e-06,9.234114344475608e-06,3230000000000000.0,1750000000000000.0,1160000000000000.0,1.0001905105444426,100.01905105444428,3230615349058550.0,1750333393452774.8,1160220992231553.5,0.0802053597019483,0.0434549162471856,0.0288044016267058,0.045932564737897,0.0248860644864767,0.0164959056024646
74,74,2.25,0.02,574,1000000.0,17.15,2.43,0.81,,1000000.0,100.0,574.0,0.5553925550499651,0.0561764985579859,0.0436437735558124,1.743120428858631e-07,-1.3106678532191994e-06,3230000000000000.0,1750000000000000.0,1160000000000000.0,1.047501097874705,104.7501097874705,3383428546135297.0,1833126921280734.0,1215101273534658.0,0.0803334522625813,0.0435243162413365,0.0288504039085431,0.0460121563262298,0.0249291868640564,0.0165244895784602
75,75,2.25,0.02,575,1000000.0,17.15,2.43,0.81,,1000000.0,100.0,575.0,0.5748173210729988,0.0562138903054737,0.0437454886696932,-1.8098040073684744e-06,-2.1143982391095e-06,3230000000000000.0,1750000000000000.0,1160000000000000.0,1.0003178734412104,100.031787344121,3231026731215109.0,1750556278522117.5,1160368733191803.8,0.0804882842487475,0.0436082035403431,0.0289060092038844,0.0460920242247121,0.0249724589452773,0.0165531727865839
76,76,2.25,0.02,576,1000000.0,17.15,2.43,0.81,,1000000.0,100.0,576.0,0.5573973085181325,0.0563331009124517,0.0435606381353282,1.14521088992774e-06,6.0119996337235695e-06,3230000000000000.0,1750000000000000.0,1160000000000000.0,1.047400704426562,104.74007044265618,3383104275297795.0,1832951232746483.5,1214984817134811.8,0.080628263873528,0.0436840438943262,0.0289562805242391,0.0461721698747033,0.0250158815110621,0.0165819557444754
77,77,2.25,0.02,577,1000000.0,17.15,2.43,0.81,,1000000.0,100.0,577.0,0.5768571203740521,0.0560711127979183,0.0435781685712371,-2.5779062911448176e-06,4.050810625634332e-06,3230000000000000.0,1750000000000000.0,1160000000000000.0,1.000247728890208,100.02477288902082,3230800164315372.0,1750433525557864.2,1160287365512641.5,0.0807742154930955,0.0437631198492002,0.0290086965857556,0.0462525947276051,0.0250594553477736,0.0166108389733813
78,78,2.25,0.02,578,1000000.0,17.15,2.43,0.81,,1000000.0,100.0,578.0,0.5778760801202452,0.0560339351788834,0.0435835804206986,3.307523523937357e-07,-5.160704254073317e-07,3230000000000000.0,1750000000000000.0,1160000000000000.0,1.000214460887491,100.02144608874912,3230692708666597.0,1750375306553109.8,1160248774629489.5,0.0809291613301155,0.0438470688321058,0.0290643427687101,0.0463333002449495,0.0251031812472637,0.0166398229981862
79,79,2.25,0.02,579,1000000.0,17.15,2.43,0.81,,1000000.0,100.0,579.0,0.5602341478688939,0.0561001722595241,0.0435934662721031,-1.4316139146508015e-06,7.796747603415406e-06,3230000000000000.0,1750000000000000.0,1160000000000000.0,1.0475185574977668,104.7518557497767,3383484940717787.0,1833157475621092.0,1215121526697409.5,0.0810571917902828,0.0439164351804938,0.029110322748213,0.0464142878984875,0.0251470600069204,0.0166689083474443
80,80,2.25,0.02,580,1000000.0,17.15,2.43,0.81,,1000000.0,100.0,580.0,0.5797078951875733,0.0560627233121736,0.0435377827991448,4.836629492467169e-06,-1.0136575581642326e-05,3230000000000000.0,1750000000000000.0,1160000000000000.0,1.0005042630522167,100.05042630522163,3231628769658659.0,1750882460341379.2,1160584945140571.5,0.0811971869401797,0.0439922839459178,0.0291605996441511,0.0464955591702773,0.0251910924297167,0.0166980955534123
81,81,2.25,0.02,581,1000000.0,17.15,2.43,0.81,,1000000.0,100.0,581.0,0.5807960416835158,0.0558265952766234,0.0434771441724956,2.060685903753213e-05,5.606113780857941e-06,3230000000000000.0,1750000000000000.0,1160000000000000.0,1.0003512998462225,100.03512998462216,3231134698503297.0,1750614774730888.5,1160407507821617.5,0.0813431954851742,0.0440713907427414,0.0292130361494743,0.0465695472935379,0.0252311788742078,0.0167246671394749
82,82,2.25,0.02,582,1000000.0,17.15,2.43,0.81,,1000000.0,100.0,582.0,0.5819144182145465,0.0560216954540178,0.0435483765169995,-9.097464791685816e-06,-2.276646905120255e-09,3230000000000000.0,1750000000000000.0,1160000000000000.0,1.0001470884040036,100.01470884040036,3230475095544931.0,1750257404707006.5,1160170622548644.2,0.0814982603480866,0.0441554042133596,0.0292687250785698,0.0466437712658772,0.0252713931007075,0.0167513234267545
83,83,2.25,0.02,583,1000000.0,17.15,2.43,0.81,,1000000.0,100.0,583.0,0.5829026514949988,0.0560034653093844,0.0435151181275789,-1.1634837783384856e-05,9.010879448962808e-07,3230000000000000.0,1750000000000000.0,1160000000000000.0,1.0001670210894926,100.01670210894926,3230539478119061.0,1750292286906611.5,1160193744463811.2,0.0816382917232552,0.0442312726054788,0.029319014984203,0.0467182322168061,0.0253117357211797,0.0167780648208963
84,84,2.25,0.02,584,1000000.0,17.15,2.43,0.81,,1000000.0,100.0,584.0,0.5838233828738908,0.0559732740901286,0.043398637346949,-1.4090705621572503e-06,-8.276895132661357e-06,3230000000000000.0,1750000000000000.0,1160000000000000.0,1.000302561155019,100.0302561155019,3230977272530711.0,1750529482021283.2,1160350970939822.0,0.081784367543754,0.0443104158518791,0.0293714756503883,0.0467929312830591,0.0253522073515026,0.0168048917301389
85,85,2.25,0.02,585,1000000.0,17.15,2.43,0.81,,1000000.0,100.0,585.0,0.5848477470042781,0.0558012288208191,0.0435051301129922,-4.203832129408153e-06,3.827534036250115e-06,3230000000000000.0,1750000000000000.0,1160000000000000.0,1.000260384712758,100.0260384712758,3230841042622207.5,1750455673247326.0,1160302046266799.2,0.0819122996781842,0.0443797289278087,0.0294174203178618,0.0468678696086532,0.0253928086114994,0.0168318045653367
86,86,2.25,0.02,586,1000000.0,17.15,2.43,0.81,,1000000.0,100.0,586.0,0.5858737517953273,0.0556520321839322,0.0431982371213451,1.1287826295230364e-05,-4.658055581095712e-06,3230000000000000.0,1750000000000000.0,1160000000000000.0,1.0002155217971411,100.02155217971412,3230696135404766.5,1750377163144997.5,1160250005284684.0,0.0820674835669894,0.0444638068861398,0.0294731519930983,0.046943048344945,0.0254335401249702,0.0168588037399801
87,87,2.25,0.02,587,1000000.0,17.15,2.43,0.81,,1000000.0,100.0,587.0,0.5868242800644339,0.0558663090203299,0.0433355342351007,1.9211084655906558e-06,2.6228413230144887e-06,3230000000000000.0,1750000000000000.0,1160000000000000.0,1.000299649162434,100.02996491624342,3230967866794662.0,1750524386034259.5,1160347593028423.5,0.0822075304672742,0.0445396836896996,0.0295234474743152,0.0470184686506907,0.025474402519724,0.016885889670217
88,88,2.25,0.02,588,1000000.0,17.15,2.43,0.81,,1000000.0,100.0,588.0,0.587844421760542,0.055742540731971,0.0432815502919051,1.2524570920864597e-06,-1.97120686483545e-06,3230000000000000.0,1750000000000000.0,1160000000000000.0,1.0002646937655617,100.02646937655616,3230854960862763.5,1750463214089732.5,1160307044768051.2,0.0823536632132002,0.0446188577780495,0.0295759285843071,0.0470941316921052,0.0255153964276112,0.0169130627748737
89,89,2.25,0.02,589,1000000.0,17.15,2.43,0.81,,1000000.0,100.0,589.0,0.5887938375492581,0.0554224435968051,0.0431521980423271,1.6068784347798358e-06,1.3275269118494885e-05,3230000000000000.0,1750000000000000.0,1160000000000000.0,1.0003502843308671,100.03502843308672,3231131418388701.0,1750612997579017.5,1160406329823805.8,0.0825059128549999,0.0447013459740712,0.0296306064742414,0.0471700386429223,0.0255565224845554,0.0169403234754766
90,90,2.25,0.02,590,1000000.0,17.15,2.43,0.81,,1000000.0,100.0,590.0,0.5896655388439627,0.0558710926794306,0.0431133417761305,1.323571167417224e-05,2.065769285483075e-06,3230000000000000.0,1750000000000000.0,1160000000000000.0,1.000568178918956,100.0568178918956,3231835217908227.0,1750994313108173.0,1160659087545989.0,0.0826337777139253,0.0447706226004239,0.0296765269808524,0.0472461906844554,0.0255977813305873,0.0169676721962749
91,91,2.25,0.02,591,1000000.0,17.15,2.43,0.81,,1000000.0,100.0,591.0,0.5530088850758325,0.0556957587609429,0.0430344413044091,7.2918711957360575e-06,7.057580383116787e-06,3230000000000000.0,1750000000000000.0,1160000000000000.0,1.0944082588769857,109.44082588769857,3534938676172664.0,1915214453034724.8,1269513580297303.2,0.0827738349642879,0.044846505011611,0.0297268261791249,0.0473194761983034,0.0256374871043439,0.0169939914520222
92,92,2.25,0.02,592,1000000.0,17.15,2.43,0.81,,1000000.0,100.0,592.0,0.5918501500997764,0.055758489484797,0.043140692913773,-3.45000882108944e-06,8.651721352831482e-06,3230000000000000.0,1750000000000000.0,1160000000000000.0,1.0002532343902482,100.02532343902482,3230817947080501.0,1750443160182934.2,1160293751892688.0,0.0829230830835776,0.0449273669957464,0.0297804261228947,0.0473929894177177,0.0256773162479894,0.0170203924843815
93,93,2.25,0.02,593,1000000.0,17.15,2.43,0.81,,1000000.0,100.0,593.0,0.573827301672541,0.0554791802135115,0.0430203470179095,-2.6736374721745588e-06,-1.014588683451716e-05,3230000000000000.0,1750000000000000.0,1160000000000000.0,1.0474326724636591,104.74326724636596,3383207532057619.5,1833007176811403.5,1215021900057844.8,0.0830754310511148,0.0450099084642263,0.0298351393248585,0.0474667314056059,0.0257172693374026,0.0170468756750782
94,94,2.25,0.02,594,1000000.0,17.15,2.43,0.81,,1000000.0,100.0,594.0,0.57483258437544,0.0556207490181185,0.0429393898150069,6.79102220578835e-06,2.735160794517384e-06,3230000000000000.0,1750000000000000.0,1160000000000000.0,1.0473766055944704,104.73766055944704,3383026436070139.5,1832909059790323.5,1214956862489585.8,0.0832155245267489,0.0450858105021085,0.0298854515328262,0.047540703231502,0.025757346952052,0.0170734414082174
95,95,2.25,0.02,595,1000000.0,17.15,2.43,0.81,,1000000.0,100.0,595.0,0.5567229596981786,0.0557778523727715,0.0430604413208871,-1.0126627340968925e-05,7.630915866240932e-06,3230000000000000.0,1750000000000000.0,1160000000000000.0,1.0945939289701505,109.459392897015,3535538390573585.0,1915539375697762.8,1269728957605374.2,0.0833648554466596,0.0451667173472614,0.0299390812130417,0.0476149059716167,0.0257975496750245,0.017100090070302
96,96,2.25,0.02,596,1000000.0,17.15,2.43,0.81,,1000000.0,100.0,596.0,0.5958612223733895,0.0556928719851059,0.043171566564123,9.247426797798212e-06,-5.562454720106838e-06,3230000000000000.0,1750000000000000.0,1160000000000000.0,1.000232927310857,100.02329273108572,3230752355214068.0,1750407622793999.5,1160270195680594.2,0.0834895428317554,0.0452342724320656,0.0299838605835406,0.0476893407088909,0.0258378780930523,0.0171268220502517
97,97,2.25,0.02,597,1000000.0,17.15,2.43,0.81,,1000000.0,100.0,597.0,0.5967557354155246,0.0556060346169825,0.0428287243280026,7.151909145831716e-06,-3.5478913354226046e-06,3230000000000000.0,1750000000000000.0,1160000000000000.0,1.000409448028352,100.04094480283518,3231322517131576.5,1750716534049616.0,1160474959712888.2,0.0836450734481609,0.0453185382459076,0.0300397167801445,0.0477640085330475,0.0258783327965427,0.0171536377394226
98,98,2.25,0.02,598,1000000.0,17.15,2.43,0.81,,1000000.0,100.0,598.0,0.597783110496232,0.0555142312502981,0.0429262460348084,1.7084254544543854e-06,6.84961649420409e-06,3230000000000000.0,1750000000000000.0,1160000000000000.0,1.000362945221544,100.0362945221544,3231172313065587.0,1750635154137702.2,1160421016456990.8,0.0837851824489118,0.0453944486952309,0.0300900345636959,0.0478389105406448,0.0259189143796063,0.0171805375316246
99,99,2.25,0.02,599,1000000.0,17.15,2.43,0.81,,1000000.0,100.0,599.0,0.5795396443712972,0.0551974305088329,0.0428730192509565,1.269805247229243e-05,7.408045284066722e-06,3230000000000000.0,1750000000000000.0,1160000000000000.0,1.0475772601407884,104.75772601407884,3383674550254746.5,1833260205246380.0,1215189621763314.5,0.083931491146157,0.045473718113243,0.0301425788636354,0.0479140478351304,0.0259596234400861,0.0172075218231428
100,100,2.25,0.02,600,1000000.0,17.15,2.43,0.81,,1000000.0,100.0,600.0,0.5997649368373572,0.0554771708356996,0.0427562631982613,4.966034012149208e-06,1.304730891856521e-06,3230000000000000.0,1750000000000000.0,1160000000000000.0,1.0003921457570526,100.03921457570524,3231266630795279.0,1750686255074841.8,1160454889078181.2,0.0840840305901302,0.0455563633228259,0.0301973608311303,0.0479894215268956,0.0260004605795874,0.0172345910127549
101,101,2.25,0.02,601,1000000.0,17.15,2.43,0.81,,1000000.0,100.0,601.0,0.5623726010829729,0.0552016519398366,0.0428252833141785,6.795219825269363e-06,-3.201601628052264e-06,3230000000000000.0,1750000000000000.0,1160000000000000.0,1.0944859474424724,109.44859474424725,3535189610239186.0,1915350408024326.5,1269603699033268.0,0.0842117298478137,0.0456255502271437,0.0302432218648495,0.0480619645201518,0.0260397640589057,0.0172606436047604
102,102,2.25,0.02,602,1000000.0,17.15,2.43,0.81,,1000000.0,100.0,602.0,0.5825898495520376,0.0552436591116556,0.0427409299983876,-3.903807027621666e-06,-1.457326771666052e-06,3230000000000000.0,1750000000000000.0,1160000000000000.0,1.0473310788351688,104.7331078835169,3382879384637595.5,1832829387961545.2,1214904051448796.0,0.0843736568121889,0.0457132815545914,0.0303013752019005,0.0481347271640211,0.0260791865439741,0.0172867750805771
103,103,2.25,0.02,603,1000000.0,17.15,2.43,0.81,,1000000.0,100.0,603.0,0.5833304525323424,0.0553005511509748,0.0426645601945628,-6.996142607072824e-06,-1.0961766561519489e-05,3230000000000000.0,1750000000000000.0,1160000000000000.0,1.0477567170046374,104.77567170046376,3384254195924977.0,1833574254758115.2,1215397791725379.5,0.0845013301946783,0.0457824544398412,0.0303472269429804,0.0482077104576255,0.0261187285761127,0.0173129857990233
104,104,2.25,0.02,604,1000000.0,17.15,2.43,0.81,,1000000.0,100.0,604.0,0.6038883854268988,0.0552780452046023,0.0425631539274208,1.3648937433430762e-06,2.992586633510043e-06,3230000000000000.0,1750000000000000.0,1160000000000000.0,1.0001848471602175,100.01848471602176,3230597056327504.5,1750323482530381.5,1160214422705852.5,0.0846539679643889,0.0458651529218824,0.0304020442225049,0.048280915406156,0.0261583906999297,0.0173392761210963
105,105,2.25,0.02,605,1000000.0,17.15,2.43,0.81,,1000000.0,100.0,605.0,0.6047560072016495,0.0553100377998922,0.0426105956496143,-8.827295323287532e-07,-4.741286542314184e-06,3230000000000000.0,1750000000000000.0,1160000000000000.0,1.000403701891455,100.0403701891455,3231303957109400.0,1750706478310046.5,1160468294194087.8,0.0847941235404886,0.0459410886055279,0.0304523787328071,0.0483543430209187,0.026198173463346,0.0173656464099893
106,106,2.25,0.02,606,1000000.0,17.15,2.43,0.81,,1000000.0,100.0,606.0,0.60588315608328,0.0553188146761296,0.0424840556595507,-3.5066359982949178e-06,4.421731223247021e-06,3230000000000000.0,1750000000000000.0,1160000000000000.0,1.000192872141939,100.01928721419392,3230622977018463.0,1750337526248393.2,1160223731684649.5,0.0849405512636268,0.046020422511253,0.0305049657788877,0.0484279943193812,0.0262380774176214,0.017392097031109
107,107,2.25,0.02,607,1000000.0,17.15,2.43,0.81,,1000000.0,100.0,607.0,0.5874496252473316,0.0552150090074744,0.042614967042886,1.2175320291113787e-06,-3.493787881074612e-06,3230000000000000.0,1750000000000000.0,1160000000000000.0,1.0472631962123011,104.72631962123008,3382660123765733.0,1832710593371527.2,1214825307606269.2,0.085068152195573,0.0460895561431123,0.0305507915005773,0.0485018703252193,0.0262781031173788,0.0174186283520911
108,108,2.25,0.02,608,1000000.0,17.15,2.43,0.81,,1000000.0,100.0,608.0,0.6078246095605095,0.0551951028486093,0.0425075806524732,-7.298315960620765e-07,5.657969479773664e-06,3230000000000000.0,1750000000000000.0,1160000000000000.0,1.0002886245656764,100.02886245656764,3230932257347135.0,1750505092989933.5,1160334804496184.5,0.0852208831159821,0.0461723050937983,0.0306056422336033,0.0485759720683647,0.026318251120631,0.0174452407428183
109,109,2.25,0.02,609,1000000.0,17.15,2.43,0.81,,1000000.0,100.0,609.0,0.589347873782234,0.0551987333561372,0.0424561393714392,4.176626205378707e-06,-2.463742542872524e-06,3230000000000000.0,1750000000000000.0,1160000000000000.0,1.0473826156504695,104.73826156504693,3383045848551016.0,1832919577388320.8,1214963834154544.2,0.0853610490421595,0.046248246385071,0.0306559804609613,0.0486503005850537,0.0263585219888062,0.0174719345754371
110,110,2.25,0.02,610,1000000.0,17.15,2.43,0.81,,1000000.0,100.0,610.0,0.6098466414293057,0.0552798388194662,0.0422749175789191,-1.9416314246291767e-06,-3.1438821880867326e-06,3230000000000000.0,1750000000000000.0,1160000000000000.0,1.0002515705971335,100.02515705971337,3230812573028742.0,1750440248544983.8,1160291821892675.0,0.0855075285156857,0.0463276083289319,0.0307085860923206,0.0487248569178737,0.0263989162867736,0.0174987102243757
111,111,2.25,0.02,611,1000000.0,17.15,2.43,0.81,,1000000.0,100.0,611.0,0.6108543548171042,0.0552162914673002,0.0421517277029618,-7.032781488012476e-06,-3.8670358855605385e-06,3230000000000000.0,1750000000000000.0,1160000000000000.0,1.000238483196259,100.0238483196259,3230770300723916.5,1750417345593453.2,1160276640507660.5,0.0856635145355066,0.0464121208783703,0.030764605839377,0.0487966931855795,0.026437836865252,0.0175245090078242
112,112,2.25,0.02,612,1000000.0,17.15,2.43,0.81,,1000000.0,100.0,612.0,0.5923373004105399,0.054937992261575,0.0423529861451933,-8.032323215845192e-06,-1.3342318619557655e-05,3230000000000000.0,1750000000000000.0,1160000000000000.0,1.0471881884288674,104.71881884288672,3382417848625242.0,1832579329750518.0,1214738298577486.5,0.0857878810681964,0.0464795021267316,0.0308092699811479,0.0488687415860282,0.026476872376331,0.017550383975168
113,113,2.25,0.02,613,1000000.0,17.15,2.43,0.81,,1000000.0,100.0,613.0,0.612858855080242,0.0551238851118854,0.0423162366390474,-6.805325752361392e-06,1.0035178376444247e-05,3230000000000000.0,1750000000000000.0,1160000000000000.0,1.0002303375890618,100.02303375890617,3230743990412669.0,1750403090780857.5,1160267191603311.2,0.0859502634359866,0.046567480189776,0.0308675868686514,0.0489410030602521,0.0265160233298578,0.0175763354643629
114,114,2.25,0.02,614,1000000.0,17.15,2.43,0.81,,1000000.0,100.0,614.0,0.6137983012393192,0.0551359330994843,0.0422158833723983,1.5696591668330324e-05,1.6387490144607709e-06,3230000000000000.0,1750000000000000.0,1160000000000000.0,1.0003287188668255,100.03287188668256,3231061761939847.0,1750575258016944.8,1160381313885517.5,0.0860777660421955,0.046636560549177,0.0309133772783116,0.049013478554858,0.0265552902387001,0.0176023638153669
115,115,2.25,0.02,615,1000000.0,17.15,2.43,0.81,,1000000.0,100.0,615.0,0.6148108452214729,0.0550538637966332,0.0422537192725848,7.738171634086693e-06,-7.358835782845179e-06,3230000000000000.0,1750000000000000.0,1160000000000000.0,1.000307737936148,100.03077379361476,3230993993533758.5,1750538541388259.2,1160356976005932.0,0.0862306884390402,0.0467194132409661,0.0309682967768689,0.0490861690220682,0.0265946736187676,0.0176284693701545
116,116,2.25,0.02,616,1000000.0,17.15,2.43,0.81,,1000000.0,100.0,616.0,0.6159140049195457,0.0549487930901138,0.0423628176822286,1.1751067571532435e-06,5.53086815592995e-06,3230000000000000.0,1750000000000000.0,1160000000000000.0,1.000139625061807,100.01396250618076,3230450988949638.0,1750244343858162.5,1160161965071696.5,0.0863709009405673,0.0467953797665612,0.0310186517309776,0.0491590754197621,0.0266341739890352,0.0176546524727319
117,117,2.25,0.02,617,1000000.0,17.15,2.43,0.81,,1000000.0,100.0,617.0,0.597158572229928,0.0549517365095196,0.0420890892218045,1.1787103491193645e-05,5.726652722166316e-06,3230000000000000.0,1750000000000000.0,1160000000000000.0,1.0472106744463834,104.72106744463834,3382490478461819.0,1832618680281170.8,1214764382357804.8,0.0865174994399863,0.046874806198135,0.031071300108478,0.0492321987115186,0.0266737918715658,0.0176809134691522
118,118,2.25,0.02,618,1000000.0,17.15,2.43,0.81,,1000000.0,100.0,618.0,0.6178179993515187,0.0551302760668667,0.0422306036676467,5.818687539013436e-06,-2.657107822204753e-06,3230000000000000.0,1750000000000000.0,1160000000000000.0,1.000294625572741,100.02946255727409,3230951640599953.0,1750515594752296.5,1160341765664379.2,0.0866449295956516,0.0469438473041455,0.0311170644987478,0.0493055398666582,0.026713527791533,0.0177072527075304
119,119,2.25,0.02,619,1000000.0,17.15,2.43,0.81,,1000000.0,100.0,619.0,0.598890106548341,0.0548966363430483,0.0421357578167623,-6.518411692306932e-06,-2.569362836798078e-06,3230000000000000.0,1750000000000000.0,1160000000000000.0,1.0475576342541562,104.7557634254156,3383611158640923.5,1833225859944772.8,1215166855734821.0,0.0867979451431952,0.0470267504645795,0.0311720174508068,0.0493790998602861,0.0267533822772447,0.0177336705380594
120,120,2.25,0.02,620,1000000.0,17.15,2.43,0.81,,1000000.0,100.0,620.0,0.6198068994054665,0.0548517827698461,0.0419952932864277,1.6207709563963083e-05,1.440533278855504e-05,3230000000000000.0,1750000000000000.0,1160000000000000.0,1.0003116657806133,100.03116657806132,3231006680471381.0,1750545415116073.2,1160361532305511.2,0.0869381679947997,0.0471027225978016,0.0312223761219714,0.0494528796733354,0.0267933558601662,0.0177601673130244
121,121,2.25,0.02,621,1000000.0,17.15,2.43,0.81,,1000000.0,100.0,621.0,0.6207812074789103,0.0549446526565813,0.0420665246990786,-1.3588254342722093e-05,-4.875194686257254e-06,3230000000000000.0,1750000000000000.0,1160000000000000.0,1.0003525456768592,100.03525456768593,3231138722536255.0,1750616954934503.5,1160408952985156.8,0.0870848182446068,0.0471821770675113,0.0312750430847503,0.0495240098686172,0.0268318938916656,0.0177857125224754
122,122,2.25,0.02,622,1000000.0,17.15,2.43,0.81,,1000000.0,100.0,622.0,0.6216598456548127,0.0548260961099112,0.0420992792882145,1.6016204166059013e-06,1.2463378532183723e-06,3230000000000000.0,1750000000000000.0,1160000000000000.0,1.0005475501818937,100.05475501818935,3231768587087516.5,1750958212818313.8,1160635158210996.5,0.0872379269428489,0.04726513069659,0.031330029490311,0.0495953449778494,0.0268705429446551,0.0178113313233143
123,123,2.25,0.02,623,1000000.0,17.15,2.43,0.81,,1000000.0,100.0,623.0,0.6229222000268919,0.0547876605980447,0.042085944957579,-1.0302807071120718e-05,-3.423616163935754e-07,3230000000000000.0,1750000000000000.0,1160000000000000.0,1.0001249013492468,100.01249013492468,3230403431358067.0,1750218577361181.8,1160144885565126.2,0.0873652846479711,0.0473341325492103,0.0313757678611907,0.0496668858877925,0.0269093034995778,0.0178370240340058
124,124,2.25,0.02,624,1000000.0,17.15,2.43,0.81,,1000000.0,100.0,624.0,0.6038640797188343,0.0545902058466991,0.0419158045360548,5.029778608851733e-06,2.3259669981909883e-06,3230000000000000.0,1750000000000000.0,1160000000000000.0,1.0473293385061246,104.73293385061248,3382873763374782.5,1832826342385718.0,1214902032667104.5,0.0875248931949589,0.0474206077681665,0.0314330885777561,0.0497386334903308,0.0269481760396529,0.0178627909748556
125,125,2.25,0.02,625,1000000.0,17.15,2.43,0.81,,1000000.0,100.0,625.0,0.6048120438119666,0.0549561634339904,0.041802948691095,-6.365198209998557e-06,1.7108767721261776e-06,3230000000000000.0,1750000000000000.0,1160000000000000.0,1.04738818274752,104.738818274752,3383063830274489.0,1832929319808160.5,1214970291987123.2,0.087652219849848,0.0474895927979053,0.0314788157974687,0.0498105886825098,0.0269871610508954,0.0178886324680221
126,126,2.25,0.02,626,1000000.0,17.15,2.43,0.81,,1000000.0,100.0,626.0,0.6058782141848578,0.0547657906370789,0.0419463121362053,4.425438672198981e-06,6.932960932865276e-06,3230000000000000.0,1750000000000000.0,1160000000000000.0,1.0472080235186856,104.72080235186856,3382481915965354.5,1832614041157699.5,1214761307281675.2,0.087805421698789,0.0475725968956287,0.031533835656531,0.0498827523665735,0.0270262590221374,0.0179145488375311
127,127,2.25,0.02,627,1000000.0,17.15,2.43,0.81,,1000000.0,100.0,627.0,0.6267298099117511,0.0547948986761444,0.0418699526687284,1.1390261093932784e-05,-8.667081549278186e-06,3230000000000000.0,1750000000000000.0,1160000000000000.0,1.0004313263831726,100.04313263831727,3231393184217648.0,1750754821170552.2,1160500338604480.5,0.0879456859507039,0.0476485914593596,0.0315842091959184,0.049955125450002,0.0270654704450475,0.0179405404092886
128,128,2.25,0.02,628,1000000.0,17.15,2.43,0.81,,1000000.0,100.0,628.0,0.6077860720095891,0.0546411823486279,0.0418168348187427,-3.0844697000652127e-06,-5.097635522747128e-07,3230000000000000.0,1750000000000000.0,1160000000000000.0,1.0472488975763814,104.72488975763812,3382613939171711.5,1832685570758667.2,1214808721188602.2,0.0880924500513648,0.0477281076129685,0.0316369170463105,0.0500277088455494,0.0271047958141521,0.0179666075110951
129,129,2.25,0.02,629,1000000.0,17.15,2.43,0.81,,1000000.0,100.0,629.0,0.6087133830607807,0.0545626287150044,0.0417711352083067,4.55986734135184e-06,-5.595531887556129e-06,3230000000000000.0,1750000000000000.0,1160000000000000.0,1.0473066991895883,104.73066991895888,3382800638382370.0,1832786723581780.0,1214875771059922.5,0.0882197042557105,0.0477970533893169,0.0316826182466328,0.0501005034712824,0.0271442356268557,0.0179927504726586
130,130,2.25,0.02,630,1000000.0,17.15,2.43,0.81,,1000000.0,100.0,630.0,0.6096800442572243,0.0547836409258271,0.0416309703120573,1.9146666757209106e-06,7.140408879707321e-06,3230000000000000.0,1750000000000000.0,1160000000000000.0,1.0473502119685576,104.73502119685573,3382941184658440.0,1832862870944975.2,1214926245883526.5,0.0883729992553498,0.0478801079556848,0.0317376715591968,0.050173510250619,0.0271837903834622,0.0180189696256093
131,131,2.25,0.02,631,1000000.0,17.15,2.43,0.81,,1000000.0,100.0,631.0,0.6106714828368165,0.0547472969444351,0.0417695963031808,-1.3736461268710614e-05,-2.76436304528262e-06,3230000000000000.0,1750000000000000.0,1160000000000000.0,1.047334355607143,104.73343556071433,3382889968611072.0,1832835122312500.5,1214907852504285.8,0.0885132738573426,0.0479561081270432,0.03178804881564,0.050248144941163,0.027224227135305,0.018045773415402
132,132,2.25,0.02,632,1000000.0,17.15,2.43,0.81,,1000000.0,100.0,632.0,0.6116083134388646,0.0545952688495808,0.0416932687681823,1.795208763201458e-05,-8.246251924747926e-06,3230000000000000.0,1750000000000000.0,1160000000000000.0,1.0473846224167522,104.73846224167524,3383052330406110.0,1832923089229316.8,1214966162003432.8,0.0886600897083913,0.0480356523187879,0.0318407752513108,0.0503230020054416,0.0272647843682732,0.0180726570669697
133,133,2.25,0.02,633,1000000.0,17.15,2.43,0.81,,1000000.0,100.0,633.0,0.6324926326210175,0.0541024135393795,0.0418177479812036,-1.195785907133922e-05,-4.706378522658613e-06,3230000000000000.0,1750000000000000.0,1160000000000000.0,1.000804678349375,100.08046783493752,3232599111068482.0,1751408187111406.8,1160933426885275.2,0.0888134778587294,0.0481187573538007,0.0318958620173764,0.0503980824387803,0.0273054626216302,0.0180996209377662
134,134,2.25,0.02,634,1000000.0,17.15,2.43,0.81,,1000000.0,100.0,634.0,0.613439934426753,0.0544794692907665,0.0417531319934545,1.1139637104691096e-06,9.002575437406034e-06,3230000000000000.0,1750000000000000.0,1160000000000000.0,1.0475363235717776,104.75363235717778,3383542325136841.0,1833188566250610.5,1215142135343262.0,0.0889406596125318,0.0481876638767587,0.0319415371983086,0.0504733872424528,0.0273462624378614,0.0181266653873823
135,135,2.25,0.02,635,1000000.0,17.15,2.43,0.81,,1000000.0,100.0,635.0,0.6348508702373692,0.0545485761067116,0.0416711624220026,1.6036964801937272e-08,-4.449731812420777e-06,3230000000000000.0,1750000000000000.0,1160000000000000.0,1.0002349737167369,100.02349737167368,3230758965105060.0,1750411204004289.2,1160272569511414.8,0.0891006614624696,0.0482743521855484,0.0319989991629921,0.0505489174237265,0.0273871843627002,0.0181537907775611
136,136,2.25,0.02,636,1000000.0,17.15,2.43,0.81,,1000000.0,100.0,636.0,0.6357375601005402,0.0545817652214566,0.0415807469168877,-5.806707534734768e-06,3.315718239019364e-06,3230000000000000.0,1750000000000000.0,1160000000000000.0,1.0004130792889832,100.0413079288983,3231334246103415.0,1750722888755720.5,1160479171975220.5,0.0892278121660391,0.0483432418856248,0.032044663192757,0.0506246739959072,0.027428228945151,0.0181809974722144
137,137,2.25,0.02,637,1000000.0,17.15,2.43,0.81,,1000000.0,100.0,637.0,0.6164355526074404,0.0544860298682891,0.0414971498680931,-8.339974487401418e-06,1.2540270804012383e-05,3230000000000000.0,1750000000000000.0,1160000000000000.0,1.0473804513890068,104.73804513890067,3383038857986492.0,1832915789930762.0,1214961323611248.0,0.0893812934670755,0.0484263973892824,0.0320997834123242,0.0507006579783842,0.0274693967375146,0.0182082858374383
138,138,2.25,0.02,638,1000000.0,17.15,2.43,0.81,,1000000.0,100.0,638.0,0.5969794385154954,0.0543535795102497,0.0415300639444255,2.6391799958845277e-06,6.817469241651446e-06,3230000000000000.0,1750000000000000.0,1160000000000000.0,1.094504051339412,109.45040513394122,3535248085826301.0,1915382089843971.2,1269624699553718.0,0.0895216094693788,0.0485024199911495,0.0321501755369905,0.0507768703966757,0.0275106882954125,0.0182356562415305
139,139,2.25,0.02,639,1000000.0,17.15,2.43,0.81,,1000000.0,100.0,639.0,0.6388632014408813,0.05454319183464,0.0413526728914308,-1.8126189160190496e-06,1.3265071812705248e-05,3230000000000000.0,1750000000000000.0,1160000000000000.0,1.0002141379777465,100.02141379777464,3230691665668121.0,1750374741461056.5,1160248400054185.8,0.0896685391712815,0.0485820258667933,0.0322029428602744,0.050853312282476,0.0275521041778121,0.0182631090550068
140,140,2.25,0.02,640,1000000.0,17.15,2.43,0.81,,1000000.0,100.0,640.0,0.639826852859278,0.05436044357724,0.0414593749054085,-1.601845641438604e-06,1.3042726249967425e-05,3230000000000000.0,1750000000000000.0,1160000000000000.0,1.000270653073203,100.02706530732031,3230874209426445.0,1750473642878105.5,1160313957564915.5,0.0898221136230166,0.0486652318390956,0.0322580965333433,0.0509299846737012,0.0275936449470516,0.0182906446506171
141,141,2.25,0.02,641,1000000.0,17.15,2.43,0.81,,1000000.0,100.0,641.0,0.6408187440278539,0.054369157813376,0.0414735035080082,-4.30100492372321e-06,-4.9779704172232975e-06,3230000000000000.0,1750000000000000.0,1160000000000000.0,1.0002828966487658,100.0282896648766,3230913756175514.5,1750495069135340.8,1160328160112568.5,0.0899491918760429,0.0487340822857816,0.0323037345437182,0.0510164031161387,0.0276404660845953,0.0183216803760746
142,142,2.25,0.02,642,1000000.0,17.15,2.43,0.81,,1000000.0,100.0,642.0,0.6211371595042785,0.0543071570652646,0.0412448692871549,8.760098108428146e-06,-1.1218201449202704e-05,3230000000000000.0,1750000000000000.0,1160000000000000.0,1.0475548301918198,104.75548301918198,3383602101519577.0,1833220952835684.5,1215163603022510.8,0.0900861958535075,0.0488083104469467,0.0323529372105476,0.0511031153281815,0.0276874463852377,0.018352821603929
143,143,2.25,0.02,643,1000000.0,17.15,2.43,0.81,,1000000.0,100.0,643.0,0.622235234778163,0.0543920409907993,0.041164597344671,-2.267401770521559e-05,-8.896375177680302e-08,3230000000000000.0,1750000000000000.0,1160000000000000.0,1.047390093430523,104.73900934305227,3383070001780589.0,1832932663503414.8,1214972508379406.5,0.0902364996807143,0.0488897444090558,0.0324069162940027,0.0511901228103345,0.0277345866619459,0.0183840688730612
144,144,2.25,0.02,644,1000000.0,17.15,2.43,0.81,,1000000.0,100.0,644.0,0.6438906738410196,0.0542603020298273,0.0413485554739613,4.201675615325138e-06,-3.524337980685745e-07,3230000000000000.0,1750000000000000.0,1160000000000000.0,1.0001698011445386,100.01698011445386,3230548457696859.5,1750297152002942.8,1160196969327664.8,0.0903868345581543,0.0489711951940464,0.0324609065286251,0.0512774270733383,0.0277818877332329,0.0184154227260285
145,145,2.25,0.02,645,1000000.0,17.15,2.43,0.81,,1000000.0,100.0,645.0,0.6447952105805257,0.0541486813519182,0.0413213829298426,-1.107394031003503e-05,6.248559093643482e-06,3230000000000000.0,1750000000000000.0,1160000000000000.0,1.0003177167754216,100.03177167754214,3231026225184611.0,1750556004356987.2,1160368551459488.8,0.0905138351855984,0.0490400035835285,0.0325065166610817,0.0513650296382581,0.0278293504232048,0.0184468837090958
146,146,2.25,0.02,646,1000000.0,17.15,2.43,0.81,,1000000.0,100.0,646.0,0.6457257225829608,0.0543587685865904,0.0414484128903918,-1.5194540123581154e-05,3.2103265560416628e-06,3230000000000000.0,1750000000000000.0,1160000000000000.0,1.0004248320541194,100.04248320541194,3231372207534805.0,1750743456094708.8,1160492805182778.2,0.0906775682385183,0.0491287134419217,0.0325653186243595,0.0514529320365707,0.0278769755616095,0.0184784523722668
147,147,2.25,0.02,647,1000000.0,17.15,2.43,0.81,,1000000.0,100.0,647.0,0.6467677512982164,0.0543284021612761,0.0410984259731427,5.809599303809693e-06,1.240187108111778e-06,3230000000000000.0,1750000000000000.0,1160000000000000.0,1.0003591856700698,100.03591856700696,3231160169714325.0,1750628574922622.0,1160416655377281.0,0.0908011947406579,0.0491956937449384,0.0326097169966448,0.0515411358102545,0.027924763983884,0.0185101292693173
148,148,2.25,0.02,648,1000000.0,17.15,2.43,0.81,,1000000.0,100.0,648.0,0.6268665287955821,0.0542250440494079,0.0412228734419521,-9.90634590684652e-07,-8.519652015401164e-06,3230000000000000.0,1750000000000000.0,1160000000000000.0,1.0477502603307165,104.77502603307164,3384233340868214.5,1833562955578753.2,1215390301983630.8,0.0909549503187514,0.0492789978507168,0.0326649357181894,0.0516296425118796,0.027972716531204,0.0185419149578267
149,149,2.25,0.02,649,1000000.0,17.15,2.43,0.81,,1000000.0,100.0,649.0,0.6488181446084695,0.0543075915287495,0.0409341189340339,7.54967392170968e-06,-3.162056974052805e-06,3230000000000000.0,1750000000000000.0,1160000000000000.0,1.0002803341261175,100.02803341261178,3230905479227361.0,1750490584720706.5,1160325187586296.8,0.0910953128964039,0.049355045686906,0.0327153445696062,0.0517184537046985,0.0280208340505332,0.0185738099992106
150,150,2.25,0.02,650,1000000.0,17.15,2.43,0.81,,1000000.0,100.0,650.0,0.6498579438335582,0.0541241221244992,0.041157232068554,4.771805474164021e-06,-3.96769585162653e-06,3230000000000000.0,1750000000000000.0,1160000000000000.0,1.000218679483171,100.02186794831708,3230706334730641.0,1750382689095549.0,1160253668200478.5,0.0912424030245098,0.0494347384807715,0.0327681695072542,0.0518075709627385,0.0280691173946725,0.0186058149587544
151,151,2.25,0.02,651,1000000.0,17.15,2.43,0.81,,1000000.0,100.0,651.0,0.6506984756491534,0.054023076762304,0.0410636362080782,1.2772819448979216e-06,-7.855984198403958e-07,3230000000000000.0,1750000000000000.0,1160000000000000.0,1.0004637424480154,100.04637424480154,3231497888107090.0,1750811549284026.8,1160537941239698.0,0.0913962517533018,0.0495180930551944,0.0328234216823003,0.0518925685664701,0.0281151687279637,0.0186363404139645
152,152,2.25,0.02,652,1000000.0,17.15,2.43,0.81,,1000000.0,100.0,652.0,0.6309252166671266,0.0549523513261699,0.0410021125794801,-5.678266909791016e-06,6.102131542797253e-06,3230000000000000.0,1750000000000000.0,1160000000000000.0,1.0474427267469069,104.74427267469066,3383240007392508.5,1833024771807086.8,1215033563026411.5,0.0915231488799699,0.0495868453684046,0.0328689946441996,0.0519778455295673,0.0281613714169481,0.018666966196377
153,153,2.25,0.02,653,1000000.0,17.15,2.43,0.81,,1000000.0,100.0,653.0,0.6319272128077783,0.0549450946993732,0.0409622212448519,-1.0389110341893254e-05,-1.3732378007210435e-06,3230000000000000.0,1750000000000000.0,1160000000000000.0,1.0473597433839423,104.7359743383942,3382971971130133.0,1832879550921898.8,1214937302325372.8,0.0916635218077,0.0496628988122213,0.0329194072126724,0.0520634032315415,0.0282077262090395,0.0186976928014205
154,154,2.25,0.02,654,1000000.0,17.15,2.43,0.81,,1000000.0,100.0,654.0,0.6537334936549314,0.0542161567877804,0.0410654332562754,-5.492013444128424e-06,-5.810083563585038e-06,3230000000000000.0,1750000000000000.0,1160000000000000.0,1.0004078108477423,100.04078108477422,3231317229038207.0,1750713668983549.0,1160473060583381.0,0.0918106636861938,0.0497426196442226,0.032972250735599,0.0521492430610023,0.0282542338565802,0.0187285207277903
155,155,2.25,0.02,655,1000000.0,17.15,2.43,0.81,,1000000.0,100.0,655.0,0.6546818848354292,0.0540765743930993,0.0409753519759029,-4.213793485805187e-06,4.270620824514448e-06,3230000000000000.0,1750000000000000.0,1160000000000000.0,1.0004863742526444,100.04863742526445,3231570988836041.0,1750851154942127.8,1160564194133067.5,0.0919612159152638,0.0498241881893843,0.0330263190283919,0.0522353664157319,0.0283008951168826,0.0187594504774765
156,156,2.25,0.02,656,1000000.0,17.15,2.43,0.81,,1000000.0,100.0,656.0,0.6347313490741326,0.054061762820265,0.0407730082810593,5.3882666832183804e-06,6.525122966330008e-06,3230000000000000.0,1750000000000000.0,1160000000000000.0,1.0474969004430534,104.74969004430532,3383414988431061.0,1833119575775343.2,1215096404513941.8,0.0920880354163494,0.0498928984453905,0.0330718641123731,0.0523217747027621,0.0283477107522704,0.0187904825557906
157,157,2.25,0.02,657,1000000.0,17.15,2.43,0.81,,1000000.0,100.0,657.0,0.6568605050595011,0.0540020477514885,0.0409007799670466,-5.09468157947266e-06,-2.2914812322551997e-06,3230000000000000.0,1750000000000000.0,1160000000000000.0,1.0002123878876723,100.0212387887672,3230686012877181.0,1750371678803426.0,1160246369949699.8,0.0922488135221085,0.0499800073262198,0.0331296048562371,0.0524084693384492,0.0283946815301196,0.0188216174713934
158,158,2.25,0.02,658,1000000.0,17.15,2.43,0.81,,1000000.0,100.0,658.0,0.6366696691393692,0.0538727613417615,0.0409621185481466,-5.117892837195366e-06,-9.25150278426839e-06,3230000000000000.0,1750000000000000.0,1160000000000000.0,1.0475072775690737,104.75072775690737,3383448506548107.0,1833137735745878.8,1215108441980125.5,0.0923756019729614,0.0500487007593444,0.0331751387890512,0.0524954517485535,0.0284418082229004,0.0188528557363225
159,159,2.25,0.02,659,1000000.0,17.15,2.43,0.81,,1000000.0,100.0,659.0,0.6588457340808305,0.0540251557149821,0.0407580683694973,8.232863146691462e-06,4.967611971963291e-07,3230000000000000.0,1750000000000000.0,1160000000000000.0,1.000234160686464,100.0234160686464,3230756339017279.0,1750409781201312.2,1160271626396298.5,0.0925296318281121,0.0501321534672434,0.0332304560125726,0.0525827233683156,0.0284890916082206,0.0188841978660205
160,160,2.25,0.02,660,1000000.0,17.15,2.43,0.81,,1000000.0,100.0,660.0,0.6598809507801547,0.0539823121814859,0.0408599535687528,1.3998808781587385e-07,4.67913845559217e-06,3230000000000000.0,1750000000000000.0,1160000000000000.0,1.0001804245724706,100.01804245724706,3230582771369080.5,1750315743001823.5,1160209292504065.8,0.0926700409811136,0.050208226537755,0.0332808815907405,0.0526702856425367,0.0285365324688666,0.0189156443793629
161,161,2.25,0.02,661,1000000.0,17.15,2.43,0.81,,1000000.0,100.0,661.0,0.660836516512893,0.0539759699228837,0.0409114969482998,-4.355360140539847e-06,3.538798608618667e-06,3230000000000000.0,1750000000000000.0,1160000000000000.0,1.0002474216048167,100.02474216048168,3230799171783558.5,1750432987808429.2,1160287009061587.2,0.0928172915354226,0.0502880062498419,0.0333337641427524,0.0527542107823073,0.0285820027458321,0.0189457846772372
162,162,2.25,0.02,662,1000000.0,17.15,2.43,0.81,,1000000.0,100.0,662.0,0.6616883387593248,0.0539061088436,0.0407078975338785,-2.8460031774542417e-06,-4.264010147574332e-06,3230000000000000.0,1750000000000000.0,1160000000000000.0,1.0004712764660206,100.04712764660208,3231522222985246.5,1750824733815536.5,1160546680700584.0,0.0929679886655792,0.0503696533017844,0.0333878844743256,0.0528384038025328,0.028627618159267,0.018976021179857
163,163,2.25,0.02,663,1000000.0,17.15,2.43,0.81,,1000000.0,100.0,663.0,0.6627844026446497,0.0538973910261673,0.0407382184294712,-7.508883038997346e-06,1.4829112585178925e-06,3230000000000000.0,1750000000000000.0,1160000000000000.0,1.0003253415486106,100.03253415486104,3231050853202012.5,1750569347710068.5,1160377396196388.2,0.09309469949085,0.050438304677705,0.0334333905292216,0.0529228659878339,0.0286733794051732,0.0190063543485719
164,164,2.25,0.02,664,1000000.0,17.15,2.43,0.81,,1000000.0,100.0,664.0,0.6637868655006514,0.0539792527007814,0.0406737592588587,-1.09492654924172e-05,-2.308742483027842e-06,3230000000000000.0,1750000000000000.0,1160000000000000.0,1.0003211264347225,100.03211264347225,3231037238384153.0,1750561971260764.5,1160372506664278.0,0.0932351138188905,0.0505143805520304,0.0334838179659173,0.0530075986310582,0.0287192871840097,0.0190367846476864
165,165,2.25,0.02,665,1000000.0,17.15,2.43,0.81,,1000000.0,100.0,665.0,0.6435862138936533,0.0539536204847868,0.0406552095756362,7.780451435672903e-06,-5.03421621083962e-06,3230000000000000.0,1750000000000000.0,1160000000000000.0,1.047287578944003,104.72875789440027,3382738879989129.0,1832753263152004.8,1214853591575043.5,0.0933824109485486,0.0505941854984395,0.03353671724468,0.0530926030333464,0.0287653422007293,0.0190673125444834
166,166,2.25,0.02,666,1000000.0,17.15,2.43,0.81,,1000000.0,100.0,666.0,0.6444939078568712,0.0538789917068364,0.040520858586369,-1.3166655844485676e-06,-8.815853822328577e-07,3230000000000000.0,1750000000000000.0,1160000000000000.0,1.0473652485484486,104.73652485484486,3382989752811489.0,1832889184959784.8,1214943688316200.5,0.0935366219300574,0.0506777363398144,0.033592099516677,0.0531778805041987,0.0288115451648134,0.0190979385092477
167,167,2.25,0.02,667,1000000.0,17.15,2.43,0.81,,1000000.0,100.0,667.0,0.6667281704788592,0.0539521485514935,0.0404653429598442,-5.889982793941128e-07,-7.888288626082727e-06,3230000000000000.0,1750000000000000.0,1160000000000000.0,1.0004083840019589,100.04083840019592,3231319080326328.0,1750714672003428.5,1160473725442272.5,0.0936770673083308,0.0507538290370213,0.0336425381045398,0.0532634323615422,0.0288578967903092,0.0191286630152907
168,168,2.25,0.02,668,1000000.0,17.15,2.43,0.81,,1000000.0,100.0,668.0,0.6677465377768044,0.0535897352223915,0.0405544229195205,-1.6870098463211877e-05,5.503919538690637e-06,3230000000000000.0,1750000000000000.0,1160000000000000.0,1.0003795990567284,100.03795990567282,3231226104953233.0,1750664298349274.5,1160440334905805.0,0.0938244265384549,0.0508336676291937,0.033695459685637,0.0533492599317988,0.0289043977958661,0.019159486538974
169,169,2.25,0.02,669,1000000.0,17.15,2.43,0.81,,1000000.0,100.0,669.0,0.6260047172161984,0.0537303388835682,0.0406146866042597,-3.3547840043993896e-06,3.781728417960351e-06,3230000000000000.0,1750000000000000.0,1160000000000000.0,1.094513299267278,109.45132992672782,3535277956633309.0,1915398273717736.8,1269635427150042.5,0.0939510338629494,0.0509022629288424,0.0337409285699755,0.0534353645499534,0.0289510489047735,0.0191904095597356
170,170,2.25,0.02,670,1000000.0,17.15,2.43,0.81,,1000000.0,100.0,670.0,0.6696474328445674,0.0537749646692109,0.040559523956933,5.160477560428768e-07,-8.679409763936268e-07,3230000000000000.0,1750000000000000.0,1160000000000000.0,1.0005267665125013,100.05267665125014,3231701455835379.0,1750921841396877.2,1160611049154501.5,0.094101870719154,0.0509839856837521,0.0337950990818014,0.0535217475596237,0.0289978508449972,0.0192214325601124
171,171,2.25,0.02,671,1000000.0,17.15,2.43,0.81,,1000000.0,100.0,671.0,0.6493011140490624,0.0535857585766494,0.040657501806834,2.442465897377324e-06,-3.184566182623542e-06,3230000000000000.0,1750000000000000.0,1160000000000000.0,1.047488971560432,104.74889715604316,3383389378140194.0,1833105700230755.2,1215087207010100.8,0.094242321272466,0.0510600811847726,0.033845539528192,0.0536043711958322,0.0290426159729741,0.0192511054449428
172,172,2.25,0.02,672,1000000.0,17.15,2.43,0.81,,1000000.0,100.0,672.0,0.6717188338830965,0.0535771553842828,0.0404664751258107,-1.9997892430025998e-07,3.107770342559144e-07,3230000000000000.0,1750000000000000.0,1160000000000000.0,1.0004186602673024,100.04186602673025,3231352272663386.0,1750732655467779.2,1160485645910070.5,0.0943897270779392,0.0511399450112673,0.03389847783604,0.0536872503251984,0.0290875195260362,0.0192808700858297
173,173,2.25,0.02,673,1000000.0,17.15,2.43,0.81,,1000000.0,100.0,673.0,0.651152144896633,0.053679455395947,0.0404091305835414,-1.1156226804201557e-05,-1.1590436195155366e-05,3230000000000000.0,1750000000000000.0,1160000000000000.0,1.0474574169030595,104.74574169030592,3383287456596882.5,1833050479580354.5,1215050603607549.0,0.0945441191858064,0.0512235939861179,0.0339539251565125,0.0537703861346317,0.0291325621472461,0.0193107269090317
174,174,2.25,0.02,674,1000000.0,17.15,2.43,0.81,,1000000.0,100.0,674.0,0.6739098500422755,0.0536044260919529,0.040493562439878,1.6715212556110803e-05,-8.128755109880217e-06,3230000000000000.0,1750000000000000.0,1160000000000000.0,1.0001337821893208,100.01337821893206,3230432116471505.0,1750234118831311.5,1160155187339612.2,0.094670648884719,0.0512921472285629,0.033999366162933,0.0538537798184042,0.0291777444836556,0.0193406763434517
175,175,2.25,0.02,675,1000000.0,17.15,2.43,0.81,,1000000.0,100.0,675.0,0.6748724727506101,0.053693731554737,0.0401861923302459,1.0935026445203725e-05,9.994190919394912e-06,3230000000000000.0,1750000000000000.0,1160000000000000.0,1.0001889800078567,100.01889800078568,3230610405425378.0,1750330715013749.5,1160219216809114.0,0.0948076166369118,0.0513663557630327,0.0340485558200673,0.0539374325782091,0.0292230671863362,0.0193707188206571
176,176,2.25,0.02,676,1000000.0,17.15,2.43,0.81,,1000000.0,100.0,676.0,0.6325757761543157,0.0534412367574518,0.0404073602757909,2.845015634139743e-06,-4.545157185794097e-06,3230000000000000.0,1750000000000000.0,1160000000000000.0,1.094368946605038,109.4368946605038,3534811697534273.0,1915145656558816.8,1269467978061844.2,0.0949550690177342,0.0514462448238498,0.0341015108546661,0.0540213456232172,0.0292685309104118,0.0194008547749015
177,177,2.25,0.02,677,1000000.0,17.15,2.43,0.81,,1000000.0,100.0,677.0,0.676834714568838,0.0535700096901368,0.0404909936149757,-1.8717106351454344e-06,3.4903381886184576e-06,3230000000000000.0,1750000000000000.0,1160000000000000.0,1.000244307799253,100.02443077992532,3230789114191588.0,1750427538648693.5,1160283397047134.0,0.095109549101261,0.0515299414635315,0.0341569897701122,0.0541055201701359,0.0293141363150891,0.0194310846431446
178,178,2.25,0.02,678,1000000.0,17.15,2.43,0.81,,1000000.0,100.0,678.0,0.6561781615073518,0.0535384858380481,0.0403919090660224,-6.999906867047521e-06,5.6851658631946e-06,3230000000000000.0,1750000000000000.0,1160000000000000.0,1.0472487718079937,104.72487718079938,3382613532939819.0,1832685350663988.8,1214808575297272.8,0.0952465272035316,0.0516041556056286,0.0342061831443024,0.0541899574432673,0.0293598840636898,0.0194614088650743
179,179,2.25,0.02,679,1000000.0,17.15,2.43,0.81,,1000000.0,100.0,679.0,0.6570576892801905,0.0535437347441667,0.0403988452519516,6.219071085394561e-06,-5.246783227513065e-06,3230000000000000.0,1750000000000000.0,1160000000000000.0,1.0473983397972646,104.73983397972648,3383096637545164.0,1832947094645212.8,1214982074164826.8,0.0953975503611334,0.0516859792978277,0.0342604205631315,0.0542746586745691,0.0294057748236829,0.019491827883127
180,180,2.25,0.02,680,1000000.0,17.15,2.43,0.81,,1000000.0,100.0,680.0,0.6797163852612698,0.0535572953766608,0.0403501943982622,-1.4724508572389554e-06,9.44969221860558e-07,3230000000000000.0,1750000000000000.0,1160000000000000.0,1.000417327745423,100.04173277454233,3231347968617716.5,1750730323554490.2,1160484100184690.8,0.0955239713842308,0.0517544736601869,0.0343058225404667,0.0543596251037124,0.0294518092667172,0.0195223421425097
181,181,2.25,0.02,681,1000000.0,17.15,2.43,0.81,,1000000.0,100.0,681.0,0.658993503376687,0.0533387478945595,0.040205149963152,5.09486804249341e-08,5.7207394161163975e-06,3230000000000000.0,1750000000000000.0,1160000000000000.0,1.0474715357401618,104.74715357401617,3383333060440721.0,1833075187545282.8,1215066981458587.5,0.0956750204170263,0.0518363113714539,0.034360069251935,0.0544409762901963,0.0294958849869484,0.0195515580484915
182,182,2.25,0.02,682,1000000.0,17.15,2.43,0.81,,1000000.0,100.0,682.0,0.6599101502262414,0.0534955319528286,0.0402253475866576,4.134483476729941e-07,-5.5365075513953774e-06,3230000000000000.0,1750000000000000.0,1160000000000000.0,1.047498459989924,104.7498459989924,3383420025767454.5,1833122304982366.8,1215098213588311.5,0.0958119829941802,0.0519105171021099,0.0344092570505414,0.054522571331728,0.0295400928267876,0.0195808615308991
183,183,2.25,0.02,683,1000000.0,17.15,2.43,0.81,,1000000.0,100.0,683.0,0.6828668355498166,0.0533562172369964,0.0401706134943531,8.638175330167603e-06,8.212433434710065e-07,3230000000000000.0,1750000000000000.0,1160000000000000.0,1.000195030465119,100.01950304651191,3230629948402334.5,1750341303313958.0,1160226235339538.0,0.0959630734272866,0.0519923772438859,0.0344635186302329,0.0546044113264087,0.0295844333811812,0.0196102529840971
184,184,2.25,0.02,684,1000000.0,17.15,2.43,0.81,,1000000.0,100.0,684.0,0.6179865701018956,0.0534473106502513,0.0402528105219844,1.2237167308077648e-05,5.700239979684277e-06,3230000000000000.0,1750000000000000.0,1160000000000000.0,1.1417844538532151,114.1784453853215,3687963785945884.0,1998122794243126.0,1324469966469729.5,0.0961141949106254,0.0520742542085431,0.0345177913610915,0.0546864973789422,0.0296289072486529,0.0196397328048212
185,185,2.25,0.02,685,1000000.0,17.15,2.43,0.81,,1000000.0,100.0,685.0,0.6848424837672382,0.0535282664599532,0.0401839811684309,-5.561481410421996e-06,-2.260236053207733e-06,3230000000000000.0,1750000000000000.0,1160000000000000.0,1.0002300401258593,100.02300401258591,3230743029606525.0,1750402570220253.5,1160266846545996.8,0.0962405331331022,0.052142703709885,0.0345631636019809,0.0547688306006852,0.0296735150313309,0.0196693013921965
186,186,2.25,0.02,686,1000000.0,17.15,2.43,0.81,,1000000.0,100.0,686.0,0.6857649517763662,0.0536213412452649,0.0400492765082029,1.177138839636016e-05,3.1226532840762877e-06,3230000000000000.0,1750000000000000.0,1160000000000000.0,1.000342806433776,100.03428064337758,3231107264781096.0,1750599911259107.8,1160397655463180.2,0.0964023307215067,0.0522303649419928,0.0346212704758351,0.0548514121096973,0.0297182573349753,0.0196989591477551
187,187,2.25,0.02,687,1000000.0,17.15,2.43,0.81,,1000000.0,100.0,687.0,0.6868062322022979,0.0532309510221665,0.0399970757476053,4.315148315519575e-06,-6.2640012198321344e-06,3230000000000000.0,1750000000000000.0,1160000000000000.0,1.0002821591548003,100.02821591548005,3230911374070005.0,1750493778520900.5,1160327304619568.5,0.0965286378937505,0.0522987976204529,0.0346666315655573,0.0549342430307919,0.0297631347690049,0.0197287064754546
188,188,2.25,0.02,688,1000000.0,17.15,2.43,0.81,,1000000.0,100.0,688.0,0.6877678863506957,0.0531349153824058,0.0400027707573796,-3.2447779284627843e-06,1.1054013420128164e-05,3230000000000000.0,1750000000000000.0,1160000000000000.0,1.000337545430444,100.03375454304438,3231090271740333.0,1750590704503276.5,1160391552699314.8,0.0966798266525941,0.0523807110346872,0.0347209284572783,0.0550173244955865,0.0298081479465252,0.0197585437816967
189,189,2.25,0.02,689,1000000.0,17.15,2.43,0.81,,1000000.0,100.0,689.0,0.6887423163394033,0.0533321219094779,0.0400557371186334,-1.513777861102003e-06,-8.270096066844738e-06,3230000000000000.0,1750000000000000.0,1160000000000000.0,1.0003744530134815,100.0374453013482,3231209483233545.0,1750655292773592.8,1160434365495638.8,0.0968203496564494,0.052456845789098,0.0347713949230592,0.0551006576425549,0.0298532974843563,0.0197884714753447
190,190,2.25,0.02,690,1000000.0,17.15,2.43,0.81,,1000000.0,100.0,690.0,0.6676847781592171,0.0530344919307163,0.0399591727208525,1.680742830142627e-05,7.881999544910699e-06,3230000000000000.0,1750000000000000.0,1160000000000000.0,1.0474407664784864,104.74407664784864,3383233675725511.0,1833021341337351.2,1215031289115044.5,0.0969680142138632,0.0525368498062727,0.0348244261573007,0.0551842436170793,0.0298985840030616,0.0198184899677437
191,191,2.25,0.02,691,1000000.0,17.15,2.43,0.81,,1000000.0,100.0,691.0,0.6908778427964535,0.0532848611503715,0.0398732811664699,-1.3590885776924064e-05,3.884897034849033e-06,3230000000000000.0,1750000000000000.0,1160000000000000.0,1.0001768310858747,100.01768310858746,3230571164407374.5,1750309454400280.5,1160205124059614.5,0.0970942437605245,0.0526052404275288,0.0348697593691048,0.0552646982282273,0.0299421739626619,0.0198473838838216
192,192,2.25,0.02,692,1000000.0,17.15,2.43,0.81,,1000000.0,100.0,692.0,0.6917384445514927,0.0537111354553835,0.040009454860309,-5.788092298980671e-06,9.424547734057009e-06,3230000000000000.0,1750000000000000.0,1160000000000000.0,1.000378178991888,100.03781789918877,3231221518143797.0,1750661813235803.5,1160438687630589.8,0.0972454997948728,0.0526871902913397,0.0349240804216879,0.0553453877758316,0.0299858912098158,0.0198763621733636
193,193,2.25,0.02,693,1000000.0,17.15,2.43,0.81,,1000000.0,100.0,693.0,0.6927665224765178,0.0533001926406705,0.0398286825868577,-2.3018789539880518e-06,1.3331779177844e-06,3230000000000000.0,1750000000000000.0,1160000000000000.0,1.0003370745068767,100.03370745068764,3231088750657211.0,1750589880387033.8,1160391006427976.8,0.0973824416718715,0.0527613848067415,0.0349732607861829,0.0554263132904577,0.0300297363028795,0.01990542520648
194,194,2.25,0.02,694,1000000.0,17.15,2.43,0.81,,1000000.0,100.0,694.0,0.693768977990544,0.0531130034624912,0.039821662650072,1.8261910178917387e-05,-1.0636510607909911e-05,3230000000000000.0,1750000000000000.0,1160000000000000.0,1.0003330752728528,100.0333075272853,3231075833131315.0,1750582881727492.5,1160386367316509.2,0.0975337391065302,0.0528433571010612,0.0350275967069891,0.0555074758087078,0.0300737098034794,0.0199345733554492
195,195,2.25,0.02,695,1000000.0,17.15,2.43,0.81,,1000000.0,100.0,695.0,0.6725711231887924,0.0530673039095877,0.0397762840411459,-6.686382747173351e-06,-8.142798306847252e-06,3230000000000000.0,1750000000000000.0,1160000000000000.0,1.0473217153063152,104.73217153063152,3382849140439398.0,1832813001786051.5,1214893189755325.5,0.0976850675914217,0.0529253462182625,0.0350819437789626,0.0555888763732646,0.0301178122765365,0.0199638069947328
196,196,2.25,0.02,696,1000000.0,17.15,2.43,0.81,,1000000.0,100.0,696.0,0.6958708412148666,0.0531571171097086,0.0396420026931715,6.778466976791098e-06,-1.0019213332013584e-05,3230000000000000.0,1750000000000000.0,1160000000000000.0,1.0001856565060951,100.0185656506095,3230599670514687.0,1750324898885666.5,1160215361547070.5,0.0978112143374621,0.0529936919785011,0.0351272472543207,0.0556705160329362,0.0301620442902905,0.0199931265009925
197,197,2.25,0.02,697,1000000.0,17.15,2.43,0.81,,1000000.0,100.0,697.0,0.6745371334820001,0.053253600820853,0.0397017112146239,4.271501202591586e-06,-4.700669107845957e-06,3230000000000000.0,1750000000000000.0,1160000000000000.0,1.0473111287819814,104.73111287819816,3382814945965800.0,1832794475368467.5,1214880909387098.5,0.0979697827016492,0.0530796036309244,0.0351841944067842,0.0557523958427009,0.030206406416324,0.0200225322531061
198,198,2.25,0.02,698,1000000.0,17.15,2.43,0.81,,1000000.0,100.0,698.0,0.6977474571876542,0.0530849249381359,0.0398217902935866,3.175146043458675e-06,3.217410258704412e-06,3230000000000000.0,1750000000000000.0,1160000000000000.0,1.000361971037128,100.0361971037128,3231169166449923.0,1750633449314974.0,1160419886403068.5,0.0980995053995074,0.0531498868263585,0.0352307821249005,0.0558345168637527,0.0302508992295873,0.0200520246321835
199,199,2.25,0.02,699,1000000.0,17.15,2.43,0.81,,1000000.0,100.0,699.0,0.6762293585758758,0.0531286297525508,0.0395688999941082,1.106631918706971e-05,-6.988051685052502e-06,3230000000000000.0,1750000000000000.0,1160000000000000.0,1.0477035200232383,104.77035200232385,3384082369675060.0,1833481160040667.2,1215336083226956.8,0.0982509011599036,0.0532319123931366,0.0352851533577361,0.0559168801635473,0.0302955233084233,0.0200816040215834
200,200,2.25,0.02,700,1000000.0,17.15,2.43,0.81,,1000000.0,100.0,700.0,0.699881997842931,0.0530787174371338,0.0397475204009947,1.602072671547868e-06,6.951860365741623e-06,3230000000000000.0,1750000000000000.0,1160000000000000.0,1.000168630343876,100.0168630343876,3230544676010719.0,1750295103101782.8,1160195611198896.0,0.0983878378618634,0.0533061041047247,0.0353343318637032,0.0559994868158483,0.0303402792345926,0.02011127080693
201,201,2.25,0.02,701,1000000.0,17.15,2.43,0.81,,1000000.0,100.0,701.0,0.7007320215666255,0.0531545751881734,0.0395584038381455,1.6147094148022775e-05,-9.018033851813094e-06,3230000000000000.0,1750000000000000.0,1160000000000000.0,1.0003824697467727,100.03824697467726,3231235377282076.5,1750669322056852.2,1160443664906256.5,0.0985356473203638,0.05338618662868,0.035387415136725,0.056076272063322,0.0303818811488586,0.0201388469329577
202,202,2.25,0.02,702,1000000.0,17.15,2.43,0.81,,1000000.0,100.0,702.0,0.7017437403896565,0.0529656256621678,0.0395406416242036,-1.042150115632467e-05,8.604188369538041e-07,3230000000000000.0,1750000000000000.0,1160000000000000.0,1.0003652714189069,100.03652714189067,3231179826683069.0,1750639224983087.0,1160423714845932.0,0.0986616802155504,0.0534544707050196,0.0354326777244701,0.0561532681723623,0.0304235973070073,0.0201664987863592
203,203,2.25,0.02,703,1000000.0,17.15,2.43,0.81,,1000000.0,100.0,703.0,0.6577026239197942,0.0530515877694121,0.0396163369715051,-1.3383774157121636e-05,-2.640851908830501e-06,3230000000000000.0,1750000000000000.0,1160000000000000.0,1.0945965602919865,109.45965602919864,3535546889743117.0,1915543980510976.0,1269732009938704.2,0.0988131380764121,0.0535365299175607,0.0354870712596401,0.0562304760127404,0.0304654281802773,0.0201942266794981
204,204,2.25,0.02,704,1000000.0,17.15,2.43,0.81,,1000000.0,100.0,704.0,0.6812585996600304,0.0527427151770513,0.0395955713612675,5.195449633565573e-07,-7.93083185232412e-06,3230000000000000.0,1750000000000000.0,1160000000000000.0,1.0473549801748296,104.73549801748295,3382956585964699.5,1832871215305951.5,1214931777002802.5,0.0989536973055393,0.0536126842986667,0.0355375507351163,0.0563078964590176,0.0305073742425018,0.0202220309264583
205,205,2.25,0.02,705,1000000.0,17.15,2.43,0.81,,1000000.0,100.0,705.0,0.704818214849172,0.0529749377210247,0.0395229735520289,3.4597399940612e-06,6.164428546392111e-06,3230000000000000.0,1750000000000000.0,1160000000000000.0,1.0002579950305597,100.025799503056,3230833323948709.0,1750451491303479.5,1160299274235449.5,0.0991015533393893,0.0536927920569445,0.0355906507348889,0.0563855303905789,0.0305494359701278,0.0202499118430561
206,206,2.25,0.02,706,1000000.0,17.15,2.43,0.81,,1000000.0,100.0,706.0,0.7058094129823189,0.0527866691244849,0.0394540919498848,-4.490679988744379e-06,3.0490858630905637e-06,3230000000000000.0,1750000000000000.0,1160000000000000.0,1.0002700606606365,100.02700606606362,3230872295933855.0,1750472606156113.5,1160313270366338.2,0.0992530836507941,0.053774890522876,0.0356450702894493,0.0564633786916648,0.0305916138422331,0.0202778697468517
207,207,2.25,0.02,707,1000000.0,17.15,2.43,0.81,,1000000.0,100.0,707.0,0.7066952881321527,0.0530744395489964,0.0394470390688404,-4.448828441074311e-06,-5.678515434887136e-07,3230000000000000.0,1750000000000000.0,1160000000000000.0,1.000431418492131,100.0431418492131,3231393481729583.0,1750754982361229.2,1160500445450872.0,0.0993790337453599,0.0538431297381981,0.0356903031407484,0.0565414422514066,0.0306339083405454,0.0203059049571615
208,208,2.25,0.02,708,1000000.0,17.15,2.43,0.81,,1000000.0,100.0,708.0,0.7076261298273266,0.0529407924052895,0.0395195981207868,-7.078570903253358e-07,4.552167523424028e-06,3230000000000000.0,1750000000000000.0,1160000000000000.0,1.0005285513831332,100.05285513831332,3231707220967521.0,1750924964920483.5,1160613119604434.5,0.099541581714392,0.0539311975232773,0.0357486795011438,0.0566197219638594,0.0306763199494594,0.0203340177950702
209,209,2.25,0.02,709,1000000.0,17.15,2.43,0.81,,1000000.0,100.0,709.0,0.7088377226669536,0.0530199835322063,0.0393278427214539,4.376751120335766e-06,2.177279268806977e-06,3230000000000000.0,1750000000000000.0,1160000000000000.0,1.0002290257770334,100.02290257770336,3230739753259818.5,1750400795109808.5,1160265669901358.8,0.0996675007587247,0.0539994199157177,0.0357939012012756,0.056698218728036,0.0307188491560565,0.0203622085834432
210,210,2.25,0.02,710,1000000.0,17.15,2.43,0.81,,1000000.0,100.0,710.0,0.7097896599293335,0.0527486886906494,0.0393677481181525,-5.120462955758947e-06,-9.508427853761554e-06,3230000000000000.0,1750000000000000.0,1160000000000000.0,1.0002963969053948,100.02963969053948,3230957362004425.0,1750518694584441.2,1160343820410258.0,0.0998190983456345,0.0540815548312261,0.0358483449166984,0.0567769334479418,0.0307614964501232,0.0203904776469388
211,211,2.25,0.02,711,1000000.0,17.15,2.43,0.81,,1000000.0,100.0,711.0,0.710710329104893,0.0528086861465589,0.0393140730533143,1.65056453044247e-06,-1.2371694298299236e-05,3230000000000000.0,1750000000000000.0,1160000000000000.0,1.000407805622431,100.04078056224314,3231317212160453.0,1750713659839254.8,1160473054522020.5,0.0999560091724004,0.0541557325237462,0.0358975141300261,0.0568498228327193,0.0308009876028664,0.0204166546396142
212,212,2.25,0.02,712,1000000.0,17.15,2.43,0.81,,1000000.0,100.0,712.0,0.7117498863316996,0.0527244738445082,0.0394214881416384,3.04159470147395e-06,-1.1995924631648654e-05,3230000000000000.0,1750000000000000.0,1160000000000000.0,1.000351489378358,100.0351489378358,3231135310692096.0,1750615106412126.5,1160407727678895.2,0.1001039635319876,0.0542358935544824,0.0359506494418283,0.0569228996066856,0.03084058028226,0.0204428989299552
213,213,2.25,0.02,713,1000000.0,17.15,2.43,0.81,,1000000.0,100.0,713.0,0.7127947032949009,0.0527456742343637,0.0392537894132597,7.856204401765042e-06,-7.676093752432039e-07,3230000000000000.0,1750000000000000.0,1160000000000000.0,1.0002881171999891,100.02881171999894,3230930618555965.0,1750504205099981.5,1160334215951987.5,0.100233489578371,0.0543060702049997,0.0359971665358854,0.0569961644934011,0.0308802748803256,0.0204692107778158
214,214,2.25,0.02,714,1000000.0,17.15,2.43,0.81,,1000000.0,100.0,714.0,0.6910289339227335,0.0528739643417266,0.0392919656052541,-6.151752788291536e-06,1.276935781940918e-05,3230000000000000.0,1750000000000000.0,1160000000000000.0,1.0472427864586724,104.72427864586726,3382594200261511.5,1832674876302676.8,1214801632292059.8,0.1003814594630747,0.0543862396471766,0.0360503074232714,0.0570696182201557,0.0309200717911061,0.0204955904443903
215,215,2.25,0.02,715,1000000.0,17.15,2.43,0.81,,1000000.0,100.0,715.0,0.6918161098653837,0.0524466023389977,0.0391124005066438,5.281086954050116e-07,4.845911932544111e-06,3230000000000000.0,1750000000000000.0,1160000000000000.0,1.0474628038860494,104.74628038860494,3383304856551940.0,1833059906800586.5,1215056852507817.2,0.1005220497424347,0.0544624108511643,0.0361007980499146,0.0571432615179938,0.0309599714106778,0.0205220381922207
216,216,2.25,0.02,716,1000000.0,17.15,2.43,0.81,,1000000.0,100.0,716.0,0.7158998927086714,0.0525624419241314,0.0392715272536999,2.6531324741351046e-06,6.572042848843537e-06,3230000000000000.0,1750000000000000.0,1160000000000000.0,1.000139838561018,100.0139838561018,3230451678552088.0,1750244717481781.5,1160162212730780.5,0.1006700506773712,0.0545425971162227,0.0361539500884676,0.0572170951217376,0.0309999741371643,0.0205485542852061
217,217,2.25,0.02,717,1000000.0,17.15,2.43,0.81,,1000000.0,100.0,717.0,0.7167112579079458,0.0526741918807324,0.039120920439002,-1.4037744503585676e-05,5.810003490333922e-07,3230000000000000.0,1750000000000000.0,1160000000000000.0,1.000403213599543,100.0403213599543,3231302379926524.5,1750705623799200.5,1160467727775470.0,0.1008217828152897,0.0546248049308844,0.0362084421256149,0.0572911197700125,0.0310400803707497,0.0205751389886113
218,218,2.25,0.02,718,1000000.0,17.15,2.43,0.81,,1000000.0,100.0,718.0,0.6947977094462058,0.0528449259708622,0.0391462754133428,1.7822165380629004e-06,5.29520447191789e-07,3230000000000000.0,1750000000000000.0,1160000000000000.0,1.0474239659489306,104.74239659489308,3383179410015046.5,1832991940410628.8,1215011800500759.8,0.1009475362583806,0.0546929376012898,0.0362536043528549,0.0573653362052705,0.0310802905136914,0.0206017925690754
219,219,2.25,0.02,719,1000000.0,17.15,2.43,0.81,,1000000.0,100.0,719.0,0.6958675568556398,0.0525407284286955,0.0392100625927357,-1.0553372965732107e-05,-2.7416540300420864e-06,3230000000000000.0,1750000000000000.0,1160000000000000.0,1.0472962369967562,104.7296236996756,3382766845499523.0,1832768414744323.5,1214863634916237.2,0.1011104568302075,0.0547812072609483,0.036312114527257,0.0574397451738164,0.0311206049703339,0.0206285152946214
220,220,2.25,0.02,720,1000000.0,17.15,2.43,0.81,,1000000.0,100.0,720.0,0.6737009679953907,0.052675917520879,0.039026275427798,-6.677984668062114e-07,1.4564961741332671e-06,3230000000000000.0,1750000000000000.0,1160000000000000.0,1.0943845258368703,109.438452583687,3534862018453091.0,1915172920214522.8,1269486049970769.2,0.1012361792230653,0.0548493231084718,0.0363572656033299,0.0575143474258322,0.0311610241471226,0.0206553074346642
221,221,2.25,0.02,721,1000000.0,17.15,2.43,0.81,,1000000.0,100.0,721.0,0.7205997080717111,0.0525638660259139,0.0391000791128543,-8.372189051847777e-06,1.893270387215213e-06,3230000000000000.0,1750000000000000.0,1160000000000000.0,1.000556230398641,100.0556230398641,3231796624187610.5,1750973403197622.0,1160645227262423.5,0.1013879786364886,0.0549315673727105,0.0364117818013395,0.0575861456647793,0.0311999241217845,0.0206810925607257
222,222,2.25,0.02,722,1000000.0,17.15,2.43,0.81,,1000000.0,100.0,722.0,0.721752766698296,0.0525179252155817,0.0391767887906056,2.854620721838542e-06,3.147586866775846e-06,3230000000000000.0,1750000000000000.0,1160000000000000.0,1.000342626045786,100.0342626045786,3231106682127888.0,1750599595580125.2,1160397446213111.5,0.1015248635880603,0.0550057310461627,0.0364609417220278,0.0576581233869559,0.031238921339682,0.0207069421451606
223,223,2.25,0.02,723,1000000.0,17.15,2.43,0.81,,1000000.0,100.0,723.0,0.7228100660442465,0.052655783999223,0.0390780551279039,-5.573189393550763e-06,5.694956069940693e-06,3230000000000000.0,1750000000000000.0,1160000000000000.0,1.0002629213592855,100.02629213592851,3230849235990491.0,1750460112378748.8,1160304988776771.0,0.1016729628487342,0.0550859705836794,0.0365141290726104,0.0577302812662198,0.0312780161659085,0.0207328564299736
224,224,2.25,0.02,724,1000000.0,17.15,2.43,0.81,,1000000.0,100.0,724.0,0.7004816196577945,0.0524778950180948,0.0389936912218466,-8.656449438047108e-06,-9.656399725022708e-06,3230000000000000.0,1750000000000000.0,1160000000000000.0,1.0475668857867118,104.75668857867116,3383641041091078.5,1833242050126745.2,1215177587512585.8,0.101824829537662,0.0551682512974949,0.0365686694314823,0.0578026199798066,0.0313172089673874,0.0207588356583824
225,225,2.25,0.02,725,1000000.0,17.15,2.43,0.81,,1000000.0,100.0,725.0,0.7015921667718914,0.0527520331830783,0.0390113087349303,-7.177835551811531e-06,-1.1526406639599728e-05,3230000000000000.0,1750000000000000.0,1160000000000000.0,1.047347213597231,104.73472135972308,3382931499919055.0,1832857623795154.0,1214922767772787.5,0.1019504639548602,0.0552363194801874,0.0366137889125812,0.0578751402083505,0.0313565001128833,0.0207848800748254
226,226,2.25,0.02,726,1000000.0,17.15,2.43,0.81,,1000000.0,100.0,726.0,0.7025770755936872,0.0526479779678161,0.0389653180773323,-2.7527834756517152e-06,-3.3728008390259915e-06,3230000000000000.0,1750000000000000.0,1160000000000000.0,1.047279496101832,104.72794961018316,3382712772408917.0,1832739118178205.2,1214844215478125.0,0.102091085284453,0.0553125075070566,0.0366642906903917,0.0579478426359055,0.0313958899730138,0.0208109899249692
227,227,2.25,0.02,727,1000000.0,17.15,2.43,0.81,,1000000.0,100.0,727.0,0.7266939919719902,0.0525158132621996,0.0388766982046341,1.2474006742495986e-05,5.257595943286572e-06,3230000000000000.0,1750000000000000.0,1160000000000000.0,1.0004214262859843,100.04214262859846,3231361206903729.0,1750737496000473.0,1160488854491742.2,0.1022392311204763,0.0553927722788958,0.0367174947677251,0.0580207279499678,0.0314353789202611,0.0208371654557159
228,228,2.25,0.02,728,1000000.0,17.15,2.43,0.81,,1000000.0,100.0,728.0,0.7043701954184612,0.0524098167291942,0.038664861420734,-1.3259741363415316e-06,-7.247678675498425e-06,3230000000000000.0,1750000000000000.0,1160000000000000.0,1.0475820837058,104.75820837057998,3383690130369733.0,1833268646485149.2,1215195217098727.8,0.1023911650849086,0.0554750894422878,0.0367720592874594,0.058093796841496,0.0314749673289839,0.0208634069152121
229,229,2.25,0.02,729,1000000.0,17.15,2.43,0.81,,1000000.0,100.0,729.0,0.7054450659136849,0.0525358838017863,0.0388726133267821,6.110699419728252e-06,2.239766432914412e-06,3230000000000000.0,1750000000000000.0,1160000000000000.0,1.0474347741567684,104.74347741567688,3383214320526362.0,1833010854774344.8,1215024338021851.5,0.1025167218765245,0.0555431155677765,0.0368171508906404,0.0581670500049342,0.0315146555754288,0.0208897145528556
230,230,2.25,0.02,730,1000000.0,17.15,2.43,0.81,,1000000.0,100.0,730.0,0.6830509463900661,0.0524666678904953,0.0387384979258597,9.669079312547137e-07,4.79791264834043e-06,3230000000000000.0,1750000000000000.0,1160000000000000.0,1.0944068223006016,109.44068223006018,3534934036030943.0,1915211939026052.8,1269511913868698.2,0.1026762372728138,0.0556295403180879,0.036874438153704,0.0582404881382336,0.0315544440377427,0.0209160886193036
231,231,2.25,0.02,731,1000000.0,17.15,2.43,0.81,,1000000.0,100.0,731.0,0.7073577783368975,0.0524455908182448,0.0385981287144059,2.6350658761932725e-06,1.7226130622518762e-06,3230000000000000.0,1750000000000000.0,1160000000000000.0,1.0473848342141168,104.73848342141169,3383053014511598.0,1832923459874704.5,1214966407688375.5,0.1028055407925286,0.0556995964046207,0.0369208753310629,0.0583111853129468,0.0315927474605748,0.0209414783167239
232,232,2.25,0.02,732,1000000.0,17.15,2.43,0.81,,1000000.0,100.0,732.0,0.7317218326146417,0.0523494153485681,0.038835679623907,5.785182569758272e-06,-3.5277398160549696e-06,3230000000000000.0,1750000000000000.0,1160000000000000.0,1.0003802298818063,100.03802298818069,3231228142518235.5,1750665402293161.5,1160441066662895.5,0.1029537539040562,0.0557798976260367,0.0369741035692586,0.0583820543325448,0.0316311439882209,0.020966929729335
233,233,2.25,0.02,733,1000000.0,17.15,2.43,0.81,,1000000.0,100.0,733.0,0.7328133283347256,0.0525402695283835,0.0388733471079902,4.532176043657701e-06,-8.204505325018728e-06,3230000000000000.0,1750000000000000.0,1160000000000000.0,1.000254759375144,100.02547593751436,3230822872781715.0,1750445828906502.0,1160295520875166.8,0.1030944011088433,0.0558560996719739,0.0370246146397084,0.0584530958243496,0.0316696339605608,0.020992443082429
234,234,2.25,0.02,734,1000000.0,17.15,2.43,0.81,,1000000.0,100.0,734.0,0.7102657235243209,0.0522454011901333,0.038781871377439,-9.567894468197449e-06,3.758651360721905e-06,3230000000000000.0,1750000000000000.0,1160000000000000.0,1.047412151753505,104.74121517535052,3383141250163821.0,1832971265568634.0,1214998096034066.0,0.1032426452706038,0.0559364177162714,0.0370778540290713,0.0585243104187405,0.0317082177191318,0.0210180186023959
235,235,2.25,0.02,735,1000000.0,17.15,2.43,0.81,,1000000.0,100.0,735.0,0.7347458913595233,0.0523992670899857,0.0387728377416745,-5.192218415882801e-06,6.581386496955205e-06,3230000000000000.0,1750000000000000.0,1160000000000000.0,1.0003459544089652,100.03459544089654,3231117432740957.0,1750605420215689.2,1160401307114399.8,0.103394713786045,0.056018807778817,0.0371324668705301,0.0585956987491722,0.0317468956071367,0.0210436565167306
236,236,2.25,0.02,736,1000000.0,17.15,2.43,0.81,,1000000.0,100.0,736.0,0.7358049206239116,0.0524141362412571,0.0387474538436385,-4.509168766782522e-06,2.1734527831225978e-07,3230000000000000.0,1750000000000000.0,1160000000000000.0,1.0002651853036568,100.02651853036564,3230856548530811.0,1750464074281399.0,1160307614952241.5,0.1035201515517686,0.0560867694165927,0.0371775157275701,0.0586672614521944,0.0317856679694552,0.0210693570540389
237,237,2.25,0.02,737,1000000.0,17.15,2.43,0.81,,1000000.0,100.0,737.0,0.7367347917756433,0.0521892208811411,0.0387251010611658,2.221707847063617e-06,8.964899156297743e-06,3230000000000000.0,1750000000000000.0,1160000000000000.0,1.0003601822262485,100.03601822262486,3231163388590783.0,1750630318895935.0,1160417811382448.2,0.1036569899279911,0.0561609078557227,0.0372266589215076,0.05873899916747,0.0318245351526541,0.0210951204440449
238,238,2.25,0.02,738,1000000.0,17.15,2.43,0.81,,1000000.0,100.0,738.0,0.7378292449714536,0.0522157132751809,0.0386601172290885,-3.172019090150455e-07,-5.698099789459474e-06,3230000000000000.0,1750000000000000.0,1160000000000000.0,1.0002314463304596,100.02314463304596,3230747571647385.0,1750405031078304.5,1160268477743333.2,0.1038052754900622,0.056241248330529,0.0372799131790935,0.0588109125377945,0.0318634975049971,0.021120946917598
239,239,2.25,0.02,739,1000000.0,17.15,2.43,0.81,,1000000.0,100.0,739.0,0.7151285412935892,0.0524062892819512,0.0387453858026523,1.3526239315944673e-05,2.703071079727329e-06,3230000000000000.0,1750000000000000.0,1160000000000000.0,1.0474071179036368,104.74071179036368,3383124990828746.0,1832962456331364.0,1214992256768218.5,0.1039574061059691,0.0563236720388378,0.0373345483228866,0.0588830022091152,0.0319025553764555,0.0211468367066791
240,240,2.25,0.02,740,1000000.0,17.15,2.43,0.81,,1000000.0,100.0,740.0,0.7393938141173294,0.0523265821142794,0.0385503425346749,1.4357933386068106e-05,5.74666558564764e-06,3230000000000000.0,1750000000000000.0,1160000000000000.0,1.00082200739544,100.082200739544,3232655083887271.5,1751438512942020.0,1160953528578710.5,0.1040827610710715,0.056391588815596,0.0373795674434808,0.0589552688305501,0.031941709118719,0.021172790044408
241,241,2.25,0.02,741,1000000.0,17.15,2.43,0.81,,1000000.0,100.0,741.0,0.7407955899165131,0.0521564810589664,0.0385377255935801,9.758771288899624e-06,1.371293128864641e-05,3230000000000000.0,1750000000000000.0,1160000000000000.0,1.0002759707986113,100.02759707986112,3230891385679515.0,1750482948897570.0,1160320126126389.2,0.1042464216734481,0.0564802594205989,0.0374383433873684,0.0590248653666577,0.0319794162203253,0.0211977844660442
242,242,2.25,0.02,742,1000000.0,17.15,2.43,0.81,,1000000.0,100.0,742.0,0.7177893215016293,0.0520927345719811,0.0385506128966102,-8.320339676418501e-07,9.65477998187255e-06,3230000000000000.0,1750000000000000.0,1160000000000000.0,1.0477419967056345,104.77419967056342,3384206649359198.0,1833548494234860.0,1215380716178535.5,0.1043717455883177,0.0565481593744755,0.0374833513567952,0.0590946264140172,0.0320172124534148,0.0212228379691206
243,243,2.25,0.02,743,1000000.0,17.15,2.43,0.81,,1000000.0,100.0,743.0,0.7427894319452435,0.0521895401711493,0.0386250155415645,-9.332836292370147e-06,7.403343705484875e-06,3230000000000000.0,1750000000000000.0,1160000000000000.0,1.0002834980479434,100.02834980479436,3230915698694857.0,1750496121583901.0,1160328857735614.5,0.1045239434797295,0.0566306195323611,0.0375380106614508,0.0591645525566229,0.0320550981343932,0.0212479507633691
244,244,2.25,0.02,744,1000000.0,17.15,2.43,0.81,,1000000.0,100.0,744.0,0.7437124988675692,0.0522953188678572,0.0384665724873668,2.2011504646904357e-06,1.10494483434672e-05,3230000000000000.0,1750000000000000.0,1160000000000000.0,1.0003866711034728,100.03866711034728,3231248947664217.0,1750676674431077.2,1160448538480028.5,0.104660771505874,0.0567047523638637,0.0375871501383324,0.0592346443812363,0.0320930735811652,0.0212731230595152
245,245,2.25,0.02,745,1000000.0,17.15,2.43,0.81,,1000000.0,100.0,745.0,0.7447623772335987,0.0520861538383617,0.0385180973000888,-1.3928787847078788e-05,-1.1455238702550258e-06,3230000000000000.0,1750000000000000.0,1160000000000000.0,1.0003190731857523,100.03190731857528,3231030606389981.0,1750558378075067.2,1160370124895473.2,0.1048091553936826,0.0567851461111284,0.0376404397079479,0.0593049024774025,0.0321311391131438,0.0212983550692839
246,246,2.25,0.02,746,1000000.0,17.15,2.43,0.81,,1000000.0,100.0,746.0,0.7219939042636705,0.0519954992417698,0.0384960838955884,-3.0152426739810023e-06,2.8185041191213603e-06,3230000000000000.0,1750000000000000.0,1160000000000000.0,1.047274727871965,104.72747278719648,3382697371026447.0,1832730773775938.5,1214838684331479.2,0.1049614205605987,0.0568676427185907,0.0376951231734658,0.0593753274374674,0.0321692950512594,0.0213236470054062
247,247,2.25,0.02,747,1000000.0,17.15,2.43,0.81,,1000000.0,100.0,747.0,0.7468342280457136,0.0521853423643031,0.038460612997021,-6.056330396900373e-06,-1.7958604618788914e-06,3230000000000000.0,1750000000000000.0,1160000000000000.0,1.0002219999560662,100.02219999560664,3230717059858094.5,1750388499923116.2,1160257519949036.8,0.1050866564998086,0.0569354950076361,0.0377400995479188,0.0594459198565936,0.0322075417179685,0.0213489990816249
248,248,2.25,0.02,748,1000000.0,17.15,2.43,0.81,,1000000.0,100.0,748.0,0.7477902891515669,0.0522129133892688,0.038557845755255,9.62323297776904e-07,-5.1793003274777365e-06,3230000000000000.0,1750000000000000.0,1160000000000000.0,1.0002804887217374,100.02804887217374,3230905978571211.5,1750490855263040.5,1160325366917215.5,0.1052234638257983,0.0570096166238845,0.037789231590689,0.0595166803327773,0.0322458794372633,0.0213744115127002
249,249,2.25,0.02,749,1000000.0,17.15,2.43,0.81,,1000000.0,100.0,749.0,0.7487188139187765,0.0521547538696668,0.038343542127316,1.4359645000565582e-06,-5.7295293932075664e-06,3230000000000000.0,1750000000000000.0,1160000000000000.0,1.0003758080138438,100.03758080138437,3231213859884714.5,1750657664024226.5,1160435937296058.5,0.105375765217986,0.0570921328580419,0.037843928065902,0.0595876094668661,0.0322843085346797,0.0213998845144163
250,250,2.25,0.02,750,1000000.0,17.15,2.43,0.81,,1000000.0,100.0,750.0,0.7498408193163073,0.0522706045349836,0.0384436922159586,4.849950324418931e-06,8.36103169120227e-06,3230000000000000.0,1750000000000000.0,1160000000000000.0,1.0002123345013614,100.02123345013614,3230685840439397.0,1750371585377382.5,1160246308021579.0,0.1055242163812991,0.0571725630548835,0.0378972417963798,0.0596587078625744,0.0323228293373081,0.0214254183035869
251,251,2.25,0.02,751,1000000.0,17.15,2.43,0.81,,1000000.0,100.0,751.0,0.7503405091700074,0.0518374641315518,0.0384292120907766,6.874789453334986e-07,4.347452096191851e-06,3230000000000000.0,1750000000000000.0,1160000000000000.0,1.00088166692128,100.088166692128,3232847784155735.0,1751542917112240.2,1161022733628684.8,0.1056649153364741,0.0572487931389566,0.0379477714521083,0.0597271817664562,0.0323599282016404,0.0214500095508015
252,252,2.25,0.02,752,1000000.0,17.15,2.43,0.81,,1000000.0,100.0,752.0,0.7517545082519405,0.0521781916986419,0.0382905190859537,3.024208659498964e-06,-3.171357380817196e-06,3230000000000000.0,1750000000000000.0,1160000000000000.0,1.0003266054330882,100.0326605433088,3231054935548874.0,1750571559507904.0,1160378862302382.0,0.1058133975500199,0.0573292401586795,0.0380010963337532,0.0597958130342283,0.0323971123250462,0.021474657312602
253,253,2.25,0.02,753,1000000.0,17.15,2.43,0.81,,1000000.0,100.0,753.0,0.7528825963755252,0.0520491460640955,0.0382859778931269,9.543675476506713e-07,6.176537585481387e-07,3230000000000000.0,1750000000000000.0,1160000000000000.0,1.0001559502545736,100.01559502545732,3230503719322272.5,1750272912945503.5,1160180902295305.5,0.1059385196383761,0.057397030763826,0.0380460318205931,0.0598646022089851,0.0324343820017721,0.0214993617840318
254,254,2.25,0.02,754,1000000.0,17.15,2.43,0.81,,1000000.0,100.0,754.0,0.7538272389646863,0.051852429141408,0.0383573370418107,-3.207198968874205e-06,-7.39386406914391e-06,3230000000000000.0,1750000000000000.0,1160000000000000.0,1.0002292135039308,100.02292135039308,3230740359617697.0,1750401123631879.2,1160265887664559.8,0.1060909141812622,0.0574795974666281,0.0381007617493078,0.0599335498363238,0.03247173752742,0.0215241231610326
255,255,2.25,0.02,755,1000000.0,17.15,2.43,0.81,,1000000.0,100.0,755.0,0.7304272406165582,0.0518767013243653,0.0382534716132373,-6.97930760501055e-06,4.025701674890021e-06,3230000000000000.0,1750000000000000.0,1160000000000000.0,1.047685527080724,104.7685527080724,3384024252470738.5,1833449672391267.2,1215315211413639.8,0.1062277111571745,0.0575537134752494,0.0381498900750224,0.0600026564643574,0.0325091791989551,0.0215489416404502
256,256,2.25,0.02,756,1000000.0,17.15,2.43,0.81,,1000000.0,100.0,756.0,0.7074200597567595,0.051977954716504,0.0382399750918355,9.320110713653322e-06,2.9173504073245496e-06,3230000000000000.0,1750000000000000.0,1160000000000000.0,1.0944206909884926,109.44206909884925,3534978831892831.5,1915236209229862.0,1269528001546651.5,0.1063762347710307,0.0576341829254809,0.0382032298248903,0.0600719226437298,0.0325467073147143,0.0215738174200391
257,257,2.25,0.02,757,1000000.0,17.15,2.43,0.81,,1000000.0,100.0,757.0,0.7567772789178548,0.0518521012007095,0.0380354925888399,5.851378940658234e-06,-9.275828811381083e-06,3230000000000000.0,1750000000000000.0,1160000000000000.0,1.000294320083377,100.0294320083377,3230950653869307.0,1750515060145909.5,1160341411296717.2,0.1065286965894218,0.0577167860778601,0.0382579839144672,0.0601413489276313,0.0325843221744132,0.0215987506984682
258,258,2.25,0.02,758,1000000.0,17.15,2.43,0.81,,1000000.0,100.0,758.0,0.7333666532711458,0.0520307100719228,0.0382215186659768,-1.262801818710476e-05,2.6437432491699507e-06,3230000000000000.0,1750000000000000.0,1160000000000000.0,1.0476136915816492,104.76136915816492,3383792223808726.5,1833323960267886.0,1215231882234713.0,0.1066537307021177,0.0577845290181752,0.0383028878063332,0.0602109358718114,0.0326220240791548,0.0216237416753254
259,259,2.25,0.02,759,1000000.0,17.15,2.43,0.81,,1000000.0,100.0,759.0,0.7588175379256427,0.0519765331251974,0.0381465492236762,2.1262004011361626e-07,8.265796874359233e-06,3230000000000000.0,1750000000000000.0,1160000000000000.0,1.000240494826537,100.02404948265368,3230776798289713.0,1750420865946439.2,1160278973998782.5,0.1067905069778746,0.0578586338115418,0.0383520086979363,0.0602806840345955,0.0326598133314372,0.021648790551124
260,260,2.25,0.02,760,1000000.0,17.15,2.43,0.81,,1000000.0,100.0,760.0,0.7598044320502823,0.0520754765578539,0.0381093008831679,1.3998885674097247e-05,1.385334366731268e-06,3230000000000000.0,1750000000000000.0,1160000000000000.0,1.0002574535390711,100.02574535390708,3230831574931199.0,1750450543693374.0,1160298646105322.5,0.1069430050215373,0.0579412565906162,0.0384067757972084,0.0603505939768985,0.0326976902351616,0.0216738975273072
261,261,2.25,0.02,761,1000000.0,17.15,2.43,0.81,,1000000.0,100.0,761.0,0.7607840248595152,0.0517852035179575,0.0380663133992905,-6.02362721069356e-06,-5.361131906390237e-06,3230000000000000.0,1750000000000000.0,1160000000000000.0,1.0002839369006251,100.02839369006249,3230917116189019.0,1750496889576093.5,1160329366804725.0,0.1070915959108979,0.0580217624904245,0.0384601397079385,0.0604181572462039,0.0327342957216275,0.0216981617354788
262,262,2.25,0.02,762,1000000.0,17.15,2.43,0.81,,1000000.0,100.0,762.0,0.7375046196692203,0.0519489672246744,0.0381755122072865,1.2767261316297697e-06,3.37346166754674e-06,3230000000000000.0,1750000000000000.0,1160000000000000.0,1.047200791061729,104.7200791061729,3382458555129384.5,1832601384358025.2,1214752917631605.5,0.1072283773616935,0.0580958700876049,0.0385092624580695,0.0604858719609594,0.0327709832605817,0.0217224803327283
263,263,2.25,0.02,763,1000000.0,17.15,2.43,0.81,,1000000.0,100.0,763.0,0.7627580110333042,0.051691593585791,0.0380755045131585,-1.2022584617302034e-05,-1.007176517498814e-06,3230000000000000.0,1750000000000000.0,1160000000000000.0,1.0003173246608803,100.03173246608802,3231024958654643.5,1750555318156540.5,1160368096606621.2,0.1073809426808607,0.0581785293162557,0.0385640537182038,0.0605537386309418,0.0328077531282192,0.0217468535021339
264,264,2.25,0.02,764,1000000.0,17.15,2.43,0.81,,1000000.0,100.0,764.0,0.739343293336596,0.0518399207025395,0.0378336091438399,-2.070527245247828e-06,8.74775806468843e-06,3230000000000000.0,1750000000000000.0,1160000000000000.0,1.0473412023906268,104.73412023906266,3382912083721724.5,1832847104183596.8,1214915794773126.8,0.1075058629427034,0.0582462105726721,0.0386089167224569,0.0606217577682184,0.0328446056019758,0.0217712814275954
265,265,2.25,0.02,765,1000000.0,17.15,2.43,0.81,,1000000.0,100.0,765.0,0.7403691801608987,0.0519306250847814,0.0380476955840779,-4.308814478745274e-06,1.0116284094429062e-05,3230000000000000.0,1750000000000000.0,1160000000000000.0,1.0472794509830288,104.72794509830288,3382712626675183.0,1832739039220300.5,1214844163140313.2,0.1076544952323746,0.0583267389029893,0.0386622955014099,0.0606899298871599,0.0328815409605355,0.0217957642938407
266,266,2.25,0.02,766,1000000.0,17.15,2.43,0.81,,1000000.0,100.0,766.0,0.7657858699593703,0.0517621260253604,0.0380028194897268,1.0936366335610835e-06,-2.898896054399037e-07,3228931411922199.0,1750000000000000.0,1160000000000000.0,1.0002796597509669,100.02796597509666,3229834414076745.0,1750489404564191.5,1160324405311121.2,0.1077595579305447,0.0584029830061304,0.0387128344497779,0.060738154715766,0.0329185594838369,0.021820302286429
267,267,2.25,0.02,767,1000000.0,17.15,2.43,0.81,,1000000.0,100.0,767.0,0.7666243351162961,0.0519516417087402,0.0379929285349832,6.975245492459353e-06,2.1336219335395787e-06,3227798370800171.0,1750000000000000.0,1160000000000000.0,1.000490188201366,100.04901882013658,3229380599477924.5,1750857829352390.2,1160568618313584.5,0.1078703068064736,0.0584835281593292,0.0387662243798981,0.060785274483941,0.0329556614530809,0.0218448955917565
268,268,2.25,0.02,768,1000000.0,17.15,2.43,0.81,,1000000.0,100.0,768.0,0.7432203862331993,0.0517581003010883,0.0378418954768161,4.130760583516588e-06,8.682265244144276e-06,3226665329678143.0,1750000000000000.0,1160000000000000.0,1.04737672314203,104.73767231420302,3379534159674291.0,1832909265498552.8,1214956998844755.0,0.1079809720629348,0.0585640845277825,0.0388196217441301,0.0608325005878031,0.0329928471507377,0.0218695443970604
269,269,2.25,0.02,769,1000000.0,17.15,2.43,0.81,,1000000.0,100.0,769.0,0.6950752449972893,0.0516859013546596,0.03800592262132,6.373578584679257e-06,1.0278491488040877e-06,3225532288556115.0,1750000000000000.0,1160000000000000.0,1.1413170937328896,114.13170937328896,3681355137316461.0,1997304914032556.5,1323927828730151.8,0.1080716831767143,0.0586338714482101,0.0388658805028134,0.0608798333877125,0.0330301168605534,0.0218942488904239
270,270,2.25,0.02,770,1000000.0,17.15,2.43,0.81,,1000000.0,100.0,770.0,0.7698029407874628,0.051610336630772,0.0378893738127481,-3.102448031797858e-06,1.1401149693828308e-05,3224399247434087.0,1750000000000000.0,1160000000000000.0,1.00025602045161,100.025602045161,3225224759585585.0,1750448035790317.5,1160296983723867.5,0.1081702286674466,0.058707959418695,0.0389149902432493,0.0609272732456589,0.0330674708675581,0.0219190092607813
271,271,2.25,0.02,771,1000000.0,17.15,2.43,0.81,,1000000.0,100.0,771.0,0.7460741914239832,0.0518074259258138,0.0379965859585902,-2.1069056547735927e-06,-1.0341634680306425e-06,3223266206312059.5,1750000000000000.0,1160000000000000.0,1.0474194636982717,104.74194636982716,3376111761172139.0,1832984061471975.2,1215006577889995.2,0.1082806128032619,0.0587885270024027,0.0389683950415926,0.0609746244366424,0.0331048029961549,0.0219437551288798
272,272,2.25,0.02,772,1000000.0,17.15,2.43,0.81,,1000000.0,100.0,772.0,0.7470512696260898,0.0518548634966884,0.0376742983741157,3.977646023949473e-06,9.331372963245076e-07,3222133165190031.5,1750000000000000.0,1160000000000000.0,1.047402364986452,104.7402364986452,3374869897521320.5,1832954138726290.8,1214986743384284.0,0.1083948986611317,0.0588712703454617,0.039023242057563,0.0610220826644607,0.0331422195136085,0.0219685569347347
273,273,2.25,0.02,773,1000000.0,17.15,2.43,0.81,,1000000.0,100.0,773.0,0.7479735312054215,0.0516241176130499,0.0377597190905467,1.2641125231212546e-05,-7.103232520534771e-06,3221000124068003.5,1750000000000000.0,1160000000000000.0,1.0474597253934168,104.74597253934172,3373867905448432.5,1833054519438479.5,1215053281456363.8,0.1084931517028463,0.0589453611197602,0.0390723536565267,0.0610696482924578,0.0331797207063829,0.021993414868231
274,274,2.25,0.02,774,1000000.0,17.15,2.43,0.81,,1000000.0,100.0,774.0,0.7738589735318442,0.0517174002053253,0.0376989372418777,-1.1321671703285902e-05,7.871549594716662e-06,3220000000000000.0,1750000000000000.0,1160000000000000.0,1.0001822556899675,100.01822556899675,3220586863321696.0,1750318947457443.5,1160211416600362.5,0.1086077604045512,0.0590259567416039,0.0391257770401489,0.0611198446265216,0.03321730686224,0.0220183291201133
275,275,2.25,0.02,775,1000000.0,17.15,2.43,0.81,,1000000.0,100.0,775.0,0.7500605013284394,0.0517598664565418,0.0378428731427456,-2.665963782138667e-06,-4.780886173051563e-06,3220000000000000.0,1750000000000000.0,1160000000000000.0,1.04723448574615,104.723448574615,3372095044102603.0,1832660350055762.5,1214792003465534.0,0.1087360857938654,0.0590956988010138,0.0391720060623863,0.0611891600172545,0.0332549782702469,0.0220432998819923
276,276,2.25,0.02,776,1000000.0,17.15,2.43,0.81,,1000000.0,100.0,776.0,0.7757985654141862,0.0515972602510066,0.0376764699392355,-1.0131324396845142e-05,1.522286496833963e-06,3220000000000000.0,1750000000000000.0,1160000000000000.0,1.0002597621274476,100.02597621274477,3220836434050381.0,1750454583723033.2,1160301324067839.2,0.1088843972151084,0.0591763028342981,0.0392254350215919,0.0612586328062427,0.0332927352207841,0.0220683273463483
277,277,2.25,0.02,777,1000000.0,17.15,2.43,0.81,,1000000.0,100.0,777.0,0.7520258967328152,0.0517130625061421,0.0378298014145996,3.817158752850841e-06,-2.83290039960033e-06,3220000000000000.0,1750000000000000.0,1160000000000000.0,1.0471889311746136,104.71889311746136,3371948358382256.0,1832580629555574.0,1214739160162552.0,0.1090207036037501,0.0592503823933425,0.039274539186444,0.0613282635302148,0.0333305780055515,0.022093411706537
278,278,2.25,0.02,778,1000000.0,17.15,2.43,0.81,,1000000.0,100.0,778.0,0.7279263317541702,0.0517772337199591,0.0375339115387446,-1.0072094140600608e-05,4.7900120735529575e-06,3220000000000000.0,1750000000000000.0,1160000000000000.0,1.094524150342281,109.45241503422804,3524367764102143.5,1915417263098990.8,1269648014397045.5,0.1091730545353188,0.0593331818126733,0.039329423372972,0.0613980527283426,0.0333685069175774,0.0221185531567942
279,279,2.25,0.02,779,1000000.0,17.15,2.43,0.81,,1000000.0,100.0,779.0,0.7788906095178504,0.0514360742401035,0.0376592011548547,2.5566128345898847e-06,-9.526750531596504e-06,3220000000000000.0,1750000000000000.0,1160000000000000.0,1.000140448939009,100.01404489390092,3220452245583609.0,1750245785643266.0,1160162920769250.5,0.1093214175467323,0.0594138138840936,0.0393828709174563,0.0614680009422548,0.0334065222512254,0.0221437518922408
280,280,2.25,0.02,780,1000000.0,17.15,2.43,0.81,,1000000.0,100.0,780.0,0.779581589343536,0.0514608434690129,0.0376701110083557,-9.591499693195029e-06,-5.647566204020762e-06,3220000000000000.0,1750000000000000.0,1160000000000000.0,1.0005374616489229,100.0537461648923,3221730626509532.0,1750940557885615.5,1160623455512750.8,0.1094456569945677,0.0594813353231346,0.0394276279856207,0.0615381087160512,0.0334446243022018,0.022169008108888
281,281,2.25,0.02,781,1000000.0,17.15,2.43,0.81,,1000000.0,100.0,781.0,0.780768765815003,0.0516455018612019,0.037733148837776,7.586588927886597e-06,-6.682623231450098e-06,3220000000000000.0,1750000000000000.0,1160000000000000.0,1.0002962531178734,100.02962531178734,3220953935039552.5,1750518442956278.5,1160343653616733.5,0.1096101470931807,0.0595707321158591,0.0394868852882265,0.061609543586169,0.0334834476011788,0.0221947424099242
282,282,2.25,0.02,782,1000000.0,17.15,2.43,0.81,,1000000.0,100.0,782.0,0.7816368312681903,0.0514233387939674,0.0375195871582712,1.5981799220863757e-05,3.4338724634084355e-06,3220000000000000.0,1750000000000000.0,1160000000000000.0,1.0004648950333035,100.04648950333036,3221496962007237.0,1750813566308281.2,1160539278238632.0,0.1097343555869143,0.0596382367320186,0.0395316312052238,0.0616811444955516,0.0335223611388866,0.0222205365263478
283,283,2.25,0.02,783,1000000.0,17.15,2.43,0.81,,1000000.0,100.0,783.0,0.7577326564155679,0.0514233090033134,0.0374914176442912,-1.3519789443065208e-05,5.316042260556187e-06,3219669783133688.0,1750000000000000.0,1160000000000000.0,1.0473427402790727,104.73427402790728,3372097773460965.0,1832849795488376.8,1214917578723724.5,0.1098714911932509,0.0597188912339478,0.0395850936179311,0.0617465791501397,0.0335613652303105,0.0222463906669487
284,284,2.25,0.02,784,1000000.0,17.15,2.43,0.81,,1000000.0,100.0,784.0,0.7838398783168941,0.051461496828839,0.0374571529117288,2.942224594355383e-06,-4.278120754800001e-06,3218536742140038.5,1750000000000000.0,1160000000000000.0,1.0002042921440464,100.02042921440464,3219194263911781.0,1750357511252081.0,1160236978887093.5,0.1099690550550969,0.0597929623815512,0.0396341922071996,0.0617967518174016,0.0336004601919027,0.0222723050414898
285,285,2.25,0.02,785,1000000.0,17.15,2.43,0.81,,1000000.0,100.0,785.0,0.7845928174414439,0.0516310231311011,0.037413073650852,6.011888045237386e-06,8.764691117027828e-06,3217403701146388.0,1750000000000000.0,1160000000000000.0,1.000519132228158,100.05191322281576,3219073959098647.0,1750908481399276.0,1160602193384662.8,0.1100826989440706,0.0598758318962219,0.0396891228569242,0.0618470415112541,0.0336396463415922,0.0222982798607125
286,286,2.25,0.02,786,1000000.0,17.15,2.43,0.81,,1000000.0,100.0,786.0,0.7858641419395553,0.0514964702278326,0.0373958840574738,-5.942082272924348e-06,-5.342609843521192e-06,3216270660152739.0,1750000000000000.0,1160000000000000.0,1.0001728934786367,100.01728934786368,3216826732375409.0,1750302563587614.2,1160200556435218.5,0.1101679144064347,0.059943291651364,0.0397338390374756,0.0618974486416181,0.0336789239987929,0.0223243153363427
287,287,2.25,0.02,787,1000000.0,17.15,2.43,0.81,,1000000.0,100.0,787.0,0.761745853550876,0.0513515929002035,0.0373704955541297,5.611260917865291e-06,1.2998051888817888e-06,3215137619159088.5,1750000000000000.0,1160000000000000.0,1.0471089949722638,104.71089949722636,3366599521095190.5,1832440741201461.2,1214646434167826.0,0.1102773253971456,0.0600239685838018,0.0397873163184058,0.061947973620331,0.0337182934844118,0.0223504116810958
288,288,2.25,0.02,788,1000000.0,17.15,2.43,0.81,,1000000.0,100.0,788.0,0.787871190095575,0.0513890709649707,0.037556766423378,-3.141766882364093e-06,6.183206874646188e-07,3214004578165439.5,1750000000000000.0,1160000000000000.0,1.0001635264010234,100.01635264010234,3214530152766979.5,1750286171201790.8,1160189690625187.0,0.1103785370444453,0.0601002379212654,0.0398378719935245,0.0619986168611583,0.0337577551208585,0.0223765691086833
289,289,2.25,0.02,789,1000000.0,17.15,2.43,0.81,,1000000.0,100.0,789.0,0.7888083263108114,0.0512754558079102,0.0375054886402472,1.1051568911652696e-05,-6.729748860445807e-07,3212871537171788.5,1750000000000000.0,1160000000000000.0,1.0002430169867629,100.02430169867628,3213652319531608.5,1750425279726834.8,1160281899704644.8,0.110487772836674,0.0601809316765847,0.0398913604256219,0.0620493787798048,0.0337973092320536,0.0224027878338184
290,290,2.25,0.02,790,1000000.0,17.15,2.43,0.81,,1000000.0,100.0,790.0,0.7895406237947213,0.0515400508800587,0.0374763397751106,5.072781472865182e-06,1.366413647919138e-05,3211738496178139.5,1750000000000000.0,1160000000000000.0,1.000583348162353,100.05833481623527,3213612057927842.5,1751020859284117.5,1160676683868329.2,0.1105969247213594,0.0602616366471587,0.0399448562918309,0.0621002597939259,0.0338369561434376,0.0224290680722216
291,291,2.25,0.02,791,1000000.0,17.15,2.43,0.81,,1000000.0,100.0,791.0,0.7654571818903426,0.0513303201236352,0.0373667413009838,3.455790280973124e-06,2.150118881037296e-07,3210605455184488.5,1750000000000000.0,1160000000000000.0,1.0473542112590806,104.73542112590806,3362641144178852.5,1832869869703390.8,1214930885060533.5,0.1106856482940583,0.0603312637502111,0.0399910091144256,0.0621483007616568,0.0338750830181497,0.0224543407434593
292,292,2.25,0.02,792,1000000.0,17.15,2.43,0.81,,1000000.0,100.0,792.0,0.7918279508757109,0.0514459617803697,0.0373931301914133,-5.482521913298049e-06,4.161111407511942e-06,3210000000000000.0,1750000000000000.0,1160000000000000.0,1.0002173009928683,100.02173009928688,3210697536187109.0,1750380276737520.2,1160252069151727.5,0.1108250463820552,0.0604186389933322,0.0400489264184373,0.0622066742141513,0.0339132959111416,0.0224796704325281
293,293,2.25,0.02,793,1000000.0,17.15,2.43,0.81,,1000000.0,100.0,793.0,0.7927368752011489,0.051331737355965,0.0372841134487321,3.1488112260755504e-06,2.228134437617363e-06,3210000000000000.0,1750000000000000.0,1160000000000000.0,1.0003320229902686,100.03320229902684,3211065793798762.5,1750581040232970.0,1160385146668711.5,0.1109486634153155,0.0604860314569477,0.0400935979943196,0.0622769258945323,0.0339515951138416,0.0225050573326036
294,294,2.25,0.02,794,1000000.0,17.15,2.43,0.81,,1000000.0,100.0,794.0,0.7683264550182276,0.0514700713146625,0.0372883794623728,-9.54180988409262e-06,9.880009767233672e-07,3210000000000000.0,1750000000000000.0,1160000000000000.0,1.0474433889495174,104.74433889495177,3362293278527951.0,1833025930661655.5,1215034331181440.2,0.1110967405338731,0.0605667588580305,0.0401471087287516,0.062347336428558,0.0339899809189958,0.0225305016377342
295,295,2.25,0.02,795,1000000.0,17.15,2.43,0.81,,1000000.0,100.0,795.0,0.7948173327152517,0.0512761474467412,0.0371843765151044,-7.144983526021068e-07,-6.1851792638847085e-06,3210000000000000.0,1750000000000000.0,1160000000000000.0,1.0002298532755778,100.0229853275578,3210737829014605.0,1750402243232261.2,1160266629799670.5,0.1112366608620012,0.0606430394107483,0.0401976718379817,0.0624179063556401,0.0340284536206759,0.022556003542848
296,296,2.25,0.02,796,1000000.0,17.15,2.43,0.81,,1000000.0,100.0,796.0,0.7957490123021899,0.0513165025964345,0.0372434301998764,2.8512188856078195e-06,3.81332378186131e-06,3210000000000000.0,1750000000000000.0,1160000000000000.0,1.0003154974484303,100.03154974484303,3211012746809461.0,1750552120534753.5,1160365977040179.5,0.1113847688385299,0.0607237836347125,0.0402511937235808,0.0624886362176348,0.0340670135142868,0.0225815632437559
297,297,2.25,0.02,797,1000000.0,17.15,2.43,0.81,,1000000.0,100.0,797.0,0.77124426700836,0.0511703093755186,0.0371289421648856,2.478892344571949e-06,3.7359639555262634e-06,3210000000000000.0,1750000000000000.0,1160000000000000.0,1.0473703789639672,104.73703789639676,3362058916474335.5,1832898163186943.2,1214949639598202.5,0.111508303583867,0.0607911312373107,0.0402958355630173,0.0625595265588576,0.0341056608965735,0.0226071809371573
298,298,2.25,0.02,798,1000000.0,17.15,2.43,0.81,,1000000.0,100.0,798.0,0.7977896070619522,0.05122484188349,0.0373325008857102,-1.705724726464615e-05,9.998902208087729e-06,3210000000000000.0,1750000000000000.0,1160000000000000.0,1.0002637542979915,100.02637542979916,3210846651296553.0,1750461570021485.2,1160305954985670.5,0.1116605259565769,0.0608741185121525,0.0403508442709125,0.0626305779260967,0.034144396065629,0.0226328568206455
299,299,2.25,0.02,799,1000000.0,17.15,2.43,0.81,,1000000.0,100.0,799.0,0.7988130849434242,0.0512576992770573,0.0369729885127238,-1.029660495218448e-06,5.0328623362653495e-06,3210000000000000.0,1750000000000000.0,1160000000000000.0,1.0002340158094716,100.02340158094714,3210751190748403.0,1750409527666575.0,1160271458338986.8,0.1117963421745145,0.0609481616216201,0.0403999242749024,0.0627017908686268,0.0341832193209024,0.0226585910927125
300,300,2.25,0.02,800,1000000.0,17.15,2.43,0.81,,1000000.0,100.0,800.0,0.7996738228518325,0.0511735055326383,0.0372205013455526,-4.950865134467309e-06,-5.7443165849378165e-06,3210000000000000.0,1750000000000000.0,1160000000000000.0,1.0004080595252602,100.040805952526,3211309871076085.0,1750714104169205.0,1160473349049301.5,0.1119444912950052,0.061028928276093,0.0404534610287246,0.0627731659382241,0.0342221309632063,0.0226843839527539
301,301,2.25,0.02,801,1000000.0,17.15,2.43,0.81,,1000000.0,100.0,801.0,0.8008071237708805,0.0512031826040926,0.0372245960797248,-5.610796410760462e-06,-1.553176440092351e-05,3209275044114951.5,1750000000000000.0,1160000000000000.0,1.000240870099934,100.02408700999338,3210048062515542.5,1750421522674884.5,1160279409315923.2,0.1120673456497027,0.0611097061458204,0.0405070052166581,0.0628274355998595,0.0342594544837697,0.0227091241149559
302,302,2.25,0.02,802,1000000.0,17.15,2.43,0.81,,1000000.0,100.0,802.0,0.8017694476256452,0.0511783551567216,0.0370680814237557,-1.0328901777041729e-05,-1.950752414428173e-07,3208142003121300.5,1750000000000000.0,1160000000000000.0,1.0002876186611278,100.0287618661128,3209064724628947.0,1750503332656974.2,1160333637646908.5,0.1121552730644182,0.0611792519382786,0.0405531041419446,0.0628738260306755,0.0342968595051688,0.022733918300569
303,303,2.25,0.02,803,1000000.0,17.15,2.43,0.81,,1000000.0,100.0,803.0,0.7769913588989356,0.0513257041197775,0.0370833071907203,-9.703221791814808e-06,3.6695983121851193e-06,3207008962127651.5,1750000000000000.0,1160000000000000.0,1.0475220318715892,104.7522031871589,3359412544238353.0,1833163555775280.8,1215125556971043.2,0.1122760874111693,0.0612667926064017,0.0406111310991005,0.0629203178718443,0.0343343462946471,0.0227587666867374
304,304,2.25,0.02,804,1000000.0,17.15,2.43,0.81,,1000000.0,100.0,804.0,0.7780488546661147,0.0511266038952558,0.0370820232382983,2.1216435795835277e-06,-2.3434487125797915e-06,3205875921134001.0,1750000000000000.0,1160000000000000.0,1.0473753443689116,104.73753443689114,3357755396901727.0,1832906852645595.2,1214955399467937.5,0.1123638025192674,0.0613363271836055,0.0406572225902757,0.0629669114562575,0.0343719151206178,0.0227836694513809
305,305,2.25,0.02,805,1000000.0,17.15,2.43,0.81,,1000000.0,100.0,805.0,0.7790449765335061,0.0510051521649265,0.0370833372451866,-2.682657522112607e-06,2.3538816350052334e-06,3204742880140352.0,1750000000000000.0,1160000000000000.0,1.0473590745893908,104.7359074589391,3356516537240737.0,1832878380531434.0,1214936526523693.5,0.1124720634331515,0.061417130287655,0.04071078350496,0.0630136071182647,0.0344095662526703,0.0228086267731986
306,306,2.25,0.02,806,1000000.0,17.15,2.43,0.81,,1000000.0,100.0,806.0,0.7799943370937135,0.0510282890563997,0.0370576730776823,-4.6684155733496845e-06,2.7074261167227194e-06,3203609839146703.0,1750000000000000.0,1160000000000000.0,1.0473520549376736,104.73520549376737,3355307348248849.0,1832866096140928.8,1214928383727701.5,0.1125678292392709,0.061491164985682,0.0407598579333662,0.0630604051936824,0.0344472999615764,0.0228336388316735
307,307,2.25,0.02,807,1000000.0,17.15,2.43,0.81,,1000000.0,100.0,807.0,0.7810331920811941,0.0511296926699511,0.0370308967259099,1.2731416966538403e-05,-6.292353100051426e-08,3202476798153052.5,1750000000000000.0,1160000000000000.0,1.0471976680692316,104.71976680692316,3353626235071695.0,1832595919121155.2,1214749294960308.5,0.1126759109255579,0.0615719821087999,0.0408134281406902,0.0631073060198017,0.0344851165192969,0.0228587058070768
308,308,2.25,0.02,808,1000000.0,17.15,2.43,0.81,,1000000.0,100.0,808.0,0.8078433235278567,0.0510284823705745,0.0369631623651789,3.5768321057999143e-06,-1.2771713018216345e-06,3201343757159403.5,1750000000000000.0,1160000000000000.0,1.000193955242715,100.01939552427147,3201964674564837.0,1750339421674751.0,1160224988081549.0,0.1127631868073832,0.0616414830402402,0.0408594973295307,0.0631543099353966,0.0345230161989881,0.0228838278804721
309,309,2.25,0.02,809,1000000.0,17.15,2.43,0.81,,1000000.0,100.0,809.0,0.8089027705022659,0.0511920747666145,0.0368947728656688,1.2063925264226108e-06,-7.589227448065721e-06,3200210716165752.5,1750000000000000.0,1160000000000000.0,1.0001202023295974,100.01202023295976,3200595388949038.5,1750210354076795.5,1160139434702333.2,0.1128710819014634,0.0617223085747988,0.040913073112438,0.0632014172807317,0.0345609992750088,0.0229090052337201
310,310,2.25,0.02,810,1000000.0,17.15,2.43,0.81,,1000000.0,100.0,810.0,0.7838663790332125,0.0511844653899851,0.0369456066616605,-1.333344663174653e-06,-1.1330087216349346e-05,3199077681546752.5,1750000000000000.0,1160000000000000.0,1.0473238666126197,104.73238666126194,3350470407031679.5,1832816766572084.0,1214895685270638.5,0.112966438106759,0.0617963320575711,0.0409621401067328,0.0632486285236034,0.0345990660229262,0.0229342380494825
311,311,2.25,0.02,811,1000000.0,17.15,2.43,0.81,,1000000.0,100.0,811.0,0.8107559492448331,0.0511713184235811,0.0368916124926976,-1.229707343646409e-06,2.471828444012484e-06,3197944648384119.5,1750000000000000.0,1160000000000000.0,1.00030105218066,100.030105218066,3198907396594145.0,1750526841316155.2,1160349220529565.8,0.1130783094826131,0.0618794455040248,0.0410172324483821,0.0632929749199544,0.0346355920093511,0.0229584495604842
312,312,2.25,0.02,812,1000000.0,17.15,2.43,0.81,,1000000.0,100.0,812.0,0.7855526501693223,0.0509821723257134,0.0367757326631802,4.905780884132367e-06,-7.201189921682132e-07,3196811615221484.5,1750000000000000.0,1160000000000000.0,1.0476438110141164,104.76438110141166,3349119903664829.0,1833376669274704.5,1215266820776375.2,0.1131859450120306,0.0619602990767193,0.0410708268165683,0.0633374150476036,0.0346721951977225,0.0229827122453475
313,313,2.25,0.02,813,1000000.0,17.15,2.43,0.81,,1000000.0,100.0,813.0,0.7868307238727335,0.0509638884320451,0.0369083479135601,1.1979960596739009e-05,1.132163881525941e-06,3195678582058851.0,1750000000000000.0,1160000000000000.0,1.0472171254714604,104.72171254714604,3346569338634383.0,1832629969575056.0,1214771865546894.2,0.1132685207220835,0.0620274868619423,0.0411153627199161,0.0633819492040331,0.0347088758330626,0.0230070262664872
314,314,2.25,0.02,814,1000000.0,17.15,2.43,0.81,,1000000.0,100.0,814.0,0.8135856820797699,0.0510042389978441,0.0368663283685154,1.9814258365697105e-06,-4.922298830149473e-06,3194545548896216.0,1750000000000000.0,1160000000000000.0,1.000509351834364,100.05093518343638,3196172696531505.0,1750891365710137.0,1160590848127862.2,0.1133884646705381,0.0621151929550678,0.0411734993302164,0.0634265776879861,0.034745634161431,0.0230313917870056
315,315,2.25,0.02,815,1000000.0,17.15,2.43,0.81,,1000000.0,100.0,815.0,0.7883982939524519,0.0509615739062629,0.0366933245867294,-4.2871567656181545e-06,-1.224362412239392e-05,3193412515733582.5,1750000000000000.0,1160000000000000.0,1.0477199824108856,104.77199824108854,3345802104815091.0,1833509969219050.0,1215355179596627.5,0.1134749871604394,0.0621846462216772,0.041219536924083,0.0634713007994717,0.0347824704299312,0.0230558089706972
316,316,2.25,0.02,816,1000000.0,17.15,2.43,0.81,,1000000.0,100.0,816.0,0.763572079047002,0.0509732248041356,0.036869273518848,6.4330558093382994e-06,-5.37393636971021e-06,3192279482570947.5,1750000000000000.0,1160000000000000.0,1.0943906801852918,109.43906801852918,3493600914272371.0,1915183690324260.8,1269493189014938.2,0.1135822566114581,0.0622655222248805,0.0412731461604922,0.0635161188397732,0.0348193848867156,0.0230802779820515
317,317,2.25,0.02,817,1000000.0,17.15,2.43,0.81,,1000000.0,100.0,817.0,0.7906961379657593,0.05090513438714,0.0366902860937306,-5.321567512330248e-06,-4.291708574359362e-06,3191146449408312.5,1750000000000000.0,1160000000000000.0,1.0472585216612624,104.72585216612626,3341955313011936.5,1832702412907208.8,1214819885127064.5,0.1136769103431795,0.0623395372962121,0.0413222075792034,0.0635610321114541,0.0348563777809912,0.023104798986257
318,318,2.25,0.02,818,1000000.0,17.15,2.43,0.81,,1000000.0,100.0,818.0,0.8178457332808421,0.0508395639999018,0.0365956533138072,1.6818522925450175e-06,-5.149318217210016e-06,3190013416245679.5,1750000000000000.0,1160000000000000.0,1.0001886462290233,100.01886462290231,3190615200247187.0,1750330130900790.5,1160218829625667.0,0.1137840003392862,0.0624204273184835,0.0413758261082519,0.0636060409183652,0.034893449363025,0.0231293721492051
319,319,2.25,0.02,819,1000000.0,17.15,2.43,0.81,,1000000.0,100.0,819.0,0.8186994138076216,0.0508837308285434,0.036862757738752,9.95637931302298e-07,-2.28177050472088e-06,3190000000000000.0,1750000000000000.0,1160000000000000.0,1.0003672129665278,100.03672129665276,3191171409363223.5,1750642622691423.5,1160425967041172.0,0.1139309931963823,0.0625013285560091,0.0414294520714116,0.063673493503108,0.0349305998841501,0.0231539976374937
320,320,2.25,0.02,820,1000000.0,17.15,2.43,0.81,,1000000.0,100.0,820.0,0.819839552792223,0.0508857950852359,0.0368106837278744,6.149297881065622e-06,2.247350871906238e-06,3190000000000000.0,1750000000000000.0,1160000000000000.0,1.0001957520743785,100.01957520743782,3190624449117267.0,1750342566130162.0,1160227072406279.0,0.1140575301371447,0.0625707453730417,0.0414754655044162,0.0637413579506853,0.0349678295967709,0.023178675618431
321,321,2.25,0.02,821,1000000.0,17.15,2.43,0.81,,1000000.0,100.0,821.0,0.7944849230168154,0.0507765103516593,0.036667973774358,-7.471280635358998e-06,3.321346400230587e-07,3190000000000000.0,1750000000000000.0,1160000000000000.0,1.0473993687557022,104.73993687557022,3341203986330690.0,1832948895322478.8,1214983267756614.5,0.1141924285947942,0.062644749229119,0.0415245194890159,0.0638066486527896,0.035003647380057,0.0232024176919234
322,322,2.25,0.02,822,1000000.0,17.15,2.43,0.81,,1000000.0,100.0,822.0,0.8216995108630158,0.0508956862760687,0.0366121481410199,3.7236907007570782e-06,-3.505459838216889e-06,3190000000000000.0,1750000000000000.0,1160000000000000.0,1.0003658537143465,100.03658537143464,3191167073348764.5,1750640244000106.2,1160424390308641.5,0.1143399204372902,0.0627256616818989,0.0415781528862873,0.0638720732474523,0.0350395386153735,0.023226208453619
323,323,2.25,0.02,823,1000000.0,17.15,2.43,0.81,,1000000.0,100.0,823.0,0.822681198417581,0.0510377966917768,0.0366657378661364,-4.81390073928364e-06,-1.0831956455636304e-06,3190000000000000.0,1750000000000000.0,1160000000000000.0,1.0003876108042264,100.03876108042265,3191236478465482.0,1750678318907396.0,1160449628532902.5,0.1144916390367946,0.0628088928885237,0.041633323286107,0.0639376321469594,0.0350755035288963,0.0232500480534398
324,324,2.25,0.02,824,1000000.0,17.15,2.43,0.81,,1000000.0,100.0,824.0,0.7974019882041252,0.0509088149067632,0.0365546850678462,-1.930675642151016e-05,-4.216321357906273e-06,3190000000000000.0,1750000000000000.0,1160000000000000.0,1.0474327487748405,104.743274877484,3341310468591739.5,1833007310355970.0,1215021988578814.5,0.1146139083329357,0.062875968521203,0.0416777848483401,0.0640033257652911,0.0351115423477301,0.023273936641924
325,325,2.25,0.02,825,1000000.0,17.15,2.43,0.81,,1000000.0,100.0,825.0,0.8246678436876322,0.0508617444507475,0.0366892976795686,6.050873585000031e-08,6.262518428239084e-06,3190000000000000.0,1750000000000000.0,1160000000000000.0,1.000402874264274,100.0402874264274,3191285168903034.5,1750705029962479.8,1160467334146558.0,0.1147740855574082,0.0629638400393305,0.0417360311117848,0.0640691545181305,0.0351476552999149,0.0232978743702292
326,326,2.25,0.02,826,1000000.0,17.15,2.43,0.81,,1000000.0,100.0,826.0,0.7993174076438719,0.0507839209149858,0.0365122542746823,1.407928712339205e-06,-2.343290477881609e-06,3190000000000000.0,1750000000000000.0,1160000000000000.0,1.047377288083903,104.73772880839026,3341133548987649.0,1832910254146828.8,1214957654177327.0,0.1149005407229442,0.0630332119953455,0.0417820148083433,0.0641351188228731,0.0351838426144289,0.0233218613901357
327,327,2.25,0.02,827,1000000.0,17.15,2.43,0.81,,1000000.0,100.0,827.0,0.8002757238102879,0.0509143222803328,0.0365662561922786,1.496159922461734e-05,1.5287015104620275e-06,3189816046262516.5,1750000000000000.0,1160000000000000.0,1.0474471855357044,104.74471855357044,3341163840034301.0,1833032574687482.5,1215038735221417.2,0.1150414646730774,0.0631141608977025,0.041835672366477,0.0641975168872857,0.0352201045211947,0.023345897854049
328,328,2.25,0.02,828,1000000.0,17.15,2.43,0.81,,1000000.0,100.0,828.0,0.8276524369384675,0.0506632091669769,0.03647252116007,1.4541515204536444e-07,-3.618883253281084e-06,3188683005268867.5,1750000000000000.0,1160000000000000.0,1.0004200480658525,100.04200480658524,3190022405397847.0,1750735084115242.0,1160487255756389.0,0.1151354287217645,0.0631881563423387,0.0418847207754931,0.0642409228820522,0.0352564412510838,0.0233699839150041
329,329,2.25,0.02,829,1000000.0,17.15,2.43,0.81,,1000000.0,100.0,829.0,0.7756832826832799,0.0507446831433946,0.0365859974021335,-5.030756551745329e-06,5.997255510692333e-06,3187549964275216.5,1750000000000000.0,1160000000000000.0,1.0945055097589518,109.45055097589518,3488790998531175.5,1915384642078166.0,1269626391320384.2,0.1152419879136768,0.0632691192637635,0.0419383876262662,0.0642844185336124,0.0352928530359214,0.0233941197266679
330,330,2.25,0.02,830,1000000.0,17.15,2.43,0.81,,1000000.0,100.0,830.0,0.8296832645015911,0.0506745014812926,0.0364601971984955,-7.204734522030136e-08,-1.0273582799274274e-05,3186416923281567.5,1750000000000000.0,1160000000000000.0,1.0003820788442372,100.03820788442373,3187634385776873.0,1750668637977415.2,1160443211459315.2,0.1153484626872221,0.0633500934004428,0.0419920619111505,0.0643280041200382,0.0353293401084913,0.0234183054433428
331,331,2.25,0.02,831,1000000.0,17.15,2.43,0.81,,1000000.0,100.0,831.0,0.8306745525526594,0.05069770789099,0.0364981745363,1.1931037196476911e-05,1.4727729917913938e-06,3185283882287918.5,1750000000000000.0,1160000000000000.0,1.0003921896479528,100.03921896479528,3186533117652342.5,1750686331883917.5,1160454939991625.5,0.115433648411996,0.0634194289068811,0.0420380214468468,0.0643688961301457,0.0353643732836911,0.0234415274337609
332,332,2.25,0.02,832,1000000.0,17.15,2.43,0.81,,1000000.0,100.0,832.0,0.8317763280700546,0.0507059363676144,0.0364450954216043,-6.060045549654866e-06,3.5457644025604345e-06,3184150841294268.0,1750000000000000.0,1160000000000000.0,1.0002690216618615,100.02690216618616,3185007446845211.0,1750470787908257.8,1160312065127759.8,0.1155272027739868,0.0634934131362632,0.0420870624217515,0.0644098693191783,0.035399476006842,0.0234647955245352
333,333,2.25,0.02,833,1000000.0,17.15,2.43,0.81,,1000000.0,100.0,833.0,0.8326064295049378,0.050672796433612,0.0364032052390507,-2.123967309274342e-06,4.43545207251182e-06,3183017800300619.0,1750000000000000.0,1160000000000000.0,1.000472897775415,100.04728977754152,3184523042337487.0,1750827571106976.5,1160548561419481.8,0.115633395446477,0.0635743984881967,0.0421407441407474,0.0644509239291115,0.0354346484852496,0.0234881098530798
334,334,2.25,0.02,834,1000000.0,17.15,2.43,0.81,,1000000.0,100.0,834.0,0.8337830638584819,0.0507572643902491,0.0364156788974407,-1.7603828412086717e-06,-1.312027201297742e-06,3181884759306968.5,1750000000000000.0,1160000000000000.0,1.0002602366578757,100.02602366578756,3182712802362476.0,1750455414151282.5,1160301874523135.8,0.1157395036425101,0.0636553950553846,0.0421944332938549,0.064492060202883,0.0354698909270451,0.0235114705573555
335,335,2.25,0.02,835,1000000.0,17.15,2.43,0.81,,1000000.0,100.0,835.0,0.7814016360137509,0.0506587181308428,0.0363383267131376,-4.663655134548042e-06,-1.5836307201652536e-05,3180751718313319.5,1750000000000000.0,1160000000000000.0,1.0942512159343538,109.42512159343536,3480541435349633.0,1914939627885118.5,1269331410483850.0,0.115832761524036,0.0637293792847668,0.0422434742687596,0.0645332783843979,0.0355052035411874,0.0235348777758727
336,336,2.25,0.02,836,1000000.0,17.15,2.43,0.81,,1000000.0,100.0,836.0,0.7823106957307748,0.0506675169339151,0.0363620210439551,7.48476543270398e-06,-5.914059738050318e-06,3180000000000000.0,1750000000000000.0,1160000000000000.0,1.094460903869668,109.4460903869668,3480385674305544.5,1915306581771918.8,1269574648488814.8,0.1159568535269846,0.0638127338591896,0.0422987264438057,0.0645823229652302,0.0355405865374695,0.023558331647694
337,337,2.25,0.02,837,1000000.0,17.15,2.43,0.81,,1000000.0,100.0,837.0,0.8363807994482159,0.0506727400974516,0.0363349333722465,2.986391820888936e-06,-3.958626614098069e-06,3180000000000000.0,1750000000000000.0,1160000000000000.0,1.0007412980327666,100.07412980327663,3182357327744197.0,1751297271557341.2,1160859905718009.2,0.116078500072093,0.0638796777126298,0.0423431006552289,0.0646467472013344,0.0355760401265205,0.0235818323124364
338,338,2.25,0.02,838,1000000.0,17.15,2.43,0.81,,1000000.0,100.0,838.0,0.8377739797322306,0.0507088431559245,0.0364153123797909,-1.7793688423849618e-06,-2.1662041271042142e-06,3180000000000000.0,1750000000000000.0,1160000000000000.0,1.0002698173514355,100.02698173514356,3180858019177565.0,1750472180365012.5,1160312988127665.2,0.1162257231650507,0.0639606967103265,0.0423968046765593,0.0647113000988577,0.0356115645198116,0.0236053799102751
339,339,2.25,0.02,839,1000000.0,17.15,2.43,0.81,,1000000.0,100.0,839.0,0.7851648361499975,0.0505824545743842,0.0362990506939875,7.525806624319648e-06,-4.859711120087503e-06,3180000000000000.0,1750000000000000.0,1160000000000000.0,1.0943513488784369,109.43513488784367,3480037289433429.0,1915114860537264.5,1269447564698986.5,0.1163644173454385,0.064037022124062,0.0424473975222354,0.0647759820436089,0.0356471599296588,0.0236289745819452
340,340,2.25,0.02,840,1000000.0,17.15,2.43,0.81,,1000000.0,100.0,840.0,0.8129027860234002,0.0507859590226058,0.0362332019215265,4.452685431350876e-06,7.526194671831712e-06,3180000000000000.0,1750000000000000.0,1160000000000000.0,1.0474209784927724,104.74209784927726,3330798711607016.0,1832986712362352.0,1215008335051616.0,0.116511671007975,0.0641180579446403,0.042501112694733,0.0648407934229413,0.0356828265692287,0.0236526164687458
341,341,2.25,0.02,841,1000000.0,17.15,2.43,0.81,,1000000.0,100.0,841.0,0.8407947678193637,0.0507566482928207,0.036122903702761,1.2527671739649616e-05,-4.733880596180446e-06,3180000000000000.0,1750000000000000.0,1160000000000000.0,1.0002441138864877,100.02441138864872,3180776282159029.0,1750427199301352.8,1160283172108325.2,0.116658945050231,0.0641991049804731,0.042554835301342,0.0649031514357883,0.0357171430857324,0.0236753634168284
342,342,2.25,0.02,842,1000000.0,17.15,2.43,0.81,,1000000.0,100.0,842.0,0.8418251438241782,0.0504744076940418,0.0362470112570851,-2.8283134401565445e-06,5.086740936028932e-06,3180000000000000.0,1750000000000000.0,1160000000000000.0,1.0002077353985297,100.02077353985295,3180660598567324.5,1750363536947426.8,1160240973062294.5,0.1167804998866021,0.0642659983652684,0.0425991760592637,0.0649656295046922,0.035751525670821,0.0236981541589443
343,343,2.25,0.02,843,1000000.0,17.15,2.43,0.81,,1000000.0,100.0,843.0,0.8426004212284056,0.0505211013632632,0.0360867411905797,-3.969548568181535e-06,3.15246537812166e-07,3180000000000000.0,1750000000000000.0,1160000000000000.0,1.0004746917205625,100.04746917205624,3181509519671388.5,1750830710510984.2,1160550642395852.5,0.1169191940669901,0.0643423237790039,0.0426497689049397,0.0650282279766978,0.0357859745154782,0.0237209888216884
344,344,2.25,0.02,844,1000000.0,17.15,2.43,0.81,,1000000.0,100.0,844.0,0.789707100777061,0.0504184821076581,0.036278322261581,-2.388161273819591e-07,6.587799922647486e-07,3180000000000000.0,1750000000000000.0,1160000000000000.0,1.0944711894824093,109.44711894824091,3480418382554061.0,1915324581594216.0,1269586579799594.8,0.1170664884889654,0.064423382030091,0.0427034989456602,0.0650909472001886,0.0358204898114245,0.0237438675321441
345,345,2.25,0.02,845,1000000.0,17.15,2.43,0.81,,1000000.0,100.0,845.0,0.8448191486792667,0.0505112693349098,0.0362778413958542,-3.4963961536904517e-06,-5.90036423624219e-06,3179421312376449.0,1750000000000000.0,1160000000000000.0,1.000214113879504,100.0214113879504,3180102070608220.5,1750374699289131.5,1160248372100224.5,0.1171924730462345,0.0645044514964323,0.0427572364204922,0.0651419310184571,0.0358550717511206,0.0237667904178857
346,346,2.25,0.02,846,1000000.0,17.15,2.43,0.81,,1000000.0,100.0,846.0,0.8457414355672427,0.0504060568986432,0.0361899294500552,7.77686954684143e-06,-3.965101468861059e-06,3178288279213815.5,1750000000000000.0,1160000000000000.0,1.0003058031367484,100.03058031367485,3179260209739090.5,1750535155489309.8,1160354731638628.2,0.1172850417017281,0.0645784160991195,0.042806264385702,0.0651816446272435,0.0358897205277716,0.0237897576069799
347,347,2.25,0.02,847,1000000.0,17.15,2.43,0.81,,1000000.0,100.0,847.0,0.8197617992513889,0.0505082964369688,0.0362499958445728,7.874150234550072e-07,-6.773064659367517e-06,3177155246051180.5,1750000000000000.0,1160000000000000.0,1.0472632761375844,104.72632761375844,3327318011777273.0,1832710733240772.8,1214825400319598.0,0.1173904390354456,0.0646594995845287,0.0428600111531732,0.0652214350652712,0.0359244363353297,0.02381276922799
348,348,2.25,0.02,848,1000000.0,17.15,2.43,0.81,,1000000.0,100.0,848.0,0.8476625613269675,0.0505310512447587,0.0360398991267275,1.1275037083932204e-05,-3.911771921873526e-06,3176022212888547.5,1750000000000000.0,1160000000000000.0,1.000398192793415,100.03981927934146,3177286882045443.5,1750696837388475.5,1160461903640361.0,0.1174741762482831,0.0647287061155418,0.0429058851965877,0.0652613025557048,0.0359592193684985,0.023835825409976
349,349,2.25,0.02,849,1000000.0,17.15,2.43,0.81,,1000000.0,100.0,849.0,0.8216327628116442,0.0505206733210843,0.0361745610106934,-7.67827633870276e-06,-3.128436233595466e-06,3174889179725912.5,1750000000000000.0,1160000000000000.0,1.0472811577641543,104.72811577641542,3325001615916239.5,1832742026087270.0,1214846143006419.2,0.117579386542723,0.064809798012392,0.0429596375396427,0.0653012473225741,0.0359940698227364,0.0238589262824995
350,350,2.25,0.02,850,1000000.0,17.15,2.43,0.81,,1000000.0,100.0,850.0,0.8496638132592352,0.0506079859994349,0.0360786208742779,-7.972442101987263e-06,-2.1630321501882453e-06,3173756146563278.5,1750000000000000.0,1160000000000000.0,1.0003957719264227,100.03957719264228,3175012230147399.0,1750692600871240.0,1160459095434650.5,0.1176715456098724,0.0648837513998245,0.0430086580707407,0.0653412695907781,0.03602898789426,0.0238820719756238
351,351,2.25,0.02,851,1000000.0,17.15,2.43,0.81,,1000000.0,100.0,851.0,0.8233476800903514,0.050452094091897,0.0360383469462888,9.286982259882216e-06,7.318141097179269e-06,3172623113400644.0,1750000000000000.0,1160000000000000.0,1.04763393707101,104.763393707101,3323747643134403.0,1833359389874267.5,1215255367002371.8,0.1177765759306857,0.0649648573157426,0.0430624197064351,0.0653785132689151,0.0360623982525192,0.0239042182702413
352,352,2.25,0.02,852,1000000.0,17.15,2.43,0.81,,1000000.0,100.0,852.0,0.8245125027841519,0.0504518421301804,0.0360022308405837,7.121983242677015e-06,4.364063568002942e-06,3171490080238008.5,1750000000000000.0,1160000000000000.0,1.0473572260686448,104.73572260686448,3321683052942305.0,1832875145620128.5,1214934382239627.8,0.1178815215530326,0.0650459744469154,0.043116188776241,0.0654158260846914,0.0360958706323996,0.0239264056763333
353,353,2.25,0.02,853,1000000.0,17.15,2.43,0.81,,1000000.0,100.0,853.0,0.8528203786653876,0.0505261706392504,0.0360111917674654,1.1233425070005286e-05,9.371872655520191e-06,3170357047075375.5,1750000000000000.0,1160000000000000.0,1.0002106353570122,100.02106353570124,3171024836363842.0,1750368611874771.2,1160244337014134.5,0.1179647184724515,0.0651151445283514,0.0431620386587929,0.0654532082308023,0.0361294052067633,0.0239486343084831
354,354,2.25,0.02,854,1000000.0,17.15,2.43,0.81,,1000000.0,100.0,854.0,0.8264792598239081,0.0503557224032694,0.035834996163046,-1.6263959112059051e-06,-2.664753946795559e-06,3169224008461551.5,1750000000000000.0,1160000000000000.0,1.0473142513229523,104.73142513229524,3319173469696634.0,1832799939815166.0,1214884531534624.5,0.1180564678062854,0.0651890867005293,0.0432110517557795,0.0654906597880135,0.0361630021491155,0.0239709042816994
355,355,2.25,0.02,855,1000000.0,17.15,2.43,0.81,,1000000.0,100.0,855.0,0.8547078516303032,0.0503506978605452,0.0360455480394399,-1.327432064758147e-05,-8.66001547411069e-07,3168090967339523.5,1750000000000000.0,1160000000000000.0,1.0003419479727969,100.03419479727964,3169174289623440.5,1750598408952394.2,1160396659648444.5,0.118161130700898,0.0652702150469566,0.0432648282596969,0.0655281810110146,0.036196661633607,0.0239932157114194
356,356,2.25,0.02,856,1000000.0,17.15,2.43,0.81,,1000000.0,100.0,856.0,0.8282311278080406,0.0500897433548499,0.035825274165959,-6.100931504417273e-06,1.1231760525950513e-06,3166957926217495.5,1750000000000000.0,1160000000000000.0,1.047505696006937,104.75056960069374,3317406466727143.0,1833134968012140.0,1215106607368047.2,0.1182657088382148,0.0653513546086378,0.0433186121977256,0.0655657721464431,0.0362303838350378,0.0240155687135107
357,357,2.25,0.02,857,1000000.0,17.15,2.43,0.81,,1000000.0,100.0,857.0,0.8290516711170948,0.0502524452308444,0.0358404307303964,-1.2322875474900766e-06,5.9514764949997405e-06,3165824885095467.5,1750000000000000.0,1160000000000000.0,1.0477145955016391,104.77145955016393,3316880938916820.5,1833500542127868.5,1215348930781901.5,0.1183571615219792,0.065425296780816,0.0433676252947122,0.0656034333898805,0.0362641689288599,0.0240379634042728
358,358,2.25,0.02,858,1000000.0,17.15,2.43,0.81,,1000000.0,100.0,858.0,0.8303361912871786,0.0504367417084595,0.0359332041237743,2.2463734195058706e-06,-2.485159213736425e-06,3164691843973439.5,1750000000000000.0,1160000000000000.0,1.0473151389296604,104.73151389296603,3314429678240605.0,1832801493126905.2,1214885561158405.8,0.1184659099415223,0.0655088560336315,0.0434230131422929,0.0656411649376387,0.0362980170911805,0.0240603999004397
359,359,2.25,0.02,859,1000000.0,17.15,2.43,0.81,,1000000.0,100.0,859.0,0.8587166953661267,0.0504375341804295,0.0357655089116633,-1.4349345645977813e-06,2.694561889680744e-06,3163558802851411.5,1750000000000000.0,1160000000000000.0,1.000329992723746,100.0329992723746,3164602754237496.0,1750577487266556.0,1160382791559545.5,0.118544103151088,0.0655755727781702,0.0434672368129586,0.0656789669867629,0.0363319284987647,0.0240828783191811
360,360,2.25,0.02,860,1000000.0,17.15,2.43,0.81,,1000000.0,100.0,860.0,0.8310329515776134,0.0502136382149604,0.0357664786857411,-1.2835664007148898e-06,9.657891437994862e-06,3162425761729383.5,1750000000000000.0,1160000000000000.0,1.048811415118908,104.8811415118908,3316788238367884.5,1835419976458088.8,1216621241537933.2,0.1186483139821836,0.0656567347703604,0.0435210356192102,0.0657168397350356,0.0363659033290387,0.0241053987781056
361,361,2.25,0.02,861,1000000.0,17.15,2.43,0.81,,1000000.0,100.0,861.0,0.8056982359944074,0.0503952628404555,0.03565170700735,2.384937004949489e-06,-5.78084392066865e-06,3161292720607355.5,1750000000000000.0,1160000000000000.0,1.0943854069587131,109.43854069587132,3459672620557498.0,1915174462177748.0,1269487072072107.2,0.118739357191051,0.0657306657272842,0.0435700412820855,0.0657523626458694,0.0363986017113166,0.0241270731343584
362,362,2.25,0.02,862,1000000.0,17.15,2.43,0.81,,1000000.0,100.0,862.0,0.806613900889489,0.0503856733104923,0.0357624642145122,1.885863676540412e-06,3.6314728544252697e-06,3160159679485327.5,1750000000000000.0,1160000000000000.0,1.0943849591196366,109.43849591196366,3458431221645073.0,1915173678459364.0,1269486552578778.5,0.118847752254098,0.0658142586258628,0.0436254514320004,0.0657879494950056,0.0364313589479788,0.0241487865026603
363,363,2.25,0.02,863,1000000.0,17.15,2.43,0.81,,1000000.0,100.0,863.0,0.8628125749149603,0.050340661934342,0.0356851073964591,-8.181551048825924e-06,-1.8304505798337695e-06,3160000000000000.0,1750000000000000.0,1160000000000000.0,1.000217239405725,100.02172394057249,3160686476522091.0,1750380168960018.5,1160251997710640.8,0.1189839837311849,0.065893028965055,0.0436776649139792,0.0658438820719402,0.0364641751980681,0.0241705389884336
364,364,2.25,0.02,864,1000000.0,17.15,2.43,0.81,,1000000.0,100.0,864.0,0.8637173112579376,0.0500847302728222,0.0357992226104876,2.0451925983799625e-05,-1.0553861774826444e-05,3160000000000000.0,1750000000000000.0,1160000000000000.0,1.0003275109648428,100.03275109648428,3161034934648903.0,1750573144188475.0,1160379912719217.5,0.1191087332487901,0.065962114932083,0.043723459040695,0.0659032456931394,0.0364970506212006,0.0241923306974815
365,365,2.25,0.02,865,1000000.0,17.15,2.43,0.81,,1000000.0,100.0,865.0,0.8370047788579843,0.0501326031146361,0.0357027540049543,2.1705836468791653e-06,4.354126889718694e-06,3160000000000000.0,1750000000000000.0,1160000000000000.0,1.0474241025377582,104.74241025377584,3309860164019316.0,1832992179441076.8,1215011958943799.8,0.1192684875620415,0.0660505864663205,0.0437821030291039,0.0659627164532098,0.0365299853775686,0.0242141617359883
366,366,2.25,0.02,866,1000000.0,17.15,2.43,0.81,,1000000.0,100.0,866.0,0.8657257300599894,0.0500763833224698,0.0357757181122739,-2.2884003576786736e-06,4.634808605564626e-06,3160000000000000.0,1750000000000000.0,1160000000000000.0,1.0003171682238614,100.03171682238616,3161002251587402.0,1750555044391757.8,1160367915139679.2,0.1193932168281018,0.0661196612180943,0.0438278897217082,0.0660222946424579,0.0365629796279434,0.0242360322105225
367,367,2.25,0.02,867,1000000.0,17.15,2.43,0.81,,1000000.0,100.0,867.0,0.8388449027704115,0.0500589090061128,0.0355256351491798,2.460366283379215e-06,-2.587997494228109e-06,3160000000000000.0,1750000000000000.0,1160000000000000.0,1.0474832452989038,104.74832452989035,3310047055144536.0,1833095679273082.0,1215080564546728.5,0.1195354738064165,0.0661984427725408,0.0438801106377984,0.0660819805522403,0.0365960335336774,0.0242579422280375
368,368,2.25,0.02,868,1000000.0,17.15,2.43,0.81,,1000000.0,100.0,868.0,0.8678241444400783,0.0498978178891839,0.0357651362706951,-3.080376524050042e-06,2.2988865295087905e-06,3160000000000000.0,1750000000000000.0,1160000000000000.0,1.0002026738881284,100.02026738881284,3160640449486485.0,1750354679304224.5,1160235101710229.0,0.1196733463252242,0.0662747962244122,0.0439307220687532,0.0661417744749681,0.036629147256707,0.0242798918958744
369,369,2.25,0.02,869,1000000.0,17.15,2.43,0.81,,1000000.0,100.0,869.0,0.8688372397986655,0.0501492139360566,0.0356061018557895,-1.0290582776276643e-06,-5.07459847589023e-06,3160000000000000.0,1750000000000000.0,1160000000000000.0,1.000187358636926,100.01873586369256,3160592053292685.0,1750327877614620.2,1160217336018834.0,0.1198200181403631,0.0663560227043149,0.0439845636211458,0.0662016767041118,0.0366623209595555,0.0243018813217625
370,370,2.25,0.02,870,1000000.0,17.15,2.43,0.81,,1000000.0,100.0,870.0,0.8697044409403134,0.0501121661599847,0.035790178769101,1.1506625349005058e-05,-1.17766188912779e-06,3160000000000000.0,1750000000000000.0,1160000000000000.0,1.0003398831194033,100.03398831194032,3161074030657314.0,1750594795458956.0,1160394264418508.0,0.1199402819407364,0.0664226244924963,0.044028711092169,0.0662616875342054,0.0366955548053353,0.0243239106138221
371,371,2.25,0.02,871,1000000.0,17.15,2.43,0.81,,1000000.0,100.0,871.0,0.8149895995033649,0.0501496674716961,0.0357118780795833,7.235178601033331e-07,4.248074951957908e-06,3159962310524387.5,1750000000000000.0,1160000000000000.0,1.0944349001239817,109.44349001239816,3458373035714303.0,1915261075216967.5,1269544484143818.5,0.1200855315985156,0.0665038565800263,0.0440825563616174,0.0663184969221215,0.0367274537506915,0.0243450550576012
372,372,2.25,0.02,872,1000000.0,17.15,2.43,0.81,,1000000.0,100.0,872.0,0.8159004418546061,0.0500621769473303,0.0357154176238164,1.1662558796873012e-05,-6.349620295196043e-06,3158829269530736.5,1750000000000000.0,1160000000000000.0,1.0944942768128751,109.44942768128752,3457320556930387.0,1915364984422531.5,1269613361102935.2,0.1201758817818109,0.0665777651064413,0.0441315471562696,0.0663523968926061,0.0367594082029353,0.0243662362945172
373,373,2.25,0.02,873,1000000.0,17.15,2.43,0.81,,1000000.0,100.0,873.0,0.8727810256273301,0.050176961053942,0.03548302775801,-1.8399570253590084e-06,-1.364381931486446e-06,3157696228537087.5,1750000000000000.0,1160000000000000.0,1.000250959153306,100.02509591533058,3158488681308999.0,1750439178518285.5,1160291112617834.8,0.1202837928519492,0.0666614589423095,0.0441870242131881,0.0663863559033004,0.0367914183070732,0.0243874544206886
374,374,2.25,0.02,874,1000000.0,17.15,2.43,0.81,,1000000.0,100.0,874.0,0.8456422513507338,0.0502118229005637,0.0355095704421821,-5.1841021353748805e-06,4.888236088000589e-06,3156563187543438.5,1750000000000000.0,1160000000000000.0,1.0475908837468844,104.75908837468845,3306786819241512.5,1833284046557048.0,1215205425146385.8,0.1203872057408714,0.0667427190679754,0.0442408880679152,0.0664203741085757,0.036823484208617,0.0244087095325689
375,375,2.25,0.02,875,1000000.0,17.15,2.43,0.81,,1000000.0,100.0,875.0,0.8748314681419629,0.0499731607760019,0.035554994866782,-7.016584431530679e-06,5.638826768564018e-06,3155430146549788.0,1750000000000000.0,1160000000000000.0,1.000192657886093,100.01926578860927,3156038065051535.5,1750337151300662.5,1160223483147867.8,0.1204639919141441,0.0668092703875122,0.0442850020854367,0.0664544516633416,0.0368556060535859,0.0244300017269484
376,376,2.25,0.02,876,1000000.0,17.15,2.43,0.81,,1000000.0,100.0,876.0,0.8758198745321011,0.0501159790459064,0.0355225414783469,-6.385853859592012e-06,2.9931980330900552e-06,3154297105556139.0,1750000000000000.0,1160000000000000.0,1.0002057031240734,100.02057031240732,3154945954325006.0,1750359980467128.2,1160238615623925.0,0.1205804952386062,0.0668979045429382,0.0443437538684619,0.0664885887230489,0.0368877839885095,0.0244513311009549
377,377,2.25,0.02,877,1000000.0,17.15,2.43,0.81,,1000000.0,100.0,877.0,0.8765749510486444,0.050040529169323,0.035468835212592,3.674240931890356e-06,-8.363406503043907e-06,3153164064562488.5,1750000000000000.0,1160000000000000.0,1.0004849570618837,100.04849570618836,3154693213742875.5,1750848674858296.2,1160562550191784.8,0.1206614899416329,0.066966895180304,0.04438948480523,0.0665227854436918,0.0369200181604295,0.0244726977520561
378,378,2.25,0.02,878,1000000.0,17.15,2.43,0.81,,1000000.0,100.0,878.0,0.8775966300682285,0.0501033263311583,0.0355344940700932,1.870486378744614e-06,3.002432640364562e-06,3152031023568839.5,1750000000000000.0,1160000000000000.0,1.0004597724279791,100.04597724279792,3153480240525611.0,1750804601748963.5,1160533336016456.0,0.1207601010240031,0.0670457159881409,0.0444417317407104,0.0665570419818101,0.0369523087169018,0.0244941017780606
379,379,2.25,0.02,879,1000000.0,17.15,2.43,0.81,,1000000.0,100.0,879.0,0.8787765610685596,0.0501024178713537,0.0353768425359823,2.5271712715571467e-06,3.532238895108262e-06,3150897982575188.5,1750000000000000.0,1160000000000000.0,1.0002543053707609,100.02543053707606,3151699272854877.0,1750445034398831.2,1160294994230082.5,0.1208541826790845,0.0671220778514529,0.0444923487472487,0.0665913584944918,0.0369846558059991,0.0245155432771194
380,380,2.25,0.02,880,1000000.0,17.15,2.43,0.81,,1000000.0,100.0,880.0,0.8510814630025696,0.050015102994047,0.0354607792297269,-2.619676165687392e-06,-3.0817235599556404e-06,3150000000000000.0,1750000000000000.0,1160000000000000.0,1.047923338018516,104.79233380185164,3300958514758325.0,1833865841532403.2,1215591072101478.8,0.1209660739680526,0.0672033744266959,0.0445462367628384,0.0666307072373638,0.0370170595763133,0.0245370223477275
381,381,2.25,0.02,881,1000000.0,17.15,2.43,0.81,,1000000.0,100.0,881.0,0.8808216105557222,0.0498339788432939,0.0355546705900961,4.2648912379567787e-07,8.900379409538312e-06,3150000000000000.0,1750000000000000.0,1160000000000000.0,1.0002025809457862,100.02025809457862,3150638129979226.0,1750354516655126.0,1160234993897112.0,0.1210901965529374,0.0672723314182986,0.0445919453972721,0.0666866938451992,0.0370481632473329,0.0245576396382321
382,382,2.25,0.02,882,1000000.0,17.15,2.43,0.81,,1000000.0,100.0,882.0,0.853568063563268,0.0499324283071434,0.0352667021617427,3.077795080750402e-06,-7.237946939047772e-06,3150000000000000.0,1750000000000000.0,1160000000000000.0,1.0473254879547815,104.73254879547817,3299075287057561.0,1832819603920867.5,1214897566027546.8,0.1212320941945017,0.0673511634413898,0.0446441997668641,0.0667427746179134,0.0370793192321741,0.0245782916053267
383,383,2.25,0.02,883,1000000.0,17.15,2.43,0.81,,1000000.0,100.0,883.0,0.8545501505900072,0.0500525855584148,0.0353772150413396,-1.175331934881037e-05,8.106265527290947e-06,3150000000000000.0,1750000000000000.0,1160000000000000.0,1.04725527395437,104.725527395437,3298854112956265.0,1832696729420147.5,1214816117787069.2,0.1213650891671327,0.067425049537296,0.0446931756932932,0.066798949793273,0.0371105276629295,0.0245989783365704
384,384,2.25,0.02,884,1000000.0,17.15,2.43,0.81,,1000000.0,100.0,884.0,0.8836146712474602,0.0500702044879414,0.0352300527629142,-1.2613407338526885e-05,-1.63437738441718e-06,3150000000000000.0,1750000000000000.0,1160000000000000.0,1.0004361757241718,100.04361757241716,3151373953531141.0,1750763307517300.5,1160505963840039.5,0.1215159197588165,0.0675088443104535,0.0447487196572148,0.0668552196098456,0.0371417886721364,0.0246196999198161
385,385,2.25,0.02,885,1000000.0,17.15,2.43,0.81,,1000000.0,100.0,885.0,0.8846172804932053,0.0499786021810134,0.0353873079224008,1.6289766132199842e-06,-8.756453842121442e-06,3150000000000000.0,1750000000000000.0,1160000000000000.0,1.0004327553744583,100.04327553744584,3151363179429543.5,1750757321905302.0,1160501996234371.5,0.1216578476815674,0.0675876931564263,0.0448009851779739,0.066911584307003,0.0371731023927793,0.0246404564432138
386,386,2.25,0.02,886,1000000.0,17.15,2.43,0.81,,1000000.0,100.0,886.0,0.8855929601021216,0.0499430362805956,0.0353172310910842,2.372163273522504e-06,-2.978682862915532e-06,3150000000000000.0,1750000000000000.0,1160000000000000.0,1.000460030786885,100.04600307868849,3151449096978687.5,1750805053877048.5,1160533635712786.5,0.1217818996103496,0.0676566108946386,0.0448466677930176,0.0669680441249253,0.0372044689582917,0.0246612479952106
387,387,2.25,0.02,887,1000000.0,17.15,2.43,0.81,,1000000.0,100.0,887.0,0.8868361786636001,0.0500213606638387,0.0353201300763623,-1.7715997123594395e-05,-8.334498841395498e-06,3150000000000000.0,1750000000000000.0,1160000000000000.0,1.0001847416821583,100.01847416821582,3150581936298798.5,1750323297943777.0,1160214300351303.5,0.1219417338082559,0.0677454076712532,0.0449055273706592,0.0670245993046038,0.0372358885025576,0.0246820746645524
388,388,2.25,0.02,888,1000000.0,17.15,2.43,0.81,,1000000.0,100.0,888.0,0.8593569770455247,0.0498679580761122,0.035271705018685,-4.338995549643638e-06,-2.922391198077535e-06,3150000000000000.0,1750000000000000.0,1160000000000000.0,1.0473469855274629,104.7346985527463,3299143004411508.0,1832857224673060.0,1214922503211857.0,0.1220657655495805,0.0678143141942113,0.0449512025515915,0.0670812500878444,0.0372673611599135,0.0247029365402854
389,389,2.25,0.02,889,1000000.0,17.15,2.43,0.81,,1000000.0,100.0,889.0,0.8888126243390844,0.0498923046110948,0.0352656082452717,1.3819937540859108e-05,2.9130233899744584e-06,3149567640621151.5,1750000000000000.0,1160000000000000.0,1.000210832459469,100.0210832459469,3150231671713086.5,1750368956804070.8,1160244565652984.0,0.1221909398022753,0.0678931742554384,0.045003475506462,0.067128781560904,0.0372988870651508,0.0247238337117571
390,390,2.25,0.02,890,1000000.0,17.15,2.43,0.81,,1000000.0,100.0,890.0,0.8897364860167954,0.0497935554432,0.0351146670537776,-3.346351451404292e-06,6.811347045290066e-09,3148434599627500.5,1750000000000000.0,1160000000000000.0,1.0002962508704016,100.02962508704012,3149367326118043.0,1750518439023202.5,1160343651009665.5,0.1222798909340852,0.0679670491360903,0.0450524439987797,0.0671614467929395,0.0373304663535172,0.0247447662686172
391,391,2.25,0.02,891,1000000.0,17.15,2.43,0.81,,1000000.0,100.0,891.0,0.8906953376727756,0.0498342715848968,0.0352301505989372,1.511509704856581e-05,2.236322190278536e-06,3147301558633851.5,1750000000000000.0,1160000000000000.0,1.0003420939517802,100.03420939517802,3148378231461488.0,1750598664415615.5,1160396828984065.0,0.1223867079363718,0.0680509112007743,0.0451080325673704,0.0671919151689702,0.0373608468572482,0.0247649042025188
392,392,2.25,0.02,892,1000000.0,17.15,2.43,0.81,,1000000.0,100.0,892.0,0.891726563635325,0.0499052725487957,0.0352855870686087,-1.522220794473994e-05,-2.477867639539296e-07,3146168517640201.0,1750000000000000.0,1160000000000000.0,1.0003067125126195,100.03067125126196,3147133486891372.0,1750536746897084.5,1160355786514638.8,0.1224619722980877,0.0681172830762405,0.0451520276391079,0.0672224331773056,0.0373912768501417,0.0247850749406652
393,393,2.25,0.02,893,1000000.0,17.15,2.43,0.81,,1000000.0,100.0,893.0,0.8926339106115051,0.0498582460767897,0.0351725608190982,8.380152324274756e-06,7.872052071477078e-06,3145035476646552.0,1750000000000000.0,1160000000000000.0,1.000410322187785,100.04103221877848,3146325954483990.5,1750718063828623.5,1160475973737830.5,0.1225641088853362,0.0681986553544505,0.0452059658349501,0.0672530009393192,0.0374217564532214,0.0248052785632781
394,394,2.25,0.02,894,1000000.0,17.15,2.43,0.81,,1000000.0,100.0,894.0,0.8938753340529615,0.0499480044117079,0.0352350500362009,-1.5955508654198248e-05,1.945896671667217e-07,3143902435652903.0,1750000000000000.0,1160000000000000.0,1.0001394814211628,100.0139481421163,3144340951632625.0,1750244092487035.0,1160161798448549.2,0.1226526507626621,0.0682725190198477,0.0452549268931563,0.0672836185767811,0.0374522857879062,0.0248255151508406
395,395,2.25,0.02,895,1000000.0,17.15,2.43,0.81,,1000000.0,100.0,895.0,0.8661173548654908,0.0497446603120316,0.0351039352316416,6.057701904803492e-06,-6.76815390983781e-06,3142769394659252.5,1750000000000000.0,1160000000000000.0,1.0472982015524372,104.72982015524374,3291416734920677.0,1832771852716764.8,1214865913800827.5,0.122759113224575,0.068356414730295,0.0453105377640812,0.0673142862118585,0.0374828649760108,0.0248457847840986
396,396,2.25,0.02,896,1000000.0,17.15,2.43,0.81,,1000000.0,100.0,896.0,0.8669890187707974,0.0497124508764832,0.0352403827925465,1.696121982789773e-05,7.250393101510615e-06,3141636353665603.5,1750000000000000.0,1160000000000000.0,1.047476211537795,104.7476211537795,3290789345767058.5,1833083370191140.8,1215072405383842.5,0.1228564772821534,0.068435302829658,0.0453628293042305,0.0673450039671185,0.037513494139749,0.0248660875440621
397,397,2.25,0.02,897,1000000.0,17.15,2.43,0.81,,1000000.0,100.0,897.0,0.8967165072641023,0.0498444084344721,0.0349540579233699,2.875902455424049e-06,-7.194569424568292e-07,3140503312671952.5,1750000000000000.0,1160000000000000.0,1.0003162127361245,100.03162127361249,3141496379817261.0,1750553372288217.8,1160366806773904.5,0.1229356956936178,0.0685041364534626,0.045408456163438,0.0673757719655287,0.0375441734017337,0.0248864235120064
398,398,2.25,0.02,898,1000000.0,17.15,2.43,0.81,,1000000.0,100.0,898.0,0.8976998214144715,0.0497361723689391,0.0351690242648561,1.1135540288228046e-05,-9.907320321550445e-06,3139370271678303.5,1750000000000000.0,1160000000000000.0,1.0003344371831333,100.03344371831332,3140420193828776.0,1750585265070483.2,1160387947132434.5,0.123050929118768,0.0685930958512657,0.0454674235356961,0.0674065903304595,0.0375749028849795,0.0249067927694721
399,399,2.25,0.02,899,1000000.0,17.15,2.43,0.81,,1000000.0,100.0,899.0,0.8987715048089854,0.0499274511821465,0.0351854098479806,1.8579919980898512e-06,5.002239120305749e-06,3138237230684652.5,1750000000000000.0,1160000000000000.0,1.0002543009348748,100.0254300934875,3139035287346276.0,1750445026636031.2,1160294989084455.0,0.123125415933267,0.0686593976313924,0.0455113721442371,0.0674374591856854,0.0376056827129039,0.0249271953982677
400,400,2.25,0.02,900,1000000.0,17.15,2.43,0.81,,1000000.0,100.0,900.0,0.871004551355874,0.0494947684698266,0.0350573859612466,6.748525632959776e-06,-6.679251007862633e-06,3137104189691004.0,1750000000000000.0,1160000000000000.0,1.0472813023979384,104.72813023979388,3285430561537624.0,1832742279196392.5,1214846310781608.5,0.1232269181803084,0.0687408175744334,0.0455653419350529,0.0674683786553872,0.0376365130093295,0.0249476314804698
401,401,2.25,0.02,901,1000000.0,17.15,2.43,0.81,,1000000.0,100.0,901.0,0.8715494036190868,0.0497556089831033,0.0351022272442715,-6.741584422525659e-06,-1.5392217303360297e-06,3135971148697353.0,1750000000000000.0,1160000000000000.0,1.0477609272474973,104.77609272474974,3285748038580539.0,1833581622683120.5,1215402675607096.8,0.1233147541738286,0.0688146700245764,0.0456142955591478,0.0674970098226132,0.03766608861776,0.0249672358837723
402,402,2.25,0.02,902,1000000.0,17.15,2.43,0.81,,1000000.0,100.0,902.0,0.8728793957707163,0.0498106892187382,0.0350795597245691,-2.5553314196671147e-06,-1.0515833517860003e-05,3134838107703704.5,1750000000000000.0,1160000000000000.0,1.0474352274058971,104.7435227405897,3283539866223301.0,1833011647960319.5,1215024863790840.5,0.1234206059316123,0.0688986330265497,0.0456699510347415,0.0675256860232426,0.0376957107450869,0.0249868711224575
403,403,2.25,0.02,903,1000000.0,17.15,2.43,0.81,,1000000.0,100.0,903.0,0.9027247080176836,0.0496837524859267,0.0348599331502093,5.784436970811712e-07,5.510185659592581e-06,3133705066710055.0,1750000000000000.0,1160000000000000.0,1.0003050035796388,100.03050035796386,3134660857972933.0,1750533756264367.8,1160353804152380.8,0.1235173116026412,0.0689775491640488,0.0457222611601695,0.0675544073636072,0.0377253795011496,0.0250065372693335
404,404,2.25,0.02,904,1000000.0,17.15,2.43,0.81,,1000000.0,100.0,904.0,0.9035387351890564,0.049537440783846,0.034899141523428,2.020507282804265e-06,-9.788853927674455e-07,3132572025716404.5,1750000000000000.0,1160000000000000.0,1.0005110303058984,100.05110303058984,3134172864956955.5,1750894303035322.0,1160592795154842.0,0.1235957766294121,0.0690463323192085,0.0457678545658752,0.0675831739503739,0.0377550949961338,0.0250262343974372
405,405,2.25,0.02,905,1000000.0,17.15,2.43,0.81,,1000000.0,100.0,905.0,0.9047717788312184,0.049642647437577,0.0348776529895401,1.3883919394948756e-06,-4.5067701892721466e-06,3131438984722755.5,1750000000000000.0,1160000000000000.0,1.0002522991747007,100.02522991747009,3132229044194226.0,1750441523555726.2,1160292667042652.5,0.12368320348463,0.069120173554097,0.0458168007558587,0.0676119858905459,0.0377848573405721,0.0250459625800363
406,406,2.25,0.02,906,1000000.0,17.15,2.43,0.81,,1000000.0,100.0,906.0,0.9056547025006124,0.0495709252196667,0.0348422677896004,-5.792408639862427e-06,8.980944782738538e-06,3130305943729104.5,1750000000000000.0,1160000000000000.0,1.00038158725816,100.038158725816,3131500428591375.0,1750667777701780.0,1160442641219465.5,0.1237841563073967,0.0692016299467151,0.0458707947075368,0.0676408432914643,0.0378146666453463,0.0250657218906296
407,407,2.25,0.02,907,1000000.0,17.15,2.43,0.81,,1000000.0,100.0,907.0,0.8197596732903193,0.0496948995934051,0.0348977548566159,3.493883721358462e-06,4.736542398417957e-06,3130000000000000.0,1750000000000000.0,1160000000000000.0,1.1414085793946314,114.14085793946312,3572608853505197.0,1997465013940604.8,1324033952097772.5,0.1239177687690617,0.0692830975545871,0.0459247960933262,0.0676876326045055,0.0378445230216882,0.0250855124029477
408,408,2.25,0.02,908,1000000.0,17.15,2.43,0.81,,1000000.0,100.0,908.0,0.8784540253939701,0.0494559600880696,0.0349696912466944,-4.930423458686443e-06,2.9903586221519986e-06,3130000000000000.0,1750000000000000.0,1160000000000000.0,1.0476037042253927,104.76037042253928,3278999594225479.0,1833306482394436.8,1215220296901455.5,0.1240407321772969,0.0693518470639839,0.0459703671966979,0.0677411172566274,0.0378744265811815,0.0251053341909546
409,409,2.25,0.02,909,1000000.0,17.15,2.43,0.81,,1000000.0,100.0,909.0,0.9087350631438994,0.0496704636036165,0.0349119312215102,-2.102003087165509e-06,8.136441694820814e-06,3130000000000000.0,1750000000000000.0,1160000000000000.0,1.0002915781860202,100.02915781860204,3130912639722244.0,1750510261825535.5,1160338230695783.5,0.1242001332741222,0.0694409690829757,0.0460294423635724,0.0677946864993921,0.0379043774357623,0.0251251873288482
410,410,2.25,0.02,910,1000000.0,17.15,2.43,0.81,,1000000.0,100.0,910.0,0.8806877212280991,0.0495557696190912,0.0349361140665643,-6.346009398601711e-06,-9.2070883597626e-06,3130000000000000.0,1750000000000000.0,1160000000000000.0,1.0473037491022872,104.73037491022868,3278060734690158.0,1832781560929002.5,1214872348958652.8,0.1243185131360633,0.0695071559067446,0.0460733147724706,0.0678483405336391,0.0379343756977215,0.025145071891061
411,411,2.25,0.02,911,1000000.0,17.15,2.43,0.81,,1000000.0,100.0,911.0,0.9106215697447396,0.0493493419754313,0.0347382965271514,1.1035184781452714e-05,-6.827400964731481e-06,3130000000000000.0,1750000000000000.0,1160000000000000.0,1.000415726544185,100.04157265441852,3131301224083299.0,1750727521452324.5,1160482242791255.2,0.124464263890425,0.0695886459451258,0.0461273310264834,0.0678999731437166,0.0379632437704485,0.0251642072992688
412,412,2.25,0.02,912,1000000.0,17.15,2.43,0.81,,1000000.0,100.0,912.0,0.9117597931030218,0.049368415109473,0.0347548037432614,1.3365063978707686e-06,2.881534675496529e-06,3130000000000000.0,1750000000000000.0,1160000000000000.0,1.0002634978493172,100.02634978493172,3130824748268362.5,1750461121236305.2,1160305657505207.8,0.1245963141541132,0.0696624759647598,0.0461762697823551,0.0679516843985103,0.0379921558138636,0.0251833718537609
413,413,2.25,0.02,913,1000000.0,17.15,2.43,0.81,,1000000.0,100.0,913.0,0.8836022845200098,0.0497240261610352,0.0349159327578289,1.1681582285421756e-05,-3.356406831469474e-06,3130000000000000.0,1750000000000000.0,1160000000000000.0,1.0472402711903332,104.72402711903337,3277862048825744.0,1832670474583084.0,1214798714580787.0,0.1247420899825796,0.069743980022209,0.046230295329007,0.0680034744778397,0.0380211119285046,0.0252025656211802
414,414,2.25,0.02,914,1000000.0,17.15,2.43,0.81,,1000000.0,100.0,914.0,0.9136137921139152,0.0494401063893279,0.0348035356174097,-6.28844581975003e-06,1.2133280457879374e-06,3130000000000000.0,1750000000000000.0,1160000000000000.0,1.0004229406757024,100.04229406757024,3131323804314949.0,1750740146182479.5,1160490611183814.8,0.124887885870329,0.0698254952949124,0.0462843283097704,0.0680553435620732,0.0380501122152166,0.025221788668372
415,415,2.25,0.02,915,1000000.0,17.15,2.43,0.81,,1000000.0,100.0,915.0,0.9147114088190506,0.049590074667066,0.0348036267327163,6.34531089156354e-06,4.4514303154557065e-06,3130000000000000.0,1750000000000000.0,1160000000000000.0,1.0003155627222655,100.03155627222657,3130987711320691.0,1750552234763964.5,1160366052757828.0,0.1250107590117881,0.0698941943356643,0.0463298659596402,0.0681072918321296,0.0380791567751522,0.0252410410623867
416,416,2.25,0.02,916,1000000.0,17.15,2.43,0.81,,1000000.0,100.0,916.0,0.91566221705192,0.0496025607986683,0.0348009368692253,-6.7981770524846805e-06,-6.669024223583925e-06,3128975532659567.0,1750000000000000.0,1160000000000000.0,1.00036919353565,100.036919353565,3130130730199431.5,1750646088687387.5,1160428264501354.0,0.1251018292480002,0.0699680131400437,0.0463787972814004,0.0681370105248346,0.0381082457097736,0.0252603228704785
417,417,2.25,0.02,917,1000000.0,17.15,2.43,0.81,,1000000.0,100.0,917.0,0.916753518887208,0.0494923063768903,0.0346100472382235,5.980325196500468e-06,7.434298099175812e-07,3127842491665916.5,1750000000000000.0,1160000000000000.0,1.000268909242081,100.02689092420808,3128683597419698.5,1750470591173640.8,1160311934720813.5,0.1252022437543425,0.0700495396280016,0.0464328376962753,0.0681644085342718,0.0381373791208526,0.025279634160108
418,418,2.25,0.02,918,1000000.0,17.15,2.43,0.81,,1000000.0,100.0,918.0,0.9174881819766938,0.0495766579348657,0.0347909556378716,6.287602915637778e-06,3.172239035443627e-06,3126709450672267.5,1750000000000000.0,1160000000000000.0,1.000558014995489,100.05580149954888,3128454201432279.0,1750976526242105.5,1160647297394767.0,0.1253025727299052,0.0701310773312138,0.0464868855452617,0.0681918484668224,0.0381665571104731,0.0252989749989422
419,419,2.25,0.02,919,1000000.0,17.15,2.43,0.81,,1000000.0,100.0,919.0,0.9187208171896828,0.0494285196840131,0.0348154035741001,-6.330800824007724e-06,-8.807356804783862e-09,3125576409678616.5,1750000000000000.0,1160000000000000.0,1.0003040406590418,100.03040406590416,3126526711990100.0,1750532071153322.8,1160352687164488.0,0.125379805617444,0.0701997427262025,0.0465324008927972,0.0682193304187832,0.0381957797810311,0.0253183454548549
420,420,2.25,0.02,920,1000000.0,17.15,2.43,0.81,,1000000.0,100.0,920.0,0.8903373105713126,0.0495650585239154,0.0346570660099413,1.337841848269162e-05,-9.501091336515094e-07,3124443368684967.5,1750000000000000.0,1160000000000000.0,1.047329677998574,104.7329677998574,3272322267249607.5,1832826936497504.8,1214902426478346.0,0.1254891576674033,0.0702864478578738,0.0465898740086477,0.068246854486746,0.0382250472352369,0.0253377455959283
421,421,2.25,0.02,921,1000000.0,17.15,2.43,0.81,,1000000.0,100.0,921.0,0.9207960410382612,0.049554199265997,0.0348175239929007,5.466609196750814e-06,1.2185516386568896e-05,3123310327691318.5,1750000000000000.0,1160000000000000.0,1.0002215457406003,100.02215457406,3124002283790991.0,1750387705046050.2,1160256993059096.5,0.125566176024376,0.0703550992337945,0.0466353800635437,0.0682721821602232,0.0382531052777918,0.0253563440698506
422,422,2.25,0.02,922,1000000.0,17.15,2.43,0.81,,1000000.0,100.0,922.0,0.8921910302145749,0.0494936522628714,0.0346335521529374,8.997227143622281e-06,-7.290559477118535e-06,3122177286697668.0,1750000000000000.0,1160000000000000.0,1.047420750701766,104.74207507017658,3270233277456873.0,1832986313728090.0,1215008070814048.5,0.1256661360160673,0.0704366593675156,0.0466894427807532,0.0682975470431742,0.0382812045410696,0.0253749698672232
423,423,2.25,0.02,923,1000000.0,17.15,2.43,0.81,,1000000.0,100.0,923.0,0.922607266899604,0.049265310296715,0.0346477384176811,4.998809709319335e-06,2.3989049088663237e-06,3121044245704019.0,1750000000000000.0,1160000000000000.0,1.0004259059065188,100.04259059065188,3122373516882771.0,1750745335336408.0,1160494050851562.0,0.1257521640896727,0.0705104669566407,0.0467383666684019,0.0683229492176579,0.0383093451159744,0.0253936230483029
424,424,2.25,0.02,924,1000000.0,17.15,2.43,0.81,,1000000.0,100.0,924.0,0.9237812181766116,0.0495837587580236,0.03461719855278,2.4126815015776167e-06,6.479170479022798e-06,3119911205324076.5,1750000000000000.0,1160000000000000.0,1.0002369169560283,100.02369169560284,3120650365189921.0,1750414604673050.0,1160274823668993.0,0.125851942893719,0.0705920411094298,0.0467924386782506,0.0683483887794179,0.038337527093678,0.0254123036735237
425,425,2.25,0.02,925,1000000.0,17.15,2.43,0.81,,1000000.0,100.0,925.0,0.9246601871653752,0.0492911084035936,0.0347620429038974,1.0305532465463818e-05,5.954734435573497e-06,3118778172161443.5,1750000000000000.0,1160000000000000.0,1.0003676900550746,100.03676900550748,3119924915879331.0,1750643457596380.8,1160426520463886.5,0.1259516363459627,0.0706736264774732,0.0468465181222108,0.0683738659557992,0.0383657505656207,0.0254310118034971
426,426,2.25,0.02,926,1000000.0,17.15,2.43,0.81,,1000000.0,100.0,926.0,0.925515442439348,0.0495188468337224,0.0345159774863158,2.266422420305702e-06,6.419872689583408e-08,3117645138998808.5,1750000000000000.0,1160000000000000.0,1.0005238655789346,100.05238655789348,3119278365974463.0,1750916764763135.5,1160607684071564.5,0.1260281171625661,0.0707422414038171,0.0468920000162445,0.0683993806715927,0.0383940156235122,0.0254497474990138
427,427,2.25,0.02,927,1000000.0,17.15,2.43,0.81,,1000000.0,100.0,927.0,0.9267670403550824,0.0494255124230971,0.0345358814150259,-4.012000355836017e-06,-8.870121945261223e-06,3116512105836175.0,1750000000000000.0,1160000000000000.0,1.0002513977573255,100.02513977573255,3117295589990259.5,1750439946075320.0,1160291621398498.0,0.1261137365837237,0.0708160377776879,0.0469409164697818,0.0684249330098285,0.0384223223593325,0.0254685108210432
428,428,2.25,0.02,928,1000000.0,17.15,2.43,0.81,,1000000.0,100.0,928.0,0.8387207702966071,0.0493716993734983,0.0344279670947422,-1.3971819001166067e-05,-3.918016719900758e-06,3115379072673540.0,1750000000000000.0,1160000000000000.0,1.141435120385221,114.14351203852212,3556003086862721.0,1997511460674136.8,1324064739646856.5,0.126213146508729,0.0708976343609858,0.0469950033478534,0.0684505230537817,0.0384506708653333,0.0254873018307352
429,429,2.25,0.02,929,1000000.0,17.15,2.43,0.81,,1000000.0,100.0,929.0,0.9288484955356126,0.0494477437291238,0.0344555556867313,2.0951432256222127e-06,2.751332378471384e-06,3114246039510905.0,1750000000000000.0,1160000000000000.0,1.0001631196635148,100.0163119663515,3114754034276974.5,1750285459411151.2,1160189218809677.0,0.1263124707330438,0.070979242159538,0.0470490976600366,0.0684761508869732,0.0384790612340387,0.02550612058942
430,430,2.25,0.02,930,1000000.0,17.15,2.43,0.81,,1000000.0,100.0,930.0,0.9296169912917436,0.0495065439249181,0.0344888084359634,-2.515646636522363e-06,-1.467404596661948e-06,3113113006348271.5,1750000000000000.0,1160000000000000.0,1.000412158342699,100.0412158342699,3114396101845603.0,1750721277099723.5,1160478103677530.8,0.1263977933708116,0.0710530385334089,0.047098014113574,0.068501816593171,0.0385074935582464,0.025524967158609
431,431,2.25,0.02,931,1000000.0,17.15,2.43,0.81,,1000000.0,100.0,931.0,0.9306234786916888,0.0493003421380127,0.0345037842555965,-2.345637467842505e-06,-2.4892077062251588e-08,3111979973185636.5,1750000000000000.0,1160000000000000.0,1.0004046551585142,100.04046551585142,3113239251934979.0,1750708146527400.0,1160469399983876.5,0.1264969362352943,0.0711346603510291,0.0471521177183964,0.068525528415941,0.0385348478335927,0.02554309913541
432,432,2.25,0.02,932,1000000.0,17.15,2.43,0.81,,1000000.0,100.0,932.0,0.9018493710203612,0.0493869430286927,0.0343018913241889,3.5602337194004232e-06,-1.3446282219945692e-05,3110846940023003.5,1750000000000000.0,1160000000000000.0,1.0474778843905823,104.74778843905828,3258543371398213.0,1833086297683519.5,1215074345893075.5,0.1265727672789927,0.0712032276125419,0.0471975680174562,0.0685492739506332,0.0385622409994627,0.0255612568910724
433,433,2.25,0.02,933,1000000.0,17.15,2.43,0.81,,1000000.0,100.0,933.0,0.9327287961274578,0.04926639176153,0.0343646968819128,5.724720660663814e-06,-2.280712280779353e-06,3110000000000000.0,1750000000000000.0,1160000000000000.0,1.0002908378402,100.02908378402,3110904505683022.0,1750508966220350.0,1160337371894631.8,0.1266787270044211,0.0712822418835167,0.0472499431913596,0.0685793619781903,0.038589673138853,0.0255794404806112
434,434,2.25,0.02,934,1000000.0,17.15,2.43,0.81,,1000000.0,100.0,934.0,0.9335648868470344,0.0493357175705722,0.0343737920761495,7.041492915699479e-06,-1.0127628446773016e-05,3110000000000000.0,1750000000000000.0,1160000000000000.0,1.0004664200609872,100.04664200609872,3111450566389670.0,1750816235106727.8,1160541047270745.2,0.126814502703247,0.0713586430002194,0.0473005862172882,0.0686281822181952,0.0386171443349973,0.0255976499591982
435,435,2.25,0.02,935,1000000.0,17.15,2.43,0.81,,1000000.0,100.0,935.0,0.934815520232428,0.0493303103295346,0.0343728353911056,-1.0843666921920236e-05,1.0825133625143442e-05,3110000000000000.0,1750000000000000.0,1160000000000000.0,1.0001973590824895,100.01973590824892,3110613786746543.0,1750345378394356.8,1160228936535688.0,0.1269595961956358,0.071440287248348,0.0473547046903336,0.06867707201597,0.0386446546713658,0.0256158853821625
436,436,2.25,0.02,936,1000000.0,17.15,2.43,0.81,,1000000.0,100.0,936.0,0.9357300903902795,0.0493008484375144,0.0343982466805691,2.532560414125228e-06,-1.2478809589536604e-05,3110000000000000.0,1750000000000000.0,1160000000000000.0,1.0002885772549082,100.0288577254908,3110897475262764.5,1750505010196089.5,1160334749615693.5,0.127100045739575,0.0715193183422046,0.0474070910154042,0.0687260315202772,0.0386722042316671,0.0256341468049908
437,437,2.25,0.02,937,1000000.0,17.15,2.43,0.81,,1000000.0,100.0,937.0,0.9367884902464994,0.0491532887400112,0.034396937736784,1.410958227942256e-05,-2.88871050786108e-06,3110000000000000.0,1750000000000000.0,1160000000000000.0,1.0002258106403383,100.02258106403384,3110702271091452.0,1750395168620592.0,1160261940342792.5,0.127221829799724,0.071587846350327,0.0474525152950738,0.068775060880303,0.038699793099849,0.0256524342833283
438,438,2.25,0.02,938,1000000.0,17.15,2.43,0.81,,1000000.0,100.0,938.0,0.9376479779825786,0.0492405894929377,0.0344538395176735,7.496357734210465e-06,1.2603306226444328e-05,3110000000000000.0,1750000000000000.0,1160000000000000.0,1.0003756099709222,100.03756099709224,3111168147009569.0,1750657317449114.2,1160435707566270.0,0.1273529316534365,0.0716616174898757,0.0475014150218605,0.0688241602456602,0.0387274213600981,0.0256707478729793
439,439,2.25,0.02,939,1000000.0,17.15,2.43,0.81,,1000000.0,100.0,939.0,0.9387386522501744,0.0490335765632182,0.0343571190549693,-4.410432854999504e-06,2.020151867424848e-06,3110000000000000.0,1750000000000000.0,1160000000000000.0,1.0002784763013692,100.0278476301369,3110866061297257.0,1750487333527395.8,1160323032509588.2,0.1275027388531573,0.0717459141456673,0.0475572916622709,0.0688733297663887,0.0387550890968425,0.025689087629907
440,440,2.25,0.02,940,1000000.0,17.15,2.43,0.81,,1000000.0,100.0,940.0,0.93975708364527,0.0492150373916777,0.0343075486180311,3.7671840258967018e-06,-3.05918440908758e-06,3110000000000000.0,1750000000000000.0,1160000000000000.0,1.000258537792185,100.02585377921848,3110804052533695.0,1750452441136323.2,1160299903838934.5,0.1276432083282057,0.0718249564547781,0.0476096854214528,0.0689225695929578,0.0387827963947511,0.025707453610235
441,441,2.25,0.02,941,1000000.0,17.15,2.43,0.81,,1000000.0,100.0,941.0,0.9408372211435336,0.0490585025017884,0.0342872809945893,-3.262846877620627e-06,9.947861095967937e-07,3110000000000000.0,1750000000000000.0,1160000000000000.0,1.0001730344165216,100.01730344165216,3110538137035382.0,1750302810228912.8,1160200719923165.0,0.1277743101819182,0.0718987275943269,0.0476585851482396,0.0689699220174168,0.0388094416496718,0.0257251156077824
442,442,2.25,0.02,942,1000000.0,17.15,2.43,0.81,,1000000.0,100.0,942.0,0.911561790119388,0.0491156793470791,0.0342342892111744,8.140869265122627e-07,-1.3207044903817149e-06,3109516534807132.5,1750000000000000.0,1160000000000000.0,1.0473951894067637,104.73951894067632,3256892659937778.5,1832941581461835.5,1214978419711845.2,0.1279042907161271,0.0719830578958814,0.0477144840909842,0.0690066104587484,0.0388361235423693,0.0257428018909419
443,443,2.25,0.02,943,1000000.0,17.15,2.43,0.81,,1000000.0,100.0,943.0,0.942661559733267,0.0492718249529731,0.034229604929621,1.1197270644631064e-07,1.2839859792249791e-06,3108383493813483.5,1750000000000000.0,1160000000000000.0,1.0003590991189726,100.03590991189724,3109499711587539.5,1750628423458201.8,1160416554978008.0,0.127974629901503,0.0720488970467646,0.0477581260424268,0.069028924032548,0.0388628421484622,0.0257605125098378
444,444,2.25,0.02,944,1000000.0,17.15,2.43,0.81,,1000000.0,100.0,944.0,0.943756123977994,0.0490530986784253,0.0341996701550902,-1.1896466644962232e-05,7.363742898540897e-06,3107250452819832.5,1750000000000000.0,1160000000000000.0,1.000258446128764,100.0258446128764,3108053509670464.5,1750452280725336.8,1160299797509366.0,0.1280730415037525,0.0721305945673516,0.0478122798275015,0.0690512683302192,0.0388895975437774,0.0257782475147324
445,445,2.25,0.02,945,1000000.0,17.15,2.43,0.81,,1000000.0,100.0,945.0,0.9143713471711684,0.0491948405526841,0.0342672627896908,6.093736886573274e-06,-9.662361714460742e-06,3106117411826183.5,1750000000000000.0,1160000000000000.0,1.0474789038368528,104.74789038368527,3253592461728253.0,1833088081714492.5,1215075528450749.5,0.1281572586835267,0.0722043544916459,0.0478611721201767,0.0690736434152619,0.0389163898043505,0.0257960069560266
446,446,2.25,0.02,946,1000000.0,17.15,2.43,0.81,,1000000.0,100.0,946.0,0.9153450673006917,0.0490949208297113,0.0340807706218669,-6.913863251599341e-07,8.122463189090317e-06,3104984370832532.5,1750000000000000.0,1160000000000000.0,1.047490406489746,104.74904064897464,3252441340747679.5,1833108211357055.5,1215088871528105.5,0.1282554887178046,0.0722860660313009,0.0479153351978909,0.0690960493513512,0.0389432190064271,0.0258137908842603
447,447,2.25,0.02,947,1000000.0,17.15,2.43,0.81,,1000000.0,100.0,947.0,0.9162530168120676,0.0491469745649009,0.0342050317110431,7.111523549770997e-06,-1.005944148103522e-06,3103851329838884.0,1750000000000000.0,1160000000000000.0,1.047540613350169,104.7540613350169,3251410325807163.0,1833196073362796.0,1215147111486196.2,0.1283536328351886,0.0723677887862107,0.0479695057097169,0.069118486202338,0.0389700852264629,0.0258315993501124
448,448,2.25,0.02,948,1000000.0,17.15,2.43,0.81,,1000000.0,100.0,948.0,0.9477379541992036,0.0490988702777872,0.0341464709393205,-4.485816017131193e-06,1.5752179821962392e-05,3102718288845233.0,1750000000000000.0,1160000000000000.0,1.0002765360974617,100.02765360974618,3103576302452355.0,1750483938170558.5,1160320781873055.8,0.128428127949173,0.0724362326799251,0.0480148742335503,0.0691409540322492,0.0389969885411248,0.0258494324044027
449,449,2.25,0.02,949,1000000.0,17.15,2.43,0.81,,1000000.0,100.0,949.0,0.9487396026728676,0.0488870882239303,0.0340618619794272,-4.702602283708621e-07,3.448860796727705e-07,3101585247851584.5,1750000000000000.0,1160000000000000.0,1.0002745707148644,100.02745707148644,3102436852330300.0,1750480498751012.8,1160318502029243.0,0.1285355156482286,0.0725232854844826,0.048072577806857,0.0691634529052888,0.0390239290272916,0.0258672900980905
450,450,2.25,0.02,950,1000000.0,17.15,2.43,0.81,,1000000.0,100.0,950.0,0.9497863080306956,0.0491445518105601,0.0341629919244935,7.33258998385271e-06,3.1903900153082343e-06,3100452206857935.0,1750000000000000.0,1160000000000000.0,1.0002250085813251,100.0225008581325,3101149835210466.0,1750393765017319.2,1160261009954337.2,0.1286097966198942,0.0725917153591291,0.0481179370380512,0.0691859828858382,0.039050906762055,0.0258851724822764
451,451,2.25,0.02,951,1000000.0,17.15,2.43,0.81,,1000000.0,100.0,951.0,0.9506356238557372,0.0489177588274295,0.0342228478215744,-4.079296092382529e-06,-2.98838972385538e-06,3099319170569871.5,1750000000000000.0,1160000000000000.0,1.000383359097806,100.0383359097806,3100507322770913.0,1750670878421160.2,1160444696553454.8,0.1287075711184966,0.0726734605445473,0.0481721224180999,0.069206442404239,0.0390767350963565,0.0259022929781563
452,452,2.25,0.02,952,1000000.0,17.15,2.43,0.81,,1000000.0,100.0,952.0,0.9212856656612588,0.0490933593961316,0.0342500857263605,3.531743460109025e-06,9.135656992694314e-07,3098186137407236.5,1750000000000000.0,1160000000000000.0,1.0473647305170188,104.73647305170188,3244930888897095.0,1832888278404783.2,1214943087399741.8,0.1287910829968726,0.0727472092535872,0.0482210072766635,0.0692269290743059,0.0391025976190763,0.0259194361360734
453,453,2.25,0.02,953,1000000.0,17.15,2.43,0.81,,1000000.0,100.0,953.0,0.9222196709905152,0.0490421809219709,0.0340810920736767,-2.0795951169995205e-06,-1.05415452555089e-05,3097053104244603.5,1750000000000000.0,1160000000000000.0,1.0473732568781862,104.73732568781858,3243770596517366.0,1832903199536824.8,1214952977978696.0,0.1288886759097194,0.0728289684580735,0.0482752019493515,0.0692474428801032,0.039128494398141,0.0259366020010535
454,454,2.25,0.02,954,1000000.0,17.15,2.43,0.81,,1000000.0,100.0,954.0,0.8927848606110512,0.0490134753555286,0.0339658193186242,7.141987259120003e-06,-3.559513576273164e-06,3095920071081968.5,1750000000000000.0,1160000000000000.0,1.0942331681496626,109.42331681496628,3387658427718152.5,1914908044261910.0,1269310475053608.8,0.1289625225504753,0.0728973646869568,0.0483205388782114,0.0692679838755804,0.0391544255016576,0.0259537906182416
455,455,2.25,0.02,955,1000000.0,17.15,2.43,0.81,,1000000.0,100.0,955.0,0.9241428705039958,0.0490616960114127,0.0339995671275477,-4.09908907830298e-06,-7.926186389202112e-07,3094787037919334.5,1750000000000000.0,1160000000000000.0,1.047418425660119,104.74184256601184,3241536967010810.0,1832982244905207.5,1215005373765737.5,0.1290551919759188,0.0729764546608988,0.0483729642323672,0.0692885521148306,0.0391803909979133,0.0259710020329025
456,456,2.25,0.02,956,1000000.0,17.15,2.43,0.81,,1000000.0,100.0,956.0,0.8945847140211554,0.0489321079890009,0.0341295516956999,4.329429844704362e-06,-3.3450571192517157e-06,3093654004756700.0,1750000000000000.0,1160000000000000.0,1.0944429910526192,109.44429910526192,3385827942247836.5,1915275234342083.2,1269553869621038.2,0.1291430304031069,0.0730528697966697,0.0484236165509353,0.0693091476520905,0.0392063909553768,0.0259882362904211
457,457,2.25,0.02,957,1000000.0,17.15,2.43,0.81,,1000000.0,100.0,957.0,0.9260440492259774,0.0489428209603939,0.0340305512145927,1.1056884361354124e-05,2.779646903207434e-06,3092520971594064.5,1750000000000000.0,1160000000000000.0,1.0474840739998146,104.74840739998146,3239366466255216.0,1833097129499675.2,1215081525839784.8,0.1292402533157972,0.0731346514316646,0.0484778260918463,0.0693297705417407,0.0392324254426986,0.0260054934363031
458,458,2.25,0.02,958,1000000.0,17.15,2.43,0.81,,1000000.0,100.0,958.0,0.9577684442314648,0.0491377166621921,0.0339802518485576,7.826897886836828e-06,1.0158459538905548e-05,3091387938431431.5,1750000000000000.0,1160000000000000.0,1.0002418194651257,100.02418194651258,3092135496209199.0,1750423184063970.2,1160280510579546.0,0.129332645208448,0.0732137582284884,0.0485302625971695,0.0693504208383063,0.0392584945287117,0.0260227735161747
459,459,2.25,0.02,959,1000000.0,17.15,2.43,0.81,,1000000.0,100.0,959.0,0.9586204828536212,0.0490471595800888,0.0339891522556396,-5.384911084411612e-06,2.87847637833911e-06,3090254905268796.5,1750000000000000.0,1160000000000000.0,1.000396228208173,100.03962282081731,3091479351432710.0,1750693399364303.0,1160459624721481.0,0.1294059519871864,0.0732821152039813,0.048575573506639,0.0693710985964577,0.0392845982824324,0.0260400765757837
460,460,2.25,0.02,960,1000000.0,17.15,2.43,0.81,,1000000.0,100.0,960.0,0.9291337437968143,0.0489712545504838,0.034024340348981,-2.3971338043462896e-06,-6.4382890840621015e-06,3090000000000000.0,1750000000000000.0,1160000000000000.0,1.047200286908586,104.72002869085858,3235848886547531.0,1832600502090025.2,1214752332813959.8,0.129553968521773,0.073371988645017,0.0486351467589827,0.0694115295021462,0.0393107367730601,0.0260574026609999
461,461,2.25,0.02,961,1000000.0,17.15,2.43,0.81,,1000000.0,100.0,961.0,0.9607434467978464,0.049014299990289,0.0339870065811277,1.5770512186787977e-05,-1.2290823075132877e-05,3090000000000000.0,1750000000000000.0,1160000000000000.0,1.0002670728646954,100.02670728646952,3090825255151908.0,1750467377513216.5,1160309804523046.5,0.1296746476069947,0.0734403344052559,0.0486804502343409,0.069455901796098,0.0393358667130004,0.0260740602211889
462,462,2.25,0.02,962,1000000.0,17.15,2.43,0.81,,1000000.0,100.0,962.0,0.9617533055030436,0.0489847741684049,0.033945764068007,-8.89782165627107e-06,4.429017508353253e-06,3090000000000000.0,1750000000000000.0,1160000000000000.0,1.0002565553926843,100.02565553926844,3090792756163394.5,1750448971937197.5,1160297604255513.8,0.1298143474111781,0.0735194524173338,0.0487328941737755,0.0695003308575621,0.0393610288028263,0.0260907390921592
463,463,2.25,0.02,963,1000000.0,17.15,2.43,0.81,,1000000.0,100.0,963.0,0.9627673819088386,0.0488073495455042,0.0339441745240624,8.358344111806582e-07,6.176918584123309e-07,3090000000000000.0,1750000000000000.0,1160000000000000.0,1.0002416583981806,100.02416583981808,3090746724450378.5,1750422902196816.2,1160280323741889.5,0.129944522003679,0.0735931758920511,0.0487817623055881,0.0695448167955458,0.0393862231042734,0.0261074393148327
464,464,2.25,0.02,964,1000000.0,17.15,2.43,0.81,,1000000.0,100.0,964.0,0.932787967444899,0.0487360268989563,0.0339253376911482,-3.244101041499873e-07,-4.814854876044804e-06,3090000000000000.0,1750000000000000.0,1160000000000000.0,1.047498645267702,104.74986452677015,3236770813877198.5,1833122629218478.0,1215098428510534.0,0.1300890042166387,0.073675002388064,0.0488360015829452,0.0695893597193364,0.0394114496792358,0.0261241609302363
465,465,2.25,0.02,965,1000000.0,17.15,2.43,0.81,,1000000.0,100.0,965.0,0.933708817655052,0.0490121050746352,0.0338542378598944,1.1120996720289855e-05,8.710710278812901e-07,3090000000000000.0,1750000000000000.0,1160000000000000.0,1.047492659541834,104.7492659541834,3236752317984267.0,1833112154198209.2,1215091485068527.5,0.1302096189423218,0.0737433116987259,0.0488812808974412,0.0696339597385008,0.0394367085897657,0.0261409039795018
466,466,2.25,0.02,966,1000000.0,17.15,2.43,0.81,,1000000.0,100.0,966.0,0.9654141316478216,0.0487823313898533,0.0339731936584701,-1.3629295527332054e-05,2.045312900396528e-06,3090000000000000.0,1750000000000000.0,1160000000000000.0,1.0006071376270922,100.0607137627092,3091876055267714.5,1751062490847411.0,1160704279647426.5,0.1303541160074819,0.0738251466061791,0.0489355257503815,0.0696786169628872,0.0394619998980752,0.026157668503867
467,467,2.25,0.02,967,1000000.0,17.15,2.43,0.81,,1000000.0,100.0,967.0,0.9359065664075674,0.0487376598976486,0.0339807847524366,3.3169128479364865e-06,4.757224899532162e-06,3090000000000000.0,1750000000000000.0,1160000000000000.0,1.047193567698749,104.71935676987486,3235828124189133.0,1832588743472810.5,1214744538530548.5,0.1304842707970484,0.0738988588656423,0.0489843864480829,0.0697233315026256,0.0394873236665356,0.0261744545446749
468,468,2.25,0.02,968,1000000.0,17.15,2.43,0.81,,1000000.0,100.0,968.0,0.9676601805109384,0.0489945850410987,0.0338103561695771,3.694353272225271e-06,2.1591798381505029e-07,3090000000000000.0,1750000000000000.0,1160000000000000.0,1.0003512748757974,100.03512748757971,3091085439366214.0,1750614731032645.5,1160407478855925.2,0.1306287926158778,0.0739807077921638,0.0490386405936628,0.0697681034681294,0.0395126799576784,0.0261912621433754
469,469,2.25,0.02,969,1000000.0,17.15,2.43,0.81,,1000000.0,100.0,969.0,0.875604390802746,0.0488169544100943,0.0338623735379138,-8.520799772270611e-07,-1.167051209127656e-05,3088924495961048.5,1750000000000000.0,1160000000000000.0,1.1417019430886246,114.17019430886246,3526631099092780.5,1997978400405092.8,1324374253982804.5,0.1307278173285284,0.0740625679339394,0.0490929021733541,0.069788633911396,0.0395380688341963,0.0262080913415244
470,470,2.25,0.02,970,1000000.0,17.15,2.43,0.81,,1000000.0,100.0,970.0,0.9387015977990644,0.0487565141100883,0.0336962040604813,-5.073152350243979e-06,3.3452744670543077e-06,3087791454967399.5,1750000000000000.0,1160000000000000.0,1.0473697558256634,104.73697558256632,3234059382229774.0,1832897072694910.8,1214948916757769.2,0.1308003295751007,0.0741308407950247,0.0491381573269877,0.0698078899765873,0.0395634903589425,0.0262249421807847
471,471,2.25,0.02,971,1000000.0,17.15,2.43,0.81,,1000000.0,100.0,971.0,0.9396852673042988,0.0487425900106158,0.0337153810390876,-3.920729855654229e-06,2.296367358484582e-06,3086658413973748.5,1750000000000000.0,1160000000000000.0,1.0473755226143528,104.73755226143524,3232890469467745.0,1832907164575117.2,1214955606232649.2,0.1309063374897927,0.0742181543542464,0.0491960337433862,0.0698253384760001,0.0395879057364458,0.0262411260881584
472,472,2.25,0.02,972,1000000.0,17.15,2.43,0.81,,1000000.0,100.0,972.0,0.9405031437466036,0.0486886814890279,0.0336318291934726,1.1442200886968893e-05,-4.8840692319176105e-06,3085525372980099.5,1750000000000000.0,1160000000000000.0,1.047431433633025,104.74314336330252,3231876264931621.0,1833005008857794.0,1215020463014309.2,0.1309786358770032,0.0742864131962637,0.0492412796043805,0.0698428085243085,0.0396123512669388,0.0262573299826565
473,473,2.25,0.02,973,1000000.0,17.15,2.43,0.81,,1000000.0,100.0,973.0,0.9727074848610188,0.0488078386321093,0.0338237849136296,1.4170300156446928e-05,7.864892056403397e-06,3084392331986448.5,1750000000000000.0,1160000000000000.0,1.0003007737816136,100.0300773781614,3085320036332122.5,1750526354117824.2,1160348897586672.2,0.1310700495130872,0.0743655676579182,0.0492937477046773,0.0698603001614566,0.0396368270063142,0.0262735539013283
474,474,2.25,0.02,974,1000000.0,17.15,2.43,0.81,,1000000.0,100.0,974.0,0.942586281794394,0.0488311490254631,0.03372817036472,9.000280444889995e-07,5.985778903695314e-06,3083259290992800.0,1750000000000000.0,1160000000000000.0,1.047313646281959,104.73136462819586,3229139530482396.5,1832798880993428.0,1214883829687072.2,0.1311517475403765,0.0744392658983136,0.0493425991097393,0.069877813427487,0.0396613330106033,0.0262897978813142
475,475,2.25,0.02,975,1000000.0,17.15,2.43,0.81,,1000000.0,100.0,975.0,0.9434346476406166,0.0487862031409961,0.0338484973920994,-1.006849616827485e-05,-3.344131586557544e-06,3082126249999150.5,1750000000000000.0,1160000000000000.0,1.0474322658832134,104.74322658832132,3228318481774741.0,1833006465295623.5,1215021428424527.8,0.1312525989216826,0.0745238934041094,0.0493986950564383,0.0698953483625417,0.039685869335976,0.0263060619598468
476,476,2.25,0.02,976,1000000.0,17.15,2.43,0.81,,1000000.0,100.0,976.0,0.975654266595086,0.0486945713647372,0.0336843160410234,4.819222587881982e-06,-4.128923014842805e-06,3080993209005500.5,1750000000000000.0,1160000000000000.0,1.00035445354246,100.03544535424602,3082085277962727.5,1750620293699305.0,1160411166109253.8,0.1313244633446016,0.0745921186003635,0.049443918615098,0.0699129050068618,0.039710436038741,0.0263223461742512
477,477,2.25,0.02,977,1000000.0,17.15,2.43,0.81,,1000000.0,100.0,977.0,0.9454506749360702,0.0486762227719171,0.0336361179348755,1.436701538212871e-06,-1.723685170007555e-07,3079860168011851.0,1750000000000000.0,1160000000000000.0,1.0473843446809958,104.7384344680996,3225797323782194.5,1832922603191742.8,1214965839829955.5,0.1314154937942069,0.0746712842772727,0.0494963941495065,0.0699304834007885,0.0397350331753468,0.0263386505619441
478,478,2.25,0.02,978,1000000.0,17.15,2.43,0.81,,1000000.0,100.0,978.0,0.9776902955750416,0.0486711610579504,0.0336278486422194,-1.0131504498634847e-05,3.280857422880173e-06,3078727127018200.5,1750000000000000.0,1160000000000000.0,1.0003168107295088,100.03168107295087,3079702500805270.0,1750554418776640.2,1160367500446230.0,0.1314967832896781,0.0747449713024133,0.0495452381204568,0.0699480835847628,0.0397596608023817,0.0263549751604358
479,479,2.25,0.02,979,1000000.0,17.15,2.43,0.81,,1000000.0,100.0,979.0,0.9786295025418668,0.0485137108776025,0.0334572022182971,5.523520995263002e-07,-1.9070418497346812e-06,3077594086024551.5,1750000000000000.0,1160000000000000.0,1.0003787966693596,100.03787966693594,3078759868413977.0,1750662894171379.2,1160439404136457.0,0.1315924494334832,0.0748268875204612,0.0495995368707057,0.0699657055993257,0.0397843189765745,0.0263713200073293
480,480,2.25,0.02,980,1000000.0,17.15,2.43,0.81,,1000000.0,100.0,980.0,0.9796947880479364,0.0489733249021926,0.0334842191568999,1.0152253741727893e-05,9.430526149265184e-06,3076461045030900.5,1750000000000000.0,1160000000000000.0,1.0003116868380433,100.03116868380432,3077419937446390.5,1750545451966575.8,1160361556732130.5,0.1316880292198176,0.0749088149537632,0.0496538430550659,0.0699833494851194,0.0398090077547946,0.026387685140321
481,481,2.25,0.02,981,1000000.0,17.15,2.43,0.81,,1000000.0,100.0,981.0,0.9178918463695048,0.0486600308051245,0.0337132445555939,1.957600916005413e-06,6.63165878158285e-06,3075328004037251.5,1750000000000000.0,1160000000000000.0,1.0944770349582538,109.44770349582538,3365875875382775.0,1915334811176944.0,1269593360551574.5,0.1317593545806412,0.0749770008966267,0.0496990405943353,0.0699990554899525,0.0398326119836982,0.0264033313720513
482,482,2.25,0.02,982,1000000.0,17.15,2.43,0.81,,1000000.0,100.0,982.0,0.9816742692075536,0.0486780921413592,0.0335971903351074,-7.207332125622761e-06,-1.526605077244517e-06,3074194963043601.0,1750000000000000.0,1160000000000000.0,1.0003318751643977,100.03318751643975,3075215212002352.5,1750580781537695.5,1160384975190701.2,0.1318644193714824,0.075064443431274,0.0497570025030159,0.0700147801311749,0.0398562442208445,0.0264189961692455
483,483,2.25,0.02,983,1000000.0,17.15,2.43,0.81,,1000000.0,100.0,983.0,0.9513197949138462,0.0486935035310763,0.0336240072180572,-2.3775782004795774e-06,6.823913273720428e-06,3073061922049952.0,1750000000000000.0,1160000000000000.0,1.0472986709198453,104.72986709198452,3218413666617300.0,1832772674109729.2,1214866458267020.5,0.1319355310581085,0.0751326153550695,0.0498021907496461,0.0700305234419764,0.0398799045161142,0.0264346795649672
484,484,2.25,0.02,984,1000000.0,17.15,2.43,0.81,,1000000.0,100.0,984.0,0.9836126508290818,0.0487980794350934,0.0335290686358565,-1.5248941766413285e-07,2.3452508522175496e-06,3071928881056303.0,1750000000000000.0,1160000000000000.0,1.0003939326810027,100.03939326810028,3073139014236267.0,1750689382191754.8,1160456961909963.2,0.13203074009827,0.0752145652188807,0.0498565118022295,0.070046285455626,0.0399035929195064,0.0264503815923584
485,485,2.25,0.02,985,1000000.0,17.15,2.43,0.81,,1000000.0,100.0,985.0,0.9846234836044572,0.0485405707000722,0.0333813186697831,-1.0058439762674889e-08,2.1070546479472183e-06,3070795840062652.5,1750000000000000.0,1160000000000000.0,1.0003825712314984,100.03825712314986,3071970638208866.0,1750669499655122.2,1160443782628538.2,0.1321113242038698,0.0752882410287669,0.0499053483390684,0.0700620662054717,0.0399273094811388,0.0264661022846406
486,486,2.25,0.02,986,1000000.0,17.15,2.43,0.81,,1000000.0,100.0,986.0,0.9857610898448684,0.0487163177321644,0.0335460400397866,-4.436472614224686e-06,-6.526755761486892e-06,3069662799030796.5,1750000000000000.0,1160000000000000.0,1.0002424102427905,100.02424102427906,3070406916735194.0,1750424217924883.2,1160281195881637.2,0.132206350955776,0.075370204911646,0.049959678684291,0.0700778657240681,0.0399510542512486,0.0264818416751134
487,487,2.25,0.02,987,1000000.0,17.15,2.43,0.81,,1000000.0,100.0,987.0,0.9866526530190184,0.0486012126482306,0.0334154223818147,-1.7477082985837022e-05,-5.599167885522203e-06,3068529757908768.5,1750000000000000.0,1160000000000000.0,1.0003521411305976,100.03521411305977,3069610313446990.5,1750616246978545.8,1160408483711493.2,0.1322964388115715,0.0754494126457591,0.0500121820966174,0.070093684043734,0.0399748272801927,0.0264975997971563
488,488,2.25,0.02,988,1000000.0,17.15,2.43,0.81,,1000000.0,100.0,988.0,0.9876011376700716,0.0486633760863942,0.0335007057830663,-8.601814111668689e-07,-1.0870152155674314e-06,3067396716786740.5,1750000000000000.0,1160000000000000.0,1.0004039749870912,100.04039749870913,3068635868335808.5,1750706956227409.8,1160468610985026.0,0.1323670117500553,0.0755175453161644,0.0500573443238576,0.0701095212001129,0.0399986286184472,0.0265133766842279
489,489,2.25,0.02,989,1000000.0,17.15,2.43,0.81,,1000000.0,100.0,989.0,0.9571642542737404,0.0485981459342813,0.0334770963637221,-1.5271467316997677e-05,-6.636219432858737e-07,3066263675664712.5,1750000000000000.0,1160000000000000.0,1.0472312603428902,104.72312603428904,3211087173609980.5,1832654705600058.5,1214788261997753.0,0.1324471843153081,0.0755912071069826,0.050106171568057,0.0701253772268716,0.0400224583166096,0.0265291723698668
490,490,2.25,0.02,990,1000000.0,17.15,2.43,0.81,,1000000.0,100.0,990.0,0.9896878778806922,0.0487572254892017,0.033408402395194,-2.735658136241873e-06,-5.990021687405111e-06,3065130634542684.5,1750000000000000.0,1160000000000000.0,1.000315425849568,100.03154258495682,3066097455977123.0,1750551995236744.5,1160365893985499.2,0.1325466987924552,0.0756759663920178,0.0501623548655661,0.0701412521577569,0.040046316425397,0.0265449868876918
491,491,2.25,0.02,991,1000000.0,17.15,2.43,0.81,,1000000.0,100.0,991.0,0.9590376674905192,0.0485924142407302,0.033319050929416,-7.04739916727756e-06,-1.0082428784512827e-05,3063997593420656.5,1750000000000000.0,1160000000000000.0,1.047323553574906,104.7323553574906,3208996847686283.0,1832816218756086.0,1214895322146891.0,0.1326364031857945,0.0757551853413852,0.0502148657120039,0.0701554111506585,0.0400692121225165,0.026560163464068
492,492,2.25,0.02,992,1000000.0,17.15,2.43,0.81,,1000000.0,100.0,992.0,0.9917446108253556,0.0485846752362115,0.0334561091321527,5.111956110941902e-06,-1.4986511226592134e-06,3062864552298628.5,1750000000000000.0,1160000000000000.0,1.0002575302358607,100.02575302358608,3063653332529191.5,1750450677912756.0,1160298735073598.5,0.1327065428134652,0.0758232843660273,0.0502600056369095,0.0701695863430757,0.0400921340149453,0.0265753574041924
493,493,2.25,0.02,993,1000000.0,17.15,2.43,0.81,,1000000.0,100.0,993.0,0.9606156656785072,0.0484775858714623,0.0335300334255535,-1.104102320427304e-05,4.965365029036294e-06,3061731511176600.5,1750000000000000.0,1160000000000000.0,1.047697193734725,104.76971937347253,3207767512228904.5,1833470089035768.8,1215328744732281.0,0.132810662557852,0.0759108558761,0.050318053037872,0.0701837777628253,0.0401150821476651,0.0265905687378808
494,494,2.25,0.02,994,1000000.0,17.15,2.43,0.81,,1000000.0,100.0,994.0,0.993796904612134,0.0487008810563958,0.033345030594833,-2.269410907496952e-06,-1.914618491743996e-06,3060598470054572.5,1750000000000000.0,1160000000000000.0,1.000204374582708,100.02043745827078,3061223978589726.5,1750357655519739.0,1160237074515941.2,0.1328805886964677,0.075978940881674,0.0503631836701382,0.0701979854377885,0.0401380565657603,0.0266057974950182
495,495,2.25,0.02,995,1000000.0,17.15,2.43,0.81,,1000000.0,100.0,995.0,0.9628917601368588,0.0485303144296498,0.0334843318276347,5.256193572368566e-07,-4.62549364746296e-06,3060000000000000.0,1750000000000000.0,1160000000000000.0,1.0472597523850742,104.72597523850744,3204614842298327.0,1832704566673880.0,1214821312766686.0,0.1329980180532887,0.0760609580370115,0.0504175493273904,0.0702244773612119,0.0401610573144186,0.0266210437055574
496,496,2.25,0.02,996,1000000.0,17.15,2.43,0.81,,1000000.0,100.0,996.0,0.9957522400883136,0.0482631172559627,0.033416199151983,-1.4814993909080705e-05,-8.209665790137634e-07,3060000000000000.0,1750000000000000.0,1160000000000000.0,1.0002488546706432,100.02488546706432,3060761495292168.0,1750435495673625.5,1160288671417946.0,0.1331268013454176,0.0761346086125753,0.0504663691374785,0.0702647419332172,0.0401840844389314,0.0266363073995202
497,497,2.25,0.02,997,1000000.0,17.15,2.43,0.81,,1000000.0,100.0,997.0,0.99670156342479,0.0486488911527123,0.0332903673918618,3.255578789448931e-06,1.8392689703197486e-07,3060000000000000.0,1750000000000000.0,1160000000000000.0,1.0002994674395953,100.02994674395956,3060916370365162.0,1750524068019292.0,1160347382229930.8,0.1332702387132349,0.0762166397869806,0.0505207440873701,0.0703050527046651,0.0402071379846941,0.0266515886069972
498,498,2.25,0.02,998,1000000.0,17.15,2.43,0.81,,1000000.0,100.0,998.0,0.9656569933862617,0.0486540700216583,0.0333321497988373,-5.082417862379517e-06,-8.140876720206434e-06,3060000000000000.0,1750000000000000.0,1160000000000000.0,1.0475141488688124,104.75141488688128,3205393295538567.0,1833149760520422.0,1215116412687822.5,0.1334088028287152,0.0762958839706704,0.0505732716605587,0.0703454097551151,0.0402302179972063,0.0266668873581482
499,499,2.25,0.02,999,1000000.0,17.15,2.43,0.81,,1000000.0,100.0,999.0,0.9667893062032088,0.0483516384783553,0.0333991645285416,-8.410841354222932e-06,-3.189410546406387e-07,3060000000000000.0,1750000000000000.0,1160000000000000.0,1.0473708295776665,104.73708295776665,3204954738507659.0,1832898951760916.0,1214950162310093.0,0.1335277856868193,0.0763639297228542,0.0506183762734348,0.0703858131643091,0.0402533245220722,0.0266822036832021
500,500,2.25,0.02,1000,1000000.0,17.15,2.43,0.81,,1000000.0,100.0,1000.0,0.9997871982100948,0.0485067423127626,0.0332625696250706,-1.0147677925914064e-05,-6.473975211957164e-06,3060000000000000.0,1750000000000000.0,1160000000000000.0,1.0002128624719588,100.02128624719587,3060651359164194.0,1750372509325927.8,1160246920467472.2,0.1336565444656066,0.0764375662793501,0.0506671867908835,0.0704262630121727,0.0402764576050007,0.0266975376124576
501,501,2.25,0.02,1001,1000000.0,17.15,2.43,0.81,,1000000.0,100.0,1001.0,0.9367523541033862,0.0481728381975434,0.0331238950179022,-1.9281094449052887e-06,3.8955012228939575e-06,3060000000000000.0,1750000000000000.0,1160000000000000.0,1.0943708467107245,109.43708467107244,3348774790934817.0,1915148981743768.0,1269470182184440.5,0.1338049237231175,0.0765224236978613,0.050723435136868,0.0704650555499521,0.0402986428798745,0.026712243280374
502,502,2.25,0.02,1002,1000000.0,17.15,2.43,0.81,,1000000.0,100.0,1002.0,1.001777681549902,0.048430162323622,0.0332373685415705,5.264825810463942e-06,1.5460123476465236e-06,3060000000000000.0,1750000000000000.0,1160000000000000.0,1.0002220181452215,100.02220181452216,3060679375524377.0,1750388531754137.5,1160257541048457.0,0.1339435074492711,0.0766016790968052,0.0507759701441681,0.0705038908470743,0.0403208526086209,0.0267269651577143
503,503,2.25,0.02,1003,1000000.0,17.15,2.43,0.81,,1000000.0,100.0,1003.0,1.0026776308281682,0.0484213941298253,0.0332307704945422,9.115819188576063e-06,-4.476598543571157e-06,3060000000000000.0,1750000000000000.0,1160000000000000.0,1.0003216236305272,100.03216236305272,3060984168309413.0,1750562841353422.8,1160373083411411.5,0.1340624314753551,0.0766696912032258,0.0508210524547097,0.0705427689742758,0.0403430868316936,0.026741703271294
504,504,2.25,0.02,1004,1000000.0,17.15,2.43,0.81,,1000000.0,100.0,1004.0,1.0037362535106922,0.0483997850170965,0.0331923325511605,-5.803411118272166e-06,6.313893787942483e-06,3059268123832260.0,1750000000000000.0,1160000000000000.0,1.0002628146141876,100.0262814614188,3060072144203921.0,1750459925574828.5,1160304864952457.8,0.1341836809496124,0.0767573916887243,0.0508791853479543,0.0705648086113411,0.0403653455896362,0.0267564576479874
505,505,2.25,0.02,1005,1000000.0,17.15,2.43,0.81,,1000000.0,100.0,1005.0,1.0047516514400283,0.0485117357340765,0.0332623971772802,-1.1546022348951338e-06,1.0222750575927995e-05,3058135083352123.5,1750000000000000.0,1160000000000000.0,1.0002472068681745,100.02472068681745,3058891075348533.0,1750432612019305.5,1160286759967082.5,0.1342528112950984,0.0768253897760768,0.0509242583658566,0.0705776142531894,0.0403876289230811,0.0267712283147281
506,506,2.25,0.02,1006,1000000.0,17.15,2.43,0.81,,1000000.0,100.0,1006.0,1.0057007197265988,0.048988445375511,0.0332112553693823,-1.576628905885304e-06,-5.878415820480753e-06,3057002042871984.5,1750000000000000.0,1160000000000000.0,1.0002976749655328,100.02976749655328,3057912035849731.0,1750520931189682.5,1160345302960018.2,0.1343464604638022,0.0769074742229405,0.0509786686277777,0.0705904340413303,0.040409936872751,0.0267860152985093
507,507,2.25,0.02,1007,1000000.0,17.15,2.43,0.81,,1000000.0,100.0,1007.0,0.974356747273735,0.0483619587589334,0.033281252192488,-3.178334830166892e-06,-9.370344200192755e-06,3055869002391848.5,1750000000000000.0,1160000000000000.0,1.0474926759193344,104.74926759193345,3201000398574384.0,1833112182858835.2,1215091504066427.8,0.1344252319589851,0.0769810995641817,0.0510274717111147,0.0706032679992183,0.0404322694794587,0.0268008186263841
508,508,2.25,0.02,1008,1000000.0,17.15,2.43,0.81,,1000000.0,100.0,1008.0,1.007640645986703,0.0484054502244296,0.033124128734946,7.566015325165821e-06,-4.991411822330359e-06,3054735961911711.5,1750000000000000.0,1160000000000000.0,1.0003567033137866,100.03567033137864,3055825596352068.0,1750624230799126.5,1160413775843992.5,0.1345186984928639,0.0770631980301136,0.0510818912656752,0.0706161161503586,0.0404546267841068,0.026815638325465
509,509,2.25,0.02,1009,1000000.0,17.15,2.43,0.81,,1000000.0,100.0,1009.0,1.0085136940562165,0.048315473403707,0.0331755850005203,8.818858130928267e-07,-3.989849203018349e-07,3053602921431574.5,1750000000000000.0,1160000000000000.0,1.0004824319951109,100.04824319951106,3055076077181236.0,1750844255991443.5,1160559621114328.5,0.1346071418359832,0.0771424786633801,0.0511344429997262,0.0706289785183095,0.0404770088276886,0.026830474422925
510,510,2.25,0.02,1010,1000000.0,17.15,2.43,0.81,,1000000.0,100.0,1010.0,0.9448002526908964,0.0483746025881609,0.0331133894624086,-3.746242708910646e-06,-4.69112648336186e-06,3052469880951436.5,1750000000000000.0,1160000000000000.0,1.09478121677969,109.478121677969,3341786690451369.0,1915867129364457.2,1269946211464440.5,0.1346757342604119,0.0772104374973423,0.0511794899982383,0.0706418551266807,0.0404994156512884,0.0268453269459969
511,511,2.25,0.02,1011,1000000.0,17.15,2.43,0.81,,1000000.0,100.0,1011.0,1.0106446930517108,0.0485212373758444,0.0331792155782264,9.852385474099702e-06,-1.117868358703478e-05,3051336840471299.5,1750000000000000.0,1160000000000000.0,1.0003516152385008,100.03516152385006,3052409737002208.0,1750615326667376.5,1160407873676660.8,0.1347540944821556,0.0772840488195162,0.0512282837889365,0.0706553676978131,0.0405222038521563,0.026860432267715
512,512,2.25,0.02,1012,1000000.0,17.15,2.43,0.81,,1000000.0,100.0,1012.0,0.9469863139705936,0.0483192442778167,0.0331340052191347,1.3877842260022307e-05,3.1528247463032305e-06,3050203799991163.0,1750000000000000.0,1160000000000000.0,1.0943920921958483,109.43920921958484,3338118918296055.5,1915186161342734.8,1269494826947184.5,0.1348521320774234,0.0773690043715029,0.0512845971833961,0.070668895484007,0.0405450177123805,0.0268755545979208
513,513,2.25,0.02,1013,1000000.0,17.15,2.43,0.81,,1000000.0,100.0,1013.0,1.0126541809730611,0.0482351220875304,0.0330273791629961,5.801784743015678e-06,-2.109664356050352e-06,3049070765828184.5,1750000000000000.0,1160000000000000.0,1.0003415649123144,100.0341564912314,3050112221416954.5,1750597738596550.0,1160396215298284.5,0.1349401919243864,0.0774482962200238,0.0513371563515586,0.0706824386574167,0.0405678572753235,0.0268906939653573
514,514,2.25,0.02,1014,1000000.0,17.15,2.43,0.81,,1000000.0,100.0,1014.0,1.0136932043920068,0.0482144066980736,0.0330663452093359,-1.2579818723168155e-05,6.789784971709294e-07,3047937733050679.5,1750000000000000.0,1160000000000000.0,1.0003026943771396,100.03026943771395,3048860326664345.0,1750529715159994.5,1160351125477481.8,0.1350182555062459,0.0775219075421976,0.0513859501422567,0.0706959971296718,0.040590722584446,0.0269058503988328
515,515,2.25,0.02,1015,1000000.0,17.15,2.43,0.81,,1000000.0,100.0,1015.0,0.9821367811668472,0.048217577905571,0.0330899220460641,5.203998998388653e-06,2.3480009927017986e-06,3046804700273174.5,1750000000000000.0,1160000000000000.0,1.047418199685888,104.7418199685888,3191278693954629.0,1832981849450304.0,1215005111635630.0,0.1351110782562025,0.0776040508691465,0.0514403994332629,0.0707095708945013,0.0406136136833066,0.0269210239272204
516,516,2.25,0.02,1016,1000000.0,17.15,2.43,0.81,,1000000.0,100.0,1016.0,1.0157560126064709,0.0484230300996974,0.0330305068961849,-2.292616450954129e-06,7.566043756631909e-07,3045671667495668.5,1750000000000000.0,1160000000000000.0,1.000240233281549,100.02402332815493,3046403339194872.5,1750420408242710.8,1160278670606596.8,0.1351790252221612,0.0776719620382778,0.0514854148368013,0.0707231599777931,0.0406365306155621,0.0269362145794583
517,517,2.25,0.02,1017,1000000.0,17.15,2.43,0.81,,1000000.0,100.0,1017.0,0.9841550241882828,0.0482530722490569,0.0330363133344862,2.5023331672688293e-08,-5.87732700083605e-06,3044538634718164.0,1750000000000000.0,1160000000000000.0,1.047436120174877,104.7436120174877,3188959735271711.0,1833013210306034.8,1215025899402857.5,0.1352716590864782,0.0777541137766677,0.0515398697033912,0.0707367644054926,0.0406594734249681,0.0269514223845503
518,518,2.25,0.02,1018,1000000.0,17.15,2.43,0.81,,1000000.0,100.0,1018.0,0.985171520485572,0.0484206367064104,0.0331127415279496,-1.113881803051599e-05,7.452578992620718e-06,3043405601940659.0,1750000000000000.0,1160000000000000.0,1.0473131171402552,104.73131171402552,3187398607690586.0,1832797954995446.8,1214883215882696.0,0.1353493145254534,0.0778277138835869,0.0515886560599776,0.0707503842036041,0.0406824421553789,0.0269666473715655
519,519,2.25,0.02,1019,1000000.0,17.15,2.43,0.81,,1000000.0,100.0,1019.0,1.0187932926426015,0.0483574940960118,0.0330463590853945,-1.6677514477720825e-05,-7.268598544274078e-06,3042272569163152.5,1750000000000000.0,1160000000000000.0,1.0002029264791088,100.02029264791084,3042889926824103.0,1750355121338440.2,1160235394715766.0,0.1354417655421447,0.0779098796410446,0.0516431202192067,0.0707640193981911,0.0407054368507481,0.0269818895696387
520,520,2.25,0.02,1020,1000000.0,17.15,2.43,0.81,,1000000.0,100.0,1020.0,0.9870417882591064,0.0481854631339767,0.0330934897937372,2.308192207656156e-06,-2.4541037802323277e-06,3041139536385648.0,1750000000000000.0,1160000000000000.0,1.0473683380216778,104.7368338021678,3185193261916251.0,1832894591537936.0,1214947272105146.5,0.1355291597531285,0.0779891967238882,0.0516956961141201,0.0707776700153755,0.0407284575551287,0.0269971490079711
521,521,2.25,0.02,1021,1000000.0,17.15,2.43,0.81,,1000000.0,100.0,1021.0,0.9554120193631372,0.0481360880008382,0.0328493647267835,1.100973981028944e-05,3.778962220195814e-06,3040006503608143.5,1750000000000000.0,1160000000000000.0,1.0943160957339484,109.43160957339484,3326728048034274.5,1915053167534409.2,1269406671051380.0,0.1355965693240335,0.0780570686396288,0.0517406854982682,0.0707899843472534,0.0407507261779404,0.0270119099236634
522,522,2.25,0.02,1022,1000000.0,17.15,2.43,0.81,,1000000.0,100.0,1022.0,1.0217246546218577,0.0482618885113717,0.0330416090266798,6.465378738241794e-06,-3.913947492394073e-06,3038873461895804.5,1750000000000000.0,1160000000000000.0,1.000269541067372,100.0269541067372,3039692563092333.0,1750471696867901.2,1160312667638151.5,0.1356738132639335,0.0781306547274801,0.0517894625622154,0.0708023119442533,0.0407730191651828,0.0270266869894926
523,523,2.25,0.02,1023,1000000.0,17.15,2.43,0.81,,1000000.0,100.0,1023.0,0.9572583956587014,0.0482647700806309,0.0330248116569003,-2.927860603106138e-06,6.6812980020727e-08,3037740420131886.5,1750000000000000.0,1160000000000000.0,1.094478969481823,109.44789694818232,3324743004579228.0,1915338196593191.2,1269595604598915.0,0.1357708679629978,0.0782157084129428,0.0518458410051507,0.0708146530352402,0.0407953365568641,0.0270414802319786
524,524,2.25,0.02,1024,1000000.0,17.15,2.43,0.81,,1000000.0,100.0,1024.0,1.023737193536829,0.0482605848050409,0.032891493955796,1.378844956298939e-05,3.539738889310023e-06,3036607378367967.0,1750000000000000.0,1160000000000000.0,1.0002567526413229,100.02567526413227,3037387035333023.0,1750449317122315.0,1160297833063934.5,0.1358578778093353,0.0782950367110406,0.0518984243341755,0.0708270076435876,0.0408176783930803,0.0270562896776989
525,525,2.25,0.02,1025,1000000.0,17.15,2.43,0.81,,1000000.0,100.0,1025.0,0.9920023642374852,0.0480563775693894,0.0328594785077611,1.3044704620880444e-05,4.550594691083084e-06,3035474336604047.5,1750000000000000.0,1160000000000000.0,1.0472124498711473,104.72124498711476,3178786516556120.0,1832621787274508.0,1214766441850531.0,0.1359348247434513,0.0783686227988921,0.0519472013981228,0.0708393757915161,0.0408400447140145,0.0270711153532897
526,526,2.25,0.02,1026,1000000.0,17.15,2.43,0.81,,1000000.0,100.0,1026.0,1.0256151278617835,0.0481987226982588,0.0327810585746699,-1.0970794058755794e-05,3.235480923979369e-06,3034341294840127.5,1750000000000000.0,1160000000000000.0,1.0003753646154878,100.03753646154878,3035480279193524.0,1750656888077103.5,1160435422953966.0,0.1360266305445383,0.0784508334173674,0.0520016952937979,0.0708517575012953,0.040862435559939,0.0270859572854453
527,527,2.25,0.02,1027,1000000.0,17.15,2.43,0.81,,1000000.0,100.0,1027.0,1.026484408062879,0.0480993816704785,0.0328498985777716,-1.0039944128351964e-05,6.538821955931199e-06,3033208253076208.5,1750000000000000.0,1160000000000000.0,1.000502530586206,100.05025305862058,3034732532997711.0,1750879428525860.0,1160582935479998.8,0.1360933945485045,0.0785186576682769,0.052046653082972,0.0708641527952437,0.0408848509712138,0.0271008155009188
528,528,2.25,0.02,1028,1000000.0,17.15,2.43,0.81,,1000000.0,100.0,1028.0,1.0275470014128814,0.0481564983664324,0.0327954641579752,1.7344347169570043e-06,1.919974681001725e-06,3032075211312288.5,1750000000000000.0,1160000000000000.0,1.000441032434033,100.04410324340328,3033412454822905.0,1750771806759557.5,1160511597623477.8,0.1361800173781924,0.0785979943778154,0.0520992419875804,0.0708765616957285,0.0409072909882873,0.0271156900265219
529,529,2.25,0.02,1029,1000000.0,17.15,2.43,0.81,,1000000.0,100.0,1029.0,1.0286361864764786,0.048165796684427,0.0329250339027851,1.2647867979223212e-05,-1.0622754934236607e-05,3030942169548368.5,1750000000000000.0,1160000000000000.0,1.0003538161683188,100.03538161683188,3032014565893195.0,1750619178294557.8,1160410426755250.0,0.1362565533070987,0.0786715664465988,0.0521480097588882,0.0708889842251662,0.0409297556516976,0.0271305808891252
530,530,2.25,0.02,1030,1000000.0,17.15,2.43,0.81,,1000000.0,100.0,1030.0,0.9966174582427378,0.0482766339399081,0.0327907203298434,-9.53867152499962e-06,-2.57505042007087e-06,3030000000000000.0,1750000000000000.0,1160000000000000.0,1.047530645916555,104.75306459165547,3174017857127161.0,1833178630353971.2,1215135549263203.8,0.1363615739416666,0.0787566846197743,0.0522044309479646,0.0709058870607286,0.040952245002071,0.0271454881156585
531,531,2.25,0.02,1031,1000000.0,17.15,2.43,0.81,,1000000.0,100.0,1031.0,0.9977874405069233,0.0481408864290987,0.032847646085318,7.139511510819292e-06,4.505230323295663e-06,3030000000000000.0,1750000000000000.0,1160000000000000.0,1.0473352041409003,104.73352041409008,3173425668546929.0,1832836607246576.0,1214908836803444.8,0.1364989689149423,0.0788360381521944,0.0522570310037403,0.0709434400497493,0.0409739340221324,0.0271598648375277
532,532,2.25,0.02,1032,1000000.0,17.15,2.43,0.81,,1000000.0,100.0,1032.0,1.0315914758049076,0.0481159227270171,0.0327757004846733,-8.577702942140808e-06,-5.194817447182608e-07,3030000000000000.0,1750000000000000.0,1160000000000000.0,1.0003961040902087,100.03961040902092,3031200195393332.5,1750693182157865.5,1160459480744642.2,0.1366163337963613,0.0789038231497136,0.0523019627735245,0.0709810328372782,0.0409956460281308,0.0271742567957896
533,533,2.25,0.02,1033,1000000.0,17.15,2.43,0.81,,1000000.0,100.0,1033.0,0.9996984483766198,0.0480687994498726,0.0327435016972909,-6.400570339915925e-06,5.386397544542261e-07,3030000000000000.0,1750000000000000.0,1160000000000000.0,1.0472892043821944,104.72892043821946,3173286289278050.0,1832756107668840.5,1214855477083345.5,0.1367436991599002,0.0789773840032427,0.0523507231107207,0.071018665486616,0.0410173810566264,0.0271886640146781
534,534,2.25,0.02,1034,1000000.0,17.15,2.43,0.81,,1000000.0,100.0,1034.0,1.033502491901004,0.0478715997756714,0.0328708191119997,-7.270047684830886e-06,1.764060397939908e-06,3030000000000000.0,1750000000000000.0,1160000000000000.0,1.000481522677536,100.04815226775364,3031459013712935.5,1750842664685688.8,1160558566305942.5,0.136886113792648,0.0790596366789221,0.0524052448843139,0.0710563380611985,0.0410391391442565,0.0272030865184786
535,535,2.25,0.02,1035,1000000.0,17.15,2.43,0.81,,1000000.0,100.0,1035.0,1.034795323926869,0.0481058361991041,0.0328118884905826,1.7905406204633505e-07,-2.1809471959351624e-06,3030000000000000.0,1750000000000000.0,1160000000000000.0,1.0001978123416264,100.01978123416262,3030599371395127.0,1750346171597845.8,1160229462316286.5,0.1370285478438073,0.0791419005698557,0.0524597740920186,0.0710940506245951,0.0410609203277365,0.0272175243315281
536,536,2.25,0.02,1036,1000000.0,17.15,2.43,0.81,,1000000.0,100.0,1036.0,1.0025795366408994,0.0481769017919818,0.0327251002129867,9.016483888476412e-07,2.974530015861887e-06,3030000000000000.0,1750000000000000.0,1160000000000000.0,1.047329064165807,104.73290641658072,3173407064422395.5,1832825862290162.5,1214901714432336.5,0.1371559132073459,0.0792154614233846,0.0525085344292148,0.0711318032405114,0.0410827246438597,0.0272319774782154
537,537,2.25,0.02,1037,1000000.0,17.15,2.43,0.81,,1000000.0,100.0,1037.0,1.036781859230723,0.0478842158466733,0.0326682576299112,-3.76492957750809e-06,-2.962756035227364e-06,3030000000000000.0,1750000000000000.0,1160000000000000.0,1.0002104229925397,100.021042299254,3030637581667396.0,1750368240236945.0,1160244090671346.2,0.1372983715315203,0.0792977393333863,0.0525630729295589,0.0711695959727872,0.0411045521294976,0.0272464459829813
538,538,2.25,0.02,1038,1000000.0,17.15,2.43,0.81,,1000000.0,100.0,1038.0,1.0376834726998367,0.0479902811187881,0.0326628707963997,-9.356235230302976e-06,-5.553083058099595e-07,3030000000000000.0,1750000000000000.0,1160000000000000.0,1.000305071795512,100.0305071795512,3030924367540401.0,1750533875642146.0,1160353883282794.0,0.1374156538846889,0.0793654766660744,0.0526079731043693,0.0712074288853992,0.0411264028216001,0.0272609298703178
539,539,2.25,0.02,1039,1000000.0,17.15,2.43,0.81,,1000000.0,100.0,1039.0,1.0387216309618907,0.0479925858570981,0.0327622936538529,-1.0024514836013191e-05,-9.531056888772684e-07,3029611763239592.5,1750000000000000.0,1160000000000000.0,1.0002680628141405,100.02680628141408,3030423889494600.5,1750469109924746.2,1160310952864403.2,0.1375354580338275,0.0794448498251898,0.0526605861698401,0.071236173314651,0.041148276757196,0.0272754291647699
540,540,2.25,0.02,1040,1000000.0,17.15,2.43,0.81,,1000000.0,100.0,1040.0,0.939809910026274,0.0480051002693569,0.0326584245017939,6.961537595351043e-06,-3.395218838354082e-07,3028478721475672.5,1750000000000000.0,1160000000000000.0,1.14161380574974,114.161380574974,3457353118855951.0,1997824160062044.8,1324272014669698.2,0.1376112984283513,0.0795183966596507,0.052709337214397,0.0712474261930685,0.0411701739733922,0.0272899438909343
541,541,2.25,0.02,1041,1000000.0,17.15,2.43,0.81,,1000000.0,100.0,1041.0,0.9073080048991652,0.0481428539630101,0.0327042062672519,5.815492515306997e-06,-2.503878547873609e-06,3027345679711753.0,1750000000000000.0,1160000000000000.0,1.1888098193917058,118.88098193917058,3598938270734391.0,2080417183935484.8,1379019390494378.8,0.1377021815299252,0.0796006941963475,0.052763888724436,0.0712575337284042,0.0411914254987163,0.0273040306162918
542,542,2.25,0.02,1042,1000000.0,17.15,2.43,0.81,,1000000.0,100.0,1042.0,1.0416321291430903,0.0479949330384094,0.0326018321972036,-3.661986266334764e-06,-2.2874814566530457e-07,3026212637947835.0,1750000000000000.0,1160000000000000.0,1.0003532005418765,100.0353200541876,3027281497891389.0,1750618100948282.8,1160409712628576.2,0.1377929774581581,0.079683002948299,0.0528184476685866,0.0712676517038939,0.0412126989749105,0.0273181318919407
543,543,2.25,0.02,1043,1000000.0,17.15,2.43,0.81,,1000000.0,100.0,1043.0,1.0425794059670808,0.0479726631216865,0.03256818685304,-3.493150923802403e-06,-9.08520250552827e-07,3025079596183915.5,1750000000000000.0,1160000000000000.0,1.0004036002239682,100.0403600223968,3026300518986457.0,1750706300391944.5,1160468176259803.2,0.137858410548541,0.0797507010275968,0.052863321824007,0.0712777801357214,0.0412339944360026,0.027332247740436
544,544,2.25,0.02,1044,1000000.0,17.15,2.43,0.81,,1000000.0,100.0,1044.0,1.010298399640857,0.047887033106183,0.0325935694939578,4.93704942928376e-06,2.063071164810941e-06,3023946554419996.0,1750000000000000.0,1160000000000000.0,1.0473353068338755,104.73353068338754,3167085992422706.5,1832836786959282.0,1214908955927295.5,0.1379591334673013,0.0798388725537789,0.0529217669499335,0.0712879190401043,0.04125531191609,0.0273463781843796
545,545,2.25,0.02,1045,1000000.0,17.15,2.43,0.81,,1000000.0,100.0,1045.0,0.944288582003512,0.047765057376138,0.0325643254629593,-1.4639649916075774e-06,3.957332889921182e-06,3022813512656076.5,1750000000000000.0,1160000000000000.0,1.1417255848894536,114.17255848894536,3451223525749003.0,1998019773556543.5,1324401678471766.0,0.1380243537615104,0.0799065566140087,0.0529666318127143,0.0712980684332933,0.0412766514493411,0.0273605232464204
546,546,2.25,0.02,1046,1000000.0,17.15,2.43,0.81,,1000000.0,100.0,1046.0,1.0455593337618438,0.0480812920912073,0.0325924106412295,6.646915850287324e-06,4.576014057271868e-07,3021680470892156.5,1750000000000000.0,1160000000000000.0,1.000421500357097,100.04215003570974,3022954110289672.5,1750737625624920.5,1160488940414232.8,0.1381097132523774,0.0799859550074466,0.0530192616049361,0.0713082283315733,0.041298013069995,0.0273746829492539
547,547,2.25,0.02,1047,1000000.0,17.15,2.43,0.81,,1000000.0,100.0,1047.0,1.0132446586405437,0.0481317231705048,0.0325082948893496,1.6014980865334124e-05,6.476367835980214e-06,3020547429128236.5,1750000000000000.0,1160000000000000.0,1.0472972535170335,104.72972535170337,3163411026643940.5,1832770193654808.8,1214864814079759.2,0.1381848457832004,0.0800594878228393,0.0530680033568535,0.0713183987512625,0.041319396812362,0.0273888573156228
548,548,2.25,0.02,1048,1000000.0,17.15,2.43,0.81,,1000000.0,100.0,1048.0,1.0475051995560534,0.0479256902623696,0.0325893920925454,1.221832230440963e-05,1.0081591613371769e-05,3019414388027840.5,1750000000000000.0,1160000000000000.0,1.000472512319821,100.04725123198212,3020841098524829.0,1750826896559687.5,1160548114290992.5,0.1382801528502551,0.0801447686172035,0.0531245323405463,0.0713285797243876,0.0413408027108226,0.0274030463683167
549,549,2.25,0.02,1049,1000000.0,17.15,2.43,0.81,,1000000.0,100.0,1049.0,1.0488199655351536,0.0477887561816955,0.0325757328921648,6.54196978685726e-06,-2.068090707443241e-06,3018281347547704.0,1750000000000000.0,1160000000000000.0,1.0001716981339177,100.01716981339176,3018799580822716.0,1750300471734355.5,1160199169835344.0,0.1383449418314119,0.0802124190316702,0.0531693749009928,0.0713387712663367,0.0413622307998297,0.0274172501301728
550,550,2.25,0.02,1050,1000000.0,17.15,2.43,0.81,,1000000.0,100.0,1050.0,1.0160681397185851,0.0480861347256001,0.032564624587394,-1.8205226161327173e-05,4.6629831713996925e-07,3017148307067567.0,1750000000000000.0,1160000000000000.0,1.047433579415776,104.7433579415776,3160262450900029.0,1833008763977608.0,1215022952122300.0,0.1384299170592158,0.0802918286403621,0.0532220121273257,0.0713489733788844,0.0413836811139067,0.0274314686240753
551,551,2.25,0.02,1051,1000000.0,17.15,2.43,0.81,,1000000.0,100.0,1051.0,1.017204278219419,0.0480145811547291,0.032379704821838,-2.300138601454999e-06,2.0343778580495467e-08,3016015266587428.5,1750000000000000.0,1160000000000000.0,1.0472400429864244,104.72400429864244,3158491957428732.5,1832670075226242.8,1214798449864252.5,0.1385046418457121,0.0803653502405008,0.0532707464451319,0.0713575990510487,0.0414042328375314,0.0274450914808779
552,552,2.25,0.02,1052,1000000.0,17.15,2.43,0.81,,1000000.0,100.0,1052.0,1.0178670564044312,0.0477985725327311,0.032396136557185,-5.660934622526816e-06,-4.612587339547621e-06,3014882226107292.0,1750000000000000.0,1160000000000000.0,1.0475181920764365,104.75181920764362,3158143978815292.0,1833156836133763.5,1215121102808666.0,0.1385945064523655,0.0804477150687239,0.0533253425598398,0.0713662332947322,0.0414248049838537,0.0274587278750116
553,553,2.25,0.02,1053,1000000.0,17.15,2.43,0.81,,1000000.0,100.0,1053.0,1.0186974792922503,0.0479247450037505,0.0324517054083995,9.568370804376856e-07,6.789384117801625e-07,3013749185627155.5,1750000000000000.0,1160000000000000.0,1.0476485948744645,104.76485948744649,3157350099626351.5,1833385041030313.2,1215272370054379.5,0.1386791992385221,0.080527138696484,0.0533779890788122,0.0713748761227179,0.0414453975833307,0.0274723778266649
554,554,2.25,0.02,1054,1000000.0,17.15,2.43,0.81,,1000000.0,100.0,1054.0,1.0200121019332515,0.0478214450637206,0.0324372750899226,-8.629854457074055e-06,-1.5288575335536477e-07,3012616145147016.5,1750000000000000.0,1160000000000000.0,1.0472843571408608,104.72843571408607,3155065762882472.5,1832747624996506.5,1214849854283398.2,0.1387434492503758,0.0805947470537468,0.0534228037613408,0.0713835275478142,0.0414660106664796,0.0274860413560665
555,555,2.25,0.02,1055,1000000.0,17.15,2.43,0.81,,1000000.0,100.0,1055.0,1.0542137660452908,0.0479003565716827,0.0324402402787425,-3.309854547725614e-06,2.7507220916873075e-06,3011483104666880.5,1750000000000000.0,1160000000000000.0,1.000746680767309,100.07466807673094,3013731721182212.0,1751306691342791.5,1160866149690078.8,0.138848305222671,0.080686002774886,0.0534832932679244,0.0713921875828548,0.0414866442638787,0.0274997184834853
556,556,2.25,0.02,1056,1000000.0,17.15,2.43,0.81,,1000000.0,100.0,1056.0,0.9880741211278984,0.0478588633887196,0.0323611476932255,5.148669436263971e-07,6.798166503363474e-06,3010350064186743.5,1750000000000000.0,1160000000000000.0,1.094541901344212,109.45419013442115,3294954282966629.0,1915448327352370.8,1269668605559285.5,0.1389123455389327,0.080753599916894,0.053528100516341,0.0714008562406991,0.041507298406167,0.0275134092292307
557,557,2.25,0.02,1057,1000000.0,17.15,2.43,0.81,,1000000.0,100.0,1057.0,1.0566742811333598,0.0479370040198955,0.0324340662183116,9.070019803593244e-06,-2.638022967904011e-06,3009217023706606.5,1750000000000000.0,1160000000000000.0,1.000308335460916,100.0308335460916,3010144872024608.0,1750539587056603.5,1160357669134662.8,0.1389966538727911,0.0808330347599084,0.0535807544694251,0.0714095335342323,0.041527973124045,0.0275271136136526
558,558,2.25,0.02,1058,1000000.0,17.15,2.43,0.81,,1000000.0,100.0,1058.0,1.0238835081522693,0.0477506879742708,0.0324207263718469,-3.632055892371252e-06,-7.27010341632913e-06,3008083983226468.5,1750000000000000.0,1160000000000000.0,1.0473252708270575,104.73252708270574,3150442372403195.0,1832819223947350.5,1214897314159386.5,0.1390706709452192,0.0809065423409791,0.0536294794945919,0.0714182194763648,0.0415486684482734,0.0275408316571413
559,559,2.25,0.02,1059,1000000.0,17.15,2.43,0.81,,1000000.0,100.0,1059.0,1.024689183962404,0.0478921023122671,0.0324362719158338,-4.851842986332003e-07,7.201685493708915e-07,3006950942746331.5,1750000000000000.0,1160000000000000.0,1.0474964043958286,104.74964043958283,3149770300721429.0,1833118707692700.5,1215095829099161.2,0.1391598889481753,0.0809889520302198,0.0536841053457457,0.0714269140800334,0.0415693844096755,0.0275545633801277
560,560,2.25,0.02,1060,1000000.0,17.15,2.43,0.81,,1000000.0,100.0,1060.0,1.0596495871540357,0.0477797208868776,0.032315587336581,-1.3449778777119936e-05,2.919409077149055e-06,3005817902266195.0,1750000000000000.0,1160000000000000.0,1.0003307546054248,100.03307546054248,3006812090380437.0,1750578820559493.5,1160383675342292.8,0.1392234954497218,0.0810565127226513,0.0537288884333003,0.0714356173582001,0.0415901210391351,0.0275683088030838
561,561,2.25,0.02,1061,1000000.0,17.15,2.43,0.81,,1000000.0,100.0,1061.0,1.0603994635702747,0.0479672904905469,0.0320849119322487,-9.686582884553628e-07,4.089571541833832e-06,3004684861786056.5,1750000000000000.0,1160000000000000.0,1.0005666417301984,100.05666417301984,3006387441614841.0,1750991623027847.5,1160657304407030.5,0.1393125240836428,0.0811389308233331,0.0537835198600378,0.071442953340268,0.0416100769619983,0.027581536729096
562,562,2.25,0.02,1062,1000000.0,17.15,2.43,0.81,,1000000.0,100.0,1062.0,1.0616021915894636,0.047873234314898,0.0322795042253615,7.732214408339022e-06,7.222110263514157e-06,3003551821305919.5,1750000000000000.0,1160000000000000.0,1.0003747792835858,100.03747792835858,3004677490305721.0,1750655863746274.8,1160434743968959.5,0.1393861334837966,0.0812124271891494,0.0538322374510932,0.0714502963656707,0.0416300520447016,0.0275947773553449
563,563,2.25,0.02,1063,1000000.0,17.15,2.43,0.81,,1000000.0,100.0,1063.0,1.062672726696246,0.0478443534742328,0.0323134142155284,1.2834124701529128e-05,6.039374111966875e-07,3002418780825783.0,1750000000000000.0,1160000000000000.0,1.0003080286643802,100.030802866438,3003343611872750.0,1750539050162665.5,1160357313250681.0,0.1394749784992159,0.0812948593088989,0.05388687817047,0.0714576464445564,0.0416500463148514,0.0276080307001301
564,564,2.25,0.02,1064,1000000.0,17.15,2.43,0.81,,1000000.0,100.0,1064.0,1.0636462506586897,0.0478865562960545,0.0323679192079969,1.787397707042123e-06,-4.812654087949908e-06,3001285740345644.5,1750000000000000.0,1160000000000000.0,1.0003327787791894,100.03327787791892,3002284504550315.5,1750582362863581.2,1160386023383859.5,0.1395586196595666,0.0813743193862357,0.0539395488503048,0.071465003587093,0.0416700598001075,0.0276212967817854
565,565,2.25,0.02,1065,1000000.0,17.15,2.43,0.81,,1000000.0,100.0,1065.0,1.0647665438685865,0.0477478353174002,0.0321776654215953,4.898386391500597e-06,-3.1576762174235663e-06,3000152699865508.0,1750000000000000.0,1160000000000000.0,1.0002193036446567,100.02193036446565,3000810644287115.0,1750383781378149.2,1160254392227801.5,0.1396216906479834,0.0814418408252767,0.0539843059184691,0.0714723678034683,0.0416900925281824,0.0276345756186809
566,566,2.25,0.02,1066,1000000.0,17.15,2.43,0.81,,1000000.0,100.0,1066.0,1.065587325268052,0.0477616467577159,0.03227822237651,-1.4425596735652707e-06,-5.183281188488281e-06,3000000000000000.0,1750000000000000.0,1160000000000000.0,1.000387429358112,100.0387429358112,3001162288074336.0,1750678001376695.5,1160449418055409.5,0.1397661728545656,0.0815302674984965,0.054042920170432,0.0715031049031584,0.0417101445268425,0.0276478672292213
567,567,2.25,0.02,1067,1000000.0,17.15,2.43,0.81,,1000000.0,100.0,1067.0,1.032440148910707,0.047845581230743,0.0321700266593185,4.832120897639686e-06,-5.020807342338884e-06,3000000000000000.0,1750000000000000.0,1160000000000000.0,1.0474992531386869,104.7499253138687,3142497759416061.0,1833123692992702.5,1215099133640876.8,0.1398818998602338,0.0815977749184697,0.054087667945957,0.0715375128409835,0.041730215823907,0.0276611716318469
568,568,2.25,0.02,1068,1000000.0,17.15,2.43,0.81,,1000000.0,100.0,1068.0,1.0676836687081277,0.0478107318161698,0.0323142878395241,-1.0825404511825094e-06,2.654871755192552e-06,3000000000000000.0,1750000000000000.0,1160000000000000.0,1.0002963131599707,100.02963131599708,3000888939479912.0,1750518548029948.5,1160343723265565.8,0.140023264937432,0.0816802378801686,0.0541423291091403,0.0715719539095701,0.0417503064472493,0.0276744888450337
569,569,2.25,0.02,1069,1000000.0,17.15,2.43,0.81,,1000000.0,100.0,1069.0,1.068776429022614,0.0476139764167032,0.032161820236335,1.0459014937071692e-05,-2.574621614219802e-06,3000000000000000.0,1750000000000000.0,1160000000000000.0,1.000209215676055,100.02092156760548,3000627647028165.0,1750366127433095.8,1160242690184223.5,0.1401492346747148,0.0817537202269169,0.0541910374075563,0.0716064281567932,0.041770416424796,0.0276878188872933
570,570,2.25,0.02,1070,1000000.0,17.15,2.43,0.81,,1000000.0,100.0,1070.0,1.069531393501188,0.0476616591623548,0.032293913386387,-2.0366492780267014e-06,1.1055631191004225e-07,3000000000000000.0,1750000000000000.0,1160000000000000.0,1.0004386428598333,100.04386428598332,3001315928579499.5,1750767625004708.5,1160508825717406.5,0.1402906237846013,0.0818361972076841,0.0542457078633791,0.0716409356306193,0.0417905457845279,0.0277011617771728
571,571,2.25,0.02,1071,1000000.0,17.15,2.43,0.81,,1000000.0,100.0,1071.0,1.036365102170962,0.0475360330977672,0.0322288613752847,3.3218970892878085e-06,-8.559453865563997e-06,3000000000000000.0,1750000000000000.0,1160000000000000.0,1.0474549577427985,104.74549577427985,3142364873228395.0,1833046176049896.8,1215047750981646.2,0.1404062931118184,0.0819036709818941,0.0542904333365698,0.0716738838285798,0.0418097655666716,0.0277139017470509
572,572,2.25,0.02,1072,1000000.0,17.15,2.43,0.81,,1000000.0,100.0,1072.0,1.0713407066881928,0.0476651708800545,0.0322208828404652,4.796326159921027e-06,-8.20501762040656e-06,3000000000000000.0,1750000000000000.0,1160000000000000.0,1.0006157916037632,100.06157916037634,3001847374811290.5,1751077635306586.0,1160714318260365.5,0.1405425440330159,0.081983150685926,0.0543431170260994,0.0717068623467265,0.0418290030355905,0.0277266534407341
573,573,2.25,0.02,1073,1000000.0,17.15,2.43,0.81,,1000000.0,100.0,1073.0,1.0382237293706782,0.0477016553692374,0.0322158162614336,-8.704095124839417e-06,4.732821396138675e-06,3000000000000000.0,1750000000000000.0,1160000000000000.0,1.0475058677011724,104.75058677011722,3142517603103517.0,1833135268477051.5,1215106806533359.8,0.1406684897376111,0.0820566190136064,0.0543918160318763,0.071739871226931,0.0418482582157098,0.0277394168744133
574,574,2.25,0.02,1074,1000000.0,17.15,2.43,0.81,,1000000.0,100.0,1074.0,1.004841158566224,0.0478423069450213,0.032170547951807,1.3421641968000447e-05,3.039396246054626e-06,2999955324213868.0,1750000000000000.0,1160000000000000.0,1.0946702394138954,109.46702394138956,3283961812988185.0,1915672918974316.8,1269817477720118.8,0.1408078155620817,0.0821391156210684,0.054446499497394,0.071771841674076,0.0418675311314998,0.0277521920643085
575,575,2.25,0.02,1075,1000000.0,17.15,2.43,0.81,,1000000.0,100.0,1075.0,1.0057686125934815,0.0476773599794467,0.0321082080029848,9.183753907041764e-06,2.7714565634064602e-08,2998822283733731.5,1750000000000000.0,1160000000000000.0,1.09469801023375,109.469801023375,3282804787047945.0,1915721517909062.5,1269849691871149.8,0.1408908559079376,0.0822186093441684,0.0544991924795631,0.0717777912177392,0.0418868218074762,0.0277649790266699
576,576,2.25,0.02,1076,1000000.0,17.15,2.43,0.81,,1000000.0,100.0,1076.0,1.0757709990878084,0.0476352948258713,0.0319758273208664,3.303046712676474e-06,-6.540026548139181e-06,2997689243253592.5,1750000000000000.0,1160000000000000.0,1.000212905824572,100.02129058245718,2998327468753738.5,1750372585193000.8,1160246970756503.5,0.1409582993702676,0.0822890579646051,0.0545458898508239,0.0717837462464941,0.0419061302681992,0.0277777777777777
577,577,2.25,0.02,1077,1000000.0,17.15,2.43,0.81,,1000000.0,100.0,1077.0,1.0421113218681133,0.047692740799702,0.0320780170382789,-6.824076075370053e-06,4.511817840606916e-08,2996556202773456.5,1750000000000000.0,1160000000000000.0,1.047498750186365,104.7498750186365,3138888877268395.5,1833122812826138.8,1215098550216183.5,0.1410566565956912,0.08237761361325,0.0546045895950686,0.0717897067679295,0.0419254565382749,0.0277905883339422
578,578,2.25,0.02,1078,1000000.0,17.15,2.43,0.81,,1000000.0,100.0,1078.0,1.008621392068863,0.0476422118595367,0.0320165610287788,-4.335960029603838e-06,2.535644843062877e-06,2995423162293319.5,1750000000000000.0,1160000000000000.0,1.0945878674420368,109.45878674420368,3278753851301127.0,1915528768023564.8,1269721926232762.8,0.1411187227452223,0.0824450341150017,0.0546492797562297,0.0717956727896484,0.0419448006423546,0.0278034107115036
579,579,2.25,0.02,1079,1000000.0,17.15,2.43,0.81,,1000000.0,100.0,1079.0,1.078618708055842,0.0475110963823787,0.0321319382445053,-7.75260295844941e-06,4.382552517689041e-07,2994290121813182.5,1750000000000000.0,1160000000000000.0,1.00035358585196,100.035358585196,2995348860436918.5,1750618775240929.8,1160410159588273.2,0.1412013783398004,0.0825245390533562,0.0547019801725103,0.0718016443192677,0.0419641626051352,0.0278162449268324
580,580,2.25,0.02,1080,1000000.0,17.15,2.43,0.81,,1000000.0,100.0,1080.0,1.079659225851242,0.0474734969975756,0.0320557089634862,-7.828981463764532e-06,3.339825045499198e-09,2993157081333044.5,1750000000000000.0,1160000000000000.0,1.000315685653782,100.03156856537824,2994101978083138.5,1750552449894118.8,1160366195358387.5,0.1412735821344433,0.0825979933619685,0.0547506698856476,0.0718076213644182,0.041983542451359,0.0278290909963294
581,581,2.25,0.02,1081,1000000.0,17.15,2.43,0.81,,1000000.0,100.0,1081.0,1.080859426209804,0.0477597535601772,0.0319841795915237,-9.60214508899392e-06,3.720505340731403e-07,2992024040852907.5,1750000000000000.0,1160000000000000.0,1.0001300653208092,100.0130065320809,2992413199419649.0,1750227614311415.5,1160150875772138.5,0.14136122738473,0.0826805348304482,0.0548053830876114,0.0718124835795765,0.0420022849242998,0.027841514578393
582,582,2.25,0.02,1082,1000000.0,17.15,2.43,0.81,,1000000.0,100.0,1082.0,1.0816457621001974,0.0475339874880939,0.032076094912143,3.366241392279144e-06,-1.6861243546211025e-06,2990891000372771.0,1750000000000000.0,1160000000000000.0,1.0003275880899112,100.0327588089911,2991870780642715.0,1750573279157344.5,1160380002184296.8,0.1414436000368622,0.0827600537878706,0.0548580927965314,0.0718173501378954,0.0420210441389047,0.0278539492577883
583,583,2.25,0.02,1083,1000000.0,17.15,2.43,0.81,,1000000.0,100.0,1083.0,1.0133774417680272,0.0475783310894247,0.0320068332315529,-1.1231288145077248e-05,1.55563801032043e-06,2989757962909248.5,1750000000000000.0,1160000000000000.0,1.094459088856481,109.44590888564808,3272167775987064.0,1915303405498840.8,1269572543073517.5,0.1415103163167552,0.0828304687625439,0.0549047678654577,0.0718222211176645,0.0420398201176154,0.0278663950493906
584,584,2.25,0.02,1084,1000000.0,17.15,2.43,0.81,,1000000.0,100.0,1084.0,1.0838731011572462,0.0476272902859099,0.0319867997550581,-9.07015821803518e-06,3.970337581681822e-06,2988624936550524.0,1750000000000000.0,1160000000000000.0,1.0001170825301064,100.01170825301064,2988974852319635.0,1750204894427686.5,1160135815734923.5,0.1415821133200765,0.0829039118559016,0.0549534501444832,0.0718270967192004,0.0420586128829135,0.0278788519681027
585,585,2.25,0.02,1085,1000000.0,17.15,2.43,0.81,,1000000.0,100.0,1085.0,1.0847160415759844,0.0477035239499218,0.0320318296726626,7.47920029361484e-06,1.011387940232248e-06,2987491910191799.0,1750000000000000.0,1160000000000000.0,1.00026180780218,100.026180780218,2988274058882836.5,1750458163653815.0,1160303697050528.5,0.1416693856988929,0.0829864757548901,0.05500817821467,0.0718319766816974,0.0420774224573213,0.0278913200288529
586,586,2.25,0.02,1086,1000000.0,17.15,2.43,0.81,,1000000.0,100.0,1086.0,1.051049563091513,0.0477090697407363,0.0320500364019132,-4.503425188106475e-07,9.392585708785464e-07,2986358883833072.5,1750000000000000.0,1160000000000000.0,1.047269090784565,104.72690907845649,3127521353028271.0,1832720908872988.5,1214832145310095.2,0.141751374140755,0.0830660059275672,0.0550608953577017,0.0718368610110092,0.0420962488634011,0.0279037992465974
587,587,2.25,0.02,1087,1000000.0,17.15,2.43,0.81,,1000000.0,100.0,1087.0,1.0519288568546132,0.0475651770214852,0.0320659612148718,2.993926741611412e-06,7.277957178480489e-06,2985225857474348.5,1750000000000000.0,1160000000000000.0,1.0473428697261664,104.73428697261664,3126555016347939.0,1832850022020790.8,1214917728882352.5,0.1418124732610224,0.0831333507263516,0.0551055353386103,0.0718417497129999,0.0421150921237558,0.0279162896363181
588,588,2.25,0.02,1088,1000000.0,17.15,2.43,0.81,,1000000.0,100.0,1088.0,1.087763436151863,0.0476765618966815,0.0318163744480288,-9.748478607057956e-06,-5.486569818675872e-06,2984092831115623.5,1750000000000000.0,1160000000000000.0,1.0002175069341617,100.02175069341617,2984741891998573.0,1750380637134783.0,1160252308043627.5,0.1419098689789748,0.0832220325466086,0.0551643187166091,0.0718466427935441,0.0421339522610282,0.0279287912130244
589,589,2.25,0.02,1089,1000000.0,17.15,2.43,0.81,,1000000.0,100.0,1089.0,1.08868012921414,0.0475188807080449,0.0318017301264685,1.0365981381422468e-05,-2.981176178214656e-06,2982959804756897.0,1750000000000000.0,1160000000000000.0,1.00029385068039,100.02938506803898,2983836349525101.0,1750514238690682.8,1160340866789252.5,0.1419707559806982,0.0832893633263253,0.0552089494048785,0.0718515402585268,0.0421528292979024,0.0279413039917523
590,590,2.25,0.02,1090,1000000.0,17.15,2.43,0.81,,1000000.0,100.0,1090.0,1.054856931293502,0.0475486643946752,0.0319404828870049,-1.055841305753918e-05,7.568225252310816e-06,2981826778398172.5,1750000000000000.0,1160000000000000.0,1.0473109379033,104.73109379033,3122899799949365.0,1832794141330775.2,1214880687967828.0,0.1420523566869765,0.0833689019104427,0.0552616721234934,0.0718564421138436,0.0421717232571028,0.0279538279875653
591,591,2.25,0.02,1091,1000000.0,17.15,2.43,0.81,,1000000.0,100.0,1091.0,1.0557275138675908,0.0474934169609821,0.0320123559333556,-5.875483664897987e-06,-2.5566356567639458e-06,2980693752039447.5,1750000000000000.0,1160000000000000.0,1.047430431717419,104.74304317174192,3122069343516093.0,1833003255505484.0,1215019300792206.5,0.1421234435797085,0.0834423281809189,0.0553103432513519,0.0718598064730482,0.0421897288984454,0.0279657631555408
592,592,2.25,0.02,1092,1000000.0,17.15,2.43,0.81,,1000000.0,100.0,1092.0,1.0917112995163962,0.0474633791483716,0.0319671280564726,7.727547031646088e-06,-2.1646272597175405e-06,2979560720205851.5,1750000000000000.0,1160000000000000.0,1.000264488841631,100.02644888416307,2980348780769306.5,1750462855472854.0,1160306807056291.5,0.1422152775004584,0.0835279959015594,0.0553671287118909,0.0718631735743271,0.0422077499217347,0.0279777085195499
593,593,2.25,0.02,1093,1000000.0,17.15,2.43,0.81,,1000000.0,100.0,1093.0,1.0927801190648552,0.0475948556975962,0.031868934350543,1.925631636581713e-06,2.178359763050528e-06,2978427679725712.5,1750000000000000.0,1160000000000000.0,1.0002012280888053,100.02012280888052,2979027023035349.0,1750352149155409.5,1160233424583014.0,0.1422965971722851,0.0836075513085587,0.0554198625816732,0.0718665433446662,0.0422257863466901,0.0279896640926631
594,594,2.25,0.02,1094,1000000.0,17.15,2.43,0.81,,1000000.0,100.0,1094.0,1.0936452869187634,0.0474925660097913,0.0319082600111029,6.841609909130705e-06,-3.049561223072775e-07,2977294639245576.5,1750000000000000.0,1160000000000000.0,1.0003243869688725,100.03243869688724,2978260434829040.5,1750567677195526.5,1160376288883891.8,0.1423569491497252,0.0836748428348849,0.0554644672505523,0.0718699159962105,0.0422438381930643,0.0280016298879741
595,595,2.25,0.02,1095,1000000.0,17.15,2.43,0.81,,1000000.0,100.0,1095.0,1.059662894704967,0.0475303755342599,0.0318885983624762,5.124037360190045e-06,2.265530815724365e-06,2976161598765439.5,1750000000000000.0,1160000000000000.0,1.047351694104627,104.7351694104627,3117087892396118.0,1832865464683096.8,1214927965161367.5,0.14242762805488,0.0837482578901066,0.0555131309442992,0.0718732915326567,0.0422619054806446,0.0280136059185987
596,596,2.25,0.02,1096,1000000.0,17.15,2.43,0.81,,1000000.0,100.0,1096.0,1.0957808940991751,0.0475645150201753,0.0318355624380153,9.4318003824505e-06,-6.139894276822248e-06,2975028558285302.5,1750000000000000.0,1160000000000000.0,1.000199984077905,100.01999840779052,2975623516628272.0,1750349972136334.0,1160231981530370.0,0.1425138747084979,0.083830886276808,0.0555679017606269,0.0718766699577079,0.0422799882292512,0.028025592197675
597,597,2.25,0.02,1097,1000000.0,17.15,2.43,0.81,,1000000.0,100.0,1097.0,1.0965766331864644,0.0474304698712689,0.0318493909488817,5.182547899841975e-07,5.181898334163837e-06,2973895517805164.5,1750000000000000.0,1160000000000000.0,1.0003864057205534,100.03864057205531,2975044648045572.0,1750676210010968.0,1160448230635841.5,0.1425948065344409,0.0839104500952479,0.0556206412059929,0.0718800512750737,0.0422980864587389,0.028037588738364
598,598,2.25,0.02,1098,1000000.0,17.15,2.43,0.81,,1000000.0,100.0,1098.0,1.0976077280316303,0.0473478231595502,0.0318973254913579,2.97148755319096e-06,-5.622745349761105e-06,2972762477325027.5,1750000000000000.0,1160000000000000.0,1.000357417456684,100.03574174566845,2973824994528999.0,1750625480549197.5,1160414604249753.8,0.1426651855342684,0.0839838623466562,0.0556693030412121,0.0718834354884697,0.0423162001889961,0.0280495955538489
599,599,2.25,0.02,1099,1000000.0,17.15,2.43,0.81,,1000000.0,100.0,1099.0,1.0986374724919188,0.0475982882804881,0.0317877985102362,-6.779316696095651e-06,-1.130200396988176e-05,2971629436844889.0,1750000000000000.0,1160000000000000.0,1.000330045386495,100.03300453864952,2972610209430894.0,1750577579426366.5,1160382852648334.5,0.1427511572403734,0.0840665131638662,0.0557240887257628,0.0718868226016184,0.0423343294399458,0.0280616126573354
600,600,2.25,0.02,1100,1000000.0,17.15,2.43,0.81,,1000000.0,100.0,1100.0,1.099812924432672,0.0475000124324791,0.0317674141741764,-5.910929761822408e-06,3.463072203234817e-06,2970496396364752.5,1750000000000000.0,1160000000000000.0,1.0001701124762572,100.01701124762572,2971001714862452.0,1750297696833450.2,1160197330472458.2,0.1428161001815712,0.0841368384165043,0.0557707043217971,0.0718902126182481,0.0423524742315446,0.0280736400620523
601,601,2.25,0.02,1101,1000000.0,17.15,2.43,0.81,,1000000.0,100.0,1101.0,1.1006632321759526,0.0473646948953745,0.0316232742419494,-6.577987564558201e-06,-2.049837431634242e-06,2969363355884616.0,1750000000000000.0,1160000000000000.0,1.0003060661427772,100.03060661427772,2970272177473455.0,1750535615749860.0,1160355036725621.5,0.1428966468931707,0.0842164134501988,0.0558234512012746,0.0718922826549826,0.0423698549377222,0.0280851609872902
602,602,2.25,0.02,1102,1000000.0,17.15,2.43,0.81,,1000000.0,100.0,1102.0,1.0663081393871483,0.047531593403164,0.0317071104639279,9.02028020619449e-06,2.4342106660193004e-06,2968230315404479.0,1750000000000000.0,1160000000000000.0,1.0474870017578208,104.74870017578208,3109182673609708.0,1833102253076186.0,1215084922039072.2,0.1429666186504064,0.0842898144863526,0.0558721056023823,0.0718943543914274,0.0423872499152255,0.028096691372378
603,603,2.25,0.02,1103,1000000.0,17.15,2.43,0.81,,1000000.0,100.0,1103.0,1.102756693084143,0.0473750146083796,0.0316864797967334,-6.347688245493762e-07,-2.615888416443078e-06,2967097274924340.5,1750000000000000.0,1160000000000000.0,1.000220687455227,100.0220687455227,2967752076071355.5,1750386203046647.5,1160255997448063.5,0.1430522162482002,0.0843724877340712,0.0559269061551558,0.0718964278296772,0.0424046591816385,0.0281082312289718
604,604,2.25,0.02,1104,1000000.0,17.15,2.43,0.81,,1000000.0,100.0,1104.0,1.1036579738408592,0.0475010325258107,0.0316312102595325,1.11195581292556e-05,-1.1045333073566424e-05,2965964234444204.0,1750000000000000.0,1160000000000000.0,1.000309958274466,100.0309958274466,2966883559600440.0,1750542426980315.5,1160359551598380.5,0.1431324795853053,0.0844520767868337,0.0559796623272726,0.0718985029718294,0.0424220827545749,0.0281197805687468
605,605,2.25,0.02,1105,1000000.0,17.15,2.43,0.81,,1000000.0,100.0,1105.0,1.1047154474484842,0.0474871900395888,0.031495513871544,4.161953745054016e-06,-5.66699321381283e-07,2964831193964067.5,1750000000000000.0,1160000000000000.0,1.000257659303316,100.02576593033156,2965595110303953.0,1750450903780802.8,1160298884791846.5,0.1431916535190324,0.0845192785911248,0.0560242075232598,0.0719005798199853,0.042439520651677,0.0281313394033973
606,606,2.25,0.02,1106,1000000.0,17.15,2.43,0.81,,1000000.0,100.0,1106.0,1.1057918729772382,0.0475822847448443,0.0316819850039886,-3.9098911147407136e-06,-2.8120025935430607e-06,2963698153483928.5,1750000000000000.0,1160000000000000.0,1.000188235667592,100.01882356675917,2964256027184390.5,1750329412418285.5,1160218353374406.5,0.1432612153493355,0.0845926656082105,0.0560728526317282,0.0719026583762495,0.0424569728906162,0.028142907744637
607,607,2.25,0.02,1107,1000000.0,17.15,2.43,0.81,,1000000.0,100.0,1107.0,1.0712942533294367,0.0475566946609025,0.0316478038620403,-5.402232723098244e-06,-2.459878821089361e-06,2962565113003792.5,1750000000000000.0,1160000000000000.0,1.047313219124992,104.7313219124992,3102733605367397.0,1832798133468736.5,1214883334184990.8,0.143346435983837,0.0846753584826249,0.0561276661941971,0.0719047386427303,0.0424744394890931,0.0281544856041989
608,608,2.25,0.02,1108,1000000.0,17.15,2.43,0.81,,1000000.0,100.0,1108.0,1.107749841843247,0.0475558262586393,0.0317026955306966,1.1247625081858594e-05,-1.6246717777981874e-07,2961432072523655.5,1750000000000000.0,1160000000000000.0,1.000225863781553,100.02258637815534,2962100952770368.5,1750395261617718.0,1160262001986601.8,0.1434263113407232,0.0847549559468279,0.0561804279418973,0.0719068206215391,0.0424919204648373,0.028166072993835
609,609,2.25,0.02,1109,1000000.0,17.15,2.43,0.81,,1000000.0,100.0,1109.0,1.0732962338644387,0.0474874448284746,0.0317387109468174,-1.6669363647023378e-05,-2.310388171704949e-06,2960299032043518.5,1750000000000000.0,1160000000000000.0,1.0472215074564344,104.72215074564345,3100088814858437.0,1832637638048760.5,1214776948649464.2,0.1434955732947449,0.0848283401601004,0.0562290711918379,0.0719089043147911,0.0425094158356075,0.028177669925317
610,610,2.25,0.02,1110,1000000.0,17.15,2.43,0.81,,1000000.0,100.0,1110.0,1.0741087856376998,0.0476072430279568,0.0315537698072078,1.083030294460958e-06,-7.076923467915584e-07,2960000000000000.0,1750000000000000.0,1160000000000000.0,1.0474011989060312,104.74011989060313,3100307548761852.0,1832952098085554.8,1214985390730996.2,0.1436262493636697,0.0849141676981155,0.056285962588465,0.071931257047319,0.042526925619192,0.0281892764104358
611,611,2.25,0.02,1111,1000000.0,17.15,2.43,0.81,,1000000.0,100.0,1111.0,1.1107389872647673,0.0474257797828724,0.0316351304340946,-3.412199950565744e-06,-1.1040581401380394e-05,2960000000000000.0,1750000000000000.0,1160000000000000.0,1.0002350821945751,100.0235082194575,2960695843295941.0,1750411393840506.0,1160272695345707.0,0.1437398357938422,0.0849813218375755,0.0563304761894786,0.0734497876407827,0.043424705530868,0.028784376237604
612,612,2.25,0.02,1112,1000000.0,17.15,2.43,0.81,,1000000.0,100.0,1112.0,1.0761610006203053,0.0472252677249253,0.0316625428653297,-7.135319514953243e-06,7.667111328024828e-06,2960000000000000.0,1750000000000000.0,1160000000000000.0,1.0473385634942765,104.7338563494276,3100122147943057.0,1832842486114983.2,1214912733653360.5,0.1438744881888105,0.0850609305170333,0.0563832453712905,0.0750338159156862,0.0443612087339361,0.0294051440750662
613,613,2.25,0.02,1113,1000000.0,17.15,2.43,0.81,,1000000.0,100.0,1113.0,1.07717913743619,0.0473769815156527,0.0316586728822224,1.323714911005824e-06,-1.2432222533043169e-06,2960000000000000.0,1750000000000000.0,1160000000000000.0,1.0472267295977158,104.72267295977156,3099791119609239.0,1832646776796002.8,1214783006333350.0,0.1439985933740295,0.0851343035150512,0.0564318811871196,0.0766876728711136,0.0453389957852867,0.0300532772062471
614,614,2.25,0.02,1114,1000000.0,17.15,2.43,0.81,,1000000.0,100.0,1114.0,1.1135750955163075,0.0473649337680372,0.0316333079023365,1.1168207541518712e-05,3.2403390436916964e-06,2960000000000000.0,1750000000000000.0,1160000000000000.0,1.0003816408062542,100.03816408062542,2961129656786512.0,1750667871410944.8,1160442703335254.8,0.1441385383436734,0.0852170412504825,0.0564867244860342,0.0784160799589692,0.0463608580838501,0.0307306259298663
615,615,2.25,0.02,1115,1000000.0,17.15,2.43,0.81,,1000000.0,100.0,1115.0,1.1148023969012684,0.0473807126660357,0.0315044636965778,-8.915526533561252e-06,2.121217930132737e-06,2960000000000000.0,1750000000000000.0,1160000000000000.0,1.000177283831335,100.01772838313354,2960524760140753.0,1750310246704836.5,1160205649244349.0,0.1442732144508936,0.085296663949008,0.0565395029604853,0.080224194099185,0.0474298444843155,0.0314392112010318
616,616,2.25,0.02,1116,1000000.0,17.15,2.43,0.81,,1000000.0,100.0,1116.0,1.115776463084012,0.0473361824509503,0.03159423651603,-6.933819733311681e-06,-3.283632161186201e-06,2960000000000000.0,1750000000000000.0,1160000000000000.0,1.0002003539902429,100.0200353990243,2960593047811119.0,1750350619482925.5,1160232410628681.8,0.1443867297443098,0.0853637760312642,0.0565839886835808,0.0821176590696735,0.0485492916797056,0.0321812447705476
617,617,2.25,0.02,1117,1000000.0,17.15,2.43,0.81,,1000000.0,100.0,1117.0,1.0810124029412125,0.0471934503320437,0.0314384213495619,-8.099895398034687e-06,1.2561967605001616e-06,2960000000000000.0,1750000000000000.0,1160000000000000.0,1.0472952565781264,104.72952565781264,3099993959471254.0,1832766699011720.8,1214862497630626.5,0.1445108112172761,0.085437135010214,0.0566326152067704,0.0841026643496759,0.0497228589905178,0.0329591522451432
618,618,2.25,0.02,1118,1000000.0,17.15,2.43,0.81,,1000000.0,100.0,1118.0,1.0818296315831943,0.0472843977908448,0.0314703983153149,-2.333829822915169e-06,-3.407854295939784e-06,2960000000000000.0,1750000000000000.0,1160000000000000.0,1.047422361023409,104.7422361023409,3100370188629290.5,1832989131790966.0,1215009938787154.5,0.1446507893840736,0.0855198923723408,0.0566874715153802,0.0861860127089427,0.0509545683245439,0.0337755995751262
619,619,2.25,0.02,1119,1000000.0,17.15,2.43,0.81,,1000000.0,100.0,1119.0,1.0827674666461302,0.0472394937811811,0.031624731481551,-1.901280423936746e-05,-7.690721596859213e-07,2958968615911740.5,1750000000000000.0,1160000000000000.0,1.0474814938575825,104.74814938575824,3099464866072933.0,1833092614250768.8,1215078532874795.5,0.1447350305835127,0.0855995234823072,0.0567402555654151,0.0883444045933525,0.0522488502267299,0.034633523578861
620,620,2.25,0.02,1120,1000000.0,17.15,2.43,0.81,,1000000.0,100.0,1120.0,1.119680949640815,0.0472427529878159,0.0315005072751649,-1.3513523472699525e-06,1.1024778727846346e-06,2957835575431603.5,1750000000000000.0,1160000000000000.0,1.0002850869240372,100.0285086924037,2958678815677610.5,1750498902117065.0,1160330700831882.8,0.1448035950288324,0.0856728796574434,0.0567888802300767,0.0906121893781049,0.0536105971301481,0.0355361672405553
621,621,2.25,0.02,1121,1000000.0,17.15,2.43,0.81,,1000000.0,100.0,1121.0,1.1207381360403132,0.0471548769096181,0.0315169619900179,2.595596970802411e-06,-1.5132012017152306e-06,2956702534951465.0,1750000000000000.0,1160000000000000.0,1.0002336823359577,100.02336823359576,2957393464106565.0,1750408944087925.5,1160271071509710.8,0.1448932964688158,0.0857588025251211,0.0568458348166517,0.0906518772514316,0.0536546315751067,0.0355653557869278
622,622,2.25,0.02,1122,1000000.0,17.15,2.43,0.81,,1000000.0,100.0,1122.0,1.0858489172378605,0.0471133104775457,0.0315160785240881,-8.344662628665249e-07,6.803627178806762e-06,2955569494471328.5,1750000000000000.0,1160000000000000.0,1.0472608294534815,104.72608294534815,3095252160287451.0,1832706451543592.8,1214822562166038.5,0.1449510366696827,0.0858258669425462,0.0568902889447735,0.0906916303756679,0.0536987384171821,0.0355945923222463
623,623,2.25,0.02,1123,1000000.0,17.15,2.43,0.81,,1000000.0,100.0,1123.0,1.0866725278069127,0.0473343677873463,0.0314443598329,2.960440524599809e-06,-6.3059368080396815e-06,2954436453991191.5,1750000000000000.0,1160000000000000.0,1.047510588521169,104.75105885211693,3094803468668709.0,1833143529912046.5,1215112282684556.2,0.1450299246739246,0.0859055092677667,0.0569430804289196,0.0907314489118653,0.0537429178350632,0.0356238769649561
624,624,2.25,0.02,1124,1000000.0,17.15,2.43,0.81,,1000000.0,100.0,1124.0,1.1237609019525507,0.0470010329401633,0.0314648325793597,3.827105400888784e-06,-4.229683788736967e-06,2953303413511055.0,1750000000000000.0,1160000000000000.0,1.0002127826063103,100.02127826063104,2953931825108607.0,1750372369561043.2,1160246827823320.2,0.145098082103019,0.0859788542276484,0.0569916976594698,0.090771333021605,0.0537871700080281,0.0356532098338929
625,625,2.25,0.02,1125,1000000.0,17.15,2.43,0.81,,1000000.0,100.0,1125.0,1.1245904699235325,0.0473089499011919,0.0313730471972841,5.662545489416873e-06,-1.1047642014415582e-05,2952170373030916.5,1750000000000000.0,1160000000000000.0,1.000364231141548,100.0364231141548,2953245645415930.5,1750637404497708.8,1160422508124195.5,0.1451820985302836,0.0860616564507931,0.0570465837045257,0.0908112828670013,0.0538314951159453,0.0356825910482837
626,626,2.25,0.02,1126,1000000.0,17.15,2.43,0.81,,1000000.0,100.0,1126.0,1.125828319019297,0.0473505952449448,0.0314867975095674,-1.1128395291821076e-05,-5.760081942421129e-06,2951037332550780.0,1750000000000000.0,1160000000000000.0,1.0001525012752936,100.01525012752936,2951487369507433.0,1750266877231763.8,1160176901479340.8,0.1452607028189831,0.0861413127950817,0.0570993844813112,0.0908512986107032,0.0538758933392771,0.0357120207277493
627,627,2.25,0.02,1127,1000000.0,17.15,2.43,0.81,,1000000.0,100.0,1127.0,1.126658924670937,0.0472105840694965,0.0314793475964168,-1.025271999018531e-05,4.636036677665637e-06,2949904291962200.5,1750000000000000.0,1160000000000000.0,1.0003028511774696,100.03028511774698,2950797673950445.0,1750529989560572.0,1160351307365864.8,0.1453179073585955,0.0862083351553022,0.0571438107315147,0.0908913804125555,0.0539203648590814,0.0357414989923053
628,628,2.25,0.02,1128,1000000.0,17.15,2.43,0.81,,1000000.0,100.0,1128.0,1.0916145810714268,0.0472255542419689,0.0313465163874415,6.654984775027073e-06,-2.7475336988466776e-06,2948771250198283.0,1750000000000000.0,1160000000000000.0,1.0473703739690954,104.73703739690954,3088455647069492.0,1832898154445916.8,1214949633804150.8,0.1454123010418373,0.0862974796048028,0.057202900766612,0.0909315284033751,0.0539649098570145,0.0357710259623639
629,629,2.25,0.02,1129,1000000.0,17.15,2.43,0.81,,1000000.0,100.0,1129.0,1.1287382663107564,0.0469560972260116,0.0313333087528767,2.960824226113645e-06,3.4261855508670905e-07,2947638208434363.5,1750000000000000.0,1160000000000000.0,1.000231894283976,100.0231894283976,2948321748886127.5,1750405814996958.2,1160268997369412.0,0.1454746258779886,0.086367653451507,0.0572494160021418,0.0909717427836128,0.0540095285153335,0.0358006017587354
630,630,2.25,0.02,1130,1000000.0,17.15,2.43,0.81,,1000000.0,100.0,1130.0,1.1297676704676178,0.0472397557862293,0.0313699482204304,-4.601847385959363e-06,8.185415552462345e-06,2946505166670443.5,1750000000000000.0,1160000000000000.0,1.0002056785199418,100.0205678519942,2947111199492125.0,1750359937409898.0,1160238587083132.5,0.145552844573644,0.0864473210110499,0.0573022242130388,0.0910120237180791,0.0540542210168988,0.0358302265026301
631,631,2.25,0.02,1131,1000000.0,17.15,2.43,0.81,,1000000.0,100.0,1131.0,1.0945377877818965,0.0472322117376763,0.0313889311579171,1.2552180742984149e-05,3.8906529545550455e-06,2945372124906524.0,1750000000000000.0,1160000000000000.0,1.0473064810863946,104.73064810863946,3084707315625808.0,1832786341901190.5,1214875518060217.5,0.145614957931085,0.0865174808386856,0.0573487301559286,0.0910501477610219,0.054097666381237,0.0358590245727056
632,632,2.25,0.02,1132,1000000.0,17.15,2.43,0.81,,1000000.0,100.0,1132.0,1.1315428465515425,0.0472022396805788,0.0313377152772881,2.346419141976257e-06,2.694826814512255e-06,2944239083142604.5,1750000000000000.0,1160000000000000.0,1.000404258024043,100.04042580240431,2945429315416667.0,1750707451542076.0,1160468939307890.2,0.1457036609135827,0.0866034990360257,0.0574057479324513,0.0910883331366493,0.0541411816390236,0.0358878689721528
633,633,2.25,0.02,1133,1000000.0,17.15,2.43,0.81,,1000000.0,100.0,1133.0,1.0964650381915244,0.046960238272211,0.0312310073894406,-1.2266149936822117e-06,-5.86084568837231e-07,2943106041378684.5,1750000000000000.0,1160000000000000.0,1.0473196433799623,104.73196433799622,3082372769686137.0,1832809375914933.2,1214890786320756.0,0.1457602256274753,0.0866704737314154,0.057450142587681,0.0911265799930855,0.0541847669590579,0.0359167598128613
634,634,2.25,0.02,1134,1000000.0,17.15,2.43,0.81,,1000000.0,100.0,1134.0,1.133638072817962,0.0472311434490217,0.0312949606473387,-1.4221869897317589e-05,-4.51228079771566e-06,2941972999614766.5,1750000000000000.0,1160000000000000.0,1.000319306017735,100.03193060177352,2942912389297558.0,1750558785531036.5,1160370394980573.0,0.1458380560782846,0.0867501497023993,0.0575029563741619,0.0911648884789319,0.054228422510683,0.0359456972070813
635,635,2.25,0.02,1135,1000000.0,17.15,2.43,0.81,,1000000.0,100.0,1135.0,1.1346714009285734,0.0470697713042332,0.0313434588785075,-7.316034169397567e-06,-5.6724296866733645e-06,2940839957850847.0,1750000000000000.0,1160000000000000.0,1.0002896333103106,100.02896333103106,2941691723062932.5,1750506858293044.0,1160335974639960.5,0.1459050971013804,0.0868234666241452,0.0575515550194334,0.0912032587432693,0.054272148463788,0.0359746812674252
636,636,2.25,0.02,1136,1000000.0,17.15,2.43,0.81,,1000000.0,100.0,1136.0,1.1357330713220564,0.0471092962986849,0.0312995250912724,-3.938747561359474e-06,2.220594698413531e-07,2939706916419003.5,1750000000000000.0,1160000000000000.0,1.0002350461049416,100.02350461049416,2940397883079377.0,1750411330683647.5,1160272653481732.5,0.1459880852488697,0.0869063333350025,0.0576064838106302,0.0912416909459664,0.0543159449888108,0.0360037121068689
637,637,2.25,0.02,1137,1000000.0,17.15,2.43,0.81,,1000000.0,100.0,1137.0,1.1366300818151784,0.0471361323346158,0.0312557678892778,-2.404122506900487e-06,-9.392669472072818e-06,2938573875938864.5,1750000000000000.0,1160000000000000.0,1.000325571762598,100.0325571762598,2939530592615179.5,1750569750584546.5,1160377663244613.8,0.1460656318370357,0.086986023325054,0.05765930688975,0.091280185256341,0.0543598122567398,0.0360327898387531
638,638,2.25,0.02,1138,1000000.0,17.15,2.43,0.81,,1000000.0,100.0,1138.0,1.1374947599233565,0.0471354481470277,0.0311982074747076,3.0224012306675764e-06,-2.642416263046466e-06,2937440835458728.5,1750000000000000.0,1160000000000000.0,1.0004443025694765,100.04443025694766,2938745947969608.5,1750777529496584.0,1160515390980593.0,0.1461216615393208,0.08705295596324,0.0577036736670619,0.0913187417954085,0.0544037504391159,0.0360619145767854
639,639,2.25,0.02,1139,1000000.0,17.15,2.43,0.81,,1000000.0,100.0,1139.0,1.138605922082661,0.0471735626953259,0.0312022189957887,1.0778715968648794e-05,9.341610980870208e-07,2936307794978591.5,1750000000000000.0,1160000000000000.0,1.0003461815012864,100.03461815012864,2937324290419295.5,1750605817627251.2,1160401570541492.2,0.1462150852522428,0.0871422265843525,0.0577628473359137,0.0913573607141863,0.0544477597080354,0.0360910864350407
640,640,2.25,0.02,1140,1000000.0,17.15,2.43,0.81,,1000000.0,100.0,1140.0,1.1397631966551898,0.0471544564088699,0.031197309950759,4.830777595599225e-06,5.483803545024532e-06,2935174754498454.5,1750000000000000.0,1160000000000000.0,1.0002077730965508,100.02077730965507,2935784604846115.0,1750363602918964.2,1160241016791999.2,0.146276264686346,0.0872123415509705,0.0578093235423575,0.0913960421641808,0.054491840236152,0.0361203055279635
641,641,2.25,0.02,1141,1000000.0,17.15,2.43,0.81,,1000000.0,100.0,1141.0,1.140620286075523,0.0471404244213742,0.0311275148980794,-4.886322197855348e-06,-4.441771149393631e-06,2934041714018316.5,1750000000000000.0,1160000000000000.0,1.0003329734361128,100.03329734361128,2935018671969531.5,1750582703513197.2,1160386249185890.8,0.1463534255707352,0.0872920427562766,0.0578621540555891,0.0916223487282603,0.0546478632217069,0.0362237264783886
642,642,2.25,0.02,1142,1000000.0,17.15,2.43,0.81,,1000000.0,100.0,1142.0,1.1417727836169431,0.0472057805368135,0.0313033431556525,-7.912519393098563e-06,-2.570070659324388e-07,2932908673538179.5,1750000000000000.0,1160000000000000.0,1.0001990190421928,100.01990190421928,2933492378213225.0,1750348283323836.8,1160230862088943.5,0.1464143937187674,0.087362143703827,0.0579086209693939,0.0918499549516646,0.0548047822339807,0.0363277413665242
643,643,2.25,0.02,1143,1000000.0,17.15,2.43,0.81,,1000000.0,100.0,1143.0,1.1426882038243094,0.0472135206265563,0.0312218960710483,-1.7462518245118854e-06,-1.42652118037365e-06,2931775633058043.0,1750000000000000.0,1160000000000000.0,1.0002729414042717,100.02729414042714,2932575836016338.5,1750477647457475.2,1160316612028955.2,0.146502096972993,0.0874482572308295,0.0579657019358641,0.0920788720623836,0.0549626050139086,0.036432355323505
644,644,2.25,0.02,1144,1000000.0,17.15,2.43,0.81,,1000000.0,100.0,1144.0,1.1436370300335057,0.0467703773899498,0.0312543533935239,-5.812082437362723e-06,-8.434829593551723e-07,2930642592577904.5,1750000000000000.0,1160000000000000.0,1.000317460838352,100.03174608383522,2931572956832255.5,1750555556467116.5,1160368254572488.5,0.1465574875651965,0.087515142204184,0.0580100371182018,0.0923091114181147,0.0551213393918508,0.0365375735397411
645,645,2.25,0.02,1145,1000000.0,17.15,2.43,0.81,,1000000.0,100.0,1145.0,1.1447129668212028,0.0469189950876909,0.0310721533744227,2.518893148793113e-06,-4.473000458944128e-06,2929509551542070.5,1750000000000000.0,1160000000000000.0,1.0002507903570814,100.02507903570816,2930244244288574.5,1750438883124892.5,1160290916814214.5,0.1466342600430459,0.0875948518209312,0.0580628732070172,0.0925406844905878,0.0552809932888874,0.0366434012657768
646,646,2.25,0.02,1146,1000000.0,17.15,2.43,0.81,,1000000.0,100.0,1146.0,1.1457727722864093,0.0471077500247344,0.0311403243383258,-5.701161028899833e-06,6.225483632450496e-07,2928376509778151.0,1750000000000000.0,1160000000000000.0,1.0001983313355756,100.01983313355755,2928957298602403.0,1750347079837257.5,1160230064349267.5,0.1467001850829163,0.087668140704541,0.0581114532670099,0.0927736028969695,0.055441574718135,0.0367498438131638
647,647,2.25,0.02,1147,1000000.0,17.15,2.43,0.81,,1000000.0,100.0,1147.0,1.0731652429139071,0.0470476759294347,0.0311803307241782,-4.174945167173292e-06,-1.3866565514591774e-06,2927243468014231.5,1750000000000000.0,1160000000000000.0,1.094540618980313,109.45406189803133,3203986877386375.0,1915446083215548.0,1269667118017163.2,0.1467821440226449,0.0877510719031109,0.0581664248043477,0.0930078784184138,0.0556030917860888,0.0368569065553502
648,648,2.25,0.02,1148,1000000.0,17.15,2.43,0.81,,1000000.0,100.0,1148.0,1.1477946729937458,0.0470729737684115,0.0311481971649397,1.1261310423368211e-05,-4.009374092872672e-06,2926110426250311.5,1750000000000000.0,1160000000000000.0,1.0001789061253992,100.0178906125399,2926633925329161.0,1750313085719447.8,1160207531105462.5,0.1468586323270344,0.0878307955389258,0.0582192701858022,0.0932435229505621,0.0557655526939859,0.036964594928585
649,649,2.25,0.02,1149,1000000.0,17.15,2.43,0.81,,1000000.0,100.0,1149.0,1.1486309744839445,0.0470029855539882,0.0310886127605551,9.044110180494269e-06,1.09510439304109e-05,2924977384486392.0,1750000000000000.0,1160000000000000.0,1.0003213192869775,100.03213192869777,2925917236134001.0,1750562308752210.8,1160372730372894.0,0.1469134883604914,0.0878976384550763,0.058263577490222,0.0934805485284895,0.0559289657391939,0.0370729144328371
650,650,2.25,0.02,1150,1000000.0,17.15,2.43,0.81,,1000000.0,100.0,1150.0,1.1496484764943944,0.0471040452453778,0.031134202984642,-5.199456885771928e-06,7.112610645750762e-06,2923844342722472.5,1750000000000000.0,1160000000000000.0,1.000305820679336,100.0305820679336,2924738514785637.0,1750535186188838.0,1160354751988029.8,0.1470059401384027,0.0879870352478006,0.0583228347928278,0.093718967328754,0.0560933393166227,0.0371818706327328
651,651,2.25,0.02,1151,1000000.0,17.15,2.43,0.81,,1000000.0,100.0,1151.0,1.1507628355857378,0.046997662981949,0.0310485220450885,-1.6361824779923576e-05,-1.5727334184095376e-06,2922711300958552.5,1750000000000000.0,1160000000000000.0,1.0002061300757816,100.02061300757816,2923313759660507.5,1750360727632617.8,1160239110887906.8,0.1470659748413691,0.0880570913343333,0.0583692719701866,0.0937628038636321,0.0561413324359274,0.0372136832146718
652,652,2.25,0.02,1152,1000000.0,17.15,2.43,0.81,,1000000.0,100.0,1152.0,1.1511800832590098,0.0468346601113978,0.0311874374216197,5.923996820769457e-06,2.688685643576036e-06,2921578259194633.0,1750000000000000.0,1160000000000000.0,1.0007130518644334,100.07130518644333,2923661496019440.5,1751247840762758.2,1160827140162742.5,0.1471366848797673,0.0881335961921391,0.0584199837616464,0.0938067154752896,0.0561894077507989,0.0372455502805296
653,653,2.25,0.02,1153,1000000.0,17.15,2.43,0.81,,1000000.0,100.0,1153.0,1.0787723367355722,0.0468370670420144,0.0310641896425942,-9.4120734788171e-06,6.490707359379106e-07,2920445217430715.0,1750000000000000.0,1160000000000000.0,1.0945311793881014,109.45311793881017,3196518348172780.5,1915429563929177.2,1269656168090197.5,0.1472019008763594,0.0882068682528678,0.0584685526704723,0.0938507023567625,0.056237565472577,0.0372774719703938
654,654,2.25,0.02,1154,1000000.0,17.15,2.43,0.81,,1000000.0,100.0,1154.0,1.1535805854228784,0.0467120218282168,0.030985734420664,-5.246438330020739e-06,4.186267051506122e-06,2919312185797984.0,1750000000000000.0,1160000000000000.0,1.000363796304666,100.03637963046658,2920374220783343.0,1750636643533165.2,1160422003713412.5,0.1472886033871197,0.0882930771095325,0.0585256968268901,0.0938947650276019,0.0562858058133266,0.0373094484248335
655,655,2.25,0.02,1155,1000000.0,17.15,2.43,0.81,,1000000.0,100.0,1155.0,1.1178674383219247,0.0472117160778531,0.0310092563145637,7.409219244342287e-06,-1.936413483738437e-06,2918179160723006.5,1750000000000000.0,1160000000000000.0,1.0471803356146476,104.71803356146476,3055859832909587.5,1832565587325632.8,1214729189312991.0,0.1473428218100471,0.0883598723608517,0.058569972536336,0.0939389035679785,0.0563341289858407,0.0373414797849002
656,656,2.25,0.02,1156,1000000.0,17.15,2.43,0.81,,1000000.0,100.0,1156.0,1.1552551269725655,0.0467982541472627,0.0310619019528778,-3.9342127600293683e-07,2.784579960255591e-06,2917046135648028.0,1750000000000000.0,1160000000000000.0,1.000646743266184,100.06467432661842,2918932715593406.5,1751131800715822.5,1160750222188773.5,0.1474185365670431,0.0884396156233621,0.0586228309274857,0.0939831179621878,0.056382535203644,0.0373735661921297
657,657,2.25,0.02,1157,1000000.0,17.15,2.43,0.81,,1000000.0,100.0,1157.0,1.0826205262804718,0.0469081244658819,0.03110299390056,-8.76618968560185e-06,-1.226322651110421e-07,2915913110573049.0,1750000000000000.0,1160000000000000.0,1.0944646403012073,109.44646403012072,3191363793712907.0,1915313120527112.5,1269578982749400.2,0.1474833468285779,0.0885128764688357,0.0586713924021996,0.0940274084059348,0.0564310246809954,0.0374057077885455
658,658,2.25,0.02,1158,1000000.0,17.15,2.43,0.81,,1000000.0,100.0,1158.0,1.1578110132497614,0.0469423811100772,0.0310204963741366,-2.201405507800455e-06,5.611735938452722e-06,2914780085498072.0,1750000000000000.0,1160000000000000.0,1.0001632401353675,100.01632401353672,2915255894593795.0,1750285670236893.0,1160189358557026.0,0.1475642764657561,0.0885958721551187,0.0587264066856787,0.0940717750955979,0.0564795976328916,0.0374379047166595
659,659,2.25,0.02,1159,1000000.0,17.15,2.43,0.81,,1000000.0,100.0,1159.0,1.1586277742816038,0.0469619912135578,0.0309256496685448,7.160212176617614e-07,-1.1869629970569129e-07,2913647060423094.5,1750000000000000.0,1160000000000000.0,1.000321319162102,100.0321319162102,2914583271055210.0,1750562308533678.5,1160372730228038.5,0.1476397068796567,0.0886756294366968,0.0587792743694676,0.0941162182282331,0.0565282542750702,0.0374701571194752
660,660,2.25,0.02,1160,1000000.0,17.15,2.43,0.81,,1000000.0,100.0,1160.0,1.122616904171251,0.0470738235174351,0.0310801357990253,7.521304432087813e-07,4.88725417179011e-06,2912514035348116.0,1750000000000000.0,1160000000000000.0,1.0473362946080378,104.73362946080375,3050381657775399.0,1832838515564065.2,1214910101745323.5,0.1476933913956995,0.0887423826308123,0.0588235222009956,0.0941607380015748,0.0565769948240132,0.0375024651404887
661,661,2.25,0.02,1161,1000000.0,17.15,2.43,0.81,,1000000.0,100.0,1161.0,1.1236449953280028,0.0469307578272058,0.0310239628768346,-1.3432031818284413e-05,6.903911790571553e-06,2911381010273139.0,1750000000000000.0,1160000000000000.0,1.0472399352695176,104.7239935269518,3048914460743345.0,1832669886721656.0,1214798324912640.8,0.1477848703177668,0.0888319055951486,0.0588828631373555,0.0942032923243954,0.0566245918984768,0.037534015201276
662,662,2.25,0.02,1162,1000000.0,17.15,2.43,0.81,,1000000.0,100.0,1162.0,1.1244424814142857,0.0468868087047363,0.0309150133126132,5.603244741019093e-06,1.3884772254980804e-06,2910247985198160.5,1750000000000000.0,1160000000000000.0,1.0474173179411754,104.74173179411756,3048244139199967.0,1832980306397056.8,1215004088811763.5,0.1478383439024626,0.0888986447701959,0.0589271016762441,0.094245918307674,0.0566722691252716,0.0375656183916086
663,663,2.25,0.02,1163,1000000.0,17.15,2.43,0.81,,1000000.0,100.0,1163.0,1.162722415095891,0.0469331278515711,0.0310244615270073,4.684284632202526e-06,-9.99579443947064e-06,2910000000000000.0,1750000000000000.0,1160000000000000.0,1.000238765653276,100.0238765653276,2910694808051034.0,1750417839893233.2,1160276968157800.5,0.1479583853988317,0.0889784104632148,0.0589799749356167,0.0943173015528322,0.0567200267070297,0.0375972748458025
664,664,2.25,0.02,1164,1000000.0,17.15,2.43,0.81,,1000000.0,100.0,1164.0,1.1264536902691662,0.0468810856960709,0.0310416293208911,8.961440876891028e-06,-4.386773231889578e-06,2910000000000000.0,1750000000000000.0,1160000000000000.0,1.04733592218131,104.733592218131,3047747533547611.5,1832837863817292.8,1214909669730319.5,0.1480801797449711,0.0890516544858074,0.0590285252591638,0.0943968495456948,0.0567678648470672,0.0376289846986275
665,665,2.25,0.02,1165,1000000.0,17.15,2.43,0.81,,1000000.0,100.0,1165.0,1.127470040418101,0.046980856892972,0.030856040759851,1.1908088283059775e-05,1.2707334395591775e-06,2910000000000000.0,1750000000000000.0,1160000000000000.0,1.047295188719247,104.72951887192472,3047628999173009.0,1832766580258682.8,1214862418914326.8,0.1482182596498542,0.0891346922292938,0.0590835674205605,0.0944765318346951,0.0568157837493872,0.037660748085308
666,666,2.25,0.02,1166,1000000.0,17.15,2.43,0.81,,1000000.0,100.0,1166.0,1.1657282685527206,0.0470339740311793,0.0306916323389001,1.820073002273221e-05,-4.182334223352989e-06,2910000000000000.0,1750000000000000.0,1160000000000000.0,1.0002331200446704,100.02331200446702,2910678379329991.0,1750407960078173.2,1160270419251817.5,0.1483509219139532,0.0892144719413807,0.0591364499725724,0.094556348760207,0.0568637836186812,0.0376925651415258
667,667,2.25,0.02,1167,1000000.0,17.15,2.43,0.81,,1000000.0,100.0,1167.0,1.1293026967604631,0.0468800351079852,0.0308759592397275,8.470085409643185e-06,2.244993420736441e-06,2910000000000000.0,1750000000000000.0,1160000000000000.0,1.0474018267953475,104.74018267953475,3047939315974461.0,1832953196891858.5,1214986119082603.5,0.1484672706452594,0.0892844411096922,0.0591828295355674,0.0946363006637549,0.0569118646603337,0.0377244360034211
668,668,2.25,0.02,1168,1000000.0,17.15,2.43,0.81,,1000000.0,100.0,1168.0,1.167375901768423,0.0467979259163577,0.0309073238036377,1.181644852777475e-05,-1.3725150160832771e-06,2910000000000000.0,1750000000000000.0,1160000000000000.0,1.000534853764793,100.05348537647929,2911556424455547.0,1750935994088387.8,1160620430367159.8,0.1485890463420331,0.0893576739170302,0.0592313724250028,0.0947163878880198,0.0569600270804242,0.0377563608075954
669,669,2.25,0.02,1169,1000000.0,17.15,2.43,0.81,,1000000.0,100.0,1169.0,1.1687459309891892,0.0467365128504363,0.0308190041797599,2.569067730221556e-07,5.429111254035331e-06,2910000000000000.0,1750000000000000.0,1160000000000000.0,1.000217427017328,100.02174270173278,2910632712620424.0,1750380497280323.5,1160252215340100.2,0.1487271635456481,0.0894407340910253,0.0592864294546226,0.0947966107768435,0.0570082710857306,0.0377883396911129
670,670,2.25,0.02,1170,1000000.0,17.15,2.43,0.81,,1000000.0,100.0,1170.0,1.1697972788271271,0.0467691162032763,0.0308198928604917,-1.2449572299471572e-05,5.231439728912473e-06,2910000000000000.0,1750000000000000.0,1160000000000000.0,1.0001733101163606,100.01733101163605,2910504332438609.0,1750303292703630.8,1160201039734978.0,0.1488598444591124,0.0895205250183665,0.0593393194407457,0.0948769696752338,0.0570565968837317,0.037820372791502
671,671,2.25,0.02,1171,1000000.0,17.15,2.43,0.81,,1000000.0,100.0,1171.0,1.1332454197792676,0.0468989535655489,0.0308518253297449,5.602066508866624e-06,-6.143032798874882e-06,2910000000000000.0,1750000000000000.0,1160000000000000.0,1.047281862469736,104.7281862469736,3047590219786931.5,1832743259322038.0,1214846960464893.5,0.1489706962898295,0.0895871884904472,0.0593835077993821,0.094955295960321,0.0571037003197807,0.0378515956405403
672,672,2.25,0.02,1172,1000000.0,17.15,2.43,0.81,,1000000.0,100.0,1172.0,1.1715576665012577,0.0467119521995764,0.0306464427015597,-1.1092874396170224e-05,-1.8393634814346451e-06,2908917582542092.5,1750000000000000.0,1160000000000000.0,1.0003776560564763,100.03776560564764,2910016152884929.0,1750660898098833.5,1160438081025512.5,0.1490643026961105,0.0896768376263953,0.0594429323694962,0.0949984024709458,0.0571508815931706,0.0378828700846158
673,673,2.25,0.02,1173,1000000.0,17.15,2.43,0.81,,1000000.0,100.0,1173.0,1.1727479046730878,0.0466530800043019,0.0308259910135574,3.151278236350809e-06,-1.2789894252628964e-05,2907784540778172.5,1750000000000000.0,1160000000000000.0,1.000215002730273,100.02150027302729,2908409722393485.0,1750376254777977.2,1160249403167116.5,0.1491169853514446,0.0897434870794079,0.0594871114354932,0.0950399256351665,0.0571981408969975,0.0379141962517241
674,674,2.25,0.02,1174,1000000.0,17.15,2.43,0.81,,1000000.0,100.0,1174.0,1.1736544199520722,0.0468149943550754,0.0308164556760699,-1.4016812232314852e-06,-2.5555337072974306e-07,2906651499014252.5,1750000000000000.0,1160000000000000.0,1.0002945058288568,100.02945058288569,2907507524823169.0,1750515385200499.2,1160341626761474.0,0.1491914229221818,0.0898232864181898,0.0595400069972,0.0950815175290317,0.0572454784249969,0.0379455742702837
675,675,2.25,0.02,1175,1000000.0,17.15,2.43,0.81,,1000000.0,100.0,1175.0,1.1372858813002489,0.0467158089791069,0.0306571868418164,-2.315850532704452e-06,4.379343735755894e-06,2905518457250335.0,1750000000000000.0,1160000000000000.0,1.047151358536027,104.71513585360272,3042517599761189.0,1832514877438047.2,1214695575901791.5,0.1492548268417926,0.089896502402646,0.0595885387354682,0.0951231783233261,0.057292894371546,0.037977004269139
676,676,2.25,0.02,1176,1000000.0,17.15,2.43,0.81,,1000000.0,100.0,1176.0,1.1003950417337047,0.0468115339824777,0.0307120998677806,3.0421271758853185e-06,-2.783499781642153e-06,2904385415486415.5,1750000000000000.0,1160000000000000.0,1.0945600710806782,109.45600710806784,3179024306820496.5,1915480124391187.2,1269689682453587.2,0.1493345436512996,0.0899796046338453,0.059643623643006,0.0951649081894007,0.0573403889316666,0.0380084863775618
677,677,2.25,0.02,1177,1000000.0,17.15,2.43,0.81,,1000000.0,100.0,1177.0,1.1388266832106884,0.0467519947774047,0.0307709896825702,7.624796695269033e-06,3.239826866002168e-06,2903252373722495.5,1750000000000000.0,1160000000000000.0,1.0475085105164692,104.75085105164692,3041181569651455.0,1833139893403820.8,1215109872199104.5,0.1494086966059755,0.0900594179916957,0.0596965284973526,0.0952067072991747,0.0573879623010277,0.0380400207252525
678,678,2.25,0.02,1178,1000000.0,17.15,2.43,0.81,,1000000.0,100.0,1178.0,1.1397426690539203,0.0467758857543322,0.0306656089785317,-1.6306854069373786e-05,5.710130514418571e-06,2902119331958576.0,1750000000000000.0,1160000000000000.0,1.0475906036430265,104.7590603643026,3040232942810580.0,1833283556375295.5,1215205100225910.5,0.1494608460512372,0.0901260253875041,0.0597406796854313,0.0952485758251389,0.0574356146759481,0.0380716074423427
679,679,2.25,0.02,1179,1000000.0,17.15,2.43,0.81,,1000000.0,100.0,1179.0,1.1784610223952767,0.0468740405612831,0.0307047891292274,2.038272763568704e-06,-1.4251229836251575e-06,2900986290194656.5,1750000000000000.0,1160000000000000.0,1.0004576078250302,100.04576078250304,2902313804221355.5,1750800813693803.0,1160530825077035.0,0.1495238411067952,0.0901992273528924,0.0597892021310601,0.0952905139403571,0.0574833462533996,0.0381032466593963
680,680,2.25,0.02,1180,1000000.0,17.15,2.43,0.81,,1000000.0,100.0,1180.0,1.1419558340001887,0.0467003668329397,0.0307407030327896,3.87628394195155e-06,-8.720391435066106e-07,2899853248597012.5,1750000000000000.0,1160000000000000.0,1.047321529683073,104.73215296830726,3037078740177050.5,1832812676945376.8,1214892974432364.2,0.1496086616082701,0.0902856577108316,0.0598464931111798,0.0953325218239352,0.0575311572310088,0.0381349385074116
681,681,2.25,0.02,1181,1000000.0,17.15,2.43,0.81,,1000000.0,100.0,1181.0,1.1806821347507594,0.0466346148809251,0.0307445059787687,1.6494327958751856e-05,-3.5684242153928093e-06,2898720208116875.5,1750000000000000.0,1160000000000000.0,1.0002692364105177,100.02692364105172,2899500649140803.0,1750471163718405.2,1160312314236200.0,0.149676943468151,0.0903621709800779,0.059897210478223,0.095372967925955,0.0575780626923107,0.0381660301274745
682,682,2.25,0.02,1182,1000000.0,17.15,2.43,0.81,,1000000.0,100.0,1182.0,1.1436290781082603,0.0465035122753375,0.0306988093722193,-1.2185842259919872e-05,-4.002764078612028e-06,2897587167636737.0,1750000000000000.0,1160000000000000.0,1.047578434871486,104.7578434871486,3035449829976596.5,1833262261025100.8,1215190984450924.2,0.1497341514897543,0.090432056033981,0.0599435342853817,0.0954134800336378,0.0576250447005702,0.0381971724872352
683,683,2.25,0.02,1183,1000000.0,17.15,2.43,0.81,,1000000.0,100.0,1183.0,1.144834453590979,0.0466841593675441,0.0304207701386389,1.6514268228537958e-07,3.332484144727937e-06,2896454127156600.5,1750000000000000.0,1160000000000000.0,1.0472854538847325,104.72854538847324,3033414275215506.5,1832749544298281.2,1214851126506289.5,0.1498241897068457,0.090521831341541,0.06000304248925,0.0954540583086913,0.057672103443321,0.0382283657110014
684,684,2.25,0.02,1184,1000000.0,17.15,2.43,0.81,,1000000.0,100.0,1184.0,1.1079725387545445,0.04686726255463,0.0306861909256265,4.186955923052465e-06,2.1513963637157262e-06,2895321086676464.0,1750000000000000.0,1160000000000000.0,1.09435524518792,109.435524518792,3168509817707577.0,1915121679078860.0,1269452084417987.2,0.1498757022173462,0.0905883910725182,0.0600471620823549,0.0954947029133526,0.0577192391087093,0.0382596099234873
685,685,2.25,0.02,1185,1000000.0,17.15,2.43,0.81,,1000000.0,100.0,1185.0,1.1468673605910151,0.0467261494665951,0.0307170713371361,5.702401831879155e-06,-2.4180640408637337e-06,2894188046196327.0,1750000000000000.0,1160000000000000.0,1.047243231242272,104.72432312422724,3030918841321399.5,1832675654673976.5,1214802148241035.8,0.1499490801347454,0.0906682240570637,0.0601000799463966,0.0955354140103889,0.0577664518854969,0.0382909052498151
686,686,2.25,0.02,1186,1000000.0,17.15,2.43,0.81,,1000000.0,100.0,1186.0,1.1855269460611226,0.0468743776373525,0.0306549357446914,1.128395341571085e-05,-5.760947952345835e-08,2893055005716188.5,1750000000000000.0,1160000000000000.0,1.00039919748243,100.039919748243,2894209905991003.0,1750698595594252.5,1160463069079619.0,0.1500113692697977,0.0907414120033842,0.0601485930993861,0.0955761917631007,0.0578137419630638,0.0383222518155166
687,687,2.25,0.02,1187,1000000.0,17.15,2.43,0.81,,1000000.0,100.0,1187.0,1.1866053129946297,0.0464709064492013,0.0307297849548593,3.5637247702259458e-06,-1.08568012891732e-05,2891921965236052.0,1750000000000000.0,1160000000000000.0,1.000332716135965,100.03327161359648,2892884154337837.0,1750582253237938.5,1160385950717719.5,0.1500900538230394,0.0908245787222961,0.0602037207530648,0.0956170363353237,0.0578611095314108,0.0383536497465352
688,688,2.25,0.02,1188,1000000.0,17.15,2.43,0.81,,1000000.0,100.0,1188.0,1.111784696831349,0.0467048934106862,0.0305552838212916,1.6269442072084288e-05,1.7369100573378702e-06,2890788924755915.5,1750000000000000.0,1160000000000000.0,1.094304090095484,109.4304090095484,3163402143963124.5,1915032157667096.8,1269392744510761.5,0.1501631469141462,0.0909044257259095,0.0602566479097457,0.0956579478914308,0.0579085547811619,0.0383850991692272
689,689,2.25,0.02,1189,1000000.0,17.15,2.43,0.81,,1000000.0,100.0,1189.0,1.1887029224749086,0.0467728451353344,0.0306532173058546,1.6562004095784416e-05,-4.553659095667943e-06,2889655883885880.0,1750000000000000.0,1160000000000000.0,1.0002500263643157,100.02500263643158,2890378374040651.0,1750437546137552.5,1160290030582606.2,0.1502141267757384,0.0909709433996826,0.0603007396249325,0.0956989265834222,0.0579560779035662,0.0384166002103639
690,690,2.25,0.02,1190,1000000.0,17.15,2.43,0.81,,1000000.0,100.0,1190.0,1.151585417139044,0.0466582849773474,0.0305684281590163,-6.57800232389427e-06,6.042941849264926e-06,2888522842121960.5,1750000000000000.0,1160000000000000.0,1.047338133977813,104.73381339778132,3025260123420303.0,1832841734461172.8,1214912235414263.0,0.1502760071655344,0.0910441173269356,0.060349243485283,0.0957399725600158,0.0580036790905023,0.0384481529971328
691,691,2.25,0.02,1191,1000000.0,17.15,2.43,0.81,,1000000.0,100.0,1191.0,1.190783491190564,0.0464996400816585,0.0305865334911262,1.0960212270735662e-05,-5.003865769956951e-06,2887389800358040.5,1750000000000000.0,1160000000000000.0,1.000181901377753,100.01819013777532,2887915020540837.0,1750318327411068.5,1160211005598193.8,0.1503543126618451,0.0911273036725424,0.0604043841486566,0.0957789890646254,0.058050087605875,0.0384789152130371
692,692,2.25,0.02,1192,1000000.0,17.15,2.43,0.81,,1000000.0,100.0,1192.0,1.153361109546964,0.046824225121637,0.0305436783241404,-9.203274793587133e-06,1.448445757317636e-07,2886256758594121.0,1750000000000000.0,1160000000000000.0,1.0475428378017324,104.75428378017324,3023477595522116.5,1833199966153032.0,1215149691850009.8,0.1504270167707111,0.0912071590875963,0.060457316880921,0.0958180680531315,0.0580965704432534,0.0385097266938138
693,693,2.25,0.02,1193,1000000.0,17.15,2.43,0.81,,1000000.0,100.0,1193.0,1.192451482020283,0.046482579783341,0.0305963022426902,-4.149598978275436e-06,1.4234111477497774e-07,2885123716830203.0,1750000000000000.0,1160000000000000.0,1.000460166726072,100.0460166726072,2886451354765289.0,1750805291770626.5,1160533793402243.5,0.1504885974696863,0.0912803302110355,0.0605058188827435,0.095857209675754,0.058143127781318,0.0385405875579021
694,694,2.25,0.02,1194,1000000.0,17.15,2.43,0.81,,1000000.0,100.0,1194.0,1.1933914498042442,0.0467463214097498,0.0305307517593183,-1.1488400139528406e-06,-1.534491483525291e-07,2883990675066283.5,1750000000000000.0,1160000000000000.0,1.000510240483394,100.05102404833936,2885462203862431.0,1750892920845938.8,1160591878960736.5,0.150566625417142,0.0913635389871511,0.0605609744143402,0.0958964140831948,0.0581897597993218,0.0385714979241217
695,695,2.25,0.02,1195,1000000.0,17.15,2.43,0.81,,1000000.0,100.0,1195.0,1.1947958251359525,0.0465398041271282,0.0305632962472276,6.384199177855819e-06,-7.044159218029406e-06,2882857633302363.5,1750000000000000.0,1160000000000000.0,1.00017090812617,100.01709081261698,2883350337098485.0,1750299089220797.2,1160198253426357.2,0.1506224859679062,0.0914333567495282,0.0606072536168301,0.0959356814266391,0.0582364666770937,0.0386024579116735
696,696,2.25,0.02,1196,1000000.0,17.15,2.43,0.81,,1000000.0,100.0,1196.0,1.195592380938092,0.0468324173164578,0.0305778763140092,5.706927247724271e-06,9.270530995626136e-07,2881724591538444.0,1750000000000000.0,1160000000000000.0,1.0003410381867552,100.0341038186755,2882707369667870.0,1750596816826821.5,1160395604296636.2,0.1506892816009082,0.0915098700187746,0.0606579709838733,0.0959750118577582,0.0582832485950406,0.0386334676401412
697,697,2.25,0.02,1197,1000000.0,17.15,2.43,0.81,,1000000.0,100.0,1197.0,1.1966852937594012,0.0466121300190334,0.0304974829472751,6.022299660515192e-06,-1.405578438980819e-06,2880591549774524.5,1750000000000000.0,1160000000000000.0,1.0002630222845952,100.02630222845951,2881349209544932.5,1750460288998041.5,1160305105850130.5,0.1507504537335453,0.0915830271231456,0.0607064636930565,0.0960144055287115,0.0583301057341493,0.0386645272294933
698,698,2.25,0.02,1198,1000000.0,17.15,2.43,0.81,,1000000.0,100.0,1198.0,1.121002005248123,0.0465768597587325,0.0304907134177878,-1.499936555820022e-06,-7.893613827609456e-07,2879458508624136.5,1750000000000000.0,1160000000000000.0,1.094477530216615,109.4477530216615,3151502636880163.5,1915335677879076.0,1269593935051273.5,0.1508336293936584,0.0916696144946457,0.0607638587507366,0.0960538626126138,0.0583770382759892,0.0386956368000843
699,699,2.25,0.02,1199,1000000.0,17.15,2.43,0.81,,1000000.0,100.0,1199.0,1.1986918042089882,0.046650593101434,0.03041808733972,-2.26914137864721e-06,-7.737877486496146e-06,2878325468144000.5,1750000000000000.0,1160000000000000.0,1.0002571376011686,100.02571376011686,2879065593850261.0,1750449990802045.5,1160298279617355.5,0.1509001327354182,0.0917461333715198,0.060814579834836,0.0960933832645487,0.0584240464027146,0.0387267964726564
700,700,2.25,0.02,1200,1000000.0,17.15,2.43,0.81,,1000000.0,100.0,1200.0,1.199492484161442,0.0465381635636776,0.0304833613960462,1.3616222298504995e-05,-5.091531553334968e-06,2877192427663863.5,1750000000000000.0,1160000000000000.0,1.0004232186859785,100.0423218685978,2878410109262404.5,1750740632700461.5,1160490933675734.5,0.1509554735257661,0.0918159230957608,0.0608608404520471,0.09613296761581,0.0584711302970667,0.0387580063683413
701,701,2.25,0.02,1201,1000000.0,17.15,2.43,0.81,,1000000.0,100.0,1201.0,1.1620793289482618,0.0465887191112114,0.0304327977381683,2.4259566371240665e-06,-8.239158111281382e-07,2876059387183726.5,1750000000000000.0,1160000000000000.0,1.0475219267188485,104.75219267188484,3012735270620527.0,1833163371757984.5,1215125434993864.0,0.1510162396763026,0.0918890689848772,0.0609093257271187,0.0961708792559994,0.0585172334924556,0.0387885662007134
702,702,2.25,0.02,1202,1000000.0,17.15,2.43,0.81,,1000000.0,100.0,1202.0,1.1632576868511757,0.0467112515367388,0.0304106336348318,-1.7557217180131694e-06,-4.8443639930870325e-06,2874926346703588.5,1750000000000000.0,1160000000000000.0,1.047330501594939,104.73305015949389,3010998052741574.5,1832828377791142.8,1214903381850129.2,0.1510935116644475,0.091972319818197,0.0609645091366334,0.0962088507283477,0.0585634094479177,0.0388191742626197
703,703,2.25,0.02,1203,1000000.0,17.15,2.43,0.81,,1000000.0,100.0,1203.0,1.2023796683039336,0.0465369547597404,0.0304709788078984,4.556575860459207e-07,-8.18880685588412e-07,2873793306223451.5,1750000000000000.0,1160000000000000.0,1.000516153844189,100.05161538441888,2875276625685863.0,1750903269227330.5,1160598738459258.8,0.1511651552569111,0.0920522088790144,0.0610174641712324,0.0962468821746076,0.0586096583358339,0.0388498306683242
704,704,2.25,0.02,1204,1000000.0,17.15,2.43,0.81,,1000000.0,100.0,1204.0,1.1651901623768124,0.0466769971453532,0.0302975837141027,-3.1182623908069543e-06,-2.866731185279737e-07,2872660265743313.0,1750000000000000.0,1160000000000000.0,1.047317936998421,104.73179369984209,3008588623215622.0,1832806389747236.0,1214888806918167.8,0.1512256217460071,0.0921253519643173,0.0610659475877761,0.0962849737369796,0.0586559803291304,0.038880535532452
705,705,2.25,0.02,1205,1000000.0,17.15,2.43,0.81,,1000000.0,100.0,1205.0,1.1659901658144354,0.0465259530217651,0.030398020898175,-9.228638620615744e-06,6.627065498160148e-06,2871527225263176.5,1750000000000000.0,1160000000000000.0,1.0474365446339626,104.74365446339628,3007742554652013.0,1833013953109434.5,1215026391775396.5,0.151302615855263,0.092208625228146,0.0611211458655138,0.0963231255581145,0.05870237560128,0.0389112889699913
706,706,2.25,0.02,1206,1000000.0,17.15,2.43,0.81,,1000000.0,100.0,1206.0,1.1671339210391198,0.0466476828108029,0.0305121573607012,-5.295336990833822e-06,1.2858454047146434e-06,2870394184783039.5,1750000000000000.0,1160000000000000.0,1.04726394543421,104.72639454342102,3006060338907299.0,1832711904509867.5,1214826176703683.5,0.151351789247532,0.0922750027112395,0.0611651446543073,0.0963613377811145,0.0587488443263051,0.0389420910962937
707,707,2.25,0.02,1207,1000000.0,17.15,2.43,0.81,,1000000.0,100.0,1207.0,1.2065345178509232,0.0465775466502821,0.0303892661156723,-3.445081099002574e-06,1.4070795066644237e-06,2869261144302903.0,1750000000000000.0,1160000000000000.0,1.0003859236014876,100.03859236014875,2870368459897321.0,1750675366302603.2,1160447671377725.5,0.1514230437614181,0.0923549001834973,0.0612181052644896,0.0963996105495352,0.0587953866787796,0.0389729420270766
708,708,2.25,0.02,1208,1000000.0,17.15,2.43,0.81,,1000000.0,100.0,1208.0,1.169101716698166,0.0465807529362777,0.030456143575872,1.3497058530800637e-05,3.4186084305978333e-07,2868128103822764.5,1750000000000000.0,1160000000000000.0,1.0472637515469911,104.72637515469911,3003686597926787.0,1832711565207234.5,1214825951794509.5,0.1514831018697769,0.0924280292497321,0.0612665793883939,0.096437944007388,0.0588420028338308,0.0390038418784249
709,709,2.25,0.02,1209,1000000.0,17.15,2.43,0.81,,1000000.0,100.0,1209.0,1.2087118891773572,0.0466359069975232,0.0303949370072347,4.581176166777688e-07,-1.4006063080861149e-06,2866995063342628.0,1750000000000000.0,1160000000000000.0,1.000238389704588,100.0238389704588,2867678525448833.0,1750417181983029.2,1160276532057321.8,0.1515597165025226,0.0925113221402563,0.061321790675827,0.0964763382991407,0.058888692967142,0.0390347907667912
710,710,2.25,0.02,1210,1000000.0,17.15,2.43,0.81,,1000000.0,100.0,1210.0,1.170795055047895,0.0465119275671375,0.0303048031567509,4.834175812998173e-07,2.811819909110707e-06,2865862022862491.5,1750000000000000.0,1160000000000000.0,1.0474939085384372,104.74939085384372,3001973011660103.0,1833114339942264.8,1215092933904587.2,0.1516306857798513,0.0925912336315821,0.0613747605786487,0.0965147935697202,0.0589354572549547,0.0390657888089985
711,711,2.25,0.02,1211,1000000.0,17.15,2.43,0.81,,1000000.0,100.0,1211.0,1.17177832739172,0.046486783365848,0.0303139614545559,1.2758549013312476e-06,-4.267012481861055e-06,2864728982382352.5,1750000000000000.0,1160000000000000.0,1.0474822913085546,104.74822913085548,3000752878443892.0,1833094009789970.8,1215079457917923.5,0.1516793277234482,0.0926575690574719,0.0614187314895242,0.0965512923722437,0.0589810633712767,0.0390960191489605
712,712,2.25,0.02,1212,1000000.0,17.15,2.43,0.81,,1000000.0,100.0,1212.0,1.2117260500559042,0.0465522610775273,0.0303671393735142,-3.820390039984063e-07,-3.059058507519633e-06,2863595941902216.5,1750000000000000.0,1160000000000000.0,1.0002260888524328,100.02260888524329,2864243369022552.5,1750395655491757.2,1160262263068822.0,0.1517389775382056,0.0927306841046387,0.0614671963207891,0.0965878477063631,0.0590267401251636,0.039126296311537
713,713,2.25,0.02,1213,1000000.0,17.15,2.43,0.81,,1000000.0,100.0,1213.0,1.2128197435539505,0.0463459311117046,0.0303841584580559,1.1788165451331653e-05,-8.917085941451223e-07,2862462901422079.5,1750000000000000.0,1160000000000000.0,1.000148634122059,100.01486341220586,2862888361082357.0,1750260109713602.5,1160172415581588.0,0.1518152126073045,0.0928139966218579,0.0615224206179173,0.0966244597035195,0.0590724876808546,0.0391566204055949
714,714,2.25,0.02,1214,1000000.0,17.15,2.43,0.81,,1000000.0,100.0,1214.0,1.213764794777012,0.0464978467104771,0.030332286459395,4.989200591911256e-06,5.4572732267654e-06,2861329860941942.5,1750000000000000.0,1160000000000000.0,1.00019380285644,100.01938028564402,2861884394842210.0,1750339154998770.5,1160224811313470.8,0.1518857927152892,0.0928939165246245,0.0615753960963224,0.096661128495562,0.059118306203098,0.0391869915403392
715,715,2.25,0.02,1215,1000000.0,17.15,2.43,0.81,,1000000.0,100.0,1215.0,1.2146482160623235,0.0464723311686262,0.03025043576691,-1.7083733048673962e-06,3.5484188949719626e-06,2860196820461804.5,1750000000000000.0,1160000000000000.0,1.0002896860232344,100.02896860232345,2861025379504391.5,1750506950540660.5,1160336035786952.0,0.1519451429085441,0.0929670287679782,0.0616238590690598,0.0966978542147492,0.0591641958571539,0.0392174098253134
716,716,2.25,0.02,1216,1000000.0,17.15,2.43,0.81,,1000000.0,100.0,1216.0,1.2156885504780803,0.0463069082693465,0.0303589278472178,-4.437626564939005e-06,-6.26446861329977e-06,2859063778920891.5,1750000000000000.0,1160000000000000.0,1.0002562160845263,100.02562160845262,2859796317047737.0,1750448378147920.8,1160297210658050.5,0.1520210997228504,0.0930503637157055,0.0616790982344105,0.0967346369578595,0.0592101568087958,0.0392478753704018
717,717,2.25,0.02,1217,1000000.0,17.15,2.43,0.81,,1000000.0,100.0,1217.0,1.2166179693478398,0.0465178681698921,0.0303151553497516,4.3133543333404745e-06,4.776390012933304e-06,2857930737156971.5,1750000000000000.0,1160000000000000.0,1.0003141182222115,100.03141182222114,2858828465279330.5,1750549706888870.0,1160364377137765.2,0.1520746767613317,0.0931200609140981,0.0617252975202021,0.0967714768862588,0.0592561892243127,0.03927838828583
718,718,2.25,0.02,1218,1000000.0,17.15,2.43,0.81,,1000000.0,100.0,1218.0,1.2176306795905705,0.0465574021937914,0.0303354603683155,4.732902791661753e-06,-3.853962344031735e-06,2856797695393052.0,1750000000000000.0,1160000000000000.0,1.000303380995884,100.0303380995884,2857664393522919.5,1750530916742797.0,1160351921955225.5,0.1521392950602484,0.0931965769871581,0.0617760167457733,0.0968083741409826,0.0593022932705113,0.0393089486821673
719,719,2.25,0.02,1219,1000000.0,17.15,2.43,0.81,,1000000.0,100.0,1219.0,1.2181914220378758,0.0465008675916312,0.030227124342846,4.031419864918786e-07,6.445746878644313e-06,2855664653629132.5,1750000000000000.0,1160000000000000.0,1.0006643307109768,100.06643307109766,2857561759358789.0,1751162578744209.2,1160770623624733.0,0.1521982370038797,0.0932696752114438,0.0618244704258712,0.0968453288559423,0.0593484691147174,0.039339556670327
720,720,2.25,0.02,1220,1000000.0,17.15,2.43,0.81,,1000000.0,100.0,1220.0,1.1804825409696145,0.0465350006213756,0.030150385130603,3.910752093810703e-06,4.00406896893333e-06,2854531611865212.5,1750000000000000.0,1160000000000000.0,1.0474312359687568,104.74312359687568,2989925574327868.0,1833004662945324.5,1215020233723757.8,0.1522793936846272,0.0933564504384548,0.0618819900049186,0.0968823411654673,0.059394716924779,0.0393702123615678
721,721,2.25,0.02,1221,1000000.0,17.15,2.43,0.81,,1000000.0,100.0,1221.0,1.181645630323273,0.0463103911142896,0.0301355200004593,6.809322300792651e-06,5.474039557104436e-06,2853398570101294.5,1750000000000000.0,1160000000000000.0,1.0472931734236524,104.72931734236522,2988344843523895.5,1832763053491391.2,1214860081171436.5,0.1523437194543284,0.0934329721191422,0.0619327129475456,0.0969177323162171,0.0594400072007322,0.0394002333444854
722,722,2.25,0.02,1222,1000000.0,17.15,2.43,0.81,,1000000.0,100.0,1222.0,1.2217904631382908,0.0464062170200423,0.030126544252882,5.633660661311444e-06,3.901188282729618e-06,2852265528337375.0,1750000000000000.0,1160000000000000.0,1.0001715246487224,100.01715246487228,2852754762180186.5,1750300168135264.8,1160198968592518.2,0.1523967774455561,0.0935026412793984,0.0619788936480584,0.0969531774818102,0.0594853665998164,0.039430300146164
723,723,2.25,0.02,1223,1000000.0,17.15,2.43,0.81,,1000000.0,100.0,1223.0,1.2227650253311366,0.0463466679295044,0.0303405461146266,-4.880542726515732e-06,1.3372058241965945e-06,2851132486573455.5,1750000000000000.0,1160000000000000.0,1.000192187370747,100.01921873707472,2851680438229701.0,1750336327898807.0,1160222937350066.5,0.1524776604236104,0.0935894445445455,0.0620364318123844,0.0969886767859987,0.0595307952803984,0.0394604128715784
724,724,2.25,0.02,1224,1000000.0,17.15,2.43,0.81,,1000000.0,100.0,1224.0,1.1844929470064565,0.0464620553446017,0.0301573328630818,-4.747166644027227e-06,2.738236157174512e-06,2849999444817712.5,1750000000000000.0,1160000000000000.0,1.047326629206336,104.7326629206336,2984880311780865.0,1832821601111088.5,1214898889879350.0,0.1525305131932588,0.093659105293361,0.0620826069373137,0.0970242303531925,0.0595762934013297,0.0394905716260242
725,725,2.25,0.02,1225,1000000.0,17.15,2.43,0.81,,1000000.0,100.0,1225.0,1.2246496309246822,0.046356132925677,0.0300767866172611,-1.0292408153116537e-05,1.3603612397378562e-06,2848866419742735.5,1750000000000000.0,1160000000000000.0,1.000286153784162,100.02861537841622,2849681633649317.0,1750500769122283.5,1160331938389627.8,0.1526000325445439,0.0937390588418911,0.0621356047180535,0.0970598388759315,0.0596218611219471,0.0395207765151192
726,726,2.25,0.02,1226,1000000.0,17.15,2.43,0.81,,1000000.0,100.0,1226.0,1.1865594830985635,0.0463415652431179,0.0302072736793941,-1.7738973193258973e-05,-1.1952385168783768e-05,2847733394667756.5,1750000000000000.0,1160000000000000.0,1.0472228758278286,104.72228758278284,2982211555154914.0,1832640032698700.5,1214778535960281.5,0.152652676323949,0.0938087055716385,0.0621817705503433,0.0970955019116701,0.0596674986020756,0.0395510276448044
727,727,2.25,0.02,1227,1000000.0,17.15,2.43,0.81,,1000000.0,100.0,1227.0,1.2266569172257504,0.0462660614460927,0.0300184455411737,-4.4363949686930694e-07,-3.457666292446873e-06,2846600369592779.5,1750000000000000.0,1160000000000000.0,1.0002797581969227,100.02797581969226,2847396729379536.0,1750489576844614.5,1160324519508430.5,0.1527331919622503,0.0938955424825488,0.0622393310170038,0.0971312195856851,0.0597132060020302,0.0395813251213457
728,728,2.25,0.02,1228,1000000.0,17.15,2.43,0.81,,1000000.0,100.0,1228.0,1.14913717892983,0.0462861846092756,0.0301860941305731,2.855055609020865e-06,-1.3650053726599317e-06,2845467344517800.5,1750000000000000.0,1160000000000000.0,1.0944444872313976,109.44444872313976,3114206048804472.0,1915277852654946.0,1269555605188421.2,0.1527800321771591,0.0939617377177585,0.0622832090014856,0.0971669920236373,0.0597589834826168,0.0396116690513346
729,729,2.25,0.02,1229,1000000.0,17.15,2.43,0.81,,1000000.0,100.0,1229.0,1.2284779571210265,0.046213933678098,0.0301331625948649,-2.838928717105149e-06,-4.726778902661624e-07,2844334319442823.5,1750000000000000.0,1160000000000000.0,1.0004251137426197,100.04251137426196,2845543485050623.0,1750743949049584.2,1160493131941438.5,0.1528491622012009,0.0940416996777297,0.0623362123578094,0.0972028193515729,0.0598048312051357,0.0396420595416899
730,730,2.25,0.02,1230,1000000.0,17.15,2.43,0.81,,1000000.0,100.0,1230.0,1.2294998631045473,0.0461770354949555,0.0302408634310158,-8.900674465154924e-06,1.263632818968314e-06,2843201294367844.5,1750000000000000.0,1160000000000000.0,1.00040702838179,100.04070283817892,2844358557989794.5,1750712299668131.8,1160472152922876.0,0.152906991712064,0.0941147698638788,0.0623846474526281,0.0972387016959255,0.0598507493313815,0.0396724966996586
731,731,2.25,0.02,1231,1000000.0,17.15,2.43,0.81,,1000000.0,100.0,1231.0,1.230627612856506,0.0463448889383057,0.0299839279601952,-5.987593186014127e-06,-3.318549378643732e-06,2842068269292868.0,1750000000000000.0,1160000000000000.0,1.0003026497615253,100.03026497615252,2842928420576807.5,1750529637082669.2,1160351073723369.5,0.1529815335837032,0.0941981889260145,0.0624399423738153,0.0972726748827199,0.0598955285078757,0.039702178896649
732,732,2.25,0.02,1232,1000000.0,17.15,2.43,0.81,,1000000.0,100.0,1232.0,1.1526488246894673,0.0463610147245694,0.0300611060144225,-9.116374840096456e-06,3.872691614997356e-06,2840935244217889.0,1750000000000000.0,1160000000000000.0,1.0945723461730112,109.45723461730113,3109609155589172.5,1915501605802770.0,1269703921560693.2,0.1530503779651151,0.0942781649050531,0.062492955022778,0.097306698943744,0.0599403747403724,0.0397319055421898
733,733,2.25,0.02,1233,1000000.0,17.15,2.43,0.81,,1000000.0,100.0,1233.0,1.193251453449672,0.0465188833256305,0.0300543896392711,9.384036673656828e-06,-1.998267622420548e-06,2839802213540487.0,1750000000000000.0,1160000000000000.0,1.0473450409948657,104.73450409948654,2974252765757870.5,1832853821741014.8,1214920247554043.8,0.1530966876155654,0.0943443180830592,0.0625368051293421,0.0973407738013221,0.0599852881796075,0.039761676736197
734,734,2.25,0.02,1234,1000000.0,17.15,2.43,0.81,,1000000.0,100.0,1234.0,1.233399333245643,0.0464469036653104,0.0300833512740717,1.88437280791884e-06,-1.2202008550195944e-06,2838669156370953.0,1750000000000000.0,1160000000000000.0,1.0004872008493737,100.04872008493736,2840052158395029.0,1750852601486404.0,1160565152985273.5,0.1531821690007624,0.0944346737800335,0.0625966980484793,0.0973748988531457,0.0600302689767685,0.0397914925788865
735,735,2.25,0.02,1235,1000000.0,17.15,2.43,0.81,,1000000.0,100.0,1235.0,1.1949803034960207,0.0462207507273651,0.0300718603522939,-1.196524095676174e-05,-2.8067874269071976e-06,2837536099201420.5,1750000000000000.0,1160000000000000.0,1.0474948082257065,104.74948082257065,2972304332066511.0,1833115914394986.5,1215093977541819.2,0.1532282674961211,0.0945008129389713,0.0626405388624038,0.0974090751216584,0.0600753172834971,0.0398213531707751
736,736,2.25,0.02,1236,1000000.0,17.15,2.43,0.81,,1000000.0,100.0,1236.0,1.235589036988904,0.0461145000311199,0.0299912774097432,1.9092605776439e-06,-5.234408824899294e-07,2836403042031888.5,1750000000000000.0,1160000000000000.0,1.0003327835210367,100.03327835210368,2837346950223296.0,1750582371161814.2,1160386028884402.8,0.1532967207217461,0.0945807973294507,0.0626935570869502,0.0974433027222494,0.0601204332518901,0.0398512586126814
737,737,2.25,0.02,1237,1000000.0,17.15,2.43,0.81,,1000000.0,100.0,1237.0,1.2366637288822175,0.0460561107230896,0.030085344148189,1.1093039089666955e-06,5.692313659082552e-07,2835269984862356.5,1750000000000000.0,1160000000000000.0,1.0002719535611997,100.02719535611996,2836041046631702.0,1750475918732099.5,1160315466130991.5,0.1533538410404051,0.0946538506927189,0.0627419810306022,0.0974775817706553,0.060165617034502,0.039881209005727
738,738,2.25,0.02,1238,1000000.0,17.15,2.43,0.81,,1000000.0,100.0,1238.0,1.1579178973076667,0.0461481151044909,0.0301090713335553,-1.628220499523648e-05,3.601434956333688e-06,2834136927692823.5,1750000000000000.0,1160000000000000.0,1.0948568733669348,109.48568733669347,3102974295347535.0,1915999528392136.0,1270033973105644.2,0.1534277221925166,0.0947373118120582,0.0627973038297071,0.0975119123829612,0.0602108687843459,0.0399112044513378
739,739,2.25,0.02,1239,1000000.0,17.15,2.43,0.81,,1000000.0,100.0,1239.0,1.2386663772746034,0.0462374626542086,0.0299486258013461,1.176926406175406e-06,-4.615639844329833e-06,2833003870523291.5,1750000000000000.0,1160000000000000.0,1.000269359945769,100.0269359945769,2833766968292218.5,1750471379905096.0,1160312457537091.8,0.1534733944445745,0.0948034145214194,0.0628411204827693,0.0975462946756009,0.0602561886548958,0.0399412450512453
740,740,2.25,0.02,1240,1000000.0,17.15,2.43,0.81,,1000000.0,100.0,1240.0,1.239626275639307,0.0462994746818256,0.0300101246430481,2.3287312247106056e-06,8.189800659161166e-06,2831870813353759.0,1750000000000000.0,1160000000000000.0,1.0003015195247973,100.03015195247974,2832724677695689.0,1750527659168395.2,1160349762648764.8,0.1535414582117271,0.0948834073233399,0.0628941442828995,0.0975807287653599,0.0603015768000882,0.039971330907487
741,741,2.25,0.02,1241,1000000.0,17.15,2.43,0.81,,1000000.0,100.0,1241.0,1.2010749044207052,0.0460978473986559,0.0298510471815204,-8.836536634800956e-08,-5.464993397055624e-06,2830737756184225.0,1750000000000000.0,1160000000000000.0,1.047213241806929,104.7213241806929,2964386062358956.5,1832623173162126.5,1214767360496038.0,0.1535981707285134,0.0949564466675396,0.0629425589339121,0.0976134980554536,0.0603459720787808,0.0400007586350775
742,742,2.25,0.02,1242,1000000.0,17.15,2.43,0.81,,1000000.0,100.0,1242.0,1.2411341125663966,0.0462579129191854,0.0299540669635216,2.1604637554042336e-06,-1.976034081650545e-06,2829604710211840.5,1750000000000000.0,1160000000000000.0,1.0006981599546454,100.06981599546454,2831580226907987.0,1751221779920629.5,1160809865547388.5,0.1536716721529379,0.0950399274135742,0.0629978947427121,0.097646316018367,0.0603904327750956,0.0400302297252062
743,743,2.25,0.02,1243,1000000.0,17.15,2.43,0.81,,1000000.0,100.0,1243.0,1.1632583038247937,0.0462309623581461,0.0299510542290883,-5.6261370677755e-06,4.7360879802058e-07,2828471685136863.5,1750000000000000.0,1160000000000000.0,1.094238759721725,109.42387597217244,3095023348652178.0,1914917829513018.5,1269316961277200.5,0.1537394518140231,0.0951199342345625,0.0630509278354814,0.0976791830967516,0.0604349590337312,0.0400597442737876
744,744,2.25,0.02,1244,1000000.0,17.15,2.43,0.81,,1000000.0,100.0,1244.0,1.2037487788549766,0.0464450327345288,0.029818539977341,-3.417539103458933e-06,-2.3353478561349243e-07,2827338660061886.5,1750000000000000.0,1160000000000000.0,1.0474851422863325,104.74851422863324,2961595238626573.0,1833098999001082.0,1215082765052145.5,0.1537845961369577,0.0951859948867198,0.0630947166106257,0.097712098677118,0.0604795509998132,0.040089302377019
745,745,2.25,0.02,1245,1000000.0,17.15,2.43,0.81,,1000000.0,100.0,1245.0,1.2446773545470022,0.0462820908822316,0.0299395414375255,-7.880942649169853e-06,-6.215315247641771e-06,2826205634986908.0,1750000000000000.0,1160000000000000.0,1.000259283991238,100.0259283991238,2826938424864007.0,1750453746984666.5,1160300769429836.0,0.1538690900362241,0.0952764739514928,0.0631546913049895,0.0977450628669075,0.0605242088188959,0.0401189041313825
746,746,2.25,0.02,1246,1000000.0,17.15,2.43,0.81,,1000000.0,100.0,1246.0,1.166007090515499,0.0464665138066409,0.0299922644326112,-1.8402618928306384e-06,9.857211968358688e-07,2825072609911929.0,1750000000000000.0,1160000000000000.0,1.0943995880687565,109.43995880687564,3091758300551942.5,1915199279120323.5,1269503522159757.5,0.1539140248362666,0.0953425205845818,0.0631984707874942,0.0977780757738781,0.0605689326369636,0.0401485496336444
747,747,2.25,0.02,1247,1000000.0,17.15,2.43,0.81,,1000000.0,100.0,1247.0,1.246473523275654,0.0462002339777316,0.0299007705893435,-2.051337977773642e-06,8.588057461210857e-07,2823939584836952.0,1750000000000000.0,1160000000000000.0,1.000422427136425,100.04224271364252,2825132493549212.0,1750739247488744.0,1160490015478253.2,0.1539814149595308,0.0954225358170108,0.0632515094558472,0.0978111375061072,0.0606137226004326,0.0401782389808581
748,748,2.25,0.02,1248,1000000.0,17.15,2.43,0.81,,1000000.0,100.0,1248.0,1.2476030667701934,0.0461951265824892,0.0300456897629557,-3.504675746130788e-06,-2.0664136184328045e-06,2822806559761974.5,1750000000000000.0,1160000000000000.0,1.000318210651567,100.03182106515666,2823704806876602.0,1750556868640241.5,1160369124355817.2,0.1540374220031815,0.0954955583383292,0.0632999129556925,0.0978442481719921,0.0606585788561524,0.0402079722703638
749,749,2.25,0.02,1249,1000000.0,17.15,2.43,0.81,,1000000.0,100.0,1249.0,1.2486064804204489,0.0462103535053432,0.0299877382804774,1.377790270938115e-06,-1.1898231225086863e-06,2821673534686996.0,1750000000000000.0,1160000000000000.0,1.0003152265594395,100.031522655944,2822563001127198.0,1750551646479020.0,1160365662808950.5,0.1541102649867787,0.0955790811415676,0.0633552766424106,0.0978774078802509,0.060703501551408,0.0402377495997904
750,750,2.25,0.02,1250,1000000.0,17.15,2.43,0.81,,1000000.0,100.0,1250.0,1.2097286518069066,0.046240445722619,0.0298416732491163,-8.795519999404718e-06,1.6723415983488386e-06,2820540509612017.0,1750000000000000.0,1160000000000000.0,1.0472587861627285,104.72587861627284,2953835830419085.0,1832702875784774.8,1214820191948764.8,0.1541773691297645,0.0956591103930649,0.063408324603403,0.0979106167399242,0.0607484908339205,0.0402675710670559
751,751,2.25,0.02,1251,1000000.0,17.15,2.43,0.81,,1000000.0,100.0,1251.0,1.2505082949183817,0.046253300740943,0.0297284776655348,7.86992749390018e-06,5.422713118092342e-06,2819407476480912.0,1750000000000000.0,1160000000000000.0,1.0003932997628031,100.03932997628036,2820516348772657.0,1750688274584905.8,1160456227724852.0,0.1542217741888296,0.0957251149689497,0.0634520762079895,0.0979419692238103,0.0607923642011482,0.0402966528419039
752,752,2.25,0.02,1252,1000000.0,17.15,2.43,0.81,,1000000.0,100.0,1252.0,1.2116678236121827,0.0464186078007993,0.0298912287904371,1.5841358410293783e-05,-6.275042325602836e-06,2818274436000775.5,1750000000000000.0,1160000000000000.0,1.0472914470562735,104.72914470562742,2951554712280956.0,1832760032348479.5,1214858078585277.5,0.1542773727975594,0.0957981234712001,0.0635004704151953,0.0979733667713087,0.0608363009860346,0.0403257766536001
753,753,2.25,0.02,1253,1000000.0,17.15,2.43,0.81,,1000000.0,100.0,1253.0,1.2526680640805352,0.0462162733644935,0.0298093639745121,1.2394641953861504e-05,1.7983313529125696e-06,2817141395520636.5,1750000000000000.0,1160000000000000.0,1.0002650213671336,100.02650213671336,2817887998184687.0,1750463787392483.5,1160307424785874.8,0.1543498343323226,0.0958816659011342,0.0635558471116089,0.0980048097358608,0.0608803013261815,0.0403549425933547
754,754,2.25,0.02,1254,1000000.0,17.15,2.43,0.81,,1000000.0,100.0,1254.0,1.2537794564964089,0.0461949462283744,0.0298016376535524,1.5445103949355693e-06,2.9501911026605454e-06,2816008355040500.5,1750000000000000.0,1160000000000000.0,1.0001759172684432,100.01759172684432,2816503739538232.0,1750307855219775.8,1160204064031394.2,0.1544165480001978,0.0959617035640718,0.0636089006481848,0.0980362982160823,0.0609243653595894,0.0403841507526421
755,755,2.25,0.02,1255,1000000.0,17.15,2.43,0.81,,1000000.0,100.0,1255.0,1.2146674467434664,0.046205465293404,0.0297984665601277,6.349409844388812e-07,-4.165979910695421e-06,2814875314560363.5,1750000000000000.0,1160000000000000.0,1.047154926860402,104.7154926860402,2947610554139608.0,1832521122005703.2,1214699715158066.2,0.1544605271748334,0.0960276716903801,0.0636526280919092,0.0980678323108753,0.0609684932246584,0.040413401223202
756,756,2.25,0.02,1256,1000000.0,17.15,2.43,0.81,,1000000.0,100.0,1256.0,1.215552865924071,0.0464373781367196,0.0297571236219761,2.6573085022954507e-06,-5.958595185608861e-07,2813742274080225.0,1750000000000000.0,1160000000000000.0,1.0472262593084871,104.72262593084876,2946624796343191.0,1832645953789852.8,1214782460797845.5,0.1545440292636457,0.0961182741229513,0.0637126845614992,0.098099412119428,0.0610126850601897,0.0404426940970401
757,757,2.25,0.02,1257,1000000.0,17.15,2.43,0.81,,1000000.0,100.0,1257.0,1.2566029586033665,0.0462884844524794,0.0297370253946766,-6.39337696025134e-06,3.961995752179658e-06,2812609233600088.5,1750000000000000.0,1160000000000000.0,1.0003160493083365,100.03160493083364,2813498156802989.0,1750553086289588.8,1160366617197670.5,0.1545877991125348,0.0961842282301918,0.0637564027125843,0.0981310377412172,0.061056941005388,0.0404720294664285
758,758,2.25,0.02,1258,1000000.0,17.15,2.43,0.81,,1000000.0,100.0,1258.0,1.2574691222148886,0.0460498750773641,0.0297460673025053,8.168512651861856e-07,-8.955875231712932e-06,2811476193119951.5,1750000000000000.0,1160000000000000.0,1.00042232553249,100.042232553249,2812663551300294.0,1750739069681857.5,1160489897617688.5,0.1546541231172962,0.0962642743045704,0.0638094618247438,0.0981627092760076,0.0611012611998611,0.0405014074239079
759,759,2.25,0.02,1259,1000000.0,17.15,2.43,0.81,,1000000.0,100.0,1259.0,1.21817834118324,0.0460560639201913,0.0297901763077082,9.767424900432067e-06,-2.988593353265276e-06,2810343152639815.0,1750000000000000.0,1160000000000000.0,1.0475222775156043,104.75222775156044,2943897059853642.0,1833163985652308.0,1215125841918101.2,0.1547090147440022,0.0963372659839392,0.0638578448807825,0.0981944268238545,0.0611456457836232,0.0405308280622874
760,760,2.25,0.02,1260,1000000.0,17.15,2.43,0.81,,1000000.0,100.0,1260.0,1.2193095437982489,0.0462254278596796,0.0298204522639754,1.979196169766489e-07,-3.819262544920173e-07,2810000000000000.0,1750000000000000.0,1160000000000000.0,1.0473487078051762,104.73487078051762,2943049868932545.0,1832860238659058.5,1214924501054004.5,0.1548243370421294,0.0964208504710769,0.0639132494551139,0.0982538095204793,0.0611900948970956,0.0405602914746463
761,761,2.25,0.02,1261,1000000.0,17.15,2.43,0.81,,1000000.0,100.0,1261.0,1.2605057559270108,0.046230383399508,0.029652434563511,-2.52225826806476e-07,-4.21554594268802e-06,2810000000000000.0,1750000000000000.0,1160000000000000.0,1.0003922668689065,100.03922668689066,2811102269901627.0,1750686467020586.2,1160455029567931.5,0.1549528906778923,0.0965009105645237,0.0639663178599128,0.0983236345174041,0.0612335802154652,0.0405891160285368
762,762,2.25,0.02,1262,1000000.0,17.15,2.43,0.81,,1000000.0,100.0,1262.0,1.261611687957907,0.0460662054875724,0.0295836151679337,7.089765710050481e-06,2.000544398339817e-06,2810000000000000.0,1750000000000000.0,1160000000000000.0,1.0003078179056466,100.03078179056465,2810864968314866.0,1750538681334881.0,1160357068770549.8,0.1550587265982368,0.0965668226145601,0.0640100081330799,0.0983935588284933,0.061277127384293,0.0406179815804456
763,763,2.25,0.02,1263,1000000.0,17.15,2.43,0.81,,1000000.0,100.0,1263.0,1.2223003466035227,0.04604977539954,0.0296674648018785,-4.059971065295118e-06,7.719002616050673e-06,2810000000000000.0,1750000000000000.0,1160000000000000.0,1.0472633096742625,104.72633096742626,2942809900184677.0,1832710791929959.5,1214825439222144.5,0.1551759078699195,0.0966398002748608,0.0640583818964791,0.0984635826657841,0.0613207365356306,0.0406468882179036
764,764,2.25,0.02,1264,1000000.0,17.15,2.43,0.81,,1000000.0,100.0,1264.0,1.2637055688825511,0.0463263199082212,0.0297920768760072,7.644753737558823e-06,-5.304584014841359e-07,2810000000000000.0,1750000000000000.0,1160000000000000.0,1.0002330162258557,100.0233016225856,2810654775594655.0,1750407778395247.8,1160270298821992.8,0.1553101521898456,0.0967234043886938,0.0641137994805056,0.0985337062419173,0.0613644078019057,0.0406758360286918
765,765,2.25,0.02,1265,1000000.0,17.15,2.43,0.81,,1000000.0,100.0,1265.0,1.2647137941842856,0.0462610475741435,0.0296638342711648,-1.551039323938729e-05,3.944511411330626e-06,2810000000000000.0,1750000000000000.0,1160000000000000.0,1.0002263229102688,100.0226322910269,2810635967377855.0,1750396065092970.5,1160262534575912.0,0.1554387193319794,0.0968034728935813,0.0641668734608883,0.0986039297701405,0.0614081413159238,0.0407048251008409
766,766,2.25,0.02,1266,1000000.0,17.15,2.43,0.81,,1000000.0,100.0,1266.0,1.1843357134807797,0.0461941965412503,0.0296891186762144,-2.756860836988479e-06,-4.236137211798552e-06,2810000000000000.0,1750000000000000.0,1160000000000000.0,1.09472446390281,109.472446390281,3076175743566895.5,1915767811829916.8,1269880378127259.2,0.1555444967247177,0.0968693484940412,0.0642105395731931,0.098674253464309,0.0614519372108686,0.0407338555226329
767,767,2.25,0.02,1267,1000000.0,17.15,2.43,0.81,,1000000.0,100.0,1267.0,1.2262597149775152,0.0460176275060994,0.0297507186186771,-1.6005010466131678e-05,9.861790404352449e-07,2810000000000000.0,1750000000000000.0,1160000000000000.0,1.04718994447258,104.71899444725798,2942603743967949.0,1832582402827014.8,1214740335588192.5,0.1556901764384531,0.0969600742944103,0.0642706778180091,0.098744677538889,0.0614957956203045,0.0407629273826017
768,768,2.25,0.02,1268,1000000.0,17.15,2.43,0.81,,1000000.0,100.0,1268.0,1.1863928882365151,0.0461750435105852,0.0296367952224625,-2.055533644707789e-06,-3.658211449203248e-06,2810000000000000.0,1750000000000000.0,1160000000000000.0,1.0946027507431355,109.46027507431354,3075833729588211.0,1915554813800487.2,1269739190862037.2,0.1557959313205736,0.097025935875802,0.0643143346376744,0.0988152022089593,0.0615397166781774,0.0407920407695348
769,769,2.25,0.02,1269,1000000.0,17.15,2.43,0.81,,1000000.0,100.0,1269.0,1.268685311224931,0.0461052516077105,0.0297475280654976,9.986756908822558e-06,-9.32737860352263e-06,2809012749931168.5,1750000000000000.0,1160000000000000.0,1.0002480765645665,100.02480765645664,2809709600163995.0,1750434133987991.0,1160287768814897.0,0.155869730301756,0.0971060127921301,0.0643674141936405,0.0988510856830271,0.0615837005188162,0.0408211957724725
770,770,2.25,0.02,1270,1000000.0,17.15,2.43,0.81,,1000000.0,100.0,1270.0,1.1883916497287776,0.0459616421229651,0.0296329248342378,-5.117374210927945e-06,-4.462802020629587e-06,2807879724856191.5,1750000000000000.0,1160000000000000.0,1.0944409567694526,109.44409567694524,3073058572565157.0,1915271674346541.2,1269551509852565.0,0.1559239255638553,0.0971789736295496,0.0644157768058728,0.0988818868956937,0.0616277472769338,0.0408503924807104
771,771,2.25,0.02,1271,1000000.0,17.15,2.43,0.81,,1000000.0,100.0,1271.0,1.2705188384915345,0.046289604081046,0.0295757294059437,6.056495932436801e-06,1.362627315500793e-06,2806746699781212.5,1750000000000000.0,1160000000000000.0,1.0003788754324794,100.03788754324792,2807810107150952.5,1750663032006838.8,1160439495501676.0,0.1559951640784982,0.0972626198005868,0.0644712222678175,0.0989110939060479,0.0616708356151542,0.0408789538934736
772,772,2.25,0.02,1272,1000000.0,17.15,2.43,0.81,,1000000.0,100.0,1272.0,1.230714938538899,0.0460523398235284,0.02955700953601,-1.152715778437089e-05,6.970401095074996e-07,2805613674706235.5,1750000000000000.0,1160000000000000.0,1.047488766152146,104.7488766152146,2938848806417623.0,1833105340766255.2,1215086968736489.5,0.1560548767373966,0.0973391442850872,0.064521947068972,0.0989403417863705,0.0617139842477699,0.0409075552728074
773,773,2.25,0.02,1273,1000000.0,17.15,2.43,0.81,,1000000.0,100.0,1273.0,1.231909679691845,0.0457967585162101,0.0296390877903472,1.4373969106507962e-06,-2.4604996479138864e-06,2804480649631256.5,1750000000000000.0,1160000000000000.0,1.0472939880459409,104.7293988045941,2937115723949991.0,1832764479080396.8,1214861026133291.5,0.156103050413525,0.0974085302601705,0.0645679400581702,0.0989696306225074,0.0617571933014266,0.0409361967026599
774,774,2.25,0.02,1274,1000000.0,17.15,2.43,0.81,,1000000.0,100.0,1274.0,1.2736024857549637,0.0459952891829043,0.0296127739193726,-6.602530981909225e-06,3.864875338814625e-06,2803347624556279.5,1750000000000000.0,1160000000000000.0,1.000312255085784,100.03122550857844,2804222984109268.0,1750546446400122.5,1160362215899509.5,0.1561568384036062,0.0974814770785215,0.0646162933777627,0.0989989605005441,0.0618004629031243,0.0409648782672139
775,775,2.25,0.02,1275,1000000.0,17.15,2.43,0.81,,1000000.0,100.0,1275.0,1.274756819842787,0.0460468274374457,0.0296144840260506,1.2515450564903134e-05,-3.0810387343401146e-06,2802214599481300.5,1750000000000000.0,1160000000000000.0,1.0001907728743271,100.01907728743274,2802749186014926.5,1750333852530073.0,1160221296534219.8,0.1562276958676101,0.0975651428762538,0.0646717518494026,0.0990283315068081,0.0618437931802198,0.0409936000508886
776,776,2.25,0.02,1276,1000000.0,17.15,2.43,0.81,,1000000.0,100.0,1276.0,1.234878560006996,0.0460698238381618,0.0295749887419335,-7.851580744985074e-06,6.630670603166756e-06,2801081574406323.5,1750000000000000.0,1160000000000000.0,1.0473048430293452,104.73048430293454,2933586298596006.0,1832783475301354.5,1214873617914040.5,0.1562870099913209,0.0976416645569414,0.0647224747920296,0.099057743727869,0.0618871842604269,0.0410223621383401
777,777,2.25,0.02,1277,1000000.0,17.15,2.43,0.81,,1000000.0,100.0,1277.0,1.2358264279004858,0.0458443857022091,0.0295259437642764,-3.458055756752397e-06,2.9277189110361065e-06,2799948547873931.5,1750000000000000.0,1160000000000000.0,1.0473401548718515,104.73401548718516,2932498545763499.5,1832845271025740.5,1214914579651348.2,0.156340496300142,0.0977146057676654,0.0647708243945667,0.0990871971989633,0.061930636271818,0.0410511646144622
778,778,2.25,0.02,1278,1000000.0,17.15,2.43,0.81,,1000000.0,100.0,1278.0,1.2356819459668884,0.0458242943986958,0.0295370452950328,-9.811297431876855e-06,7.472202415220834e-06,2798815490704399.5,1750000000000000.0,1160000000000000.0,1.0482150712281877,104.82150712281876,2933760578943266.5,1834376374649328.5,1215929482624697.5,0.1564110699159136,0.0977982911920928,0.0648262958759015,0.099116690973674,0.061974149342826,0.0410800075643875
779,779,2.25,0.02,1279,1000000.0,17.15,2.43,0.81,,1000000.0,100.0,1279.0,1.2786788486442902,0.0460619165340519,0.0296642959765322,-1.929581853095316e-06,-7.03318208807619e-07,2797682433534867.0,1750000000000000.0,1160000000000000.0,1.0002511870057185,100.02511870057182,2798385175008297.0,1750439577260007.0,1160291376926633.2,0.1564586211950334,0.0978676435214126,0.0648722665627649,0.0991462262227543,0.0620177236022445,0.0411088910734878
780,780,2.25,0.02,1280,1000000.0,17.15,2.43,0.81,,1000000.0,100.0,1280.0,1.2386383981234297,0.0459265702895142,0.0294544349242928,-4.074208242254815e-06,-5.893757569878544e-06,2796549376365334.5,1750000000000000.0,1160000000000000.0,1.0474292608815907,104.74292608815908,2929187646305215.0,1833001206542783.5,1215017942622645.5,0.1565175350134586,0.0979441623982863,0.064922987646864,0.0991758030337484,0.0620613591792296,0.041137815227375
781,781,2.25,0.02,1281,1000000.0,17.15,2.43,0.81,,1000000.0,100.0,1281.0,1.2805831774483067,0.0458829828285792,0.0294076140574138,4.130667123158903e-06,-1.916558916049376e-06,2795416319195800.5,1750000000000000.0,1160000000000000.0,1.00032555867392,100.03255586739203,2796326391225734.5,1750569727679360.8,1160377648061747.5,0.1565706124570291,0.098017089589942,0.0649713279567616,0.0992035907840565,0.0621039101331577,0.0411660204311217
782,782,2.25,0.02,1282,1000000.0,17.15,2.43,0.81,,1000000.0,100.0,1282.0,1.240742627263857,0.0460351681305243,0.0294324642286393,-2.0583822706654807e-06,1.5166897364888412e-06,2794283262026268.5,1750000000000000.0,1160000000000000.0,1.0472790348050522,104.72790348050526,2926394277626784.5,1832738310908841.2,1214843680373860.8,0.1566408048325731,0.0981007946410646,0.0650268124477914,0.099231416664581,0.0621465194752987,0.0411942643379121
783,783,2.25,0.02,1283,1000000.0,17.15,2.43,0.81,,1000000.0,100.0,1283.0,1.2823160383428784,0.0457309736792641,0.0294742136248894,5.291411968704529e-06,5.709668585225909e-06,2793150204856736.0,1750000000000000.0,1160000000000000.0,1.0005335007228144,100.05335007228145,2794640352509956.0,1750933626264925.0,1160618860838464.5,0.1567051651289331,0.0981809136145969,0.0650799198816756,0.0992592807538585,0.0621891873259145,0.0412225470274634
784,784,2.25,0.02,1284,1000000.0,17.15,2.43,0.81,,1000000.0,100.0,1284.0,1.2426986452522233,0.0459740872944757,0.029500570705339,6.270208599001951e-06,2.667227447891663e-06,2792017147687203.5,1750000000000000.0,1160000000000000.0,1.0472222394764965,104.72222394764964,2923862450057773.0,1832638919083868.8,1214777797792735.5,0.156746455694676,0.0982466378091222,0.0651234856334752,0.0992871831306423,0.0622319138055987,0.0412508685797112
785,785,2.25,0.02,1285,1000000.0,17.15,2.43,0.81,,1000000.0,100.0,1285.0,1.2024101483600935,0.0458831760779963,0.0295366085122597,-3.01306883275931e-06,6.363971386572841e-06,2790884090517671.5,1750000000000000.0,1160000000000000.0,1.0944342065944197,109.44342065944195,3054439015302695.5,1915259861540234.5,1269543679649527.0,0.1567991260695412,0.0983195509817106,0.0651718166507338,0.0993151238739016,0.0622746990352759,0.0412792290748114
786,786,2.25,0.02,1286,1000000.0,17.15,2.43,0.81,,1000000.0,100.0,1286.0,1.2857052801096187,0.0458498024198442,0.0294639897473674,4.3328433829339735e-06,6.991961352683659e-06,2789751040400275.5,1750000000000000.0,1160000000000000.0,1.0002292548380252,100.02292548380252,2790390604323172.5,1750401195966543.8,1160265935612109.2,0.1568689375142653,0.0984032756595283,0.0652273141514587,0.0993431033139499,0.0623175431362033,0.0413076285931405
787,787,2.25,0.02,1287,1000000.0,17.15,2.43,0.81,,1000000.0,100.0,1287.0,1.2867008996380491,0.0460011426448267,0.0295157365930483,-2.3365831039068843e-06,7.309839703131954e-06,2788618015325296.5,1750000000000000.0,1160000000000000.0,1.0002325132201144,100.02325132201142,2789266405879709.0,1750406898135199.5,1160269715335332.5,0.1569329096802501,0.098483403044501,0.0652804271609264,0.0993711221717861,0.0623604462299724,0.0413360672152959
788,788,2.25,0.02,1288,1000000.0,17.15,2.43,0.81,,1000000.0,100.0,1288.0,1.2052973922781236,0.0457723319118591,0.0294825895593077,1.1750243969026972e-05,9.754341802049195e-06,2787484990250319.5,1750000000000000.0,1160000000000000.0,1.0943823810484274,109.43823810484275,3050574460766897.0,1915169166834748.0,1269483562016176.0,0.156985282476521,0.0985563134132755,0.0653287563196569,0.0993991796358891,0.0624034084385097,0.0413645450220979
789,789,2.25,0.02,1289,1000000.0,17.15,2.43,0.81,,1000000.0,100.0,1289.0,1.2469999816772923,0.0457889746485503,0.0294792815215653,1.0265057179577704e-06,1.3568795452760393e-06,2786351965175340.5,1750000000000000.0,1160000000000000.0,1.0476247400489127,104.76247400489126,2919051253201594.0,1833343295085596.8,1215244698456738.5,0.1570548151310746,0.0986400605216021,0.0653842686886048,0.0994272757861056,0.062446429884078,0.0413930620945888
790,790,2.25,0.02,1290,1000000.0,17.15,2.43,0.81,,1000000.0,100.0,1290.0,1.248233126768874,0.0459559386157826,0.0293848981480797,-5.663717823518373e-06,4.452766562949262e-06,2785218940100363.5,1750000000000000.0,1160000000000000.0,1.0475329487771274,104.75329487771272,2917608609313239.0,1833182660359972.8,1215138220581468.0,0.1570954745843442,0.0987057342474828,0.0654278009869029,0.0994554107025022,0.062489510689277,0.041421618514035
791,791,2.25,0.02,1291,1000000.0,17.15,2.43,0.81,,1000000.0,100.0,1291.0,1.2489619240651888,0.0457049468991838,0.0293823065157311,7.5645893878257505e-06,1.3050588425294418e-06,2784085915025384.5,1750000000000000.0,1160000000000000.0,1.047663160501719,104.7663160501719,2916784248843816.0,1833410530878008.5,1215289266181994.2,0.1571590567958521,0.0987858700438967,0.0654809195719543,0.0994820203597888,0.0625316678232047,0.0414495626713814
792,792,2.25,0.02,1292,1000000.0,17.15,2.43,0.81,,1000000.0,100.0,1292.0,1.2918394906115735,0.0459697370776462,0.0293816735517243,-5.192131731939445e-06,1.8690274486374918e-07,2782952889950407.5,1750000000000000.0,1160000000000000.0,1.0001242528243908,100.01242528243908,2783298679707130.0,1750217442442683.5,1160144133276293.0,0.1572110226468624,0.0988587663936028,0.0655292394380453,0.099508665944519,0.0625738818762438,0.0414775445579673
793,793,2.25,0.02,1293,1000000.0,17.15,2.43,0.81,,1000000.0,100.0,1293.0,1.2510224306010584,0.045874450619568,0.0293913093577703,2.4407763928406822e-06,-4.606448316178053e-06,2781819864875428.5,1750000000000000.0,1160000000000000.0,1.047553853818609,104.75538538186092,2914106120079419.0,1833219244182566.0,1215162470429586.8,0.1572801737933158,0.0989425331286244,0.0655847648166881,0.0995353475295039,0.0626161529637476,0.0415055642502555
794,794,2.25,0.02,1294,1000000.0,17.15,2.43,0.81,,1000000.0,100.0,1294.0,1.2522395794769206,0.0458771862427388,0.0293973489480726,-5.892385313561388e-06,8.71109970782493e-07,2780686839800451.5,1750000000000000.0,1160000000000000.0,1.0473774316302529,104.73774316302524,2912428640438240.5,1832910505352942.0,1214957820691093.0,0.1573377043415622,0.099019054809312,0.0656354877593154,0.0995620651877517,0.0626584812013815,0.0415336218249157
795,795,2.25,0.02,1295,1000000.0,17.15,2.43,0.81,,1000000.0,100.0,1295.0,1.294773731614646,0.0456368215374925,0.0292772861860053,1.0854854668075994e-05,8.672560663862641e-06,2779553802086638.5,1750000000000000.0,1160000000000000.0,1.0001747792673172,100.01747792673171,2780039610463636.0,1750305863717804.8,1160202743950087.8,0.1573836009281821,0.0990883146127832,0.0656813971147591,0.0995888185396299,0.0627008667051231,0.0415617173588245
796,796,2.25,0.02,1296,1000000.0,17.15,2.43,0.81,,1000000.0,100.0,1296.0,1.2957514023272096,0.0459554256537271,0.0293715146574218,2.7462808309797143e-06,2.848073938908104e-06,2778420744917104.5,1750000000000000.0,1160000000000000.0,1.0001918898718425,100.01918898718428,2778953895717773.0,1750335807275724.8,1160222592251337.5,0.1574351581019502,0.0991611969434215,0.0657297076882108,0.0996156074132154,0.0627433095912648,0.0415898509290669
797,797,2.25,0.02,1297,1000000.0,17.15,2.43,0.81,,1000000.0,100.0,1297.0,1.255192293377823,0.04608175495839,0.029375875359654,-5.1262100649147365e-06,-4.027697116329323e-06,2777287687747572.5,1750000000000000.0,1160000000000000.0,1.0472866063562598,104.72866063562596,2908616197376179.0,1832751561123454.5,1214852463373261.0,0.1575039258308998,0.0992449833051385,0.0657852460765489,0.0996424325787162,0.062785809976414,0.0416180226129372
798,798,2.25,0.02,1298,1000000.0,17.15,2.43,0.81,,1000000.0,100.0,1298.0,1.2974863002613577,0.0459834569118635,0.0292759069048673,-7.261987964520556e-06,3.97606505638582e-08,2776154630578040.5,1750000000000000.0,1160000000000000.0,1.0003961175890017,100.03961175890016,2777254314257001.0,1750693205780753.0,1160459496403242.0,0.1575610561134628,0.099321502182012,0.065835967160648,0.0996692941099317,0.0628283679774938,0.0416462324879387
799,799,2.25,0.02,1299,1000000.0,17.15,2.43,0.81,,1000000.0,100.0,1299.0,1.2571401806928164,0.0459793818832613,0.0292046657518805,-5.5825087004447e-06,5.543507079022354e-07,2775021573408508.0,1750000000000000.0,1160000000000000.0,1.0473671229712045,104.73671229712042,2906466361523893.0,1832892465199607.5,1214945862646597.0,0.1576123118497021,0.0993943789050232,0.0658842740170439,0.0996961920808609,0.0628709837117448,0.041674480631785
800,800,2.25,0.02,1300,1000000.0,17.15,2.43,0.81,,1000000.0,100.0,1300.0,1.2578866177748895,0.0458170341805682,0.0292769999340786,3.6793905052956345e-06,4.377626697078349e-07,2773888516238975.5,1750000000000000.0,1160000000000000.0,1.0474470098656543,104.74470098656548,2905501232035192.5,1833032267264896.0,1215038531444159.5,0.1576807969669702,0.0994781848934354,0.0659398254150771,0.0997231265657042,0.0629136572967259,0.0417027671224011
801,801,2.25,0.02,1301,1000000.0,17.15,2.43,0.81,,1000000.0,100.0,1301.0,1.2590734113422015,0.0458005854035652,0.0292742215076391,-1.1902020136998669e-05,-7.333779446845384e-06,2772755459069443.5,1750000000000000.0,1160000000000000.0,1.0472147217424816,104.72147217424816,2903670336529353.0,1832625763049342.8,1214769077221278.5,0.157726072816164,0.0995474110511431,0.0659857124681863,0.0998768614312157,0.0630363946928398,0.0417841244821108
802,802,2.25,0.02,1302,1000000.0,17.15,2.43,0.81,,1000000.0,100.0,1302.0,1.3017588315313788,0.0458786518169046,0.0292600761701327,-5.689476840269801e-06,3.6976234550224286e-06,2771622401899911.0,1750000000000000.0,1160000000000000.0,1.0001852863903666,100.01852863903665,2772135945810217.0,1750324251183141.5,1160214932212825.0,0.1577828046758209,0.0996239271242034,0.0660364316937577,0.1000311973077371,0.0631596119184714,0.0418657999002439
803,803,2.25,0.02,1303,1000000.0,17.15,2.43,0.81,,1000000.0,100.0,1303.0,1.2191592409681171,0.0456525733350125,0.0292754389345585,-6.021772885225882e-06,4.025285963570193e-06,2770489344730377.0,1750000000000000.0,1160000000000000.0,1.094500853620375,109.45008536203753,3032302952753553.0,1915376493835656.5,1269620990199635.2,0.1578336536701166,0.0996967898281464,0.0660847292575143,0.1001861377265588,0.0632833117928992,0.041947795245579
804,804,2.25,0.02,1304,1000000.0,17.15,2.43,0.81,,1000000.0,100.0,1304.0,1.303613550087357,0.0458747745436242,0.0291612816829909,4.305788286416368e-06,-2.76955225437103e-06,2769356305794403.5,1750000000000000.0,1160000000000000.0,1.0002965019747738,100.02965019747737,2770177425407923.0,1750518878455854.0,1160343942290737.2,0.1579017580421838,0.0997806154432539,0.0661402936652426,0.1003416869073447,0.0634074971575323,0.0420301124015643
805,805,2.25,0.02,1305,1000000.0,17.15,2.43,0.81,,1000000.0,100.0,1305.0,1.2629625000181768,0.0456191086824411,0.0292251972332386,-5.880713022328904e-06,-1.408842975189851e-06,2768223280719424.5,1750000000000000.0,1160000000000000.0,1.0472988602035227,104.7298860203523,2899157086686311.0,1832773005356164.8,1214866677836086.8,0.157958196554802,0.0998571343201275,0.0661910147493416,0.1004978482822507,0.0635321708761267,0.042112753266461
806,806,2.25,0.02,1306,1000000.0,17.15,2.43,0.81,,1000000.0,100.0,1306.0,1.2222232158058657,0.0457742816841214,0.0292700874850284,1.1164340694485997e-05,1.4698107459897197e-06,2767090255644448.0,1750000000000000.0,1160000000000000.0,1.094276420121152,109.4276420121152,3027961619098730.0,1914983735212016.0,1269360647340536.5,0.1580029560101576,0.0999263296358862,0.0662368813586446,0.100654624965332,0.063657335835006,0.0421957197534895
807,807,2.25,0.02,1307,1000000.0,17.15,2.43,0.81,,1000000.0,100.0,1307.0,1.3066424374609595,0.0458146987206608,0.0292775019252495,-2.8105090516283887e-06,1.526593009065871e-06,2765957230569470.5,1750000000000000.0,1160000000000000.0,1.0002737016029415,100.02737016029415,2766714277497145.0,1750478977805148.2,1160317493859412.5,0.1580765683782115,0.1000138366582461,0.066294886013466,0.1008120206004301,0.0637829949432841,0.0422790137909768
808,808,2.25,0.02,1308,1000000.0,17.15,2.43,0.81,,1000000.0,100.0,1308.0,1.2658270813875894,0.0457934403490626,0.0292809135807754,9.35180722326412e-06,-2.496164514796629e-07,2764824205494492.0,1750000000000000.0,1160000000000000.0,1.04732602887106,104.732602887106,2895672355667130.0,1832820550524354.8,1214898193490429.5,0.1581211234884872,0.100083023562564,0.0663407470471853,0.1009700388602146,0.063909151133091,0.042362637322506
809,809,2.25,0.02,1309,1000000.0,17.15,2.43,0.81,,1000000.0,100.0,1309.0,1.3084837475268842,0.0456610598845701,0.0292961000628912,-4.543959653675434e-06,-2.2169620582109e-06,2763691180419513.0,1750000000000000.0,1160000000000000.0,1.0003946145122504,100.03946145122504,2764781773066686.5,1750690575396438.5,1160457752834210.5,0.1581771636147728,0.1001595396356238,0.0663914662727564,0.1011286834464697,0.0640358073597999,0.0424465923070673
810,810,2.25,0.02,1310,1000000.0,17.15,2.43,0.81,,1000000.0,100.0,1310.0,1.309512995882892,0.0456911039036694,0.0292264097936793,-5.814609989785596e-07,-2.6977577153390493e-06,2762558155344536.0,1750000000000000.0,1160000000000000.0,1.0003719695944917,100.0371969594492,2763585742981339.0,1750650946790360.8,1160431484729610.5,0.1582273064531769,0.1002323827128721,0.066439750826818,0.1012879580903831,0.0641629666022591,0.0425308807192118
811,811,2.25,0.02,1311,1000000.0,17.15,2.43,0.81,,1000000.0,100.0,1311.0,1.310633350872422,0.0456764410303393,0.0292441917731256,-8.568987815277884e-06,2.133001561704476e-07,2761425130269558.5,1750000000000000.0,1160000000000000.0,1.0002798965647792,100.0279896564779,2762198043677415.0,1750489818988363.5,1160324680015144.0,0.1582947468831636,0.1003162475813694,0.0664953412539363,0.1013089303691633,0.0642025837320925,0.0425571412167012
812,812,2.25,0.02,1312,1000000.0,17.15,2.43,0.81,,1000000.0,100.0,1312.0,1.3113388330933275,0.0458468590145305,0.0291989683961539,-2.021028450072813e-05,-2.712336392837265e-06,2760292105194580.0,1750000000000000.0,1160000000000000.0,1.000504543336416,100.0504543336416,2761684792182817.0,1750882950838727.8,1160585270270242.5,0.1583388872190114,0.100385409251365,0.0665411855609048,0.1013299285624192,0.0642422498149822,0.0425834341630739
813,813,2.25,0.02,1313,1000000.0,17.15,2.43,0.81,,1000000.0,100.0,1313.0,1.3126864356531087,0.0454815291901235,0.0291087920451579,-8.797592819555273e-07,1.7056156956506406e-06,2759159057252180.5,1750000000000000.0,1160000000000000.0,1.000238907345702,100.02389073457022,2759818240618919.0,1750418087854979.0,1160277132521014.5,0.1583945276752638,0.1004619225206114,0.0665919029279481,0.1013509518782338,0.0642819649417182,0.0426097596185103
814,814,2.25,0.02,1314,1000000.0,17.15,2.43,0.81,,1000000.0,100.0,1314.0,1.2715296041313668,0.0455629209889365,0.0290079497764725,1.2097160039972315e-05,-2.7183697966236706e-06,2758026001366464.5,1750000000000000.0,1160000000000000.0,1.0473963667144706,104.73963667144707,2888746413135276.0,1832943641750323.5,1214979785388786.0,0.1584442622258435,0.1005347515787918,0.0666401781893706,0.1013720009117684,0.0643217292033147,0.04263611764334
815,815,2.25,0.02,1315,1000000.0,17.15,2.43,0.81,,1000000.0,100.0,1315.0,1.272146754225127,0.0456379040916938,0.0291014104751568,-7.67112790336639e-06,6.665742358160085e-06,2756892945480750.5,1750000000000000.0,1160000000000000.0,1.0476800930030077,104.76800930030076,2888341857520608.0,1833440162755263.2,1215308907883489.2,0.1585113188435783,0.1006186360739842,0.0666957816261838,0.1013930760029182,0.0643615426910112,0.0426625082980417
816,816,2.25,0.02,1316,1000000.0,17.15,2.43,0.81,,1000000.0,100.0,1316.0,1.315518318155796,0.0457342895286048,0.0292062107248592,-3.4915712491301512e-06,1.1002393388323605e-06,2755759889595035.0,1750000000000000.0,1160000000000000.0,1.0003663214844942,100.03663214844944,2756769383648701.0,1750641062597865.2,1160424932922013.5,0.1585666636362823,0.1006951521470444,0.0667465008517551,0.1014141772001004,0.0644014054962735,0.0426889316432441
817,817,2.25,0.02,1317,1000000.0,17.15,2.43,0.81,,1000000.0,100.0,1317.0,1.3164094427093231,0.0459118278327016,0.0291587463972567,-1.5849184467907794e-06,2.490867480088712e-06,2754626833709319.5,1750000000000000.0,1160000000000000.0,1.000448861989775,100.04488619897748,2755863280990985.0,1750785508482106.0,1160520679908138.8,0.1586102844358068,0.10076428297509,0.0667923247149168,0.1014353045518518,0.0644413177107938,0.0427153877397262
818,818,2.25,0.02,1318,1000000.0,17.15,2.43,0.81,,1000000.0,100.0,1318.0,1.317752450400485,0.0456311295154217,0.0291439148847513,7.376071882932669e-07,-6.111771905485879e-06,2753493777823603.5,1750000000000000.0,1160000000000000.0,1.0001878671334608,100.01878671334606,2754011068806645.0,1750328767483556.0,1160217925874814.0,0.1586828704510952,0.100851879719485,0.06685038884263,0.1014564581068297,0.0644812794264924,0.0427418766484177
819,819,2.25,0.02,1319,1000000.0,17.15,2.43,0.81,,1000000.0,100.0,1319.0,1.3182592790893295,0.0458767208711909,0.0291113004500962,-8.998291779758907e-06,8.260126342655561e-06,2752360721937888.0,1750000000000000.0,1160000000000000.0,1.0005628643837672,100.05628643837672,2753909927759546.5,1750985012671592.5,1160652922685170.0,0.1587262870274193,0.1009210021360899,0.0668962071302081,0.1014776379138122,0.0645212907355169,0.0427683984303997
820,820,2.25,0.02,1320,1000000.0,17.15,2.43,0.81,,1000000.0,100.0,1320.0,1.3176979168847764,0.0457387415168217,0.0290632244674141,4.601053085335165e-06,4.091660852340939e-06,2751227666052172.5,1750000000000000.0,1160000000000000.0,1.0017670126670917,100.17670126670912,2756089120188139.0,1753092272167410.2,1162049734693826.0,0.1587812334775389,0.1009975154053368,0.0669469244972518,0.1014988440216988,0.0645613517302442,0.0427949531469046
821,821,2.25,0.02,1321,1000000.0,17.15,2.43,0.81,,1000000.0,100.0,1321.0,1.3207324487312462,0.0457535899117769,0.0290082261393445,-1.918971305389047e-06,6.916950964248744e-06,2750094610166456.5,1750000000000000.0,1160000000000000.0,1.000202602840547,100.02026028405471,2750651787146250.5,1750354554970957.5,1160235019295034.5,0.1588302603322951,0.1010703248368216,0.0669951867489788,0.1017137101727393,0.0647246797052991,0.0429032162617982
822,822,2.25,0.02,1322,1000000.0,17.15,2.43,0.81,,1000000.0,100.0,1322.0,1.3216833806377053,0.0456704450440119,0.029095572835468,5.566989299814946e-06,1.0941175191084884e-05,2748961581342228.5,1750000000000000.0,1160000000000000.0,1.0002396083882723,100.0239608388272,2749620255596156.0,1750419314679476.5,1160277945730395.8,0.1588966532290392,0.1011542485854045,0.0670508162051824,0.1019296672256584,0.0648888361538346,0.043012028536256
823,823,2.25,0.02,1323,1000000.0,17.15,2.43,0.81,,1000000.0,100.0,1323.0,1.322572988455022,0.0457248139628697,0.0291059538783606,-9.652857843925576e-06,-4.992180003392214e-06,2747828554983503.5,1750000000000000.0,1160000000000000.0,1.0003229182180444,100.03229182180442,2748715878883969.0,1750565106881577.5,1160374585132931.0,0.1589338325779754,0.1012196363222985,0.0670941589336378,0.1021467225875625,0.0650538273954677,0.0431213941592815
824,824,2.25,0.02,1324,1000000.0,17.15,2.43,0.81,,1000000.0,100.0,1324.0,1.3234532412865292,0.0457631099364393,0.0290944234613173,7.107698641351592e-06,1.6546396219030077e-06,2746695528624777.0,1750000000000000.0,1160000000000000.0,1.0004133060616929,100.04133060616924,2747830754536383.0,1750723285607962.2,1160479435031563.5,0.1589942069519115,0.1012998562331206,0.0671473332745256,0.1023648845658523,0.0652196598142543,0.0432313173625914
825,825,2.25,0.02,1325,1000000.0,17.15,2.43,0.81,,1000000.0,100.0,1325.0,1.2823628168540575,0.0455171269091605,0.0289827375262354,2.852737181642788e-06,-8.026774848528526e-06,2745562502266052.5,1750000000000000.0,1160000000000000.0,1.0472330070962532,104.72330070962532,2875243675418792.0,1832657762418443.5,1214790288231654.0,0.1590428292075803,0.101372651645537,0.0671955862336131,0.1025841616449727,0.0653863398595127,0.0433418024211627
826,826,2.25,0.02,1326,1000000.0,17.15,2.43,0.81,,1000000.0,100.0,1326.0,1.3253027986256256,0.0457483953758907,0.0290144923015824,4.219234079476888e-06,-7.384994681436979e-06,2744429475907327.5,1750000000000000.0,1160000000000000.0,1.0005262852219454,100.05262852219457,2745873828583169.0,1750920999138404.8,1160610490857456.8,0.1591088399430391,0.1014565950208154,0.0672512286995119,0.1028045623963247,0.0655538740466592,0.0434528536537856
827,827,2.25,0.02,1327,1000000.0,17.15,2.43,0.81,,1000000.0,100.0,1327.0,1.2840985616274896,0.0455998342494474,0.0290722507430582,1.2483540428372237e-05,-1.828321322055692e-06,2743296449548601.0,1750000000000000.0,1160000000000000.0,1.0474133062483504,104.74133062483504,2873365204241061.0,1832973285934612.8,1214999435248086.2,0.1591630945621489,0.1015331082900619,0.0673019460665553,0.1030260954793819,0.0657222689580579,0.0435644754236269
828,828,2.25,0.02,1328,1000000.0,17.15,2.43,0.81,,1000000.0,100.0,1328.0,1.327654757914411,0.0456499489505903,0.0290451418009328,-1.4345155524685116e-06,-4.884704994812182e-06,2742163423189876.5,1750000000000000.0,1160000000000000.0,1.0002601220070026,100.02601220070024,2742876720243045.0,1750455213512254.2,1160301741528122.5,0.159199746651417,0.1015984511659386,0.067345259058565,0.1032487696428256,0.0658915312438814,0.0436766721388013
829,829,2.25,0.02,1329,1000000.0,17.15,2.43,0.81,,1000000.0,100.0,1329.0,1.2862748489856628,0.0456100983283921,0.0290873496174736,6.554403386430411e-06,4.144937882395383e-07,2741030396831152.0,1750000000000000.0,1160000000000000.0,1.047221756112693,104.7221756112693,2870466665727790.5,1832638073197212.8,1214777237090723.8,0.1592771430376778,0.1016898610968255,0.0674058507841813,0.103472593725695,0.0660616676229879,0.043789448252952
830,830,2.25,0.02,1330,1000000.0,17.15,2.43,0.81,,1000000.0,100.0,1330.0,1.28712395036227,0.0455304132178094,0.0290026731864291,3.818455136267953e-06,-4.686245980081412e-06,2739897369193308.5,1750000000000000.0,1160000000000000.0,1.0472962088404587,104.72962088404586,2869484127368099.0,1832768365470802.8,1214863602254932.0,0.1593135870032718,0.1017551899536333,0.0674491544835512,0.1036975766101472,0.0662326848838088,0.0439028082658389
831,831,2.25,0.02,1331,1000000.0,17.15,2.43,0.81,,1000000.0,100.0,1331.0,1.2880237767921017,0.0457357865312777,0.0290305226397473,-9.91726628356452e-07,7.093621553830103e-06,2738764328713172.0,1750000000000000.0,1160000000000000.0,1.0473485812435954,104.73485812435952,2868440934038308.0,1832860017176291.2,1214924354242570.5,0.1593732809654555,0.1018354294911501,0.0675023418341338,0.1037303856842466,0.0662810498312295,0.0439348673167006
832,832,2.25,0.02,1332,1000000.0,17.15,2.43,0.81,,1000000.0,100.0,1332.0,1.3315418036630715,0.045749124636154,0.0289109157235089,-9.878351268632048e-06,-7.55982630711286e-06,2737631288233035.0,1750000000000000.0,1160000000000000.0,1.0003441927087766,100.03441927087763,2738573560961763.0,1750602337240359.0,1160399263542180.8,0.1594153526386346,0.1019044705971608,0.0675481062244036,0.1037632427095569,0.0663294854651249,0.0439669732225971
833,833,2.25,0.02,1333,1000000.0,17.15,2.43,0.81,,1000000.0,100.0,1333.0,1.332736187169394,0.0454432939620008,0.0290044038031426,-3.306588599927407e-06,3.486878800003839e-06,2736498247752896.5,1750000000000000.0,1160000000000000.0,1.000197966941729,100.01979669417288,2737039983942051.0,1750346442148025.5,1160229641652405.5,0.1594806947833602,0.1019884504220161,0.0676037728511649,0.1037961477912779,0.0663779919405738,0.0439991260863231
834,834,2.25,0.02,1334,1000000.0,17.15,2.43,0.81,,1000000.0,100.0,1334.0,1.290802037074668,0.0455256260504738,0.0288668944443084,-2.6281019486471244e-06,2.227193613577725e-06,2735365207272760.0,1750000000000000.0,1160000000000000.0,1.0474926598711112,104.7492659871111,2865274976685036.0,1833112154774444.5,1215091485450488.5,0.1595225604511327,0.1020574803127724,0.0676495298073234,0.1038291010349168,0.0664265694131078,0.0440313260109743
835,835,2.25,0.02,1335,1000000.0,17.15,2.43,0.81,,1000000.0,100.0,1335.0,1.2493144828119136,0.0454807927542114,0.0289514507377616,-1.0090030417344062e-05,-3.4940097319442937e-06,2734232166792623.5,1750000000000000.0,1160000000000000.0,1.094402795705686,109.44027957056858,2992351327446262.0,1915204892484950.5,1269507243018595.5,0.1595760157577803,0.1021339851705781,0.0677002415987832,0.1038621025462903,0.0664752180387151,0.0440635730999483
836,836,2.25,0.02,1336,1000000.0,17.15,2.43,0.81,,1000000.0,100.0,1336.0,1.3356814354763629,0.0454718512887942,0.0290009846368602,-5.818067754315297e-06,1.664300066609708e-06,2733099126312486.5,1750000000000000.0,1160000000000000.0,1.0002385854439604,100.02385854439606,2733751203980925.0,1750417524526931.2,1160276759114994.2,0.1596235217681654,0.1022067441334183,0.0677484703970087,0.1038951524315253,0.0665239379738405,0.0440958674569457
837,837,2.25,0.02,1337,1000000.0,17.15,2.43,0.81,,1000000.0,100.0,1337.0,1.2937215903303776,0.0454313422258455,0.0289489532963499,-5.599237236123481e-06,-4.354617188814609e-07,2731966085832348.5,1750000000000000.0,1160000000000000.0,1.0474441646914296,104.744416469143,2861581934739980.0,1833027288210002.5,1215035231042058.8,0.1596884813535466,0.1022907435849684,0.0678041500334647,0.10392825079706,0.0665727293753879,0.0441282091859713
838,838,2.25,0.02,1338,1000000.0,17.15,2.43,0.81,,1000000.0,100.0,1338.0,1.2948075568159594,0.045612661059015,0.0288948343034186,3.440380484369609e-06,-2.0517649955040225e-06,2730833045352211.5,1750000000000000.0,1160000000000000.0,1.0473673994422863,104.73673994422865,2860185505021605.0,1832892949024000.8,1214946183353052.5,0.1597416414091735,0.1023672512465874,0.0678548636834523,0.1039613977496447,0.0666215924007224,0.0441605983913359
839,839,2.25,0.02,1339,1000000.0,17.15,2.43,0.81,,1000000.0,100.0,1339.0,1.2958804331992528,0.0456282458987026,0.028823747079236,-3.389214482658381e-06,-1.5972862720367364e-06,2729700004872073.0,1750000000000000.0,1160000000000000.0,1.0472648643575864,104.72648643575864,2858718905339256.5,1832713512625776.8,1214827242654800.5,0.1597829902459519,0.1024362502953946,0.0679006001958044,0.1039945933963442,0.0666705272076706,0.0441930351776558
840,840,2.25,0.02,1340,1000000.0,17.15,2.43,0.81,,1000000.0,100.0,1340.0,1.3395966794237435,0.0455013732462015,0.0288456109526798,5.309000610134822e-06,1.6574851406632049e-06,2728566964391936.5,1750000000000000.0,1160000000000000.0,1.0003010999190214,100.03010999190214,2729388535683959.0,1750526924858287.8,1160349275906065.0,0.1598535223256632,0.1025240236800462,0.0679587814107735,0.1040278378445372,0.0667195339545239,0.0442255196498557
841,841,2.25,0.02,1341,1000000.0,17.15,2.43,0.81,,1000000.0,100.0,1341.0,1.2975750405728848,0.0455742692621863,0.0289858658385916,-8.122348670903027e-06,2.391134159951172e-07,2727433923911799.5,1750000000000000.0,1160000000000000.0,1.0474514679179017,104.74514679179018,2856854667250497.0,1833040068856328.0,1215043702784765.8,0.1598888072506244,0.1025892544033786,0.0680020200616681,0.1040595431078979,0.0667675938332687,0.0442573764837666
842,842,2.25,0.02,1342,1000000.0,17.15,2.43,0.81,,1000000.0,100.0,1342.0,1.2987798682169691,0.0457259424310476,0.0287932656574388,1.256019808126062e-05,-3.744224770702468e-06,2726300883431663.0,1750000000000000.0,1160000000000000.0,1.047238535075736,104.7238535075736,2855087343340659.0,1832667436382538.5,1214796700687854.0,0.1599474290450857,0.1026695191752176,0.0680552241390015,0.1040912940804958,0.0668157229995754,0.0442892792454328
843,843,2.25,0.02,1343,1000000.0,17.15,2.43,0.81,,1000000.0,100.0,1343.0,1.256691084895711,0.0456103690348056,0.0289220905404766,-4.040246932100723e-06,2.284156489662544e-06,2725167842951524.5,1750000000000000.0,1160000000000000.0,1.0944816082771271,109.4481608277127,2982646083578694.5,1915342814484972.8,1269598665601467.5,0.159988364187907,0.1027384929897022,0.0681009439246026,0.1041230908612501,0.066863921603389,0.0443212280342464
844,844,2.25,0.02,1344,1000000.0,17.15,2.43,0.81,,1000000.0,100.0,1344.0,1.300648662665735,0.0454786656780238,0.0289418054255399,-4.509623703048057e-06,-3.4503463765557823e-06,2724034802471388.0,1750000000000000.0,1160000000000000.0,1.047363738857274,104.7363738857274,2853055275493769.0,1832886543000229.2,1214941937074438.0,0.1600526555295651,0.1028225288908294,0.0681566477219212,0.1041549335493662,0.066912189795088,0.0443532229498869
845,845,2.25,0.02,1345,1000000.0,17.15,2.43,0.81,,1000000.0,100.0,1345.0,1.344767267045177,0.0456132463461131,0.0288656141468691,1.3562735782692602e-06,3.942070636287631e-06,2722901761991251.0,1750000000000000.0,1160000000000000.0,1.0001730737073948,100.01730737073947,2723373024694070.5,1750302878987941.2,1160200765500578.0,0.1601109878376785,0.1029028048779226,0.0682098592333658,0.104186822244335,0.0669605277254846,0.0443852640923213
846,846,2.25,0.02,1346,1000000.0,17.15,2.43,0.81,,1000000.0,100.0,1346.0,1.3452839669724426,0.0454645415463263,0.0288359109664651,1.5095560382812906e-06,-5.623628820318275e-07,2721768721511112.5,1750000000000000.0,1160000000000000.0,1.000532543456075,100.05325434560748,2723218181632703.5,1750931951048131.0,1160617750409046.8,0.1601457465792142,0.1029679907402376,0.0682530681478147,0.1042187570459363,0.0670089355458278,0.0444173515618059
847,847,2.25,0.02,1347,1000000.0,17.15,2.43,0.81,,1000000.0,100.0,1347.0,1.3465194069326571,0.045313563884071,0.0288192525876463,-7.775193830761949e-07,-3.6678214034219936e-06,2720635681030976.0,1750000000000000.0,1160000000000000.0,1.0003571270850835,100.03571270850834,2721607293721317.0,1750624972398896.0,1160414267418696.8,0.1601921377579174,0.1030407132535008,0.0683012727851776,0.1042507380542381,0.067057413407804,0.0444494854588872
848,848,2.25,0.02,1348,1000000.0,17.15,2.43,0.81,,1000000.0,100.0,1348.0,1.3045268177675986,0.0454804009246043,0.0287663449335239,7.932026547570377e-06,-3.744501548754933e-06,2719502639987310.5,1750000000000000.0,1160000000000000.0,1.0473334478764864,104.73334478764863,2848226076447117.0,1832833533783851.5,1214906799536724.5,0.1602560462565079,0.103124768781323,0.0683569895921911,0.1042827653479887,0.0671059614635387,0.0444816658844027
849,849,2.25,0.02,1349,1000000.0,17.15,2.43,0.81,,1000000.0,100.0,1349.0,1.261983526523682,0.0455882486998582,0.0287500263723221,-1.5450398064862325e-05,2.564622135199372e-06,2718369598223391.0,1750000000000000.0,1160000000000000.0,1.0947297959198736,109.47297959198734,2975880195497879.5,1915777142859778.5,1269886563267053.0,0.1603081126495649,0.1032012708353149,0.068407699525123,0.1043148390217761,0.0671545798655987,0.0445138929394825
850,850,2.25,0.02,1350,1000000.0,17.15,2.43,0.81,,1000000.0,100.0,1350.0,1.3494574386289742,0.0455992259255648,0.0288265226792423,-1.1918298229159651e-05,-7.683222336828064e-06,2717236556459471.5,1750000000000000.0,1160000000000000.0,1.0004021727675625,100.04021727675624,2718329355005503.5,1750703802343234.2,1160466520410372.5,0.1603483255300437,0.1032702025925957,0.0684533914328062,0.1043469592041393,0.0672032687669928,0.0445461667255495
851,851,2.25,0.02,1351,1000000.0,17.15,2.43,0.81,,1000000.0,100.0,1351.0,1.307498322961142,0.0454505864999803,0.0288116336025681,2.3107633426535077e-06,-3.4434333536156946e-07,2716103514695551.5,1750000000000000.0,1160000000000000.0,1.047271549916723,104.72715499167234,2844497937569470.5,1832725212354266.0,1214834997903399.2,0.1604178273728611,0.1033580628954689,0.0685116302621393,0.1044386469287536,0.0672903779758208,0.0446039076868298
852,852,2.25,0.02,1352,1000000.0,17.15,2.43,0.81,,1000000.0,100.0,1352.0,1.351404286836805,0.0455408900428132,0.0287728195982842,-2.0777222832067278e-06,2.817392646246658e-06,2714970472931632.0,1750000000000000.0,1160000000000000.0,1.000440971509722,100.0440971509722,2716167697559931.0,1750771700142013.5,1160511526951277.5,0.1604519554050825,0.1034231954853253,0.0685548038645584,0.1045305726540286,0.0673777133005145,0.0446617985306268
853,853,2.25,0.02,1353,1000000.0,17.15,2.43,0.81,,1000000.0,100.0,1353.0,1.352620766504856,0.0453856143877503,0.028782295223848,2.527858239827581e-06,-3.401336776813626e-06,2713837431167712.5,1750000000000000.0,1160000000000000.0,1.0002804198316693,100.0280419831669,2714598445003338.5,1750490734705421.0,1160325287004736.2,0.1605095046760696,0.103503485491487,0.0686080246686428,0.1046227373078622,0.067465275622637,0.0447198398412908
854,854,2.25,0.02,1354,1000000.0,17.15,2.43,0.81,,1000000.0,100.0,1354.0,1.3101127607415497,0.0455074263589943,0.0290306216671182,-9.201926863952872e-07,-3.843939523645697e-06,2712704389403792.5,1750000000000000.0,1160000000000000.0,1.0474976976066543,104.74976976066542,2841551602187939.0,1833120970811644.8,1215097329223719.0,0.1605493042506491,0.1035723920144452,0.0686536998495751,0.1047151418229828,0.0675530658283395,0.0447780322062135
855,855,2.25,0.02,1355,1000000.0,17.15,2.43,0.81,,1000000.0,100.0,1355.0,1.311298631907686,0.0454705419795719,0.0287169354755697,4.347415770283912e-07,7.330631226312576e-06,2711571347639873.0,1750000000000000.0,1160000000000000.0,1.0473567642327657,104.7356764232766,2839982592650378.5,1832874337407340.0,1214933846510008.2,0.160612543993929,0.1036564839918441,0.0687094408174509,0.1048077871369798,0.0676410848083921,0.0448363762158484
856,856,2.25,0.02,1356,1000000.0,17.15,2.43,0.81,,1000000.0,100.0,1356.0,1.3556403618156536,0.0455209066532928,0.028790915853222,6.460036472656167e-06,-5.690039571828372e-06,2710438305875955.0,1750000000000000.0,1160000000000000.0,1.0002653301320847,100.02653301320848,2711157466829660.0,1750464327731148.5,1160307782953218.5,0.1606639150639804,0.1037329832420223,0.0687601488918547,0.1049006741923355,0.0677293334582133,0.0448948724637299
857,857,2.25,0.02,1357,1000000.0,17.15,2.43,0.81,,1000000.0,100.0,1357.0,1.2695974470714495,0.0452640799189973,0.028654021124464,2.7361962330832824e-07,-8.692247959199185e-07,2709305264899199.5,1750000000000000.0,1160000000000000.0,1.09472896937119,109.47289693711896,2965954960355038.5,1915775696399582.0,1269885604470580.2,0.160703406210529,0.1038018729420986,0.0688058129216197,0.1049938039669622,0.0678178126779005,0.0449535215464941
858,858,2.25,0.02,1358,1000000.0,17.15,2.43,0.81,,1000000.0,100.0,1358.0,1.3577716987877466,0.0454644306018885,0.0287764544807628,-1.7774377028603382e-06,-2.275979931635168e-07,2708172224419060.5,1750000000000000.0,1160000000000000.0,1.000168155366422,100.01681553664218,2708627618111791.5,1750294271891238.2,1160195060225049.5,0.1607486831561415,0.1038745590057857,0.0688539933981208,0.1050871774020694,0.0679065233722612,0.0450123240638988
859,859,2.25,0.02,1359,1000000.0,17.15,2.43,0.81,,1000000.0,100.0,1359.0,1.315177132162432,0.0453502095252908,0.0287930281285212,-1.1232706699713769e-06,4.884894139851089e-06,2707039183938924.5,1750000000000000.0,1160000000000000.0,1.0473229365050858,104.73229365050858,2835144227357245.0,1832815138883900.0,1214894606345899.5,0.1608056457119591,0.1039548602272013,0.0689072216363163,0.1051807954357915,0.0679954664508425,0.0450712806188441
860,860,2.25,0.02,1360,1000000.0,17.15,2.43,0.81,,1000000.0,100.0,1360.0,1.3595899961014992,0.0454006457237122,0.0287183363950063,9.119911617619034e-06,5.903772404888337e-06,2705906143458787.5,1750000000000000.0,1160000000000000.0,1.0003015988656805,100.030159886568,2706722241682291.5,1750527798014940.5,1160349854684189.2,0.1608625129561453,0.1040351670562448,0.068960453591568,0.1052746590305052,0.0680846428279636,0.0451303918173929
861,861,2.25,0.02,1361,1000000.0,17.15,2.43,0.81,,1000000.0,100.0,1361.0,1.3605497264233009,0.0452676059717054,0.0286918537288461,-1.0876585467187553e-06,5.893744539330332e-06,2704773102978649.0,1750000000000000.0,1160000000000000.0,1.0003310650591852,100.03310650591852,2705668558846069.0,1750579363853573.8,1160384035468654.5,0.1609015910699103,0.1041040315219985,0.0690061008945818,0.105303461094549,0.068131798823539,0.0451616495058887
862,862,2.25,0.02,1362,1000000.0,17.15,2.43,0.81,,1000000.0,100.0,1362.0,1.3181331987179168,0.0454406760852812,0.028659783814176,2.773845201839155e-06,5.806378511551404e-06,2703640062498512.5,1750000000000000.0,1160000000000000.0,1.0472893408678912,104.72893408678912,2831493418998091.5,1832756346518809.2,1214855635406753.8,0.1609641618720288,0.1041881599489744,0.0690618660233202,0.1053323030833479,0.0681790201856651,0.0451929505230693
863,863,2.25,0.02,1363,1000000.0,17.15,2.43,0.81,,1000000.0,100.0,1363.0,1.3628436060741933,0.0453607213679314,0.0286927953449554,-7.222295918421069e-06,4.967985598902167e-06,2702507022018375.5,1750000000000000.0,1160000000000000.0,1.0001147600696063,100.01147600696062,2702817161912333.0,1750200830121810.8,1160133121680743.2,0.1610030344378523,0.1042570131994742,0.0691075058922229,0.1053611850799739,0.0682263070503506,0.0452242949590895
864,864,2.25,0.02,1364,1000000.0,17.15,2.43,0.81,,1000000.0,100.0,1364.0,1.3198378019833024,0.0455000753733966,0.028526086480767,4.474437819813092e-06,4.095465920244364e-06,2701373981538239.0,1750000000000000.0,1160000000000000.0,1.0474292033197767,104.74292033197769,2829497997351370.5,1833001105809608.8,1215017875850941.0,0.1610536075494509,0.1043335040382114,0.069158208391043,0.1053901071677292,0.0682736595539818,0.0452556829043536
865,865,2.25,0.02,1365,1000000.0,17.15,2.43,0.81,,1000000.0,100.0,1365.0,1.3210388614156603,0.0454054047391868,0.0286082965050497,-1.933087747900999e-06,-7.674092719528864e-06,2700240941058100.5,1750000000000000.0,1160000000000000.0,1.0473078178321666,104.73078178321666,2827983447600635.5,1832788681206291.5,1214877068685313.5,0.1610981762544361,0.1044061676713896,0.0692063739993211,0.1054190694301475,0.0683210778333238,0.0452871144495175
866,866,2.25,0.02,1366,1000000.0,17.15,2.43,0.81,,1000000.0,100.0,1366.0,1.3213623128738656,0.0454499797401635,0.0285939918314321,2.2875884133354366e-06,5.703118545660085e-06,2699107911696456.5,1750000000000000.0,1160000000000000.0,1.0477240430225423,104.77240430225422,2827920253796744.0,1833517075289448.8,1215359889906149.0,0.1611544572917544,0.1044864857156872,0.0692596133886841,0.1054480723853696,0.0683685620255221,0.0453185896854889
867,867,2.25,0.02,1367,1000000.0,17.15,2.43,0.81,,1000000.0,100.0,1367.0,1.3663785353495317,0.0454821782263548,0.0284608710517693,5.5488595838995405e-06,2.935096659344022e-06,2697974885337732.5,1750000000000000.0,1160000000000000.0,1.0004554381135402,100.045543811354,2699203645929889.0,1750797016698695.5,1160528308211706.8,0.1612106431506941,0.1045668093676117,0.0693128564951026,0.1054771158010229,0.0684161122681035,0.0453501087034286
868,868,2.25,0.02,1368,1000000.0,17.15,2.43,0.81,,1000000.0,100.0,1368.0,1.3673493668067522,0.045453289371338,0.0285883332458737,-3.96208060475484e-06,2.9703415374381705e-06,2696841858979007.5,1750000000000000.0,1160000000000000.0,1.0004760749242922,100.04760749242922,2698125757762849.0,1750833131117511.2,1160552246912179.2,0.1612430900926766,0.1046317961591609,0.0693559334540724,0.1055061996441062,0.0684637286989778,0.0453816715947509
869,869,2.25,0.02,1369,1000000.0,17.15,2.43,0.81,,1000000.0,100.0,1369.0,1.368485502434191,0.0452332132573422,0.0285869491855562,1.0891822351654024e-05,-3.7557999084822063e-06,2695708832620281.0,1750000000000000.0,1160000000000000.0,1.0003761505911108,100.0376150591111,2696722825091135.0,1750658263534444.5,1160436334685688.5,0.1612872524156303,0.1047044429694575,0.0694040879111832,0.1055353239990886,0.068511411456439,0.0454132784511253
870,870,2.25,0.02,1370,1000000.0,17.15,2.43,0.81,,1000000.0,100.0,1370.0,1.3696271890725484,0.0453925244537166,0.0285331522593682,-7.521075000856153e-06,-9.735697953209446e-06,2694575806261556.5,1750000000000000.0,1160000000000000.0,1.000272240049879,100.0272240049879,2695309377713456.5,1750476420087288.2,1160315798457859.5,0.1613490556992509,0.1047886078460103,0.0694598772007839,0.1055644889506749,0.0685591606791665,0.045444929364476
871,871,2.25,0.02,1371,1000000.0,17.15,2.43,0.81,,1000000.0,100.0,1371.0,1.3268363074529554,0.0452530978168822,0.0285877510951407,7.189141941983927e-06,-1.0560320756723745e-06,2693442779902831.5,1750000000000000.0,1160000000000000.0,1.0473094823224545,104.73094823224544,2820868163485187.0,1832791594064295.2,1214878999494047.0,0.1613989344938969,0.1048650958809338,0.0695105778410761,0.1055919145454857,0.0686058199689195,0.0454758578079694
872,872,2.25,0.02,1372,1000000.0,17.15,2.43,0.81,,1000000.0,100.0,1372.0,1.3276748553687834,0.0451945779593569,0.0286902300711772,9.558544135469812e-06,-1.4134013295095684e-06,2692309753544107.0,1750000000000000.0,1160000000000000.0,1.047456219374121,104.74562193741212,2820076595831381.0,1833048383904712.0,1215049214473980.8,0.161436877829161,0.1049338902513483,0.0695561786808937,0.1056193774957791,0.0686525428117257,0.045506828378058
873,873,2.25,0.02,1373,1000000.0,17.15,2.43,0.81,,1000000.0,100.0,1373.0,1.3723866391724413,0.0453621618197404,0.0286205250823591,-4.182681710918617e-06,1.9559738216361008e-06,2691176727185380.5,1750000000000000.0,1160000000000000.0,1.00044712856329,100.04471285632904,2692380029168968.0,1750782474985758.0,1160518669133416.8,0.1614983949530428,0.1050180719507823,0.0696119791216614,0.105646877877928,0.0686993293375186,0.0455378411608694
874,874,2.25,0.02,1374,1000000.0,17.15,2.43,0.81,,1000000.0,100.0,1374.0,1.3734476209836657,0.0454897106268924,0.0284432614012788,7.171636352857309e-06,-7.091095611445498e-07,2690043700826656.0,1750000000000000.0,1160000000000000.0,1.0004022823108314,100.04022823108312,2691125857822862.0,1750703994043954.8,1160466647480564.5,0.1615361329242413,0.1050868551059418,0.0696575725273671,0.1056744157685136,0.0687461796765864,0.0455688962427658
875,875,2.25,0.02,1375,1000000.0,17.15,2.43,0.81,,1000000.0,100.0,1375.0,1.3747771022842243,0.045471578852858,0.0284789879399591,9.64714160614492e-07,-8.700467880739977e-06,2688910646079796.5,1750000000000000.0,1160000000000000.0,1.0001621410048291,100.01621410048293,2689346628753847.5,1750283746758451.0,1160188083565601.8,0.1615856102116622,0.1051633375332387,0.069708269450604,0.1057019901283795,0.0687930939595732,0.0455999937103456
876,876,2.25,0.02,1376,1000000.0,17.15,2.43,0.81,,1000000.0,100.0,1376.0,1.375715899098759,0.0452217571827285,0.028514329442335,1.835462943328529e-05,-3.1406136589897883e-06,2687777590194080.5,1750000000000000.0,1160000000000000.0,1.0002065351882723,100.02065351882727,2688332710844706.0,1750361436579477.2,1160239580818396.2,0.1616290629213428,0.1052359619130262,0.0697564090394917,0.105729602104149,0.0688400723174793,0.0456311336504434
877,877,2.25,0.02,1377,1000000.0,17.15,2.43,0.81,,1000000.0,100.0,1377.0,1.376546606496163,0.0452831049130389,0.0285937840754661,5.914262956193071e-06,5.2610407906759976e-06,2686644534308364.5,1750000000000000.0,1160000000000000.0,1.0003294630862047,100.03294630862048,2687529684508174.0,1750576560400858.5,1160382177179997.5,0.1616842675336214,0.1053163023878326,0.0698096632970776,0.1057572518177682,0.0688871148816636,0.0456623161501312
878,878,2.25,0.02,1378,1000000.0,17.15,2.43,0.81,,1000000.0,100.0,1378.0,1.3775085318797438,0.0451388954823001,0.028491831946664,-4.905871432470277e-06,-6.738034346099584e-06,2685511478422649.0,1750000000000000.0,1160000000000000.0,1.0003568576754494,100.03568576754492,2686469823806232.0,1750624500932036.5,1160413954903521.0,0.1617393767166721,0.105396648470266,0.0698629212717191,0.1057849393466552,0.0689342217838443,0.0456935412967196
879,879,2.25,0.02,1379,1000000.0,17.15,2.43,0.81,,1000000.0,100.0,1379.0,1.3781464551587306,0.0450774606272231,0.0284607361999633,-1.031421308336596e-06,-1.9922585704051217e-06,2684378422536935.5,1750000000000000.0,1160000000000000.0,1.0006202599178446,100.06202599178444,2686043434876761.0,1751085454856227.8,1160719501504699.2,0.1617706669419412,0.1054615343245264,0.069905931323686,0.1058126647684406,0.0689813931560997,0.0457248091777575
880,880,2.25,0.02,1380,1000000.0,17.15,2.43,0.81,,1000000.0,100.0,1380.0,1.3793948777460627,0.0453968267949881,0.0285205376945123,-4.049458132936252e-06,3.023665431772237e-06,2683245366651219.5,1750000000000000.0,1160000000000000.0,1.000438791190764,100.0438791190764,2684422751080764.5,1750767884583837.5,1160508997781286.2,0.1618137127010664,0.1055341418814324,0.0699540597614066,0.1058404281609675,0.0690286291308702,0.045756119881034
881,881,2.25,0.02,1381,1000000.0,17.15,2.43,0.81,,1000000.0,100.0,1381.0,1.3806466483194526,0.0454452844214599,0.0283980800423116,9.254296390602764e-07,1.0169561105251784e-06,2682112310765504.0,1750000000000000.0,1160000000000000.0,1.000256024722143,100.02560247221427,2682798997824624.0,1750448043263750.0,1160296988677685.8,0.161868524778903,0.105614487963866,0.0700073177360483,0.1058664745242524,0.0690747847037639,0.0457867144322092
882,882,2.25,0.02,1382,1000000.0,17.15,2.43,0.81,,1000000.0,100.0,1382.0,1.3374947225302596,0.0452664514093674,0.0284753179471539,-2.637726714179039e-06,-2.706484982613656e-06,2680979254879788.5,1750000000000000.0,1160000000000000.0,1.0473054516847278,104.73054516847276,2807804189489262.0,1832784540448273.2,1214874323954284.5,0.1619173051502216,0.1056909647835351,0.0700580109422289,0.1058925557423275,0.0691210020412419,0.0458173499244802
883,883,2.25,0.02,1383,1000000.0,17.15,2.43,0.81,,1000000.0,100.0,1383.0,1.3826071376230176,0.0452130089174519,0.0283674593046942,-3.075709478915503e-06,-4.051357415596256e-06,2679846203176323.0,1750000000000000.0,1160000000000000.0,1.0002841778128462,100.02841778128462,2680607756009105.0,1750497311172480.5,1160329646262901.5,0.1619600487025881,0.1057635639290008,0.0701061338043662,0.1059186720505025,0.0691672812673659,0.0458480264400825
884,884,2.25,0.02,1384,1000000.0,17.15,2.43,0.81,,1000000.0,100.0,1384.0,1.3836388518066542,0.0451598113703007,0.0284695438451478,4.267273940581073e-06,-4.765482245462214e-07,2678713178101344.5,1750000000000000.0,1160000000000000.0,1.0002610569239163,100.02610569239164,2679412474723673.0,1750456849616853.5,1160302826031743.2,0.162020510736482,0.1058477989008931,0.0701619695571633,0.1059448244070704,0.0692136225065298,0.045878744061471
885,885,2.25,0.02,1385,1000000.0,17.15,2.43,0.81,,1000000.0,100.0,1385.0,1.384586361369952,0.0453482106028936,0.0284289533212284,-5.942137436712644e-06,-8.838720984283486e-07,2677580153026367.0,1750000000000000.0,1160000000000000.0,1.0002987753973804,100.02987753973808,2678380148100605.0,1750522856945416.0,1160346579460961.5,0.1620511728602418,0.1059126286788812,0.0702049424385725,0.1059710118306559,0.0692600258834611,0.0459095028713226
886,886,2.25,0.02,1386,1000000.0,17.15,2.43,0.81,,1000000.0,100.0,1386.0,1.3411893649625777,0.045275476540742,0.0284364673409783,-2.5079691312692416e-06,-6.208718710678764e-06,2676447127951388.5,1750000000000000.0,1160000000000000.0,1.0474623972793575,104.74623972793576,2803477724835413.0,1833059195238876.0,1215056380844054.5,0.1620995554269795,0.1059890998909232,0.0702556319276977,0.1059972343918369,0.069306491523222,0.0459403029525357
887,887,2.25,0.02,1387,1000000.0,17.15,2.43,0.81,,1000000.0,100.0,1387.0,1.3862097980653745,0.0453373310580501,0.0284211951487944,-2.379970795153266e-06,8.254483060058807e-06,2675314102876411.5,1750000000000000.0,1160000000000000.0,1.000571032316951,100.0571032316951,2676841793687148.0,1750999306554664.2,1160662397487663.5,0.1621418938289099,0.1060616822135072,0.0703037436386677,0.1060234921613813,0.0693530195512106,0.045971144388231
888,888,2.25,0.02,1388,1000000.0,17.15,2.43,0.81,,1000000.0,100.0,1388.0,1.3877193238132803,0.0450662994995989,0.0283537402961553,1.3067332634180534e-05,1.597933449799399e-06,2674181077801432.5,1750000000000000.0,1160000000000000.0,1.0002022733224054,100.02022733224054,2674721993292753.0,1750353978314209.5,1160234637053990.0,0.1622019704060023,0.1061459340082807,0.0703595905426317,0.1060497852102464,0.0693996100931619,0.0460020272617531
889,889,2.25,0.02,1389,1000000.0,17.15,2.43,0.81,,1000000.0,100.0,1389.0,1.3886323714640867,0.0454757694937798,0.0283291279900664,9.88432490807253e-06,3.4278033200990417e-06,2673048052726455.5,1750000000000000.0,1160000000000000.0,1.000264810185605,100.02648101856052,2673755903077429.0,1750463417824809.2,1160307179815302.5,0.1622500576713343,0.1062224080241373,0.0704102818902853,0.1060761136095808,0.0694462632751492,0.0460329516566703
890,890,2.25,0.02,1390,1000000.0,17.15,2.43,0.81,,1000000.0,100.0,1390.0,1.3895550453835086,0.0454758412615783,0.0284030339477556,-1.2229912095107696e-05,-5.049498004163664e-06,2671915027651476.5,1750000000000000.0,1160000000000000.0,1.0003202921768195,100.03202921768192,2672770821131959.0,1750560511309433.5,1160371538925110.5,0.1622801946141064,0.1062871901372941,0.0704532231767207,0.1061024774307245,0.0694929792235846,0.046063917656776
891,891,2.25,0.02,1391,1000000.0,17.15,2.43,0.81,,1000000.0,100.0,1391.0,1.3905738993963042,0.045291320092007,0.0283791800340523,-8.799327530521634e-07,-1.3171209788905354e-06,2670782002576499.5,1750000000000000.0,1160000000000000.0,1.0003065724685771,100.03065724685771,2671600790808060.0,1750536501820010.0,1160355624063549.5,0.1623459351266458,0.1063753560558496,0.0705116645855917,0.1061271477034768,0.0695386251299875,0.0460941743718774
892,892,2.25,0.02,1392,1000000.0,17.15,2.43,0.81,,1000000.0,100.0,1392.0,1.3915180172419697,0.0453217287321571,0.0284296767419195,7.354802046967197e-07,-3.644997039103785e-06,2669648972331120.0,1750000000000000.0,1160000000000000.0,1.0003464494459189,100.03464494459192,2670573870738382.5,1750606286530358.8,1160401881357266.2,0.1623818171212683,0.1064440242546516,0.0705571817916548,0.1061518502008847,0.0695843310400987,0.0461244708608655
893,893,2.25,0.02,1393,1000000.0,17.15,2.43,0.81,,1000000.0,100.0,1393.0,1.3479705664872663,0.0450469071109027,0.0283177748098672,6.256599890113338e-06,4.108841424396497e-07,2668515930567200.5,1750000000000000.0,1160000000000000.0,1.0474699977120234,104.74699977120235,2795190375685724.0,1833072495996040.8,1215065197345947.0,0.1624295037730072,0.1065204926628803,0.070607869422252,0.1061765847339474,0.069630097072313,0.0461548072022188
894,894,2.25,0.02,1394,1000000.0,17.15,2.43,0.81,,1000000.0,100.0,1394.0,1.348818915281786,0.0452330998703684,0.0283958692523593,-1.2321715307031882e-06,1.7461990932927264e-06,2667382888803280.5,1750000000000000.0,1160000000000000.0,1.0474932015570722,104.7493201557072,2794065441971101.0,1833113102724876.0,1215092113806203.5,0.1624651765378782,0.1065891440388012,0.0706533754771483,0.106201351824525,0.0696759233453361,0.0461851834746228
895,895,2.25,0.02,1395,1000000.0,17.15,2.43,0.81,,1000000.0,100.0,1395.0,1.3501592107390965,0.0453071790113944,0.0283542332215721,5.296350539500415e-06,4.535526553605641e-06,2666249847039361.0,1750000000000000.0,1160000000000000.0,1.0471990063152576,104.71990063152576,2792094190407827.0,1832598261051700.8,1214750847325699.0,0.1625245800185433,0.1066734294793385,0.0707092446834473,0.106226151536942,0.069721809978187,0.0462155997569696
896,896,2.25,0.02,1396,1000000.0,17.15,2.43,0.81,,1000000.0,100.0,1396.0,1.3065696411918604,0.0452775857488623,0.0283717260578402,-9.062274780922426e-06,-4.9361599343758895e-06,2665116805275443.0,1750000000000000.0,1160000000000000.0,1.094078143017441,109.40781430174414,2915846045240332.0,1914636750280522.5,1269130645900232.0,0.1625540868745089,0.1067381555162234,0.0707521487993252,0.1062509839356925,0.0697677570901981,0.0462460561283599
897,897,2.25,0.02,1397,1000000.0,17.15,2.43,0.81,,1000000.0,100.0,1397.0,1.3965131025684514,0.045178865704303,0.0283685173066316,-1.5311467092655776e-06,7.067397270133563e-07,2663983763511523.5,1750000000000000.0,1160000000000000.0,1.0003487925566958,100.03487925566958,2664912941219395.0,1750610386974217.8,1160404599365767.2,0.1626013722470798,0.1068146155130118,0.0708028308543393,0.1062758490854406,0.0698137648010167,0.0462765526681024
898,898,2.25,0.02,1398,1000000.0,17.15,2.43,0.81,,1000000.0,100.0,1398.0,1.3975849739279056,0.0452414662699979,0.0283149441967925,-8.529288689425517e-06,2.287325635320548e-06,2662850721747603.5,1750000000000000.0,1160000000000000.0,1.0002970788837686,100.02970788837686,2663641798467663.0,1750519888046595.2,1160344611505171.5,0.162642594234307,0.1068871557783911,0.0708509146873905,0.1063007470510209,0.069859833230606,0.0463070894557159
899,899,2.25,0.02,1399,1000000.0,17.15,2.43,0.81,,1000000.0,100.0,1399.0,1.353747593263674,0.0451811642535661,0.0282358745938986,6.009372514629564e-07,2.427872515350877e-06,2661717679983684.5,1750000000000000.0,1160000000000000.0,1.047480336887358,104.7480336887358,2788096932128346.5,1833090589552876.5,1215077190789335.2,0.1627016120705817,0.1069714580418097,0.0709067950448567,0.1063256778974397,0.0699059624992459,0.0463376665709287
900,900,2.25,0.02,1400,1000000.0,17.15,2.43,0.81,,1000000.0,100.0,1400.0,1.3992144114428584,0.0452564898874267,0.0281715977403791,1.0760319748414409e-05,4.359171467516395e-06,2660584638219764.5,1750000000000000.0,1160000000000000.0,1.0005619474731604,100.05619474731604,2662079747034341.0,1750983408078030.5,1160651859068865.8,0.1627486021409634,0.1070479208424116,0.0709574789583986,0.1063506416898747,0.0699521527275343,0.0463682840936798
901,901,2.25,0.02,1401,1000000.0,17.15,2.43,0.81,,1000000.0,100.0,1401.0,1.3557407208366772,0.04512726573533,0.0282031161025775,-3.1070184142969208e-06,6.828970201506683e-06,2659451597077208.5,1750000000000000.0,1160000000000000.0,1.0473708374674904,104.73708374674902,2785432046435011.0,1832898965568107.5,1214950171462288.8,0.1627775845988575,0.1071125992144652,0.0710003514793027,0.1063741067663166,0.069997396096865,0.0463982739842077
902,902,2.25,0.02,1402,1000000.0,17.15,2.43,0.81,,1000000.0,100.0,1402.0,1.356691939721236,0.0450416107916104,0.0282787430552927,-8.609737634885778e-06,3.337795014641613e-06,2658318556597071.5,1750000000000000.0,1160000000000000.0,1.0474049353257326,104.74049353257324,2784335975847750.0,1832958636820032.0,1214989724977849.5,0.1628422853622717,0.1072008464436151,0.071058846785482,0.1063976022422097,0.0700426980287183,0.0464283026933218
903,903,2.25,0.02,1403,1000000.0,17.15,2.43,0.81,,1000000.0,100.0,1403.0,1.3575084832338338,0.0449431464377593,0.0283024396823608,1.7089331514573376e-06,1.659611937335114e-06,2657185516116935.0,1750000000000000.0,1160000000000000.0,1.047497486716733,104.74974867167327,2783395149872593.0,1833120601754282.5,1215097084591409.8,0.1628710595527768,0.1072655079927872,0.0711017081552188,0.1064211281500851,0.0700880586368713,0.0464583702964404
904,904,2.25,0.02,1404,1000000.0,17.15,2.43,0.81,,1000000.0,100.0,1404.0,1.3586480289377223,0.0452623107294891,0.0282824647099457,6.407190229314415e-06,4.342428840772433e-07,2656052475636796.5,1750000000000000.0,1160000000000000.0,1.0473881829110572,104.73881829110567,2781917976173639.5,1832929320094350.0,1214970292176826.5,0.1629176485281635,0.1073419623819484,0.0711523864931772,0.1064446845491056,0.0701334780353969,0.0464884768691774
905,905,2.25,0.02,1405,1000000.0,17.15,2.43,0.81,,1000000.0,100.0,1405.0,1.3141787424978055,0.0451559931668526,0.0280987866269689,-1.798080602707435e-06,5.7134819827380314e-08,2654919435156660.0,1750000000000000.0,1160000000000000.0,1.0948375821958916,109.48375821958912,2906705575311799.0,1915965768842809.2,1270011595347233.5,0.1629581621148477,0.1074144774130052,0.0712004535994777,0.1064682714985878,0.0701789563386635,0.0465186224873427
906,906,2.25,0.02,1406,1000000.0,17.15,2.43,0.81,,1000000.0,100.0,1406.0,1.360594373221432,0.045201486560211,0.0281904094015098,-6.954471417414907e-07,-1.3685780004894378e-06,2653786394676523.0,1750000000000000.0,1160000000000000.0,1.0473588493189117,104.73588493189114,2779466664666585.0,1832877986308094.8,1214936265209937.5,0.1630165075647383,0.1074988133221872,0.0712563562592784,0.1064918890580015,0.0702244936613365,0.046548807226943
907,907,2.25,0.02,1407,1000000.0,17.15,2.43,0.81,,1000000.0,100.0,1407.0,1.3616314452106173,0.0450626565978602,0.0281969395004968,-3.3799725566078675e-06,6.503842894923008e-06,2652653354196384.5,1750000000000000.0,1160000000000000.0,1.047368845866769,104.7368845866769,2778306482069281.0,1832895480266844.8,1214947861205451.8,0.1630448618747963,0.1075634356179694,0.0712991916096254,0.1065155372869716,0.070270090118379,0.0465790311641826
908,908,2.25,0.02,1408,1000000.0,17.15,2.43,0.81,,1000000.0,100.0,1408.0,1.4070811160486756,0.0451275753908594,0.0281416108219133,7.967816761976313e-06,5.902566973966814e-07,2651520313716248.0,1750000000000000.0,1160000000000000.0,1.000653703763449,100.06537037634487,2653253622524185.0,1751143981586035.8,1160758296365600.5,0.1630910514579147,0.1076398843995029,0.0713498662305276,0.1065392162452777,0.0703157458250528,0.0466092943754635
909,909,2.25,0.02,1409,1000000.0,17.15,2.43,0.81,,1000000.0,100.0,1409.0,1.4086779694016969,0.0449667354867079,0.0282130299471881,2.6899032504291382e-06,1.7116764125960074e-06,2650387273236111.5,1750000000000000.0,1160000000000000.0,1.0002286277159371,100.02286277159374,2650993225224740.0,1750400098502890.2,1160265208150487.5,0.1631251757051315,0.1077084320343207,0.0713953035198926,0.1065629259928549,0.0703614608969196,0.0466395969373867
910,910,2.25,0.02,1410,1000000.0,17.15,2.43,0.81,,1000000.0,100.0,1410.0,1.4096583766169488,0.0451673780076134,0.0282409913218575,6.837398824493425e-06,-9.97792328672681e-06,2648508484101374.5,1750000000000000.0,1160000000000000.0,1.000242378691152,100.02423786911524,2649150426121255.5,1750424162709516.5,1160281159281736.5,0.1631371986015753,0.1077927819625701,0.0714512154723322,0.1065566631034452,0.0704072354498418,0.0466699389267523
911,911,2.25,0.02,1411,1000000.0,17.15,2.43,0.81,,1000000.0,100.0,1411.0,1.3652811335621275,0.0449728504034045,0.0281250918267049,3.5032957144834118e-06,-5.786689790409655e-06,2646242431383923.5,1750000000000000.0,1160000000000000.0,1.0475335898637617,104.75335898637616,2772027833797410.5,1833183782261583.2,1215138964241963.8,0.1631132202490237,0.107869230744104,0.0715018900932347,0.106533128581835,0.0704519634358335,0.0466995871917525
912,912,2.25,0.02,1412,1000000.0,17.15,2.43,0.81,,1000000.0,100.0,1412.0,1.366347486641378,0.0452073963533752,0.0281437937174558,2.0638832458360117e-07,-2.260484279481783e-06,2643976378666472.5,1750000000000000.0,1160000000000000.0,1.0474668591576646,104.74668591576643,2769477633048826.5,1833067003525912.8,1215061556622890.8,0.1630710996902933,0.1079338025712415,0.07154469199008,0.1065095641394107,0.0704967482871303,0.0467292731503263
913,913,2.25,0.02,1413,1000000.0,17.15,2.43,0.81,,1000000.0,100.0,1413.0,1.4126592183565208,0.0451950544064278,0.028060101939895,4.116727609403278e-06,3.1040522268664865e-06,2641710325949023.0,1750000000000000.0,1160000000000000.0,1.000241274888014,100.02412748880138,2642347704312081.0,1750422231054024.5,1160279878870096.2,0.1630646695885975,0.1080221283071715,0.0716032393350395,0.106485969719076,0.0705415901122457,0.0467589968744028
914,914,2.25,0.02,1414,1000000.0,17.15,2.43,0.81,,1000000.0,100.0,1414.0,1.4137026015377845,0.0452228178821549,0.0281472337372069,-1.0950889956440003e-06,6.249840180570184e-06,2639444273231572.5,1750000000000000.0,1160000000000000.0,1.000210386326322,100.02103863263218,2639999576215749.0,1750368176071063.2,1160244048138533.5,0.1630221584451092,0.1080866833114272,0.0716460300807174,0.106462345263589,0.0705864890199691,0.0467887584360938
915,915,2.25,0.02,1415,1000000.0,17.15,2.43,0.81,,1000000.0,100.0,1415.0,1.4146194508037295,0.0451305983362147,0.0281376924986396,-9.914423068826003e-06,-5.114677785065677e-06,2637178220514121.0,1750000000000000.0,1160000000000000.0,1.0002692172995884,100.02692172995886,2637888194513182.5,1750471130274280.0,1160312292067522.5,0.1629973908775317,0.1081631236815201,0.0716966991260361,0.106438690715562,0.0706314451193671,0.0468185579076946
916,916,2.25,0.02,1416,1000000.0,17.15,2.43,0.81,,1000000.0,100.0,1416.0,1.4155845109983602,0.0449786057683815,0.0281697389118079,6.721030224460364e-06,-2.2227929565855225e-06,2634912167796671.5,1750000000000000.0,1160000000000000.0,1.0002935357793077,100.02935357793072,2635685608793252.0,1750513687613788.0,1160340501503996.8,0.1629664475589564,0.1082355938515598,0.0717447364958911,0.1064150060174611,0.0706764585197845,0.0468483953616857
917,917,2.25,0.02,1417,1000000.0,17.15,2.43,0.81,,1000000.0,100.0,1417.0,1.2804785059229224,0.044883121170246,0.028069891329213,-1.3059963220189144e-05,4.054088935408368e-06,2632646115079220.5,1750000000000000.0,1160000000000000.0,1.1417531068167324,114.17531068167322,3005831881040701.0,1998067936929282.0,1324433603907409.8,0.1629532387170875,0.1083199774255727,0.0718006707506654,0.1063912911116058,0.0707215293308449,0.0468782708707314
918,918,2.25,0.02,1418,1000000.0,17.15,2.43,0.81,,1000000.0,100.0,1418.0,1.372161977612771,0.0450308122144976,0.0280265025926561,-2.3750200017244797e-06,5.182735725886696e-06,2630380062361771.0,1750000000000000.0,1160000000000000.0,1.0474334091238369,104.74334091238366,2755147956010959.0,1833008465966714.0,1215022754583650.5,0.1629099485259933,0.1083844931764382,0.0718434354769532,0.1063675459401682,0.0707666576624519,0.0469081845076824
919,919,2.25,0.02,1419,1000000.0,17.15,2.43,0.81,,1000000.0,100.0,1419.0,1.4184067682899468,0.0451618059271731,0.0280301867373715,4.995197515873137e-06,6.060477807742983e-08,2629056980247436.5,1750000000000000.0,1160000000000000.0,1.000418351825948,100.0418351825948,2630156851035644.0,1750732115695408.8,1160485288118099.5,0.1629428341039371,0.1084609279389039,0.0718941008052164,0.1063819267233958,0.0708118436247895,0.0469381363455747
920,920,2.25,0.02,1420,1000000.0,17.15,2.43,0.81,,1000000.0,100.0,1420.0,1.4194171395841295,0.0450328150771649,0.0280307912538254,6.342851952403413e-06,2.669891778272509e-06,2627923924361720.5,1750000000000000.0,1160000000000000.0,1.000410769551976,100.04107695519755,2629003395494757.0,1750718846715957.2,1160476492680291.8,0.1629754322382713,0.1085293998707541,0.0719394879143283,0.1064040200003935,0.0708570873283234,0.0469681264576314
921,921,2.25,0.02,1421,1000000.0,17.15,2.43,0.81,,1000000.0,100.0,1421.0,1.4206047975464116,0.0451435031297389,0.0280627866019602,1.0720211391484613e-05,-6.852411625761325e-06,2626790868476006.5,1750000000000000.0,1160000000000000.0,1.000278221483469,100.02782214834689,2627521698128195.0,1750486887596070.5,1160322736920823.5,0.1630318464962887,0.1086137974638354,0.0719954314617422,0.1064245030214489,0.0709012972911652,0.0469974313472866
922,922,2.25,0.02,1422,1000000.0,17.15,2.43,0.81,,1000000.0,100.0,1422.0,1.3758634099963258,0.0451895153284835,0.0280173563697755,-1.0510580459132802e-05,1.765907891206792e-06,2625657812590291.0,1750000000000000.0,1160000000000000.0,1.047537282671933,104.75372826719328,2750474450227163.5,1833190244675882.5,1215143247899442.0,0.1630762042269949,0.1086902322263012,0.0720460967900054,0.1064450116184624,0.0709455624564191,0.0470267728282549
923,923,2.25,0.02,1423,1000000.0,17.15,2.43,0.81,,1000000.0,100.0,1423.0,1.4225080426289878,0.0451990736490421,0.0280273236159728,-1.4422413355355353e-05,-6.445682322918623e-06,2624524756704575.5,1750000000000000.0,1160000000000000.0,1.0003458984787794,100.03458984787794,2625432575825438.5,1750605322337864.5,1160401242235384.2,0.1631025120108757,0.1087546975085217,0.0720888280627915,0.1064655458393671,0.0709898829275416,0.0470561509691133
924,924,2.25,0.02,1424,1000000.0,17.15,2.43,0.81,,1000000.0,100.0,1424.0,1.4237351685997737,0.044817677937618,0.0279832731566836,-1.1718485810470545e-06,2.314661312864256e-06,2623391700818859.5,1750000000000000.0,1160000000000000.0,1.0001860203746211,100.01860203746214,2623879705125824.5,1750325535655587.2,1160215783634560.8,0.163164622757467,0.1088431017512329,0.0721474274465314,0.1064861057322154,0.071034258808248,0.0470855658386101
925,925,2.25,0.02,1425,1000000.0,17.15,2.43,0.81,,1000000.0,100.0,1425.0,1.424711952247799,0.0450505925758945,0.0280790148334871,-2.62025919493275e-06,-1.6626479574382489e-06,2622258644933144.0,1750000000000000.0,1160000000000000.0,1.0002022166186049,100.0202216618605,2622788909209430.0,1750353879082558.8,1160234571277582.0,0.1631907228789497,0.1089075502105717,0.0721901475681503,0.1065066913451802,0.0710786902025133,0.0471150175056658
926,926,2.25,0.02,1426,1000000.0,17.15,2.43,0.81,,1000000.0,100.0,1426.0,1.3799626474838529,0.0451023123010271,0.0280702103553042,-1.61620112137631e-06,2.8174982667711134e-06,2621125589047428.5,1750000000000000.0,1160000000000000.0,1.047375448246926,104.7375448246926,2745302588740038.5,1832907034432120.5,1214955519966434.2,0.1632346798638551,0.1089839765615967,0.0722408073208298,0.1065273027265548,0.0711231772145725,0.0471445060393737
927,927,2.25,0.02,1427,1000000.0,17.15,2.43,0.81,,1000000.0,100.0,1427.0,1.426286565726582,0.0448278431050696,0.0280207384379403,-4.522239655399479e-06,-2.787969806597677e-06,2619992533364756.0,1750000000000000.0,1160000000000000.0,1.0005006624646715,100.05006624646714,2621304265283931.0,1750876159313174.8,1160580768459018.8,0.1632665576665568,0.109052400828616,0.0722861628349682,0.106547939933011,0.0711677199489219,0.0471740315089995
928,928,2.25,0.02,1428,1000000.0,17.15,2.43,0.81,,1000000.0,100.0,1428.0,1.3818563999003035,0.0448560131429672,0.0279882541208925,3.93947234069265e-06,-3.3677660656911253e-06,2618859508289777.0,1750000000000000.0,1160000000000000.0,1.0473680458653982,104.73680458653983,2742909765593483.0,1832894080264447.2,1214946933203862.5,0.1633222988695424,0.1091368292636465,0.0723421268261885,0.106568604250349,0.0712123185103196,0.0472035939839833
929,929,2.25,0.02,1429,1000000.0,17.15,2.43,0.81,,1000000.0,100.0,1429.0,1.4284236533568673,0.0450819520671028,0.028056176276726,7.901500259187058e-07,-4.8528242785351e-06,2617726483214800.0,1750000000000000.0,1160000000000000.0,1.000403542343496,100.04035423434962,2618782846694468.5,1750706199101118.2,1160468109118455.5,0.1633659608803621,0.1092132556146718,0.072392786578868,0.106589294483277,0.0712569730037868,0.0472331935339386
930,930,2.25,0.02,1430,1000000.0,17.15,2.43,0.81,,1000000.0,100.0,1430.0,1.4295584062785338,0.0451240719078785,0.0280353091229712,-7.102540762951983e-06,5.748340934651778e-06,2616593458139822.5,1750000000000000.0,1160000000000000.0,1.0003090407137132,100.03090407137134,2617402092049622.5,1750540821248998.5,1160358487227907.5,0.1633915391683828,0.1092776536053659,0.0724354732469854,0.1066100106805774,0.0713016835346077,0.0472628302286543
931,931,2.25,0.02,1431,1000000.0,17.15,2.43,0.81,,1000000.0,100.0,1431.0,1.4305434942978992,0.0450270092714899,0.0279373556454931,-1.7747532246205656e-06,-4.579080602566041e-06,2615460433064844.0,1750000000000000.0,1160000000000000.0,1.0003191723166416,100.03191723166417,2616295215630350.0,1750558551554123.0,1160370239887304.5,0.1634230054400867,0.1093460470304355,0.0724808083173173,0.1066290574820992,0.0713453158130981,0.0472917521961107
932,932,2.25,0.02,1432,1000000.0,17.15,2.43,0.81,,1000000.0,100.0,1432.0,1.385826016133323,0.0450031032447047,0.0279031147926045,-2.8301730720481493e-06,3.158738394490657e-06,2614327407989867.0,1750000000000000.0,1160000000000000.0,1.0473323527625602,104.73323527625604,2738069675101673.0,1832831617334480.8,1214905529204570.2,0.163478358816665,0.1094304894845338,0.0725367816011767,0.1066481276088545,0.071389001524869,0.0473207095821989
933,933,2.25,0.02,1433,1000000.0,17.15,2.43,0.81,,1000000.0,100.0,1433.0,1.3869710771682902,0.0449980045684485,0.0280086929933306,6.827187258501458e-07,-4.393107331337764e-06,2613194382914888.5,1750000000000000.0,1160000000000000.0,1.047123069747092,104.7123069747092,2736336124083696.0,1832465372057410.8,1214662760906626.5,0.1635216202120495,0.1095069074241183,0.0725874357782727,0.1066672211037169,0.0714327407681345,0.0473497024520205
934,934,2.25,0.02,1434,1000000.0,17.15,2.43,0.81,,1000000.0,100.0,1434.0,1.4335161385250104,0.0450663106614461,0.0279953274831753,-3.134163512954177e-06,-5.0616710989545885e-06,2612061357839911.0,1750000000000000.0,1160000000000000.0,1.0003375677486637,100.03375677486638,2612943105511848.0,1750590743560161.5,1160391578588449.8,0.1635467788263482,0.1095712633576085,0.0726300945684719,0.1066863380096647,0.0714765336413495,0.0473787308708373
935,935,2.25,0.02,1435,1000000.0,17.15,2.43,0.81,,1000000.0,100.0,1435.0,1.4346360891985568,0.0450097449801696,0.0278838455885853,-9.915061375199887e-06,2.9010961918861493e-06,2610928332764932.5,1750000000000000.0,1160000000000000.0,1.0002537177211774,100.02537177211774,2611590771551679.0,1750444006012060.5,1160294312556565.8,0.1636078461453032,0.1096597433032866,0.0726887441324643,0.106705478369782,0.07152038024321,0.0474077949040707
936,936,2.25,0.02,1436,1000000.0,17.15,2.43,0.81,,1000000.0,100.0,1436.0,1.4352986772917349,0.0448742665801709,0.0279666798906627,3.3988552102770523e-06,4.289634513676394e-06,2609795301891752.5,1750000000000000.0,1160000000000000.0,1.0004888448938192,100.04888448938196,2611071086998995.5,1750855478564184.0,1160567060076830.5,0.1636327970218096,0.109724082413895,0.0727313917714961,0.1067246419901475,0.071564280672655,0.0474368946173028
937,937,2.25,0.02,1437,1000000.0,17.15,2.43,0.81,,1000000.0,100.0,1437.0,1.435508680916905,0.0449805870178989,0.027884866178778,5.844993331747716e-06,3.890097075472173e-06,2608662244722219.5,1750000000000000.0,1160000000000000.0,1.001043963061666,100.1043963061666,2611385591746072.0,1751826935357915.2,1161210997151532.5,0.1636756558749266,0.1098004919420384,0.0727820403730083,0.1067438280748563,0.0716082350288662,0.0474660300762769
938,938,2.25,0.02,1438,1000000.0,17.15,2.43,0.81,,1000000.0,100.0,1438.0,1.4374759579772216,0.0450550590380612,0.0279123271488603,1.2471157939619036e-06,5.586559497323715e-06,2607529187552687.5,1750000000000000.0,1160000000000000.0,1.0003646108560205,100.03646108560206,2608479921001859.5,1750638068998036.2,1160422948592984.0,0.1637064006349582,0.1098688377022771,0.0728273438483665,0.1067630377420079,0.071652243411269,0.0474952013468983
939,939,2.25,0.02,1439,1000000.0,17.15,2.43,0.81,,1000000.0,100.0,1439.0,1.3923607058814351,0.0449252595651707,0.0278826595211283,-9.098079975415818e-06,-4.433168469196592e-06,2606396130383155.0,1750000000000000.0,1160000000000000.0,1.0475037109257082,104.75037109257082,2730209618718760.5,1833131494119989.2,1215104304673821.5,0.1637550676081545,0.1099492763105594,0.0728806631544278,0.1067822710351084,0.0716963059195338,0.0475244084952338
940,940,2.25,0.02,1440,1000000.0,17.15,2.43,0.81,,1000000.0,100.0,1440.0,1.4396416073656155,0.0448907717122239,0.0278443917263318,-2.2341749948492347e-06,-7.263308922829609e-06,2605263073213622.5,1750000000000000.0,1160000000000000.0,1.0002489718082943,100.02489718082944,2605911710272043.0,1750435700664514.8,1160288807297621.5,0.1637976280662308,0.1100256830348895,0.0729313098974123,0.1068015279977707,0.0717404226535757,0.047553651587513
941,941,2.25,0.02,1441,1000000.0,17.15,2.43,0.81,,1000000.0,100.0,1441.0,1.4404612426383665,0.0450214487613298,0.0278807409229822,6.528129852284097e-06,9.918072063883871e-07,2604130016044088.5,1750000000000000.0,1160000000000000.0,1.0003741847657175,100.03741847657176,2605104441824041.0,1750654823340005.8,1160434054328232.5,0.1638220528043663,0.1100899688730392,0.0729739222244145,0.1068192312616914,0.0717835336777574,0.0475822280378278
942,942,2.25,0.02,1442,1000000.0,17.15,2.43,0.81,,1000000.0,100.0,1442.0,1.4413530937330734,0.0448610394609983,0.0278212827959094,-5.793707327620815e-07,1.0574267950892094e-06,2602996958874556.5,1750000000000000.0,1160000000000000.0,1.000449256598584,100.04492565985838,2604166372434425.0,1750786199047522.2,1160521137654357.5,0.1638583969030223,0.1101623240867213,0.0730218833946266,0.1068369558152763,0.0718266965465723,0.047610838853728
943,943,2.25,0.02,1443,1000000.0,17.15,2.43,0.81,,1000000.0,100.0,1443.0,1.4426798265737033,0.0448178114770838,0.027898524601773,6.876760301443451e-06,8.660063346029336e-06,2601863901705024.5,1750000000000000.0,1160000000000000.0,1.000221962350648,100.02219623506478,2602441417532713.0,1750388434113633.5,1160257476326751.5,0.1639066697002891,0.1102427654988177,0.0730752045592163,0.1068547016969521,0.0718699113535979,0.047639484097242
944,944,2.25,0.02,1444,1000000.0,17.15,2.43,0.81,,1000000.0,100.0,1444.0,1.4436146011678148,0.0449313300727958,0.0278775081126899,-5.051501290670147e-06,-1.7868352724359323e-06,2600730844535492.0,1750000000000000.0,1160000000000000.0,1.0002670256292403,100.02670256292409,2601425306325740.5,1750467294851171.5,1160309749729919.5,0.16394882975341,0.110319163811706,0.0731258457266166,0.1068724689452388,0.0719131781926368,0.0476681638305479
945,945,2.25,0.02,1445,1000000.0,17.15,2.43,0.81,,1000000.0,100.0,1445.0,1.4443688242569803,0.0449159746328815,0.0278125898227433,-3.885774027833017e-06,-3.109115307250497e-06,2599597798758884.5,1750000000000000.0,1160000000000000.0,1.0004372306682106,100.04372306682106,2600734422641514.5,1750765153669368.5,1160507187575124.5,0.163972836227066,0.1103834075926531,0.0731684301757014,0.1068902580672026,0.0719564971577183,0.0476968781159732
946,946,2.25,0.02,1446,1000000.0,17.15,2.43,0.81,,1000000.0,100.0,1446.0,1.3528285759427727,0.0449999852919628,0.0279111183427943,1.761324577473756e-06,-1.4683268897007442e-06,2598464773683907.0,1750000000000000.0,1160000000000000.0,1.0946379521079754,109.46379521079754,2844378158490065.0,1915616416188956.8,1269780024445251.5,0.1640328558152027,0.1104719604374841,0.0732271280614179,0.1069080694853822,0.0719998683430978,0.0477256270159963
947,947,2.25,0.02,1447,1000000.0,17.15,2.43,0.81,,1000000.0,100.0,1447.0,1.446446771896717,0.0449778541649041,0.0278577410519699,-3.810398201385106e-06,1.079498538404247e-05,2597331748608928.5,1750000000000000.0,1160000000000000.0,1.0003827307407585,100.03827307407585,2598325827313069.0,1750669778796327.2,1160443967659279.8,0.1640566565100829,0.1105361873955488,0.0732697013593352,0.1069259023878822,0.0720432918432585,0.0477544105932455
948,948,2.25,0.02,1448,1000000.0,17.15,2.43,0.81,,1000000.0,100.0,1448.0,1.4476746270311422,0.044926576923474,0.0278485245999809,-6.363983385529677e-06,9.114044340389305e-08,2596198723533951.0,1750000000000000.0,1160000000000000.0,1.000224794467019,100.02247944670194,2596782334642284.0,1750393390317283.5,1160260761581742.5,0.1640984182772946,0.1106125772969976,0.0733203369511527,0.106943756813598,0.0720867677529112,0.0477832289105011
949,949,2.25,0.02,1449,1000000.0,17.15,2.43,0.81,,1000000.0,100.0,1449.0,1.4483739325512943,0.044962805350521,0.0278231505835968,1.8488948477408229e-06,3.5405033687147965e-06,2595065698458972.5,1750000000000000.0,1160000000000000.0,1.0004323528291124,100.04323528291124,2596187682455433.0,1750756617450946.8,1160501529281770.5,0.1641280319390146,0.1106808417466415,0.0733655865292024,0.1069616328015189,0.0721302961669959,0.0478120820306944
950,950,2.25,0.02,1450,1000000.0,17.15,2.43,0.81,,1000000.0,100.0,1450.0,1.449374014169166,0.0450282403885871,0.0277863908627167,1.382929357294316e-05,-1.7369199574127413e-06,2593932673383995.0,1750000000000000.0,1160000000000000.0,1.0004323187547464,100.04323187547462,2595054079127247.0,1750756557820805.8,1160501489755505.5,0.1641756189429119,0.1107612915701779,0.0734189132693751,0.1069795303907285,0.0721738771806821,0.0478409700169093
951,951,2.25,0.02,1451,1000000.0,17.15,2.43,0.81,,1000000.0,100.0,1451.0,1.4503392856820028,0.0449308841381507,0.0277785279510294,9.630151841308873e-07,6.8205357013479975e-06,2592799648309016.5,1750000000000000.0,1160000000000000.0,1.0004557997494747,100.04557997494749,2593981445739155.0,1750797649561581.0,1160528727709391.0,0.1642170824395958,0.1108376786678127,0.0734695470026644,0.1069959483783689,0.0722164976319178,0.0478692212874427
952,952,2.25,0.02,1452,1000000.0,17.15,2.43,0.81,,1000000.0,100.0,1452.0,1.4514985010753665,0.0449671516003509,0.0277809772610183,1.0937429249925313e-06,3.640093783508906e-06,2591666623234039.0,1750000000000000.0,1160000000000000.0,1.0003456166358098,100.03456166358096,2592562346333500.5,1750604829112666.8,1160400915297539.2,0.1642403595423922,0.1109018523534194,0.0735120849885523,0.1070123857679183,0.0722591684497475,0.0478975059438326
953,953,2.25,0.02,1453,1000000.0,17.15,2.43,0.81,,1000000.0,100.0,1453.0,1.452223631300285,0.0449936919933022,0.0278318185340079,-8.621649907076261e-06,3.996485286254835e-06,2590533598159060.5,1750000000000000.0,1160000000000000.0,1.0005349049927788,100.05349049927788,2591919287514677.0,1750936083737362.5,1160620489791623.5,0.1642755899948193,0.1109741570984566,0.0735600127052625,0.1070288425937893,0.072301889723505,0.0479258240452947
954,954,2.25,0.02,1454,1000000.0,17.15,2.43,0.81,,1000000.0,100.0,1454.0,1.4535456632910382,0.0448137708489192,0.0277375293008949,9.598013953141704e-06,4.890586599995175e-06,2589400556104459.0,1750000000000000.0,1160000000000000.0,1.0003126644682336,100.03126644682337,2590210169652377.0,1750547162819408.5,1160362690783151.2,0.1643227818182673,0.1110546097258068,0.0736133413039633,0.1070453181885417,0.0723446615427354,0.0479541756511846
955,955,2.25,0.02,1455,1000000.0,17.15,2.43,0.81,,1000000.0,100.0,1455.0,1.4546051153542294,0.0449484453933275,0.0278410103805126,1.493188957215058e-06,-5.398640842823687e-06,2588267498934926.5,1750000000000000.0,1160000000000000.0,1.00027152690959,100.027152690959,2588970283210104.0,1750475172091783.0,1160314971215124.5,0.1643638431035974,0.1111309884120008,0.0736639694616691,0.1070618126626361,0.0723874839971955,0.0479825608209981
956,956,2.25,0.02,1456,1000000.0,17.15,2.43,0.81,,1000000.0,100.0,1456.0,1.4555424655675098,0.0448525733682831,0.0277514268482692,-1.3780687276049335e-06,3.730465553871064e-06,2587134441765392.5,1750000000000000.0,1160000000000000.0,1.0003144430319548,100.03144430319549,2587947948163336.5,1750550275305921.0,1160364753917067.5,0.1643927350901552,0.1111992023930002,0.0737091855862173,0.1070783266752063,0.0724303571768549,0.0480109796143725
957,957,2.25,0.02,1457,1000000.0,17.15,2.43,0.81,,1000000.0,100.0,1457.0,1.3634639803550588,0.0449493293642732,0.0276530995559733,-2.668513560386992e-06,-4.357538197243937e-06,2586001384595860.5,1750000000000000.0,1160000000000000.0,1.0944151226308083,109.44151226308084,2830159022445920.0,1915226464603914.8,1269521542251738.0,0.1644396322636039,0.1112796606279773,0.0737625179019736,0.1070948602609891,0.0724732811718971,0.048039432091086
958,958,2.25,0.02,1458,1000000.0,17.15,2.43,0.81,,1000000.0,100.0,1458.0,1.4110424852497965,0.0448865714599928,0.0276734157663103,-1.6093711332925813e-06,4.2703368415618446e-07,2584868327426328.5,1750000000000000.0,1160000000000000.0,1.0473380511699493,104.73380511699492,2707230956577617.0,1832841589547411.2,1214912139357141.0,0.1644622807580749,0.111343772629685,0.0738050150002482,0.1071114134548039,0.0725162560727184,0.0480679183110591
959,959,2.25,0.02,1459,1000000.0,17.15,2.43,0.81,,1000000.0,100.0,1459.0,1.4120917326991156,0.0448828140010596,0.0277304697108056,5.599689373747577e-06,-1.4402668519541042e-06,2583735270256796.0,1750000000000000.0,1160000000000000.0,1.0471960537896148,104.71960537896148,2705677379049961.0,1832593094131825.2,1214747422395953.5,0.1645029404542495,0.1114201401006243,0.0738556357238424,0.1071279862915528,0.0725592819699305,0.048096438334354
960,960,2.25,0.02,1460,1000000.0,17.15,2.43,0.81,,1000000.0,100.0,1460.0,1.4127562446400574,0.0448862498163621,0.0276671347342496,-3.910082481802545e-06,-1.0313908335635394e-06,2582602213087263.5,1750000000000000.0,1160000000000000.0,1.0474317019737271,104.74317019737272,2705099431575106.5,1833005478454022.5,1215020774289523.5,0.1645314189091631,0.1114883204358605,0.0739008295460561,0.1071445788062207,0.0726023589543599,0.0481249922211757
961,961,2.25,0.02,1461,1000000.0,17.15,2.43,0.81,,1000000.0,100.0,1461.0,1.4607468138065314,0.0448174722034014,0.0276757958322198,4.1058965872845813e-07,3.1189611956152437e-06,2581469155917731.5,1750000000000000.0,1160000000000000.0,1.000173333369681,100.01733333696812,2581916610665253.0,1750303333396941.5,1160201066708829.8,0.1645839631767343,0.1115728750425031,0.0739568771710306,0.1071596785842769,0.0726444618145424,0.0481529004027824
962,962,2.25,0.02,1462,1000000.0,17.15,2.43,0.81,,1000000.0,100.0,1462.0,1.4147403858456962,0.0448706852166954,0.027683975835148,-5.713560758207935e-06,5.303944681691261e-07,2580336098748199.0,1750000000000000.0,1160000000000000.0,1.047340737948738,104.73407379487378,2702491113818706.0,1832846291410291.5,1214915256020536.0,0.1646182820599225,0.1116451433379635,0.0740047807268786,0.1071747958855305,0.0726866135348288,0.0481808409716579
963,963,2.25,0.02,1463,1000000.0,17.15,2.43,0.81,,1000000.0,100.0,1463.0,1.4624798416514069,0.0448809066736057,0.0276766229144777,1.7166054836577456e-05,3.903217118315082e-06,2579203064153012.5,1750000000000000.0,1160000000000000.0,1.000356099332997,100.03560993329972,2580121516643821.0,1750623173832744.5,1160413075226276.8,0.1646404092947679,0.1117092020672129,0.074047242513124,0.1071899316786771,0.0727288142003217,0.0482088139842131
964,964,2.25,0.02,1464,1000000.0,17.15,2.43,0.81,,1000000.0,100.0,1464.0,1.370034891870494,0.0447611491702227,0.0277109174661377,2.838201602745132e-06,-1.4110271515060766e-06,2578070039078035.5,1750000000000000.0,1160000000000000.0,1.0943224456115284,109.43224456115284,2821239910121683.5,1915064279820174.8,1269414036909373.0,0.1646745235974465,0.1117814535397921,0.074095134917805,0.1072050854531072,0.0727710638963207,0.0482368194969897
965,965,2.25,0.02,1465,1000000.0,17.15,2.43,0.81,,1000000.0,100.0,1465.0,1.4177822371085311,0.044685950952067,0.0275750195734912,-2.0619427223144066e-05,-5.854292701863205e-06,2576937014003056.5,1750000000000000.0,1160000000000000.0,1.047337219300927,104.73372193009268,2698922046559595.0,1832840133776622.0,1214911174389075.2,0.1647206332198847,0.1118619145785828,0.0741484690920891,0.1072202568440632,0.0728133627083241,0.0482648575666606
966,966,2.25,0.02,1466,1000000.0,17.15,2.43,0.81,,1000000.0,100.0,1466.0,1.46561851021479,0.0447598840194946,0.0276242653228951,-1.9023933664685749e-06,1.3707609824848164e-06,2575803988928079.5,1750000000000000.0,1160000000000000.0,1.0002603312599654,100.02603312599656,2576474551225941.0,1750455579704939.5,1160301984261560.2,0.1647545468387266,0.1119341604435345,0.0741963577797143,0.1072354458822817,0.0728557107220292,0.0482929282500307
967,967,2.25,0.02,1467,1000000.0,17.15,2.43,0.81,,1000000.0,100.0,1467.0,1.4664998715010142,0.0448501437819897,0.0276756223952704,-2.323356138347092e-06,2.417055199348417e-07,2574670963853100.5,1750000000000000.0,1160000000000000.0,1.0003410645013529,100.03410645013528,2575549092721535.0,1750596862877367.0,1160395634821569.2,0.1647883586572567,0.1120064007008598,0.0742442427502842,0.1072506525985718,0.0728981080233323,0.0483210316040374
968,968,2.25,0.02,1468,1000000.0,17.15,2.43,0.81,,1000000.0,100.0,1468.0,1.4674934156857489,0.0449365895676977,0.0276347362931926,5.355763060104646e-06,1.3237994683590146e-06,2573537938778123.5,1750000000000000.0,1160000000000000.0,1.0003452938334267,100.03452938334266,2574426565558472.5,1750604264208496.5,1160400540846774.8,0.164834174604006,0.1120868673472778,0.0742975806416241,0.1072658770238137,0.0729405546983302,0.0483491676857503
969,969,2.25,0.02,1469,1000000.0,17.15,2.43,0.81,,1000000.0,100.0,1469.0,1.4216461944538843,0.0448217813782973,0.027672974622834,-5.152129591104775e-06,-9.15586703975686e-07,2572404913703144.5,1750000000000000.0,1160000000000000.0,1.047312225645706,104.7312225645706,2694111115432391.0,1832796394879985.2,1214882181749019.2,0.1648556769369426,0.1121508643926273,0.0743400015402557,0.10728111918896,0.0729830508333204,0.0483773365523724
970,970,2.25,0.02,1470,1000000.0,17.15,2.43,0.81,,1000000.0,100.0,1470.0,1.469712939645865,0.0449245680397169,0.0275886330623902,-7.500897413910247e-07,-3.964767002513455e-06,2571271888628167.5,1750000000000000.0,1160000000000000.0,1.0001953393342844,100.01953393342843,2571774159167155.5,1750341843834997.5,1160226593627769.5,0.164889183419884,0.1122230878270707,0.0743878753596583,0.1072963791250351,0.0730255965148012,0.0484055382612396
971,971,2.25,0.02,1471,1000000.0,17.15,2.43,0.81,,1000000.0,100.0,1471.0,1.4704790007703878,0.0447348631192696,0.0275845534727286,5.064019537341638e-08,5.591951164394656e-06,2570138863553188.5,1750000000000000.0,1160000000000000.0,1.000354388011515,100.03543880115154,2571049689954362.5,1750620179020151.5,1160411090093357.8,0.1649225881460785,0.1122953056538863,0.0744357454620046,0.1073100438675284,0.0730670935455034,0.048433044864448
972,972,2.25,0.02,1472,1000000.0,17.15,2.43,0.81,,1000000.0,100.0,1472.0,1.4716505074662336,0.044782473045754,0.0275577735364268,4.1171612595903255e-06,1.3920580602174216e-06,2569005823834667.0,1750000000000000.0,1160000000000000.0,1.0002375027968635,100.02375027968633,2569615969902985.0,1750415629894510.8,1160275503244361.2,0.1649680077128002,0.1123757723003045,0.0744890833533447,0.1073237235371657,0.0731086377646637,0.0484605827468628
973,973,2.25,0.02,1473,1000000.0,17.15,2.43,0.81,,1000000.0,100.0,1473.0,1.472088553198023,0.0446389915651489,0.0276069617953263,-5.440970505991538e-07,4.1873851904655765e-06,2567872782070747.5,1750000000000000.0,1160000000000000.0,1.0006197472650291,100.06197472650294,2569464214204378.5,1751084557713801.5,1160718906827434.2,0.1650012107693257,0.1124479845194934,0.0745369497386355,0.1073374186860272,0.0731502292528184,0.0484881519618681
974,974,2.25,0.02,1474,1000000.0,17.15,2.43,0.81,,1000000.0,100.0,1474.0,1.4733715646685142,0.044741023601884,0.0274862387212158,-9.849556876641691e-06,1.0169558292260374e-05,2566739740306828.0,1750000000000000.0,1160000000000000.0,1.0004267731754066,100.04267731754064,2567835155976240.5,1750746853056961.2,1160495056883471.2,0.16502218880569,0.1125119254885716,0.0745793334667103,0.1073511294260931,0.0731918680906875,0.04851575256297
975,975,2.25,0.02,1475,1000000.0,17.15,2.43,0.81,,1000000.0,100.0,1475.0,1.4744768847334853,0.0447051717829025,0.0276128867598391,-1.7634679916541387e-06,-2.3905056708588684e-06,2565606698542908.5,1750000000000000.0,1160000000000000.0,1.0003548629560484,100.03548629560484,2566517137320011.0,1750621010173084.5,1160411641029016.0,0.165055185538177,0.1125841208848789,0.0746271887008339,0.1073648557840032,0.073233554359175,0.0485433846037959
976,976,2.25,0.02,1476,1000000.0,17.15,2.43,0.81,,1000000.0,100.0,1476.0,1.42832510607045,0.0446721872528355,0.0275905300344194,8.99094524807301e-07,-4.443375895970842e-06,2564473656778988.5,1750000000000000.0,1160000000000000.0,1.0473107740035057,104.73107740035051,2685800890392802.5,1832793854506134.5,1214880497844066.0,0.1651002095862173,0.1126645875312965,0.0746805265921736,0.1073785977864576,0.0732752881393686,0.0485710481380958
977,977,2.25,0.02,1477,1000000.0,17.15,2.43,0.81,,1000000.0,100.0,1477.0,1.4766402134730696,0.0445763117391578,0.0276319379932893,-5.571908492079435e-06,5.811606623789753e-07,2563340615015068.5,1750000000000000.0,1160000000000000.0,1.0002437007567349,100.02437007567347,2563965303062717.0,1750426476324286.0,1160282692877812.2,0.1651330057772611,0.112736777319977,0.0747283781092419,0.1073923554602183,0.073317069512542,0.0485987432197421
978,978,2.25,0.02,1478,1000000.0,17.15,2.43,0.81,,1000000.0,100.0,1478.0,1.477562497001145,0.0445294227241694,0.027521378554726,-2.647331690473692e-06,-4.508478602791447e-07,2562207573251150.5,1750000000000000.0,1160000000000000.0,1.0002961816620164,100.02961816620169,2562966452148627.0,1750518317908528.8,1160343570727939.2,0.1651657002791635,0.1128089615010297,0.074776225909254,0.1074061288321074,0.0733588985601534,0.0486264699027302
979,979,2.25,0.02,1479,1000000.0,17.15,2.43,0.81,,1000000.0,100.0,1479.0,1.4784544814098353,0.0446392651175516,0.0274292649269129,1.1992306118570128e-05,-6.486630551099378e-06,2561074531487231.0,1750000000000000.0,1160000000000000.0,1.0003690843344406,100.0369084334441,2562019783976138.0,1750645897585271.2,1160428137827951.2,0.1652104306652208,0.1128894337550745,0.0748295675176493,0.1074199179290088,0.0734007753638476,0.0486542282411789
980,980,2.25,0.02,1480,1000000.0,17.15,2.43,0.81,,1000000.0,100.0,1480.0,1.4795289097637578,0.0448385548332111,0.0275776073882345,2.0178541855559407e-06,-3.744894480581945e-06,2559941489789606.5,1750000000000000.0,1160000000000000.0,1.000318497250975,100.03184972509754,2560756824116761.0,1750557370189206.8,1160369456811131.2,0.1652307842633933,0.1129533130402535,0.0748719103581108,0.1074337227806499,0.0734427000054557,0.0486820182893306
981,981,2.25,0.02,1481,1000000.0,17.15,2.43,0.81,,1000000.0,100.0,1481.0,1.4327531850607194,0.0446113560145349,0.0274666662263219,-2.817642177318853e-07,8.11053845663892e-07,2558808449309468.5,1750000000000000.0,1160000000000000.0,1.047692909913268,104.7692909913268,2680845470167694.5,1833462592348219.2,1215323775499391.0,0.1652631738461438,0.113025480398425,0.074919747006956,0.107447994649851,0.0734849811395546,0.0487100446410762
982,982,2.25,0.02,1482,1000000.0,17.15,2.43,0.81,,1000000.0,100.0,1482.0,1.433804972204253,0.0447827380124447,0.027434857806672,-4.010974622848437e-07,-9.566443829623964e-06,2557675408829331.5,1750000000000000.0,1160000000000000.0,1.047640816539303,104.76408165393032,2679525153748457.0,1833371428943780.8,1215263347185591.5,0.1652893887633018,0.1130934868972185,0.074964825600442,0.1074622829612149,0.073527310984392,0.0487381032810827
983,983,2.25,0.02,1483,1000000.0,17.15,2.43,0.81,,1000000.0,100.0,1483.0,1.435185131021849,0.0447969472262421,0.0274813818390261,-8.922346729668703e-06,1.2357146067590518e-06,2556542368349193.0,1750000000000000.0,1160000000000000.0,1.047281866620274,104.72818666202744,2677420463618561.0,1832743266585480.0,1214846965279518.0,0.165333722511976,0.11317395634745,0.0750181653503097,0.1074765877431717,0.0735696896241934,0.0487661942651795
984,984,2.25,0.02,1484,1000000.0,17.15,2.43,0.81,,1000000.0,100.0,1484.0,1.4834574175892383,0.0447886298641376,0.0275970249183754,-2.5312157322313454e-06,-6.576727071901082e-06,2555409327869056.5,1750000000000000.0,1160000000000000.0,1.0003659023418645,100.03659023418648,2556344358126547.0,1750640329098263.2,1160424446716563.0,0.165371884421009,0.1132502705459307,0.0750687507618741,0.107490909024217,0.0736121171433786,0.0487943176493253
985,985,2.25,0.02,1485,1000000.0,17.15,2.43,0.81,,1000000.0,100.0,1485.0,1.4371261536014543,0.0447199248088046,0.0275107075554475,-7.096128361701205e-06,-1.1386691739676969e-05,2554276287388919.5,1750000000000000.0,1160000000000000.0,1.04730041602807,104.73004160280702,2675094618433049.0,1832775728049122.8,1214868482592561.2,0.1653917158313982,0.1133140937548377,0.0751110564317781,0.1075052468329122,0.0736545936265627,0.0488224734896072
986,986,2.25,0.02,1486,1000000.0,17.15,2.43,0.81,,1000000.0,100.0,1486.0,1.4379542256090845,0.0445487401648939,0.0274507864986774,-2.8704355873528444e-06,2.5298570032318237e-06,2553143246908783.0,1750000000000000.0,1160000000000000.0,1.0474533314361911,104.7453331436191,2674298399608417.0,1833043330013334.8,1215045864465981.5,0.1654418331593314,0.1133987324758883,0.0751671598125888,0.1075196011978848,0.0736971191585557,0.0488506618422426
987,987,2.25,0.02,1487,1000000.0,17.15,2.43,0.81,,1000000.0,100.0,1487.0,1.4862918902122828,0.0445692181497642,0.0275730909435006,-8.648398398826495e-07,-1.8651904322944517e-06,2552010206428644.5,1750000000000000.0,1160000000000000.0,1.0004766151054685,100.04766151054685,2553226533042339.0,1750834076434569.8,1160552873522343.5,0.1654614571814565,0.1134625360580998,0.0752094524727976,0.1075339721478283,0.0737396938243637,0.0488788827635783
988,988,2.25,0.02,1488,1000000.0,17.15,2.43,0.81,,1000000.0,100.0,1488.0,1.4876860834278205,0.0446926935039616,0.0274440545076803,-4.113219167589206e-06,-5.648726279242057e-07,2550877165948508.0,1750000000000000.0,1160000000000000.0,1.0002110407880356,100.02110407880356,2551415505075792.0,1750369321379062.5,1160244807314121.2,0.1654931368622336,0.1135346669666942,0.0752572649607802,0.107548359711503,0.0737823177091896,0.0489071363100914
989,989,2.25,0.02,1489,1000000.0,17.15,2.43,0.81,,1000000.0,100.0,1489.0,1.4410514134313654,0.0447827181814569,0.0273167935098605,-9.014474482681388e-06,1.9544227786951827e-07,2549744125468371.0,1750000000000000.0,1160000000000000.0,1.047239520427078,104.7239520427078,2670192815167256.0,1832669160747386.5,1214797843695410.0,0.1655247149701579,0.1136067922676618,0.0753050737317071,0.1075627639177349,0.0738249908984332,0.04893542253839
990,990,2.25,0.02,1490,1000000.0,17.15,2.43,0.81,,1000000.0,100.0,1490.0,1.4419090389869595,0.0447414624374725,0.0275244604470407,-5.528691979015019e-06,5.247504247577341e-06,2548611084988232.5,1750000000000000.0,1160000000000000.0,1.0473741802448973,104.73741802448971,2669349445902609.0,1832904815428570.5,1214954049084080.5,0.1655683598444806,0.1136872673255201,0.0753584171986303,0.1075771847954174,0.0738677134776919,0.0489637415052128
991,991,2.25,0.02,1491,1000000.0,17.15,2.43,0.81,,1000000.0,100.0,1491.0,1.4904851401632413,0.0447832328900846,0.0274672669025986,-1.82539652319918e-06,-5.102006082803002e-07,2547478044508096.0,1750000000000000.0,1160000000000000.0,1.0003455490256994,100.03455490256994,2548358323064366.5,1750604710794974.0,1160400836869811.5,0.1655875665110134,0.1137510260467143,0.0754006801223935,0.1075945306666313,0.0739124833960884,0.0489934175654072
992,992,2.25,0.02,1492,1000000.0,17.15,2.43,0.81,,1000000.0,100.0,1492.0,1.443960621034112,0.0447325179925303,0.0274265419484859,-1.6275067234566122e-06,-2.8553447651313757e-06,2546345004027959.5,1750000000000000.0,1160000000000000.0,1.0472540852457497,104.72540852457492,2666670207913384.5,1832694649180061.2,1214814738885069.2,0.1656188399657294,0.1138231345247997,0.075448477742153,0.1076118975766497,0.0739573076159122,0.0490231296196903
993,993,2.25,0.02,1493,1000000.0,17.15,2.43,0.81,,1000000.0,100.0,1493.0,1.4923694393198956,0.0447335137908183,0.027398227968017,1.4680134929084033e-05,-7.853688423196683e-06,2545211963547820.5,1750000000000000.0,1160000000000000.0,1.00042267229835,100.04226722983496,2546287754138241.0,1750739676522111.8,1160490299866085.8,0.1656439236078661,0.1138910513015586,0.0754934968627474,0.1076292855637728,0.0740021862360161,0.0490528777335879
994,994,2.25,0.02,1494,1000000.0,17.15,2.43,0.81,,1000000.0,100.0,1494.0,1.4933976335093349,0.0447305861362698,0.0273916095042249,6.211102721579071e-07,7.647863938744295e-07,2544078923067684.5,1750000000000000.0,1160000000000000.0,1.0004034940796491,100.04034940796492,2545105443851302.5,1750706114639386.2,1160468053132393.2,0.1656871719472707,0.1139715235556038,0.075546838471143,0.1076466946663937,0.0740471193554938,0.0490826619727845
995,995,2.25,0.02,1495,1000000.0,17.15,2.43,0.81,,1000000.0,100.0,1495.0,1.4943289048974069,0.0446733778345754,0.0274816148371612,4.867994555798344e-06,-1.212021007630042e-06,2542945882587547.5,1750000000000000.0,1160000000000000.0,1.0004493156249172,100.04493156249173,2544088467905912.5,1750786302343605.0,1160521206124903.8,0.1657181422089531,0.1140436180146211,0.0755946267982632,0.107664124922999,0.0740921070736793,0.0491124824031245
996,996,2.25,0.02,1496,1000000.0,17.15,2.43,0.81,,1000000.0,100.0,1496.0,1.4957137483655516,0.0445691195440464,0.0272974212051293,2.474821118900135e-06,9.71440154768282e-07,2541812842107409.0,1750000000000000.0,1160000000000000.0,1.0001914088401098,100.019140884011,2542299367555294.0,1750334965470192.2,1160222034254527.5,0.1657368262309295,0.11410731785573,0.075636850692941,0.1076815763721688,0.0741371494901481,0.0491423390906125
997,997,2.25,0.02,1497,1000000.0,17.15,2.43,0.81,,1000000.0,100.0,1497.0,1.4488923048406597,0.0445696212054119,0.0271781030883213,1.1393442331886284e-05,-6.407342427025624e-06,2540679801627272.5,1750000000000000.0,1160000000000000.0,1.047167748065293,104.71677480652929,2660517946425006.5,1832543559114262.5,1214714587755739.8,0.1657858719671099,0.1141919874187298,0.0756929745175579,0.107699049052577,0.0741822467047186,0.0491722321014134
998,998,2.25,0.02,1498,1000000.0,17.15,2.43,0.81,,1000000.0,100.0,1498.0,1.4976526201857268,0.0447491094105891,0.0273841381713364,-1.6584950496646335e-06,-3.129189399360674e-06,2539093521267193.0,1750000000000000.0,1160000000000000.0,1.0002319686871817,100.02319686871816,2539682511457953.0,1750405945202567.5,1160269083677130.8,0.1657747574030699,0.1142556676331435,0.0757351854025407,0.107697318535947,0.0742273988174515,0.0492021615018535
999,999,2.25,0.02,1499,1000000.0,17.15,2.43,0.81,,1000000.0,100.0,1499.0,1.498408645215363,0.0445807719565929,0.0273833333554079,6.51010798388462e-06,5.029698213373112e-06,2536827437739355.5,1750000000000000.0,1160000000000000.0,1.000394744029933,100.0394744029933,2537828835225372.5,1750690802052382.8,1160457903074722.2,0.1657312798603482,0.1143277368578384,0.07578295700291,0.1076667340526892,0.0742726059286516,0.0492321273584204
1000,1000,2.25,0.02,1500,1000000.0,17.15,2.43,0.81,,1000000.0,100.0,1500.0,1.4996078956997507,0.0446513788630103,0.0272855393357983,-1.657047715584176e-06,4.582768702378559e-06,2534561354211516.0,1750000000000000.0,1160000000000000.0,1.0002615072679333,100.02615072679332,2535224160426665.0,1750457637718883.2,1160303348430802.8,0.1656815163181862,0.1143955947545111,0.0758279370944189,0.1076361122926643,0.0743178681388682,0.049262129737764
1001,1001,2.25,0.02,1501,1000000.0,17.15,2.43,0.81,,1000000.0,100.0,1501.0,1.4044927386773622,0.0446241211458867,0.0273332112652624,8.055665264407322e-06,7.708481419024257e-06,2532295270683676.5,1750000000000000.0,1160000000000000.0,1.094511319494903,109.45113194949028,2771625838066694.5,1915394809116080.0,1269633130614087.5,0.1656498303384202,0.1144760670085564,0.0758812787028146,0.1076043100734988,0.0743623955739502,0.0492916450661611
1002,1002,2.25,0.02,1502,1000000.0,17.15,2.43,0.81,,1000000.0,100.0,1502.0,1.501652597739485,0.0444839239727906,0.0274389220027057,1.1511816439635838e-05,-5.114522268199361e-07,2530029187155839.0,1750000000000000.0,1160000000000000.0,1.0002314039273297,100.02314039273296,2530614645846005.0,1750404956872826.8,1160268428555702.5,0.1655935902686586,0.1145396995581391,0.0759234579928236,0.1075724697229864,0.074406976398107,0.0493211957838881
1003,1003,2.25,0.02,1503,1000000.0,17.15,2.43,0.81,,1000000.0,100.0,1503.0,1.5024683557373009,0.0446508627585019,0.0273154913780094,-1.2445834658424163e-05,4.191626012485179e-06,2527763103627999.5,1750000000000000.0,1160000000000000.0,1.0003539794305776,100.03539794305776,2528657879772056.5,1750619464003510.8,1160410616139469.8,0.1655493351910872,0.1146117435485118,0.075971212866442,0.1075405911725063,0.0744516107074179,0.0493507819546312
1004,1004,2.25,0.02,1504,1000000.0,17.15,2.43,0.81,,1000000.0,100.0,1504.0,1.5033684815105062,0.0446825354139668,0.0272541375725398,-8.714135659997687e-07,-1.0318672723755567e-06,2525497020100160.5,1750000000000000.0,1160000000000000.0,1.0004203325439802,100.042033254398,2526558568687433.0,1750735581951965.0,1160487585751016.8,0.1654987998073087,0.1146795649956076,0.0760161687970886,0.1075086743532725,0.0744962985981925,0.0493804036422304
1005,1005,2.25,0.02,1505,1000000.0,17.15,2.43,0.81,,1000000.0,100.0,1505.0,1.5045583293686604,0.0446057580966027,0.0271990949734146,1.591386354685961e-07,4.441189073151861e-06,2523230936572321.0,1750000000000000.0,1160000000000000.0,1.0002935983507857,100.02935983507857,2523971753013951.0,1750513797113874.8,1160340574086911.2,0.1654663252547698,0.1147600344458392,0.0760695085469562,0.1074767191963335,0.0745410401669719,0.0494100609106785
1006,1006,2.25,0.02,1506,1000000.0,17.15,2.43,0.81,,1000000.0,100.0,1506.0,1.5056747736748093,0.0446109241635316,0.0272576707820756,5.713083369937404e-06,-6.380711629583626e-07,2520964853044483.5,1750000000000000.0,1160000000000000.0,1.0002160297953566,100.02160297953564,2521509456565787.5,1750378052141874.0,1160250594562613.5,0.1654214847989492,0.1148320644171443,0.0761172541279357,0.1074447256325723,0.0745858355105293,0.0494397538241223
1007,1007,2.25,0.02,1507,1000000.0,17.15,2.43,0.81,,1000000.0,100.0,1507.0,1.506482213946424,0.0447679395595487,0.0273676998814329,-1.691277139297794e-06,4.551367274240513e-06,2519349394341446.5,1750000000000000.0,1160000000000000.0,1.0003438406455012,100.03438406455012,2520215649063439.0,1750601721129627.2,1160398855148781.5,0.1654070035577452,0.1148956380866415,0.0761593943888594,0.1074404402076628,0.0746306847258707,0.0494694824468628
1008,1008,2.25,0.02,1508,1000000.0,17.15,2.43,0.81,,1000000.0,100.0,1508.0,1.4594454593940354,0.0446611740501821,0.0273560679776955,9.841435163206004e-06,-1.3955039043709382e-06,2518216369266468.5,1750000000000000.0,1160000000000000.0,1.047312541341197,104.7312541341197,2637359585343467.5,1832796947347094.8,1214882547955788.5,0.1654544934129789,0.1149803356877769,0.076215536798755,0.1074567359200872,0.0746755879102356,0.0494992468433562
1009,1009,2.25,0.02,1509,1000000.0,17.15,2.43,0.81,,1000000.0,100.0,1509.0,1.3634337420919684,0.0446025643585906,0.0273305167958772,-3.993122771367448e-06,-4.449002704802954e-06,2517083344191491.0,1750000000000000.0,1160000000000000.0,1.1416974157631752,114.16974157631752,2873747549323956.5,1997970477585556.8,1324369002285283.2,0.1654714621096243,0.1150438897305788,0.0762576640499837,0.1074730512536608,0.0747205451610975,0.0495290470782132
1010,1010,2.25,0.02,1510,1000000.0,17.15,2.43,0.81,,1000000.0,100.0,1510.0,1.4130255883854457,0.0445798675208776,0.0272893867896988,1.1503375161974306e-05,-2.2733379717377938e-06,2515950319116512.5,1750000000000000.0,1160000000000000.0,1.094351485670556,109.4351485670556,2753333969598464.0,1915115099923472.8,1269447723377844.8,0.1655004979548815,0.1151158944675609,0.0763053929042118,0.107489386243843,0.0747655565761647,0.0495588832162006
1011,1011,2.25,0.02,1511,1000000.0,17.15,2.43,0.81,,1000000.0,100.0,1511.0,1.5104632897049215,0.0444876348647977,0.027205578954643,-3.723866139294495e-06,6.556819218369496e-07,2514817294041535.0,1750000000000000.0,1160000000000000.0,1.0003553908328957,100.03553908328958,2515711037054244.0,1750621933957567.2,1160412253366159.0,0.1655233444008516,0.1151836570345719,0.0763503098057734,0.1075044081737301,0.0748096948234683,0.0495881405686989
1012,1012,2.25,0.02,1512,1000000.0,17.15,2.43,0.81,,1000000.0,100.0,1512.0,1.5114113003100555,0.0445917235776159,0.0272201516785353,-7.0861193582153055e-06,4.648796241712548e-06,2513684268966556.5,1750000000000000.0,1160000000000000.0,1.0003897333945624,100.03897333945623,2514663935669558.5,1750682033440484.5,1160452090737692.5,0.1655643551548693,0.1152641264848031,0.076403649555641,0.1075194478506479,0.0748538852160582,0.0496174324860729
1013,1013,2.25,0.02,1513,1000000.0,17.15,2.43,0.81,,1000000.0,100.0,1513.0,1.512460147028196,0.0445406316119946,0.0272674659619139,-2.3475831756619883e-06,-6.293976148537468e-06,2512551243891579.0,1750000000000000.0,1160000000000000.0,1.00035698704012,100.035698704012,2513448192123285.0,1750624727320209.5,1160414104966539.0,0.1655809070882474,0.1153276328627736,0.0764457452118956,0.1075345053060649,0.0748981278463962,0.0496467590296113
1014,1014,2.25,0.02,1514,1000000.0,17.15,2.43,0.81,,1000000.0,100.0,1514.0,1.4652305637149496,0.0443930673995074,0.0271780685266297,6.071358732079603e-06,-2.7471263454442943e-06,2511418218816600.5,1750000000000000.0,1160000000000000.0,1.0472969288909073,104.72969288909071,2630200587727298.5,1832769625559087.2,1214864437513452.5,0.1656095365365284,0.1153996123654341,0.0764934573393734,0.1075495805715236,0.0749424228071633,0.0496761202607482
1015,1015,2.25,0.02,1515,1000000.0,17.15,2.43,0.81,,1000000.0,100.0,1515.0,1.5143892311711624,0.0445187577560926,0.0272367998771078,1.6021892430042385e-06,1.1530711245191942e-06,2510285193741623.0,1750000000000000.0,1160000000000000.0,1.0004033778433403,100.04033778433408,2511297787169244.5,1750705911225846.0,1160467918298275.2,0.1656319715167402,0.1154673384828678,0.0765383500800723,0.1075646736786418,0.0749867701912591,0.0497055162410631
1016,1016,2.25,0.02,1516,1000000.0,17.15,2.43,0.81,,1000000.0,100.0,1516.0,1.515533735563645,0.0444941847920734,0.0272816798433912,-3.3903420894603434e-06,1.2051855356446114e-06,2509152144650611.0,1750000000000000.0,1160000000000000.0,1.000307752782675,100.0307752782675,2509924343205281.0,1750538567369681.2,1160356993227903.0,0.1656725845998967,0.1155478051292861,0.0765916879714124,0.1075797836294253,0.0750311700918038,0.0497349470322814
1017,1017,2.25,0.02,1517,1000000.0,17.15,2.43,0.81,,1000000.0,100.0,1517.0,1.5165797957443146,0.0446439692192392,0.0271889342274732,-1.3146998786203403e-06,-1.458362990114669e-06,2508019087481078.5,1750000000000000.0,1160000000000000.0,1.0002771753798163,100.02771753798166,2508714248624238.0,1750485056914679.0,1160321523440587.2,0.1657009094784469,0.1156197706128781,0.0766393908062506,0.1075949111375363,0.0750756226021382,0.0497644126962744
1018,1018,2.25,0.02,1518,1000000.0,17.15,2.43,0.81,,1000000.0,100.0,1518.0,1.4692734176224682,0.0443685770315146,0.027299639695713,6.624764327632337e-06,5.872523661897638e-07,2506886030311544.5,1750000000000000.0,1160000000000000.0,1.0471515282734274,104.71515282734272,2625089537848040.0,1832515174478497.2,1214695772797175.5,0.1657108420814336,0.115678961921723,0.0766786261881136,0.1076100565809758,0.0751201278158243,0.0497939132950607
1019,1019,2.25,0.02,1519,1000000.0,17.15,2.43,0.81,,1000000.0,100.0,1519.0,1.5185109336618323,0.0446582510029075,0.0272137632423647,9.391385931955104e-07,1.846370746071e-06,2505752973142012.5,1750000000000000.0,1160000000000000.0,1.0003221122483414,100.0322112248342,2506560106865980.0,1750563696434598.0,1160373650208076.2,0.1657572555783893,0.1157636847571811,0.0767347853247599,0.1076252199916593,0.0751646858266461,0.0498234488908054
1020,1020,2.25,0.02,1520,1000000.0,17.15,2.43,0.81,,1000000.0,100.0,1520.0,1.5197402397836868,0.0445611637483061,0.0270757513974237,-4.969542103622218e-06,6.981769881362733e-06,2504619915972480.5,1750000000000000.0,1160000000000000.0,1.0001709506588603,100.01709506588604,2505048082397311.0,1750299163653006.2,1160198302764278.5,0.1657730777577813,0.1158271098245569,0.0767768270837062,0.1076404014015781,0.0752092967286104,0.0498530195458217
1021,1021,2.25,0.02,1521,1000000.0,17.15,2.43,0.81,,1000000.0,100.0,1521.0,1.5208211068668789,0.0445855792066973,0.0271296691043624,-6.672714492282633e-06,-6.972559038878835e-07,2503486858802947.5,1750000000000000.0,1160000000000000.0,1.0001176384074164,100.01176384074164,2503781365010005.0,1750205867212979.0,1160136460552603.2,0.1658009953075772,0.1158990472700134,0.0768245113332659,0.1077212399260834,0.0752998439787232,0.0499130394373251
1022,1022,2.25,0.02,1522,1000000.0,17.15,2.43,0.81,,1000000.0,100.0,1522.0,1.4729788091963665,0.0446092020343975,0.0272115784578775,-1.5149261892077635e-06,3.860042147878049e-06,2502353801633415.5,1750000000000000.0,1160000000000000.0,1.0472669697111678,104.72669697111677,2620632482981846.5,1832717196994543.2,1214829684864954.5,0.1658227096538849,0.1159667117035476,0.0768693631863516,0.1078022733341869,0.0753906095179998,0.0499732040233598
1023,1023,2.25,0.02,1523,1000000.0,17.15,2.43,0.81,,1000000.0,100.0,1523.0,1.5223759878254668,0.0443729261677388,0.027116157912807,-4.454319689997509e-06,-6.184821025321781e-07,2501220744463883.0,1750000000000000.0,1160000000000000.0,1.0004099898181935,100.04099898181936,2502246219502167.0,1750717482181838.8,1160475588189104.5,0.1658626301785588,0.1160471755461523,0.0769226992191638,0.1078835023314704,0.0754815941367622,0.0500335138277967
1024,1024,2.25,0.02,1524,1000000.0,17.15,2.43,0.81,,1000000.0,100.0,1524.0,1.4747462637532678,0.0445571663742448,0.0271347579030156,-1.6345632986307877e-05,-8.242552244141478e-07,2500087687294350.5,1750000000000000.0,1160000000000000.0,1.047444705141263,104.7444705141263,2618703610445332.0,1833028233997210.0,1215035857963865.0,0.1658902454862642,0.1161190989725404,0.0769703741760838,0.1079649276269254,0.0755727986291525,0.0500939693770382
1025,1025,2.25,0.02,1525,1000000.0,17.15,2.43,0.81,,1000000.0,100.0,1525.0,1.5246168283313182,0.0446279397866899,0.0271073265053411,-9.673759095836457e-08,-1.7773332085599911e-06,2498954659735575.0,1750000000000000.0,1160000000000000.0,1.00025140544683,100.025140544683,2499582910548414.0,1750439959531952.5,1160291630318322.8,0.1658994443548975,0.116178189344096,0.0770095426509436,0.1080465512132466,0.0756642237931556,0.0501545712000345
1026,1026,2.25,0.02,1526,1000000.0,17.15,2.43,0.81,,1000000.0,100.0,1526.0,1.5257667733811104,0.0444384975707539,0.0271525700766444,7.978438835268382e-06,-2.190790714480451e-06,2497821634660596.5,1750000000000000.0,1160000000000000.0,1.0001528820569932,100.01528820569928,2498203506770105.0,1750267543599737.8,1160177343186111.8,0.1659207488327943,0.1162458145242401,0.0770543684846391,0.1081283726366591,0.0757558704306222,0.0502153198282982
1027,1027,2.25,0.02,1527,1000000.0,17.15,2.43,0.81,,1000000.0,100.0,1527.0,1.3800003160441694,0.0444273118536686,0.0271599672696322,-8.980205708620123e-06,-3.198273541482609e-06,2496688609585619.0,1750000000000000.0,1160000000000000.0,1.1414499400938956,114.14499400938956,2849845063844615.0,1997537395164317.2,1324081930508919.0,0.1659602743962791,0.1163262727592176,0.0771077008003956,0.1082103925092607,0.0758477393472932,0.0502762157959201
1028,1028,2.25,0.02,1528,1000000.0,17.15,2.43,0.81,,1000000.0,100.0,1528.0,1.5276193764303343,0.0445319305827204,0.0271781582651076,8.367510189680297e-06,3.3549908375943666e-06,2495555584510640.5,1750000000000000.0,1160000000000000.0,1.0002492073413505,100.02492073413508,2496177495283049.0,1750436112847363.5,1160289080515966.5,0.1659874848841294,0.1163981681474697,0.077155357172037,0.1082926115539042,0.0759398313528225,0.0503372596395852
1029,1029,2.25,0.02,1529,1000000.0,17.15,2.43,0.81,,1000000.0,100.0,1529.0,1.4794763139490965,0.0444925867078939,0.0272055245767482,-2.8521640513024315e-06,7.08333349225719e-06,2494422559435663.5,1750000000000000.0,1160000000000000.0,1.0474434370237262,104.74434370237265,2612766539044810.5,1833026014791520.8,1215034386947522.5,0.1659962622823869,0.1164571968351258,0.0771944847592833,0.1083750304969574,0.0760321472608005,0.0503984518985878
1030,1030,2.25,0.02,1530,1000000.0,17.15,2.43,0.81,,1000000.0,100.0,1530.0,1.4316472269688982,0.0444638097612117,0.0270972653400366,-2.4902247322824294e-06,-2.6182305251696957e-06,2493289534360684.5,1750000000000000.0,1160000000000000.0,1.0944807136891022,109.44807136891022,2728857309000653.0,1915341248955928.8,1269597627879358.5,0.1660416026026992,0.1165419421010929,0.077250658764153,0.1084576500683245,0.0761246878887795,0.0504597931148482
1031,1031,2.25,0.02,1531,1000000.0,17.15,2.43,0.81,,1000000.0,100.0,1531.0,1.530685932053507,0.0443857061038395,0.0269586041399117,5.894501776584408e-06,9.613118516696876e-06,2492156509285707.5,1750000000000000.0,1160000000000000.0,1.0002052014618366,100.02052014618366,2492667903444538.0,1750359102558213.8,1160238033695730.5,0.1660562836526065,0.1166052353892299,0.0772926131722896,0.1084687588369374,0.0761670975548185,0.0504879046649082
1032,1032,2.25,0.02,1532,1000000.0,17.15,2.43,0.81,,1000000.0,100.0,1532.0,1.3845438090955269,0.0445576744474507,0.0269916413307976,8.604509724901506e-06,-7.638485118716418e-06,2491023484210728.5,1750000000000000.0,1160000000000000.0,1.1415516701296968,114.1551670129697,2843632018733054.5,1997715422726970.0,1324199937350448.5,0.1660830874247883,0.1166771027393464,0.0773402509586523,0.1084798799900156,0.0762095545007185,0.050516047554762
1033,1033,2.25,0.02,1533,1000000.0,17.15,2.43,0.81,,1000000.0,100.0,1533.0,1.483473997706105,0.0444809482394776,0.0269630690642085,-2.070266617512037e-06,1.229076921849057e-06,2489890457646380.0,1750000000000000.0,1160000000000000.0,1.0473752558922722,104.73752558922722,2607849655221104.0,1832906697811476.5,1214955296835035.8,0.1660975590164583,0.116740367989347,0.07738218678151,0.1084910134833848,0.0762520588055877,0.0505442218368467
1034,1034,2.25,0.02,1534,1000000.0,17.15,2.43,0.81,,1000000.0,100.0,1534.0,1.533696538218578,0.0443380769665739,0.0269634563029774,9.487596761138554e-06,-1.3159982396512746e-06,2488757417166243.5,1750000000000000.0,1160000000000000.0,1.0001978763742163,100.01978763742164,2489249883460256.0,1750346283654878.8,1160229536594091.0,0.1661363907367164,0.1168208206166978,0.0774355153802111,0.1085021587959507,0.0762946105487108,0.0505724275637168
1035,1035,2.25,0.02,1535,1000000.0,17.15,2.43,0.81,,1000000.0,100.0,1535.0,1.338021194735431,0.0444773389894412,0.0271283195065406,-1.052623481789229e-05,-8.970352712460444e-07,2487624376686105.0,1750000000000000.0,1160000000000000.0,1.1886317281318886,118.86317281318884,2956869261803417.0,2080105524230804.8,1378812804632990.5,0.1661628903963417,0.116892671143932,0.0774831420154064,0.1085133165545355,0.0763372098095495,0.0506006647880442
1036,1036,2.25,0.02,1536,1000000.0,17.15,2.43,0.81,,1000000.0,100.0,1536.0,1.5355262741588376,0.0445678857711241,0.0270271287575197,-3.686039216385987e-06,5.956187304765173e-06,2486491336205968.5,1750000000000000.0,1160000000000000.0,1.0003085557127656,100.0308555712766,2487258557312497.0,1750539972497340.2,1160357924626808.2,0.1661709316768291,0.116951596090485,0.0775222008371214,0.1085244867799984,0.0763798566677431,0.0506289335626183
1037,1037,2.25,0.02,1537,1000000.0,17.15,2.43,0.81,,1000000.0,100.0,1537.0,1.5366011945514857,0.0444555757916853,0.0270928360554886,1.2799771957958472e-05,1.254338684416444e-07,2485358295725831.5,1750000000000000.0,1160000000000000.0,1.0002595779880354,100.0259577988036,2486003440031784.0,1750454261479062.5,1160301110466121.5,0.1661911054345854,0.1170191175295264,0.077566957905286,0.1085356694932455,0.0764225512031092,0.0506572339403467
1038,1038,2.25,0.02,1538,1000000.0,17.15,2.43,0.81,,1000000.0,100.0,1538.0,1.5375596221543677,0.0443648995237806,0.0269867768789291,-2.726871590915698e-06,6.311874980486192e-06,2484225255245694.5,1750000000000000.0,1160000000000000.0,1.0002864808606482,100.02864808606482,2484936938234861.0,1750501341506134.5,1160332317798351.8,0.1662295403608678,0.1170995645492493,0.077620282786931,0.1085468647152298,0.0764652934956435,0.0506855659742552
1039,1039,2.25,0.02,1539,1000000.0,17.15,2.43,0.81,,1000000.0,100.0,1539.0,1.5386434573959604,0.0444694995898647,0.0269334737648655,4.956973677140519e-06,1.5939903948078246e-06,2483092214765556.5,1750000000000000.0,1160000000000000.0,1.000231750993685,100.02317509936852,2483667673853741.0,1750405564238949.2,1160268831152675.2,0.1662495109906579,0.1171670719692221,0.0776650305624557,0.108558072466951,0.0765080836255213,0.0507139297174884
1040,1040,2.25,0.02,1540,1000000.0,17.15,2.43,0.81,,1000000.0,100.0,1540.0,1.5396168428224657,0.0443449227223548,0.0269681108525296,-3.7482741194699898e-06,-4.971465257397758e-08,2481959174285419.5,1750000000000000.0,1160000000000000.0,1.000248923176616,100.0248923176616,2482576991447314.0,1750435615559078.2,1160288750884874.8,0.1662693782986877,0.1172345681739414,0.0777097709038696,0.1085692927694557,0.0765509216730968,0.0507423252233099
1041,1041,2.25,0.02,1541,1000000.0,17.15,2.43,0.81,,1000000.0,100.0,1541.0,1.540525539288683,0.0442769627316211,0.0270199208667545,9.75923011445616e-07,-2.694909560453984e-06,2480826133805283.0,1750000000000000.0,1160000000000000.0,1.00030804833838,100.030804833838,2481590348173610.5,1750539084592164.8,1160357336072520.5,0.1663075174744031,0.1173150151936641,0.0777630957855144,0.1085792900493644,0.0765929361179898,0.0507701747982104
1042,1042,2.25,0.02,1542,1000000.0,17.15,2.43,0.81,,1000000.0,100.0,1542.0,1.492103953772196,0.0444407121734612,0.027077612240624,-4.779656870712103e-06,-9.276698368191412e-07,2479693092977407.5,1750000000000000.0,1160000000000000.0,1.0474127408430696,104.74127408430697,2597262138965094.0,1832972296475371.5,1214998779377960.5,0.1663149292446451,0.1173738504181819,0.0778020951343376,0.1085892982939476,0.0766349967068846,0.0507980549599921
1043,1043,2.25,0.02,1543,1000000.0,17.15,2.43,0.81,,1000000.0,100.0,1543.0,1.493234061873388,0.0443570946777321,0.0269068999056457,-7.370529685792615e-06,-3.1811922524666893e-06,2478560051213487.5,1750000000000000.0,1160000000000000.0,1.0473264147042882,104.73264147042885,2595861412066699.0,1832821225732504.5,1214898641056974.0,0.1663406152069988,0.1174456420653311,0.077849682740448,0.1085993174955018,0.0766771035158423,0.0508259657590726
1044,1044,2.25,0.02,1544,1000000.0,17.15,2.43,0.81,,1000000.0,100.0,1544.0,1.4941492736373951,0.0443645474970147,0.0270310656157789,-8.335289890730436e-08,3.2861835673882297e-06,2477427009449568.5,1750000000000000.0,1160000000000000.0,1.0473393300611282,104.73393300611284,2594706744352256.0,1832843827606974.8,1214913622870908.8,0.1663539431245586,0.1175087699284662,0.0778915274954405,0.1086093477131333,0.076719256621091,0.0508539072459803
1045,1045,2.25,0.02,1545,1000000.0,17.15,2.43,0.81,,1000000.0,100.0,1545.0,1.5440325959777963,0.0444414852322585,0.026934670168534,-6.518946390637114e-06,-7.426434489071862e-06,2476293967685648.5,1750000000000000.0,1160000000000000.0,1.000626967846788,100.0626967846788,2477846524382582.5,1751097193731879.0,1160727282702273.8,0.1663916844368451,0.117589208536748,0.0779448468015015,0.1086193889650208,0.0767614560990266,0.0508818794713547
1046,1046,2.25,0.02,1546,1000000.0,17.15,2.43,0.81,,1000000.0,100.0,1546.0,1.4961575598109502,0.0443101460436607,0.0269579969687743,6.305880257472214e-06,1.60009574081753e-06,2475160925921728.5,1750000000000000.0,1160000000000000.0,1.0473418785563762,104.73418785563764,2592339693884204.0,1832848287473658.5,1214916579125396.5,0.1664170677261214,0.1176609833610155,0.0779924232564446,0.1086294412693821,0.0768037020262133,0.050909882485947
1047,1047,2.25,0.02,1547,1000000.0,17.15,2.43,0.81,,1000000.0,100.0,1547.0,1.546377136121714,0.0444894090528588,0.0268925456203162,-5.451010465013434e-06,-1.3380223188059737e-06,2474027884157809.0,1750000000000000.0,1160000000000000.0,1.0004029173005926,100.04029173005928,2475024712794485.0,1750705105276037.2,1160467384068687.8,0.1664239539832251,0.1177197400787527,0.0780313705664874,0.1086395046444757,0.0768459944793836,0.0509379163406199
1048,1048,2.25,0.02,1548,1000000.0,17.15,2.43,0.81,,1000000.0,100.0,1548.0,1.4980512910034816,0.0444270844997274,0.0269140400716149,8.329473712959868e-06,-2.563491077407645e-06,2472894842393891.0,1750000000000000.0,1160000000000000.0,1.047301120560727,104.73011205607268,2589865539467963.0,1832776960981272.0,1214869299850443.2,0.166442998875816,0.1177871549728773,0.0780760570105929,0.1086495791086001,0.0768883335354397,0.0509659810863486
1049,1049,2.25,0.02,1549,1000000.0,17.15,2.43,0.81,,1000000.0,100.0,1549.0,1.5486852839608674,0.0442754893719256,0.0269509536579772,2.4201809128351723e-06,7.440544776188115e-06,2471761800629971.5,1750000000000000.0,1160000000000000.0,1.000203251171704,100.02032511717042,2472264189112122.0,1750355689550482.0,1160235771359176.5,0.1664742093478539,0.1178632448662706,0.0781264937399279,0.1086596646800943,0.0769307192714529,0.0509940767742202
1050,1050,2.25,0.02,1550,1000000.0,17.15,2.43,0.81,,1000000.0,100.0,1550.0,1.4998445779273817,0.0444522349835831,0.0268707345551667,-4.4874960821073815e-06,-4.195442032039706e-06,2470628758866052.0,1750000000000000.0,1160000000000000.0,1.0474351124663517,104.7435112466352,2587823311905466.5,1833011446816116.0,1215024730460968.0,0.1664991857862121,0.1179349888485891,0.0781740497510648,0.1086697613773377,0.0769731517646643,0.0510222034554346
1051,1051,2.25,0.02,1551,1000000.0,17.15,2.43,0.81,,1000000.0,100.0,1551.0,1.5010075716317837,0.0443695533610982,0.0268798862853982,4.451594159270353e-07,-1.1393780048127678e-05,2468991435347011.0,1750000000000000.0,1160000000000000.0,1.047309712665727,104.73097126657268,2585798710727417.0,1832791997165021.2,1214879266692243.0,0.1664777856845595,0.1179980297935025,0.0782158368916931,0.1086562895815468,0.0770146481860849,0.0510497096547763
1052,1052,2.25,0.02,1552,1000000.0,17.15,2.43,0.81,,1000000.0,100.0,1552.0,1.5515114847466065,0.0441931203867953,0.0268848529341395,-4.301985055440345e-06,-2.68844950960496e-06,2466725354386736.0,1750000000000000.0,1160000000000000.0,1.0003149201617991,100.03149201617993,2467502175934453.0,1750551110283148.2,1160365307387686.8,0.1664383606086403,0.1180784599903435,0.0782691506221706,0.1086151177368701,0.077056189373291,0.0510772455274386
1053,1053,2.25,0.02,1553,1000000.0,17.15,2.43,0.81,,1000000.0,100.0,1553.0,1.5030155422589528,0.044405442679142,0.0268355643462289,5.451719662772641e-06,-7.153908323770734e-07,2464459273426462.5,1750000000000000.0,1160000000000000.0,1.0472586486955402,104.725864869554,2580926288453789.0,1832702635217195.2,1214820032486826.5,0.1663680749867626,0.1181371241822317,0.0783080366007935,0.1085739014525865,0.0770977753987607,0.0511048111214642
1054,1054,2.25,0.02,1554,1000000.0,17.15,2.43,0.81,,1000000.0,100.0,1554.0,1.553697241433588,0.0442526701391397,0.0268579990751972,-6.771368985561952e-06,6.317123379660615e-06,2462193192466187.5,1750000000000000.0,1160000000000000.0,1.0001948741045497,100.01948741045494,2462673010159796.5,1750341029682961.8,1160226053961277.5,0.1663159968828853,0.1182088373226002,0.0783555721681235,0.108532640656707,0.0771394063351288,0.0511324064849996
1055,1055,2.25,0.02,1555,1000000.0,17.15,2.43,0.81,,1000000.0,100.0,1555.0,1.5510325091339383,0.0443935342494442,0.0268526470728839,5.741637788133217e-06,-1.7568633800878142e-06,2459927111505912.5,1750000000000000.0,1160000000000000.0,1.0025996725224409,100.25996725224412,2466322116424903.0,1754549426914271.8,1163015620126031.5,0.1662514679043538,0.1182718249950552,0.0783973239967222,0.1084913352770871,0.077181082255187,0.0511600316662954
1056,1056,2.25,0.02,1556,1000000.0,17.15,2.43,0.81,,1000000.0,100.0,1556.0,1.456047889774818,0.0442222257792756,0.0267237480603149,1.0697664975670509e-06,5.320429163111615e-06,2457661030545639.0,1750000000000000.0,1160000000000000.0,1.0944609997758137,109.44609997758134,2689814148601035.5,1915306749607673.2,1269574759739943.8,0.1662112598799128,0.1183522467804561,0.0784506321516166,0.1084499852414266,0.0772228032318845,0.0511876867137063
1057,1057,2.25,0.02,1557,1000000.0,17.15,2.43,0.81,,1000000.0,100.0,1557.0,1.506762309714123,0.0441765697476731,0.0268190957264091,-2.2004014435069814e-06,6.064908910851163e-06,2455394949585364.0,1750000000000000.0,1160000000000000.0,1.0473761262364687,104.7376126236469,2571722050677308.5,1832908220913820.5,1214956306434303.5,0.1661524758133024,0.1184195775601723,0.0784952628398856,0.1084085904772682,0.0772645693383282,0.0512153716756919
1058,1058,2.25,0.02,1558,1000000.0,17.15,2.43,0.81,,1000000.0,100.0,1558.0,1.5574462686801325,0.0443866601695656,0.0268407780218003,7.209148690173352e-06,6.984355295817674e-06,2453128868625088.5,1750000000000000.0,1160000000000000.0,1.0003556359407455,100.03556359407456,2454001289418053.0,1750622362896304.5,1160412537691264.5,0.166087378163088,0.1184825287830504,0.0785369905076219,0.1083671509119983,0.0773063806477833,0.0512430866008162
1059,1059,2.25,0.02,1559,1000000.0,17.15,2.43,0.81,,1000000.0,100.0,1559.0,1.558586560031722,0.0444168358020113,0.0268276836259357,6.097494455199886e-07,5.599349672808192e-06,2450862787664815.5,1750000000000000.0,1160000000000000.0,1.000265282310569,100.02652823105691,2451512958208014.5,1750464244043495.8,1160307727480260.0,0.1660220939210399,0.1185454631830473,0.0785787070241913,0.1083256664728458,0.0773482372336733,0.0512708315377492
1060,1060,2.25,0.02,1560,1000000.0,17.15,2.43,0.81,,1000000.0,100.0,1560.0,1.5596581124574411,0.0442468397819457,0.0268605394396126,4.25590151556302e-06,-1.5669045850920024e-06,2449298352557275.5,1750000000000000.0,1160000000000000.0,1.00021925808824,100.02192580882402,2449835381031587.0,1750383701654420.2,1160254339382358.5,0.1660286651552796,0.1186258765570068,0.0786320096035016,0.1083151659269912,0.0773901391695816,0.0512986065352655
1061,1061,2.25,0.02,1561,1000000.0,17.15,2.43,0.81,,1000000.0,100.0,1561.0,1.5104744895929691,0.044066223848438,0.0267891625307466,6.427438769033648e-06,-1.300098906879202e-06,2448165310793356.0,1750000000000000.0,1160000000000000.0,1.0475089138099782,104.75089138099784,2564474985536416.0,1833140599167462.0,1215110340019574.8,0.1660459942089038,0.1186931652795193,0.0786766124138528,0.1083225435846391,0.0774312300061501,0.051325843889791
1062,1062,2.25,0.02,1562,1000000.0,17.15,2.43,0.81,,1000000.0,100.0,1562.0,1.4615006698740047,0.0443652535254749,0.0268325022015912,-1.4890604674023162e-06,4.482240147842381e-06,2447032269029436.5,1750000000000000.0,1160000000000000.0,1.0945236882889915,109.45236882889915,2678334784460279.0,1915416454505735.2,1269647478415230.0,0.1660632204476964,0.1187604427867774,0.0787212077900925,0.1083299290808872,0.0774723645008345,0.0513531101834102
1063,1063,2.25,0.02,1563,1000000.0,17.15,2.43,0.81,,1000000.0,100.0,1563.0,1.5626416573864617,0.044135832207492,0.0269185513405939,1.117071409381945e-06,7.607234340419424e-06,2445899227265516.5,1750000000000000.0,1160000000000000.0,1.0002293423498103,100.02293423498108,2446460175541698.0,1750401349112168.5,1160266037125780.2,0.1660925939649074,0.1188364738000854,0.0787716054903423,0.1083373224282342,0.07751354272325,0.0513804054622686
1064,1064,2.25,0.02,1564,1000000.0,17.15,2.43,0.81,,1000000.0,100.0,1564.0,1.5134373251948434,0.0442317210551122,0.0268218807950496,7.2261222796291e-06,6.964476380699233e-06,2444766185501596.5,1750000000000000.0,1160000000000000.0,1.047471064625054,104.7471064625054,2560821839086691.0,1833074363093844.8,1215066434965062.8,0.1660973645679239,0.1188949641555311,0.0788103762402376,0.1083447236392061,0.0775547647431607,0.0514077297726093
1065,1065,2.25,0.02,1565,1000000.0,17.15,2.43,0.81,,1000000.0,100.0,1565.0,1.5647138460522456,0.0443329277294718,0.0268305460953731,7.382502261869293e-06,-6.873869685526796e-06,2443633143737678.5,1750000000000000.0,1160000000000000.0,1.0001828940810775,100.01828940810776,2444080069775992.0,1750320064641885.5,1160212157134050.0,0.1661204096841956,0.1189665959853054,0.0788578579102595,0.1083521327263555,0.0775960306304788,0.0514350831607745
1066,1066,2.25,0.02,1566,1000000.0,17.15,2.43,0.81,,1000000.0,100.0,1566.0,1.5656288241767242,0.0441570967481367,0.0267999756129652,-5.407435246188194e-06,5.42364326197298e-07,2442500101973759.0,1750000000000000.0,1160000000000000.0,1.0002371370414864,100.02371370414866,2443079309221771.0,1750414989822601.2,1160275078968124.2,0.166131097690233,0.1190294406632665,0.0788995149539366,0.1083595497022611,0.0776373404552652,0.0514624656732044
1067,1067,2.25,0.02,1567,1000000.0,17.15,2.43,0.81,,1000000.0,100.0,1567.0,1.5665094459089233,0.0442169902852442,0.0266625237503104,-3.4173543971366566e-06,-1.6037572161072788e-07,2441367060209839.5,1750000000000000.0,1160000000000000.0,1.0003132300404367,100.03132300404366,2442131769712829.0,1750548152570764.0,1160363346846906.2,0.1661600688461937,0.1191054492460654,0.0789498977859633,0.1083669745795291,0.0776786942877306,0.0514898773564386
1068,1068,2.25,0.02,1568,1000000.0,17.15,2.43,0.81,,1000000.0,100.0,1568.0,1.517393271241178,0.0443381116524091,0.0267624255143619,-1.3112027682399838e-06,-7.824463331818879e-06,2440234018445920.0,1750000000000000.0,1160000000000000.0,1.047297094576222,104.7297094576222,2555649997604471.0,1832769915508388.8,1214864629708417.2,0.1661828111809277,0.119177061449145,0.0789973664462904,0.1083744073707923,0.077720092198235,0.0515173182571157
1069,1069,2.25,0.02,1569,1000000.0,17.15,2.43,0.81,,1000000.0,100.0,1569.0,1.5678867490961692,0.0443444632871812,0.026769860477696,-2.209123006143953e-06,3.074116903912713e-06,2439100977700630.5,1750000000000000.0,1160000000000000.0,1.0007108705018402,100.07108705018402,2440834862636687.0,1751244023378220.2,1160824609782134.8,0.1661870586619993,0.1192354704939955,0.079036083298877,0.1083818481339733,0.0777615342572883,0.051544788421974
1070,1070,2.25,0.02,1570,1000000.0,17.15,2.43,0.81,,1000000.0,100.0,1570.0,1.5695102150216826,0.0443694989204262,0.0267953185219886,-7.787919787340026e-06,5.808148176058465e-07,2437967937220492.5,1750000000000000.0,1160000000000000.0,1.0003121823838923,100.03121823838924,2438729027862987.5,1750546319171812.0,1160362131565315.5,0.1662218618614596,0.1193158670450742,0.0790893747270206,0.1083892968483326,0.0778030205355515,0.0515722878978513
1071,1071,2.25,0.02,1571,1000000.0,17.15,2.43,0.81,,1000000.0,100.0,1571.0,1.5201837092291783,0.0442012620090185,0.0268119534207156,-7.699213041430062e-06,2.3489910360694008e-06,2436834896740356.0,1750000000000000.0,1160000000000000.0,1.0474402666821925,104.74402666821923,2552438994102191.0,1833020466693836.8,1215030709351343.2,0.1662320344806414,0.1193786500391367,0.0791309908830848,0.1083954516526801,0.0778436161784834,0.0515991970097374
1072,1072,2.25,0.02,1572,1000000.0,17.15,2.43,0.81,,1000000.0,100.0,1572.0,1.5713054451587367,0.0441600899113018,0.0268605388350066,1.05506149061462e-05,-8.31162042061662e-07,2435701856260219.0,1750000000000000.0,1160000000000000.0,1.0004421636632574,100.04421636632576,2436778835115585.0,1750773786410700.5,1160512909849378.5,0.1662482370086162,0.119445823805291,0.079175517493793,0.1084016128832225,0.0778842542070848,0.0516261342172676
1073,1073,2.25,0.02,1573,1000000.0,17.15,2.43,0.81,,1000000.0,100.0,1573.0,1.572446971692284,0.044292770387079,0.0267830830540133,9.368863383547004e-07,-5.8471077880402495e-06,2434568815780080.5,1750000000000000.0,1160000000000000.0,1.0003517799272468,100.03517799272468,2435425248220973.0,1750615614872681.8,1160408064715606.2,0.1662582012823896,0.1195085759574043,0.0792171132060508,0.1084077805500288,0.0779249346877726,0.0516530995644664
1074,1074,2.25,0.02,1574,1000000.0,17.15,2.43,0.81,,1000000.0,100.0,1574.0,1.573673355722326,0.0442580880354018,0.0266723872687184,5.729148198525419e-06,1.3709708554379952e-06,2433435775299944.0,1750000000000000.0,1160000000000000.0,1.0002076121247812,100.0207612124781,2433940986071772.5,1750363321218366.8,1160240830064746.0,0.1662926077513154,0.1195889640970418,0.0792703990586105,0.1084139546631902,0.0779656576871019,0.0516800930954503
1075,1075,2.25,0.02,1575,1000000.0,17.15,2.43,0.81,,1000000.0,100.0,1575.0,1.5745040496958154,0.044284389770502,0.0267821353045246,2.1589069126901183e-06,1.6819177584844327e-06,2432302734819807.5,1750000000000000.0,1160000000000000.0,1.0003150479311032,100.03150479311032,2433069026764229.0,1750551333879430.8,1160365455600079.8,0.1662962291636758,0.1196472778122303,0.0793090527212496,0.1084201352328182,0.0780064232717676,0.0517071148544287
1076,1076,2.25,0.02,1576,1000000.0,17.15,2.43,0.81,,1000000.0,100.0,1576.0,1.5752624901594343,0.0441341139712454,0.0266805360615888,8.650479203679659e-06,4.239292044427196e-06,2431169694339668.5,1750000000000000.0,1160000000000000.0,1.0004684291688908,100.0468429168891,2432308525139021.0,1750819751045559.5,1160543377835913.5,0.1663120214783535,0.1197144067173681,0.0793535495955126,0.1084263222690457,0.0780472315086039,0.0517341648857031
1077,1077,2.25,0.02,1577,1000000.0,17.15,2.43,0.81,,1000000.0,100.0,1577.0,1.5767465609297004,0.0443680612291167,0.0267039597522473,-2.1863363497619423e-06,-3.1281306395180225e-06,2430036653859532.5,1750000000000000.0,1160000000000000.0,1.0001607413794944,100.01607413794945,2430427261303495.0,1750281297414115.0,1160186460000213.5,0.1663215714746276,0.1197771027932088,0.0793951081372127,0.1084325157820268,0.0780880824645847,0.0517612432336676
1078,1078,2.25,0.02,1578,1000000.0,17.15,2.43,0.81,,1000000.0,100.0,1578.0,1.5777003727304872,0.0442657773226167,0.0267166147356139,-5.952971373502599e-06,3.5169041470028275e-06,2428903612137143.5,1750000000000000.0,1160000000000000.0,1.0001899344688452,100.01899344688452,2429364944654590.5,1750332385320478.8,1160220323983860.2,0.1663555802444081,0.1198574797175922,0.0794483865556612,0.1084387157264763,0.0781289762068248,0.0517883499428094
1079,1079,2.25,0.02,1579,1000000.0,17.15,2.43,0.81,,1000000.0,100.0,1579.0,1.578415795107776,0.0442156175078558,0.0266561808751741,2.2082606501273483e-06,-6.950574272643959e-06,2427770570373224.0,1750000000000000.0,1160000000000000.0,1.000370319436008,100.03703194360082,2428669621001602.0,1750648059013014.5,1160429570545769.5,0.1663710670900735,0.1199245805845936,0.0794928648446449,0.1084449221661384,0.0781699128025789,0.0518154850577095
1080,1080,2.25,0.02,1580,1000000.0,17.15,2.43,0.81,,1000000.0,100.0,1580.0,1.5795319922194722,0.0443699649253271,0.0266066664423438,9.173835644852382e-06,-2.64088133952457e-07,2426637528609304.5,1750000000000000.0,1160000000000000.0,1.0002963446975082,100.02963446975082,2427356649773682.0,1750518603220639.0,1160343759849109.5,0.1663741657050494,0.1199828101853745,0.0795314627514481,0.1084511351130842,0.0782108923192434,0.0518426486230412
1081,1081,2.25,0.02,1581,1000000.0,17.15,2.43,0.81,,1000000.0,100.0,1581.0,1.530154863573461,0.0441627362864445,0.0266308980668877,-1.0326854791581527e-05,2.802205369421362e-07,2425504486845384.5,1750000000000000.0,1160000000000000.0,1.0472494761749436,104.72494761749438,2540108303308804.5,1832686583306151.2,1214809392362934.5,0.1664078773933421,0.1200631815021302,0.0795847374528405,0.1084560451711722,0.0782509700884549,0.0518692144586328
1082,1082,2.25,0.02,1582,1000000.0,17.15,2.43,0.81,,1000000.0,100.0,1582.0,1.5816618900290678,0.0447650673699096,0.0265001676758674,8.66012364057413e-06,-1.8865493741679656e-06,2424371445081464.5,1750000000000000.0,1160000000000000.0,1.000213782886601,100.02137828866006,2424889734207187.0,1750374120051551.2,1160247988148456.8,0.1664107681419697,0.1201213802609612,0.0796233149158372,0.1084609602639825,0.0782910889529931,0.0518958075345554
1083,1083,2.25,0.02,1583,1000000.0,17.15,2.43,0.81,,1000000.0,100.0,1583.0,1.5822822243813337,0.0442318988590583,0.0266881547220648,-1.0020044499585222e-05,7.234803141791296e-06,2423238403317547.0,1750000000000000.0,1160000000000000.0,1.00045400299922,100.045400299922,2424338560820478.0,1750794505248635.0,1160526643479095.2,0.1664319902818523,0.1201928719000557,0.0796707036594655,0.1084658803992631,0.0783312489760985,0.0519224278927282
1084,1084,2.25,0.02,1584,1000000.0,17.15,2.43,0.81,,1000000.0,100.0,1584.0,1.5329555887191837,0.0442298907520902,0.0265684482581074,1.6430257564250107e-05,-1.745548230358676e-06,2422105361553627.5,1750000000000000.0,1160000000000000.0,1.047274206186257,104.72742061862571,2536608469820552.5,1832729860825950.5,1214838079176058.2,0.1664408181964239,0.1202554754500479,0.0797122008697459,0.1084708055847775,0.0783714502211418,0.0519490755751568
1085,1085,2.25,0.02,1585,1000000.0,17.15,2.43,0.81,,1000000.0,100.0,1585.0,1.5339503681609017,0.0441288085424321,0.0266058448684631,6.75793386829758e-06,2.786043033976883e-06,2420972319789707.5,1750000000000000.0,1160000000000000.0,1.047281400706272,104.7281400706272,2535439282140477.0,1832742451235976.0,1214846424819275.5,0.1664679856161006,0.1203313943108117,0.0797625242288809,0.1084757358283055,0.078411692751623,0.0519757506239329
1086,1086,2.25,0.02,1586,1000000.0,17.15,2.43,0.81,,1000000.0,100.0,1586.0,1.4841542721093366,0.0441442569298797,0.0265401356293604,4.454653819211882e-06,-3.2393668859865904e-06,2419839280393115.0,1750000000000000.0,1160000000000000.0,1.0943452538415686,109.43452538415686,2648139631557601.0,1915104194222744.8,1269440494456219.5,0.1664704591004495,0.1203895257781169,0.0798010570872088,0.1084806712437692,0.0784519766311735,0.052002453081235
1087,1087,2.25,0.02,1587,1000000.0,17.15,2.43,0.81,,1000000.0,100.0,1587.0,1.5865443450279144,0.0442423777177235,0.0266850937934641,-3.436336955092355e-06,1.209326282280806e-06,2418706255318136.5,1750000000000000.0,1160000000000000.0,1.000287232447952,100.02872324479522,2419400986236728.0,1750502656783916.2,1160333189639624.5,0.1664851271818404,0.1204565341192699,0.0798454740447731,0.1084856123753267,0.0784923019235547,0.0520291829893276
1088,1088,2.25,0.02,1588,1000000.0,17.15,2.43,0.81,,1000000.0,100.0,1588.0,1.5368100424775866,0.0442213608258548,0.0265147677640017,-1.0177129757478202e-06,4.4203559954224685e-06,2417573230243159.0,1750000000000000.0,1160000000000000.0,1.0472972547715176,104.72972547715176,2531917807242769.0,1832770195850156.0,1214864815534960.5,0.166493542065302,0.1205190787891763,0.0798869322259683,0.1084905585891025,0.0785326686926599,0.052055940390563
1089,1089,2.25,0.02,1589,1000000.0,17.15,2.43,0.81,,1000000.0,100.0,1589.0,1.4867623344347851,0.0441917766549399,0.0266074396613389,-4.671764671012166e-07,2.530591177867763e-06,2416440205168180.5,1750000000000000.0,1160000000000000.0,1.0945344057653763,109.4534405765376,2644876944031318.0,1915435210089408.5,1269659910687836.5,0.1665203085064275,0.1205949724156185,0.0799372388583528,0.1084955098929421,0.0785730770025133,0.0520827253273803
1090,1090,2.25,0.02,1590,1000000.0,17.15,2.43,0.81,,1000000.0,100.0,1590.0,1.589685387790723,0.0441001765163493,0.0265605448668776,-1.2307297057632326e-06,8.91240954107321e-06,2415307180093203.0,1750000000000000.0,1160000000000000.0,1.0001979368187688,100.01979368187688,2415785258312779.0,1750346389432845.5,1160229606709772.0,0.1665408237636472,0.1206664079784403,0.0799845904314232,0.1085004662947064,0.0786135269172716,0.0521095378423056
1091,1091,2.25,0.02,1591,1000000.0,17.15,2.43,0.81,,1000000.0,100.0,1591.0,1.5905200851416113,0.0441104032053503,0.0265901043704518,-2.6675796945608844e-06,9.710827553186683e-07,2414174155018224.5,1750000000000000.0,1160000000000000.0,1.0003017605420483,100.03017605420484,2414902657519842.0,1750528080948584.5,1160350042228775.8,0.1665427771083243,0.1207244553313376,0.0800230675339152,0.1085043061514548,0.0786532054327342,0.0521358390296981
1092,1092,2.25,0.02,1592,1000000.0,17.15,2.43,0.81,,1000000.0,100.0,1592.0,1.5404332446147724,0.0442193498076484,0.0265403589537607,6.147796363918371e-06,2.451867576606948e-06,2413041129943247.5,1750000000000000.0,1160000000000000.0,1.0475068813372015,104.75068813372016,2527677188565248.0,1833137042340103.2,1215107982351154.0,0.1665753987087648,0.1208047986099574,0.080076323650029,0.1085081498863335,0.0786929240222066,0.0521621667804341
1093,1093,2.25,0.02,1593,1000000.0,17.15,2.43,0.81,,1000000.0,100.0,1593.0,1.5414836621100754,0.044040300894952,0.0265534836801576,1.901409641026772e-06,2.8882351721428443e-06,2411908104868268.5,1750000000000000.0,1160000000000000.0,1.0474374868200012,104.74374868200012,2526322963804011.5,1833015601935002.0,1215027484711201.2,0.1665771447813182,0.1208628151209054,0.0801147803087144,0.1085119975052208,0.0787326827464298,0.0521885211347764
1094,1094,2.25,0.02,1594,1000000.0,17.15,2.43,0.81,,1000000.0,100.0,1594.0,1.5426454314031333,0.0440238433342963,0.0265142181247463,-8.317687622733027e-06,3.175856045396544e-06,2410775079793291.5,1750000000000000.0,1160000000000000.0,1.0473218142853198,104.73218142853196,2524857330402946.0,1832813174999309.2,1214893304570971.0,0.1665910984590311,0.1209297477590906,0.0801591470860258,0.1085158490140066,0.0787724816662675,0.0522149021330686
1095,1095,2.25,0.02,1595,1000000.0,17.15,2.43,0.81,,1000000.0,100.0,1595.0,1.5942581368385162,0.0439740399745654,0.0265083790194925,-2.091356823010165e-06,1.3663727884908608e-06,2409284089969168.5,1750000000000000.0,1160000000000000.0,1.000465771626273,100.0465771626273,2410406266137908.0,1750815100345977.5,1160540295086476.5,0.1665740431324808,0.1209921970993348,0.0802005420772733,0.1085035832570731,0.0788123208427063,0.0522413098157367
1096,1096,2.25,0.02,1596,1000000.0,17.15,2.43,0.81,,1000000.0,100.0,1596.0,1.5443547416778862,0.0441807380841779,0.0264474725714047,6.897790574600658e-06,-4.877509637222884e-06,2407017978197739.0,1750000000000000.0,1160000000000000.0,1.0474729684664592,104.74729684664592,2521286266774920.0,1833077694816303.5,1215068643421092.5,0.1665217047018475,0.1210680542762,0.0802508245487954,0.1084563793321506,0.0788522003368566,0.0522677442232877
1097,1097,2.25,0.02,1597,1000000.0,17.15,2.43,0.81,,1000000.0,100.0,1597.0,1.5960896661713833,0.0440082531620164,0.0263513085103207,1.078951948108796e-05,-4.804697874455037e-06,2404751866426307.5,1750000000000000.0,1160000000000000.0,1.0005705623949253,100.05705623949254,2406123927410417.0,1750998484191119.5,1160661852378113.5,0.1664445578493596,0.1211260006918078,0.080289234744284,0.1084091276121206,0.0788921202099521,0.052294205396311
1098,1098,2.25,0.02,1598,1000000.0,17.15,2.43,0.81,,1000000.0,100.0,1598.0,1.546366900829674,0.0440987129086532,0.0264596480481758,-1.1382764369713408e-06,5.1803470728768805e-06,2402485754654876.5,1750000000000000.0,1160000000000000.0,1.0473952865799592,104.73952865799592,2516352255501013.0,1832941751514928.8,1214978532432752.8,0.1663795322148968,0.1211928856651622,0.0803335699266217,0.1083618280243559,0.0789320805233512,0.0523206933754785
1099,1099,2.25,0.02,1599,1000000.0,17.15,2.43,0.81,,1000000.0,100.0,1599.0,1.598538657578456,0.0440435372804616,0.0265692501537374,7.378767720261407e-06,1.0450674877022177e-06,2400219642883446.5,1750000000000000.0,1160000000000000.0,1.000288709169446,100.0288709169446,2400912608303031.0,1750505241046530.5,1160334902636557.5,0.1663081688910004,0.1212552761253207,0.080374925888784,0.108314480496082,0.078972081338536,0.0523472082015439
1100,1100,2.25,0.02,1600,1000000.0,17.15,2.43,0.81,,1000000.0,100.0,1600.0,1.5993954479055446,0.0441701471435706,0.0265723633107169,-8.198989185199916e-06,4.6536034160411085e-06,2397953531112015.5,1750000000000000.0,1160000000000000.0,1.0003781733445944,100.03781733445943,2398860373219057.0,1750661803353040.2,1160438681079729.8,0.1662550623000382,0.1213311080678634,0.0804251916335552,0.1082670849543767,0.079012122717114,0.0523737499153441
1101,1101,2.25,0.02,1601,1000000.0,17.15,2.43,0.81,,1000000.0,100.0,1601.0,1.6002135471135943,0.0441182343711317,0.0265606018032117,-6.105206462300112e-06,3.053263044414271e-06,2395687419340584.0,1750000000000000.0,1160000000000000.0,1.0004917936420734,100.04917936420732,2396865603181810.5,1750860638873628.0,1160570480624804.8,0.1661894690139267,0.1213979621992687,0.0804695063720867,0.10821851696626,0.0790513833992093,0.0523997741389044
1102,1102,2.25,0.02,1602,1000000.0,17.15,2.43,0.81,,1000000.0,100.0,1602.0,1.5503263346013376,0.0441145197495283,0.0264759144465507,-5.374382626947877e-07,-9.29523149370026e-07,2393421307569152.5,1750000000000000.0,1160000000000000.0,1.0473796550917926,104.73796550917923,2506820783611127.0,1832914396410636.8,1214960399906479.2,0.1661114009011963,0.1214558216966547,0.0805078589532112,0.1081699006878247,0.0790906831175286,0.0524258242379046
1103,1103,2.25,0.02,1603,1000000.0,17.15,2.43,0.81,,1000000.0,100.0,1603.0,1.602693446051262,0.0440799966503389,0.0264327841596312,1.39356612628302e-06,1.7570086490102402e-06,2391155195797721.0,1750000000000000.0,1160000000000000.0,1.0001913023811757,100.01913023811755,2391612629480438.5,1750334779167057.2,1160221910762163.5,0.1660577170440768,0.1215316368163153,0.0805581135468147,0.1081212360470132,0.0791300219303202,0.0524519002509552
1104,1104,2.25,0.02,1604,1000000.0,17.15,2.43,0.81,,1000000.0,100.0,1604.0,1.603534460223841,0.0441367762256277,0.0265679992304548,6.083663704698494e-06,-4.624034431288025e-06,2389444556488161.0,1750000000000000.0,1160000000000000.0,1.0002904312202976,100.02904312202972,2390138525786536.0,1750508254635520.8,1160336900215545.0,0.1660178741132715,0.1215894626679379,0.0805964438256046,0.1080976523553196,0.0791693998959487,0.0524780022167431
1105,1105,2.25,0.02,1605,1000000.0,17.15,2.43,0.81,,1000000.0,100.0,1605.0,1.5532683600630846,0.0439627019540411,0.0264522360198028,-9.364242943734022e-06,-1.4149633894677516e-06,2388311530129436.5,1750000000000000.0,1160000000000000.0,1.047305344559756,104.73053445597564,2501291429978249.0,1832784352979573.2,1214874199689317.5,0.1660303220514886,0.1216562663306985,0.0806407251106344,0.1081001892017759,0.0792088170728947,0.052504130174033
1106,1106,2.25,0.02,1606,1000000.0,17.15,2.43,0.81,,1000000.0,100.0,1606.0,1.5543017222167816,0.0438528704411445,0.0264786481709916,2.6833559387926797e-06,-3.4213934733082805e-06,2387178503770711.5,1750000000000000.0,1160000000000000.0,1.0472183024072987,104.72183024072989,2499897020261960.0,1832632029212772.8,1214773230792466.8,0.1660365257392302,0.1217185558535682,0.0806820141657938,0.1081027285756011,0.0792482735197554,0.0525302841616664
1107,1107,2.25,0.02,1607,1000000.0,17.15,2.43,0.81,,1000000.0,100.0,1607.0,1.6066304067345754,0.0440639574969795,0.0263466594433451,4.684873230169862e-06,-2.6669465237113685e-06,2386045477411987.0,1750000000000000.0,1160000000000000.0,1.0002300725982385,100.02300725982384,2386594441094490.0,1750402627046917.2,1160266884213956.5,0.1660610558998106,0.1217943457389059,0.0807322520326462,0.1081052704805738,0.0792877692952449,0.0525564642185624
1108,1108,2.25,0.02,1608,1000000.0,17.15,2.43,0.81,,1000000.0,100.0,1608.0,1.6077412325070557,0.0440044725668125,0.0264143630374429,-1.2792541906611072e-05,-4.599965849659397e-07,2384912451053260.5,1750000000000000.0,1160000000000000.0,1.0001609554862627,100.01609554862628,2385296315796515.0,1750281672100960.0,1160186708364064.8,0.1660731994013409,0.121861118559717,0.0807765128738695,0.1081078149204805,0.0793273044581944,0.0525826703837175
1109,1109,2.25,0.02,1609,1000000.0,17.15,2.43,0.81,,1000000.0,100.0,1609.0,1.6082378011822356,0.0440093808579385,0.0264305559416788,6.721934373511388e-06,-4.588072306430219e-06,2383779424694536.0,1750000000000000.0,1160000000000000.0,1.0004742232364987,100.04742232364988,2384909868288413.0,1750829890663873.0,1160550098954338.5,0.1660729508424925,0.1219188574931187,0.0808147855382959,0.1081103618991149,0.0793668790675524,0.0526089026962062
1110,1110,2.25,0.02,1610,1000000.0,17.15,2.43,0.81,,1000000.0,100.0,1610.0,1.609703532230378,0.0441015756349436,0.0263905509735012,-1.023320153890936e-05,-1.1585324575962696e-06,2382646398335811.5,1750000000000000.0,1160000000000000.0,1.000184183078694,100.01841830786938,2383085241484895.0,1750322320387714.2,1160213652371284.8,0.1660787430354804,0.1219810881359022,0.0808560355643695,0.1081129114202786,0.0794064931823852,0.052635161195181
1111,1111,2.25,0.02,1611,1000000.0,17.15,2.43,0.81,,1000000.0,100.0,1611.0,1.610357728806639,0.0441480848551041,0.0263731456034987,-2.342813088356849e-06,1.3000353680157711e-06,2381513371977086.5,1750000000000000.0,1160000000000000.0,1.0003989305449976,100.03989305449976,2382463430404488.0,1750698128453745.8,1160462759432197.2,0.1660967256523724,0.1220523358432138,0.080903262616073,0.108114236450708,0.0794452452020746,0.0526608482482322
1112,1112,2.25,0.02,1612,1000000.0,17.15,2.43,0.81,,1000000.0,100.0,1612.0,1.6113338812388065,0.0441165164978365,0.0263736037951716,-9.640949451641828e-06,2.4285051379718246e-06,2380380345618360.5,1750000000000000.0,1160000000000000.0,1.0004134849841362,100.04134849841364,2381364597147807.0,1750723598722238.5,1160479642581598.0,0.166108460544975,0.1221190581953796,0.0809474900037944,0.1081155627750538,0.0794840350638143,0.0526865603851569
1113,1113,2.25,0.02,1613,1000000.0,17.15,2.43,0.81,,1000000.0,100.0,1613.0,1.6127607219458924,0.0439350595496204,0.0263861822702206,-4.521234263712731e-06,-6.393828791565124e-06,2379247309878640.0,1750000000000000.0,1160000000000000.0,1.000148371674114,100.0148371674114,2379600322785138.5,1750259650429699.5,1160172111141972.5,0.1661077956875008,0.1221767242296278,0.080985714346496,0.1081168899689241,0.0795228628230616,0.0527122976427151
1114,1114,2.25,0.02,1614,1000000.0,17.15,2.43,0.81,,1000000.0,100.0,1614.0,1.613269861368326,0.0438647647127498,0.0263786226134458,4.079552054120667e-06,2.5618285883226418e-06,2378114269398503.5,1750000000000000.0,1160000000000000.0,1.0004527500960756,100.04527500960756,2379190960862452.0,1750792312668132.5,1160525190111447.8,0.1661377733792357,0.1222569946090942,0.0810389221408851,0.1081182182445728,0.0795617285353822,0.052738060057739
1115,1115,2.25,0.02,1615,1000000.0,17.15,2.43,0.81,,1000000.0,100.0,1615.0,1.6143825286404536,0.0438922146149373,0.0263074458145289,-2.394440762287486e-06,5.979596786000675e-06,2376981228918364.5,1750000000000000.0,1160000000000000.0,1.0003825060452214,100.03825060452212,2377890438607804.5,1750669385579137.5,1160443707012457.0,0.1661369023200052,0.1223146298013926,0.0810771260397802,0.1081195478192094,0.0796006322564504,0.0527638476671328
1116,1116,2.25,0.02,1616,1000000.0,17.15,2.43,0.81,,1000000.0,100.0,1616.0,1.6155931038238578,0.043984927876005,0.0264811813053425,-5.467488140364725e-06,1.1540192230370972e-07,2375848188438228.5,1750000000000000.0,1160000000000000.0,1.000251942526392,100.0251942526392,2376446765633147.5,1750440899421185.5,1160292253330614.5,0.1661482288961433,0.1223813044887276,0.0811213218325279,0.1081208786947404,0.0796395740420495,0.0527896605078729
1117,1117,2.25,0.02,1617,1000000.0,17.15,2.43,0.81,,1000000.0,100.0,1617.0,1.616539863517005,0.0440966654343289,0.0263855532957926,7.894121203590364e-06,1.8388457312637528e-06,2374715147958091.5,1750000000000000.0,1160000000000000.0,1.000284690598405,100.02846905984048,2375391207034605.0,1750498208547208.5,1160330241094149.8,0.1661471494541928,0.1224389004276349,0.0811594997120323,0.1081222108730761,0.0796785539480723,0.0528154986170078
1118,1118,2.25,0.02,1618,1000000.0,17.15,2.43,0.81,,1000000.0,100.0,1618.0,1.617486188983685,0.0440157437310924,0.0263839692576594,4.095470316166278e-06,2.0902500176973885e-06,2373582107477953.0,1750000000000000.0,1160000000000000.0,1.0003177112164876,100.03177112164872,2374336221136753.0,1750555994628853.2,1160368545011125.5,0.166170577401733,0.1225146202176339,0.0812096911156886,0.1081235443561303,0.0797175720305204,0.0528413620316591
1119,1119,2.25,0.02,1619,1000000.0,17.15,2.43,0.81,,1000000.0,100.0,1619.0,1.6186250469154175,0.0440425047505061,0.0263965347828212,2.48309341403206e-06,-4.2256182357191515e-07,2372449066997816.5,1750000000000000.0,1160000000000000.0,1.0002316816873789,100.02316816873788,2372998720000879.0,1750405442952912.8,1160268750757359.5,0.1661815993747528,0.1225812612592054,0.0812538646061018,0.1081248791458208,0.0797566283455056,0.0528672507890208
1120,1120,2.25,0.02,1620,1000000.0,17.15,2.43,0.81,,1000000.0,100.0,1620.0,1.6195179687979362,0.0440590380183897,0.0262616126439322,-2.619710686517182e-06,6.169636181846435e-06,2371316026517679.5,1750000000000000.0,1160000000000000.0,1.0002977086681095,100.02977086681096,2372021987853601.0,1750520990169191.8,1160345342055007.0,0.1661740553891672,0.1226342645514417,0.0812889982169555,0.1081262152440691,0.0797957229492498,0.0528931649263598
1121,1121,2.25,0.02,1621,1000000.0,17.15,2.43,0.81,,1000000.0,100.0,1621.0,1.568659953064735,0.0439860830062527,0.0263441155394399,-6.649513408694952e-06,-9.845761552130837e-07,2370182986037542.5,1750000000000000.0,1160000000000000.0,1.0474089349690785,104.74089349690784,2482550837087411.5,1832965636195887.5,1214994364564131.0,0.1661787161532939,0.1226963297692232,0.0813301385898851,0.1081263688009502,0.0798339818133626,0.0529185250877147
1122,1122,2.25,0.02,1622,1000000.0,17.15,2.43,0.81,,1000000.0,100.0,1622.0,1.5695745417151836,0.0441415863192539,0.026314158456981,-1.446479670197673e-06,3.259624414124268e-07,2369049944480952.5,1750000000000000.0,1160000000000000.0,1.0473652628800845,104.73652628800846,2481260617877343.0,1832889210040148.0,1214943704940898.2,0.1662017432961957,0.1227720215210857,0.0813803114082625,0.1081265224560202,0.0798722773822705,0.052943909579105
1123,1123,2.25,0.02,1623,1000000.0,17.15,2.43,0.81,,1000000.0,100.0,1623.0,1.5706321291100511,0.0437899379782768,0.0262348131311396,8.891344846190366e-06,3.684784690379184e-06,2367916902717033.0,1750000000000000.0,1160000000000000.0,1.0473469376574194,104.73469376574197,2480030516687927.0,1832857140900484.5,1214922447682606.5,0.1662062002662833,0.1228340615045449,0.0814214350544412,0.1081266762491071,0.0799106097088193,0.0529693184355603
1124,1124,2.25,0.02,1624,1000000.0,17.15,2.43,0.81,,1000000.0,100.0,1624.0,1.623542979375611,0.0438211521175297,0.0264149664212235,1.0626443100228976e-06,3.454090013956753e-06,2366783860953115.0,1750000000000000.0,1160000000000000.0,1.000281530662063,100.0281530662063,2367450183180448.0,1750492678658610.2,1160326575567993.0,0.1662043959211485,0.1228915312718416,0.0814595293001922,0.1081268301898817,0.0799489788459569,0.0529947516921772
1125,1125,2.25,0.02,1625,1000000.0,17.15,2.43,0.81,,1000000.0,100.0,1625.0,1.572760496073973,0.0439540672359274,0.0263209442499746,2.696475437618057e-06,3.118428183040594e-06,2365650819189195.5,1750000000000000.0,1160000000000000.0,1.0471842098302688,104.71842098302687,2477272183826966.0,1832572367202970.5,1214733683403111.8,0.1662332821833873,0.1229717595941035,0.0815127092166628,0.108126984278557,0.0799873848467327,0.0530202093841199
1126,1126,2.25,0.02,1626,1000000.0,17.15,2.43,0.81,,1000000.0,100.0,1626.0,1.6255499696927018,0.044015332467387,0.0264229063313362,8.773018678501812e-06,-2.506997922120329e-06,2364517777425276.0,1750000000000000.0,1160000000000000.0,1.0002769127641362,100.02769127641362,2365172542578872.0,1750484597337238.5,1160321218806398.0,0.1662251126873876,0.1230246395185417,0.0815477610522905,0.1081271385153459,0.0800258277642978,0.0530456915466203
1127,1127,2.25,0.02,1627,1000000.0,17.15,2.43,0.81,,1000000.0,100.0,1627.0,1.5744502281181325,0.0440368304820507,0.0264208850158095,-7.656178341178365e-06,2.724683122618396e-06,2363384735661356.5,1750000000000000.0,1160000000000000.0,1.0473231733066892,104.73231733066892,2475227601097443.0,1832815553286706.5,1214894881035759.5,0.1662353190792236,0.1230911768190101,0.0815918657771723,0.1081272929004625,0.0800643076519059,0.0530711982149775
1128,1128,2.25,0.02,1628,1000000.0,17.15,2.43,0.81,,1000000.0,100.0,1628.0,1.627437541199265,0.0440210169294449,0.0262924993103771,4.607153751789066e-07,4.384785997354675e-07,2362251693897436.5,1750000000000000.0,1160000000000000.0,1.000345688160904,100.0345688160904,2363068296341093.0,1750604954281582.5,1160400998266648.8,0.1662392625987289,0.1231531382956885,0.0816329373845705,0.1081274474341205,0.0801028245629131,0.0530967294245596
1129,1129,2.25,0.02,1629,1000000.0,17.15,2.43,0.81,,1000000.0,100.0,1629.0,1.6281956597401632,0.0441186240202765,0.0262643138858114,-6.858945890417237e-06,-1.5318344786836672e-06,2361118652133516.5,1750000000000000.0,1160000000000000.0,1.000494619830612,100.04946198306118,2362286508241290.0,1750865584703570.8,1160573759003509.5,0.1662554279892505,0.1232242177741841,0.081680052924602,0.1081276021165346,0.0801413785507782,0.0531222852108016
1130,1130,2.25,0.02,1630,1000000.0,17.15,2.43,0.81,,1000000.0,100.0,1630.0,1.577493886014781,0.043989028095009,0.0263154570048465,1.1191352334254856e-06,1.603355227052981e-07,2359985610385903.0,1750000000000000.0,1160000000000000.0,1.04728117285958,104.728117285958,2471568497976679.0,1832742052504264.5,1214846160517112.8,0.1662653305521575,0.1232907214288893,0.0817241353471495,0.1081277569486665,0.0801799696690628,0.0531478656092074
1131,1131,2.25,0.02,1631,1000000.0,17.15,2.43,0.81,,1000000.0,100.0,1631.0,1.630523394710235,0.0439196144382483,0.026229773114719,-6.951513345473956e-06,5.0462627084736415e-06,2358852569905764.5,1750000000000000.0,1160000000000000.0,1.0002923723297807,100.02923723297806,2359542233127237.0,1750511651577116.2,1160339151902545.8,0.1662566398342732,0.1233434948084107,0.081759116558718,0.1081267224419264,0.0802177154636376,0.0531728856787541
1132,1132,2.25,0.02,1632,1000000.0,17.15,2.43,0.81,,1000000.0,100.0,1632.0,1.6317168004780798,0.0439435684182853,0.0261628149448103,-5.565334008882327e-06,-5.132890625803574e-07,2357719529425628.0,1750000000000000.0,1160000000000000.0,1.0001735790272357,100.01735790272356,2358128780088040.5,1750303763297662.5,1160201351671593.5,0.1662601727297697,0.123405391797377,0.0818001454199756,0.1081256869607118,0.0802554968136274,0.0531979293164616
1133,1133,2.25,0.02,1633,1000000.0,17.15,2.43,0.81,,1000000.0,100.0,1633.0,1.5800866952443036,0.0439022955314884,0.026249180809263,5.402118792518662e-06,6.666539007944328e-06,2356586488945491.0,1750000000000000.0,1160000000000000.0,1.047482829181792,104.7482829181792,2468483882652208.5,1833094951068136.5,1215080081850878.8,0.1662759341713995,0.1234764292186687,0.0818472330820889,0.108124650503645,0.0802933137692939,0.0532229965556462
1134,1134,2.25,0.02,1634,1000000.0,17.15,2.43,0.81,,1000000.0,100.0,1634.0,1.6331762347121184,0.0439500456658273,0.0260900839554076,-8.782461650638895e-06,-5.582768430561544e-07,2355453448465352.5,1750000000000000.0,1160000000000000.0,1.0005046842398089,100.05046842398086,2356642208698396.5,1750883197419664.8,1160585433718177.8,0.1662854295938949,0.1235428796009154,0.0818912801926068,0.1081236130693461,0.0803311663809937,0.0532480874296872
1135,1135,2.25,0.02,1635,1000000.0,17.15,2.43,0.81,,1000000.0,100.0,1635.0,1.5818842104563804,0.0438976089073024,0.0262887679073739,-4.5336788067814445e-06,2.5982490466136857e-08,2354320407985216.0,1750000000000000.0,1160000000000000.0,1.0475782971930534,104.75782971930532,2466334964044007.0,1833262020087843.2,1215190824743941.8,0.1662886565907873,0.1236047345326775,0.0819322811759463,0.1081225746564321,0.0803690546991786,0.0532732019720269
1136,1136,2.25,0.02,1636,1000000.0,17.15,2.43,0.81,,1000000.0,100.0,1636.0,1.6357930599793236,0.0439675941544843,0.02633100470501,-6.979130350991046e-06,-8.969190080588903e-06,2353187367505079.5,1750000000000000.0,1160000000000000.0,1.0001265093581109,100.01265093581112,2353485067728457.0,1750221391376694.5,1160146750855408.5,0.1663041170556742,0.1236757467196464,0.0819793521113084,0.1081215352635178,0.0804069787743954,0.0532983402161707
1137,1137,2.25,0.02,1637,1000000.0,17.15,2.43,0.81,,1000000.0,100.0,1637.0,1.6365325890862323,0.0439955053519611,0.026236579485173,-7.60122562302445e-06,1.918335523099728e-06,2352054327024940.5,1750000000000000.0,1160000000000000.0,1.0002856575343426,100.02856575343426,2352726209064639.0,1750499900685099.5,1160331362739837.5,0.1662948024646593,0.1237283939275557,0.0820142496891226,0.1081204948892154,0.0804449386572866,0.0533235021956871
1138,1138,2.25,0.02,1638,1000000.0,17.15,2.43,0.81,,1000000.0,100.0,1638.0,1.5327315672370216,0.0439731454529527,0.0261959889968505,1.0084853393995694e-05,-4.610217199814923e-06,2350921286544804.5,1750000000000000.0,1160000000000000.0,1.0944359617232546,109.44359617232548,2572932799175334.5,1915262933015696.0,1269545715598975.8,0.1663038910931768,0.1237947910373446,0.0820582614876112,0.108119453532134,0.0804829343985901,0.0533486879442083
1139,1139,2.25,0.02,1639,1000000.0,17.15,2.43,0.81,,1000000.0,100.0,1639.0,1.5861324389982565,0.0438128270422162,0.0261747113338545,5.725864099885448e-06,4.149074248109073e-06,2349576492129335.0,1750000000000000.0,1160000000000000.0,1.0473835782118042,104.7383578211804,2460907833608761.0,1832921261870656.8,1214964950725692.5,0.1662855513610013,0.1238519860309081,0.0820961735976304,0.1081086679729161,0.0805209660491398,0.0533738974954298
1140,1140,2.25,0.02,1640,1000000.0,17.15,2.43,0.81,,1000000.0,100.0,1640.0,1.5346778238071106,0.0439348084122322,0.0262800286969609,2.7370435370377197e-06,-5.777087728221525e-06,2347310411169060.0,1750000000000000.0,1160000000000000.0,1.094366025746732,109.4366025746732,2568816765865012.0,1915140545056780.8,1269464589866209.0,0.1662265326443233,0.1239275516111596,0.0821462627822543,0.1080554619562983,0.0805590336598659,0.0533991308831111
1141,1141,2.25,0.02,1641,1000000.0,17.15,2.43,0.81,,1000000.0,100.0,1641.0,1.6406526059389537,0.0439363111786138,0.0262507572990149,6.648938531725527e-06,-1.8918008986478507e-06,2345044330208784.5,1750000000000000.0,1160000000000000.0,1.0002117818080614,100.02117818080612,2345540967937020.5,1750370618164107.5,1160245666897350.8,0.1661488216241216,0.1239893140170726,0.0821872024341737,0.1080011610577182,0.0805963577815092,0.0534238714437432
1142,1142,2.25,0.02,1642,1000000.0,17.15,2.43,0.81,,1000000.0,100.0,1642.0,1.641033962321535,0.0440052799761779,0.0261164107318742,7.283661369089102e-06,-2.167016358684926e-06,2342778249248511.5,1750000000000000.0,1160000000000000.0,1.0005893663616323,100.05893663616324,2344159003941382.0,1751031391132856.5,1160683664979493.5,0.166064764799869,0.1240464557381776,0.0822250792321633,0.1079468098190905,0.0806337165047541,0.0534486349402941
1143,1143,2.25,0.02,1643,1000000.0,17.15,2.43,0.81,,1000000.0,100.0,1643.0,1.642401259721487,0.0438440735743567,0.0261424774844208,-1.1942490023689595e-06,-7.593734132736346e-07,2340512168288236.5,1750000000000000.0,1160000000000000.0,1.0003646165841549,100.0364616584155,2341365557840210.5,1750638079022271.5,1160422955237619.8,0.1659805299902383,0.1241035750287737,0.08226294116193,0.1078924081703809,0.0806711098777394,0.053473421404673
1144,1144,2.25,0.02,1644,1000000.0,17.15,2.43,0.81,,1000000.0,100.0,1644.0,1.5909209744532449,0.0439372285241043,0.0259905517328812,-8.041576779536616e-06,1.424523438584371e-06,2338246087327961.0,1750000000000000.0,1160000000000000.0,1.0473303782123362,104.73303782123364,2448916158994710.0,1832828161871588.8,1214903238726310.2,0.1659207528804194,0.1241791097670756,0.0823130099027472,0.1078379560414243,0.0807085379486932,0.0534982308688481
1145,1145,2.25,0.02,1645,1000000.0,17.15,2.43,0.81,,1000000.0,100.0,1645.0,1.5917033820274775,0.044017526948443,0.026009405881649,8.515339078610088e-06,5.375326471451276e-06,2335980006367687.5,1750000000000000.0,1160000000000000.0,1.0474903860459914,104.74903860459918,2446916598665806.5,1833108175580484.8,1215088847813350.2,0.1658423101301585,0.1242408076852758,0.0823539068085257,0.1077834533619259,0.0807460007659335,0.0535230633648473
1146,1146,2.25,0.02,1646,1000000.0,17.15,2.43,0.81,,1000000.0,100.0,1646.0,1.592749035356303,0.0440079986116548,0.0262492645827059,8.931429670729558e-06,-2.783069889641057e-06,2333713925407412.5,1750000000000000.0,1160000000000000.0,1.0473938472285225,104.73938472285224,2444317606663247.0,1832939232649914.5,1214976862785086.0,0.165757530720108,0.1242978737034139,0.082391733426263,0.1077289000614606,0.0807834983778672,0.0535479189247577
1147,1147,2.25,0.02,1647,1000000.0,17.15,2.43,0.81,,1000000.0,100.0,1647.0,1.64664155160051,0.0438671940713572,0.0261434490812784,-9.069638806953025e-06,1.304202415941671e-06,2331447844447139.5,1750000000000000.0,1160000000000000.0,1.0002177178868872,100.02177178868877,2331955442345220.0,1750381006302053.0,1160252552748789.5,0.1656971824339221,0.1243733888150197,0.0824417891573845,0.1076742960694717,0.0808210308329923,0.0535727975807262
1148,1148,2.25,0.02,1648,1000000.0,17.15,2.43,0.81,,1000000.0,100.0,1648.0,1.6476485081226884,0.043943419339398,0.0261604920578616,3.6490317377491176e-06,2.208444702500262e-06,2329590881279884.0,1750000000000000.0,1160000000000000.0,1.0002133968655198,100.02133968655195,2330088008671892.0,1750373444514659.5,1160247540364002.8,0.1656349772838719,0.1244258005025866,0.0824765306188574,0.1076385445674057,0.080858598179896,0.0535976993649596
1149,1149,2.25,0.02,1649,1000000.0,17.15,2.43,0.81,,1000000.0,100.0,1649.0,1.6485860513987065,0.0439480847727291,0.0261893448776939,-3.4727632535590007e-06,-1.5893147799113563e-06,2328457839515964.5,1750000000000000.0,1160000000000000.0,1.000251120364022,100.0251120364022,2329042562696233.0,1750439460637038.5,1160291299622265.5,0.1656364199623612,0.1244874311292613,0.0825173829199674,0.1076362240943075,0.0808962004672564,0.0536226243097242
1150,1150,2.25,0.02,1650,1000000.0,17.15,2.43,0.81,,1000000.0,100.0,1650.0,1.5962927944740852,0.0445156466843006,0.0261968124219303,3.921452542954448e-06,-1.2032066219043302e-06,2327324797752044.5,1750000000000000.0,1160000000000000.0,1.0476693290113863,104.76693290113865,2438266809252445.0,1833421325769926.0,1215296421653208.5,0.1656377604623022,0.1245490449330533,0.0825582240699096,0.1076339014619909,0.0809338377438421,0.0536475724473467
1151,1151,2.25,0.02,1651,1000000.0,17.15,2.43,0.81,,1000000.0,100.0,1651.0,1.6506449210155552,0.0438762945345149,0.0261092336297906,3.0745549105458e-06,3.495996057226409e-06,2326191755988126.5,1750000000000000.0,1160000000000000.0,1.0002151369123775,100.02151369123774,2326692205700107.0,1750376489596660.5,1160249558818357.8,0.1656513052912658,0.1246199001064617,0.0826051909277118,0.1076304810671161,0.0809706858355896,0.0536719974681623
1152,1152,2.25,0.02,1652,1000000.0,17.15,2.43,0.81,,1000000.0,100.0,1652.0,1.598572839388178,0.0439114304554465,0.0259975736313498,-1.77868425422461e-06,8.132389238483866e-06,2325058714224207.0,1750000000000000.0,1160000000000000.0,1.0474673631364202,104.746736313642,2435423120525784.5,1833067885488735.2,1215062141238247.5,0.1656524429882227,0.1246814858721178,0.0826460134923752,0.1076270575563027,0.0810075674955052,0.0536964447398776
1153,1153,2.25,0.02,1653,1000000.0,17.15,2.43,0.81,,1000000.0,100.0,1653.0,1.5996715336935634,0.043937002732688,0.0260522740001409,-4.471166835753384e-06,-2.3488091666736265e-06,2323925672460287.5,1750000000000000.0,1160000000000000.0,1.0473466403742222,104.73466403742222,2433955745530687.0,1832856620654888.8,1214922102834097.8,0.1656473239075016,0.1247384201110166,0.0826837527593024,0.1076236309252911,0.0810444827694798,0.0537209142929123
1154,1154,2.25,0.02,1654,1000000.0,17.15,2.43,0.81,,1000000.0,100.0,1654.0,1.600487913984626,0.0439096154236665,0.0260389943049487,-1.201778189714095e-07,-2.8306747055439856e-06,2322792630696367.5,1750000000000000.0,1160000000000000.0,1.047470978003542,104.7470978003542,2433057868574944.0,1833074211506198.0,1215066334484108.5,0.1656667229728279,0.1248138819501647,0.0827337731783949,0.1076202011698135,0.0810814317034883,0.0537454061577409
1155,1155,2.25,0.02,1655,1000000.0,17.15,2.43,0.81,,1000000.0,100.0,1655.0,1.6543627912005376,0.0438060840251507,0.0260027969829965,-2.907312862524774e-06,5.42281631196255e-07,2321659588932448.0,1750000000000000.0,1160000000000000.0,1.0003853454704632,100.03853454704634,2322554229939001.0,1750674354573311.0,1160447000745737.5,0.1656552436831173,0.1248661422317974,0.0827684142793627,0.1076167682855946,0.0811184143435898,0.0537699203648937
1156,1156,2.25,0.02,1656,1000000.0,17.15,2.43,0.81,,1000000.0,100.0,1656.0,1.6026400357875352,0.0437219916854682,0.026092140890013,-9.274583977361612e-07,8.049734986923343e-08,2320526547168528.5,1750000000000000.0,1160000000000000.0,1.047310355725657,104.73103557256564,2430311483585901.0,1832793122519898.8,1214880012641761.5,0.1656559732250106,0.124927660705928,0.082809192239358,0.1076133322683512,0.0811554307359267,0.0537944569449571
1157,1157,2.25,0.02,1657,1000000.0,17.15,2.43,0.81,,1000000.0,100.0,1657.0,1.6561808099346536,0.0439198672543225,0.0261192827398937,7.324668478912804e-06,-4.664964505473607e-06,2319393506091792.0,1750000000000000.0,1160000000000000.0,1.0004948779015723,100.04948779015726,2320541322683008.0,1750866036327752.2,1160574058365824.2,0.1656504433076726,0.1249845164380461,0.0828468794675049,0.1076098931456747,0.0811924809267262,0.0538190159285728
1158,1158,2.25,0.02,1658,1000000.0,17.15,2.43,0.81,,1000000.0,100.0,1658.0,1.6045644203775915,0.0438955668424486,0.0259967196725852,1.4932114680703783e-05,-6.03487424621977e-06,2318260465611655.5,1750000000000000.0,1160000000000000.0,1.0472667024138524,104.72667024138524,2427836993157520.0,1832716729224242.0,1214829374800068.8,0.1656694431260734,0.1250599446314308,0.0828968775842626,0.1076064509091052,0.0812295649623001,0.0538435973464389
1159,1159,2.25,0.02,1659,1000000.0,17.15,2.43,0.81,,1000000.0,100.0,1659.0,1.5522191663584288,0.0437572008376023,0.0260651013012976,9.319819312347328e-06,-6.202645321490047e-06,2317127425131516.5,1750000000000000.0,1160000000000000.0,1.0944644824632428,109.44644824632424,2536013668147952.0,1915312844310674.5,1269578799657361.5,0.1656575504716262,0.1251121151910286,0.082931459212339,0.1076030055266692,0.0812666828890445,0.0538682012293095
1160,1160,2.25,0.02,1660,1000000.0,17.15,2.43,0.81,,1000000.0,100.0,1660.0,1.659541129547074,0.0439525657747515,0.0259569162194533,-1.1926798806271156e-05,7.777666118126688e-06,2315994384651380.5,1750000000000000.0,1160000000000000.0,1.0002765385203372,100.02765385203372,2316634846311621.0,1750483942410590.0,1160320784683591.2,0.1656578724732107,0.125173566373632,0.0829721925676646,0.1075995569940523,0.0813038347534402,0.0538928276079947
1161,1161,2.25,0.02,1661,1000000.0,17.15,2.43,0.81,,1000000.0,100.0,1661.0,1.6073408877694906,0.0439497491427656,0.0260096095640422,3.866742700503011e-06,-2.687924185474501e-06,2314861344171243.5,1750000000000000.0,1160000000000000.0,1.047377348203668,104.7377348203668,2424533336117255.5,1832910359356419.5,1214957723916255.2,0.1656519322940222,0.1252303435989701,0.0830098277570317,0.1075949550593919,0.0813401510323923,0.0539169001129001
1162,1162,2.25,0.02,1662,1000000.0,17.15,2.43,0.81,,1000000.0,100.0,1662.0,1.6614294785051698,0.043704226738207,0.0259715771225406,-1.957255857377409e-06,7.4821055471986655e-06,2313728303691105.0,1750000000000000.0,1160000000000000.0,1.000343532898988,100.0343532898988,2314523145482744.0,1750601182573229.0,1160398498162826.5,0.1656643720764419,0.1253010782083936,0.0830567146981352,0.1075903490117687,0.0813764997688907,0.0539409941325218
1163,1163,2.25,0.02,1663,1000000.0,17.15,2.43,0.81,,1000000.0,100.0,1663.0,1.6620627711765563,0.0438894422182261,0.0259651802105517,7.729179429003106e-06,-8.197646740765786e-06,2312595263210968.5,1750000000000000.0,1160000000000000.0,1.0005641410693202,100.05641410693204,2313899893175661.0,1750987246871310.5,1160654403640411.5,0.1656643893853159,0.1253624817261658,0.0830974164584871,0.1075857388456662,0.0814128810064679,0.0539651096957157
1164,1164,2.25,0.02,1664,1000000.0,17.15,2.43,0.81,,1000000.0,100.0,1664.0,1.6105188949617335,0.0438870281676279,0.0260327130379841,5.7529197625670326e-06,8.049575185062928e-06,2311462222730831.5,1750000000000000.0,1160000000000000.0,1.0471461617955615,104.71461617955616,2420438794668028.0,1832505783142232.8,1214689547682851.8,0.1656581425434931,0.1254192028752321,0.0831350144772966,0.1075811245555582,0.0814492947887345,0.0539892468313897
1165,1165,2.25,0.02,1665,1000000.0,17.15,2.43,0.81,,1000000.0,100.0,1665.0,1.558180956040166,0.0437843310464985,0.0260776814348685,-4.619390917739428e-06,4.888625333268229e-06,2310329182250695.0,1750000000000000.0,1160000000000000.0,1.094292137599009,109.42921375990088,2528175059402483.0,1915011240798264.8,1269378879614850.5,0.1656764450394061,0.1254945749923441,0.0831849754234966,0.1075765061359086,0.0814857411593791,0.0540134055685026
1166,1166,2.25,0.02,1666,1000000.0,17.15,2.43,0.81,,1000000.0,100.0,1666.0,1.6656389049354174,0.0438680886046332,0.0259821623438443,-6.521835067483662e-06,4.625670795538892e-06,2308392305400111.5,1750000000000000.0,1160000000000000.0,1.000216815745293,100.02168157452932,2308892801198235.0,1750379427554262.5,1160251506264539.8,0.165606163099162,0.1255465913421942,0.0832194548325402,0.1075344375665622,0.0815222201621686,0.054037585936066
1167,1167,2.25,0.02,1667,1000000.0,17.15,2.43,0.81,,1000000.0,100.0,1667.0,1.5597558171751804,0.0436016759714791,0.0258928776424058,4.8788045408043126e-06,2.4893659184146985e-06,2306126255250155.5,1750000000000000.0,1160000000000000.0,1.0944756252214116,109.44756252214115,2523998975054425.0,1915332344137470.0,1269591725256837.2,0.1655244226475092,0.1256079275684407,0.0832601119882236,0.1074769901961816,0.0815587318409483,0.0540617879631428
1168,1168,2.25,0.02,1668,1000000.0,17.15,2.43,0.81,,1000000.0,100.0,1668.0,1.667308455864736,0.0438587270149236,0.025907038668952,3.2870647660110785e-06,3.973255049062906e-06,2303860205100199.5,1750000000000000.0,1160000000000000.0,1.0004148849618166,100.0414884961817,2304816042053423.0,1750726048683179.5,1160481266555707.5,0.165436344285435,0.1256645702107259,0.0832976579682526,0.1074194913443823,0.081595276239642,0.0540860116788484
1169,1169,2.25,0.02,1669,1000000.0,17.15,2.43,0.81,,1000000.0,100.0,1669.0,1.668634425002551,0.0438464116581124,0.0259926254065492,5.766381323348626e-06,-4.800828383662033e-06,2301594154950243.5,1750000000000000.0,1160000000000000.0,1.0002191187461695,100.02191187461696,2302098477375667.0,1750383457805796.8,1160254177745556.5,0.1653665533756778,0.1257352291171822,0.0833444947291035,0.1073619409419308,0.0816318534022523,0.0541102571123501
1170,1170,2.25,0.02,1670,1000000.0,17.15,2.43,0.81,,1000000.0,100.0,1670.0,1.6159533931940593,0.0438124692720887,0.0260042180527037,-2.6487003183214594e-06,4.621189867932698e-06,2299328104800287.5,1750000000000000.0,1160000000000000.0,1.0475150869097924,104.75150869097926,2408580879534001.0,1833151402092136.8,1215117500815359.5,0.1652719634174142,0.1257871529411831,0.0833789128067271,0.1073043389194695,0.0816684633728608,0.0541345242928677
1171,1171,2.25,0.02,1671,1000000.0,17.15,2.43,0.81,,1000000.0,100.0,1671.0,1.6702247260295962,0.0437148870118632,0.0260039894816028,-9.632553386255037e-06,5.9801909181196e-06,2297062054650331.5,1750000000000000.0,1160000000000000.0,1.0004644187881098,100.046441878811,2298128853425965.0,1750812732879192.5,1160538725794207.5,0.1651895017647025,0.1258484190720892,0.0834195234992134,0.1072455836346041,0.0817042669703264,0.0541582569631877
1172,1172,2.25,0.02,1672,1000000.0,17.15,2.43,0.81,,1000000.0,100.0,1672.0,1.671425095090899,0.0437470842437464,0.0259371425283513,5.288702459638344e-06,8.783825690094538e-06,2294796004500375.5,1750000000000000.0,1160000000000000.0,1.0003440258186331,100.03440258186328,2295585473574419.5,1750602045182607.8,1160399069949614.2,0.1651007119870251,0.1259049804037806,0.0834570155819346,0.1071867768103037,0.0817401019742802,0.0541820104515228
1173,1173,2.25,0.02,1673,1000000.0,17.15,2.43,0.81,,1000000.0,100.0,1673.0,1.67261708341764,0.0437639450587229,0.026005724871958,6.812440586900331e-06,-3.38399658911668e-06,2292529954350419.5,1750000000000000.0,1160000000000000.0,1.0002289705049985,100.02289705049984,2293054876091791.5,1750400698383747.2,1160265605785798.0,0.1650301813509187,0.1259755916454051,0.0835038207478113,0.1071279183787245,0.0817759684260649,0.0542057847852773
1174,1174,2.25,0.02,1674,1000000.0,17.15,2.43,0.81,,1000000.0,100.0,1674.0,1.6198868913669746,0.0436035414005252,0.0259211399977052,2.547995468629269e-07,-2.2213511698109924e-06,2290263904200464.0,1750000000000000.0,1160000000000000.0,1.047424566015962,104.7424566015962,2398878675919193.0,1832992990527932.8,1215012496578516.0,0.164947175313653,0.1260368101114808,0.0835443998453244,0.1070690082719026,0.0818118663670949,0.0542295799919029
1175,1175,2.25,0.02,1675,1000000.0,17.15,2.43,0.81,,1000000.0,100.0,1675.0,1.6743246057682657,0.0436843558872084,0.0259719555347752,7.707704399498599e-06,3.9741872957046825e-06,2288998898668431.5,1750000000000000.0,1160000000000000.0,1.000403556095289,100.04035560952892,2289922638126098.5,1750706223166756.0,1160468125070535.5,0.1649238342730514,0.1260886189791248,0.0835787417233055,0.1070568654477626,0.081847795838858,0.0542533960989001
1176,1176,2.25,0.02,1676,1000000.0,17.15,2.43,0.81,,1000000.0,100.0,1676.0,1.6752724249526865,0.0437459035738323,0.0259588420771879,9.900998030443374e-06,1.184378166882053e-06,2287865841498899.0,1750000000000000.0,1160000000000000.0,1.0004344028693146,100.04344028693149,2288859696985053.0,1750760205021300.8,1160503907328405.2,0.1649406100312991,0.1261638957665746,0.083628639479558,0.1070508859120118,0.0818837568829146,0.0542772331338177
1177,1177,2.25,0.02,1677,1000000.0,17.15,2.43,0.81,,1000000.0,100.0,1677.0,1.6227875447010418,0.0435809194069769,0.0258585864087074,-9.221871615909834e-06,1.6423999771611543e-06,2286732784329366.5,1750000000000000.0,1160000000000000.0,1.0473790491182613,104.7379049118261,2395076009238445.0,1832913335956956.8,1214959696977183.0,0.1649265677204074,0.1262156625770148,0.0836629534796211,0.1070449011195558,0.0819197495408983,0.0543010911242525
1178,1178,2.25,0.02,1678,1000000.0,17.15,2.43,0.81,,1000000.0,100.0,1678.0,1.677694860078668,0.0437105027275096,0.0259157793974715,5.075105034564449e-06,-5.012267333106862e-07,2285599727159832.5,1750000000000000.0,1160000000000000.0,1.0001819263095204,100.01819263095204,2286015537883236.0,1750318371041660.5,1160211034519043.5,0.1649247112278811,0.1262768109477503,0.0837034861139374,0.1070389110634597,0.0819557738545158,0.0543249700978504
1179,1179,2.25,0.02,1679,1000000.0,17.15,2.43,0.81,,1000000.0,100.0,1679.0,1.5173419886480324,0.043647650906873,0.0258930672563226,7.037127614001749e-06,5.866948088509677e-06,2284466669990300.5,1750000000000000.0,1160000000000000.0,1.1415497335486902,114.154973354869,2607832318428291.0,1997712033710208.0,1324197690916480.5,0.1649166082423674,0.1263332348925749,0.0837408871287924,0.1070329157367762,0.0819918298655474,0.0543488700823057
1180,1180,2.25,0.02,1680,1000000.0,17.15,2.43,0.81,,1000000.0,100.0,1680.0,1.6795287426250525,0.0437551457760355,0.0258891832282564,9.87566561738011e-06,5.2486055944222415e-06,2283333612820768.5,1750000000000000.0,1160000000000000.0,1.0002806356533156,100.02806356533158,2283974397640940.0,1750491112393302.5,1160325537357846.2,0.1649206948460551,0.1263990572205758,0.0837845179290672,0.1070269151325462,0.0820279176158468,0.0543727911053612
1181,1181,2.25,0.02,1681,1000000.0,17.15,2.43,0.81,,1000000.0,100.0,1681.0,1.680498266865834,0.0435366181649452,0.0257989450398934,6.582067015598852e-07,-4.5898845583213744e-06,2282200555651236.0,1750000000000000.0,1160000000000000.0,1.0002986424440354,100.02986424440353,2282882117602954.5,1750522624277061.5,1160346425235081.0,0.1649062418884195,0.1264507287013541,0.0838187687391832,0.1070199557163534,0.082063305978898,0.0543962485345838
1182,1182,2.25,0.02,1682,1000000.0,17.15,2.43,0.81,,1000000.0,100.0,1682.0,1.6275917252267114,0.0437208407732872,0.0259166030969095,-1.9950550392968243e-06,9.290021793227815e-06,2281067498481703.5,1750000000000000.0,1160000000000000.0,1.0474936673505597,104.74936673505596,2389403759458766.5,1833113917863479.2,1215092654126649.5,0.1649039798132376,0.1265118041729358,0.0838592530517745,0.1070129902927266,0.0820987248895185,0.0544197262124808
1183,1183,2.25,0.02,1683,1000000.0,17.15,2.43,0.81,,1000000.0,100.0,1683.0,1.6824668364330364,0.043711674480452,0.0258977834174224,1.0109185068059386e-05,5.590412624011311e-06,2279934443169161.0,1750000000000000.0,1160000000000000.0,1.0003170295199897,100.03170295199892,2280657249691287.0,1750554801659981.2,1160367754243187.5,0.1648954690978503,0.1265681440033526,0.0838965983107936,0.1070060189410399,0.082134174387279,0.054443224165282
1184,1184,2.25,0.02,1684,1000000.0,17.15,2.43,0.81,,1000000.0,100.0,1684.0,1.6835593518408132,0.0438804225976746,0.0258634230116815,-2.2109736225754053e-07,-6.868432245205409e-07,2278801418094184.0,1750000000000000.0,1160000000000000.0,1.000261760849531,100.02617608495312,2279397919089296.5,1750458081486679.5,1160303642585456.0,0.1649053035020302,0.1266386262695513,0.0839433179843882,0.1069990429861947,0.0821696545118183,0.0544667424192624
1185,1185,2.25,0.02,1685,1000000.0,17.15,2.43,0.81,,1000000.0,100.0,1685.0,1.6841824903996894,0.0438199784725732,0.0258946305004819,-1.4433902449993947e-05,-4.526069356616148e-07,2277668393019206.5,1750000000000000.0,1160000000000000.0,1.0004855210016113,100.04855210016112,2278774248858723.0,1750849661752819.8,1160563204361868.8,0.1649027414263204,0.1266996540763023,0.0839837707020061,0.1069920610018322,0.0822051653028438,0.0544902810007422
1186,1186,2.25,0.02,1686,1000000.0,17.15,2.43,0.81,,1000000.0,100.0,1686.0,1.5776543065251007,0.0437777599547836,0.0258658373967451,1.0855801460988455e-05,1.0155542414426732e-06,2276535367944228.0,1750000000000000.0,1160000000000000.0,1.09445629285203,109.445629285203,2491568459346772.0,1915298512491052.5,1269569299708354.8,0.1648877793498813,0.1267512106007227,0.0840179453124789,0.1069850729801319,0.0822407068001315,0.0545138399360872
1187,1187,2.25,0.02,1687,1000000.0,17.15,2.43,0.81,,1000000.0,100.0,1687.0,1.6327618632225356,0.0435283283911658,0.0258225050547146,1.0594106299371688e-05,9.464559132885038e-07,2275402342869249.0,1750000000000000.0,1160000000000000.0,1.0472361422733854,104.72361422733856,2382883571666217.0,1832663248978424.8,1214793925037127.2,0.1648973145819379,0.1268216592211592,0.0840646426837398,0.1069780789132595,0.0822762790435265,0.054537419251709
1188,1188,2.25,0.02,1688,1000000.0,17.15,2.43,0.81,,1000000.0,100.0,1688.0,1.633434786291096,0.0435526969053211,0.025847501126142,3.223861496504117e-06,1.8337497902097803e-06,2274269317794272.0,1750000000000000.0,1160000000000000.0,1.047415796565724,104.7415796565724,2382105609102473.0,1832977643990016.8,1215002324016240.0,0.1648821484537306,0.1268731708845618,0.0840987875577666,0.1069710787933676,0.0823118820729423,0.0545610189740646
1189,1189,2.25,0.02,1689,1000000.0,17.15,2.43,0.81,,1000000.0,100.0,1689.0,1.6344385625695297,0.0438221644646183,0.0259093206329554,-1.5429100811448648e-06,-4.863650932324767e-06,2273136292719295.0,1750000000000000.0,1160000000000000.0,1.04743379469912,104.74337946991204,2380959772951260.5,1833009140723460.8,1215023201850979.5,0.1648791817844297,0.1269341257921586,0.0841391919536593,0.1069640726125945,0.0823475159283623,0.0545846391296572
1190,1190,2.25,0.02,1690,1000000.0,17.15,2.43,0.81,,1000000.0,100.0,1690.0,1.635412116769351,0.0438783275547109,0.0258619107026822,-8.265928322676374e-07,-1.2216864124437787e-06,2272003267644316.5,1750000000000000.0,1160000000000000.0,1.0473643235921226,104.73643235921224,2379615165615382.0,1832887566286214.5,1214942615366862.2,0.1648699624802754,0.1269903254318956,0.0841764442862851,0.1069570603630658,0.0823831806498385,0.0546082797450358
1191,1191,2.25,0.02,1691,1000000.0,17.15,2.43,0.81,,1000000.0,100.0,1691.0,1.6366665031189396,0.0437745217900376,0.0257295580500655,-9.775733968653008e-06,-8.190295934426136e-07,2270870242569339.0,1750000000000000.0,1160000000000000.0,1.047186906927131,104.71869069271308,2378025585349048.5,1832577087122478.5,1214736812035471.8,0.164872946166757,0.1270559851387083,0.0842199672919438,0.1069488835457128,0.0824179835098097,0.0546313490693596
1192,1192,2.25,0.02,1692,1000000.0,17.15,2.43,0.81,,1000000.0,100.0,1692.0,1.637480491489124,0.0436695729931452,0.0258198683176008,9.240192846733546e-06,5.888529134353263e-07,2269737210050671.0,1750000000000000.0,1160000000000000.0,1.0473299001395038,104.73299001395036,2377163645545284.5,1832827325244131.5,1214902684161824.5,0.1648696767430397,0.127116889577661,0.0842603382343353,0.1069406994661142,0.0824528157872169,0.0546544378932409
1193,1193,2.25,0.02,1693,1000000.0,17.15,2.43,0.81,,1000000.0,100.0,1693.0,1.6922031994344024,0.0436522159837375,0.0257704905614755,-5.020974630607648e-06,2.5596632411307973e-06,2268604152881137.0,1750000000000000.0,1160000000000000.0,1.000471201326386,100.0471201326386,2269673122167020.5,1750824602321175.5,1160546593538608.0,0.1648539977254391,0.1271682834808924,0.0842944050501914,0.1069325073039839,0.082487677519374,0.0546775462414135
1194,1194,2.25,0.02,1694,1000000.0,17.15,2.43,0.81,,1000000.0,100.0,1694.0,1.6394527689287774,0.043606808791649,0.0258605435507452,3.038530688704084e-06,3.768119035125893e-06,2267471095711604.5,1750000000000000.0,1160000000000000.0,1.0472472016492131,104.7247201649213,2374602759804454.0,1832682602886122.8,1214806753913087.2,0.1648443699519346,0.1272243990062205,0.0843316016269805,0.1069243082114956,0.0825225687436575,0.054700674138653
1195,1195,2.25,0.02,1695,1000000.0,17.15,2.43,0.81,,1000000.0,100.0,1695.0,1.694625128068833,0.0437668291686807,0.0257829368428552,-2.632745672940501e-06,-8.25949170243388e-06,2266338038542072.5,1750000000000000.0,1160000000000000.0,1.0002212649219615,100.02212649219616,2266839499651309.0,1750387213613432.8,1160256667309475.5,0.1648469498245912,0.1272899970291345,0.0843750837450263,0.1069161021798512,0.0825574894975078,0.0547238216097766
1196,1196,2.25,0.02,1696,1000000.0,17.15,2.43,0.81,,1000000.0,100.0,1696.0,1.6957201638546622,0.0436535032170747,0.0258611029868506,-1.4877647703572196e-07,-3.048999438594887e-06,2265204981372540.0,1750000000000000.0,1160000000000000.0,1.0001650344664543,100.01650344664546,2265578818268051.0,1750288810316295.2,1160191439981087.5,0.1648432750035824,0.1273508285689338,0.0844154063656932,0.106907889200238,0.0825924398184286,0.0547469886796442
1197,1197,2.25,0.02,1697,1000000.0,17.15,2.43,0.81,,1000000.0,100.0,1697.0,1.6422441524076767,0.0437128847953044,0.0258083549618152,8.19663561958782e-07,5.054643909140656e-06,2264071924203007.5,1750000000000000.0,1160000000000000.0,1.0473889762640964,104.73889762640964,2371363974879271.5,1832930708462168.8,1214971212466352.2,0.1648271880840475,0.1274021271425031,0.0844494099916021,0.1068996692638278,0.0826274197439872,0.0547701753731571
1198,1198,2.25,0.02,1698,1000000.0,17.15,2.43,0.81,,1000000.0,100.0,1698.0,1.69744673950388,0.0438187855822844,0.0258094956627863,6.855008525658296e-08,-2.8199797999786832e-06,2262938867033475.5,1750000000000000.0,1160000000000000.0,1.0003259921629208,100.03259921629208,2263676567369297.0,1750570486285111.5,1160378150908988.5,0.164835623783774,0.1274724411798869,0.084496018153525,0.1068914423617777,0.082662429311814,0.0547933817152595
1199,1199,2.25,0.02,1699,1000000.0,17.15,2.43,0.81,,1000000.0,100.0,1699.0,1.698150789338979,0.0436123225600938,0.0261144514381939,-7.720456547893395e-06,-5.003912437396454e-06,2261805809863943.0,1750000000000000.0,1160000000000000.0,1.0005005241172225,100.05005241172222,2262937898220253.0,1750875917205138.8,1160580607975978.0,0.1648193337160197,0.1275236948924385,0.0845299920429878,0.1068832084852301,0.0826974685596038,0.0548166077309374
1200,1200,2.25,0.02,1700,1000000.0,17.15,2.43,0.81,,1000000.0,100.0,1700.0,1.699528597479889,0.0436603640823182,0.0257331059216866,-1.046335850046826e-05,7.650800681710095e-07,2260672752694409.0,1750000000000000.0,1160000000000000.0,1.0002774154193808,100.02774154193808,2261299898174181.0,1750485476983916.5,1160321801886481.8,0.164809098463511,0.1275796870499687,0.0845671068445507,0.1068749676253119,0.0827325375251152,0.0548398534452192
1201,1201,2.25,0.02,1701,1000000.0,17.15,2.43,0.81,,1000000.0,100.0,1701.0,1.7004670043148054,0.0436134114087255,0.0257802981634861,-3.2748114733492583e-06,-1.3142008993208775e-06,2259079417126580.5,1750000000000000.0,1160000000000000.0,1.0003135115392343,100.03135115392344,2259787664591896.0,1750548645193660.2,1160363673385512.0,0.164765191495047,0.1276356567769907,0.0846042067778909,0.1068440409524431,0.0827669316312038,0.0548626518241121
1202,1202,2.25,0.02,1702,1000000.0,17.15,2.43,0.81,,1000000.0,100.0,1702.0,1.7014497022936212,0.0435362728501688,0.0257986579079876,2.462749453635495e-06,8.923660732118499e-06,2256813366976624.5,1750000000000000.0,1160000000000000.0,1.0003234725449537,100.03234725449536,2257543384139926.0,1750566076953669.0,1160375228152146.5,0.1646843762057832,0.1277011482549881,0.0846476182718778,0.1067812590242416,0.0828013543462666,0.0548854691666682
1203,1203,2.25,0.02,1703,1000000.0,17.15,2.43,0.81,,1000000.0,100.0,1703.0,1.7025560479085695,0.0436842220974025,0.02571767343657,4.369737894078658e-06,1.433705995716178e-06,2254547316826668.5,1750000000000000.0,1160000000000000.0,1.000260856121934,100.0260856121934,2255135429296453.0,1750456498213384.8,1160302593101443.5,0.164597225302246,0.1277618536231748,0.0846878572587902,0.1067184248523827,0.0828358057060143,0.0549083054965579
1204,1204,2.25,0.02,1704,1000000.0,17.15,2.43,0.81,,1000000.0,100.0,1704.0,1.7030770403892803,0.0436140864545988,0.0257172551501079,2.737900636890026e-06,-3.7464143932108473e-07,2252281266676712.5,1750000000000000.0,1160000000000000.0,1.0005430971361655,100.05430971361658,2253504474182484.5,1750950419988290.0,1160629992677952.5,0.1644975975679956,0.1278129867717417,0.0847217512315544,0.1066555383716279,0.0828702857462161,0.0549311608374917
1205,1205,2.25,0.02,1705,1000000.0,17.15,2.43,0.81,,1000000.0,100.0,1705.0,1.7041540052094888,0.0435417258908944,0.0257473531323157,-3.781782355015012e-06,-6.399811876678503e-06,2250015216526756.5,1750000000000000.0,1160000000000000.0,1.000496716685412,100.0496716685412,2251132836627236.8,1750869254199471.2,1160576191355078.0,0.1643978013612939,0.1278640918821727,0.0847556266190402,0.1065925995166298,0.0829047945027015,0.0549540352132191
1206,1206,2.25,0.02,1706,1000000.0,17.15,2.43,0.81,,1000000.0,100.0,1706.0,1.5960836548760773,0.043651270328546,0.0256471033803635,-1.25091618224177e-06,-5.2379386929728136e-06,2247749166376800.5,1750000000000000.0,1160000000000000.0,1.0946361239999267,109.46361239999268,2460467435206767.5,1915613216999871.2,1269777903839914.8,0.1643224120414949,0.1279343021784531,0.0848021660154317,0.1065296082219323,0.0829393320113592,0.0549769286475296
1207,1207,2.25,0.02,1707,1000000.0,17.15,2.43,0.81,,1000000.0,100.0,1707.0,1.6517571193162746,0.0436758485469708,0.0256278138429847,-2.9835393937245392e-06,-6.701036626396913e-07,2245483116226844.5,1750000000000000.0,1160000000000000.0,1.047445045564465,104.74450455644651,2352020164990465.0,1833028829737813.2,1215036252854779.5,0.1642284100484108,0.1279901485376766,0.0848391841735456,0.1064665644219704,0.0829738983081385,0.0549998411642518
1208,1208,2.25,0.02,1708,1000000.0,17.15,2.43,0.81,,1000000.0,100.0,1708.0,1.6525808635530033,0.0436997749618418,0.0256879418762049,-2.923065238432264e-06,-3.260831212392902e-06,2243217066076888.5,1750000000000000.0,1160000000000000.0,1.0475554535137253,104.75554535137252,2349894270983904.0,1833222043649019.5,1215164326075921.2,0.1641280960607168,0.1280411835527686,0.0848730130978353,0.106403468051069,0.0830084934290476,0.0550227727872544
1209,1209,2.25,0.02,1709,1000000.0,17.15,2.43,0.81,,1000000.0,100.0,1709.0,1.6539074721227878,0.0436077339303222,0.0256169313045919,-1.4784775014098438e-07,-6.5454341180444535e-06,2240951015926932.8,1750000000000000.0,1160000000000000.0,1.0472882552830427,104.72882552830428,2346921679644880.0,1832754446745324.5,1214854376128329.5,0.1640521580092147,0.1281113573994721,0.0849195283333643,0.1063403190434445,0.0830431174101555,0.055045723540446
1210,1210,2.25,0.02,1710,1000000.0,17.15,2.43,0.81,,1000000.0,100.0,1710.0,1.6549024508159207,0.0435331038079647,0.0256902298785068,4.866607763584682e-07,-3.964851064827686e-06,2239342482888488.5,1750000000000000.0,1160000000000000.0,1.0473040542117258,104.73040542117258,2345272461097666.5,1832782094870520.0,1214872702885601.8,0.1639935160047163,0.1281575530322954,0.08495014943855,0.1063083316506598,0.0830777702875915,0.0550686934477748
1211,1211,2.25,0.02,1711,1000000.0,17.15,2.43,0.81,,1000000.0,100.0,1711.0,1.6559685168187588,0.0436758446747285,0.0255929352446962,1.2253163110715807e-05,-3.6214959890262255e-06,2238209457813510.8,1750000000000000.0,1160000000000000.0,1.0472526109410412,104.72526109410413,2343970698528131.0,1832692069146822.0,1214813028691607.5,0.1639879884217949,0.1282181069945476,0.0849902880649572,0.1062978406086957,0.0831116231842483,0.0550911330821304
1212,1212,2.25,0.02,1712,1000000.0,17.15,2.43,0.81,,1000000.0,100.0,1712.0,1.7111563115620811,0.0436559544507436,0.0257089710882362,1.3893023577594096e-05,-1.0943381964619662e-06,2237076432738532.5,1750000000000000.0,1160000000000000.0,1.0004936142401548,100.04936142401546,2238180685522047.2,1750863824920270.5,1160572592518579.2,0.1639700886315822,0.128269043876163,0.0850240519407709,0.1062873410133742,0.0831455036812077,0.0551135910115434
1213,1213,2.25,0.02,1713,1000000.0,17.15,2.43,0.81,,1000000.0,100.0,1713.0,1.657875871220697,0.0435977588947205,0.025679817362736,5.165419399139354e-06,1.8578269990078529e-06,2235943407663555.5,1750000000000000.0,1160000000000000.0,1.0472291889635554,104.72291889635557,2341545201375913.0,1832651080686222.5,1214785859197724.5,0.1639766335416798,0.1283391644504084,0.0850705318642707,0.1062768328542304,0.0831794118122368,0.0551360672583969
1214,1214,2.25,0.02,1714,1000000.0,17.15,2.43,0.81,,1000000.0,100.0,1714.0,1.6585680079877512,0.0435914067723092,0.0256479026521843,-1.2229046394150935e-06,-1.49953359887908e-06,2234810382588576.5,1750000000000000.0,1160000000000000.0,1.0474012446324124,104.74012446324124,2340743176240713.0,1832952178106720.8,1214985443773598.2,0.1639646692185006,0.1283948622075113,0.0851074515204075,0.1062663161207828,0.0832133476111587,0.0551585618451109
1215,1215,2.25,0.02,1715,1000000.0,17.15,2.43,0.81,,1000000.0,100.0,1715.0,1.7144748929236358,0.0435102537264298,0.025611182099476,3.898265538627376e-06,3.299682292826978e-06,2233677357513599.5,1750000000000000.0,1160000000000000.0,1.000306347399898,100.03063473998976,2234361638764283.5,1750536107949820.8,1160355362983881.2,0.1639464665844279,0.1284457289937864,0.0851411689330241,0.1062557908025325,0.083247311111851,0.0551810747941412
1216,1216,2.25,0.02,1716,1000000.0,17.15,2.43,0.81,,1000000.0,100.0,1716.0,1.6604680350943417,0.0436569799824064,0.0255260500950853,-1.690150320335776e-06,3.044150730396846e-07,2232544332438620.5,1750000000000000.0,1160000000000000.0,1.0474183172761409,104.74183172761408,2338407827927245.0,1832982055233246.5,1215005248040323.2,0.1639281623143165,0.1284965677419267,0.0851748677603627,0.1062452568889637,0.083281302348247,0.0552036061279809
1217,1217,2.25,0.02,1717,1000000.0,17.15,2.43,0.81,,1000000.0,100.0,1717.0,1.66143141293021,0.0437569104314644,0.0256490659184143,5.037871199046277e-06,-3.865363616903476e-06,2231411307363643.5,1750000000000000.0,1160000000000000.0,1.047492743009797,104.7492743009797,2337387151133419.5,1833112300267144.5,1215091581891364.5,0.1639281719097576,0.1285618208957677,0.0852181212794802,0.1062347143695431,0.0833153213543357,0.0552261558691597
1218,1218,2.25,0.02,1718,1000000.0,17.15,2.43,0.81,,1000000.0,100.0,1718.0,1.717181670266109,0.0435289235848701,0.0256391576109771,-8.344453115506945e-07,2.604711298672696e-06,2230278282288664.5,1750000000000000.0,1160000000000000.0,1.0004767903754044,100.04767903754043,2231341657508133.2,1750834383156957.8,1160553076835469.0,0.1639158048389988,0.1286174289308353,0.0852549814627251,0.1062241632337203,0.083349368164161,0.0552487240402439
1219,1219,2.25,0.02,1719,1000000.0,17.15,2.43,0.81,,1000000.0,100.0,1719.0,1.6083600540253895,0.0434959651435334,0.0256162965565799,9.46175636012302e-06,3.4770311054629937e-06,2229145233001876.0,1750000000000000.0,1160000000000000.0,1.0945437357770684,109.45437357770685,2439896950919517.0,1915451537609869.2,1269670733501399.5,0.1639033354100312,0.128673014535394,0.0852918267777469,0.1062136023172914,0.0833834428118231,0.055271310663837
1220,1220,2.25,0.02,1720,1000000.0,17.15,2.43,0.81,,1000000.0,100.0,1720.0,1.719661372811629,0.0435858356549394,0.0256336198788723,-7.381359459228239e-06,-2.283486164288698e-06,2228012175832344.0,1750000000000000.0,1160000000000000.0,1.0001969765716276,100.01969765716277,2228451042032284.5,1750344709000348.8,1160228492823088.2,0.1639030445464499,0.1287382228282181,0.0853350505604188,0.1062030323866161,0.0834175453314775,0.0552939157625792
1221,1221,2.25,0.02,1721,1000000.0,17.15,2.43,0.81,,1000000.0,100.0,1721.0,1.6655164651990162,0.0432875985178879,0.0254846606211077,1.136327738113548e-05,-1.6380486343914932e-06,2226879118662811.5,1750000000000000.0,1160000000000000.0,1.0473898755192963,104.73898755192964,2332410642892762.5,1832932282158768.5,1214972255602383.5,0.1638780938276303,0.1287841184529861,0.0853654728031223,0.106191643578362,0.0834510390369654,0.0553161173045027
1222,1222,2.25,0.02,1722,1000000.0,17.15,2.43,0.81,,1000000.0,100.0,1722.0,1.7216178196441434,0.0436481250354147,0.0256156394398807,3.881386765240103e-06,1.3380039045816663e-06,2225746061493278.8,1750000000000000.0,1160000000000000.0,1.0002220320582025,100.0222032058202,2226240248472347.2,1750388556101853.5,1160257557187514.5,0.1638714630685185,0.1288444649330331,0.0854054738984677,0.1061802456207949,0.0834845596499564,0.0553383366822568
1223,1223,2.25,0.02,1723,1000000.0,17.15,2.43,0.81,,1000000.0,100.0,1723.0,1.612202870934746,0.0436854328880321,0.025445372439175,1.8803872506575211e-06,1.4163634071407598e-06,2224613004323746.5,1750000000000000.0,1160000000000000.0,1.0944204595764238,109.4420459576424,2434661986571683.5,1915235804258742.0,1269527733108651.8,0.1638524504479905,0.1288951326485432,0.0854390593556057,0.1061688385028852,0.0835181072028879,0.0553605739173427
1224,1224,2.25,0.02,1724,1000000.0,17.15,2.43,0.81,,1000000.0,100.0,1724.0,1.6683002827824367,0.0435773635641312,0.0256167599334664,-3.2873230391917133e-06,-2.309703271654503e-06,2223479947154213.2,1750000000000000.0,1160000000000000.0,1.0473991639957505,104.73991639957504,2328871037810639.0,1832948536992563.2,1214983030235070.5,0.1638517613942516,0.1289602736498405,0.0854822385336084,0.1061574222135855,0.0835516817282498,0.055382829031297
1225,1225,2.25,0.02,1725,1000000.0,17.15,2.43,0.81,,1000000.0,100.0,1725.0,1.6691855029343223,0.0436132432791415,0.0255888666577769,-4.255871982447979e-06,-2.0172223342673357e-06,2222346889984680.5,1750000000000000.0,1160000000000000.0,1.047500372830107,104.75003728301074,2327909195816783.0,1833125652452688.0,1215100432482924.5,0.1638386896826165,0.1290157302789734,0.0855189983563481,0.1061459967418303,0.0835852832585841,0.0554051020456901
1226,1226,2.25,0.02,1726,1000000.0,17.15,2.43,0.81,,1000000.0,100.0,1726.0,1.6704531500534991,0.0435580636355729,0.0255062866018991,-3.692243443227011e-06,1.0398690573357868e-06,2221213832815148.5,1750000000000000.0,1160000000000000.0,1.0472491772310186,104.72491772310188,2326164358869821.0,1832686060154282.5,1214809045587981.5,0.1638193752299219,0.1290663250953297,0.0855525354917614,0.106134562076537,0.0836189118264855,0.0554273929821274
1227,1227,2.25,0.02,1727,1000000.0,17.15,2.43,0.81,,1000000.0,100.0,1727.0,1.5609574761572795,0.0434810672241987,0.0254963978942639,-1.078483464188832e-05,-9.427891265268685e-08,2220080775645616.0,1750000000000000.0,1160000000000000.0,1.1413737140309577,114.13737140309576,2533941840347366.0,1997403999554175.5,1323993508275910.5,0.163799959691191,0.129116891873551,0.0855860540418966,0.1061231182066043,0.0836525674646006,0.0554497018622495
1228,1228,2.25,0.02,1728,1000000.0,17.15,2.43,0.81,,1000000.0,100.0,1728.0,1.672426443671388,0.0434914088188679,0.025629526649627,-7.574439563916666e-06,6.856194048277649e-06,2217895496565234.8,1750000000000000.0,1160000000000000.0,1.0472292844386968,104.72292844386968,2322645113827819.0,1832651247767719.2,1214785969948888.2,0.1637211998312535,0.1291819655833213,0.08562918861523,0.1060613471174262,0.083686250205629,0.0554720287077312
1229,1229,2.25,0.02,1729,1000000.0,17.15,2.43,0.81,,1000000.0,100.0,1729.0,1.7285332108769351,0.0436055491710899,0.0255849925012424,1.6756808811514771e-06,-1.7430535792000385e-07,2215629446415278.8,1750000000000000.0,1160000000000000.0,1.000270066521827,100.02700665218268,2216227813753528.8,1750472616413197.0,1160313277165319.5,0.1636240225382498,0.1292373324904203,0.0856658889650785,0.1059956621777752,0.0837199600823229,0.0554943735402825
1230,1230,2.25,0.02,1730,1000000.0,17.15,2.43,0.81,,1000000.0,100.0,1730.0,1.7297927998765317,0.0435295688201705,0.0256188764246013,3.814979998922171e-06,-1.0949818833542932e-05,2213363396265323.5,1750000000000000.0,1160000000000000.0,1.000119787727804,100.0119787727804,2213628530037366.5,1750209628523657.2,1160138953764252.8,0.1635205385536737,0.1292878263694869,0.0856993591934883,0.1059299242993559,0.0837536971274873,0.0555167363816487
1231,1231,2.25,0.02,1731,1000000.0,17.15,2.43,0.81,,1000000.0,100.0,1731.0,1.7299216412762917,0.0435822126161626,0.0254514405690166,9.96439614651966e-06,3.087305500706989e-06,2211097346115367.5,1750000000000000.0,1160000000000000.0,1.0006237812721994,100.06237812721996,2212476587230884.5,1751091617226349.5,1160723586275751.5,0.1634352849634242,0.1293528524144271,0.0857424621718487,0.1058629676481197,0.0837865387110565,0.0555385056599003
1232,1232,2.25,0.02,1732,1000000.0,17.15,2.43,0.81,,1000000.0,100.0,1732.0,1.6760660209317215,0.0435088654226465,0.0255191896583538,-7.664629846716693e-08,-3.286727428336772e-07,2208831295965411.5,1750000000000000.0,1160000000000000.0,1.047391719071492,104.7391719071492,2313511608220123.0,1832935508375110.5,1214974394122930.5,0.1633253310138476,0.1293984424235128,0.0857726818350142,0.105795958466067,0.0838194060604783,0.0555602920172313
1233,1233,2.25,0.02,1733,1000000.0,17.15,2.43,0.81,,1000000.0,100.0,1733.0,1.6771204992107571,0.0435321173017223,0.0255020626183993,1.135520497137781e-05,4.02743825414527e-06,2206565245815455.5,1750000000000000.0,1160000000000000.0,1.0472934991548577,104.72934991548576,2310921437403566.0,1832763623521000.8,1214860459019634.8,0.1632274699674434,0.1294537168047629,0.0858093208534429,0.1057288966913538,0.0838522992060864,0.0555820954737486
1234,1234,2.25,0.02,1734,1000000.0,17.15,2.43,0.81,,1000000.0,100.0,1734.0,1.6781222019103257,0.0433547385732093,0.0255036475866608,8.127237458035533e-07,1.3242316568176443e-06,2204299195665499.5,1750000000000000.0,1160000000000000.0,1.047269067986662,104.72690679866616,2308494364208356.0,1832720868976658.5,1214832118864527.5,0.1631233135824181,0.1295041069427269,0.0858427223163218,0.1056617822620391,0.0838852181782623,0.055603916049591
1235,1235,2.25,0.02,1735,1000000.0,17.15,2.43,0.81,,1000000.0,100.0,1735.0,1.7345285398684838,0.0435398625746757,0.0254136600152803,5.742100731610555e-06,-3.916849738084109e-06,2202033145515543.5,1750000000000000.0,1160000000000000.0,1.000271859644862,100.0271859644862,2202631789464457.2,1750475754378508.5,1160315357188040.2,0.1630373549270236,0.1295690628923265,0.085885778831485,0.1055946151160849,0.083918163007435,0.0556257537649284
1236,1236,2.25,0.02,1736,1000000.0,17.15,2.43,0.81,,1000000.0,100.0,1736.0,1.735635230518051,0.0435822153839952,0.0255499967671072,-1.5156578485892835e-06,5.955583510452938e-06,2199883544384115.5,1750000000000000.0,1160000000000000.0,1.000210194915931,100.02101949159308,2200345948720784.5,1750367841102878.8,1160243826102479.5,0.1629476026596457,0.129624272785864,0.0859223751037726,0.1055329814925703,0.0839511337240818,0.0556476086399628
1237,1237,2.25,0.02,1737,1000000.0,17.15,2.43,0.81,,1000000.0,100.0,1737.0,1.680884032865011,0.0434008182681141,0.0255632531990728,3.255561562820098e-06,3.191520278809265e-06,2198750487214583.5,1750000000000000.0,1160000000000000.0,1.047356959652591,104.73569596525908,2302876625323718.0,1832874679392033.2,1214934073197005.2,0.1629207769075606,0.1296697198004559,0.0859524999820165,0.1055200843111685,0.0839841303587274,0.0556694806949278
1238,1238,2.25,0.02,1738,1000000.0,17.15,2.43,0.81,,1000000.0,100.0,1738.0,1.7374921650764463,0.0434082000326211,0.0254592518460278,-1.6550849626465569e-06,-4.748295197883242e-06,2197617430045050.5,1750000000000000.0,1160000000000000.0,1.000292339866124,100.0292339866124,2198259881230340.8,1750511594765717.0,1160339114244704.0,0.1628999695113005,0.1297200061973169,0.0859858326793644,0.1055071769874161,0.0840171529419445,0.0556913699500889
1239,1239,2.25,0.02,1739,1000000.0,17.15,2.43,0.81,,1000000.0,100.0,1739.0,1.6268308406261205,0.0435268106270213,0.0254320888561491,4.818789401150843e-06,2.5817829226732984e-07,2196484372875517.2,1750000000000000.0,1160000000000000.0,1.0946657956590364,109.46657956590369,2404416313686418.5,1915665142403314.0,1269812322964482.5,0.1628974212723575,0.1297848920515774,0.0860288427313312,0.1054942595093445,0.0840502015043545,0.0557132764257435
1240,1240,2.25,0.02,1740,1000000.0,17.15,2.43,0.81,,1000000.0,100.0,1740.0,1.6837639041317984,0.0435281897907064,0.0254846880734748,2.563438077131767e-06,8.012409605862192e-07,2195351315705984.5,1750000000000000.0,1160000000000000.0,1.0474451788859094,104.74451788859092,2299510151597071.5,1833029063050340.8,1215036407507655.0,0.1628764143946565,0.1298351307836063,0.0860621438337048,0.1054813318649663,0.0840832760766262,0.0557352001422207
1241,1241,2.25,0.02,1741,1000000.0,17.15,2.43,0.81,,1000000.0,100.0,1741.0,1.684737917970601,0.0433864683178566,0.0253829330008007,-5.765693447626325e-06,8.098790319161415e-06,2194218258536452.5,1750000000000000.0,1160000000000000.0,1.047432916341744,104.7432916341744,2298296429629139.0,1833007603598052.0,1215022182956423.0,0.1628553073063852,0.1298853414775007,0.0860954263508004,0.1054722976991854,0.0841194900532308,0.0557592048352843
1242,1242,2.25,0.02,1742,1000000.0,17.15,2.43,0.81,,1000000.0,100.0,1742.0,1.7413227944973415,0.0435382540793198,0.0255027327096009,1.421576714730318e-06,-4.038257155865255e-06,2193085201366920.0,1750000000000000.0,1160000000000000.0,1.0003890915388904,100.03890915388904,2193938512262837.2,1750680910193058.5,1160451346185112.8,0.1628524627391501,0.1299501768631156,0.0861384029492652,0.1054632557481695,0.0841557352374009,0.0557832302145056
1243,1243,2.25,0.02,1743,1000000.0,17.15,2.43,0.81,,1000000.0,100.0,1743.0,1.686593387260062,0.0436888680525377,0.0254603599130518,2.6048887297589275e-06,-4.690257472530713e-06,2191952144197387.5,1750000000000000.0,1160000000000000.0,1.0474859874378173,104.74859874378174,2296039156181041.0,1833100478016180.5,1215083745427868.0,0.1628250351998177,0.1299954528450788,0.0861684144573094,0.1054542060018506,0.0841920116694938,0.0558072763066359
1244,1244,2.25,0.02,1744,1000000.0,17.15,2.43,0.81,,1000000.0,100.0,1744.0,1.7435095148693562,0.0435774205990154,0.0253015487788086,-1.0806587960839642e-05,1.818263518692441e-07,2190819087027855.5,1750000000000000.0,1160000000000000.0,1.000281339961537,100.02813399615368,2191435451985532.8,1750492344932689.2,1160326354355382.8,0.1628097500862526,0.1300504748831046,0.0862048862082293,0.1054451484501437,0.0842283193899365,0.0558313431384723
1245,1245,2.25,0.02,1745,1000000.0,17.15,2.43,0.81,,1000000.0,100.0,1745.0,1.7443456655796126,0.0435063858231811,0.0253962585555732,-9.939066069239964e-06,6.426171951487403e-07,2189686038751723.5,1750000000000000.0,1160000000000000.0,1.0003752363434175,100.03752363434174,2190507688534136.8,1750656663600980.5,1160435274158364.2,0.1627882443883063,0.1301005818358953,0.0862380999597933,0.1054360835111745,0.0842646584392259,0.0558554307368582
1246,1246,2.25,0.02,1746,1000000.0,17.15,2.43,0.81,,1000000.0,100.0,1746.0,1.7455723078582424,0.0435553725867278,0.0253000452576877,-9.502749832211607e-07,-1.5644028978277604e-06,2188553013676745.2,1750000000000000.0,1160000000000000.0,1.0002450486654717,100.02450486654718,2189089315672061.2,1750428835164575.5,1160284256451947.2,0.1627788850049825,0.1301604516676306,0.0862777851054008,0.1054270118646109,0.0843010288579282,0.0558795391286838
1247,1247,2.25,0.02,1747,1000000.0,17.15,2.43,0.81,,1000000.0,100.0,1747.0,1.746638876369002,0.0433417766169625,0.0254420392829843,5.020132592153582e-06,-3.857997987203375e-06,2187419988601768.0,1750000000000000.0,1160000000000000.0,1.0002067638398864,100.02067638398864,2187872267958055.5,1750361836719801.5,1160239846054268.5,0.1627633044652407,0.1302154064141301,0.086314212251652,0.1054179323836344,0.0843374306866801,0.0559036683408851
1248,1248,2.25,0.02,1748,1000000.0,17.15,2.43,0.81,,1000000.0,100.0,1748.0,1.7474318569758225,0.0435584171081586,0.0253698066140797,-3.0643948270215903e-06,5.579977911393637e-06,2186286963526789.2,1750000000000000.0,1160000000000000.0,1.0003251953944232,100.03251953944236,2186997933978216.5,1750569091940240.8,1160377226657531.0,0.1627353788718546,0.1302605365977869,0.0863441271162473,0.105408845058092,0.0843738639661887,0.0559278184004451
1249,1249,2.25,0.02,1749,1000000.0,17.15,2.43,0.81,,1000000.0,100.0,1749.0,1.7487389829618905,0.0433533469282495,0.0253043060484945,-3.7391504403063095e-06,-5.514850703543683e-07,2185153938451812.0,1750000000000000.0,1160000000000000.0,1.0001492671470442,100.01492671470444,2185480110146056.8,1750261217507327.5,1160173149890571.5,0.1627379691445143,0.1303301524855844,0.0863902725047302,0.1053997498778128,0.0844103287372311,0.0559519893343932
1250,1250,2.25,0.02,1750,1000000.0,17.15,2.43,0.81,,1000000.0,100.0,1750.0,1.6934777093997142,0.0435611859512749,0.0254191980066289,-2.945268833723874e-06,-4.371062358057317e-06,2184020913376833.2,1750000000000000.0,1160000000000000.0,1.047419433132363,104.74194331323628,2287585947038389.0,1832984007981635.2,1215006542433541.0,0.1627037207489671,0.1303703227229878,0.0864168996335233,0.1053906468326087,0.0844468250406551,0.0559761811698056
1251,1251,2.25,0.02,1751,1000000.0,17.15,2.43,0.81,,1000000.0,100.0,1751.0,1.63841359211442,0.043567753796713,0.025329319464821,-7.841048113424586e-06,3.408608038244766e-06,2182887888301856.0,1750000000000000.0,1160000000000000.0,1.0944647918607715,109.44647918607716,2389093938325690.5,1915313385756351.2,1269579158558495.5,0.1626877430986211,0.1304251821398248,0.0864532635898267,0.1053805184380412,0.0844825372181783,0.0559998532417639
1252,1252,2.25,0.02,1752,1000000.0,17.15,2.43,0.81,,1000000.0,100.0,1752.0,1.751614249499721,0.0433282146531759,0.0253754728378611,-1.1099665704567829e-05,4.705863259989369e-06,2181754863226878.5,1750000000000000.0,1160000000000000.0,1.000220231840778,100.0220231840778,2182235355116532.8,1750385405721361.2,1160255468935302.2,0.1626655422220229,0.1304751068447316,0.0864863565370792,0.1053703814733456,0.0845182796135147,0.0560235453438155
1253,1253,2.25,0.02,1753,1000000.0,17.15,2.43,0.81,,1000000.0,100.0,1753.0,1.7524155328655298,0.0435167087234825,0.0253324527483782,-4.8502215082246885e-06,1.4600243618483793e-06,2180621838151900.0,1750000000000000.0,1160000000000000.0,1.000333560672671,100.03335606726714,2181349207839075.5,1750583731177174.5,1160386930380298.5,0.1626554908379649,0.1305348336819738,0.0865259468977655,0.1053602359276401,0.0845540522650338,0.0560472575013939
1254,1254,2.25,0.02,1754,1000000.0,17.15,2.43,0.81,,1000000.0,100.0,1754.0,1.7534810990064895,0.0432071292416924,0.0253690925263876,-9.49977930364675e-06,-4.113209453873045e-06,2178977611094744.5,1750000000000000.0,1160000000000000.0,1.000295951253922,100.0295951253922,2179622482251015.5,1750517914694363.5,1160343303454549.2,0.1625888222486006,0.1305797900291867,0.0865557465336324,0.1053253717890776,0.0845898552111701,0.0560709897399756
1255,1255,2.25,0.02,1755,1000000.0,17.15,2.43,0.81,,1000000.0,100.0,1755.0,1.6982891007366423,0.0435257857877648,0.0253870042282485,2.1136665771207195e-06,-3.012752248455123e-06,2176711527566905.2,1750000000000000.0,1160000000000000.0,1.0474087188613552,104.74087188613552,2279906632419596.0,1832965258007371.5,1214994113879172.0,0.1624878513392266,0.1306345541163613,0.0865920472999881,0.1052604066659367,0.0846256884904227,0.0560947420850802
1256,1256,2.25,0.02,1756,1000000.0,17.15,2.43,0.81,,1000000.0,100.0,1756.0,1.7557753828921705,0.0434412888431141,0.025276177961522,9.564779539610064e-06,-8.041595832885455e-06,2174445444039067.5,1750000000000000.0,1160000000000000.0,1.0001279396262828,100.01279396262828,2174723641776550.5,1750223894345995.0,1160148409966488.2,0.1623744754448581,0.1306794487796753,0.0866218060482418,0.1051953864794566,0.0846615521413567,0.0561185145622707
1257,1257,2.25,0.02,1757,1000000.0,17.15,2.43,0.81,,1000000.0,100.0,1757.0,1.700105154504227,0.0433655400551594,0.0253854327940659,9.607599397006783e-06,6.716510222848001e-07,2172179360511228.5,1750000000000000.0,1160000000000000.0,1.0474024658335943,104.74024658335944,2275146018432301.0,1832954315208790.8,1214986860366969.8,0.1622854005094866,0.1307440149991856,0.0866646042280315,0.1051303111596012,0.0846974462026021,0.0561423071971533
1258,1258,2.25,0.02,1758,1000000.0,17.15,2.43,0.81,,1000000.0,100.0,1758.0,1.757357287372588,0.0434164599127401,0.0252950426846011,-6.742473349247437e-06,-6.548715797505129e-07,2169913276983388.8,1750000000000000.0,1160000000000000.0,1.000365839332716,100.0365839332716,2170707116608692.5,1750640218832252.8,1160424373625950.5,0.1621778089183223,0.1307937826905314,0.0866975930977236,0.1050651806362163,0.0847333707128544,0.0561661200153778
1259,1259,2.25,0.02,1759,1000000.0,17.15,2.43,0.81,,1000000.0,100.0,1759.0,1.6458434002514213,0.0433655421164441,0.0253101812425646,-6.734186401153852e-07,-5.108159110133815e-07,2167647193455550.8,1750000000000000.0,1160000000000000.0,1.0945343750417522,109.45343750417524,2372564366199879.5,1915435156323066.5,1269659875048432.2,0.1620639447734056,0.1308385904356235,0.0867272942316133,0.1049999948390279,0.0847693257108754,0.0561899530426375
1260,1260,2.25,0.02,1760,1000000.0,17.15,2.43,0.81,,1000000.0,100.0,1760.0,1.7594567167363948,0.0433999130850183,0.0253538336475843,-3.4565116420539746e-06,-5.883843483099548e-06,2165381109927712.0,1750000000000000.0,1160000000000000.0,1.000308812805771,100.03088128057712,2166049807343832.0,1750540422410099.5,1160358222854694.5,0.1619743470261487,0.1309031033826757,0.0867700570993734,0.1049347536976429,0.0848053112354921,0.0562138063046691
1261,1261,2.25,0.02,1761,1000000.0,17.15,2.43,0.81,,1000000.0,100.0,1761.0,1.7604991154035132,0.0434914802482765,0.025277190200668,1.0703483178947366e-05,2.231513135379893e-07,2163115026399872.5,1750000000000000.0,1160000000000000.0,1.0002845592028635,100.02845592028638,2163730560687488.5,1750497978605011.5,1160330088675322.2,0.1618601559638417,0.1309478550514957,0.0867997210627057,0.1048688470469995,0.0848408337478414,0.056237352655712
1262,1262,2.25,0.02,1762,1000000.0,17.15,2.43,0.81,,1000000.0,100.0,1762.0,1.761157243596881,0.0433952682575707,0.0252232090949602,1.2864133466654669e-05,3.900697893771475e-06,2160848942872034.5,1750000000000000.0,1160000000000000.0,1.000478953100589,100.04789531005892,2161883888173128.0,1750838167926031.5,1160555585596683.5,0.161751907620874,0.1309975133941108,0.0868326374498105,0.1048028851604082,0.0848763860313839,0.056260918740803
1263,1263,2.25,0.02,1763,1000000.0,17.15,2.43,0.81,,1000000.0,100.0,1763.0,1.762415016393834,0.0434353458837758,0.0253296270458889,1.3512469872895426e-05,6.21817588647979e-06,2159291430474936.5,1750000000000000.0,1160000000000000.0,1.0003319808155666,100.03319808155666,2160008273805072.0,1750580966427241.8,1160385097746057.5,0.1616965567866193,0.1310471436985904,0.086865535251637,0.1047712486365533,0.0849119681235619,0.0562845045847609
1264,1264,2.25,0.02,1764,1000000.0,17.15,2.43,0.81,,1000000.0,100.0,1764.0,1.7065077427698117,0.0433348991407818,0.0251719563062646,6.805297610441799e-06,5.222914149220006e-06,2158158389994799.5,1750000000000000.0,1160000000000000.0,1.0475901847028957,104.75901847028952,2260865546392755.5,1833282823230067.2,1215204614255358.5,0.1616850802249936,0.1311066378193033,0.0869049713545096,0.1047601900687444,0.0849475800618806,0.0563081102124466
1265,1265,2.25,0.02,1765,1000000.0,17.15,2.43,0.81,,1000000.0,100.0,1765.0,1.7077533158985,0.0433531719477094,0.0253293333406153,1.3188740381042529e-06,-4.342047613447309e-07,2157025349514662.5,1750000000000000.0,1160000000000000.0,1.0475015892010264,104.75015892010263,2259487481563508.0,1833127781101796.5,1215101843473190.5,0.1616552066802184,0.1311512689241389,0.0869345554011434,0.1047491222211536,0.0849832218839079,0.0563317356487619
1266,1266,2.25,0.02,1766,1000000.0,17.15,2.43,0.81,,1000000.0,100.0,1766.0,1.7656260065201876,0.0431374636705229,0.0252983008226117,1.8248223451254269e-06,5.288148794101148e-06,2155892309034524.5,1750000000000000.0,1160000000000000.0,1.0002118317385198,100.02118317385198,2156348995450408.8,1750370705542409.5,1160245724816682.8,0.1616313338791471,0.1312008179180242,0.0869673993056616,0.1047380450820954,0.0850188936272752,0.056355380918651
1267,1267,2.25,0.02,1767,1000000.0,17.15,2.43,0.81,,1000000.0,100.0,1767.0,1.766366417185918,0.0433872696514375,0.0251450900037327,3.895437500327984e-06,4.351545423530743e-06,2154759268554388.0,1750000000000000.0,1160000000000000.0,1.0003587303908392,100.03587303908394,2155532246188960.5,1750627778183968.8,1160416127253373.5,0.1616073623938087,0.1312503388737724,0.0870002246249005,0.1047269586398646,0.0850545953296764,0.0563790460470998
1268,1268,2.25,0.02,1768,1000000.0,17.15,2.43,0.81,,1000000.0,100.0,1768.0,1.7672688920440125,0.0433946281087489,0.0252111951350563,4.252115322141045e-06,4.50149280090871e-06,2153626228074250.5,1750000000000000.0,1160000000000000.0,1.0004138850053992,100.04138850053992,2154517581677284.8,1750724298759448.8,1160480106606263.2,0.1615954932294927,0.1313097460762641,0.0870396031134093,0.1047158628827363,0.0850903270288694,0.0564027310591363
1269,1269,2.25,0.02,1769,1000000.0,17.15,2.43,0.81,,1000000.0,100.0,1769.0,1.76856194654265,0.0432013528475274,0.0251613718798996,7.1220488321516535e-06,1.923100514413125e-06,2152493187594112.5,1750000000000000.0,1160000000000000.0,1.0002477436943358,100.0247743694336,2153026454208440.5,1750433551465087.5,1160287382685429.8,0.1615713250173436,0.1313592165633688,0.0870723949791474,0.1047047577989659,0.0851260887626752,0.0564264359798304
1270,1270,2.25,0.02,1770,1000000.0,17.15,2.43,0.81,,1000000.0,100.0,1770.0,1.7130061576282691,0.0434190918590838,0.0252093699022124,-3.003462172665527e-06,-3.4899213557414684e-06,2151360147113976.0,1750000000000000.0,1160000000000000.0,1.047229804450224,104.7229804450224,2252968466164174.5,1832652157787892.0,1214786573162260.0,0.1615409573269239,0.1314036962622697,0.0871018786652758,0.104693643376789,0.0851618805689785,0.0564501608342944
1271,1271,2.25,0.02,1771,1000000.0,17.15,2.43,0.81,,1000000.0,100.0,1771.0,1.7706144512196715,0.043465688036522,0.0251535678063146,3.6876837889199433e-06,2.694819506299902e-06,2150227106633838.8,1750000000000000.0,1160000000000000.0,1.0002177883394128,100.02177883394124,2150695401024752.5,1750381129593972.0,1160252634473718.5,0.1615348954271222,0.1314680045309289,0.0871445058605015,0.1046815003331848,0.0851968729339758,0.0564733557733782
1272,1272,2.25,0.02,1772,1000000.0,17.15,2.43,0.81,,1000000.0,100.0,1772.0,1.7146830137440996,0.0433962915060581,0.0252731467233965,-1.0213520426092968e-05,1.3170942702079297e-06,2149094066153700.8,1750000000000000.0,1160000000000000.0,1.0474477180906676,104.74477180906676,2251063675554888.5,1833033506658668.0,1215039352985174.5,0.1615043308401589,0.1315124281535589,0.0871739523760733,0.1046693473065114,0.0852318940669835,0.0564965697815432
1273,1273,2.25,0.02,1773,1000000.0,17.15,2.43,0.81,,1000000.0,100.0,1773.0,1.7152911624634837,0.0431883442373143,0.025225263069786,-8.533577411206418e-07,-3.726443728229162e-06,2147961025673564.0,1750000000000000.0,1160000000000000.0,1.0476403644662406,104.76403644662408,2250290671795932.8,1833370637815920.8,1215262822780839.2,0.1614797690668275,0.1315617892919322,0.0872066717592236,0.1046571842844526,0.0852669440034925,0.0565198028823149
1274,1274,2.25,0.02,1774,1000000.0,17.15,2.43,0.81,,1000000.0,100.0,1774.0,1.7735159417748718,0.0432660492520756,0.0251161876418915,-4.47315353805329e-06,-3.702370199826059e-06,2146827985193427.5,1750000000000000.0,1160000000000000.0,1.0002731548279873,100.02731548279876,2147414401622441.2,1750478020948978.5,1160316859600465.5,0.1614490071235889,0.1316061484268496,0.0872360755286546,0.1046450112546722,0.085302022779052,0.0565430550992574
1275,1275,2.25,0.02,1775,1000000.0,17.15,2.43,0.81,,1000000.0,100.0,1775.0,1.7175932226723856,0.0431151464824716,0.0253338696398707,-5.878811266274088e-06,6.256647654865217e-06,2145694944713289.2,1750000000000000.0,1160000000000000.0,1.0474182215953185,104.74182215953184,2247439983077659.2,1832981887791807.2,1215005137050569.5,0.1614364527061696,0.1316654042234073,0.0872753536566585,0.1046328282048134,0.08533713042927,0.0565663264559733
1276,1276,2.25,0.02,1776,1000000.0,17.15,2.43,0.81,,1000000.0,100.0,1776.0,1.7753044480249855,0.043286576800759,0.0251998448792963,-2.8437641417155256e-06,8.742291809824824e-07,2144561904233152.5,1750000000000000.0,1160000000000000.0,1.0003918946615056,100.03918946615056,2145402346594689.2,1750685815657634.8,1160454597807346.5,0.1614054940810491,0.131709704478238,0.0873047183970035,0.1046206351224995,0.0853722669898129,0.0565896169761045
1277,1277,2.25,0.02,1777,1000000.0,17.15,2.43,0.81,,1000000.0,100.0,1777.0,1.7766116129932925,0.0435018352427627,0.0252068218916265,-1.1915255530344749e-06,2.2586738310295758e-07,2143428863753015.5,1750000000000000.0,1160000000000000.0,1.0002186886213464,100.02186886213464,2143897607256184.0,1750382705087356.8,1160253678800762.0,0.1613805393787282,0.1317589534640684,0.0873373634390396,0.1046084319953331,0.0854074324964054,0.0566129266833316
1278,1278,2.25,0.02,1778,1000000.0,17.15,2.43,0.81,,1000000.0,100.0,1778.0,1.7775156159577137,0.0434214718009206,0.0251572549726633,-1.3771205016828526e-06,1.8307590306959756e-06,2142295823272878.5,1750000000000000.0,1160000000000000.0,1.000272603001036,100.02726030010362,2142879819543409.2,1750477055251813.5,1160316219481202.0,0.1613493838765815,0.1318031892311875,0.0873666854332442,0.1045962188108962,0.0854426269848322,0.0566362556013745
1279,1279,2.25,0.02,1779,1000000.0,17.15,2.43,0.81,,1000000.0,100.0,1779.0,1.7782936023572575,0.0433602740117013,0.0252377227024879,4.608355585616022e-06,3.0098609947218368e-06,2141162782792740.5,1750000000000000.0,1160000000000000.0,1.0003974019508135,100.03974019508136,2142013685059632.0,1750695453413923.5,1160460986262943.5,0.1613364386468443,0.1318623553057092,0.0874059040883559,0.1045839955567508,0.0854778504909359,0.0566596037539918
1280,1280,2.25,0.02,1780,1000000.0,17.15,2.43,0.81,,1000000.0,100.0,1780.0,1.7797395839788803,0.0434986947397755,0.0252305819665672,8.244406635055054e-06,1.06738585112194e-06,2140029742312603.5,1750000000000000.0,1160000000000000.0,1.0001463278688043,100.01463278688044,2140342888303974.0,1750256073770408.0,1160169740327813.0,0.1613111900188424,0.1319115229809447,0.0874384952330833,0.1045717622204382,0.0855131030506187,0.0566829711649815
1281,1281,2.25,0.02,1781,1000000.0,17.15,2.43,0.81,,1000000.0,100.0,1781.0,1.7234040856171382,0.0433617503374204,0.025225870845497,1.2305056584855533e-06,-8.51550491600825e-07,2137793401164766.8,1750000000000000.0,1160000000000000.0,1.0474410427878031,104.74410427878028,2239212549380907.2,1833021824878654.8,1215031609633851.5,0.1611965477086428,0.1319556690260282,0.0874677577543958,0.1045048689488261,0.0855477992217593,0.0567059697698518
1282,1282,2.25,0.02,1782,1000000.0,17.15,2.43,0.81,,1000000.0,100.0,1782.0,1.667259385371718,0.0431607336325393,0.0252335663041289,-4.186496560370223e-06,-1.1064703020209834e-05,2135527317636928.0,1750000000000000.0,1160000000000000.0,1.094536595164507,109.4536595164507,2337412799127116.0,1915439041537886.8,1269662450390828.0,0.1611038965228987,0.1320197670086678,0.0875102455600313,0.1044364668422458,0.0855825235596461,0.0567289870452511
1283,1283,2.25,0.02,1783,1000000.0,17.15,2.43,0.81,,1000000.0,100.0,1783.0,1.7253796381691224,0.0438182237939216,0.0251574077143143,7.290735012491908e-06,-9.071412289413652e-07,2133261234109088.5,1750000000000000.0,1160000000000000.0,1.0473744741914186,104.73744741914184,2234323363387944.0,1832905329834982.5,1214954390062045.5,0.1609805953818195,0.1320588577778365,0.0875361571555945,0.104368009183509,0.0856172760985919,0.0567520230139238
1284,1284,2.25,0.02,1784,1000000.0,17.15,2.43,0.81,,1000000.0,100.0,1784.0,1.7836040113703802,0.0432519181925778,0.0251559866434733,-5.5532559872584666e-06,-4.4649478230703473e-07,2130995150581250.5,1750000000000000.0,1160000000000000.0,1.000222034840892,100.0222034840892,2131468305750451.2,1750388560971561.2,1160257560415435.0,0.16086932719819,0.1321079133005275,0.0875686739592067,0.1042994959049139,0.0856520568729657,0.0567750776986515
1285,1285,2.25,0.02,1785,1000000.0,17.15,2.43,0.81,,1000000.0,100.0,1785.0,1.7842758788871378,0.0433945173765645,0.0251360172249203,-3.8034843473073126e-06,-8.035078856611725e-07,2128729067053411.5,1750000000000000.0,1160000000000000.0,1.0004058923418158,100.04058923418158,2129593101879528.8,1750710311598177.5,1160470835116506.0,0.1607518099333447,0.1321519359778136,0.0875978547052934,0.1042309269386486,0.0856868659171922,0.0567981511222531
1286,1286,2.25,0.02,1786,1000000.0,17.15,2.43,0.81,,1000000.0,100.0,1786.0,1.7281945057978934,0.0432200339909003,0.0251429923986802,8.432484964720381e-06,-3.416340221424472e-06,2126462983525572.5,1750000000000000.0,1160000000000000.0,1.047490716897298,104.74907168972982,2227450235068768.8,1833108754570271.5,1215089231600865.5,0.1606523923451965,0.1322109478425881,0.0876369711413727,0.1041623022167912,0.0857217032657519,0.0568212433075841
1287,1287,2.25,0.02,1787,1000000.0,17.15,2.43,0.81,,1000000.0,100.0,1787.0,1.786660701540677,0.0432818036090861,0.0251181879091851,1.8334882232851133e-06,-1.8924373307762872e-06,2124196899997733.2,1750000000000000.0,1160000000000000.0,1.0001899306425142,100.01899306425142,2124600350079776.8,1750332378624399.5,1160220319545316.5,0.1605406379557162,0.1322599220546847,0.0876694340476767,0.1040936216713089,0.0857565689531818,0.0568443542775376
1288,1288,2.25,0.02,1788,1000000.0,17.15,2.43,0.81,,1000000.0,100.0,1788.0,1.7873742138218631,0.043403122311391,0.0251246521237602,-1.0911253336556466e-05,6.781990130028051e-06,2121930816469895.5,1750000000000000.0,1160000000000000.0,1.0003501600374372,100.03501600374368,2122673831844028.8,1750612780065514.5,1160406185643426.8,0.1604165653600426,0.1322988417912245,0.0876952322730402,0.1040248852340584,0.0857914630140747,0.0568674840550438
1289,1289,2.25,0.02,1789,1000000.0,17.15,2.43,0.81,,1000000.0,100.0,1789.0,1.7312353192503322,0.0433112061031072,0.0250986209803056,2.996832094734204e-07,-1.6182755362866042e-06,2119832368940156.5,1750000000000000.0,1160000000000000.0,1.0474005467856375,104.74005467856377,2220313582321813.2,1832950956874865.2,1214984634271339.5,0.1603110973919652,0.1323427382968973,0.0877243293853719,0.1039643143178105,0.0858263854830798,0.0568906326630701
1290,1290,2.25,0.02,1790,1000000.0,17.15,2.43,0.81,,1000000.0,100.0,1790.0,1.7324320252087504,0.0432629259983268,0.0251553701393943,6.200127520062782e-06,2.073015797749731e-07,2118699343865179.5,1750000000000000.0,1160000000000000.0,1.0472519851261386,104.72519851261386,2218812093748255.5,1832690973970742.5,1214812302746320.5,0.1602967458055317,0.1324016576358231,0.0877633844900313,0.1039510611904394,0.0858613363949032,0.0569138001246215
1291,1291,2.25,0.02,1791,1000000.0,17.15,2.43,0.81,,1000000.0,100.0,1791.0,1.7902662795068864,0.043268115212094,0.0251462954298744,1.1567277220112508e-05,1.757616586754175e-06,2117566318790200.5,1750000000000000.0,1160000000000000.0,1.0004105664293887,100.04105664293888,2118435720432700.8,1750718491251430.5,1160476257058091.0,0.1602701448433874,0.1324505168915637,0.0877957711966937,0.1039368279616012,0.0858955147325532,0.0569364554798638
1292,1292,2.25,0.02,1792,1000000.0,17.15,2.43,0.81,,1000000.0,100.0,1792.0,1.7915198667226833,0.0432080509892407,0.0250768553252371,6.8580015097782815e-06,-2.0356741589351933e-06,2116433293715223.5,1750000000000000.0,1160000000000000.0,1.0002680410950824,100.02680410950822,2117000584812939.2,1750469071916393.8,1160310927670295.5,0.1602312937000862,0.1324892992412359,0.0878214783541907,0.1039225833967686,0.085929720291395,0.0569591288788674
1293,1293,2.25,0.02,1793,1000000.0,17.15,2.43,0.81,,1000000.0,100.0,1793.0,1.7922012117462829,0.0431537394499955,0.0250081825191447,-5.157579994257614e-07,1.4502395305101708e-06,2115300268640244.5,1750000000000000.0,1160000000000000.0,1.0004458087464667,100.04458087464668,2116243288001408.0,1750780165306317.0,1160517138145901.2,0.1602227280834536,0.1325531785264149,0.0878638211946522,0.1039083274823931,0.0859639531039617,0.0569818203431975
1294,1294,2.25,0.02,1794,1000000.0,17.15,2.43,0.81,,1000000.0,100.0,1794.0,1.7935492496413417,0.0432515833936173,0.0250966723626094,6.521185111482617e-06,4.808714288755608e-06,2114167243565267.5,1750000000000000.0,1160000000000000.0,1.0002513762921037,100.0251376292104,2114698695087842.0,1750439908511181.8,1160291596498840.5,0.1601836823465718,0.1325918963883742,0.0878894856060079,0.1038940602049051,0.0859982132028388,0.0570045298944531
1295,1295,2.25,0.02,1795,1000000.0,17.15,2.43,0.81,,1000000.0,100.0,1795.0,1.7946368597860782,0.0432707341689931,0.0249182062451863,2.635173569366138e-06,-5.624030081534319e-07,2113034218490288.5,1750000000000000.0,1160000000000000.0,1.0002023853439708,100.02023853439708,2113461865647420.0,1750354174351948.5,1160234766999006.0,0.1601566928775468,0.1326406406877574,0.0879217961130278,0.1038797815507131,0.086032500620663,0.057027257554268
1296,1296,2.25,0.02,1796,1000000.0,17.15,2.43,0.81,,1000000.0,100.0,1796.0,1.7955777146040872,0.0432126527766453,0.025114617174823,4.27284510051288e-06,1.9778339202973278e-06,2111901193415311.5,1750000000000000.0,1160000000000000.0,1.0002352002699193,100.02352002699192,2112397913146046.0,1750411600472359.0,1160272832313106.5,0.1601235294288656,0.1326843212997841,0.0879507501187141,0.1038654915062042,0.0860668153901236,0.0570500033443105
1297,1297,2.25,0.02,1797,1000000.0,17.15,2.43,0.81,,1000000.0,100.0,1797.0,1.7391537530921268,0.0433677111428458,0.0249959874557391,1.3952314420239426e-06,-1.2287913377680548e-06,2110768168340332.8,1750000000000000.0,1160000000000000.0,1.0472356419340343,104.72356419340343,2210471657745814.8,1832662373384560.0,1214793344643480.0,0.160108500276172,0.1327430836251477,0.0879897011458123,0.1038511900577434,0.0861011575439619,0.0570727672862833
1298,1298,2.25,0.02,1798,1000000.0,17.15,2.43,0.81,,1000000.0,100.0,1798.0,1.7973736521513046,0.0432605286597063,0.0250353659545458,-3.4040103559885094e-06,2.704738357350364e-06,2109270265860534.5,1750000000000000.0,1160000000000000.0,1.0003486343436367,100.03486343436369,2110005629915224.8,1750610110101364.2,1160404415838618.8,0.1600474567493097,0.1327867053570892,0.0880186161224134,0.1038189178159048,0.0861355271149717,0.057095549401924
1299,1299,2.25,0.02,1799,1000000.0,17.15,2.43,0.81,,1000000.0,100.0,1799.0,1.798378403930451,0.0432856779317771,0.0251049251366731,6.121771127211569e-06,-1.987167770202673e-06,2107004151521468.5,1750000000000000.0,1160000000000000.0,1.0003456717621892,100.03456717621891,2107732483359465.2,1750604925583831.2,1160400979244139.5,0.1599219153577285,0.1328252493826058,0.0880441653050414,0.1037487930804797,0.0861699241359986,0.0571183497130049
1300,1300,2.25,0.02,1800,1000000.0,17.15,2.43,0.81,,1000000.0,100.0,1800.0,1.7994450707105898,0.0432388771973933,0.0249508991872857,-2.328986504165254e-06,-2.3583918230399616e-06,2104738037182404.0,1750000000000000.0,1160000000000000.0,1.000308414132968,100.03084141329678,2105387168139265.2,1750539724732693.5,1160357760394242.5,0.1598022968342545,0.1328688010192072,0.0880730338184459,0.1036786123160105,0.0862043486399416,0.0571411682413327
1301,1301,2.25,0.02,1801,1000000.0,17.15,2.43,0.81,,1000000.0,100.0,1801.0,1.7427968513829182,0.0432709017601128,0.0250963938739374,-5.982643119611517e-06,-2.5491181818992115e-06,2102471922843339.5,1750000000000000.0,1160000000000000.0,1.0473497983717608,104.73497983717604,2202023544472258.8,1832862147150580.8,1214925766111242.2,0.1597007253005731,0.1329274680149093,0.088111921655597,0.1036078138258941,0.0862383331854962,0.0571636951401003
1302,1302,2.25,0.02,1802,1000000.0,17.15,2.43,0.81,,1000000.0,100.0,1802.0,1.8014934128298592,0.0432281098346687,0.0250674666572082,-4.902014051504131e-06,-6.270172511326197e-07,2100205808504273.2,1750000000000000.0,1160000000000000.0,1.0002812897295588,100.02812897295588,2100796574828165.2,1750492257026727.8,1160326296086288.5,0.1595868545175975,0.1329760132435265,0.0881441002071374,0.1035369594916475,0.0862723445372351,0.0571862398075386
1303,1303,2.25,0.02,1803,1000000.0,17.15,2.43,0.81,,1000000.0,100.0,1803.0,1.7449410401791852,0.043178879492009,0.025074622305574,6.679898655145691e-06,9.878726863239915e-07,2097939694165208.5,1750000000000000.0,1160000000000000.0,1.047269505254131,104.7269505254131,2197108265561401.2,1832721634194728.8,1214832626094792.0,0.1594667640178193,0.1330194751580919,0.0881729092476494,0.1034660492471719,0.086306382726887,0.0572088022646794
1304,1304,2.25,0.02,1804,1000000.0,17.15,2.43,0.81,,1000000.0,100.0,1804.0,1.803536154648691,0.0433316234889647,0.0249552415194184,-1.124981957435867e-06,4.0590123598237565e-06,2095673579826144.0,1750000000000000.0,1160000000000000.0,1.0002572096001554,100.02572096001556,2096212607189667.5,1750450116800272.5,1160298363136180.5,0.1593586350484601,0.1330730195863521,0.0882084015543819,0.1033950830262644,0.0863404477862308,0.0572313825325872
1305,1305,2.25,0.02,1805,1000000.0,17.15,2.43,0.81,,1000000.0,100.0,1805.0,1.8045360890494977,0.0431946558865488,0.025030322769197,3.38110309792813e-06,1.5067442021474737e-06,2093407465487078.8,1750000000000000.0,1160000000000000.0,1.000257116464502,100.02571164645022,2093945715013366.8,1750449953812878.5,1160298255098822.5,0.1592321785899837,0.1331113589334773,0.0882338150644763,0.1033240607626169,0.0863745397470953,0.0572539806323603
1306,1306,2.25,0.02,1806,1000000.0,17.15,2.43,0.81,,1000000.0,100.0,1806.0,1.6900106794309118,0.0438037099816742,0.0250017574813329,-2.404690506496641e-06,1.1381054139989472e-06,2091141351148013.2,1750000000000000.0,1160000000000000.0,1.094391977885468,109.43919778854683,2288528319320965.0,1915185961299568.8,1269494694347143.0,0.1591176775171992,0.1331597864019232,0.0882659155578462,0.1032529823898173,0.0864086586413596,0.0572765965851298
1307,1307,2.25,0.02,1807,1000000.0,17.15,2.43,0.81,,1000000.0,100.0,1807.0,1.7486400023760027,0.0432656087820154,0.024978561237784,8.289692010897319e-08,3.226633483111042e-06,2089437634334284.8,1750000000000000.0,1160000000000000.0,1.0474070711185848,104.74070711185848,2188491752863018.5,1832962374457523.2,1214992202497558.2,0.1590397774639656,0.1332031193410638,0.0882946391060766,0.1032096279666816,0.0864428045009533,0.0572992304120604
1308,1308,2.25,0.02,1808,1000000.0,17.15,2.43,0.81,,1000000.0,100.0,1808.0,1.8073423582835857,0.0433119415219826,0.0249896500767408,4.5331021250176046e-06,-7.108979183949703e-06,2088304609259307.5,1750000000000000.0,1160000000000000.0,1.0003639888738265,100.03639888738265,2089064728902237.2,1750636980529196.0,1160422227093638.5,0.1590173043804323,0.1332565572244073,0.08833006078875,0.1031944402349855,0.0864769773578565,0.0573218821343506
1309,1309,2.25,0.02,1809,1000000.0,17.15,2.43,0.81,,1000000.0,100.0,1809.0,1.8080957896110927,0.0430900300904186,0.0249766981206168,-6.162771817405134e-06,-9.579550398635434e-07,2087171584184329.2,1750000000000000.0,1160000000000000.0,1.0005003149890466,100.05003149890466,2088215827412609.2,1750875551230831.5,1160580365387294.0,0.1589886860113414,0.1333049005784449,0.0883621055262835,0.103179240490411,0.0865111772440998,0.0573445517732319
1310,1310,2.25,0.02,1810,1000000.0,17.15,2.43,0.81,,1000000.0,100.0,1810.0,1.809488091482763,0.0432144114650869,0.0250239568929649,-4.813934108929458e-07,-1.9649878132339314e-06,2086038559109352.0,1750000000000000.0,1160000000000000.0,1.0002829872788976,100.02829872788978,2086628881484869.2,1750495227738070.5,1160328265243521.2,0.1589478728295914,0.1333430660891268,0.0883874038076497,0.1031640287187003,0.0865454041917648,0.0573672393499698
1311,1311,2.25,0.02,1811,1000000.0,17.15,2.43,0.81,,1000000.0,100.0,1811.0,1.752790084693166,0.0433002045489888,0.0249031418944634,-3.5547547914257474e-06,-2.441272352866205e-06,2084905534034373.2,1750000000000000.0,1160000000000000.0,1.0472031892286284,104.72031892286284,2183319724481212.8,1832605581150100.0,1214755699505209.0,0.1589069634623708,0.1333811923464174,0.0884126760696252,0.1031478863389585,0.0865788872188783,0.0573894338136565
1312,1312,2.25,0.02,1812,1000000.0,17.15,2.43,0.81,,1000000.0,100.0,1812.0,1.8113348474141504,0.0432447977579229,0.0248983919318242,8.343619998433806e-06,1.3996166138881557e-06,2083772508959396.0,1750000000000000.0,1160000000000000.0,1.0003674214644858,100.03674214644856,2084538131706292.5,1750642987562850.2,1160426208898803.5,0.1588901559917856,0.1334396013912682,0.0884513929222121,0.1031317314639274,0.0866123961641101,0.057411645457353
1313,1313,2.25,0.02,1813,1000000.0,17.15,2.43,0.81,,1000000.0,100.0,1813.0,1.812719280957117,0.0432424043399447,0.0249732738528365,4.687552546883866e-06,4.217326670027261e-07,2082639483884417.2,1750000000000000.0,1160000000000000.0,1.0001548697390652,100.01548697390652,2082962021717854.5,1750271022043364.0,1160179648897315.5,0.158855104220928,0.1334827436710846,0.0884799900905476,0.1031155640790932,0.0866459310575654,0.0574338743010148
1314,1314,2.25,0.02,1814,1000000.0,17.15,2.43,0.81,,1000000.0,100.0,1814.0,1.7550450007749034,0.0431186379491534,0.0249254024945386,-7.282561802581572e-06,5.48984902781512e-06,2081506458809440.0,1750000000000000.0,1160000000000000.0,1.0476201172369837,104.76201172369836,2180628040407484.0,1833335205164721.2,1215239335994901.2,0.1588199565663872,0.1335258523051368,0.0885085649565479,0.1030993841699195,0.0866794919293963,0.0574561203646284
1315,1315,2.25,0.02,1815,1000000.0,17.15,2.43,0.81,,1000000.0,100.0,1815.0,1.7562700722418696,0.0431074234870015,0.0249965510293447,3.048389250723656e-06,-2.525457037691879e-06,2080373433734462.5,1750000000000000.0,1160000000000000.0,1.0474676551559423,104.74676551559423,2179123882482553.2,1833068396522899.5,1215062479980893.2,0.1587968123591931,0.1335791051367838,0.0885438639763823,0.1030831917218473,0.0867130788098009,0.0574783836682109
1316,1316,2.25,0.02,1816,1000000.0,17.15,2.43,0.81,,1000000.0,100.0,1816.0,1.8154653604649864,0.0430919075166216,0.0248719806579937,-1.1928422062263772e-05,3.350126116569908e-06,2079240387142973.2,1750000000000000.0,1160000000000000.0,1.0002945347430656,100.02945347430656,2079852795676172.5,1750515435800364.5,1160341660301956.0,0.1587554218941929,0.1336170603614453,0.088569022868158,0.1030669856537317,0.0867466917290251,0.0575006642318109
1317,1317,2.25,0.02,1817,1000000.0,17.15,2.43,0.81,,1000000.0,100.0,1817.0,1.8160142735672704,0.0431379715607273,0.0249351193543632,4.402143814269912e-06,-7.096479294647116e-06,2078107329973440.5,1750000000000000.0,1160000000000000.0,1.0005433836473483,100.05433836473482,2079236539513983.2,1750950921382859.2,1160630325030923.8,0.1587260342639027,0.1336651653913274,0.0886009096308226,0.1030507664921525,0.0867803307173609,0.0575229620755077
1318,1318,2.25,0.02,1818,1000000.0,17.15,2.43,0.81,,1000000.0,100.0,1818.0,1.7593026933992022,0.0430906593207993,0.0249281661179499,-2.573282022794643e-07,3.605680870964003e-06,2076974272803908.5,1750000000000000.0,1160000000000000.0,1.0473191434025,104.73191434024996,2175254916262019.5,1832808500954374.8,1214890206346899.8,0.158684451601909,0.1337030477168355,0.0886260202008738,0.1030345347466275,0.0868139958051477,0.0575452772194122
1319,1319,2.25,0.02,1819,1000000.0,17.15,2.43,0.81,,1000000.0,100.0,1819.0,1.818458181903384,0.0430655235103351,0.0249924789998122,-2.563210499564881e-07,-4.736573576197709e-06,2075841215634376.0,1750000000000000.0,1160000000000000.0,1.0002980059138975,100.02980059138974,2076459828592947.2,1750521510349320.8,1160345686860121.0,0.1586669723503817,0.133761291336685,0.0886646274003169,0.1030182904025055,0.0868476870227719,0.0575676096836659
1320,1320,2.25,0.02,1820,1000000.0,17.15,2.43,0.81,,1000000.0,100.0,1820.0,1.819473359198014,0.0430569948529063,0.0249969041831687,-4.409049471345414e-06,2.0459707446848864e-06,2074708158464843.5,1750000000000000.0,1160000000000000.0,1.0002894938892122,100.02894938892122,2075308773798617.2,1750506614306121.0,1160335812911486.0,0.1586312483973289,0.1338042093114127,0.0886930758864221,0.1030020334451129,0.0868814044006671,0.0575899594884423
1321,1321,2.25,0.02,1821,1000000.0,17.15,2.43,0.81,,1000000.0,100.0,1821.0,1.7040281931997872,0.0431501414321394,0.0248623088326252,-5.953300550437377e-06,3.119356981362809e-06,2073575101295311.5,1750000000000000.0,1160000000000000.0,1.0944217131181748,109.44217131181748,2269365614638807.0,1915237997956806.0,1269529187217083.0,0.1585893792049342,0.1338419878958172,0.0887181176909417,0.1029850989309163,0.0869145868006045,0.0576119546792578
1322,1322,2.25,0.02,1822,1000000.0,17.15,2.43,0.81,,1000000.0,100.0,1822.0,1.8216677563733583,0.0430422158304516,0.0247847808002137,3.3634956858698643e-06,2.1164474197291297e-06,2072442044125778.5,1750000000000000.0,1160000000000000.0,1.0001824019315255,100.01824019315256,2072820061557602.0,1750319203380170.0,1160211586240569.8,0.1585474146062735,0.1338797272268326,0.088743133476072,0.1029681514762631,0.0869477945567699,0.0576339666776303
1323,1323,2.25,0.02,1823,1000000.0,17.15,2.43,0.81,,1000000.0,100.0,1823.0,1.8219277907554443,0.0431704910732553,0.0248985843681828,7.315044537843674e-07,-5.046880105779145e-06,2071308986956245.2,1750000000000000.0,1160000000000000.0,1.0005896376737378,100.05896376737378,2072530308768906.5,1751031865929041.0,1160683979701535.8,0.158523504145682,0.1339327613610183,0.0887782875307321,0.102951191066315,0.0869810276982383,0.0576559955028323
1324,1324,2.25,0.02,1824,1000000.0,17.15,2.43,0.81,,1000000.0,100.0,1824.0,1.8233837222449665,0.0431796320886488,0.0248695886080944,-3.029600342076882e-07,-2.8996603903852688e-06,2070175929786712.5,1750000000000000.0,1160000000000000.0,1.000338069040869,100.0338069040869,2070875792177726.0,1750591620821520.5,1160392160087407.8,0.158493448645568,0.1339806589086949,0.0888100367623349,0.1029342176862111,0.0870142862541294,0.0576780411741657
1325,1325,2.25,0.02,1825,1000000.0,17.15,2.43,0.81,,1000000.0,100.0,1825.0,1.8242493075533277,0.0430940749241459,0.0248814907431618,7.461994921667664e-06,1.919266348375457e-06,2068085799456828.0,1750000000000000.0,1160000000000000.0,1.0004116591731194,100.04116591731191,2068937145946971.5,1750720403552958.8,1160477524640818.2,0.1583779038399946,0.1340182944986061,0.0888349837819332,0.1028696250964027,0.0870475702536067,0.0577001037109622
1326,1326,2.25,0.02,1826,1000000.0,17.15,2.43,0.81,,1000000.0,100.0,1826.0,1.8253380124439216,0.0431780869179461,0.0248257662067325,-5.778001483862556e-06,-3.402957082999734e-06,2065819749306872.0,1750000000000000.0,1160000000000000.0,1.0003627049614017,100.03627049614016,2066569032379307.2,1750634733682452.8,1160420737755225.8,0.1582668778997567,0.1340712501260106,0.0888700857978127,0.1027962292141359,0.0870808797258793,0.0577221831325828
1327,1327,2.25,0.02,1827,1000000.0,17.15,2.43,0.81,,1000000.0,100.0,1827.0,1.7682369860091156,0.0432208279660573,0.0248697308440337,-2.0311226390600576e-06,-2.3681716237654795e-06,2063553699156916.0,1750000000000000.0,1160000000000000.0,1.0472017096278885,104.72017096278884,2160956961666076.0,1832602991848804.5,1214753983168350.5,0.1581375671790894,0.1341088156205827,0.0888949863542147,0.1027227771392844,0.0871142147002001,0.0577442794584183
1328,1328,2.25,0.02,1828,1000000.0,17.15,2.43,0.81,,1000000.0,100.0,1828.0,1.827336477516792,0.0431453873637234,0.0249610506080414,4.4945913451965147e-07,2.876284146704757e-06,2061287649006960.0,1750000000000000.0,1160000000000000.0,1.0003631869247611,100.03631869247614,2062036281729251.5,1750635577118332.5,1160421296832723.2,0.1580141500020482,0.1341514672330192,0.0889232582801726,0.1026492688072913,0.0871475752058673,0.0577663927078892
1329,1329,2.25,0.02,1829,1000000.0,17.15,2.43,0.81,,1000000.0,100.0,1829.0,1.8287957640555528,0.0430581836591935,0.0248608664014343,1.353175518224634e-05,-3.342038571839331e-06,2059021598857004.0,1750000000000000.0,1160000000000000.0,1.000111679871068,100.01116798710676,2059251550123690.8,1750195439774368.5,1160129548650438.5,0.1578905827800139,0.1341940851996927,0.0889515079037963,0.1025757041535004,0.0871809612722242,0.0577885229004457
1330,1330,2.25,0.02,1830,1000000.0,17.15,2.43,0.81,,1000000.0,100.0,1830.0,1.771052981518081,0.0430752528966027,0.0249557627505421,3.4218888474272456e-06,3.019079068578333e-06,2056755548707048.0,1750000000000000.0,1160000000000000.0,1.0472600039799382,104.7260003979938,2153957824124703.2,1832705006964891.5,1214821604616728.5,0.1577789264085867,0.1342469314783673,0.0889865374370891,0.1025020831131568,0.0872143729286586,0.057810670055568
1331,1331,2.25,0.02,1831,1000000.0,17.15,2.43,0.81,,1000000.0,100.0,1831.0,1.8304534236216117,0.0432701908584568,0.0248690441641463,-3.832327695789417e-06,-4.5965684932305015e-06,2054489498557092.5,1750000000000000.0,1160000000000000.0,1.0002986679091834,100.02986679091836,2055103108640065.2,1750522668841071.0,1160346454774653.0,0.1576550527839284,0.1342894877611407,0.089014746173099,0.1024275885624065,0.0872471142393771,0.0578323728672443
1332,1332,2.25,0.02,1832,1000000.0,17.15,2.43,0.81,,1000000.0,100.0,1832.0,1.7729565884581695,0.0432185006656394,0.0248266470168827,-6.89257468602865e-07,8.33952459384601e-06,2052223448407136.5,1750000000000000.0,1160000000000000.0,1.047295711645648,104.72957116456485,2149284816855438.8,1832767495379884.8,1214863025508952.0,0.157525005821417,0.1343268738116428,0.0890395277837175,0.1023530380583736,0.087279880142281,0.0578540919800263
1333,1333,2.25,0.02,1833,1000000.0,17.15,2.43,0.81,,1000000.0,100.0,1833.0,1.7739747347300336,0.0431576517180136,0.0248685119127888,2.738777004214556e-06,3.68085856886952e-06,2049978698838972.5,1750000000000000.0,1160000000000000.0,1.047290803715088,104.7290803715088,2146923839105878.5,1832758906501404.0,1214857332309502.0,0.1574205329695976,0.1343847781700465,0.0890779101012879,0.102279494286956,0.0873126706650879,0.0578758274122869
1334,1334,2.25,0.02,1834,1000000.0,17.15,2.43,0.81,,1000000.0,100.0,1834.0,1.833332362061424,0.0432998446947785,0.0248076827918852,1.4895477050196751e-06,-4.6593189011567725e-06,2048845658358836.0,1750000000000000.0,1160000000000000.0,1.0003642539876318,100.0364253987632,2049591958559936.0,1750637444478356.0,1160422534625653.2,0.1573711966390765,0.1344169547348843,0.0890992385671233,0.1022613825322422,0.0873454858355568,0.0578975791824262
1335,1335,2.25,0.02,1835,1000000.0,17.15,2.43,0.81,,1000000.0,100.0,1835.0,1.7753518530106611,0.0431167423593713,0.0248064350153896,1.775328603879326e-06,-6.51112029652953e-06,2047712617878699.5,1750000000000000.0,1160000000000000.0,1.047589508488517,104.75895084885168,2145162254889280.0,1833281639854904.5,1215203829846679.5,0.1573338066955685,0.1344593764346063,0.0891273580937962,0.1022432571583419,0.0873783256814885,0.0579193473088722
1336,1336,2.25,0.02,1836,1000000.0,17.15,2.43,0.81,,1000000.0,100.0,1836.0,1.776919298551175,0.0430154759375048,0.0249010599494767,6.058389821707239e-06,-6.792158620192712e-07,2046579577398561.2,1750000000000000.0,1160000000000000.0,1.0472630025257246,104.72630025257249,2143307073134246.5,1832710254420018.0,1214825082929840.5,0.1572963224722095,0.1345017644885642,0.0891554553181339,0.1022251181498878,0.0874111902307255,0.0579411318100808
1337,1337,2.25,0.02,1837,1000000.0,17.15,2.43,0.81,,1000000.0,100.0,1837.0,1.836369793082622,0.0430827882199502,0.024896496738928,4.645162846282313e-06,-4.473768478579069e-06,2045446536918424.5,1750000000000000.0,1160000000000000.0,1.000343311649837,100.03433116498373,2046148762543667.5,1750600795387214.8,1160398241513811.2,0.1572707843638858,0.1345544201079143,0.0891903584715318,0.1022069654914894,0.0874440795111526,0.0579629327045354
1338,1338,2.25,0.02,1838,1000000.0,17.15,2.43,0.81,,1000000.0,100.0,1838.0,1.837133830087214,0.0430697598780391,0.0248027274548639,7.812693198690158e-06,-1.2065072839510724e-06,2044313496438287.5,1750000000000000.0,1160000000000000.0,1.000471686604851,100.0471686604851,2045277771730672.8,1750825451558489.2,1160547156461627.2,0.1572210714473505,0.134586439659192,0.0892115828598073,0.1021887991677331,0.087476993550696,0.0579847500107471
1339,1339,2.25,0.02,1839,1000000.0,17.15,2.43,0.81,,1000000.0,100.0,1839.0,1.83823782211648,0.0432279472425884,0.02479467208885,9.699899794444525e-06,-2.5815555434345696e-06,2043180455958150.5,1750000000000000.0,1160000000000000.0,1.0004147056760029,100.04147056760026,2044027774490332.8,1750725734933004.2,1160481058584163.0,0.1592000189512037,0.1363560581994491,0.0903845871493491,0.1021706191631825,0.0875099323773247,0.0580065837472553
1340,1340,2.25,0.02,1840,1000000.0,17.15,2.43,0.81,,1000000.0,100.0,1840.0,1.8394777799208897,0.0429543198103674,0.0248227279727741,-8.266860287873099e-07,-5.586852486519023e-06,2042047415478012.5,1750000000000000.0,1160000000000000.0,1.000283971122011,100.0283971122011,2042627297973785.2,1750496949463519.5,1160329406501532.8,0.1593908950007592,0.1365952935946075,0.0905431660398541,0.1021524254623772,0.0875428960190493,0.0580284339326269
1341,1341,2.25,0.02,1841,1000000.0,17.15,2.43,0.81,,1000000.0,100.0,1841.0,1.722843580098673,0.0431514148884452,0.02473317355811,-2.2336165131580214e-06,-2.209560778255383e-06,2040914374997875.5,1750000000000000.0,1160000000000000.0,1.0942943264665268,109.42943264665266,2233361021364152.8,1915015071316422.0,1269381418701171.2,0.1593107747977644,0.1366024264963972,0.0905478941347547,0.1021334513846331,0.0875752271200961,0.0580498648338923
1342,1342,2.25,0.02,1842,1000000.0,17.15,2.43,0.81,,1000000.0,100.0,1842.0,1.7826383571931537,0.0431023359843256,0.0248145837094947,-1.4414081149841134e-05,1.6038027521313158e-06,2039562668539962.5,1750000000000000.0,1160000000000000.0,1.047298044847675,104.72980448476751,2136029995106208.8,1832771578483431.2,1214865732023303.0,0.1593037785521172,0.1366869558687173,0.0906039250329783,0.1021035165453157,0.0876075821108321,0.0580713115706087
1343,1343,2.25,0.02,1843,1000000.0,17.15,2.43,0.81,,1000000.0,100.0,1843.0,1.7246886402024326,0.0431418104120967,0.0247273403563259,-4.080392819462945e-06,1.869687275306643e-06,2037296585012123.5,1750000000000000.0,1160000000000000.0,1.0943701975744893,109.43701975744892,2229556666257550.0,1915147845755356.0,1269469429186407.5,0.159315437955827,0.1368490078831788,0.0907113423682785,0.102027767595456,0.0876399610177453,0.0580927741603339
1344,1344,2.25,0.02,1844,1000000.0,17.15,2.43,0.81,,1000000.0,100.0,1844.0,1.8436585520699964,0.0431284244933859,0.0247018982219476,4.641975893577997e-06,3.090244712143805e-07,2035030501484284.5,1750000000000000.0,1160000000000000.0,1.0001852089991723,100.01852089991723,2035407407446749.2,1750324115748551.5,1160214842439039.8,0.1592005295675933,0.1369025803495751,0.0907468532602897,0.1019519626327502,0.0876723638673632,0.0581142526206521
1345,1345,2.25,0.02,1845,1000000.0,17.15,2.43,0.81,,1000000.0,100.0,1845.0,1.7855265567892888,0.0431708405334438,0.0248533330430022,4.238270214553096e-06,5.566198712503411e-07,2032764417956446.5,1750000000000000.0,1160000000000000.0,1.04731419481656,104.73141948165603,2128943029643808.8,1832799840928980.5,1214884465987209.8,0.1590974741691147,0.1369664764576355,0.0907892072519184,0.1018761015950467,0.0877047906862523,0.0581357469691729
1346,1346,2.25,0.02,1846,1000000.0,17.15,2.43,0.81,,1000000.0,100.0,1846.0,1.8456648263319264,0.042954620154566,0.0247452859928416,-6.988402394161396e-07,-2.077072254600547e-06,2030498334428607.5,1750000000000000.0,1160000000000000.0,1.0001816454719914,100.01816454719912,2030867165256941.2,1750317879575984.5,1160210708747510.0,0.1590062511753225,0.1370407130302416,0.0908384154943316,0.1018001844201023,0.0877372415010187,0.0581572572235323
1347,1347,2.25,0.02,1847,1000000.0,17.15,2.43,0.81,,1000000.0,100.0,1847.0,1.8463912654381829,0.0428770121730986,0.0245503355926249,2.1230194156792104e-06,-4.346827714750539e-06,2028232250900768.0,1750000000000000.0,1160000000000000.0,1.000329815337674,100.03298153376744,2028901193005480.8,1750577176840930.2,1160382585791702.2,0.1589028319318501,0.1371045923154206,0.090880758334793,0.1017242110455814,0.0877697163383075,0.0581787834013923
1348,1348,2.25,0.02,1848,1000000.0,17.15,2.43,0.81,,1000000.0,100.0,1848.0,1.8472493312829783,0.0430729537809591,0.0247604057741821,8.343960676009882e-06,2.400613651308997e-06,2025966167372928.8,1750000000000000.0,1160000000000000.0,1.0004065870428989,100.04065870428988,2026789898965935.2,1750711527325072.8,1160471640969762.5,0.1588352254832396,0.1371995490705069,0.0909437010981646,0.1016481814090564,0.0878022152248037,0.0582003255204413
1349,1349,2.25,0.02,1849,1000000.0,17.15,2.43,0.81,,1000000.0,100.0,1849.0,1.7891427653435197,0.0430547921556709,0.0247068258654443,3.535241707420121e-06,-3.421227791055434e-06,2023700083845090.8,1750000000000000.0,1160000000000000.0,1.047386403794027,104.73864037940268,2119595953176180.0,1832926206639547.2,1214968228401071.5,0.158749413847846,0.1372789755020815,0.0909963494756655,0.1015720954480069,0.0878347381872315,0.0582218835983934
1350,1350,2.25,0.02,1850,1000000.0,17.15,2.43,0.81,,1000000.0,100.0,1850.0,1.8494500360021449,0.0430983391330621,0.0247231848541783,-2.576349862839909e-07,3.5904559474563485e-06,2021434000317252.0,1750000000000000.0,1160000000000000.0,1.0002973987651411,100.02973987651411,2022035172292760.8,1750520447838997.5,1160344982567564.0,0.1586574113964172,0.1373532204861274,0.0910455632936616,0.1014959530998198,0.0878672852523547,0.0582434576529895
1351,1351,2.25,0.02,1851,1000000.0,17.15,2.43,0.81,,1000000.0,100.0,1851.0,1.8504255826737332,0.043113999529109,0.0247477271720647,2.4250207885333776e-06,1.1519060239284494e-06,2019583958866098.5,1750000000000000.0,1160000000000000.0,1.0003107178861566,100.03107178861563,2020211479724712.8,1750543756300773.5,1160360432747941.2,0.1585918990944386,0.137422275611206,0.0910913369765708,0.1014399381423473,0.0878992383405427,0.0582646379857311
1352,1352,2.25,0.02,1852,1000000.0,17.15,2.43,0.81,,1000000.0,100.0,1852.0,1.8516305758660565,0.0429647807161025,0.0246343478502851,-1.4910449246316346e-07,-7.64185198035111e-07,2018450918385960.5,1750000000000000.0,1160000000000000.0,1.0001995183705514,100.01995183705512,2018853636424235.5,1750349157148465.0,1160231441309840.0,0.1586185018776023,0.1375224811053473,0.0911577589041159,0.1014199091537882,0.0879312146767749,0.058285833728605
1353,1353,2.25,0.02,1853,1000000.0,17.15,2.43,0.81,,1000000.0,100.0,1853.0,1.8525737784686271,0.042879822895358,0.0246908016954112,6.92917080235412e-06,-8.400688663731825e-06,2017317877905824.0,1750000000000000.0,1160000000000000.0,1.0002301175792243,100.02301175792245,2017782098212414.0,1750402705763642.5,1160266936391900.5,0.158609072684875,0.1375915418380529,0.0912035363040808,0.1013998655874748,0.0879632142864322,0.058307044898435
1354,1354,2.25,0.02,1854,1000000.0,17.15,2.43,0.81,,1000000.0,100.0,1854.0,1.794184442039177,0.0430205457822758,0.0247303035158522,7.349445711777729e-06,-9.45070962260524e-07,2016184837425686.8,1750000000000000.0,1160000000000000.0,1.0473729436501915,104.73729436501912,2111697448117424.0,1832902651387834.5,1214952614634222.0,0.1586055365611503,0.1376657952335402,0.0912527556976609,0.1013798074274862,0.0879952371949329,0.0583282715120698
1355,1355,2.25,0.02,1855,1000000.0,17.15,2.43,0.81,,1000000.0,100.0,1855.0,1.7951236800929304,0.0430339864750302,0.0246654322120347,2.210866229006169e-06,-3.594369358480254e-06,2015051796945548.8,1750000000000000.0,1160000000000000.0,1.0473248754034783,104.73248754034782,2110413872167552.0,1832818531956087.2,1214896855468034.8,0.1585959154670468,0.1377348475548052,0.0912985275220423,0.101359734657878,0.0880272834277321,0.0583495135863823
1356,1356,2.25,0.02,1856,1000000.0,17.15,2.43,0.81,,1000000.0,100.0,1856.0,1.7961112500092262,0.0431946640687254,0.024694852111684,-1.2834535617305666e-06,3.273573177948108e-06,2013918756465412.0,1750000000000000.0,1160000000000000.0,1.0473663671149291,104.73663671149288,2109310771623793.2,1832891142451125.2,1214944985853317.5,0.1586221305752513,0.1378351175366577,0.0913649921957273,0.1013396472626831,0.0880593530103215,0.0583707711382702
1357,1357,2.25,0.02,1857,1000000.0,17.15,2.43,0.81,,1000000.0,100.0,1857.0,1.7373489102664663,0.0430179994881034,0.0246378616906579,3.08563956401396e-06,-4.6511618512354856e-06,2012785715985275.5,1750000000000000.0,1160000000000000.0,1.0945238041417928,109.45238041417926,2203041878782464.8,1915416657248136.8,1269647612804479.2,0.1586123168867357,0.1379041754655507,0.0914107677371649,0.1013195452259105,0.0880914459682307,0.0583920441846557
1358,1358,2.25,0.02,1858,1000000.0,17.15,2.43,0.81,,1000000.0,100.0,1858.0,1.8573214319775844,0.042999850249267,0.0246642650313408,-1.628443248005329e-05,3.374694297777361e-06,2011652675505137.2,1750000000000000.0,1160000000000000.0,1.0003654823827288,100.0365482382729,2012387899118204.5,1750639594169776.0,1160423959563965.5,0.1586083957149711,0.1379784372724786,0.0914599927063286,0.101299428531546,0.088123562327026,0.0584133327424858
1359,1359,2.25,0.02,1859,1000000.0,17.15,2.43,0.81,,1000000.0,100.0,1859.0,1.7991721489463228,0.0430330036131485,0.0247512200536529,-3.111217740223052e-06,-3.506596869023106e-06,2010519635025000.5,1750000000000000.0,1160000000000000.0,1.0472788216173867,104.72788216173868,2105574634207600.8,1832737937830427.2,1214843433076168.5,0.1586343195537294,0.1380787605267901,0.0915264926920438,0.1012792971635525,0.0881557021123112,0.0584346368287321
1360,1360,2.25,0.02,1860,1000000.0,17.15,2.43,0.81,,1000000.0,100.0,1860.0,1.800026366349296,0.0430234620536102,0.0246069003236138,3.564801255483145e-06,5.793069063836577e-06,2009386593849848.8,1750000000000000.0,1160000000000000.0,1.047250972002292,104.7250972002292,2104332063537629.2,1832689201004011.2,1214811127522658.8,0.1586242171476548,0.1381478212594958,0.0915722700920086,0.101259151070845,0.0881878653497277,0.058455956460391
1361,1361,2.25,0.02,1861,1000000.0,17.15,2.43,0.81,,1000000.0,100.0,1861.0,1.8602933672024164,0.0430982557245863,0.0246392020349891,-1.2356868537314114e-06,-1.3970539485104972e-06,2008253552085929.2,1750000000000000.0,1160000000000000.0,1.0003798912410495,100.03798912410495,2009016470020174.0,1750664809671836.8,1160440673839617.5,0.1586140188328819,0.1382168763845744,0.0916180437749179,0.1012383778137453,0.0882195183920051,0.0584769379055577
1362,1362,2.25,0.02,1862,1000000.0,17.15,2.43,0.81,,1000000.0,100.0,1862.0,1.801891204530932,0.0430468634771259,0.0245731632680594,1.5286961716684122e-06,-1.9687262214259598e-06,2007120510322010.5,1750000000000000.0,1160000000000000.0,1.0473326334131778,104.73326334131778,2102122809653152.0,1832832108473060.8,1214905854759286.5,0.1586037246667582,0.1382859259020264,0.0916638137407718,0.1012175896391085,0.0882511941647301,0.058497934417764
1363,1363,2.25,0.02,1863,1000000.0,17.15,2.43,0.81,,1000000.0,100.0,1863.0,1.8027416022976823,0.0430404608994452,0.0246931633787649,1.2754965573618056e-05,-3.701107512736926e-06,2005987468558091.5,1750000000000000.0,1160000000000000.0,1.047437627556101,104.74376275561008,2101146754973755.2,1833015848223176.5,1215027647965077.0,0.1586352478003037,0.1383915343449675,0.0917338170515213,0.1011967865308602,0.0882828926923961,0.0585189460132454
1364,1364,2.25,0.02,1864,1000000.0,17.15,2.43,0.81,,1000000.0,100.0,1864.0,1.863284816159808,0.0429963369775171,0.0246400955170857,-4.885639753578155e-06,2.892106406476164e-06,2004854426794172.0,1750000000000000.0,1160000000000000.0,1.0003839619091126,100.03839619091129,2005624214527376.8,1750671933340947.5,1160445395814570.8,0.158624760775309,0.1384605922738598,0.0917795925929585,0.1011759684729025,0.0883146139995315,0.0585399727082609
1365,1365,2.25,0.02,1865,1000000.0,17.15,2.43,0.81,,1000000.0,100.0,1865.0,1.804579454220406,0.0429553418659603,0.024673317227349,4.769828484873351e-06,2.5868428360910085e-06,2003721385030252.0,1750000000000000.0,1160000000000000.0,1.0475489890183018,104.75489890183022,2098996311162792.8,1833210730782028.8,1215156827261230.2,0.1586141779062244,0.1385296445951252,0.0918253644173401,0.1011551354491151,0.0883463581107004,0.0585610145190929
1366,1366,2.25,0.02,1866,1000000.0,17.15,2.43,0.81,,1000000.0,100.0,1866.0,1.805444081288531,0.0430685414891607,0.024570579093611,-4.258731921585072e-06,4.102543607589793e-06,2002588343266332.5,1750000000000000.0,1160000000000000.0,1.0475444117956716,104.75444117956717,2097800228115798.8,1833202720642425.2,1215151517682978.8,0.1586094862749916,0.1386039232249343,0.0918746005376708,0.1011342874433538,0.0883781250505017,0.0585820714620469
1367,1367,2.25,0.02,1867,1000000.0,17.15,2.43,0.81,,1000000.0,100.0,1867.0,1.866100982073749,0.0428945834181116,0.0246130251256398,3.3749310415295035e-06,3.7033298250930303e-06,2001455301502412.5,1750000000000000.0,1160000000000000.0,1.0004820508624,100.04820508623996,2002420104756556.8,1750843589009199.5,1160559179000383.8,0.1586346329116201,0.1387043754546724,0.0919411860156684,0.1011134244394515,0.0884099148435699,0.0586031435534521
1368,1368,2.25,0.02,1868,1000000.0,17.15,2.43,0.81,,1000000.0,100.0,1868.0,1.807820809396816,0.0429768123851368,0.0246554410113407,3.7455938350650055e-06,-7.601464213335312e-06,2000322259738494.0,1750000000000000.0,1160000000000000.0,1.0473077884834097,104.73077884834098,2094953082100858.8,1832788629845966.8,1214877034640755.2,0.1586237612851142,0.1387734305797507,0.0919869596985776,0.1010925464212178,0.0884417275145752,0.0586242308096611
1369,1369,2.25,0.02,1869,1000000.0,17.15,2.43,0.81,,1000000.0,100.0,1869.0,1.868274527425001,0.0430734577110898,0.024677015463219,7.000903921024595e-06,4.839357622420065e-07,1998378437786446.5,1750000000000000.0,1160000000000000.0,1.000388382641614,100.0388382641614,1999154573283058.5,1750679669622824.5,1160450523864272.2,0.1585484677000235,0.1388424800972015,0.0920327296644306,0.1010306633083676,0.0884735630882227,0.0586453332470505
1370,1370,2.25,0.02,1870,1000000.0,17.15,2.43,0.81,,1000000.0,100.0,1870.0,1.8088454989062717,0.0428565459679499,0.0246460824214741,-6.866983977492908e-06,-7.122193132835549e-07,1996112356826172.0,1750000000000000.0,1160000000000000.0,1.0478031395424527,104.78031395424529,2091532794361947.5,1833655494199292.0,1215451641869245.2,0.1584833170586001,0.1389429827955833,0.0920993485959295,0.1009524375316683,0.0885054215892539,0.0586664508820197
1371,1371,2.25,0.02,1871,1000000.0,17.15,2.43,0.81,,1000000.0,100.0,1871.0,1.7504551640240265,0.0430933571804226,0.024521457281084,-2.4116883326768434e-05,-6.04502883024038e-07,1993846275865897.2,1750000000000000.0,1160000000000000.0,1.09459660379378,109.459660379378,2182457362049687.2,1915544056639114.8,1269732060400784.8,0.1583880535411905,0.1390172838559023,0.0921485995844838,0.1008733898786895,0.0885366311457702,0.058687138359482
1372,1372,2.25,0.02,1872,1000000.0,17.15,2.43,0.81,,1000000.0,100.0,1872.0,1.8713706941728787,0.0431831255690089,0.0245747077047353,6.572630383263452e-06,9.421480475267492e-07,1991580194905623.5,1750000000000000.0,1160000000000000.0,1.0003364021002503,100.03364021002506,1992250166666006.8,1750588703675438.2,1160390226436290.5,0.1582866242928178,0.139086336177167,0.092194371408865,0.1007942864570942,0.0885678627208248,0.0587078404320896
1373,1373,2.25,0.02,1873,1000000.0,17.15,2.43,0.81,,1000000.0,100.0,1873.0,1.8127140091285132,0.0431392274047844,0.0245714997490031,8.903536277591705e-06,-2.9823315452803213e-07,1989314113945348.5,1750000000000000.0,1160000000000000.0,1.0472636185546094,104.72636185546092,2083336297412162.5,1832711332470566.5,1214825797523346.8,0.1581850098377986,0.139155382890805,0.0922401395161908,0.1007151272078442,0.0885991163377275,0.0587285571152936
1374,1374,2.25,0.02,1874,1000000.0,17.15,2.43,0.81,,1000000.0,100.0,1874.0,1.753273376821814,0.0430324799558696,0.0245965328732258,-7.671289673026737e-06,5.900871801254087e-07,1987048032985074.5,1750000000000000.0,1160000000000000.0,1.0945074921651574,109.45074921651572,2174838959394202.5,1915388111289024.8,1269628690911582.5,0.1581190066752981,0.1392559500768999,0.0923068011938308,0.1006359120718176,0.0886303920198208,0.0587492884245669
1375,1375,2.25,0.02,1875,1000000.0,17.15,2.43,0.81,,1000000.0,100.0,1875.0,1.874222234315539,0.042806565637034,0.0245729934467798,5.0208175147510455e-06,-2.0279441474034183e-06,1984781952024800.0,1750000000000000.0,1160000000000000.0,1.0004150261425455,100.0415026142546,1985605688422143.5,1750726295749455.5,1160481430325353.2,0.1580170001289653,0.1393250023981647,0.092352573018212,0.1005566409898089,0.0886616897904797,0.0587700343754037
1376,1376,2.25,0.02,1876,1000000.0,17.15,2.43,0.81,,1000000.0,100.0,1876.0,1.875476336918723,0.0430652931760559,0.0245629707200969,4.713819901067929e-06,-1.5220245193599802e-06,1982515871064525.2,1750000000000000.0,1160000000000000.0,1.0002792540768604,100.027925407686,1983069496703960.0,1750488694634505.0,1160323934729157.8,0.1579207672222819,0.1393993090661105,0.0924018277238219,0.100477313902529,0.088693009673113,0.0587907949833206
1377,1377,2.25,0.02,1877,1000000.0,17.15,2.43,0.81,,1000000.0,100.0,1877.0,1.8164433562631863,0.0428684795033463,0.0245310500887354,9.957569285537735e-07,-9.272659097176568e-06,1980249790104251.5,1750000000000000.0,1160000000000000.0,1.047369514014585,104.73695140145848,2074053260288972.5,1832896649525523.2,1214948636256918.5,0.1578183866895885,0.1394683529759344,0.0924475939726193,0.1003979307506055,0.0887243516911622,0.0588115702638559
1378,1378,2.25,0.02,1878,1000000.0,17.15,2.43,0.81,,1000000.0,100.0,1878.0,1.87772916895035,0.0429214801242408,0.0245465560000437,-1.220844535923877e-05,9.231060946436884e-07,1978991854571988.0,1750000000000000.0,1160000000000000.0,1.0001442394766156,100.01442394766156,1979277303321318.0,1750252419084077.2,1160167317792874.0,0.1578319335844129,0.1395689846497422,0.0925142983964004,0.1003696221426738,0.0887557158681019,0.0588323602325704
1379,1379,2.25,0.02,1879,1000000.0,17.15,2.43,0.81,,1000000.0,100.0,1879.0,1.8785335281032984,0.043011740195369,0.0245669362421089,-6.687511279517635e-06,-3.149903513153672e-06,1977858814091851.5,1750000000000000.0,1160000000000000.0,1.0002483463020826,100.02483463020828,1978350008014372.5,1750434606028644.5,1160288081710416.2,0.1578196095200239,0.139638034167193,0.0925600683622537,0.100347630124695,0.08878710222744,0.058853164905046
1380,1380,2.25,0.02,1880,1000000.0,17.15,2.43,0.81,,1000000.0,100.0,1880.0,1.8191402613679677,0.0428771007683694,0.0245826982408131,-1.9836394796694573e-06,1.2129050225665982e-06,1976725773611713.2,1750000000000000.0,1160000000000000.0,1.0474597587032726,104.74597587032729,2070540701849865.2,1833054577730727.2,1215053320095796.5,0.1578071897090429,0.1397070780770178,0.0926058346110517,0.1003256225473002,0.0888185107927178,0.0588739842968873
1381,1381,2.25,0.02,1881,1000000.0,17.15,2.43,0.81,,1000000.0,100.0,1881.0,1.8200004789808808,0.0429870077671828,0.0244975661150568,3.3637877934352106e-06,5.356330726331914e-07,1975592733131576.5,1750000000000000.0,1160000000000000.0,1.047516379680252,104.7516379680252,2069465747532603.2,1833153664440440.8,1215119000429092.2,0.1578363510562645,0.1398130341928458,0.0926760683792578,0.1003029373663617,0.0888493551567658,0.0588944297039133
1382,1382,2.25,0.02,1882,1000000.0,17.15,2.43,0.81,,1000000.0,100.0,1882.0,1.7606804868123267,0.0429074365079103,0.0244730984345316,1.2337095504947975e-05,-3.580290101203747e-06,1974459692651439.5,1750000000000000.0,1160000000000000.0,1.094703580976576,109.4703580976576,2161448096039440.5,1915731266709008.0,1269856153932828.2,0.1578237380263389,0.1398820865141106,0.0927218402036391,0.1002802364240002,0.0888802209511504,0.058914889316191
1383,1383,2.25,0.02,1883,1000000.0,17.15,2.43,0.81,,1000000.0,100.0,1883.0,1.821817694540386,0.0430630086256766,0.0245514703689121,-9.3083356515189e-06,3.647734046024972e-06,1973326652171302.5,1750000000000000.0,1160000000000000.0,1.04755413815604,104.75541381560396,2067166500415652.0,1833219741773070.0,1215162800261006.5,0.1578110292570811,0.1399511332277479,0.0927676083109644,0.1002575197037838,0.0889111081982138,0.0589353631485303
1384,1384,2.25,0.02,1884,1000000.0,17.15,2.43,0.81,,1000000.0,100.0,1884.0,1.8835275834866931,0.042940481784861,0.0244773044986047,5.315324235979665e-06,1.0756145857681978e-05,1972193611691164.5,1750000000000000.0,1160000000000000.0,1.0002508441557376,100.02508441557376,1972688324932640.8,1750438977272541.0,1160290979220655.8,0.1577982247593843,0.140020174333759,0.0928133727012344,0.1002347871892576,0.0889420169203293,0.058955851215761
1385,1385,2.25,0.02,1885,1000000.0,17.15,2.43,0.81,,1000000.0,100.0,1885.0,1.884464979664017,0.0429090783854783,0.0245465565547665,5.617318832028545e-06,-6.731759310637001e-07,1971060571211028.0,1750000000000000.0,1160000000000000.0,1.0002839587077632,100.02839587077634,1971620271023751.5,1750496927738585.5,1160329392101005.2,0.1578269942518209,0.1401262061525537,0.0928836566496926,0.1002120388639438,0.088972947139901,0.0589763535327344
1386,1386,2.25,0.02,1886,1000000.0,17.15,2.43,0.81,,1000000.0,100.0,1886.0,1.8853361447354928,0.0428383809977869,0.0244513135644528,3.475207163148113e-07,3.769883172608817e-06,1969855063268192.0,1750000000000000.0,1160000000000000.0,1.000352245607239,100.03522456072386,1970548936061125.2,1750616429812667.8,1160408604904396.8,0.1578081909872792,0.1401952556700052,0.0929294266155462,0.1001855890617866,0.0890038988793646,0.0589968701143216
1387,1387,2.25,0.02,1887,1000000.0,17.15,2.43,0.81,,1000000.0,100.0,1887.0,1.8864494672843424,0.0427890095744488,0.0245221303449912,6.126510077201125e-06,1.1745910113811191e-06,1967589010550741.2,1750000000000000.0,1160000000000000.0,1.0002918952132638,100.0291895213264,1968163340364591.5,1750510816623211.8,1160338598447386.0,0.1577042825290682,0.1402642995798293,0.0929751928643439,0.1001051634400806,0.0890348721611866,0.059017400975415
1388,1388,2.25,0.02,1888,1000000.0,17.15,2.43,0.81,,1000000.0,100.0,1888.0,1.7664533342133673,0.0428890186398664,0.0244635325290442,-2.077901028955212e-06,-2.0136231353060345e-06,1965322957833291.5,1750000000000000.0,1160000000000000.0,1.0946218017618763,109.46218017618762,2151285357147457.2,1915588153083283.5,1269761290043776.5,0.1576001889650995,0.1403333378820271,0.0930209553960864,0.100024681822791,0.0890658670078652,0.0590379461309278
1389,1389,2.25,0.02,1889,1000000.0,17.15,2.43,0.81,,1000000.0,100.0,1889.0,1.8884647300472808,0.0429746750039755,0.0244590145657898,3.463309263369871e-07,-2.8943992696547107e-06,1963056905115840.5,1750000000000000.0,1160000000000000.0,1.0002834901807098,100.028349018071,1963613412472616.0,1750496107816242.2,1160328848609623.5,0.1575315576619023,0.1404341489999043,0.0930877787656507,0.0999441441514178,0.0890968834419296,0.0590585055957934
1390,1390,2.25,0.02,1890,1000000.0,17.15,2.43,0.81,,1000000.0,100.0,1890.0,1.889740032108466,0.0430155996473477,0.0245196707798001,-7.3984081397184095e-06,2.426503769314971e-06,1960790852398390.5,1750000000000000.0,1160000000000000.0,1.0001375781524606,100.01375781524608,1961060614381224.8,1750240761766806.0,1160159590656854.2,0.1574270716515207,0.1405031929097282,0.0931335450144483,0.0998635503673797,0.0891279214859407,0.0590790793849663
1391,1391,2.25,0.02,1891,1000000.0,17.15,2.43,0.81,,1000000.0,100.0,1891.0,1.7695418702037564,0.0429279251237637,0.0244612807491482,2.4432502158069957e-06,3.467603462660256e-06,1958524799680940.0,1750000000000000.0,1160000000000000.0,1.0943960895581522,109.4396089558152,2143401882073484.0,1915193156726766.5,1269499463887456.2,0.1573283343406133,0.1405775332234373,0.0931828220223927,0.0997822903671665,0.0891584360693255,0.0590993061945242
1392,1392,2.25,0.02,1892,1000000.0,17.15,2.43,0.81,,1000000.0,100.0,1892.0,1.890205286305172,0.0427595353427649,0.024464371042674,-9.290780483831589e-06,1.5654905017487482e-06,1956258746963489.2,1750000000000000.0,1160000000000000.0,1.0009531883709628,100.09531883709631,1958123430051689.2,1751668079649185.5,1161105698510317.2,0.1572590547661432,0.1406783976137728,0.0932496807039865,0.0997009747061854,0.0891889715543241,0.0591195468588663
1393,1393,2.25,0.02,1893,1000000.0,17.15,2.43,0.81,,1000000.0,100.0,1893.0,1.8918909654741127,0.0426176166714172,0.0244772571753168,-1.2921139134500407e-06,1.5184568413945716e-06,1953992694246039.5,1750000000000000.0,1160000000000000.0,1.0005877861627617,100.05877861627616,1955141224113853.2,1751028625784832.5,1160681831948803.0,0.1571539873997494,0.1407474443274106,0.0932954488113122,0.0996196033272276,0.0892195279624197,0.0591398013922325
1394,1394,2.25,0.02,1894,1000000.0,17.15,2.43,0.81,,1000000.0,100.0,1894.0,1.8935933791688515,0.0427528653973153,0.0244106436017606,1.3560949461764434e-06,-5.803833975266347e-06,1951726641528588.5,1750000000000000.0,1160000000000000.0,1.0002147497862546,100.02147497862548,1952145774407684.0,1750375812125945.5,1160249109752055.2,0.1570487349639036,0.1408164854334217,0.0933412132015824,0.0995381761730058,0.0892501053151242,0.0591600698088823
1395,1395,2.25,0.02,1895,1000000.0,17.15,2.43,0.81,,1000000.0,100.0,1895.0,1.8336773923557907,0.0428814468078712,0.024387901822351,-6.344487230377864e-06,-2.762610166872509e-06,1949730287376964.0,1750000000000000.0,1160000000000000.0,1.047468682560721,104.74686825607203,2042281415467484.0,1833070194481260.8,1215063671770435.8,0.1569650098363546,0.1408855209318047,0.0933869738747962,0.0994704525448553,0.0892807036339796,0.0591803521230951
1396,1396,2.25,0.02,1896,1000000.0,17.15,2.43,0.81,,1000000.0,100.0,1896.0,1.8345654353747856,0.0428324537625081,0.0244233491805548,-6.5597029772206e-06,6.4150387057478205e-06,1948597231491248.5,1750000000000000.0,1160000000000000.0,1.0474940996691544,104.74940996691548,2041144102618732.8,1833114674421020.5,1215093155616219.2,0.1569920909235576,0.1409917630366189,0.0934573972128445,0.0994467409273092,0.0893113229405574,0.0592006483491695
1397,1397,2.25,0.02,1897,1000000.0,17.15,2.43,0.81,,1000000.0,100.0,1897.0,1.835855966340548,0.0428763808832885,0.0243502497915763,-3.680104172008889e-06,-3.8009078335366752e-06,1947464175605533.2,1750000000000000.0,1160000000000000.0,1.0473324179545176,104.73324179545178,2039642363916744.8,1832831731420406.5,1214905604827240.5,0.1569776389201183,0.1410608069464436,0.0935031634616425,0.0994230130401249,0.0893419632564583,0.0592209585014238
1398,1398,2.25,0.02,1898,1000000.0,17.15,2.43,0.81,,1000000.0,100.0,1898.0,1.89753220813443,0.0428083169647743,0.0244390502211242,-4.412725650012062e-06,2.030728465189724e-06,1946331119719818.0,1750000000000000.0,1160000000000000.0,1.0002465552324256,100.02465552324256,1946810997841417.2,1750431471656744.5,1160286004069613.8,0.1569630912735269,0.1411298452486411,0.0935489259933849,0.0993992688665517,0.0893726246033132,0.0592412825941961
1399,1399,2.25,0.02,1899,1000000.0,17.15,2.43,0.81,,1000000.0,100.0,1899.0,1.8372719665619075,0.0428499905970908,0.0244382559090541,-5.430668441361126e-06,-4.839237610387343e-06,1945198063834102.5,1750000000000000.0,1160000000000000.0,1.047570272123569,104.75702721235686,2037731665064929.2,1833247976216244.8,1215181515663339.5,0.1569839580323066,0.1412308245953335,0.093615860874621,0.0993755083898159,0.0894033070027822,0.0592616206418441
1400,1400,2.25,0.02,1900,1000000.0,17.15,2.43,0.81,,1000000.0,100.0,1900.0,1.838621772462598,0.0430339764282956,0.0244588595213837,-2.809416631313037e-07,-3.753071101577924e-07,1944065007948387.5,1750000000000000.0,1160000000000000.0,1.0474207943589466,104.74207943589462,2036254114910730.8,1832986390128156.0,1215008121456377.5,0.1569692171363348,0.141299868505158,0.0936616271234189,0.0993517315931205,0.0894340104765555,0.0592819726587452
1401,1401,2.25,0.02,1901,1000000.0,17.15,2.43,0.81,,1000000.0,100.0,1901.0,1.9005324595623048,0.0430116588728344,0.0244090780564983,1.268823117709136e-05,6.362126938842381e-06,1942931952062671.5,1750000000000000.0,1160000000000000.0,1.0002460272903464,100.02460272903464,1943409966346164.8,1750430547758106.5,1160285391656802.0,0.1569543806081035,0.1413689068073555,0.0937073896551613,0.0993272275569181,0.0894640947358304,0.0593019142248932
1402,1402,2.25,0.02,1902,1000000.0,17.15,2.43,0.81,,1000000.0,100.0,1902.0,1.840649910448496,0.0429765831358758,0.0243387067520496,-2.7166584420461137e-06,-2.1023343433114785e-06,1941798896176956.0,1750000000000000.0,1160000000000000.0,1.0473519960909623,104.7351996090962,2033746949918161.2,1832865993159184.0,1214928315465515.8,0.1569453657893405,0.1414432723553864,0.0937566833898562,0.0993027070295881,0.0894941992417027,0.0593218692116429
1403,1403,2.25,0.02,1903,1000000.0,17.15,2.43,0.81,,1000000.0,100.0,1903.0,1.8416412967042028,0.0428537484215396,0.0244461222473212,2.4885501124598407e-06,2.675073058308006e-06,1940665840291240.5,1750000000000000.0,1160000000000000.0,1.0473574208269096,104.73574208269096,2032570769174320.8,1832875486447092.0,1214934608159215.5,0.1569658396096643,0.1415443161897924,0.0938236610172338,0.0992781699944771,0.0895243240146185,0.059341837632547
1404,1404,2.25,0.02,1904,1000000.0,17.15,2.43,0.81,,1000000.0,100.0,1904.0,1.9030390618280533,0.0427381340028282,0.0243992118012942,-9.16856814450052e-07,4.008127182329036e-06,1939065593161959.5,1750000000000000.0,1160000000000000.0,1.000505085458908,100.05050854589082,1940044986996934.5,1750883899553089.0,1160585899132333.2,0.1569129078082532,0.1416133572958033,0.0938694254075038,0.0992297083984672,0.0895544690750507,0.0593618195011764
1405,1405,2.25,0.02,1905,1000000.0,17.15,2.43,0.81,,1000000.0,100.0,1905.0,1.9039145718546024,0.0426627531474938,0.0244247138736688,3.785569755745937e-06,-2.395307159787838e-06,1936799540444508.5,1750000000000000.0,1160000000000000.0,1.0005705372680445,100.05705372680444,1937904556763063.5,1750998440219077.5,1160661823230931.5,0.1568059390016336,0.1416823927941866,0.093915186080718,0.0991471307548916,0.0895846344435001,0.0593818148311201
1406,1406,2.25,0.02,1906,1000000.0,17.15,2.43,0.81,,1000000.0,100.0,1906.0,1.9053705490492348,0.0428764765934712,0.024329146075473,-8.313499238853786e-06,-2.796260176794264e-06,1934533487727058.5,1750000000000000.0,1160000000000000.0,1.0003304162604545,100.03304162604546,1935172689047796.8,1750578228455795.8,1160383282862127.5,0.1566987852097001,0.141751422684943,0.0939609430368765,0.0990644974619575,0.0896148201404955,0.0594018236359856
1407,1407,2.25,0.02,1907,1000000.0,17.15,2.43,0.81,,1000000.0,100.0,1907.0,1.9056164013640229,0.0426866653574858,0.0244325548004742,-1.1030435798806243e-05,4.3345862545997005e-06,1932267435009608.0,1750000000000000.0,1160000000000000.0,1.000727881663661,100.07278816636608,1933673897044840.0,1751273792911406.2,1160844342729846.5,0.1566327728049057,0.1418578750757771,0.0940315057645151,0.0989818084633924,0.0896450261865926,0.0594218459293986
1408,1408,2.25,0.02,1908,1000000.0,17.15,2.43,0.81,,1000000.0,100.0,1908.0,1.846426949080917,0.0429251073870755,0.024365965522704,-7.2217642023932465e-06,3.2361194068874014e-06,1930001382292157.2,1750000000000000.0,1160000000000000.0,1.047386516162122,104.7386516162122,2021457423987062.0,1832926403283712.8,1214968358748061.5,0.1565252222879716,0.1419269133779746,0.0940772682962574,0.0988990637028478,0.0896752526023758,0.0594418817250034
1409,1409,2.25,0.02,1909,1000000.0,17.15,2.43,0.81,,1000000.0,100.0,1909.0,1.908492829043098,0.0428335609698988,0.0244174396639835,-1.227223738886066e-05,-5.359285320932907e-06,1927735329574707.5,1750000000000000.0,1160000000000000.0,1.0002657924808112,100.02657924808112,1928247707130302.0,1750465136841419.8,1160308319277741.2,0.1564174868002443,0.1419959460725437,0.0941230271109433,0.0988162631238994,0.0897054994084563,0.0594619310364624
1410,1410,2.25,0.02,1910,1000000.0,17.15,2.43,0.81,,1000000.0,100.0,1910.0,1.9095038708910803,0.0427775203307139,0.0243716179151709,1.2520381560109096e-05,-3.350663124429965e-06,1925469276857256.5,1750000000000000.0,1160000000000000.0,1.0002598509812977,100.02598509812978,1925969611938306.5,1750454739217271.5,1160301427138305.2,0.1563449198540933,0.1420971048633079,0.094190080937964,0.098733406670047,0.0897357666254735,0.0594819938774568
1411,1411,2.25,0.02,1911,1000000.0,17.15,2.43,0.81,,1000000.0,100.0,1911.0,1.9107143852137825,0.0428933210277411,0.0243311920293671,6.182167959775501e-06,7.37209294910142e-06,1923203224139806.5,1750000000000000.0,1160000000000000.0,1.000149492940967,100.01494929409672,1923490729445860.5,1750261612646693.0,1160173411811522.0,0.1562367913710976,0.142166143165505,0.0942358434697062,0.0986498870565227,0.0897655017327305,0.0595017040056956
1412,1412,2.25,0.02,1912,1000000.0,17.15,2.43,0.81,,1000000.0,100.0,1912.0,1.8505652340082377,0.042775681974985,0.0243358611536519,-9.097361499507323e-06,-2.313796876580252e-06,1920937171422356.0,1750000000000000.0,1160000000000000.0,1.047155641771313,104.7155641771313,2011520196543147.2,1832522373099797.2,1214700544454722.8,0.1561284779390927,0.1422351758600742,0.0942816022843919,0.0985663120740423,0.0897952565527446,0.0595214272006764
1413,1413,2.25,0.02,1913,1000000.0,17.15,2.43,0.81,,1000000.0,100.0,1913.0,1.8510928845754853,0.042831389144754,0.0241651001741975,6.720831773139025e-06,9.804447551949648e-07,1919335551071232.5,1750000000000000.0,1160000000000000.0,1.0474414566038095,104.74414566038097,2010391625325527.5,1833022549056666.5,1215032089660419.2,0.1560740090188954,0.1423042029470178,0.0943273573820232,0.0985167860435119,0.0898250311051249,0.0595411634753971
1414,1414,2.25,0.02,1914,1000000.0,17.15,2.43,0.81,,1000000.0,100.0,1914.0,1.913432791430432,0.0427731036100648,0.0243551277809416,3.718152964289948e-06,6.878583052497383e-07,1918202510591096.0,1750000000000000.0,1160000000000000.0,1.000296488576048,100.02964885760478,1918771235722032.5,1750518855008083.5,1160343926748215.5,0.1560987055780223,0.1424107899209039,0.0943980093189992,0.0984912866795661,0.0898548254095068,0.0595609128428731
1415,1415,2.25,0.02,1915,1000000.0,17.15,2.43,0.81,,1000000.0,100.0,1915.0,1.9145432916091525,0.0428420697631092,0.0243157958606871,4.593798875435291e-07,-1.3729246458107028e-06,1917069470110958.5,1750000000000000.0,1160000000000000.0,1.0002385708508157,100.02385708508156,1917526827005515.5,1750417498988927.5,1160276742186946.0,0.1560821276674602,0.1424798254192874,0.0944437699922133,0.0984657703941035,0.0898846394855516,0.0595806753161371
1416,1416,2.25,0.02,1916,1000000.0,17.15,2.43,0.81,,1000000.0,100.0,1916.0,1.8541918127005392,0.042809299267102,0.0242709903642566,2.430928940426618e-06,-2.988958467808791e-06,1915936429630820.5,1750000000000000.0,1160000000000000.0,1.0473752164811772,104.73752164811768,2006704332748754.8,1832906628842059.5,1214955251118165.2,0.15606545422325,0.1425488553100447,0.0944895269483725,0.0984402371702744,0.0899144733529465,0.0596004509082388
1417,1417,2.25,0.02,1917,1000000.0,17.15,2.43,0.81,,1000000.0,100.0,1917.0,1.9164972254126724,0.0428083745983663,0.0243109795631639,-9.49292804121664e-06,2.839806770426957e-06,1914803389150684.0,1750000000000000.0,1160000000000000.0,1.0002623651654938,100.02623651654936,1915305766858766.5,1750459139039613.8,1160304343591972.5,0.156048685256281,0.1426178795931729,0.0945352801874747,0.0984146869912072,0.0899443270314054,0.0596202396322459
1418,1418,2.25,0.02,1918,1000000.0,17.15,2.43,0.81,,1000000.0,100.0,1918.0,1.9172930502222243,0.0428155246904401,0.0243067877717551,2.790343407674468e-07,2.1463894938372635e-06,1913670348670547.5,1750000000000000.0,1160000000000000.0,1.000368810919335,100.0368810919335,1914376131191144.0,1750645419108836.0,1160427820666428.5,0.1560671047982776,0.1427191645555486,0.0946024176482493,0.0983891198400077,0.0899742005406678,0.0596400415012425
1419,1419,2.25,0.02,1919,1000000.0,17.15,2.43,0.81,,1000000.0,100.0,1919.0,1.857321429950868,0.0428520791745281,0.0243135853867571,-1.6133025486121134e-05,-2.817497710645833e-08,1912537308190409.2,1750000000000000.0,1160000000000000.0,1.0471964176163922,104.71964176163922,2002802217694694.5,1832593730828686.5,1214747844435014.8,0.1560501423129743,0.1427881944463052,0.094648174604408,0.0983635356997591,0.0900040939004997,0.0596598565283312
1420,1420,2.25,0.02,1920,1000000.0,17.15,2.43,0.81,,1000000.0,100.0,1920.0,1.857962427525416,0.0428436601152103,0.0242096684915516,1.3503494162351947e-05,2.963347189118148e-06,1911404267710272.5,1750000000000000.0,1160000000000000.0,1.0474163003058217,104.74163003058216,2002035986473852.5,1832978525535188.5,1215002908354753.2,0.1560389641471473,0.1428626020515398,0.0946974962170207,0.0983379345535224,0.0900340071306933,0.059679684726631
1421,1421,2.25,0.02,1921,1000000.0,17.15,2.43,0.81,,1000000.0,100.0,1921.0,1.9204508214614635,0.0428420438540785,0.0242903686431187,2.889159665474033e-06,-7.077646469772976e-07,1910271227230135.5,1750000000000000.0,1160000000000000.0,1.0002860015320914,100.02860015320915,1910817567727833.2,1750500502681160.0,1160331761777226.0,0.1560570866631467,0.1429639402863735,0.0947646689898247,0.0983117092295996,0.0900633840364453,0.0596991574184436
1422,1422,2.25,0.02,1922,1000000.0,17.15,2.43,0.81,,1000000.0,100.0,1922.0,1.921424758764397,0.0426585045444367,0.0243238492953909,-1.873410843635886e-05,-4.8333875007697625e-06,1908276373499996.0,1750000000000000.0,1160000000000000.0,1.0002994691070952,100.02994691070954,1908847843321659.2,1750524070937416.8,1160347384164230.8,0.1559693959834267,0.143032972980943,0.0948104278045107,0.0982410992709175,0.0900927801190459,0.0597186428217676
1423,1423,2.25,0.02,1923,1000000.0,17.15,2.43,0.81,,1000000.0,100.0,1923.0,1.79945358355272,0.0426637994761632,0.0242783403796994,6.2023879531051845e-06,2.883215087327196e-06,1906010292539721.2,1750000000000000.0,1160000000000000.0,1.0944319893260874,109.44319893260874,2085998636140245.2,1915255981320652.8,1269541107618261.5,0.1558593628642344,0.1431020000678859,0.0948561829021415,0.09815647543628,0.0901221953972791,0.0597381409490535
1424,1424,2.25,0.02,1924,1000000.0,17.15,2.43,0.81,,1000000.0,100.0,1924.0,1.8618000838717688,0.0427190685366946,0.0242049038564475,-6.121105185641167e-07,2.956719827642316e-07,1903744211579447.5,1750000000000000.0,1160000000000000.0,1.0474292615257474,104.74292615257475,1994037393668576.8,1833001207670058.5,1215017943369867.0,0.155749144877944,0.1431710215472021,0.0949019342827167,0.0980717963242576,0.090151629889953,0.0597576518127689
1425,1425,2.25,0.02,1925,1000000.0,17.15,2.43,0.81,,1000000.0,100.0,1925.0,1.8624163220259573,0.042809621162658,0.0242544015939999,9.64424600816373e-06,2.925847621827617e-06,1901478130619172.5,1750000000000000.0,1160000000000000.0,1.0476058809243087,104.76058809243088,1991999672085606.5,1833310291617540.5,1215222821872198.5,0.1556739292219009,0.1432724214659341,0.0949691479431334,0.0979870618806708,0.0901810836159007,0.059777175425397
1426,1426,2.25,0.02,1926,1000000.0,17.15,2.43,0.81,,1000000.0,100.0,1926.0,1.925625757622197,0.0428717004658295,0.024251527576126,8.645055724160869e-06,2.0579184109570247e-06,1899212049658898.5,1750000000000000.0,1160000000000000.0,1.0001943565890274,100.01943565890274,1899581174034709.2,1750340124030798.0,1160225453643271.8,0.1555691784729229,0.1433468486978644,0.0950184825654416,0.0979022720512694,0.0902105565939792,0.0597967117994377
1427,1427,2.25,0.02,1927,1000000.0,17.15,2.43,0.81,,1000000.0,100.0,1927.0,1.926530755948852,0.0427854479788193,0.0242148849030963,4.78107507459096e-06,-7.678527355526696e-06,1896945968698624.0,1750000000000000.0,1160000000000000.0,1.0002435837235737,100.02435837235738,1897408033861097.2,1750426271516254.0,1160282557119345.5,0.1554583783421093,0.1434158729809944,0.0950642358045449,0.0978174267817315,0.090240048843071,0.059816260947407
1428,1428,2.25,0.02,1928,1000000.0,17.15,2.43,0.81,,1000000.0,100.0,1928.0,1.9272213995479208,0.0427457799531565,0.0242392977959861,-4.498194887785894e-06,1.9296193783790675e-06,1894679887738348.5,1750000000000000.0,1160000000000000.0,1.0004040959137224,100.04040959137228,1895445520138796.8,1750707167849014.8,1160468751259918.2,0.1553473933805014,0.1434848916564952,0.0951099853265911,0.0977325260176653,0.0902695603820825,0.0598358228818376
1429,1429,2.25,0.02,1929,1000000.0,17.15,2.43,0.81,,1000000.0,100.0,1929.0,1.8050968789560893,0.0426674482798622,0.024278239303391,-2.324471516660087e-06,3.931327182709107e-06,1892413806778074.5,1750000000000000.0,1160000000000000.0,1.094372996782058,109.43729967820578,2071006568875463.2,1915152744368600.8,1269472676267187.0,0.1552713158162648,0.1435863560629416,0.0951772417331498,0.0976475697046071,0.0902990912299458,0.0598553976152784
1430,1430,2.25,0.02,1930,1000000.0,17.15,2.43,0.81,,1000000.0,100.0,1930.0,1.9295828350640705,0.0428550676383559,0.024220705064651,1.1560910737664663e-05,2.044221097614334e-06,1890147725817800.0,1750000000000000.0,1160000000000000.0,1.0002162125153446,100.0216212515345,1890556399411972.5,1750378371901853.5,1160250806517800.0,0.1551599374072087,0.14365538034607,0.095222994972252,0.0975625577880219,0.0903286414056168,0.0598749851602946
1431,1431,2.25,0.02,1931,1000000.0,17.15,2.43,0.81,,1000000.0,100.0,1931.0,1.868698360529548,0.0427496074438333,0.0242595755819593,4.494201466585829e-06,-1.6241937308996157e-07,1888940821228670.5,1750000000000000.0,1160000000000000.0,1.04732135084773,104.73213508477302,1978328052560632.0,1832812363983527.5,1214892766983367.0,0.1551353624676607,0.1437243990215724,0.0952687444942994,0.0975315746410307,0.0903576510728293,0.0598942144254182
1432,1432,2.25,0.02,1932,1000000.0,17.15,2.43,0.81,,1000000.0,100.0,1932.0,1.8691852031191811,0.0428550347631832,0.0242224167030093,1.0405302209801376e-05,-2.4855433813614653e-06,1887807779464751.5,1750000000000000.0,1160000000000000.0,1.0476445631751412,104.76445631751407,1977751556475982.0,1833377985556496.8,1215267693283163.5,0.1551518166529988,0.1438259138966631,0.0953360343543594,0.0975043865670286,0.0903866793793378,0.0599134560457324
1433,1433,2.25,0.02,1933,1000000.0,17.15,2.43,0.81,,1000000.0,100.0,1933.0,1.9323942610893483,0.0428001474952365,0.0242343402104168,-8.235893158052771e-06,3.2504573884848976e-06,1886674737700832.0,1750000000000000.0,1160000000000000.0,1.000313554009732,100.03135540097318,1887266312129897.2,1750548719517030.5,1160363722651288.8,0.1551389543389447,0.1439003579514741,0.0953853801278341,0.097477181018527,0.0904157263431125,0.0599327100331489
1434,1434,2.25,0.02,1934,1000000.0,17.15,2.43,0.81,,1000000.0,100.0,1934.0,1.9332943324171084,0.0428482148501663,0.0242310461578713,-6.630914113576067e-06,-4.611727413256863e-06,1885541695936912.0,1750000000000000.0,1160000000000000.0,1.000365224629575,100.03652246295748,1886230342204359.2,1750639143101756.0,1160423660570307.0,0.1551201530599522,0.1439693794307899,0.0954311315084093,0.0974499579786731,0.0904447919821467,0.0599519763995943
1435,1435,2.25,0.02,1935,1000000.0,17.15,2.43,0.81,,1000000.0,100.0,1935.0,1.934300347427552,0.0428317788286173,0.0242131647757977,-7.355865510604983e-06,-2.555565457131922e-06,1884408654172992.5,1750000000000000.0,1160000000000000.0,1.0003617551327155,100.03617551327154,1885090348675772.8,1750633071482251.8,1160419635953950.0,0.1551012563663882,0.1440383953024775,0.095476879171928,0.0974227174305931,0.0904738763144561,0.0599712551570108
1436,1436,2.25,0.02,1936,1000000.0,17.15,2.43,0.81,,1000000.0,100.0,1936.0,1.811614671511888,0.042757020499078,0.0241663806331209,-1.1209385147696375e-06,2.782375518117038e-06,1883275612409073.2,1750000000000000.0,1160000000000000.0,1.0944140383882934,109.44140383882934,2061083268374800.8,1915224567179512.8,1269520284530420.5,0.1551173137487922,0.1441399746652816,0.0955442117781295,0.0973954593573912,0.0905029793580804,0.0599905463173561
1437,1437,2.25,0.02,1937,1000000.0,17.15,2.43,0.81,,1000000.0,100.0,1937.0,1.9366484287396133,0.0427916929321176,0.0241163029914559,4.585300865135944e-07,-1.122219739995938e-06,1882142570645154.0,1750000000000000.0,1160000000000000.0,1.0001815562190728,100.01815562190728,1882484285334036.0,1750317723383377.5,1160210605214124.5,0.155098223264999,0.1442089961445967,0.095589963158704,0.0973681837421497,0.0905321011310822,0.060009849892603
1438,1438,2.25,0.02,1938,1000000.0,17.15,2.43,0.81,,1000000.0,100.0,1938.0,1.875500896792741,0.0427445244039549,0.0243047157003602,5.64197274528254e-07,-2.9501222416874706e-06,1881009528881234.5,1750000000000000.0,1160000000000000.0,1.0473058328846354,104.73058328846352,1969992251308896.8,1832785207548112.0,1214874766146177.2,0.1550790373775279,0.1442780120162852,0.0956357108222233,0.0973408905679294,0.0905612416515472,0.0600291658947398
1439,1439,2.25,0.02,1939,1000000.0,17.15,2.43,0.81,,1000000.0,100.0,1939.0,1.9381199909154248,0.0427362765536475,0.0241907877652051,-6.1079491765318055e-06,4.743816127825858e-06,1879752977873153.2,1750000000000000.0,1160000000000000.0,1.0004543168036657,100.04543168036656,1880606981237741.2,1750795054406414.8,1160527007492252.2,0.1550554082476715,0.1443524588749105,0.0956850584542265,0.0973071862452272,0.0905904009375847,0.0600484943357704
1440,1440,2.25,0.02,1940,1000000.0,17.15,2.43,0.81,,1000000.0,100.0,1940.0,1.8151825276544569,0.0428712979749381,0.0241225211485742,-1.6763848308403858e-06,1.991369654545376e-06,1877486927723197.2,1750000000000000.0,1160000000000000.0,1.0945324023208414,109.45324023208414,2054970277326847.2,1915431704061472.8,1269657586692176.0,0.1549717012134987,0.1444486633270483,0.0957488282625007,0.0972211857040208,0.0906195790073272,0.0600678352277139
1441,1441,2.25,0.02,1941,1000000.0,17.15,2.43,0.81,,1000000.0,100.0,1941.0,1.878357910211716,0.0428723285458228,0.0242222188663472,-2.1397746416043005e-06,5.318412068010304e-07,1875220877573241.2,1750000000000000.0,1160000000000000.0,1.0473473020769613,104.73473020769612,1964007526924726.5,1832857778634682.0,1214922870409275.0,0.1548644425960408,0.1445231214009275,0.0957981833286149,0.0971344756507757,0.0906481654624272,0.0600867839636661
1442,1442,2.25,0.02,1942,1000000.0,17.15,2.43,0.81,,1000000.0,100.0,1942.0,1.7548907419085684,0.042601426118185,0.0242171530482955,-2.0028465784607117e-06,-4.144057020837367e-06,1872954827423286.0,1750000000000000.0,1160000000000000.0,1.1415511695402438,114.1551169540244,2138073773741097.2,1997714546695427.2,1324199356666683.0,0.1547511635775897,0.1445921344688032,0.0958439291336067,0.0970477108739211,0.0906767699587343,0.060105744658361
1443,1443,2.25,0.02,1943,1000000.0,17.15,2.43,0.81,,1000000.0,100.0,1943.0,1.880386875126588,0.0426415797482494,0.0240831576185435,-1.1623297446226289e-05,5.3679844581677534e-06,1870688777273330.0,1750000000000000.0,1160000000000000.0,1.0472957107555512,104.72957107555511,1959164332596904.8,1832767493822214.8,1214863024476439.5,0.154672640945344,0.1446938287879635,0.09591133793945,0.0969608913216361,0.0907053925133324,0.060124717323123
1444,1444,2.25,0.02,1944,1000000.0,17.15,2.43,0.81,,1000000.0,100.0,1944.0,1.942893754796114,0.0426203936671836,0.0241880407217013,-4.256896563137143e-06,7.273786295536174e-06,1868422727123374.5,1750000000000000.0,1160000000000000.0,1.0005696960661572,100.05696960661574,1869487160200935.2,1750996968115775.5,1160660847436742.5,0.1545589681393322,0.1447628474634646,0.0959570874614965,0.0968740169420335,0.0907340331433276,0.0601437019692914
1445,1445,2.25,0.02,1945,1000000.0,17.15,2.43,0.81,,1000000.0,100.0,1945.0,1.944457716716397,0.0427229020413111,0.0241838963412258,-1.816308829313661e-05,-3.4209737531707435e-06,1866156676973418.5,1750000000000000.0,1160000000000000.0,1.000278943118556,100.0278943118556,1866677228536606.8,1750488150457472.8,1160323574017524.8,0.1544451106108817,0.1448318605313399,0.0960028332664881,0.0967870876831613,0.0907626918658475,0.0601626986082188
1446,1446,2.25,0.02,1946,1000000.0,17.15,2.43,0.81,,1000000.0,100.0,1946.0,1.8832006341016645,0.0427315767494004,0.0240956265722554,1.2041188498929104e-05,-8.24290953682316e-07,1863890626823462.5,1750000000000000.0,1160000000000000.0,1.047363344668151,104.73633446681512,1952170721005438.5,1832885853169264.5,1214941479815055.2,0.1543310683817737,0.1449008679915875,0.0960485753544237,0.0967001034930014,0.0907913686980414,0.0601817072512731
1447,1447,2.25,0.02,1947,1000000.0,17.15,2.43,0.81,,1000000.0,100.0,1947.0,1.884396611467628,0.0427525058475346,0.024152809889171,8.165398902735895e-06,-1.7773320008860502e-07,1861624576673506.5,1750000000000000.0,1160000000000000.0,1.0471943699740305,104.71943699740302,1949482775697783.2,1832590147454552.8,1214745469169875.2,0.15425168486319,0.1450026239946471,0.0961160250478804,0.09661306431947,0.0908200636570799,0.0602007279098359
1448,1448,2.25,0.02,1948,1000000.0,17.15,2.43,0.81,,1000000.0,100.0,1948.0,1.9473806284227748,0.0426900175226972,0.024037046160139,6.863737094127529e-06,7.343830265571296e-07,1859679254176448.5,1750000000000000.0,1160000000000000.0,1.000318087260344,100.0318087260344,1860270794455528.0,1750556652705602.2,1160368981221999.0,0.1541638364654783,0.1450716370625219,0.0961617708528716,0.0965426202332399,0.0908487767601561,0.0602197605953034
1449,1449,2.25,0.02,1949,1000000.0,17.15,2.43,0.81,,1000000.0,100.0,1949.0,1.8236200431371057,0.0426976380993362,0.0240532930755536,4.165466180672156e-06,2.502914184455568e-06,1858546197006916.0,1750000000000000.0,1160000000000000.0,1.0945584252817242,109.4558425281724,2034287398709227.5,1915477244243017.2,1269687773326800.2,0.1541489995321423,0.1451461091554698,0.0962111352116257,0.0965143125327828,0.0908775080244839,0.0602388053190865
1450,1450,2.25,0.02,1950,1000000.0,17.15,2.43,0.81,,1000000.0,100.0,1950.0,1.824636010286184,0.0426986335314298,0.0240277753392542,1.615071976085477e-06,9.067031241366406e-08,1857413139837384.0,1750000000000000.0,1160000000000000.0,1.0944834542340502,109.448345423405,2032907949228932.5,1915346044909588.0,1269600806911498.5,0.1541282631412634,0.1452151138119035,0.0962568754410332,0.0964859869218301,0.0909062574672997,0.0602578620926099
1451,1451,2.25,0.02,1951,1000000.0,17.15,2.43,0.81,,1000000.0,100.0,1951.0,1.9506318422571207,0.0428494858064348,0.0240603809282845,-2.5080255812011e-07,1.2947093077500903e-06,1856280082667851.5,1750000000000000.0,1160000000000000.0,1.0001887633215332,100.01887633215333,1856630480261951.2,1750330335812683.0,1160218965452978.5,0.1541422461830906,0.145316934302675,0.0963243678806302,0.0964569917996829,0.0909344108281578,0.0602765237489503
1452,1452,2.25,0.02,1952,1000000.0,17.15,2.43,0.81,,1000000.0,100.0,1952.0,1.9513969673432257,0.0425200261221823,0.0240980261211392,8.389910772299752e-07,1.0837628839854714e-06,1855147025498318.5,1750000000000000.0,1160000000000000.0,1.0003091611620682,100.03091611620684,1855720564908528.8,1750541032033619.5,1160358626947999.2,0.1541213157784254,0.1453859445667364,0.0963701118270937,0.0964279787125893,0.0909625816324195,0.0602951969677753
1453,1453,2.25,0.02,1953,1000000.0,17.15,2.43,0.81,,1000000.0,100.0,1953.0,1.9523775997523216,0.0426957229690663,0.024048859404913,4.5108124517331067e-07,9.976601884473638e-07,1854013968328786.0,1750000000000000.0,1160000000000000.0,1.0003188223306296,100.03188223306294,1854605069383188.5,1750557939078601.5,1160369833903530.0,0.1541002900698924,0.1454549492231702,0.0964158520565014,0.0963989476438478,0.0909907698963017,0.0603138817598341
1454,1454,2.25,0.02,1954,1000000.0,17.15,2.43,0.81,,1000000.0,100.0,1954.0,1.953576330186252,0.0427062305708459,0.0241096721261491,-1.0855604096397658e-05,1.2751181996212596e-06,1852880911159253.2,1750000000000000.0,1160000000000000.0,1.0002168950680994,100.02168950680996,1853282791890659.5,1750379566369174.0,1160251598278995.5,0.1541139734887753,0.1455568201825878,0.096483377949601,0.0963698985767364,0.0910189756360405,0.0603325781358897
1455,1455,2.25,0.02,1955,1000000.0,17.15,2.43,0.81,,1000000.0,100.0,1955.0,1.8918829007323767,0.0427465809860243,0.0241220940793083,1.6331667632283509e-06,-1.7204411956471015e-06,1851747853989720.5,1750000000000000.0,1160000000000000.0,1.0473645599955987,104.73645599955988,1939455076316738.5,1832887979992297.2,1214942889594894.5,0.1540927537228873,0.1456258304466488,0.0965291218960643,0.0963408314945122,0.0910471988678931,0.0603512861067177
1456,1456,2.25,0.02,1956,1000000.0,17.15,2.43,0.81,,1000000.0,100.0,1956.0,1.955403588215768,0.0425861597724558,0.0241039767952041,1.0833693416507996e-05,3.292614766506788e-06,1850614796820188.0,1750000000000000.0,1160000000000000.0,1.000305046372831,100.03050463728307,1851179320151464.8,1750533831152453.8,1160353853792483.8,0.1540714386640236,0.1456948351030822,0.0965748621254717,0.0963117463804116,0.0910754396081362,0.0603700056831073
1457,1457,2.25,0.02,1957,1000000.0,17.15,2.43,0.81,,1000000.0,100.0,1957.0,1.8937723912008368,0.0425465544293745,0.0240828005549165,-1.39081288096469e-06,3.522695807265425e-06,1848963508661410.5,1750000000000000.0,1160000000000000.0,1.0474457683621,104.74457683621,1936689003003335.2,1833030094633674.8,1215037091300036.0,0.1540068629882389,0.1457638341518899,0.0966205986378242,0.0962556644979514,0.091103697873067,0.0603887368758615
1458,1458,2.25,0.02,1958,1000000.0,17.15,2.43,0.81,,1000000.0,100.0,1958.0,1.9572467707391297,0.0427648254642332,0.0240259560669521,6.155137485802531e-06,6.442381505603929e-06,1846697458511454.5,1750000000000000.0,1160000000000000.0,1.0003850343759215,100.03850343759215,1847408500514908.0,1750673810157863.2,1160446639876069.2,0.1539314736845767,0.1458712566622284,0.0966918044161057,0.0961675338183699,0.0911319736790029,0.0604074796957962
1459,1459,2.25,0.02,1959,1000000.0,17.15,2.43,0.81,,1000000.0,100.0,1959.0,1.8331024995978369,0.0427289920009289,0.024021631516486,-1.808247988918976e-06,-1.0469458910192228e-06,1844431408361498.5,1750000000000000.0,1160000000000000.0,1.0944951562385823,109.44951562385825,2018721242465967.5,1915366523417519.5,1269614381236755.8,0.1538153182240389,0.1459402641224763,0.0967375465040415,0.0960793484156604,0.0911602670422816,0.060426234153741
1460,1460,2.25,0.02,1960,1000000.0,17.15,2.43,0.81,,1000000.0,100.0,1960.0,1.9594173504016448,0.0427163666119939,0.024162103873996,2.763692798109096e-06,-1.7507829504296913e-08,1842165358211542.5,1750000000000000.0,1160000000000000.0,1.0002974565014804,100.02974565014804,1842713322274144.5,1750520548877590.8,1160345049541717.2,0.153698978146981,0.1460092659750958,0.0967832848749207,0.095991108238838,0.091188577979261,0.0604450002605386
1461,1461,2.25,0.02,1961,1000000.0,17.15,2.43,0.81,,1000000.0,100.0,1961.0,1.960756361629501,0.0426579403475706,0.0240958193927589,3.6664775816553416e-06,1.081584966505668e-06,1839899308061586.5,1750000000000000.0,1160000000000000.0,1.0001242644750117,100.01242644750116,1840127942183177.2,1750217462831270.5,1160144146791013.5,0.1535824534751895,0.1460782622200893,0.096829019528745,0.0959023133561489,0.0912164310502816,0.0604634628676151
1462,1462,2.25,0.02,1962,1000000.0,17.15,2.43,0.81,,1000000.0,100.0,1962.0,1.8358412988570891,0.0427983575239359,0.0240346340711867,-2.7342167870063324e-06,2.8144964716033986e-07,1837633257911630.5,1750000000000000.0,1160000000000000.0,1.0944908451746918,109.44908451746916,2011272777572822.5,1915358979055710.0,1269609380402642.2,0.15350040356215,0.1461802593511183,0.0968966290555983,0.0958134642130272,0.0912443011416486,0.0604819367567499
1463,1463,2.25,0.02,1963,1000000.0,17.15,2.43,0.81,,1000000.0,100.0,1963.0,1.962736404132761,0.0426473659948037,0.0239907195965701,2.0494998687038628e-06,3.989695838053441e-06,1835367207761675.5,1750000000000000.0,1160000000000000.0,1.0001343059791108,100.01343059791108,1835613708551540.8,1750235035463444.0,1160155794935768.5,0.1533834846701223,0.1462492612037387,0.0969423674264783,0.0957245607597223,0.0912721882689681,0.0605004219382874
1464,1464,2.25,0.02,1964,1000000.0,17.15,2.43,0.81,,1000000.0,100.0,1964.0,1.963549787848433,0.0424940144731225,0.0240199718059907,-3.230813687504614e-06,-3.5043811647828216e-06,1833101157611719.5,1750000000000000.0,1160000000000000.0,1.0002293104427804,100.02293104427808,1833521506849832.5,1750401293274866.2,1160266000113625.5,0.1532663812051431,0.1463182574487322,0.0969881020803025,0.0956356029464219,0.0913000924478649,0.0605189184225848
1465,1465,2.25,0.02,1965,1000000.0,17.15,2.43,0.81,,1000000.0,100.0,1965.0,1.901305856946444,0.042713423598072,0.0239750639676165,-5.923199832463953e-06,-2.0176458214944665e-06,1830835107461763.5,1750000000000000.0,1160000000000000.0,1.0474380299873982,104.7438029987398,1917686318191515.5,1833016552477947.2,1215028114785381.5,0.1531836771016468,0.1464203050484056,0.0970557450606575,0.0955465907232533,0.0913280136939833,0.0605374262200116
1466,1466,2.25,0.02,1966,1000000.0,17.15,2.43,0.81,,1000000.0,100.0,1966.0,1.965579045812956,0.0427337467586543,0.0239916421027225,7.981900387921997e-06,-7.337614887887407e-09,1829284508389155.5,1750000000000000.0,1160000000000000.0,1.000214184620276,100.02141846202758,1829676312996960.8,1750374823085482.5,1160248454159520.0,0.1531260684335485,0.1464893069010251,0.0971014834315367,0.0954948730198809,0.0913559520229862,0.0605559453409508
1467,1467,2.25,0.02,1967,1000000.0,17.15,2.43,0.81,,1000000.0,100.0,1967.0,1.966335982073474,0.0426979450652714,0.0240072806659025,-2.549628104015665e-06,2.044375869455282e-06,1828151451219622.5,1750000000000000.0,1160000000000000.0,1.0003379172583369,100.0337917258337,1828769215145843.5,1750591355202089.5,1160391984019670.8,0.1531032997626733,0.146558303146018,0.0971472180853606,0.0954649274422021,0.091383907450556,0.0605744757957971
1468,1468,2.25,0.02,1968,1000000.0,17.15,2.43,0.81,,1000000.0,100.0,1968.0,1.90461904760254,0.0426024618233281,0.0240190605318006,-1.6916252080341037e-06,2.4176939437901025e-06,1827018394050090.5,1750000000000000.0,1160000000000000.0,1.0472369297964346,104.72369297964345,1913321133666628.8,1832664627143760.5,1214794838563864.0,0.1530861966435726,0.1466328116885436,0.0971966066049775,0.095434963531888,0.0914118799923945,0.0605930175949585
1469,1469,2.25,0.02,1969,1000000.0,17.15,2.43,0.81,,1000000.0,100.0,1969.0,1.9682731619980811,0.0426793776598081,0.0240612744823317,3.89398311778807e-06,-1.926216965466017e-06,1825885336880557.2,1750000000000000.0,1160000000000000.0,1.0003694049544565,100.03694049544563,1826559827970271.2,1750646458670299.0,1160428509747169.5,0.153097797560433,0.1467349237759303,0.0972642923314739,0.0954049812720988,0.0914398696642222,0.0606115707488559
1470,1470,2.25,0.02,1970,1000000.0,17.15,2.43,0.81,,1000000.0,100.0,1970.0,1.9694257639132275,0.0426036719826757,0.0240062218955414,8.85368531189978e-06,3.621312027776518e-06,1824752279711024.5,1750000000000000.0,1160000000000000.0,1.0002916566783495,100.02916566783496,1825284480899736.5,1750510399187112.0,1160338321746885.5,0.1530747387685482,0.1468039228247364,0.0973100288438253,0.0953749806459735,0.0914678764817795,0.0606301352679223
1471,1471,2.25,0.02,1971,1000000.0,17.15,2.43,0.81,,1000000.0,100.0,1971.0,1.9074486706081175,0.0424934447342366,0.0240101135744798,-5.328901442560397e-06,1.2005911067507468e-06,1823619222541492.5,1750000000000000.0,1160000000000000.0,1.047364289116739,104.73642891167388,1909993650636790.5,1832887505954292.8,1214942575375417.0,0.1530515847847145,0.1468729162659155,0.097355761639121,0.0953443634456561,0.0914953264187265,0.0606483306546987
1472,1472,2.25,0.02,1972,1000000.0,17.15,2.43,0.81,,1000000.0,100.0,1972.0,1.8450844022651496,0.0426665929735571,0.0239740106606203,-5.3846928413883376e-06,-1.5230217389335094e-06,1822486165371960.0,1750000000000000.0,1160000000000000.0,1.094553198844261,109.45531988442607,1994808062157288.8,1915468097977456.8,1269681710659342.5,0.1530283356198252,0.1469419040994682,0.0974014907173618,0.0953137278630923,0.0915227928363279,0.0606665369657945
1473,1473,2.25,0.02,1973,1000000.0,17.15,2.43,0.81,,1000000.0,100.0,1973.0,1.9093259430921727,0.0426317735371457,0.0239687856171307,1.177360126048966e-05,-1.718045528609878e-06,1821353108202427.5,1750000000000000.0,1160000000000000.0,1.0473100828414992,104.73100828414996,1907521474635106.8,1832792644972624.5,1214879696096139.5,0.1530395361558041,0.1470440778707539,0.097469217331471,0.0952830738817226,0.0915502757494305,0.0606847542110511
1474,1474,2.25,0.02,1974,1000000.0,17.15,2.43,0.81,,1000000.0,100.0,1974.0,1.9733017367572077,0.0426355675132335,0.0238967091677143,4.946625815969184e-06,-4.835125991524748e-06,1820220051032895.5,1750000000000000.0,1160000000000000.0,1.000354186964161,100.0354186964161,1820864749246875.5,1750619827187281.5,1160410856878426.8,0.153016092669151,0.1471130713119339,0.0975149501267676,0.0952524014849672,0.0915777751728987,0.0607029824003215
1475,1475,2.25,0.02,1975,1000000.0,17.15,2.43,0.81,,1000000.0,100.0,1975.0,1.9741979385335755,0.0426618466908639,0.0240185413174596,7.82229318754122e-06,5.889347818638752e-06,1818174039449667.5,1750000000000000.0,1160000000000000.0,1.00040636498058,100.04063649805798,1818912881707899.2,1750711138716014.8,1160471383377472.8,0.1529157708634678,0.1471820591454862,0.097560679205008,0.095173921253457,0.0916052911216151,0.0607212215434706
1476,1476,2.25,0.02,1976,1000000.0,17.15,2.43,0.81,,1000000.0,100.0,1976.0,1.9752616222933737,0.0425602178566423,0.0239778912607794,-5.945340984040109e-06,3.70580055263094e-06,1815907989299711.5,1750000000000000.0,1160000000000000.0,1.0003739841516242,100.0373984151624,1816587110108516.8,1750654472265342.2,1160433821615883.8,0.1528312610844906,0.1472842833854153,0.0976284392726182,0.0950838722722066,0.0916328236104797,0.0607394716503752
1477,1477,2.25,0.02,1977,1000000.0,17.15,2.43,0.81,,1000000.0,100.0,1977.0,1.8497664344685651,0.0425299525905496,0.0240308357041135,-2.2587697079083994e-06,-4.0658208188767215e-06,1813641939149755.5,1750000000000000.0,1160000000000000.0,1.0945372901456571,109.45372901456572,1985098733371488.0,1915440257754900.0,1269663256568962.5,0.1527120472707756,0.1473532768265955,0.0976741720679147,0.09499376914522,0.0916603726544109,0.0607577327309239
1478,1478,2.25,0.02,1978,1000000.0,17.15,2.43,0.81,,1000000.0,100.0,1978.0,1.8504866531290804,0.0426742196241004,0.0240178523319946,-2.4888130402864327e-06,6.185293480940767e-06,1811375888999800.0,1750000000000000.0,1160000000000000.0,1.0946349972848428,109.46349972848428,1982795441337125.2,1915611245248474.8,1269776596850417.5,0.1525926489755083,0.1474222646601481,0.0977199011461552,0.0949036118236468,0.0916879382683448,0.0607760047950172
1479,1479,2.25,0.02,1979,1000000.0,17.15,2.43,0.81,,1000000.0,100.0,1979.0,1.978542706455664,0.0425652861058783,0.0240049107250802,4.25274389505546e-06,5.63116376100169e-06,1809109838849844.0,1750000000000000.0,1160000000000000.0,1.0002311682319946,100.02311682319947,1809528047572774.8,1750404544405991.0,1160268155149114.0,0.1524788023878933,0.1474967956331814,0.0977693045339945,0.0948134002585771,0.0917155204672355,0.0607942878525675
1480,1480,2.25,0.02,1980,1000000.0,17.15,2.43,0.81,,1000000.0,100.0,1980.0,1.9161976190899936,0.0426002800567201,0.0238079379969034,-3.670129508956134e-06,-4.286326647354138e-06,1806843788699888.0,1750000000000000.0,1160000000000000.0,1.0472902564019588,104.72902564019589,1892289894745792.5,1832757948703428.0,1214856697426272.2,0.1523934221686549,0.1475990843608241,0.0978371073477464,0.0947231344010426,0.0917431192660549,0.0608125819134992
1481,1481,2.25,0.02,1981,1000000.0,17.15,2.43,0.81,,1000000.0,100.0,1981.0,1.916996948618077,0.0424125032926345,0.0239335758779894,2.7368025240728707e-06,-4.238428972885643e-06,1804577738549932.0,1750000000000000.0,1160000000000000.0,1.0473790728237162,104.73790728237164,1890076958640746.5,1832913377441503.5,1214959724475510.8,0.1522734404778598,0.1476680749981896,0.0978828382845141,0.0946323179461675,0.0917702534327318,0.0608305679896965
1482,1482,2.25,0.02,1982,1000000.0,17.15,2.43,0.81,,1000000.0,100.0,1982.0,1.9181588604443955,0.0426440493938338,0.0238944353170468,-3.877593925630803e-06,-3.394528427690876e-06,1802311688399976.0,1750000000000000.0,1160000000000000.0,1.0473128916483865,104.73128916483864,1887584266029864.5,1832797560384676.0,1214882954312128.2,0.1521532743418206,0.1477370600279294,0.0979285655042274,0.0945414477552112,0.0917974036546905,0.0608485647082521
1483,1483,2.25,0.02,1983,1000000.0,17.15,2.43,0.81,,1000000.0,100.0,1983.0,1.982640411218722,0.0424806078991265,0.0238864539844013,-2.9410271193082324e-06,-6.6941954525203165e-06,1800045638250020.2,1750000000000000.0,1160000000000000.0,1.0001813816108716,100.01813816108718,1800372133427528.5,1750317417819025.5,1160210402668611.2,0.152067237562888,0.1478393992242162,0.0979964017714805,0.0944505237804658,0.0918245699461855,0.0608665720786143
1484,1484,2.25,0.02,1984,1000000.0,17.15,2.43,0.81,,1000000.0,100.0,1984.0,1.856425970051663,0.0427716876325523,0.0238863231725456,-3.5509026404074805e-06,1.5429888711739946e-06,1798889778955132.5,1750000000000000.0,1160000000000000.0,1.094404119659418,109.44041196594176,1968712384901716.5,1915207209403980.8,1269508778804924.5,0.1520405089964063,0.1479083898615822,0.0980421327082488,0.0944178162458526,0.0918517523214874,0.060884590110243
1485,1485,2.25,0.02,1985,1000000.0,17.15,2.43,0.81,,1000000.0,100.0,1985.0,1.9212321780152268,0.0425747727799953,0.0238789270901431,-8.856760708200576e-06,2.855250739380437e-06,1797756738474995.8,1750000000000000.0,1160000000000000.0,1.047190199946858,104.7190199946858,1882593238419442.0,1832582849907001.2,1214740631938355.5,0.1520156130586927,0.1479773748913207,0.0980878599279611,0.0943862873802946,0.091878950794884,0.0609026188126089
1486,1486,2.25,0.02,1986,1000000.0,17.15,2.43,0.81,,1000000.0,100.0,1986.0,1.921974472354392,0.0425688671177335,0.0238499688620971,2.6935093694045973e-06,4.779743141849494e-06,1796623697994858.2,1750000000000000.0,1160000000000000.0,1.0473228957554563,104.73228957554564,1881645133966851.5,1832815067572048.8,1214894559076329.5,0.151990622035004,0.1480463543134329,0.0981335834306184,0.0943547398370087,0.0919061653806806,0.0609206581951938
1487,1487,2.25,0.02,1987,1000000.0,17.15,2.43,0.81,,1000000.0,100.0,1987.0,1.98565751418264,0.0425205122344126,0.0238865814371709,2.3349410177626934e-06,4.32437536441825e-06,1795490657514720.8,1750000000000000.0,1160000000000000.0,1.0006771027346315,100.06771027346316,1796706389148929.2,1751184929785605.0,1160785439172172.5,0.1519998319271878,0.1481487551936191,0.0982014605854847,0.0943231735993931,0.0919333960931984,0.0609387082674914
1488,1488,2.25,0.02,1988,1000000.0,17.15,2.43,0.81,,1000000.0,100.0,1988.0,1.9875467033239371,0.0425086942234831,0.0239052358341977,3.3604369850509218e-06,1.0527917771403348e-06,1794357617034583.8,1750000000000000.0,1160000000000000.0,1.000228076463145,100.0228076463145,1794766867773494.5,1750399133810504.0,1160264568697248.2,0.1519746463711065,0.1482177402233584,0.0982471878051974,0.0942915886508261,0.0919606429467763,0.060956769039006
1489,1489,2.25,0.02,1989,1000000.0,17.15,2.43,0.81,,1000000.0,100.0,1989.0,1.9883705188486371,0.0427031758999599,0.0238523623348976,-5.858324284857854e-06,-7.169395468976332e-07,1793224576554446.2,1750000000000000.0,1160000000000000.0,1.0003166436175803,100.03166436175805,1793792389671501.0,1750554126330766.0,1160367306596393.2,0.1519493657399401,0.1482867196454696,0.0982929113078541,0.0942599849746662,0.0919879059557701,0.0609748405192532
1490,1490,2.25,0.02,1990,1000000.0,17.15,2.43,0.81,,1000000.0,100.0,1990.0,1.9895436893052647,0.0427447702734562,0.0237935296017632,2.118091372924819e-06,7.442600541959266e-06,1792091536074309.5,1750000000000000.0,1160000000000000.0,1.000229382149411,100.02293821494108,1792502609882795.0,1750401418761468.8,1160266083293316.8,0.1519239900445828,0.1483556934599548,0.0983386310934557,0.0942283625542526,0.0920151851345525,0.0609929227177605
1491,1491,2.25,0.02,1991,1000000.0,17.15,2.43,0.81,,1000000.0,100.0,1991.0,1.8632311550474816,0.0424370055013205,0.0238863964614966,5.297006602409275e-06,-5.386556604539657e-06,1790958495594172.0,1750000000000000.0,1160000000000000.0,1.0943201979952024,109.43201979952023,1959882055499804.0,1915060346491604.0,1269411429674434.5,0.1519327975837144,0.1484581560240403,0.0984065491359352,0.0941961763983496,0.0920419479863061,0.0610106626652087
1492,1492,2.25,0.02,1992,1000000.0,17.15,2.43,0.81,,1000000.0,100.0,1992.0,1.9916037788708536,0.042663916702633,0.0238911588598296,-2.6251166021900957e-06,-2.274985249408136e-06,1789650909832536.2,1750000000000000.0,1160000000000000.0,1.0001989673930187,100.01989673930188,1790006992008479.2,1750348192937782.8,1160230802175901.5,0.151898124936203,0.148532720642837,0.0984559748261091,0.0941547885645661,0.092068726410677,0.0610284129350773
1493,1493,2.25,0.02,1993,1000000.0,17.15,2.43,0.81,,1000000.0,100.0,1993.0,1.9286322002479417,0.0424880533365254,0.0238387335785456,-2.940067717971762e-06,2.5995658746596614e-06,1787384826304697.8,1750000000000000.0,1160000000000000.0,1.0473966956909275,104.7396695690928,1872100960999643.5,1832944217459123.5,1214980167001476.2,0.15177623934153,0.1486016972611352,0.0985016964702382,0.0940629347266261,0.0920955204212607,0.0610461735363785
1494,1494,2.25,0.02,1994,1000000.0,17.15,2.43,0.81,,1000000.0,100.0,1994.0,1.9297052123763785,0.0424926824536161,0.0238263217029295,3.359100871399438e-06,-5.026598304763855e-06,1785118742776858.2,1750000000000000.0,1160000000000000.0,1.047309196107984,104.7309196107984,1869571275454926.8,1832791093188972.0,1214878667485261.5,0.1516883873888866,0.1487042130976794,0.0985696498247474,0.0939710274101759,0.092122330031669,0.0610639444781348
1495,1495,2.25,0.02,1995,1000000.0,17.15,2.43,0.81,,1000000.0,100.0,1995.0,1.930529527616326,0.0426614028924505,0.0237674532987401,-8.337979426085711e-07,1.1991408357991e-06,1782852659249019.8,1750000000000000.0,1160000000000000.0,1.0474240901227951,104.7424090122795,1867402824436910.5,1832992157714891.5,1215011944542442.5,0.1515661068043785,0.1487731953236047,0.0986153751859322,0.0938790665684981,0.0921491552555296,0.0610817257693796
1496,1496,2.25,0.02,1996,1000000.0,17.15,2.43,0.81,,1000000.0,100.0,1996.0,1.9954714656649912,0.0425606059774321,0.0238063901892159,8.472634717502704e-06,1.498766625391722e-06,1780586575721180.8,1750000000000000.0,1160000000000000.0,1.0002649000541397,100.02649000541398,1781058253201490.0,1750463575094745.0,1160307284062802.5,0.1514436418633906,0.1488421719419015,0.0986610968300605,0.0937870521548208,0.0921759961064858,0.0610995174191563
1497,1497,2.25,0.02,1997,1000000.0,17.15,2.43,0.81,,1000000.0,100.0,1997.0,1.9964767455252288,0.0426698343771405,0.023778786090481,7.643115103833797e-06,-4.388762116912948e-06,1778320492193342.0,1750000000000000.0,1160000000000000.0,1.0002621187660763,100.02621187660765,1778786623366443.5,1750458707840633.5,1160304057768648.5,0.1513209925877098,0.1489111429525727,0.0987068147571339,0.0936949841223179,0.0922028525981972,0.0611173194365193
1498,1498,2.25,0.02,1998,1000000.0,17.15,2.43,0.81,,1000000.0,100.0,1998.0,1.9975060805292515,0.042356801291954,0.0239488288678011,4.1410617268109785e-06,8.816073837338407e-06,1776054408665503.5,1750000000000000.0,1160000000000000.0,1.0002472835605811,100.02472835605812,1776493597723464.5,1750432746231017.5,1160286848930274.5,0.1512322715415712,0.1490137204730163,0.0987748089992565,0.0936028624241082,0.0922297247443392,0.0611351318305334
1499,1499,2.25,0.02,1999,1000000.0,17.15,2.43,0.81,,1000000.0,100.0,1999.0,1.9986080269183275,0.0425627968940445,0.0237440214618758,3.877789022207013e-06,-4.440036839108793e-06,1773788325137664.2,1750000000000000.0,1160000000000000.0,1.0001961387537968,100.0196138753797,1774136233769256.5,1750343242819144.8,1160227520954404.5,0.1511092271889194,0.1490826970913146,0.0988205306433857,0.0935106870132561,0.0922566125586027,0.0611529546102738
1500,1500,2.25,0.02,2000,1000000.0,17.15,2.43,0.81,,1000000.0,100.0,2000.0,1.935573681884674,0.0424611015363425,0.0238636309315418,2.8627613071605486e-06,1.9641613368857425e-06,1771522241609825.8,1750000000000000.0,1160000000000000.0,1.0472900633606184,104.72900633606189,1855297640660299.2,1832757610881082.5,1214856473498317.5,0.1509859985233567,0.1491516681019855,0.098866248570459,0.0934184578427712,0.0922835160546951,0.0611707877848264
1501,1501,2.25,0.02,2001,1000000.0,17.15,2.43,0.81,,1000000.0,100.0,2001.0,1.9363646486248367,0.0425110911512473,0.0238301074641436,4.282184613591835e-06,6.4731082133269386e-06,1769628079462395.2,1750000000000000.0,1160000000000000.0,1.0474058631772192,104.7405863177219,1853518826071954.5,1832960260560133.2,1214990801285574.2,0.1509041515491472,0.1492303768661009,0.0989184212369582,0.0933450054653853,0.0923096561702675,0.0611881149471486
1502,1502,2.25,0.02,2002,1000000.0,17.15,2.43,0.81,,1000000.0,100.0,2002.0,2.001437788732824,0.0424694158333656,0.023761281206553,-7.08399136287995e-07,-2.045290436868796e-06,1768495038982257.8,1750000000000000.0,1160000000000000.0,1.0002810264255988,100.02810264255989,1768992032821752.2,1750491796244797.8,1160325990653694.5,0.1508871566855822,0.1493091687448142,0.0989706489965626,0.0933116707707168,0.09233581109887,0.0612054519283937
1503,1503,2.25,0.02,2003,1000000.0,17.15,2.43,0.81,,1000000.0,100.0,2003.0,1.873962613566332,0.0425569783834747,0.023777940506322,7.196540871058126e-07,-2.5715082459724404e-06,1767361998502120.2,1750000000000000.0,1160000000000000.0,1.0946388902093431,109.46388902093432,1934623176638527.5,1915618057866350.5,1269781112642838.2,0.1508701438663619,0.1493880438698458,0.0990229319365836,0.0932783171806541,0.0923619808530974,0.0612227987369102
1504,1504,2.25,0.02,2004,1000000.0,17.15,2.43,0.81,,1000000.0,100.0,2004.0,1.9391212249651475,0.0425505309091597,0.0237461060018975,-7.335027181195347e-08,1.3284404343121727e-06,1766228958021983.5,1750000000000000.0,1160000000000000.0,1.04747745219719,104.747745219719,1850085008945764.5,1833085541345082.5,1215073844548740.5,0.150853113063015,0.1494670023731941,0.0990752701445173,0.0932449446791271,0.0923881654455589,0.0612401553810563
1505,1505,2.25,0.02,2005,1000000.0,17.15,2.43,0.81,,1000000.0,100.0,2005.0,2.004673624743896,0.0426349541706299,0.0237571095029683,3.890689708637251e-06,1.417298102622978e-06,1765095917541846.0,1750000000000000.0,1160000000000000.0,1.0001628222916794,100.01628222916796,1765383314504174.2,1750284939010439.0,1160188873858348.5,0.1508360642470101,0.1495460443871372,0.0991276637080451,0.0932115532500466,0.0924143648888783,0.0612575218691992
1506,1506,2.25,0.02,2006,1000000.0,17.15,2.43,0.81,,1000000.0,100.0,2006.0,1.8125708634686435,0.0424297858425039,0.0237730856928414,3.995339530463415e-06,-1.3667194765263053e-06,1763962877061708.5,1750000000000000.0,1160000000000000.0,1.1416897009072615,114.16897009072612,2013898249524094.5,1997956976587707.2,1324360053052423.2,0.1508189973897553,0.1496251700442326,0.0991801127150342,0.0931781428773058,0.092440579195693,0.0612748982097165
1507,1507,2.25,0.02,2007,1000000.0,17.15,2.43,0.81,,1000000.0,100.0,2007.0,2.006167287861581,0.0424076038866311,0.0238148138850354,6.314330083980996e-06,-3.7764992439473272e-06,1762829836581571.8,1750000000000000.0,1160000000000000.0,1.0004152322066724,100.04152322066722,1763561820304602.8,1750726656361676.2,1160481669359739.5,0.1508019124625987,0.1497043794773189,0.0992326172535371,0.0931447135447796,0.0924668083786551,0.0612922844109943
1508,1508,2.25,0.02,2008,1000000.0,17.15,2.43,0.81,,1000000.0,100.0,2008.0,2.007569863958224,0.0426350806685678,0.0236804021012538,-9.013103777998991e-06,-3.3120981805143977e-07,1761696796101434.2,1750000000000000.0,1160000000000000.0,1.0002142914826406,100.02142914826408,1762074312719834.0,1750375010094621.2,1160248578119863.2,0.1507848094368267,0.1497836728195159,0.0992851774117935,0.0931112652363242,0.0924930524504316,0.0613096804814289
1509,1509,2.25,0.02,2009,1000000.0,17.15,2.43,0.81,,1000000.0,100.0,2009.0,2.0080423805533654,0.0425184849629344,0.0236502210560161,4.88236983571169e-06,1.3876005154328974e-07,1760563755621296.8,1750000000000000.0,1160000000000000.0,1.000477014138044,100.0477014138044,1761403569423656.2,1750834774741577.0,1160553336400130.8,0.1507676882836657,0.149863050204226,0.0993377932782298,0.0930777979357777,0.0925193114237029,0.0613270864294259
1510,1510,2.25,0.02,2010,1000000.0,17.15,2.43,0.81,,1000000.0,100.0,2010.0,2.0094490531355405,0.042498518411355,0.023769720282694,2.7418312276430315e-06,2.9702888599599786e-07,1758861428992272.5,1750000000000000.0,1160000000000000.0,1.0002742260947453,100.02742260947451,1759343754693143.2,1750479895665804.0,1160318102269904.5,0.150701771719951,0.149942511765134,0.0993904649414602,0.0930142059584693,0.0925455853111646,0.0613445022634006
1511,1511,2.25,0.02,2011,1000000.0,17.15,2.43,0.81,,1000000.0,100.0,2011.0,2.010122227733791,0.0424865862022582,0.0237241935867744,-1.1752835488001154e-05,-2.814953036114687e-06,1756595345464434.0,1750000000000000.0,1160000000000000.0,1.000436814642253,100.04368146422529,1757362652031846.5,1750764425623942.8,1160506704985013.5,0.1505872255383771,0.1500218279483627,0.0994430402400575,0.0929202645882945,0.0925713844394379,0.061361603399856
1512,1512,2.25,0.02,2012,1000000.0,17.15,2.43,0.81,,1000000.0,100.0,2012.0,1.9470510235577965,0.0425096751389414,0.0236924298016433,-3.763140702018738e-06,3.3310952245105065e-06,1754329261936595.2,1750000000000000.0,1160000000000000.0,1.047378322910853,104.73783229108533,1837446440200586.0,1832912065093992.8,1214958854576589.5,0.1504725581080086,0.150101228088922,0.0994956711903711,0.0928262708270461,0.092597197955877,0.0613787140736099
1513,1513,2.25,0.02,2013,1000000.0,17.15,2.43,0.81,,1000000.0,100.0,2013.0,2.0123258544609826,0.0424706558453528,0.0237518678776491,4.743830303784807e-06,7.754763292919766e-07,1752063178408756.2,1750000000000000.0,1160000000000000.0,1.0003350467833576,100.03350467833576,1752650201540921.5,1750586331870875.5,1160388654268695.0,0.1503577692362279,0.1501807123201875,0.0995483578808099,0.0927322246308842,0.0926230258725221,0.0613958342926431
1514,1514,2.25,0.02,2014,1000000.0,17.15,2.43,0.81,,1000000.0,100.0,2014.0,1.94897483188397,0.0425524956679398,0.0238117749805028,5.731951299200273e-06,9.493408725339312e-07,1749797094880917.8,1750000000000000.0,1160000000000000.0,1.047347359226204,104.73473592262042,1832645366505212.8,1832857878645857.2,1214922936702396.8,0.1502428587300095,0.1502602807758175,0.0996011003999705,0.0926381259559201,0.092648868201426,0.0614129640649452
1515,1515,2.25,0.02,2015,1000000.0,17.15,2.43,0.81,,1000000.0,100.0,2015.0,1.9501135053829144,0.042439683925904,0.0236847659545861,1.764093725785071e-05,-2.073379963909514e-06,1747531011353078.2,1750000000000000.0,1160000000000000.0,1.047329249443811,104.73292494438108,1830240342500203.2,1832826186526668.8,1214901929354820.2,0.1501278263959184,0.1503399335897537,0.0996538988366367,0.0925439747582157,0.0926747249546554,0.0614301033985145
1516,1516,2.25,0.02,2016,1000000.0,17.15,2.43,0.81,,1000000.0,100.0,2016.0,2.0156216391187853,0.0425194750303744,0.0236764699117102,-6.125731209278345e-06,-1.4890367391006436e-06,1745264927825239.8,1750000000000000.0,1160000000000000.0,1.0001877401747348,100.01877401747348,1745592584167748.2,1750328545305785.8,1160217778602692.5,0.1500126720401095,0.1504196708962222,0.0997067532797816,0.0924497709937841,0.0927005961442908,0.0614472523013585
1517,1517,2.25,0.02,2017,1000000.0,17.15,2.43,0.81,,1000000.0,100.0,2017.0,2.0166554044677696,0.0425713445599704,0.0237241390117028,-6.964165526743165e-06,3.63919698176244e-06,1742998844297400.8,1750000000000000.0,1160000000000000.0,1.000170908837671,100.01709088376708,1743296738203941.5,1750299090465923.5,1160198254251698.0,0.149897395468326,0.1504994928297336,0.0997596638185662,0.0923555146185895,0.0927264817824255,0.0614644107814934
1518,1518,2.25,0.02,2018,1000000.0,17.15,2.43,0.81,,1000000.0,100.0,2018.0,2.017469788902008,0.0426064213484628,0.0236510960600933,8.853675079157561e-06,-1.6223317109608157e-06,1740732760769562.2,1750000000000000.0,1160000000000000.0,1.0002628943806344,100.02628943806346,1741190389630554.8,1750460065166110.2,1160304957481536.0,0.1497819964858988,0.1505793995250844,0.0998126305423415,0.0922612055885463,0.0927523818811667,0.0614815788469447
1519,1519,2.25,0.02,2019,1000000.0,17.15,2.43,0.81,,1000000.0,100.0,2019.0,2.0184403253653955,0.0424888383661224,0.0236956752645707,2.2055191796690867e-06,-1.7330747254224675e-06,1738466678979040.0,1750000000000000.0,1160000000000000.0,1.0002773343058593,100.02773343058593,1738948815428713.8,1750485335035253.5,1160321707794796.5,0.1496664750473124,0.1506593911173575,0.0998656535406483,0.0921668439516259,0.092778296452635,0.0614987565057465
1520,1520,2.25,0.02,2020,1000000.0,17.15,2.43,0.81,,1000000.0,100.0,2020.0,2.019512200545705,0.0426021630075998,0.0236717047671472,-5.478906392938796e-06,-3.5975803171507115e-06,1736200598018765.8,1750000000000000.0,1160000000000000.0,1.000241551982206,100.0241551982206,1736619980714724.0,1750422715968860.5,1160280200299359.0,0.1495508308791757,0.1507394677419231,0.0999187329032176,0.0920724296156189,0.0928042255089648,0.0615159437659423
1521,1521,2.25,0.02,2021,1000000.0,17.15,2.43,0.81,,1000000.0,100.0,2021.0,2.0204634018989056,0.0425714463187385,0.0236839034771541,-1.653775915917204e-06,4.03128114216266e-06,1733934517058491.2,1750000000000000.0,1160000000000000.0,1.0002656338018707,100.02656338018706,1734395108676451.8,1750464859153273.5,1160308135210169.8,0.1494303661346661,0.150814888430325,0.099968726045244,0.091977425800403,0.0928296273977892,0.0615327815893917
1522,1522,2.25,0.02,2022,1000000.0,17.15,2.43,0.81,,1000000.0,100.0,2022.0,2.0212229496121834,0.0424906671168248,0.0237235262491211,8.132719895563896e-07,-1.5010295433039536e-06,1731668436098216.2,1750000000000000.0,1160000000000000.0,1.0003846450063172,100.03846450063172,1732334513714759.2,1750673128761055.5,1160446188207328.2,0.1493097807836265,0.1508903846281844,0.1000187692392537,0.0918823699630497,0.0928550431961661,0.0615496286328871
1523,1523,2.25,0.02,2023,1000000.0,17.15,2.43,0.81,,1000000.0,100.0,2023.0,2.022310758183198,0.0425681551516525,0.0236657044441559,-2.265864620524245e-08,-4.037931598033681e-06,1729402355137942.0,1750000000000000.0,1160000000000000.0,1.000340878988676,100.0340878988676,1729991872063775.5,1750596538230183.0,1160395419626864.0,0.1491890746448436,0.1509659564489558,0.1000688625604507,0.0917872620608182,0.0928804729155232,0.061566484904004
1524,1524,2.25,0.02,2024,1000000.0,17.15,2.43,0.81,,1000000.0,100.0,2024.0,2.023373100097183,0.0424297789365198,0.0237577730521325,-2.878277638507144e-06,2.470865998415003e-06,1727136274177667.8,1750000000000000.0,1160000000000000.0,1.0003098731587907,100.03098731587906,1727671467350608.8,1750542278027883.5,1160359452864197.2,0.1490682475367404,0.1510416040063207,0.1001190060841898,0.0916921020509201,0.0929059165673015,0.0615833504103256
1525,1525,2.25,0.02,2025,1000000.0,17.15,2.43,0.81,,1000000.0,100.0,2025.0,2.0243995576447107,0.0425733095009014,0.0236405958620539,1.234435485356635e-05,-6.678447468074927e-07,1724870193217392.8,1750000000000000.0,1160000000000000.0,1.000296666462499,100.02966664624992,1725381904355884.8,1750519166309373.2,1160344133096499.0,0.1489472992773763,0.151117327414189,0.1001691998859768,0.091596889890521,0.0929313741629538,0.0616002251594436
1526,1526,2.25,0.02,2026,1000000.0,17.15,2.43,0.81,,1000000.0,100.0,2026.0,2.025459114293698,0.0423510970352799,0.0237024131721051,-1.1744400887159859e-07,4.264042106492774e-07,1722604112257118.2,1750000000000000.0,1160000000000000.0,1.000267102434136,100.0267102434136,1723064224008554.8,1750467429259737.8,1160309838823597.5,0.1488262296844454,0.1511931267866988,0.100219444041469,0.0915016255367391,0.0929568457139457,0.0616171091589583
1527,1527,2.25,0.02,2027,1000000.0,17.15,2.43,0.81,,1000000.0,100.0,2027.0,1.9611172534681949,0.0425402395998783,0.0236066430866604,-2.536609891561932e-06,-1.194753119987367e-06,1720338031296844.0,1750000000000000.0,1160000000000000.0,1.0476039165251478,104.76039165251476,1802232859333736.5,1833306853919008.8,1215220543169171.5,0.1487050385752761,0.1512690022382176,0.1002697386264757,0.0914063089466452,0.0929823312317554,0.0616340024164778
1528,1528,2.25,0.02,2028,1000000.0,17.15,2.43,0.81,,1000000.0,100.0,2028.0,2.027517668950395,0.0424994371009305,0.0236696268288386,4.882913760874102e-06,1.1113019531237157e-07,1719035975168284.5,1750000000000000.0,1160000000000000.0,1.000237918848106,100.02379188481058,1719444966227349.5,1750416357984185.5,1160275985863802.8,0.1486670973632286,0.151344953883342,0.1003200837169581,0.0913621754249014,0.0930078307278739,0.0616509049396193
1529,1529,2.25,0.02,2029,1000000.0,17.15,2.43,0.81,,1000000.0,100.0,2029.0,2.0282810366927606,0.0425817214502962,0.0236683865617401,-3.4120019938457684e-06,5.128003609791498e-07,1717902934688147.8,1750000000000000.0,1160000000000000.0,1.0003545374325191,100.03545374325194,1718511995583929.5,1750620440506909.2,1160411263421722.5,0.148643742326269,0.1514209818368997,0.1003704793890306,0.0913270028849984,0.0930333442138044,0.0616678167360075
1530,1530,2.25,0.02,2030,1000000.0,17.15,2.43,0.81,,1000000.0,100.0,2030.0,2.029392376865394,0.0424594547337839,0.0236315775092709,-3.818153869697147e-06,-2.457645811188544e-06,1716769894208010.2,1750000000000000.0,1160000000000000.0,1.0002994897694786,100.02994897694784,1717284049227874.2,1750524107096587.2,1160347408132595.0,0.1486203638127671,0.1514970862139486,0.1004209257189601,0.0912918110430575,0.0930588717010628,0.061684737813276
1531,1531,2.25,0.02,2031,1000000.0,17.15,2.43,0.81,,1000000.0,100.0,2031.0,1.9654226736824576,0.0425117566174365,0.0236185137178448,-1.2276294813661647e-06,4.4138576692186655e-08,1715636853727872.8,1750000000000000.0,1160000000000000.0,1.0473719814499756,104.73719814499756,1796909970937564.2,1832900967537456.8,1214951498481971.8,0.148600118253338,0.1515764868178737,0.1004735569764192,0.091256065942095,0.0930838685655775,0.0617013071634684
1532,1532,2.25,0.02,2032,1000000.0,17.15,2.43,0.81,,1000000.0,100.0,2032.0,2.031546903971639,0.0425481265681445,0.0236338346673999,1.8605768579382957e-06,-6.38274698699505e-07,1714503813247735.8,1750000000000000.0,1160000000000000.0,1.0002230616152754,100.02230616152754,1714886253237714.8,1750390357826732.5,1160258751473719.5,0.1485798514611229,0.1516559706941839,0.1005262434315733,0.0912203016327432,0.0931088788626882,0.0617178854175533
1533,1533,2.25,0.02,2033,1000000.0,17.15,2.43,0.81,,1000000.0,100.0,2033.0,1.9022819638571773,0.0423932730986168,0.0236146041528416,1.7437172518898517e-06,-5.871677689249837e-07,1713370772767598.2,1750000000000000.0,1160000000000000.0,1.094498707917884,109.4498707917884,1875282096978403.2,1915372738856296.8,1269618501184745.5,0.1485595634027023,0.1517355379739471,0.1005789851713021,0.0911845180995147,0.0931339026032256,0.0617344725827094
1534,1534,2.25,0.02,2034,1000000.0,17.15,2.43,0.81,,1000000.0,100.0,2034.0,2.033295419588671,0.0423598992622922,0.0236185805264589,4.248062323919401e-07,-4.104238863895289e-06,1712237732287461.8,1750000000000000.0,1160000000000000.0,1.000346631040545,100.0346631040545,1712831247034264.8,1750606604320954.0,1160402092007032.5,0.1485392540445862,0.1518151887885069,0.1006317822826674,0.0911487153269059,0.0931589397980313,0.0617510686661236
1535,1535,2.25,0.02,2035,1000000.0,17.15,2.43,0.81,,1000000.0,100.0,2035.0,2.0345667585764438,0.0424296426089054,0.0236198845154497,5.6603692522592425e-08,4.973674161279708e-06,1711104691807324.2,1750000000000000.0,1160000000000000.0,1.0002129596392353,100.02129596392352,1711469088045185.2,1750372679368661.8,1160247033181512.8,0.1485189233532143,0.1518949232694825,0.1006846348529141,0.0911128932993961,0.0931839904579593,0.0617676736749901
1536,1536,2.25,0.02,2036,1000000.0,17.15,2.43,0.81,,1000000.0,100.0,2036.0,1.9702495131119089,0.0423434417824704,0.0236042901317077,6.085882900760186e-06,2.7760456778884257e-07,1709943303361009.5,1750000000000000.0,1160000000000000.0,1.0473893815613535,104.73893815613538,1790976459012265.8,1832931417732368.8,1214971682611170.5,0.1484961094807653,0.1519747415487699,0.1007375429694703,0.0910755421230896,0.0932090545938748,0.0617842876165113
1537,1537,2.25,0.02,2037,1000000.0,17.15,2.43,0.81,,1000000.0,100.0,2037.0,2.036582769623124,0.0423462927111435,0.0236152057741276,9.14829742532744e-07,-2.7130253869506655e-07,1707677250643559.2,1750000000000000.0,1160000000000000.0,1.0002049006534737,100.02049006534736,1708027154828138.0,1750358576143578.8,1160237684758029.5,0.1483772891435278,0.1520546437585425,0.1007905067199481,0.0909793180399286,0.0932341322166547,0.0618009104978969
1538,1538,2.25,0.02,2038,1000000.0,17.15,2.43,0.81,,1000000.0,100.0,2038.0,2.037038940799698,0.0424556330376605,0.0236275827298058,1.4119176072971095e-06,2.361541048183259e-06,1705411197926108.2,1750000000000000.0,1160000000000000.0,1.0004725610190246,100.04725610190243,1706217108779656.2,1750826981783292.8,1160548170782068.5,0.1482583437986527,0.1521346300312516,0.100843526192144,0.0908830421652183,0.093259223337188,0.0618175423263645
1539,1539,2.25,0.02,2039,1000000.0,17.15,2.43,0.81,,1000000.0,100.0,2039.0,1.9731490546443076,0.042315620839336,0.0236090160058369,1.0536284134370072e-05,-1.8251302570762167e-06,1703145145208658.0,1750000000000000.0,1160000000000000.0,1.0473874900244415,104.73874900244417,1783852918787409.5,1832928107542772.8,1214969488428352.2,0.1481392732487605,0.1522147004996279,0.100896601474039,0.0907867144571336,0.093284327966375,0.06183418310914
1540,1540,2.25,0.02,2040,1000000.0,17.15,2.43,0.81,,1000000.0,100.0,2040.0,1.908606031748828,0.0423589027535623,0.023648924289324,-1.658903093637006e-06,4.837731862449086e-06,1700879092491207.8,1750000000000000.0,1160000000000000.0,1.0945339403879222,109.45339403879224,1861669895227834.8,1915434395678864.0,1269659370849990.0,0.148020077296056,0.1522948552966807,0.1009497326537998,0.0906903348738033,0.0933094461151278,0.061850832853456
1541,1541,2.25,0.02,2041,1000000.0,17.15,2.43,0.81,,1000000.0,100.0,2041.0,2.0405080196837617,0.0423500617587186,0.0235801032505489,-1.5017415797281983e-05,9.902494837037422e-07,1698613039773757.5,1750000000000000.0,1160000000000000.0,1.0002411531181146,100.02411531181144,1699022665604768.5,1750422017956700.2,1160279737617012.8,0.1478994394498975,0.1523737384423907,0.1010020209103847,0.0905930819850835,0.0933337315572546,0.0618669306322372
1542,1542,2.25,0.02,2042,1000000.0,17.15,2.43,0.81,,1000000.0,100.0,2042.0,2.04152093795376,0.0424145203083914,0.023507112801653,7.196281147854251e-06,-5.156482115722959e-06,1696346987056306.5,1750000000000000.0,1160000000000000.0,1.0002346760025214,100.02346760025216,1696745078986118.5,1750410683004412.8,1160272224162925.0,0.1477786765670208,0.1524527033475977,0.1010543633618361,0.0904957784595981,0.0933580296441085,0.0618830367926662
1543,1543,2.25,0.02,2043,1000000.0,17.15,2.43,0.81,,1000000.0,100.0,2043.0,1.9767782110369847,0.0424688843535545,0.0236210700922553,-3.713037387659829e-06,-1.4484375151523336e-06,1694080934338856.2,1750000000000000.0,1160000000000000.0,1.0474927891428003,104.74927891428004,1774537562944250.2,1833112380999900.8,1215091635405648.8,0.1476577884529313,0.1525317501394791,0.1011067600924547,0.0903984242577894,0.0933823403855676,0.0618991513412905
1544,1544,2.25,0.02,2044,1000000.0,17.15,2.43,0.81,,1000000.0,100.0,2044.0,1.9782331462583709,0.042354728146555,0.023580801957649,6.980283670809826e-06,-8.397505708253269e-07,1691814881621406.0,1750000000000000.0,1160000000000000.0,1.047200712564574,104.72007125645744,1771669749561287.2,1832601246988004.8,1214752826574906.0,0.1475367749127305,0.1526108789454756,0.1011592111867152,0.0903010193400582,0.0934066637915206,0.061915274284665
1545,1545,2.25,0.02,2045,1000000.0,17.15,2.43,0.81,,1000000.0,100.0,2045.0,1.9137716701210556,0.0423721974330493,0.0235996614564555,7.21525429500058e-06,-1.3706895295720371e-05,1689774411640404.5,1750000000000000.0,1160000000000000.0,1.0942503899179914,109.42503899179916,1849036308810957.2,1914938182356484.8,1269330452304870.5,0.1474353181787195,0.1526900898932926,0.1012117167292682,0.0902156073356898,0.093430999871866,0.0619314056293511
1546,1546,2.25,0.02,2046,1000000.0,17.15,2.43,0.81,,1000000.0,100.0,2046.0,2.045739367698343,0.0425650460883681,0.0235496037374773,1.3759226208387602e-08,-3.339774910886032e-06,1688641371160267.8,1750000000000000.0,1160000000000000.0,1.0001274072157744,100.01274072157744,1688856516255808.2,1750222962627605.0,1160147792370298.2,0.1474129717529717,0.1527693831109011,0.1012642768049401,0.0901786103221842,0.093455348636513,0.0619475453819172
1547,1547,2.25,0.02,2047,1000000.0,17.15,2.43,0.81,,1000000.0,100.0,2047.0,1.980614593816416,0.0425426266286342,0.0234782280995643,-3.511053905658883e-06,9.59962681459102e-07,1687508330680130.2,1750000000000000.0,1160000000000000.0,1.0475431795324053,104.7543179532405,1767737842208084.8,1833200564181708.8,1215150088257589.8,0.1473906021057999,0.1528487587265379,0.1013168914987336,0.0901415940202967,0.0934797100953812,0.0619636935489385
1548,1548,2.25,0.02,2048,1000000.0,17.15,2.43,0.81,,1000000.0,100.0,2048.0,2.047185396964892,0.042255362632437,0.0235323477362432,-2.972494919031581e-06,-1.7296074070721615e-06,1686375290199992.8,1750000000000000.0,1160000000000000.0,1.0003980842897755,100.03980842897757,1687046609709687.2,1750696647507107.2,1160461777776139.8,0.1473682092009894,0.152928216868706,0.1013695608958279,0.0901045584149397,0.0935040842584004,0.0619798501369967
1549,1549,2.25,0.02,2049,1000000.0,17.15,2.43,0.81,,1000000.0,100.0,2049.0,2.047860957965054,0.0422793386611242,0.0235242410005649,7.233431171172391e-06,3.563557735081905e-07,1685242249719855.8,1750000000000000.0,1160000000000000.0,1.0005566337326486,100.05566337326484,1686180312403734.0,1750974109032134.5,1160645695129872.0,0.1473457930022499,0.1530077576661763,0.1014222850815797,0.0900675034910092,0.0935284711355104,0.0619960151526812
1550,1550,2.25,0.02,2050,1000000.0,17.15,2.43,0.81,,1000000.0,100.0,2050.0,2.04934933403174,0.0423621481283688,0.0235556387397674,-5.86143549704479e-06,7.156814623503918e-07,1684109209239718.2,1750000000000000.0,1160000000000000.0,1.0003175375432998,100.03175375432996,1684643977140669.2,1750555690700774.5,1160368343550227.8,0.147323353473216,0.1530873812479878,0.1014750641415233,0.090030429233386,0.0935528707366619,0.0620121886025874
1551,1551,2.25,0.02,2051,1000000.0,17.15,2.43,0.81,,1000000.0,100.0,2051.0,2.050553361717812,0.0423582561717173,0.0234672426935915,3.5868916056750677e-06,2.2599169970505373e-06,1682976168759581.5,1750000000000000.0,1160000000000000.0,1.000217841830459,100.02178418304592,1683342791368802.8,1750381223203303.5,1160252696523332.5,0.1473001433358038,0.1531663107432157,0.1015273831212173,0.0899926619254307,0.0935765825404276,0.0620279061410835
1552,1552,2.25,0.02,2052,1000000.0,17.15,2.43,0.81,,1000000.0,100.0,2052.0,2.0511171980573635,0.0424256420429562,0.023583880800613,-2.102279569962748e-06,-4.903226469518362e-06,1681843128279444.0,1750000000000000.0,1160000000000000.0,1.0004306785189607,100.04306785189608,1682567461987055.5,1750753687408181.0,1160499587081994.5,0.147276909252467,0.153245321670092,0.101579756078461,0.0899548754677043,0.0936003063671742,0.0620436316490983
1553,1553,2.25,0.02,2053,1000000.0,17.15,2.43,0.81,,1000000.0,100.0,2053.0,2.052112219729088,0.0421733484623551,0.0235131823784714,-1.6352279822337975e-06,-9.814921574829988e-07,1680710087799306.5,1750000000000000.0,1160000000000000.0,1.0004327997183189,100.04327997183186,1681437498651882.2,1750757399507057.8,1160502047673250.0,0.1472536511861288,0.1533244141547012,0.1016321830968306,0.0899170698456384,0.093624042226048,0.0620593651326946
1554,1554,2.25,0.02,2054,1000000.0,17.15,2.43,0.81,,1000000.0,100.0,2054.0,2.053384520220152,0.0422862459799689,0.0235185392015081,-1.0513365120661532e-05,-1.111331939504981e-06,1679154106139523.2,1750000000000000.0,1160000000000000.0,1.0002998021385907,100.02998021385903,1679657520131566.5,1750524653742533.5,1160347770480765.0,0.1471932944170031,0.1534035883233888,0.1016846642600749,0.0898566121836054,0.093647790126205,0.0620751065979415
1555,1555,2.25,0.02,2055,1000000.0,17.15,2.43,0.81,,1000000.0,100.0,2055.0,1.98839187152908,0.0423987621416503,0.0235716547689798,5.028800065447179e-06,-6.427860537248709e-07,1676888055989567.2,1750000000000000.0,1160000000000000.0,1.0474943180940008,104.74943180940008,1756530710728766.5,1833115056664501.2,1215093408989041.2,0.1470705990917749,0.1534828443027609,0.1017371996521158,0.0897581162913328,0.0936715500768106,0.0620908560509145
1556,1556,2.25,0.02,2056,1000000.0,17.15,2.43,0.81,,1000000.0,100.0,2056.0,2.0554042264960115,0.0425065034257978,0.0235291476455218,-9.181463254047064e-06,2.22587074562895e-06,1674622005839611.5,1750000000000000.0,1160000000000000.0,1.000289914841669,100.02899148416694,1675107503613290.5,1750507350972921.0,1160336301216336.5,0.146947776919907,0.1535621822196853,0.1017897893570486,0.089659570406392,0.0936953220870392,0.0621066134976945
1557,1557,2.25,0.02,2057,1000000.0,17.15,2.43,0.81,,1000000.0,100.0,2057.0,2.056468909085106,0.0422700419819242,0.02352825062283,-1.4914705777248844e-05,-2.5227545350557243e-06,1672355955689655.5,1750000000000000.0,1160000000000000.0,1.000258286429721,100.02582864297209,1672787902538672.5,1750452001252011.5,1160299612258476.0,0.1468248277045903,0.1536416022012929,0.1018424334591427,0.0895609744907118,0.0937191061660745,0.0621223789443694
1558,1558,2.25,0.02,2058,1000000.0,17.15,2.43,0.81,,1000000.0,100.0,2058.0,2.0575167537600465,0.042306761631975,0.0235474086983542,6.6678327503568215e-06,3.752092672711378e-06,1670089905539699.8,1750000000000000.0,1160000000000000.0,1.0002349128050276,100.02349128050275,1670482231044058.2,1750411097408798.5,1160272498853832.2,0.1467017512486077,0.153721104374977,0.1018951320428418,0.0894623285061827,0.0937429023231097,0.0621381523970328
1559,1559,2.25,0.02,2059,1000000.0,17.15,2.43,0.81,,1000000.0,100.0,2059.0,2.0583901689490176,0.0422309535485468,0.0234883395032838,-5.637839176791905e-06,5.647504781604577e-06,1667823855389743.8,1750000000000000.0,1160000000000000.0,1.0002963045314548,100.02963045314549,1668318039155764.0,1750518532930046.0,1160343713256487.5,0.1465785473543346,0.1538006888683953,0.1019478851927649,0.0893636324146558,0.0937667105673475,0.0621539338617846
1560,1560,2.25,0.02,2060,1000000.0,17.15,2.43,0.81,,1000000.0,100.0,2060.0,2.059500413644764,0.0424519074089137,0.0234125568025493,1.046454976201132e-05,-4.941327655282324e-06,1665557805239787.8,1750000000000000.0,1160000000000000.0,1.000242621367481,100.02426213674812,1665961905152114.0,1750424587393092.5,1160281440786278.5,0.1464552158237359,0.1538803558094696,0.1020006929937056,0.089264886177944,0.0937905309079995,0.0621697233447311
1561,1561,2.25,0.02,2061,1000000.0,17.15,2.43,0.81,,1000000.0,100.0,2061.0,1.99437084556354,0.0423967600689397,0.0234392345354386,-1.0902487702116818e-06,5.712718085240832e-07,1663291755089831.8,1750000000000000.0,1160000000000000.0,1.047401637575519,104.74016375755193,1742134508046949.2,1832952865757158.5,1214985899587602.5,0.1463277411515795,0.1539558806996155,0.1020507552066023,0.0891655161574007,0.0938137598517848,0.0621851208160403
1562,1562,2.25,0.02,2062,1000000.0,17.15,2.43,0.81,,1000000.0,100.0,2062.0,2.0610320439566747,0.0424649490372694,0.0235767032430812,-1.099226781254596e-06,-5.017663494843926e-06,1661025704939876.0,1750000000000000.0,1160000000000000.0,1.0004697995562253,100.04697995562252,1661806054078935.5,1750822149223394.2,1160544967485221.2,0.1462001412881592,0.1540314797618014,0.1021008665849655,0.0890660969030505,0.0938370003045681,0.0622005259161708
1563,1563,2.25,0.02,2063,1000000.0,17.15,2.43,0.81,,1000000.0,100.0,2063.0,1.9965479340873569,0.0423223120828546,0.0234817078793127,2.8505291413276334e-06,-2.8807404591352416e-06,1658759619655369.5,1750000000000000.0,1160000000000000.0,1.0472423208314412,104.7242320831441,1737123273789367.5,1832674061455022.0,1214801092164471.8,0.1460724129549691,0.1541071531053462,0.1021510272012579,0.0889666264938726,0.0938602522749043,0.0622159386507937
1564,1564,2.25,0.02,2064,1000000.0,17.15,2.43,0.81,,1000000.0,100.0,2064.0,2.063226995959076,0.0424651065548558,0.0234848188598293,-5.316156319530621e-06,4.631952254780295e-06,1656493505316304.2,1750000000000000.0,1160000000000000.0,1.000374791235942,100.0374791235942,1657114344564491.5,1750655884662898.5,1160434757833692.5,0.1459445564982451,0.1541829008397832,0.1022012371280849,0.0888671052180084,0.0938835157713576,0.0622313590255856
1565,1565,2.25,0.02,2065,1000000.0,17.15,2.43,0.81,,1000000.0,100.0,2065.0,1.998605886243882,0.0422539987413903,0.0234187357152569,-3.850985727843704e-06,-2.8658865389853204e-06,1654227390977239.2,1750000000000000.0,1160000000000000.0,1.047180246017769,104.71802460177688,1732274246252877.0,1832565430531095.5,1214729085380612.0,0.1458165742900627,0.1542587230748622,0.1022514964381944,0.0887675345967233,0.0939067908025006,0.0622467870462288
1566,1566,2.25,0.02,2066,1000000.0,17.15,2.43,0.81,,1000000.0,100.0,2066.0,1.99923706925331,0.0424392214393865,0.0234240484409112,5.993388880351123e-06,-2.632033531509673e-06,1651961276638174.0,1750000000000000.0,1160000000000000.0,1.047452343710764,104.74523437107644,1730350710934081.5,1833041601493837.2,1215044718704486.8,0.145688466144809,0.1543346199205481,0.1023018052044776,0.0886679145933082,0.093930077376914,0.0622622227184115
1567,1567,2.25,0.02,2067,1000000.0,17.15,2.43,0.81,,1000000.0,100.0,2067.0,1.999956673555588,0.0423294201773584,0.0233921006919296,-8.098139168133677e-07,-3.5228968019660037e-06,1649695162299108.5,1750000000000000.0,1160000000000000.0,1.047530227129378,104.7530227129378,1728105548057421.5,1833177897476411.5,1215135063470078.5,0.1455602318765057,0.1544105914870224,0.1023521634999692,0.0885682451710171,0.0939533755031874,0.0622776660478271
1568,1568,2.25,0.02,2068,1000000.0,17.15,2.43,0.81,,1000000.0,100.0,2068.0,2.0009672433881045,0.042356228272005,0.0234503300923483,5.780287184048351e-06,-5.618196686416202e-06,1647429047960043.8,1750000000000000.0,1160000000000000.0,1.0474687479789586,104.74687479789584,1725630442250874.5,1833070308963176.8,1215063747655591.8,0.1454318712988078,0.1544866378846843,0.1024025713978478,0.0884685262930678,0.0939766851899187,0.0622931170401746
1569,1569,2.25,0.02,2069,1000000.0,17.15,2.43,0.81,,1000000.0,100.0,2069.0,2.0685375025814663,0.0423383704647064,0.0233798503850679,6.159436448640333e-06,-5.341520791868686e-06,1645162933620978.2,1750000000000000.0,1160000000000000.0,1.0002236074229507,100.02236074229508,1645530804264899.5,1750391312990164.0,1160259384610622.8,0.1453033842250031,0.15456275922415,0.1024530289714366,0.0883687579226415,0.0940000064457147,0.0623085757011594
1570,1570,2.25,0.02,2070,1000000.0,17.15,2.43,0.81,,1000000.0,100.0,2070.0,2.069483823665541,0.0423205951599911,0.0233739687635717,3.749870492255556e-06,-5.23377497843799e-06,1642896819281913.8,1750000000000000.0,1160000000000000.0,1.000249469649536,100.0249469649536,1643306672175643.5,1750436571886688.0,1160289384793461.8,0.1451747704680117,0.154638955616254,0.1025035362942025,0.0882689400228833,0.0940233392791901,0.0623240420364917
1571,1571,2.25,0.02,2071,1000000.0,17.15,2.43,0.81,,1000000.0,100.0,2071.0,2.0038227902717067,0.0422564086237781,0.0234736535511845,-4.959991988346959e-06,2.74998885662286e-06,1640630704942848.2,1750000000000000.0,1160000000000000.0,1.0475219941045957,104.75219941045955,1718596747630961.2,1833163489683042.8,1215125513161330.8,0.1450485928290026,0.1547179610170694,0.1025559055884574,0.088168835642998,0.0940464309916846,0.0623393485430594
1572,1572,2.25,0.02,2072,1000000.0,17.15,2.43,0.81,,1000000.0,100.0,2072.0,2.070925522662628,0.0424482207631352,0.0233705745475713,9.948962514024816e-06,5.416344056148504e-06,1639182318463889.8,1750000000000000.0,1160000000000000.0,1.0005190316031962,100.05190316031964,1640033105890572.8,1750908305305593.5,1160602076659707.5,0.1449946186855633,0.1547970471872349,0.1026083284212528,0.0881126382399584,0.0940695340494085,0.0623546625698936
1573,1573,2.25,0.02,2073,1000000.0,17.15,2.43,0.81,,1000000.0,100.0,2073.0,2.0720466352397127,0.0424164493731145,0.0234531303865683,-1.0985820295460191e-06,-4.085603011328176e-06,1638049293388911.8,1750000000000000.0,1160000000000000.0,1.0004603692387477,100.04603692387478,1638803400895140.5,1750805646167808.5,1160534028316947.2,0.1449684990377509,0.1548762142506727,0.1026608048747315,0.0880733693281038,0.0940926484607249,0.0623699841225375
1574,1574,2.25,0.02,2074,1000000.0,17.15,2.43,0.81,,1000000.0,100.0,2074.0,2.0734138514346343,0.0423846510306357,0.0234489070182103,2.799331696816891e-06,7.949894763616773e-07,1636916268313934.0,1750000000000000.0,1160000000000000.0,1.0002828132582828,100.0282813258283,1637379209937312.5,1750494923201995.2,1160328063379608.5,0.1449423526597917,0.1549554623315588,0.1027133350312047,0.0880340811134882,0.094115774234005,0.0623853132065404
1575,1575,2.25,0.02,2075,1000000.0,17.15,2.43,0.81,,1000000.0,100.0,2075.0,2.074124791927943,0.0423307364592785,0.0234606194687438,-6.370473736540492e-06,-3.258951892107349e-06,1635783243238956.0,1750000000000000.0,1160000000000000.0,1.0004219837089976,100.04219837089975,1636473517119054.2,1750738471490745.5,1160489501102437.2,0.1449161795106326,0.1550347915543238,0.1027659189731517,0.0879947735818755,0.0941389113776287,0.0624006498274567
1576,1576,2.25,0.02,2076,1000000.0,17.15,2.43,0.81,,1000000.0,100.0,2076.0,2.009215547746096,0.0424004122452195,0.0233472746350725,7.1923178536347445e-06,-1.1671916741840288e-06,1634650218163978.0,1750000000000000.0,1160000000000000.0,1.0472485800744744,104.72485800744744,1711885119890655.8,1832685015130330.5,1214808352886390.2,0.144889979549136,0.1551142020436526,0.1028185567832211,0.087955446719016,0.0941620598999837,0.0624159939908463
1577,1577,2.25,0.02,2077,1000000.0,17.15,2.43,0.81,,1000000.0,100.0,2077.0,2.07598176867873,0.0421069298472329,0.0234053419614714,1.2916333333382037e-06,-5.262608791221722e-06,1633517193089000.0,1750000000000000.0,1160000000000000.0,1.0004907202083655,100.04907202083658,1634318792986361.8,1750858760364640.2,1160569235441704.2,0.1448637527340799,0.155193693924486,0.1028712485442307,0.0879161005106452,0.094185219809466,0.0624313457022746
1578,1578,2.25,0.02,2078,1000000.0,17.15,2.43,0.81,,1000000.0,100.0,2078.0,2.0769724728009806,0.0423622415984231,0.0233863980157249,-1.1555490690182577e-05,1.3922715784195655e-06,1632384168014022.2,1750000000000000.0,1160000000000000.0,1.000495242003271,100.04952420032711,1633192593219497.2,1750866673505724.2,1160574480723794.5,0.1448374990241581,0.1552732673220214,0.1029239943391684,0.0878767349424856,0.0942083911144797,0.0624467049673122
1579,1579,2.25,0.02,2079,1000000.0,17.15,2.43,0.81,,1000000.0,100.0,2079.0,2.0766145739191417,0.0423542926325116,0.0234355439557529,-8.462717324840096e-06,1.0945839142192611e-05,1631251142939044.2,1750000000000000.0,1160000000000000.0,1.0011544320931736,100.11544320931736,1633134311610479.5,1752020256163053.8,1161339141228081.2,0.1448112183779795,0.1553529223617125,0.1029767942511921,0.0878373500002446,0.094231573823438,0.062462071791536
1580,1580,2.25,0.02,2080,1000000.0,17.15,2.43,0.81,,1000000.0,100.0,2080.0,2.0791294872403343,0.0423397911187086,0.0232326365323252,-6.05811775464284e-06,2.350038941832829e-06,1630118117864066.2,1750000000000000.0,1160000000000000.0,1.0004188473832178,100.04188473832178,1630800888572069.5,1750732982920631.2,1160485862964532.5,0.1447849107540677,0.1554326591692709,0.103029648363631,0.0877979456696163,0.0942547679447613,0.0624774461805275
1581,1581,2.25,0.02,2081,1000000.0,17.15,2.43,0.81,,1000000.0,100.0,2081.0,2.013297414766492,0.0422792277388248,0.0232927489877657,8.846584568999231e-06,2.3799146527440194e-06,1627970128080782.0,1750000000000000.0,1160000000000000.0,1.0476485018060089,104.76485018060087,1705540465668767.5,1833384878160515.2,1215272262094970.2,0.1446676684992956,0.1555117108765553,0.1030820483524596,0.0877032283827928,0.0942773132150933,0.0624923904740046
1582,1582,2.25,0.02,2082,1000000.0,17.15,2.43,0.81,,1000000.0,100.0,2082.0,2.081507645166312,0.0424062267212172,0.0233730440267899,-1.5890730715849074e-06,6.2850958205555e-06,1625704013741716.8,1750000000000000.0,1160000000000000.0,1.0002365832687528,100.02365832687528,1626088628111312.8,1750414020720317.5,1160274436591753.5,0.1445398045846346,0.155590843034787,0.103134501668773,0.0876021005560845,0.0942998692734382,0.0625073419183933
1583,1583,2.25,0.02,2083,1000000.0,17.15,2.43,0.81,,1000000.0,100.0,2083.0,2.0156573638870525,0.0421456892886385,0.0233033776272241,-5.763223283226147e-06,-1.263232363338862e-06,1623437899402652.0,1750000000000000.0,1160000000000000.0,1.0474236633867604,104.74236633867604,1700427271873232.8,1832991410926830.8,1215011449528641.8,0.144411810476579,0.1556700557668406,0.1031870083940199,0.0875009243276777,0.0943224361275411,0.0625223005188273
1584,1584,2.25,0.02,2084,1000000.0,17.15,2.43,0.81,,1000000.0,100.0,2084.0,2.083269264383398,0.0421187542644079,0.0232552554146823,-6.910304555139827e-06,4.3784252859668885e-06,1621171785063586.5,1750000000000000.0,1160000000000000.0,1.0003508851437704,100.03508851437708,1621740630158465.5,1750614049001598.0,1160407026766773.8,0.1442836859761796,0.1557493491958415,0.1032395686098149,0.0873996996628155,0.0943450137851542,0.0625372662804451
1585,1585,2.25,0.02,2085,1000000.0,17.15,2.43,0.81,,1000000.0,100.0,2085.0,2.0842350408248422,0.0421746202297754,0.0233885419365203,6.399819650395309e-06,-9.90813829151106e-07,1618905670724521.8,1750000000000000.0,1160000000000000.0,1.0003670890003522,100.03670890003522,1619499953188852.5,1750642405750616.2,1160425823240408.5,0.1441554308840813,0.155828723445166,0.1032921823979386,0.0872984265267071,0.0943676022540375,0.0625522392083906
1586,1586,2.25,0.02,2086,1000000.0,17.15,2.43,0.81,,1000000.0,100.0,2086.0,2.085493926269192,0.0423159104246738,0.0233565297895134,-8.806536306209919e-07,1.7208090113105e-06,1616639556385456.2,1750000000000000.0,1160000000000000.0,1.0002426889857052,100.02426889857053,1617031896999646.8,1750424705724984.2,1160281519223418.0,0.1440270450005232,0.1559081786384422,0.1033448498403387,0.0871971048845287,0.0943902015419583,0.0625672193078123
1587,1587,2.25,0.02,2087,1000000.0,17.15,2.43,0.81,,1000000.0,100.0,2087.0,2.086589483136822,0.0421841770576759,0.0232911381925494,-2.990033140372239e-07,3.336918387028328e-06,1614373442046391.8,1750000000000000.0,1160000000000000.0,1.0001967631660835,100.01967631660835,1614691091276089.8,1750344335540646.0,1160228245272656.5,0.1438985281253359,0.1559877148995501,0.1033975710191303,0.0870957347014229,0.0944128116566912,0.0625822065838639
1588,1588,2.25,0.02,2088,1000000.0,17.15,2.43,0.81,,1000000.0,100.0,2088.0,2.087372888385653,0.042211629875081,0.0233572766738378,4.4435543566996717e-07,-1.4094636576830986e-07,1612107327707326.2,1750000000000000.0,1160000000000000.0,1.000300525557623,100.0300525557623,1612591807160933.2,1750525919725840.0,1160348609646842.5,0.1437698800579417,0.1560673323526227,0.1034503460165956,0.0869943159424994,0.0944354326060186,0.0625972010417037
1589,1589,2.25,0.02,2089,1000000.0,17.15,2.43,0.81,,1000000.0,100.0,2089.0,2.088327250560906,0.0423149749525316,0.0233995035306822,1.0074030179619304e-05,5.584437593905885e-06,1609920608932996.0,1750000000000000.0,1160000000000000.0,1.000322291352015,100.03222913520148,1610439472422685.5,1750564009866026.0,1160373857968337.2,0.1436481848154776,0.1561470311220472,0.1035031749151854,0.0868971340307574,0.0944580643977298,0.0626122026864952
1590,1590,2.25,0.02,2090,1000000.0,17.15,2.43,0.81,,1000000.0,100.0,2090.0,2.0884178326577967,0.0423618631359744,0.0233678951621992,-7.935010338609595e-07,1.1362300559671194e-06,1608787583858018.2,1750000000000000.0,1160000000000000.0,1.000758882517491,100.07588825174908,1610008464629764.2,1751328044405608.5,1160880303720289.2,0.1436204310499413,0.156226811332464,0.103556057797519,0.0868567933711266,0.0944807070396225,0.0626272115234069
1591,1591,2.25,0.02,2091,1000000.0,17.15,2.43,0.81,,1000000.0,100.0,2091.0,2.022711727885897,0.0423413235851862,0.0233316644499236,5.290523729357114e-06,-1.421580749864838e-07,1607654558783040.2,1750000000000000.0,1160000000000000.0,1.0477256792476122,104.7725679247612,1684380964596480.8,1833519938683320.8,1215361787927230.0,0.1435914112513851,0.1563053258656146,0.1036081017166359,0.0868160583079457,0.0945029522722289,0.0626419569347346
1592,1592,2.25,0.02,2092,1000000.0,17.15,2.43,0.81,,1000000.0,100.0,2092.0,2.091288330581256,0.0422298004161004,0.0232368221553861,4.553710871789992e-06,-2.557898943042616e-06,1606521533708062.2,1750000000000000.0,1160000000000000.0,1.0003404079750442,100.03404079750445,1607068406450217.0,1750595713956327.5,1160394873251051.5,0.1435623622693413,0.1563839193561669,0.1036601979732305,0.0867753040583215,0.0945252079824646,0.0626567092912337
1593,1593,2.25,0.02,2093,1000000.0,17.15,2.43,0.81,,1000000.0,100.0,2093.0,2.025302774986914,0.0421878649578565,0.0234129636944978,-3.1870980211644064e-06,3.2234991311345534e-06,1605388508633084.2,1750000000000000.0,1160000000000000.0,1.0474907905848867,104.74907905848868,1681629678103962.2,1833108883523552.0,1215089317078468.5,0.1435332840597656,0.1564625919232854,0.103712346646292,0.0867345306086958,0.0945474741777341,0.0626714685978122
1594,1594,2.25,0.02,2094,1000000.0,17.15,2.43,0.81,,1000000.0,100.0,2094.0,2.093473641074479,0.0422926322420984,0.0233527007379521,4.238421487266977e-06,4.952369611823899e-06,1604255483558106.5,1750000000000000.0,1160000000000000.0,1.0002514487377456,100.02514487377456,1604658871574469.0,1750440035291054.8,1160291680535785.2,0.1435041765785252,0.1565413436863738,0.1037645478149677,0.0866937379454968,0.0945697508654482,0.0626862348593828
1595,1595,2.25,0.02,2095,1000000.0,17.15,2.43,0.81,,1000000.0,100.0,2095.0,2.094400306395573,0.0422423431617519,0.0232789177855095,-1.608923083744201e-06,3.5920776346256965e-07,1603122458483128.5,1750000000000000.0,1160000000000000.0,1.000286515278468,100.02865152784682,1603581777560739.5,1750501401737319.2,1160332357723023.0,0.1434750397813982,0.1566201747650766,0.1038168015585651,0.0866529260551406,0.0945920380530255,0.0627010080808625
1596,1596,2.25,0.02,2096,1000000.0,17.15,2.43,0.81,,1000000.0,100.0,2096.0,2.095537077602421,0.0422958255695813,0.0233635869709075,4.333839608877611e-06,4.452116530465061e-06,1601989433408151.2,1750000000000000.0,1160000000000000.0,1.0002209529521442,100.02209529521444,1602343397702766.5,1750386667666252.5,1160256305424487.5,0.1434458736240736,0.1566990852792797,0.1038691079565511,0.0866120949240301,0.0946143357478911,0.0627157882671735
1597,1597,2.25,0.02,2097,1000000.0,17.15,2.43,0.81,,1000000.0,100.0,2097.0,2.029433612635356,0.042328726994665,0.0233447398479035,-1.9568999003933883e-06,-1.0693152050369733e-06,1600856408333172.8,1750000000000000.0,1160000000000000.0,1.0473019196019333,104.73019196019334,1676579989454388.5,1832778359303383.2,1214870226738242.8,0.1434166780621509,0.1567780753491101,0.103921467088553,0.0865712445385556,0.0946366439574773,0.0627305754232421
1598,1598,2.25,0.02,2098,1000000.0,17.15,2.43,0.81,,1000000.0,100.0,2098.0,2.0302698320576456,0.0421791849701056,0.0232586842461548,8.555814208366084e-06,-5.8447194144107225e-06,1599446750845260.8,1750000000000000.0,1160000000000000.0,1.047350217243764,104.7350217243764,1675180901967616.5,1832862880176586.8,1214926252002766.5,0.1433626577536926,0.1568571450949379,0.1039738790343588,0.0865154116066633,0.0946589626892232,0.0627453695539994
1599,1599,2.25,0.02,2099,1000000.0,17.15,2.43,0.81,,1000000.0,100.0,2099.0,2.097824296377303,0.0423172939166619,0.0232260172677878,-4.125603342765212e-06,3.3672178552285627e-06,1597180636506196.0,1750000000000000.0,1160000000000000.0,1.0005607216079613,100.0560721607961,1598076210200902.2,1750981262813932.2,1160650437065235.0,0.1432317776913412,0.1569362946373753,0.1040263438739174,0.0864132149387707,0.0946812919505751,0.0627601706643813
1600,1600,2.25,0.02,2100,1000000.0,17.15,2.43,0.81,,1000000.0,100.0,2100.0,2.099621672240346,0.0421631523609393,0.0232155786604174,-2.5412141506467387e-06,-6.497075946082471e-06,1594914522167131.2,1750000000000000.0,1160000000000000.0,1.0001802070733503,100.018020707335,1595201937045414.5,1750315362378362.5,1160209040205086.0,0.1431007654791047,0.1570155240972788,0.1040788616873391,0.0863109700448153,0.0947036317489866,0.0627749787593283
1601,1601,2.25,0.02,2100,1000000.0,17.15,2.43,0.81,,1000000.0,100.0,2100.0,2.099515571162056,0.0419386893563981,0.023177793805764,-1.3203975870416324e-07,1.0593289763259415e-06,1594914522167131.2,1750000000000000.0,1160000000000000.0,1.000230752152374,100.0230752152374,1595282552125973.5,1750403816266654.5,1160267672496753.8,0.1431007654791047,0.1570155240972788,0.1040788616873391,0.0863109700448153,0.0947036317489866,0.0627749787593283
1602,1602,2.25,0.02,2125,1000000.0,17.15,2.43,0.81,,1000000.0,100.0,2125.0,2.1246918818139875,0.0421872349776688,0.0231470666475412,-5.701870863286356e-07,-4.971274499595803e-06,1548262796747672.5,1750000000000000.0,1160000000000000.0,1.0001450329406774,100.01450329406774,1548487345854026.5,1750253807646185.5,1160168238211185.8,0.1406391133083028,0.1589642590434477,0.1053705945659424,0.0842637856072533,0.0952432785457711,0.0631326874931969
1603,1603,2.25,0.02,2150,1000000.0,17.15,2.43,0.81,,1000000.0,100.0,2150.0,2.080544930769247,0.0421705297317542,0.023007073297063,3.0834826926781046e-06,-8.017448730824667e-07,1500805230502882.2,1750000000000000.0,1160000000000000.0,1.047379132581563,104.73791325815633,1571912080497981.5,1832913482017735.2,1214959793794613.0,0.1379975162439504,0.1609107221368051,0.1066608215306823,0.0840076590952685,0.0979563506501502,0.064931066716671
1604,1604,2.25,0.02,2175,1000000.0,17.15,2.43,0.81,,1000000.0,100.0,2175.0,2.0352214765532617,0.0420761520114473,0.0228891994761987,5.227124916102037e-06,-2.419025925757713e-06,1452479319459819.2,1750000000000000.0,1160000000000000.0,1.0944837984592113,109.44837984592112,1589715082745832.5,1915346647303619.5,1269601206212685.2,0.1351872092260979,0.1628784747404563,0.1079651603993882,0.0816837105155464,0.0984155102844208,0.0652354239599588
1605,1605,2.25,0.02,2200,1000000.0,17.15,2.43,0.81,,1000000.0,100.0,2200.0,2.1989042113976667,0.0418963881657256,0.0227734741061868,1.5905319886771678e-05,-8.909362481689009e-08,1398306500681533.8,1750000000000000.0,1160000000000000.0,1.0004984991552868,100.04984991552872,1399003555290955.2,1750872373521752.0,1160578259020132.8,0.1317107910104293,0.1648378836513373,0.1092639685917436,0.0790772106612942,0.0989662270681114,0.0656004705137195
1606,1606,2.25,0.02,2225,1000000.0,17.15,2.43,0.81,,1000000.0,100.0,2225.0,2.153113920172706,0.0418241573368092,0.0226258613954029,-1.604666258995385e-06,-2.3123845830743e-06,1351654771468293.5,1750000000000000.0,1160000000000000.0,1.0473329954550297,104.73329954550296,1415632640622971.2,1832832742046301.2,1214906274727834.5,0.1288180212588075,0.1667818898445705,0.1105525669826867,0.0766944190257714,0.0992969774000078,0.0658197107337195
1607,1607,2.25,0.02,2250,1000000.0,17.15,2.43,0.81,,1000000.0,100.0,2250.0,2.248934987595612,0.0418548713736433,0.0224823557711544,-1.769122261660133e-06,-2.3163325732214767e-06,1305002634283299.5,1750000000000000.0,1160000000000000.0,1.0004739313709616,100.04739313709617,1305621115970873.5,1750829379899182.8,1160549760390315.5,0.1258476228801169,0.168760839445474,0.1118643278609999,0.0736199881691112,0.0987239227809682,0.0654398573862418
1608,1608,2.25,0.02,2275,1000000.0,17.15,2.43,0.81,,1000000.0,100.0,2275.0,2.2743406613214576,0.0417150515618235,0.0223974855125575,-1.0598303008297804e-06,1.0276171976385622e-06,1249175406076646.5,1747618025548455.8,1160000000000000.0,1.0002900526866088,100.02900526866088,1249537732759225.0,1748124926851931.5,1160336461116466.0,0.1218518903824517,0.1704729048007378,0.1131531986269118,0.0702656335155809,0.0983028381050885,0.0652495514093339
1609,1609,2.25,0.02,2300,1000000.0,17.15,2.43,0.81,,1000000.0,100.0,2300.0,2.299379311304938,0.0417525912282997,0.0223773057211461,-5.249633853298575e-06,5.47823918303486e-06,1201698475358272.8,1738176041363734.2,1160000000000000.0,1.0002699932714738,100.02699932714738,1202022925860960.0,1738645337199539.5,1160313192194909.5,0.1185537378606537,0.1714800101598435,0.1144399687095863,0.0677711937015781,0.0980264746958121,0.0654195593203133
1610,1610,2.25,0.02,2325,1000000.0,17.15,2.43,0.81,,1000000.0,100.0,2325.0,2.324166037646592,0.0418238306174286,0.0222253191081621,-1.248246734275057e-05,3.1240790194686126e-06,1152523374969407.8,1728734002479082.2,1160000000000000.0,1.00035887286063,100.03588728606304,1152936984329926.0,1729354398195820.5,1160416292518331.2,0.1150020937993618,0.1724980457880281,0.115748132926849,0.0650511014702891,0.0975737702616148,0.0654730995868421
1611,1611,2.25,0.02,2350,1000000.0,17.15,2.43,0.81,,1000000.0,100.0,2350.0,2.3493755473555664,0.0414768474204029,0.0220791839226661,8.239004782521239e-06,1.644659140432815e-06,1098394786725024.6,1719292037704408.8,1160000000000000.0,1.000265840025809,100.02658400258092,1098686784023476.0,1719749094344085.8,1160308374429938.5,0.1108213892873839,0.1734661658193384,0.1170369826286763,0.0617342775652963,0.0966312414754927,0.0651967424110429
1612,1612,2.25,0.02,2375,1000000.0,17.15,2.43,0.81,,1000000.0,100.0,2375.0,2.374443358898725,0.0414301560670089,0.0219922881931487,-2.1357796877419107e-06,1.1046489920131123e-06,1045871483231795.8,1709850071514116.2,1160000000000000.0,1.0002344724841756,100.02344724841755,1046116711316597.6,1710250984307952.5,1160271988081643.8,0.1066819939744631,0.1744097797397128,0.1183234412587481,0.0588674494053035,0.0962398480016726,0.0652912354959178
1613,1613,2.25,0.02,2400,1000000.0,17.15,2.43,0.81,,1000000.0,100.0,2400.0,2.3986144578627773,0.0413539494235517,0.0218019402896022,-1.6360311608762955e-05,-2.435511633322877e-06,993581537108879.8,1700408017587902.5,1160000000000000.0,1.0005786538222896,100.05786538222898,994156476863084.2,1701391965186732.5,1160671238433856.0,0.1024709610692295,0.1753680370098922,0.1196341824005537,0.0560772056320304,0.0959701106545228,0.0654697738470828
1614,1614,2.25,0.02,2425,1000000.0,17.15,2.43,0.81,,1000000.0,100.0,2425.0,2.424513422235532,0.0414081044658795,0.0216850709785217,-1.837499413880288e-06,-6.390435591674733e-07,940516841303796.0,1681932097921483.8,1160000000000000.0,1.0002007219370488,100.02007219370483,940705623666009.2,1682269698590162.2,1160232837446976.0,0.0980392666531693,0.1753242283381781,0.1209181423694909,0.0532145626669493,0.0951639323144091,0.0656329477397652
1615,1615,2.25,0.02,2450,1000000.0,17.15,2.43,0.81,,1000000.0,100.0,2450.0,2.370809033844389,0.041337430158263,0.0216044079192397,-4.320451769296079e-06,1.3492249807341187e-06,885786941191400.1,1671524084186068.5,1160000000000000.0,1.0474578198375446,104.74578198375448,927824458260911.4,1750850973027487.8,1215051071011551.8,0.0933161032769726,0.1760921354971185,0.1222039688863491,0.0502833770168654,0.0948872373359333,0.0658496017802099
1616,1616,2.25,0.02,2475,1000000.0,17.15,2.43,0.81,,1000000.0,100.0,2475.0,2.474025886769914,0.0413031098060848,0.0214933965863883,4.3181094972178933e-07,-1.7673693981142814e-06,831135264364898.9,1662082047640809.8,1160000000000000.0,1.0003938504593437,100.03938504593432,831462607370545.5,1662736659418739.5,1160456866532838.2,0.0884945632485773,0.1769690581011114,0.1235102128012714,0.0473327826898925,0.0946548314658136,0.0660614827385901
1617,1617,2.25,0.02,2500,1000000.0,17.15,2.43,0.81,,1000000.0,100.0,2500.0,2.4994565812206018,0.0411086192728215,0.0214608773438597,7.611436983991883e-06,-3.5351996454150965e-06,775483067967193.0,1652640061214169.5,1160000000000000.0,1.0002174603727636,100.02174603727636,775651704804224.8,1652999444937924.8,1160252254032405.8,0.0834282735546933,0.1777948646588036,0.124795500148223,0.0442905401774625,0.0943880325098045,0.0662516420126791
1618,1618,2.25,0.02,2525,1000000.0,17.15,2.43,0.81,,1000000.0,100.0,2525.0,2.524113380983226,0.0410534323022772,0.0212960313564368,-2.0138028182475034e-06,-1.130695916146925e-06,767000000000000.0,1643198095442401.8,1160000000000000.0,1.0003512990313597,100.03512990313595,767269446357052.8,1643775349341662.2,1160407506876377.2,0.083371503897875,0.1786126420067238,0.1260898885548045,0.0439409346758137,0.0941377577200212,0.0664556508786754
1619,1619,2.25,0.02,2550,1000000.0,17.15,2.43,0.81,,1000000.0,100.0,2550.0,2.5494804630308865,0.0409897288412259,0.0211756967156973,4.99748608450934e-06,1.897144924389071e-06,767000000000000.0,1633756130667728.2,1160000000000000.0,1.0002038056225775,100.02038056225774,767156318912516.8,1634089099353078.5,1160236414522190.0,0.084228630707457,0.1794120492777782,0.1273861950725556,0.0440526104187007,0.0938347097046538,0.06662454769973
1620,1620,2.25,0.02,2575,1000000.0,17.15,2.43,0.81,,1000000.0,100.0,2575.0,2.5741698942634685,0.0411750235992723,0.0211723750822763,-3.3637585643885483e-06,2.1597149969361205e-06,767000000000000.0,1624314114354560.2,1160000000000000.0,1.0003225045099715,100.03225045099718,767247360959148.2,1624837962982050.5,1160374105231567.5,0.0850777973029147,0.1801734901920742,0.1286704626745518,0.0441919555660544,0.0935875060845789,0.0668352913384918
1621,1621,2.25,0.02,2600,1000000.0,17.15,2.43,0.81,,1000000.0,100.0,2600.0,2.5994881192106734,0.0412525692674004,0.0209791304987806,5.4119713863952935e-06,-2.353019702650241e-06,767000000000000.0,1609744220951040.0,1160000000000000.0,1.0001969757270683,100.0196975727068,767151080382661.2,1610061301489355.5,1160228491843398.8,0.0859280984723915,0.1803419295087929,0.1299564461903184,0.0443052964180293,0.0929859124725497,0.0670067064470849
1622,1622,2.25,0.02,2625,1000000.0,17.15,2.43,0.81,,1000000.0,100.0,2625.0,2.540290284940423,0.0410253107159745,0.0209578500610724,-4.3030402677969206e-06,3.127711095739796e-07,767000000000000.0,1595430102552036.2,1160000000000000.0,1.047356337910808,104.7356337910808,803322311177589.8,1670983829601565.5,1214933351976537.5,0.0867894861995216,0.1805300637128309,0.1312591968597718,0.0444157476120021,0.0923888145600284,0.0671737512776041
1623,1623,2.25,0.02,2650,1000000.0,17.15,2.43,0.81,,1000000.0,100.0,2650.0,2.5639375310228294,0.0408179374903464,0.0209095838939148,8.596875249302682e-07,-9.053863932919662e-06,767000000000000.0,1585988086506526.0,1160000000000000.0,1.0476200389083872,104.7620038908387,803524569842732.8,1661512900894204.8,1215239245133728.8,0.0876391790724819,0.1812186361410279,0.1325442603964526,0.0445324384267913,0.0920833335175706,0.0673502328227876
1624,1624,2.25,0.02,2675,1000000.0,17.15,2.43,0.81,,1000000.0,100.0,2675.0,2.6739747105305467,0.0408952238270575,0.0207292146535822,9.04117175995532e-06,4.334555488580479e-06,767000000000000.0,1576546121731852.5,1160000000000000.0,1.000383596603313,100.03835966033132,767294218594741.2,1577150879469115.8,1160444972059843.2,0.0884919524593632,0.1818926264071558,0.1338339828590107,0.0445811004033803,0.0916351511649124,0.0674238285109796
1625,1625,2.25,0.02,2700,1000000.0,17.15,2.43,0.81,,1000000.0,100.0,2700.0,2.699017277222265,0.0409379739498791,0.020734009119773,2.105027074084362e-06,-3.841725718375618e-06,767000000000000.0,1567104156957179.8,1160000000000000.0,1.0003643013946504,100.03643013946504,767279419169696.8,1567675055187121.0,1160422589617794.0,0.0893491536882718,0.1825546677516254,0.1351304019275037,0.0446540331266556,0.0912353597623019,0.0675341309347073
1626,1626,2.25,0.02,2725,1000000.0,17.15,2.43,0.81,,1000000.0,100.0,2725.0,2.724384524748257,0.0406964599811353,0.020554722073141,6.341656921719522e-06,-1.3834614770156893e-06,767000000000000.0,1557662170108798.5,1160000000000000.0,1.0002259257645023,100.02259257645024,767173285061373.5,1558014086125417.5,1160262073886823.2,0.0901962362624912,0.1831750522976243,0.1364115176851235,0.0447212067145946,0.0908220754901431,0.0676357233232462
1627,1627,2.25,0.02,2750,1000000.0,17.15,2.43,0.81,,1000000.0,100.0,2750.0,2.749277666312719,0.0407264379124949,0.0204844842713213,-3.987378940968045e-06,2.3107821138276907e-06,767000000000000.0,1546440265976371.2,1160000000000000.0,1.0002627655449643,100.02627655449646,767201541172987.8,1546846617195615.5,1160304808032158.5,0.0910443204031486,0.1835653234157537,0.1376941481977214,0.0446938442533155,0.090112595038597,0.067594340722094
1628,1628,2.25,0.02,2775,1000000.0,17.15,2.43,0.81,,1000000.0,100.0,2775.0,2.684805113545252,0.0406364969164623,0.0203316016996874,-4.232981764436485e-06,4.975701177039127e-06,767000000000000.0,1528778168213512.2,1160000000000000.0,1.0475257505817797,104.75257505817795,803452250696224.8,1601434498130897.5,1215129870674864.0,0.0919057860587839,0.1831858660484626,0.1389970167251491,0.0446336346734092,0.0889633979879083,0.0675032806012446
1629,1629,2.25,0.02,2800,1000000.0,17.15,2.43,0.81,,1000000.0,100.0,2800.0,2.6198974120128358,0.0406313828180837,0.0203060409945732,-5.785326650858594e-06,2.336392524682117e-06,767000000000000.0,1519336197421942.2,1160000000000000.0,1.0944543625441878,109.44543625441877,839446496071392.0,1662844129439742.5,1269567060551257.8,0.0927512842838981,0.1837293136504554,0.1402757363354913,0.044707391000233,0.0885600488121906,0.0676148286313825
1630,1630,2.25,0.02,2825,1000000.0,17.15,2.43,0.81,,1000000.0,100.0,2825.0,2.823825686199234,0.0405294840507721,0.0201770249977452,1.0367361158526688e-05,-8.14386936762093e-07,767000000000000.0,1509894148021304.0,1160000000000000.0,1.0004160603529335,100.04160603529336,767319118290699.9,1510522355113421.8,1160482630009403.2,0.0936069000127251,0.1842718520777431,0.1415697575159859,0.0447725037286097,0.0881378635881222,0.0677133042049378
1631,1631,2.25,0.02,2850,1000000.0,17.15,2.43,0.81,,1000000.0,100.0,2850.0,2.8494331848619368,0.0407401682287802,0.0201105846639508,-8.147105622368943e-07,3.542565737612793e-06,767000000000000.0,1500452183246631.2,1160000000000000.0,1.0001989311170392,100.01989311170392,767152580166768.9,1500750669875507.8,1160230760095765.2,0.0944600914718151,0.1847885925404973,0.1428601122650659,0.0448307303843634,0.0877006092330631,0.06780136537922
1632,1632,2.25,0.02,2875,1000000.0,17.15,2.43,0.81,,1000000.0,100.0,2875.0,2.69050205639292,0.0405017578082374,0.0200352325395842,-1.8801990975631456e-06,8.004265528316177e-06,767000000000000.0,1491010215076708.2,1160000000000000.0,1.0943447327112277,109.43447327112274,839362409989511.4,1631679175287829.5,1269439889945023.8,0.0953078225174463,0.185273711799518,0.1441422087617179,0.0448808346547919,0.0872461315925211,0.0678771423723061
1633,1633,2.25,0.02,2900,1000000.0,17.15,2.43,0.81,,1000000.0,100.0,2900.0,2.899115069551089,0.0403650703232004,0.0199698030554006,-2.3306439863567884e-06,4.639458792152012e-06,767000000000000.0,1473136346984020.0,1160000000000000.0,1.0003053129126902,100.03053129126904,767234175004033.5,1473586114532907.8,1160354162978720.5,0.096167178239709,0.1847032146698906,0.1454418862556225,0.0449242087013565,0.0862835524086884,0.0679427406695874
1634,1634,2.25,0.02,2925,1000000.0,17.15,2.43,0.81,,1000000.0,100.0,2925.0,2.924438310434971,0.0405165180224751,0.0199256708378838,2.0868488368794923e-06,1.0010957425424e-06,767000000000000.0,1462126194502963.8,1160000000000000.0,1.0001920915830669,100.01920915830668,767147334244212.2,1462407056638309.2,1160222826236357.5,0.0970138815811411,0.18493681550221,0.1467224284669148,0.0449600225093201,0.0857069447409648,0.0679969049684634
1635,1635,2.25,0.02,2950,1000000.0,17.15,2.43,0.81,,1000000.0,100.0,2950.0,2.9483760992245607,0.040382006740605,0.019799261861492,9.450533974515948e-06,-3.464099694517089e-06,767000000000000.0,1452684160652392.8,1160000000000000.0,1.0005508644485364,100.05508644485364,767422513032027.2,1453484392711448.2,1160639002760302.0,0.0978614847445744,0.1853478863446795,0.1480043315563317,0.0449890313574135,0.0852084136323446,0.0680407775418509
1636,1636,2.25,0.02,2975,1000000.0,17.15,2.43,0.81,,1000000.0,100.0,2975.0,2.8790253989078565,0.0402110108553652,0.0198009333361577,5.443142441060924e-06,1.919689925090233e-06,767000000000000.0,1443242170533969.8,1160000000000000.0,1.047360800048569,104.7360800048569,803325733637252.6,1511595274394291.8,1214938528056340.2,0.0987143068658822,0.1857479146073953,0.1492941277241504,0.0450110767154237,0.084696067870716,0.0680741186308886
1637,1637,2.25,0.02,3000,1000000.0,17.15,2.43,0.81,,1000000.0,100.0,3000.0,2.999231216128192,0.0403518768253325,0.0196130903645591,4.08803904565671e-06,8.278198630998884e-06,767000000000000.0,1427600411518592.5,1160000000000000.0,1.0002563691309894,100.02563691309892,767196635123468.8,1427966404195493.5,1160297388191947.5,0.0995643933495552,0.1853170390070717,0.1505797865521305,0.0450207200967329,0.0837960867496209,0.0680887031449937
1638,1638,2.25,0.02,3025,1000000.0,17.15,2.43,0.81,,1000000.0,100.0,3025.0,2.9272925564993826,0.0404561037102162,0.0195201763576187,7.225525162931945e-06,-2.2457309246427903e-06,767000000000000.0,1414358240984623.5,1160000000000000.0,1.0473795469996046,104.73795469996044,803340112548696.8,1481369893737632.5,1214960274519541.5,0.1004105407860818,0.185158377891157,0.1518594880206713,0.0450176813252922,0.0830132054399567,0.0680841073498553
1639,1639,2.25,0.02,3050,1000000.0,17.15,2.43,0.81,,1000000.0,100.0,3050.0,3.049359524718466,0.0401594623877281,0.0194859051824211,7.383792856181188e-06,-2.209804844731984e-06,767000000000000.0,1404916230129204.8,1160000000000000.0,1.0002100758429395,100.02100758429395,767161128171534.6,1405211369090509.0,1160243687977810.0,0.10126877660027,0.1854943257510404,0.1531574717813732,0.0450085674717741,0.0824423297730913,0.0680703236861253
1640,1640,2.25,0.02,3075,1000000.0,17.15,2.43,0.81,,1000000.0,100.0,3075.0,3.0735798287447778,0.0401894715538384,0.0194533422649043,5.12834489790558e-06,-2.839279389520959e-06,767000000000000.0,1395474219083124.2,1160000000000000.0,1.0004622137089054,100.0462213708905,767354517914730.2,1396119226397608.8,1160536167902330.0,0.1021155735300503,0.1857883314577215,0.1544381555343656,0.04499259411342,0.0818591983506502,0.0680461658038685
1641,1641,2.25,0.02,3100,1000000.0,17.15,2.43,0.81,,1000000.0,100.0,3100.0,3.000325102978353,0.0401836924841491,0.0192975936413406,2.7327754262733293e-07,-7.340860782300411e-07,767000000000000.0,1382064504481911.8,1160000000000000.0,1.0471691567616477,104.7169156761648,803178743236183.8,1447255321748527.8,1214716221843511.2,0.1029593964908003,0.1855235036412186,0.1557143414984725,0.0449998533251195,0.0810856583931421,0.0680571445334272
1642,1642,2.25,0.02,3125,1000000.0,17.15,2.43,0.81,,1000000.0,100.0,3125.0,3.123798991634794,0.0401042252889053,0.0191942415461498,-1.8804854869426743e-06,4.721966226460268e-06,767000000000000.0,1366590256559392.2,1160000000000000.0,1.00038462897627,100.03846289762704,767295010424799.2,1367115886770753.5,1160446169612473.8,0.1038163237104188,0.1849731114139166,0.157010346159173,0.0450085014428245,0.0801931936559368,0.0680702238248717
1643,1643,2.25,0.02,3150,1000000.0,17.15,2.43,0.81,,1000000.0,100.0,3150.0,3.14870008947064,0.0401701413436818,0.019217620065264,5.130418846031353e-06,1.936255127262802e-06,767000000000000.0,1357148232048747.8,1160000000000000.0,1.0004129883485913,100.04129883485912,767316762063369.6,1357708718455895.5,1160479066484366.0,0.1046587413685904,0.1851856920688784,0.1582844067634485,0.0450172849940426,0.0796546658947844,0.068083507944054
1644,1644,2.25,0.02,3175,1000000.0,17.15,2.43,0.81,,1000000.0,100.0,3175.0,3.174007576426129,0.040230600990137,0.0191243874923397,-3.3650824315046e-06,1.620661493027155e-06,767000000000000.0,1347706267274074.2,1160000000000000.0,1.0003127422788736,100.03127422788734,767239873327895.9,1348127752003353.8,1160362781043493.5,0.1055008033687875,0.185376915127203,0.1595579294756108,0.0450149732008315,0.0790964296009586,0.0680800116205536
1645,1645,2.25,0.02,3200,1000000.0,17.15,2.43,0.81,,1000000.0,100.0,3200.0,3.097000654675742,0.0401538792594198,0.0190727195545578,-7.69074279907165e-08,-1.6026730227106216e-07,767000000000000.0,1338264302499401.8,1160000000000000.0,1.0472320707474685,104.72320707474684,803226998263308.4,1401473296713864.5,1214789202067063.5,0.1063593151178256,0.1855761077711486,0.1608563305562942,0.0450022295759111,0.078520048727933,0.0680607383416649
1646,1646,2.25,0.02,3225,1000000.0,17.15,2.43,0.81,,1000000.0,100.0,3225.0,3.120811734098258,0.0401727092909664,0.0189859851646591,4.141435845694449e-07,2.262975087978046e-06,767000000000000.0,1327644653210355.2,1160000000000000.0,1.047443840720139,104.7443840720139,803389425832346.5,1390633214670211.2,1215034855235361.2,0.1071979095247145,0.1855550605160556,0.1621246089291641,0.044987777929301,0.0778719463202757,0.0680388818748231
1647,1647,2.25,0.02,3250,1000000.0,17.15,2.43,0.81,,1000000.0,100.0,3250.0,3.2493816311261527,0.0401683697578838,0.0189669876760397,-3.431625174717022e-07,-8.448021284346919e-07,767000000000000.0,1309380278530407.5,1160000000000000.0,1.0001903196341078,100.01903196341075,767145975159360.6,1309629479305925.0,1160220770775565.0,0.1080371547453271,0.1844350974864006,0.1633938715835457,0.0449631852928761,0.0767586806810959,0.0680016883177788
1648,1648,2.25,0.02,3275,1000000.0,17.15,2.43,0.81,,1000000.0,100.0,3275.0,3.2742500197439317,0.0399603107493255,0.018834840596394,3.458251707429334e-07,-4.686258223157797e-07,767000000000000.0,1299938313173289.5,1160000000000000.0,1.0002290733773875,100.0229073377388,767175699280456.4,1300236094433083.5,1160265725117770.0,0.1088920969990921,0.1845541185018278,0.1646868742098395,0.0449285507174215,0.0761464725331495,0.0679493074735451
1649,1649,2.25,0.02,3300,1000000.0,17.15,2.43,0.81,,1000000.0,100.0,3300.0,3.2993833802300743,0.0399874271086445,0.0188304728514487,5.783150722846604e-06,-4.085903154148986e-06,767000000000000.0,1290496259247075.8,1160000000000000.0,1.0001869074395993,100.01869074395992,767143358006172.6,1290737462598703.5,1160216812629935.0,0.1097276517487129,0.1846194577805473,0.1659505554478579,0.0448942322325369,0.0755356437520968,0.0678974046802383
1650,1650,2.25,0.02,3325,1000000.0,17.15,2.43,0.81,,1000000.0,100.0,3325.0,3.32402881002954,0.0399808381568447,0.0187215692827395,-3.649276667760335e-06,1.768955483966899e-06,767000000000000.0,1281054289786740.0,1160000000000000.0,1.0002922175464088,100.02922175464089,767224130858095.6,1281428636328118.0,1160338972353834.0,0.1105709357899739,0.1846771468311349,0.1672259263577182,0.0448465234442948,0.0749033001829667,0.0678252505806805
1651,1651,2.25,0.02,3350,1000000.0,17.15,2.43,0.81,,1000000.0,100.0,3350.0,3.349401308926281,0.0397254978269742,0.018708443618249,-9.289532219106746e-07,4.5338864720765e-06,767000000000000.0,1263224650024133.8,1160000000000000.0,1.0001787567677027,100.01787567677027,767137106440827.9,1263450459979454.5,1160207357850535.2,0.1114148922427693,0.1834967904313547,0.168502314213315,0.0447926369548014,0.0737720510311436,0.0677437534127375
1652,1652,2.25,0.02,3375,1000000.0,17.15,2.43,0.81,,1000000.0,100.0,3375.0,3.265602210743971,0.0398615317218164,0.0185934609824172,9.455942733929051e-06,2.688107568099221e-07,767000000000000.0,1252170360237393.8,1160000000000000.0,1.0474904612657818,104.7490461265782,803425183790854.8,1311636508228407.8,1215088935068307.0,0.1122481709111562,0.1832514114808487,0.1697625531381241,0.0447377055156574,0.0730368042134749,0.0676606758776565
1653,1653,2.25,0.02,3400,1000000.0,17.15,2.43,0.81,,1000000.0,100.0,3400.0,3.287111658439515,0.039859591639519,0.0185859968178488,4.074627865574133e-06,5.236545466366478e-06,767000000000000.0,1242728329550218.2,1160000000000000.0,1.048326995529377,104.83269955293773,804066805571032.2,1302785655976622.2,1216059314814077.5,0.1130819792451269,0.1832205725808722,0.1710235931217043,0.0446698970321017,0.0723762014600835,0.067558123281927
1654,1654,2.25,0.02,3425,1000000.0,17.15,2.43,0.81,,1000000.0,100.0,3425.0,3.3147031011101773,0.0397150815140541,0.0185324219784584,1.3234779902180332e-05,3.109870011528581e-06,767000000000000.0,1233286340045185.8,1160000000000000.0,1.0473131478521975,104.73131478521972,803289184402635.4,1291636998995838.5,1214883251508548.8,0.1139258419446026,0.1831853776381033,0.1722998391861004,0.0445971070025307,0.071709260588989,0.0674480366661482
1655,1655,2.25,0.02,3450,1000000.0,17.15,2.43,0.81,,1000000.0,100.0,3450.0,3.449406259669422,0.0399036393116277,0.0183582340114416,-7.070769819174209e-06,2.56659698106711e-07,767000000000000.0,1217688634297543.5,1160000000000000.0,1.0001721455197674,100.01721455197678,767132035613661.9,1217898253940409.8,1160199688802930.5,0.1147534287411143,0.1821824588327612,0.1735514698040321,0.0445219692989966,0.0706830456218152,0.0673343994613248
1656,1656,2.25,0.02,3475,1000000.0,17.15,2.43,0.81,,1000000.0,100.0,3475.0,3.4744064945175523,0.0396818431393675,0.0183359611605219,2.307798447430346e-06,2.2482881437895554e-06,767000000000000.0,1204402316076191.8,1160000000000000.0,1.0001708366724291,100.01708366724291,767131031727753.2,1204608072160136.0,1160198170540018.0,0.1155890123382264,0.1815067459884216,0.1748151946705902,0.0444366553161042,0.0697778495194202,0.0672053717948902
1657,1657,2.25,0.02,3500,1000000.0,17.15,2.43,0.81,,1000000.0,100.0,3500.0,3.274393806074457,0.039620900097128,0.0183117711200737,2.3497098908239625e-06,8.205852965989723e-07,767000000000000.0,1194960351301518.2,1160000000000000.0,1.0946677673339626,109.46677673339627,839610177545149.5,1308084579811841.0,1269814610107397.0,0.116420822961333,0.1813797490282742,0.176073213344389,0.044346282602034,0.0690900253416466,0.0670686933746538
1658,1658,2.25,0.02,3525,1000000.0,17.15,2.43,0.81,,1000000.0,100.0,3525.0,3.5241866230462167,0.039801446378126,0.0182906762707612,1.2022332724439413e-06,-3.837938632998808e-06,767000000000000.0,1185518386526844.8,1160000000000000.0,1.0002308368073605,100.02308368073604,767177051831245.4,1185792047806257.8,1160267770696538.2,0.117243500833487,0.1812181563740215,0.1773174197742439,0.0442539147693834,0.068401342418378,0.0669289975651692
1659,1659,2.25,0.02,3550,1000000.0,17.15,2.43,0.81,,1000000.0,100.0,3550.0,3.5488866161046646,0.0397207115563544,0.0181413716584405,7.658461404660786e-06,-2.360889480722789e-06,767000000000000.0,1172152843504343.8,1160000000000000.0,1.000313787503669,100.0313787503669,767240675015314.0,1172520650419025.5,1160363993504255.5,0.1180665276005466,0.1804328762055606,0.1785621538678412,0.0441509998733608,0.0674729074903779,0.0667733505255523
1660,1660,2.25,0.02,3575,1000000.0,17.15,2.43,0.81,,1000000.0,100.0,3575.0,3.5728928766300214,0.0396214740146338,0.018138009875057,-2.990987604828528e-07,2.39337013649294e-06,767000000000000.0,1156634394692762.2,1160000000000000.0,1.0005902918211798,100.05902918211798,767452753826845.0,1157317146516044.5,1160684738512568.8,0.1188977494456059,0.1792975573146677,0.1798192820820116,0.0440447683199246,0.0664194184421107,0.0666126874199641
1661,1661,2.25,0.02,3600,1000000.0,17.15,2.43,0.81,,1000000.0,100.0,3600.0,3.5983730590674896,0.0396247349553455,0.0181284664873235,-1.0481017839387774e-06,4.446055249452958e-06,767000000000000.0,1147192307140316.0,1160000000000000.0,1.000452331061727,100.04523310617272,767346937924344.6,1147711217854610.0,1160524704031603.5,0.1197117406911822,0.1790513533185145,0.1810503509801452,0.0439382916196444,0.0657179532398226,0.0664516535577413
1662,1662,2.25,0.02,3625,1000000.0,17.15,2.43,0.81,,1000000.0,100.0,3625.0,3.391856442231501,0.0394214063591689,0.0180139271051771,-9.874801827397495e-06,-1.965520128778836e-06,767000000000000.0,1137750342365642.5,1160000000000000.0,1.094452322199872,109.4452322199872,839444931127301.9,1245213504285777.5,1269564693751851.8,0.1205294905695175,0.1787907029473601,0.182287104381539,0.0438172415418299,0.064997498781923,0.0662685791245405
1663,1663,2.25,0.02,3650,1000000.0,17.15,2.43,0.81,,1000000.0,100.0,3650.0,3.5316342834809227,0.0394955336495864,0.0179657916210893,-1.1206241385073162e-05,-4.0623728029422925e-06,767000000000000.0,1126616755181939.5,1160000000000000.0,1.0475179822623495,104.751798226235,803446292395222.2,1180151310171140.5,1215120859424325.8,0.1213430060909165,0.1782360675178234,0.1835174538011253,0.0436956119237178,0.0641828012010276,0.0660846282027544
1664,1664,2.25,0.02,3675,1000000.0,17.15,2.43,0.81,,1000000.0,100.0,3675.0,3.674323975745892,0.0395785951014825,0.0179010056533077,-9.011963992475352e-06,2.610699828801572e-07,767000000000000.0,1108866412388164.6,1160000000000000.0,1.0001840031193874,100.01840031193876,767141130392570.2,1109070447267028.0,1160213443618489.2,0.1221490609291728,0.1765932085646873,0.1847365197885795,0.043571685221558,0.0629924097435925,0.0658972032033994
1665,1665,2.25,0.02,3700,1000000.0,17.15,2.43,0.81,,1000000.0,100.0,3700.0,3.698957657800247,0.0395333574076074,0.0178353776091965,1.1394112701528648e-05,-8.27360378686215e-07,767000000000000.0,1099424444264837.4,1160000000000000.0,1.000281863196847,100.02818631968476,767216189071982.0,1099734331553390.0,1160326961308342.8,0.1229643176319457,0.1762581180924471,0.1859695025463587,0.0434381247416081,0.0622645842945884,0.0656952082141663
1666,1666,2.25,0.02,3725,1000000.0,17.15,2.43,0.81,,1000000.0,100.0,3725.0,3.604706203385588,0.0394633988098244,0.0177900916715777,8.552421928920092e-06,2.563720760590315e-06,767000000000000.0,1089982479331351.8,1160000000000000.0,1.0473435506293218,104.7343550629322,803312503332689.8,1141586120026649.5,1214918518730013.2,0.1237583202436052,0.175872751938733,0.187170340916013,0.0433030578903168,0.0615379066517815,0.0654909350101271
1667,1667,2.25,0.02,3750,1000000.0,17.15,2.43,0.81,,1000000.0,100.0,3750.0,3.749263481518801,0.0394146892441053,0.0177496684029597,1.000085805990595e-06,-4.489617197492536e-06,767000000000000.0,1080540428971232.0,1160000000000000.0,1.0001964679193984,100.01964679193983,767150690894178.6,1080752720501137.8,1160227902786502.2,0.1245522653132419,0.1754677421002726,0.1883710922599224,0.0431640910779204,0.0608090553969875,0.0652807635598275
1668,1668,2.25,0.02,3775,1000000.0,17.15,2.43,0.81,,1000000.0,100.0,3775.0,3.7743067650074864,0.0394489981193814,0.0176389545807792,-1.0912737756596474e-08,-1.892406106751042e-06,767000000000000.0,1062196918595911.8,1160000000000000.0,1.0001836867528708,100.01836867528708,767140887739451.9,1062392030098798.0,1160213076633330.0,0.125347615714906,0.1735904187297492,0.1895739690082019,0.0430175070597505,0.0595737463423011,0.0650590719547726
1669,1669,2.25,0.02,3800,1000000.0,17.15,2.43,0.81,,1000000.0,100.0,3800.0,3.67760066194307,0.0393931617133803,0.0176479592468912,-5.317832017038626e-06,6.143437330627992e-07,767000000000000.0,1051656415743454.0,1151459395886845.8,1.047299670339935,104.72996703399352,803278847150730.2,1101399417518997.4,1205923045722114.5,0.126138246800226,0.1729518859427495,0.1893651492292231,0.0428699982673142,0.0587803242773557,0.0643586209994156
1670,1670,2.25,0.02,3825,1000000.0,17.15,2.43,0.81,,1000000.0,100.0,3825.0,3.82387751373617,0.0394813341587029,0.0175588780605501,-4.1473392959049035e-07,-9.788751333419173e-07,767000000000000.0,1042214435328962.0,1140129016761029.8,1.0002936085111065,100.02936085111064,767225197728018.5,1042520438357572.4,1140463768344110.2,0.1269138406655235,0.1724529814662952,0.1886546967031934,0.042718322233717,0.0580464825097967,0.0634998679608979
1671,1671,2.25,0.02,3850,1000000.0,17.15,2.43,0.81,,1000000.0,100.0,3850.0,3.849224420574956,0.0394541402435955,0.0174741818889966,-1.279157619638684e-05,-9.939914557694377e-07,767000000000000.0,1032772470554288.6,1134399318817607.2,1.0002014995411703,100.02014995411704,767154550148077.8,1032980573733238.8,1134627899759852.8,0.1276986063175806,0.1719473339412609,0.1888672907700406,0.0425592125158487,0.0573063664339479,0.0629454259288038
1672,1672,2.25,0.02,3875,1000000.0,17.15,2.43,0.81,,1000000.0,100.0,3875.0,3.873716525325972,0.0393347977629898,0.0175216351448683,4.380262707701994e-06,1.1738346917625827e-06,767000000000000.0,1016661011559231.2,1128734122083260.5,1.0003315181645642,100.0331518164564,767254274432220.4,1016998053151766.8,1129108317947694.5,0.1284657113434717,0.1702817210497134,0.1890529751122232,0.0424002288617306,0.0562016421967537,0.0623971122560299
1673,1673,2.25,0.02,3900,1000000.0,17.15,2.43,0.81,,1000000.0,100.0,3900.0,3.8988890307557993,0.0393360062491242,0.0174424219737019,7.925002605494975e-06,1.2950387821606813e-06,767000000000000.0,1003888483300216.8,1123068900425798.0,1.0002849801349802,100.028498013498,767218579763529.8,1004174571575692.8,1123388952752633.2,0.1292276296130865,0.1691396728719212,0.1892197286756211,0.0422366131412586,0.0552814204773352,0.0618443633354146
1674,1674,2.25,0.02,3925,1000000.0,17.15,2.43,0.81,,1000000.0,100.0,3925.0,3.7981466755185673,0.0393175272074719,0.0173305481991063,-1.350647767704793e-06,1.7516397357373228e-06,767000000000000.0,993891129991683.8,1114807388130660.0,1.0473917553129253,104.73917553129256,803349476325013.8,1040993375231936.4,1167640067089989.5,0.1299955236363161,0.1684503231822149,0.1889438985315241,0.0420665825700651,0.0545105649093228,0.0611422907985882
1675,1675,2.25,0.02,3950,1000000.0,17.15,2.43,0.81,,1000000.0,100.0,3950.0,3.949290003968099,0.0391601017345528,0.0172810859129494,-1.2601220865261197e-05,1.2364128052638447e-06,767000000000000.0,983005366106060.8,1103477011572393.4,1.0001797879752226,100.01797879752228,767137897376995.8,983182098650466.0,1103675403470008.6,0.1307436268712749,0.1675641288117755,0.1880998522321389,0.0418965423062215,0.0536956009234752,0.0602762337669958
1676,1676,2.25,0.02,3975,1000000.0,17.15,2.43,0.81,,1000000.0,100.0,3975.0,3.974024035740604,0.0392778121742244,0.0172063413431221,1.3014208757583354e-05,-2.1123131548088106e-07,767000000000000.0,971674953942096.0,1096073316617247.4,1.000245617713205,100.02456177132052,767188388786028.2,971913614522262.0,1096342531638780.0,0.1314830011936685,0.1665694121630072,0.1878944057328993,0.0417217426307,0.0528552442621503,0.0596220193224023
1677,1677,2.25,0.02,4000,1000000.0,17.15,2.43,0.81,,1000000.0,100.0,4000.0,3.998973486132081,0.0390733487050829,0.0172051607182857,2.83420669027554e-06,4.4280650991544396e-07,767000000000000.0,960344596212488.0,1090408127054339.4,1.000256769827531,100.02567698275313,767196942457716.4,960591183728828.0,1090688110961061.6,0.1322314829733715,0.1655642635236518,0.1879873320555565,0.0415432195724352,0.0520153929930339,0.0590600576868139
1678,1678,2.25,0.02,4025,1000000.0,17.15,2.43,0.81,,1000000.0,100.0,4025.0,4.02408708454036,0.0391433168502662,0.0171648309985816,9.069337741689483e-06,-5.940019442702547e-07,767000000000000.0,949014200849105.0,1084742937491431.4,1.0002269162775748,100.02269162775748,767174044784899.8,949229547618927.2,1084989083320932.4,0.1329588220482315,0.1645108347482931,0.1880393001225542,0.0413622581528003,0.0511777970876065,0.0584972847587321
1679,1679,2.25,0.02,4050,1000000.0,17.15,2.43,0.81,,1000000.0,100.0,4050.0,3.790007381536455,0.0390453267348053,0.0170750048661815,-7.955521441764104e-06,2.465278604621557e-06,767000000000000.0,937683767449695.2,1078155495857046.8,1.0943593353069652,109.4359335306965,839373610180442.2,1026162984474379.4,1179889531803669.2,0.1336803224070879,0.1634287722927876,0.1879115701318694,0.0411783338612605,0.0503419233798281,0.0578835032108924
1680,1680,2.25,0.02,4075,1000000.0,17.15,2.43,0.81,,1000000.0,100.0,4075.0,3.941988695193808,0.0391799545600336,0.0170783236829125,7.776475173607901e-07,-5.711287561394261e-06,767000000000000.0,926353385730418.2,1066825116731230.8,1.0477218428839534,104.77218428839537,803602653491992.2,970560676459263.6,1117735977336534.0,0.134402674260109,0.1623264307067464,0.1869415236721387,0.0409904511488147,0.049506705611893,0.0570138759213822
1681,1681,2.25,0.02,4100,1000000.0,17.15,2.43,0.81,,1000000.0,100.0,4100.0,4.099074286158793,0.0389939860114318,0.017027530426783,-5.0340049045243485e-06,2.8294607879600934e-08,767000000000000.0,915022942472353.2,1057747368802707.8,1.0002259075326985,100.02259075326984,767173271077579.8,915229653047649.4,1057986321901012.0,0.1351039699761805,0.1611776168804448,0.1863179514434223,0.0408030812444141,0.048677647277969,0.0562703413628711
1682,1682,2.25,0.02,4125,1000000.0,17.15,2.43,0.81,,1000000.0,100.0,4125.0,3.9911609919624,0.0391148693075561,0.0169766647286025,1.7718565987874584e-06,3.615138411229114e-06,767000000000000.0,903692580957294.2,1052082179239799.8,1.0475526721774826,104.75526721774824,803472899560129.0,946665578008779.8,1102111498212961.0,0.1358059469212012,0.160008900498787,0.186282942099846,0.0406102658728161,0.0478477131420693,0.055704481119922
1683,1683,2.25,0.02,4150,1000000.0,17.15,2.43,0.81,,1000000.0,100.0,4150.0,4.148130278192366,0.0390644803772762,0.0169408164844239,-1.5609877586889795e-05,1.6159469714937538e-06,767000000000000.0,892362223227686.8,1046416969378344.0,1.0004509026969477,100.04509026969475,767345842368558.8,892764591760794.0,1046888801611968.2,0.1365016883577827,0.1588121904788577,0.1862290522117056,0.0404146852317783,0.0470202586238292,0.0551376954871151
1684,1684,2.25,0.02,4175,1000000.0,17.15,2.43,0.81,,1000000.0,100.0,4175.0,4.0405005290357545,0.0392106030806688,0.0168386837980353,-2.443291577561511e-06,-1.282907229261024e-06,767000000000000.0,881031865498078.9,1040751747720881.4,1.0473368229800664,104.73368229800664,803307343225710.9,922737114954958.8,1090017628968939.2,0.1371775985853613,0.1575721454839733,0.1861379732410278,0.0402190812535557,0.046198555652463,0.0545737667618858
1685,1685,2.25,0.02,4200,1000000.0,17.15,2.43,0.81,,1000000.0,100.0,4200.0,4.198881910755699,0.0390583691296129,0.0168247033372603,-1.4258369911416176e-06,1.950142603176917e-07,767000000000000.0,869701507768470.9,1035086527176855.2,1.0002663527091835,100.02663527091832,767204292527943.8,869933155121246.0,1035362225277608.2,0.1378417726686119,0.1562988233681493,0.1860210714099805,0.0400183656645553,0.0453768356673973,0.0540058293859426
1686,1686,2.25,0.02,4225,1000000.0,17.15,2.43,0.81,,1000000.0,100.0,4225.0,4.224128150848173,0.0390583509636987,0.0167313936137809,-4.011034552748646e-06,2.8265686529761982e-06,767000000000000.0,858371150038863.0,1028842626195376.8,1.0002064091240783,100.02064091240784,767158315798168.0,858548325676076.6,1029054988700664.4,0.1385167197844659,0.1550179348904863,0.1858043099804683,0.0398158193908749,0.0445589969755997,0.0534083600863477
1687,1687,2.25,0.02,4250,1000000.0,17.15,2.43,0.81,,1000000.0,100.0,4250.0,4.249137469726065,0.0390011590923444,0.016712916976465,-3.2455905946799865e-06,2.487943447588685e-06,767000000000000.0,847040792309255.1,1017512308690421.8,1.0002030275145324,100.02030275145324,767155722103646.4,847212764896025.2,1017718891685461.4,0.1391641612306324,0.1536867293218353,0.1846170104051458,0.0396131647923149,0.0437470228051623,0.0525513464959093
1688,1688,2.25,0.02,4275,1000000.0,17.15,2.43,0.81,,1000000.0,100.0,4275.0,4.273110756175083,0.0390416363325563,0.016662041204371,2.94896661401015e-06,-1.1291619023465157e-06,767000000000000.0,836484565031343.8,1007900072310872.8,1.0004424664115297,100.04424664115297,767339371737643.2,836854681355133.1,1008346034239048.6,0.1398092561746142,0.1524749476383023,0.1837206771944237,0.0394070953322885,0.0429770886547303,0.0517841124315191
1689,1689,2.25,0.02,4300,1000000.0,17.15,2.43,0.81,,1000000.0,100.0,4300.0,4.161200690268393,0.0389916842135485,0.0166476131043479,1.703140672016707e-06,-3.841348948005082e-06,767000000000000.0,825379917324626.4,1001668329899832.0,1.047340655939994,104.73406559399942,803310283105975.2,864453944010472.4,1049087965671608.6,0.1404473487935555,0.151137446069997,0.1834180721054758,0.0391990514545045,0.0421826725537454,0.0511922404225439
1690,1690,2.25,0.02,4325,1000000.0,17.15,2.43,0.81,,1000000.0,100.0,4325.0,4.32389491841368,0.0389466339913331,0.0166189095047201,-1.5149050121958089e-06,2.8772722909501025e-06,767000000000000.0,814049497045420.1,994788740111748.8,1.0002556138146184,100.02556138146184,767196055795812.4,814257579342648.2,995043021856348.4,0.1410617827943973,0.1497148283391256,0.1829552453506591,0.0389902194025905,0.0413819667462442,0.0505697930067584
1691,1691,2.25,0.02,4350,1000000.0,17.15,2.43,0.81,,1000000.0,100.0,4350.0,4.348450983331532,0.0390135085637292,0.0165452449454385,1.2197007611521827e-05,-1.437528601416814e-07,767000000000000.0,803325877706161.2,987424033733527.8,1.0003563366809656,100.03563366809658,767273310234300.6,803612132183157.0,987775889136414.0,0.1416688470099372,0.148378423556555,0.1823823003506261,0.0387785024520955,0.0406150906368452,0.0499228491700049
1692,1692,2.25,0.02,4375,1000000.0,17.15,2.43,0.81,,1000000.0,100.0,4375.0,4.23373954721705,0.0389637307203753,0.0165234070025576,-6.889739565743992e-07,-2.9734511561888437e-06,767000000000000.0,792388781586204.9,980516242526724.8,1.047400993198085,104.74009931980852,803356561782931.4,829948796832411.4,1026993686269346.0,0.1422785862275235,0.1469882080660172,0.1818858732201122,0.0385655816011504,0.0398421567354613,0.0493014069914182
1693,1693,2.25,0.02,4400,1000000.0,17.15,2.43,0.81,,1000000.0,100.0,4400.0,4.257381202160275,0.0388755967325008,0.0164770595172492,-8.773954244165773e-06,-7.981040429549972e-07,767000000000000.0,781553454406741.0,973694479643956.0,1.0475160158967955,104.75160158967957,803444784192842.2,818689760770527.2,1019960562017340.4,0.1428646618131174,0.1455754497427545,0.1813644492094304,0.0383530682454595,0.0390807991842717,0.0486886190717235
1694,1694,2.25,0.02,4425,1000000.0,17.15,2.43,0.81,,1000000.0,100.0,4425.0,4.424273502873438,0.0389630880445195,0.0164513076550457,7.33965131708048e-07,-1.915208265607299e-06,767000000000000.0,770727844051977.8,966329774934624.0,1.000164216996357,100.01642169963569,767125954436205.6,770854410663536.2,966488462707753.8,0.143445144830652,0.1441423301369649,0.1807240085002197,0.0381352982707357,0.0383206469602128,0.0480459898240219
1695,1695,2.25,0.02,4450,1000000.0,17.15,2.43,0.81,,1000000.0,100.0,4450.0,4.448660887008737,0.0388665453070478,0.0163956292032479,6.9890885927163415e-06,4.2455600646473363e-07,767000000000000.0,759781029128838.9,958965047168635.2,1.000301108111168,100.0301108111168,767230949921265.9,760009805359421.2,959253799322664.6,0.1440123662992234,0.1426569281279052,0.1800558352555432,0.0379186750710666,0.0375617861391094,0.0474089752647947
1696,1696,2.25,0.02,4475,1000000.0,17.15,2.43,0.81,,1000000.0,100.0,4475.0,4.473541555850534,0.0389856309059684,0.0163560318175734,5.242678700020728e-06,-2.157795650372984e-06,767000000000000.0,749394866515116.8,951600259013934.2,1.0003260659345323,100.03260659345324,767250092571786.4,749639218652600.8,951910543441691.0,0.1445628200324585,0.1412446352298215,0.1793559543502898,0.0377010239981517,0.0368356634244825,0.0467748425055172
1697,1697,2.25,0.02,4500,1000000.0,17.15,2.43,0.81,,1000000.0,100.0,4500.0,4.498744485328279,0.0388974174709652,0.0163212924835719,-7.133371092664203e-06,-3.1588882478855985e-06,767000000000000.0,739008702470093.2,944235471712308.2,1.0002791175224226,100.02791175224226,767214083139698.2,739214972748175.5,944499024377756.4,0.1451162000747414,0.1398202538782596,0.1786491051247343,0.037481918761484,0.03611403409389,0.0461430994034319
1698,1698,2.25,0.02,4525,1000000.0,17.15,2.43,0.81,,1000000.0,100.0,4525.0,4.378674798947526,0.0388722852107526,0.0162547553042007,4.875850878861406e-06,3.6274159562765e-06,767000000000000.0,728406408601403.1,936870685226532.8,1.0473982989538215,104.73982989538216,803354495297581.2,762931633316172.1,981276762045972.0,0.1456442314085288,0.1383157647116011,0.1779006660743156,0.0372608422917846,0.0353859665126755,0.0455131562581774
1699,1699,2.25,0.02,4550,1000000.0,17.15,2.43,0.81,,1000000.0,100.0,4550.0,4.403131072608439,0.0387992251588801,0.0161893014910131,-9.93591475062704e-06,1.4567665002134056e-07,767000000000000.0,717236379965812.9,929505958500672.8,1.047408454207032,104.74084542070318,803362284376793.5,751239448041039.2,973572399169415.0,0.1461582830601455,0.1366754078801531,0.177125156438896,0.037039406886577,0.0346362582938844,0.0448870265976587
1700,1700,2.25,0.02,4575,1000000.0,17.15,2.43,0.81,,1000000.0,100.0,4575.0,4.573789259502064,0.0388191129847552,0.0162083132252853,-2.644700500124211e-06,3.667593399144571e-07,767000000000000.0,706850218713672.1,922141252122451.8,1.000264740503162,100.02647405031618,767203055965925.2,707037350596234.5,922385380261525.2,0.1466716800482186,0.1351693730393548,0.1763389917738826,0.0368180028993577,0.0339306563259603,0.0442651881281118
1701,1701,2.25,0.02,4600,1000000.0,17.15,2.43,0.81,,1000000.0,100.0,4600.0,4.597638073052531,0.038951689725592,0.0161917514033287,-2.9807125041384807e-06,5.028142194350453e-07,767000000000000.0,696464057461531.8,914776467173107.2,1.0005139162520529,100.05139162520528,767394173765324.5,696821981659631.8,915246585666582.8,0.147165220322221,0.1336314034717525,0.1755192703221815,0.0365950828041279,0.0332296738629773,0.0436457895221219
1702,1702,2.25,0.02,4625,1000000.0,17.15,2.43,0.81,,1000000.0,100.0,4625.0,4.623376775900579,0.038663182774725,0.0161297742106453,1.7211403549261744e-06,-1.1334604779748692e-06,767000000000000.0,686077896209391.0,907411680327404.2,1.0003511452484604,100.03511452484608,767269328405569.1,686318809202718.8,907730313627349.0,0.1476466221530678,0.1320692097903515,0.1746757099120999,0.0363720859652116,0.0325346599996865,0.0430305810204766
1703,1703,2.25,0.02,4650,1000000.0,17.15,2.43,0.81,,1000000.0,100.0,4650.0,4.647612716853109,0.0387097058423052,0.0161213475427837,-2.193350551129133e-06,8.447894440917415e-09,767000000000000.0,675691544186380.4,900046892172703.1,1.0005143187243255,100.05143187243252,767394482461557.6,676039064999423.9,900509803142118.2,0.1481248460336624,0.1304911420454435,0.1738191751318878,0.0361477012983951,0.0318444538580192,0.0424180263530741
1704,1704,2.25,0.02,4675,1000000.0,17.15,2.43,0.81,,1000000.0,100.0,4675.0,4.672983002838282,0.0384736912378252,0.0160292328312536,-3.572455882915476e-06,-3.499075084980182e-07,767000000000000.0,665305370136349.8,892937361486899.9,1.0004320911821538,100.04320911821536,767331413936711.8,665592842720225.1,893323191847014.0,0.1485792615474324,0.128879505343416,0.172975193973711,0.0359227870837207,0.0311598737380235,0.0418211195773053
1705,1705,2.25,0.02,4700,1000000.0,17.15,2.43,0.81,,1000000.0,100.0,4700.0,4.698507435897864,0.0387108556029517,0.0160044207273625,-7.963492124944208e-06,2.338982857162876e-06,767000000000000.0,655744582572454.1,886139172524439.2,1.0003177137652206,100.03177137652207,767243686457924.2,655952921652806.4,886420711137451.8,0.149018727122793,0.127403159077724,0.1721660124422907,0.0356986604857251,0.0305204735575065,0.0412437828722965
1706,1706,2.25,0.02,4725,1000000.0,17.15,2.43,0.81,,1000000.0,100.0,4725.0,4.57266661277107,0.0387770438984492,0.0159839131486351,-1.1044382377392495e-05,-5.294270775959328e-07,767000000000000.0,645532844063307.9,878952676148130.4,1.0473041520587407,104.73041520587404,803282284629054.2,676069227877790.0,920530787193078.8,0.1494570623426061,0.1257880606510686,0.1712720794201716,0.0354727190741018,0.0298550263762239,0.040650379870186
1707,1707,2.25,0.02,4750,1000000.0,17.15,2.43,0.81,,1000000.0,100.0,4750.0,4.596556731890399,0.0386258983603235,0.0159060100270439,-4.285717664032546e-06,-2.0639753161178105e-07,767000000000000.0,635146682811167.8,871587889662355.1,1.0473428806710576,104.73428806710578,803311989474701.4,665216356424115.0,912851371116979.2,0.1498743903099826,0.1241098068366776,0.1703112171638983,0.0352468659240469,0.0291876531566471,0.0400531179764693
1708,1708,2.25,0.02,4775,1000000.0,17.15,2.43,0.81,,1000000.0,100.0,4775.0,4.7731341422153495,0.0385403765500041,0.0159153122032479,-8.020807820224661e-06,2.254267261798744e-06,767000000000000.0,625418655962752.0,864223176889596.9,1.0003910364375712,100.03910364375712,767299924947617.2,625663217445970.2,864561119641953.9,0.1502758004376319,0.1225362309431949,0.1693244193791882,0.0350211119773801,0.0285565277486494,0.0394603085414572
1709,1709,2.25,0.02,4800,1000000.0,17.15,2.43,0.81,,1000000.0,100.0,4800.0,4.797939060195768,0.0389394352933639,0.0158639375357288,-1.4609198942107526e-06,2.9031635595276186e-06,767000000000000.0,615374360306886.8,856946269010496.9,1.000429863503804,100.0429863503804,767329705307417.8,615638887285559.2,857314638936265.4,0.1506793011064917,0.120892018943802,0.1683494979143642,0.0347954688768821,0.0279168701456186,0.0388759416330051
1710,1710,2.25,0.02,4825,1000000.0,17.15,2.43,0.81,,1000000.0,100.0,4825.0,4.669281800384903,0.0386682073364914,0.0157478878807574,1.2643821691593934e-07,1.6944593980288672e-06,767000000000000.0,605534726413405.6,850148004562088.9,1.0473985981483644,104.73985981483644,803354724779795.8,634236223575554.4,890443828196961.2,0.151051880777993,0.1192531412009547,0.1674269296333263,0.0345691309379074,0.0272917982331615,0.0383166593041818
1711,1711,2.25,0.02,4850,1000000.0,17.15,2.43,0.81,,1000000.0,100.0,4850.0,4.693913821840879,0.0385583172697983,0.0157468771108508,-9.88316405382296e-06,-1.7050733292014589e-06,767000000000000.0,595602037802605.6,843128884472534.0,1.047214492160811,104.7214492160811,803213515487342.2,623723085547399.8,882936786579015.8,0.151414473448494,0.1175785774950868,0.166443176129889,0.0343432579527924,0.0266687280592748,0.0377520114301048
1712,1712,2.25,0.02,4875,1000000.0,17.15,2.43,0.81,,1000000.0,100.0,4875.0,4.873337061360781,0.0386476029022513,0.0157537449056685,8.218484536248995e-06,-1.4780095697582323e-06,767000000000000.0,585650795221457.6,835764096317832.8,1.0003413154163625,100.03413154163624,767261788924349.8,585850686866471.5,836049355488348.0,0.1517754880602067,0.1158897461246218,0.16538266443525,0.0341175855691954,0.0260508358795768,0.0371763403804236
1713,1713,2.25,0.02,4900,1000000.0,17.15,2.43,0.81,,1000000.0,100.0,4900.0,4.898020815767632,0.0386385794791021,0.0156454473676736,1.4955088303244214e-06,-2.135779210698405e-06,767000000000000.0,576208758150927.0,828753255652694.1,1.000404213603569,100.04042136035685,767310031833937.1,576441669569467.0,829088248992630.6,0.1521143771800235,0.1142759274730157,0.1643615193214164,0.0338915646679333,0.0254610383169512,0.036620266698453
1714,1714,2.25,0.02,4925,1000000.0,17.15,2.43,0.81,,1000000.0,100.0,4925.0,4.923358285436734,0.0384679261896615,0.015595095250543,-8.09016854300008e-06,1.1728985469882414e-06,767000000000000.0,566766738310969.8,821955066690233.9,1.0003335269915214,100.03335269915216,767255815202497.0,566955770316093.0,822229210890792.8,0.1524424884199397,0.1126458043569451,0.163364896656632,0.0336658217291591,0.0248770117001226,0.0360779566422065
1715,1715,2.25,0.02,4950,1000000.0,17.15,2.43,0.81,,1000000.0,100.0,4950.0,4.9462218989549,0.0385950686639559,0.0156370304103767,5.8458220300570295e-06,4.109687204022965e-06,767000000000000.0,557324849256242.6,815156876403684.8,1.0007652013948318,100.07652013948316,767586909469835.9,557751315008268.0,815780635582515.2,0.1527602105679704,0.1110000799571655,0.1623514160174131,0.0334408060673044,0.0242990771844429,0.0355404211450395
1716,1716,2.25,0.02,4975,1000000.0,17.15,2.43,0.81,,1000000.0,100.0,4975.0,4.815126368410395,0.03868219590475,0.0155432825935561,1.2001981686817122e-05,-2.0602776157552554e-06,767000000000000.0,547882748926070.9,808305235502077.9,1.0471464753312163,104.71464753312164,803161346579043.0,573713489432713.1,846413978347769.8,0.1530547458412881,0.1093299281456402,0.1612971999764707,0.0332159731154156,0.0237268039879119,0.0350047522444417
1717,1717,2.25,0.02,5000,1000000.0,17.15,2.43,0.81,,1000000.0,100.0,5000.0,4.998897837230379,0.038557140998124,0.0156161582297155,-6.599411390038938e-06,-4.844621298677347e-06,767000000000000.0,538440755295624.0,800940449016302.4,1.0002205223327372,100.02205223327375,767169140629209.8,538559493507022.6,801117074272503.2,0.1533385789135841,0.1076450329154991,0.1601239507777936,0.0329915176958414,0.0231603359928263,0.0344514224211687
1718,1718,2.25,0.02,5025,1000000.0,17.15,2.43,0.81,,1000000.0,100.0,5025.0,5.024316623208233,0.0385567702248315,0.0155889160801503,-1.121233458448116e-06,1.444227821425528e-07,767000000000000.0,528998652845396.9,793762149521062.1,1.0001360186362969,100.01360186362966,767104326294039.4,529070606520759.7,793870115966184.1,0.1536234983132441,0.1059538769923118,0.1589837265163831,0.0327678354003698,0.0225999227945963,0.0339111700945893
1719,1719,2.25,0.02,5050,1000000.0,17.15,2.43,0.81,,1000000.0,100.0,5050.0,4.886659230563582,0.038576752763788,0.0154750961787939,-9.683414440366623e-06,-5.120670965768548e-06,767000000000000.0,519556846400939.6,786963883532107.1,1.0474055300888416,104.74055300888418,803360041578141.8,544186714115863.1,824270323591720.2,0.1538790365751179,0.104235863064124,0.1578842819000443,0.0325439895451902,0.0220449186146078,0.0333910617967552
1720,1720,2.25,0.02,5075,1000000.0,17.15,2.43,0.81,,1000000.0,100.0,5075.0,4.911428558673404,0.0384805504875315,0.0154865431119674,7.253559085159936e-07,-4.544411574589022e-06,767000000000000.0,510114706887663.1,780165660987912.9,1.0473410585094132,104.73410585094132,803310591876719.9,534264077072944.2,817099529191776.6,0.1541324180290855,0.1025100563817388,0.1567781222833464,0.0323216488676361,0.021496412566154,0.0328764544368168
1721,1721,2.25,0.02,5100,1000000.0,17.15,2.43,0.81,,1000000.0,100.0,5100.0,5.098860192524808,0.0385296045173251,0.0154550544972138,-4.201627069403834e-06,1.2689401013363129e-06,767000000000000.0,501605465991176.0,773367472025452.2,1.0002235587062478,100.02235587062476,767171469527692.0,501717604260199.8,773540365056952.5,0.1543684960716822,0.1009544738023378,0.1556500307266333,0.0320997057875727,0.0209926830244525,0.0323661907662267
1722,1722,2.25,0.02,5125,1000000.0,17.15,2.43,0.81,,1000000.0,100.0,5125.0,5.123377868695388,0.0384540036839382,0.0153205358166002,-3.887353014747801e-06,4.827105016703848e-06,767000000000000.0,492230775215522.4,766569221530561.8,1.0003166786614397,100.03166786614396,767242892533324.0,492386654198536.8,766811977645536.6,0.1545866126686299,0.0992076769124138,0.1544997905246912,0.0318775768054261,0.0204577892345858,0.0318596730586913
1723,1723,2.25,0.02,5150,1000000.0,17.15,2.43,0.81,,1000000.0,100.0,5150.0,4.984215228459197,0.0384219298020719,0.0153892796778763,7.353507565665261e-07,-2.2692313051838627e-06,767000000000000.0,482788810440849.0,759770955593510.1,1.0472480460073244,104.72480460073244,803239251287617.8,505599638368379.7,795668648658421.0,0.1548060357496929,0.0974427925015095,0.1533469748542207,0.0316573249354058,0.0199267304397705,0.0313589517831909
1724,1724,2.25,0.02,5175,1000000.0,17.15,2.43,0.81,,1000000.0,100.0,5175.0,4.842626465213322,0.0382868472615735,0.0153466693492518,9.120795966439162e-06,-7.221342590810175e-07,767000000000000.0,474112161099558.1,752972691145102.0,1.0943218268307082,109.43218268307082,839344841179153.1,518831286257123.6,823994450927542.8,0.1549977776599671,0.0958100799634886,0.1521630948711025,0.0314371963103306,0.0194325385679294,0.0308622559424335
1725,1725,2.25,0.02,5200,1000000.0,17.15,2.43,0.81,,1000000.0,100.0,5200.0,5.199203537061931,0.0384239610505255,0.0152861593571887,9.349894901127422e-07,8.529384360666693e-07,767000000000000.0,465614392802352.5,746174446967327.9,1.000153204972049,100.0153204972049,767117508213561.6,465685727242387.4,746288764602619.2,0.1551779536925379,0.0942022016751793,0.1509645681591278,0.03121769355377,0.0189509875211585,0.0303700719988003
1726,1726,2.25,0.02,5225,1000000.0,17.15,2.43,0.81,,1000000.0,100.0,5225.0,5.22258840608256,0.0382916200058999,0.0152283501017314,-5.85543871996466e-06,1.482733557598629e-06,767000000000000.0,457116624505146.6,739376258004867.2,1.0004618442861857,100.04618442861856,767354234567504.1,457327741206294.6,739717734704968.0,0.1553524242829543,0.0925869306348311,0.1497573587200981,0.0310007022649307,0.0184757971012179,0.0298842023939602
1727,1727,2.25,0.02,5250,1000000.0,17.15,2.43,0.81,,1000000.0,100.0,5250.0,5.2484648137615295,0.0383089640566411,0.0152647058651818,3.183679614645789e-06,-4.039837518553385e-08,767000000000000.0,448020840690333.6,732578030270412.2,1.00029254160189,100.02925416018898,767224379408649.4,448151905424749.3,732792339820897.0,0.1555152174606325,0.0908397111692993,0.14853589528603,0.030782752828943,0.0179808537173216,0.0294012626254602
1728,1728,2.25,0.02,5275,1000000.0,17.15,2.43,0.81,,1000000.0,100.0,5275.0,5.272941165850898,0.0383967535105024,0.0151863250026273,2.2656799499761955e-06,-3.474571051129065e-06,767000000000000.0,439121009803603.1,725779764281457.2,1.0003907842727826,100.03907842727828,767299731537224.2,439292611388082.9,726063387598842.5,0.1556592780851579,0.0891176784590017,0.1472938124600622,0.0305663847478919,0.0174997936591131,0.0289236812480592
1729,1729,2.25,0.02,5300,1000000.0,17.15,2.43,0.81,,1000000.0,100.0,5300.0,5.29913987715654,0.0383904483157159,0.0151698890016141,8.566836628973188e-06,-6.9965820228474e-07,767000000000000.0,430623235216914.4,718981499429738.9,1.000162325555636,100.01623255556362,767124503701172.9,430693136372840.6,719098208501125.8,0.1558044323552252,0.0874745876426883,0.1460502012940798,0.0303524365052354,0.0170410226917868,0.0284522037938462
1730,1730,2.25,0.02,5325,1000000.0,17.15,2.43,0.81,,1000000.0,100.0,5325.0,5.324284647053628,0.0383416230423546,0.0150534424092315,4.928315818678264e-06,2.0474876701426965e-06,767000000000000.0,422125309654965.4,712183234981330.9,1.0001343604715334,100.01343604715336,767103054481666.1,422182026610616.8,712278924256601.0,0.1559208576602928,0.0858124384895943,0.144777341342335,0.0301376133721415,0.0165865050547286,0.0279837066310148
1731,1731,2.25,0.02,5350,1000000.0,17.15,2.43,0.81,,1000000.0,100.0,5350.0,5.177206578461634,0.0383030268394141,0.0150522700131927,-8.477243702660089e-07,2.5121544302489603e-06,767000000000000.0,414002174673326.9,705385042485291.6,1.0474155905601277,104.74155905601276,803367757959617.9,433632332278639.8,738831290847012.2,0.1560251376667567,0.0842174006489472,0.1434912625317323,0.029924758934023,0.0161524319103789,0.027520830967455
1732,1732,2.25,0.02,5375,1000000.0,17.15,2.43,0.81,,1000000.0,100.0,5375.0,5.200861212215104,0.0382772016744733,0.0150424331252566,-6.312484400374129e-06,-1.1865491519466777e-07,767000000000000.0,406129678210286.9,698704614610667.8,1.0474882673446575,104.7488267344658,803423501053352.5,425416072945736.8,731884886144245.2,0.1561266106220371,0.0826696872646554,0.1422247500718907,0.029712947552483,0.0157331288502856,0.0270672406370333
1733,1733,2.25,0.02,5400,1000000.0,17.15,2.43,0.81,,1000000.0,100.0,5400.0,5.3983319514012695,0.0384382992970438,0.0150146800579301,6.221861057907735e-06,-1.5158041587272782e-06,767000000000000.0,397631909913081.0,692472941395078.9,1.0003090185386834,100.03090185386834,767237017219169.9,397754785544816.1,692686928371506.4,0.1562158585150288,0.0809861931943188,0.1410368383813032,0.0295032907516607,0.0152952410043074,0.0266365456683659
1734,1734,2.25,0.02,5425,1000000.0,17.15,2.43,0.81,,1000000.0,100.0,5425.0,5.418849659065745,0.0384771400728796,0.014986956427536,-9.057988489735586e-07,-2.2572365085685997e-06,767000000000000.0,389341459214111.1,685990440278366.1,1.0011417670211744,100.11417670211743,767875735305240.9,389785996452217.8,686773681539917.0,0.1562856319037431,0.0793330847191692,0.1397789432057776,0.029292893608936,0.0148695409938811,0.0261990156242781
1735,1735,2.25,0.02,5450,1000000.0,17.15,2.43,0.81,,1000000.0,100.0,5450.0,5.448648726099964,0.0382299686891173,0.0149733239994941,5.384362047586522e-06,-4.680583045063264e-06,767000000000000.0,381636373318669.2,679192174289411.1,1.0002480520352726,100.02480520352728,767190255911054.1,381731038997805.06,679360649290585.0,0.1563563185211982,0.0777982507769084,0.1384563076144725,0.0290857517737758,0.0144722044617872,0.0257559517445538
1736,1736,2.25,0.02,5475,1000000.0,17.15,2.43,0.81,,1000000.0,100.0,5475.0,5.1234880125051845,0.0382973228238239,0.0149476221541797,3.746871473287024e-06,-6.708118949005599e-07,767000000000000.0,373234315574634.4,672393909344237.1,1.0943466638730723,109.43466638730725,839363891190646.6,408447728092050.6,735832031499439.0,0.1564039855786572,0.0761086499486245,0.1371122389833807,0.0288787459771662,0.0140528539627657,0.0253166791454314
1737,1737,2.25,0.02,5500,1000000.0,17.15,2.43,0.81,,1000000.0,100.0,5500.0,5.498453724764386,0.0381949367769959,0.0149025877336348,-3.2828923592529006e-06,-7.745157383454159e-07,767000000000000.0,365680743754895.8,665595644895829.0,1.0002813524596277,100.02813524596274,767215797336534.2,365783628931589.6,665782911867637.8,0.15643902156945,0.0745850557494194,0.1357563643394923,0.0286736475347018,0.0136706659148049,0.0248827313199158
1738,1738,2.25,0.02,5525,1000000.0,17.15,2.43,0.81,,1000000.0,100.0,5525.0,5.169542782819932,0.038246234164395,0.0149192396176142,1.1927338442448642e-05,-1.2592026640569122e-06,767000000000000.0,358127171935157.06,659314265410135.9,1.0945804464996567,109.45804464996566,839543202465236.5,391998999760443.4,721672503016219.4,0.1564778229689563,0.0730625296094426,0.1345085539814272,0.0284704113733168,0.0132933871042457,0.0244732051636542
1739,1739,2.25,0.02,5550,1000000.0,17.15,2.43,0.81,,1000000.0,100.0,5550.0,5.547904798918717,0.0382620715048062,0.0148641509192969,-2.260504436393561e-06,4.153909958060149e-06,767000000000000.0,350573600115418.56,653082532978588.8,1.000377756617698,100.03777566176976,767289739325774.2,350706031612852.25,653329239227324.0,0.1564903269522812,0.0715272194301175,0.1332478476044893,0.028267535454197,0.0129202759720573,0.0240691442705202
1740,1740,2.25,0.02,5575,1000000.0,17.15,2.43,0.81,,1000000.0,100.0,5575.0,5.395070869262492,0.0382014404113982,0.0147773128938563,-2.17681482163465e-06,2.669012658583135e-06,767000000000000.0,343019899120181.5,646850858350863.1,1.0473539410091524,104.73539410091526,803320472754019.9,359263243188084.06,677481795738929.6,0.1564928891491898,0.0699871904158811,0.1319785654132463,0.0280667601005573,0.0125520954606563,0.0236701536664578
1741,1741,2.25,0.02,5600,1000000.0,17.15,2.43,0.81,,1000000.0,100.0,5600.0,5.418769587316584,0.0383175585883903,0.014811510300706,-4.988104223059597e-06,2.4237240086169814e-06,767000000000000.0,335466429337832.06,640402717628874.1,1.0474440827885174,104.74440827885174,803389611498792.9,351382326384104.5,670786037182050.0,0.1564962869787896,0.0684475235950498,0.1306657724642046,0.0278682091678051,0.0121888508755716,0.0232684183657266
1742,1742,2.25,0.02,5625,1000000.0,17.15,2.43,0.81,,1000000.0,100.0,5625.0,5.62279801427294,0.0383185187594619,0.0148040989575772,-2.525648520737698e-06,-4.3891639819834645e-07,767000000000000.0,327912772004434.0,633604453180466.1,1.0003918459859116,100.03918459859116,767300545871194.2,328041263307873.0,633852728542100.6,0.1564724591176843,0.0668961118795701,0.1292589920431071,0.0276691534032697,0.0118292943826363,0.0228569736793287
1743,1743,2.25,0.02,5650,1000000.0,17.15,2.43,0.81,,1000000.0,100.0,5650.0,5.646894709096614,0.038238887227273,0.014780311018494,-1.3298598502469068e-05,2.03756041352109e-06,767000000000000.0,320359164786456.8,627155714819534.1,1.0005503190598302,100.055031905983,767422094718889.6,320535464540830.0,627500850562880.6,0.1564494055331609,0.065345503113352,0.1279245616170022,0.0274726750756214,0.0114747369513373,0.0224636834094603
1744,1744,2.25,0.02,5675,1000000.0,17.15,2.43,0.81,,1000000.0,100.0,5675.0,5.491996725398505,0.0381118258639461,0.0146623663419177,-2.6839836385586684e-06,4.804301820831876e-06,767000000000000.0,313454809731446.8,620924040191808.8,1.0473129987129322,104.73129987129325,803289070012819.0,328285296740833.1,650301818506232.2,0.1564162501044379,0.0639236322234588,0.1266266101258149,0.0272780215432352,0.011147884032184,0.0220828935398499
1745,1745,2.25,0.02,5700,1000000.0,17.15,2.43,0.81,,1000000.0,100.0,5700.0,5.515279020042717,0.0381904718151079,0.0146281949827359,1.8599742608420088e-06,-1.1322070642333512e-06,767000000000000.0,306251873096972.06,614692307831759.1,1.0474347076988884,104.74347076988884,803382420805047.4,320778841179563.94,643850057778513.8,0.1563699589942382,0.0624362357732492,0.1253186583699164,0.0270843853398259,0.0108143986206022,0.0217060799618543
1746,1746,2.25,0.02,5725,1000000.0,17.15,2.43,0.81,,1000000.0,100.0,5725.0,5.540149649216343,0.0381249789688888,0.0146590027351657,-6.1574784872500165e-06,-1.19709070730189e-06,767000000000000.0,299236012196001.8,608460571288205.0,1.0473755292395566,104.73755292395565,803337030926739.9,313412476641321.75,637286712874386.8,0.1563134356621156,0.0609838450328393,0.1240033407600952,0.0268927952203051,0.0104919071688758,0.0213340359104088
1747,1747,2.25,0.02,5750,1000000.0,17.15,2.43,0.81,,1000000.0,100.0,5750.0,5.74719906117798,0.0382273770343972,0.0146007815360583,3.2198886258117777e-06,-1.9512333542229705e-06,767000000000000.0,292144726436066.2,602228896660479.6,1.0004878328068736,100.04878328068736,767374167762872.1,292287244217976.9,602522683673517.8,0.156250697020496,0.0595147550671414,0.1226840741448294,0.0267028739533831,0.0101709306468942,0.0209664176253059
1748,1748,2.25,0.02,5775,1000000.0,17.15,2.43,0.81,,1000000.0,100.0,5775.0,5.773809652526142,0.0380533950180579,0.0146319359141841,-1.5261043635242498e-06,1.268776738883912e-06,767000000000000.0,285017260289286.8,595997200248091.2,1.0002062211063705,100.020622110637,767158171588585.9,285076036864038.2,596120107450120.1,0.1561670150874092,0.058031675081837,0.1213495485830473,0.0265130041618847,0.0098522344305851,0.0206019247074958
1749,1749,2.25,0.02,5800,1000000.0,17.15,2.43,0.81,,1000000.0,100.0,5800.0,5.798719908006296,0.0381848839212971,0.0145915296658775,2.5489943956384474e-06,-5.664800612139734e-07,767000000000000.0,278407884947015.44,589765457837050.8,1.000220771799901,100.02207717999012,767169331970523.9,278469349556881.9,589895661418696.8,0.1560769960417379,0.0566532807781797,0.120011500688901,0.0263270805086926,0.0095562800537874,0.0202435497910326
1750,1750,2.25,0.02,5825,1000000.0,17.15,2.43,0.81,,1000000.0,100.0,5825.0,5.635894260328052,0.0382383198752939,0.0145346320535614,8.262444645466932e-07,2.7918933170083027e-06,767000000000000.0,271798509604744.2,583533753129150.4,1.0475362314176095,104.75362314176095,803460289497306.6,284718786456276.7,611272748657884.1,0.1559908442798568,0.0552778083275759,0.1186778654711991,0.0261419196076326,0.0092638002445391,0.0198887776566393
1751,1751,2.25,0.02,5850,1000000.0,17.15,2.43,0.81,,1000000.0,100.0,5850.0,5.848851121837652,0.0381104259509443,0.0144879649341928,3.559544359344342e-06,-3.264140082979622e-06,767000000000000.0,265189134262472.9,577302078501425.1,1.000196445787751,100.01964457877509,767150673919205.0,265241229550856.16,577415487063006.6,0.1558840632248648,0.053896688098981,0.1173301091329362,0.0259577197141605,0.008974843831064,0.0195377386494683
1752,1752,2.25,0.02,5875,1000000.0,17.15,2.43,0.81,,1000000.0,100.0,5875.0,5.872865634690515,0.0381625378780624,0.0145024765778925,1.1549703887507346e-05,3.7362765285390963e-07,767000000000000.0,258579758920201.7,571518500230347.9,1.0003637858991703,100.03637858991702,767279023784663.5,258673826590307.7,571726410601846.6,0.1557703759002024,0.052515079852912,0.1160699499541084,0.0257763573335753,0.0086900185986398,0.0192068645171922
1753,1753,2.25,0.02,5900,1000000.0,17.15,2.43,0.81,,1000000.0,100.0,5900.0,5.708948562330237,0.0380119903488738,0.0144773351475753,1.931060232094492e-07,4.290516226805945e-06,767000000000000.0,251970364523238.16,565838607842341.9,1.0474818867921465,104.74818867921464,803418607169576.2,263934392846506.44,592705692562537.9,0.1556503318760161,0.0511333388017767,0.1148278580168493,0.0255969563984046,0.0084089627567033,0.0188836325599406
1754,1754,2.25,0.02,5925,1000000.0,17.15,2.43,0.81,,1000000.0,100.0,5925.0,5.7336414515143,0.0380758988745373,0.0144340431223681,9.849366061355207e-06,-1.858794433063772e-06,767000000000000.0,245360890519423.03,559606865431301.1,1.0473742528925116,104.73742528925116,803336051968556.2,256984679396822.1,586117822594629.4,0.1555124545254325,0.049747945670432,0.1134626300032659,0.0254174450828262,0.0081309608347466,0.0185446894003553
1755,1755,2.25,0.02,5950,1000000.0,17.15,2.43,0.81,,1000000.0,100.0,5950.0,5.948847463613765,0.0381065099295866,0.0143950156508222,7.779122534404865e-06,2.071456251377036e-06,767000000000000.0,238787109968822.1,553522838774589.9,1.0001937727574692,100.01937727574692,767148623704978.9,238833380405568.9,553630096421381.5,0.1553754333337578,0.0483724259268857,0.1121301837480231,0.0252415138984646,0.0078583417927669,0.0182161074681178
1756,1756,2.25,0.02,5975,1000000.0,17.15,2.43,0.81,,1000000.0,100.0,5975.0,5.973295544048961,0.0380290871549659,0.0144049842375403,7.92095638571407e-06,-2.926775199461035e-06,767000000000000.0,233121826260856.1,547857617117127.3,1.0002853641793858,100.0285364179386,767218874325588.8,233188350879503.84,548013956056456.2,0.1552241296418184,0.0471787908498729,0.1108744742954977,0.0250666496723279,0.0076187524769936,0.0179047652654384
1757,1757,2.25,0.02,6000,1000000.0,17.15,2.43,0.81,,1000000.0,100.0,6000.0,5.997526928000752,0.0380697598983411,0.0143422700855375,7.170260577005192e-06,-4.383992055620896e-06,767000000000000.0,226532752665089.03,541911669997779.1,1.0004127115387775,100.04127115387772,767316549750242.1,226626245346024.9,542135323196985.5,0.1550663721653271,0.0457987120370282,0.1095596827908861,0.0248914447422907,0.0073516655740314,0.0175866550051528
