sep=	
DetectorAtFocus_RN	DetectorAtFocus_RS	DetectorAtFocus_RO	DetectorAtFocus_OX	DetectorAtFocus_OY	DetectorAtFocus_OZ	DetectorAtFocus_DX	DetectorAtFocus_DY	DetectorAtFocus_DZ	DetectorAtFocus_EN	DetectorAtFocus_PL	DetectorAtFocus_S0	DetectorAtFocus_S1	DetectorAtFocus_S2	DetectorAtFocus_S3
67208	2	1	0.0583393426305669	-0.0153152132371464	0	-0.000764343064174075	-6.33875861150122e-05	0.999999705880804	4999.78468618893	2.01243562919535	3.02826e+10	3.02674e+10	-1.08828e+06	-9.07107e+08
74752	2	1	-0.0181460118526884	0.00321116419406386	0	0.00109646244887438	-0.000540198365023788	0.999999252977634	5000.51757907568	-2.10951845342333	1.70303e+10	1.65117e+10	4.43075e+06	4.1674e+09
