Simulation Number ExitSlit.openingHeight CPMU20.photonEnergy PG.orderDiffraction CPMU20.numberRays PG.cFactor
0                 0.02                   500                 2                   100000.0          1.17577026432641
1                 0.02                   502                 2                   100000.0          1.17662360156545
2                 0.02                   504                 2                   100000.0          1.17747901516844
3                 0.02                   506                 2                   100000.0          1.17837189466193
4                 0.02                   508                 2                   100000.0          1.1791362468331
5                 0.02                   510                 2                   100000.0          1.18000708146274
6                 0.02                   512                 2                   100000.0          1.18089388467086
7                 0.02                   514                 2                   100000.0          1.18169303123046
8                 0.02                   516                 2                   100000.0          1.18256256858225
9                 0.02                   518                 2                   100000.0          1.18333929872482
10                0.02                   520                 2                   100000.0          1.18413280440169
11                0.02                   522                 2                   100000.0          1.184814908884
12                0.02                   524                 2                   100000.0          1.18564428721044
13                0.02                   526                 2                   100000.0          1.18623535979449
14                0.02                   528                 2                   100000.0          1.18691311580508
15                0.02                   530                 2                   100000.0          1.18740617352132
16                0.02                   532                 2                   100000.0          1.18810554884438
17                0.02                   534                 2                   100000.0          1.18943277689967
18                0.02                   536                 2                   100000.0          1.19165789569026
19                0.02                   538                 2                   100000.0          1.1933953170949
20                0.02                   540                 2                   100000.0          1.19462031821519
21                0.02                   542                 2                   100000.0          1.19557065892945
22                0.02                   544                 2                   100000.0          1.19668353378915
23                0.02                   546                 2                   100000.0          1.19757869607337
24                0.02                   548                 2                   100000.0          1.19860065465315
25                0.02                   550                 2                   100000.0          1.19963845879841
26                0.02                   552                 2                   100000.0          1.20065872263705
27                0.02                   554                 2                   100000.0          1.20181115118366
28                0.02                   556                 2                   100000.0          1.20295231364558
29                0.02                   558                 2                   100000.0          1.20410472404016
30                0.02                   560                 2                   100000.0          1.20514112000624
31                0.02                   562                 2                   100000.0          1.20653239223348
32                0.02                   564                 2                   100000.0          1.20811897847302
33                0.02                   566                 2                   100000.0          1.2098506842126
34                0.02                   568                 2                   100000.0          1.21147483348648
35                0.02                   570                 2                   100000.0          1.21322571296527
36                0.02                   572                 2                   100000.0          1.22040172983306
37                0.02                   574                 2                   100000.0          1.22372713714585
38                0.02                   576                 2                   100000.0          1.22027554950736
39                0.02                   578                 2                   100000.0          1.21702969464689
40                0.02                   580                 2                   100000.0          1.21534946177801
41                0.02                   582                 2                   100000.0          1.21559007975785
42                0.02                   584                 2                   100000.0          1.21587072513883
43                0.02                   586                 2                   100000.0          1.21614745395122
44                0.02                   588                 2                   100000.0          1.21641984515278
45                0.02                   590                 2                   100000.0          1.21696884226858
46                0.02                   592                 2                   100000.0          1.21747564218327
47                0.02                   594                 2                   100000.0          1.21811891168984
48                0.02                   596                 2                   100000.0          1.21860384648691
49                0.02                   598                 2                   100000.0          1.21910049382016
50                0.02                   600                 2                   100000.0          1.21985929056978
51                0.02                   602                 2                   100000.0          1.22050059246538
52                0.02                   604                 2                   100000.0          1.22113579614298
53                0.02                   606                 2                   100000.0          1.22175151083902
54                0.02                   608                 2                   100000.0          1.22238215795596
55                0.02                   610                 2                   100000.0          1.22318836533182
56                0.02                   612                 2                   100000.0          1.22388822314828
57                0.02                   614                 2                   100000.0          1.2245971197151
58                0.02                   616                 2                   100000.0          1.2252878876884
59                0.02                   618                 2                   100000.0          1.225923815419
60                0.02                   620                 2                   100000.0          1.22668718395639
61                0.02                   622                 2                   100000.0          1.22741865002142
62                0.02                   624                 2                   100000.0          1.22816432589286
63                0.02                   626                 2                   100000.0          1.22887045718098
64                0.02                   628                 2                   100000.0          1.22959507691401
65                0.02                   630                 2                   100000.0          1.23040421769492
66                0.02                   632                 2                   100000.0          1.23117903184959
67                0.02                   634                 2                   100000.0          1.2319261619573
68                0.02                   636                 2                   100000.0          1.23270341452702
69                0.02                   638                 2                   100000.0          1.23347773841695
70                0.02                   640                 2                   100000.0          1.23422873606346
71                0.02                   642                 2                   100000.0          1.23521015912391
72                0.02                   644                 2                   100000.0          1.23598529338285
73                0.02                   646                 2                   100000.0          1.23678336528058
74                0.02                   648                 2                   100000.0          1.2375610899281
75                0.02                   650                 2                   100000.0          1.23833604842222
76                0.02                   652                 2                   100000.0          1.23915559600907
77                0.02                   654                 2                   100000.0          1.23991243430684
78                0.02                   656                 2                   100000.0          1.24074079328274
79                0.02                   658                 2                   100000.0          1.24155651007879
80                0.02                   660                 2                   100000.0          1.24231942993718
81                0.02                   662                 2                   100000.0          1.24314995045508
82                0.02                   664                 2                   100000.0          1.24399008048548
83                0.02                   666                 2                   100000.0          1.24478593786844
84                0.02                   668                 2                   100000.0          1.24561914540455
85                0.02                   670                 2                   100000.0          1.24636834168605
86                0.02                   672                 2                   100000.0          1.24722718437682
87                0.02                   674                 2                   100000.0          1.24809630082086
88                0.02                   676                 2                   100000.0          1.24884567323607
89                0.02                   678                 2                   100000.0          1.24968323318255
90                0.02                   680                 2                   100000.0          1.25043238280315
91                0.02                   682                 2                   100000.0          1.2512710931248
92                0.02                   684                 2                   100000.0          1.25210187482514
93                0.02                   686                 2                   100000.0          1.2528606408531
94                0.02                   688                 2                   100000.0          1.2537017293449
95                0.02                   690                 2                   100000.0          1.25445082841514
96                0.02                   692                 2                   100000.0          1.25529326238378
97                0.02                   694                 2                   100000.0          1.25608149875268
98                0.02                   696                 2                   100000.0          1.25688263441476
99                0.02                   698                 2                   100000.0          1.25768349177669
100               0.02                   700                 2                   100000.0          1.25848494585637
101               0.02                   702                 2                   100000.0          1.25928548443795
102               0.02                   704                 2                   100000.0          1.2600864681475
103               0.02                   706                 2                   100000.0          1.26088685337121
104               0.02                   708                 2                   100000.0          1.26168753417693
105               0.02                   710                 2                   100000.0          1.26248794694978
106               0.02                   712                 2                   100000.0          1.2634870605769
107               0.02                   714                 2                   100000.0          1.2642888534796
108               0.02                   716                 2                   100000.0          1.26509115522965
109               0.02                   718                 2                   100000.0          1.26589288992069
110               0.02                   720                 2                   100000.0          1.266694990595
111               0.02                   722                 2                   100000.0          1.26742532522346
112               0.02                   724                 2                   100000.0          1.26822702873633
113               0.02                   726                 2                   100000.0          1.26902888811467
114               0.02                   728                 2                   100000.0          1.26983031425198
115               0.02                   730                 2                   100000.0          1.27055805381929
116               0.02                   732                 2                   100000.0          1.27135901229813
117               0.02                   734                 2                   100000.0          1.272159837589
118               0.02                   736                 2                   100000.0          1.27296098866863
119               0.02                   738                 2                   100000.0          1.27368491854199
120               0.02                   740                 2                   100000.0          1.27448555561608
121               0.02                   742                 2                   100000.0          1.27528577565715
122               0.02                   744                 2                   100000.0          1.276086046278
123               0.02                   746                 2                   100000.0          1.27688630008345
124               0.02                   748                 2                   100000.0          1.27768646892401
125               0.02                   750                 2                   100000.0          1.27848648389625
126               0.02                   752                 2                   100000.0          1.2792868307211
127               0.02                   754                 2                   100000.0          1.28016843760962
128               0.02                   756                 2                   100000.0          1.28096914587123
129               0.02                   758                 2                   100000.0          1.2817699952141
130               0.02                   760                 2                   100000.0          1.28257035434233
131               0.02                   762                 2                   100000.0          1.28337129179016
132               0.02                   764                 2                   100000.0          1.28418710389317
133               0.02                   766                 2                   100000.0          1.28505838495462
134               0.02                   768                 2                   100000.0          1.28585885107582
135               0.02                   770                 2                   100000.0          1.28689382385114
136               0.02                   772                 2                   100000.0          1.28769614424958
137               0.02                   774                 2                   100000.0          1.28835108195056
138               0.02                   776                 2                   100000.0          1.2891523913895
139               0.02                   778                 2                   100000.0          1.28995378710095
140               0.02                   780                 2                   100000.0          1.29084637328192
141               0.02                   782                 2                   100000.0          1.29164824012589
142               0.02                   784                 2                   100000.0          1.29245061579877
143               0.02                   786                 2                   100000.0          1.29326685540874
144               0.02                   788                 2                   100000.0          1.29414859932067
145               0.02                   790                 2                   100000.0          1.29519742122294
146               0.02                   792                 2                   100000.0          1.29600119569745
147               0.02                   794                 2                   100000.0          1.29690183422233
148               0.02                   796                 2                   100000.0          1.29770587029687
149               0.02                   798                 2                   100000.0          1.29851063884867
150               0.02                   800                 2                   100000.0          1.29941365924252
151               0.02                   802                 2                   100000.0          1.30021834112426
152               0.02                   804                 2                   100000.0          1.30109146940227
153               0.02                   806                 2                   100000.0          1.30192977717907
154               0.02                   808                 2                   100000.0          1.30273523472302
155               0.02                   810                 2                   100000.0          1.30364324447937
156               0.02                   812                 2                   100000.0          1.30444932808101
157               0.02                   814                 2                   100000.0          1.30525570824403
158               0.02                   816                 2                   100000.0          1.30616741790999
159               0.02                   818                 2                   100000.0          1.30697409968417
160               0.02                   820                 2                   100000.0          1.30778091275259
161               0.02                   822                 2                   100000.0          1.30869521201282
162               0.02                   824                 2                   100000.0          1.30950266291593
163               0.02                   826                 2                   100000.0          1.31031008129603
164               0.02                   828                 2                   100000.0          1.3112278617373
165               0.02                   830                 2                   100000.0          1.3120355962641
166               0.02                   832                 2                   100000.0          1.31284381804785
167               0.02                   834                 2                   100000.0          1.31376464441493
168               0.02                   836                 2                   100000.0          1.31457355675456
169               0.02                   838                 2                   100000.0          1.315382107129
170               0.02                   840                 2                   100000.0          1.31630553599908
171               0.02                   842                 2                   100000.0          1.31711516242917
172               0.02                   844                 2                   100000.0          1.31795480027411
173               0.02                   846                 2                   100000.0          1.31885197962638
174               0.02                   848                 2                   100000.0          1.31966185534058
175               0.02                   850                 2                   100000.0          1.32059219216227
176               0.02                   852                 2                   100000.0          1.32140264665985
177               0.02                   854                 2                   100000.0          1.32221884773407
178               0.02                   856                 2                   100000.0          1.32314625583204
179               0.02                   858                 2                   100000.0          1.32395837186324
180               0.02                   860                 2                   100000.0          1.32489377407417
181               0.02                   862                 2                   100000.0          1.3257059739536
182               0.02                   864                 2                   100000.0          1.32634611282785
183               0.02                   866                 2                   100000.0          1.32745767815731
184               0.02                   868                 2                   100000.0          1.32809735468001
185               0.02                   870                 2                   100000.0          1.32890918261099
186               0.02                   872                 2                   100000.0          1.32985216725563
187               0.02                   874                 2                   100000.0          1.33066499138617
188               0.02                   876                 2                   100000.0          1.33157712394971
189               0.02                   878                 2                   100000.0          1.33242460601584
190               0.02                   880                 2                   100000.0          1.33329262758449
191               0.02                   882                 2                   100000.0          1.33418690330805
192               0.02                   884                 2                   100000.0          1.3350018813911
193               0.02                   886                 2                   100000.0          1.33595387436252
194               0.02                   888                 2                   100000.0          1.33684287774441
195               0.02                   890                 2                   100000.0          1.33772361511608
196               0.02                   892                 2                   100000.0          1.33854070982281
197               0.02                   894                 2                   100000.0          1.33949736724061
198               0.02                   896                 2                   100000.0          1.34037504045888
199               0.02                   898                 2                   100000.0          1.34127561580435
200               0.02                   900                 2                   100000.0          1.3422067252821
201               0.02                   902                 2                   100000.0          1.34305723027778
202               0.02                   904                 2                   100000.0          1.34388853234001
203               0.02                   906                 2                   100000.0          1.34484269675661
204               0.02                   908                 2                   100000.0          1.34571264364512
205               0.02                   910                 2                   100000.0          1.34663252605795
206               0.02                   912                 2                   100000.0          1.34753244663371
207               0.02                   914                 2                   100000.0          1.34842556558974
208               0.02                   916                 2                   100000.0          1.34924811240484
209               0.02                   918                 2                   100000.0          1.35022318030645
210               0.02                   920                 2                   100000.0          1.35104631264484
211               0.02                   922                 2                   100000.0          1.35202507217289
212               0.02                   924                 2                   100000.0          1.35284861707109
213               0.02                   926                 2                   100000.0          1.35383093621598
214               0.02                   928                 2                   100000.0          1.35465559010075
215               0.02                   930                 2                   100000.0          1.35564133790432
216               0.02                   932                 2                   100000.0          1.35646694133815
217               0.02                   934                 2                   100000.0          1.3574559834824
218               0.02                   936                 2                   100000.0          1.35828237364387
219               0.02                   938                 2                   100000.0          1.35927457241784
220               0.02                   940                 2                   100000.0          1.36010248136541
221               0.02                   942                 2                   100000.0          1.36109770020853
222               0.02                   944                 2                   100000.0          1.36192697936982
223               0.02                   946                 2                   100000.0          1.36276562632542
224               0.02                   948                 2                   100000.0          1.36375557594781
225               0.02                   950                 2                   100000.0          1.36458533419973
226               0.02                   952                 2                   100000.0          1.36558889687475
227               0.02                   954                 2                   100000.0          1.36641963307448
228               0.02                   956                 2                   100000.0          1.36742666329226
229               0.02                   958                 2                   100000.0          1.36825915849898
230               0.02                   960                 2                   100000.0          1.36926953155921
231               0.02                   962                 2                   100000.0          1.37010270270469
232               0.02                   964                 2                   100000.0          1.37100225690137
233               0.02                   966                 2                   100000.0          1.37195092545958
234               0.02                   968                 2                   100000.0          1.37278537649863
235               0.02                   970                 2                   100000.0          1.3738045156753
236               0.02                   972                 2                   100000.0          1.37464021604122
237               0.02                   974                 2                   100000.0          1.37566321948265
238               0.02                   976                 2                   100000.0          1.37649904869742
239               0.02                   978                 2                   100000.0          1.37752579557062
240               0.02                   980                 2                   100000.0          1.37836355581004
241               0.02                   982                 2                   100000.0          1.37934440695512
242               0.02                   984                 2                   100000.0          1.38023250093147
243               0.02                   986                 2                   100000.0          1.38107949769723
244               0.02                   988                 2                   100000.0          1.38210761710983
245               0.02                   990                 2                   100000.0          1.38294720866426
246               0.02                   992                 2                   100000.0          1.38358167460871
247               0.02                   994                 2                   100000.0          1.38442202842275
248               0.02                   996                 2                   100000.0          1.38546266886296
249               0.02                   998                 2                   100000.0          1.38630433603133
250               0.02                   1000                2                   100000.0          1.38719560853008
251               0.02                   1002                2                   100000.0          1.38819192301866
252               0.02                   1004                2                   100000.0          1.38903383961997
253               0.02                   1006                2                   100000.0          1.39008454437937
254               0.02                   1008                2                   100000.0          1.39092846385091
255               0.02                   1010                2                   100000.0          1.39198300301531
256               0.02                   1012                2                   100000.0          1.39282774789582
257               0.02                   1014                2                   100000.0          1.39387537759758
258               0.02                   1016                2                   100000.0          1.39473250024411
259               0.02                   1018                2                   100000.0          1.39557884296765
260               0.02                   1020                2                   100000.0          1.39664356222928
261               0.02                   1022                2                   100000.0          1.39749037919015
262               0.02                   1024                2                   100000.0          1.39855963496376
263               0.02                   1026                2                   100000.0          1.39940786910615
264               0.02                   1028                2                   100000.0          1.4002952084712
265               0.02                   1030                2                   100000.0          1.40133109277338
266               0.02                   1032                2                   100000.0          1.40218130528617
267               0.02                   1034                2                   100000.0          1.40326093603049
268               0.02                   1036                2                   100000.0          1.40411224770544
269               0.02                   1038                2                   100000.0          1.40500559311992
270               0.02                   1040                2                   100000.0          1.40604835471862
271               0.02                   1042                2                   100000.0          1.40690115714451
272               0.02                   1044                2                   100000.0          1.40799052369918
273               0.02                   1046                2                   100000.0          1.40884523113251
274               0.02                   1048                2                   100000.0          1.40993166845321
275               0.02                   1050                2                   100000.0          1.41079503857806
276               0.02                   1052                2                   100000.0          1.41165075360548
277               0.02                   1054                2                   100000.0          1.4127503589355
278               0.02                   1056                2                   100000.0          1.41360767287236
279               0.02                   1058                2                   100000.0          1.41459744470657
280               0.02                   1060                2                   100000.0          1.4155721082738
281               0.02                   1062                2                   100000.0          1.41643111237549
282               0.02                   1064                2                   100000.0          1.41754270316262
283               0.02                   1066                2                   100000.0          1.41840300891481
284               0.02                   1068                2                   100000.0          1.41926341830284
285               0.02                   1070                2                   100000.0          1.42038073524617
286               0.02                   1072                2                   100000.0          1.42124346131435
287               0.02                   1074                2                   100000.0          1.42225871849266
288               0.02                   1076                2                   100000.0          1.42323023053009
289               0.02                   1078                2                   100000.0          1.42409390255334
290               0.02                   1080                2                   100000.0          1.42522230999383
291               0.02                   1082                2                   100000.0          1.42608801864174
292               0.02                   1084                2                   100000.0          1.42695357121555
293               0.02                   1086                2                   100000.0          1.42808959195544
294               0.02                   1088                2                   100000.0          1.42895576997403
295               0.02                   1090                2                   100000.0          1.4298542301886
296               0.02                   1092                2                   100000.0          1.43046370146932
297               0.02                   1094                2                   100000.0          1.43133062975146
298               0.02                   1096                2                   100000.0          1.43235160782337
299               0.02                   1098                2                   100000.0          1.43334420882694
300               0.02                   1100                2                   100000.0          1.43421228863291
301               0.02                   1102                2                   100000.0          1.43534393733411
302               0.02                   1104                2                   100000.0          1.43623651060153
303               0.02                   1106                2                   100000.0          1.43710675988374
304               0.02                   1108                2                   100000.0          1.43826584558474
305               0.02                   1110                2                   100000.0          1.43913732984838
306               0.02                   1112                2                   100000.0          1.4400107973697
307               0.02                   1114                2                   100000.0          1.44117660858237
308               0.02                   1116                2                   100000.0          1.44205115588889
309               0.02                   1118                2                   100000.0          1.44292497813681
310               0.02                   1120                2                   100000.0          1.44409865044327
311               0.02                   1122                2                   100000.0          1.44497470086693
312               0.02                   1124                2                   100000.0          1.44584992211973
313               0.02                   1126                2                   100000.0          1.44703129214889
314               0.02                   1128                2                   100000.0          1.44790993423811
315               0.02                   1130                2                   100000.0          1.44878765070246
316               0.02                   1132                2                   100000.0          1.44997656113508
317               0.02                   1134                2                   100000.0          1.45085619837007
318               0.02                   1136                2                   100000.0          1.45173617503807
319               0.02                   1138                2                   100000.0          1.45293245546904
320               0.02                   1140                2                   100000.0          1.45381420065885
321               0.02                   1142                2                   100000.0          1.45469620088515
322               0.02                   1144                2                   100000.0          1.455899680618
323               0.02                   1146                2                   100000.0          1.45678329258985
324               0.02                   1148                2                   100000.0          1.45766707298689
325               0.02                   1150                2                   100000.0          1.45887898904736
326               0.02                   1152                2                   100000.0          1.45976422504962
327               0.02                   1154                2                   100000.0          1.4606509656109
328               0.02                   1156                2                   100000.0          1.46187118148225
329               0.02                   1158                2                   100000.0          1.46276641926811
330               0.02                   1160                2                   100000.0          1.46375114566509
331               0.02                   1162                2                   100000.0          1.46474671629238
332               0.02                   1164                2                   100000.0          1.46574158875061
333               0.02                   1166                2                   100000.0          1.46673863640263
334               0.02                   1168                2                   100000.0          1.46773784697341
335               0.02                   1170                2                   100000.0          1.46873626454312
336               0.02                   1172                2                   100000.0          1.46973531897488
337               0.02                   1174                2                   100000.0          1.47073646321198
338               0.02                   1176                2                   100000.0          1.47173670547976
339               0.02                   1178                2                   100000.0          1.47273898751857
340               0.02                   1180                2                   100000.0          1.47374179461199
341               0.02                   1182                2                   100000.0          1.47474509520611
342               0.02                   1184                2                   100000.0          1.47575037044348
343               0.02                   1186                2                   100000.0          1.47675608714604
344               0.02                   1188                2                   100000.0          1.47776221296867
345               0.02                   1190                2                   100000.0          1.47877024617299
346               0.02                   1192                2                   100000.0          1.47977863496802
347               0.02                   1194                2                   100000.0          1.48078734621102
348               0.02                   1196                2                   100000.0          1.48179634647912
349               0.02                   1198                2                   100000.0          1.4828071570477
350               0.02                   1200                2                   100000.0          1.48319437300648
351               0.02                   1202                2                   100000.0          1.48420475439885
352               0.02                   1204                2                   100000.0          1.48521530770648
353               0.02                   1206                2                   100000.0          1.48622757457007
354               0.02                   1208                2                   100000.0          1.48723995589556
355               0.02                   1210                2                   100000.0          1.48825400503234
356               0.02                   1212                2                   100000.0          1.48926811018473
357               0.02                   1214                2                   100000.0          1.49028223560492
358               0.02                   1216                2                   100000.0          1.4912979522915
359               0.02                   1218                2                   100000.0          1.49231524247742
360               0.02                   1220                2                   100000.0          1.49333246877473
361               0.02                   1222                2                   100000.0          1.49435122001166
362               0.02                   1224                2                   100000.0          1.49536984590391
363               0.02                   1226                2                   100000.0          1.49639158535862
364               0.02                   1228                2                   100000.0          1.49741314953109
365               0.02                   1230                2                   100000.0          1.49843450056669
366               0.02                   1232                2                   100000.0          1.49945725730592
367               0.02                   1234                2                   100000.0          1.50047973695248
368               0.02                   1236                2                   100000.0          1.50150524007057
369               0.02                   1238                2                   100000.0          1.50253041380156
370               0.02                   1240                2                   100000.0          1.50355521895399
371               0.02                   1242                2                   100000.0          1.50458299346498
372               0.02                   1244                2                   100000.0          1.50561034569257
373               0.02                   1246                2                   100000.0          1.50664063868267
374               0.02                   1248                2                   100000.0          1.50767045479915
375               0.02                   1250                2                   100000.0          1.50870146793132
376               0.02                   1252                2                   100000.0          1.5097319357879
377               0.02                   1254                2                   100000.0          1.51076527197642
378               0.02                   1256                2                   100000.0          1.51179800642081
379               0.02                   1258                2                   100000.0          1.51283183788022
380               0.02                   1260                2                   100000.0          1.5138667440428
381               0.02                   1262                2                   100000.0          1.51490270238743
382               0.02                   1264                2                   100000.0          1.51593969018288
383               0.02                   1266                2                   100000.0          1.51697768448707
384               0.02                   1268                2                   100000.0          1.51801666214643
385               0.02                   1270                2                   100000.0          1.51905659979505
386               0.02                   1272                2                   100000.0          1.52009568747829
387               0.02                   1274                2                   100000.0          1.52113746751033
388               0.02                   1276                2                   100000.0          1.52218013613689
389               0.02                   1278                2                   100000.0          1.52322186278456
390               0.02                   1280                2                   100000.0          1.52426622902487
391               0.02                   1282                2                   100000.0          1.52531141053088
392               0.02                   1284                2                   100000.0          1.5263117233302
393               0.02                   1286                2                   100000.0          1.52730880463685
394               0.02                   1288                2                   100000.0          1.52830626747888
395               0.02                   1290                2                   100000.0          1.52930408515429
396               0.02                   1292                2                   100000.0          1.53030223075496
397               0.02                   1294                2                   100000.0          1.53129881834037
398               0.02                   1296                2                   100000.0          1.532297531686
399               0.02                   1298                2                   100000.0          1.53329649098086
400               0.02                   1300                2                   100000.0          1.53429754702107
401               0.02                   1302                2                   100000.0          1.53529692139643
402               0.02                   1304                2                   100000.0          1.53629834964715
403               0.02                   1306                2                   100000.0          1.53729992492241
404               0.02                   1308                2                   100000.0          1.5383035237109
405               0.02                   1310                2                   100000.0          1.53930531389456
406               0.02                   1312                2                   100000.0          1.54030908324773
407               0.02                   1314                2                   100000.0          1.54208371439964
408               0.02                   1316                2                   100000.0          1.54309022742337
409               0.02                   1318                2                   100000.0          1.54409867372624
410               0.02                   1320                2                   100000.0          1.5451051452317
411               0.02                   1322                2                   100000.0          1.54611350370685
412               0.02                   1324                2                   100000.0          1.54712373924501
413               0.02                   1326                2                   100000.0          1.54813190264418
414               0.02                   1328                2                   100000.0          1.54914387208222
415               0.02                   1330                2                   100000.0          1.55015370800875
416               0.02                   1332                2                   100000.0          1.55116533905378
417               0.02                   1334                2                   100000.0          1.5521767576442
418               0.02                   1336                2                   100000.0          1.55318993615132
419               0.02                   1338                2                   100000.0          1.55420084231418
420               0.02                   1340                2                   100000.0          1.55521345874571
421               0.02                   1342                2                   100000.0          1.55622777412061
422               0.02                   1344                2                   100000.0          1.5572417456313
423               0.02                   1346                2                   100000.0          1.55825737918479
424               0.02                   1348                2                   100000.0          1.55927261778023
425               0.02                   1350                2                   100000.0          1.56028948085293
426               0.02                   1352                2                   100000.0          1.56130589714653
427               0.02                   1354                2                   100000.0          1.56314920192325
428               0.02                   1356                2                   100000.0          1.56416950654452
429               0.02                   1358                2                   100000.0          1.56519136657115
430               0.02                   1360                2                   100000.0          1.56621058572968
431               0.02                   1362                2                   100000.0          1.5672334053583
432               0.02                   1364                2                   100000.0          1.56825562177366
433               0.02                   1366                2                   100000.0          1.56927720053429
434               0.02                   1368                2                   100000.0          1.57030022715821
435               0.02                   1370                2                   100000.0          1.57132468816069
436               0.02                   1372                2                   100000.0          1.57234843546247
437               0.02                   1374                2                   100000.0          1.57337571707852
438               0.02                   1376                2                   100000.0          1.57440009418299
439               0.02                   1378                2                   100000.0          1.57542797761448
440               0.02                   1380                2                   100000.0          1.57645288509541
441               0.02                   1382                2                   100000.0          1.5774790998375
442               0.02                   1384                2                   100000.0          1.57850660727466
443               0.02                   1386                2                   100000.0          1.57953539270924
444               0.02                   1388                2                   100000.0          1.58056324910895
445               0.02                   1390                2                   100000.0          1.58247310910813
446               0.02                   1392                2                   100000.0          1.58350413155677
447               0.02                   1394                2                   100000.0          1.58453856906118
448               0.02                   1396                2                   100000.0          1.58557197542434
449               0.02                   1398                2                   100000.0          1.58660654670593
450               0.02                   1400                2                   100000.0          1.58764002600254
451               0.02                   1402                2                   100000.0          1.58867462374292
452               0.02                   1404                2                   100000.0          1.58971032383046
453               0.02                   1406                2                   100000.0          1.59074484667151
454               0.02                   1408                2                   100000.0          1.59178269516596
455               0.02                   1410                2                   100000.0          1.59281931861216
456               0.02                   1412                2                   100000.0          1.59385696366851
457               0.02                   1414                2                   100000.0          1.59489332028164
458               0.02                   1416                2                   100000.0          1.59593295038997
459               0.02                   1418                2                   100000.0          1.59697124291797
460               0.02                   1420                2                   100000.0          1.59801278952994
461               0.02                   1422                2                   100000.0          1.59905294879362
462               0.02                   1424                2                   100000.0          1.60009401134903
463               0.02                   1426                2                   100000.0          1.60113362100295
464               0.02                   1428                2                   100000.0          1.60217408315186
465               0.02                   1430                2                   100000.0          1.60415791703261
466               0.02                   1432                2                   100000.0          1.60520308304591
467               0.02                   1434                2                   100000.0          1.6062490536883
468               0.02                   1436                2                   100000.0          1.60729581042874
469               0.02                   1438                2                   100000.0          1.60834333459219
470               0.02                   1440                2                   100000.0          1.6093916073593
471               0.02                   1442                2                   100000.0          1.61044060976595
472               0.02                   1444                2                   100000.0          1.61148790978604
473               0.02                   1446                2                   100000.0          1.61253830623567
474               0.02                   1448                2                   100000.0          1.61358694609894
475               0.02                   1450                2                   100000.0          1.61463622269755
476               0.02                   1452                2                   100000.0          1.61568611629009
477               0.02                   1454                2                   100000.0          1.61673660698881
478               0.02                   1456                2                   100000.0          1.61778767475916
479               0.02                   1458                2                   100000.0          1.61883929941956
480               0.02                   1460                2                   100000.0          1.61989146064109
481               0.02                   1462                2                   100000.0          1.62094413794722
482               0.02                   1464                2                   100000.0          1.62199731071351
483               0.02                   1466                2                   100000.0          1.6230534572135
484               0.02                   1468                2                   100000.0          1.62511154282261
485               0.02                   1470                2                   100000.0          1.6261692650852
486               0.02                   1472                2                   100000.0          1.62722740485192
487               0.02                   1474                2                   100000.0          1.62828594070926
488               0.02                   1476                2                   100000.0          1.62934485109385
489               0.02                   1478                2                   100000.0          1.630404114292
490               0.02                   1480                2                   100000.0          1.63146370843972
491               0.02                   1482                2                   100000.0          1.63252361152239
492               0.02                   1484                2                   100000.0          1.63358637842757
493               0.02                   1486                2                   100000.0          1.63464684081556
494               0.02                   1488                2                   100000.0          1.63571013845086
495               0.02                   1490                2                   100000.0          1.63677367170429
496               0.02                   1492                2                   100000.0          1.63783741784768
497               0.02                   1494                2                   100000.0          1.63890135400087
498               0.02                   1496                2                   100000.0          1.63996545713164
499               0.02                   1498                2                   100000.0          1.64102970405558
500               0.02                   1500                2                   100000.0          1.642094071436
501               0.02                   1502                2                   100000.0          1.64315853578386
502               0.02                   1504                2                   100000.0          1.6452904916716
503               0.02                   1506                2                   100000.0          1.64636106025239
504               0.02                   1508                2                   100000.0          1.64743167618473
505               0.02                   1510                2                   100000.0          1.64850231535038
506               0.02                   1512                2                   100000.0          1.64957565182227
507               0.02                   1514                2                   100000.0          1.65064897951052
508               0.02                   1516                2                   100000.0          1.65172227387316
509               0.02                   1518                2                   100000.0          1.65279551021382
510               0.02                   1520                2                   100000.0          1.65386866368164
511               0.02                   1522                2                   100000.0          1.65494170927134
512               0.02                   1524                2                   100000.0          1.65601737046599
513               0.02                   1526                2                   100000.0          1.65709289017178
514               0.02                   1528                2                   100000.0          1.65817100850774
515               0.02                   1530                2                   100000.0          1.65924617724698
516               0.02                   1532                2                   100000.0          1.66032391025481
517               0.02                   1534                2                   100000.0          1.66140141611748
518               0.02                   1536                2                   100000.0          1.66248146836303
519               0.02                   1538                2                   100000.0          1.66356125834534
520               0.02                   1540                2                   100000.0          1.66576883018961
521               0.02                   1542                2                   100000.0          1.6668514497279
522               0.02                   1544                2                   100000.0          1.66793373203937
523               0.02                   1546                2                   100000.0          1.6690184998339
524               0.02                   1548                2                   100000.0          1.67010289386714
525               0.02                   1550                2                   100000.0          1.67118688703001
526               0.02                   1552                2                   100000.0          1.67227332759446
527               0.02                   1554                2                   100000.0          1.67335932998223
528               0.02                   1556                2                   100000.0          1.67444486664753
529               0.02                   1558                2                   100000.0          1.67553281157109
530               0.02                   1560                2                   100000.0          1.67662025268967
531               0.02                   1562                2                   100000.0          1.67771008122563
532               0.02                   1564                2                   100000.0          1.67879936738647
533               0.02                   1566                2                   100000.0          1.67989101971152
534               0.02                   1568                2                   100000.0          1.68097914497167
535               0.02                   1570                2                   100000.0          1.6820695970425
536               0.02                   1572                2                   100000.0          1.68315941041203
537               0.02                   1574                2                   100000.0          1.68425152837438
538               0.02                   1576                2                   100000.0          1.68534296749524
539               0.02                   1578                2                   100000.0          1.68763420793944
540               0.02                   1580                2                   100000.0          1.68872777614473
541               0.02                   1582                2                   100000.0          1.68982661204537
542               0.02                   1584                2                   100000.0          1.69092469073647
543               0.02                   1586                2                   100000.0          1.69202198241605
544               0.02                   1588                2                   100000.0          1.69312149967812
545               0.02                   1590                2                   100000.0          1.69422018789828
546               0.02                   1592                2                   100000.0          1.69532107747228
547               0.02                   1594                2                   100000.0          1.69642109546972
548               0.02                   1596                2                   100000.0          1.69752021135639
549               0.02                   1598                2                   100000.0          1.6986214823262
550               0.02                   1600                2                   100000.0          1.69972180784833
551               0.02                   1602                2                   100000.0          1.70082426307364
552               0.02                   1604                2                   100000.0          1.70192572900666
553               0.02                   1606                2                   100000.0          1.70302929882373
554               0.02                   1608                2                   100000.0          1.70413183499473
555               0.02                   1610                2                   100000.0          1.70523644878924
556               0.02                   1612                2                   100000.0          1.70760246617569
557               0.02                   1614                2                   100000.0          1.70871175498269
558               0.02                   1616                2                   100000.0          1.70982310133047
559               0.02                   1618                2                   100000.0          1.71093331264808
560               0.02                   1620                2                   100000.0          1.7120423565671
561               0.02                   1622                2                   100000.0          1.713153407462
562               0.02                   1624                2                   100000.0          1.71426324443028
563               0.02                   1626                2                   100000.0          1.71537506027559
564               0.02                   1628                2                   100000.0          1.71648561514854
565               0.02                   1630                2                   100000.0          1.71759812034631
566               0.02                   1632                2                   100000.0          1.71871257084265
567               0.02                   1634                2                   100000.0          1.71982569825891
568               0.02                   1636                2                   100000.0          1.72094074179651
569               0.02                   1638                2                   100000.0          1.72205441394641
570               0.02                   1640                2                   100000.0          1.72316997258232
571               0.02                   1642                2                   100000.0          1.72428741222392
572               0.02                   1644                2                   100000.0          1.7254034165603
573               0.02                   1646                2                   100000.0          1.72784786302655
574               0.02                   1648                2                   100000.0          1.72896805375016
575               0.02                   1650                2                   100000.0          1.73009007495967
576               0.02                   1652                2                   100000.0          1.73121056259185
577               0.02                   1654                2                   100000.0          1.7323328494487
578               0.02                   1656                2                   100000.0          1.73345355195881
579               0.02                   1658                2                   100000.0          1.73457602196547
580               0.02                   1660                2                   100000.0          1.73570025312257
581               0.02                   1662                2                   100000.0          1.73682623902021
582               0.02                   1664                2                   100000.0          1.73795055690221
583               0.02                   1666                2                   100000.0          1.7390765969679
584               0.02                   1668                2                   100000.0          1.74020435253577
585               0.02                   1670                2                   100000.0          1.74133037124227
586               0.02                   1672                2                   100000.0          1.74245461683311
587               0.02                   1674                2                   100000.0          1.74358051810431
588               0.02                   1676                2                   100000.0          1.74470806795702
589               0.02                   1678                2                   100000.0          1.74583725922556
590               0.02                   1680                2                   100000.0          1.74696458987926
591               0.02                   1682                2                   100000.0          1.74809352760542
592               0.02                   1684                2                   100000.0          1.74922406495991
593               0.02                   1686                2                   100000.0          1.75176443815605
594               0.02                   1688                2                   100000.0          1.75289859354994
595               0.02                   1690                2                   100000.0          1.75403431588114
596               0.02                   1692                2                   100000.0          1.75517159735242
597               0.02                   1694                2                   100000.0          1.75630685568602
598               0.02                   1696                2                   100000.0          1.75744363720894
599               0.02                   1698                2                   100000.0          1.75858193383823
600               0.02                   1700                2                   100000.0          1.75971452816092
601               0.02                   1702                2                   100000.0          1.76085219547323
602               0.02                   1704                2                   100000.0          1.76199133287253
603               0.02                   1706                2                   100000.0          1.7631282969213
604               0.02                   1708                2                   100000.0          1.76426669375802
605               0.02                   1710                2                   100000.0          1.76540651472192
606               0.02                   1712                2                   100000.0          1.7665440855632
607               0.02                   1714                2                   100000.0          1.76768671827679
608               0.02                   1716                2                   100000.0          1.76882706269645
609               0.02                   1718                2                   100000.0          1.76996877531212
610               0.02                   1720                2                   100000.0          1.77259284131932
611               0.02                   1722                2                   100000.0          1.77374138198766
612               0.02                   1724                2                   100000.0          1.77488753521596
613               0.02                   1726                2                   100000.0          1.7760350086535
614               0.02                   1728                2                   100000.0          1.77718003434402
615               0.02                   1730                2                   100000.0          1.77833010926413
616               0.02                   1732                2                   100000.0          1.77947769639619
617               0.02                   1734                2                   100000.0          1.78062275472535
618               0.02                   1736                2                   100000.0          1.78177284335096
619               0.02                   1738                2                   100000.0          1.7829241730651
620               0.02                   1740                2                   100000.0          1.7840729127297
621               0.02                   1742                2                   100000.0          1.78522668397861
622               0.02                   1744                2                   100000.0          1.78637782384419
623               0.02                   1746                2                   100000.0          1.78753014313729
624               0.02                   1748                2                   100000.0          1.78867976819407
625               0.02                   1750                2                   100000.0          1.78983440448888
626               0.02                   1752                2                   100000.0          1.79099018877146
627               0.02                   1754                2                   100000.0          1.79214321531887
628               0.02                   1756                2                   100000.0          1.79485799913256
629               0.02                   1758                2                   100000.0          1.79601748694475
630               0.02                   1760                2                   100000.0          1.79717806739436
631               0.02                   1762                2                   100000.0          1.79833578017
632               0.02                   1764                2                   100000.0          1.79949454191591
633               0.02                   1766                2                   100000.0          1.8006543413666
634               0.02                   1768                2                   100000.0          1.80181516717552
635               0.02                   1770                2                   100000.0          1.80297700791476
636               0.02                   1772                2                   100000.0          1.8041398520748
637               0.02                   1774                2                   100000.0          1.80530368806424
638               0.02                   1776                2                   100000.0          1.80646850420952
639               0.02                   1778                2                   100000.0          1.80763428875468
640               0.02                   1780                2                   100000.0          1.80879698312742
641               0.02                   1782                2                   100000.0          1.80996060028449
642               0.02                   1784                2                   100000.0          1.81112512815564
643               0.02                   1786                2                   100000.0          1.81229055458748
644               0.02                   1788                2                   100000.0          1.81345686734323
645               0.02                   1790                2                   100000.0          1.81626299505276
646               0.02                   1792                2                   100000.0          1.81743545042217
647               0.02                   1794                2                   100000.0          1.81860462757994
648               0.02                   1796                2                   100000.0          1.81977877461054
649               0.02                   1798                2                   100000.0          1.82094959590876
650               0.02                   1800                2                   100000.0          1.82212538377739
651               0.02                   1802                2                   100000.0          1.82329779796716
652               0.02                   1804                2                   100000.0          1.82447098358789
653               0.02                   1806                2                   100000.0          1.82564913031762
654               0.02                   1808                2                   100000.0          1.82682383065328
655               0.02                   1810                2                   100000.0          1.82799926291382
656               0.02                   1812                2                   100000.0          1.82917541375128
657               0.02                   1814                2                   100000.0          1.83034802200767
658               0.02                   1816                2                   100000.0          1.8315255583186
659               0.02                   1818                2                   100000.0          1.83269950233006
660               0.02                   1820                2                   100000.0          1.83387836960085
661               0.02                   1822                2                   100000.0          1.8350535944249
662               0.02                   1824                2                   100000.0          1.83795809373492
663               0.02                   1826                2                   100000.0          1.83914342642719
664               0.02                   1828                2                   100000.0          1.84032503538016
665               0.02                   1830                2                   100000.0          1.84151157571023
666               0.02                   1832                2                   100000.0          1.84269434090229
667               0.02                   1834                2                   100000.0          1.84388203176379
668               0.02                   1836                2                   100000.0          1.84506589565446
669               0.02                   1838                2                   100000.0          1.84625467923074
670               0.02                   1840                2                   100000.0          1.84743958356864
671               0.02                   1842                2                   100000.0          1.84862940133004
672               0.02                   1844                2                   100000.0          1.84981528715021
673               0.02                   1846                2                   100000.0          1.85100163557289
674               0.02                   1848                2                   100000.0          1.85218843156914
675               0.02                   1850                2                   100000.0          1.85337566002035
676               0.02                   1852                2                   100000.0          1.85456330571802
677               0.02                   1854                2                   100000.0          1.85575584425622
678               0.02                   1856                2                   100000.0          1.8569442901614
679               0.02                   1858                2                   100000.0          1.8599416691501
680               0.02                   1860                2                   100000.0          1.86114008778218
681               0.02                   1862                2                   100000.0          1.86233432512373
682               0.02                   1864                2                   100000.0          1.86353345786491
683               0.02                   1866                2                   100000.0          1.86473292987397
684               0.02                   1868                2                   100000.0          1.86592813746768
685               0.02                   1870                2                   100000.0          1.86712822823299
686               0.02                   1872                2                   100000.0          1.86832399862256
687               0.02                   1874                2                   100000.0          1.86952002014486
688               0.02                   1876                2                   100000.0          1.87072091189329
689               0.02                   1878                2                   100000.0          1.87191739851127
690               0.02                   1880                2                   100000.0          1.87311874637202
691               0.02                   1882                2                   100000.0          1.87432030347042
692               0.02                   1884                2                   100000.0          1.87552205314643
693               0.02                   1886                2                   100000.0          1.87671928311662
694               0.02                   1888                2                   100000.0          1.87792135551894
695               0.02                   1890                2                   100000.0          1.87912356994548
696               0.02                   1892                2                   100000.0          1.882221662924
697               0.02                   1894                2                   100000.0          1.88342897324639
698               0.02                   1896                2                   100000.0          1.88463638090579
699               0.02                   1898                2                   100000.0          1.88584865215116
700               0.02                   1900                2                   100000.0          1.88705621453883
701               0.02                   1902                2                   100000.0          1.88826382191019
702               0.02                   1904                2                   100000.0          1.88947145662132
703               0.02                   1908                2                   100000.0          1.89189158201575
704               0.02                   1912                2                   100000.0          1.89431652176622
705               0.02                   1916                2                   100000.0          1.8967364168334
706               0.02                   1920                2                   100000.0          1.89916580511888
707               0.02                   1924                2                   100000.0          1.90357578030329
708               0.02                   1928                2                   100000.0          1.90601426506034
709               0.02                   1932                2                   100000.0          1.90845709283376
710               0.02                   1936                2                   100000.0          1.91089411501287
711               0.02                   1940                2                   100000.0          1.9133402868826
712               0.02                   1944                2                   100000.0          1.91578543191461
713               0.02                   1948                2                   100000.0          1.91822939385235
714               0.02                   1952                2                   100000.0          1.92068229126587
715               0.02                   1956                2                   100000.0          1.92520281678976
716               0.02                   1960                2                   100000.0          1.92766308819518
717               0.02                   1964                2                   100000.0          1.93012689329961
718               0.02                   1968                2                   100000.0          1.93258888691182
719               0.02                   1972                2                   100000.0          1.93505418872902
720               0.02                   1976                2                   100000.0          1.93752271021902
721               0.02                   1980                2                   100000.0          1.93999436174058
722               0.02                   1984                2                   100000.0          1.94246368835283
723               0.02                   1988                2                   100000.0          1.9470958399254
724               0.02                   1992                2                   100000.0          1.94958694410842
725               0.02                   1996                2                   100000.0          1.95206991987096
726               0.02                   2000                2                   100000.0          1.95455548934364
727               0.02                   2004                2                   100000.0          1.95704355532571
728               0.02                   2008                2                   100000.0          1.95953401946919
729               0.02                   2012                2                   100000.0          1.96202678227401
730               0.02                   2016                2                   100000.0          1.96452174308398
731               0.02                   2020                2                   100000.0          1.96926697564054
732               0.02                   2024                2                   100000.0          1.97177696436513
733               0.02                   2028                2                   100000.0          1.97428887622666
734               0.02                   2032                2                   100000.0          1.97679687857807
735               0.02                   2036                2                   100000.0          1.97930653618638
736               0.02                   2040                2                   100000.0          1.98181774079886
737               0.02                   2044                2                   100000.0          1.98433038297522
738               0.02                   2048                2                   100000.0          1.98684435208453
739               0.02                   2052                2                   100000.0          1.99171610403242
740               0.02                   2056                2                   100000.0          1.99424960220818
741               0.02                   2060                2                   100000.0          1.99677823265283
742               0.02                   2064                2                   100000.0          1.99930776680493
743               0.02                   2068                2                   100000.0          2.00184408840046
744               0.02                   2072                2                   100000.0          2.0043751062766
745               0.02                   2076                2                   100000.0          2.0069127312489
746               0.02                   2080                2                   100000.0          2.00945084213495
747               0.02                   2084                2                   100000.0          2.01444614549323
748               0.02                   2088                2                   100000.0          2.01699648624426
749               0.02                   2092                2                   100000.0          2.01955316934847
750               0.02                   2096                2                   100000.0          2.02210370595017
751               0.02                   2100                2                   100000.0          2.02466039073176
752               0.02                   2104                2                   100000.0          2.02721689950583
753               0.02                   2108                2                   100000.0          2.02977310298733
754               0.02                   2112                2                   100000.0          2.03233521383596
755               0.02                   2116                2                   100000.0          2.03745069602055
756               0.02                   2120                2                   100000.0          2.04003001214845
757               0.02                   2124                2                   100000.0          2.04260218266353
758               0.02                   2128                2                   100000.0          2.04517995483563
759               0.02                   2132                2                   100000.0          2.04775676532043
760               0.02                   2136                2                   100000.0          2.0503324759798
761               0.02                   2140                2                   100000.0          2.05291352466854
762               0.02                   2144                2                   100000.0          2.05814131396956
763               0.02                   2148                2                   100000.0          2.06073846590942
764               0.02                   2152                2                   100000.0          2.0633407928715
765               0.02                   2156                2                   100000.0          2.06593479278044
766               0.02                   2160                2                   100000.0          2.0685337389747
767               0.02                   2164                2                   100000.0          2.07113757726197
768               0.02                   2168                2                   100000.0          2.07373261653831
769               0.02                   2172                2                   100000.0          2.07633916158625
770               0.02                   2176                2                   100000.0          2.08169409330203
771               0.02                   2180                2                   100000.0          2.08431552800331
772               0.02                   2184                2                   100000.0          2.08693452270082
773               0.02                   2188                2                   100000.0          2.08955792453638
774               0.02                   2192                2                   100000.0          2.09217863907272
775               0.02                   2196                2                   100000.0          2.09479650912681
776               0.02                   2200                2                   100000.0          2.09741847379187
777               0.02                   2204                2                   100000.0          2.10289476177627
778               0.02                   2208                2                   100000.0          2.10553041825287
779               0.02                   2212                2                   100000.0          2.10816995675061
780               0.02                   2216                2                   100000.0          2.11081331072047
781               0.02                   2220                2                   100000.0          2.11345312535308
782               0.02                   2224                2                   100000.0          2.1160965544645
783               0.02                   2228                2                   100000.0          2.11873617584526
784               0.02                   2232                2                   100000.0          2.12433937210387
785               0.02                   2236                2                   100000.0          2.12699896312527
786               0.02                   2240                2                   100000.0          2.1296543824546
787               0.02                   2244                2                   100000.0          2.13231297181552
788               0.02                   2248                2                   100000.0          2.13497465690059
789               0.02                   2252                2                   100000.0          2.13763178087011
790               0.02                   2256                2                   100000.0          2.14029939748533
791               0.02                   2260                2                   100000.0          2.1429622327596
792               0.02                   2264                2                   100000.0          2.1487071089915
793               0.02                   2268                2                   100000.0          2.15138114921377
794               0.02                   2272                2                   100000.0          2.15405772683046
795               0.02                   2276                2                   100000.0          2.1567367606925
796               0.02                   2280                2                   100000.0          2.1594103182928
797               0.02                   2284                2                   100000.0          2.16209398331161
798               0.02                   2288                2                   100000.0          2.16477985579773
799               0.02                   2292                2                   100000.0          2.17064802790797
800               0.02                   2296                2                   100000.0          2.17335195265406
801               0.02                   2300                2                   100000.0          2.17604981157174
802               0.02                   2304                2                   100000.0          2.17874950360458
803               0.02                   2308                2                   100000.0          2.18145093996494
804               0.02                   2312                2                   100000.0          2.18414586892674
805               0.02                   2316                2                   100000.0          2.18684229136386
806               0.02                   2320                2                   100000.0          2.1928483402054
807               0.02                   2324                2                   100000.0          2.19556172859706
808               0.02                   2328                2                   100000.0          2.19828470873631
809               0.02                   2332                2                   100000.0          2.2010005440737
810               0.02                   2336                2                   100000.0          2.20371744188243
811               0.02                   2340                2                   100000.0          2.20643530549343
812               0.02                   2344                2                   100000.0          2.20915403731848
813               0.02                   2348                2                   100000.0          2.21528842041979
814               0.02                   2352                2                   100000.0          2.21802316024479
815               0.02                   2356                2                   100000.0          2.22074987667769
816               0.02                   2360                2                   100000.0          2.22348568846134
817               0.02                   2364                2                   100000.0          2.22623060311938
818               0.02                   2368                2                   100000.0          2.22896714981627
819               0.02                   2372                2                   100000.0          2.23170388934649
820               0.02                   2376                2                   100000.0          2.23797359782716
821               0.02                   2380                2                   100000.0          2.2407253093739
822               0.02                   2384                2                   100000.0          2.24347692736234
823               0.02                   2388                2                   100000.0          2.24623730693102
824               0.02                   2392                2                   100000.0          2.24898844836937
825               0.02                   2396                2                   100000.0          2.25173916737387
826               0.02                   2400                2                   100000.0          2.2544984294486
827               0.02                   2404                2                   100000.0          2.26091120634903
828               0.02                   2408                2                   100000.0          2.26368447911755
829               0.02                   2412                2                   100000.0          2.26645698408379
830               0.02                   2416                2                   100000.0          2.26922860560693
831               0.02                   2420                2                   100000.0          2.27199922708582
832               0.02                   2424                2                   100000.0          2.27476873095939
833               0.02                   2428                2                   100000.0          2.2775369987077
834               0.02                   2432                2                   100000.0          2.28409185084102
835               0.02                   2436                2                   100000.0          2.28687289725603
836               0.02                   2440                2                   100000.0          2.28966191893084
837               0.02                   2444                2                   100000.0          2.29244932567492
838               0.02                   2448                2                   100000.0          2.29524461834032
839               0.02                   2452                2                   100000.0          2.29802846261303
840               0.02                   2456                2                   100000.0          2.30082002163299
841               0.02                   2460                2                   100000.0          2.30751577788907
842               0.02                   2464                2                   100000.0          2.31031908561037
843               0.02                   2468                2                   100000.0          2.31312012555769
844               0.02                   2472                2                   100000.0          2.31592867596339
845               0.02                   2476                2                   100000.0          2.31873477825427
846               0.02                   2480                2                   100000.0          2.32153830073672
847               0.02                   2484                2                   100000.0          2.32433911074856
848               0.02                   2488                2                   100000.0          2.33118445554318
849               0.02                   2492                2                   100000.0          2.33400590282143
850               0.02                   2496                2                   100000.0          2.33683453482457
851               0.02                   2500                2                   100000.0          2.33964985814201
852               0.02                   2504                2                   100000.0          2.34246189244856
853               0.02                   2508                2                   100000.0          2.34528082079453
854               0.02                   2512                2                   100000.0          2.34810662711039
855               0.02                   2516                2                   100000.0          2.3550902614439
856               0.02                   2520                2                   100000.0          2.3579254608724
857               0.02                   2524                2                   100000.0          2.36076738777995
858               0.02                   2528                2                   100000.0          2.36360544399552
859               0.02                   2532                2                   100000.0          2.36643948438459
860               0.02                   2536                2                   100000.0          2.36926936284905
861               0.02                   2540                2                   100000.0          2.37639841623405
862               0.02                   2544                2                   100000.0          2.37924730232522
863               0.02                   2548                2                   100000.0          2.38210252419051
864               0.02                   2552                2                   100000.0          2.38494228792784
865               0.02                   2556                2                   100000.0          2.3877990993975
866               0.02                   2560                2                   100000.0          2.39065112043496
867               0.02                   2564                2                   100000.0          2.39349819773246
868               0.02                   2568                2                   100000.0          2.40078518439629
869               0.02                   2572                2                   100000.0          2.40365041126699
870               0.02                   2576                2                   100000.0          2.40651032556174
871               0.02                   2580                2                   100000.0          2.4093760120274
872               0.02                   2584                2                   100000.0          2.41223615654181
873               0.02                   2588                2                   100000.0          2.41509059938073
874               0.02                   2592                2                   100000.0          2.42252290574127
875               0.02                   2596                2                   100000.0          2.42539461924651
876               0.02                   2600                2                   100000.0          2.42827175984377
877               0.02                   2604                2                   100000.0          2.43115429658245
878               0.02                   2608                2                   100000.0          2.43403058945363
879               0.02                   2612                2                   100000.0          2.43691212562298
880               0.02                   2616                2                   100000.0          2.44447815484697
881               0.02                   2620                2                   100000.0          2.44737634034406
882               0.02                   2624                2                   100000.0          2.45025594734036
883               0.02                   2628                2                   100000.0          2.45315234707937
884               0.02                   2632                2                   100000.0          2.45604176396992
885               0.02                   2636                2                   100000.0          2.45892402542891
886               0.02                   2640                2                   100000.0          2.4618109871724
887               0.02                   2644                2                   100000.0          2.46954492233459
888               0.02                   2648                2                   100000.0          2.47244743039646
889               0.02                   2652                2                   100000.0          2.47535449343437
890               0.02                   2656                2                   100000.0          2.47825379676539
891               0.02                   2660                2                   100000.0          2.48115748291476
892               0.02                   2664                2                   100000.0          2.48405314299738
893               0.02                   2668                2                   100000.0          2.49193168849033
894               0.02                   2672                2                   100000.0          2.49484195475181
895               0.02                   2676                2                   100000.0          2.49775630929178
896               0.02                   2680                2                   100000.0          2.50067470859125
897               0.02                   2684                2                   100000.0          2.5035844413757
898               0.02                   2688                2                   100000.0          2.50649803561623
899               0.02                   2692                2                   100000.0          2.51452078647705
900               0.02                   2696                2                   100000.0          2.51744817183723
901               0.02                   2700                2                   100000.0          2.52037924302545
902               0.02                   2704                2                   100000.0          2.52330098007409
903               0.02                   2708                2                   100000.0          2.5262262113622
904               0.02                   2712                2                   100000.0          2.52914181933611
905               0.02                   2716                2                   100000.0          2.5373214113413
906               0.02                   2720                2                   100000.0          2.5402497527681
907               0.02                   2724                2                   100000.0          2.54319453521232
908               0.02                   2728                2                   100000.0          2.54612918787302
909               0.02                   2732                2                   100000.0          2.5490535119752
910               0.02                   2736                2                   100000.0          2.55199416924148
911               0.02                   2740                2                   100000.0          2.56033075568009
912               0.02                   2744                2                   100000.0          2.56326983892197
913               0.02                   2748                2                   100000.0          2.56621161692806
914               0.02                   2752                2                   100000.0          2.56915603392383
915               0.02                   2756                2                   100000.0          2.57208928266999
916               0.02                   2760                2                   100000.0          2.57502495755952
917               0.02                   2764                2                   100000.0          2.58351832424746
918               0.02                   2768                2                   100000.0          2.58647877671788
919               0.02                   2772                2                   100000.0          2.58942750532753
920               0.02                   2776                2                   100000.0          2.59237837643355
921               0.02                   2780                2                   100000.0          2.59533132960116
922               0.02                   2784                2                   100000.0          2.59828630386561
923               0.02                   2788                2                   100000.0          2.60122900795226
924               0.02                   2792                2                   100000.0          2.6041735077513
925               0.02                   2796                2                   100000.0          2.61285381996018
926               0.02                   2800                2                   100000.0          2.61580772474224
927               0.02                   2804                2                   100000.0          2.61876318045282
928               0.02                   2808                2                   100000.0          2.62170555682303
929               0.02                   2812                2                   100000.0          2.62466386660509
930               0.02                   2816                2                   100000.0          2.62760886167192
931               0.02                   2820                2                   100000.0          2.63055503993081
932               0.02                   2824                2                   100000.0          2.63942767310377
933               0.02                   2828                2                   100000.0          2.64239687339629
934               0.02                   2832                2                   100000.0          2.64535213786487
935               0.02                   2836                2                   100000.0          2.64830825167133
936               0.02                   2840                2                   100000.0          2.65126514424315
937               0.02                   2844                2                   100000.0          2.66027167081404
938               0.02                   2848                2                   100000.0          2.66325103355529
939               0.02                   2852                2                   100000.0          2.66621569387481
940               0.02                   2856                2                   100000.0          2.66918078172062
941               0.02                   2860                2                   100000.0          2.67213080713945
942               0.02                   2864                2                   100000.0          2.68130199746569
943               0.02                   2868                2                   100000.0          2.68427374650761
944               0.02                   2872                2                   100000.0          2.6872612232583
945               0.02                   2876                2                   100000.0          2.69023307219764
946               0.02                   2880                2                   100000.0          2.69318905394819
947               0.02                   2884                2                   100000.0          2.70251035854737
948               0.02                   2888                2                   100000.0          2.70548745723048
949               0.02                   2892                2                   100000.0          2.70846415644844
950               0.02                   2896                2                   100000.0          2.71144037566172
951               0.02                   2900                2                   100000.0          2.71439989459601
952               0.02                   2904                2                   100000.0          2.71737485505495
953               0.02                   2908                2                   100000.0          2.72686786225862
954               0.02                   2912                2                   100000.0          2.72984700959398
955               0.02                   2916                2                   100000.0          2.73282519049967
956               0.02                   2920                2                   100000.0          2.73580232028163
957               0.02                   2924                2                   100000.0          2.73877831368027
958               0.02                   2928                2                   100000.0          2.748421984424
959               0.02                   2932                2                   100000.0          2.75140106613925
960               0.02                   2936                2                   100000.0          2.75439550712333
961               0.02                   2940                2                   100000.0          2.7573716065909
962               0.02                   2944                2                   100000.0          2.76034605390359
963               0.02                   2948                2                   100000.0          2.76331875962254
964               0.02                   2952                2                   100000.0          2.77311697479512
965               0.02                   2956                2                   100000.0          2.77610856058014
966               0.02                   2960                2                   100000.0          2.77909816211502
967               0.02                   2964                2                   100000.0          2.78208568711257
968               0.02                   2968                2                   100000.0          2.78505365159448
969               0.02                   2972                2                   100000.0          2.79503739333281
970               0.02                   2976                2                   100000.0          2.79802350403656
971               0.02                   2980                2                   100000.0          2.80100707437405
972               0.02                   2984                2                   100000.0          2.80398800840157
973               0.02                   2988                2                   100000.0          2.80696620961505
974               0.02                   2992                2                   100000.0          2.80994158095144
975               0.02                   2996                2                   100000.0          2.82007907766899
976               0.02                   3000                2                   100000.0          2.8230717399512
977               0.02                   3004                2                   100000.0          2.82606129996239
978               0.02                   3008                2                   100000.0          2.82902946892546
979               0.02                   3012                2                   100000.0          2.83201246519725
980               0.02                   3016                2                   100000.0          2.84231908519533
981               0.02                   3020                2                   100000.0          2.84531874534409
982               0.02                   3024                2                   100000.0          2.8482962772106
983               0.02                   3028                2                   100000.0          2.85126999834091
984               0.02                   3032                2                   100000.0          2.8542398045626
985               0.02                   3036                2                   100000.0          2.85720559115993
986               0.02                   3040                2                   100000.0          2.86770173768729
987               0.02                   3044                2                   100000.0          2.8706640594172
988               0.02                   3048                2                   100000.0          2.87364095412516
989               0.02                   3052                2                   100000.0          2.87661341812625
990               0.02                   3056                2                   100000.0          2.88726023004366
991               0.02                   3060                2                   100000.0          2.89022832317146
992               0.02                   3064                2                   100000.0          2.89321092939294
993               0.02                   3068                2                   100000.0          2.89618867931402
994               0.02                   3072                2                   100000.0          2.89914196061305
995               0.02                   3076                2                   100000.0          2.90210960316637
996               0.02                   3080                2                   100000.0          2.91292685879421
997               0.02                   3084                2                   100000.0          2.91590837726039
998               0.02                   3088                2                   100000.0          2.91886461211307
999               0.02                   3092                2                   100000.0          2.92183513284692
1000              0.02                   3096                2                   100000.0          2.92478001758178
1001              0.02                   3100                2                   100000.0          2.9357679455802
1002              0.02                   3104                2                   100000.0          2.93874577781205
1003              0.02                   3108                2                   100000.0          2.94169731066779
1004              0.02                   3112                2                   100000.0          2.94466298900199
1005              0.02                   3116                2                   100000.0          2.94762244369978
1006              0.02                   3120                2                   100000.0          2.95878167867816
1007              0.02                   3124                2                   100000.0          2.96175322702221
1008              0.02                   3128                2                   100000.0          2.96469743056675
1009              0.02                   3132                2                   100000.0          2.96763480292176
1010              0.02                   3136                2                   100000.0          2.97056522202192
1011              0.02                   3140                2                   100000.0          2.98191673850952
1012              0.02                   3144                2                   100000.0          2.98485800353287
1013              0.02                   3148                2                   100000.0          2.98779193831122
1014              0.02                   3152                2                   100000.0          2.99073969573525
1015              0.02                   3156                2                   100000.0          2.99365865755438
1016              0.02                   3160                2                   100000.0          3.0051821468545
1017              0.02                   3164                2                   100000.0          3.0081325199845
1018              0.02                   3168                2                   100000.0          3.01105337001569
1019              0.02                   3172                2                   100000.0          3.01398786021904
1020              0.02                   3176                2                   100000.0          3.01691424785678
1021              0.02                   3180                2                   100000.0          3.01981053489921
1022              0.02                   3184                2                   100000.0          3.02272026542502
1023              0.02                   3188                2                   100000.0          3.02562150431049
1024              0.02                   3192                2                   100000.0          3.03734626087253
1025              0.02                   3196                2                   100000.0          3.04025562707194
1026              0.02                   3200                2                   100000.0          3.04315608827919
1027              0.02                   3204                2                   100000.0          3.04604751156217
1028              0.02                   3208                2                   100000.0          3.04892976359553
1029              0.02                   3212                2                   100000.0          3.05180271066848
1030              0.02                   3216                2                   100000.0          3.06375935418538
1031              0.02                   3220                2                   100000.0          3.06663905610976
1032              0.02                   3224                2                   100000.0          3.06950902199431
1033              0.02                   3228                2                   100000.0          3.07239206499797
1034              0.02                   3232                2                   100000.0          3.08448043985814
1035              0.02                   3236                2                   100000.0          3.08734631071982
1036              0.02                   3240                2                   100000.0          3.09022517248545
1037              0.02                   3244                2                   100000.0          3.09307033611882
1038              0.02                   3248                2                   100000.0          3.10533686857014
1039              0.02                   3252                2                   100000.0          3.1082104572042
1040              0.02                   3256                2                   100000.0          3.11104952756299
1041              0.02                   3260                2                   100000.0          3.11390134523994
1042              0.02                   3264                2                   100000.0          3.12632353067444
1043              0.02                   3268                2                   100000.0          3.1291794013624
1044              0.02                   3272                2                   100000.0          3.13202387906333
1045              0.02                   3276                2                   100000.0          3.13488105754155
1046              0.02                   3280                2                   100000.0          3.13770238115753
1047              0.02                   3284                2                   100000.0          3.15029544430059
1048              0.02                   3288                2                   100000.0          3.15311937101995
1049              0.02                   3292                2                   100000.0          3.15593113039854
1050              0.02                   3296                2                   100000.0          3.15875532211423
1051              0.02                   3300                2                   100000.0          3.16156718411374
1052              0.02                   3304                2                   100000.0          3.17433014389054
1053              0.02                   3308                2                   100000.0          3.17714346891099
1054              0.02                   3312                2                   100000.0          3.17994396458739
1055              0.02                   3316                2                   100000.0          3.18273148061889
1056              0.02                   3320                2                   100000.0          3.19570105646374
1057              0.02                   3324                2                   100000.0          3.19848894253095
1058              0.02                   3328                2                   100000.0          3.2012633358969
1059              0.02                   3332                2                   100000.0          3.20404980437418
1060              0.02                   3336                2                   100000.0          3.21715043294896
1061              0.02                   3340                2                   100000.0          3.2199363218843
1062              0.02                   3344                2                   100000.0          3.22270817419622
1063              0.02                   3348                2                   100000.0          3.22546583463127
1064              0.02                   3352                2                   100000.0          3.22820914780804
1065              0.02                   3356                2                   100000.0          3.24150524056295
1066              0.02                   3360                2                   100000.0          3.24424633434687
1067              0.02                   3364                2                   100000.0          3.24697253990906
1068              0.02                   3368                2                   100000.0          3.24971042108563
1069              0.02                   3372                2                   100000.0          3.25243323400846
1070              0.02                   3376                2                   100000.0          3.26592464868579
1071              0.02                   3380                2                   100000.0          3.2686439348652
1072              0.02                   3384                2                   100000.0          3.27134759689392
1073              0.02                   3388                2                   100000.0          3.27403547479389
1074              0.02                   3392                2                   100000.0          3.27670740856774
1075              0.02                   3396                2                   100000.0          3.29036618371557
1076              0.02                   3400                2                   100000.0          3.29303273540859
1077              0.02                   3404                2                   100000.0          3.29571052213733
1078              0.02                   3408                2                   100000.0          3.29837176798369
1079              0.02                   3412                2                   100000.0          3.31218599453055
1080              0.02                   3416                2                   100000.0          3.31484076721916
1081              0.02                   3420                2                   100000.0          3.3175066557838
1082              0.02                   3424                2                   100000.0          3.33149485944385
1083              0.02                   3428                2                   100000.0          3.33415363927587
1084              0.02                   3432                2                   100000.0          3.33676616875194
1085              0.02                   3436                2                   100000.0          3.33938955053107
1086              0.02                   3440                2                   100000.0          3.34199501847168
1087              0.02                   3444                2                   100000.0          3.35617756517915
1088              0.02                   3448                2                   100000.0          3.35877394987885
1089              0.02                   3452                2                   100000.0          3.36135181204254
1090              0.02                   3456                2                   100000.0          3.36394029242988
1091              0.02                   3460                2                   100000.0          3.36648067507975
1092              0.02                   3464                2                   100000.0          3.38085646033685
1093              0.02                   3468                2                   100000.0          3.38341545368639
1094              0.02                   3472                2                   100000.0          3.38595510319115
1095              0.02                   3476                2                   100000.0          3.38847523968999
1096              0.02                   3480                2                   100000.0          3.4030358993495
1097              0.02                   3484                2                   100000.0          3.40557393942413
1098              0.02                   3488                2                   100000.0          3.40806163350019
1099              0.02                   3492                2                   100000.0          3.41055941146117
1100              0.02                   3496                2                   100000.0          3.42527476229752
1101              0.02                   3500                2                   100000.0          3.42778962844707
1102              0.02                   3504                2                   100000.0          3.43025294485365
1103              0.02                   3508                2                   100000.0          3.43269526011256
1104              0.02                   3512                2                   100000.0          3.44759560503871
1105              0.02                   3516                2                   100000.0          3.450022442743
1106              0.02                   3520                2                   100000.0          3.45245900553819
1107              0.02                   3524                2                   100000.0          3.46753898002341
1108              0.02                   3528                2                   100000.0          3.46995919067321
1109              0.02                   3532                2                   100000.0          3.47235720805989
1110              0.02                   3536                2                   100000.0          3.47476477788348
1111              0.02                   3540                2                   100000.0          3.47714994222949
1112              0.02                   3544                2                   100000.0          3.49238843434827
1113              0.02                   3548                2                   100000.0          3.49475526278848
1114              0.02                   3552                2                   100000.0          3.4971314644563
1115              0.02                   3556                2                   100000.0          3.49945201048734
1116              0.02                   3560                2                   100000.0          3.50178171544752
1117              0.02                   3564                2                   100000.0          3.51720839570066
1118              0.02                   3568                2                   100000.0          3.51951777807398
1119              0.02                   3572                2                   100000.0          3.52180316451671
1120              0.02                   3576                2                   100000.0          3.5240643801977
1121              0.02                   3580                2                   100000.0          3.53967455909756
1122              0.02                   3584                2                   100000.0          3.54191343874789
1123              0.02                   3588                2                   100000.0          3.54416106998752
1124              0.02                   3592                2                   100000.0          3.55991899214664
1125              0.02                   3596                2                   100000.0          3.56217722625713
1126              0.02                   3600                2                   100000.0          3.56437602059034
1127              0.02                   3604                2                   100000.0          3.58031652977732
1128              0.02                   3608                2                   100000.0          3.58252485099205
1129              0.02                   3612                2                   100000.0          3.58470712605549
1130              0.02                   3616                2                   100000.0          3.58686317822613
1131              0.02                   3620                2                   100000.0          3.60295263305225
1132              0.02                   3624                2                   100000.0          3.60508192616363
1133              0.02                   3628                2                   100000.0          3.60721944768807
1134              0.02                   3632                2                   100000.0          3.60932996871887
1135              0.02                   3636                2                   100000.0          3.62560190646296
1136              0.02                   3640                2                   100000.0          3.62768394658344
1137              0.02                   3644                2                   100000.0          3.62973824337172
1138              0.02                   3648                2                   100000.0          3.63180044515753
1139              0.02                   3652                2                   100000.0          3.6338346826993
1140              0.02                   3656                2                   100000.0          3.65028608558341
1141              0.02                   3660                2                   100000.0          3.65228949266039
1142              0.02                   3664                2                   100000.0          3.65426418403657
1143              0.02                   3668                2                   100000.0          3.65624645237704
1144              0.02                   3672                2                   100000.0          3.65819978485237
1145              0.02                   3676                2                   100000.0          3.67482730630873
1146              0.02                   3680                2                   100000.0          3.67674738856024
1147              0.02                   3684                2                   100000.0          3.67863777590497
1148              0.02                   3688                2                   100000.0          3.68049829642054
1149              0.02                   3692                2                   100000.0          3.69730310353362
1150              0.02                   3696                2                   100000.0          3.69916552933537
1151              0.02                   3700                2                   100000.0          3.70099744748659
1152              0.02                   3704                2                   100000.0          3.70279868708409
1153              0.02                   3708                2                   100000.0          3.71974177904936
1154              0.02                   3712                2                   100000.0          3.72154350436325
1155              0.02                   3716                2                   100000.0          3.72331390205457
1156              0.02                   3720                2                   100000.0          3.72505280252451
1157              0.02                   3724                2                   100000.0          3.72676003765611
1158              0.02                   3728                2                   100000.0          3.74386944840887
1159              0.02                   3732                2                   100000.0          3.74553639320653
1160              0.02                   3736                2                   100000.0          3.74720977948172
1161              0.02                   3740                2                   100000.0          3.74885067802124
1162              0.02                   3744                2                   100000.0          3.76613113770032
1163              0.02                   3748                2                   100000.0          3.76772968824266
1164              0.02                   3752                2                   100000.0          3.76933444995049
1165              0.02                   3756                2                   100000.0          3.78675512039779
1166              0.02                   3760                2                   100000.0          3.78831599234733
1167              0.02                   3764                2                   100000.0          3.78984292575042
1168              0.02                   3768                2                   100000.0          3.80748374492699
1169              0.02                   3772                2                   100000.0          3.80896477705197
1170              0.02                   3776                2                   100000.0          3.81045165225431
1171              0.02                   3780                2                   100000.0          3.82819160856547
1172              0.02                   3784                2                   100000.0          3.82963091039523
1173              0.02                   3788                2                   100000.0          3.84760564544651
1174              0.02                   3792                2                   100000.0          3.84899591798408
1175              0.02                   3796                2                   100000.0          3.85035013483648
1176              0.02                   3800                2                   100000.0          3.86846466705326
1177              0.02                   3804                2                   100000.0          3.86980974807317
1178              0.02                   3808                2                   100000.0          3.87111807691136
1179              0.02                   3812                2                   100000.0          3.87238949909084
1180              0.02                   3816                2                   100000.0          3.89062691066957
1181              0.02                   3820                2                   100000.0          3.89188744414466
1182              0.02                   3824                2                   100000.0          3.89311037057742
1183              0.02                   3828                2                   100000.0          3.89429553925884
1184              0.02                   3832                2                   100000.0          3.89544280174506
1185              0.02                   3836                2                   100000.0          3.91386771188368
1186              0.02                   3840                2                   100000.0          3.91495834337107
1187              0.02                   3844                2                   100000.0          3.91605376001527
1188              0.02                   3848                2                   100000.0          3.91711042477277
1189              0.02                   3852                2                   100000.0          3.93564964544362
1190              0.02                   3856                2                   100000.0          3.93664721150638
1191              0.02                   3860                2                   100000.0          3.93764934167081
1192              0.02                   3864                2                   100000.0          3.95631975717513
1193              0.02                   3868                2                   100000.0          3.95726094304263
1194              0.02                   3872                2                   100000.0          3.97612837267626
1195              0.02                   3876                2                   100000.0          3.97700686424883
1196              0.02                   3880                2                   100000.0          3.97784443345667
1197              0.02                   3884                2                   100000.0          3.99688735855574
1198              0.02                   3888                2                   100000.0          3.99770555179091
1199              0.02                   3892                2                   100000.0          3.99848210901706
