sep=	
DetectorAtFocus_RN	DetectorAtFocus_RS	DetectorAtFocus_RO	DetectorAtFocus_OX	DetectorAtFocus_OY	DetectorAtFocus_OZ	DetectorAtFocus_DX	DetectorAtFocus_DY	DetectorAtFocus_DZ	DetectorAtFocus_EN	DetectorAtFocus_PL	DetectorAtFocus_S0	DetectorAtFocus_S1	DetectorAtFocus_S2	DetectorAtFocus_S3
8491	2	1	0.0821248952379528	-0.0238597527698181	0	0.000110079320848529	0.000967662531043068	0.999999525755773	49.9972621868327	-0.467065912521775	7.97211e+10	7.40965e+10	-1.18804e+10	2.69048e+10
38452	2	1	0.109067229947092	-0.0091872004289108	0	-0.000686227167427106	-0.000212931228331895	0.99999974187625	50.0000720061675	2.2046458650766	7.74932e+10	7.7468e+10	7.96773e+08	-1.80076e+09
58618	2	1	0.00012734134099035	0.019112656454815	0	0.00107256955597647	0.000719337418830002	0.999999166073765	50.0003370719176	-2.6467110848198	7.90678e+10	7.4879e+10	-1.02453e+10	2.32327e+10
76404	2	1	0.124601828039467	-0.0131998219401381	0	-0.000682186003217155	0.000417726155830679	0.999999680063507	50.0001894837742	1.69191885593705	7.88641e+10	7.55983e+10	-9.08431e+09	2.05401e+10
