Simulation Number ExitSlit.openingHeight SU.photonEnergy SU.numberRays SU.electronSigmaX SU.electronSigmaY SU.electronSigmaYs PG.cFactor
0                 0.02                   500               100000.0          17.15             2.43              0.81               1.132207708766776
1                 0.02                   510               100000.0          17.15             2.43              0.81               1.134734428137802
2                  0.02                   520                100000.0           17.15              2.43               0.81               1.1371251937425453
3                  0.02                   530                100000.0           17.15              2.43               0.81               1.1396961390385214
4                  0.02                   540                100000.0           17.15              2.43               0.81               1.1421032315621116
5                  0.02                   550                100000.0           17.15              2.43               0.81               1.1446849391252194
6                  0.02                   560                100000.0           17.15              2.43               0.81               1.1470719240942415
7                  0.02                   570                100000.0           17.15              2.43               0.81               1.1496258456588988
8                  0.02                   580                100000.0           17.15              2.43               0.81               1.1519513659104534
9                  0.02                   590                100000.0           17.15              2.43               0.81               1.1544339730283155
10                 0.02                   600                100000.0           17.15              2.43               0.81               1.1570811972818376
11                 0.02                   610                100000.0           17.15              2.43               0.81               1.1594574070393264
12                0.02                   620               100000.0          17.15             2.43              0.81               1.161985984354807
13                 0.02                   630                100000.0           17.15              2.43               0.81               1.1642034075198844
14                 0.02                   640                100000.0           17.15              2.43               0.81               1.1665588848071584
15                 0.02                   650                100000.0           17.15              2.43               0.81               1.1690582049414966
16                 0.02                   660                100000.0           17.15              2.43               0.81               1.1711961460005302
17                 0.02                   670                100000.0           17.15              2.43               0.81               1.1739866608376612
18                 0.02                   680                100000.0           17.15              2.43               0.81               1.1763985939537458
19                0.02                   690               100000.0          17.15             2.43              0.81               1.178948889451767
20                 0.02                   700                100000.0           17.15              2.43               0.81               1.1816434119664396
21                 0.02                   710                100000.0           17.15              2.43               0.81               1.1844885304175683
22                 0.02                   720                100000.0           17.15              2.43               0.81               1.1868845751170944
23                 0.02                   730                100000.0           17.15              2.43               0.81               1.1894102416047256
24                 0.02                   740                100000.0           17.15              2.43               0.81               1.1920706597760105
25                 0.02                   750                100000.0           17.15              2.43               0.81               1.1948713752184863
26                 0.02                   760                100000.0           17.15              2.43               0.81               1.1971449744787888
27                 0.02                   770                100000.0           17.15              2.43               0.81               1.2002248790949313
28                 0.02                   780                100000.0           17.15              2.43               0.81               1.2027528561911225
29                0.02                   790               100000.0          17.15             2.43              0.81               1.205406795062256
30                 0.02                   800                100000.0           17.15              2.43               0.81               1.2081915211478749
31                0.02                   810              100000.0         17.15             2.43              0.81               1.21111222038318
32                 0.02                   820                100000.0           17.15              2.43               0.81               1.2141744627673512
33                0.02                   830               100000.0          17.15             2.43              0.81               1.216577539692153
34                 0.02                   840                100000.0           17.15              2.43               0.81               1.2199181257968412
35                0.02                   850               100000.0          17.15             2.43              0.81               1.225131389594826
36                 0.02                   860                100000.0           17.15              2.43               0.81               1.2270854739722483
37                 0.02                   870                100000.0           17.15              2.43               0.81               1.2291293841506865
38                 0.02                   880                100000.0           17.15              2.43               0.81               1.2303568559527955
39                 0.02                   890                100000.0           17.15              2.43               0.81               1.2316484350560246
40                 0.02                   900                100000.0           17.15              2.43               0.81               1.2339391645767503
41                 0.02                   910                100000.0           17.15              2.43               0.81               1.2353751421474406
42                 0.02                   920                100000.0           17.15              2.43               0.81               1.2378459593338642
43                 0.02                   930                100000.0           17.15              2.43               0.81               1.2394325836814508
44                 0.02                   940                100000.0           17.15              2.43               0.81               1.2420927666865087
45                 0.02                   950                100000.0           17.15              2.43               0.81               1.2438372185643578
46                 0.02                   960                100000.0           17.15              2.43               0.81               1.2456553214920838
47                0.02                   970               100000.0          17.15             2.43              0.81               1.248607695195856
48                0.02                   980               100000.0          17.15             2.43              0.81               1.250595615161144
49                0.02                   990              100000.0         17.15             2.43              0.81               1.25266275865464
50                 0.02                   1000               100000.0           17.15              2.43               0.81               1.2548110036432727
51                 0.02                   1010               100000.0           17.15              2.43               0.81               1.2581839125345742
52                0.02                   1020              100000.0          17.15             2.43              0.81               1.259358879746124
53                 0.02                   1030               100000.0           17.15              2.43               0.81               1.2617628504126932
54                 0.02                   1040               100000.0           17.15              2.43               0.81               1.2642566117790308
55                0.02                   1050              100000.0          17.15             2.43              0.81               1.265621692098661
56                0.02                   1060              100000.0          17.15             2.43              0.81               1.268278918030988
57                 0.02                   1070               100000.0           17.15              2.43               0.81               1.2697722552271808
58                0.02                   1080            100000.0        17.15             2.43              0.81               1.2726006895998
59                 0.02                   1090               100000.0           17.15              2.43               0.81               1.2742277512898723
60                 0.02                   1100               100000.0           17.15              2.43               0.81               1.2772359716415136
61                 0.02                   1110               100000.0           17.15              2.43               0.81               1.2790028881297952
62                 0.02                   1120               100000.0           17.15              2.43               0.81               1.2808327649365188
63                 0.02                   1130               100000.0           17.15              2.43               0.81               1.2827267662042796
64                 0.02                   1140               100000.0           17.15              2.43               0.81               1.2860935644012992
65                 0.02                   1150               100000.0           17.15              2.43               0.81               1.2881404145939348
66                 0.02                   1160               100000.0           17.15              2.43               0.81               1.2902559216101106
67                 0.02                   1170               100000.0           17.15              2.43               0.81               1.2924415389592534
68                 0.02                   1180               100000.0           17.15              2.43               0.81               1.2946987935982417
69                 0.02                   1190               100000.0           17.15              2.43               0.81               1.2970292885372767
70                 0.02                   1200               100000.0           17.15              2.43               0.81               1.2978919623625709
71                0.02                   1210              100000.0          17.15             2.43              0.81               1.300348967189501
72                0.02                   1220              100000.0          17.15             2.43              0.81               1.302883708455963
73                 0.02                   1230               100000.0           17.15              2.43               0.81               1.3054980940680712
74                 0.02                   1240               100000.0           17.15              2.43               0.81               1.3065588553520544
75                 0.02                   1250               100000.0           17.15              2.43               0.81               1.3093104754810685
76                 0.02                   1260               100000.0           17.15              2.43               0.81               1.3121471116557526
77                0.02                   1270              100000.0          17.15             2.43              0.81               1.313362205718772
78                 0.02                   1280               100000.0           17.15              2.43               0.81               1.3163451361427545
79                 0.02                   1290               100000.0           17.15              2.43               0.81               1.3176623432038903
80                0.02                   1300              100000.0          17.15             2.43              0.81               1.320797754381538
81                0.02                   1310             100000.0         17.15             2.43              0.81               1.32222080129718
82                 0.02                   1320               100000.0           17.15              2.43               0.81               1.3255154137881726
83                0.02                   1330              100000.0          17.15             2.43              0.81               1.327048404262545
84                 0.02                   1340               100000.0           17.15              2.43               0.81               1.3286279767482978
85                 0.02                   1350               100000.0           17.15              2.43               0.81               1.3302547444368489
86                0.02                   1360              100000.0          17.15             2.43              0.81               1.333852740883571
87                0.02                   1370              100000.0          17.15             2.43              0.81               1.335597568878755
88                0.02                   1380              100000.0          17.15             2.43              0.81               1.337392152067211
89                 0.02                   1390               100000.0           17.15              2.43               0.81               1.3392372404146506
90                 0.02                   1400               100000.0           17.15              2.43               0.81               1.3411336168348729
91                 0.02                   1410               100000.0           17.15              2.43               0.81               1.3430820979998586
92                 0.02                   1420               100000.0           17.15              2.43               0.81               1.3450835351988926
93                0.02                   1430              100000.0          17.15             2.43              0.81               1.347138815248563
94                 0.02                   1440               100000.0           17.15              2.43               0.81               1.3492488614553535
95                 0.02                   1450               100000.0           17.15              2.43               0.81               1.3514146346328102
96                0.02                   1460             100000.0         17.15             2.43              0.81               1.35363713417542
97                 0.02                   1470               100000.0           17.15              2.43               0.81               1.3559173991914872
98                 0.02                   1480               100000.0           17.15              2.43               0.81               1.3582565096972803
99                 0.02                   1490               100000.0           17.15              2.43               0.81               1.3606555878753217
100                0.02                   1500               100000.0           17.15              2.43               0.81               1.3631157993992875
101                0.02                   1510               100000.0           17.15              2.43               0.81               1.3656383548286375
102                0.02                   1520               100000.0           17.15              2.43               0.81               1.3682245110761406
103                0.02                   1530               100000.0           17.15              2.43               0.81               1.3684987697331177
104                0.02                   1540               100000.0           17.15              2.43               0.81               1.3711828845959593
105               0.02                   1550              100000.0          17.15             2.43              0.81               1.373933798538699
106               0.02                   1560              100000.0          17.15             2.43              0.81               1.374297508718704
107                0.02                   1570               100000.0           17.15              2.43               0.81               1.3771509864358744
108                0.02                   1580               100000.0           17.15              2.43               0.81               1.3800747890827474
109                0.02                   1590               100000.0           17.15              2.43               0.81               1.3805309200889648
110               0.02                   1600              100000.0          17.15             2.43              0.81               1.383562410751065
111                0.02                   1610               100000.0           17.15              2.43               0.81               1.3866681074941196
112                0.02                   1620               100000.0           17.15              2.43               0.81               1.3872201041311054
113                0.02                   1630               100000.0           17.15              2.43               0.81               1.3904391744385447
114                0.02                   1640               100000.0           17.15              2.43               0.81               1.3910524939608124
115                0.02                   1650               100000.0           17.15              2.43               0.81               1.3943885337529478
116                0.02                   1660               100000.0           17.15              2.43               0.81               1.3950645484815554
117                0.02                   1670               100000.0           17.15              2.43               0.81               1.3985213861890289
118                0.02                   1680               100000.0           17.15              2.43               0.81               1.3992615952852372
119                0.02                   1690               100000.0           17.15              2.43               0.81               1.4028433039827128
120                0.02                   1700               100000.0           17.15              2.43               0.81               1.4036493387576896
121                0.02                   1710               100000.0           17.15              2.43               0.81               1.4073602493996773
122                0.02                   1720               100000.0           17.15              2.43               0.81               1.4082338792269282
123                0.02                   1730               100000.0           17.15              2.43               0.81               1.4091330660521937
124               0.02                   1740              100000.0          17.15             2.43              0.81               1.413021733938582
125                0.02                   1750               100000.0           17.15              2.43               0.81               1.4139909691678851
126               0.02                   1760              100000.0          17.15             2.43              0.81               1.414986427833524
127                0.02                   1770               100000.0           17.15              2.43               0.81               1.4190612641001488
128                0.02                   1780               100000.0           17.15              2.43               0.81               1.4201295058910657
129                0.02                   1790               100000.0           17.15              2.43               0.81               1.4212247405366416
130                0.02                   1800               100000.0           17.15              2.43               0.81               1.4254949010421352
131               0.02                   1810              100000.0          17.15             2.43              0.81               1.426665953198782
132               0.02                   1820              100000.0          17.15             2.43              0.81               1.427864876314501
133                0.02                   1830               100000.0           17.15              2.43               0.81               1.4290918631416372
134                0.02                   1840               100000.0           17.15              2.43               0.81               1.4336184159480845
135                0.02                   1850               100000.0           17.15              2.43               0.81               1.4349253760946743
136               0.02                   1860              100000.0          17.15             2.43              0.81               1.436261424819158
137               0.02                   1870            100000.0        17.15             2.43              0.81               1.4376267948979
138               0.02                   1880              100000.0          17.15             2.43              0.81               1.439021727851663
139                0.02                   1890               100000.0           17.15              2.43               0.81               1.4438766302861077
140               0.02                   1900              100000.0          17.15             2.43              0.81               1.445357187644887
141                0.02                   1910               100000.0           17.15              2.43               0.81               1.4468685260190206
142                0.02                   1920               100000.0           17.15              2.43               0.81               1.4484109306310495
143                0.02                   1930               100000.0           17.15              2.43               0.81               1.4499846962108915
144                0.02                   1940               100000.0           17.15              2.43               0.81               1.4515901271332927
145               0.02                   1950              100000.0          17.15             2.43              0.81               1.453227537561713
146               0.02                   1960              100000.0          17.15             2.43              0.81               1.454897251599106
147                0.02                   1970               100000.0           17.15              2.43               0.81               1.4565996034457886
148                0.02                   1980               100000.0           17.15              2.43               0.81               1.4620569760582816
149                0.02                   1990               100000.0           17.15              2.43               0.81               1.4638561884094925
150                0.02                   2000               100000.0           17.15              2.43               0.81               1.4656896307688272
151               0.02                   2010              100000.0          17.15             2.43              0.81               1.467557689323989
152               0.02                   2020              100000.0          17.15             2.43              0.81               1.469460761515346
153               0.02                   2030             100000.0         17.15             2.43              0.81               1.47139925624609
154                0.02                   2040               100000.0           17.15              2.43               0.81               1.4733735941006716
155                0.02                   2050               100000.0           17.15              2.43               0.81               1.4753842075718304
156                0.02                   2060               100000.0           17.15              2.43               0.81               1.4774315412966934
157               0.02                   2070              100000.0          17.15             2.43              0.81               1.479516052301691
158                0.02                   2080               100000.0           17.15              2.43               0.81               1.4816382102571664
159                0.02                   2090               100000.0           17.15              2.43               0.81               1.4797097862360562
160                0.02                   2100               100000.0           17.15              2.43               0.81               1.4818717690716283
161                0.02                   2110               100000.0           17.15              2.43               0.81               1.4840722349920876
162                0.02                   2120               100000.0           17.15              2.43               0.81               1.4863116938282506
163               0.02                   2130              100000.0          17.15             2.43              0.81               1.488590669123882
164               0.02                   2140              100000.0          17.15             2.43              0.81               1.490909698441799
165                0.02                   2150               100000.0           17.15              2.43               0.81               1.4932693336813323
166                0.02                   2160               100000.0           17.15              2.43               0.81               1.4956701414070592
167                0.02                   2170               100000.0           17.15              2.43               0.81               1.4981127031897543
168                0.02                   2180               100000.0           17.15              2.43               0.81               1.5005976159594452
169               0.02                   2190              100000.0          17.15             2.43              0.81               1.503125492371472
170                0.02                   2200               100000.0           17.15              2.43               0.81               1.5012226792986705
171                0.02                   2210               100000.0           17.15              2.43               0.81               1.5037943662729942
172                0.02                   2220               100000.0           17.15              2.43               0.81               1.5064101542953967
173                0.02                   2230               100000.0           17.15              2.43               0.81               1.5090707056363442
174                0.02                   2240               100000.0           17.15              2.43               0.81               1.5117766998463873
175                0.02                   2250               100000.0           17.15              2.43               0.81               1.5145288341928238
176                0.02                   2260               100000.0           17.15              2.43               0.81               1.5126402032299888
177                0.02                   2270               100000.0           17.15              2.43               0.81               1.5154386620721718
178               0.02                   2280              100000.0          17.15             2.43              0.81               1.518284575583688
179                0.02                   2290               100000.0           17.15              2.43               0.81               1.5211786968242846
180               0.02                   2300              100000.0          17.15             2.43              0.81               1.524121798434274
181               0.02                   2310              100000.0          17.15             2.43              0.81               1.522244268623915
182                0.02                   2320               100000.0           17.15              2.43               0.81               1.5252360119812969
183                0.02                   2330               100000.0           17.15              2.43               0.81               1.5282782074662329
184               0.02                   2340             100000.0         17.15             2.43              0.81               1.53137168932571
185                0.02                   2350               100000.0           17.15              2.43               0.81               1.5295040682729268
186                0.02                   2360               100000.0           17.15              2.43               0.81               1.5326481031475945
187                0.02                   2370               100000.0           17.15              2.43               0.81               1.5358450245360062
188                0.02                   2380               100000.0           17.15              2.43               0.81               1.5390957332195696
189               0.02                   2390              100000.0          17.15             2.43              0.81               1.537236340438018
190               0.02                   2400             100000.0         17.15             2.43              0.81               1.54053971883028
191               0.02                   2410              100000.0          17.15             2.43              0.81               1.543898622938011
192                0.02                   2420               100000.0           17.15              2.43               0.81               1.5420481701571545
193                0.02                   2430               100000.0           17.15              2.43               0.81               1.5454612163854078
194                0.02                   2440               100000.0           17.15              2.43               0.81               1.5489316250097802
195                0.02                   2450               100000.0           17.15              2.43               0.81               1.5524604200208103
196                0.02                   2460               100000.0           17.15              2.43               0.81               1.5506153812140655
197                0.02                   2470               100000.0           17.15              2.43               0.81               1.5542008110611496
198                0.02                   2480               100000.0           17.15              2.43               0.81               1.5578466214668023
199                0.02                   2490               100000.0           17.15              2.43               0.81               1.5560085146306568
200                0.02                   2500               100000.0           17.15              2.43               0.81               1.5597127003734337
201                0.02                   2510               100000.0           17.15              2.43               0.81               1.5634793730249614
202               0.02                   2520             100000.0         17.15             2.43              0.81               1.56164737458027
203                0.02                   2530               100000.0           17.15              2.43               0.81               1.5654742801499508
204                0.02                   2540               100000.0           17.15              2.43               0.81               1.5636511682459822
205                0.02                   2550               100000.0           17.15              2.43               0.81               1.5675391969459505
206               0.02                   2560              100000.0          17.15             2.43              0.81               1.571493027829385
207                0.02                   2570               100000.0           17.15              2.43               0.81               1.5696747195308494
208                0.02                   2580               100000.0           17.15              2.43               0.81               1.5736917189644355
209               0.02                   2590              100000.0          17.15             2.43              0.81               1.577776935583556
210               0.02                   2600              100000.0          17.15             2.43              0.81               1.575962641452958
211               0.02                   2610            100000.0        17.15             2.43              0.81               1.5801132048992
212                0.02                   2620               100000.0           17.15              2.43               0.81               1.5783065069993836
213                0.02                   2630               100000.0           17.15              2.43               0.81               1.5825234764800369
214                0.02                   2640               100000.0           17.15              2.43               0.81               1.5868124741356575
215               0.02                   2650             100000.0         17.15             2.43              0.81               1.58500854061911
216               0.02                   2660              100000.0          17.15             2.43              0.81               1.589366336428706
217                0.02                   2670               100000.0           17.15              2.43               0.81               1.5875692307132168
218                0.02                   2680               100000.0           17.15              2.43               0.81               1.5919969962841978
219                0.02                   2690               100000.0           17.15              2.43               0.81               1.5965009345656354
220                0.02                   2700               100000.0           17.15              2.43               0.81               1.5947053706962049
221                0.02                   2710               100000.0           17.15              2.43               0.81               1.5992819032235883
222                0.02                   2720               100000.0           17.15              2.43               0.81               1.5974924221866822
223               0.02                   2730              100000.0          17.15             2.43              0.81               1.602142842423937
224                0.02                   2740               100000.0           17.15              2.43               0.81               1.6003591596487248
225               0.02                   2750              100000.0          17.15             2.43              0.81               1.605084804231357
226                0.02                   2760               100000.0           17.15              2.43               0.81               1.6033066392525386
227                0.02                   2770               100000.0           17.15              2.43               0.81               1.6081088891751008
228                0.02                   2780               100000.0           17.15              2.43               0.81               1.6063359654153289
229               0.02                   2790              100000.0          17.15             2.43              0.81               1.611216247279091
230               0.02                   2800              100000.0          17.15             2.43              0.81               1.616181972619525
231                0.02                   2810               100000.0           17.15              2.43               0.81               1.6144080791599102
232                0.02                   2820               100000.0           17.15              2.43               0.81               1.6194549912065583
233                0.02                   2830               100000.0           17.15              2.43               0.81               1.6176856371954649
234                0.02                   2840               100000.0           17.15              2.43               0.81               1.6228153074036644
235                0.02                   2850               100000.0           17.15              2.43               0.81               1.6210502267657252
236                0.02                   2860               100000.0           17.15              2.43               0.81               1.6262642779434755
237                0.02                   2870               100000.0           17.15              2.43               0.81               1.6245032075686203
238                0.02                   2880               100000.0           17.15              2.43               0.81               1.6298033154594531
239                0.02                   2890               100000.0           17.15              2.43               0.81               1.6280459950130517
240               0.02                   2900             100000.0         17.15             2.43              0.81               1.63343388995551
241                0.02                   2910               100000.0           17.15              2.43               0.81               1.6316800616926097
242               0.02                   2920             100000.0         17.15             2.43              0.81               1.63715753035871
243                0.02                   2930               100000.0           17.15              2.43               0.81               1.6354069389421153
244                0.02                   2940               100000.0           17.15              2.43               0.81               1.6409758261590612
245                0.02                   2950               100000.0           17.15              2.43               0.81               1.6392282184809044
246                0.02                   2960               100000.0           17.15              2.43               0.81               1.6448904291395992
247               0.02                   2970              100000.0          17.15             2.43              0.81               1.643145554146061
248               0.02                   2980              100000.0          17.15             2.43              0.81               1.641410541744751
249                0.02                   2990               100000.0           17.15              2.43               0.81               1.6471606637192069
250                0.02                   3000               100000.0           17.15              2.43               0.81               1.6454280499468952
251               0.02                   3010              100000.0          17.15             2.43              0.81               1.651275330850999
252               0.02                   3020              100000.0          17.15             2.43              0.81               1.649544870675258
253                0.02                   3030               100000.0           17.15              2.43               0.81               1.6554914070875484
254                0.02                   3040               100000.0           17.15              2.43               0.81               1.6537628569622336
255                0.02                   3050               100000.0           17.15              2.43               0.81               1.6598108140031744
256                0.02                   3060               100000.0           17.15              2.43               0.81               1.6580839317055875
257               0.02                   3070              100000.0          17.15             2.43              0.81               1.664235545444668
258               0.02                   3080              100000.0          17.15             2.43              0.81               1.662510089914163
259                0.02                   3090               100000.0           17.15              2.43               0.81               1.6607940163096742
260                0.02                   3100               100000.0           17.15              2.43               0.81               1.6670434010698585
261               0.02                   3110              100000.0          17.15             2.43              0.81               1.665328442026192
262                0.02                   3120               100000.0           17.15              2.43               0.81               1.6716860116113317
263                0.02                   3130               100000.0           17.15              2.43               0.81               1.6699719300409566
264               0.02                   3140              100000.0          17.15             2.43              0.81               1.668267011431913
265               0.02                   3150              100000.0          17.15             2.43              0.81               1.674726707000734
266               0.02                   3160              100000.0          17.15             2.43              0.81               1.673022362549477
267                0.02                   3170               100000.0           17.15              2.43               0.81               1.6795950817105958
268               0.02                   3180              100000.0          17.15             2.43              0.81               1.677891077460996
269               0.02                   3190              100000.0          17.15             2.43              0.81               1.684579448019938
270                0.02                   3200               100000.0           17.15              2.43               0.81               1.6828755503052293
271                0.02                   3210               100000.0           17.15              2.43               0.81               1.6811805480762223
272                0.02                   3220               100000.0           17.15              2.43               0.81               1.6879782631459612
273                0.02                   3230               100000.0           17.15              2.43               0.81               1.6862830739180388
274                0.02                   3240               100000.0           17.15              2.43               0.81               1.6932017891609203
275                0.02                   3250               100000.0           17.15              2.43               0.81               1.6915061812478929
276               0.02                   3260             100000.0         17.15             2.43              0.81               1.68981928051093
277                0.02                   3270               100000.0           17.15              2.43               0.81               1.6968525375040306
278                0.02                   3280               100000.0           17.15              2.43               0.81               1.6951649307722976
279                0.02                   3290               100000.0           17.15              2.43               0.81               1.6934859072864616
280               0.02                   3300              100000.0          17.15             2.43              0.81               1.700636364752074
281                0.02                   3310               100000.0           17.15              2.43               0.81               1.6989563519971118
282               0.02                   3320              100000.0          17.15             2.43              0.81               1.706236448721782
283                0.02                   3330               100000.0           17.15              2.43               0.81               1.7045552173842822
284                0.02                   3340               100000.0           17.15              2.43               0.81               1.7028823993178976
285               0.02                   3350              100000.0          17.15             2.43              0.81               1.710285474274982
286                0.02                   3360               100000.0           17.15              2.43               0.81               1.7086111589875268
287                0.02                   3370               100000.0           17.15              2.43               0.81               1.7069451437616203
288               0.02                   3380              100000.0          17.15             2.43              0.81               1.714474160923468
289               0.02                   3390              100000.0          17.15             2.43              0.81               1.712806372987737
290                0.02                   3400               100000.0           17.15              2.43               0.81               1.7204745976369245
291                0.02                   3410               100000.0           17.15              2.43               0.81               1.7188048082329632
292                0.02                   3420               100000.0           17.15              2.43               0.81               1.7171431656232106
293               0.02                   3430              100000.0          17.15             2.43              0.81               1.724943758665239
294                0.02                   3440               100000.0           17.15              2.43               0.81               1.7232798422407167
295                0.02                   3450               100000.0           17.15              2.43               0.81               1.7216239691694912
296                0.02                   3460               100000.0           17.15              2.43               0.81               1.7295602358378768
297                0.02                   3470               100000.0           17.15              2.43               0.81               1.7279018189252318
298               0.02                   3480             100000.0         17.15             2.43              0.81               1.72625134542296
299                0.02                   3490               100000.0           17.15              2.43               0.81               1.7343267132868956
300               0.02                   3500              100000.0          17.15             2.43              0.81               1.732673427946283
301                0.02                   3510               100000.0           17.15              2.43               0.81               1.7310279894537783
302               0.02                   3520              100000.0          17.15             2.43              0.81               1.739246013248709
303                0.02                   3530               100000.0           17.15              2.43               0.81               1.7375974966666776
304                0.02                   3540               100000.0           17.15              2.43               0.81               1.7359567336396695
305                0.02                   3550               100000.0           17.15              2.43               0.81               1.7443211003669596
306                0.02                   3560               100000.0           17.15              2.43               0.81               1.7426769944663745
307                0.02                   3570               100000.0           17.15              2.43               0.81               1.7410405519908358
308                0.02                   3580               100000.0           17.15              2.43               0.81               1.7495550863034184
309                0.02                   3590               100000.0           17.15              2.43               0.81               1.7479150373635002
310                0.02                   3600               100000.0           17.15              2.43               0.81               1.7462825647808422
311                0.02                   3610               100000.0           17.15              2.43               0.81               1.7549512346699456
312                0.02                   3620               100000.0           17.15              2.43               0.81               1.7533148929553348
313                0.02                   3630               100000.0           17.15              2.43               0.81               1.7516860434966464
314                0.02                   3640               100000.0           17.15              2.43               0.81               1.7605129662972694
315                0.02                   3650               100000.0           17.15              2.43               0.81               1.7588799856957968
316                0.02                   3660               100000.0           17.15              2.43               0.81               1.7572544161240984
317               0.02                   3670              100000.0          17.15             2.43              0.81               1.755636205175242
318                0.02                   3680               100000.0           17.15              2.43               0.81               1.7646139025254917
319                0.02                   3690               100000.0           17.15              2.43               0.81               1.7629912727850992
320                0.02                   3700               100000.0           17.15              2.43               0.81               1.7613759242220697
321               0.02                   3710              100000.0          17.15             2.43              0.81               1.770520398873468
322                0.02                   3720               100000.0           17.15              2.43               0.81               1.7689003717457807
323                0.02                   3730               100000.0           17.15              2.43               0.81               1.7672875510211297
324                0.02                   3740               100000.0           17.15              2.43               0.81               1.7766034050503785
325                0.02                   3750               100000.0           17.15              2.43               0.81               1.7749856458150923
326               0.02                   3760              100000.0          17.15             2.43              0.81               1.773375020802706
327               0.02                   3770              100000.0          17.15             2.43              0.81               1.771771480946978
328                0.02                   3780               100000.0           17.15              2.43               0.81               1.7812512091553996
329                0.02                   3790               100000.0           17.15              2.43               0.81               1.7796424498202286
330                0.02                   3800               100000.0           17.15              2.43               0.81               1.7780407068622284
331                0.02                   3810               100000.0           17.15              2.43               0.81               1.7877013645296769
332                0.02                   3820               100000.0           17.15              2.43               0.81               1.7860941426011698
333                0.02                   3830               100000.0           17.15              2.43               0.81               1.7844938706914268
334                0.02                   3840               100000.0           17.15              2.43               0.81               1.7829005019012547
335                0.02                   3850               100000.0           17.15              2.43               0.81               1.7927345996572543
336               0.02                   3860              100000.0          17.15             2.43              0.81               1.791135474322307
337               0.02                   3870              100000.0          17.15             2.43              0.81               1.789543188913593
338               0.02                   3880              100000.0          17.15             2.43              0.81               1.799568525683947
339                0.02                   3890               100000.0           17.15              2.43               0.81               1.7979702235081925
340               0.02                   3900              100000.0          17.15             2.43              0.81               1.796378700332287
341               0.02                   3910              100000.0          17.15             2.43              0.81               1.794793911258819
342                0.02                   3920               100000.0           17.15              2.43               0.81               1.8050030365856649
343                0.02                   3930               100000.0           17.15              2.43               0.81               1.8034119551775305
344               0.02                   3940              100000.0          17.15             2.43              0.81               1.801827549899249
345                0.02                   3950               100000.0           17.15              2.43               0.81               1.8002497769950705
346                0.02                   3960               100000.0           17.15              2.43               0.81               1.8106480940068173
347                0.02                   3970               100000.0           17.15              2.43               0.81               1.8090637545587116
348                0.02                   3980               100000.0           17.15              2.43               0.81               1.8074859923513016
349                0.02                   3990               100000.0           17.15              2.43               0.81               1.8059147647217035
350               0.02                   4000            100000.0        17.15             2.43              0.81               1.8165078971895
351                0.02                   4010               100000.0           17.15              2.43               0.81               1.8149298297747805
352                0.02                   4020               100000.0           17.15              2.43               0.81               1.8133582445358425
353               0.02                   4030              100000.0          17.15             2.43              0.81               1.811793099856339
354                0.02                   4040               100000.0           17.15              2.43               0.81               1.8225869024136407
355               0.02                   4050              100000.0          17.15             2.43              0.81               1.821014645293049
356                0.02                   4060               100000.0           17.15              2.43               0.81               1.8194487789598404
357               0.02                   4070            100000.0        17.15             2.43              0.81               1.8178892628002
358               0.02                   4080             100000.0         17.15             2.43              0.81               1.82888983180397
359                0.02                   4090               100000.0           17.15              2.43               0.81               1.8273229307559096
360               0.02                   4100              100000.0          17.15             2.43              0.81               1.825762332643879
361               0.02                   4110              100000.0          17.15             2.43              0.81               1.824207997814918
362                0.02                   4120               100000.0           17.15              2.43               0.81               1.8354216828887957
363                0.02                   4130               100000.0           17.15              2.43               0.81               1.8338596905608369
364                0.02                   4140               100000.0           17.15              2.43               0.81               1.8323039167231907
365               0.02                   4150              100000.0          17.15             2.43              0.81               1.830754322643766
366                0.02                   4160               100000.0           17.15              2.43               0.81               1.8421877389505812
367               0.02                   4170              100000.0          17.15             2.43              0.81               1.840630214230436
368               0.02                   4180              100000.0          17.15             2.43              0.81               1.839078826836328
369               0.02                   4190              100000.0          17.15             2.43              0.81               1.837533538919229
370               0.02                   4200              100000.0          17.15             2.43              0.81               1.849193580209916
371               0.02                   4210              100000.0          17.15             2.43              0.81               1.847640087613381
372                0.02                   4220               100000.0           17.15              2.43               0.81               1.8460926543429432
373                0.02                   4230               100000.0           17.15              2.43               0.81               1.8445512433965008
374                0.02                   4240               100000.0           17.15              2.43               0.81               1.8564450958913872
375               0.02                   4250              100000.0          17.15             2.43              0.81               1.854895204965564
376                0.02                   4260               100000.0           17.15              2.43               0.81               1.8533512984196907
377               0.02                   4270              100000.0          17.15             2.43              0.81               1.851813340064136
378               0.02                   4280              100000.0          17.15             2.43              0.81               1.850281294009451
379                0.02                   4290               100000.0           17.15              2.43               0.81               1.8624017819627336
380               0.02                   4300              100000.0          17.15             2.43              0.81               1.860860979085564
381                0.02                   4310               100000.0           17.15              2.43               0.81               1.8593260531817557
382                0.02                   4320               100000.0           17.15              2.43               0.81               1.8577969691322087
383                0.02                   4330               100000.0           17.15              2.43               0.81               1.8701663697024928
384               0.02                   4340              100000.0          17.15             2.43              0.81               1.868628251215016
385                0.02                   4350               100000.0           17.15              2.43               0.81               1.8670959413036687
386                0.02                   4360               100000.0           17.15              2.43               0.81               1.8655694055889125
387               0.02                   4370              100000.0          17.15             2.43              0.81               1.864048609970482
388               0.02                   4380              100000.0          17.15             2.43              0.81               1.876660019601864
389                0.02                   4390               100000.0           17.15              2.43               0.81               1.8751299123518412
390               0.02                   4400              100000.0          17.15             2.43              0.81               1.873605514339535
391               0.02                   4410              100000.0          17.15             2.43              0.81               1.872086792166523
392               0.02                   4420              100000.0          17.15             2.43              0.81               1.870573712702338
393                0.02                   4430               100000.0           17.15              2.43               0.81               1.8834352398069245
394                0.02                   4440               100000.0           17.15              2.43               0.81               1.8819125713634308
395                0.02                   4450               100000.0           17.15              2.43               0.81               1.8803955170882107
396                0.02                   4460               100000.0           17.15              2.43               0.81               1.8788840445169697
397               0.02                   4470              100000.0          17.15             2.43              0.81               1.892019580094373
398               0.02                   4480              100000.0          17.15             2.43              0.81               1.890498235050168
399                0.02                   4490               100000.0           17.15              2.43               0.81               1.8889824450107364
400                0.02                   4500               100000.0           17.15              2.43               0.81               1.8874721781515744
401                0.02                   4510               100000.0           17.15              2.43               0.81               1.8859674028984272
402                0.02                   4520               100000.0           17.15              2.43               0.81               1.8993705648674133
403               0.02                   4530              100000.0          17.15             2.43              0.81               1.897855636760752
404                0.02                   4540               100000.0           17.15              2.43               0.81               1.8963461757188005
405                0.02                   4550               100000.0           17.15              2.43               0.81               1.8948421507748932
406               0.02                   4560              100000.0          17.15             2.43              0.81               1.893343531203232
407               0.02                   4570              100000.0          17.15             2.43              0.81               1.907023573753288
408               0.02                   4580              100000.0          17.15             2.43              0.81               1.905514519399374
409                0.02                   4590               100000.0           17.15              2.43               0.81               1.9040108479511957
410                0.02                   4600               100000.0           17.15              2.43               0.81               1.9025125292600675
411               0.02                   4610              100000.0          17.15             2.43              0.81               1.901019533409316
412                0.02                   4620               100000.0           17.15              2.43               0.81               1.9149861329455031
413                0.02                   4630               100000.0           17.15              2.43               0.81               1.9134824183607848
414               0.02                   4640             100000.0         17.15             2.43              0.81               1.91198400614754
415               0.02                   4650              100000.0          17.15             2.43              0.81               1.910490866937479
416               0.02                   4660              100000.0          17.15             2.43              0.81               1.909002971585538
417               0.02                   4670              100000.0          17.15             2.43              0.81               1.907520291168212
418                0.02                   4680               100000.0           17.15              2.43               0.81               1.9217673495324727
419                0.02                   4690               100000.0           17.15              2.43               0.81               1.9202736743136133
420                0.02                   4700               100000.0           17.15              2.43               0.81               1.9187851957862736
421               0.02                   4710              100000.0          17.15             2.43              0.81               1.917301885542076
422                0.02                   4720               100000.0           17.15              2.43               0.81               1.9158237153860092
423               0.02                   4730              100000.0          17.15             2.43              0.81               1.930377830614504
424               0.02                   4740              100000.0          17.15             2.43              0.81               1.928888377367968
425                0.02                   4750               100000.0           17.15              2.43               0.81               1.9274040478083128
426                0.02                   4760               100000.0           17.15              2.43               0.81               1.9259248142300156
427                0.02                   4770               100000.0           17.15              2.43               0.81               1.9244506491338216
428               0.02                   4780              100000.0          17.15             2.43              0.81               1.939322904312526
429                0.02                   4790               100000.0           17.15              2.43               0.81               1.9378371643589385
430               0.02                   4800             100000.0         17.15             2.43              0.81               1.93635647826721
431               0.02                   4810             100000.0         17.15             2.43              0.81               1.93488081900334
432               0.02                   4820              100000.0          17.15             2.43              0.81               1.933410159732219
433                0.02                   4830               100000.0           17.15              2.43               0.81               1.9319444738155251
434                0.02                   4840               100000.0           17.15              2.43               0.81               1.9471296336782868
435                0.02                   4850               100000.0           17.15              2.43               0.81               1.9456520909224837
436                0.02                   4860               100000.0           17.15              2.43               0.81               1.9441795088716889
437               0.02                   4870             100000.0         17.15             2.43              0.81               1.94271186132522
438                0.02                   4880               100000.0           17.15              2.43               0.81               1.9412491222726824
439                0.02                   4890               100000.0           17.15              2.43               0.81               1.9397912658921956
440                0.02                   4900               100000.0           17.15              2.43               0.81               1.9553010653989211
441                0.02                   4910               100000.0           17.15              2.43               0.81               1.9538310678854989
442               0.02                   4920              100000.0          17.15             2.43              0.81               1.952365942280483
443                0.02                   4930               100000.0           17.15              2.43               0.81               1.9509056631733168
444                0.02                   4940               100000.0           17.15              2.43               0.81               1.9494502053360063
445                0.02                   4950               100000.0           17.15              2.43               0.81               1.9479995437207804
446               0.02                   4960              100000.0          17.15             2.43              0.81               1.963846284811124
447               0.02                   4970              100000.0          17.15             2.43              0.81               1.962383194876298
448                0.02                   4980               100000.0           17.15              2.43               0.81               1.9609248922077431
449               0.02                   4990              100000.0          17.15             2.43              0.81               1.959471352144688
450               0.02                   5000              100000.0          17.15             2.43              0.81               1.958022550201222
451                0.02                   5010               100000.0           17.15              2.43               0.81               1.9565784620645184
452                0.02                   5020               100000.0           17.15              2.43               0.81               1.9727750474488848
453                0.02                   5030               100000.0           17.15              2.43               0.81               1.9713182403340197
454                0.02                   5040               100000.0           17.15              2.43               0.81               1.9698661398059096
455                0.02                   5050               100000.0           17.15              2.43               0.81               1.9684187219156923
456               0.02                   5060             100000.0         17.15             2.43              0.81               1.96697596288201
457               0.02                   5070              100000.0          17.15             2.43              0.81               1.965537839089632
458                0.02                   5080               100000.0           17.15              2.43               0.81               1.9820978085850207
459                0.02                   5090               100000.0           17.15              2.43               0.81               1.9806466711036157
460                0.02                   5100               100000.0           17.15              2.43               0.81               1.9792001633138585
461                0.02                   5110               100000.0           17.15              2.43               0.81               1.9777582619426608
462                0.02                   5120               100000.0           17.15              2.43               0.81               1.9763209438778893
463                0.02                   5130               100000.0           17.15              2.43               0.81               1.9748881861671344
464                0.02                   5140               100000.0           17.15              2.43               0.81               1.9918257557910668
465               0.02                   5150              100000.0          17.15             2.43              0.81               1.990379685043704
466                0.02                   5160               100000.0           17.15              2.43               0.81               1.9889381707106528
467                0.02                   5170               100000.0           17.15              2.43               0.81               1.9875011901609607
468                0.02                   5180               100000.0           17.15              2.43               0.81               1.9860687209184664
469               0.02                   5190              100000.0          17.15             2.43              0.81               1.984640740660336
470                0.02                   5200               100000.0           17.15              2.43               0.81               1.9832172272155888
471               0.02                   5210              100000.0          17.15             2.43              0.81               2.000529246851564
472                0.02                   5220               100000.0           17.15              2.43               0.81               1.9990921355812343
473                0.02                   5230               100000.0           17.15              2.43               0.81               1.9976594888901007
474               0.02                   5240              100000.0          17.15             2.43              0.81               1.996231284906487
475               0.02                   5250              100000.0          17.15             2.43              0.81               1.994807501906064
476                0.02                   5260               100000.0           17.15              2.43               0.81               1.9933881183107005
477                0.02                   5270               100000.0           17.15              2.43               0.81               2.0111081273387645
478                0.02                   5280               100000.0           17.15              2.43               0.81               2.0096748364256736
479                0.02                   5290               100000.0           17.15              2.43               0.81               2.0082459441761618
480               0.02                   5300              100000.0          17.15             2.43              0.81               2.006821429293145
481                0.02                   5310               100000.0           17.15              2.43               0.81               2.0054012706216646
482                0.02                   5320               100000.0           17.15              2.43               0.81               2.0039854471472918
483               0.02                   5330              100000.0          17.15             2.43              0.81               2.002573937995342
484                0.02                   5340               100000.0           17.15              2.43               0.81               2.0206998996719405
485               0.02                   5350              100000.0          17.15             2.43              0.81               2.019274188832056
486                0.02                   5360               100000.0           17.15              2.43               0.81               2.0178527931454946
487               0.02                   5370              100000.0          17.15             2.43              0.81               2.016435691998448
488                0.02                   5380               100000.0           17.15              2.43               0.81               2.0150228649131567
489                0.02                   5390               100000.0           17.15              2.43               0.81               2.0136142915459367
490                0.02                   5400               100000.0           17.15              2.43               0.81               2.0122099516866663
491               0.02                   5410              100000.0          17.15             2.43              0.81               2.030758749470886
492               0.02                   5420              100000.0          17.15             2.43              0.81               2.029339908200454
493               0.02                   5430              100000.0          17.15             2.43              0.81               2.027925302777187
494                0.02                   5440               100000.0           17.15              2.43               0.81               2.0265149132333886
495                0.02                   5450               100000.0           17.15              2.43               0.81               2.0251087197311715
496               0.02                   5460              100000.0          17.15             2.43              0.81               2.023706702561029
497               0.02                   5470              100000.0          17.15             2.43              0.81               2.022308842141121
498                0.02                   5480               100000.0           17.15              2.43               0.81               2.0412982502327752
499               0.02                   5490             100000.0         17.15             2.43              0.81               2.03988558263058
500               0.02                   5500             100000.0         17.15             2.43              0.81               2.03847707556838
501                0.02                   5510               100000.0           17.15              2.43               0.81               2.0370727096894248
502                0.02                   5520               100000.0           17.15              2.43               0.81               2.0356724657609844
503                0.02                   5530               100000.0           17.15              2.43               0.81               2.0342763246734696
504               0.02                   5540              100000.0          17.15             2.43              0.81               2.032884267439309
505                0.02                   5550               100000.0           17.15              2.43               0.81               2.0314962751920165
506               0.02                   5560              100000.0          17.15             2.43              0.81               2.050925833283631
507                0.02                   5570               100000.0           17.15              2.43               0.81               2.0495227453849094
508               0.02                   5580            100000.0        17.15             2.43              0.81               2.0481237277489
509               0.02                   5590              100000.0          17.15             2.43              0.81               2.046728761715854
510                0.02                   5600               100000.0           17.15              2.43               0.81               2.0453378287435715
511               0.02                   5610              100000.0          17.15             2.43              0.81               2.043950910407085
512               0.02                   5620              100000.0          17.15             2.43              0.81               2.042567988397185
513                0.02                   5630               100000.0           17.15              2.43               0.81               2.0624763687630847
514               0.02                   5640             100000.0         17.15             2.43              0.81               2.06107803190064
515               0.02                   5650              100000.0          17.15             2.43              0.81               2.059683697982185
516                0.02                   5660               100000.0           17.15              2.43               0.81               2.0582933488900563
517               0.02                   5670              100000.0          17.15             2.43              0.81               2.056906966619628
518                0.02                   5680               100000.0           17.15              2.43               0.81               2.0555245332782386
519                0.02                   5690               100000.0           17.15              2.43               0.81               2.0541460310846804
520                0.02                   5700               100000.0           17.15              2.43               0.81               2.0527714423679155
521                0.02                   5710               100000.0           17.15              2.43               0.81               2.0731598007281846
522                0.02                   5720               100000.0           17.15              2.43               0.81               2.0717694953258854
523               0.02                   5730             100000.0         17.15             2.43              0.81               2.07038311138499
524               0.02                   5740              100000.0          17.15             2.43              0.81               2.069000631409845
525               0.02                   5750              100000.0          17.15             2.43              0.81               2.067622038012323
526               0.02                   5760              100000.0          17.15             2.43              0.81               2.066247313911002
527                0.02                   5770               100000.0           17.15              2.43               0.81               2.0648764419304544
528                0.02                   5780               100000.0           17.15              2.43               0.81               2.0635094050003557
529                0.02                   5790               100000.0           17.15              2.43               0.81               2.0843992054102625
530               0.02                   5800              100000.0          17.15             2.43              0.81               2.083016142474708
531               0.02                   5810              100000.0          17.15             2.43              0.81               2.081636923886084
532                0.02                   5820               100000.0           17.15              2.43               0.81               2.0802615327342844
533               0.02                   5830              100000.0          17.15             2.43              0.81               2.078889952211831
534               0.02                   5840              100000.0          17.15             2.43              0.81               2.077522165612968
535               0.02                   5850              100000.0          17.15             2.43              0.81               2.076158156332595
536               0.02                   5860              100000.0          17.15             2.43              0.81               2.074797907866277
537               0.02                   5870             100000.0         17.15             2.43              0.81               2.09621181763915
538               0.02                   5880              100000.0          17.15             2.43              0.81               2.094835225545861
539                0.02                   5890               100000.0           17.15              2.43               0.81               2.0934624048259662
540                0.02                   5900               100000.0           17.15              2.43               0.81               2.0920933391208947
541               0.02                   5910              100000.0          17.15             2.43              0.81               2.090728012170296
542                0.02                   5920               100000.0           17.15              2.43               0.81               2.0893664078104006
543                0.02                   5930               100000.0           17.15              2.43               0.81               2.0880085099741974
544               0.02                   5940              100000.0          17.15             2.43              0.81               2.086654302690205
545               0.02                   5950              100000.0          17.15             2.43              0.81               2.085303770081746
546                0.02                   5960               100000.0           17.15              2.43               0.81               2.1072454012661326
547                0.02                   5970               100000.0           17.15              2.43               0.81               2.1058782259301534
548               0.02                   5980              100000.0          17.15             2.43              0.81               2.104514737086709
549               0.02                   5990              100000.0          17.15             2.43              0.81               2.103154918990864
550               0.02                   6000              100000.0          17.15             2.43              0.81               2.101798755990363
551               0.02                   6010              100000.0          17.15             2.43              0.81               2.100446232525106
552                0.02                   6020               100000.0           17.15              2.43               0.81               2.0990973331263096
553               0.02                   6030              100000.0          17.15             2.43              0.81               2.097752042415889
554               0.02                   6040             100000.0         17.15             2.43              0.81               2.09641034510572
555                0.02                   6050               100000.0           17.15              2.43               0.81               2.1189045408640066
556               0.02                   6060              100000.0          17.15             2.43              0.81               2.117545893039663
557               0.02                   6070              100000.0          17.15             2.43              0.81               2.116190851635578
558                0.02                   6080               100000.0           17.15              2.43               0.81               2.1148394014816105
559               0.02                   6090              100000.0          17.15             2.43              0.81               2.113491527496082
560                0.02                   6100               100000.0           17.15              2.43               0.81               2.1121472146842977
561               0.02                   6110              100000.0          17.15             2.43              0.81               2.110806448138642
562               0.02                   6120              100000.0          17.15             2.43              0.81               2.109469213037349
563                0.02                   6130               100000.0           17.15              2.43               0.81               2.1081354946442743
564               0.02                   6140              100000.0          17.15             2.43              0.81               2.131208541803279
565                0.02                   6150               100000.0           17.15              2.43               0.81               2.1298575555112205
566               0.02                   6160              100000.0          17.15             2.43              0.81               2.128510100102356
567                0.02                   6170               100000.0           17.15              2.43               0.81               2.1271661609459573
568               0.02                   6180              100000.0          17.15             2.43              0.81               2.125825723495304
569                0.02                   6190               100000.0           17.15              2.43               0.81               2.1244887732864823
570               0.02                   6200              100000.0          17.15             2.43              0.81               2.123155295938254
571               0.02                   6210              100000.0          17.15             2.43              0.81               2.121825277150931
572                0.02                   6220               100000.0           17.15              2.43               0.81               2.1204987027063367
573                0.02                   6230               100000.0           17.15              2.43               0.81               2.1441784407252635
574               0.02                   6240              100000.0          17.15             2.43              0.81               2.142834270463996
575               0.02                   6250             100000.0         17.15             2.43              0.81               2.14149355983375
576               0.02                   6260              100000.0          17.15             2.43              0.81               2.140156294710119
577                0.02                   6270               100000.0           17.15              2.43               0.81               2.1388224610486857
578               0.02                   6280              100000.0          17.15             2.43              0.81               2.137492044883744
579               0.02                   6290              100000.0          17.15             2.43              0.81               2.136165032328353
580                0.02                   6300               100000.0           17.15              2.43               0.81               2.1348414095732253
581               0.02                   6310             100000.0         17.15             2.43              0.81               2.13352116288626
582                0.02                   6320               100000.0           17.15              2.43               0.81               2.1578371028361465
583               0.02                   6330              100000.0          17.15             2.43              0.81               2.156498920917966
584                0.02                   6340               100000.0           17.15              2.43               0.81               2.1551641314339145
585               0.02                   6350              100000.0          17.15             2.43              0.81               2.153832720735189
586                0.02                   6360               100000.0           17.15              2.43               0.81               2.1525046752491512
587               0.02                   6370              100000.0          17.15             2.43              0.81               2.151179981478371
588               0.02                   6380              100000.0          17.15             2.43              0.81               2.149858625999961
589               0.02                   6390              100000.0          17.15             2.43              0.81               2.148540595465335
590               0.02                   6400              100000.0          17.15             2.43              0.81               2.147225876599709
591               0.02                   6410              100000.0          17.15             2.43              0.81               2.145914456201396
592               0.02                   6420              100000.0          17.15             2.43              0.81               2.170876325222568
593               0.02                   6430              100000.0          17.15             2.43              0.81               2.169546648295924
594               0.02                   6440              100000.0          17.15             2.43              0.81               2.168220287249445
595               0.02                   6450              100000.0          17.15             2.43              0.81               2.166897228953832
596               0.02                   6460              100000.0          17.15             2.43              0.81               2.165577460351601
597               0.02                   6470              100000.0          17.15             2.43              0.81               2.164260968456539
598               0.02                   6480              100000.0          17.15             2.43              0.81               2.162947740353206
599               0.02                   6490              100000.0          17.15             2.43              0.81               2.161637763196448
600                0.02                   6500               100000.0           17.15              2.43               0.81               2.1603310242108007
601                0.02                   6510               100000.0           17.15              2.43               0.81               2.1590275106903123
602                0.02                   6520               100000.0           17.15              2.43               0.81               2.1846679991929685
603               0.02                   6530             100000.0         17.15             2.43              0.81               2.18334589542192
604                0.02                   6540               100000.0           17.15              2.43               0.81               2.1820270355383875
605               0.02                   6550              100000.0          17.15             2.43              0.81               2.180711406898828
606               0.02                   6560              100000.0          17.15             2.43              0.81               2.179398996927357
607                0.02                   6570               100000.0           17.15              2.43               0.81               2.1780897931160337
608               0.02                   6580              100000.0          17.15             2.43              0.81               2.176783783024033
609               0.02                   6590              100000.0          17.15             2.43              0.81               2.175480954276957
610               0.02                   6600              100000.0          17.15             2.43              0.81               2.174181294566783
611               0.02                   6610              100000.0          17.15             2.43              0.81               2.172884791651296
612                0.02                   6620               100000.0           17.15              2.43               0.81               2.1715914333534534
613               0.02                   6630             100000.0         17.15             2.43              0.81               2.19792319590627
614               0.02                   6640              100000.0          17.15             2.43              0.81               2.196610931699634
615                0.02                   6650               100000.0           17.15              2.43               0.81               2.1953018314986106
616               0.02                   6660              100000.0          17.15             2.43              0.81               2.193995883178547
617               0.02                   6670              100000.0          17.15             2.43              0.81               2.192693074679062
618               0.02                   6680              100000.0          17.15             2.43              0.81               2.191393394003159
619                0.02                   6690               100000.0           17.15              2.43               0.81               2.1900968292177163
620               0.02                   6700              100000.0          17.15             2.43              0.81               2.188803368451874
621                0.02                   6710               100000.0           17.15              2.43               0.81               2.1875129998977103
622                0.02                   6720               100000.0           17.15              2.43               0.81               2.1862257118092034
623               0.02                   6730              100000.0          17.15             2.43              0.81               2.184941492501942
624               0.02                   6740              100000.0          17.15             2.43              0.81               2.212000927887048
625                0.02                   6750               100000.0           17.15              2.43               0.81               2.2106974733272216
626               0.02                   6760              100000.0          17.15             2.43              0.81               2.209397107864973
627               0.02                   6770              100000.0          17.15             2.43              0.81               2.208099819859225
628               0.02                   6780              100000.0          17.15             2.43              0.81               2.206805597729106
629               0.02                   6790              100000.0          17.15             2.43              0.81               2.205514429954372
630                0.02                   6800               100000.0           17.15              2.43               0.81               2.2042263050740925
631                0.02                   6810               100000.0           17.15              2.43               0.81               2.2029412116870586
632                0.02                   6820               100000.0           17.15              2.43               0.81               2.2016591384510145
633               0.02                   6830              100000.0          17.15             2.43              0.81               2.200380074082473
634                0.02                   6840               100000.0           17.15              2.43               0.81               2.1991040073558588
635               0.02                   6850              100000.0          17.15             2.43              0.81               2.226929853490599
636               0.02                   6860              100000.0          17.15             2.43              0.81               2.225634207304586
637                0.02                   6870               100000.0           17.15              2.43               0.81               2.2243415799750403
638                0.02                   6880               100000.0           17.15              2.43               0.81               2.2230519603112477
639               0.02                   6890              100000.0          17.15             2.43              0.81               2.221765337179701
640               0.02                   6900              100000.0          17.15             2.43              0.81               2.220481699504181
641                0.02                   6910               100000.0           17.15              2.43               0.81               2.2192010362644203
642                0.02                   6920               100000.0           17.15              2.43               0.81               2.2179233364970004
643               0.02                   6930              100000.0          17.15             2.43              0.81               2.216648589294013
644               0.02                   6940              100000.0          17.15             2.43              0.81               2.215376783802988
645                0.02                   6950               100000.0           17.15              2.43               0.81               2.2141079092266605
646               0.02                   6960              100000.0          17.15             2.43              0.81               2.242741441843836
647               0.02                   6970              100000.0          17.15             2.43              0.81               2.241452627507914
648                0.02                   6980               100000.0           17.15              2.43               0.81               2.2401667661747786
649                0.02                   6990               100000.0           17.15              2.43               0.81               2.2388838470739536
650                0.02                   7000               100000.0           17.15              2.43               0.81               2.2376038594894063
651               0.02                   7010              100000.0          17.15             2.43              0.81               2.236326792758726
652                0.02                   7020               100000.0           17.15              2.43               0.81               2.2350526362732857
653               0.02                   7030              100000.0          17.15             2.43              0.81               2.233781379477924
654               0.02                   7040              100000.0          17.15             2.43              0.81               2.232513011870112
655               0.02                   7050              100000.0          17.15             2.43              0.81               2.231247522999872
656                0.02                   7060               100000.0           17.15              2.43               0.81               2.2299849024697758
657                0.02                   7070               100000.0           17.15              2.43               0.81               2.2287251399339003
658                0.02                   7080               100000.0           17.15              2.43               0.81               2.2581872161419074
659               0.02                   7090              100000.0          17.15             2.43              0.81               2.256907169447588
660                0.02                   7100               100000.0           17.15              2.43               0.81               2.2556300036577683
661                0.02                   7110               100000.0           17.15              2.43               0.81               2.2543557084461523
662                0.02                   7120               100000.0           17.15              2.43               0.81               2.2530842735369787
663               0.02                   7130              100000.0          17.15             2.43              0.81               2.251815688705941
664                0.02                   7140               100000.0           17.15              2.43               0.81               2.2505499437789047
665               0.02                   7150             100000.0         17.15             2.43              0.81               2.24928702863215
666                0.02                   7160               100000.0           17.15              2.43               0.81               2.2480269331916767
667               0.02                   7170              100000.0          17.15             2.43              0.81               2.246769647433047
668               0.02                   7180              100000.0          17.15             2.43              0.81               2.245515161381199
669               0.02                   7190              100000.0          17.15             2.43              0.81               2.244263465110193
670               0.02                   7200              100000.0          17.15             2.43              0.81               2.274600483447568
671               0.02                   7210              100000.0          17.15             2.43              0.81               2.273328140718388
672               0.02                   7220              100000.0          17.15             2.43              0.81               2.272058611480813
673                0.02                   7230               100000.0           17.15              2.43               0.81               2.2707918858206733
674                0.02                   7240               100000.0           17.15              2.43               0.81               2.2695279538722266
675                0.02                   7250               100000.0           17.15              2.43               0.81               2.2682668058179023
676                0.02                   7260               100000.0           17.15              2.43               0.81               2.2670084318876507
677               0.02                   7270              100000.0          17.15             2.43              0.81               2.265752822358882
678               0.02                   7280              100000.0          17.15             2.43              0.81               2.264499967556109
679                0.02                   7290               100000.0           17.15              2.43               0.81               2.2632498578507176
680               0.02                   7300              100000.0          17.15             2.43              0.81               2.262002483660775
681               0.02                   7310             100000.0         17.15             2.43              0.81               2.26075783545019
682                0.02                   7320               100000.0           17.15              2.43               0.81               2.2595159037291777
683               0.02                   7330              100000.0          17.15             2.43              0.81               2.290753712834349
684                0.02                   7340               100000.0           17.15              2.43               0.81               2.2894907870264207
685                0.02                   7350               100000.0           17.15              2.43               0.81               2.2882306021629386
686                0.02                   7360               100000.0           17.15              2.43               0.81               2.2869731487594445
687                0.02                   7370               100000.0           17.15              2.43               0.81               2.2857184173768665
688                0.02                   7380               100000.0           17.15              2.43               0.81               2.2844663986209346
689                0.02                   7390               100000.0           17.15              2.43               0.81               2.2832170831427416
690                0.02                   7400               100000.0           17.15              2.43               0.81               2.2819704616375014
691               0.02                   7410              100000.0          17.15             2.43              0.81               2.280726524844877
692                0.02                   7420               100000.0           17.15              2.43               0.81               2.2794852635487164
693               0.02                   7430              100000.0          17.15             2.43              0.81               2.278246668576509
694               0.02                   7440              100000.0          17.15             2.43              0.81               2.277010730798977
695               0.02                   7450              100000.0          17.15             2.43              0.81               2.275777441130449
696                0.02                   7460               100000.0           17.15              2.43               0.81               2.3079684771617037
697                0.02                   7470               100000.0           17.15              2.43               0.81               2.3067138256998803
698                0.02                   7480               100000.0           17.15              2.43               0.81               2.3054618475287736
699               0.02                   7490              100000.0          17.15             2.43              0.81               2.304212533561379
700                0.02                   7500               100000.0           17.15              2.43               0.81               2.3029658747540465
701               0.02                   7510              100000.0          17.15             2.43              0.81               2.301721862105305
702               0.02                   7520            100000.0        17.15             2.43              0.81               2.3004804866558
703                0.02                   7530               100000.0           17.15              2.43               0.81               2.2992417394882003
704               0.02                   7540             100000.0         17.15             2.43              0.81               2.29800561172728
705                0.02                   7550               100000.0           17.15              2.43               0.81               2.2967720945386647
706                0.02                   7560               100000.0           17.15              2.43               0.81               2.2955411791295037
707               0.02                   7570              100000.0          17.15             2.43              0.81               2.294312856748096
708                0.02                   7580               100000.0           17.15              2.43               0.81               2.2930871186829886
709                0.02                   7590               100000.0           17.15              2.43               0.81               2.2918639562635947
710                0.02                   7600               100000.0           17.15              2.43               0.81               2.3250400586336304
711               0.02                   7610              100000.0          17.15             2.43              0.81               2.323795179655077
712               0.02                   7620              100000.0          17.15             2.43              0.81               2.322552902171988
713               0.02                   7630              100000.0          17.15             2.43              0.81               2.321313217506953
714               0.02                   7640              100000.0          17.15             2.43              0.81               2.320076117022374
715               0.02                   7650              100000.0          17.15             2.43              0.81               2.318841592121084
716               0.02                   7660              100000.0          17.15             2.43              0.81               2.317609634244913
717                0.02                   7670               100000.0           17.15              2.43               0.81               2.3163802348753237
718                0.02                   7680               100000.0           17.15              2.43               0.81               2.3151533855328914
719                0.02                   7690               100000.0           17.15              2.43               0.81               2.3139290777768533
720                0.02                   7700               100000.0           17.15              2.43               0.81               2.3127073032054435
721               0.02                   7710              100000.0          17.15             2.43              0.81               2.311488053455148
722               0.02                   7720              100000.0          17.15             2.43              0.81               2.310271320200482
723               0.02                   7730             100000.0         17.15             2.43              0.81               2.30905709515429
724                0.02                   7740               100000.0           17.15              2.43               0.81               2.3432778497517983
725                0.02                   7750               100000.0           17.15              2.43               0.81               2.3420415307368456
726               0.02                   7760             100000.0         17.15             2.43              0.81               2.34080774643612
727                0.02                   7770               100000.0           17.15              2.43               0.81               2.3395764885504127
728               0.02                   7780             100000.0         17.15             2.43              0.81               2.33834774881806
729               0.02                   7790             100000.0         17.15             2.43              0.81               2.33712151901462
730               0.02                   7800              100000.0          17.15             2.43              0.81               2.335897790952965
731               0.02                   7810              100000.0          17.15             2.43              0.81               2.334676556482775
732               0.02                   7820              100000.0          17.15             2.43              0.81               2.333457807490753
733                0.02                   7830               100000.0           17.15              2.43               0.81               2.3322415358997133
734               0.02                   7840              100000.0          17.15             2.43              0.81               2.331027733669345
735               0.02                   7850              100000.0          17.15             2.43              0.81               2.329816392794942
736               0.02                   7860              100000.0          17.15             2.43              0.81               2.328607505307869
737               0.02                   7870              100000.0          17.15             2.43              0.81               2.327401063275566
738                0.02                   7880               100000.0           17.15              2.43               0.81               2.3261970588002727
739               0.02                   7890              100000.0          17.15             2.43              0.81               2.361501508089356
740                0.02                   7900               100000.0           17.15              2.43               0.81               2.3602750429357275
741                0.02                   7910               100000.0           17.15              2.43               0.81               2.3590510424432747
742                0.02                   7920               100000.0           17.15              2.43               0.81               2.3578294986974684
743               0.02                   7930              100000.0          17.15             2.43              0.81               2.356610403819294
744                0.02                   7940               100000.0           17.15              2.43               0.81               2.3553937499643207
745                0.02                   7950               100000.0           17.15              2.43               0.81               2.3541795293231416
746                0.02                   7960               100000.0           17.15              2.43               0.81               2.3529677341208526
747                0.02                   7970               100000.0           17.15              2.43               0.81               2.3517583566170828
748               0.02                   7980              100000.0          17.15             2.43              0.81               2.350551389105514
749               0.02                   7990              100000.0          17.15             2.43              0.81               2.349346823913612
750               0.02                   8000              100000.0          17.15             2.43              0.81               2.348144653403222
