Simulation Number PG.cFactor ExitSlit.openingHeight SU.photonEnergy SU.numberRays SU.electronSigmaX SU.electronSigmaY SU.electronSigmaYs
0                 2.25       0.02                   500             500000.0      17.15             2.43              0.81              
1                 2.25       0.02                   501             500000.0      17.15             2.43              0.81              
2                 2.25       0.02                   502             500000.0      17.15             2.43              0.81              
3                 2.25       0.02                   503             500000.0      17.15             2.43              0.81              
4                 2.25       0.02                   504             500000.0      17.15             2.43              0.81              
5                 2.25       0.02                   505             500000.0      17.15             2.43              0.81              
6                 2.25       0.02                   506             500000.0      17.15             2.43              0.81              
7                 2.25       0.02                   507             500000.0      17.15             2.43              0.81              
8                 2.25       0.02                   508             500000.0      17.15             2.43              0.81              
9                 2.25       0.02                   509             500000.0      17.15             2.43              0.81              
10                2.25       0.02                   510             500000.0      17.15             2.43              0.81              
11                2.25       0.02                   511             500000.0      17.15             2.43              0.81              
12                2.25       0.02                   512             500000.0      17.15             2.43              0.81              
13                2.25       0.02                   513             500000.0      17.15             2.43              0.81              
14                2.25       0.02                   514             500000.0      17.15             2.43              0.81              
15                2.25       0.02                   515             500000.0      17.15             2.43              0.81              
16                2.25       0.02                   516             500000.0      17.15             2.43              0.81              
17                2.25       0.02                   517             500000.0      17.15             2.43              0.81              
18                2.25       0.02                   518             500000.0      17.15             2.43              0.81              
19                2.25       0.02                   519             500000.0      17.15             2.43              0.81              
20                2.25       0.02                   520             500000.0      17.15             2.43              0.81              
21                2.25       0.02                   521             500000.0      17.15             2.43              0.81              
22                2.25       0.02                   522             500000.0      17.15             2.43              0.81              
23                2.25       0.02                   523             500000.0      17.15             2.43              0.81              
24                2.25       0.02                   524             500000.0      17.15             2.43              0.81              
25                2.25       0.02                   525             500000.0      17.15             2.43              0.81              
26                2.25       0.02                   526             500000.0      17.15             2.43              0.81              
27                2.25       0.02                   527             500000.0      17.15             2.43              0.81              
28                2.25       0.02                   528             500000.0      17.15             2.43              0.81              
29                2.25       0.02                   529             500000.0      17.15             2.43              0.81              
30                2.25       0.02                   530             500000.0      17.15             2.43              0.81              
31                2.25       0.02                   531             500000.0      17.15             2.43              0.81              
32                2.25       0.02                   532             500000.0      17.15             2.43              0.81              
33                2.25       0.02                   533             500000.0      17.15             2.43              0.81              
34                2.25       0.02                   534             500000.0      17.15             2.43              0.81              
35                2.25       0.02                   535             500000.0      17.15             2.43              0.81              
36                2.25       0.02                   536             500000.0      17.15             2.43              0.81              
37                2.25       0.02                   537             500000.0      17.15             2.43              0.81              
38                2.25       0.02                   538             500000.0      17.15             2.43              0.81              
39                2.25       0.02                   539             500000.0      17.15             2.43              0.81              
40                2.25       0.02                   540             500000.0      17.15             2.43              0.81              
41                2.25       0.02                   541             500000.0      17.15             2.43              0.81              
42                2.25       0.02                   542             500000.0      17.15             2.43              0.81              
43                2.25       0.02                   543             500000.0      17.15             2.43              0.81              
44                2.25       0.02                   544             500000.0      17.15             2.43              0.81              
45                2.25       0.02                   545             500000.0      17.15             2.43              0.81              
46                2.25       0.02                   546             500000.0      17.15             2.43              0.81              
47                2.25       0.02                   547             500000.0      17.15             2.43              0.81              
48                2.25       0.02                   548             500000.0      17.15             2.43              0.81              
49                2.25       0.02                   549             500000.0      17.15             2.43              0.81              
50                2.25       0.02                   550             500000.0      17.15             2.43              0.81              
51                2.25       0.02                   551             500000.0      17.15             2.43              0.81              
52                2.25       0.02                   552             500000.0      17.15             2.43              0.81              
53                2.25       0.02                   553             500000.0      17.15             2.43              0.81              
54                2.25       0.02                   554             500000.0      17.15             2.43              0.81              
55                2.25       0.02                   555             500000.0      17.15             2.43              0.81              
56                2.25       0.02                   556             500000.0      17.15             2.43              0.81              
57                2.25       0.02                   557             500000.0      17.15             2.43              0.81              
58                2.25       0.02                   558             500000.0      17.15             2.43              0.81              
59                2.25       0.02                   559             500000.0      17.15             2.43              0.81              
60                2.25       0.02                   560             500000.0      17.15             2.43              0.81              
61                2.25       0.02                   561             500000.0      17.15             2.43              0.81              
62                2.25       0.02                   562             500000.0      17.15             2.43              0.81              
63                2.25       0.02                   563             500000.0      17.15             2.43              0.81              
64                2.25       0.02                   564             500000.0      17.15             2.43              0.81              
65                2.25       0.02                   565             500000.0      17.15             2.43              0.81              
66                2.25       0.02                   566             500000.0      17.15             2.43              0.81              
67                2.25       0.02                   567             500000.0      17.15             2.43              0.81              
68                2.25       0.02                   568             500000.0      17.15             2.43              0.81              
69                2.25       0.02                   569             500000.0      17.15             2.43              0.81              
70                2.25       0.02                   570             500000.0      17.15             2.43              0.81              
71                2.25       0.02                   571             500000.0      17.15             2.43              0.81              
72                2.25       0.02                   572             500000.0      17.15             2.43              0.81              
73                2.25       0.02                   573             500000.0      17.15             2.43              0.81              
74                2.25       0.02                   574             500000.0      17.15             2.43              0.81              
75                2.25       0.02                   575             500000.0      17.15             2.43              0.81              
76                2.25       0.02                   576             500000.0      17.15             2.43              0.81              
77                2.25       0.02                   577             500000.0      17.15             2.43              0.81              
78                2.25       0.02                   578             500000.0      17.15             2.43              0.81              
79                2.25       0.02                   579             500000.0      17.15             2.43              0.81              
80                2.25       0.02                   580             500000.0      17.15             2.43              0.81              
81                2.25       0.02                   581             500000.0      17.15             2.43              0.81              
82                2.25       0.02                   582             500000.0      17.15             2.43              0.81              
83                2.25       0.02                   583             500000.0      17.15             2.43              0.81              
84                2.25       0.02                   584             500000.0      17.15             2.43              0.81              
85                2.25       0.02                   585             500000.0      17.15             2.43              0.81              
86                2.25       0.02                   586             500000.0      17.15             2.43              0.81              
87                2.25       0.02                   587             500000.0      17.15             2.43              0.81              
88                2.25       0.02                   588             500000.0      17.15             2.43              0.81              
89                2.25       0.02                   589             500000.0      17.15             2.43              0.81              
90                2.25       0.02                   590             500000.0      17.15             2.43              0.81              
91                2.25       0.02                   591             500000.0      17.15             2.43              0.81              
92                2.25       0.02                   592             500000.0      17.15             2.43              0.81              
93                2.25       0.02                   593             500000.0      17.15             2.43              0.81              
94                2.25       0.02                   594             500000.0      17.15             2.43              0.81              
95                2.25       0.02                   595             500000.0      17.15             2.43              0.81              
96                2.25       0.02                   596             500000.0      17.15             2.43              0.81              
97                2.25       0.02                   597             500000.0      17.15             2.43              0.81              
98                2.25       0.02                   598             500000.0      17.15             2.43              0.81              
99                2.25       0.02                   599             500000.0      17.15             2.43              0.81              
100               2.25       0.02                   600             500000.0      17.15             2.43              0.81              
101               2.25       0.02                   601             500000.0      17.15             2.43              0.81              
102               2.25       0.02                   602             500000.0      17.15             2.43              0.81              
103               2.25       0.02                   603             500000.0      17.15             2.43              0.81              
104               2.25       0.02                   604             500000.0      17.15             2.43              0.81              
105               2.25       0.02                   605             500000.0      17.15             2.43              0.81              
106               2.25       0.02                   606             500000.0      17.15             2.43              0.81              
107               2.25       0.02                   607             500000.0      17.15             2.43              0.81              
108               2.25       0.02                   608             500000.0      17.15             2.43              0.81              
109               2.25       0.02                   609             500000.0      17.15             2.43              0.81              
110               2.25       0.02                   610             500000.0      17.15             2.43              0.81              
111               2.25       0.02                   611             500000.0      17.15             2.43              0.81              
112               2.25       0.02                   612             500000.0      17.15             2.43              0.81              
113               2.25       0.02                   613             500000.0      17.15             2.43              0.81              
114               2.25       0.02                   614             500000.0      17.15             2.43              0.81              
115               2.25       0.02                   615             500000.0      17.15             2.43              0.81              
116               2.25       0.02                   616             500000.0      17.15             2.43              0.81              
117               2.25       0.02                   617             500000.0      17.15             2.43              0.81              
118               2.25       0.02                   618             500000.0      17.15             2.43              0.81              
119               2.25       0.02                   619             500000.0      17.15             2.43              0.81              
120               2.25       0.02                   620             500000.0      17.15             2.43              0.81              
121               2.25       0.02                   621             500000.0      17.15             2.43              0.81              
122               2.25       0.02                   622             500000.0      17.15             2.43              0.81              
123               2.25       0.02                   623             500000.0      17.15             2.43              0.81              
124               2.25       0.02                   624             500000.0      17.15             2.43              0.81              
125               2.25       0.02                   625             500000.0      17.15             2.43              0.81              
126               2.25       0.02                   626             500000.0      17.15             2.43              0.81              
127               2.25       0.02                   627             500000.0      17.15             2.43              0.81              
128               2.25       0.02                   628             500000.0      17.15             2.43              0.81              
129               2.25       0.02                   629             500000.0      17.15             2.43              0.81              
130               2.25       0.02                   630             500000.0      17.15             2.43              0.81              
131               2.25       0.02                   631             500000.0      17.15             2.43              0.81              
132               2.25       0.02                   632             500000.0      17.15             2.43              0.81              
133               2.25       0.02                   633             500000.0      17.15             2.43              0.81              
134               2.25       0.02                   634             500000.0      17.15             2.43              0.81              
135               2.25       0.02                   635             500000.0      17.15             2.43              0.81              
136               2.25       0.02                   636             500000.0      17.15             2.43              0.81              
137               2.25       0.02                   637             500000.0      17.15             2.43              0.81              
138               2.25       0.02                   638             500000.0      17.15             2.43              0.81              
139               2.25       0.02                   639             500000.0      17.15             2.43              0.81              
140               2.25       0.02                   640             500000.0      17.15             2.43              0.81              
141               2.25       0.02                   641             500000.0      17.15             2.43              0.81              
142               2.25       0.02                   642             500000.0      17.15             2.43              0.81              
143               2.25       0.02                   643             500000.0      17.15             2.43              0.81              
144               2.25       0.02                   644             500000.0      17.15             2.43              0.81              
145               2.25       0.02                   645             500000.0      17.15             2.43              0.81              
146               2.25       0.02                   646             500000.0      17.15             2.43              0.81              
147               2.25       0.02                   647             500000.0      17.15             2.43              0.81              
148               2.25       0.02                   648             500000.0      17.15             2.43              0.81              
149               2.25       0.02                   649             500000.0      17.15             2.43              0.81              
150               2.25       0.02                   650             500000.0      17.15             2.43              0.81              
151               2.25       0.02                   651             500000.0      17.15             2.43              0.81              
152               2.25       0.02                   652             500000.0      17.15             2.43              0.81              
153               2.25       0.02                   653             500000.0      17.15             2.43              0.81              
154               2.25       0.02                   654             500000.0      17.15             2.43              0.81              
155               2.25       0.02                   655             500000.0      17.15             2.43              0.81              
156               2.25       0.02                   656             500000.0      17.15             2.43              0.81              
157               2.25       0.02                   657             500000.0      17.15             2.43              0.81              
158               2.25       0.02                   658             500000.0      17.15             2.43              0.81              
159               2.25       0.02                   659             500000.0      17.15             2.43              0.81              
160               2.25       0.02                   660             500000.0      17.15             2.43              0.81              
161               2.25       0.02                   661             500000.0      17.15             2.43              0.81              
162               2.25       0.02                   662             500000.0      17.15             2.43              0.81              
163               2.25       0.02                   663             500000.0      17.15             2.43              0.81              
164               2.25       0.02                   664             500000.0      17.15             2.43              0.81              
165               2.25       0.02                   665             500000.0      17.15             2.43              0.81              
166               2.25       0.02                   666             500000.0      17.15             2.43              0.81              
167               2.25       0.02                   667             500000.0      17.15             2.43              0.81              
168               2.25       0.02                   668             500000.0      17.15             2.43              0.81              
169               2.25       0.02                   669             500000.0      17.15             2.43              0.81              
170               2.25       0.02                   670             500000.0      17.15             2.43              0.81              
171               2.25       0.02                   671             500000.0      17.15             2.43              0.81              
172               2.25       0.02                   672             500000.0      17.15             2.43              0.81              
173               2.25       0.02                   673             500000.0      17.15             2.43              0.81              
174               2.25       0.02                   674             500000.0      17.15             2.43              0.81              
175               2.25       0.02                   675             500000.0      17.15             2.43              0.81              
176               2.25       0.02                   676             500000.0      17.15             2.43              0.81              
177               2.25       0.02                   677             500000.0      17.15             2.43              0.81              
178               2.25       0.02                   678             500000.0      17.15             2.43              0.81              
179               2.25       0.02                   679             500000.0      17.15             2.43              0.81              
180               2.25       0.02                   680             500000.0      17.15             2.43              0.81              
181               2.25       0.02                   681             500000.0      17.15             2.43              0.81              
182               2.25       0.02                   682             500000.0      17.15             2.43              0.81              
183               2.25       0.02                   683             500000.0      17.15             2.43              0.81              
184               2.25       0.02                   684             500000.0      17.15             2.43              0.81              
185               2.25       0.02                   685             500000.0      17.15             2.43              0.81              
186               2.25       0.02                   686             500000.0      17.15             2.43              0.81              
187               2.25       0.02                   687             500000.0      17.15             2.43              0.81              
188               2.25       0.02                   688             500000.0      17.15             2.43              0.81              
189               2.25       0.02                   689             500000.0      17.15             2.43              0.81              
190               2.25       0.02                   690             500000.0      17.15             2.43              0.81              
191               2.25       0.02                   691             500000.0      17.15             2.43              0.81              
192               2.25       0.02                   692             500000.0      17.15             2.43              0.81              
193               2.25       0.02                   693             500000.0      17.15             2.43              0.81              
194               2.25       0.02                   694             500000.0      17.15             2.43              0.81              
195               2.25       0.02                   695             500000.0      17.15             2.43              0.81              
196               2.25       0.02                   696             500000.0      17.15             2.43              0.81              
197               2.25       0.02                   697             500000.0      17.15             2.43              0.81              
198               2.25       0.02                   698             500000.0      17.15             2.43              0.81              
199               2.25       0.02                   699             500000.0      17.15             2.43              0.81              
200               2.25       0.02                   700             500000.0      17.15             2.43              0.81              
201               2.25       0.02                   701             500000.0      17.15             2.43              0.81              
202               2.25       0.02                   702             500000.0      17.15             2.43              0.81              
203               2.25       0.02                   703             500000.0      17.15             2.43              0.81              
204               2.25       0.02                   704             500000.0      17.15             2.43              0.81              
205               2.25       0.02                   705             500000.0      17.15             2.43              0.81              
206               2.25       0.02                   706             500000.0      17.15             2.43              0.81              
207               2.25       0.02                   707             500000.0      17.15             2.43              0.81              
208               2.25       0.02                   708             500000.0      17.15             2.43              0.81              
209               2.25       0.02                   709             500000.0      17.15             2.43              0.81              
210               2.25       0.02                   710             500000.0      17.15             2.43              0.81              
211               2.25       0.02                   711             500000.0      17.15             2.43              0.81              
212               2.25       0.02                   712             500000.0      17.15             2.43              0.81              
213               2.25       0.02                   713             500000.0      17.15             2.43              0.81              
214               2.25       0.02                   714             500000.0      17.15             2.43              0.81              
215               2.25       0.02                   715             500000.0      17.15             2.43              0.81              
216               2.25       0.02                   716             500000.0      17.15             2.43              0.81              
217               2.25       0.02                   717             500000.0      17.15             2.43              0.81              
218               2.25       0.02                   718             500000.0      17.15             2.43              0.81              
219               2.25       0.02                   719             500000.0      17.15             2.43              0.81              
220               2.25       0.02                   720             500000.0      17.15             2.43              0.81              
221               2.25       0.02                   721             500000.0      17.15             2.43              0.81              
222               2.25       0.02                   722             500000.0      17.15             2.43              0.81              
223               2.25       0.02                   723             500000.0      17.15             2.43              0.81              
224               2.25       0.02                   724             500000.0      17.15             2.43              0.81              
225               2.25       0.02                   725             500000.0      17.15             2.43              0.81              
226               2.25       0.02                   726             500000.0      17.15             2.43              0.81              
227               2.25       0.02                   727             500000.0      17.15             2.43              0.81              
228               2.25       0.02                   728             500000.0      17.15             2.43              0.81              
229               2.25       0.02                   729             500000.0      17.15             2.43              0.81              
230               2.25       0.02                   730             500000.0      17.15             2.43              0.81              
231               2.25       0.02                   731             500000.0      17.15             2.43              0.81              
232               2.25       0.02                   732             500000.0      17.15             2.43              0.81              
233               2.25       0.02                   733             500000.0      17.15             2.43              0.81              
234               2.25       0.02                   734             500000.0      17.15             2.43              0.81              
235               2.25       0.02                   735             500000.0      17.15             2.43              0.81              
236               2.25       0.02                   736             500000.0      17.15             2.43              0.81              
237               2.25       0.02                   737             500000.0      17.15             2.43              0.81              
238               2.25       0.02                   738             500000.0      17.15             2.43              0.81              
239               2.25       0.02                   739             500000.0      17.15             2.43              0.81              
240               2.25       0.02                   740             500000.0      17.15             2.43              0.81              
241               2.25       0.02                   741             500000.0      17.15             2.43              0.81              
242               2.25       0.02                   742             500000.0      17.15             2.43              0.81              
243               2.25       0.02                   743             500000.0      17.15             2.43              0.81              
244               2.25       0.02                   744             500000.0      17.15             2.43              0.81              
245               2.25       0.02                   745             500000.0      17.15             2.43              0.81              
246               2.25       0.02                   746             500000.0      17.15             2.43              0.81              
247               2.25       0.02                   747             500000.0      17.15             2.43              0.81              
248               2.25       0.02                   748             500000.0      17.15             2.43              0.81              
249               2.25       0.02                   749             500000.0      17.15             2.43              0.81              
250               2.25       0.02                   750             500000.0      17.15             2.43              0.81              
251               2.25       0.02                   751             500000.0      17.15             2.43              0.81              
252               2.25       0.02                   752             500000.0      17.15             2.43              0.81              
253               2.25       0.02                   753             500000.0      17.15             2.43              0.81              
254               2.25       0.02                   754             500000.0      17.15             2.43              0.81              
255               2.25       0.02                   755             500000.0      17.15             2.43              0.81              
256               2.25       0.02                   756             500000.0      17.15             2.43              0.81              
257               2.25       0.02                   757             500000.0      17.15             2.43              0.81              
258               2.25       0.02                   758             500000.0      17.15             2.43              0.81              
259               2.25       0.02                   759             500000.0      17.15             2.43              0.81              
260               2.25       0.02                   760             500000.0      17.15             2.43              0.81              
261               2.25       0.02                   761             500000.0      17.15             2.43              0.81              
262               2.25       0.02                   762             500000.0      17.15             2.43              0.81              
263               2.25       0.02                   763             500000.0      17.15             2.43              0.81              
264               2.25       0.02                   764             500000.0      17.15             2.43              0.81              
265               2.25       0.02                   765             500000.0      17.15             2.43              0.81              
266               2.25       0.02                   766             500000.0      17.15             2.43              0.81              
267               2.25       0.02                   767             500000.0      17.15             2.43              0.81              
268               2.25       0.02                   768             500000.0      17.15             2.43              0.81              
269               2.25       0.02                   769             500000.0      17.15             2.43              0.81              
270               2.25       0.02                   770             500000.0      17.15             2.43              0.81              
271               2.25       0.02                   771             500000.0      17.15             2.43              0.81              
272               2.25       0.02                   772             500000.0      17.15             2.43              0.81              
273               2.25       0.02                   773             500000.0      17.15             2.43              0.81              
274               2.25       0.02                   774             500000.0      17.15             2.43              0.81              
275               2.25       0.02                   775             500000.0      17.15             2.43              0.81              
276               2.25       0.02                   776             500000.0      17.15             2.43              0.81              
277               2.25       0.02                   777             500000.0      17.15             2.43              0.81              
278               2.25       0.02                   778             500000.0      17.15             2.43              0.81              
279               2.25       0.02                   779             500000.0      17.15             2.43              0.81              
280               2.25       0.02                   780             500000.0      17.15             2.43              0.81              
281               2.25       0.02                   781             500000.0      17.15             2.43              0.81              
282               2.25       0.02                   782             500000.0      17.15             2.43              0.81              
283               2.25       0.02                   783             500000.0      17.15             2.43              0.81              
284               2.25       0.02                   784             500000.0      17.15             2.43              0.81              
285               2.25       0.02                   785             500000.0      17.15             2.43              0.81              
286               2.25       0.02                   786             500000.0      17.15             2.43              0.81              
287               2.25       0.02                   787             500000.0      17.15             2.43              0.81              
288               2.25       0.02                   788             500000.0      17.15             2.43              0.81              
289               2.25       0.02                   789             500000.0      17.15             2.43              0.81              
290               2.25       0.02                   790             500000.0      17.15             2.43              0.81              
291               2.25       0.02                   791             500000.0      17.15             2.43              0.81              
292               2.25       0.02                   792             500000.0      17.15             2.43              0.81              
293               2.25       0.02                   793             500000.0      17.15             2.43              0.81              
294               2.25       0.02                   794             500000.0      17.15             2.43              0.81              
295               2.25       0.02                   795             500000.0      17.15             2.43              0.81              
296               2.25       0.02                   796             500000.0      17.15             2.43              0.81              
297               2.25       0.02                   797             500000.0      17.15             2.43              0.81              
298               2.25       0.02                   798             500000.0      17.15             2.43              0.81              
299               2.25       0.02                   799             500000.0      17.15             2.43              0.81              
300               2.25       0.02                   800             500000.0      17.15             2.43              0.81              
301               2.25       0.02                   801             500000.0      17.15             2.43              0.81              
302               2.25       0.02                   802             500000.0      17.15             2.43              0.81              
303               2.25       0.02                   803             500000.0      17.15             2.43              0.81              
304               2.25       0.02                   804             500000.0      17.15             2.43              0.81              
305               2.25       0.02                   805             500000.0      17.15             2.43              0.81              
306               2.25       0.02                   806             500000.0      17.15             2.43              0.81              
307               2.25       0.02                   807             500000.0      17.15             2.43              0.81              
308               2.25       0.02                   808             500000.0      17.15             2.43              0.81              
309               2.25       0.02                   809             500000.0      17.15             2.43              0.81              
310               2.25       0.02                   810             500000.0      17.15             2.43              0.81              
311               2.25       0.02                   811             500000.0      17.15             2.43              0.81              
312               2.25       0.02                   812             500000.0      17.15             2.43              0.81              
313               2.25       0.02                   813             500000.0      17.15             2.43              0.81              
314               2.25       0.02                   814             500000.0      17.15             2.43              0.81              
315               2.25       0.02                   815             500000.0      17.15             2.43              0.81              
316               2.25       0.02                   816             500000.0      17.15             2.43              0.81              
317               2.25       0.02                   817             500000.0      17.15             2.43              0.81              
318               2.25       0.02                   818             500000.0      17.15             2.43              0.81              
319               2.25       0.02                   819             500000.0      17.15             2.43              0.81              
320               2.25       0.02                   820             500000.0      17.15             2.43              0.81              
321               2.25       0.02                   821             500000.0      17.15             2.43              0.81              
322               2.25       0.02                   822             500000.0      17.15             2.43              0.81              
323               2.25       0.02                   823             500000.0      17.15             2.43              0.81              
324               2.25       0.02                   824             500000.0      17.15             2.43              0.81              
325               2.25       0.02                   825             500000.0      17.15             2.43              0.81              
326               2.25       0.02                   826             500000.0      17.15             2.43              0.81              
327               2.25       0.02                   827             500000.0      17.15             2.43              0.81              
328               2.25       0.02                   828             500000.0      17.15             2.43              0.81              
329               2.25       0.02                   829             500000.0      17.15             2.43              0.81              
330               2.25       0.02                   830             500000.0      17.15             2.43              0.81              
331               2.25       0.02                   831             500000.0      17.15             2.43              0.81              
332               2.25       0.02                   832             500000.0      17.15             2.43              0.81              
333               2.25       0.02                   833             500000.0      17.15             2.43              0.81              
334               2.25       0.02                   834             500000.0      17.15             2.43              0.81              
335               2.25       0.02                   835             500000.0      17.15             2.43              0.81              
336               2.25       0.02                   836             500000.0      17.15             2.43              0.81              
337               2.25       0.02                   837             500000.0      17.15             2.43              0.81              
338               2.25       0.02                   838             500000.0      17.15             2.43              0.81              
339               2.25       0.02                   839             500000.0      17.15             2.43              0.81              
340               2.25       0.02                   840             500000.0      17.15             2.43              0.81              
341               2.25       0.02                   841             500000.0      17.15             2.43              0.81              
342               2.25       0.02                   842             500000.0      17.15             2.43              0.81              
343               2.25       0.02                   843             500000.0      17.15             2.43              0.81              
344               2.25       0.02                   844             500000.0      17.15             2.43              0.81              
345               2.25       0.02                   845             500000.0      17.15             2.43              0.81              
346               2.25       0.02                   846             500000.0      17.15             2.43              0.81              
347               2.25       0.02                   847             500000.0      17.15             2.43              0.81              
348               2.25       0.02                   848             500000.0      17.15             2.43              0.81              
349               2.25       0.02                   849             500000.0      17.15             2.43              0.81              
350               2.25       0.02                   850             500000.0      17.15             2.43              0.81              
351               2.25       0.02                   851             500000.0      17.15             2.43              0.81              
352               2.25       0.02                   852             500000.0      17.15             2.43              0.81              
353               2.25       0.02                   853             500000.0      17.15             2.43              0.81              
354               2.25       0.02                   854             500000.0      17.15             2.43              0.81              
355               2.25       0.02                   855             500000.0      17.15             2.43              0.81              
356               2.25       0.02                   856             500000.0      17.15             2.43              0.81              
357               2.25       0.02                   857             500000.0      17.15             2.43              0.81              
358               2.25       0.02                   858             500000.0      17.15             2.43              0.81              
359               2.25       0.02                   859             500000.0      17.15             2.43              0.81              
360               2.25       0.02                   860             500000.0      17.15             2.43              0.81              
361               2.25       0.02                   861             500000.0      17.15             2.43              0.81              
362               2.25       0.02                   862             500000.0      17.15             2.43              0.81              
363               2.25       0.02                   863             500000.0      17.15             2.43              0.81              
364               2.25       0.02                   864             500000.0      17.15             2.43              0.81              
365               2.25       0.02                   865             500000.0      17.15             2.43              0.81              
366               2.25       0.02                   866             500000.0      17.15             2.43              0.81              
367               2.25       0.02                   867             500000.0      17.15             2.43              0.81              
368               2.25       0.02                   868             500000.0      17.15             2.43              0.81              
369               2.25       0.02                   869             500000.0      17.15             2.43              0.81              
370               2.25       0.02                   870             500000.0      17.15             2.43              0.81              
371               2.25       0.02                   871             500000.0      17.15             2.43              0.81              
372               2.25       0.02                   872             500000.0      17.15             2.43              0.81              
373               2.25       0.02                   873             500000.0      17.15             2.43              0.81              
374               2.25       0.02                   874             500000.0      17.15             2.43              0.81              
375               2.25       0.02                   875             500000.0      17.15             2.43              0.81              
376               2.25       0.02                   876             500000.0      17.15             2.43              0.81              
377               2.25       0.02                   877             500000.0      17.15             2.43              0.81              
378               2.25       0.02                   878             500000.0      17.15             2.43              0.81              
379               2.25       0.02                   879             500000.0      17.15             2.43              0.81              
380               2.25       0.02                   880             500000.0      17.15             2.43              0.81              
381               2.25       0.02                   881             500000.0      17.15             2.43              0.81              
382               2.25       0.02                   882             500000.0      17.15             2.43              0.81              
383               2.25       0.02                   883             500000.0      17.15             2.43              0.81              
384               2.25       0.02                   884             500000.0      17.15             2.43              0.81              
385               2.25       0.02                   885             500000.0      17.15             2.43              0.81              
386               2.25       0.02                   886             500000.0      17.15             2.43              0.81              
387               2.25       0.02                   887             500000.0      17.15             2.43              0.81              
388               2.25       0.02                   888             500000.0      17.15             2.43              0.81              
389               2.25       0.02                   889             500000.0      17.15             2.43              0.81              
390               2.25       0.02                   890             500000.0      17.15             2.43              0.81              
391               2.25       0.02                   891             500000.0      17.15             2.43              0.81              
392               2.25       0.02                   892             500000.0      17.15             2.43              0.81              
393               2.25       0.02                   893             500000.0      17.15             2.43              0.81              
394               2.25       0.02                   894             500000.0      17.15             2.43              0.81              
395               2.25       0.02                   895             500000.0      17.15             2.43              0.81              
396               2.25       0.02                   896             500000.0      17.15             2.43              0.81              
397               2.25       0.02                   897             500000.0      17.15             2.43              0.81              
398               2.25       0.02                   898             500000.0      17.15             2.43              0.81              
399               2.25       0.02                   899             500000.0      17.15             2.43              0.81              
400               2.25       0.02                   900             500000.0      17.15             2.43              0.81              
401               2.25       0.02                   901             500000.0      17.15             2.43              0.81              
402               2.25       0.02                   902             500000.0      17.15             2.43              0.81              
403               2.25       0.02                   903             500000.0      17.15             2.43              0.81              
404               2.25       0.02                   904             500000.0      17.15             2.43              0.81              
405               2.25       0.02                   905             500000.0      17.15             2.43              0.81              
406               2.25       0.02                   906             500000.0      17.15             2.43              0.81              
407               2.25       0.02                   907             500000.0      17.15             2.43              0.81              
408               2.25       0.02                   908             500000.0      17.15             2.43              0.81              
409               2.25       0.02                   909             500000.0      17.15             2.43              0.81              
410               2.25       0.02                   910             500000.0      17.15             2.43              0.81              
411               2.25       0.02                   911             500000.0      17.15             2.43              0.81              
412               2.25       0.02                   912             500000.0      17.15             2.43              0.81              
413               2.25       0.02                   913             500000.0      17.15             2.43              0.81              
414               2.25       0.02                   914             500000.0      17.15             2.43              0.81              
415               2.25       0.02                   915             500000.0      17.15             2.43              0.81              
416               2.25       0.02                   916             500000.0      17.15             2.43              0.81              
417               2.25       0.02                   917             500000.0      17.15             2.43              0.81              
418               2.25       0.02                   918             500000.0      17.15             2.43              0.81              
419               2.25       0.02                   919             500000.0      17.15             2.43              0.81              
420               2.25       0.02                   920             500000.0      17.15             2.43              0.81              
421               2.25       0.02                   921             500000.0      17.15             2.43              0.81              
422               2.25       0.02                   922             500000.0      17.15             2.43              0.81              
423               2.25       0.02                   923             500000.0      17.15             2.43              0.81              
424               2.25       0.02                   924             500000.0      17.15             2.43              0.81              
425               2.25       0.02                   925             500000.0      17.15             2.43              0.81              
426               2.25       0.02                   926             500000.0      17.15             2.43              0.81              
427               2.25       0.02                   927             500000.0      17.15             2.43              0.81              
428               2.25       0.02                   928             500000.0      17.15             2.43              0.81              
429               2.25       0.02                   929             500000.0      17.15             2.43              0.81              
430               2.25       0.02                   930             500000.0      17.15             2.43              0.81              
431               2.25       0.02                   931             500000.0      17.15             2.43              0.81              
432               2.25       0.02                   932             500000.0      17.15             2.43              0.81              
433               2.25       0.02                   933             500000.0      17.15             2.43              0.81              
434               2.25       0.02                   934             500000.0      17.15             2.43              0.81              
435               2.25       0.02                   935             500000.0      17.15             2.43              0.81              
436               2.25       0.02                   936             500000.0      17.15             2.43              0.81              
437               2.25       0.02                   937             500000.0      17.15             2.43              0.81              
438               2.25       0.02                   938             500000.0      17.15             2.43              0.81              
439               2.25       0.02                   939             500000.0      17.15             2.43              0.81              
440               2.25       0.02                   940             500000.0      17.15             2.43              0.81              
441               2.25       0.02                   941             500000.0      17.15             2.43              0.81              
442               2.25       0.02                   942             500000.0      17.15             2.43              0.81              
443               2.25       0.02                   943             500000.0      17.15             2.43              0.81              
444               2.25       0.02                   944             500000.0      17.15             2.43              0.81              
445               2.25       0.02                   945             500000.0      17.15             2.43              0.81              
446               2.25       0.02                   946             500000.0      17.15             2.43              0.81              
447               2.25       0.02                   947             500000.0      17.15             2.43              0.81              
448               2.25       0.02                   948             500000.0      17.15             2.43              0.81              
449               2.25       0.02                   949             500000.0      17.15             2.43              0.81              
450               2.25       0.02                   950             500000.0      17.15             2.43              0.81              
451               2.25       0.02                   951             500000.0      17.15             2.43              0.81              
452               2.25       0.02                   952             500000.0      17.15             2.43              0.81              
453               2.25       0.02                   953             500000.0      17.15             2.43              0.81              
454               2.25       0.02                   954             500000.0      17.15             2.43              0.81              
455               2.25       0.02                   955             500000.0      17.15             2.43              0.81              
456               2.25       0.02                   956             500000.0      17.15             2.43              0.81              
457               2.25       0.02                   957             500000.0      17.15             2.43              0.81              
458               2.25       0.02                   958             500000.0      17.15             2.43              0.81              
459               2.25       0.02                   959             500000.0      17.15             2.43              0.81              
460               2.25       0.02                   960             500000.0      17.15             2.43              0.81              
461               2.25       0.02                   961             500000.0      17.15             2.43              0.81              
462               2.25       0.02                   962             500000.0      17.15             2.43              0.81              
463               2.25       0.02                   963             500000.0      17.15             2.43              0.81              
464               2.25       0.02                   964             500000.0      17.15             2.43              0.81              
465               2.25       0.02                   965             500000.0      17.15             2.43              0.81              
466               2.25       0.02                   966             500000.0      17.15             2.43              0.81              
467               2.25       0.02                   967             500000.0      17.15             2.43              0.81              
468               2.25       0.02                   968             500000.0      17.15             2.43              0.81              
469               2.25       0.02                   969             500000.0      17.15             2.43              0.81              
470               2.25       0.02                   970             500000.0      17.15             2.43              0.81              
471               2.25       0.02                   971             500000.0      17.15             2.43              0.81              
472               2.25       0.02                   972             500000.0      17.15             2.43              0.81              
473               2.25       0.02                   973             500000.0      17.15             2.43              0.81              
474               2.25       0.02                   974             500000.0      17.15             2.43              0.81              
475               2.25       0.02                   975             500000.0      17.15             2.43              0.81              
476               2.25       0.02                   976             500000.0      17.15             2.43              0.81              
477               2.25       0.02                   977             500000.0      17.15             2.43              0.81              
478               2.25       0.02                   978             500000.0      17.15             2.43              0.81              
479               2.25       0.02                   979             500000.0      17.15             2.43              0.81              
480               2.25       0.02                   980             500000.0      17.15             2.43              0.81              
481               2.25       0.02                   981             500000.0      17.15             2.43              0.81              
482               2.25       0.02                   982             500000.0      17.15             2.43              0.81              
483               2.25       0.02                   983             500000.0      17.15             2.43              0.81              
484               2.25       0.02                   984             500000.0      17.15             2.43              0.81              
485               2.25       0.02                   985             500000.0      17.15             2.43              0.81              
486               2.25       0.02                   986             500000.0      17.15             2.43              0.81              
487               2.25       0.02                   987             500000.0      17.15             2.43              0.81              
488               2.25       0.02                   988             500000.0      17.15             2.43              0.81              
489               2.25       0.02                   989             500000.0      17.15             2.43              0.81              
490               2.25       0.02                   990             500000.0      17.15             2.43              0.81              
491               2.25       0.02                   991             500000.0      17.15             2.43              0.81              
492               2.25       0.02                   992             500000.0      17.15             2.43              0.81              
493               2.25       0.02                   993             500000.0      17.15             2.43              0.81              
494               2.25       0.02                   994             500000.0      17.15             2.43              0.81              
495               2.25       0.02                   995             500000.0      17.15             2.43              0.81              
496               2.25       0.02                   996             500000.0      17.15             2.43              0.81              
497               2.25       0.02                   997             500000.0      17.15             2.43              0.81              
498               2.25       0.02                   998             500000.0      17.15             2.43              0.81              
499               2.25       0.02                   999             500000.0      17.15             2.43              0.81              
500               2.25       0.02                   1000            500000.0      17.15             2.43              0.81              
501               2.25       0.02                   1001            500000.0      17.15             2.43              0.81              
502               2.25       0.02                   1002            500000.0      17.15             2.43              0.81              
503               2.25       0.02                   1003            500000.0      17.15             2.43              0.81              
504               2.25       0.02                   1004            500000.0      17.15             2.43              0.81              
505               2.25       0.02                   1005            500000.0      17.15             2.43              0.81              
506               2.25       0.02                   1006            500000.0      17.15             2.43              0.81              
507               2.25       0.02                   1007            500000.0      17.15             2.43              0.81              
508               2.25       0.02                   1008            500000.0      17.15             2.43              0.81              
509               2.25       0.02                   1009            500000.0      17.15             2.43              0.81              
510               2.25       0.02                   1010            500000.0      17.15             2.43              0.81              
511               2.25       0.02                   1011            500000.0      17.15             2.43              0.81              
512               2.25       0.02                   1012            500000.0      17.15             2.43              0.81              
513               2.25       0.02                   1013            500000.0      17.15             2.43              0.81              
514               2.25       0.02                   1014            500000.0      17.15             2.43              0.81              
515               2.25       0.02                   1015            500000.0      17.15             2.43              0.81              
516               2.25       0.02                   1016            500000.0      17.15             2.43              0.81              
517               2.25       0.02                   1017            500000.0      17.15             2.43              0.81              
518               2.25       0.02                   1018            500000.0      17.15             2.43              0.81              
519               2.25       0.02                   1019            500000.0      17.15             2.43              0.81              
520               2.25       0.02                   1020            500000.0      17.15             2.43              0.81              
521               2.25       0.02                   1021            500000.0      17.15             2.43              0.81              
522               2.25       0.02                   1022            500000.0      17.15             2.43              0.81              
523               2.25       0.02                   1023            500000.0      17.15             2.43              0.81              
524               2.25       0.02                   1024            500000.0      17.15             2.43              0.81              
525               2.25       0.02                   1025            500000.0      17.15             2.43              0.81              
526               2.25       0.02                   1026            500000.0      17.15             2.43              0.81              
527               2.25       0.02                   1027            500000.0      17.15             2.43              0.81              
528               2.25       0.02                   1028            500000.0      17.15             2.43              0.81              
529               2.25       0.02                   1029            500000.0      17.15             2.43              0.81              
530               2.25       0.02                   1030            500000.0      17.15             2.43              0.81              
531               2.25       0.02                   1031            500000.0      17.15             2.43              0.81              
532               2.25       0.02                   1032            500000.0      17.15             2.43              0.81              
533               2.25       0.02                   1033            500000.0      17.15             2.43              0.81              
534               2.25       0.02                   1034            500000.0      17.15             2.43              0.81              
535               2.25       0.02                   1035            500000.0      17.15             2.43              0.81              
536               2.25       0.02                   1036            500000.0      17.15             2.43              0.81              
537               2.25       0.02                   1037            500000.0      17.15             2.43              0.81              
538               2.25       0.02                   1038            500000.0      17.15             2.43              0.81              
539               2.25       0.02                   1039            500000.0      17.15             2.43              0.81              
540               2.25       0.02                   1040            500000.0      17.15             2.43              0.81              
541               2.25       0.02                   1041            500000.0      17.15             2.43              0.81              
542               2.25       0.02                   1042            500000.0      17.15             2.43              0.81              
543               2.25       0.02                   1043            500000.0      17.15             2.43              0.81              
544               2.25       0.02                   1044            500000.0      17.15             2.43              0.81              
545               2.25       0.02                   1045            500000.0      17.15             2.43              0.81              
546               2.25       0.02                   1046            500000.0      17.15             2.43              0.81              
547               2.25       0.02                   1047            500000.0      17.15             2.43              0.81              
548               2.25       0.02                   1048            500000.0      17.15             2.43              0.81              
549               2.25       0.02                   1049            500000.0      17.15             2.43              0.81              
550               2.25       0.02                   1050            500000.0      17.15             2.43              0.81              
551               2.25       0.02                   1051            500000.0      17.15             2.43              0.81              
552               2.25       0.02                   1052            500000.0      17.15             2.43              0.81              
553               2.25       0.02                   1053            500000.0      17.15             2.43              0.81              
554               2.25       0.02                   1054            500000.0      17.15             2.43              0.81              
555               2.25       0.02                   1055            500000.0      17.15             2.43              0.81              
556               2.25       0.02                   1056            500000.0      17.15             2.43              0.81              
557               2.25       0.02                   1057            500000.0      17.15             2.43              0.81              
558               2.25       0.02                   1058            500000.0      17.15             2.43              0.81              
559               2.25       0.02                   1059            500000.0      17.15             2.43              0.81              
560               2.25       0.02                   1060            500000.0      17.15             2.43              0.81              
561               2.25       0.02                   1061            500000.0      17.15             2.43              0.81              
562               2.25       0.02                   1062            500000.0      17.15             2.43              0.81              
563               2.25       0.02                   1063            500000.0      17.15             2.43              0.81              
564               2.25       0.02                   1064            500000.0      17.15             2.43              0.81              
565               2.25       0.02                   1065            500000.0      17.15             2.43              0.81              
566               2.25       0.02                   1066            500000.0      17.15             2.43              0.81              
567               2.25       0.02                   1067            500000.0      17.15             2.43              0.81              
568               2.25       0.02                   1068            500000.0      17.15             2.43              0.81              
569               2.25       0.02                   1069            500000.0      17.15             2.43              0.81              
570               2.25       0.02                   1070            500000.0      17.15             2.43              0.81              
571               2.25       0.02                   1071            500000.0      17.15             2.43              0.81              
572               2.25       0.02                   1072            500000.0      17.15             2.43              0.81              
573               2.25       0.02                   1073            500000.0      17.15             2.43              0.81              
574               2.25       0.02                   1074            500000.0      17.15             2.43              0.81              
575               2.25       0.02                   1075            500000.0      17.15             2.43              0.81              
576               2.25       0.02                   1076            500000.0      17.15             2.43              0.81              
577               2.25       0.02                   1077            500000.0      17.15             2.43              0.81              
578               2.25       0.02                   1078            500000.0      17.15             2.43              0.81              
579               2.25       0.02                   1079            500000.0      17.15             2.43              0.81              
580               2.25       0.02                   1080            500000.0      17.15             2.43              0.81              
581               2.25       0.02                   1081            500000.0      17.15             2.43              0.81              
582               2.25       0.02                   1082            500000.0      17.15             2.43              0.81              
583               2.25       0.02                   1083            500000.0      17.15             2.43              0.81              
584               2.25       0.02                   1084            500000.0      17.15             2.43              0.81              
585               2.25       0.02                   1085            500000.0      17.15             2.43              0.81              
586               2.25       0.02                   1086            500000.0      17.15             2.43              0.81              
587               2.25       0.02                   1087            500000.0      17.15             2.43              0.81              
588               2.25       0.02                   1088            500000.0      17.15             2.43              0.81              
589               2.25       0.02                   1089            500000.0      17.15             2.43              0.81              
590               2.25       0.02                   1090            500000.0      17.15             2.43              0.81              
591               2.25       0.02                   1091            500000.0      17.15             2.43              0.81              
592               2.25       0.02                   1092            500000.0      17.15             2.43              0.81              
593               2.25       0.02                   1093            500000.0      17.15             2.43              0.81              
594               2.25       0.02                   1094            500000.0      17.15             2.43              0.81              
595               2.25       0.02                   1095            500000.0      17.15             2.43              0.81              
596               2.25       0.02                   1096            500000.0      17.15             2.43              0.81              
597               2.25       0.02                   1097            500000.0      17.15             2.43              0.81              
598               2.25       0.02                   1098            500000.0      17.15             2.43              0.81              
599               2.25       0.02                   1099            500000.0      17.15             2.43              0.81              
600               2.25       0.02                   1100            500000.0      17.15             2.43              0.81              
601               2.25       0.02                   1101            500000.0      17.15             2.43              0.81              
602               2.25       0.02                   1102            500000.0      17.15             2.43              0.81              
603               2.25       0.02                   1103            500000.0      17.15             2.43              0.81              
604               2.25       0.02                   1104            500000.0      17.15             2.43              0.81              
605               2.25       0.02                   1105            500000.0      17.15             2.43              0.81              
606               2.25       0.02                   1106            500000.0      17.15             2.43              0.81              
607               2.25       0.02                   1107            500000.0      17.15             2.43              0.81              
608               2.25       0.02                   1108            500000.0      17.15             2.43              0.81              
609               2.25       0.02                   1109            500000.0      17.15             2.43              0.81              
610               2.25       0.02                   1110            500000.0      17.15             2.43              0.81              
611               2.25       0.02                   1111            500000.0      17.15             2.43              0.81              
612               2.25       0.02                   1112            500000.0      17.15             2.43              0.81              
613               2.25       0.02                   1113            500000.0      17.15             2.43              0.81              
614               2.25       0.02                   1114            500000.0      17.15             2.43              0.81              
615               2.25       0.02                   1115            500000.0      17.15             2.43              0.81              
616               2.25       0.02                   1116            500000.0      17.15             2.43              0.81              
617               2.25       0.02                   1117            500000.0      17.15             2.43              0.81              
618               2.25       0.02                   1118            500000.0      17.15             2.43              0.81              
619               2.25       0.02                   1119            500000.0      17.15             2.43              0.81              
620               2.25       0.02                   1120            500000.0      17.15             2.43              0.81              
621               2.25       0.02                   1121            500000.0      17.15             2.43              0.81              
622               2.25       0.02                   1122            500000.0      17.15             2.43              0.81              
623               2.25       0.02                   1123            500000.0      17.15             2.43              0.81              
624               2.25       0.02                   1124            500000.0      17.15             2.43              0.81              
625               2.25       0.02                   1125            500000.0      17.15             2.43              0.81              
626               2.25       0.02                   1126            500000.0      17.15             2.43              0.81              
627               2.25       0.02                   1127            500000.0      17.15             2.43              0.81              
628               2.25       0.02                   1128            500000.0      17.15             2.43              0.81              
629               2.25       0.02                   1129            500000.0      17.15             2.43              0.81              
630               2.25       0.02                   1130            500000.0      17.15             2.43              0.81              
631               2.25       0.02                   1131            500000.0      17.15             2.43              0.81              
632               2.25       0.02                   1132            500000.0      17.15             2.43              0.81              
633               2.25       0.02                   1133            500000.0      17.15             2.43              0.81              
634               2.25       0.02                   1134            500000.0      17.15             2.43              0.81              
635               2.25       0.02                   1135            500000.0      17.15             2.43              0.81              
636               2.25       0.02                   1136            500000.0      17.15             2.43              0.81              
637               2.25       0.02                   1137            500000.0      17.15             2.43              0.81              
638               2.25       0.02                   1138            500000.0      17.15             2.43              0.81              
639               2.25       0.02                   1139            500000.0      17.15             2.43              0.81              
640               2.25       0.02                   1140            500000.0      17.15             2.43              0.81              
641               2.25       0.02                   1141            500000.0      17.15             2.43              0.81              
642               2.25       0.02                   1142            500000.0      17.15             2.43              0.81              
643               2.25       0.02                   1143            500000.0      17.15             2.43              0.81              
644               2.25       0.02                   1144            500000.0      17.15             2.43              0.81              
645               2.25       0.02                   1145            500000.0      17.15             2.43              0.81              
646               2.25       0.02                   1146            500000.0      17.15             2.43              0.81              
647               2.25       0.02                   1147            500000.0      17.15             2.43              0.81              
648               2.25       0.02                   1148            500000.0      17.15             2.43              0.81              
649               2.25       0.02                   1149            500000.0      17.15             2.43              0.81              
650               2.25       0.02                   1150            500000.0      17.15             2.43              0.81              
651               2.25       0.02                   1151            500000.0      17.15             2.43              0.81              
652               2.25       0.02                   1152            500000.0      17.15             2.43              0.81              
653               2.25       0.02                   1153            500000.0      17.15             2.43              0.81              
654               2.25       0.02                   1154            500000.0      17.15             2.43              0.81              
655               2.25       0.02                   1155            500000.0      17.15             2.43              0.81              
656               2.25       0.02                   1156            500000.0      17.15             2.43              0.81              
657               2.25       0.02                   1157            500000.0      17.15             2.43              0.81              
658               2.25       0.02                   1158            500000.0      17.15             2.43              0.81              
659               2.25       0.02                   1159            500000.0      17.15             2.43              0.81              
660               2.25       0.02                   1160            500000.0      17.15             2.43              0.81              
661               2.25       0.02                   1161            500000.0      17.15             2.43              0.81              
662               2.25       0.02                   1162            500000.0      17.15             2.43              0.81              
663               2.25       0.02                   1163            500000.0      17.15             2.43              0.81              
664               2.25       0.02                   1164            500000.0      17.15             2.43              0.81              
665               2.25       0.02                   1165            500000.0      17.15             2.43              0.81              
666               2.25       0.02                   1166            500000.0      17.15             2.43              0.81              
667               2.25       0.02                   1167            500000.0      17.15             2.43              0.81              
668               2.25       0.02                   1168            500000.0      17.15             2.43              0.81              
669               2.25       0.02                   1169            500000.0      17.15             2.43              0.81              
670               2.25       0.02                   1170            500000.0      17.15             2.43              0.81              
671               2.25       0.02                   1171            500000.0      17.15             2.43              0.81              
672               2.25       0.02                   1172            500000.0      17.15             2.43              0.81              
673               2.25       0.02                   1173            500000.0      17.15             2.43              0.81              
674               2.25       0.02                   1174            500000.0      17.15             2.43              0.81              
675               2.25       0.02                   1175            500000.0      17.15             2.43              0.81              
676               2.25       0.02                   1176            500000.0      17.15             2.43              0.81              
677               2.25       0.02                   1177            500000.0      17.15             2.43              0.81              
678               2.25       0.02                   1178            500000.0      17.15             2.43              0.81              
679               2.25       0.02                   1179            500000.0      17.15             2.43              0.81              
680               2.25       0.02                   1180            500000.0      17.15             2.43              0.81              
681               2.25       0.02                   1181            500000.0      17.15             2.43              0.81              
682               2.25       0.02                   1182            500000.0      17.15             2.43              0.81              
683               2.25       0.02                   1183            500000.0      17.15             2.43              0.81              
684               2.25       0.02                   1184            500000.0      17.15             2.43              0.81              
685               2.25       0.02                   1185            500000.0      17.15             2.43              0.81              
686               2.25       0.02                   1186            500000.0      17.15             2.43              0.81              
687               2.25       0.02                   1187            500000.0      17.15             2.43              0.81              
688               2.25       0.02                   1188            500000.0      17.15             2.43              0.81              
689               2.25       0.02                   1189            500000.0      17.15             2.43              0.81              
690               2.25       0.02                   1190            500000.0      17.15             2.43              0.81              
691               2.25       0.02                   1191            500000.0      17.15             2.43              0.81              
692               2.25       0.02                   1192            500000.0      17.15             2.43              0.81              
693               2.25       0.02                   1193            500000.0      17.15             2.43              0.81              
694               2.25       0.02                   1194            500000.0      17.15             2.43              0.81              
695               2.25       0.02                   1195            500000.0      17.15             2.43              0.81              
696               2.25       0.02                   1196            500000.0      17.15             2.43              0.81              
697               2.25       0.02                   1197            500000.0      17.15             2.43              0.81              
698               2.25       0.02                   1198            500000.0      17.15             2.43              0.81              
699               2.25       0.02                   1199            500000.0      17.15             2.43              0.81              
700               2.25       0.02                   1200            500000.0      17.15             2.43              0.81              
701               2.25       0.02                   1201            500000.0      17.15             2.43              0.81              
702               2.25       0.02                   1202            500000.0      17.15             2.43              0.81              
703               2.25       0.02                   1203            500000.0      17.15             2.43              0.81              
704               2.25       0.02                   1204            500000.0      17.15             2.43              0.81              
705               2.25       0.02                   1205            500000.0      17.15             2.43              0.81              
706               2.25       0.02                   1206            500000.0      17.15             2.43              0.81              
707               2.25       0.02                   1207            500000.0      17.15             2.43              0.81              
708               2.25       0.02                   1208            500000.0      17.15             2.43              0.81              
709               2.25       0.02                   1209            500000.0      17.15             2.43              0.81              
710               2.25       0.02                   1210            500000.0      17.15             2.43              0.81              
711               2.25       0.02                   1211            500000.0      17.15             2.43              0.81              
712               2.25       0.02                   1212            500000.0      17.15             2.43              0.81              
713               2.25       0.02                   1213            500000.0      17.15             2.43              0.81              
714               2.25       0.02                   1214            500000.0      17.15             2.43              0.81              
715               2.25       0.02                   1215            500000.0      17.15             2.43              0.81              
716               2.25       0.02                   1216            500000.0      17.15             2.43              0.81              
717               2.25       0.02                   1217            500000.0      17.15             2.43              0.81              
718               2.25       0.02                   1218            500000.0      17.15             2.43              0.81              
719               2.25       0.02                   1219            500000.0      17.15             2.43              0.81              
720               2.25       0.02                   1220            500000.0      17.15             2.43              0.81              
721               2.25       0.02                   1221            500000.0      17.15             2.43              0.81              
722               2.25       0.02                   1222            500000.0      17.15             2.43              0.81              
723               2.25       0.02                   1223            500000.0      17.15             2.43              0.81              
724               2.25       0.02                   1224            500000.0      17.15             2.43              0.81              
725               2.25       0.02                   1225            500000.0      17.15             2.43              0.81              
726               2.25       0.02                   1226            500000.0      17.15             2.43              0.81              
727               2.25       0.02                   1227            500000.0      17.15             2.43              0.81              
728               2.25       0.02                   1228            500000.0      17.15             2.43              0.81              
729               2.25       0.02                   1229            500000.0      17.15             2.43              0.81              
730               2.25       0.02                   1230            500000.0      17.15             2.43              0.81              
731               2.25       0.02                   1231            500000.0      17.15             2.43              0.81              
732               2.25       0.02                   1232            500000.0      17.15             2.43              0.81              
733               2.25       0.02                   1233            500000.0      17.15             2.43              0.81              
734               2.25       0.02                   1234            500000.0      17.15             2.43              0.81              
735               2.25       0.02                   1235            500000.0      17.15             2.43              0.81              
736               2.25       0.02                   1236            500000.0      17.15             2.43              0.81              
737               2.25       0.02                   1237            500000.0      17.15             2.43              0.81              
738               2.25       0.02                   1238            500000.0      17.15             2.43              0.81              
739               2.25       0.02                   1239            500000.0      17.15             2.43              0.81              
740               2.25       0.02                   1240            500000.0      17.15             2.43              0.81              
741               2.25       0.02                   1241            500000.0      17.15             2.43              0.81              
742               2.25       0.02                   1242            500000.0      17.15             2.43              0.81              
743               2.25       0.02                   1243            500000.0      17.15             2.43              0.81              
744               2.25       0.02                   1244            500000.0      17.15             2.43              0.81              
745               2.25       0.02                   1245            500000.0      17.15             2.43              0.81              
746               2.25       0.02                   1246            500000.0      17.15             2.43              0.81              
747               2.25       0.02                   1247            500000.0      17.15             2.43              0.81              
748               2.25       0.02                   1248            500000.0      17.15             2.43              0.81              
749               2.25       0.02                   1249            500000.0      17.15             2.43              0.81              
750               2.25       0.02                   1250            500000.0      17.15             2.43              0.81              
751               2.25       0.02                   1251            500000.0      17.15             2.43              0.81              
752               2.25       0.02                   1252            500000.0      17.15             2.43              0.81              
753               2.25       0.02                   1253            500000.0      17.15             2.43              0.81              
754               2.25       0.02                   1254            500000.0      17.15             2.43              0.81              
755               2.25       0.02                   1255            500000.0      17.15             2.43              0.81              
756               2.25       0.02                   1256            500000.0      17.15             2.43              0.81              
757               2.25       0.02                   1257            500000.0      17.15             2.43              0.81              
758               2.25       0.02                   1258            500000.0      17.15             2.43              0.81              
759               2.25       0.02                   1259            500000.0      17.15             2.43              0.81              
760               2.25       0.02                   1260            500000.0      17.15             2.43              0.81              
761               2.25       0.02                   1261            500000.0      17.15             2.43              0.81              
762               2.25       0.02                   1262            500000.0      17.15             2.43              0.81              
763               2.25       0.02                   1263            500000.0      17.15             2.43              0.81              
764               2.25       0.02                   1264            500000.0      17.15             2.43              0.81              
765               2.25       0.02                   1265            500000.0      17.15             2.43              0.81              
766               2.25       0.02                   1266            500000.0      17.15             2.43              0.81              
767               2.25       0.02                   1267            500000.0      17.15             2.43              0.81              
768               2.25       0.02                   1268            500000.0      17.15             2.43              0.81              
769               2.25       0.02                   1269            500000.0      17.15             2.43              0.81              
770               2.25       0.02                   1270            500000.0      17.15             2.43              0.81              
771               2.25       0.02                   1271            500000.0      17.15             2.43              0.81              
772               2.25       0.02                   1272            500000.0      17.15             2.43              0.81              
773               2.25       0.02                   1273            500000.0      17.15             2.43              0.81              
774               2.25       0.02                   1274            500000.0      17.15             2.43              0.81              
775               2.25       0.02                   1275            500000.0      17.15             2.43              0.81              
776               2.25       0.02                   1276            500000.0      17.15             2.43              0.81              
777               2.25       0.02                   1277            500000.0      17.15             2.43              0.81              
778               2.25       0.02                   1278            500000.0      17.15             2.43              0.81              
779               2.25       0.02                   1279            500000.0      17.15             2.43              0.81              
780               2.25       0.02                   1280            500000.0      17.15             2.43              0.81              
781               2.25       0.02                   1281            500000.0      17.15             2.43              0.81              
782               2.25       0.02                   1282            500000.0      17.15             2.43              0.81              
783               2.25       0.02                   1283            500000.0      17.15             2.43              0.81              
784               2.25       0.02                   1284            500000.0      17.15             2.43              0.81              
785               2.25       0.02                   1285            500000.0      17.15             2.43              0.81              
786               2.25       0.02                   1286            500000.0      17.15             2.43              0.81              
787               2.25       0.02                   1287            500000.0      17.15             2.43              0.81              
788               2.25       0.02                   1288            500000.0      17.15             2.43              0.81              
789               2.25       0.02                   1289            500000.0      17.15             2.43              0.81              
790               2.25       0.02                   1290            500000.0      17.15             2.43              0.81              
791               2.25       0.02                   1291            500000.0      17.15             2.43              0.81              
792               2.25       0.02                   1292            500000.0      17.15             2.43              0.81              
793               2.25       0.02                   1293            500000.0      17.15             2.43              0.81              
794               2.25       0.02                   1294            500000.0      17.15             2.43              0.81              
795               2.25       0.02                   1295            500000.0      17.15             2.43              0.81              
796               2.25       0.02                   1296            500000.0      17.15             2.43              0.81              
797               2.25       0.02                   1297            500000.0      17.15             2.43              0.81              
798               2.25       0.02                   1298            500000.0      17.15             2.43              0.81              
799               2.25       0.02                   1299            500000.0      17.15             2.43              0.81              
800               2.25       0.02                   1300            500000.0      17.15             2.43              0.81              
801               2.25       0.02                   1301            500000.0      17.15             2.43              0.81              
802               2.25       0.02                   1302            500000.0      17.15             2.43              0.81              
803               2.25       0.02                   1303            500000.0      17.15             2.43              0.81              
804               2.25       0.02                   1304            500000.0      17.15             2.43              0.81              
805               2.25       0.02                   1305            500000.0      17.15             2.43              0.81              
806               2.25       0.02                   1306            500000.0      17.15             2.43              0.81              
807               2.25       0.02                   1307            500000.0      17.15             2.43              0.81              
808               2.25       0.02                   1308            500000.0      17.15             2.43              0.81              
809               2.25       0.02                   1309            500000.0      17.15             2.43              0.81              
810               2.25       0.02                   1310            500000.0      17.15             2.43              0.81              
811               2.25       0.02                   1311            500000.0      17.15             2.43              0.81              
812               2.25       0.02                   1312            500000.0      17.15             2.43              0.81              
813               2.25       0.02                   1313            500000.0      17.15             2.43              0.81              
814               2.25       0.02                   1314            500000.0      17.15             2.43              0.81              
815               2.25       0.02                   1315            500000.0      17.15             2.43              0.81              
816               2.25       0.02                   1316            500000.0      17.15             2.43              0.81              
817               2.25       0.02                   1317            500000.0      17.15             2.43              0.81              
818               2.25       0.02                   1318            500000.0      17.15             2.43              0.81              
819               2.25       0.02                   1319            500000.0      17.15             2.43              0.81              
820               2.25       0.02                   1320            500000.0      17.15             2.43              0.81              
821               2.25       0.02                   1321            500000.0      17.15             2.43              0.81              
822               2.25       0.02                   1322            500000.0      17.15             2.43              0.81              
823               2.25       0.02                   1323            500000.0      17.15             2.43              0.81              
824               2.25       0.02                   1324            500000.0      17.15             2.43              0.81              
825               2.25       0.02                   1325            500000.0      17.15             2.43              0.81              
826               2.25       0.02                   1326            500000.0      17.15             2.43              0.81              
827               2.25       0.02                   1327            500000.0      17.15             2.43              0.81              
828               2.25       0.02                   1328            500000.0      17.15             2.43              0.81              
829               2.25       0.02                   1329            500000.0      17.15             2.43              0.81              
830               2.25       0.02                   1330            500000.0      17.15             2.43              0.81              
831               2.25       0.02                   1331            500000.0      17.15             2.43              0.81              
832               2.25       0.02                   1332            500000.0      17.15             2.43              0.81              
833               2.25       0.02                   1333            500000.0      17.15             2.43              0.81              
834               2.25       0.02                   1334            500000.0      17.15             2.43              0.81              
835               2.25       0.02                   1335            500000.0      17.15             2.43              0.81              
836               2.25       0.02                   1336            500000.0      17.15             2.43              0.81              
837               2.25       0.02                   1337            500000.0      17.15             2.43              0.81              
838               2.25       0.02                   1338            500000.0      17.15             2.43              0.81              
839               2.25       0.02                   1339            500000.0      17.15             2.43              0.81              
840               2.25       0.02                   1340            500000.0      17.15             2.43              0.81              
841               2.25       0.02                   1341            500000.0      17.15             2.43              0.81              
842               2.25       0.02                   1342            500000.0      17.15             2.43              0.81              
843               2.25       0.02                   1343            500000.0      17.15             2.43              0.81              
844               2.25       0.02                   1344            500000.0      17.15             2.43              0.81              
845               2.25       0.02                   1345            500000.0      17.15             2.43              0.81              
846               2.25       0.02                   1346            500000.0      17.15             2.43              0.81              
847               2.25       0.02                   1347            500000.0      17.15             2.43              0.81              
848               2.25       0.02                   1348            500000.0      17.15             2.43              0.81              
849               2.25       0.02                   1349            500000.0      17.15             2.43              0.81              
850               2.25       0.02                   1350            500000.0      17.15             2.43              0.81              
851               2.25       0.02                   1351            500000.0      17.15             2.43              0.81              
852               2.25       0.02                   1352            500000.0      17.15             2.43              0.81              
853               2.25       0.02                   1353            500000.0      17.15             2.43              0.81              
854               2.25       0.02                   1354            500000.0      17.15             2.43              0.81              
855               2.25       0.02                   1355            500000.0      17.15             2.43              0.81              
856               2.25       0.02                   1356            500000.0      17.15             2.43              0.81              
857               2.25       0.02                   1357            500000.0      17.15             2.43              0.81              
858               2.25       0.02                   1358            500000.0      17.15             2.43              0.81              
859               2.25       0.02                   1359            500000.0      17.15             2.43              0.81              
860               2.25       0.02                   1360            500000.0      17.15             2.43              0.81              
861               2.25       0.02                   1361            500000.0      17.15             2.43              0.81              
862               2.25       0.02                   1362            500000.0      17.15             2.43              0.81              
863               2.25       0.02                   1363            500000.0      17.15             2.43              0.81              
864               2.25       0.02                   1364            500000.0      17.15             2.43              0.81              
865               2.25       0.02                   1365            500000.0      17.15             2.43              0.81              
866               2.25       0.02                   1366            500000.0      17.15             2.43              0.81              
867               2.25       0.02                   1367            500000.0      17.15             2.43              0.81              
868               2.25       0.02                   1368            500000.0      17.15             2.43              0.81              
869               2.25       0.02                   1369            500000.0      17.15             2.43              0.81              
870               2.25       0.02                   1370            500000.0      17.15             2.43              0.81              
871               2.25       0.02                   1371            500000.0      17.15             2.43              0.81              
872               2.25       0.02                   1372            500000.0      17.15             2.43              0.81              
873               2.25       0.02                   1373            500000.0      17.15             2.43              0.81              
874               2.25       0.02                   1374            500000.0      17.15             2.43              0.81              
875               2.25       0.02                   1375            500000.0      17.15             2.43              0.81              
876               2.25       0.02                   1376            500000.0      17.15             2.43              0.81              
877               2.25       0.02                   1377            500000.0      17.15             2.43              0.81              
878               2.25       0.02                   1378            500000.0      17.15             2.43              0.81              
879               2.25       0.02                   1379            500000.0      17.15             2.43              0.81              
880               2.25       0.02                   1380            500000.0      17.15             2.43              0.81              
881               2.25       0.02                   1381            500000.0      17.15             2.43              0.81              
882               2.25       0.02                   1382            500000.0      17.15             2.43              0.81              
883               2.25       0.02                   1383            500000.0      17.15             2.43              0.81              
884               2.25       0.02                   1384            500000.0      17.15             2.43              0.81              
885               2.25       0.02                   1385            500000.0      17.15             2.43              0.81              
886               2.25       0.02                   1386            500000.0      17.15             2.43              0.81              
887               2.25       0.02                   1387            500000.0      17.15             2.43              0.81              
888               2.25       0.02                   1388            500000.0      17.15             2.43              0.81              
889               2.25       0.02                   1389            500000.0      17.15             2.43              0.81              
890               2.25       0.02                   1390            500000.0      17.15             2.43              0.81              
891               2.25       0.02                   1391            500000.0      17.15             2.43              0.81              
892               2.25       0.02                   1392            500000.0      17.15             2.43              0.81              
893               2.25       0.02                   1393            500000.0      17.15             2.43              0.81              
894               2.25       0.02                   1394            500000.0      17.15             2.43              0.81              
895               2.25       0.02                   1395            500000.0      17.15             2.43              0.81              
896               2.25       0.02                   1396            500000.0      17.15             2.43              0.81              
897               2.25       0.02                   1397            500000.0      17.15             2.43              0.81              
898               2.25       0.02                   1398            500000.0      17.15             2.43              0.81              
899               2.25       0.02                   1399            500000.0      17.15             2.43              0.81              
900               2.25       0.02                   1400            500000.0      17.15             2.43              0.81              
901               2.25       0.02                   1401            500000.0      17.15             2.43              0.81              
902               2.25       0.02                   1402            500000.0      17.15             2.43              0.81              
903               2.25       0.02                   1403            500000.0      17.15             2.43              0.81              
904               2.25       0.02                   1404            500000.0      17.15             2.43              0.81              
905               2.25       0.02                   1405            500000.0      17.15             2.43              0.81              
906               2.25       0.02                   1406            500000.0      17.15             2.43              0.81              
907               2.25       0.02                   1407            500000.0      17.15             2.43              0.81              
908               2.25       0.02                   1408            500000.0      17.15             2.43              0.81              
909               2.25       0.02                   1409            500000.0      17.15             2.43              0.81              
910               2.25       0.02                   1410            500000.0      17.15             2.43              0.81              
911               2.25       0.02                   1411            500000.0      17.15             2.43              0.81              
912               2.25       0.02                   1412            500000.0      17.15             2.43              0.81              
913               2.25       0.02                   1413            500000.0      17.15             2.43              0.81              
914               2.25       0.02                   1414            500000.0      17.15             2.43              0.81              
915               2.25       0.02                   1415            500000.0      17.15             2.43              0.81              
916               2.25       0.02                   1416            500000.0      17.15             2.43              0.81              
917               2.25       0.02                   1417            500000.0      17.15             2.43              0.81              
918               2.25       0.02                   1418            500000.0      17.15             2.43              0.81              
919               2.25       0.02                   1419            500000.0      17.15             2.43              0.81              
920               2.25       0.02                   1420            500000.0      17.15             2.43              0.81              
921               2.25       0.02                   1421            500000.0      17.15             2.43              0.81              
922               2.25       0.02                   1422            500000.0      17.15             2.43              0.81              
923               2.25       0.02                   1423            500000.0      17.15             2.43              0.81              
924               2.25       0.02                   1424            500000.0      17.15             2.43              0.81              
925               2.25       0.02                   1425            500000.0      17.15             2.43              0.81              
926               2.25       0.02                   1426            500000.0      17.15             2.43              0.81              
927               2.25       0.02                   1427            500000.0      17.15             2.43              0.81              
928               2.25       0.02                   1428            500000.0      17.15             2.43              0.81              
929               2.25       0.02                   1429            500000.0      17.15             2.43              0.81              
930               2.25       0.02                   1430            500000.0      17.15             2.43              0.81              
931               2.25       0.02                   1431            500000.0      17.15             2.43              0.81              
932               2.25       0.02                   1432            500000.0      17.15             2.43              0.81              
933               2.25       0.02                   1433            500000.0      17.15             2.43              0.81              
934               2.25       0.02                   1434            500000.0      17.15             2.43              0.81              
935               2.25       0.02                   1435            500000.0      17.15             2.43              0.81              
936               2.25       0.02                   1436            500000.0      17.15             2.43              0.81              
937               2.25       0.02                   1437            500000.0      17.15             2.43              0.81              
938               2.25       0.02                   1438            500000.0      17.15             2.43              0.81              
939               2.25       0.02                   1439            500000.0      17.15             2.43              0.81              
940               2.25       0.02                   1440            500000.0      17.15             2.43              0.81              
941               2.25       0.02                   1441            500000.0      17.15             2.43              0.81              
942               2.25       0.02                   1442            500000.0      17.15             2.43              0.81              
943               2.25       0.02                   1443            500000.0      17.15             2.43              0.81              
944               2.25       0.02                   1444            500000.0      17.15             2.43              0.81              
945               2.25       0.02                   1445            500000.0      17.15             2.43              0.81              
946               2.25       0.02                   1446            500000.0      17.15             2.43              0.81              
947               2.25       0.02                   1447            500000.0      17.15             2.43              0.81              
948               2.25       0.02                   1448            500000.0      17.15             2.43              0.81              
949               2.25       0.02                   1449            500000.0      17.15             2.43              0.81              
950               2.25       0.02                   1450            500000.0      17.15             2.43              0.81              
951               2.25       0.02                   1451            500000.0      17.15             2.43              0.81              
952               2.25       0.02                   1452            500000.0      17.15             2.43              0.81              
953               2.25       0.02                   1453            500000.0      17.15             2.43              0.81              
954               2.25       0.02                   1454            500000.0      17.15             2.43              0.81              
955               2.25       0.02                   1455            500000.0      17.15             2.43              0.81              
956               2.25       0.02                   1456            500000.0      17.15             2.43              0.81              
957               2.25       0.02                   1457            500000.0      17.15             2.43              0.81              
958               2.25       0.02                   1458            500000.0      17.15             2.43              0.81              
959               2.25       0.02                   1459            500000.0      17.15             2.43              0.81              
960               2.25       0.02                   1460            500000.0      17.15             2.43              0.81              
961               2.25       0.02                   1461            500000.0      17.15             2.43              0.81              
962               2.25       0.02                   1462            500000.0      17.15             2.43              0.81              
963               2.25       0.02                   1463            500000.0      17.15             2.43              0.81              
964               2.25       0.02                   1464            500000.0      17.15             2.43              0.81              
965               2.25       0.02                   1465            500000.0      17.15             2.43              0.81              
966               2.25       0.02                   1466            500000.0      17.15             2.43              0.81              
967               2.25       0.02                   1467            500000.0      17.15             2.43              0.81              
968               2.25       0.02                   1468            500000.0      17.15             2.43              0.81              
969               2.25       0.02                   1469            500000.0      17.15             2.43              0.81              
970               2.25       0.02                   1470            500000.0      17.15             2.43              0.81              
971               2.25       0.02                   1471            500000.0      17.15             2.43              0.81              
972               2.25       0.02                   1472            500000.0      17.15             2.43              0.81              
973               2.25       0.02                   1473            500000.0      17.15             2.43              0.81              
974               2.25       0.02                   1474            500000.0      17.15             2.43              0.81              
975               2.25       0.02                   1475            500000.0      17.15             2.43              0.81              
976               2.25       0.02                   1476            500000.0      17.15             2.43              0.81              
977               2.25       0.02                   1477            500000.0      17.15             2.43              0.81              
978               2.25       0.02                   1478            500000.0      17.15             2.43              0.81              
979               2.25       0.02                   1479            500000.0      17.15             2.43              0.81              
980               2.25       0.02                   1480            500000.0      17.15             2.43              0.81              
981               2.25       0.02                   1481            500000.0      17.15             2.43              0.81              
982               2.25       0.02                   1482            500000.0      17.15             2.43              0.81              
983               2.25       0.02                   1483            500000.0      17.15             2.43              0.81              
984               2.25       0.02                   1484            500000.0      17.15             2.43              0.81              
985               2.25       0.02                   1485            500000.0      17.15             2.43              0.81              
986               2.25       0.02                   1486            500000.0      17.15             2.43              0.81              
987               2.25       0.02                   1487            500000.0      17.15             2.43              0.81              
988               2.25       0.02                   1488            500000.0      17.15             2.43              0.81              
989               2.25       0.02                   1489            500000.0      17.15             2.43              0.81              
990               2.25       0.02                   1490            500000.0      17.15             2.43              0.81              
991               2.25       0.02                   1491            500000.0      17.15             2.43              0.81              
992               2.25       0.02                   1492            500000.0      17.15             2.43              0.81              
993               2.25       0.02                   1493            500000.0      17.15             2.43              0.81              
994               2.25       0.02                   1494            500000.0      17.15             2.43              0.81              
995               2.25       0.02                   1495            500000.0      17.15             2.43              0.81              
996               2.25       0.02                   1496            500000.0      17.15             2.43              0.81              
997               2.25       0.02                   1497            500000.0      17.15             2.43              0.81              
998               2.25       0.02                   1498            500000.0      17.15             2.43              0.81              
999               2.25       0.02                   1499            500000.0      17.15             2.43              0.81              
1000              2.25       0.02                   1500            500000.0      17.15             2.43              0.81              
1001              2.25       0.02                   1501            500000.0      17.15             2.43              0.81              
1002              2.25       0.02                   1502            500000.0      17.15             2.43              0.81              
1003              2.25       0.02                   1503            500000.0      17.15             2.43              0.81              
1004              2.25       0.02                   1504            500000.0      17.15             2.43              0.81              
1005              2.25       0.02                   1505            500000.0      17.15             2.43              0.81              
1006              2.25       0.02                   1506            500000.0      17.15             2.43              0.81              
1007              2.25       0.02                   1507            500000.0      17.15             2.43              0.81              
1008              2.25       0.02                   1508            500000.0      17.15             2.43              0.81              
1009              2.25       0.02                   1509            500000.0      17.15             2.43              0.81              
1010              2.25       0.02                   1510            500000.0      17.15             2.43              0.81              
1011              2.25       0.02                   1511            500000.0      17.15             2.43              0.81              
1012              2.25       0.02                   1512            500000.0      17.15             2.43              0.81              
1013              2.25       0.02                   1513            500000.0      17.15             2.43              0.81              
1014              2.25       0.02                   1514            500000.0      17.15             2.43              0.81              
1015              2.25       0.02                   1515            500000.0      17.15             2.43              0.81              
1016              2.25       0.02                   1516            500000.0      17.15             2.43              0.81              
1017              2.25       0.02                   1517            500000.0      17.15             2.43              0.81              
1018              2.25       0.02                   1518            500000.0      17.15             2.43              0.81              
1019              2.25       0.02                   1519            500000.0      17.15             2.43              0.81              
1020              2.25       0.02                   1520            500000.0      17.15             2.43              0.81              
1021              2.25       0.02                   1521            500000.0      17.15             2.43              0.81              
1022              2.25       0.02                   1522            500000.0      17.15             2.43              0.81              
1023              2.25       0.02                   1523            500000.0      17.15             2.43              0.81              
1024              2.25       0.02                   1524            500000.0      17.15             2.43              0.81              
1025              2.25       0.02                   1525            500000.0      17.15             2.43              0.81              
1026              2.25       0.02                   1526            500000.0      17.15             2.43              0.81              
1027              2.25       0.02                   1527            500000.0      17.15             2.43              0.81              
1028              2.25       0.02                   1528            500000.0      17.15             2.43              0.81              
1029              2.25       0.02                   1529            500000.0      17.15             2.43              0.81              
1030              2.25       0.02                   1530            500000.0      17.15             2.43              0.81              
1031              2.25       0.02                   1531            500000.0      17.15             2.43              0.81              
1032              2.25       0.02                   1532            500000.0      17.15             2.43              0.81              
1033              2.25       0.02                   1533            500000.0      17.15             2.43              0.81              
1034              2.25       0.02                   1534            500000.0      17.15             2.43              0.81              
1035              2.25       0.02                   1535            500000.0      17.15             2.43              0.81              
1036              2.25       0.02                   1536            500000.0      17.15             2.43              0.81              
1037              2.25       0.02                   1537            500000.0      17.15             2.43              0.81              
1038              2.25       0.02                   1538            500000.0      17.15             2.43              0.81              
1039              2.25       0.02                   1539            500000.0      17.15             2.43              0.81              
1040              2.25       0.02                   1540            500000.0      17.15             2.43              0.81              
1041              2.25       0.02                   1541            500000.0      17.15             2.43              0.81              
1042              2.25       0.02                   1542            500000.0      17.15             2.43              0.81              
1043              2.25       0.02                   1543            500000.0      17.15             2.43              0.81              
1044              2.25       0.02                   1544            500000.0      17.15             2.43              0.81              
1045              2.25       0.02                   1545            500000.0      17.15             2.43              0.81              
1046              2.25       0.02                   1546            500000.0      17.15             2.43              0.81              
1047              2.25       0.02                   1547            500000.0      17.15             2.43              0.81              
1048              2.25       0.02                   1548            500000.0      17.15             2.43              0.81              
1049              2.25       0.02                   1549            500000.0      17.15             2.43              0.81              
1050              2.25       0.02                   1550            500000.0      17.15             2.43              0.81              
1051              2.25       0.02                   1551            500000.0      17.15             2.43              0.81              
1052              2.25       0.02                   1552            500000.0      17.15             2.43              0.81              
1053              2.25       0.02                   1553            500000.0      17.15             2.43              0.81              
1054              2.25       0.02                   1554            500000.0      17.15             2.43              0.81              
1055              2.25       0.02                   1555            500000.0      17.15             2.43              0.81              
1056              2.25       0.02                   1556            500000.0      17.15             2.43              0.81              
1057              2.25       0.02                   1557            500000.0      17.15             2.43              0.81              
1058              2.25       0.02                   1558            500000.0      17.15             2.43              0.81              
1059              2.25       0.02                   1559            500000.0      17.15             2.43              0.81              
1060              2.25       0.02                   1560            500000.0      17.15             2.43              0.81              
1061              2.25       0.02                   1561            500000.0      17.15             2.43              0.81              
1062              2.25       0.02                   1562            500000.0      17.15             2.43              0.81              
1063              2.25       0.02                   1563            500000.0      17.15             2.43              0.81              
1064              2.25       0.02                   1564            500000.0      17.15             2.43              0.81              
1065              2.25       0.02                   1565            500000.0      17.15             2.43              0.81              
1066              2.25       0.02                   1566            500000.0      17.15             2.43              0.81              
1067              2.25       0.02                   1567            500000.0      17.15             2.43              0.81              
1068              2.25       0.02                   1568            500000.0      17.15             2.43              0.81              
1069              2.25       0.02                   1569            500000.0      17.15             2.43              0.81              
1070              2.25       0.02                   1570            500000.0      17.15             2.43              0.81              
1071              2.25       0.02                   1571            500000.0      17.15             2.43              0.81              
1072              2.25       0.02                   1572            500000.0      17.15             2.43              0.81              
1073              2.25       0.02                   1573            500000.0      17.15             2.43              0.81              
1074              2.25       0.02                   1574            500000.0      17.15             2.43              0.81              
1075              2.25       0.02                   1575            500000.0      17.15             2.43              0.81              
1076              2.25       0.02                   1576            500000.0      17.15             2.43              0.81              
1077              2.25       0.02                   1577            500000.0      17.15             2.43              0.81              
1078              2.25       0.02                   1578            500000.0      17.15             2.43              0.81              
1079              2.25       0.02                   1579            500000.0      17.15             2.43              0.81              
1080              2.25       0.02                   1580            500000.0      17.15             2.43              0.81              
1081              2.25       0.02                   1581            500000.0      17.15             2.43              0.81              
1082              2.25       0.02                   1582            500000.0      17.15             2.43              0.81              
1083              2.25       0.02                   1583            500000.0      17.15             2.43              0.81              
1084              2.25       0.02                   1584            500000.0      17.15             2.43              0.81              
1085              2.25       0.02                   1585            500000.0      17.15             2.43              0.81              
1086              2.25       0.02                   1586            500000.0      17.15             2.43              0.81              
1087              2.25       0.02                   1587            500000.0      17.15             2.43              0.81              
1088              2.25       0.02                   1588            500000.0      17.15             2.43              0.81              
1089              2.25       0.02                   1589            500000.0      17.15             2.43              0.81              
1090              2.25       0.02                   1590            500000.0      17.15             2.43              0.81              
1091              2.25       0.02                   1591            500000.0      17.15             2.43              0.81              
1092              2.25       0.02                   1592            500000.0      17.15             2.43              0.81              
1093              2.25       0.02                   1593            500000.0      17.15             2.43              0.81              
1094              2.25       0.02                   1594            500000.0      17.15             2.43              0.81              
1095              2.25       0.02                   1595            500000.0      17.15             2.43              0.81              
1096              2.25       0.02                   1596            500000.0      17.15             2.43              0.81              
1097              2.25       0.02                   1597            500000.0      17.15             2.43              0.81              
1098              2.25       0.02                   1598            500000.0      17.15             2.43              0.81              
1099              2.25       0.02                   1599            500000.0      17.15             2.43              0.81              
1100              2.25       0.02                   1600            500000.0      17.15             2.43              0.81              
1101              2.25       0.02                   1601            500000.0      17.15             2.43              0.81              
1102              2.25       0.02                   1602            500000.0      17.15             2.43              0.81              
1103              2.25       0.02                   1603            500000.0      17.15             2.43              0.81              
1104              2.25       0.02                   1604            500000.0      17.15             2.43              0.81              
1105              2.25       0.02                   1605            500000.0      17.15             2.43              0.81              
1106              2.25       0.02                   1606            500000.0      17.15             2.43              0.81              
1107              2.25       0.02                   1607            500000.0      17.15             2.43              0.81              
1108              2.25       0.02                   1608            500000.0      17.15             2.43              0.81              
1109              2.25       0.02                   1609            500000.0      17.15             2.43              0.81              
1110              2.25       0.02                   1610            500000.0      17.15             2.43              0.81              
1111              2.25       0.02                   1611            500000.0      17.15             2.43              0.81              
1112              2.25       0.02                   1612            500000.0      17.15             2.43              0.81              
1113              2.25       0.02                   1613            500000.0      17.15             2.43              0.81              
1114              2.25       0.02                   1614            500000.0      17.15             2.43              0.81              
1115              2.25       0.02                   1615            500000.0      17.15             2.43              0.81              
1116              2.25       0.02                   1616            500000.0      17.15             2.43              0.81              
1117              2.25       0.02                   1617            500000.0      17.15             2.43              0.81              
1118              2.25       0.02                   1618            500000.0      17.15             2.43              0.81              
1119              2.25       0.02                   1619            500000.0      17.15             2.43              0.81              
1120              2.25       0.02                   1620            500000.0      17.15             2.43              0.81              
1121              2.25       0.02                   1621            500000.0      17.15             2.43              0.81              
1122              2.25       0.02                   1622            500000.0      17.15             2.43              0.81              
1123              2.25       0.02                   1623            500000.0      17.15             2.43              0.81              
1124              2.25       0.02                   1624            500000.0      17.15             2.43              0.81              
1125              2.25       0.02                   1625            500000.0      17.15             2.43              0.81              
1126              2.25       0.02                   1626            500000.0      17.15             2.43              0.81              
1127              2.25       0.02                   1627            500000.0      17.15             2.43              0.81              
1128              2.25       0.02                   1628            500000.0      17.15             2.43              0.81              
1129              2.25       0.02                   1629            500000.0      17.15             2.43              0.81              
1130              2.25       0.02                   1630            500000.0      17.15             2.43              0.81              
1131              2.25       0.02                   1631            500000.0      17.15             2.43              0.81              
1132              2.25       0.02                   1632            500000.0      17.15             2.43              0.81              
1133              2.25       0.02                   1633            500000.0      17.15             2.43              0.81              
1134              2.25       0.02                   1634            500000.0      17.15             2.43              0.81              
1135              2.25       0.02                   1635            500000.0      17.15             2.43              0.81              
1136              2.25       0.02                   1636            500000.0      17.15             2.43              0.81              
1137              2.25       0.02                   1637            500000.0      17.15             2.43              0.81              
1138              2.25       0.02                   1638            500000.0      17.15             2.43              0.81              
1139              2.25       0.02                   1639            500000.0      17.15             2.43              0.81              
1140              2.25       0.02                   1640            500000.0      17.15             2.43              0.81              
1141              2.25       0.02                   1641            500000.0      17.15             2.43              0.81              
1142              2.25       0.02                   1642            500000.0      17.15             2.43              0.81              
1143              2.25       0.02                   1643            500000.0      17.15             2.43              0.81              
1144              2.25       0.02                   1644            500000.0      17.15             2.43              0.81              
1145              2.25       0.02                   1645            500000.0      17.15             2.43              0.81              
1146              2.25       0.02                   1646            500000.0      17.15             2.43              0.81              
1147              2.25       0.02                   1647            500000.0      17.15             2.43              0.81              
1148              2.25       0.02                   1648            500000.0      17.15             2.43              0.81              
1149              2.25       0.02                   1649            500000.0      17.15             2.43              0.81              
1150              2.25       0.02                   1650            500000.0      17.15             2.43              0.81              
1151              2.25       0.02                   1651            500000.0      17.15             2.43              0.81              
1152              2.25       0.02                   1652            500000.0      17.15             2.43              0.81              
1153              2.25       0.02                   1653            500000.0      17.15             2.43              0.81              
1154              2.25       0.02                   1654            500000.0      17.15             2.43              0.81              
1155              2.25       0.02                   1655            500000.0      17.15             2.43              0.81              
1156              2.25       0.02                   1656            500000.0      17.15             2.43              0.81              
1157              2.25       0.02                   1657            500000.0      17.15             2.43              0.81              
1158              2.25       0.02                   1658            500000.0      17.15             2.43              0.81              
1159              2.25       0.02                   1659            500000.0      17.15             2.43              0.81              
1160              2.25       0.02                   1660            500000.0      17.15             2.43              0.81              
1161              2.25       0.02                   1661            500000.0      17.15             2.43              0.81              
1162              2.25       0.02                   1662            500000.0      17.15             2.43              0.81              
1163              2.25       0.02                   1663            500000.0      17.15             2.43              0.81              
1164              2.25       0.02                   1664            500000.0      17.15             2.43              0.81              
1165              2.25       0.02                   1665            500000.0      17.15             2.43              0.81              
1166              2.25       0.02                   1666            500000.0      17.15             2.43              0.81              
1167              2.25       0.02                   1667            500000.0      17.15             2.43              0.81              
1168              2.25       0.02                   1668            500000.0      17.15             2.43              0.81              
1169              2.25       0.02                   1669            500000.0      17.15             2.43              0.81              
1170              2.25       0.02                   1670            500000.0      17.15             2.43              0.81              
1171              2.25       0.02                   1671            500000.0      17.15             2.43              0.81              
1172              2.25       0.02                   1672            500000.0      17.15             2.43              0.81              
1173              2.25       0.02                   1673            500000.0      17.15             2.43              0.81              
1174              2.25       0.02                   1674            500000.0      17.15             2.43              0.81              
1175              2.25       0.02                   1675            500000.0      17.15             2.43              0.81              
1176              2.25       0.02                   1676            500000.0      17.15             2.43              0.81              
1177              2.25       0.02                   1677            500000.0      17.15             2.43              0.81              
1178              2.25       0.02                   1678            500000.0      17.15             2.43              0.81              
1179              2.25       0.02                   1679            500000.0      17.15             2.43              0.81              
1180              2.25       0.02                   1680            500000.0      17.15             2.43              0.81              
1181              2.25       0.02                   1681            500000.0      17.15             2.43              0.81              
1182              2.25       0.02                   1682            500000.0      17.15             2.43              0.81              
1183              2.25       0.02                   1683            500000.0      17.15             2.43              0.81              
1184              2.25       0.02                   1684            500000.0      17.15             2.43              0.81              
1185              2.25       0.02                   1685            500000.0      17.15             2.43              0.81              
1186              2.25       0.02                   1686            500000.0      17.15             2.43              0.81              
1187              2.25       0.02                   1687            500000.0      17.15             2.43              0.81              
1188              2.25       0.02                   1688            500000.0      17.15             2.43              0.81              
1189              2.25       0.02                   1689            500000.0      17.15             2.43              0.81              
1190              2.25       0.02                   1690            500000.0      17.15             2.43              0.81              
1191              2.25       0.02                   1691            500000.0      17.15             2.43              0.81              
1192              2.25       0.02                   1692            500000.0      17.15             2.43              0.81              
1193              2.25       0.02                   1693            500000.0      17.15             2.43              0.81              
1194              2.25       0.02                   1694            500000.0      17.15             2.43              0.81              
1195              2.25       0.02                   1695            500000.0      17.15             2.43              0.81              
1196              2.25       0.02                   1696            500000.0      17.15             2.43              0.81              
1197              2.25       0.02                   1697            500000.0      17.15             2.43              0.81              
1198              2.25       0.02                   1698            500000.0      17.15             2.43              0.81              
1199              2.25       0.02                   1699            500000.0      17.15             2.43              0.81              
1200              2.25       0.02                   1700            500000.0      17.15             2.43              0.81              
1201              2.25       0.02                   1701            500000.0      17.15             2.43              0.81              
1202              2.25       0.02                   1702            500000.0      17.15             2.43              0.81              
1203              2.25       0.02                   1703            500000.0      17.15             2.43              0.81              
1204              2.25       0.02                   1704            500000.0      17.15             2.43              0.81              
1205              2.25       0.02                   1705            500000.0      17.15             2.43              0.81              
1206              2.25       0.02                   1706            500000.0      17.15             2.43              0.81              
1207              2.25       0.02                   1707            500000.0      17.15             2.43              0.81              
1208              2.25       0.02                   1708            500000.0      17.15             2.43              0.81              
1209              2.25       0.02                   1709            500000.0      17.15             2.43              0.81              
1210              2.25       0.02                   1710            500000.0      17.15             2.43              0.81              
1211              2.25       0.02                   1711            500000.0      17.15             2.43              0.81              
1212              2.25       0.02                   1712            500000.0      17.15             2.43              0.81              
1213              2.25       0.02                   1713            500000.0      17.15             2.43              0.81              
1214              2.25       0.02                   1714            500000.0      17.15             2.43              0.81              
1215              2.25       0.02                   1715            500000.0      17.15             2.43              0.81              
1216              2.25       0.02                   1716            500000.0      17.15             2.43              0.81              
1217              2.25       0.02                   1717            500000.0      17.15             2.43              0.81              
1218              2.25       0.02                   1718            500000.0      17.15             2.43              0.81              
1219              2.25       0.02                   1719            500000.0      17.15             2.43              0.81              
1220              2.25       0.02                   1720            500000.0      17.15             2.43              0.81              
1221              2.25       0.02                   1721            500000.0      17.15             2.43              0.81              
1222              2.25       0.02                   1722            500000.0      17.15             2.43              0.81              
1223              2.25       0.02                   1723            500000.0      17.15             2.43              0.81              
1224              2.25       0.02                   1724            500000.0      17.15             2.43              0.81              
1225              2.25       0.02                   1725            500000.0      17.15             2.43              0.81              
1226              2.25       0.02                   1726            500000.0      17.15             2.43              0.81              
1227              2.25       0.02                   1727            500000.0      17.15             2.43              0.81              
1228              2.25       0.02                   1728            500000.0      17.15             2.43              0.81              
1229              2.25       0.02                   1729            500000.0      17.15             2.43              0.81              
1230              2.25       0.02                   1730            500000.0      17.15             2.43              0.81              
1231              2.25       0.02                   1731            500000.0      17.15             2.43              0.81              
1232              2.25       0.02                   1732            500000.0      17.15             2.43              0.81              
1233              2.25       0.02                   1733            500000.0      17.15             2.43              0.81              
1234              2.25       0.02                   1734            500000.0      17.15             2.43              0.81              
1235              2.25       0.02                   1735            500000.0      17.15             2.43              0.81              
1236              2.25       0.02                   1736            500000.0      17.15             2.43              0.81              
1237              2.25       0.02                   1737            500000.0      17.15             2.43              0.81              
1238              2.25       0.02                   1738            500000.0      17.15             2.43              0.81              
1239              2.25       0.02                   1739            500000.0      17.15             2.43              0.81              
1240              2.25       0.02                   1740            500000.0      17.15             2.43              0.81              
1241              2.25       0.02                   1741            500000.0      17.15             2.43              0.81              
1242              2.25       0.02                   1742            500000.0      17.15             2.43              0.81              
1243              2.25       0.02                   1743            500000.0      17.15             2.43              0.81              
1244              2.25       0.02                   1744            500000.0      17.15             2.43              0.81              
1245              2.25       0.02                   1745            500000.0      17.15             2.43              0.81              
1246              2.25       0.02                   1746            500000.0      17.15             2.43              0.81              
1247              2.25       0.02                   1747            500000.0      17.15             2.43              0.81              
1248              2.25       0.02                   1748            500000.0      17.15             2.43              0.81              
1249              2.25       0.02                   1749            500000.0      17.15             2.43              0.81              
1250              2.25       0.02                   1750            500000.0      17.15             2.43              0.81              
1251              2.25       0.02                   1751            500000.0      17.15             2.43              0.81              
1252              2.25       0.02                   1752            500000.0      17.15             2.43              0.81              
1253              2.25       0.02                   1753            500000.0      17.15             2.43              0.81              
1254              2.25       0.02                   1754            500000.0      17.15             2.43              0.81              
1255              2.25       0.02                   1755            500000.0      17.15             2.43              0.81              
1256              2.25       0.02                   1756            500000.0      17.15             2.43              0.81              
1257              2.25       0.02                   1757            500000.0      17.15             2.43              0.81              
1258              2.25       0.02                   1758            500000.0      17.15             2.43              0.81              
1259              2.25       0.02                   1759            500000.0      17.15             2.43              0.81              
1260              2.25       0.02                   1760            500000.0      17.15             2.43              0.81              
1261              2.25       0.02                   1761            500000.0      17.15             2.43              0.81              
1262              2.25       0.02                   1762            500000.0      17.15             2.43              0.81              
1263              2.25       0.02                   1763            500000.0      17.15             2.43              0.81              
1264              2.25       0.02                   1764            500000.0      17.15             2.43              0.81              
1265              2.25       0.02                   1765            500000.0      17.15             2.43              0.81              
1266              2.25       0.02                   1766            500000.0      17.15             2.43              0.81              
1267              2.25       0.02                   1767            500000.0      17.15             2.43              0.81              
1268              2.25       0.02                   1768            500000.0      17.15             2.43              0.81              
1269              2.25       0.02                   1769            500000.0      17.15             2.43              0.81              
1270              2.25       0.02                   1770            500000.0      17.15             2.43              0.81              
1271              2.25       0.02                   1771            500000.0      17.15             2.43              0.81              
1272              2.25       0.02                   1772            500000.0      17.15             2.43              0.81              
1273              2.25       0.02                   1773            500000.0      17.15             2.43              0.81              
1274              2.25       0.02                   1774            500000.0      17.15             2.43              0.81              
1275              2.25       0.02                   1775            500000.0      17.15             2.43              0.81              
1276              2.25       0.02                   1776            500000.0      17.15             2.43              0.81              
1277              2.25       0.02                   1777            500000.0      17.15             2.43              0.81              
1278              2.25       0.02                   1778            500000.0      17.15             2.43              0.81              
1279              2.25       0.02                   1779            500000.0      17.15             2.43              0.81              
1280              2.25       0.02                   1780            500000.0      17.15             2.43              0.81              
1281              2.25       0.02                   1781            500000.0      17.15             2.43              0.81              
1282              2.25       0.02                   1782            500000.0      17.15             2.43              0.81              
1283              2.25       0.02                   1783            500000.0      17.15             2.43              0.81              
1284              2.25       0.02                   1784            500000.0      17.15             2.43              0.81              
1285              2.25       0.02                   1785            500000.0      17.15             2.43              0.81              
1286              2.25       0.02                   1786            500000.0      17.15             2.43              0.81              
1287              2.25       0.02                   1787            500000.0      17.15             2.43              0.81              
1288              2.25       0.02                   1788            500000.0      17.15             2.43              0.81              
1289              2.25       0.02                   1789            500000.0      17.15             2.43              0.81              
1290              2.25       0.02                   1790            500000.0      17.15             2.43              0.81              
1291              2.25       0.02                   1791            500000.0      17.15             2.43              0.81              
1292              2.25       0.02                   1792            500000.0      17.15             2.43              0.81              
1293              2.25       0.02                   1793            500000.0      17.15             2.43              0.81              
1294              2.25       0.02                   1794            500000.0      17.15             2.43              0.81              
1295              2.25       0.02                   1795            500000.0      17.15             2.43              0.81              
1296              2.25       0.02                   1796            500000.0      17.15             2.43              0.81              
1297              2.25       0.02                   1797            500000.0      17.15             2.43              0.81              
1298              2.25       0.02                   1798            500000.0      17.15             2.43              0.81              
1299              2.25       0.02                   1799            500000.0      17.15             2.43              0.81              
1300              2.25       0.02                   1800            500000.0      17.15             2.43              0.81              
1301              2.25       0.02                   1801            500000.0      17.15             2.43              0.81              
1302              2.25       0.02                   1802            500000.0      17.15             2.43              0.81              
1303              2.25       0.02                   1803            500000.0      17.15             2.43              0.81              
1304              2.25       0.02                   1804            500000.0      17.15             2.43              0.81              
1305              2.25       0.02                   1805            500000.0      17.15             2.43              0.81              
1306              2.25       0.02                   1806            500000.0      17.15             2.43              0.81              
1307              2.25       0.02                   1807            500000.0      17.15             2.43              0.81              
1308              2.25       0.02                   1808            500000.0      17.15             2.43              0.81              
1309              2.25       0.02                   1809            500000.0      17.15             2.43              0.81              
1310              2.25       0.02                   1810            500000.0      17.15             2.43              0.81              
1311              2.25       0.02                   1811            500000.0      17.15             2.43              0.81              
1312              2.25       0.02                   1812            500000.0      17.15             2.43              0.81              
1313              2.25       0.02                   1813            500000.0      17.15             2.43              0.81              
1314              2.25       0.02                   1814            500000.0      17.15             2.43              0.81              
1315              2.25       0.02                   1815            500000.0      17.15             2.43              0.81              
1316              2.25       0.02                   1816            500000.0      17.15             2.43              0.81              
1317              2.25       0.02                   1817            500000.0      17.15             2.43              0.81              
1318              2.25       0.02                   1818            500000.0      17.15             2.43              0.81              
1319              2.25       0.02                   1819            500000.0      17.15             2.43              0.81              
1320              2.25       0.02                   1820            500000.0      17.15             2.43              0.81              
1321              2.25       0.02                   1821            500000.0      17.15             2.43              0.81              
1322              2.25       0.02                   1822            500000.0      17.15             2.43              0.81              
1323              2.25       0.02                   1823            500000.0      17.15             2.43              0.81              
1324              2.25       0.02                   1824            500000.0      17.15             2.43              0.81              
1325              2.25       0.02                   1825            500000.0      17.15             2.43              0.81              
1326              2.25       0.02                   1826            500000.0      17.15             2.43              0.81              
1327              2.25       0.02                   1827            500000.0      17.15             2.43              0.81              
1328              2.25       0.02                   1828            500000.0      17.15             2.43              0.81              
1329              2.25       0.02                   1829            500000.0      17.15             2.43              0.81              
1330              2.25       0.02                   1830            500000.0      17.15             2.43              0.81              
1331              2.25       0.02                   1831            500000.0      17.15             2.43              0.81              
1332              2.25       0.02                   1832            500000.0      17.15             2.43              0.81              
1333              2.25       0.02                   1833            500000.0      17.15             2.43              0.81              
1334              2.25       0.02                   1834            500000.0      17.15             2.43              0.81              
1335              2.25       0.02                   1835            500000.0      17.15             2.43              0.81              
1336              2.25       0.02                   1836            500000.0      17.15             2.43              0.81              
1337              2.25       0.02                   1837            500000.0      17.15             2.43              0.81              
1338              2.25       0.02                   1838            500000.0      17.15             2.43              0.81              
1339              2.25       0.02                   1839            500000.0      17.15             2.43              0.81              
1340              2.25       0.02                   1840            500000.0      17.15             2.43              0.81              
1341              2.25       0.02                   1841            500000.0      17.15             2.43              0.81              
1342              2.25       0.02                   1842            500000.0      17.15             2.43              0.81              
1343              2.25       0.02                   1843            500000.0      17.15             2.43              0.81              
1344              2.25       0.02                   1844            500000.0      17.15             2.43              0.81              
1345              2.25       0.02                   1845            500000.0      17.15             2.43              0.81              
1346              2.25       0.02                   1846            500000.0      17.15             2.43              0.81              
1347              2.25       0.02                   1847            500000.0      17.15             2.43              0.81              
1348              2.25       0.02                   1848            500000.0      17.15             2.43              0.81              
1349              2.25       0.02                   1849            500000.0      17.15             2.43              0.81              
1350              2.25       0.02                   1850            500000.0      17.15             2.43              0.81              
1351              2.25       0.02                   1851            500000.0      17.15             2.43              0.81              
1352              2.25       0.02                   1852            500000.0      17.15             2.43              0.81              
1353              2.25       0.02                   1853            500000.0      17.15             2.43              0.81              
1354              2.25       0.02                   1854            500000.0      17.15             2.43              0.81              
1355              2.25       0.02                   1855            500000.0      17.15             2.43              0.81              
1356              2.25       0.02                   1856            500000.0      17.15             2.43              0.81              
1357              2.25       0.02                   1857            500000.0      17.15             2.43              0.81              
1358              2.25       0.02                   1858            500000.0      17.15             2.43              0.81              
1359              2.25       0.02                   1859            500000.0      17.15             2.43              0.81              
1360              2.25       0.02                   1860            500000.0      17.15             2.43              0.81              
1361              2.25       0.02                   1861            500000.0      17.15             2.43              0.81              
1362              2.25       0.02                   1862            500000.0      17.15             2.43              0.81              
1363              2.25       0.02                   1863            500000.0      17.15             2.43              0.81              
1364              2.25       0.02                   1864            500000.0      17.15             2.43              0.81              
1365              2.25       0.02                   1865            500000.0      17.15             2.43              0.81              
1366              2.25       0.02                   1866            500000.0      17.15             2.43              0.81              
1367              2.25       0.02                   1867            500000.0      17.15             2.43              0.81              
1368              2.25       0.02                   1868            500000.0      17.15             2.43              0.81              
1369              2.25       0.02                   1869            500000.0      17.15             2.43              0.81              
1370              2.25       0.02                   1870            500000.0      17.15             2.43              0.81              
1371              2.25       0.02                   1871            500000.0      17.15             2.43              0.81              
1372              2.25       0.02                   1872            500000.0      17.15             2.43              0.81              
1373              2.25       0.02                   1873            500000.0      17.15             2.43              0.81              
1374              2.25       0.02                   1874            500000.0      17.15             2.43              0.81              
1375              2.25       0.02                   1875            500000.0      17.15             2.43              0.81              
1376              2.25       0.02                   1876            500000.0      17.15             2.43              0.81              
1377              2.25       0.02                   1877            500000.0      17.15             2.43              0.81              
1378              2.25       0.02                   1878            500000.0      17.15             2.43              0.81              
1379              2.25       0.02                   1879            500000.0      17.15             2.43              0.81              
1380              2.25       0.02                   1880            500000.0      17.15             2.43              0.81              
1381              2.25       0.02                   1881            500000.0      17.15             2.43              0.81              
1382              2.25       0.02                   1882            500000.0      17.15             2.43              0.81              
1383              2.25       0.02                   1883            500000.0      17.15             2.43              0.81              
1384              2.25       0.02                   1884            500000.0      17.15             2.43              0.81              
1385              2.25       0.02                   1885            500000.0      17.15             2.43              0.81              
1386              2.25       0.02                   1886            500000.0      17.15             2.43              0.81              
1387              2.25       0.02                   1887            500000.0      17.15             2.43              0.81              
1388              2.25       0.02                   1888            500000.0      17.15             2.43              0.81              
1389              2.25       0.02                   1889            500000.0      17.15             2.43              0.81              
1390              2.25       0.02                   1890            500000.0      17.15             2.43              0.81              
1391              2.25       0.02                   1891            500000.0      17.15             2.43              0.81              
1392              2.25       0.02                   1892            500000.0      17.15             2.43              0.81              
1393              2.25       0.02                   1893            500000.0      17.15             2.43              0.81              
1394              2.25       0.02                   1894            500000.0      17.15             2.43              0.81              
1395              2.25       0.02                   1895            500000.0      17.15             2.43              0.81              
1396              2.25       0.02                   1896            500000.0      17.15             2.43              0.81              
1397              2.25       0.02                   1897            500000.0      17.15             2.43              0.81              
1398              2.25       0.02                   1898            500000.0      17.15             2.43              0.81              
1399              2.25       0.02                   1899            500000.0      17.15             2.43              0.81              
1400              2.25       0.02                   1900            500000.0      17.15             2.43              0.81              
1401              2.25       0.02                   1901            500000.0      17.15             2.43              0.81              
1402              2.25       0.02                   1902            500000.0      17.15             2.43              0.81              
1403              2.25       0.02                   1903            500000.0      17.15             2.43              0.81              
1404              2.25       0.02                   1904            500000.0      17.15             2.43              0.81              
1405              2.25       0.02                   1905            500000.0      17.15             2.43              0.81              
1406              2.25       0.02                   1906            500000.0      17.15             2.43              0.81              
1407              2.25       0.02                   1907            500000.0      17.15             2.43              0.81              
1408              2.25       0.02                   1908            500000.0      17.15             2.43              0.81              
1409              2.25       0.02                   1909            500000.0      17.15             2.43              0.81              
1410              2.25       0.02                   1910            500000.0      17.15             2.43              0.81              
1411              2.25       0.02                   1911            500000.0      17.15             2.43              0.81              
1412              2.25       0.02                   1912            500000.0      17.15             2.43              0.81              
1413              2.25       0.02                   1913            500000.0      17.15             2.43              0.81              
1414              2.25       0.02                   1914            500000.0      17.15             2.43              0.81              
1415              2.25       0.02                   1915            500000.0      17.15             2.43              0.81              
1416              2.25       0.02                   1916            500000.0      17.15             2.43              0.81              
1417              2.25       0.02                   1917            500000.0      17.15             2.43              0.81              
1418              2.25       0.02                   1918            500000.0      17.15             2.43              0.81              
1419              2.25       0.02                   1919            500000.0      17.15             2.43              0.81              
1420              2.25       0.02                   1920            500000.0      17.15             2.43              0.81              
1421              2.25       0.02                   1921            500000.0      17.15             2.43              0.81              
1422              2.25       0.02                   1922            500000.0      17.15             2.43              0.81              
1423              2.25       0.02                   1923            500000.0      17.15             2.43              0.81              
1424              2.25       0.02                   1924            500000.0      17.15             2.43              0.81              
1425              2.25       0.02                   1925            500000.0      17.15             2.43              0.81              
1426              2.25       0.02                   1926            500000.0      17.15             2.43              0.81              
1427              2.25       0.02                   1927            500000.0      17.15             2.43              0.81              
1428              2.25       0.02                   1928            500000.0      17.15             2.43              0.81              
1429              2.25       0.02                   1929            500000.0      17.15             2.43              0.81              
1430              2.25       0.02                   1930            500000.0      17.15             2.43              0.81              
1431              2.25       0.02                   1931            500000.0      17.15             2.43              0.81              
1432              2.25       0.02                   1932            500000.0      17.15             2.43              0.81              
1433              2.25       0.02                   1933            500000.0      17.15             2.43              0.81              
1434              2.25       0.02                   1934            500000.0      17.15             2.43              0.81              
1435              2.25       0.02                   1935            500000.0      17.15             2.43              0.81              
1436              2.25       0.02                   1936            500000.0      17.15             2.43              0.81              
1437              2.25       0.02                   1937            500000.0      17.15             2.43              0.81              
1438              2.25       0.02                   1938            500000.0      17.15             2.43              0.81              
1439              2.25       0.02                   1939            500000.0      17.15             2.43              0.81              
1440              2.25       0.02                   1940            500000.0      17.15             2.43              0.81              
1441              2.25       0.02                   1941            500000.0      17.15             2.43              0.81              
1442              2.25       0.02                   1942            500000.0      17.15             2.43              0.81              
1443              2.25       0.02                   1943            500000.0      17.15             2.43              0.81              
1444              2.25       0.02                   1944            500000.0      17.15             2.43              0.81              
1445              2.25       0.02                   1945            500000.0      17.15             2.43              0.81              
1446              2.25       0.02                   1946            500000.0      17.15             2.43              0.81              
1447              2.25       0.02                   1947            500000.0      17.15             2.43              0.81              
1448              2.25       0.02                   1948            500000.0      17.15             2.43              0.81              
1449              2.25       0.02                   1949            500000.0      17.15             2.43              0.81              
1450              2.25       0.02                   1950            500000.0      17.15             2.43              0.81              
1451              2.25       0.02                   1951            500000.0      17.15             2.43              0.81              
1452              2.25       0.02                   1952            500000.0      17.15             2.43              0.81              
1453              2.25       0.02                   1953            500000.0      17.15             2.43              0.81              
1454              2.25       0.02                   1954            500000.0      17.15             2.43              0.81              
1455              2.25       0.02                   1955            500000.0      17.15             2.43              0.81              
1456              2.25       0.02                   1956            500000.0      17.15             2.43              0.81              
1457              2.25       0.02                   1957            500000.0      17.15             2.43              0.81              
1458              2.25       0.02                   1958            500000.0      17.15             2.43              0.81              
1459              2.25       0.02                   1959            500000.0      17.15             2.43              0.81              
1460              2.25       0.02                   1960            500000.0      17.15             2.43              0.81              
1461              2.25       0.02                   1961            500000.0      17.15             2.43              0.81              
1462              2.25       0.02                   1962            500000.0      17.15             2.43              0.81              
1463              2.25       0.02                   1963            500000.0      17.15             2.43              0.81              
1464              2.25       0.02                   1964            500000.0      17.15             2.43              0.81              
1465              2.25       0.02                   1965            500000.0      17.15             2.43              0.81              
1466              2.25       0.02                   1966            500000.0      17.15             2.43              0.81              
1467              2.25       0.02                   1967            500000.0      17.15             2.43              0.81              
1468              2.25       0.02                   1968            500000.0      17.15             2.43              0.81              
1469              2.25       0.02                   1969            500000.0      17.15             2.43              0.81              
1470              2.25       0.02                   1970            500000.0      17.15             2.43              0.81              
1471              2.25       0.02                   1971            500000.0      17.15             2.43              0.81              
1472              2.25       0.02                   1972            500000.0      17.15             2.43              0.81              
1473              2.25       0.02                   1973            500000.0      17.15             2.43              0.81              
1474              2.25       0.02                   1974            500000.0      17.15             2.43              0.81              
1475              2.25       0.02                   1975            500000.0      17.15             2.43              0.81              
1476              2.25       0.02                   1976            500000.0      17.15             2.43              0.81              
1477              2.25       0.02                   1977            500000.0      17.15             2.43              0.81              
1478              2.25       0.02                   1978            500000.0      17.15             2.43              0.81              
1479              2.25       0.02                   1979            500000.0      17.15             2.43              0.81              
1480              2.25       0.02                   1980            500000.0      17.15             2.43              0.81              
1481              2.25       0.02                   1981            500000.0      17.15             2.43              0.81              
1482              2.25       0.02                   1982            500000.0      17.15             2.43              0.81              
1483              2.25       0.02                   1983            500000.0      17.15             2.43              0.81              
1484              2.25       0.02                   1984            500000.0      17.15             2.43              0.81              
1485              2.25       0.02                   1985            500000.0      17.15             2.43              0.81              
1486              2.25       0.02                   1986            500000.0      17.15             2.43              0.81              
1487              2.25       0.02                   1987            500000.0      17.15             2.43              0.81              
1488              2.25       0.02                   1988            500000.0      17.15             2.43              0.81              
1489              2.25       0.02                   1989            500000.0      17.15             2.43              0.81              
1490              2.25       0.02                   1990            500000.0      17.15             2.43              0.81              
1491              2.25       0.02                   1991            500000.0      17.15             2.43              0.81              
1492              2.25       0.02                   1992            500000.0      17.15             2.43              0.81              
1493              2.25       0.02                   1993            500000.0      17.15             2.43              0.81              
1494              2.25       0.02                   1994            500000.0      17.15             2.43              0.81              
1495              2.25       0.02                   1995            500000.0      17.15             2.43              0.81              
1496              2.25       0.02                   1996            500000.0      17.15             2.43              0.81              
1497              2.25       0.02                   1997            500000.0      17.15             2.43              0.81              
1498              2.25       0.02                   1998            500000.0      17.15             2.43              0.81              
1499              2.25       0.02                   1999            500000.0      17.15             2.43              0.81              
1500              2.25       0.02                   2000            500000.0      17.15             2.43              0.81              
1501              2.25       0.02                   2001            500000.0      17.15             2.43              0.81              
1502              2.25       0.02                   2002            500000.0      17.15             2.43              0.81              
1503              2.25       0.02                   2003            500000.0      17.15             2.43              0.81              
1504              2.25       0.02                   2004            500000.0      17.15             2.43              0.81              
1505              2.25       0.02                   2005            500000.0      17.15             2.43              0.81              
1506              2.25       0.02                   2006            500000.0      17.15             2.43              0.81              
1507              2.25       0.02                   2007            500000.0      17.15             2.43              0.81              
1508              2.25       0.02                   2008            500000.0      17.15             2.43              0.81              
1509              2.25       0.02                   2009            500000.0      17.15             2.43              0.81              
1510              2.25       0.02                   2010            500000.0      17.15             2.43              0.81              
1511              2.25       0.02                   2011            500000.0      17.15             2.43              0.81              
1512              2.25       0.02                   2012            500000.0      17.15             2.43              0.81              
1513              2.25       0.02                   2013            500000.0      17.15             2.43              0.81              
1514              2.25       0.02                   2014            500000.0      17.15             2.43              0.81              
1515              2.25       0.02                   2015            500000.0      17.15             2.43              0.81              
1516              2.25       0.02                   2016            500000.0      17.15             2.43              0.81              
1517              2.25       0.02                   2017            500000.0      17.15             2.43              0.81              
1518              2.25       0.02                   2018            500000.0      17.15             2.43              0.81              
1519              2.25       0.02                   2019            500000.0      17.15             2.43              0.81              
1520              2.25       0.02                   2020            500000.0      17.15             2.43              0.81              
1521              2.25       0.02                   2021            500000.0      17.15             2.43              0.81              
1522              2.25       0.02                   2022            500000.0      17.15             2.43              0.81              
1523              2.25       0.02                   2023            500000.0      17.15             2.43              0.81              
1524              2.25       0.02                   2024            500000.0      17.15             2.43              0.81              
1525              2.25       0.02                   2025            500000.0      17.15             2.43              0.81              
1526              2.25       0.02                   2026            500000.0      17.15             2.43              0.81              
1527              2.25       0.02                   2027            500000.0      17.15             2.43              0.81              
1528              2.25       0.02                   2028            500000.0      17.15             2.43              0.81              
1529              2.25       0.02                   2029            500000.0      17.15             2.43              0.81              
1530              2.25       0.02                   2030            500000.0      17.15             2.43              0.81              
1531              2.25       0.02                   2031            500000.0      17.15             2.43              0.81              
1532              2.25       0.02                   2032            500000.0      17.15             2.43              0.81              
1533              2.25       0.02                   2033            500000.0      17.15             2.43              0.81              
1534              2.25       0.02                   2034            500000.0      17.15             2.43              0.81              
1535              2.25       0.02                   2035            500000.0      17.15             2.43              0.81              
1536              2.25       0.02                   2036            500000.0      17.15             2.43              0.81              
1537              2.25       0.02                   2037            500000.0      17.15             2.43              0.81              
1538              2.25       0.02                   2038            500000.0      17.15             2.43              0.81              
1539              2.25       0.02                   2039            500000.0      17.15             2.43              0.81              
1540              2.25       0.02                   2040            500000.0      17.15             2.43              0.81              
1541              2.25       0.02                   2041            500000.0      17.15             2.43              0.81              
1542              2.25       0.02                   2042            500000.0      17.15             2.43              0.81              
1543              2.25       0.02                   2043            500000.0      17.15             2.43              0.81              
1544              2.25       0.02                   2044            500000.0      17.15             2.43              0.81              
1545              2.25       0.02                   2045            500000.0      17.15             2.43              0.81              
1546              2.25       0.02                   2046            500000.0      17.15             2.43              0.81              
1547              2.25       0.02                   2047            500000.0      17.15             2.43              0.81              
1548              2.25       0.02                   2048            500000.0      17.15             2.43              0.81              
1549              2.25       0.02                   2049            500000.0      17.15             2.43              0.81              
1550              2.25       0.02                   2050            500000.0      17.15             2.43              0.81              
1551              2.25       0.02                   2051            500000.0      17.15             2.43              0.81              
1552              2.25       0.02                   2052            500000.0      17.15             2.43              0.81              
1553              2.25       0.02                   2053            500000.0      17.15             2.43              0.81              
1554              2.25       0.02                   2054            500000.0      17.15             2.43              0.81              
1555              2.25       0.02                   2055            500000.0      17.15             2.43              0.81              
1556              2.25       0.02                   2056            500000.0      17.15             2.43              0.81              
1557              2.25       0.02                   2057            500000.0      17.15             2.43              0.81              
1558              2.25       0.02                   2058            500000.0      17.15             2.43              0.81              
1559              2.25       0.02                   2059            500000.0      17.15             2.43              0.81              
1560              2.25       0.02                   2060            500000.0      17.15             2.43              0.81              
1561              2.25       0.02                   2061            500000.0      17.15             2.43              0.81              
1562              2.25       0.02                   2062            500000.0      17.15             2.43              0.81              
1563              2.25       0.02                   2063            500000.0      17.15             2.43              0.81              
1564              2.25       0.02                   2064            500000.0      17.15             2.43              0.81              
1565              2.25       0.02                   2065            500000.0      17.15             2.43              0.81              
1566              2.25       0.02                   2066            500000.0      17.15             2.43              0.81              
1567              2.25       0.02                   2067            500000.0      17.15             2.43              0.81              
1568              2.25       0.02                   2068            500000.0      17.15             2.43              0.81              
1569              2.25       0.02                   2069            500000.0      17.15             2.43              0.81              
1570              2.25       0.02                   2070            500000.0      17.15             2.43              0.81              
1571              2.25       0.02                   2071            500000.0      17.15             2.43              0.81              
1572              2.25       0.02                   2072            500000.0      17.15             2.43              0.81              
1573              2.25       0.02                   2073            500000.0      17.15             2.43              0.81              
1574              2.25       0.02                   2074            500000.0      17.15             2.43              0.81              
1575              2.25       0.02                   2075            500000.0      17.15             2.43              0.81              
1576              2.25       0.02                   2076            500000.0      17.15             2.43              0.81              
1577              2.25       0.02                   2077            500000.0      17.15             2.43              0.81              
1578              2.25       0.02                   2078            500000.0      17.15             2.43              0.81              
1579              2.25       0.02                   2079            500000.0      17.15             2.43              0.81              
1580              2.25       0.02                   2080            500000.0      17.15             2.43              0.81              
1581              2.25       0.02                   2081            500000.0      17.15             2.43              0.81              
1582              2.25       0.02                   2082            500000.0      17.15             2.43              0.81              
1583              2.25       0.02                   2083            500000.0      17.15             2.43              0.81              
1584              2.25       0.02                   2084            500000.0      17.15             2.43              0.81              
1585              2.25       0.02                   2085            500000.0      17.15             2.43              0.81              
1586              2.25       0.02                   2086            500000.0      17.15             2.43              0.81              
1587              2.25       0.02                   2087            500000.0      17.15             2.43              0.81              
1588              2.25       0.02                   2088            500000.0      17.15             2.43              0.81              
1589              2.25       0.02                   2089            500000.0      17.15             2.43              0.81              
1590              2.25       0.02                   2090            500000.0      17.15             2.43              0.81              
1591              2.25       0.02                   2091            500000.0      17.15             2.43              0.81              
1592              2.25       0.02                   2092            500000.0      17.15             2.43              0.81              
1593              2.25       0.02                   2093            500000.0      17.15             2.43              0.81              
1594              2.25       0.02                   2094            500000.0      17.15             2.43              0.81              
1595              2.25       0.02                   2095            500000.0      17.15             2.43              0.81              
1596              2.25       0.02                   2096            500000.0      17.15             2.43              0.81              
1597              2.25       0.02                   2097            500000.0      17.15             2.43              0.81              
1598              2.25       0.02                   2098            500000.0      17.15             2.43              0.81              
1599              2.25       0.02                   2099            500000.0      17.15             2.43              0.81              
1600              2.25       0.02                   2100            500000.0      17.15             2.43              0.81              
1601              2.25       0.02                   2100            500000.0      17.15             2.43              0.81              
1602              2.25       0.02                   2125            500000.0      17.15             2.43              0.81              
1603              2.25       0.02                   2150            500000.0      17.15             2.43              0.81              
1604              2.25       0.02                   2175            500000.0      17.15             2.43              0.81              
1605              2.25       0.02                   2200            500000.0      17.15             2.43              0.81              
1606              2.25       0.02                   2225            500000.0      17.15             2.43              0.81              
1607              2.25       0.02                   2250            500000.0      17.15             2.43              0.81              
1608              2.25       0.02                   2275            500000.0      17.15             2.43              0.81              
1609              2.25       0.02                   2300            500000.0      17.15             2.43              0.81              
1610              2.25       0.02                   2325            500000.0      17.15             2.43              0.81              
1611              2.25       0.02                   2350            500000.0      17.15             2.43              0.81              
1612              2.25       0.02                   2375            500000.0      17.15             2.43              0.81              
1613              2.25       0.02                   2400            500000.0      17.15             2.43              0.81              
1614              2.25       0.02                   2425            500000.0      17.15             2.43              0.81              
1615              2.25       0.02                   2450            500000.0      17.15             2.43              0.81              
1616              2.25       0.02                   2475            500000.0      17.15             2.43              0.81              
1617              2.25       0.02                   2500            500000.0      17.15             2.43              0.81              
1618              2.25       0.02                   2525            500000.0      17.15             2.43              0.81              
1619              2.25       0.02                   2550            500000.0      17.15             2.43              0.81              
1620              2.25       0.02                   2575            500000.0      17.15             2.43              0.81              
1621              2.25       0.02                   2600            500000.0      17.15             2.43              0.81              
1622              2.25       0.02                   2625            500000.0      17.15             2.43              0.81              
1623              2.25       0.02                   2650            500000.0      17.15             2.43              0.81              
1624              2.25       0.02                   2675            500000.0      17.15             2.43              0.81              
1625              2.25       0.02                   2700            500000.0      17.15             2.43              0.81              
1626              2.25       0.02                   2725            500000.0      17.15             2.43              0.81              
1627              2.25       0.02                   2750            500000.0      17.15             2.43              0.81              
1628              2.25       0.02                   2775            500000.0      17.15             2.43              0.81              
1629              2.25       0.02                   2800            500000.0      17.15             2.43              0.81              
1630              2.25       0.02                   2825            500000.0      17.15             2.43              0.81              
1631              2.25       0.02                   2850            500000.0      17.15             2.43              0.81              
1632              2.25       0.02                   2875            500000.0      17.15             2.43              0.81              
1633              2.25       0.02                   2900            500000.0      17.15             2.43              0.81              
1634              2.25       0.02                   2925            500000.0      17.15             2.43              0.81              
1635              2.25       0.02                   2950            500000.0      17.15             2.43              0.81              
1636              2.25       0.02                   2975            500000.0      17.15             2.43              0.81              
1637              2.25       0.02                   3000            500000.0      17.15             2.43              0.81              
1638              2.25       0.02                   3025            500000.0      17.15             2.43              0.81              
1639              2.25       0.02                   3050            500000.0      17.15             2.43              0.81              
1640              2.25       0.02                   3075            500000.0      17.15             2.43              0.81              
1641              2.25       0.02                   3100            500000.0      17.15             2.43              0.81              
1642              2.25       0.02                   3125            500000.0      17.15             2.43              0.81              
1643              2.25       0.02                   3150            500000.0      17.15             2.43              0.81              
1644              2.25       0.02                   3175            500000.0      17.15             2.43              0.81              
1645              2.25       0.02                   3200            500000.0      17.15             2.43              0.81              
1646              2.25       0.02                   3225            500000.0      17.15             2.43              0.81              
1647              2.25       0.02                   3250            500000.0      17.15             2.43              0.81              
1648              2.25       0.02                   3275            500000.0      17.15             2.43              0.81              
1649              2.25       0.02                   3300            500000.0      17.15             2.43              0.81              
1650              2.25       0.02                   3325            500000.0      17.15             2.43              0.81              
1651              2.25       0.02                   3350            500000.0      17.15             2.43              0.81              
1652              2.25       0.02                   3375            500000.0      17.15             2.43              0.81              
1653              2.25       0.02                   3400            500000.0      17.15             2.43              0.81              
1654              2.25       0.02                   3425            500000.0      17.15             2.43              0.81              
1655              2.25       0.02                   3450            500000.0      17.15             2.43              0.81              
1656              2.25       0.02                   3475            500000.0      17.15             2.43              0.81              
1657              2.25       0.02                   3500            500000.0      17.15             2.43              0.81              
1658              2.25       0.02                   3525            500000.0      17.15             2.43              0.81              
1659              2.25       0.02                   3550            500000.0      17.15             2.43              0.81              
1660              2.25       0.02                   3575            500000.0      17.15             2.43              0.81              
1661              2.25       0.02                   3600            500000.0      17.15             2.43              0.81              
1662              2.25       0.02                   3625            500000.0      17.15             2.43              0.81              
1663              2.25       0.02                   3650            500000.0      17.15             2.43              0.81              
1664              2.25       0.02                   3675            500000.0      17.15             2.43              0.81              
1665              2.25       0.02                   3700            500000.0      17.15             2.43              0.81              
1666              2.25       0.02                   3725            500000.0      17.15             2.43              0.81              
1667              2.25       0.02                   3750            500000.0      17.15             2.43              0.81              
1668              2.25       0.02                   3775            500000.0      17.15             2.43              0.81              
1669              2.25       0.02                   3800            500000.0      17.15             2.43              0.81              
1670              2.25       0.02                   3825            500000.0      17.15             2.43              0.81              
1671              2.25       0.02                   3850            500000.0      17.15             2.43              0.81              
1672              2.25       0.02                   3875            500000.0      17.15             2.43              0.81              
1673              2.25       0.02                   3900            500000.0      17.15             2.43              0.81              
1674              2.25       0.02                   3925            500000.0      17.15             2.43              0.81              
1675              2.25       0.02                   3950            500000.0      17.15             2.43              0.81              
1676              2.25       0.02                   3975            500000.0      17.15             2.43              0.81              
1677              2.25       0.02                   4000            500000.0      17.15             2.43              0.81              
1678              2.25       0.02                   4025            500000.0      17.15             2.43              0.81              
1679              2.25       0.02                   4050            500000.0      17.15             2.43              0.81              
1680              2.25       0.02                   4075            500000.0      17.15             2.43              0.81              
1681              2.25       0.02                   4100            500000.0      17.15             2.43              0.81              
1682              2.25       0.02                   4125            500000.0      17.15             2.43              0.81              
1683              2.25       0.02                   4150            500000.0      17.15             2.43              0.81              
1684              2.25       0.02                   4175            500000.0      17.15             2.43              0.81              
1685              2.25       0.02                   4200            500000.0      17.15             2.43              0.81              
1686              2.25       0.02                   4225            500000.0      17.15             2.43              0.81              
1687              2.25       0.02                   4250            500000.0      17.15             2.43              0.81              
1688              2.25       0.02                   4275            500000.0      17.15             2.43              0.81              
1689              2.25       0.02                   4300            500000.0      17.15             2.43              0.81              
1690              2.25       0.02                   4325            500000.0      17.15             2.43              0.81              
1691              2.25       0.02                   4350            500000.0      17.15             2.43              0.81              
1692              2.25       0.02                   4375            500000.0      17.15             2.43              0.81              
1693              2.25       0.02                   4400            500000.0      17.15             2.43              0.81              
1694              2.25       0.02                   4425            500000.0      17.15             2.43              0.81              
1695              2.25       0.02                   4450            500000.0      17.15             2.43              0.81              
1696              2.25       0.02                   4475            500000.0      17.15             2.43              0.81              
1697              2.25       0.02                   4500            500000.0      17.15             2.43              0.81              
1698              2.25       0.02                   4525            500000.0      17.15             2.43              0.81              
1699              2.25       0.02                   4550            500000.0      17.15             2.43              0.81              
1700              2.25       0.02                   4575            500000.0      17.15             2.43              0.81              
1701              2.25       0.02                   4600            500000.0      17.15             2.43              0.81              
1702              2.25       0.02                   4625            500000.0      17.15             2.43              0.81              
1703              2.25       0.02                   4650            500000.0      17.15             2.43              0.81              
1704              2.25       0.02                   4675            500000.0      17.15             2.43              0.81              
1705              2.25       0.02                   4700            500000.0      17.15             2.43              0.81              
1706              2.25       0.02                   4725            500000.0      17.15             2.43              0.81              
1707              2.25       0.02                   4750            500000.0      17.15             2.43              0.81              
1708              2.25       0.02                   4775            500000.0      17.15             2.43              0.81              
1709              2.25       0.02                   4800            500000.0      17.15             2.43              0.81              
1710              2.25       0.02                   4825            500000.0      17.15             2.43              0.81              
1711              2.25       0.02                   4850            500000.0      17.15             2.43              0.81              
1712              2.25       0.02                   4875            500000.0      17.15             2.43              0.81              
1713              2.25       0.02                   4900            500000.0      17.15             2.43              0.81              
1714              2.25       0.02                   4925            500000.0      17.15             2.43              0.81              
1715              2.25       0.02                   4950            500000.0      17.15             2.43              0.81              
1716              2.25       0.02                   4975            500000.0      17.15             2.43              0.81              
1717              2.25       0.02                   5000            500000.0      17.15             2.43              0.81              
1718              2.25       0.02                   5025            500000.0      17.15             2.43              0.81              
1719              2.25       0.02                   5050            500000.0      17.15             2.43              0.81              
1720              2.25       0.02                   5075            500000.0      17.15             2.43              0.81              
1721              2.25       0.02                   5100            500000.0      17.15             2.43              0.81              
1722              2.25       0.02                   5125            500000.0      17.15             2.43              0.81              
1723              2.25       0.02                   5150            500000.0      17.15             2.43              0.81              
1724              2.25       0.02                   5175            500000.0      17.15             2.43              0.81              
1725              2.25       0.02                   5200            500000.0      17.15             2.43              0.81              
1726              2.25       0.02                   5225            500000.0      17.15             2.43              0.81              
1727              2.25       0.02                   5250            500000.0      17.15             2.43              0.81              
1728              2.25       0.02                   5275            500000.0      17.15             2.43              0.81              
1729              2.25       0.02                   5300            500000.0      17.15             2.43              0.81              
1730              2.25       0.02                   5325            500000.0      17.15             2.43              0.81              
1731              2.25       0.02                   5350            500000.0      17.15             2.43              0.81              
1732              2.25       0.02                   5375            500000.0      17.15             2.43              0.81              
1733              2.25       0.02                   5400            500000.0      17.15             2.43              0.81              
1734              2.25       0.02                   5425            500000.0      17.15             2.43              0.81              
1735              2.25       0.02                   5450            500000.0      17.15             2.43              0.81              
1736              2.25       0.02                   5475            500000.0      17.15             2.43              0.81              
1737              2.25       0.02                   5500            500000.0      17.15             2.43              0.81              
1738              2.25       0.02                   5525            500000.0      17.15             2.43              0.81              
1739              2.25       0.02                   5550            500000.0      17.15             2.43              0.81              
1740              2.25       0.02                   5575            500000.0      17.15             2.43              0.81              
1741              2.25       0.02                   5600            500000.0      17.15             2.43              0.81              
1742              2.25       0.02                   5625            500000.0      17.15             2.43              0.81              
1743              2.25       0.02                   5650            500000.0      17.15             2.43              0.81              
1744              2.25       0.02                   5675            500000.0      17.15             2.43              0.81              
1745              2.25       0.02                   5700            500000.0      17.15             2.43              0.81              
1746              2.25       0.02                   5725            500000.0      17.15             2.43              0.81              
1747              2.25       0.02                   5750            500000.0      17.15             2.43              0.81              
1748              2.25       0.02                   5775            500000.0      17.15             2.43              0.81              
1749              2.25       0.02                   5800            500000.0      17.15             2.43              0.81              
1750              2.25       0.02                   5825            500000.0      17.15             2.43              0.81              
1751              2.25       0.02                   5850            500000.0      17.15             2.43              0.81              
1752              2.25       0.02                   5875            500000.0      17.15             2.43              0.81              
1753              2.25       0.02                   5900            500000.0      17.15             2.43              0.81              
1754              2.25       0.02                   5925            500000.0      17.15             2.43              0.81              
1755              2.25       0.02                   5950            500000.0      17.15             2.43              0.81              
1756              2.25       0.02                   5975            500000.0      17.15             2.43              0.81              
1757              2.25       0.02                   6000            500000.0      17.15             2.43              0.81              
1758              5.0        0.02                   500             500000.0      17.15             2.43              0.81              
1759              5.0        0.02                   501             500000.0      17.15             2.43              0.81              
1760              5.0        0.02                   502             500000.0      17.15             2.43              0.81              
1761              5.0        0.02                   503             500000.0      17.15             2.43              0.81              
1762              5.0        0.02                   504             500000.0      17.15             2.43              0.81              
1763              5.0        0.02                   505             500000.0      17.15             2.43              0.81              
1764              5.0        0.02                   506             500000.0      17.15             2.43              0.81              
1765              5.0        0.02                   507             500000.0      17.15             2.43              0.81              
1766              5.0        0.02                   508             500000.0      17.15             2.43              0.81              
1767              5.0        0.02                   509             500000.0      17.15             2.43              0.81              
1768              5.0        0.02                   510             500000.0      17.15             2.43              0.81              
1769              5.0        0.02                   511             500000.0      17.15             2.43              0.81              
1770              5.0        0.02                   512             500000.0      17.15             2.43              0.81              
1771              5.0        0.02                   513             500000.0      17.15             2.43              0.81              
1772              5.0        0.02                   514             500000.0      17.15             2.43              0.81              
1773              5.0        0.02                   515             500000.0      17.15             2.43              0.81              
1774              5.0        0.02                   516             500000.0      17.15             2.43              0.81              
1775              5.0        0.02                   517             500000.0      17.15             2.43              0.81              
1776              5.0        0.02                   518             500000.0      17.15             2.43              0.81              
1777              5.0        0.02                   519             500000.0      17.15             2.43              0.81              
1778              5.0        0.02                   520             500000.0      17.15             2.43              0.81              
1779              5.0        0.02                   521             500000.0      17.15             2.43              0.81              
1780              5.0        0.02                   522             500000.0      17.15             2.43              0.81              
1781              5.0        0.02                   523             500000.0      17.15             2.43              0.81              
1782              5.0        0.02                   524             500000.0      17.15             2.43              0.81              
1783              5.0        0.02                   525             500000.0      17.15             2.43              0.81              
1784              5.0        0.02                   526             500000.0      17.15             2.43              0.81              
1785              5.0        0.02                   527             500000.0      17.15             2.43              0.81              
1786              5.0        0.02                   528             500000.0      17.15             2.43              0.81              
1787              5.0        0.02                   529             500000.0      17.15             2.43              0.81              
1788              5.0        0.02                   530             500000.0      17.15             2.43              0.81              
1789              5.0        0.02                   531             500000.0      17.15             2.43              0.81              
1790              5.0        0.02                   532             500000.0      17.15             2.43              0.81              
1791              5.0        0.02                   533             500000.0      17.15             2.43              0.81              
1792              5.0        0.02                   534             500000.0      17.15             2.43              0.81              
1793              5.0        0.02                   535             500000.0      17.15             2.43              0.81              
1794              5.0        0.02                   536             500000.0      17.15             2.43              0.81              
1795              5.0        0.02                   537             500000.0      17.15             2.43              0.81              
1796              5.0        0.02                   538             500000.0      17.15             2.43              0.81              
1797              5.0        0.02                   539             500000.0      17.15             2.43              0.81              
1798              5.0        0.02                   540             500000.0      17.15             2.43              0.81              
1799              5.0        0.02                   541             500000.0      17.15             2.43              0.81              
1800              5.0        0.02                   542             500000.0      17.15             2.43              0.81              
1801              5.0        0.02                   543             500000.0      17.15             2.43              0.81              
1802              5.0        0.02                   544             500000.0      17.15             2.43              0.81              
1803              5.0        0.02                   545             500000.0      17.15             2.43              0.81              
1804              5.0        0.02                   546             500000.0      17.15             2.43              0.81              
1805              5.0        0.02                   547             500000.0      17.15             2.43              0.81              
1806              5.0        0.02                   548             500000.0      17.15             2.43              0.81              
1807              5.0        0.02                   549             500000.0      17.15             2.43              0.81              
1808              5.0        0.02                   550             500000.0      17.15             2.43              0.81              
1809              5.0        0.02                   551             500000.0      17.15             2.43              0.81              
1810              5.0        0.02                   552             500000.0      17.15             2.43              0.81              
1811              5.0        0.02                   553             500000.0      17.15             2.43              0.81              
1812              5.0        0.02                   554             500000.0      17.15             2.43              0.81              
1813              5.0        0.02                   555             500000.0      17.15             2.43              0.81              
1814              5.0        0.02                   556             500000.0      17.15             2.43              0.81              
1815              5.0        0.02                   557             500000.0      17.15             2.43              0.81              
1816              5.0        0.02                   558             500000.0      17.15             2.43              0.81              
1817              5.0        0.02                   559             500000.0      17.15             2.43              0.81              
1818              5.0        0.02                   560             500000.0      17.15             2.43              0.81              
1819              5.0        0.02                   561             500000.0      17.15             2.43              0.81              
1820              5.0        0.02                   562             500000.0      17.15             2.43              0.81              
1821              5.0        0.02                   563             500000.0      17.15             2.43              0.81              
1822              5.0        0.02                   564             500000.0      17.15             2.43              0.81              
1823              5.0        0.02                   565             500000.0      17.15             2.43              0.81              
1824              5.0        0.02                   566             500000.0      17.15             2.43              0.81              
1825              5.0        0.02                   567             500000.0      17.15             2.43              0.81              
1826              5.0        0.02                   568             500000.0      17.15             2.43              0.81              
1827              5.0        0.02                   569             500000.0      17.15             2.43              0.81              
1828              5.0        0.02                   570             500000.0      17.15             2.43              0.81              
1829              5.0        0.02                   571             500000.0      17.15             2.43              0.81              
1830              5.0        0.02                   572             500000.0      17.15             2.43              0.81              
1831              5.0        0.02                   573             500000.0      17.15             2.43              0.81              
1832              5.0        0.02                   574             500000.0      17.15             2.43              0.81              
1833              5.0        0.02                   575             500000.0      17.15             2.43              0.81              
1834              5.0        0.02                   576             500000.0      17.15             2.43              0.81              
1835              5.0        0.02                   577             500000.0      17.15             2.43              0.81              
1836              5.0        0.02                   578             500000.0      17.15             2.43              0.81              
1837              5.0        0.02                   579             500000.0      17.15             2.43              0.81              
1838              5.0        0.02                   580             500000.0      17.15             2.43              0.81              
1839              5.0        0.02                   581             500000.0      17.15             2.43              0.81              
1840              5.0        0.02                   582             500000.0      17.15             2.43              0.81              
1841              5.0        0.02                   583             500000.0      17.15             2.43              0.81              
1842              5.0        0.02                   584             500000.0      17.15             2.43              0.81              
1843              5.0        0.02                   585             500000.0      17.15             2.43              0.81              
1844              5.0        0.02                   586             500000.0      17.15             2.43              0.81              
1845              5.0        0.02                   587             500000.0      17.15             2.43              0.81              
1846              5.0        0.02                   588             500000.0      17.15             2.43              0.81              
1847              5.0        0.02                   589             500000.0      17.15             2.43              0.81              
1848              5.0        0.02                   590             500000.0      17.15             2.43              0.81              
1849              5.0        0.02                   591             500000.0      17.15             2.43              0.81              
1850              5.0        0.02                   592             500000.0      17.15             2.43              0.81              
1851              5.0        0.02                   593             500000.0      17.15             2.43              0.81              
1852              5.0        0.02                   594             500000.0      17.15             2.43              0.81              
1853              5.0        0.02                   595             500000.0      17.15             2.43              0.81              
1854              5.0        0.02                   596             500000.0      17.15             2.43              0.81              
1855              5.0        0.02                   597             500000.0      17.15             2.43              0.81              
1856              5.0        0.02                   598             500000.0      17.15             2.43              0.81              
1857              5.0        0.02                   599             500000.0      17.15             2.43              0.81              
1858              5.0        0.02                   600             500000.0      17.15             2.43              0.81              
1859              5.0        0.02                   601             500000.0      17.15             2.43              0.81              
1860              5.0        0.02                   602             500000.0      17.15             2.43              0.81              
1861              5.0        0.02                   603             500000.0      17.15             2.43              0.81              
1862              5.0        0.02                   604             500000.0      17.15             2.43              0.81              
1863              5.0        0.02                   605             500000.0      17.15             2.43              0.81              
1864              5.0        0.02                   606             500000.0      17.15             2.43              0.81              
1865              5.0        0.02                   607             500000.0      17.15             2.43              0.81              
1866              5.0        0.02                   608             500000.0      17.15             2.43              0.81              
1867              5.0        0.02                   609             500000.0      17.15             2.43              0.81              
1868              5.0        0.02                   610             500000.0      17.15             2.43              0.81              
1869              5.0        0.02                   611             500000.0      17.15             2.43              0.81              
1870              5.0        0.02                   612             500000.0      17.15             2.43              0.81              
1871              5.0        0.02                   613             500000.0      17.15             2.43              0.81              
1872              5.0        0.02                   614             500000.0      17.15             2.43              0.81              
1873              5.0        0.02                   615             500000.0      17.15             2.43              0.81              
1874              5.0        0.02                   616             500000.0      17.15             2.43              0.81              
1875              5.0        0.02                   617             500000.0      17.15             2.43              0.81              
1876              5.0        0.02                   618             500000.0      17.15             2.43              0.81              
1877              5.0        0.02                   619             500000.0      17.15             2.43              0.81              
1878              5.0        0.02                   620             500000.0      17.15             2.43              0.81              
1879              5.0        0.02                   621             500000.0      17.15             2.43              0.81              
1880              5.0        0.02                   622             500000.0      17.15             2.43              0.81              
1881              5.0        0.02                   623             500000.0      17.15             2.43              0.81              
1882              5.0        0.02                   624             500000.0      17.15             2.43              0.81              
1883              5.0        0.02                   625             500000.0      17.15             2.43              0.81              
1884              5.0        0.02                   626             500000.0      17.15             2.43              0.81              
1885              5.0        0.02                   627             500000.0      17.15             2.43              0.81              
1886              5.0        0.02                   628             500000.0      17.15             2.43              0.81              
1887              5.0        0.02                   629             500000.0      17.15             2.43              0.81              
1888              5.0        0.02                   630             500000.0      17.15             2.43              0.81              
1889              5.0        0.02                   631             500000.0      17.15             2.43              0.81              
1890              5.0        0.02                   632             500000.0      17.15             2.43              0.81              
1891              5.0        0.02                   633             500000.0      17.15             2.43              0.81              
1892              5.0        0.02                   634             500000.0      17.15             2.43              0.81              
1893              5.0        0.02                   635             500000.0      17.15             2.43              0.81              
1894              5.0        0.02                   636             500000.0      17.15             2.43              0.81              
1895              5.0        0.02                   637             500000.0      17.15             2.43              0.81              
1896              5.0        0.02                   638             500000.0      17.15             2.43              0.81              
1897              5.0        0.02                   639             500000.0      17.15             2.43              0.81              
1898              5.0        0.02                   640             500000.0      17.15             2.43              0.81              
1899              5.0        0.02                   641             500000.0      17.15             2.43              0.81              
1900              5.0        0.02                   642             500000.0      17.15             2.43              0.81              
1901              5.0        0.02                   643             500000.0      17.15             2.43              0.81              
1902              5.0        0.02                   644             500000.0      17.15             2.43              0.81              
1903              5.0        0.02                   645             500000.0      17.15             2.43              0.81              
1904              5.0        0.02                   646             500000.0      17.15             2.43              0.81              
1905              5.0        0.02                   647             500000.0      17.15             2.43              0.81              
1906              5.0        0.02                   648             500000.0      17.15             2.43              0.81              
1907              5.0        0.02                   649             500000.0      17.15             2.43              0.81              
1908              5.0        0.02                   650             500000.0      17.15             2.43              0.81              
1909              5.0        0.02                   651             500000.0      17.15             2.43              0.81              
1910              5.0        0.02                   652             500000.0      17.15             2.43              0.81              
1911              5.0        0.02                   653             500000.0      17.15             2.43              0.81              
1912              5.0        0.02                   654             500000.0      17.15             2.43              0.81              
1913              5.0        0.02                   655             500000.0      17.15             2.43              0.81              
1914              5.0        0.02                   656             500000.0      17.15             2.43              0.81              
1915              5.0        0.02                   657             500000.0      17.15             2.43              0.81              
1916              5.0        0.02                   658             500000.0      17.15             2.43              0.81              
1917              5.0        0.02                   659             500000.0      17.15             2.43              0.81              
1918              5.0        0.02                   660             500000.0      17.15             2.43              0.81              
1919              5.0        0.02                   661             500000.0      17.15             2.43              0.81              
1920              5.0        0.02                   662             500000.0      17.15             2.43              0.81              
1921              5.0        0.02                   663             500000.0      17.15             2.43              0.81              
1922              5.0        0.02                   664             500000.0      17.15             2.43              0.81              
1923              5.0        0.02                   665             500000.0      17.15             2.43              0.81              
1924              5.0        0.02                   666             500000.0      17.15             2.43              0.81              
1925              5.0        0.02                   667             500000.0      17.15             2.43              0.81              
1926              5.0        0.02                   668             500000.0      17.15             2.43              0.81              
1927              5.0        0.02                   669             500000.0      17.15             2.43              0.81              
1928              5.0        0.02                   670             500000.0      17.15             2.43              0.81              
1929              5.0        0.02                   671             500000.0      17.15             2.43              0.81              
1930              5.0        0.02                   672             500000.0      17.15             2.43              0.81              
1931              5.0        0.02                   673             500000.0      17.15             2.43              0.81              
1932              5.0        0.02                   674             500000.0      17.15             2.43              0.81              
1933              5.0        0.02                   675             500000.0      17.15             2.43              0.81              
1934              5.0        0.02                   676             500000.0      17.15             2.43              0.81              
1935              5.0        0.02                   677             500000.0      17.15             2.43              0.81              
1936              5.0        0.02                   678             500000.0      17.15             2.43              0.81              
1937              5.0        0.02                   679             500000.0      17.15             2.43              0.81              
1938              5.0        0.02                   680             500000.0      17.15             2.43              0.81              
1939              5.0        0.02                   681             500000.0      17.15             2.43              0.81              
1940              5.0        0.02                   682             500000.0      17.15             2.43              0.81              
1941              5.0        0.02                   683             500000.0      17.15             2.43              0.81              
1942              5.0        0.02                   684             500000.0      17.15             2.43              0.81              
1943              5.0        0.02                   685             500000.0      17.15             2.43              0.81              
1944              5.0        0.02                   686             500000.0      17.15             2.43              0.81              
1945              5.0        0.02                   687             500000.0      17.15             2.43              0.81              
1946              5.0        0.02                   688             500000.0      17.15             2.43              0.81              
1947              5.0        0.02                   689             500000.0      17.15             2.43              0.81              
1948              5.0        0.02                   690             500000.0      17.15             2.43              0.81              
1949              5.0        0.02                   691             500000.0      17.15             2.43              0.81              
1950              5.0        0.02                   692             500000.0      17.15             2.43              0.81              
1951              5.0        0.02                   693             500000.0      17.15             2.43              0.81              
1952              5.0        0.02                   694             500000.0      17.15             2.43              0.81              
1953              5.0        0.02                   695             500000.0      17.15             2.43              0.81              
1954              5.0        0.02                   696             500000.0      17.15             2.43              0.81              
1955              5.0        0.02                   697             500000.0      17.15             2.43              0.81              
1956              5.0        0.02                   698             500000.0      17.15             2.43              0.81              
1957              5.0        0.02                   699             500000.0      17.15             2.43              0.81              
1958              5.0        0.02                   700             500000.0      17.15             2.43              0.81              
1959              5.0        0.02                   701             500000.0      17.15             2.43              0.81              
1960              5.0        0.02                   702             500000.0      17.15             2.43              0.81              
1961              5.0        0.02                   703             500000.0      17.15             2.43              0.81              
1962              5.0        0.02                   704             500000.0      17.15             2.43              0.81              
1963              5.0        0.02                   705             500000.0      17.15             2.43              0.81              
1964              5.0        0.02                   706             500000.0      17.15             2.43              0.81              
1965              5.0        0.02                   707             500000.0      17.15             2.43              0.81              
1966              5.0        0.02                   708             500000.0      17.15             2.43              0.81              
1967              5.0        0.02                   709             500000.0      17.15             2.43              0.81              
1968              5.0        0.02                   710             500000.0      17.15             2.43              0.81              
1969              5.0        0.02                   711             500000.0      17.15             2.43              0.81              
1970              5.0        0.02                   712             500000.0      17.15             2.43              0.81              
1971              5.0        0.02                   713             500000.0      17.15             2.43              0.81              
1972              5.0        0.02                   714             500000.0      17.15             2.43              0.81              
1973              5.0        0.02                   715             500000.0      17.15             2.43              0.81              
1974              5.0        0.02                   716             500000.0      17.15             2.43              0.81              
1975              5.0        0.02                   717             500000.0      17.15             2.43              0.81              
1976              5.0        0.02                   718             500000.0      17.15             2.43              0.81              
1977              5.0        0.02                   719             500000.0      17.15             2.43              0.81              
1978              5.0        0.02                   720             500000.0      17.15             2.43              0.81              
1979              5.0        0.02                   721             500000.0      17.15             2.43              0.81              
1980              5.0        0.02                   722             500000.0      17.15             2.43              0.81              
1981              5.0        0.02                   723             500000.0      17.15             2.43              0.81              
1982              5.0        0.02                   724             500000.0      17.15             2.43              0.81              
1983              5.0        0.02                   725             500000.0      17.15             2.43              0.81              
1984              5.0        0.02                   726             500000.0      17.15             2.43              0.81              
1985              5.0        0.02                   727             500000.0      17.15             2.43              0.81              
1986              5.0        0.02                   728             500000.0      17.15             2.43              0.81              
1987              5.0        0.02                   729             500000.0      17.15             2.43              0.81              
1988              5.0        0.02                   730             500000.0      17.15             2.43              0.81              
1989              5.0        0.02                   731             500000.0      17.15             2.43              0.81              
1990              5.0        0.02                   732             500000.0      17.15             2.43              0.81              
1991              5.0        0.02                   733             500000.0      17.15             2.43              0.81              
1992              5.0        0.02                   734             500000.0      17.15             2.43              0.81              
1993              5.0        0.02                   735             500000.0      17.15             2.43              0.81              
1994              5.0        0.02                   736             500000.0      17.15             2.43              0.81              
1995              5.0        0.02                   737             500000.0      17.15             2.43              0.81              
1996              5.0        0.02                   738             500000.0      17.15             2.43              0.81              
1997              5.0        0.02                   739             500000.0      17.15             2.43              0.81              
1998              5.0        0.02                   740             500000.0      17.15             2.43              0.81              
1999              5.0        0.02                   741             500000.0      17.15             2.43              0.81              
2000              5.0        0.02                   742             500000.0      17.15             2.43              0.81              
2001              5.0        0.02                   743             500000.0      17.15             2.43              0.81              
2002              5.0        0.02                   744             500000.0      17.15             2.43              0.81              
2003              5.0        0.02                   745             500000.0      17.15             2.43              0.81              
2004              5.0        0.02                   746             500000.0      17.15             2.43              0.81              
2005              5.0        0.02                   747             500000.0      17.15             2.43              0.81              
2006              5.0        0.02                   748             500000.0      17.15             2.43              0.81              
2007              5.0        0.02                   749             500000.0      17.15             2.43              0.81              
2008              5.0        0.02                   750             500000.0      17.15             2.43              0.81              
2009              5.0        0.02                   751             500000.0      17.15             2.43              0.81              
2010              5.0        0.02                   752             500000.0      17.15             2.43              0.81              
2011              5.0        0.02                   753             500000.0      17.15             2.43              0.81              
2012              5.0        0.02                   754             500000.0      17.15             2.43              0.81              
2013              5.0        0.02                   755             500000.0      17.15             2.43              0.81              
2014              5.0        0.02                   756             500000.0      17.15             2.43              0.81              
2015              5.0        0.02                   757             500000.0      17.15             2.43              0.81              
2016              5.0        0.02                   758             500000.0      17.15             2.43              0.81              
2017              5.0        0.02                   759             500000.0      17.15             2.43              0.81              
2018              5.0        0.02                   760             500000.0      17.15             2.43              0.81              
2019              5.0        0.02                   761             500000.0      17.15             2.43              0.81              
2020              5.0        0.02                   762             500000.0      17.15             2.43              0.81              
2021              5.0        0.02                   763             500000.0      17.15             2.43              0.81              
2022              5.0        0.02                   764             500000.0      17.15             2.43              0.81              
2023              5.0        0.02                   765             500000.0      17.15             2.43              0.81              
2024              5.0        0.02                   766             500000.0      17.15             2.43              0.81              
2025              5.0        0.02                   767             500000.0      17.15             2.43              0.81              
2026              5.0        0.02                   768             500000.0      17.15             2.43              0.81              
2027              5.0        0.02                   769             500000.0      17.15             2.43              0.81              
2028              5.0        0.02                   770             500000.0      17.15             2.43              0.81              
2029              5.0        0.02                   771             500000.0      17.15             2.43              0.81              
2030              5.0        0.02                   772             500000.0      17.15             2.43              0.81              
2031              5.0        0.02                   773             500000.0      17.15             2.43              0.81              
2032              5.0        0.02                   774             500000.0      17.15             2.43              0.81              
2033              5.0        0.02                   775             500000.0      17.15             2.43              0.81              
2034              5.0        0.02                   776             500000.0      17.15             2.43              0.81              
2035              5.0        0.02                   777             500000.0      17.15             2.43              0.81              
2036              5.0        0.02                   778             500000.0      17.15             2.43              0.81              
2037              5.0        0.02                   779             500000.0      17.15             2.43              0.81              
2038              5.0        0.02                   780             500000.0      17.15             2.43              0.81              
2039              5.0        0.02                   781             500000.0      17.15             2.43              0.81              
2040              5.0        0.02                   782             500000.0      17.15             2.43              0.81              
2041              5.0        0.02                   783             500000.0      17.15             2.43              0.81              
2042              5.0        0.02                   784             500000.0      17.15             2.43              0.81              
2043              5.0        0.02                   785             500000.0      17.15             2.43              0.81              
2044              5.0        0.02                   786             500000.0      17.15             2.43              0.81              
2045              5.0        0.02                   787             500000.0      17.15             2.43              0.81              
2046              5.0        0.02                   788             500000.0      17.15             2.43              0.81              
2047              5.0        0.02                   789             500000.0      17.15             2.43              0.81              
2048              5.0        0.02                   790             500000.0      17.15             2.43              0.81              
2049              5.0        0.02                   791             500000.0      17.15             2.43              0.81              
2050              5.0        0.02                   792             500000.0      17.15             2.43              0.81              
2051              5.0        0.02                   793             500000.0      17.15             2.43              0.81              
2052              5.0        0.02                   794             500000.0      17.15             2.43              0.81              
2053              5.0        0.02                   795             500000.0      17.15             2.43              0.81              
2054              5.0        0.02                   796             500000.0      17.15             2.43              0.81              
2055              5.0        0.02                   797             500000.0      17.15             2.43              0.81              
2056              5.0        0.02                   798             500000.0      17.15             2.43              0.81              
2057              5.0        0.02                   799             500000.0      17.15             2.43              0.81              
2058              5.0        0.02                   800             500000.0      17.15             2.43              0.81              
2059              5.0        0.02                   801             500000.0      17.15             2.43              0.81              
2060              5.0        0.02                   802             500000.0      17.15             2.43              0.81              
2061              5.0        0.02                   803             500000.0      17.15             2.43              0.81              
2062              5.0        0.02                   804             500000.0      17.15             2.43              0.81              
2063              5.0        0.02                   805             500000.0      17.15             2.43              0.81              
2064              5.0        0.02                   806             500000.0      17.15             2.43              0.81              
2065              5.0        0.02                   807             500000.0      17.15             2.43              0.81              
2066              5.0        0.02                   808             500000.0      17.15             2.43              0.81              
2067              5.0        0.02                   809             500000.0      17.15             2.43              0.81              
2068              5.0        0.02                   810             500000.0      17.15             2.43              0.81              
2069              5.0        0.02                   811             500000.0      17.15             2.43              0.81              
2070              5.0        0.02                   812             500000.0      17.15             2.43              0.81              
2071              5.0        0.02                   813             500000.0      17.15             2.43              0.81              
2072              5.0        0.02                   814             500000.0      17.15             2.43              0.81              
2073              5.0        0.02                   815             500000.0      17.15             2.43              0.81              
2074              5.0        0.02                   816             500000.0      17.15             2.43              0.81              
2075              5.0        0.02                   817             500000.0      17.15             2.43              0.81              
2076              5.0        0.02                   818             500000.0      17.15             2.43              0.81              
2077              5.0        0.02                   819             500000.0      17.15             2.43              0.81              
2078              5.0        0.02                   820             500000.0      17.15             2.43              0.81              
2079              5.0        0.02                   821             500000.0      17.15             2.43              0.81              
2080              5.0        0.02                   822             500000.0      17.15             2.43              0.81              
2081              5.0        0.02                   823             500000.0      17.15             2.43              0.81              
2082              5.0        0.02                   824             500000.0      17.15             2.43              0.81              
2083              5.0        0.02                   825             500000.0      17.15             2.43              0.81              
2084              5.0        0.02                   826             500000.0      17.15             2.43              0.81              
2085              5.0        0.02                   827             500000.0      17.15             2.43              0.81              
2086              5.0        0.02                   828             500000.0      17.15             2.43              0.81              
2087              5.0        0.02                   829             500000.0      17.15             2.43              0.81              
2088              5.0        0.02                   830             500000.0      17.15             2.43              0.81              
2089              5.0        0.02                   831             500000.0      17.15             2.43              0.81              
2090              5.0        0.02                   832             500000.0      17.15             2.43              0.81              
2091              5.0        0.02                   833             500000.0      17.15             2.43              0.81              
2092              5.0        0.02                   834             500000.0      17.15             2.43              0.81              
2093              5.0        0.02                   835             500000.0      17.15             2.43              0.81              
2094              5.0        0.02                   836             500000.0      17.15             2.43              0.81              
2095              5.0        0.02                   837             500000.0      17.15             2.43              0.81              
2096              5.0        0.02                   838             500000.0      17.15             2.43              0.81              
2097              5.0        0.02                   839             500000.0      17.15             2.43              0.81              
2098              5.0        0.02                   840             500000.0      17.15             2.43              0.81              
2099              5.0        0.02                   841             500000.0      17.15             2.43              0.81              
2100              5.0        0.02                   842             500000.0      17.15             2.43              0.81              
2101              5.0        0.02                   843             500000.0      17.15             2.43              0.81              
2102              5.0        0.02                   844             500000.0      17.15             2.43              0.81              
2103              5.0        0.02                   845             500000.0      17.15             2.43              0.81              
2104              5.0        0.02                   846             500000.0      17.15             2.43              0.81              
2105              5.0        0.02                   847             500000.0      17.15             2.43              0.81              
2106              5.0        0.02                   848             500000.0      17.15             2.43              0.81              
2107              5.0        0.02                   849             500000.0      17.15             2.43              0.81              
2108              5.0        0.02                   850             500000.0      17.15             2.43              0.81              
2109              5.0        0.02                   851             500000.0      17.15             2.43              0.81              
2110              5.0        0.02                   852             500000.0      17.15             2.43              0.81              
2111              5.0        0.02                   853             500000.0      17.15             2.43              0.81              
2112              5.0        0.02                   854             500000.0      17.15             2.43              0.81              
2113              5.0        0.02                   855             500000.0      17.15             2.43              0.81              
2114              5.0        0.02                   856             500000.0      17.15             2.43              0.81              
2115              5.0        0.02                   857             500000.0      17.15             2.43              0.81              
2116              5.0        0.02                   858             500000.0      17.15             2.43              0.81              
2117              5.0        0.02                   859             500000.0      17.15             2.43              0.81              
2118              5.0        0.02                   860             500000.0      17.15             2.43              0.81              
2119              5.0        0.02                   861             500000.0      17.15             2.43              0.81              
2120              5.0        0.02                   862             500000.0      17.15             2.43              0.81              
2121              5.0        0.02                   863             500000.0      17.15             2.43              0.81              
2122              5.0        0.02                   864             500000.0      17.15             2.43              0.81              
2123              5.0        0.02                   865             500000.0      17.15             2.43              0.81              
2124              5.0        0.02                   866             500000.0      17.15             2.43              0.81              
2125              5.0        0.02                   867             500000.0      17.15             2.43              0.81              
2126              5.0        0.02                   868             500000.0      17.15             2.43              0.81              
2127              5.0        0.02                   869             500000.0      17.15             2.43              0.81              
2128              5.0        0.02                   870             500000.0      17.15             2.43              0.81              
2129              5.0        0.02                   871             500000.0      17.15             2.43              0.81              
2130              5.0        0.02                   872             500000.0      17.15             2.43              0.81              
2131              5.0        0.02                   873             500000.0      17.15             2.43              0.81              
2132              5.0        0.02                   874             500000.0      17.15             2.43              0.81              
2133              5.0        0.02                   875             500000.0      17.15             2.43              0.81              
2134              5.0        0.02                   876             500000.0      17.15             2.43              0.81              
2135              5.0        0.02                   877             500000.0      17.15             2.43              0.81              
2136              5.0        0.02                   878             500000.0      17.15             2.43              0.81              
2137              5.0        0.02                   879             500000.0      17.15             2.43              0.81              
2138              5.0        0.02                   880             500000.0      17.15             2.43              0.81              
2139              5.0        0.02                   881             500000.0      17.15             2.43              0.81              
2140              5.0        0.02                   882             500000.0      17.15             2.43              0.81              
2141              5.0        0.02                   883             500000.0      17.15             2.43              0.81              
2142              5.0        0.02                   884             500000.0      17.15             2.43              0.81              
2143              5.0        0.02                   885             500000.0      17.15             2.43              0.81              
2144              5.0        0.02                   886             500000.0      17.15             2.43              0.81              
2145              5.0        0.02                   887             500000.0      17.15             2.43              0.81              
2146              5.0        0.02                   888             500000.0      17.15             2.43              0.81              
2147              5.0        0.02                   889             500000.0      17.15             2.43              0.81              
2148              5.0        0.02                   890             500000.0      17.15             2.43              0.81              
2149              5.0        0.02                   891             500000.0      17.15             2.43              0.81              
2150              5.0        0.02                   892             500000.0      17.15             2.43              0.81              
2151              5.0        0.02                   893             500000.0      17.15             2.43              0.81              
2152              5.0        0.02                   894             500000.0      17.15             2.43              0.81              
2153              5.0        0.02                   895             500000.0      17.15             2.43              0.81              
2154              5.0        0.02                   896             500000.0      17.15             2.43              0.81              
2155              5.0        0.02                   897             500000.0      17.15             2.43              0.81              
2156              5.0        0.02                   898             500000.0      17.15             2.43              0.81              
2157              5.0        0.02                   899             500000.0      17.15             2.43              0.81              
2158              5.0        0.02                   900             500000.0      17.15             2.43              0.81              
2159              5.0        0.02                   901             500000.0      17.15             2.43              0.81              
2160              5.0        0.02                   902             500000.0      17.15             2.43              0.81              
2161              5.0        0.02                   903             500000.0      17.15             2.43              0.81              
2162              5.0        0.02                   904             500000.0      17.15             2.43              0.81              
2163              5.0        0.02                   905             500000.0      17.15             2.43              0.81              
2164              5.0        0.02                   906             500000.0      17.15             2.43              0.81              
2165              5.0        0.02                   907             500000.0      17.15             2.43              0.81              
2166              5.0        0.02                   908             500000.0      17.15             2.43              0.81              
2167              5.0        0.02                   909             500000.0      17.15             2.43              0.81              
2168              5.0        0.02                   910             500000.0      17.15             2.43              0.81              
2169              5.0        0.02                   911             500000.0      17.15             2.43              0.81              
2170              5.0        0.02                   912             500000.0      17.15             2.43              0.81              
2171              5.0        0.02                   913             500000.0      17.15             2.43              0.81              
2172              5.0        0.02                   914             500000.0      17.15             2.43              0.81              
2173              5.0        0.02                   915             500000.0      17.15             2.43              0.81              
2174              5.0        0.02                   916             500000.0      17.15             2.43              0.81              
2175              5.0        0.02                   917             500000.0      17.15             2.43              0.81              
2176              5.0        0.02                   918             500000.0      17.15             2.43              0.81              
2177              5.0        0.02                   919             500000.0      17.15             2.43              0.81              
2178              5.0        0.02                   920             500000.0      17.15             2.43              0.81              
2179              5.0        0.02                   921             500000.0      17.15             2.43              0.81              
2180              5.0        0.02                   922             500000.0      17.15             2.43              0.81              
2181              5.0        0.02                   923             500000.0      17.15             2.43              0.81              
2182              5.0        0.02                   924             500000.0      17.15             2.43              0.81              
2183              5.0        0.02                   925             500000.0      17.15             2.43              0.81              
2184              5.0        0.02                   926             500000.0      17.15             2.43              0.81              
2185              5.0        0.02                   927             500000.0      17.15             2.43              0.81              
2186              5.0        0.02                   928             500000.0      17.15             2.43              0.81              
2187              5.0        0.02                   929             500000.0      17.15             2.43              0.81              
2188              5.0        0.02                   930             500000.0      17.15             2.43              0.81              
2189              5.0        0.02                   931             500000.0      17.15             2.43              0.81              
2190              5.0        0.02                   932             500000.0      17.15             2.43              0.81              
2191              5.0        0.02                   933             500000.0      17.15             2.43              0.81              
2192              5.0        0.02                   934             500000.0      17.15             2.43              0.81              
2193              5.0        0.02                   935             500000.0      17.15             2.43              0.81              
2194              5.0        0.02                   936             500000.0      17.15             2.43              0.81              
2195              5.0        0.02                   937             500000.0      17.15             2.43              0.81              
2196              5.0        0.02                   938             500000.0      17.15             2.43              0.81              
2197              5.0        0.02                   939             500000.0      17.15             2.43              0.81              
2198              5.0        0.02                   940             500000.0      17.15             2.43              0.81              
2199              5.0        0.02                   941             500000.0      17.15             2.43              0.81              
2200              5.0        0.02                   942             500000.0      17.15             2.43              0.81              
2201              5.0        0.02                   943             500000.0      17.15             2.43              0.81              
2202              5.0        0.02                   944             500000.0      17.15             2.43              0.81              
2203              5.0        0.02                   945             500000.0      17.15             2.43              0.81              
2204              5.0        0.02                   946             500000.0      17.15             2.43              0.81              
2205              5.0        0.02                   947             500000.0      17.15             2.43              0.81              
2206              5.0        0.02                   948             500000.0      17.15             2.43              0.81              
2207              5.0        0.02                   949             500000.0      17.15             2.43              0.81              
2208              5.0        0.02                   950             500000.0      17.15             2.43              0.81              
2209              5.0        0.02                   951             500000.0      17.15             2.43              0.81              
2210              5.0        0.02                   952             500000.0      17.15             2.43              0.81              
2211              5.0        0.02                   953             500000.0      17.15             2.43              0.81              
2212              5.0        0.02                   954             500000.0      17.15             2.43              0.81              
2213              5.0        0.02                   955             500000.0      17.15             2.43              0.81              
2214              5.0        0.02                   956             500000.0      17.15             2.43              0.81              
2215              5.0        0.02                   957             500000.0      17.15             2.43              0.81              
2216              5.0        0.02                   958             500000.0      17.15             2.43              0.81              
2217              5.0        0.02                   959             500000.0      17.15             2.43              0.81              
2218              5.0        0.02                   960             500000.0      17.15             2.43              0.81              
2219              5.0        0.02                   961             500000.0      17.15             2.43              0.81              
2220              5.0        0.02                   962             500000.0      17.15             2.43              0.81              
2221              5.0        0.02                   963             500000.0      17.15             2.43              0.81              
2222              5.0        0.02                   964             500000.0      17.15             2.43              0.81              
2223              5.0        0.02                   965             500000.0      17.15             2.43              0.81              
2224              5.0        0.02                   966             500000.0      17.15             2.43              0.81              
2225              5.0        0.02                   967             500000.0      17.15             2.43              0.81              
2226              5.0        0.02                   968             500000.0      17.15             2.43              0.81              
2227              5.0        0.02                   969             500000.0      17.15             2.43              0.81              
2228              5.0        0.02                   970             500000.0      17.15             2.43              0.81              
2229              5.0        0.02                   971             500000.0      17.15             2.43              0.81              
2230              5.0        0.02                   972             500000.0      17.15             2.43              0.81              
2231              5.0        0.02                   973             500000.0      17.15             2.43              0.81              
2232              5.0        0.02                   974             500000.0      17.15             2.43              0.81              
2233              5.0        0.02                   975             500000.0      17.15             2.43              0.81              
2234              5.0        0.02                   976             500000.0      17.15             2.43              0.81              
2235              5.0        0.02                   977             500000.0      17.15             2.43              0.81              
2236              5.0        0.02                   978             500000.0      17.15             2.43              0.81              
2237              5.0        0.02                   979             500000.0      17.15             2.43              0.81              
2238              5.0        0.02                   980             500000.0      17.15             2.43              0.81              
2239              5.0        0.02                   981             500000.0      17.15             2.43              0.81              
2240              5.0        0.02                   982             500000.0      17.15             2.43              0.81              
2241              5.0        0.02                   983             500000.0      17.15             2.43              0.81              
2242              5.0        0.02                   984             500000.0      17.15             2.43              0.81              
2243              5.0        0.02                   985             500000.0      17.15             2.43              0.81              
2244              5.0        0.02                   986             500000.0      17.15             2.43              0.81              
2245              5.0        0.02                   987             500000.0      17.15             2.43              0.81              
2246              5.0        0.02                   988             500000.0      17.15             2.43              0.81              
2247              5.0        0.02                   989             500000.0      17.15             2.43              0.81              
2248              5.0        0.02                   990             500000.0      17.15             2.43              0.81              
2249              5.0        0.02                   991             500000.0      17.15             2.43              0.81              
2250              5.0        0.02                   992             500000.0      17.15             2.43              0.81              
2251              5.0        0.02                   993             500000.0      17.15             2.43              0.81              
2252              5.0        0.02                   994             500000.0      17.15             2.43              0.81              
2253              5.0        0.02                   995             500000.0      17.15             2.43              0.81              
2254              5.0        0.02                   996             500000.0      17.15             2.43              0.81              
2255              5.0        0.02                   997             500000.0      17.15             2.43              0.81              
2256              5.0        0.02                   998             500000.0      17.15             2.43              0.81              
2257              5.0        0.02                   999             500000.0      17.15             2.43              0.81              
2258              5.0        0.02                   1000            500000.0      17.15             2.43              0.81              
2259              5.0        0.02                   1001            500000.0      17.15             2.43              0.81              
2260              5.0        0.02                   1002            500000.0      17.15             2.43              0.81              
2261              5.0        0.02                   1003            500000.0      17.15             2.43              0.81              
2262              5.0        0.02                   1004            500000.0      17.15             2.43              0.81              
2263              5.0        0.02                   1005            500000.0      17.15             2.43              0.81              
2264              5.0        0.02                   1006            500000.0      17.15             2.43              0.81              
2265              5.0        0.02                   1007            500000.0      17.15             2.43              0.81              
2266              5.0        0.02                   1008            500000.0      17.15             2.43              0.81              
2267              5.0        0.02                   1009            500000.0      17.15             2.43              0.81              
2268              5.0        0.02                   1010            500000.0      17.15             2.43              0.81              
2269              5.0        0.02                   1011            500000.0      17.15             2.43              0.81              
2270              5.0        0.02                   1012            500000.0      17.15             2.43              0.81              
2271              5.0        0.02                   1013            500000.0      17.15             2.43              0.81              
2272              5.0        0.02                   1014            500000.0      17.15             2.43              0.81              
2273              5.0        0.02                   1015            500000.0      17.15             2.43              0.81              
2274              5.0        0.02                   1016            500000.0      17.15             2.43              0.81              
2275              5.0        0.02                   1017            500000.0      17.15             2.43              0.81              
2276              5.0        0.02                   1018            500000.0      17.15             2.43              0.81              
2277              5.0        0.02                   1019            500000.0      17.15             2.43              0.81              
2278              5.0        0.02                   1020            500000.0      17.15             2.43              0.81              
2279              5.0        0.02                   1021            500000.0      17.15             2.43              0.81              
2280              5.0        0.02                   1022            500000.0      17.15             2.43              0.81              
2281              5.0        0.02                   1023            500000.0      17.15             2.43              0.81              
2282              5.0        0.02                   1024            500000.0      17.15             2.43              0.81              
2283              5.0        0.02                   1025            500000.0      17.15             2.43              0.81              
2284              5.0        0.02                   1026            500000.0      17.15             2.43              0.81              
2285              5.0        0.02                   1027            500000.0      17.15             2.43              0.81              
2286              5.0        0.02                   1028            500000.0      17.15             2.43              0.81              
2287              5.0        0.02                   1029            500000.0      17.15             2.43              0.81              
2288              5.0        0.02                   1030            500000.0      17.15             2.43              0.81              
2289              5.0        0.02                   1031            500000.0      17.15             2.43              0.81              
2290              5.0        0.02                   1032            500000.0      17.15             2.43              0.81              
2291              5.0        0.02                   1033            500000.0      17.15             2.43              0.81              
2292              5.0        0.02                   1034            500000.0      17.15             2.43              0.81              
2293              5.0        0.02                   1035            500000.0      17.15             2.43              0.81              
2294              5.0        0.02                   1036            500000.0      17.15             2.43              0.81              
2295              5.0        0.02                   1037            500000.0      17.15             2.43              0.81              
2296              5.0        0.02                   1038            500000.0      17.15             2.43              0.81              
2297              5.0        0.02                   1039            500000.0      17.15             2.43              0.81              
2298              5.0        0.02                   1040            500000.0      17.15             2.43              0.81              
2299              5.0        0.02                   1041            500000.0      17.15             2.43              0.81              
2300              5.0        0.02                   1042            500000.0      17.15             2.43              0.81              
2301              5.0        0.02                   1043            500000.0      17.15             2.43              0.81              
2302              5.0        0.02                   1044            500000.0      17.15             2.43              0.81              
2303              5.0        0.02                   1045            500000.0      17.15             2.43              0.81              
2304              5.0        0.02                   1046            500000.0      17.15             2.43              0.81              
2305              5.0        0.02                   1047            500000.0      17.15             2.43              0.81              
2306              5.0        0.02                   1048            500000.0      17.15             2.43              0.81              
2307              5.0        0.02                   1049            500000.0      17.15             2.43              0.81              
2308              5.0        0.02                   1050            500000.0      17.15             2.43              0.81              
2309              5.0        0.02                   1051            500000.0      17.15             2.43              0.81              
2310              5.0        0.02                   1052            500000.0      17.15             2.43              0.81              
2311              5.0        0.02                   1053            500000.0      17.15             2.43              0.81              
2312              5.0        0.02                   1054            500000.0      17.15             2.43              0.81              
2313              5.0        0.02                   1055            500000.0      17.15             2.43              0.81              
2314              5.0        0.02                   1056            500000.0      17.15             2.43              0.81              
2315              5.0        0.02                   1057            500000.0      17.15             2.43              0.81              
2316              5.0        0.02                   1058            500000.0      17.15             2.43              0.81              
2317              5.0        0.02                   1059            500000.0      17.15             2.43              0.81              
2318              5.0        0.02                   1060            500000.0      17.15             2.43              0.81              
2319              5.0        0.02                   1061            500000.0      17.15             2.43              0.81              
2320              5.0        0.02                   1062            500000.0      17.15             2.43              0.81              
2321              5.0        0.02                   1063            500000.0      17.15             2.43              0.81              
2322              5.0        0.02                   1064            500000.0      17.15             2.43              0.81              
2323              5.0        0.02                   1065            500000.0      17.15             2.43              0.81              
2324              5.0        0.02                   1066            500000.0      17.15             2.43              0.81              
2325              5.0        0.02                   1067            500000.0      17.15             2.43              0.81              
2326              5.0        0.02                   1068            500000.0      17.15             2.43              0.81              
2327              5.0        0.02                   1069            500000.0      17.15             2.43              0.81              
2328              5.0        0.02                   1070            500000.0      17.15             2.43              0.81              
2329              5.0        0.02                   1071            500000.0      17.15             2.43              0.81              
2330              5.0        0.02                   1072            500000.0      17.15             2.43              0.81              
2331              5.0        0.02                   1073            500000.0      17.15             2.43              0.81              
2332              5.0        0.02                   1074            500000.0      17.15             2.43              0.81              
2333              5.0        0.02                   1075            500000.0      17.15             2.43              0.81              
2334              5.0        0.02                   1076            500000.0      17.15             2.43              0.81              
2335              5.0        0.02                   1077            500000.0      17.15             2.43              0.81              
2336              5.0        0.02                   1078            500000.0      17.15             2.43              0.81              
2337              5.0        0.02                   1079            500000.0      17.15             2.43              0.81              
2338              5.0        0.02                   1080            500000.0      17.15             2.43              0.81              
2339              5.0        0.02                   1081            500000.0      17.15             2.43              0.81              
2340              5.0        0.02                   1082            500000.0      17.15             2.43              0.81              
2341              5.0        0.02                   1083            500000.0      17.15             2.43              0.81              
2342              5.0        0.02                   1084            500000.0      17.15             2.43              0.81              
2343              5.0        0.02                   1085            500000.0      17.15             2.43              0.81              
2344              5.0        0.02                   1086            500000.0      17.15             2.43              0.81              
2345              5.0        0.02                   1087            500000.0      17.15             2.43              0.81              
2346              5.0        0.02                   1088            500000.0      17.15             2.43              0.81              
2347              5.0        0.02                   1089            500000.0      17.15             2.43              0.81              
2348              5.0        0.02                   1090            500000.0      17.15             2.43              0.81              
2349              5.0        0.02                   1091            500000.0      17.15             2.43              0.81              
2350              5.0        0.02                   1092            500000.0      17.15             2.43              0.81              
2351              5.0        0.02                   1093            500000.0      17.15             2.43              0.81              
2352              5.0        0.02                   1094            500000.0      17.15             2.43              0.81              
2353              5.0        0.02                   1095            500000.0      17.15             2.43              0.81              
2354              5.0        0.02                   1096            500000.0      17.15             2.43              0.81              
2355              5.0        0.02                   1097            500000.0      17.15             2.43              0.81              
2356              5.0        0.02                   1098            500000.0      17.15             2.43              0.81              
2357              5.0        0.02                   1099            500000.0      17.15             2.43              0.81              
2358              5.0        0.02                   1100            500000.0      17.15             2.43              0.81              
2359              5.0        0.02                   1101            500000.0      17.15             2.43              0.81              
2360              5.0        0.02                   1102            500000.0      17.15             2.43              0.81              
2361              5.0        0.02                   1103            500000.0      17.15             2.43              0.81              
2362              5.0        0.02                   1104            500000.0      17.15             2.43              0.81              
2363              5.0        0.02                   1105            500000.0      17.15             2.43              0.81              
2364              5.0        0.02                   1106            500000.0      17.15             2.43              0.81              
2365              5.0        0.02                   1107            500000.0      17.15             2.43              0.81              
2366              5.0        0.02                   1108            500000.0      17.15             2.43              0.81              
2367              5.0        0.02                   1109            500000.0      17.15             2.43              0.81              
2368              5.0        0.02                   1110            500000.0      17.15             2.43              0.81              
2369              5.0        0.02                   1111            500000.0      17.15             2.43              0.81              
2370              5.0        0.02                   1112            500000.0      17.15             2.43              0.81              
2371              5.0        0.02                   1113            500000.0      17.15             2.43              0.81              
2372              5.0        0.02                   1114            500000.0      17.15             2.43              0.81              
2373              5.0        0.02                   1115            500000.0      17.15             2.43              0.81              
2374              5.0        0.02                   1116            500000.0      17.15             2.43              0.81              
2375              5.0        0.02                   1117            500000.0      17.15             2.43              0.81              
2376              5.0        0.02                   1118            500000.0      17.15             2.43              0.81              
2377              5.0        0.02                   1119            500000.0      17.15             2.43              0.81              
2378              5.0        0.02                   1120            500000.0      17.15             2.43              0.81              
2379              5.0        0.02                   1121            500000.0      17.15             2.43              0.81              
2380              5.0        0.02                   1122            500000.0      17.15             2.43              0.81              
2381              5.0        0.02                   1123            500000.0      17.15             2.43              0.81              
2382              5.0        0.02                   1124            500000.0      17.15             2.43              0.81              
2383              5.0        0.02                   1125            500000.0      17.15             2.43              0.81              
2384              5.0        0.02                   1126            500000.0      17.15             2.43              0.81              
2385              5.0        0.02                   1127            500000.0      17.15             2.43              0.81              
2386              5.0        0.02                   1128            500000.0      17.15             2.43              0.81              
2387              5.0        0.02                   1129            500000.0      17.15             2.43              0.81              
2388              5.0        0.02                   1130            500000.0      17.15             2.43              0.81              
2389              5.0        0.02                   1131            500000.0      17.15             2.43              0.81              
2390              5.0        0.02                   1132            500000.0      17.15             2.43              0.81              
2391              5.0        0.02                   1133            500000.0      17.15             2.43              0.81              
2392              5.0        0.02                   1134            500000.0      17.15             2.43              0.81              
2393              5.0        0.02                   1135            500000.0      17.15             2.43              0.81              
2394              5.0        0.02                   1136            500000.0      17.15             2.43              0.81              
2395              5.0        0.02                   1137            500000.0      17.15             2.43              0.81              
2396              5.0        0.02                   1138            500000.0      17.15             2.43              0.81              
2397              5.0        0.02                   1139            500000.0      17.15             2.43              0.81              
2398              5.0        0.02                   1140            500000.0      17.15             2.43              0.81              
2399              5.0        0.02                   1141            500000.0      17.15             2.43              0.81              
2400              5.0        0.02                   1142            500000.0      17.15             2.43              0.81              
2401              5.0        0.02                   1143            500000.0      17.15             2.43              0.81              
2402              5.0        0.02                   1144            500000.0      17.15             2.43              0.81              
2403              5.0        0.02                   1145            500000.0      17.15             2.43              0.81              
2404              5.0        0.02                   1146            500000.0      17.15             2.43              0.81              
2405              5.0        0.02                   1147            500000.0      17.15             2.43              0.81              
2406              5.0        0.02                   1148            500000.0      17.15             2.43              0.81              
2407              5.0        0.02                   1149            500000.0      17.15             2.43              0.81              
2408              5.0        0.02                   1150            500000.0      17.15             2.43              0.81              
2409              5.0        0.02                   1151            500000.0      17.15             2.43              0.81              
2410              5.0        0.02                   1152            500000.0      17.15             2.43              0.81              
2411              5.0        0.02                   1153            500000.0      17.15             2.43              0.81              
2412              5.0        0.02                   1154            500000.0      17.15             2.43              0.81              
2413              5.0        0.02                   1155            500000.0      17.15             2.43              0.81              
2414              5.0        0.02                   1156            500000.0      17.15             2.43              0.81              
2415              5.0        0.02                   1157            500000.0      17.15             2.43              0.81              
2416              5.0        0.02                   1158            500000.0      17.15             2.43              0.81              
2417              5.0        0.02                   1159            500000.0      17.15             2.43              0.81              
2418              5.0        0.02                   1160            500000.0      17.15             2.43              0.81              
2419              5.0        0.02                   1161            500000.0      17.15             2.43              0.81              
2420              5.0        0.02                   1162            500000.0      17.15             2.43              0.81              
2421              5.0        0.02                   1163            500000.0      17.15             2.43              0.81              
2422              5.0        0.02                   1164            500000.0      17.15             2.43              0.81              
2423              5.0        0.02                   1165            500000.0      17.15             2.43              0.81              
2424              5.0        0.02                   1166            500000.0      17.15             2.43              0.81              
2425              5.0        0.02                   1167            500000.0      17.15             2.43              0.81              
2426              5.0        0.02                   1168            500000.0      17.15             2.43              0.81              
2427              5.0        0.02                   1169            500000.0      17.15             2.43              0.81              
2428              5.0        0.02                   1170            500000.0      17.15             2.43              0.81              
2429              5.0        0.02                   1171            500000.0      17.15             2.43              0.81              
2430              5.0        0.02                   1172            500000.0      17.15             2.43              0.81              
2431              5.0        0.02                   1173            500000.0      17.15             2.43              0.81              
2432              5.0        0.02                   1174            500000.0      17.15             2.43              0.81              
2433              5.0        0.02                   1175            500000.0      17.15             2.43              0.81              
2434              5.0        0.02                   1176            500000.0      17.15             2.43              0.81              
2435              5.0        0.02                   1177            500000.0      17.15             2.43              0.81              
2436              5.0        0.02                   1178            500000.0      17.15             2.43              0.81              
2437              5.0        0.02                   1179            500000.0      17.15             2.43              0.81              
2438              5.0        0.02                   1180            500000.0      17.15             2.43              0.81              
2439              5.0        0.02                   1181            500000.0      17.15             2.43              0.81              
2440              5.0        0.02                   1182            500000.0      17.15             2.43              0.81              
2441              5.0        0.02                   1183            500000.0      17.15             2.43              0.81              
2442              5.0        0.02                   1184            500000.0      17.15             2.43              0.81              
2443              5.0        0.02                   1185            500000.0      17.15             2.43              0.81              
2444              5.0        0.02                   1186            500000.0      17.15             2.43              0.81              
2445              5.0        0.02                   1187            500000.0      17.15             2.43              0.81              
2446              5.0        0.02                   1188            500000.0      17.15             2.43              0.81              
2447              5.0        0.02                   1189            500000.0      17.15             2.43              0.81              
2448              5.0        0.02                   1190            500000.0      17.15             2.43              0.81              
2449              5.0        0.02                   1191            500000.0      17.15             2.43              0.81              
2450              5.0        0.02                   1192            500000.0      17.15             2.43              0.81              
2451              5.0        0.02                   1193            500000.0      17.15             2.43              0.81              
2452              5.0        0.02                   1194            500000.0      17.15             2.43              0.81              
2453              5.0        0.02                   1195            500000.0      17.15             2.43              0.81              
2454              5.0        0.02                   1196            500000.0      17.15             2.43              0.81              
2455              5.0        0.02                   1197            500000.0      17.15             2.43              0.81              
2456              5.0        0.02                   1198            500000.0      17.15             2.43              0.81              
2457              5.0        0.02                   1199            500000.0      17.15             2.43              0.81              
2458              5.0        0.02                   1200            500000.0      17.15             2.43              0.81              
2459              5.0        0.02                   1201            500000.0      17.15             2.43              0.81              
2460              5.0        0.02                   1202            500000.0      17.15             2.43              0.81              
2461              5.0        0.02                   1203            500000.0      17.15             2.43              0.81              
2462              5.0        0.02                   1204            500000.0      17.15             2.43              0.81              
2463              5.0        0.02                   1205            500000.0      17.15             2.43              0.81              
2464              5.0        0.02                   1206            500000.0      17.15             2.43              0.81              
2465              5.0        0.02                   1207            500000.0      17.15             2.43              0.81              
2466              5.0        0.02                   1208            500000.0      17.15             2.43              0.81              
2467              5.0        0.02                   1209            500000.0      17.15             2.43              0.81              
2468              5.0        0.02                   1210            500000.0      17.15             2.43              0.81              
2469              5.0        0.02                   1211            500000.0      17.15             2.43              0.81              
2470              5.0        0.02                   1212            500000.0      17.15             2.43              0.81              
2471              5.0        0.02                   1213            500000.0      17.15             2.43              0.81              
2472              5.0        0.02                   1214            500000.0      17.15             2.43              0.81              
2473              5.0        0.02                   1215            500000.0      17.15             2.43              0.81              
2474              5.0        0.02                   1216            500000.0      17.15             2.43              0.81              
2475              5.0        0.02                   1217            500000.0      17.15             2.43              0.81              
2476              5.0        0.02                   1218            500000.0      17.15             2.43              0.81              
2477              5.0        0.02                   1219            500000.0      17.15             2.43              0.81              
2478              5.0        0.02                   1220            500000.0      17.15             2.43              0.81              
2479              5.0        0.02                   1221            500000.0      17.15             2.43              0.81              
2480              5.0        0.02                   1222            500000.0      17.15             2.43              0.81              
2481              5.0        0.02                   1223            500000.0      17.15             2.43              0.81              
2482              5.0        0.02                   1224            500000.0      17.15             2.43              0.81              
2483              5.0        0.02                   1225            500000.0      17.15             2.43              0.81              
2484              5.0        0.02                   1226            500000.0      17.15             2.43              0.81              
2485              5.0        0.02                   1227            500000.0      17.15             2.43              0.81              
2486              5.0        0.02                   1228            500000.0      17.15             2.43              0.81              
2487              5.0        0.02                   1229            500000.0      17.15             2.43              0.81              
2488              5.0        0.02                   1230            500000.0      17.15             2.43              0.81              
2489              5.0        0.02                   1231            500000.0      17.15             2.43              0.81              
2490              5.0        0.02                   1232            500000.0      17.15             2.43              0.81              
2491              5.0        0.02                   1233            500000.0      17.15             2.43              0.81              
2492              5.0        0.02                   1234            500000.0      17.15             2.43              0.81              
2493              5.0        0.02                   1235            500000.0      17.15             2.43              0.81              
2494              5.0        0.02                   1236            500000.0      17.15             2.43              0.81              
2495              5.0        0.02                   1237            500000.0      17.15             2.43              0.81              
2496              5.0        0.02                   1238            500000.0      17.15             2.43              0.81              
2497              5.0        0.02                   1239            500000.0      17.15             2.43              0.81              
2498              5.0        0.02                   1240            500000.0      17.15             2.43              0.81              
2499              5.0        0.02                   1241            500000.0      17.15             2.43              0.81              
2500              5.0        0.02                   1242            500000.0      17.15             2.43              0.81              
2501              5.0        0.02                   1243            500000.0      17.15             2.43              0.81              
2502              5.0        0.02                   1244            500000.0      17.15             2.43              0.81              
2503              5.0        0.02                   1245            500000.0      17.15             2.43              0.81              
2504              5.0        0.02                   1246            500000.0      17.15             2.43              0.81              
2505              5.0        0.02                   1247            500000.0      17.15             2.43              0.81              
2506              5.0        0.02                   1248            500000.0      17.15             2.43              0.81              
2507              5.0        0.02                   1249            500000.0      17.15             2.43              0.81              
2508              5.0        0.02                   1250            500000.0      17.15             2.43              0.81              
2509              5.0        0.02                   1251            500000.0      17.15             2.43              0.81              
2510              5.0        0.02                   1252            500000.0      17.15             2.43              0.81              
2511              5.0        0.02                   1253            500000.0      17.15             2.43              0.81              
2512              5.0        0.02                   1254            500000.0      17.15             2.43              0.81              
2513              5.0        0.02                   1255            500000.0      17.15             2.43              0.81              
2514              5.0        0.02                   1256            500000.0      17.15             2.43              0.81              
2515              5.0        0.02                   1257            500000.0      17.15             2.43              0.81              
2516              5.0        0.02                   1258            500000.0      17.15             2.43              0.81              
2517              5.0        0.02                   1259            500000.0      17.15             2.43              0.81              
2518              5.0        0.02                   1260            500000.0      17.15             2.43              0.81              
2519              5.0        0.02                   1261            500000.0      17.15             2.43              0.81              
2520              5.0        0.02                   1262            500000.0      17.15             2.43              0.81              
2521              5.0        0.02                   1263            500000.0      17.15             2.43              0.81              
2522              5.0        0.02                   1264            500000.0      17.15             2.43              0.81              
2523              5.0        0.02                   1265            500000.0      17.15             2.43              0.81              
2524              5.0        0.02                   1266            500000.0      17.15             2.43              0.81              
2525              5.0        0.02                   1267            500000.0      17.15             2.43              0.81              
2526              5.0        0.02                   1268            500000.0      17.15             2.43              0.81              
2527              5.0        0.02                   1269            500000.0      17.15             2.43              0.81              
2528              5.0        0.02                   1270            500000.0      17.15             2.43              0.81              
2529              5.0        0.02                   1271            500000.0      17.15             2.43              0.81              
2530              5.0        0.02                   1272            500000.0      17.15             2.43              0.81              
2531              5.0        0.02                   1273            500000.0      17.15             2.43              0.81              
2532              5.0        0.02                   1274            500000.0      17.15             2.43              0.81              
2533              5.0        0.02                   1275            500000.0      17.15             2.43              0.81              
2534              5.0        0.02                   1276            500000.0      17.15             2.43              0.81              
2535              5.0        0.02                   1277            500000.0      17.15             2.43              0.81              
2536              5.0        0.02                   1278            500000.0      17.15             2.43              0.81              
2537              5.0        0.02                   1279            500000.0      17.15             2.43              0.81              
2538              5.0        0.02                   1280            500000.0      17.15             2.43              0.81              
2539              5.0        0.02                   1281            500000.0      17.15             2.43              0.81              
2540              5.0        0.02                   1282            500000.0      17.15             2.43              0.81              
2541              5.0        0.02                   1283            500000.0      17.15             2.43              0.81              
2542              5.0        0.02                   1284            500000.0      17.15             2.43              0.81              
2543              5.0        0.02                   1285            500000.0      17.15             2.43              0.81              
2544              5.0        0.02                   1286            500000.0      17.15             2.43              0.81              
2545              5.0        0.02                   1287            500000.0      17.15             2.43              0.81              
2546              5.0        0.02                   1288            500000.0      17.15             2.43              0.81              
2547              5.0        0.02                   1289            500000.0      17.15             2.43              0.81              
2548              5.0        0.02                   1290            500000.0      17.15             2.43              0.81              
2549              5.0        0.02                   1291            500000.0      17.15             2.43              0.81              
2550              5.0        0.02                   1292            500000.0      17.15             2.43              0.81              
2551              5.0        0.02                   1293            500000.0      17.15             2.43              0.81              
2552              5.0        0.02                   1294            500000.0      17.15             2.43              0.81              
2553              5.0        0.02                   1295            500000.0      17.15             2.43              0.81              
2554              5.0        0.02                   1296            500000.0      17.15             2.43              0.81              
2555              5.0        0.02                   1297            500000.0      17.15             2.43              0.81              
2556              5.0        0.02                   1298            500000.0      17.15             2.43              0.81              
2557              5.0        0.02                   1299            500000.0      17.15             2.43              0.81              
2558              5.0        0.02                   1300            500000.0      17.15             2.43              0.81              
2559              5.0        0.02                   1301            500000.0      17.15             2.43              0.81              
2560              5.0        0.02                   1302            500000.0      17.15             2.43              0.81              
2561              5.0        0.02                   1303            500000.0      17.15             2.43              0.81              
2562              5.0        0.02                   1304            500000.0      17.15             2.43              0.81              
2563              5.0        0.02                   1305            500000.0      17.15             2.43              0.81              
2564              5.0        0.02                   1306            500000.0      17.15             2.43              0.81              
2565              5.0        0.02                   1307            500000.0      17.15             2.43              0.81              
2566              5.0        0.02                   1308            500000.0      17.15             2.43              0.81              
2567              5.0        0.02                   1309            500000.0      17.15             2.43              0.81              
2568              5.0        0.02                   1310            500000.0      17.15             2.43              0.81              
2569              5.0        0.02                   1311            500000.0      17.15             2.43              0.81              
2570              5.0        0.02                   1312            500000.0      17.15             2.43              0.81              
2571              5.0        0.02                   1313            500000.0      17.15             2.43              0.81              
2572              5.0        0.02                   1314            500000.0      17.15             2.43              0.81              
2573              5.0        0.02                   1315            500000.0      17.15             2.43              0.81              
2574              5.0        0.02                   1316            500000.0      17.15             2.43              0.81              
2575              5.0        0.02                   1317            500000.0      17.15             2.43              0.81              
2576              5.0        0.02                   1318            500000.0      17.15             2.43              0.81              
2577              5.0        0.02                   1319            500000.0      17.15             2.43              0.81              
2578              5.0        0.02                   1320            500000.0      17.15             2.43              0.81              
2579              5.0        0.02                   1321            500000.0      17.15             2.43              0.81              
2580              5.0        0.02                   1322            500000.0      17.15             2.43              0.81              
2581              5.0        0.02                   1323            500000.0      17.15             2.43              0.81              
2582              5.0        0.02                   1324            500000.0      17.15             2.43              0.81              
2583              5.0        0.02                   1325            500000.0      17.15             2.43              0.81              
2584              5.0        0.02                   1326            500000.0      17.15             2.43              0.81              
2585              5.0        0.02                   1327            500000.0      17.15             2.43              0.81              
2586              5.0        0.02                   1328            500000.0      17.15             2.43              0.81              
2587              5.0        0.02                   1329            500000.0      17.15             2.43              0.81              
2588              5.0        0.02                   1330            500000.0      17.15             2.43              0.81              
2589              5.0        0.02                   1331            500000.0      17.15             2.43              0.81              
2590              5.0        0.02                   1332            500000.0      17.15             2.43              0.81              
2591              5.0        0.02                   1333            500000.0      17.15             2.43              0.81              
2592              5.0        0.02                   1334            500000.0      17.15             2.43              0.81              
2593              5.0        0.02                   1335            500000.0      17.15             2.43              0.81              
2594              5.0        0.02                   1336            500000.0      17.15             2.43              0.81              
2595              5.0        0.02                   1337            500000.0      17.15             2.43              0.81              
2596              5.0        0.02                   1338            500000.0      17.15             2.43              0.81              
2597              5.0        0.02                   1339            500000.0      17.15             2.43              0.81              
2598              5.0        0.02                   1340            500000.0      17.15             2.43              0.81              
2599              5.0        0.02                   1341            500000.0      17.15             2.43              0.81              
2600              5.0        0.02                   1342            500000.0      17.15             2.43              0.81              
2601              5.0        0.02                   1343            500000.0      17.15             2.43              0.81              
2602              5.0        0.02                   1344            500000.0      17.15             2.43              0.81              
2603              5.0        0.02                   1345            500000.0      17.15             2.43              0.81              
2604              5.0        0.02                   1346            500000.0      17.15             2.43              0.81              
2605              5.0        0.02                   1347            500000.0      17.15             2.43              0.81              
2606              5.0        0.02                   1348            500000.0      17.15             2.43              0.81              
2607              5.0        0.02                   1349            500000.0      17.15             2.43              0.81              
2608              5.0        0.02                   1350            500000.0      17.15             2.43              0.81              
2609              5.0        0.02                   1351            500000.0      17.15             2.43              0.81              
2610              5.0        0.02                   1352            500000.0      17.15             2.43              0.81              
2611              5.0        0.02                   1353            500000.0      17.15             2.43              0.81              
2612              5.0        0.02                   1354            500000.0      17.15             2.43              0.81              
2613              5.0        0.02                   1355            500000.0      17.15             2.43              0.81              
2614              5.0        0.02                   1356            500000.0      17.15             2.43              0.81              
2615              5.0        0.02                   1357            500000.0      17.15             2.43              0.81              
2616              5.0        0.02                   1358            500000.0      17.15             2.43              0.81              
2617              5.0        0.02                   1359            500000.0      17.15             2.43              0.81              
2618              5.0        0.02                   1360            500000.0      17.15             2.43              0.81              
2619              5.0        0.02                   1361            500000.0      17.15             2.43              0.81              
2620              5.0        0.02                   1362            500000.0      17.15             2.43              0.81              
2621              5.0        0.02                   1363            500000.0      17.15             2.43              0.81              
2622              5.0        0.02                   1364            500000.0      17.15             2.43              0.81              
2623              5.0        0.02                   1365            500000.0      17.15             2.43              0.81              
2624              5.0        0.02                   1366            500000.0      17.15             2.43              0.81              
2625              5.0        0.02                   1367            500000.0      17.15             2.43              0.81              
2626              5.0        0.02                   1368            500000.0      17.15             2.43              0.81              
2627              5.0        0.02                   1369            500000.0      17.15             2.43              0.81              
2628              5.0        0.02                   1370            500000.0      17.15             2.43              0.81              
2629              5.0        0.02                   1371            500000.0      17.15             2.43              0.81              
2630              5.0        0.02                   1372            500000.0      17.15             2.43              0.81              
2631              5.0        0.02                   1373            500000.0      17.15             2.43              0.81              
2632              5.0        0.02                   1374            500000.0      17.15             2.43              0.81              
2633              5.0        0.02                   1375            500000.0      17.15             2.43              0.81              
2634              5.0        0.02                   1376            500000.0      17.15             2.43              0.81              
2635              5.0        0.02                   1377            500000.0      17.15             2.43              0.81              
2636              5.0        0.02                   1378            500000.0      17.15             2.43              0.81              
2637              5.0        0.02                   1379            500000.0      17.15             2.43              0.81              
2638              5.0        0.02                   1380            500000.0      17.15             2.43              0.81              
2639              5.0        0.02                   1381            500000.0      17.15             2.43              0.81              
2640              5.0        0.02                   1382            500000.0      17.15             2.43              0.81              
2641              5.0        0.02                   1383            500000.0      17.15             2.43              0.81              
2642              5.0        0.02                   1384            500000.0      17.15             2.43              0.81              
2643              5.0        0.02                   1385            500000.0      17.15             2.43              0.81              
2644              5.0        0.02                   1386            500000.0      17.15             2.43              0.81              
2645              5.0        0.02                   1387            500000.0      17.15             2.43              0.81              
2646              5.0        0.02                   1388            500000.0      17.15             2.43              0.81              
2647              5.0        0.02                   1389            500000.0      17.15             2.43              0.81              
2648              5.0        0.02                   1390            500000.0      17.15             2.43              0.81              
2649              5.0        0.02                   1391            500000.0      17.15             2.43              0.81              
2650              5.0        0.02                   1392            500000.0      17.15             2.43              0.81              
2651              5.0        0.02                   1393            500000.0      17.15             2.43              0.81              
2652              5.0        0.02                   1394            500000.0      17.15             2.43              0.81              
2653              5.0        0.02                   1395            500000.0      17.15             2.43              0.81              
2654              5.0        0.02                   1396            500000.0      17.15             2.43              0.81              
2655              5.0        0.02                   1397            500000.0      17.15             2.43              0.81              
2656              5.0        0.02                   1398            500000.0      17.15             2.43              0.81              
2657              5.0        0.02                   1399            500000.0      17.15             2.43              0.81              
2658              5.0        0.02                   1400            500000.0      17.15             2.43              0.81              
2659              5.0        0.02                   1401            500000.0      17.15             2.43              0.81              
2660              5.0        0.02                   1402            500000.0      17.15             2.43              0.81              
2661              5.0        0.02                   1403            500000.0      17.15             2.43              0.81              
2662              5.0        0.02                   1404            500000.0      17.15             2.43              0.81              
2663              5.0        0.02                   1405            500000.0      17.15             2.43              0.81              
2664              5.0        0.02                   1406            500000.0      17.15             2.43              0.81              
2665              5.0        0.02                   1407            500000.0      17.15             2.43              0.81              
2666              5.0        0.02                   1408            500000.0      17.15             2.43              0.81              
2667              5.0        0.02                   1409            500000.0      17.15             2.43              0.81              
2668              5.0        0.02                   1410            500000.0      17.15             2.43              0.81              
2669              5.0        0.02                   1411            500000.0      17.15             2.43              0.81              
2670              5.0        0.02                   1412            500000.0      17.15             2.43              0.81              
2671              5.0        0.02                   1413            500000.0      17.15             2.43              0.81              
2672              5.0        0.02                   1414            500000.0      17.15             2.43              0.81              
2673              5.0        0.02                   1415            500000.0      17.15             2.43              0.81              
2674              5.0        0.02                   1416            500000.0      17.15             2.43              0.81              
2675              5.0        0.02                   1417            500000.0      17.15             2.43              0.81              
2676              5.0        0.02                   1418            500000.0      17.15             2.43              0.81              
2677              5.0        0.02                   1419            500000.0      17.15             2.43              0.81              
2678              5.0        0.02                   1420            500000.0      17.15             2.43              0.81              
2679              5.0        0.02                   1421            500000.0      17.15             2.43              0.81              
2680              5.0        0.02                   1422            500000.0      17.15             2.43              0.81              
2681              5.0        0.02                   1423            500000.0      17.15             2.43              0.81              
2682              5.0        0.02                   1424            500000.0      17.15             2.43              0.81              
2683              5.0        0.02                   1425            500000.0      17.15             2.43              0.81              
2684              5.0        0.02                   1426            500000.0      17.15             2.43              0.81              
2685              5.0        0.02                   1427            500000.0      17.15             2.43              0.81              
2686              5.0        0.02                   1428            500000.0      17.15             2.43              0.81              
2687              5.0        0.02                   1429            500000.0      17.15             2.43              0.81              
2688              5.0        0.02                   1430            500000.0      17.15             2.43              0.81              
2689              5.0        0.02                   1431            500000.0      17.15             2.43              0.81              
2690              5.0        0.02                   1432            500000.0      17.15             2.43              0.81              
2691              5.0        0.02                   1433            500000.0      17.15             2.43              0.81              
2692              5.0        0.02                   1434            500000.0      17.15             2.43              0.81              
2693              5.0        0.02                   1435            500000.0      17.15             2.43              0.81              
2694              5.0        0.02                   1436            500000.0      17.15             2.43              0.81              
2695              5.0        0.02                   1437            500000.0      17.15             2.43              0.81              
2696              5.0        0.02                   1438            500000.0      17.15             2.43              0.81              
2697              5.0        0.02                   1439            500000.0      17.15             2.43              0.81              
2698              5.0        0.02                   1440            500000.0      17.15             2.43              0.81              
2699              5.0        0.02                   1441            500000.0      17.15             2.43              0.81              
2700              5.0        0.02                   1442            500000.0      17.15             2.43              0.81              
2701              5.0        0.02                   1443            500000.0      17.15             2.43              0.81              
2702              5.0        0.02                   1444            500000.0      17.15             2.43              0.81              
2703              5.0        0.02                   1445            500000.0      17.15             2.43              0.81              
2704              5.0        0.02                   1446            500000.0      17.15             2.43              0.81              
2705              5.0        0.02                   1447            500000.0      17.15             2.43              0.81              
2706              5.0        0.02                   1448            500000.0      17.15             2.43              0.81              
2707              5.0        0.02                   1449            500000.0      17.15             2.43              0.81              
2708              5.0        0.02                   1450            500000.0      17.15             2.43              0.81              
2709              5.0        0.02                   1451            500000.0      17.15             2.43              0.81              
2710              5.0        0.02                   1452            500000.0      17.15             2.43              0.81              
2711              5.0        0.02                   1453            500000.0      17.15             2.43              0.81              
2712              5.0        0.02                   1454            500000.0      17.15             2.43              0.81              
2713              5.0        0.02                   1455            500000.0      17.15             2.43              0.81              
2714              5.0        0.02                   1456            500000.0      17.15             2.43              0.81              
2715              5.0        0.02                   1457            500000.0      17.15             2.43              0.81              
2716              5.0        0.02                   1458            500000.0      17.15             2.43              0.81              
2717              5.0        0.02                   1459            500000.0      17.15             2.43              0.81              
2718              5.0        0.02                   1460            500000.0      17.15             2.43              0.81              
2719              5.0        0.02                   1461            500000.0      17.15             2.43              0.81              
2720              5.0        0.02                   1462            500000.0      17.15             2.43              0.81              
2721              5.0        0.02                   1463            500000.0      17.15             2.43              0.81              
2722              5.0        0.02                   1464            500000.0      17.15             2.43              0.81              
2723              5.0        0.02                   1465            500000.0      17.15             2.43              0.81              
2724              5.0        0.02                   1466            500000.0      17.15             2.43              0.81              
2725              5.0        0.02                   1467            500000.0      17.15             2.43              0.81              
2726              5.0        0.02                   1468            500000.0      17.15             2.43              0.81              
2727              5.0        0.02                   1469            500000.0      17.15             2.43              0.81              
2728              5.0        0.02                   1470            500000.0      17.15             2.43              0.81              
2729              5.0        0.02                   1471            500000.0      17.15             2.43              0.81              
2730              5.0        0.02                   1472            500000.0      17.15             2.43              0.81              
2731              5.0        0.02                   1473            500000.0      17.15             2.43              0.81              
2732              5.0        0.02                   1474            500000.0      17.15             2.43              0.81              
2733              5.0        0.02                   1475            500000.0      17.15             2.43              0.81              
2734              5.0        0.02                   1476            500000.0      17.15             2.43              0.81              
2735              5.0        0.02                   1477            500000.0      17.15             2.43              0.81              
2736              5.0        0.02                   1478            500000.0      17.15             2.43              0.81              
2737              5.0        0.02                   1479            500000.0      17.15             2.43              0.81              
2738              5.0        0.02                   1480            500000.0      17.15             2.43              0.81              
2739              5.0        0.02                   1481            500000.0      17.15             2.43              0.81              
2740              5.0        0.02                   1482            500000.0      17.15             2.43              0.81              
2741              5.0        0.02                   1483            500000.0      17.15             2.43              0.81              
2742              5.0        0.02                   1484            500000.0      17.15             2.43              0.81              
2743              5.0        0.02                   1485            500000.0      17.15             2.43              0.81              
2744              5.0        0.02                   1486            500000.0      17.15             2.43              0.81              
2745              5.0        0.02                   1487            500000.0      17.15             2.43              0.81              
2746              5.0        0.02                   1488            500000.0      17.15             2.43              0.81              
2747              5.0        0.02                   1489            500000.0      17.15             2.43              0.81              
2748              5.0        0.02                   1490            500000.0      17.15             2.43              0.81              
2749              5.0        0.02                   1491            500000.0      17.15             2.43              0.81              
2750              5.0        0.02                   1492            500000.0      17.15             2.43              0.81              
2751              5.0        0.02                   1493            500000.0      17.15             2.43              0.81              
2752              5.0        0.02                   1494            500000.0      17.15             2.43              0.81              
2753              5.0        0.02                   1495            500000.0      17.15             2.43              0.81              
2754              5.0        0.02                   1496            500000.0      17.15             2.43              0.81              
2755              5.0        0.02                   1497            500000.0      17.15             2.43              0.81              
2756              5.0        0.02                   1498            500000.0      17.15             2.43              0.81              
2757              5.0        0.02                   1499            500000.0      17.15             2.43              0.81              
2758              5.0        0.02                   1500            500000.0      17.15             2.43              0.81              
2759              5.0        0.02                   1501            500000.0      17.15             2.43              0.81              
2760              5.0        0.02                   1502            500000.0      17.15             2.43              0.81              
2761              5.0        0.02                   1503            500000.0      17.15             2.43              0.81              
2762              5.0        0.02                   1504            500000.0      17.15             2.43              0.81              
2763              5.0        0.02                   1505            500000.0      17.15             2.43              0.81              
2764              5.0        0.02                   1506            500000.0      17.15             2.43              0.81              
2765              5.0        0.02                   1507            500000.0      17.15             2.43              0.81              
2766              5.0        0.02                   1508            500000.0      17.15             2.43              0.81              
2767              5.0        0.02                   1509            500000.0      17.15             2.43              0.81              
2768              5.0        0.02                   1510            500000.0      17.15             2.43              0.81              
2769              5.0        0.02                   1511            500000.0      17.15             2.43              0.81              
2770              5.0        0.02                   1512            500000.0      17.15             2.43              0.81              
2771              5.0        0.02                   1513            500000.0      17.15             2.43              0.81              
2772              5.0        0.02                   1514            500000.0      17.15             2.43              0.81              
2773              5.0        0.02                   1515            500000.0      17.15             2.43              0.81              
2774              5.0        0.02                   1516            500000.0      17.15             2.43              0.81              
2775              5.0        0.02                   1517            500000.0      17.15             2.43              0.81              
2776              5.0        0.02                   1518            500000.0      17.15             2.43              0.81              
2777              5.0        0.02                   1519            500000.0      17.15             2.43              0.81              
2778              5.0        0.02                   1520            500000.0      17.15             2.43              0.81              
2779              5.0        0.02                   1521            500000.0      17.15             2.43              0.81              
2780              5.0        0.02                   1522            500000.0      17.15             2.43              0.81              
2781              5.0        0.02                   1523            500000.0      17.15             2.43              0.81              
2782              5.0        0.02                   1524            500000.0      17.15             2.43              0.81              
2783              5.0        0.02                   1525            500000.0      17.15             2.43              0.81              
2784              5.0        0.02                   1526            500000.0      17.15             2.43              0.81              
2785              5.0        0.02                   1527            500000.0      17.15             2.43              0.81              
2786              5.0        0.02                   1528            500000.0      17.15             2.43              0.81              
2787              5.0        0.02                   1529            500000.0      17.15             2.43              0.81              
2788              5.0        0.02                   1530            500000.0      17.15             2.43              0.81              
2789              5.0        0.02                   1531            500000.0      17.15             2.43              0.81              
2790              5.0        0.02                   1532            500000.0      17.15             2.43              0.81              
2791              5.0        0.02                   1533            500000.0      17.15             2.43              0.81              
2792              5.0        0.02                   1534            500000.0      17.15             2.43              0.81              
2793              5.0        0.02                   1535            500000.0      17.15             2.43              0.81              
2794              5.0        0.02                   1536            500000.0      17.15             2.43              0.81              
2795              5.0        0.02                   1537            500000.0      17.15             2.43              0.81              
2796              5.0        0.02                   1538            500000.0      17.15             2.43              0.81              
2797              5.0        0.02                   1539            500000.0      17.15             2.43              0.81              
2798              5.0        0.02                   1540            500000.0      17.15             2.43              0.81              
2799              5.0        0.02                   1541            500000.0      17.15             2.43              0.81              
2800              5.0        0.02                   1542            500000.0      17.15             2.43              0.81              
2801              5.0        0.02                   1543            500000.0      17.15             2.43              0.81              
2802              5.0        0.02                   1544            500000.0      17.15             2.43              0.81              
2803              5.0        0.02                   1545            500000.0      17.15             2.43              0.81              
2804              5.0        0.02                   1546            500000.0      17.15             2.43              0.81              
2805              5.0        0.02                   1547            500000.0      17.15             2.43              0.81              
2806              5.0        0.02                   1548            500000.0      17.15             2.43              0.81              
2807              5.0        0.02                   1549            500000.0      17.15             2.43              0.81              
2808              5.0        0.02                   1550            500000.0      17.15             2.43              0.81              
2809              5.0        0.02                   1551            500000.0      17.15             2.43              0.81              
2810              5.0        0.02                   1552            500000.0      17.15             2.43              0.81              
2811              5.0        0.02                   1553            500000.0      17.15             2.43              0.81              
2812              5.0        0.02                   1554            500000.0      17.15             2.43              0.81              
2813              5.0        0.02                   1555            500000.0      17.15             2.43              0.81              
2814              5.0        0.02                   1556            500000.0      17.15             2.43              0.81              
2815              5.0        0.02                   1557            500000.0      17.15             2.43              0.81              
2816              5.0        0.02                   1558            500000.0      17.15             2.43              0.81              
2817              5.0        0.02                   1559            500000.0      17.15             2.43              0.81              
2818              5.0        0.02                   1560            500000.0      17.15             2.43              0.81              
2819              5.0        0.02                   1561            500000.0      17.15             2.43              0.81              
2820              5.0        0.02                   1562            500000.0      17.15             2.43              0.81              
2821              5.0        0.02                   1563            500000.0      17.15             2.43              0.81              
2822              5.0        0.02                   1564            500000.0      17.15             2.43              0.81              
2823              5.0        0.02                   1565            500000.0      17.15             2.43              0.81              
2824              5.0        0.02                   1566            500000.0      17.15             2.43              0.81              
2825              5.0        0.02                   1567            500000.0      17.15             2.43              0.81              
2826              5.0        0.02                   1568            500000.0      17.15             2.43              0.81              
2827              5.0        0.02                   1569            500000.0      17.15             2.43              0.81              
2828              5.0        0.02                   1570            500000.0      17.15             2.43              0.81              
2829              5.0        0.02                   1571            500000.0      17.15             2.43              0.81              
2830              5.0        0.02                   1572            500000.0      17.15             2.43              0.81              
2831              5.0        0.02                   1573            500000.0      17.15             2.43              0.81              
2832              5.0        0.02                   1574            500000.0      17.15             2.43              0.81              
2833              5.0        0.02                   1575            500000.0      17.15             2.43              0.81              
2834              5.0        0.02                   1576            500000.0      17.15             2.43              0.81              
2835              5.0        0.02                   1577            500000.0      17.15             2.43              0.81              
2836              5.0        0.02                   1578            500000.0      17.15             2.43              0.81              
2837              5.0        0.02                   1579            500000.0      17.15             2.43              0.81              
2838              5.0        0.02                   1580            500000.0      17.15             2.43              0.81              
2839              5.0        0.02                   1581            500000.0      17.15             2.43              0.81              
2840              5.0        0.02                   1582            500000.0      17.15             2.43              0.81              
2841              5.0        0.02                   1583            500000.0      17.15             2.43              0.81              
2842              5.0        0.02                   1584            500000.0      17.15             2.43              0.81              
2843              5.0        0.02                   1585            500000.0      17.15             2.43              0.81              
2844              5.0        0.02                   1586            500000.0      17.15             2.43              0.81              
2845              5.0        0.02                   1587            500000.0      17.15             2.43              0.81              
2846              5.0        0.02                   1588            500000.0      17.15             2.43              0.81              
2847              5.0        0.02                   1589            500000.0      17.15             2.43              0.81              
2848              5.0        0.02                   1590            500000.0      17.15             2.43              0.81              
2849              5.0        0.02                   1591            500000.0      17.15             2.43              0.81              
2850              5.0        0.02                   1592            500000.0      17.15             2.43              0.81              
2851              5.0        0.02                   1593            500000.0      17.15             2.43              0.81              
2852              5.0        0.02                   1594            500000.0      17.15             2.43              0.81              
2853              5.0        0.02                   1595            500000.0      17.15             2.43              0.81              
2854              5.0        0.02                   1596            500000.0      17.15             2.43              0.81              
2855              5.0        0.02                   1597            500000.0      17.15             2.43              0.81              
2856              5.0        0.02                   1598            500000.0      17.15             2.43              0.81              
2857              5.0        0.02                   1599            500000.0      17.15             2.43              0.81              
2858              5.0        0.02                   1600            500000.0      17.15             2.43              0.81              
2859              5.0        0.02                   1601            500000.0      17.15             2.43              0.81              
2860              5.0        0.02                   1602            500000.0      17.15             2.43              0.81              
2861              5.0        0.02                   1603            500000.0      17.15             2.43              0.81              
2862              5.0        0.02                   1604            500000.0      17.15             2.43              0.81              
2863              5.0        0.02                   1605            500000.0      17.15             2.43              0.81              
2864              5.0        0.02                   1606            500000.0      17.15             2.43              0.81              
2865              5.0        0.02                   1607            500000.0      17.15             2.43              0.81              
2866              5.0        0.02                   1608            500000.0      17.15             2.43              0.81              
2867              5.0        0.02                   1609            500000.0      17.15             2.43              0.81              
2868              5.0        0.02                   1610            500000.0      17.15             2.43              0.81              
2869              5.0        0.02                   1611            500000.0      17.15             2.43              0.81              
2870              5.0        0.02                   1612            500000.0      17.15             2.43              0.81              
2871              5.0        0.02                   1613            500000.0      17.15             2.43              0.81              
2872              5.0        0.02                   1614            500000.0      17.15             2.43              0.81              
2873              5.0        0.02                   1615            500000.0      17.15             2.43              0.81              
2874              5.0        0.02                   1616            500000.0      17.15             2.43              0.81              
2875              5.0        0.02                   1617            500000.0      17.15             2.43              0.81              
2876              5.0        0.02                   1618            500000.0      17.15             2.43              0.81              
2877              5.0        0.02                   1619            500000.0      17.15             2.43              0.81              
2878              5.0        0.02                   1620            500000.0      17.15             2.43              0.81              
2879              5.0        0.02                   1621            500000.0      17.15             2.43              0.81              
2880              5.0        0.02                   1622            500000.0      17.15             2.43              0.81              
2881              5.0        0.02                   1623            500000.0      17.15             2.43              0.81              
2882              5.0        0.02                   1624            500000.0      17.15             2.43              0.81              
2883              5.0        0.02                   1625            500000.0      17.15             2.43              0.81              
2884              5.0        0.02                   1626            500000.0      17.15             2.43              0.81              
2885              5.0        0.02                   1627            500000.0      17.15             2.43              0.81              
2886              5.0        0.02                   1628            500000.0      17.15             2.43              0.81              
2887              5.0        0.02                   1629            500000.0      17.15             2.43              0.81              
2888              5.0        0.02                   1630            500000.0      17.15             2.43              0.81              
2889              5.0        0.02                   1631            500000.0      17.15             2.43              0.81              
2890              5.0        0.02                   1632            500000.0      17.15             2.43              0.81              
2891              5.0        0.02                   1633            500000.0      17.15             2.43              0.81              
2892              5.0        0.02                   1634            500000.0      17.15             2.43              0.81              
2893              5.0        0.02                   1635            500000.0      17.15             2.43              0.81              
2894              5.0        0.02                   1636            500000.0      17.15             2.43              0.81              
2895              5.0        0.02                   1637            500000.0      17.15             2.43              0.81              
2896              5.0        0.02                   1638            500000.0      17.15             2.43              0.81              
2897              5.0        0.02                   1639            500000.0      17.15             2.43              0.81              
2898              5.0        0.02                   1640            500000.0      17.15             2.43              0.81              
2899              5.0        0.02                   1641            500000.0      17.15             2.43              0.81              
2900              5.0        0.02                   1642            500000.0      17.15             2.43              0.81              
2901              5.0        0.02                   1643            500000.0      17.15             2.43              0.81              
2902              5.0        0.02                   1644            500000.0      17.15             2.43              0.81              
2903              5.0        0.02                   1645            500000.0      17.15             2.43              0.81              
2904              5.0        0.02                   1646            500000.0      17.15             2.43              0.81              
2905              5.0        0.02                   1647            500000.0      17.15             2.43              0.81              
2906              5.0        0.02                   1648            500000.0      17.15             2.43              0.81              
2907              5.0        0.02                   1649            500000.0      17.15             2.43              0.81              
2908              5.0        0.02                   1650            500000.0      17.15             2.43              0.81              
2909              5.0        0.02                   1651            500000.0      17.15             2.43              0.81              
2910              5.0        0.02                   1652            500000.0      17.15             2.43              0.81              
2911              5.0        0.02                   1653            500000.0      17.15             2.43              0.81              
2912              5.0        0.02                   1654            500000.0      17.15             2.43              0.81              
2913              5.0        0.02                   1655            500000.0      17.15             2.43              0.81              
2914              5.0        0.02                   1656            500000.0      17.15             2.43              0.81              
2915              5.0        0.02                   1657            500000.0      17.15             2.43              0.81              
2916              5.0        0.02                   1658            500000.0      17.15             2.43              0.81              
2917              5.0        0.02                   1659            500000.0      17.15             2.43              0.81              
2918              5.0        0.02                   1660            500000.0      17.15             2.43              0.81              
2919              5.0        0.02                   1661            500000.0      17.15             2.43              0.81              
2920              5.0        0.02                   1662            500000.0      17.15             2.43              0.81              
2921              5.0        0.02                   1663            500000.0      17.15             2.43              0.81              
2922              5.0        0.02                   1664            500000.0      17.15             2.43              0.81              
2923              5.0        0.02                   1665            500000.0      17.15             2.43              0.81              
2924              5.0        0.02                   1666            500000.0      17.15             2.43              0.81              
2925              5.0        0.02                   1667            500000.0      17.15             2.43              0.81              
2926              5.0        0.02                   1668            500000.0      17.15             2.43              0.81              
2927              5.0        0.02                   1669            500000.0      17.15             2.43              0.81              
2928              5.0        0.02                   1670            500000.0      17.15             2.43              0.81              
2929              5.0        0.02                   1671            500000.0      17.15             2.43              0.81              
2930              5.0        0.02                   1672            500000.0      17.15             2.43              0.81              
2931              5.0        0.02                   1673            500000.0      17.15             2.43              0.81              
2932              5.0        0.02                   1674            500000.0      17.15             2.43              0.81              
2933              5.0        0.02                   1675            500000.0      17.15             2.43              0.81              
2934              5.0        0.02                   1676            500000.0      17.15             2.43              0.81              
2935              5.0        0.02                   1677            500000.0      17.15             2.43              0.81              
2936              5.0        0.02                   1678            500000.0      17.15             2.43              0.81              
2937              5.0        0.02                   1679            500000.0      17.15             2.43              0.81              
2938              5.0        0.02                   1680            500000.0      17.15             2.43              0.81              
2939              5.0        0.02                   1681            500000.0      17.15             2.43              0.81              
2940              5.0        0.02                   1682            500000.0      17.15             2.43              0.81              
2941              5.0        0.02                   1683            500000.0      17.15             2.43              0.81              
2942              5.0        0.02                   1684            500000.0      17.15             2.43              0.81              
2943              5.0        0.02                   1685            500000.0      17.15             2.43              0.81              
2944              5.0        0.02                   1686            500000.0      17.15             2.43              0.81              
2945              5.0        0.02                   1687            500000.0      17.15             2.43              0.81              
2946              5.0        0.02                   1688            500000.0      17.15             2.43              0.81              
2947              5.0        0.02                   1689            500000.0      17.15             2.43              0.81              
2948              5.0        0.02                   1690            500000.0      17.15             2.43              0.81              
2949              5.0        0.02                   1691            500000.0      17.15             2.43              0.81              
2950              5.0        0.02                   1692            500000.0      17.15             2.43              0.81              
2951              5.0        0.02                   1693            500000.0      17.15             2.43              0.81              
2952              5.0        0.02                   1694            500000.0      17.15             2.43              0.81              
2953              5.0        0.02                   1695            500000.0      17.15             2.43              0.81              
2954              5.0        0.02                   1696            500000.0      17.15             2.43              0.81              
2955              5.0        0.02                   1697            500000.0      17.15             2.43              0.81              
2956              5.0        0.02                   1698            500000.0      17.15             2.43              0.81              
2957              5.0        0.02                   1699            500000.0      17.15             2.43              0.81              
2958              5.0        0.02                   1700            500000.0      17.15             2.43              0.81              
2959              5.0        0.02                   1701            500000.0      17.15             2.43              0.81              
2960              5.0        0.02                   1702            500000.0      17.15             2.43              0.81              
2961              5.0        0.02                   1703            500000.0      17.15             2.43              0.81              
2962              5.0        0.02                   1704            500000.0      17.15             2.43              0.81              
2963              5.0        0.02                   1705            500000.0      17.15             2.43              0.81              
2964              5.0        0.02                   1706            500000.0      17.15             2.43              0.81              
2965              5.0        0.02                   1707            500000.0      17.15             2.43              0.81              
2966              5.0        0.02                   1708            500000.0      17.15             2.43              0.81              
2967              5.0        0.02                   1709            500000.0      17.15             2.43              0.81              
2968              5.0        0.02                   1710            500000.0      17.15             2.43              0.81              
2969              5.0        0.02                   1711            500000.0      17.15             2.43              0.81              
2970              5.0        0.02                   1712            500000.0      17.15             2.43              0.81              
2971              5.0        0.02                   1713            500000.0      17.15             2.43              0.81              
2972              5.0        0.02                   1714            500000.0      17.15             2.43              0.81              
2973              5.0        0.02                   1715            500000.0      17.15             2.43              0.81              
2974              5.0        0.02                   1716            500000.0      17.15             2.43              0.81              
2975              5.0        0.02                   1717            500000.0      17.15             2.43              0.81              
2976              5.0        0.02                   1718            500000.0      17.15             2.43              0.81              
2977              5.0        0.02                   1719            500000.0      17.15             2.43              0.81              
2978              5.0        0.02                   1720            500000.0      17.15             2.43              0.81              
2979              5.0        0.02                   1721            500000.0      17.15             2.43              0.81              
2980              5.0        0.02                   1722            500000.0      17.15             2.43              0.81              
2981              5.0        0.02                   1723            500000.0      17.15             2.43              0.81              
2982              5.0        0.02                   1724            500000.0      17.15             2.43              0.81              
2983              5.0        0.02                   1725            500000.0      17.15             2.43              0.81              
2984              5.0        0.02                   1726            500000.0      17.15             2.43              0.81              
2985              5.0        0.02                   1727            500000.0      17.15             2.43              0.81              
2986              5.0        0.02                   1728            500000.0      17.15             2.43              0.81              
2987              5.0        0.02                   1729            500000.0      17.15             2.43              0.81              
2988              5.0        0.02                   1730            500000.0      17.15             2.43              0.81              
2989              5.0        0.02                   1731            500000.0      17.15             2.43              0.81              
2990              5.0        0.02                   1732            500000.0      17.15             2.43              0.81              
2991              5.0        0.02                   1733            500000.0      17.15             2.43              0.81              
2992              5.0        0.02                   1734            500000.0      17.15             2.43              0.81              
2993              5.0        0.02                   1735            500000.0      17.15             2.43              0.81              
2994              5.0        0.02                   1736            500000.0      17.15             2.43              0.81              
2995              5.0        0.02                   1737            500000.0      17.15             2.43              0.81              
2996              5.0        0.02                   1738            500000.0      17.15             2.43              0.81              
2997              5.0        0.02                   1739            500000.0      17.15             2.43              0.81              
2998              5.0        0.02                   1740            500000.0      17.15             2.43              0.81              
2999              5.0        0.02                   1741            500000.0      17.15             2.43              0.81              
3000              5.0        0.02                   1742            500000.0      17.15             2.43              0.81              
3001              5.0        0.02                   1743            500000.0      17.15             2.43              0.81              
3002              5.0        0.02                   1744            500000.0      17.15             2.43              0.81              
3003              5.0        0.02                   1745            500000.0      17.15             2.43              0.81              
3004              5.0        0.02                   1746            500000.0      17.15             2.43              0.81              
3005              5.0        0.02                   1747            500000.0      17.15             2.43              0.81              
3006              5.0        0.02                   1748            500000.0      17.15             2.43              0.81              
3007              5.0        0.02                   1749            500000.0      17.15             2.43              0.81              
3008              5.0        0.02                   1750            500000.0      17.15             2.43              0.81              
3009              5.0        0.02                   1751            500000.0      17.15             2.43              0.81              
3010              5.0        0.02                   1752            500000.0      17.15             2.43              0.81              
3011              5.0        0.02                   1753            500000.0      17.15             2.43              0.81              
3012              5.0        0.02                   1754            500000.0      17.15             2.43              0.81              
3013              5.0        0.02                   1755            500000.0      17.15             2.43              0.81              
3014              5.0        0.02                   1756            500000.0      17.15             2.43              0.81              
3015              5.0        0.02                   1757            500000.0      17.15             2.43              0.81              
3016              5.0        0.02                   1758            500000.0      17.15             2.43              0.81              
3017              5.0        0.02                   1759            500000.0      17.15             2.43              0.81              
3018              5.0        0.02                   1760            500000.0      17.15             2.43              0.81              
3019              5.0        0.02                   1761            500000.0      17.15             2.43              0.81              
3020              5.0        0.02                   1762            500000.0      17.15             2.43              0.81              
3021              5.0        0.02                   1763            500000.0      17.15             2.43              0.81              
3022              5.0        0.02                   1764            500000.0      17.15             2.43              0.81              
3023              5.0        0.02                   1765            500000.0      17.15             2.43              0.81              
3024              5.0        0.02                   1766            500000.0      17.15             2.43              0.81              
3025              5.0        0.02                   1767            500000.0      17.15             2.43              0.81              
3026              5.0        0.02                   1768            500000.0      17.15             2.43              0.81              
3027              5.0        0.02                   1769            500000.0      17.15             2.43              0.81              
3028              5.0        0.02                   1770            500000.0      17.15             2.43              0.81              
3029              5.0        0.02                   1771            500000.0      17.15             2.43              0.81              
3030              5.0        0.02                   1772            500000.0      17.15             2.43              0.81              
3031              5.0        0.02                   1773            500000.0      17.15             2.43              0.81              
3032              5.0        0.02                   1774            500000.0      17.15             2.43              0.81              
3033              5.0        0.02                   1775            500000.0      17.15             2.43              0.81              
3034              5.0        0.02                   1776            500000.0      17.15             2.43              0.81              
3035              5.0        0.02                   1777            500000.0      17.15             2.43              0.81              
3036              5.0        0.02                   1778            500000.0      17.15             2.43              0.81              
3037              5.0        0.02                   1779            500000.0      17.15             2.43              0.81              
3038              5.0        0.02                   1780            500000.0      17.15             2.43              0.81              
3039              5.0        0.02                   1781            500000.0      17.15             2.43              0.81              
3040              5.0        0.02                   1782            500000.0      17.15             2.43              0.81              
3041              5.0        0.02                   1783            500000.0      17.15             2.43              0.81              
3042              5.0        0.02                   1784            500000.0      17.15             2.43              0.81              
3043              5.0        0.02                   1785            500000.0      17.15             2.43              0.81              
3044              5.0        0.02                   1786            500000.0      17.15             2.43              0.81              
3045              5.0        0.02                   1787            500000.0      17.15             2.43              0.81              
3046              5.0        0.02                   1788            500000.0      17.15             2.43              0.81              
3047              5.0        0.02                   1789            500000.0      17.15             2.43              0.81              
3048              5.0        0.02                   1790            500000.0      17.15             2.43              0.81              
3049              5.0        0.02                   1791            500000.0      17.15             2.43              0.81              
3050              5.0        0.02                   1792            500000.0      17.15             2.43              0.81              
3051              5.0        0.02                   1793            500000.0      17.15             2.43              0.81              
3052              5.0        0.02                   1794            500000.0      17.15             2.43              0.81              
3053              5.0        0.02                   1795            500000.0      17.15             2.43              0.81              
3054              5.0        0.02                   1796            500000.0      17.15             2.43              0.81              
3055              5.0        0.02                   1797            500000.0      17.15             2.43              0.81              
3056              5.0        0.02                   1798            500000.0      17.15             2.43              0.81              
3057              5.0        0.02                   1799            500000.0      17.15             2.43              0.81              
3058              5.0        0.02                   1800            500000.0      17.15             2.43              0.81              
3059              5.0        0.02                   1801            500000.0      17.15             2.43              0.81              
3060              5.0        0.02                   1802            500000.0      17.15             2.43              0.81              
3061              5.0        0.02                   1803            500000.0      17.15             2.43              0.81              
3062              5.0        0.02                   1804            500000.0      17.15             2.43              0.81              
3063              5.0        0.02                   1805            500000.0      17.15             2.43              0.81              
3064              5.0        0.02                   1806            500000.0      17.15             2.43              0.81              
3065              5.0        0.02                   1807            500000.0      17.15             2.43              0.81              
3066              5.0        0.02                   1808            500000.0      17.15             2.43              0.81              
3067              5.0        0.02                   1809            500000.0      17.15             2.43              0.81              
3068              5.0        0.02                   1810            500000.0      17.15             2.43              0.81              
3069              5.0        0.02                   1811            500000.0      17.15             2.43              0.81              
3070              5.0        0.02                   1812            500000.0      17.15             2.43              0.81              
3071              5.0        0.02                   1813            500000.0      17.15             2.43              0.81              
3072              5.0        0.02                   1814            500000.0      17.15             2.43              0.81              
3073              5.0        0.02                   1815            500000.0      17.15             2.43              0.81              
3074              5.0        0.02                   1816            500000.0      17.15             2.43              0.81              
3075              5.0        0.02                   1817            500000.0      17.15             2.43              0.81              
3076              5.0        0.02                   1818            500000.0      17.15             2.43              0.81              
3077              5.0        0.02                   1819            500000.0      17.15             2.43              0.81              
3078              5.0        0.02                   1820            500000.0      17.15             2.43              0.81              
3079              5.0        0.02                   1821            500000.0      17.15             2.43              0.81              
3080              5.0        0.02                   1822            500000.0      17.15             2.43              0.81              
3081              5.0        0.02                   1823            500000.0      17.15             2.43              0.81              
3082              5.0        0.02                   1824            500000.0      17.15             2.43              0.81              
3083              5.0        0.02                   1825            500000.0      17.15             2.43              0.81              
3084              5.0        0.02                   1826            500000.0      17.15             2.43              0.81              
3085              5.0        0.02                   1827            500000.0      17.15             2.43              0.81              
3086              5.0        0.02                   1828            500000.0      17.15             2.43              0.81              
3087              5.0        0.02                   1829            500000.0      17.15             2.43              0.81              
3088              5.0        0.02                   1830            500000.0      17.15             2.43              0.81              
3089              5.0        0.02                   1831            500000.0      17.15             2.43              0.81              
3090              5.0        0.02                   1832            500000.0      17.15             2.43              0.81              
3091              5.0        0.02                   1833            500000.0      17.15             2.43              0.81              
3092              5.0        0.02                   1834            500000.0      17.15             2.43              0.81              
3093              5.0        0.02                   1835            500000.0      17.15             2.43              0.81              
3094              5.0        0.02                   1836            500000.0      17.15             2.43              0.81              
3095              5.0        0.02                   1837            500000.0      17.15             2.43              0.81              
3096              5.0        0.02                   1838            500000.0      17.15             2.43              0.81              
3097              5.0        0.02                   1839            500000.0      17.15             2.43              0.81              
3098              5.0        0.02                   1840            500000.0      17.15             2.43              0.81              
3099              5.0        0.02                   1841            500000.0      17.15             2.43              0.81              
3100              5.0        0.02                   1842            500000.0      17.15             2.43              0.81              
3101              5.0        0.02                   1843            500000.0      17.15             2.43              0.81              
3102              5.0        0.02                   1844            500000.0      17.15             2.43              0.81              
3103              5.0        0.02                   1845            500000.0      17.15             2.43              0.81              
3104              5.0        0.02                   1846            500000.0      17.15             2.43              0.81              
3105              5.0        0.02                   1847            500000.0      17.15             2.43              0.81              
3106              5.0        0.02                   1848            500000.0      17.15             2.43              0.81              
3107              5.0        0.02                   1849            500000.0      17.15             2.43              0.81              
3108              5.0        0.02                   1850            500000.0      17.15             2.43              0.81              
3109              5.0        0.02                   1851            500000.0      17.15             2.43              0.81              
3110              5.0        0.02                   1852            500000.0      17.15             2.43              0.81              
3111              5.0        0.02                   1853            500000.0      17.15             2.43              0.81              
3112              5.0        0.02                   1854            500000.0      17.15             2.43              0.81              
3113              5.0        0.02                   1855            500000.0      17.15             2.43              0.81              
3114              5.0        0.02                   1856            500000.0      17.15             2.43              0.81              
3115              5.0        0.02                   1857            500000.0      17.15             2.43              0.81              
3116              5.0        0.02                   1858            500000.0      17.15             2.43              0.81              
3117              5.0        0.02                   1859            500000.0      17.15             2.43              0.81              
3118              5.0        0.02                   1860            500000.0      17.15             2.43              0.81              
3119              5.0        0.02                   1861            500000.0      17.15             2.43              0.81              
3120              5.0        0.02                   1862            500000.0      17.15             2.43              0.81              
3121              5.0        0.02                   1863            500000.0      17.15             2.43              0.81              
3122              5.0        0.02                   1864            500000.0      17.15             2.43              0.81              
3123              5.0        0.02                   1865            500000.0      17.15             2.43              0.81              
3124              5.0        0.02                   1866            500000.0      17.15             2.43              0.81              
3125              5.0        0.02                   1867            500000.0      17.15             2.43              0.81              
3126              5.0        0.02                   1868            500000.0      17.15             2.43              0.81              
3127              5.0        0.02                   1869            500000.0      17.15             2.43              0.81              
3128              5.0        0.02                   1870            500000.0      17.15             2.43              0.81              
3129              5.0        0.02                   1871            500000.0      17.15             2.43              0.81              
3130              5.0        0.02                   1872            500000.0      17.15             2.43              0.81              
3131              5.0        0.02                   1873            500000.0      17.15             2.43              0.81              
3132              5.0        0.02                   1874            500000.0      17.15             2.43              0.81              
3133              5.0        0.02                   1875            500000.0      17.15             2.43              0.81              
3134              5.0        0.02                   1876            500000.0      17.15             2.43              0.81              
3135              5.0        0.02                   1877            500000.0      17.15             2.43              0.81              
3136              5.0        0.02                   1878            500000.0      17.15             2.43              0.81              
3137              5.0        0.02                   1879            500000.0      17.15             2.43              0.81              
3138              5.0        0.02                   1880            500000.0      17.15             2.43              0.81              
3139              5.0        0.02                   1881            500000.0      17.15             2.43              0.81              
3140              5.0        0.02                   1882            500000.0      17.15             2.43              0.81              
3141              5.0        0.02                   1883            500000.0      17.15             2.43              0.81              
3142              5.0        0.02                   1884            500000.0      17.15             2.43              0.81              
3143              5.0        0.02                   1885            500000.0      17.15             2.43              0.81              
3144              5.0        0.02                   1886            500000.0      17.15             2.43              0.81              
3145              5.0        0.02                   1887            500000.0      17.15             2.43              0.81              
3146              5.0        0.02                   1888            500000.0      17.15             2.43              0.81              
3147              5.0        0.02                   1889            500000.0      17.15             2.43              0.81              
3148              5.0        0.02                   1890            500000.0      17.15             2.43              0.81              
3149              5.0        0.02                   1891            500000.0      17.15             2.43              0.81              
3150              5.0        0.02                   1892            500000.0      17.15             2.43              0.81              
3151              5.0        0.02                   1893            500000.0      17.15             2.43              0.81              
3152              5.0        0.02                   1894            500000.0      17.15             2.43              0.81              
3153              5.0        0.02                   1895            500000.0      17.15             2.43              0.81              
3154              5.0        0.02                   1896            500000.0      17.15             2.43              0.81              
3155              5.0        0.02                   1897            500000.0      17.15             2.43              0.81              
3156              5.0        0.02                   1898            500000.0      17.15             2.43              0.81              
3157              5.0        0.02                   1899            500000.0      17.15             2.43              0.81              
3158              5.0        0.02                   1900            500000.0      17.15             2.43              0.81              
3159              5.0        0.02                   1901            500000.0      17.15             2.43              0.81              
3160              5.0        0.02                   1902            500000.0      17.15             2.43              0.81              
3161              5.0        0.02                   1903            500000.0      17.15             2.43              0.81              
3162              5.0        0.02                   1904            500000.0      17.15             2.43              0.81              
3163              5.0        0.02                   1905            500000.0      17.15             2.43              0.81              
3164              5.0        0.02                   1906            500000.0      17.15             2.43              0.81              
3165              5.0        0.02                   1907            500000.0      17.15             2.43              0.81              
3166              5.0        0.02                   1908            500000.0      17.15             2.43              0.81              
3167              5.0        0.02                   1909            500000.0      17.15             2.43              0.81              
3168              5.0        0.02                   1910            500000.0      17.15             2.43              0.81              
3169              5.0        0.02                   1911            500000.0      17.15             2.43              0.81              
3170              5.0        0.02                   1912            500000.0      17.15             2.43              0.81              
3171              5.0        0.02                   1913            500000.0      17.15             2.43              0.81              
3172              5.0        0.02                   1914            500000.0      17.15             2.43              0.81              
3173              5.0        0.02                   1915            500000.0      17.15             2.43              0.81              
3174              5.0        0.02                   1916            500000.0      17.15             2.43              0.81              
3175              5.0        0.02                   1917            500000.0      17.15             2.43              0.81              
3176              5.0        0.02                   1918            500000.0      17.15             2.43              0.81              
3177              5.0        0.02                   1919            500000.0      17.15             2.43              0.81              
3178              5.0        0.02                   1920            500000.0      17.15             2.43              0.81              
3179              5.0        0.02                   1921            500000.0      17.15             2.43              0.81              
3180              5.0        0.02                   1922            500000.0      17.15             2.43              0.81              
3181              5.0        0.02                   1923            500000.0      17.15             2.43              0.81              
3182              5.0        0.02                   1924            500000.0      17.15             2.43              0.81              
3183              5.0        0.02                   1925            500000.0      17.15             2.43              0.81              
3184              5.0        0.02                   1926            500000.0      17.15             2.43              0.81              
3185              5.0        0.02                   1927            500000.0      17.15             2.43              0.81              
3186              5.0        0.02                   1928            500000.0      17.15             2.43              0.81              
3187              5.0        0.02                   1929            500000.0      17.15             2.43              0.81              
3188              5.0        0.02                   1930            500000.0      17.15             2.43              0.81              
3189              5.0        0.02                   1931            500000.0      17.15             2.43              0.81              
3190              5.0        0.02                   1932            500000.0      17.15             2.43              0.81              
3191              5.0        0.02                   1933            500000.0      17.15             2.43              0.81              
3192              5.0        0.02                   1934            500000.0      17.15             2.43              0.81              
3193              5.0        0.02                   1935            500000.0      17.15             2.43              0.81              
3194              5.0        0.02                   1936            500000.0      17.15             2.43              0.81              
3195              5.0        0.02                   1937            500000.0      17.15             2.43              0.81              
3196              5.0        0.02                   1938            500000.0      17.15             2.43              0.81              
3197              5.0        0.02                   1939            500000.0      17.15             2.43              0.81              
3198              5.0        0.02                   1940            500000.0      17.15             2.43              0.81              
3199              5.0        0.02                   1941            500000.0      17.15             2.43              0.81              
3200              5.0        0.02                   1942            500000.0      17.15             2.43              0.81              
3201              5.0        0.02                   1943            500000.0      17.15             2.43              0.81              
3202              5.0        0.02                   1944            500000.0      17.15             2.43              0.81              
3203              5.0        0.02                   1945            500000.0      17.15             2.43              0.81              
3204              5.0        0.02                   1946            500000.0      17.15             2.43              0.81              
3205              5.0        0.02                   1947            500000.0      17.15             2.43              0.81              
3206              5.0        0.02                   1948            500000.0      17.15             2.43              0.81              
3207              5.0        0.02                   1949            500000.0      17.15             2.43              0.81              
3208              5.0        0.02                   1950            500000.0      17.15             2.43              0.81              
3209              5.0        0.02                   1951            500000.0      17.15             2.43              0.81              
3210              5.0        0.02                   1952            500000.0      17.15             2.43              0.81              
3211              5.0        0.02                   1953            500000.0      17.15             2.43              0.81              
3212              5.0        0.02                   1954            500000.0      17.15             2.43              0.81              
3213              5.0        0.02                   1955            500000.0      17.15             2.43              0.81              
3214              5.0        0.02                   1956            500000.0      17.15             2.43              0.81              
3215              5.0        0.02                   1957            500000.0      17.15             2.43              0.81              
3216              5.0        0.02                   1958            500000.0      17.15             2.43              0.81              
3217              5.0        0.02                   1959            500000.0      17.15             2.43              0.81              
3218              5.0        0.02                   1960            500000.0      17.15             2.43              0.81              
3219              5.0        0.02                   1961            500000.0      17.15             2.43              0.81              
3220              5.0        0.02                   1962            500000.0      17.15             2.43              0.81              
3221              5.0        0.02                   1963            500000.0      17.15             2.43              0.81              
3222              5.0        0.02                   1964            500000.0      17.15             2.43              0.81              
3223              5.0        0.02                   1965            500000.0      17.15             2.43              0.81              
3224              5.0        0.02                   1966            500000.0      17.15             2.43              0.81              
3225              5.0        0.02                   1967            500000.0      17.15             2.43              0.81              
3226              5.0        0.02                   1968            500000.0      17.15             2.43              0.81              
3227              5.0        0.02                   1969            500000.0      17.15             2.43              0.81              
3228              5.0        0.02                   1970            500000.0      17.15             2.43              0.81              
3229              5.0        0.02                   1971            500000.0      17.15             2.43              0.81              
3230              5.0        0.02                   1972            500000.0      17.15             2.43              0.81              
3231              5.0        0.02                   1973            500000.0      17.15             2.43              0.81              
3232              5.0        0.02                   1974            500000.0      17.15             2.43              0.81              
3233              5.0        0.02                   1975            500000.0      17.15             2.43              0.81              
3234              5.0        0.02                   1976            500000.0      17.15             2.43              0.81              
3235              5.0        0.02                   1977            500000.0      17.15             2.43              0.81              
3236              5.0        0.02                   1978            500000.0      17.15             2.43              0.81              
3237              5.0        0.02                   1979            500000.0      17.15             2.43              0.81              
3238              5.0        0.02                   1980            500000.0      17.15             2.43              0.81              
3239              5.0        0.02                   1981            500000.0      17.15             2.43              0.81              
3240              5.0        0.02                   1982            500000.0      17.15             2.43              0.81              
3241              5.0        0.02                   1983            500000.0      17.15             2.43              0.81              
3242              5.0        0.02                   1984            500000.0      17.15             2.43              0.81              
3243              5.0        0.02                   1985            500000.0      17.15             2.43              0.81              
3244              5.0        0.02                   1986            500000.0      17.15             2.43              0.81              
3245              5.0        0.02                   1987            500000.0      17.15             2.43              0.81              
3246              5.0        0.02                   1988            500000.0      17.15             2.43              0.81              
3247              5.0        0.02                   1989            500000.0      17.15             2.43              0.81              
3248              5.0        0.02                   1990            500000.0      17.15             2.43              0.81              
3249              5.0        0.02                   1991            500000.0      17.15             2.43              0.81              
3250              5.0        0.02                   1992            500000.0      17.15             2.43              0.81              
3251              5.0        0.02                   1993            500000.0      17.15             2.43              0.81              
3252              5.0        0.02                   1994            500000.0      17.15             2.43              0.81              
3253              5.0        0.02                   1995            500000.0      17.15             2.43              0.81              
3254              5.0        0.02                   1996            500000.0      17.15             2.43              0.81              
3255              5.0        0.02                   1997            500000.0      17.15             2.43              0.81              
3256              5.0        0.02                   1998            500000.0      17.15             2.43              0.81              
3257              5.0        0.02                   1999            500000.0      17.15             2.43              0.81              
3258              5.0        0.02                   2000            500000.0      17.15             2.43              0.81              
3259              5.0        0.02                   2001            500000.0      17.15             2.43              0.81              
3260              5.0        0.02                   2002            500000.0      17.15             2.43              0.81              
3261              5.0        0.02                   2003            500000.0      17.15             2.43              0.81              
3262              5.0        0.02                   2004            500000.0      17.15             2.43              0.81              
3263              5.0        0.02                   2005            500000.0      17.15             2.43              0.81              
3264              5.0        0.02                   2006            500000.0      17.15             2.43              0.81              
3265              5.0        0.02                   2007            500000.0      17.15             2.43              0.81              
3266              5.0        0.02                   2008            500000.0      17.15             2.43              0.81              
3267              5.0        0.02                   2009            500000.0      17.15             2.43              0.81              
3268              5.0        0.02                   2010            500000.0      17.15             2.43              0.81              
3269              5.0        0.02                   2011            500000.0      17.15             2.43              0.81              
3270              5.0        0.02                   2012            500000.0      17.15             2.43              0.81              
3271              5.0        0.02                   2013            500000.0      17.15             2.43              0.81              
3272              5.0        0.02                   2014            500000.0      17.15             2.43              0.81              
3273              5.0        0.02                   2015            500000.0      17.15             2.43              0.81              
3274              5.0        0.02                   2016            500000.0      17.15             2.43              0.81              
3275              5.0        0.02                   2017            500000.0      17.15             2.43              0.81              
3276              5.0        0.02                   2018            500000.0      17.15             2.43              0.81              
3277              5.0        0.02                   2019            500000.0      17.15             2.43              0.81              
3278              5.0        0.02                   2020            500000.0      17.15             2.43              0.81              
3279              5.0        0.02                   2021            500000.0      17.15             2.43              0.81              
3280              5.0        0.02                   2022            500000.0      17.15             2.43              0.81              
3281              5.0        0.02                   2023            500000.0      17.15             2.43              0.81              
3282              5.0        0.02                   2024            500000.0      17.15             2.43              0.81              
3283              5.0        0.02                   2025            500000.0      17.15             2.43              0.81              
3284              5.0        0.02                   2026            500000.0      17.15             2.43              0.81              
3285              5.0        0.02                   2027            500000.0      17.15             2.43              0.81              
3286              5.0        0.02                   2028            500000.0      17.15             2.43              0.81              
3287              5.0        0.02                   2029            500000.0      17.15             2.43              0.81              
3288              5.0        0.02                   2030            500000.0      17.15             2.43              0.81              
3289              5.0        0.02                   2031            500000.0      17.15             2.43              0.81              
3290              5.0        0.02                   2032            500000.0      17.15             2.43              0.81              
3291              5.0        0.02                   2033            500000.0      17.15             2.43              0.81              
3292              5.0        0.02                   2034            500000.0      17.15             2.43              0.81              
3293              5.0        0.02                   2035            500000.0      17.15             2.43              0.81              
3294              5.0        0.02                   2036            500000.0      17.15             2.43              0.81              
3295              5.0        0.02                   2037            500000.0      17.15             2.43              0.81              
3296              5.0        0.02                   2038            500000.0      17.15             2.43              0.81              
3297              5.0        0.02                   2039            500000.0      17.15             2.43              0.81              
3298              5.0        0.02                   2040            500000.0      17.15             2.43              0.81              
3299              5.0        0.02                   2041            500000.0      17.15             2.43              0.81              
3300              5.0        0.02                   2042            500000.0      17.15             2.43              0.81              
3301              5.0        0.02                   2043            500000.0      17.15             2.43              0.81              
3302              5.0        0.02                   2044            500000.0      17.15             2.43              0.81              
3303              5.0        0.02                   2045            500000.0      17.15             2.43              0.81              
3304              5.0        0.02                   2046            500000.0      17.15             2.43              0.81              
3305              5.0        0.02                   2047            500000.0      17.15             2.43              0.81              
3306              5.0        0.02                   2048            500000.0      17.15             2.43              0.81              
3307              5.0        0.02                   2049            500000.0      17.15             2.43              0.81              
3308              5.0        0.02                   2050            500000.0      17.15             2.43              0.81              
3309              5.0        0.02                   2051            500000.0      17.15             2.43              0.81              
3310              5.0        0.02                   2052            500000.0      17.15             2.43              0.81              
3311              5.0        0.02                   2053            500000.0      17.15             2.43              0.81              
3312              5.0        0.02                   2054            500000.0      17.15             2.43              0.81              
3313              5.0        0.02                   2055            500000.0      17.15             2.43              0.81              
3314              5.0        0.02                   2056            500000.0      17.15             2.43              0.81              
3315              5.0        0.02                   2057            500000.0      17.15             2.43              0.81              
3316              5.0        0.02                   2058            500000.0      17.15             2.43              0.81              
3317              5.0        0.02                   2059            500000.0      17.15             2.43              0.81              
3318              5.0        0.02                   2060            500000.0      17.15             2.43              0.81              
3319              5.0        0.02                   2061            500000.0      17.15             2.43              0.81              
3320              5.0        0.02                   2062            500000.0      17.15             2.43              0.81              
3321              5.0        0.02                   2063            500000.0      17.15             2.43              0.81              
3322              5.0        0.02                   2064            500000.0      17.15             2.43              0.81              
3323              5.0        0.02                   2065            500000.0      17.15             2.43              0.81              
3324              5.0        0.02                   2066            500000.0      17.15             2.43              0.81              
3325              5.0        0.02                   2067            500000.0      17.15             2.43              0.81              
3326              5.0        0.02                   2068            500000.0      17.15             2.43              0.81              
3327              5.0        0.02                   2069            500000.0      17.15             2.43              0.81              
3328              5.0        0.02                   2070            500000.0      17.15             2.43              0.81              
3329              5.0        0.02                   2071            500000.0      17.15             2.43              0.81              
3330              5.0        0.02                   2072            500000.0      17.15             2.43              0.81              
3331              5.0        0.02                   2073            500000.0      17.15             2.43              0.81              
3332              5.0        0.02                   2074            500000.0      17.15             2.43              0.81              
3333              5.0        0.02                   2075            500000.0      17.15             2.43              0.81              
3334              5.0        0.02                   2076            500000.0      17.15             2.43              0.81              
3335              5.0        0.02                   2077            500000.0      17.15             2.43              0.81              
3336              5.0        0.02                   2078            500000.0      17.15             2.43              0.81              
3337              5.0        0.02                   2079            500000.0      17.15             2.43              0.81              
3338              5.0        0.02                   2080            500000.0      17.15             2.43              0.81              
3339              5.0        0.02                   2081            500000.0      17.15             2.43              0.81              
3340              5.0        0.02                   2082            500000.0      17.15             2.43              0.81              
3341              5.0        0.02                   2083            500000.0      17.15             2.43              0.81              
3342              5.0        0.02                   2084            500000.0      17.15             2.43              0.81              
3343              5.0        0.02                   2085            500000.0      17.15             2.43              0.81              
3344              5.0        0.02                   2086            500000.0      17.15             2.43              0.81              
3345              5.0        0.02                   2087            500000.0      17.15             2.43              0.81              
3346              5.0        0.02                   2088            500000.0      17.15             2.43              0.81              
3347              5.0        0.02                   2089            500000.0      17.15             2.43              0.81              
3348              5.0        0.02                   2090            500000.0      17.15             2.43              0.81              
3349              5.0        0.02                   2091            500000.0      17.15             2.43              0.81              
3350              5.0        0.02                   2092            500000.0      17.15             2.43              0.81              
3351              5.0        0.02                   2093            500000.0      17.15             2.43              0.81              
3352              5.0        0.02                   2094            500000.0      17.15             2.43              0.81              
3353              5.0        0.02                   2095            500000.0      17.15             2.43              0.81              
3354              5.0        0.02                   2096            500000.0      17.15             2.43              0.81              
3355              5.0        0.02                   2097            500000.0      17.15             2.43              0.81              
3356              5.0        0.02                   2098            500000.0      17.15             2.43              0.81              
3357              5.0        0.02                   2099            500000.0      17.15             2.43              0.81              
3358              5.0        0.02                   2100            500000.0      17.15             2.43              0.81              
3359              5.0        0.02                   2100            500000.0      17.15             2.43              0.81              
3360              5.0        0.02                   2125            500000.0      17.15             2.43              0.81              
3361              5.0        0.02                   2150            500000.0      17.15             2.43              0.81              
3362              5.0        0.02                   2175            500000.0      17.15             2.43              0.81              
3363              5.0        0.02                   2200            500000.0      17.15             2.43              0.81              
3364              5.0        0.02                   2225            500000.0      17.15             2.43              0.81              
3365              5.0        0.02                   2250            500000.0      17.15             2.43              0.81              
3366              5.0        0.02                   2275            500000.0      17.15             2.43              0.81              
3367              5.0        0.02                   2300            500000.0      17.15             2.43              0.81              
3368              5.0        0.02                   2325            500000.0      17.15             2.43              0.81              
3369              5.0        0.02                   2350            500000.0      17.15             2.43              0.81              
3370              5.0        0.02                   2375            500000.0      17.15             2.43              0.81              
3371              5.0        0.02                   2400            500000.0      17.15             2.43              0.81              
3372              5.0        0.02                   2425            500000.0      17.15             2.43              0.81              
3373              5.0        0.02                   2450            500000.0      17.15             2.43              0.81              
3374              5.0        0.02                   2475            500000.0      17.15             2.43              0.81              
3375              5.0        0.02                   2500            500000.0      17.15             2.43              0.81              
3376              5.0        0.02                   2525            500000.0      17.15             2.43              0.81              
3377              5.0        0.02                   2550            500000.0      17.15             2.43              0.81              
3378              5.0        0.02                   2575            500000.0      17.15             2.43              0.81              
3379              5.0        0.02                   2600            500000.0      17.15             2.43              0.81              
3380              5.0        0.02                   2625            500000.0      17.15             2.43              0.81              
3381              5.0        0.02                   2650            500000.0      17.15             2.43              0.81              
3382              5.0        0.02                   2675            500000.0      17.15             2.43              0.81              
3383              5.0        0.02                   2700            500000.0      17.15             2.43              0.81              
3384              5.0        0.02                   2725            500000.0      17.15             2.43              0.81              
3385              5.0        0.02                   2750            500000.0      17.15             2.43              0.81              
3386              5.0        0.02                   2775            500000.0      17.15             2.43              0.81              
3387              5.0        0.02                   2800            500000.0      17.15             2.43              0.81              
3388              5.0        0.02                   2825            500000.0      17.15             2.43              0.81              
3389              5.0        0.02                   2850            500000.0      17.15             2.43              0.81              
3390              5.0        0.02                   2875            500000.0      17.15             2.43              0.81              
3391              5.0        0.02                   2900            500000.0      17.15             2.43              0.81              
3392              5.0        0.02                   2925            500000.0      17.15             2.43              0.81              
3393              5.0        0.02                   2950            500000.0      17.15             2.43              0.81              
3394              5.0        0.02                   2975            500000.0      17.15             2.43              0.81              
3395              5.0        0.02                   3000            500000.0      17.15             2.43              0.81              
3396              5.0        0.02                   3025            500000.0      17.15             2.43              0.81              
3397              5.0        0.02                   3050            500000.0      17.15             2.43              0.81              
3398              5.0        0.02                   3075            500000.0      17.15             2.43              0.81              
3399              5.0        0.02                   3100            500000.0      17.15             2.43              0.81              
3400              5.0        0.02                   3125            500000.0      17.15             2.43              0.81              
3401              5.0        0.02                   3150            500000.0      17.15             2.43              0.81              
3402              5.0        0.02                   3175            500000.0      17.15             2.43              0.81              
3403              5.0        0.02                   3200            500000.0      17.15             2.43              0.81              
3404              5.0        0.02                   3225            500000.0      17.15             2.43              0.81              
3405              5.0        0.02                   3250            500000.0      17.15             2.43              0.81              
3406              5.0        0.02                   3275            500000.0      17.15             2.43              0.81              
3407              5.0        0.02                   3300            500000.0      17.15             2.43              0.81              
3408              5.0        0.02                   3325            500000.0      17.15             2.43              0.81              
3409              5.0        0.02                   3350            500000.0      17.15             2.43              0.81              
3410              5.0        0.02                   3375            500000.0      17.15             2.43              0.81              
3411              5.0        0.02                   3400            500000.0      17.15             2.43              0.81              
3412              5.0        0.02                   3425            500000.0      17.15             2.43              0.81              
3413              5.0        0.02                   3450            500000.0      17.15             2.43              0.81              
3414              5.0        0.02                   3475            500000.0      17.15             2.43              0.81              
3415              5.0        0.02                   3500            500000.0      17.15             2.43              0.81              
3416              5.0        0.02                   3525            500000.0      17.15             2.43              0.81              
3417              5.0        0.02                   3550            500000.0      17.15             2.43              0.81              
3418              5.0        0.02                   3575            500000.0      17.15             2.43              0.81              
3419              5.0        0.02                   3600            500000.0      17.15             2.43              0.81              
3420              5.0        0.02                   3625            500000.0      17.15             2.43              0.81              
3421              5.0        0.02                   3650            500000.0      17.15             2.43              0.81              
3422              5.0        0.02                   3675            500000.0      17.15             2.43              0.81              
3423              5.0        0.02                   3700            500000.0      17.15             2.43              0.81              
3424              5.0        0.02                   3725            500000.0      17.15             2.43              0.81              
3425              5.0        0.02                   3750            500000.0      17.15             2.43              0.81              
3426              5.0        0.02                   3775            500000.0      17.15             2.43              0.81              
3427              5.0        0.02                   3800            500000.0      17.15             2.43              0.81              
3428              5.0        0.02                   3825            500000.0      17.15             2.43              0.81              
3429              5.0        0.02                   3850            500000.0      17.15             2.43              0.81              
3430              5.0        0.02                   3875            500000.0      17.15             2.43              0.81              
3431              5.0        0.02                   3900            500000.0      17.15             2.43              0.81              
3432              5.0        0.02                   3925            500000.0      17.15             2.43              0.81              
3433              5.0        0.02                   3950            500000.0      17.15             2.43              0.81              
3434              5.0        0.02                   3975            500000.0      17.15             2.43              0.81              
3435              5.0        0.02                   4000            500000.0      17.15             2.43              0.81              
3436              5.0        0.02                   4025            500000.0      17.15             2.43              0.81              
3437              5.0        0.02                   4050            500000.0      17.15             2.43              0.81              
3438              5.0        0.02                   4075            500000.0      17.15             2.43              0.81              
3439              5.0        0.02                   4100            500000.0      17.15             2.43              0.81              
3440              5.0        0.02                   4125            500000.0      17.15             2.43              0.81              
3441              5.0        0.02                   4150            500000.0      17.15             2.43              0.81              
3442              5.0        0.02                   4175            500000.0      17.15             2.43              0.81              
3443              5.0        0.02                   4200            500000.0      17.15             2.43              0.81              
3444              5.0        0.02                   4225            500000.0      17.15             2.43              0.81              
3445              5.0        0.02                   4250            500000.0      17.15             2.43              0.81              
3446              5.0        0.02                   4275            500000.0      17.15             2.43              0.81              
3447              5.0        0.02                   4300            500000.0      17.15             2.43              0.81              
3448              5.0        0.02                   4325            500000.0      17.15             2.43              0.81              
3449              5.0        0.02                   4350            500000.0      17.15             2.43              0.81              
3450              5.0        0.02                   4375            500000.0      17.15             2.43              0.81              
3451              5.0        0.02                   4400            500000.0      17.15             2.43              0.81              
3452              5.0        0.02                   4425            500000.0      17.15             2.43              0.81              
3453              5.0        0.02                   4450            500000.0      17.15             2.43              0.81              
3454              5.0        0.02                   4475            500000.0      17.15             2.43              0.81              
3455              5.0        0.02                   4500            500000.0      17.15             2.43              0.81              
3456              5.0        0.02                   4525            500000.0      17.15             2.43              0.81              
3457              5.0        0.02                   4550            500000.0      17.15             2.43              0.81              
3458              5.0        0.02                   4575            500000.0      17.15             2.43              0.81              
3459              5.0        0.02                   4600            500000.0      17.15             2.43              0.81              
3460              5.0        0.02                   4625            500000.0      17.15             2.43              0.81              
3461              5.0        0.02                   4650            500000.0      17.15             2.43              0.81              
3462              5.0        0.02                   4675            500000.0      17.15             2.43              0.81              
3463              5.0        0.02                   4700            500000.0      17.15             2.43              0.81              
3464              5.0        0.02                   4725            500000.0      17.15             2.43              0.81              
3465              5.0        0.02                   4750            500000.0      17.15             2.43              0.81              
3466              5.0        0.02                   4775            500000.0      17.15             2.43              0.81              
3467              5.0        0.02                   4800            500000.0      17.15             2.43              0.81              
3468              5.0        0.02                   4825            500000.0      17.15             2.43              0.81              
3469              5.0        0.02                   4850            500000.0      17.15             2.43              0.81              
3470              5.0        0.02                   4875            500000.0      17.15             2.43              0.81              
3471              5.0        0.02                   4900            500000.0      17.15             2.43              0.81              
3472              5.0        0.02                   4925            500000.0      17.15             2.43              0.81              
3473              5.0        0.02                   4950            500000.0      17.15             2.43              0.81              
3474              5.0        0.02                   4975            500000.0      17.15             2.43              0.81              
3475              5.0        0.02                   5000            500000.0      17.15             2.43              0.81              
3476              5.0        0.02                   5025            500000.0      17.15             2.43              0.81              
3477              5.0        0.02                   5050            500000.0      17.15             2.43              0.81              
3478              5.0        0.02                   5075            500000.0      17.15             2.43              0.81              
3479              5.0        0.02                   5100            500000.0      17.15             2.43              0.81              
3480              5.0        0.02                   5125            500000.0      17.15             2.43              0.81              
3481              5.0        0.02                   5150            500000.0      17.15             2.43              0.81              
3482              5.0        0.02                   5175            500000.0      17.15             2.43              0.81              
3483              5.0        0.02                   5200            500000.0      17.15             2.43              0.81              
3484              5.0        0.02                   5225            500000.0      17.15             2.43              0.81              
3485              5.0        0.02                   5250            500000.0      17.15             2.43              0.81              
3486              5.0        0.02                   5275            500000.0      17.15             2.43              0.81              
3487              5.0        0.02                   5300            500000.0      17.15             2.43              0.81              
3488              5.0        0.02                   5325            500000.0      17.15             2.43              0.81              
3489              5.0        0.02                   5350            500000.0      17.15             2.43              0.81              
3490              5.0        0.02                   5375            500000.0      17.15             2.43              0.81              
3491              5.0        0.02                   5400            500000.0      17.15             2.43              0.81              
3492              5.0        0.02                   5425            500000.0      17.15             2.43              0.81              
3493              5.0        0.02                   5450            500000.0      17.15             2.43              0.81              
3494              5.0        0.02                   5475            500000.0      17.15             2.43              0.81              
3495              5.0        0.02                   5500            500000.0      17.15             2.43              0.81              
3496              5.0        0.02                   5525            500000.0      17.15             2.43              0.81              
3497              5.0        0.02                   5550            500000.0      17.15             2.43              0.81              
3498              5.0        0.02                   5575            500000.0      17.15             2.43              0.81              
3499              5.0        0.02                   5600            500000.0      17.15             2.43              0.81              
3500              5.0        0.02                   5625            500000.0      17.15             2.43              0.81              
3501              5.0        0.02                   5650            500000.0      17.15             2.43              0.81              
3502              5.0        0.02                   5675            500000.0      17.15             2.43              0.81              
3503              5.0        0.02                   5700            500000.0      17.15             2.43              0.81              
3504              5.0        0.02                   5725            500000.0      17.15             2.43              0.81              
3505              5.0        0.02                   5750            500000.0      17.15             2.43              0.81              
3506              5.0        0.02                   5775            500000.0      17.15             2.43              0.81              
3507              5.0        0.02                   5800            500000.0      17.15             2.43              0.81              
3508              5.0        0.02                   5825            500000.0      17.15             2.43              0.81              
3509              5.0        0.02                   5850            500000.0      17.15             2.43              0.81              
3510              5.0        0.02                   5875            500000.0      17.15             2.43              0.81              
3511              5.0        0.02                   5900            500000.0      17.15             2.43              0.81              
3512              5.0        0.02                   5925            500000.0      17.15             2.43              0.81              
3513              5.0        0.02                   5950            500000.0      17.15             2.43              0.81              
3514              5.0        0.02                   5975            500000.0      17.15             2.43              0.81              
3515              5.0        0.02                   6000            500000.0      17.15             2.43              0.81              
