,Simulation Number,SU.numberRays,SU.photonEnergy,PG.cFactor,SU.electronSigmaX,SU.electronSigmaY,SU.electronSigmaYs,ExitSlit.openingHeight,SourcePhotonFlux,SourceBandwidth,NumberRaysSurvived,PercentageRaysSurvived,PhotonEnergy,Bandwidth,HorizontalFocusFWHM,VerticalFocusFWHM,HorizontalCenter,VerticalCenter,PhotonFlux1,PhotonFlux3,PhotonFlux5,PhotonFlux7,PhotonFlux9,EnergyPerMilPerBw,FluxPerMilPerBwPerc,FluxPerMilPerBwAbs1,FluxPerMilPerBwAbs3,FluxPerMilPerBwAbs5,FluxPerMilPerBwAbs7,FluxPerMilPerBwAbs9,AXUVCurrentAmp1,AXUVCurrentAmp3,AXUVCurrentAmp5,AXUVCurrentAmp7,AXUVCurrentAmp9,GaAsPCurrentAmp1,GaAsPCurrentAmp3,GaAsPCurrentAmp5,GaAsPCurrentAmp7,GaAsPCurrentAmp9
0,0,1000000.0,150,1.6,17.15,2.43,0.81,0.02,,0.003,31732.5,3.1732500000000003,150.0,0.0029600976064329,0.1155447867423202,0.0199491951521851,0.0011139632636275,-2.071343365145217e-05,71933286865742.95,46805437500000.0,37952070000000.0,32811405000000.0,29260538250000.0,1.0136143335697136,3.2166902289284267,72918018118881.55,47446180876694.29,38471615137983.984,33260576967119.93,29661100600949.02,0.0004389815479765,0.0002856358203931,0.0002316070787729,0.0002002355513806,0.0001785659593115,0.0002849610464035,0.0001854180036603,0.0001503457168663,0.0001299811632439,0.0001159145363899
1,1,1000000.0,155,1.6,17.15,2.43,0.81,0.02,,0.0031,30150.5,3.01505,155.0,0.0030262713097783,0.1151492100197467,0.0196914624910866,0.00117891967187,2.0988781604511425e-05,68300381353567.14,44471987500000.0,36059998000000.0,31175617000000.0,27801776050000.0,1.024753179810169,3.089751071261066,69992595961832.63,45573828301100.73,36953422812282.36,31948026076839.42,28490594628098.29,0.0004322994017183,0.0002814803257093,0.0002282376064734,0.0001973224791752,0.0001759681412451,0.0002780914861059,0.0001810719186169,0.0001468217048582,0.000126934483966,0.0001131975702757
2,2,1000000.0,160,1.6,17.15,2.43,0.81,0.02,,0.0032,28559.5,2.85595,160.0,0.0031852559257003,0.1136908299324116,0.0199213732666407,0.0016328022606262,2.0084468416972104e-05,64653776458169.016,42125262500000.0,34157162000000.0,29530523000000.0,26334714950000.0,1.00462889749895,2.869173702916194,64953138258022.95,42320312118013.86,34315317486877.68,29667256088153.445,26456650714590.227,0.0004222700717609,0.0002751306821238,0.0002230890141153,0.0001928712714007,0.0001719986454145,0.0002707716707632,0.0001764216776392,0.0001430510687841,0.000123674586223,0.0001102904603058
3,3,1000000.0,165,1.6,17.15,2.43,0.81,0.02,,0.0033,26716.0,2.6716,165.0,0.0032839975498432,0.1120547117792407,0.019886857753773,0.0011653715168111,-9.06981829031019e-06,60442782617464.78,39406100000000.0,31952336000000.0,27624344000000.0,24634823600000.0,1.004873504186982,2.684620779629338,60737367193241.86,39598156499532.75,32108064524366.89,27758978861367.36,24754888208962.133,0.0004061447635539,0.0002647889536849,0.0002147034499031,0.0001856215444815,0.0001655334875883,0.0002593142586993,0.0001690617666364,0.000137083303659,0.0001185151638658,0.0001056893932308
4,4,1000000.0,170,1.6,17.15,2.43,0.81,0.02,,0.0034,25485.0,2.5485,170.0,0.0033928740663923,0.1154221334422611,0.0199786481359121,0.0013599970918349,-1.6122212515777636e-05,57611547395185.82,37590375000000.0,30480060000000.0,26351490000000.0,23499718500000.0,1.002100727745379,2.553857723705495,57732664426062.58,37669401424656.05,30544138375517.715,26406888863114.81,23549122070288.367,0.0003995416549161,0.0002606928873719,0.000211382164947,0.0001827501325712,0.0001629728213191,0.0002533511613786,0.0001653065330389,0.0001340383820437,0.0001158826814659,0.0001033417994001
5,5,1000000.0,175,1.6,17.15,2.43,0.81,0.02,,0.0035,24341.5,2.43415,175.0,0.0034878954456587,0.1120705412745485,0.0199222175914787,0.001272358429995,-4.3650416530909337e-05,54978825413420.98,35903712500000.0,29112434000000.0,25169111000000.0,22445297150000.0,1.0034744302762943,2.4426175814635966,55170078081892.94,36028609326588.05,29213706274304.617,25256665792333.59,22523376718675.83,0.000394871608892,0.0002578693999637,0.0002090927473604,0.0001807708200424,0.0001612077109875,0.0002468445623372,0.0001612009011051,0.0001307093408282,0.0001130045638933,0.0001007751531586
6,6,1000000.0,180,1.6,17.15,2.43,0.81,0.02,,0.0036,23495.0,2.3495,180.0,0.0035759263747649,0.1090280576422811,0.0198173663752869,0.0010522549979025,3.0046904911181083e-06,53023167451004.71,34655125000000.0,28100020000000.0,24293830000000.0,21664739500000.0,1.006737634902038,2.365277372554369,53379228854234.0,34887841245176.95,28288717375750.258,24456968032212.18,21810222652323.84,0.0003936942088822,0.0002573124669173,0.0002086411596156,0.0001803804005373,0.0001608595428776,0.0002431641900024,0.0001589283666964,0.0001288666620805,0.0001114114787553,9.935447249546826e-05
7,7,1000000.0,185,1.6,17.15,2.43,0.81,0.02,,0.0037,23263.5,2.32635,185.0,0.0036756624685664,0.1132651993290589,0.019869969287523,0.0008429577141564,5.821246837583844e-06,52451203697850.09,34313662500000.0,27823146000000.0,24054459000000.0,21451273350000.0,1.0066234755007928,2.3417600888750933,52798648282968.2,34540961310907.63,28007450662946.12,24213799318968.47,21593369779517.24,0.0004009339000747,0.0002622916074762,0.000212678483079,0.0001838708624613,0.0001639722652568,0.0002450126413244,0.0001602876672015,0.0001299688474393,0.0001123643714483,0.000100204242662
8,8,1000000.0,190,1.6,17.15,2.43,0.81,0.02,,0.0038,23044.0,2.3044,190.0,0.003776862472108,0.1139327767951651,0.019973050790482,0.0009311471777061,9.2718293329579e-09,51902747016850.67,33989900000000.0,27560624000000.0,23827496000000.0,21248872400000.0,1.0061279357930195,2.3185019082265343,52220368859905.97,34197903146341.37,27729282822389.344,23973309731062.36,21378906095756.867,0.0004080804707616,0.0002672423944851,0.0002166928161385,0.0001873414480662,0.0001670672623422,0.0002470430042306,0.0001617827088568,0.0001311810981646,0.0001134124209884,0.0001011388717538
9,9,1000000.0,195,1.6,17.15,2.43,0.81,0.02,,0.0039,23136.5,2.31365,195.0,0.0038810263610996,0.1076422562966179,0.0198914266163748,0.0010106702755446,-3.244065842002117e-05,52071045154628.52,34126337500000.0,27671254000000.0,23923141000000.0,21334166650000.0,1.0048911120149424,2.3249692807733062,52325797074869.16,34293296891406.266,27806632598048.742,24040182363195.984,21438541738010.656,0.0004212511879689,0.0002760797324158,0.0002238585491317,0.0001935365717409,0.0001725919466173,0.0002522278150041,0.0001653051425443,0.0001340372545647,0.0001158817067056,0.0001033409301288
10,10,1000000.0,200,1.6,17.15,2.43,0.81,0.02,,0.004,23097.5,2.30975,200.0,0.0039558582659253,0.1098219042150147,0.0198659833970121,0.0011961568729641,-1.1012210406452553e-05,51945413251906.45,34068812500000.0,27624610000000.0,23882815000000.0,21298204750000.0,1.0111769733721223,2.335549407478117,52525632272625.19,34449353760302.22,27933170913438.277,24149580873323.727,21536101086355.715,0.0004317424742219,0.0002831617361713,0.0002296009738718,0.0001985011764076,0.0001770192792702,0.0002561499324528,0.0001679979708372,0.0001362207275399,0.0001177694249801,0.0001050243585823
11,11,1000000.0,205,1.6,17.15,2.43,0.81,0.02,,0.0041,23178.0,2.3178,205.0,0.0040670051309348,0.1107511513592712,0.0198611867615232,0.0006566399559533,1.2163156598111186e-06,52079321033655.31,34187550000000.0,27720888000000.0,23966052000000.0,21372433800000.0,1.0081221469754518,2.3365991373321937,52501724307569.84,34464837275649.85,27945725682493.03,24160435080014.88,21545780645340.16,0.000444224199194,0.0002916116554465,0.0002364525694332,0.0002044247130384,0.0001823017677879,0.0002610642770568,0.000171376044233,0.0001389598297645,0.000120137511686,0.000107136169754
12,12,1000000.0,210,1.6,17.15,2.43,0.81,0.02,,0.0042,23166.5,2.31665,210.0,0.0041925367197705,0.1083330409979712,0.0198614142838043,0.0009985447379117,-1.756432440129703e-05,52005965707435.19,34170587500000.0,27707134000000.0,23954161000000.0,21361829650000.0,1.0017804399335215,2.3207712555774997,52098482866365.11,34231376019768.11,27756424216706.89,23996774782671.34,21399831747680.12,0.0004553453548608,0.0002991852584474,0.0002425936061716,0.0002097339371082,0.0001870364249589,0.0002650877018891,0.0001741762197732,0.0001412303449821,0.0001221004822003,0.0001088867066121
13,13,1000000.0,215,1.6,17.15,2.43,0.81,0.02,,0.0043,23149.0,2.3149,215.0,0.0042417566241538,0.1035607434401515,0.0199085071703283,0.0008382379577762,-5.133932230219514e-05,51911725922514.48,34144775000000.0,27686204000000.0,23936066000000.0,21345692900000.0,1.013799522027686,2.346824503864924,52627634210063.92,34615661432007.625,28068021066224.49,24266165369963.312,21640068750138.465,0.0004660574138812,0.0003065478030495,0.0002485635067438,0.0002148952056631,0.0001916391384351,0.0002696439889076,0.0001773574884621,0.0001438098686106,0.000124330605471,0.0001108754848209
14,14,1000000.0,220,1.6,17.15,2.43,0.81,0.02,,0.0044,23847.5,2.38475,220.0,0.0043865785673915,0.1090408085615615,0.0198501303956699,0.0010829864920333,7.450018456384159e-06,53421502371569.66,35175062500000.0,28521610000000.0,24658315000000.0,21989779750000.0,1.0030645987290532,2.3920791154339094,53585684091890.06,35283166952650.164,28609266220589.56,24734098053586.625,22057361523416.08,0.0004916696172971,0.0003237368615635,0.0002625012111389,0.0002269450270214,0.0002023849220661,0.0002828704687276,0.0001862543353366,0.0001510238542797,0.0001305674459241,0.0001164373712635
15,15,1000000.0,225,1.6,17.15,2.43,0.81,0.02,,0.0045,24364.0,2.4364,225.0,0.004463183457588,0.1037445654376658,0.0199189075572544,0.0011527729860455,-1.5732058767974974e-05,54524370599592.59,35936900000000.0,29139344000000.0,25192376000000.0,22466044400000.0,1.008276189182602,2.456688853099207,54978416300389.62,36236160583213.31,29381998683066.52,25402162741045.8,22653127914427.79,0.0005139522175277,0.0003387448446073,0.0002746703960341,0.0002374658775077,0.0002117672008219,0.0002942197924091,0.0001939196572387,0.0001572392610558,0.0001359409664982,0.0001212293667388
16,16,1000000.0,230,1.6,17.15,2.43,0.81,0.02,,0.0046,25051.5,2.5051500000000004,230.0,0.0045727891301083,0.1087032318136682,0.0198402068340123,0.0010932240345337,5.856918543263576e-06,56007463937206.63,36950962500000.0,29961594000000.0,25903251000000.0,23099988150000.0,1.005952859423498,2.5200571607239715,56340742290460.5,37170843120678.58,30139883642258.69,26057391041885.86,23237447079035.73,0.0005402623530078,0.0003564384555697,0.0002890172154992,0.0002498693986841,0.0002228284066988,0.000308102364025,0.0002032707446281,0.0001648215664917,0.0001424962372511,0.0001270752227943
17,17,1000000.0,235,1.6,17.15,2.43,0.81,0.02,,0.0047,26089.5,2.60895,235.0,0.0046927509659866,0.1064634573792014,0.019918825203669,0.001023098979009,2.526225419710474e-05,58258264714268.03,38482012500000.0,31203042000000.0,26976543000000.0,24057127950000.0,1.0015454228834415,2.6129788908192904,58348230481283.53,38541438639584.53,31251227534198.71,27018201731071.46,24094278352244.68,0.0005752877307831,0.0003800015286358,0.0003081232733887,0.0002663875122775,0.0002375589217322,0.0003263091948126,0.0002155408262712,0.0001747707309968,0.0001510977724504,0.0001347458955285
18,18,1000000.0,240,1.6,17.15,2.43,0.81,0.02,,0.0048,27010.0,2.701,240.0,0.0047467533018305,0.1081446916432715,0.0199056956683226,0.0006578287035065,-2.790436193803332e-07,60235743674698.8,39839750000000.0,32303960000000.0,27928340000000.0,24905921000000.0,1.0112958335976137,2.731486905096612,60915640528025.125,40289431850175.03,32668583384955.484,28243574598698.97,25187040751895.86,0.0006082117279533,0.0004022695115974,0.0003261792107596,0.0002819977457571,0.0002514798078942,0.0003436308769065,0.0002272764872326,0.000184286561851,0.0001593246696939,0.000142082473815
19,19,1000000.0,245,1.6,17.15,2.43,0.81,0.02,,0.0049,28235.0,2.8235,245.0,0.0048228136427894,0.1065590963274761,0.0199716441607752,0.0009986977120648,-2.412792158178405e-05,62887589333768.52,41646625000000.0,33769060000000.0,29194990000000.0,26035493500000.0,1.0160379062411602,2.868735201363908,63895109350345.03,42313844220117.64,34310073008312.344,29662721982102.805,26452607291776.598,0.0006488092837009,0.0004296669219009,0.0003483943312498,0.0003012037947428,0.0002686073685999,0.0003649973843488,0.000241715565074,0.0001959944514091,0.0001694467079908,0.0001511091000371
20,20,1000000.0,250,1.6,17.15,2.43,0.81,0.02,,0.005,29205.0,2.9205,250.0,0.004981899518043,0.100730191907309,0.0199376499600037,0.0006378350818588,-4.137461855558717e-05,64969560528761.234,43077375000000.0,34929180000000.0,30197970000000.0,26929930500000.0,1.003641171335081,2.9311839507348787,65207236126760.2,43234963273339.46,35056960050789.152,30308442050598.65,27028447209726.32,0.0006851133023969,0.0004542570767701,0.0003683331958082,0.0003184419100883,0.0002839799664337,0.0003837540491952,0.0002544440342586,0.000206315298287,0.000178369580626,0.0001590663349084
21,21,1000000.0,255,1.6,17.15,2.43,0.81,0.02,,0.0051,29920.5,2.99205,255.0,0.0050824986680026,0.1036189519502637,0.019956489425122,0.0008756643230811,1.4589790150492687e-05,66480839433568.86,44132737500000.0,35784918000000.0,30937797000000.0,27589693050000.0,1.003444538677381,3.002374362829247,66710238109227.72,44285021851731.41,35908397379437.805,31044550911654.42,27684893999648.49,0.0007160487540781,0.0004753428502134,0.0003854305415966,0.0003332233946579,0.0002971617913096,0.0003992040005978,0.000265008166525,0.0002148811980772,0.0001857752163978,0.0001656705290526
22,22,1000000.0,260,1.6,17.15,2.43,0.81,0.02,,0.0052,30978.0,3.0978000000000003,260.0,0.0051334128925475,0.1031984895158847,0.0199076651006811,0.0006571999739447,-1.7216454551341546e-05,68743818143938.31,45692550000000.0,37049688000000.0,32031252000000.0,28564813800000.0,1.0130283500909298,3.138139459528104,69638998100625.22,46287557028039.53,37532147935956.125,32448362011520.598,28936783956308.64,0.0007553990156279,0.0005020976172615,0.0004071245764371,0.0003519789398294,0.0003138876019503,0.0004197659976914,0.0002790095074098,0.000226234149737,0.000195590393669,0.0001744235029034
23,23,1000000.0,265,1.6,17.15,2.43,0.81,0.02,,0.0053,31818.0,3.1818,265.0,0.005222566564214,0.1015297934679852,0.0199487601759779,0.0009154262224734,8.091306914398587e-06,70517007114379.56,46931550000000.0,38054328000000.0,32899812000000.0,29339377800000.0,1.0149656866600418,3.2293109280624392,71569973502018.56,47632336188920.98,38622558699626.78,33391074996165.62,29777476067663.758,0.0007909831086595,0.0005264270965584,0.0004268520728704,0.0003690343171806,0.0003290972377874,0.0004374368482018,0.0002911296175676,0.0002360617102446,0.0002040867963152,0.0001820004205824
24,24,1000000.0,270,1.6,17.15,2.43,0.81,0.02,,0.0054,32462.0,3.2462,270.0,0.0052850527993086,0.1075239213278707,0.0199324213108814,0.0006167424602414,2.8538429971876747e-05,71851570655147.78,47881450000000.0,38824552000000.0,33565708000000.0,29933210200000.0,1.0220318505585095,3.3177554674518497,73435383336245.28,48936893144914.8,39680355390724.125,34305591533452.13,30593023165373.508,0.0008221540767067,0.0005478784799996,0.0004442458725963,0.0003840721005556,0.0003425076246831,0.0004529135899796,0.000301818863738,0.0002447290583258,0.0002115801390542,0.0001886828300019
25,25,1000000.0,275,1.6,17.15,2.43,0.81,0.02,,0.0055,33567.5,3.35675,275.0,0.0054699666151805,0.1003067957469521,0.0199287963550056,0.0003878030580741,1.4925828367454224e-05,74208497694921.44,49512062500000.0,40146730000000.0,34708795000000.0,30952591750000.0,1.0055041011684924,3.375243763061809,74617343862655.9,49784845505161.68,40367915406219.234,34900020510059.11,31123122739192.945,0.0008660245306494,0.0005778133504915,0.000468518486229,0.0004050569521411,0.0003612214850767,0.0004752918046845,0.0003171156709845,0.0002571324355915,0.000222303460202,0.0001982456679422
26,26,1000000.0,280,1.6,17.15,2.43,0.81,0.02,,0.0056,34272.0,3.4272,280.0,0.0055752654610898,0.0978405194122094,0.0198020479645742,0.0010924747516013,5.391574769233628e-06,75675064088576.55,50551200000000.0,40989312000000.0,35437248000000.0,31602211200000.0,1.004437352288893,3.44239381939484,76010554651267.6,50775308836073.88,41171030079962.28,35594352092542.64,31742313408639.81,0.0008999435376661,0.0006011653417038,0.0004874533889341,0.0004214270937774,0.0003758200417526,0.0004926056429975,0.000329062243689,0.0002668192836963,0.0002306782101521,0.000205714098241
27,27,1000000.0,285,1.6,17.15,2.43,0.81,0.02,,0.0057,34947.0,3.4947,285.0,0.0056659210843292,0.0985260723278071,0.0199552066340803,0.0008657670064615,6.618535674666947e-06,77072833917191.53,51546825000000.0,41796612000000.0,36135198000000.0,32224628700000.0,1.0060364736443774,3.515932273337309,77541094848490.62,51860001031725.31,42050549989114.22,36354739706307.78,32420411492443.336,0.0009335316402587,0.0006243521828207,0.0005062543801041,0.0004376814623977,0.0003903153544264,0.0005103738691643,0.0003413414452445,0.0002767758430593,0.0002392861385646,0.0002133904723118
28,28,1000000.0,290,1.6,17.15,2.43,0.81,0.02,,0.0058,35605.0,3.5605,290.0,0.0057848467224914,0.098450939950166,0.0198434690562588,0.0009641229898006,-7.111627965621729e-06,78407690892681.44,52517375000000.0,42583580000000.0,36815570000000.0,32831370500000.0,1.0026195212129183,3.56982248613573,78612986388056.12,52654881670502.02,42695076934183.33,36911964506643.45,32917333144657.566,0.0009675634841361,0.0006480728325775,0.0005254882086526,0.0004543100399221,0.0004051443789286,0.0005283430314257,0.0003538835131365,0.0002869455469228,0.0002480783407343,0.0002212311779411
29,29,1000000.0,295,1.6,17.15,2.43,0.81,0.02,,0.0059,36149.5,3.61495,295.0,0.0058860479854842,0.0957461938219031,0.0199613421089916,0.000732940205112,-1.635590642623638e-05,79484486804335.8,53320512500000.0,43234802000000.0,37378583000000.0,33333453950000.0,1.002371374279245,3.623515773946511,79672828592250.0,53446857665711.05,43337248656400.28,37467153102606.94,33412438951560.79,0.0009984763357921,0.0006698070539803,0.0005431113468207,0.0004695460975021,0.0004187315826951,0.0005445224517495,0.0003652815456494,0.0002961876126079,0.0002560685547129,0.0002283566869446
30,30,1000000.0,300,1.6,17.15,2.43,0.81,0.02,,0.006,36894.5,3.68945,300.0,0.0059849845335406,0.1052013621951367,0.0197179111173632,0.00071389496503,1.5946410830168082e-05,80997774604766.31,54419387500000.0,44125822000000.0,38148913000000.0,34020418450000.0,1.0025096041614798,3.698712479159812,81201122041177.64,54556009067607.234,44236601250751.36,38244687034512.45,34105827770332.63,0.0010352766825349,0.0006955638377905,0.0005639961694898,0.0004876020395087,0.0004348335015773,0.0005642910609991,0.0003791261434174,0.0003074134695099,0.0002657738524024,0.0002370116724374
31,31,1000000.0,305,1.6,17.15,2.43,0.81,0.02,,0.0060999999999999,37644.5,3.76445,305.0,0.0060886029737047,0.093864639715327,0.0199420108429818,0.0007961203863944,-3.578670519680828e-05,82522483144961.81,55525637500000.0,45022822000000.0,38924413000000.0,34711993450000.0,1.001872571488038,3.7714867685491775,82676739839563.84,55629429836100.39,45106981751848.17,38997173186798.5,34776879492791.977,0.0010735540011795,0.0007223458145515,0.0005857122672567,0.00050637665915,0.0004515763224393,0.0005841824074143,0.0003930698562594,0.0003187196936178,0.0002755486314388,0.0002457286199706
32,32,1000000.0,310,1.6,17.15,2.43,0.81,0.02,,0.0062,37895.0,3.7895,310.0,0.0061812871625477,0.0953803749546628,0.0199553321142236,0.0010480741232534,-4.25478664101719e-05,82952831002222.72,55895125000000.0,45322420000000.0,39183430000000.0,34942979500000.0,1.0030273367069773,3.8009721359835353,83203958105396.4,56064339005757.125,45459626746363.06,39302051886069.75,35048764065904.164,0.0010978323355841,0.0007397393782121,0.0005998157941298,0.0005185698420822,0.0004624499529826,0.0005968516591997,0.0004021694943302,0.0003260981120128,0.0002819276319576,0.0002514172818453
33,33,1000000.0,315,1.6,17.15,2.43,0.81,0.02,,0.0063,38927.5,3.89275,315.0,0.0062361527563154,0.1016008980523003,0.0199357642657464,0.0008719916791636,-1.6132747537517965e-05,85090969095092.88,57418062499999.99,46557290000000.0,40251035000000.0,35895047750000.0,1.0102689281920278,3.932705161159059,85964342258890.97,58007401127096.12,47035153727462.34,40664171366384.67,36263474291047.69,0.0011454522177029,0.0007729333409439,0.0006267310344196,0.0005418393725668,0.0004832012431758,0.0006218463642249,0.0004196122548159,0.0003402415300067,0.000294155302698,0.0002623216679089
34,34,1000000.0,320,1.6,17.15,2.43,0.81,0.02,,0.0064,39640.5,3.96405,320.0,0.00632990451939,0.0954180206287416,0.0198282787323798,0.0008415601671731,6.463593243342445e-06,86523468490818.44,58469737500000.0,47410038000000.0,40988277000000.0,36552505050000.0,1.01116109127537,4.008181731378919,87486733452009.4,59120680537839.03,47937853507291.86,41444599102458.016,36959443745045.0,0.0011839334462777,0.0008000636015727,0.0006487295372752,0.0005608581451025,0.0005001617945831,0.0006423992374288,0.0004341124487704,0.0003519989754097,0.0003043201844261,0.0002713865010245
35,35,1000000.0,325,1.6,17.15,2.43,0.81,0.02,,0.0065,40224.0,4.0224,325.0,0.0064917714941542,0.093942135114848,0.0199252463256652,0.0006477713547773,9.08972189321426e-06,87648499280038.0,59311240912509.41,48107904000000.0,41591616000000.0,37090550400000.0,1.001267564649154,4.027502624354904,87759685976313.14,59386480317441.73,48168931387284.66,41644377135829.72,37137601699176.58,0.0012185691964898,0.0008245988439648,0.0006688398592517,0.0005782444937008,0.0005156665837927,0.0006606579503049,0.0004470634771064,0.0003626173809155,0.0003135003109253,0.0002795731496172
36,36,1000000.0,330,1.6,17.15,2.43,0.81,0.02,,0.0066,40932.0,4.0932,330.0,0.0065597763781112,0.0946574913318628,0.0198326890524032,0.0005934543105119,-6.037994202560363e-06,89040046356814.94,60320999623965.91,48954672000000.0,42323688000000.0,37743397200000.0,1.0061488037571549,4.118345986544679,89587051098246.12,60691573024949.45,49255417999074.36,42583697500871.984,37975268341928.48,0.0012581375373532,0.0008523368643975,0.0006917304403144,0.0005980345111079,0.0005333149155635,0.0006815210706305,0.0004617027273378,0.0003747037635189,0.0003239495748149,0.0002888915889137
37,37,1000000.0,335,1.6,17.15,2.43,0.81,0.02,,0.0067,41149.5,4.11495,335.0,0.0066893033651353,0.091419552952644,0.0198823200955312,0.0006553575148466,-5.351804768528076e-06,89361182240541.4,60604579438574.25,49214802000000.0,42548583000000.0,37943953950000.0,1.0015991037964902,4.121530652725967,89504089179266.48,60701498645584.91,49293506606602.56,42616626949186.49,38004634148786.14,0.001282430152575,0.0008697416272643,0.000706285933728,0.0006106184410324,0.000544537006263,0.0006940809121772,0.0004707243203834,0.0003822583118118,0.0003304808481718,0.0002947160445833
38,38,1000000.0,340,1.6,17.15,2.43,0.81,0.02,,0.0068,42415.5,4.24155,340.0,0.0067664900182932,0.0988370013656677,0.0198648668391005,0.0004608530767949,1.827974206446033e-05,91951191797330.28,62418737150732.67,50728938000000.0,43857627000000.0,39111332550000.0,1.0049602309204957,4.262512909747303,92405639943598.56,62727227762285.375,50979654400577.73,44074383486787.11,39304631540779.86,0.0013397960188479,0.0009094865863227,0.0007391576753304,0.0006390376557622,0.0005698806792827,0.000724904149893,0.0004920828181474,0.0003999254056099,0.0003457549075256,0.0003083371375525
39,39,1000000.0,345,1.6,17.15,2.43,0.81,0.02,,0.0069,43140.0,4.314,345.0,0.00682703019271,0.0987223851945717,0.0199288221345757,0.000871697267735,9.935199744868077e-06,93353370332373.48,63433657397227.73,51595440000000.0,44606760000000.0,39779394000000.0,1.0107891582500097,4.360582783897538,94361404610607.1,64118617145573.94,52152570095414.56,45088425985500.55,40208933850319.2,0.0013813653466169,0.0009386383783009,0.0007634663066335,0.0006600536463704,0.0005886223088183,0.0007465193966675,0.0005072602679474,0.000412593531465,0.0003567071166679,0.0003181040931136
40,40,1000000.0,350,1.6,17.15,2.43,0.81,0.02,,0.007,43919.0,4.3919,350.0,0.0069892089389894,0.0946768823774476,0.0198355081171137,0.0007246935039612,-4.87225629813121e-07,94867614392064.02,64528731957245.72,52527123999999.99,45412246000000.0,40497709900000.0,1.001543976955619,4.39868382236795,95014148931672.6,64628404412271.33,52608258515520.67,45482390723284.59,40560263526054.86,0.0014250739556145,0.0009693320095629,0.0007890473145701,0.0006821696682822,0.0006083449237166,0.000769673238778,0.0005235299573836,0.0004261593580891,0.000368435431659,0.0003285631639581
41,41,1000000.0,355,1.6,17.15,2.43,0.81,0.02,,0.0070999999999999,44442.0,4.4442,355.0,0.0070657040020875,0.091568328936933,0.0199796795573286,0.0005052658953846,-2.9649222265128347e-05,95823799742398.38,65247156283528.37,53152632000000.0,45953028000000.0,40979968200000.0,1.0048637845056838,4.465820050370351,96289961341135.84,65564569272451.45,53411207802429.4,46176579320829.42,41179326684465.0,0.001460109893207,0.0009941999654503,0.000809910314993,0.0007002067438986,0.0006244300179389,0.0007882450664034,0.0005367220792287,0.0004372327130941,0.0003780088840629,0.0003371005725284
42,42,1000000.0,360,1.6,17.15,2.43,0.81,0.02,,0.0072,45551.5,4.555149999999999,360.0,0.0071841433087627,0.0945531177399084,0.0199299268437356,0.0004843847753728,-7.361210852910847e-07,98038808206839.0,66824809008325.83,54479594000000.0,47100251000000.0,42003038150000.0,1.0022073468944326,4.565204447678726,98255206364440.9,66972309430005.7,54599845194237.57,47204213988998.03,42095750212045.53,0.001516032203782,0.0010333516320849,0.000842450254788,0.0007283390998753,0.000649517876204,0.0008178419871268,0.0005574540897461,0.0004544700229405,0.0003929113743482,0.0003503903078205
43,43,1000000.0,365,1.6,17.15,2.43,0.81,0.02,,0.0073,46279.0,4.6279,365.0,0.0072354114385006,0.0904241380414285,0.0198459478375323,0.0006484681189082,1.5317245119847565e-05,99427121383407.78,67842754244712.56,55349684000000.0,47852486000000.0,42673865900000.0,1.008977999721932,4.669505385525392,100320983333068.88,68452668881039.125,55847284410883.69,48282685686332.56,43057509159929.64,0.0015597849995333,0.0010642982410189,0.000868310433118,0.0007506964781305,0.0006694557277409,0.0008406222745008,0.0005735872625907,0.000467962630413,0.000404576387832,0.0003607929276787
44,44,1000000.0,370,1.6,17.15,2.43,0.81,0.02,,0.0074,46896.0,4.6896,370.0,0.0073430347974578,0.0908854891814345,0.0195320113481092,0.0008947573729647,-1.5312891756568875e-05,100572877689538.5,68697321347906.32,56087616000000.0,48490464000000.0,43242801600000.0,1.0077943306269646,4.726121314146815,101356111581714.56,69232317179958.44,56524410917195.91,48868094388278.06,43579564637747.78,0.0016005648513707,0.0010932820106053,0.0008926051320108,0.0007717004234943,0.0006881866155745,0.0008619473409512,0.0005887618493833,0.0004806919378476,0.0004155814914167,0.0003706070534191
45,45,1000000.0,375,1.6,17.15,2.43,0.81,0.02,,0.0075,47913.0,4.7913,375.0,0.0074747267807992,0.0919665987238181,0.0199409841695736,0.0005555256861539,3.1074689448247646e-05,102570205953985.66,70136569345410.63,57303948000000.0,49542042000000.0,44180577300000.0,1.0033829849806168,4.807496298253181,102916929734070.6,70373655897196.83,57497655727108.05,49709511723937.89,44329923366192.58,0.0016550879747071,0.0011317340296935,0.000924664958561,0.0007994176982877,0.0007129043129507,0.0008906214970779,0.0006089988394714,0.0004975726379952,0.0004301756753236,0.0003836218474041
46,46,1000000.0,380,1.6,17.15,2.43,0.81,0.02,,0.0076,48565.5,4.85655,380.0,0.0074421679481133,0.0912005162866401,0.019963111321922,0.0005778466400573,-3.533170102354871e-05,103780825665042.66,71042841223429.97,58084338000000.0,50216727000000.0,44782247550000.0,1.0216094759276555,4.961180476700438,106016700362451.0,72573402289075.55,59335718501337.234,51298606129082.53,45747045175654.74,0.0016975196779398,0.0011620318125311,0.0009500724830745,0.000821383735367,0.0007324931744506,0.0009131375825102,0.0006250854902504,0.0005110673541393,0.0004418425118562,0.0003940260930198
47,47,1000000.0,385,1.6,17.15,2.43,0.81,0.02,,0.0077,49863.0,4.9863,385.0,0.0076920737678278,0.0938886323835374,0.0199405103398211,0.0007719223371883,5.143667240597816e-06,106341814611576.48,72890672847826.1,59636148000000.0,51558342000000.0,45978672300000.0,1.0010305711650798,4.991441727079322,106451471188166.84,72965835583002.81,59697643055868.695,51611507458000.19,46026084165398.44,0.0017634768866248,0.0012087532762834,0.0009889521726656,0.0008549971124886,0.0007624688949958,0.0009475937607404,0.0006495163455604,0.0005314075367794,0.0004594275861454,0.0004097081017259
48,48,1000000.0,390,1.6,17.15,2.43,0.81,0.02,,0.0078,50793.0,5.0793,390.0,0.0076604360797034,0.0942575113001167,0.0199592897700476,0.0006058758809889,-2.679396855516118e-05,108102959702212.78,74196573234220.53,60748428000000.0,52519962000000.0,46836225300000.0,1.018519323962029,5.17369936694384,110112065476757.4,75575524968261.2,61877444428648.336,53496051454199.31,47706681862589.16,0.001816639198132,0.0012468521090972,0.0010208598898096,0.0008825828813237,0.0007870693180547,0.0009757201240349,0.0006696864714758,0.000548305651079,0.0004740368254311,0.0004227363217892
49,49,1000000.0,395,1.6,17.15,2.43,0.81,0.02,,0.0079,52476.0,5.2476,395.0,0.0078919955593903,0.0908693253859811,0.0197296720928043,0.0004992490943367,1.0641081302765391e-05,111455284617577.2,76588529122433.47,62761296000000.0,54260184000000.0,48388119600000.0,1.0010144509088623,5.252928886021911,111568466359376.62,76666304018057.97,62825029476822.05,54315284681466.56,48437257258008.03,0.0018974802934255,0.001303888148605,0.0010684852024599,0.0009237572736986,0.0008237877969801,0.0010199756079304,0.0007008948191213,0.0005743558168798,0.0004965584570683,0.0004428206511243
50,50,1000000.0,400,1.6,17.15,2.43,0.81,0.02,,0.008,53529.5,5.35295,400.0,0.0079627361515974,0.0915707452327436,0.0198529946254527,0.0006006076051866,3.349565083112471e-05,113458622706213.28,78058263760076.03,64021282000000.0,55349503000000.0,49359551950000.0,1.004679923827089,5.377995702924926,113989479702555.69,78423487437668.84,64320828606982.11,55608475568243.73,49590498376670.74,0.0019572728694589,0.0013465818485235,0.0011044301026907,0.0009548333830955,0.0008515008341899,0.0010529607126198,0.0007244251963775,0.0005941540017817,0.0005136749480287,0.0004580847868252
51,51,1000000.0,405,1.6,17.15,2.43,0.81,0.02,,0.0081,54950.5,5.495050000000001,405.0,0.0080765272484768,0.0911408926864108,0.019706226293727,0.0007239998467922,1.39137194712561e-05,116230069302787.88,80060880538990.56,65720798000000.01,56818817000000.0,50669856050000.0,1.0029098359867543,5.511007552935168,116567599895513.6,80293376283203.47,65911650333104.63,56983818097349.64,50817000645615.19,0.0020312024634328,0.001399120371784,0.0011485173122336,0.0009929489137538,0.000885491482952,0.0010949451425819,0.0007542133699381,0.0006191226501744,0.0005352615554184,0.0004773352807071
52,52,1000000.0,410,1.6,17.15,2.43,0.81,0.02,,0.0082,55688.5,5.568849999999999,410.0,0.0081901006132909,0.0905902078746707,0.0198227839647215,0.0006953503299493,1.0112440239491806e-05,117534503434823.58,81069514634672.88,66603446000000.0,57581909000000.0,51350365850000.0,1.0012087313145706,5.575577518688498,117676492457404.77,81167451672799.66,66683907123514.44,57651471543239.08,51412400299826.64,0.0020805144894811,0.0014350364780004,0.0011789681361883,0.0010192751277748,0.0009089686608521,0.0011241834457329,0.0007754064010355,0.000637042649042,0.0005507542634694,0.0004911513601017
53,53,1000000.0,415,1.6,17.15,2.43,0.81,0.02,,0.0083,56863.0,5.6863,415.0,0.0082838790812615,0.0907584598787251,0.0199659317572626,0.0006496248921079,1.784942280644909e-06,119750832954907.48,82711303886975.25,68008148000000.0,58796342000000.0,52433372300000.0,1.0019479780553662,5.697406876657522,119984738610828.8,82872861358521.84,68140986244823.95,58911187104638.77,52535788809659.0,0.0021462339707005,0.0014823931139586,0.0012188758434523,0.0010537772760281,0.0009397369692703,0.0011621386400394,0.0008026833704888,0.0006599945459926,0.0005705972914351,0.0005088469656018
54,54,1000000.0,420,1.6,17.15,2.43,0.81,0.02,,0.0084,57862.0,5.7862,420.0,0.0083794472452609,0.0908351657997506,0.0198647932030195,0.0005768118054123,1.5985285636690126e-05,121587532626447.62,84095216257146.28,69202952000000.0,59829308000000.0,53354550200000.0,1.00245309516062,5.800384736678303,121885601675853.22,84301373752309.34,69372601450672.49,59975978177253.64,53485347656910.63,0.0022058979700658,0.001525694804613,0.0012555123707326,0.0010854513305497,0.0009679832416827,0.0011974820027029,0.0008282305414547,0.0006815607469271,0.0005892423179955,0.0005254742180112
55,55,1000000.0,425,1.6,17.15,2.43,0.81,0.02,,0.0085,58889.0,5.8889,425.0,0.008489984777185,0.0904054443786201,0.0199235389432266,0.0005177133721474,4.4606810523030224e-06,123473715712862.14,85520170064998.03,70431244000000.0,60891226000000.0,54301546900000.0,1.0011796709832037,5.895849789618213,123619433308267.62,85621096755902.19,70514363483833.81,60963086824652.32,54365630910069.53,0.0022678790526864,0.0015707748094632,0.0012936319442568,0.0011184075504695,0.000997372922909,0.0012333169926116,0.000854218068544,0.0007035023570358,0.0006082119039925,0.0005423909058718
56,56,1000000.0,430,1.6,17.15,2.43,0.81,0.02,,0.0086,59818.5,5.98185,430.0,0.0085886078352927,0.0887890056372169,0.0198668857620855,0.0005841686310814,2.218537831273342e-05,125146435519391.31,86802571732876.72,71542926000000.0,61852329000000.0,55158638850000.0,1.001327044921586,5.989775326831634,125312241482982.06,86917576079493.47,71637712908906.33,61934276879439.086,55231718288714.48,0.0023262483102297,0.0016135044915914,0.0013298549816914,0.0011497241229673,0.0010253004001819,0.0012680209041392,0.0008795094725112,0.0007248942036166,0.0006267061927588,0.000558883733407
57,57,1000000.0,435,1.6,17.15,2.43,0.81,0.02,,0.0087,60860.5,6.08605,435.0,0.0086368506418921,0.0935466434718781,0.019976220118422,0.0006325152899789,-1.0056919737239295e-05,127028970186270.34,88245999263966.39,72789158000000.0,62929757000000.0,56119467050000.0,1.0073553104926172,6.130819099683689,127963397709702.69,88895138514832.75,73324596432216.9,63392669490729.34,56532282918183.3,0.0023891402178822,0.0016597164064196,0.0013690066490232,0.0011835726380351,0.0010554858119267,0.0013048164499446,0.0009064454455749,0.0007476758301413,0.000646402013684,0.0005764480626867
58,58,1000000.0,440,1.6,17.15,2.43,0.81,0.02,,0.0088,61804.5,6.18045,440.0,0.0087835935416933,0.0901247272578767,0.0199175658458541,0.0006785187747891,9.207752258000004e-06,128692012967717.86,89541115962861.69,73918182000000.0,63905853000000.0,56989929450000.0,1.0018678800788616,6.191994778879077,128932403365377.52,89708374396208.31,74056257555393.75,64025226013609.66,57096383856043.97,0.0024494187513699,0.0017042525281894,0.0014068983527625,0.0012163318534753,0.0010846998085972,0.0013403533145621,0.0009325888126446,0.0007698727991376,0.0006655923698229,0.0005935616288334
59,59,1000000.0,445,1.6,17.15,2.43,0.81,0.02,,0.0089,62635.5,6.26355,445.0,0.0088908813967805,0.0898633477721776,0.0198585315631105,0.0006222465919356,-8.956456395122043e-06,130110937042936.31,90645287507273.69,74912058000000.0,64765107000000.0,57756194550000.0,1.0010257209508753,6.2699743421185055,130244388068779.95,90738259757575.36,74988893131737.33,64831534697505.34,57815433408674.734,0.0025055870086939,0.0017455846521388,0.0014426049307244,0.0012472019217133,0.0011122291025259,0.0013732894646936,0.0009567390811795,0.0007906786498353,0.0006835800367305,0.0006096026613822
60,60,1000000.0,450,1.6,17.15,2.43,0.81,0.02,,0.009,63466.5,6.34665,450.0,0.0089565458109745,0.0895967958492817,0.0199794494613043,0.0006741910215572,-3.222679080077456e-06,131521597747176.64,91746811852322.78,75905934000000.0,65624361000000.0,58522459650000.0,1.0048689356289149,6.3775637185529925,132162222589636.23,92193698811543.34,76275662073893.78,65944008849837.94,58807515048777.14,0.0025611156122966,0.0017865825555519,0.0014781136783866,0.0012779009560633,0.00113960587194,0.0014070318402042,0.0009815170110813,0.0008120496392063,0.0007020562934275,0.0006260794082877
61,61,1000000.0,455,1.6,17.15,2.43,0.81,0.02,,0.0091,64278.5,6.42785,455.0,0.0090758835357576,0.0896521231887842,0.0199362239678706,0.0004453512120706,5.961069774632521e-06,132884715856417.36,92818252968754.98,76877086000000.0,66463969000000.0,59271204850000.0,1.0026588736528752,6.444942200009056,133238067621247.64,93065064600052.08,77081508712108.3,66640702348093.63,59428812026283.5,0.0026174769281146,0.0018282737340247,0.0015142749684102,0.0013091641449299,0.0011674857427851,0.0014404698906234,0.0010061495623487,0.0008333473639024,0.0007204692092601,0.000642499669109
62,62,1000000.0,460,1.6,17.15,2.43,0.81,0.02,,0.0092,65161.0,6.5161,460.0,0.009192067440864,0.0910430217788812,0.0199742020417941,0.0004222202884259,-2.90508553469192e-05,134381462154706.1,93997115482765.52,77932556000000.0,67376474000000.0,60084958100000.0,1.0008630091319033,6.521725946240409,134497485985185.94,94078271806096.88,77999842317035.28,67434646284125.83,60136834950282.81,0.0026771357599012,0.001872602330348,0.0015525655784866,0.0013422682342434,0.001197007290905,0.0014762748595994,0.0010326244128994,0.0008561439302891,0.0007401779464205,0.0006600755168223
63,63,1000000.0,465,1.6,17.15,2.43,0.81,0.02,,0.0093,66367.0,6.636699999999999,465.0,0.0092738839920513,0.0902827252262749,0.0198402402871755,0.0005646412123127,-9.466409873615016e-06,136509595414713.31,95653930247677.1,79374932000000.0,68623478000000.0,61197010700000.0,1.0028166891987755,6.65539016287473,136894031440488.84,95923309236622.95,79598466347981.78,68816734284124.7,61369352691867.89,0.0027502110942023,0.0019271062914809,0.0015991390050257,0.001382533220064,0.0012329147797109,0.0015191101802128,0.0010644589398655,0.000883302502572,0.0007636578492135,0.0006810144127271
64,64,1000000.0,470,1.6,17.15,2.43,0.81,0.02,,0.0094,66629.5,6.66295,470.0,0.0093918376995247,0.0897261061981188,0.0199660139461082,0.0006365490333852,-6.142364401843025e-06,136689109726830.16,95949056243031.28,79688882000000.0,68894903000000.0,61439061950000.0,1.0008691050123213,6.668739706850461,136807884424969.69,96032430260279.72,79758126893931.5,68954768568833.76,61492448836868.09,0.0027838504777371,0.0019541266059483,0.0016229671308078,0.0014031337903472,0.001251285945918,0.0015411018767181,0.0010817779919773,0.0008984525969127,0.0007767558404747,0.000692694932787
65,65,1000000.0,475,1.6,17.15,2.43,0.81,0.02,,0.0095,67547.5,6.75475,475.0,0.0094439373574459,0.090323671752403,0.0199259191979939,0.0003942595680879,4.748628811535854e-06,138206983722502.72,97186653285293.23,80786810000000.0,69844115000000.0,62285549750000.0,1.0059541979037625,6.794966365108299,139029839123206.06,97765282240054.69,81267797726695.25,70259952215219.81,62656384852663.63,0.0028452341436059,0.0020007584044038,0.001663138750112,0.0014378641033577,0.0012822577269885,0.0015778385813698,0.0011095304087935,0.0009223017697841,0.0007973746069873,0.0007110823260183
66,66,1000000.0,480,1.6,17.15,2.43,0.81,0.02,,0.0096,68045.0,6.804500000000001,480.0,0.0095753910641462,0.0902241563364788,0.0199570304158653,0.0004508647205169,5.097892544051035e-06,138856827975117.2,97813478286774.05,81381820000000.0,70358530000000.0,62744294500000.0,1.0025722383557043,6.821974304343792,139213419417875.77,98064668306394.56,81590812679951.75,70539214306914.81,62905425060354.11,0.002889770860955,0.0020356113810437,0.0016936496064106,0.0014642422182513,0.0013057811890228,0.0016054761326532,0.0011309289368856,0.0009409445077147,0.0008134921580075,0.0007254556275616
67,67,1000000.0,485,1.6,17.15,2.43,0.81,0.02,,0.0097,68738.0,6.8738,485.0,0.0096915667654968,0.0899390712487049,0.0199811277993622,0.0005245288545165,-1.44995239345565e-05,139899181821132.34,98712834841635.77,82210648000000.0,71075092000000.0,63383309800000.0,1.0008701835876046,6.879778933418883,140020868209078.56,98798696732745.1,82282156043689.84,71136914171551.25,63438441545055.52,0.0029421173207163,0.002075957395776,0.0017289119798953,0.0014947282501771,0.001332968007242,0.0016373230117922,0.0011552947911597,0.0009621599213986,0.0008318339119784,0.0007418124276937
68,68,1000000.0,490,1.6,17.15,2.43,0.81,0.02,,0.0098,69243.5,6.92435,490.0,0.0097860356482044,0.0908398828703597,0.0199225990816967,0.0005624060621853,-4.492679241295806e-06,140553058250658.48,99341239468003.2,82815226000000.0,71597779000000.0,63849431350000.0,1.001426971677125,6.934228877308547,140753583414435.5,99482968282459.9,82933377372610.23,71699926591370.38,63940524477662.11,0.002986893107147,0.0021111007267679,0.0017599064067683,0.001521524435283,0.0013568642957199,0.0016653561124603,0.0011770540066968,0.0009812439838764,0.0008483330094717,0.0007565259845589
69,69,1000000.0,495,1.6,17.15,2.43,0.81,0.02,,0.0098999999999999,69731.5,6.97315,495.0,0.0098840584265359,0.0899353119669646,0.0199756993917942,0.000426067603156,5.397394987080111e-06,141153066855302.6,99943138091976.16,83398874000000.0,72102371000000.0,64299416150000.0,1.0016132147745052,6.98438563098413,141380502629875.7,100104173523452.23,83533252146570.19,72218547424375.9,64403019903304.67,0.0030311480653422,0.0021461981409321,0.0017909234365836,0.0015483401617286,0.001380778010764,0.0016923549762463,0.001198268453246,0.0009999109659581,0.0008644715207364,0.0007709179780184
70,70,1000000.0,500,1.6,17.15,2.43,0.81,0.02,,0.01,70632.5,7.063249999999999,500.0,0.0099914772857232,0.0906357612422679,0.0199156827417959,0.0005269602212768,-1.4783273123287749e-05,142581305738927.06,101133991788815.88,84476470000000.0,73034005000000.0,65130228249999.99,1.0008530246977465,7.069274567133198,142702919818616.06,101220253569579.72,84548523822913.06,73096299024157.28,65185780783535.23,0.0030938880034195,0.0021945180142077,0.0018330645504311,0.0015847731982825,0.0014132682457797,0.0017300533127575,0.0012271398176631,0.0010250207488011,0.0008861801457026,0.0007902772846735
71,71,1000000.0,505,1.6,17.15,2.43,0.81,0.02,,0.0101,71042.5,7.104249999999999,505.0,0.0100759473692164,0.089644027119838,0.0197296206950204,0.0005176601439179,-8.526803603868852e-06,143011051709379.06,101611429438701.28,84966830000000.0,73457945000000.0,65508289249999.99,1.0023871536603393,7.121212874033562,143352520331056.72,101854047854148.22,85169705973441.4,73633341117507.03,65664703911463.47,0.0031351709238151,0.0022275844789316,0.0018626919508715,0.0016103875227435,0.0014361105751661,0.0017553118838856,0.0012471745889597,0.0010428794463953,0.00090161985583,0.0008040461016062
72,72,1000000.0,510,1.6,17.15,2.43,0.81,0.02,,0.0102,71646.5,7.16465,510.0,0.0101455177879756,0.0905918290218103,0.019880401606908,0.0005446381588357,-8.287233085184656e-06,143825647294132.75,102364778952014.62,85689214000000.0,74082481000000.0,66065237650000.0,1.005373693654317,7.203145581099955,144598420823846.7,102914783718461.88,86149621149955.47,74480525308573.53,66420205403322.69,0.0031845996322202,0.0022665695829355,0.0018973378150808,0.001640340552503,0.0014628220729816,0.0017859396278026,0.0012711037194068,0.0010640366710458,0.0009199113025596,0.0008203580387719
73,73,1000000.0,515,1.6,17.15,2.43,0.81,0.02,,0.0103,71309.0,7.1309000000000005,515.0,0.0102877119556978,0.0900358589167186,0.0199511225447611,0.0002412146246286,1.2307664814046366e-05,142748750797281.34,101772551222667.95,85285564000000.0,73733506000000.0,65754028900000.0,1.0011944758302596,7.139420587601617,142919318781152.88,101894157462852.62,85387470227715.34,73821608875800.72,65832597238274.51,0.0031922138328455,0.002275885035788,0.0019071953738456,0.0016488628900973,0.0014704221189156,0.0017922812681713,0.0012778047874438,0.0010708024970368,0.0009257606872375,0.0008255744000984
74,74,1000000.0,520,1.6,17.15,2.43,0.81,0.02,,0.0104,71671.0,7.1671,520.0,0.0103695258683273,0.0896315875643218,0.0197819655518633,0.0004385911342628,-1.1839821834314734e-05,143071999670461.06,102178615489552.1,85718516000000.0,74107814000000.0,66087829100000.0,1.0029406345469631,7.188177307305999,143492751788324.38,102479106633637.56,85970600595379.75,74325753357544.03,66282182950668.61,0.0032313394087144,0.0023077456645588,0.0019359876107505,0.0016737551751806,0.0014926205483888,0.0018165427849769,0.0012973316034863,0.0010883425976947,0.0009409249548631,0.0008390975830554
75,75,1000000.0,525,1.6,17.15,2.43,0.81,0.02,,0.0105,71243.5,7.12435,525.0,0.0104836287702027,0.089376166929076,0.0199232163667867,0.0004317197261624,-1.6966108429247992e-06,141807103159420.28,101463116243125.9,85207226000000.0,73665779000000.0,65693631350000.0,1.001562292679238,7.135468613335618,142028414345461.62,101621464605760.28,85340204615494.0,73780745461890.28,65796156083567.73,0.0032338056430049,0.0023137909918025,0.001943087490856,0.0016798933658404,0.0014980944609685,0.0018206949642513,0.0013027089665136,0.0010939957437929,0.0009458123738143,0.0008434560830698
76,76,1000000.0,530,1.6,17.15,2.43,0.81,0.02,,0.0106,70903.5,7.09035,530.0,0.0105909808633555,0.0894192211734628,0.0199356007603634,0.0003681690460397,-2.0147698452902403e-05,140703839775726.05,100876287212735.16,84800586000000.0,73314219000000.0,65380117350000.0,1.0008516123644624,7.096392096942773,140823741648009.53,100962249726090.12,84872849479435.56,73376694282388.27,65435831525909.305,0.0032396829970725,0.0023226600852671,0.0019525196827882,0.0016880479531798,0.001505366554765,0.0018270402337265,0.0013098792162345,0.0011011361361036,0.00095198558924,0.0008489612300176
77,77,1000000.0,535,1.6,17.15,2.43,0.81,0.02,,0.0107,70665.0,7.0665,535.0,0.0106707371795664,0.0899711990006756,0.0199492538667429,0.000545137706692,2.109935767761119e-05,139805477062279.66,100434702112879.88,84515340000000.0,73067610000000.0,65160196500000.0,1.0027424695893197,7.085873780585967,140188772984917.6,100710057647013.0,84747050415808.16,73267934891258.89,65338842130783.2,0.0032502051061652,0.0023349112531409,0.0019648170829167,0.001698679651953,0.0015148476857504,0.0018358185560405,0.0013188316629904,0.0011097907800347,0.0009594679486252,0.0008556338447073
78,78,1000000.0,540,1.6,17.15,2.43,0.81,0.02,,0.0108,70731.5,7.07315,540.0,0.0107139556718038,0.08941966002998,0.0199423129729853,0.0005214725558567,-4.15278058642381e-06,139511568932236.58,100426856115774.28,84551140690498.88,73136371000000.0,65221516150000.0,1.008067433159582,7.130010196762092,140633085549313.14,101234175457077.8,85230837076991.6,73724305434520.03,65745824024343.25,0.0032746498225875,0.0023572438406329,0.0019846051476648,0.0017166748689936,0.001530895451353,0.0018528244787917,0.001333748439384,0.0011229063251177,0.0009713091144764,0.0008661935536351
79,79,1000000.0,545,1.6,17.15,2.43,0.81,0.02,,0.0109,70935.5,7.0935500000000005,545.0,0.0105820755377976,0.0864666696125225,0.0199294710600367,0.0003684433433762,-5.509588202337364e-06,139487240129035.88,100613845574529.69,84723867446678.36,73347307000000.0,65409624550000.0,1.0307845279104568,7.311544379060065,143773871547540.2,103705845037543.92,87327546405113.25,75601368879481.06,67419750719312.84,0.0032888041023511,0.0023722544640838,0.0019976035268023,0.0017293691088508,0.0015422159141888,0.0018727480846752,0.0013508360077753,0.0011374980273483,0.000984756946752,0.0008781860547388
80,80,1000000.0,550,1.6,17.15,2.43,0.81,0.02,,0.011,71700.0,7.17,550.0,0.0109861907994854,0.0896331728173628,0.0199429421086194,0.0003358793873813,7.991687153605176e-07,140559250092328.34,101578857108545.77,85565072429180.25,74137800000000.0,66114570000000.0,1.00125759335612,7.179011209965393,140735904055391.12,101706520763978.06,85672610062843.2,74230975911042.17,66197662367090.89,0.0033458466211968,0.0024179644926848,0.0020367752979016,0.0017647625999002,0.0015737791038375,0.0019079940448484,0.0013788623254486,0.0011614863378587,0.0010063690636172,0.0008974592974482
81,81,1000000.0,555,1.6,17.15,2.43,0.81,0.02,,0.0111,72679.5,7.267950000000001,555.0,0.0110846118551535,0.0899070725196327,0.0199449966505771,0.0003143245300242,-4.174769698584317e-06,142042251028705.75,102839836981831.56,86661104482125.84,75150603000000.0,67017766950000.0,1.001388671812801,7.278047674077145,142239596408912.25,102982716769940.9,86781506464559.12,75255012949957.69,67110877602665.36,0.0034132747684508,0.00247124090346,0.0020824660211499,0.0018058687129784,0.001610436692686,0.0019484547112679,0.0014106983198455,0.0011887676806654,0.0010308731761818,0.0009193115626279
82,82,1000000.0,560,1.6,17.15,2.43,0.81,0.02,,0.0112,73571.0,7.357100000000001,560.0,0.0111886910711972,0.0900162062276084,0.0199393388073212,0.0005251231046435,7.452030578592578e-07,143330163874841.44,103973037257379.72,87652745335614.5,76072414000000.0,67839819100000.0,1.0010108617164746,7.364546627341836,143475238199945.06,104078275525454.72,87741464712815.17,76149412126714.58,67908484450719.06,0.0034762811381373,0.002521726749774,0.0021258999297749,0.0018450345047514,0.0016453639427769,0.0019870730719512,0.0014414413334762,0.0012151832191519,0.0010546380558786,0.0009405045950925
83,83,1000000.0,565,1.6,17.15,2.43,0.81,0.02,,0.0113,74723.0,7.4723,565.0,0.0112853028598465,0.0898730153042832,0.0199362967335994,0.0003543142973351,3.346867092984668e-06,145081134396447.7,105470822673975.36,88954219426670.47,77263582000000.0,68902078300000.0,1.0013026918249932,7.482039734915565,145270239730852.25,105608298130551.16,89070166393044.53,77364290859026.95,68991888395656.44,0.0035506913087293,0.0025812751944003,0.0021770506214129,0.0018909359251288,0.0016862978883572,0.0020317110589509,0.00147700965887,0.0012457117329649,0.0010819964611981,0.0009649022600298
84,84,1000000.0,570,1.6,17.15,2.43,0.81,0.02,,0.0114,75942.0,7.594199999999999,570.0,0.0113885663511723,0.0859061287304345,0.0196861414655466,0.0005508593258079,-1.7442718475661368e-05,146946537168940.75,107059044747966.22,90333200280581.69,78524028000000.0,70026118200000.0,1.0010040294172553,7.601830339210746,147094182993970.88,107166613264334.7,90423963357684.38,78602925707439.12,70096477557862.31,0.0036288419123696,0.0026438210533198,0.002230776645521,0.0019391493629203,0.0017292936436641,0.0020788810301552,0.0015145849743789,0.0012779612236838,0.0011108945836056,0.0009906730130974
85,85,1000000.0,575,1.6,17.15,2.43,0.81,0.02,,0.0115,77091.5,7.709149999999999,575.0,0.0114712724644618,0.089411092343488,0.0196729222483987,0.0005225626418279,3.940626382301491e-06,148661821060948.12,108550078392280.92,91627259497576.28,79712611000000.0,71086072150000.0,1.0025043800437414,7.728451132421581,149034020524485.7,108821851471987.8,91856663500480.52,79912184709239.14,71264047892059.39,0.0037044999722879,0.0027049565216289,0.0022832572468652,0.0019863564372686,0.0017713919446861,0.0021214006989569,0.0015490070720901,0.0013075188434693,0.0011374970889247,0.0010143965819125
86,86,1000000.0,580,1.6,17.15,2.43,0.81,0.02,,0.0116,77868.0,7.786799999999999,580.0,0.0115677162680753,0.089378070531174,0.0199662332098711,0.0005293119399801,-4.476121664312433e-06,149645102661730.06,109516397081324.12,92470457778577.84,80515512000000.0,71802082800000.0,1.00279134091756,7.80851957541477,150062504944145.44,109821869116763.78,92728383894743.69,80740092409788.7,72002359004899.6,0.0037618456270918,0.0027530722497916,0.0023245637915452,0.0020240350091171,0.0018049929225404,0.0021541277787462,0.0015764786751115,0.0013311039136675,0.0011590135456102,0.0010335845168348
87,87,1000000.0,585,1.6,17.15,2.43,0.81,0.02,,0.0116999999999999,79016.0,7.9016,585.0,0.0116853030161791,0.0903138772268631,0.0199726045816477,0.0004032814768195,1.0912426293620754e-05,151329619140097.88,111002066995395.38,93744838437443.77,81702544000000.0,72860653600000.0,1.0012577706079182,7.911538145856749,151519952215356.1,111141678559154.72,93862744921916.36,81805304428158.78,72952293242945.08,0.0038376957006777,0.0028149952249612,0.0023773545818485,0.002071963860247,0.0018477348892976,0.0021958194606145,0.0016106595672542,0.0013602541375758,0.0011855183216369,0.0010572209326705
88,88,1000000.0,590,1.6,17.15,2.43,0.81,0.02,,0.0118,80271.0,8.0271,590.0,0.0117709041048783,0.089799809403089,0.0199426180254519,0.0004187994866888,1.257628399156584e-05,153203194260880.8,112634130404082.5,95143460597659.78,83000214000000.0,74017889100000.0,1.0024742829320088,8.04699521412033,153582909270503.06,112913294752557.86,95379274219109.56,83205930514004.22,74201342869403.56,0.0039194299379618,0.0028815429395703,0.0024340754098949,0.0021234121467133,0.0018936154163292,0.0022409496376214,0.0016475336231111,0.0013916922853795,0.0012140693304936,0.0010826821369904
89,89,1000000.0,595,1.6,17.15,2.43,0.81,0.02,,0.0118999999999999,80888.0,8.088799999999999,595.0,0.0118892673382901,0.089577708268958,0.0199368213169264,0.0003917357542202,5.911948729047209e-06,153846739291717.38,113367914919691.1,95783769101710.2,83638192000000.0,74586824800000.0,1.0009027424862245,8.096103884874633,153985657162368.7,113470281920859.48,95870258274687.28,83713714169603.7,74654173922429.0,0.0039707155362209,0.0029259751825291,0.0024721362431269,0.0021586643299999,0.0019250525906121,0.0022679250852677,0.0016712082381112,0.001411992309407,0.0012329488073424,0.0010995184673601
90,90,1000000.0,600,1.6,17.15,2.43,0.81,0.02,,0.012,81326.5,8.132650000000002,600.0,0.0119732084365295,0.0898698167445013,0.01989214148561,0.0002717461658123,-1.5208028890107484e-05,154127731702784.8,113849519743933.05,96211518736273.62,84091601000000.0,74991165650000.0,1.0022384143219885,8.150869483541573,154473022311757.12,114104575531553.4,96427060310314.72,84279990459819.88,75159167507736.84,0.0040122851106143,0.0029637543346193,0.0025045982305088,0.0021890900157451,0.0019521855933448,0.0022899382927768,0.0016915085429183,0.0014294536001169,0.0012493830610713,0.0011141741978857
91,91,1000000.0,605,1.6,17.15,2.43,0.81,0.02,,0.0121,82392.0,8.2392,605.0,0.011922044416451,0.0901521376230559,0.0199468406745546,0.000613031096143,8.361946263346507e-06,155573428879510.25,115201491906182.22,97401304642507.36,85193328000000.0,75973663200000.0,1.0151153605333372,8.364000101282144,157929917334818.25,116946462031648.95,98876653303105.22,86483761047257.38,77124444933922.66,0.0040841215318967,0.0030242753983719,0.0025569839810716,0.0022364995601415,0.0019944644530043,0.002328994100613,0.0017246106675396,0.001458135014046,0.0012753769056364,0.0011373549755196
92,92,1000000.0,610,1.6,17.15,2.43,0.81,0.02,,0.0121999999999999,83568.0,8.3568,610.0,0.012183213458968,0.0865845999649929,0.0198898763813104,0.0003540862354501,-2.4390015549985164e-05,157212168092761.97,116704167868763.52,98720362716859.05,86409312000000.0,77058052800000.0,1.0013782740644972,8.368331513531288,157429104509051.06,116865207464175.22,98856586534406.78,86528547849913.5,77164384886272.0,0.0041618649988249,0.0030894999882159,0.0026134161703067,0.0022875067213191,0.0020399515935477,0.0023715604941388,0.0017604934616485,0.0014892060520926,0.0013034926822203,0.0011624280486222
93,93,1000000.0,615,1.6,17.15,2.43,0.81,0.02,,0.0123,84478.5,8.447849999999999,615.0,0.0122560761564045,0.0831081130453069,0.0198467261759526,0.0005158387322707,-1.4216779206985055e-05,158336909742779.94,117832532494746.48,99724003895264.66,87350769000000.0,77897624850000.0,1.0035898035988065,8.478138332172119,158904599855340.7,118255001038208.16,100081547383313.48,87663950354659.7,78176913560959.1,0.0042270900100402,0.003145752445058,0.0026623125417294,0.0023319866707583,0.0020796179004896,0.0024062391065219,0.0017906958533545,0.0015155013346006,0.0013274658239447,0.0011838068048931
94,94,1000000.0,620,1.6,17.15,2.43,0.81,0.02,,0.0124,84940.0,8.494,620.0,0.012374234525339,0.0895608656424135,0.0199665462079949,0.0005395454181402,-3.4693913721566924e-06,158610544972272.22,118332296603850.31,100196447298045.38,87827960000000.0,78323174000000.0,1.002082333757778,8.511675699013391,158940607634537.34,118578541724916.16,100404952389245.22,88010726727798.47,78486161620602.48,0.0042691362862371,0.0031850133378811,0.00269687169278,0.0023639634492632,0.0021081341359436,0.0024284050140668,0.0018117253329472,0.0015340566105033,0.0013446890210013,0.0011991660989026
95,95,1000000.0,625,1.6,17.15,2.43,0.81,0.02,,0.0125,85695.0,8.5695,625.0,0.0124948464887779,0.0890885981652469,0.0198464807447528,0.0004474267865035,1.020353448821121e-05,159423770737846.6,119238882210886.66,101005570909420.28,88608630000000.0,79019359500000.0,1.0004125361481864,8.573038615243716,159489601811461.56,119288119684045.56,101047279276643.62,88645219281620.03,79051989071162.31,0.0043262685455124,0.0032357748353556,0.0027409791044618,0.0024045644326172,0.0021443412604607,0.0024585114149961,0.001838810810145,0.0015576306338114,0.0013664544961766,0.0012185761034086
96,96,1000000.0,630,1.6,17.15,2.43,0.81,0.02,,0.0126,86189.0,8.6189,630.0,0.0125852699948154,0.0894978910332029,0.0198951997222535,0.0003832181720567,6.538375514309098e-06,159742746396999.12,119777470377666.64,101483737696376.8,89119426000000.0,79474876900000.0,1.0011709728050648,8.62897973360726,159929564242591.25,119917549157274.05,101602422104067.88,89223650445499.06,79567822123592.53,0.0043705713957862,0.0032771189784807,0.0027766013237993,0.0024383129930449,0.0021744375347066,0.0024813790476197,0.0018605746556616,0.0015764072302105,0.0013843450259876,0.0012345305110863
97,97,1000000.0,635,1.6,17.15,2.43,0.81,0.02,,0.0127,86926.5,8.69265,635.0,0.0126576946252043,0.0885607428591385,0.0198251912849811,0.0004832294537672,-6.067397752228372e-06,160504451467518.88,120637297746787.38,102247127651086.94,89882001000000.0,80154925650000.0,1.0033506925366584,8.721737287402071,161041530391569.38,121040973467191.4,102589266307080.62,90182763551737.4,80423139527134.5,0.0044275705242807,0.0033278213703663,0.0028205222001081,0.0024794259265232,0.0022111012058482,0.0025118657162142,0.0018879519510909,0.001600149106021,0.0014066371041573,0.0012544101293457
98,98,1000000.0,640,1.6,17.15,2.43,0.81,0.02,,0.0128,87871.0,8.7871,640.0,0.0127664009354475,0.0867497511695996,0.0199381845465501,0.0004323242715667,1.151313047444776e-05,161624604579929.47,121781207107931.9,103251969554830.94,90858614000000.0,81025849100000.0,1.0026335205732642,8.810232039377698,162050081326244.8,122101796116624.66,103523780348558.9,91097799287165.38,81239149635101.75,0.0044945707730195,0.0033865775300299,0.0028713034492737,0.0025266602942222,0.0022532238465205,0.0025484639734206,0.0019202213658055,0.0016280561074169,0.0014326401914841,0.001277599149485
99,99,1000000.0,645,1.6,17.15,2.43,0.81,0.02,,0.0129,89039.0,8.9039,645.0,0.0128832784468499,0.0863850284322924,0.0199462066427708,0.0003586257126432,1.728905597668354e-05,163097240915807.3,123230855286193.6,104516881645652.2,92066326000000.0,82102861900000.0,1.001298300552275,8.915461651047067,163309021527248.2,123390869678431.88,104652596075746.28,92185873471826.69,82209471884305.0,0.004570451016557,0.0034532809056206,0.0029288618573954,0.0025799616896927,0.0023007569381679,0.002593651583145,0.0019596769455489,0.0016620782425471,0.0014640834562462,0.0013056396083217
100,100,1000000.0,650,1.6,17.15,2.43,0.81,0.02,,0.013,89710.0,8.971,650.0,0.0129812633250025,0.0900462459167509,0.0199260640388765,0.0002518198333476,-1.178120384717606e-05,163645541134324.38,123989158121162.23,105203342371192.8,92760140000000.0,82721591000000.0,1.001443762800994,8.983942631160005,163881635647743.28,124168039621708.66,105355121220497.28,92893966806194.48,82840935001926.4,0.0046227283025826,0.0035024980606689,0.0029718284099559,0.0026203275784798,0.0023367544101704,0.0026247919458365,0.0019887235628396,0.0016874085527593,0.0014878258624035,0.0013268125993446
101,101,1000000.0,655,1.6,17.15,2.43,0.81,0.02,,0.0131,90655.5,9.06555,655.0,0.0130812761525475,0.0861670313229976,0.0199326913001784,0.0004485542632427,2.5117764442631626e-05,164682306191576.28,125123780478698.48,106225956998022.72,93737787000000.0,83593436550000.0,1.0014315014624071,9.078528979431905,164918078788369.53,125302917869510.4,106378038726214.84,93871989647325.88,83713115719341.58,0.0046886641229433,0.003562394734593,0.0030243554697525,0.0026688052228253,0.0023799857794654,0.0026632323857909,0.0020234942788316,0.0017178798101094,0.0015159218733575,0.0013518680458635
102,102,1000000.0,660,1.6,17.15,2.43,0.81,0.02,,0.0132,91184.0,9.1184,660.0,0.0131888499788601,0.0829918181792402,0.0199716357333376,0.00044125025839,7.431440394582666e-06,164950374326146.12,125680055297588.12,106758548956538.28,94284256000000.0,84080766400000.0,1.0008454421867836,9.126102241655826,165089706626141.62,125786216264119.5,106848727073629.9,94363897178721.23,84151788770308.36,0.0047324947209454,0.0036058129643764,0.0030629470919153,0.0027050544481094,0.0024123120953595,0.0026897781215484,0.0020494131306791,0.0017408678849298,0.0015374547043696,0.0013710705830747
103,103,1000000.0,665,1.6,17.15,2.43,0.81,0.02,,0.0133,91774.0,9.1774,665.0,0.0132819814269282,0.0862831192952135,0.0199129133785696,0.0004957255630354,-1.1936845403316388e-05,165321206724253.38,126317446941721.78,107362082078710.22,94894316000000.0,84624805400000.0,1.001356736282239,9.189855512930585,165545579686972.0,126488884232647.44,107507793260699.22,95023106003702.23,84739657684732.92,0.0047795953141901,0.0036519590527192,0.0031039411978222,0.0027434860722579,0.0024465846298153,0.0027174406196918,0.0020763226212577,0.001764746874501,0.001559809984368,0.0013910065634291
104,104,1000000.0,670,1.6,17.15,2.43,0.81,0.02,,0.0134,92886.5,9.28865,670.0,0.0133437123311067,0.0897349894768549,0.0199762356109226,0.0004282013909513,-5.558352702279475e-06,166620347725213.12,127670440282460.42,108575244945169.0,96044641000000.0,85650641650000.0,1.0042307979150078,9.32784580492101,167323444369538.03,128209177953864.84,109033405616539.08,96449925622883.22,86012066167176.62,0.0048542682417393,0.0037195130854853,0.003163199276511,0.0027981363438543,0.0024953206215358,0.0027609325663298,0.0021155247912147,0.0017991135762165,0.0015914789566738,0.0014192483036257
105,105,1000000.0,675,1.6,17.15,2.43,0.81,0.02,,0.0135,93525.0,9.3525,675.0,0.0134690017087563,0.0890519435309133,0.0199524924533825,0.0002258700334898,2.333754694362328e-05,167055936503950.7,128368570954623.28,109232086006960.62,96704850000000.0,86239402500000.0,1.0023016225982788,9.374041781187184,167440719442222.6,128664244589139.8,109483682232074.92,96927592017475.48,86438039264327.0,0.0049034598095934,0.0037679003911126,0.0032062023946123,0.0028385004166346,0.0025313164740607,0.0027896496321892,0.0021436133563547,0.0018240551933057,0.0016148641878825,0.0014401027733525
106,106,1000000.0,680,1.6,17.15,2.43,0.81,0.02,,0.0136,93743.0,9.3743,680.0,0.0135820630524676,0.0899496956456424,0.0199626887938727,0.0002603809243306,2.2649959538146563e-06,166733921139011.62,128487896995896.31,109385794279789.05,96930262000000.0,86440420300000.0,1.0013207671239523,9.386674792328169,166954022655728.25,128657510838210.64,109530191886849.2,97058217352673.23,86554528260058.03,0.0049309864741991,0.0037998991318439,0.0032349738336296,0.0028666141094594,0.0025563876889095,0.0028060660821017,0.0021624005916598,0.0018409197426381,0.0016312980506267,0.0014547581552059
107,107,1000000.0,685,1.6,17.15,2.43,0.81,0.02,,0.0137,94049.0,9.4049,685.0,0.0136600112536484,0.089952598151719,0.0197131522420953,0.0002145762248345,-1.6247506688107397e-05,166548927129517.38,128726833798860.42,109641622991496.52,97246666000000.0,86722582900000.0,1.0029280478045637,9.43243532357983,167036543010641.56,129103715533069.0,109962627740817.48,97531381245815.44,86976486118729.6,0.0049624636345792,0.003835522945306,0.0032668632353808,0.0028975451954355,0.002583971397206,0.0028240526243598,0.0021827300786663,0.0018591156273701,0.0016489430887415,0.0014704936384222
108,108,1000000.0,690,1.6,17.15,2.43,0.81,0.02,,0.0138,94600.0,9.46,690.0,0.0137797987360954,0.0896314641456248,0.0199464881303123,0.0004361346087256,9.120490840877676e-07,166746345464392.1,129299462653519.12,110182148412328.22,97816400000000.0,87230660000000.0,1.001467435195937,9.4738856460406,166991100298608.0,129489251931705.88,110343876775208.4,97959977580059.78,87358699542140.38,0.00500590154709,0.0038817065425483,0.0033077845614119,0.0029365517230801,0.0026187566188125,0.0028488454954689,0.0022090690546839,0.0018824515542535,0.0016711839155868,0.0014903275518013
109,109,1000000.0,695,1.6,17.15,2.43,0.81,0.02,,0.0139,95299.5,9.52995,695.0,0.0138748667021104,0.086072987291953,0.01989315220947,0.0003452986474213,1.1447289701873394e-05,167195228139630.06,130071824453498.94,110894288159664.16,98539683000000.0,87875668950000.0,1.0018120204846577,9.547216960079304,167498162922051.5,130307496728828.9,111095213374033.14,98718223367220.05,88034887588891.28,0.0050564944773321,0.0039337693385384,0.0033537820539873,0.0029801410508644,0.0026576286876229,0.002877459711224,0.0022385593093468,0.0019085104876187,0.001695885528219,0.001512355943492
110,110,1000000.0,700,1.6,17.15,2.43,0.81,0.02,,0.014,95466.5,9.54665,700.0,0.0139807479774844,0.0826259651738536,0.0199748415575541,0.0003087631961342,1.1368309230550873e-05,166702753602834.88,130102806588752.23,110985857040149.23,98712361000000.0,88029659650000.0,1.001377039510146,9.559795433968574,166932298002165.06,130281954022997.66,111138681041779.88,98848284787235.1,88150873696624.23,0.0050778710503411,0.0039630135727639,0.0033806992283052,0.0030068407953651,0.0026814389723464,0.0028901760534203,0.0022556317034896,0.0019241953678221,0.0017114060552261,0.0015261968312612
111,111,1000000.0,705,1.6,17.15,2.43,0.81,0.02,,0.0141,95527.5,9.55275,705.0,0.0140817123879628,0.0887239096652815,0.0199421790558652,0.0003313043795549,-2.0742046353140827e-06,166023306910110.62,129988860371967.31,110949055181724.4,98775435000000.0,88085907750000.0,1.0012987540874287,9.565159113641574,166238972774139.0,130157717145199.56,111093179065859.86,98903745235053.86,88200332186888.94,0.0050938599397318,0.0039882656283835,0.0034040940278781,0.0030305879381652,0.0027026161874102,0.002898239076571,0.0022691922095789,0.0019368177469829,0.0017243050439736,0.0015376998849595
112,112,1000000.0,710,1.6,17.15,2.43,0.81,0.02,,0.0141999999999999,95557.0,9.5557,710.0,0.0141856717837072,0.0853300752465179,0.0198999558914125,0.000455417080294,5.220839781351775e-06,165288369767606.06,129831863885542.16,110870190253653.08,98805938000000.0,88113109700000.0,1.0010101626822694,9.565342972785956,165455167726050.16,129962881511691.84,110982073028058.92,98905646338606.8,88202027552059.31,0.0051080297328861,0.0040122908946092,0.0034263041562007,0.0030534735734843,0.0027230251277658,0.0029054386284873,0.0022821842400159,0.0019488759793784,0.001736810577736,0.001548852063569
113,113,1000000.0,715,1.6,17.15,2.43,0.81,0.02,,0.0143,95583.5,9.55835,715.0,0.0142922327394216,0.0864839863550168,0.0199061554280203,0.0002259695594567,-2.8315947144441936e-06,164547782670572.2,129670675813459.31,110787778273051.69,98833339000000.0,88137545350000.0,1.000543489690883,9.563541012510475,164637146378577.7,129741098229502.88,110847945639074.42,98887014069358.34,88185411676359.12,0.0051209536825444,0.0040355300694289,0.0034478682843397,0.0030758296653772,0.0027429618321513,0.0029110826555264,0.0022940573805645,0.001959992255992,0.0017485013427781,0.0015592776481389
114,114,1000000.0,720,1.6,17.15,2.43,0.81,0.02,,0.0144,96532.5,9.65325,720.0,0.0143891634396595,0.0822706315556131,0.0199465929385703,0.0002259868864664,-7.980594141505463e-06,165387260875929.5,130758959004167.36,111773451675263.8,99814605000000.0,89012618250000.0,1.0007534531582731,9.660518170647158,165511785034623.44,130857410658033.88,111857608671156.16,99889757884491.62,89079638051537.44,0.0051836453198908,0.0040983087952839,0.0035032560947918,0.0031284362974796,0.0027898753480716,0.0029449351027321,0.0023283331879893,0.0019902715580914,0.001777328752366,0.0015849853409639
115,115,1000000.0,725,1.6,17.15,2.43,0.81,0.02,,0.0144999999999999,96248.5,9.62485,725.0,0.0144767675115531,0.0895676732725698,0.0199186714268561,0.0003179502390184,1.648490025330803e-05,164108792714209.8,130175699119697.95,111330666645903.78,99520949000000.0,88750741850000.0,1.0016056301378464,9.640296571008795,164372164935057.75,130384613355252.05,111509337175605.84,99680666544230.95,88893174681272.12,0.005179866116497,0.0041088151457898,0.0035139978690258,0.0031412405336773,0.0028012939033886,0.0029405013584389,0.0023324881852237,0.0019948228921426,0.0017832163706015,0.0015902357981931
116,116,1000000.0,730,1.6,17.15,2.43,0.81,0.02,,0.0146,96667.5,9.66675,730.0,0.0145452909675895,0.0863656798443442,0.0199527860501568,0.0005014613999036,-1.098659894423732e-05,164027866075267.16,130542965323279.44,111700882088773.52,99954195000000.02,89137101750000.02,1.0037706280151426,9.703372253878042,164649281768698.94,131037524261708.77,112124058240246.95,100332869105098.95,89474795553009.44,0.0052141684509279,0.0041497400872537,0.0035507821278419,0.0031773748118368,0.0028335177117937,0.0029576046404012,0.0023538346821796,0.0020140909901923,0.0018022851728371,0.001607240965061
117,117,1000000.0,735,1.6,17.15,2.43,0.81,0.02,,0.0147,97008.0,9.7008,735.0,0.0145952223444964,0.0892447771220275,0.0199697714279828,0.0002726971734685,4.617578540806597e-08,163765453142220.9,130803811091621.23,111974549492354.77,100306272000000.0,89451076800000.0,1.0072014912944884,9.770519988342263,164942441172480.38,131743902649475.38,112779314489595.92,101027176679459.0,90093964812504.0,0.0052422545373627,0.004187127743016,0.0035843890080753,0.0032108787258158,0.0028633958153527,0.0029708827114065,0.0023729228204236,0.0020313396190799,0.0018196644262428,0.0016227394269231
118,118,1000000.0,740,1.6,17.15,2.43,0.81,0.02,,0.0148,97229.0,9.7229,740.0,0.014784730676979,0.0829736993426746,0.0198552977126873,0.0003129695560778,-1.8838785217880617e-05,163274406311807.8,130902681002124.78,112105755562945.98,100534786000000.0,89654860900000.0,1.001033704348465,9.7329126332487,163442546141416.16,131037484459544.44,112221201964278.94,100638316627791.52,89747187391186.25,0.0052613161056262,0.004218177235389,0.0036124695266099,0.0032396093221576,0.0028890171721098,0.002980150624539,0.0023892887768172,0.0020461996769861,0.0018350016518426,0.0016364168502553
119,119,1000000.0,745,1.6,17.15,2.43,0.81,0.02,,0.0149,98108.0,9.8108,745.0,0.0148286099457663,0.0857074867595688,0.0199458240623717,0.000323384428461,-3.4077365468338377e-06,163878547286180.3,131885185727465.9,112994238865443.4,101443672000000.0,90465386800000.0,1.0048244019333366,9.85814840800694,164669449997528.06,132521683626097.52,113539566190863.84,101933254538791.77,90901986470232.0,0.0053176384297858,0.0042794968808156,0.0036665110649656,0.003291710706611,0.0029354801185358,0.0030089168002926,0.0024214978568982,0.0020746477759824,0.0018625718498171,0.00166100338754
120,120,1000000.0,750,1.6,17.15,2.43,0.81,0.02,,0.015,98091.0,9.8091,750.0,0.0149653497933285,0.0890657048266266,0.0199559786376418,0.0003681072753849,1.227231131814176e-05,162978358404277.78,131661445073189.48,112849670869266.06,101426094000000.0,90449711100000.0,1.0023186171229703,9.831844630943309,163356260822812.78,131966732100302.28,113111338516246.48,101661273483953.8,90659439341928.23,0.0053245088413999,0.0043013841544822,0.0036868028134262,0.0033135941455002,0.0029549953206632,0.0030102409510719,0.0024318116682308,0.0020843546584449,0.0018733590438352,0.0016706231859966
121,121,1000000.0,755,1.6,17.15,2.43,0.81,0.02,,0.0151,97776.0,9.7776,755.0,0.0148224713790909,0.0824696102830409,0.0199590350472643,0.000273635908681,3.719749742124969e-07,161585992709288.03,131038397490822.52,112362689137614.69,101042324903946.72,90159249600000.0,1.018990368876917,9.963235706801736,164653834507464.38,133526268291057.31,114495986390131.16,102960695813007.72,91870996452418.8,0.0053142136720023,0.0043095693619671,0.0036953657233912,0.0033230634379398,0.0029651426392125,0.0030017302817298,0.0024342575691274,0.0020873250265435,0.0018770303125607,0.0016748589723941
122,122,1000000.0,760,1.6,17.15,2.43,0.81,0.02,,0.0152,98877.0,9.8877,760.0,0.0151820558403414,0.0888814971645462,0.0199495424462009,0.0002819786184182,1.4393301954768395e-05,162526742885613.8,132311448952154.2,113501951497706.4,102091575479406.92,91174481700000.0,1.0011820014538668,9.899377712825686,162718692543260.44,132467713311349.34,113636001195284.72,102212149131557.6,91282161889965.62,0.0053811449784985,0.0043807380649217,0.0037579689687223,0.0033801795260528,0.0030187223078262,0.0030367137678877,0.0024721592985159,0.0021207152292333,0.0019075192632258,0.0017035399771302
123,123,1000000.0,765,1.6,17.15,2.43,0.81,0.02,,0.0153,99227.0,9.9227,765.0,0.0152776745508162,0.0894943347271835,0.0199491334337891,0.0004821886162558,7.534902974384523e-06,162220158589295.8,132576584295061.8,113779416972904.92,102364111250483.5,91497216700000.0,1.0014617306749038,9.937197645490045,162457171735976.28,132770286444616.94,113945655360776.86,102513671208540.56,91630899489063.69,0.0054067273341939,0.0044187198953303,0.0037922184836073,0.0034117513085391,0.0030495624393206,0.0030480278795877,0.0024910413639462,0.0021378528912345,0.0019233655525551,0.0017191825592548
124,124,1000000.0,770,1.6,17.15,2.43,0.81,0.02,,0.0154,99609.5,9.96095,770.0,0.0152206267508745,0.0888635957989756,0.01993931484895,0.0003667704489336,-9.82645218029618e-06,161960196399677.75,132883642547244.2,114098592062522.5,102669518680467.05,91849919950000.0,1.0118857021830363,10.079062594727612,163880649673648.56,134459318744606.1,115451523335470.56,103886928992815.23,92939036185983.34,0.0054333443643863,0.0044579014251839,0.0038277117214495,0.0034442959635598,0.0030813264988771,0.0030603509006572,0.0025109291306891,0.0021559724966038,0.0019400121816871,0.0017355683155052
125,125,1000000.0,775,1.6,17.15,2.43,0.81,0.02,,0.0155,100756.5,10.07565,775.0,0.0154764713408893,0.0829394829372477,0.0198760641544801,0.0003022374433571,-2.3826489228350585e-05,162929680418019.38,134198195967371.9,115291636797086.69,103761542224482.5,92907568650000.0,1.0015203162129171,10.090971203686278,163177434043862.3,134402260012346.4,115466951208632.58,103919323779342.31,93048845469191.16,0.0055019676112735,0.0045317349534441,0.0038932799099636,0.0035039204836723,0.0031373929675856,0.0030961274182168,0.0025501474804578,0.0021908690722447,0.0019717644754071,0.0017655081009126
126,126,1000000.0,780,1.6,17.15,2.43,0.81,0.02,,0.0156,101591.0,10.1591,780.0,0.0155796157862368,0.0828640121233422,0.0199260093297625,0.0002803159803482,7.97795337492279e-06,163376221271745.3,135092075036102.69,116124724654477.88,104530345576035.3,93677061100000.0,1.0013085114921072,10.172377569988493,163589747983008.2,135268635408693.0,116276495397850.22,104666962892461.62,93799493572863.88,0.0055530490293093,0.0045916897226973,0.0039470021065597,0.0035529168780864,0.0031840209619284,0.0031223179087696,0.0025817735404498,0.0022192844504374,0.0019977017919827,0.001790282350985
127,127,1000000.0,785,1.6,17.15,2.43,0.81,0.02,,0.0157,102340.0,10.234,785.0,0.0156425026128772,0.0885494447613758,0.0199145157033625,0.00015818589868,5.375413499953352e-06,163645282254175.44,135868867585616.02,116858182330655.8,105214169918533.6,94367714000000.0,1.0036777430502068,10.271621331319905,164246860657793.06,136368336774935.78,117287766109716.1,105600949002572.44,94714620296100.8,0.0055990842347775,0.004648720843135,0.0039982747891019,0.0035998776863672,0.0032287687885112,0.0031456968117145,0.0026117603739501,0.0022463245289854,0.002022495694962,0.0018139980142997
128,128,1000000.0,790,1.6,17.15,2.43,0.81,0.02,,0.0158,103136.0,10.3136,790.0,0.015786577445965,0.0862570268422088,0.0198662133350498,0.0004265458445417,-1.3814298955845251e-05,163938963154223.38,136704749166615.1,117643455236542.38,105945003133740.66,95101705600000.0,1.0008502830040091,10.322373127032035,164078415658611.0,136821035248130.9,117743527081221.05,106035123845315.84,95182602604362.4,0.0056452744170923,0.0047074582412682,0.0040510783733603,0.00364823959053,0.0032748482442241,0.0031698260036857,0.002643241486943,0.0022746836773721,0.0020484893855158,0.0018388298523161
129,129,1000000.0,795,1.6,17.15,2.43,0.81,0.02,,0.0159,104123.0,10.4123,795.0,0.0158760045629264,0.0821601259170521,0.0199463180496684,0.000337880869555,-1.0010916493116922e-06,164519319077941.25,137789978522239.94,118644457208847.84,106870525339782.77,96011818300000.0,1.0015114486119914,10.428043294989148,164768070667086.53,137998315611876.6,118823846458933.44,107032112520911.72,96156987223094.92,0.0057011151718131,0.004774858913103,0.0041114059967902,0.0037034019885873,0.0033271134177511,0.0031990502965422,0.0026793027963074,0.0023070213768466,0.0020780792656811,0.001866933546319
130,130,1000000.0,800,1.6,17.15,2.43,0.81,0.02,,0.016,104663.0,10.4663,800.0,0.0159687030267718,0.0855963067861953,0.019811781770889,0.0003486115768255,1.1347959762669645e-05,164378896612874.7,138280404888407.62,119120846906755.31,107335956595723.02,96509752300000.0,1.0019622207752064,10.486862992681036,164701849523451.22,138552082458671.31,119354881962419.88,107546838042833.23,96699363655511.8,0.0057324959379945,0.0048223456639564,0.0041541814983199,0.0037431990837292,0.0033656495720343,0.0032145120728417,0.0027041429289921,0.0023294681275948,0.0020990086649598,0.001887296789964
131,131,1000000.0,805,1.6,17.15,2.43,0.81,0.02,,0.0161,105772.0,10.5772,805.0,0.0160758548797161,0.0858114422110418,0.0199062691471892,0.0002970345948514,-6.643589571453537e-06,165116464136120.62,139519060174302.1,120234057947602.69,108383520014935.5,97532361200000.0,1.0015020556984902,10.593093090780176,165364564857844.44,139728698744898.72,120414719256628.72,108546374940877.34,97678911390084.0,0.0057948453659914,0.0048964915979064,0.0042196747439893,0.0038037741541668,0.0034229472771902,0.0032466205211991,0.0027433087683301,0.002364115304443,0.0021311028072294,0.0019177407111375
132,132,1000000.0,810,1.6,17.15,2.43,0.81,0.02,,0.0162,105915.5,10.59155,810.0,0.0161252597937959,0.088806954861124,0.0199474882589491,0.0002703227628371,-4.643901603250093e-06,164334937024794.5,139481485373545.3,120247993336976.72,108438391070884.38,97664682550000.0,1.004646272576331,10.640735457697172,165098082087906.16,140129214997479.4,120806405711883.66,108941961548932.1,98118221655425.62,0.0058030264783109,0.0049253966777296,0.0042462199574333,0.0038291970413743,0.0034487538018039,0.0032490487634252,0.0027576737836657,0.002377410434623,0.0021439240297607,0.0019309181712317
133,133,1000000.0,815,1.6,17.15,2.43,0.81,0.02,,0.0163,106875.0,10.6875,815.0,0.0162759155786033,0.0856395459599292,0.0199339843741271,0.0004314930086254,1.090812986787027e-05,164809016494303.75,140511972419279.98,121186796298383.0,109317674558780.98,98549437500000.0,1.0014812848150296,10.703288450940727,165052485881111.7,140719548221209.98,121365823366268.0,109479167587246.56,98695022806124.48,0.0058563373627661,0.0049929641684588,0.004306261745459,0.0038845033818366,0.0035018639464472,0.0032756941387423,0.0027927734432713,0.0024086720907123,0.0021727650187483,0.00195873879756
134,134,1000000.0,820,1.6,17.15,2.43,0.81,0.02,,0.0164,107522.0,10.752199999999998,820.0,0.0163909120918219,0.0861146046061623,0.0199652988608841,0.0003469077884605,-6.208869037989434e-06,164785946485049.62,141124981031359.8,121768989098653.48,109875766393673.48,99146036200000.0,1.0005544690830377,10.758162605172034,164877328112697.0,141203241530773.94,121836515781954.84,109936697720562.84,99201017382291.31,0.0058918739991838,0.005045883002222,0.0043538150921282,0.0039285763438207,0.0035449379347523,0.0032926896552181,0.0028199053077439,0.0024331412919844,0.0021954954720391,0.0019810981137353
135,135,1000000.0,825,1.6,17.15,2.43,0.81,0.02,,0.0165,107787.5,10.77875,825.0,0.0164396526583913,0.0825787273892613,0.0199221425926297,0.0001882229469568,-3.588215228197322e-06,164169534551395.5,141235245914826.84,121917846715307.9,110043126776931.23,99390853750000.0,1.003679834979065,10.818371205664464,164772999228867.4,141754407294899.94,122365999987150.72,110447630208033.12,99756200887432.05,0.0059067110359001,0.005081550532398,0.0043865233134412,0.0039592787610344,0.0035760170382214,0.003297242406377,0.0028366215654931,0.0024486436864328,0.0022101473646173,0.0019962031243252
136,136,1000000.0,830,1.6,17.15,2.43,0.81,0.02,,0.0166,108598.5,10.859850000000002,830.0,0.0138540085414173,0.0854252311626949,0.0197032542106261,0.0002004285284547,-1.556251474732688e-05,164373745474117.94,142057906891732.38,122682200090483.95,110766364434178.78,100138676850000.0,1.246646420157816,13.541280474930351,204959644026376.5,177133750549270.0,152973943535755.06,138115941563793.72,124864147259332.8,0.0059503383590662,0.00514250381135,0.0044411021910308,0.0040097483043043,0.0036250254465395,0.0033184091192923,0.002867892632959,0.0024767320984312,0.0022361728923863,0.0020216190699702
137,137,1000000.0,835,1.6,17.15,2.43,0.81,0.02,,0.0167,109044.5,10.90445,835.0,0.0166637738271333,0.0856782751217816,0.0199259924527773,0.0004252031265218,1.4918920283338062e-05,164013561879087.88,142400332704103.97,123037259718001.95,111116103622914.48,100549933450000.0,1.0021761184435154,10.928160421719728,164370189743850.2,142709965188222.25,123304789516859.62,111357712294305.69,100768567248677.58,0.0059728471387645,0.0051857627503867,0.0044806218232724,0.0040464916071029,0.0036617056262246,0.0033276199417326,0.0028891158839953,0.0024962645425357,0.0022543999290487,0.0020400262018257
138,138,1000000.0,840,1.6,17.15,2.43,0.81,0.02,,0.0168,109611.0,10.9611,840.0,0.0167664856676878,0.085606548167473,0.0198393505795889,8.177944857688017e-05,-8.09148261049124e-06,163782718647537.5,142897880875687.84,123531492627899.58,111587655576043.95,101072303100000.0,1.0019989240542555,10.983002742521707,164109993347708.38,143183422973809.2,123778336327560.31,111810632803574.36,101274268288792.69,0.0060008170540419,0.0052356197749449,0.0045260568013163,0.0040884478663607,0.003703177021008,0.0033395601968781,0.0029137144573699,0.0025188301870167,0.002275293120678,0.0020608831214112
139,139,1000000.0,845,1.6,17.15,2.43,0.81,0.02,,0.0169,110408.5,11.04085,845.0,0.0168648844201583,0.0891460221114798,0.0199429222532994,0.0001728775511105,3.574563799700304e-06,163851217780763.28,143693565143627.5,124284258419089.05,112298589008729.78,101807677850000.0,1.002084046750091,11.063803099421476,164191852178663.1,143992293292906.6,124542636074796.56,112532049356294.44,102019328379765.48,0.0060395045314117,0.0052964997732322,0.0045810788108366,0.0041392907930464,0.0037525990959084,0.0033570840971644,0.0029440817647994,0.0025464120018007,0.0023008422665472,0.0020858980537867
140,140,1000000.0,850,1.6,17.15,2.43,0.81,0.02,,0.017,110514.5,11.05145,850.0,0.0169707491702979,0.0856006992274136,0.0198963365185554,0.0002584039537045,2.0010919795827285e-05,162884308645924.0,143587284832990.8,124257423997368.22,112305556962130.44,101905420450000.0,1.0017236055522616,11.070495464452684,163165014554218.0,143834735305928.2,124471562445420.2,112499098216261.0,102081038677718.2,0.0060391685652082,0.0053237038247311,0.0046070216047016,0.004163889050714,0.0037782891238699,0.0033534610196393,0.0029561740268671,0.0025582109856988,0.0023121460298552,0.0020980280912871
141,141,1000000.0,855,1.6,17.15,2.43,0.81,0.02,,0.0171,111579.0,11.1579,855.0,0.0169264589828798,0.0827102487872019,0.0198961524808695,0.0002560094719775,7.649304842399117e-06,163318199521397.5,144723760304448.7,125306734924405.52,113285490773634.28,102886995900000.0,1.010345330785833,11.273641826756386,165012312818269.75,146224991933401.3,126606552130602.84,114460610612235.95,103954251284520.62,0.0060913222879104,0.0053978005471288,0.0046735985916273,0.0042252390539971,0.0038374036273875,0.0033780420609633,0.0029934382754762,0.0025918202768404,0.0023431751871601,0.002128094729766
142,142,1000000.0,860,1.6,17.15,2.43,0.81,0.02,,0.0172,111687.5,11.16875,860.0,0.0171834256020701,0.0790576448967909,0.019919624478712,0.0002300354997213,2.439932792109837e-06,162340860609302.7,144609022043749.25,125280876410122.48,113293733122186.4,102987043750000.0,1.0009646393652292,11.17952236819214,162497439951047.44,144748498854436.22,125401711036031.69,113403006031603.66,103086375757099.72,0.0060907261870954,0.0054254606889872,0.0047003047281472,0.0042505694781413,0.0038638817235869,0.0033735268818689,0.0030050501235141,0.0026034012802901,0.002354302255147,0.0021401239298033
143,143,1000000.0,865,1.6,17.15,2.43,0.81,0.02,,0.0173,112483.5,11.24835,865.0,0.0172850202262111,0.0823348987785517,0.0197384188520933,0.0002918256835085,1.3182803213603386e-06,162353620800968.12,145374461294805.0,126024996641508.16,113998537373798.52,103721035350000.0,1.0008667615812747,11.25810624910966,162494438109141.3,145500551739943.62,126134304340973.31,114097413931583.05,103810997723040.16,0.0061277439250482,0.005486896243284,0.0047565856786215,0.0043026687141954,0.0039147629792922,0.0033890145107741,0.0030345868259263,0.0026306807340128,0.0023796370876166,0.0021651016598181
144,144,1000000.0,870,1.6,17.15,2.43,0.81,0.02,,0.0174,112821.5,11.28215,870.0,0.0173879190782031,0.0857175318734257,0.0197500664611675,0.0002141124181384,-2.203564046353101e-06,161693788698821.38,145545304604575.88,126254480126418.4,114238138037747.9,104032705150000.0,1.000694788291184,11.289988863510915,161806133911407.06,145646429813640.62,126342202026708.05,114317510956191.58,104104987310434.16,0.0061372147482919,0.0055242863510832,0.0047920879565327,0.0043359982546304,0.0039486430337811,0.0033905390199313,0.0030519232581579,0.0026474161113703,0.0023954467744135,0.0021814501905023
145,145,1000000.0,875,1.6,17.15,2.43,0.81,0.02,,0.0175,113205.0,11.3205,875.0,0.0174651641775653,0.0790495925566427,0.0199229304506366,0.0001985771161384,1.613044250853465e-05,161091826877367.75,145773144137521.0,126529403750372.12,114519002883454.1,104386330500000.0,1.0019946585874178,11.343071521088198,161413021839383.5,146063795751583.38,126781685991000.1,114747338035486.56,104594462495954.28,0.0061499585251819,0.0055651413725265,0.0048304783697881,0.0043719605875136,0.0039851283309341,0.0033926496627683,0.0030700328991571,0.0026647530621821,0.0024118098605268,0.0021984122710213
146,146,1000000.0,880,1.6,17.15,2.43,0.81,0.02,,0.0176,113697.5,11.36975,880.0,0.0175767181622177,0.0857911261934054,0.0199095460554086,0.0003180808624707,-3.6400725804228343e-06,160636061943664.94,146139276795481.56,126924732274362.4,114902789621074.88,104840464750000.0,1.0013246578325168,11.384809763140591,160848831885370.7,146332845070428.47,127092849990647.72,115054983714690.56,104979330825919.4,0.0061687345241314,0.0056120300211047,0.0048741544611668,0.0044124886820439,0.0040260760043788,0.0033978712428988,0.0030912264660443,0.0026847887864614,0.0024304933765073,0.0022176489883766
147,147,1000000.0,885,1.6,17.15,2.43,0.81,0.02,,0.0177,113731.0,11.3731,885.0,0.017655951356005,0.0853300577493937,0.0199361760855012,0.0002722718045726,1.1507245011394892e-05,159526453938683.88,145914200981344.06,126806944366726.22,114822181182568.44,104871355100000.0,1.0024968015381035,11.401531918039865,159925258403919.8,146278975809944.3,127123952451515.77,115109228236101.88,105133525816245.56,0.0061611571537945,0.0056354309960526,0.0048974793405498,0.0044346093424679,0.0040502931253699,0.0033886246894969,0.0030994763049371,0.0026936043011769,0.0024390266846067,0.0022276534978295
148,148,1000000.0,890,1.6,17.15,2.43,0.81,0.02,,0.0178,114574.5,11.45745,890.0,0.0177616116696412,0.0822269507166212,0.0199228954113823,0.0002059147690424,-1.5389369261792158e-06,159544082949277.38,146726268503956.7,127591087573012.78,115558461562500.0,105649146450000.0,1.002163444588539,11.482230023953791,159889142818372.97,147043606170556.06,127867039918984.2,115808389901317.3,105877643050877.94,0.0061964231572491,0.0056986008576934,0.0049554226962297,0.004488095791491,0.0041032347016875,0.0034033457259661,0.0031299200168937,0.0027217341723731,0.002465057863556,0.002253675375331
149,149,1000000.0,895,1.6,17.15,2.43,0.81,0.02,,0.0179,114966.0,11.4966,895.0,0.0178923086273811,0.0855520244285627,0.0199298448422324,0.0002816119724899,9.770068427898774e-06,158904803029859.56,146956584629300.1,127870194783268.84,115837617228260.88,106010148600000.0,1.000429930691583,11.501542421729164,158973116666183.62,147019761691833.0,127925166551375.0,115887416156330.34,106055722670764.62,0.0062069500677399,0.0057402429978675,0.0049947131807134,0.0045247109740709,0.0041408421047552,0.0034035470148615,0.0031476307537118,0.0027388235688671,0.0024811004375484,0.0022706080491774
150,150,1000000.0,900,1.6,17.15,2.43,0.81,0.02,,0.018,114936.5,11.49365,900.0,0.0179757267346758,0.0791197871915265,0.0197697485612767,0.0003603969833265,-9.101107016076429e-06,157604418500885.16,146647899303415.5,127680553502059.14,115692216741646.52,105982946650000.0,1.0013507866489664,11.509169925051935,157817232425355.44,146845918592867.75,127852961102859.77,115848436439733.95,106126055878903.9,0.0061907751891964,0.0057603979963942,0.0050153517920501,0.0045444443233252,0.0041630596580963,0.0033895318555636,0.003153894611385,0.0027459718930963,0.0024881437831286,0.0022793306002055
151,151,1000000.0,905,1.6,17.15,2.43,0.81,0.02,,0.0181,115700.0,11.57,905.0,0.0180592068815029,0.0818768295843831,0.0199519789487093,0.0001757929245774,2.3513253518107488e-05,157383375609920.56,147349275074828.8,128370837793986.3,116344291566022.52,106686970000000.0,1.0022591362346462,11.596140491696367,157738957184966.2,147682186267703.44,128660870362647.48,116607152152677.8,106928011473932.2,0.006216209278107,0.0058198899807099,0.00507029405006,0.0045952786428981,0.0042138410756346,0.0033981190829705,0.0031814693359652,0.0027716993101345,0.0025120299766925,0.0023035153951702
152,152,1000000.0,910,1.6,17.15,2.43,0.81,0.02,,0.0182,115883.0,11.5883,910.0,0.0181920525013765,0.0828477802235372,0.0199259811289742,0.0002785217686117,9.34230180036667e-06,156362322433477.75,147299145921311.62,128415757374764.31,116412443996944.6,106855714300000.0,1.0004369336761902,11.593366869648063,156430690313636.12,147363551017111.22,128471905895546.1,116463344187580.42,106902435905024.8,0.0062104573276139,0.0058504826859902,0.0051004651821316,0.0046237130825033,0.0042441353105009,0.0033894326195198,0.0031929720807614,0.0027836409061495,0.0025234476494114,0.0023162884638311
153,153,1000000.0,915,1.6,17.15,2.43,0.81,0.02,,0.0183,116401.5,11.64015,915.0,0.0182841153221601,0.0822329440095197,0.0198528231455957,0.000184399388786,1.5134594050092544e-05,155786275567196.62,147670735822466.7,128828384857541.31,116817923046815.6,107333823150000.0,1.0008687981072129,11.650272510637857,155921750473590.53,147799153290820.88,128940416635154.0,116919510283125.56,107427162820591.66,0.0062220321253274,0.0058979012041519,0.0051453463812472,0.0046656540658987,0.0042868634823062,0.0033898342918515,0.0032132440574203,0.0028032435794742,0.002541901717627,0.0023355322737173
154,154,1000000.0,920,1.6,17.15,2.43,0.81,0.02,,0.0184,116424.5,11.64245,920.0,0.0183843297327825,0.0786801256614251,0.01990611943927,0.0003532403922093,1.481288594783018e-06,154541140482844.66,147412380935996.8,128691474366222.72,116725592665704.78,107355031450000.0,1.0008523960780589,11.652376384886065,154672902684199.5,147538065137358.38,128801197071161.48,116825113227000.2,107446562645034.4,0.0062069416071107,0.0059206243578645,0.0051687237730253,0.0046881298757585,0.0043117736115947,0.003375624225568,0.0032199115567641,0.0028109929636691,0.0025496235961186,0.0023449435132094
155,155,1000000.0,925,1.6,17.15,2.43,0.81,0.02,,0.0185,117062.5,11.70625,925.0,0.0184797115382479,0.0852104285053509,0.019752969931941,0.0002439068412345,-3.998548014178922e-06,154105108466389.06,147931083753657.06,129233441025730.44,117249197519181.16,107943331250000.0,1.00109805536255,11.719101474183375,154274289700600.0,148093486957396.88,129375317393565.66,117377917223180.23,108061834693444.9,0.0062235239280137,0.0059741863757792,0.005219083393972,0.0047351005658594,0.0043592838134266,0.0033784903727482,0.0032431354629684,0.0028332216932171,0.00257048769488,0.002366472526834
156,156,1000000.0,930,1.6,17.15,2.43,0.81,0.02,,0.0186,117443.0,11.7443,930.0,0.0184894631233873,0.0819374790862934,0.0197725960994187,0.0004281481351073,-1.9457814235273444e-05,153318932651481.2,148121870187431.12,129489715110801.2,117513882049633.36,108294190300000.0,1.006001377941399,11.814705489805974,154238058912719.12,149009840762222.6,130265988436347.4,118218361875992.2,108943399321500.9,0.0062250148740495,0.0060140051143246,0.005257507267113,0.0047712676511331,0.0043969321579029,0.0033736730351051,0.0032593154069016,0.0028493282117076,0.0025858086034461,0.0023829359059272
157,157,1000000.0,935,1.6,17.15,2.43,0.81,0.02,,0.0187,118066.5,11.80665,935.0,0.0186837264403152,0.0855770381657666,0.0196387053588182,0.0001405136241552,-1.2306554506556691e-05,152838984310262.84,148616654351476.12,130012514738302.78,118020717967035.58,108869119650000.0,1.0008712338665051,11.816933196723951,152972101946743.25,148746094479975.88,130125751284285.72,118123510059657.7,108963941006991.52,0.0062393491096404,0.0060669808438616,0.0053075036564481,0.0048179622816121,0.0044443663887261,0.003375091296567,0.0032818510204722,0.0028710221342957,0.0026062113656586,0.0024041197332855
158,158,1000000.0,940,1.6,17.15,2.43,0.81,0.02,,0.0188,118190.5,11.81905,940.0,0.0187719120617089,0.0822410989795794,0.0198323988822776,0.0002190065588089,-3.719013543806688e-06,151704233192527.5,148480844897621.5,129984232294400.69,118027506569425.6,108983460050000.0,1.0014969476076216,11.83671027891931,151930912923252.06,148702708172171.25,130178457532252.4,118203865810326.23,109146305481914.95,0.0062263713960335,0.0060940744109372,0.0053349210424874,0.0048441831541799,0.0044729898699327,0.0033620082217872,0.0032905727863914,0.0028806582946295,0.0026156781464354,0.0024152476237226
159,159,1000000.0,945,1.6,17.15,2.43,0.81,0.02,,0.0189,118402.5,11.84025,945.0,0.0188817701093739,0.0820612005572938,0.0196597189596896,0.0002759476197805,1.3958914563737595e-05,150678752798131.88,148454758625042.75,130052262413360.28,118121125421096.14,109178945250000.0,1.0009656271808576,11.85169091825454,150824349664199.72,148598206504768.8,130177928451078.2,118235262718879.3,109284441957225.12,0.0062169497607973,0.0061251885815624,0.0053659083758484,0.0048736340644896,0.0045046830090599,0.0033507846166431,0.0033013275742644,0.0028920940222948,0.0026267701491519,0.0024279145095867
160,160,1000000.0,950,1.6,17.15,2.43,0.81,0.02,,0.019,119046.0,11.9046,950.0,0.0189839048697421,0.0818344816911307,0.0199589918723122,0.0002810164055889,-3.1031409811773144e-06,150193022744920.88,148967580435654.88,130593055246356.6,118634955235085.44,109772316600000.0,1.0008478572588784,11.91469354928732,150320366853726.5,149093885529092.7,130703781137164.4,118735542215569.0,109865389217978.38,0.0062301538034436,0.0061793212552704,0.0054171279396128,0.0049210942297533,0.0045534632919653,0.0033515278442989,0.0033241823395209,0.002914158413827,0.002647315757489,0.0024495477146293
161,161,1000000.0,955,1.6,17.15,2.43,0.81,0.02,,0.0191,118907.0,11.8907,955.0,0.0190499549482865,0.0815531972188177,0.0197662325199459,0.0003813595807558,-8.328316787838726e-06,148686414252934.88,148499979060260.66,130270395347342.77,118368443839926.69,109644144700000.0,1.0026317440688048,11.921893411592968,149076470054365.75,148889545777810.8,130612139572699.4,118678965137101.6,109931779148298.72,0.006200347067669,0.0061925725651631,0.0054323837712701,0.0049360625000945,0.0045722519740185,0.0033289096265758,0.003324735567293,0.0029165971572352,0.0026501268065502,0.0024548002628444
162,162,1000000.0,960,1.6,17.15,2.43,0.81,0.02,,0.0192,119550.5,11.95505,960.0,0.0191481910648007,0.0852065995712816,0.0199523162098747,0.0003127706088233,2.5999497128406745e-07,148087599874599.75,149006053419477.94,130793344326024.06,118880345285685.16,110237516050000.0,1.0027101537853162,11.987394868749348,148488256833905.7,149409195291800.62,131147210981162.58,119201980842637.5,110535768084737.77,0.0062088466836953,0.0062473545483044,0.0054837530141329,0.0049842784825239,0.0046219118719287,0.0033265329474426,0.0033471644248946,0.0029380472745534,0.0026704422634377,0.0024762959862613
163,163,1000000.0,965,1.6,17.15,2.43,0.81,0.02,,0.0192999999999999,119969.0,11.9969,965.0,0.019278694319837,0.0851355265002739,0.0199295244760374,0.0001632908297889,2.356057880123856e-06,147197609802561.38,149221697898441.62,131068516534490.62,119167364860624.31,110623414900000.0,1.001105310608323,12.010166559743336,147360385676705.7,149386712074618.12,131213456336028.95,119299143984012.8,110745745847393.3,0.00620276526913,0.0062880583887644,0.0055231008392528,0.0050215977892758,0.004661563980656,0.0033171367102248,0.0033627500658804,0.0029536633667791,0.0026854677950963,0.0024929276437806
164,164,1000000.0,970,1.6,17.15,2.43,0.81,0.02,,0.0194,120202.5,12.02025,970.0,0.0193888025593196,0.0822983495072803,0.0199132224392672,0.0003249911267779,-4.535242948862078e-06,146072977227854.88,149205569959105.75,131140579723618.1,119269918797143.69,110768595964136.48,1.0005776836006284,12.027207151405038,146157522209761.12,149291928041565.0,131216482044159.0,119338950546328.48,110832707267399.4,0.0061877214967619,0.0063204196299253,0.0055551779641478,0.0050523310639922,0.004692210944289,0.0033023753292892,0.0033731960734728,0.0029647880351779,0.0026964195899672,0.0025042241591432
165,165,1000000.0,975,1.6,17.15,2.43,0.81,0.02,,0.0195,120170.5,12.01705,975.0,0.0194639425713489,0.0818877155858075,0.0195830661046755,0.0002970947694758,-5.15858789496944e-06,144623337121131.28,148859366926707.0,130922676343688.14,119108815699227.31,110640360086977.72,1.001854224097856,12.039337980142529,144891569513099.47,149135455868176.94,131165498168558.16,119329726398534.05,110845564371605.05,0.0061587966624924,0.0063391883388851,0.0055753529005815,0.0050722586769479,0.0047116288007509,0.0032797159199554,0.0033757790773082,0.002969017272281,0.0027011067980584,0.0025090622135411
166,166,1000000.0,980,1.6,17.15,2.43,0.81,0.02,,0.0196,120877.0,12.0877,980.0,0.0195718545094791,0.0817568230468506,0.0198297501773873,0.0003303014368276,3.3887991616885496e-06,144054551979722.53,149426249222464.56,131508322659661.95,119678962058512.52,111191503099303.62,1.0014382343548636,12.105085782421977,144261746160386.75,149641169534609.47,131697471553532.58,119851096740448.48,111351430238466.31,0.0061662604442835,0.0063961961441374,0.005629218632567,0.0051228624129711,0.004759556417198,0.0032769535867852,0.0033991489794667,0.0029915519066162,0.0027224575592417,0.0025293848052271
167,167,1000000.0,985,1.6,17.15,2.43,0.81,0.02,,0.0197,121168.0,12.1168,985.0,0.0196804696162188,0.0852899655425044,0.0198948472296916,0.0003436804881185,-5.5023724374178734e-06,142978886574172.88,149476952926724.62,131640406137353.44,119837081389455.38,111359619157660.16,1.000992456395616,12.128824360954638,143120774675079.06,149625289520246.8,131771042259069.6,119956004233966.88,111470129214483.94,0.0061512164996691,0.0064307753486816,0.005663414072225,0.0051556131816189,0.0047908970560077,0.0032621498591517,0.0034104071770302,0.0030034555634679,0.0027341555634017,0.0025407371301769
168,168,1000000.0,990,1.6,17.15,2.43,0.81,0.02,,0.0197999999999999,121494.0,12.1494,990.0,0.0197707736219285,0.0823249018624928,0.0198960910172904,0.0002617864737193,-4.298977648746139e-06,141937278025613.66,149569260225630.6,131809575077204.23,120030332842555.48,111559395009192.22,1.001478701011405,12.167378131195862,142147310373378.0,149790586034576.25,132004620909394.2,120207948286225.62,111724475543177.95,0.0061378518180804,0.0064678847486363,0.0056998954135363,0.0051905208195519,0.0048242085871025,0.0032480372276418,0.0034226845271474,0.0030162788293935,0.0027467272512335,0.0025528816187222
169,169,1000000.0,995,1.6,17.15,2.43,0.81,0.02,,0.0199,121343.0,12.1343,995.0,0.0198530308645672,0.0818940471577268,0.0198928949670467,0.0002657309567803,3.816175067407001e-06,140336352289220.9,149073894370598.38,131460977349474.66,119752144775020.56,111321031507938.72,1.0023681721964894,12.163009061240109,140668380089100.95,149426594696351.6,131772006518805.44,120035471514756.72,111584410714887.1,0.0060994956585929,0.0064792589852205,0.0057137416466759,0.0052048359191856,0.0048383910320926,0.003220603592905,0.0034211229805148,0.0030169210548238,0.0027482129999051,0.0025547259009659
170,170,1000000.0,1000,1.6,17.15,2.43,0.81,0.02,,0.02,121782.5,12.17825,1000.0,0.0199584735483426,0.085427702087768,0.0199229095090354,0.0002637322599878,-1.0104718448324957e-05,139414968369797.22,149303241534720.5,131751648937215.23,120056408294411.16,111624160326253.48,1.0020807994606302,12.203584966503064,139704999659487.84,149613843848113.75,132025737875490.31,120306167092482.88,111856377135959.2,0.0060894519343427,0.0065213579545897,0.0057547287988868,0.0052438969521512,0.0048755880876084,0.0032086520360277,0.0034362318159784,0.0030322798301763,0.0027631124793591,0.0025690432920423
171,171,1000000.0,1005,1.6,17.15,2.43,0.81,0.02,,0.0201,121815.5,12.18155,1005.0,0.0200253946262022,0.082434131715857,0.0199057990412001,0.0003245928722697,2.673030058309631e-06,138022681758271.1,149033021659707.3,131601535111108.86,119959431022604.28,111552820686061.23,1.003732212459135,12.22709475711017,138538725243408.4,149590230945297.9,132093571013925.9,120407939065423.02,111969897833312.7,0.0060592264708677,0.0065425828448647,0.0057773367028805,0.0052662457403588,0.0048971936741871,0.003185376487898,0.0034394802149015,0.0030371851233001,0.002768501134837,0.0025744879583951
172,172,1000000.0,1010,1.6,17.15,2.43,0.81,0.02,,0.0202,122407.5,12.240749999999998,1010.0,0.0201616101267631,0.0852547492522848,0.0197162068997309,0.0002947220362277,-1.6294586019700014e-05,137256431149946.64,149445106465068.44,132054375125996.6,120412271946974.84,111991539483104.52,1.001904164675758,12.264046258105065,137517653807598.28,149729526273719.8,132305697373966.52,120641437264973.66,112204678695112.12,0.0060557880562349,0.0065935554582884,0.0058262720439522,0.0053126195411856,0.0049410947197093,0.0031764601462594,0.0034585368478741,0.003056071443885,0.0027866438006265,0.0025917668039736
173,173,1000000.0,1015,1.6,17.15,2.43,0.81,0.02,,0.0203,122486.5,12.24865,1015.0,0.0202312166639444,0.0754001754486733,0.0197797979430525,0.0002615333604548,9.342978088623836e-06,135896073941035.42,149229167520367.97,131952762330560.52,120359761330510.3,111960343891341.06,1.003399875863578,12.290296841523396,136358136474871.72,149736564130638.4,132401417144058.77,120768998585711.94,112341022145593.38,0.0060263347628784,0.0066175930899491,0.0058514679315572,0.0053373743090807,0.004964900698669,0.0031538460846395,0.0034632775771163,0.0030623305792791,0.0027932827712527,0.002598350945516
174,174,1000000.0,1020,1.6,17.15,2.43,0.81,0.02,,0.0204,123009.0,12.3009,1020.0,0.0203723564346773,0.0790342035876543,0.0199565345374724,0.000167818438342,1.5179286301229682e-06,134941162926934.31,149537700865300.12,132328007528351.78,120742410711762.44,112334026986906.02,1.0013569483669529,12.317596660270794,135124325683638.05,149740676272711.25,132507623311425.52,120906300753298.5,112486503885787.44,0.0060136873723765,0.0066641858116696,0.0058972314349764,0.0053809163553806,0.0050061945882676,0.0031405402438338,0.0034802513729051,0.0030797232216989,0.0028100869427302,0.0026143952286473
175,175,1000000.0,1025,1.6,17.15,2.43,0.81,0.02,,0.0204999999999999,123289.0,12.3289,1025.0,0.020421709412858,0.0855970776152938,0.019526282701869,7.71560879886575e-05,-6.310277581446426e-06,133710217158078.66,149547150186920.44,132441157111007.16,120886175261126.94,112485576798944.05,1.003836870582922,12.37621403640954,134223350534368.94,150121060212055.47,132949420275577.56,121350094418368.48,112917257376790.69,0.0059878203273253,0.0066970309735131,0.0059309891912464,0.0054135331832228,0.0050373369934126,0.0031204178556894,0.0034900070288498,0.0030908015876509,0.0028211410302689,0.0026250948492289
176,176,1000000.0,1030,1.6,17.15,2.43,0.81,0.02,,0.0206,123835.0,12.383500000000002,1030.0,0.020568446104562,0.079063498763044,0.0198563203074693,0.0003096719007247,1.1533007756860658e-05,132757450641661.28,149877035136652.03,132838792802432.48,121284928819112.64,112879120093981.0,1.0015344391593586,12.402494301234308,132961079261081.16,150106922450698.2,133042546187670.2,121470960431594.7,113052258545156.23,0.0059745923834917,0.0067450390788595,0.0059782530914358,0.0054582850789363,0.0050799915779423,0.0031066946540157,0.0035073148932,0.0031085981649282,0.0028382229257479,0.0026415162181181
177,177,1000000.0,1035,1.6,17.15,2.43,0.81,0.02,,0.0207,123560.5,12.35605,1035.0,0.0206860111909463,0.0821191437953673,0.0198131906547475,0.0002985066390719,-1.3443668029479148e-05,130921679049780.56,149213143249633.97,132355857454299.56,120879729142889.66,112524524976451.95,1.000676244893439,12.364405702640976,131010214028143.16,149314047717900.06,132445362286966.9,120961473314533.48,112600618992785.69,0.0059207945747406,0.0067480067124446,0.0059856537774206,0.0054666580027072,0.0050888027242037,0.0030718655043637,0.0035010451353282,0.0031055161816229,0.0028362473871854,0.0026402060314139
178,178,1000000.0,1040,1.6,17.15,2.43,0.81,0.02,,0.0208,123852.5,12.38525,1040.0,0.0206315638151863,0.0754596618917089,0.0197930422106635,0.0001524758023256,-9.24106449935168e-06,129685938657550.4,149233316589799.9,132479720353990.4,121028719360637.1,112685817353220.72,1.008204409555587,12.48686398257336,130749938553455.48,150457691683667.25,133566641651128.05,122021691660751.16,113610340853416.1,0.0058928102350572,0.0067810251790987,0.006019757115696,0.0054994341219021,0.0051203402984059,0.0030509672322479,0.0035108352037876,0.0031166932199543,0.0028472991039167,0.0026510255455805
179,179,1000000.0,1045,1.6,17.15,2.43,0.81,0.02,,0.0209,123863.0,12.3863,1045.0,0.0208463702294919,0.0823288161544494,0.0198840656966356,0.0002731696644172,3.019324784173585e-06,128151665773000.66,148913490781356.75,132302013319191.36,120902293833447.1,112584182034358.6,1.0025743929228146,12.418206272930965,128481775815927.95,149297081884428.06,132642814377318.28,121213729983470.05,112874191289721.16,0.005851519049297,0.0067995224466915,0.006041027609964,0.0055205062782661,0.0051406938946116,0.0030226695090083,0.0035123715743352,0.0031205623370412,0.0028516810525651,0.002655484594595
180,180,1000000.0,1050,1.6,17.15,2.43,0.81,0.02,,0.021,124618.0,12.4618,1050.0,0.0209028989672787,0.0788782306242802,0.0198695588632948,0.0002439325333748,-3.674703616373847e-06,127378120571033.84,149486680500732.06,132918562180782.38,121501727719681.48,113158248383195.8,1.0046585820329896,12.519812733911598,127971096948029.69,150182577643939.06,133537330671667.0,122067348047403.1,113685027769268.2,0.0058442412739547,0.0068586051055892,0.0060984425244243,0.0055746262294723,0.0051918186791011,0.0030122145843431,0.0035350337809249,0.0031432339379476,0.0028732507169942,0.002675945637999
181,181,1000000.0,1055,1.6,17.15,2.43,0.81,0.02,,0.0210999999999999,124501.5,12.45015,1055.0,0.0210760447696429,0.0783083084510778,0.0195561914043851,0.0002971118675964,-7.2805183012008495e-06,125705807137963.28,149012740407759.88,132605162198442.84,121250750254607.52,112940382241485.38,1.0011366256582723,12.46430198312447,125848695895228.38,149182121964414.34,132755893395870.2,121388574985348.31,113068760645243.78,0.0057958280591731,0.0068704242205907,0.0061139317057758,0.0055904219265715,0.0052072617113903,0.0029800640586493,0.0035325934583328,0.0031436246809603,0.0028744495671664,0.0026774385491879
182,182,1000000.0,1060,1.6,17.15,2.43,0.81,0.02,,0.0212,124827.5,12.48275,1060.0,0.0211479124678817,0.075293049243669,0.0198895524823402,0.0003493678488438,-7.638065943736928e-06,124477660380160.94,149067855181796.0,132762745773832.12,121430487870307.16,113123737277944.48,1.0024672593575437,12.513551380632222,124784810951755.98,149435682443215.44,133090339923066.78,121730119496130.78,113402871866912.28,0.0057655571784516,0.0069045260000466,0.0061493058239489,0.005624418219987,0.0052396660856591,0.0029583091210738,0.0035427143657457,0.0031552106664122,0.0028858906790669,0.0026884742433079
183,183,1000000.0,1065,1.6,17.15,2.43,0.81,0.02,,0.0213,124813.0,12.4813,1065.0,0.0212239188658713,0.0782928601509205,0.0197995579051364,0.0002655359305134,4.050471345150592e-06,122906081747480.52,148715511840409.94,132557710644511.95,121278647985893.06,112998237000600.16,1.0035941177962735,12.526140497276293,123347635898397.31,149249789319808.94,133033939375742.44,121714355394951.77,113404196086468.72,0.0057198271692209,0.0069209514534606,0.0061689965545562,0.0056440893398696,0.0052587339607655,0.0029279805259021,0.0035428362565729,0.0031579104126249,0.0028892103178426,0.0026919468320436
184,184,1000000.0,1070,1.6,17.15,2.43,0.81,0.02,,0.0214,125236.0,12.523599999999998,1070.0,0.0213831569894864,0.0786946141771095,0.0198326539844832,0.0002685996596664,1.994918164283586e-06,121760222611508.48,148883356121034.62,132816702029624.0,121550420613316.2,113268455356039.0,1.0007876968664218,12.533468825321805,121856171888720.88,149000678922376.3,132921364014368.7,121646204562725.69,113357712965702.31,0.0056939391941067,0.0069623129671216,0.0062109793255831,0.0056841281097076,0.0052968340856722,0.0029076720901602,0.0035553809774458,0.0031717042669251,0.002902661953011,0.0027048860397138
185,185,1000000.0,1075,1.6,17.15,2.43,0.81,0.02,,0.0215,125404.5,12.54045,1075.0,0.0214718672433491,0.078669206896118,0.0198213227746414,0.0001407398824947,2.587368439350806e-05,120359547494839.12,148747057387262.06,132804889595708.31,121570327887090.56,113307961233083.28,1.0013102192567052,12.556880419133384,120517241820963.36,148941944851247.03,132978889731191.52,121729608570109.77,113456416615004.08,0.0056547397807537,0.0069884435442387,0.0062394476209514,0.0057116247407949,0.0053234417144039,0.0028808450964255,0.003560309421238,0.0031787284260896,0.0029098255207331,0.0027120630751648
186,186,1000000.0,1080,1.6,17.15,2.43,0.81,0.02,,0.0216,125569.5,12.55695,1080.0,0.0215578800897446,0.0783648615507185,0.0199295059660979,0.0001761596497685,1.001376569621146e-05,118866795241547.6,148604082375789.47,132788863972844.66,121586460192164.44,113344004495648.9,1.0019542160671209,12.581504285566504,119099231401183.16,148894667834440.12,133048523817475.78,121824214476809.88,113565641203100.77,0.0056103764367541,0.007013942291221,0.006267482117127,0.0057387415039186,0.0053497070462574,0.0028516852251888,0.0035651004576395,0.0031856839472409,0.0029169316074217,0.0027191901853428
187,187,1000000.0,1085,1.6,17.15,2.43,0.81,0.02,,0.0217,125675.5,12.56755,1085.0,0.0216731710230533,0.0787884865465444,0.0198662526042793,0.0002025744387693,5.308182466096301e-06,117295799566732.4,148389352825714.25,132710034566843.9,121545153571697.72,113328118491270.4,1.0012380427988894,12.583102078443629,117440950648364.84,148572981524652.78,132874260439654.44,121695563139416.95,113468359651134.12,0.0055622657296543,0.0070367482460314,0.0062932217520068,0.0057637736800011,0.005374114947156,0.0028202885204792,0.003567909421152,0.0031909121078827,0.0029224610139864,0.002724888638886
188,188,1000000.0,1090,1.6,17.15,2.43,0.81,0.02,,0.0218,125645.5,12.56455,1090.0,0.0217769751027389,0.0784353363728199,0.0198595966535449,0.0001477257926157,3.019329492299104e-05,115596861290570.08,148013837718947.34,132487477267185.72,121372229566345.52,113189599025691.95,1.0010574436084698,12.577847398493155,115719200533053.0,148170484712484.75,132627692299206.38,121500681035164.28,113309390598293.1,0.0055069619371934,0.0070512863532451,0.0063116202837999,0.0057820968579247,0.0053922814734029,0.002785667910706,0.0035668563442886,0.003192700129339,0.0029248434722111,0.0027276573975392
189,189,1000000.0,1095,1.6,17.15,2.43,0.81,0.02,,0.0219,126207.5,12.62075,1095.0,0.0218750203641775,0.0784464574518518,0.0198823083278412,0.0003335531244945,1.453954829620074e-05,114435502176030.9,148334274814285.7,132888348895746.28,121770561991222.44,113583919512420.16,1.001141941922437,12.635164217644864,114566199498667.42,148503688083811.38,133040121300987.66,121909636720004.72,113713644238510.84,0.0054764422560126,0.0070987069149078,0.0063595244079492,0.0058274699594651,0.0054356887905686,0.0027635785009104,0.0035822223438521,0.0032092084802919,0.0029407177035417,0.0027430130688885
190,190,1000000.0,1100,1.6,17.15,2.43,0.81,0.02,,0.022,126049.5,12.60495,1100.0,0.0218239224084299,0.0752840617492707,0.0199528207930822,0.0001813444243647,-6.157581916171295e-06,112615928294282.9,147807387542706.75,132530493262628.2,121473743935260.12,113329897736550.77,1.0081126989547011,12.70712131988169,113528753655234.7,149005462574619.06,133604739128039.31,122458367654420.95,114248510284303.88,0.0054143703782975,0.0071063121613979,0.0063718266839413,0.0058402381516163,0.0054486967392109,0.0027254646863685,0.0035771477555053,0.0032074253147424,0.0029398363484727,0.0027427437563147
191,191,1000000.0,1105,1.6,17.15,2.43,0.81,0.02,,0.0220999999999999,126396.5,12.63965,1105.0,0.0220100985176259,0.0787210311119601,0.0197862323646358,0.0003530302902017,-8.674870485002745e-06,111245021173993.77,147872158678646.56,132696445422954.3,121663377267437.38,113529748950035.5,1.00408851988101,12.691304218703218,111699644098945.44,148476465034004.8,133238733477846.4,122160576691277.78,113993708828796.88,0.0053727708208458,0.0071417418144179,0.0064088044792883,0.0058759433586306,0.0054831157027934,0.0026978202134342,0.0035860705897431,0.0032180420205322,0.0029504773783394,0.0027532275000826
192,192,1000000.0,1110,1.6,17.15,2.43,0.81,0.02,,0.0222,126454.5,12.64545,1110.0,0.0221742249901807,0.0787704682815201,0.0199057256781802,0.0002577108187564,3.2192531486179263e-06,109614371211483.5,147597730431428.56,132555761646121.14,121574368802312.12,113469660122640.2,1.0011624055014576,12.660149301126442,109741788950687.98,147769300718384.88,132709846874917.4,121715689060292.86,113601559319810.52,0.0053187503423859,0.0071617933906945,0.0064319212421543,0.0058990779087268,0.0055058181418868,0.0026637498350315,0.0035867872592107,0.0032212508662399,0.0029543909367177,0.0027574375977545
193,193,1000000.0,1115,1.6,17.15,2.43,0.81,0.02,,0.0223,126351.0,12.635099999999998,1115.0,0.0222562335558222,0.0754008127962836,0.0195597651358977,0.0002625768504912,-5.330367933398443e-06,107844333534647.6,147134922493533.8,132245858238044.6,121330145058188.8,113264695108871.52,1.0019676757476048,12.660013328624196,108056976198465.56,147425036594425.56,132506614743768.62,121569378445803.95,113488025400738.38,0.0052564353578911,0.0071714960223395,0.0064457888735877,0.0059137466342358,0.0055206289348504,0.0029228799817502,0.00398776370976,0.0035842288513858,0.0032883828064967,0.0030697867854726
194,194,1000000.0,1120,1.6,17.15,2.43,0.81,0.02,,0.0224,126442.5,12.64425,1120.0,0.0223836765160285,0.0784929116280143,0.0196995904474775,0.0002149337094758,-1.809549166843332e-06,106240893739034.0,146899223275939.84,132140071609989.36,121270838926659.95,113234544387508.88,1.000729523745626,12.653492084632967,106318548588583.69,147006596592192.94,132236656992691.06,121359479641362.0,113317311118837.77,0.0052011218880019,0.0071915882728522,0.0064690402588391,0.0059369268510405,0.005543502568215,0.0032546501445658,0.0045002029015874,0.0040480617964754,0.0037150869081898,0.0034688980230712
195,195,1000000.0,1125,1.6,17.15,2.43,0.81,0.02,,0.0225,126590.0,12.659,1125.0,0.0224617331900844,0.0787265183157109,0.0197693083113634,0.0002959227928129,8.500604859216197e-06,104681328451782.48,146727937200000.0,132092427396386.84,121264575202012.08,113252433997092.38,1.0017039946054522,12.680600474549156,104859949699195.0,146978303980404.38,132317821117542.7,121471492997285.44,113445680408197.86,0.0051480277291599,0.0072157996131656,0.0064960532036223,0.0059635601203924,0.0055695383239279,0.0032200870978758,0.0045134767055739,0.0040632759201382,0.0037302019358424,0.0034837416271904
196,196,1000000.0,1130,1.6,17.15,2.43,0.81,0.02,,0.0226,126884.5,12.68845,1130.0,0.0225892601929444,0.0781762580447602,0.0193095398230596,0.0002287439723739,-4.133605364538922e-06,103237444091720.05,146725839493082.7,132197468192348.56,121398611623883.3,113399549649865.8,1.0004754706644137,12.694481115126212,103286515247822.88,146795581694058.62,132260304720849.84,121456315204924.78,113453451090877.05,0.0050997716970041,0.0072480318555853,0.0065303525540983,0.0059969055710546,0.0056017641549088,0.0031888112115163,0.0045320862610565,0.0040833320934535,0.0037497756479211,0.0035026996114232
197,197,1000000.0,1135,1.6,17.15,2.43,0.81,0.02,,0.0227,126665.5,12.66655,1135.0,0.0226121867348183,0.0751633291777699,0.0198656860753631,0.0002323275148007,2.5416138336540643e-05,101374755012107.77,146129739770075.2,131767387121147.7,121041261259416.5,113087669494620.88,1.0038863366512374,12.715709305112068,101768193834225.95,146696874188153.0,132278780767192.48,121511026451469.66,113526566530443.5,0.0050295472333283,0.0072499946192697,0.0065374293359221,0.0060052696612007,0.005610664855982,0.0031439004311412,0.0045318713895863,0.0040864566837281,0.0037538110293229,0.003507149021849
198,198,1000000.0,1140,1.6,17.15,2.43,0.81,0.02,,0.0228,126523.0,12.6523,1140.0,0.0227788467756226,0.0752130240303289,0.019656378982748,0.0002564582415478,4.707021200936623e-06,99516634380467.0,145622874027969.94,131417463598299.66,120757435990704.23,112844420471863.12,1.0009286803272943,12.664052938521092,99609077089357.88,145758145613825.1,131539539534711.94,120869609644598.28,112949243589893.36,0.0049594735471956,0.0072572067584921,0.0065492712691983,0.0060180221442518,0.005623672080179,0.0030987683094285,0.0045344333635779,0.0040921025317936,0.0037601685196187,0.0035137715039393
199,199,1000000.0,1145,1.6,17.15,2.43,0.81,0.02,,0.0229,126584.5,12.65845,1145.0,0.0227610712387331,0.0814816944756532,0.0196998057864154,0.0002379047058246,3.4535072754057663e-06,97786092578881.88,145346102362619.8,131279560806588.72,120668409112816.9,112783191000794.02,1.0061124288447354,12.73578185959307,98383478544893.9,146234037645399.8,132081562044002.1,121405585660564.2,113472195886141.88,0.0048946047369114,0.0072751830281163,0.0065710935291257,0.0060399608089741,0.0056452725163464,0.003088978472914,0.0045913582338708,0.0041470082970954,0.003811811151055,0.0035627238998938
200,200,1000000.0,1150,1.6,17.15,2.43,0.81,0.02,,0.023,127187.5,12.71875,1150.0,0.0229568043340577,0.0784292958975836,0.0196329253927709,0.0001565417420606,2.050330528386112e-05,96464519334838.9,145676294059938.88,131702183182784.28,121094799056841.05,113203813275833.16,1.0018832250983842,12.74267036686698,96645941777463.9,145950269914306.3,131949877691986.4,121322544080457.6,113416717589881.22,0.004850072607358,0.0073243572686975,0.0066217626479519,0.0060884413445368,0.0056916959479349,0.0030920097228936,0.0046694113103384,0.0042214944285782,0.0038814923731277,0.003628559948581
201,201,1000000.0,1155,1.6,17.15,2.43,0.81,0.02,,0.0231,127053.0,12.7053,1155.0,0.0230627618550442,0.0822385412687886,0.0199357817401891,0.0002940284971488,-8.713113395903661e-07,94577010172524.28,145160443899013.75,131360380240170.05,120818470944024.14,112967590694855.72,1.0016154203800272,12.7258301333022,94729834476253.1,145395004536185.1,131572641746545.95,121013698078672.58,113150131815159.34,0.0047753214554944,0.0073293475970064,0.0066325636750253,0.0061002883836841,0.0057038867969773,0.0030445219943737,0.0046728498115707,0.0042286129166164,0.0038892590434471,0.003636531900242
202,202,1000000.0,1160,1.6,17.15,2.43,0.81,0.02,,0.0232,126585.0,12.6585,1160.0,0.0231683917273812,0.0786553415813114,0.0198797832323242,0.0003574564749427,7.002981617470397e-06,92449713913243.56,144265279400611.2,130667099876217.2,120225710895573.44,112435393252404.4,1.0013643054126269,12.67577113655075,92575851420299.95,144462113570541.3,130845380819824.48,120389745707738.28,112588799029550.16,0.0046881187921132,0.0073156826428057,0.0066261198711279,0.0060966377362036,0.0057015912510003,0.002988872563172,0.004664054837676,0.004224429619066,0.0038868625274582,0.0036350038069012
203,203,1000000.0,1165,1.6,17.15,2.43,0.81,0.02,,0.0233,127187.0,12.7187,1165.0,0.0232814388424457,0.078374623999017,0.0196993872830929,0.0003543081904362,-4.839189367673454e-06,91101995158309.2,144589181510070.84,131068103223304.2,120649040553762.6,112853468874815.48,1.000797469202173,12.728832918302878,91174575616545.34,144704374915349.8,131172524459914.44,120745160980476.94,112943378612469.86,0.0046401990285202,0.0073645212534775,0.0066758371667922,0.0061451514842966,0.0057480909800941,0.0029577321463155,0.0046942558109582,0.0042552782909585,0.0039170113129563,0.0036639190188341
204,204,1000000.0,1170,1.6,17.15,2.43,0.81,0.02,,0.0233999999999999,126450.5,12.64505,1170.0,0.0233859643933555,0.0750801055472279,0.019863686413263,0.0003040766205267,1.5423056731505254e-05,88797420610823.25,143391828253437.97,130089995410958.9,119797939911704.14,112081636396768.06,1.0006001806653682,12.65264067797603,88850724680396.62,143477904717561.6,130168086937925.44,119869853236211.5,112148917713086.66,0.0045423952647757,0.0073351495706235,0.0066546998221861,0.0061282139868653,0.0057334896772321,0.0028951306469182,0.0046751141377586,0.0042414242438682,0.0039058644371677,0.0036542838548338
205,205,1000000.0,1175,1.6,17.15,2.43,0.81,0.02,,0.0235,127037.5,12.70375,1175.0,0.0233497278039748,0.078587074594641,0.0198427914095883,0.0002591301223508,-2.690837871677456e-06,87424349318646.67,143695717910473.66,130473739622875.06,120200451194738.31,112481176145437.28,1.0064702624800217,12.785981092591465,87990245196916.47,144625857112244.25,131318293251817.92,120978506055053.6,113209264309200.88,0.0044909389877562,0.0073815671145079,0.0067023616271371,0.0061746286569296,0.0057780938980632,0.0028621680062939,0.0047044249073646,0.0042715532471279,0.0039352181449784,0.0036824983678215
206,206,1000000.0,1180,1.6,17.15,2.43,0.81,0.02,,0.0236,127116.0,12.7116,1180.0,0.0235535517134621,0.0783302525668094,0.0198063154265038,0.0002443303320523,-4.838346264505719e-06,85691987376580.89,143422533711348.8,130334076124773.06,120121024824258.48,112429848688973.4,1.0019725127973438,12.73667017314261,85860991511423.5,143705395644755.7,130591124635962.06,120357930869949.94,112651585981920.78,0.0044210042519101,0.0073994273066759,0.0067241701628906,0.0061972604178041,0.0058004587629789,0.0028171195423998,0.0047150081928098,0.0042847258434814,0.0039489723233795,0.0036961253156479
207,207,1000000.0,1185,1.6,17.15,2.43,0.81,0.02,,0.0237,127265.0,12.7265,1185.0,0.0236516367017429,0.0788149970049061,0.0197291699987697,0.0002559817287805,-6.935288514204306e-06,84003954101073.81,143228245470898.72,130266303160587.56,120107943879557.9,112440659868821.28,1.0020479285268569,12.752524476589915,84175734161338.92,143521133548631.97,130532685304700.84,120353553149487.31,112670590275493.23,0.0043522796183516,0.0074207146580888,0.0067491510640282,0.0062228422666885,0.0058255971097773,0.002772920213012,0.004727878600365,0.0043000126479014,0.0039646912921053,0.0037115988390204
208,208,1000000.0,1190,1.6,17.15,2.43,0.81,0.02,,0.0237999999999999,127255.0,12.7255,1190.0,0.0237451146349485,0.0782206086927618,0.0195823375796071,0.0002738278934011,3.6855282279611094e-07,82209016121868.1,142854617546186.97,130035539602244.6,119944636614679.77,112310859880228.16,1.0023141295358509,12.75488867110312,82398872216836.22,143184530506041.38,130335847779140.4,120221640541916.6,112570234122680.62,0.0042769413195035,0.0074320414631825,0.0067651262424103,0.0062401448963905,0.0058429960594425,0.0027248145082735,0.0047349105101401,0.0043100226911136,0.0039755601204712,0.0037225388999263
209,209,1000000.0,1195,1.6,17.15,2.43,0.81,0.02,,0.0239,126994.5,12.69945,1195.0,0.0238654397940081,0.0784225945701842,0.0197530113268366,0.0003750927892021,4.723045831147426e-06,80256052027322.34,142200552234824.28,129549271349232.52,119545546789316.08,111960234388403.02,1.0014493262989634,12.717862055944687,80372409737288.28,142406718999771.84,129737095895309.4,119718867625684.84,112122557803916.28,0.0041931887064702,0.0074296421842666,0.006768642710809,0.0062459717870885,0.0058496571729117,0.0026707593711567,0.0047321472695357,0.0043111381851264,0.0039782344297091,0.0037258105480684
210,210,1000000.0,1200,1.6,17.15,2.43,0.81,0.02,,0.024,126849.0,12.6849,1200.0,0.0239836464058953,0.0788256755113163,0.0198560566416361,0.000303754940053,2.2263422561571637e-06,78299106200640.44,141676412912487.8,129181020153490.66,119255202469242.38,111711380533460.1,1.000681864403708,12.693549339571256,78352495313495.5,141773016543932.9,129269103662975.88,119336517949994.72,111787552175665.2,0.0041080598362198,0.0074332289328321,0.0067776426353398,0.0062568722849629,0.0058610762994179,0.0026161355661722,0.0047337028568154,0.0043162058636015,0.003984563704104,0.0037325089639068
211,211,1000000.0,1205,1.6,17.15,2.43,0.81,0.02,,0.0241,126756.0,12.6756,1205.0,0.024065668636922,0.0752249296870154,0.0196663245092829,0.0001764717388007,1.0510097229275593e-05,76369933340530.64,141211589485761.9,128866647440171.62,119014503624938.6,111508988263117.88,1.0014271788251,12.693675981725203,76478840336603.28,141412963630649.06,129050417136605.48,119184223716497.05,111668005148633.34,0.0040239808926259,0.0074405294472933,0.0067900665132675,0.0062709507208375,0.0058754802904705,0.0025617694352002,0.0047368318658553,0.0043227304802917,0.0039922480535948,0.0037404814353944
212,212,1000000.0,1210,1.6,17.15,2.43,0.81,0.02,,0.0242,126914.0,12.6914,1210.0,0.0241714425006875,0.0754046969717438,0.0196962486737519,0.000204096602529,6.895210039667515e-06,74591027042817.94,141026205667731.62,128807341551411.12,119009396611411.3,111527342341444.86,1.0011814840497997,12.706395539090932,74679160161453.66,141192835352394.94,128959534022331.05,119150012308582.2,111659117608301.86,0.003946557263852,0.0074615944898036,0.0068151032314569,0.0062967010548575,0.0059008309777405,0.0025120321633629,0.0047493965234051,0.0043378968983585,0.004007927546817,0.0037559513813273
213,213,1000000.0,1215,1.6,17.15,2.43,0.81,0.02,,0.0243,127169.5,12.71695,1215.0,0.0242571270445068,0.0818020525241169,0.019706413857995,0.0002349551275864,1.9224086147831287e-06,72863318284675.22,140947985874913.2,128846273618583.94,119095217009890.4,111630793898335.66,1.001768566998464,12.739425088110488,72992092047131.66,141197087931737.7,129073987917396.6,119305697942490.95,111828082708050.92,0.0038707921183437,0.0074877231186408,0.0068448315577975,0.0063268162662211,0.0059302761301364,0.0024633712193123,0.0047651852811283,0.0043560492387624,0.0040263844256133,0.0037740263736517
214,214,1000000.0,1220,1.6,17.15,2.43,0.81,0.02,,0.0243999999999999,126786.5,12.67865,1220.0,0.0243607049776528,0.0781008631614324,0.0197328253152818,0.00020725454127,4.662248926174874e-06,70771655906724.62,140158207254905.72,128238702054147.48,118581912592619.2,111172026081453.06,1.00161341938113,12.699106192678228,70885841457188.2,140384343578019.12,128445607016270.84,118773236941201.05,111351395051016.16,0.0037754231926305,0.0074769558452201,0.0068410914472055,0.0063259351119142,0.0059306432817232,0.0024019785536444,0.0047569468826226,0.0043524008041755,0.004024650931907,0.0037731605823211
215,215,1000000.0,1225,1.6,17.15,2.43,0.81,0.02,,0.0245,127300.5,12.73005,1225.0,0.024383389665445,0.0784570379167965,0.0198293281754363,0.0002078247510571,-1.2633598369722358e-05,69178760470128.08,140359062679299.72,128538600024193.56,118904737629904.31,111499661006388.28,1.0048042686391865,12.791107956438037,69510567002170.17,141032275866581.47,129155117967240.38,119475048059987.69,112034453991850.52,0.0037055725133248,0.0075183579631356,0.0068851927949269,0.0063691532555823,0.0059724990193877,0.0023568951139076,0.0047819820241553,0.0043792631768296,0.0040510410021209,0.0037987527449525
216,216,1000000.0,1230,1.6,17.15,2.43,0.81,0.02,,0.0246,126968.0,12.6968,1230.0,0.0245698620788061,0.0783235212118938,0.0195331060883375,0.0003595991405547,1.7854276391694405e-05,67123172382067.68,139626059859946.12,127983451447004.6,118436666153606.23,111085690053976.48,1.0012270056613028,12.712390953009413,67205595845180.56,139797512772346.56,128140607894100.94,118582099687771.72,111222097004834.16,0.0036098753835838,0.0075090711375537,0.0068829331881826,0.0063695083305666,0.0059741738026286,0.0022956412368949,0.0047752710336034,0.0043770888406398,0.0040505846957737,0.0037991781655566
217,217,1000000.0,1235,1.6,17.15,2.43,0.81,0.02,,0.0247,126740.5,12.67405,1235.0,0.0246667842363876,0.0783855570624216,0.0196093702551301,0.0002368960988533,-2.682960820611197e-06,65131363167291.84,139010141009426.69,127535110369815.66,118067234100575.9,110764126107843.31,1.0013466977839085,12.691127840103714,65219125406347.86,139197452323564.94,127706959480597.6,118226325578474.28,110913376902569.36,0.0035171238669328,0.007506612189801,0.0068869552046908,0.0063756854879772,0.005981314263809,0.0022358784613609,0.0047720447581513,0.0043781212687156,0.0040531008853582,0.0038023942968901
218,218,1000000.0,1240,1.6,17.15,2.43,0.81,0.02,,0.0248,126917.0,12.6917,1240.0,0.0247706259657433,0.0746527814147441,0.019131723783146,0.0002955707762563,5.250545990426806e-06,63347920805946.91,138837480230473.23,127493390338709.69,118074218273737.38,110795684924795.7,1.001185869645782,12.70674412882138,63423010374812.48,139002051480804.05,127644514852220.9,118214177755146.0,110927016783952.6,0.0034346666130955,0.0075276418219737,0.0069125755923092,0.0064018766553439,0.0060072412013644,0.0021828454352032,0.0047840679867705,0.0043931728394361,0.0040686065950537,0.0038178025734919
219,219,1000000.0,1245,1.6,17.15,2.43,0.81,0.02,,0.0249,126490.0,12.649,1245.0,0.0248787096395516,0.0752205496104076,0.019582692436098,0.0001586125934277,-8.220065244967008e-06,61266953314730.07,138005359534436.3,126845862419354.84,117520061286372.5,110300643984253.52,1.0008561500214417,12.65983123888229,61319415723374.39,138123532434756.8,126954479530359.2,117620692787459.86,110395093555276.06,0.0033355995894732,0.0075135223101994,0.0069059580038013,0.006398226890245,0.0060051751047992,0.0021189336434961,0.0047729515420508,0.0043869974085039,0.0040644621312604,0.0038147766910637
220,220,1000000.0,1250,1.6,17.15,2.43,0.81,0.02,,0.025,126600.5,12.66005,1250.0,0.0249735253096332,0.0754885351169233,0.019599435956374,0.0002565396011953,-1.1810467776570133e-05,59451004074885.61,137760584937860.7,126737893630184.34,117465680520210.88,110274614804474.8,1.0010601175165357,12.673470710301164,59514027104241.92,137906622662938.4,126872246381918.4,117590203951681.6,110391515105726.66,0.003249731521016,0.0075303171442194,0.0069277909472881,0.0064209500001595,0.0060278694577908,0.0020637478720631,0.0047821415036418,0.004399506154002,0.0040776358950754,0.0038280093866649
221,221,1000000.0,1255,1.6,17.15,2.43,0.81,0.02,,0.0251,126924.0,12.6924,1255.0,0.0250637526328318,0.081962635222325,0.0196328949343022,0.0002526146877111,-1.842867518760956e-06,57646992329469.766,137746334308580.22,126842406000000.0,117608392439553.44,110433698458122.4,1.001446577584829,12.710726656614977,57730229277037.47,137945227328721.8,127025554751928.69,117778208126364.34,110593154547621.9,0.0031632608304869,0.0075585484385929,0.006960217668449,0.0064535200555536,0.0060598233937662,0.0020083715778635,0.0047989636857223,0.0044190802118916,0.004097375130065,0.0038474149692674
222,222,1000000.0,1260,1.6,17.15,2.43,0.81,0.02,,0.0252,126481.5,12.64815,1260.0,0.0251440119059224,0.0783915154692206,0.0194763388596708,0.0001701110337461,1.3430383502559518e-06,55495247518742.266,136901113128318.56,126181616443548.38,117041472669617.22,109926417895186.38,1.0022281060279274,12.67635334480735,55618993015193.55,137206380641596.64,126462981199414.34,117302456371618.0,110171536166817.78,0.0030576565502057,0.0075429267190112,0.0069523078693154,0.0064487076201095,0.0060566849729673,0.0019404339782911,0.0047868526307655,0.004412037191114,0.0040924450397426,0.0038436616815452
223,223,1000000.0,1265,1.6,17.15,2.43,0.81,0.02,,0.0253,126868.5,12.68685,1265.0,0.0252843158149289,0.0782774038277806,0.0192664644814716,0.0002406734958901,-1.6013494148400086e-05,53708311596547.44,136953886756252.4,126348456079493.08,117242211485087.72,110139903744926.72,1.000620467794784,12.694737711020508,53741703308538.445,137039034187006.98,126427009866244.12,117315103706844.88,110208380296045.9,0.0029709434775979,0.0075757782081596,0.0069891253389925,0.0064854018522744,0.0060925286780992,0.0018846443362059,0.0048057620752531,0.0044336136262733,0.0041140721663243,0.0038648495849661
224,224,1000000.0,1270,1.6,17.15,2.43,0.81,0.02,,0.0254,126855.5,12.68555,1270.0,0.0253477643773294,0.0750800793964271,0.0196094469361526,0.0001496451311064,-2.2610393738394533e-06,51746271971105.61,136573783200654.1,126116289033410.14,117072836807735.23,110002286789083.05,1.0020616353601897,12.711705743583158,51852965194581.19,136855378311120.58,126376322324644.44,117314223826831.48,110229095371037.8,0.0028735140567471,0.007584057186368,0.0070033437292767,0.0065011532119288,0.0061085196154665,0.0018222892408907,0.0048095626261397,0.0044412930217461,0.0041228201141604,0.0038738246457842
225,225,1000000.0,1275,1.6,17.15,2.43,0.81,0.02,,0.0255,126795.5,12.67955,1275.0,0.0254810719094393,0.0750316779824289,0.0196997785843711,0.0002523960327966,-1.887009999257774e-05,49766186240937.09,136143289676221.62,125837522017281.1,116860004191864.52,109823986651916.56,1.0007431314451902,12.688990796448431,49803240587054.7,136244657712599.34,125931216701314.86,116947014496846.8,109905758158250.48,0.0027745400405732,0.0075901940050878,0.0070156318941769,0.0065151217174279,0.0061228531136765,0.0017587027024301,0.0048112099712062,0.0044470112491131,0.0041297519601607,0.0038811039524161
226,226,1000000.0,1280,1.6,17.15,2.43,0.81,0.02,,0.0256,126668.5,12.66685,1280.0,0.0255780437698831,0.0748694518744866,0.01929925371463,0.000305321646534,-1.154239024808291e-05,47762687729921.9,135641396317622.16,125492584362903.22,116582070102639.88,109587840657741.44,1.000858403805261,12.677722867697057,47803685877412.66,135757827076366.88,125600303666971.72,116682140871937.31,109681907777244.56,0.0026731865391989,0.0075915902564934,0.0070235806072118,0.0065248761182064,0.0061334224355767,0.0016938384677554,0.0048103368093943,0.0044504230585576,0.0041344238437131,0.0038863830518492
227,227,1000000.0,1285,1.6,17.15,2.43,0.81,0.02,,0.0256999999999999,126352.5,12.63525,1285.0,0.0256602397724918,0.0747501236620221,0.0193997048579273,0.0001536630184036,8.165526613041047e-06,45694755834771.88,134938393023278.2,124959308069862.9,116130748478831.14,109188621605129.66,1.0015510351647527,12.65489782471727,45765811219757.53,135148222341554.56,125153619902374.95,116311331893516.06,109358410006500.23,0.0025672502147963,0.007581189835567,0.0070205388916652,0.0065245274546334,0.0061345007134447,0.0016260726669147,0.0048018558936162,0.0044467447438325,0.004132575663006,0.0038855363134491
228,228,1000000.0,1290,1.6,17.15,2.43,0.81,0.02,,0.0258,126419.5,12.64195,1290.0,0.0257609604644812,0.0780963763359523,0.0196995757030179,0.0002215809168435,-1.8938604413343052e-06,43769174405795.3,134645133853982.28,124800819522968.72,116031758920039.84,109120623333990.95,1.0015161583658236,12.661144044225548,43835628352319.42,134849563127468.42,124990302351907.95,116207927842736.06,109286299204421.72,0.0024687248555028,0.0075944267428045,0.0070391751575441,0.0065445714058453,0.0061547607129854,0.0015629224525095,0.00480794773213,0.0044564240832062,0.0041432959081882,0.0038965110618571
229,229,1000000.0,1295,1.6,17.15,2.43,0.81,0.02,,0.0259,126526.0,12.6526,1295.0,0.0258559054580018,0.0748551481201934,0.0195094460942834,0.0001948479802265,-1.372672188746575e-05,41854592783559.38,134388661464898.78,124681016766500.06,115968803325120.38,109086547214956.78,1.0017063125322303,12.674199929202146,41926044994244.1,134618083526231.05,124893866389107.88,116166779862865.98,109272774685733.48,0.0023698863187012,0.0076093405529283,0.0070596753232003,0.0065663732966557,0.0061766869202616,0.001499610996068,0.0048150203138231,0.0044672044645345,0.0041550539881376,0.0039084691749983
230,230,1000000.0,1300,1.6,17.15,2.43,0.81,0.02,,0.026,126390.0,12.639,1300.0,0.0216500508418732,0.0748411749879252,0.0194663240711435,0.000142623288409,1.2153122501156302e-05,39842989632070.83,133862660993252.02,124322302554191.06,115683619144612.31,108843424966178.12,1.2470282010288218,15.7653137410602,49698333090545.55,166974194854956.8,155073985661668.75,144298484889321.25,135766337783316.9,0.0022648618796149,0.0076093797374937,0.007067061142779,0.0065759979739482,0.0061871693446972,0.0014323818259365,0.0048124511877469,0.0044694689927052,0.0041589026112623,0.0039129931070422
231,231,1000000.0,1305,1.6,17.15,2.43,0.81,0.02,,0.0260999999999999,125994.0,12.5994,1305.0,0.0260308660098189,0.0749228472074875,0.019456385166316,0.0001297915397798,-1.0452662349522286e-05,37705535844171.17,133062894339528.8,123708787648179.36,115161135035165.22,108376928012401.34,1.002657139174933,12.63286481271656,37805684160392.8,133416317902444.16,124037366105093.1,115467010379719.58,108664784068938.28,0.0021515238613735,0.0075927310360498,0.0070589742998653,0.0065712348169513,0.0061841196901354,0.0013688654549872,0.004830728308829,0.0044911359061386,0.004180821091053,0.0039345265768648
232,232,1000000.0,1310,1.6,17.15,2.43,0.81,0.02,,0.0262,125985.0,12.5985,1310.0,0.0261455766869857,0.0745179445613252,0.0195351322195092,0.0002788816927049,-6.709062094635228e-06,35690366873093.95,132673062947200.2,123475973554262.44,114992891373401.95,108243722229425.05,1.002081727829081,12.624725802680183,35764662108177.266,132949243251984.8,123733008639247.0,115232267559359.22,108469048935029.48,0.0020441888637638,0.0075989355548644,0.0070721663069343,0.0065862922842277,0.0061997292530088,0.0013085713244003,0.004864398461086,0.0045271912956248,0.0042161628849649,0.0039687076196061
233,233,1000000.0,1315,1.6,17.15,2.43,0.81,0.02,,0.0263,126048.0,12.6048,1315.0,0.0262601224502531,0.0747349218448427,0.0188325719266206,0.0002053780106192,-1.3973693629971048e-05,33694732233349.73,132358890743695.95,123313629558532.05,114890297171774.84,108172323589627.95,1.0015185880842292,12.623941090672464,33745899560468.22,132559885089423.95,123500888171483.52,115064764485461.05,108336589286353.05,0.0019373245715415,0.0076101548907977,0.0070900852660068,0.0066057742854621,0.0062195152345954,0.0012392256840564,0.0048678985126487,0.0045352316761228,0.0042254381521166,0.0039783643558283
234,234,1000000.0,1320,1.6,17.15,2.43,0.81,0.02,,0.0264,125964.5,12.59645,1320.0,0.0263183220638438,0.0747635331869187,0.0189329268898038,0.0001804807709725,2.5128431737990897e-06,31660263166305.97,131890945557653.6,123008000045387.69,114654197110974.6,107974082900486.77,1.0031060680425496,12.635538169325311,31758508443945.97,132300217663082.77,123389707394215.5,115009981690799.2,108309138351439.94,0.0018272045239291,0.0076118044604477,0.0070991442168935,0.0066170223080012,0.0062314937720679,0.0011680167920867,0.004865747272104,0.0045380358608938,0.0042298456840173,0.0039834015679364
235,235,1000000.0,1325,1.6,17.15,2.43,0.81,0.02,,0.0265,125999.0,12.599900000000002,1325.0,0.0264404138281406,0.078484099249692,0.0194796660370425,0.0002986330317155,-1.1808034629620124e-05,29656235265715.707,131546700021427.72,122817688078923.31,114525564113033.38,107875426493893.8,1.0022538890134245,12.628315829114548,29723117265849.938,131843369721059.58,123094671740436.06,114783847024729.72,108118711733055.2,0.0017179035466911,0.0076201358836526,0.0071144884054485,0.0066341486373366,0.0062489245891881,0.0011080643874501,0.0049150612771419,0.0045889137677074,0.0042790899758269,0.0040306167424111
236,236,1000000.0,1330,1.6,17.15,2.43,0.81,0.02,,0.0266,125876.5,12.58765,1330.0,0.026553133882885,0.0748113870643083,0.0185997722522143,0.0002498635079262,-7.047722122371698e-06,27616660167092.992,131038807476441.31,122474496606804.22,114254339265449.12,107642442371991.16,1.0017653047856356,12.609893950348043,27665462256246.7,131270369422251.16,122690924345216.4,114456240958749.23,107832660017339.2,0.0016057934292498,0.0076193592834644,0.0071213803809719,0.0066434125685614,0.0062589583832199,0.001045214600223,0.0049594583103641,0.0046353227086065,0.0043242123709578,0.0040739702661415
237,237,1000000.0,1335,1.6,17.15,2.43,0.81,0.02,,0.0266999999999999,125568.5,12.55685,1335.0,0.0266745332108939,0.0785041741517896,0.0192656607156397,0.000236141645742,1.724547116575008e-05,25543264094343.36,130339107014502.2,121951583900621.16,113815288400000.0,107251267292168.16,1.0009547231131264,12.568838424573803,25567651062011.508,130463545910679.2,122068014961376.77,113923951480336.95,107353663492519.12,0.001490763060697,0.0076068870988374,0.0071173721495054,0.0066425194157889,0.0062594281960822,0.0009702823143382,0.0049510403187202,0.0046324332171202,0.0043233692071595,0.0040740293589572
238,238,1000000.0,1340,1.6,17.15,2.43,0.81,0.02,,0.0268,125524.0,12.5524,1340.0,0.0267727284804095,0.0748855039026674,0.0193659135166772,0.000399124691829,1.3017512165759975e-05,23522537762988.98,129913981597727.0,121685207932200.48,113611124886513.36,107085513040354.0,1.001018726395527,12.565179129750708,23546485180386.383,130046242171582.88,121809091098838.56,113726788130677.72,107194532802755.12,0.0013780715535014,0.0076110309289682,0.007128946936887,0.0066559255189608,0.0062736215284223,0.0008968072896995,0.0049530287465011,0.0046393030642261,0.0043314750311299,0.0040826831561905
239,239,1000000.0,1345,1.6,17.15,2.43,0.81,0.02,,0.0269,125041.5,12.50415,1345.0,0.0268896683821821,0.0749905363307112,0.0193658361946514,0.0002704076098974,-1.6950382067857148e-05,21378359879736.875,129037128819521.72,120995163845059.23,113011217650963.34,106546633866238.94,1.0003843096436824,12.50895459483095,21386574301138.76,129086710048323.9,121041655029088.52,113054641083357.0,106587573346837.69,0.001257081825894,0.00758758999367,0.0071147095636116,0.0066452407308305,0.0062651128429354,0.0008180035768299,0.0049373681382493,0.0046296571561694,0.0043241661558903,0.0040768107606041
240,240,1000000.0,1350,1.6,17.15,2.43,0.81,0.02,,0.027,125462.5,12.54625,1350.0,0.0269650435316179,0.074917803006864,0.0189659973829188,-5.074905255065983e-06,-1.0906958986374925e-05,19389663611679.688,129092832518941.62,121179491882229.05,113227964661280.31,106777680755530.95,1.0012970418111518,12.562537238660058,19414834804568.53,129260417715517.4,121336804171159.23,113374954469663.78,106916296961172.77,0.0011442139939316,0.0076179674099903,0.0071509889581403,0.0066817570569814,0.0063011158422806,0.0007445992999983,0.0049574058969501,0.0046535188354337,0.0043481653377551,0.0041004623875029
241,241,1000000.0,1355,1.6,17.15,2.43,0.81,0.02,,0.0271,124909.5,12.490949999999998,1355.0,0.0270698082060788,0.075293284495904,0.0189664623950005,0.0001331701326608,2.6412693074187106e-07,17252608086481.508,128146751430152.72,120421663308691.31,112565864025605.95,106179917387654.88,1.001115340258969,12.504877679187992,17271845117338.62,128289637827336.48,120555936065675.2,112691377396619.95,106298310290162.88,0.0010219112536764,0.0075904238218436,0.0071328492657305,0.0066675323899418,0.0062892782325421,0.0006668486438535,0.0049531344465181,0.0046545439660747,0.0043509012314776,0.0041040713125522
242,242,1000000.0,1360,1.6,17.15,2.43,0.81,0.02,,0.0272,124489.0,12.448899999999998,1360.0,0.0271121113535173,0.0748422975176891,0.0190990590973443,0.0003515170039328,-4.144520655871349e-06,15149842949571.174,127339543138510.72,119789312465831.34,112024440227719.1,105695777008053.12,1.0032428631795764,12.48926713124516,15198968229611.086,127752457697272.62,120177744447618.94,112387693630135.2,106038508920313.88,0.000900637966934,0.0075701660818747,0.0071213149336773,0.006659703630556,0.0062834730389556,0.0005894123692121,0.0049542098928351,0.0046604643164819,0.0043583680005181,0.0041121481291527
243,243,1000000.0,1365,1.6,17.15,2.43,0.81,0.02,,0.0273,124858.5,12.48585,1365.0,0.0272559643370868,0.0780320053850611,0.0189664948846446,0.000147289068973,-1.860091108901839e-05,13144055496481.504,127340578188883.66,119917230656782.05,112193983616904.92,105882427824026.56,1.001615996262868,12.506018322572237,13165287014652.902,127546270701403.66,120110932278205.86,112375209921261.4,106053459108167.1,0.00078418312117,0.0075972238615773,0.0071543419946517,0.0066935679229872,0.0063170162930566,0.0005131520220689,0.0049714546021617,0.0046816425424334,0.0043801222212121,0.0041337151957408
244,244,1000000.0,1370,1.6,17.15,2.43,0.81,0.02,,0.0274,124642.5,12.46425,1370.0,0.027333026014844,0.081782651994605,0.0185995613972691,0.0001952171087238,3.3225739258512265e-06,11074110334746.61,126744010620042.62,119482540133552.12,111837214486016.16,105572407075884.95,1.0024515902726656,12.494794644093917,11101248330119.902,127054606981269.72,119775341679077.62,112111280547987.8,105831120724942.94,0.0006631089172063,0.0075893305289681,0.0071545194528571,0.0066967234350657,0.0063215917511052,0.0004338466913249,0.0049654074224122,0.0046809272384977,0.004381408890204,0.0041359746400011
245,245,1000000.0,1375,1.6,17.15,2.43,0.81,0.02,,0.0275,124412.0,12.4412,1375.0,0.0274706395388193,0.0743591449513896,0.0194329659452756,0.0002539625093978,-3.597458212692e-07,8975958408859.066,126134046481354.31,119034763907239.44,111468017781976.38,105250115960839.16,1.0010687962944187,12.45449564654182,8985550825215.867,126268843261319.69,119161973834505.28,111587141288161.2,105362594527239.58,0.0005393952821914,0.007579815602601,0.0071531960314093,0.0066984850160954,0.0063248305544012,0.0003528479715415,0.0049583721777674,0.0046792969702436,0.0043818456118644,0.0041374177808856
246,246,1000000.0,1380,1.6,17.15,2.43,0.81,0.02,,0.0276,124434.5,12.44345,1380.0,0.0275534698974979,0.0750048875249435,0.0197331638419536,0.0001433923891539,1.6735115575465697e-06,6898105844932.881,125778164155065.02,118829431926763.44,111325770110130.52,105138624820979.05,1.0016892558474164,12.464452481647992,6909748704542.887,125990456853985.72,119029996317128.12,111513669562749.1,105316081397595.48,0.000415991817687,0.0075850803551581,0.0071660355020851,0.0067135254959212,0.0063404083137576,0.0002720953086144,0.0049613109978409,0.0046872187350311,0.0043912373129375,0.0041471857943411
247,247,1000000.0,1385,1.6,17.15,2.43,0.81,0.02,,0.0277,123949.0,12.3949,1385.0,0.0276423733899946,0.0782777802835529,0.0192429551774776,0.0002838145672266,2.459661016499299e-06,4799829359664.414,124905456637088.84,118139826569782.56,110729642711249.22,104598394159440.56,1.0020847200496277,12.420739906178484,4809835663896.514,125165849643945.12,118386115126729.78,110960483103574.77,104816452610214.69,0.0002904928826811,0.00755946585644,0.0071499997620987,0.0067015243041266,0.0063304519320091,0.0001899636032494,0.0049434029483829,0.0046756385406232,0.0043823645258557,0.0041397071353435
248,248,1000000.0,1390,1.6,17.15,2.43,0.81,0.02,,0.0278,124067.5,12.40675,1390.0,0.0277579671427474,0.0752364878246415,0.0192993043436682,0.0002771281931386,1.0501860893251275e-05,2909382875000.0,124642540863840.05,118026582360083.52,110673576748290.86,104568253503496.52,1.0015149732529554,12.425557155365652,2913793152933.2456,124831484110959.2,118205496602066.6,110841344709503.72,104726766521809.52,0.0001767029318955,0.0075702316799945,0.0071684078860349,0.0067218191400113,0.006351009052829,0.0001155323906775,0.0049495894300717,0.0046868679061599,0.0043948780397535,0.0041524339818085
249,249,1000000.0,1395,1.6,17.15,2.43,0.81,0.02,,0.0279,123965.0,12.3965,1395.0,0.0278139660441638,0.0752223414975591,0.0187995341915113,0.0001769031925359,1.0342948995376887e-06,2906979250000.0,124157551470877.48,117703069596990.2,110420348343070.22,104351829846153.84,1.0030937892174692,12.434841560262516,2915970345881.5605,124541562622554.72,118067117460180.28,110761871227771.84,104674583201742.12,0.0001771985405844,0.0075681781778033,0.0071747371966606,0.0067308098526048,0.0063608957497905,0.0001158170599308,0.0049465652634339,0.0046894120298803,0.0043992608828004,0.0041574848293769
250,250,1000000.0,1400,1.6,17.15,2.43,0.81,0.02,,0.028,123629.5,12.36295,1400.0,0.0279469412249682,0.0748859854252626,0.0184656996190279,0.0002237699470151,1.7107181002526102e-06,2899111775000.0,123440549919462.34,117159125053454.0,109959539788030.22,103939729813986.05,1.00190000494888,12.386417299943368,2904614856836.72,123674864254644.02,117381516014246.66,110168264526206.8,104137027774066.52,0.0001773393644591,0.007550888123727,0.0071666518541076,0.0067262514920554,0.0063580182682909,0.0001158852055193,0.0049342469718497,0.0046831617195219,0.0043953751549152,0.0041547473453751
251,251,1000000.0,1405,1.6,17.15,2.43,0.81,0.02,,0.0281,123534.0,12.3534,1405.0,0.0279704998592933,0.0747796363761373,0.0187994301713669,0.0001943453123828,-2.844486249389473e-06,2896872300000.0,122964509744945.88,116843405439379.48,109708607330273.1,103729858439160.84,1.004634354043926,12.410654056082588,2910298376151.3667,123534410900668.6,117384937235314.77,110217071620009.52,104210613140904.06,0.0001778091567066,0.0075475248883426,0.0071718133339581,0.0067338815566227,0.006366907735067,0.0001161711283773,0.0049311548346261,0.0046856847135947,0.0043995631793181,0.0041598018322386
252,252,1000000.0,1410,1.6,17.15,2.43,0.81,0.02,,0.0282,122937.5,12.29375,1410.0,0.0281660166136816,0.0750177736402304,0.0186662841300165,0.000238340031272,2.309953510990099e-05,2882884375000.0,121991911662659.8,116055081559102.36,109013674469785.0,103100029895104.9,1.001206578842918,12.308582485439237,2886362592835.5005,122139095658872.6,116195102733062.69,109145200142525.23,103224420719076.72,0.0001775737867757,0.0075141985914572,0.0071485143440848,0.00671479271032,0.0063505365958957,0.0001159862394087,0.0049080647128052,0.004669209972847,0.0043859151117979,0.0041479931884058
253,253,1000000.0,1415,1.6,17.15,2.43,0.81,0.02,,0.0283,123209.5,12.32095,1415.0,0.0282378441794435,0.0751248861248091,0.0186660163138597,0.0001397831021303,-7.1994404779578005e-06,2889262775000.0,121882133398863.52,116087227987821.52,109089311863422.42,103198898632167.84,1.0022026272012443,12.348108210327922,2895631375321.898,122150789680567.62,116343110963897.16,109329769821300.28,103426372763193.62,0.0001785781067889,0.0075332298682221,0.0071750612563951,0.0067425375608087,0.0063784658494558,0.0001166130315015,0.0049192635521103,0.0046853763843892,0.0044029347108518,0.0041651927686383
254,254,1000000.0,1420,1.6,17.15,2.43,0.81,0.02,,0.0283999999999999,122715.0,12.2715,1420.0,0.0283790529362022,0.0748739032725458,0.0179993324848261,0.0001641129070831,-1.2803948872940228e-05,2877666750000.0,121014798493060.88,115397588507756.56,108486591489831.5,102655988937062.94,1.0007382447497668,12.280538531960696,2879786285744.783,121103931534978.86,115482584212594.16,108566496923110.86,102731599859685.62,0.0001784636830888,0.0075049505462469,0.0071565891584451,0.0067279912390942,0.0063663959271304,0.000116516048118,0.0048998606541955,0.0046724211464983,0.0043925965069411,0.0041565167845078
255,255,1000000.0,1425,1.6,17.15,2.43,0.81,0.02,,0.0285,122940.0,12.294,1425.0,0.0237706475937044,0.0747277130724244,0.0187997147306779,9.976946029125056e-05,6.737659413118966e-06,2882943000000.0,120857825501038.12,115385037066825.77,108520309537478.2,102715252363636.36,1.2449573742673463,15.30995706338262,3590184931363.224,150506598275149.06,143691228505768.22,135142449936862.1,127913299450283.28,0.0001794138625866,0.0075213312566256,0.0071807438388022,0.0067535320341826,0.0063922665738194,0.0001170947499248,0.00490880910705,0.0046865241735305,0.0044077036927401,0.0041719232010444
256,256,1000000.0,1430,1.6,17.15,2.43,0.81,0.02,,0.0286,122414.0,12.2414,1430.0,0.0285496454553139,0.0748126208651953,0.0190327651887982,0.000140839811242,-1.650673713855123e-06,2870608300000.0,119963499398535.69,114667162001476.2,107891517180941.31,102147377851748.23,1.0017649438601357,12.2630056021448,2875674813702.956,120175230380278.2,114869545150566.77,108081941576436.12,102327664061332.08,0.0001792533368251,0.0074910455614632,0.0071603190909186,0.0067372181951178,0.006378529013474,0.0001169595454619,0.0048877711256105,0.0046719781124804,0.0043959124652023,0.0041618742911287
257,257,1000000.0,1435,1.6,17.15,2.43,0.81,0.02,,0.0287,122298.0,12.2298,1435.0,0.028606366133431,0.0750367900925819,0.0179991191675477,0.0002020491980864,2.803971074579337e-05,2867888100000.0,119472944265326.2,114330576414073.06,107624947468797.2,101922008510627.62,1.0032731834053623,12.269829770237958,2877275081120.8013,119863995182642.38,114704795673997.88,107977218308798.56,102255612869069.44,0.0001797096416391,0.0074864985141848,0.0071642638064479,0.0067440709214045,0.0063867093087033,0.0001172071128038,0.0048827145157896,0.0046725521706056,0.0043985012380706,0.0041654290307609
258,258,1000000.0,1440,1.6,17.15,2.43,0.81,0.02,,0.0288,122119.0,12.2119,1440.0,0.0287862256489006,0.07439573272171,0.0189660388425451,0.0002311884758272,1.0609937966539777e-05,2863690550000.0,118921753498634.05,113935644917579.05,107303332752120.88,101641901057004.22,1.0004785930516598,12.217748152809673,2865061941833.868,118978703898396.08,113990207521428.31,107354719210159.48,101690576313864.1,0.0001800454335795,0.0074768269465108,0.0071633412309012,0.0067463557016983,0.0063904111935779,0.0001173956402319,0.0048751410621121,0.0046707378981112,0.0043988493964424,0.0041667616806527
259,259,1000000.0,1445,1.6,17.15,2.43,0.81,0.02,,0.0289,121909.0,12.1909,1445.0,0.0288637593640714,0.0781639244297407,0.017999726892514,0.0001537975240362,1.2857889286797317e-05,2858766050000.0,118341573109605.5,113512515750399.8,106955001701278.31,101336408798747.84,1.0012557637911652,12.206204681732844,2862354997866.352,118490141313118.5,113655021465831.34,107089274992075.06,101463628403913.5,0.0001803201932052,0.0074645406284075,0.0071599418816821,0.0067463185982086,0.0063919189236616,0.0001175467378007,0.0048659686109149,0.0046674074382623,0.0043977755862409,0.0041667502924002
260,260,1000000.0,1450,1.6,17.15,2.43,0.81,0.02,,0.0289999999999999,122075.0,12.2075,1450.0,0.0289561352655027,0.0750029733777305,0.0186329424519316,0.000331129188534,5.552135099253753e-06,2862658750000.0,118126525412523.22,113439571580145.16,106936607638001.2,101343512335263.77,1.0015156909075538,12.22599753264318,2866996421404.825,118305517774582.88,113611461990002.38,107098644368743.31,101497074074161.62,0.0001811838745569,0.0074764837276505,0.0071798362647911,0.0067682495874961,0.0064142504677211,0.0001180623891615,0.004871799621088,0.0046784992609454,0.0044103026204479,0.0041796309784824
261,261,1000000.0,1455,1.6,17.15,2.43,0.81,0.02,,0.0291,121341.0,12.1341,1455.0,0.0290748384772996,0.0752776593619572,0.0183329882521019,9.379577113260752e-05,8.251525032847046e-06,2845446450000.0,117042338277128.2,112531350832205.69,106130584847239.95,100604068099045.23,1.0008654304075535,12.144600554860776,2847908830114.852,117143623868487.44,112628732724803.5,106222427672714.84,100691128411412.14,0.0001806955865496,0.0074325889935936,0.0071461258544689,0.0067396553113242,0.0063887025863514,0.0001176998339223,0.0048413716508742,0.0046547779185994,0.0043900148641386,0.0041614144968984
262,262,1000000.0,1460,1.6,17.15,2.43,0.81,0.02,,0.0292,121470.0,12.146999999999998,1460.0,0.0291850002712408,0.0747528676505502,0.018333129764203,0.0002795974091565,1.49929728174693e-05,2848471499999.9995,116792442637963.05,112424601740681.5,106080195660662.4,100580787559242.44,1.0005140128975556,12.15323746623494,2849934185832.0938,116852415381640.56,112482331604626.05,106134667681624.72,100632435642413.95,0.0001814693161967,0.0074405675824617,0.007162302870708,0.0067581159118369,0.0064077617560548,0.0001181747144652,0.0048453753391759,0.0046641664519302,0.004400955681888,0.0041728013955932
263,263,1000000.0,1465,1.6,17.15,2.43,0.81,0.02,,0.0293,121046.5,12.10465,1465.0,0.0292204048244002,0.0750651709843307,0.0179993395553312,0.0002074897597517,-1.6281717053762584e-05,2838540425000.0,116012230166211.34,111807044033398.94,105547701919901.22,100100336269400.52,1.002727027859741,12.137627000233197,2846273531554.684,116328285181535.58,112111642755143.22,105835248159637.66,100373042114881.31,0.0001814426094566,0.0074156286748134,0.0071468285765416,0.0067467245806454,0.0063985230086029,0.0001181049563015,0.0048269946249679,0.0046520267717425,0.0043915903445279,0.0041649383382908
264,264,1000000.0,1470,1.6,17.15,2.43,0.81,0.02,,0.0294,120959.5,12.09595,1470.0,0.0293738041386859,0.0746799420397721,0.0179998785938623,0.00014431464218,2.2004548395017488e-05,2836500275000.0,115555600771543.88,111501252763870.08,105307570411475.84,99898703583753.31,1.0008918109771894,12.106737907911906,2839030039405.342,115658660322867.12,111600696399705.12,105401490142627.66,99987799356700.52,0.0001818976111329,0.0074102893338827,0.0071502942181418,0.0067531089846528,0.0064062519920514,0.0001183640711978,0.0048220095296961,0.0046528259972738,0.0043943703696127,0.0041686642401479
265,265,1000000.0,1475,1.6,17.15,2.43,0.81,0.02,,0.0295,120621.0,12.0621,1475.0,0.0294677716278783,0.0749396261011074,0.0179994037724539,9.749371841439463e-05,-7.67198568228576e-07,2828562450000.0,114854902364076.69,110964420164226.84,104845978803743.88,99489816883518.52,1.0010939510734769,12.075290832088903,2831655700124.848,114980505014665.86,111085768273944.77,104960635928257.6,99598616633899.16,0.0001819721238863,0.0073890504068446,0.0071387609678227,0.0067451384868194,0.0064005563261877,0.0001183689611087,0.0048064187061126,0.004643610797732,0.0043875678217513,0.0041634245216705
266,266,1000000.0,1480,1.6,17.15,2.43,0.81,0.02,,0.0296,120749.0,12.0749,1480.0,0.0295399695741025,0.0781924938505007,0.0179998275099815,0.0001054802063456,6.122979605754558e-06,2831564050000.0,114599062132391.52,110857133187969.0,104790168776831.23,99465931322147.44,1.0020323033664362,12.099430903383723,2837316546843.4834,114831877188502.52,111082346284858.48,105003056461684.0,99668002490541.05,0.0001827625945903,0.0073967678509481,0.0071552459815574,0.0067636552785087,0.0064200037014118,0.0001188329766116,0.0048094083091975,0.004652369814965,0.0043977559594272,0.0041743123170603
267,267,1000000.0,1485,1.6,17.15,2.43,0.81,0.02,,0.0297,120152.5,12.01525,1485.0,0.0295902392683728,0.0747779257339588,0.0179997095323226,-4.630075786473676e-06,1.8349537956445012e-05,2817576125000.0,113657087373360.22,110085571046561.69,104106260753255.56,98845747535138.52,1.0037094823595594,12.059819164895412,2828027594167.974,114078685048704.12,110493920599719.56,104492430754059.23,99212404277287.38,0.0001824406201083,0.0073593999168724,0.0071281409820713,0.0067409751951199,0.0064003521734077,0.0001185870997135,0.0047836380475791,0.0046333188569043,0.0043816596170068,0.0041602533522367
268,268,1000000.0,1490,1.6,17.15,2.43,0.81,0.02,,0.0298,120048.0,12.0048,1490.0,0.02977707819241,0.0748017742186549,0.0179995495431753,0.0002926567029069,-1.294617009174424e-05,2815125600000.0,113182708058930.38,109766093334973.52,103849616563429.2,98631068520018.78,1.0007698472490318,12.014037383574856,2817291766448.304,113269799229827.12,109850555509074.6,103929526161448.16,98706962580087.86,0.0001828822495097,0.007352818735841,0.0071308612550006,0.0067465023542281,0.006407483801964,0.0001188267949854,0.004777455914015,0.0046332401897333,0.0043835049834717,0.004163229433963
269,269,1000000.0,1495,1.6,17.15,2.43,0.81,0.02,,0.0299,119841.5,11.98415,1495.0,0.0298588592863779,0.0783588479646996,0.0179996655470679,6.121445855908621e-05,-2.8081486898047323e-05,2810283175000.0,112613134765085.78,109353931359638.34,103505165798128.06,98332920058099.88,1.0013783348108354,12.000648696709938,2814152119378.4805,112768170370952.22,109504479988247.14,103647662373889.8,98468295952480.48,0.0001831399205272,0.0073387481854733,0.0071263531293575,0.006745202051898,0.006408138270496,0.0001189827439482,0.0047678539650956,0.0046298646807005,0.004382237615425,0.0041632532810355
270,270,1000000.0,1500,1.6,17.15,2.43,0.81,0.02,,0.03,119213.5,11.92135,1500.0,0.0297879162227445,0.0781330229905719,0.0183329246076118,0.0001717331840411,6.066261295938788e-06,2795556575000.0,111650095127951.56,108558710945688.28,102797826923792.77,97688941106568.72,1.0071624972019846,12.006843863542258,2815604886000.66,112450792867498.6,109337238848980.6,103535040694671.31,98389516544799.5,0.0001827424897525,0.0072984451637484,0.00709636474538,0.0067197820288106,0.0063858197250424,0.0001187198885231,0.004741484027092,0.0046102011230783,0.0043655516264483,0.0041485907678763
271,271,1000000.0,1505,1.6,17.15,2.43,0.81,0.02,,0.0301,119590.5,11.95905,1505.0,0.0300483478249588,0.0746283974113743,0.0179996987669103,0.000316912009481,-8.863016332502155e-06,2804397225000.0,111629079238546.9,108679135749477.16,102957447054612.05,97866946305011.02,1.0017191483605563,11.979621062573168,2809221139173.408,111821095224264.95,108866077463233.72,103134546747792.86,98035289699869.77,0.0001839044126518,0.0073203182734702,0.0071268693498022,0.0067516572402531,0.006417836645184,0.0001194529635387,0.0047548272453272,0.0046291747561219,0.0043854601122209,0.0041686308431661
272,272,1000000.0,1510,1.6,17.15,2.43,0.81,0.02,,0.0302,119436.0,11.9436,1510.0,0.0301477084456109,0.0750769852856272,0.017999584593983,0.0002230283777131,-9.40752550750475e-07,2800774200000.0,111111250539656.92,108316139616188.94,102659182156701.05,97609754619720.78,1.0017350473358126,11.964342927675434,2805638416539.8896,111304221891164.94,108504256586795.88,102837474463099.08,97779277383418.0,0.0001842363584198,0.007308954852161,0.007125091026966,0.0067529734738724,0.0064208195496047,0.000119657966804,0.0047470254219835,0.0046276094083347,0.0043859262237711,0.0041701986465178
273,273,1000000.0,1515,1.6,17.15,2.43,0.81,0.02,,0.0303,118825.5,11.882549999999998,1515.0,0.0302693967877302,0.0749187655028273,0.0183328723984444,0.0002658326540817,1.590598838480665e-05,2786457975000.0,110171598308173.56,107535891005779.1,101970028679951.16,96980731833592.95,1.0010110282774365,11.89456377791284,2789275205920.561,110282986614082.4,107644614496292.72,102073124840146.31,97078783596394.2,0.0001838542206671,0.0072692692760276,0.0070953617861834,0.0067281187523974,0.0063989182793975,0.0001193985621822,0.0047208070422506,0.0046078680835214,0.0043693732040111,0.0041555839148489
274,274,1000000.0,1520,1.6,17.15,2.43,0.81,0.02,,0.0304,118723.0,11.8723,1520.0,0.0303708300161815,0.0748769824533565,0.017999507517718,0.0001557583036878,1.4504279686421352e-06,2784054350000.0,109705179491826.44,107216455614977.78,101717801602767.23,96767099385687.0,1.000960468924983,11.883701985832577,2786728115677.74,109810538765288.72,107319424753892.84,101815489913608.1,96860033113461.34,0.0001842679822599,0.0072610479276128,0.0070963269597232,0.0067323879870606,0.0064047162559713,0.0001196495826958,0.0047147710840378,0.0046078138425924,0.0043714996133282,0.0041587345664371
275,275,1000000.0,1525,1.6,17.15,2.43,0.81,0.02,,0.0305,118134.0,11.8134,1525.0,0.0304603380461685,0.0751778978624446,0.0179992590012761,0.0001686287390726,-8.051872389173597e-06,2770242300000.0,108791376782240.16,106458991698575.16,101049714751058.06,96157694294900.8,1.001302118514534,11.828788186111264,2773850829643.092,108933088901801.48,106597665643203.77,101181342548058.05,96282949724822.78,0.0001839095625476,0.0072223915261782,0.0070675502256791,0.0067084416534373,0.006383672465534,0.0001197761333419,0.0047037800454953,0.0046029354129569,0.0043690561320905,0.0041575413146075
276,276,1000000.0,1530,1.6,17.15,2.43,0.81,0.02,,0.0306,117784.0,11.7784,1530.0,0.0305575425250025,0.0750265892346983,0.0179996112378122,0.000115053093357,-3.660100842745925e-06,2762034800000.0,108100610102119.08,105918700567833.12,100587363446120.44,95743856363967.66,1.0013894276962476,11.794764910535395,2765872371520.551,108250805104253.77,106065864024569.05,100727119542346.36,95876882890805.78,0.000183938799853,0.0071990028820651,0.0070536977537139,0.0066986552496224,0.0063760999799456,0.0001201480211931,0.0047023572597773,0.0046074445841778,0.0043755323702234,0.0041648406759857
277,277,1000000.0,1535,1.6,17.15,2.43,0.81,0.02,,0.0307,117905.0,11.790500000000002,1535.0,0.0306715954667424,0.0751558560089928,0.0179992077046126,0.0001647886553109,1.6770672092737286e-05,2764872250000.0,107842837390514.64,105802399161860.23,100527562298697.78,95713134012637.78,1.0009261007403012,11.801415161811278,2767431855444.745,107942673870757.6,105900346687993.44,100620626596987.4,95801741310480.31,0.0001846818872424,0.007203449900753,0.0070671571722664,0.0067148201603901,0.006393236513311,0.0001206072188827,0.0047042407453352,0.0046152342532414,0.0043851392084789,0.0041751277672297
278,278,1000000.0,1540,1.6,17.15,2.43,0.81,0.02,,0.0308,117445.5,11.74455,1540.0,0.0307601520474918,0.0747968753961417,0.0179995624495275,0.0002503876926159,-5.162187923635471e-06,2754096975000.0,107055164166902.14,105165830657323.6,99973286542675.0,95211542906186.62,1.0012957810611367,11.759770613066848,2757666208764.176,107193904708735.77,105302122675007.44,100102849166316.31,95334934441330.4,0.0001845002111847,0.0071717519667983,0.0070451832821515,0.0066973286152915,0.0063783337815893,0.0001204735210361,0.0046829551353377,0.004600309294477,0.004373169844303,0.004164875064792
279,279,1000000.0,1545,1.6,17.15,2.43,0.81,0.02,,0.0308999999999999,117237.0,11.7237,1545.0,0.0308075782589867,0.0747541848640324,0.017999503833496,0.0001074549734319,1.0046623300657547e-07,2749207650000.0,106498374724117.06,104755293906736.58,99632096402125.52,94914165558030.86,1.0030036525459125,11.758986398275384,2757482310395.5776,106818917220615.3,105070590018224.28,99931972536337.14,95199841500596.48,0.0001847298009523,0.0071560340538622,0.00703890977173,0.0066946624918759,0.0063776466325112,0.0001205903899043,0.0046714116091445,0.0045949536539214,0.0043702313108717,0.0041632854586619
280,280,1000000.0,1550,1.6,17.15,2.43,0.81,0.02,,0.031,117303.0,11.7303,1550.0,0.0309867532362204,0.0747997522537563,0.0179993891527571,0.0002309015392912,-9.026149561045976e-06,2750755350000.0,106191387507971.77,104590304422911.2,99523450777530.38,94839177286642.2,1.0004275630175825,11.735318051129264,2751932082989.8125,106236814633620.94,104635046628585.36,99566025457168.78,94879748102450.98,0.0001853773151584,0.0071563886294678,0.0070484893633065,0.0067070268900692,0.0063913470375482,0.0001209910337274,0.0046707918781436,0.0046003687859755,0.004377504960481,0.0041714687922974
281,281,1000000.0,1555,1.6,17.15,2.43,0.81,0.02,,0.0311,116513.0,11.6513,1555.0,0.0310488730315227,0.0747287499947632,0.0179991915990106,0.0002776095513444,1.4491212015755493e-05,2732229850000.0,105111750301110.0,103663466124039.66,98689565338765.2,94072907814489.38,1.0016482170654757,11.67046779131806,2736724697064.086,105284671785823.95,103834005006908.77,98851921555984.2,94227669074234.72,0.0001846547489516,0.0071038620208781,0.0070059813278875,0.0066698257146196,0.0063578139941777,0.000120500832453,0.0046357935119866,0.0045719191461584,0.0043525528343656,0.0041489421920083
282,282,1000000.0,1560,1.6,17.15,2.43,0.81,0.02,,0.0312,117434.5,11.74345,1560.0,0.0309187231173381,0.075145540383652,0.0179990662154608,0.0002061840893127,4.381166491871473e-06,2753839025000.0,105575724817961.66,104259125482195.38,99305180593927.12,94688364055753.12,1.00915773024712,11.851010137133995,2779061877157.9224,106542709770376.94,105214051490679.72,100214732628703.9,95555629929310.78,0.0001866723247071,0.0071565787998124,0.0070673315139384,0.006731522339775,0.0064185658204929,0.0001217828487973,0.0046688685923379,0.0046106447032948,0.0043915667122425,0.0041873975268655
283,283,1000000.0,1565,1.6,17.15,2.43,0.81,0.02,,0.0313,116568.0,11.6568,1565.0,0.0310461567556784,0.074791345651252,0.017999883044103,0.0002218066878218,-1.3146886155067383e-05,2733519600000.0,104432083170938.44,103267281609848.4,98408746719838.06,93862081574371.78,1.008201594344282,11.75233972859854,2755923666356.3574,105288013862305.84,104113665528086.16,99215309837789.44,94631379992403.28,0.0001858271553548,0.0070993882551433,0.0070202039827311,0.0066899163499652,0.0063808299068559,0.0001212058689203,0.0046305800711638,0.0045789320839565,0.0043635017855883,0.004161899975363
284,284,1000000.0,1570,1.6,17.15,2.43,0.81,0.02,,0.0314,115785.0,11.5785,1570.0,0.0313518110374388,0.0746871706263706,0.0179996202224737,0.0003647425585656,-4.245242536641072e-06,2715158250000.0,103367366516508.12,102352559501766.78,97585121486842.12,93102490312913.48,1.001537362271976,11.59630797139876,2719334219293.0093,103526347654521.77,102509979845697.12,97735209412944.95,93245683859974.44,0.0001851208347218,0.0070476382629046,0.006978448217849,0.0066534019319436,0.0063477739175661,0.0001207128646182,0.0045955961941655,0.0045504790221612,0.0043385241205742,0.0041392314089866
285,285,1000000.0,1575,1.6,17.15,2.43,0.81,0.02,,0.0315,115899.0,11.5899,1575.0,0.0314733011833822,0.0754842773515253,0.0179993842943256,9.979885756150496e-05,2.641370308889153e-06,2717831550000.0005,103102699720761.08,102232051998472.6,97518439168117.44,93063978760294.95,1.000848333381832,11.59973286117446,2720137355945.412,103190171962373.72,102318785583307.78,97601173727888.48,93142934159693.8,0.0001858177980054,0.0070491184895318,0.0069895924153003,0.0066673233045501,0.0063627724120253,0.0001211476104403,0.0045958130485026,0.0045570038400766,0.0043468940814572,0.0041483360677316
286,286,1000000.0,1580,1.6,17.15,2.43,0.81,0.02,,0.0316,115826.5,11.58265,1580.0,0.0315512992453932,0.0748777223129512,0.0179995042430454,0.0001043257614324,-2.504719629592436e-06,2716131425000.0,102671993004197.0,101946957562532.77,97294775826518.22,92875665790442.38,1.0015437661095614,11.600547793450488,2720328457564.139,102830644273460.84,102104488489337.94,97445118088570.02,93019179535819.64,0.0001862223321167,0.0070393567131294,0.0069896471189723,0.0066706860685838,0.0063677047882142,0.0001213891785174,0.0045886103937447,0.0045562071543986,0.0043482921345101,0.0041507935406938
287,287,1000000.0,1585,1.6,17.15,2.43,0.81,0.02,,0.0317,115554.5,11.55545,1585.0,0.031636608690178,0.0745615187500804,0.0176661950995163,0.0002314903119572,-1.1135408422201837e-05,2709753025000.0,102065532873810.86,101486927045286.69,96904015395799.6,92527770369191.0,1.002005844340439,11.5786778169138,2715199948066.286,102270696628645.38,101690927734186.9,97098803891948.69,92713762096867.38,0.000186324776992,0.007018107361018,0.0069783219632451,0.0066631973067959,0.0063622832119973,0.0001214150409308,0.0045732178309895,0.004547292423875,0.0043419473609222,0.0041458623435323
288,288,1000000.0,1590,1.6,17.15,2.43,0.81,0.02,,0.0318,115089.0,11.5089,1590.0,0.03178925546365,0.0753949501127542,0.0179992524231674,0.0002193094343977,-1.3260917360734244e-05,2698837050000.0,101290492255735.88,100858361249128.0,96352021555263.16,92025762367929.95,1.0003380359541811,11.512795913368487,2699750641684.91,101324780413846.56,100892503125233.8,96384637976368.4,92056914293644.4,0.0001860908414528,0.0069842056359243,0.0069544092380138,0.006643687052877,0.0063453818208089,0.0001212371994716,0.0045501730510913,0.0045307608553658,0.0043283269943246,0.0041339827125677
289,289,1000000.0,1595,1.6,17.15,2.43,0.81,0.02,,0.0319,114858.0,11.4858,1595.0,0.0318342606253736,0.0746101263380898,0.0173327876858852,0.0002711844641277,-1.115546333260001e-05,2693420100000.0,100724038579742.58,100436629569041.38,95997328249190.28,91712044099696.78,1.002066943517411,11.509555372272809,2698990734797.973,100932359901137.9,100644356460092.8,96195873606914.95,91901726468316.16,0.0001862187517773,0.0069638987019892,0.0069440277033201,0.006637101520306,0.0063408238377676,0.0001212998223344,0.0045361687114969,0.0045232250708316,0.0043232984194387,0.0041303080255575
290,290,1000000.0,1600,1.6,17.15,2.43,0.81,0.02,,0.032,114484.0,11.4484,1600.0,0.0319712973048353,0.0746438016688011,0.0176660507100012,0.0001461266798297,-6.799907776562079e-06,2684649800000.0,100034094748740.9,99889755827817.66,95523966406477.72,91284822448346.2,1.0008977760934834,11.458676364170916,2687059607398.08,100123887801669.36,99979419318596.31,95609711057769.05,91366761940219.0,0.0001861323057189,0.0069355700345316,0.0069255627195528,0.0066228735377915,0.0063289649471062,0.0001212113596857,0.004516517811533,0.0045100009403714,0.0043128864892194,0.0041214900534278
291,291,1000000.0,1605,1.6,17.15,2.43,0.81,0.02,,0.0321,113948.5,11.39485,1605.0,0.0320432112548587,0.0747697409972026,0.0179993921200879,0.0001197905926129,1.2136337715650636e-05,2672092325000.0,99205910661163.95,99201862568473.0,94917128314423.08,90729848912217.48,1.0017723744848923,11.415041013730868,2676827117719.8887,99381697784675.28,99377642518998.69,95085315964202.69,90890616945599.77,0.0001857581574573,0.0068965832508422,0.0068963018360751,0.0065984362523225,0.0063073455219478,0.0001209447269558,0.00449027590292,0.0044900926774151,0.0042961562592808,0.0041066308603081
292,292,1000000.0,1610,1.6,17.15,2.43,0.81,0.02,,0.0322,113944.0,11.3944,1610.0,0.0321812419974775,0.0783109205817791,0.0179996207529512,0.000119392375851,-1.073882276520512e-05,2671986800000.0,98841733439283.72,98977295674377.38,94753362382186.23,90598282996582.16,1.0005829294173243,11.401046392877484,2673545379129.769,98899388163808.84,99035029472822.48,94808632345752.06,90651129287990.28,0.0001862467756278,0.0068896126846643,0.0068990618440625,0.0066046389988082,0.0063150155103814,0.0001212417723528,0.0044849573899894,0.0044911085452447,0.004299446985148,0.0041109096806308
293,293,1000000.0,1615,1.6,17.15,2.43,0.81,0.02,,0.0323,113311.0,11.3311,1615.0,0.032114103673507,0.0750565614190401,0.0169991810339534,0.0002140015706943,-3.517192282210661e-06,2657142950000.0,97934373916620.05,98208017637726.9,94067844737753.05,89967705006656.56,1.0058135145911558,11.397026056985728,2672602610363.1533,98504170945654.2,98779406767400.12,94615145714066.52,90491150748653.72,0.0001857185464334,0.0068450323945385,0.0068641584690783,0.0065747849173217,0.00628820944684,0.0001208630050375,0.0044546503333729,0.0044670973123518,0.0042787770949295,0.0040922778292523
294,294,1000000.0,1620,1.6,17.15,2.43,0.81,0.02,,0.0324,113232.0,11.3232,1620.0,0.0323939869190326,0.0744913417157618,0.0169995821205835,0.0001195240596708,-3.7240786810185154e-06,2655290400000.0,97508086160044.78,97920276885943.44,93843243381376.52,89777796732304.3,1.0001856236876685,11.325302079303526,2655783337596.677,97526187909536.4,97938455155994.1,93860664776360.94,89794463403247.78,0.0001860740487853,0.0068330471051746,0.0068619320803321,0.0065762269343982,0.0062913337573227,0.0001210747526332,0.0044461304163076,0.0044649253060025,0.0042790225425823,0.0040936481114542
295,295,1000000.0,1625,1.6,17.15,2.43,0.81,0.02,,0.0325,112764.0,11.2764,1625.0,0.03242806167475,0.0747605610842709,0.0176660100298239,7.20470653460759e-05,-1.3209804831607548e-05,2644315800000.0,96748546186905.44,97297197654326.72,93294996273614.72,89280078000165.38,1.0022212024095722,11.301504342251071,2650202768257.876,96963934840710.69,97513807755953.5,93502696383292.0,89478839806621.2,0.0001858149524848,0.0067984794073,0.0068370329137872,0.0065557999160524,0.0062736733076451,0.000120863946029,0.0044220932555507,0.0044471705104487,0.0042642415835497,0.0040807314046545
296,296,1000000.0,1630,1.6,17.15,2.43,0.81,0.02,,0.0326,112857.5,11.28575,1630.0,0.0325577902191298,0.0752897205994539,0.0173327457946006,4.211031434625076e-05,8.021926173751265e-06,2646508375000.0,96471942511191.95,97159327832497.88,93211356345378.44,89227343456415.38,1.0012964709148755,11.300382743149074,2649939753268.458,96597024951956.5,97285301515125.06,93332211214215.6,89343032781331.47,0.000186451386755,0.0067966259370578,0.006845053498294,0.0065669116395353,0.0062862305976712,0.0001212554064208,0.004420067099693,0.0044515611192435,0.0042706764140483,0.0040881403954207
297,297,1000000.0,1635,1.6,17.15,2.43,0.81,0.02,,0.0327,112336.0,11.2336,1635.0,0.0326576342906719,0.0748394504971547,0.0176662823024417,0.0002750510646845,-1.7914282099275798e-05,2634279200000.0,95670982688304.42,96492831652342.77,92620385690544.69,88688858635722.17,1.001297279474867,11.24817462978967,2637696950685.678,95795107559609.8,96618022801991.14,92740552674629.6,88803924801607.03,0.0001860625035433,0.0067573636672389,0.0068154119089681,0.0065418961060537,0.0062642073300997,0.0001209797309243,0.0043937065376002,0.0044314500943689,0.004253607339327,0.0040730512748011
298,298,1000000.0,1640,1.6,17.15,2.43,0.81,0.02,,0.0328,112001.5,11.20015,1640.0,0.0327705501025547,0.0746707445291855,0.0173328271742251,0.0001907227221769,4.046859085016629e-06,2626435175000.0,95031987897873.56,95988619778508.86,92184816586925.23,88298381312099.69,1.0008987216762586,11.210211080665058,2628794498415.956,95117355013135.5,96074846234986.6,92267626091777.8,88377699637030.6,0.0001859929604017,0.0067297609056712,0.00679750550382,0.0065281363516236,0.0062529155469926,0.0001209046169532,0.0043746772067592,0.0044187145438291,0.0042436112813454,0.0040647041555617
299,299,1000000.0,1645,1.6,17.15,2.43,0.81,0.02,,0.0329,112160.0,11.216,1645.0,0.0328869244312954,0.0749173173215511,0.0166663422166985,0.0003214061496835,1.1269013089227844e-05,2630152000000.0,94811854415221.06,95907264400168.84,92155270930440.94,88294434723140.5,1.0003976097134133,11.220456893473315,2631197141519.493,94849529730407.95,95945374997596.52,92191890601049.16,88329520216172.6,0.0001867269764656,0.0067311436403918,0.0068089119954069,0.0065425401673447,0.0062684410766387,0.0001213567173751,0.0043746731824176,0.0044252160255512,0.0042520969012195,0.0040739557107327
300,300,1000000.0,1650,1.6,17.15,2.43,0.81,0.02,,0.033,111748.5,11.17485,1650.0,0.0329585747620057,0.0746328581264509,0.0179985430202174,0.0002206813221839,5.129808037944041e-06,2620502325000.0,94110684569949.66,95338995768662.94,91657750737998.1,87842064316774.28,1.0012569474211523,11.188893967543116,2623795635388.861,94228957960604.62,95458812836647.58,91772941409590.1,87952459633059.06,0.0001865034638991,0.0066979405035331,0.0067853604959218,0.0065233630372168,0.0062517972660583,0.0001211927485593,0.0043524222142549,0.0044092290366866,0.0042389791578254,0.0040625116459987
301,301,1000000.0,1655,1.6,17.15,2.43,0.81,0.02,,0.0331,111118.0,11.1118,1655.0,0.032986910840691,0.074478786502469,0.0176660767468996,0.0001893423501157,1.4447798345205342e-05,2605717100000.0,93228375087856.77,94585903594744.62,90982090014572.05,87218742281869.84,1.003436244588412,11.14996620846726,2614667075885.5723,93548590858359.02,94910782130594.9,91294590366835.66,87518316491285.25,0.0001859233382996,0.006652038596434,0.006748901080791,0.0064917614813175,0.0062232387880265,0.0001207837939313,0.0043214502622607,0.0043843762964921,0.004217327357513,0.0040428834713985
302,302,1000000.0,1660,1.6,17.15,2.43,0.81,0.02,,0.0332,110289.0,11.0289,1660.0,0.0331123045098138,0.0777047625863875,0.0176656731442836,0.0001943114618222,2.61747052888699e-06,2586277050000.0,92184137974818.12,93666670459571.56,90145981914383.38,86441290993465.9,1.0026489673134371,11.05810819721215,2593126372246.249,92428272247664.95,93914730971770.28,90384718471758.84,86670216296497.94,0.0001849905839878,0.0065937241790782,0.0066997663952961,0.0064479394574149,0.006182951243196,0.0001201567096569,0.0042828136690245,0.0043516911411142,0.0041881222955734,0.0040160048221752
303,303,1000000.0,1665,1.6,17.15,2.43,0.81,0.02,,0.0333,110544.0,11.0544,1665.0,0.0332324773479512,0.0745617380027879,0.0173331032498345,0.0003318485467563,9.096051103196669e-06,2592256800000.0,92047768022383.88,93669172590797.8,90196712514595.62,86514106870661.16,1.0020324665305256,11.076868738510836,2597525719180.791,92234860694098.4,93859560865644.8,90380042803713.77,86689952040437.47,0.0001858938087925,0.0066008545868359,0.0067171274309523,0.0064681132015576,0.006204029184329,0.0001207039809276,0.0042860460567831,0.0043615439727696,0.0041998548396521,0.0040283806394843
304,304,1000000.0,1670,1.6,17.15,2.43,0.81,0.02,,0.0334,109869.5,10.98695,1670.0,0.0327875059858797,0.0746485171732952,0.0173327522573083,0.00025887404063,3.859569456169409e-07,2576439775000.0,91138748436205.9,92884877649846.98,89489630021681.22,85859958220777.38,1.0190108959790662,11.195068790551414,2625243631384.3066,92865131654197.5,94644336680515.4,91184775040727.06,87486348680523.08,0.0001851902994409,0.0065509049648074,0.0066764138919224,0.0064323690161068,0.0061714741121374,0.0001202365013696,0.0042532351648631,0.0043347229875652,0.0041762746123865,0.0040068862017993
305,305,1000000.0,1675,1.6,17.15,2.43,0.81,0.02,,0.0335,109752.0,10.9752,1675.0,0.0334378897563283,0.0748769624209654,0.0173324684496773,0.000102340871103,-3.6574234490783617e-06,2573684400000.0,90694274565193.08,92573010289489.23,89237358532232.97,85641999805165.3,1.0018579586616585,10.99560848616158,2578470190004.8896,90862921409660.4,92745150660455.48,89403296227828.56,85801251897871.9,0.0001854356066765,0.0065345804738506,0.0066699445840811,0.0064296087420995,0.006170560846882,0.0001203716544712,0.0042417865533515,0.0043296553407786,0.0041736463441972,0.004005490808734
306,306,1000000.0,1680,1.6,17.15,2.43,0.81,0.02,,0.0336,109190.5,10.91905,1680.0,0.0330075605727415,0.0746100527726275,0.0166664155396134,0.0001132646932953,4.895228136974039e-06,2560517225000.0,89884927912531.28,91887955127274.2,88625047331773.17,85078358377363.12,1.0181752711630998,11.117647219499023,2607088272972.5205,91519767642938.12,93559226198816.8,90236972176705.6,86625775543992.61,0.0001849411218497,0.0064922115122761,0.0066368862274365,0.0064012128164942,0.0061450424507274,0.0001200193691349,0.0042131848352659,0.0043070729217535,0.0041541303321321,0.0039878860410684
307,307,1000000.0,1685,1.6,17.15,2.43,0.81,0.02,,0.0337,108854.5,10.88545,1685.0,0.0336581592661104,0.0749928858360702,0.0169996933864901,0.0001829357322019,6.5759617046137484e-06,2552638025000.0,89264025060628.3,91394404767143.31,88197044728943.66,84691452079377.6,1.0012434344969627,10.898984515259349,2555811868828.317,89375012232430.47,91508040764363.42,88306705261830.5,84796753904337.02,0.0001848104884282,0.0064626977695085,0.0066169368391466,0.0063854486044052,0.0061316443895296,0.0001199085890305,0.0041931222489749,0.0042931955152216,0.0041430015092371,0.0039783284673845
308,308,1000000.0,1690,1.6,17.15,2.43,0.81,0.02,,0.0338,108719.0,10.8719,1690.0,0.0336082056870736,0.0745190627376449,0.0166660157065933,0.0002400788050623,1.3111838664674597e-05,2549460550000.0,88809029719081.73,91070107559930.34,87932165607616.14,84461081548476.25,1.0057175059052106,10.933938246908678,2564008518900.085,89315800064047.42,91589780277560.48,88433932309037.23,84943041227214.84,0.0001850038999543,0.0064445071916097,0.006608584340659,0.006380876757967,0.0061289944183833,0.0001200186680287,0.0041807830506765,0.0042872257845199,0.0041395037052478,0.003976098593765
309,309,1000000.0,1695,1.6,17.15,2.43,0.81,0.02,,0.0339,108294.5,10.82945,1695.0,0.0338034152599675,0.0752476235007454,0.0173325152567499,0.000195673271496,-4.148151516950681e-06,2539506025000.0,88119730933589.38,90503083717083.16,87434341520738.03,84006837715224.69,1.0028574832952373,10.860397814305951,2546763287454.7456,88371554716849.19,90761718516541.31,87684206635341.92,84246907895523.88,0.0001847164082158,0.006409577307854,0.0065829355757,0.0063597240413823,0.0061104172132559,0.0001198029954215,0.0041571107206131,0.0042695470762657,0.0041247769896113,0.0039630820699391
310,310,1000000.0,1700,1.6,17.15,2.43,0.81,0.02,,0.034,107731.0,10.7731,1700.0,0.0339413058841273,0.0754580334007261,0.0169993726171434,0.0001778357012174,-6.742965682421156e-06,2526291950000.0,87320452282299.14,89819726389340.1,86825701651285.08,83445903481224.19,1.0017310114110396,10.791751254035889,2530665669071.416,87471628446824.28,89975229497481.83,86976021263870.34,83590371716373.06,0.0001841734493587,0.0063658948429928,0.0065480986192375,0.0063298261968942,0.0060834298581351,0.0001194323106015,0.004128138625803,0.0042462936480008,0.0041047489257196,0.0039449664806156
311,311,1000000.0,1705,1.6,17.15,2.43,0.81,0.02,,0.0341,107556.0,10.7556,1705.0,0.0340025586418732,0.0744903393128302,0.0166661153427137,8.057930895708689e-05,-7.252488859859388e-06,2522188200000.0,86838404921032.2,89461733586723.94,86531226511577.47,83186740967665.3,1.002865855391535,10.786399816027789,2529410756858.5166,87087076022199.44,89717916871338.28,86779017974370.38,83424955136819.53,0.0001842841735707,0.0063448650204138,0.0065365390418693,0.0063224209699162,0.0060780554802674,0.0001194865682389,0.004113897208526,0.0042381752222072,0.0040993448868623,0.0039409026658706
312,312,1000000.0,1710,1.6,17.15,2.43,0.81,0.02,,0.0342,107212.0,10.7212,1710.0,0.0341711878299974,0.0749352800394172,0.0173328537181249,0.000216577066902,4.258828634513422e-06,2514121400000.0,86221552199879.19,88964195252323.31,86099075473176.1,82797465724070.25,1.0008432010514898,10.730236374845672,2516240429901.31,86294224127037.88,89039178819101.62,86171644170695.16,82867251656293.75,0.0001841163695143,0.0063142532277616,0.0065151048977286,0.00630528390342,0.0060634974882698,0.0001193529143681,0.0040931967471434,0.0042233982725673,0.0040873824080768,0.0039306450501822
313,313,1000000.0,1715,1.6,17.15,2.43,0.81,0.02,,0.0343,107133.0,10.7133,1715.0,0.0341698181850915,0.0749248015848216,0.0166658530861875,0.0001464086707429,1.4687488366520906e-05,2512268850000.0,85819154546906.02,88687387228934.0,85879899043280.31,82613330286647.73,1.0038196769422694,10.754221973203522,2521865052716.226,86146961025088.97,89026149597548.06,86207937549377.4,82928891363836.28,0.0001843944022094,0.0062989164956615,0.0065094377743854,0.0063033749934439,0.006063616819013,0.0001195083580299,0.0040824079188127,0.0042188494379109,0.0040852975279487,0.0039299072047763
314,314,1000000.0,1720,1.6,17.15,2.43,0.81,0.02,,0.0344,106762.0,10.6762,1720.0,0.0343705426568021,0.0743884795795377,0.0166663111343821,0.0002010721439737,6.967898859882281e-06,2503568900000.0,85184272934322.97,88169741622881.7,85427303868678.0,82203255236713.0,1.000857077545156,10.685343746806172,2505713108626.047,85257229924973.1,88245255550436.9,85500469005796.9,82273659102557.34,0.0001841742919508,0.0062665553774163,0.0064861804821445,0.0062844338748912,0.0060472577084964,0.0001193380412606,0.0040604931137301,0.0042028019535379,0.0040720777102921,0.0039183964400591
315,315,1000000.0,1725,1.6,17.15,2.43,0.81,0.02,,0.0345,106141.0,10.6141,1725.0,0.0344813261478975,0.0745521747095603,0.0166662283267702,0.0001801948701955,5.708451213000764e-06,2489006450000.0,84353056683783.56,87447588822374.08,84776109256335.72,81601327784398.78,1.000541580987384,10.61984829110339,2490354424263.745,84398739871739.11,87494947919880.28,84822021557389.81,81645520715172.75,0.000183497705609,0.0062187835481839,0.0064469225903165,0.0062499723690949,0.006015917083336,0.0001188824623746,0.0040289566495093,0.0041767608468561,0.0040491629175722,0.0038975257697916
316,316,1000000.0,1730,1.6,17.15,2.43,0.81,0.02,,0.0346,105741.0,10.5741,1730.0,0.0345637068730866,0.0745087262014597,0.0166660591078393,9.74226844165178e-05,4.650169185624053e-06,2479626450000.0,83700704422628.81,86909527092581.02,84302914209709.28,81170496049051.34,1.001050037348466,10.585204156135385,2482230374613.748,83788600857365.62,87000793201137.64,84391443041671.6,81255735441691.42,0.000183191722245,0.0061837040802265,0.0064207679134855,0.0062281945913066,0.0059967754282941,0.0001186730758185,0.0040058533986115,0.0041594252626314,0.0040346747106768,0.0038847595095886
317,317,1000000.0,1735,1.6,17.15,2.43,0.81,0.02,,0.0347,105409.0,10.5409,1735.0,0.0345908637877982,0.0742262699616615,0.0166663937657369,0.0002392501224408,-7.235623357902432e-06,2471841050000.0,83104493808147.06,86428798625888.33,83884996813329.69,80792717127383.7,1.0031631123746754,10.574210216893928,2479652295861.626,83367111678880.06,86701921606668.89,84150081145597.16,81048029570435.31,0.0001830137876955,0.0061530122199215,0.0063991419684948,0.0062108002444736,0.0059818495124113,0.0001185327772355,0.0039851294045956,0.0041445405780708,0.0040225570494052,0.0038742722318338
318,318,1000000.0,1740,1.6,17.15,2.43,0.81,0.02,,0.0348,105019.5,10.50195,1740.0,0.0346625568479339,0.0745707722139027,0.0166656145031199,4.744177822751574e-05,8.569222251579749e-06,2462707275000.0,82465232297186.5,85902346465033.19,83422369443143.16,80371707632392.75,1.003976007860643,10.543703032744414,2472498361178.5654,82793092698767.17,86243871942185.19,83754035174076.58,80691244722218.89,0.0001827119549322,0.0061182195545175,0.0063732242216606,0.006189230998245,0.0059628978124305,0.0001183271403998,0.0039622553679813,0.0041274004076853,0.0040082434976308,0.0038616665609167
319,319,1000000.0,1745,1.6,17.15,2.43,0.81,0.02,,0.0349,104934.5,10.49345,1745.0,0.0348439040744778,0.0747370226703944,0.0166660908385522,0.0001430382319888,1.5395350903586374e-06,2460714025000.0,82066576411279.88,85625900512866.06,83202311779676.36,80184286156078.55,1.0016115240454235,10.51035886297237,2464679153367.0205,82198816284262.53,85763875784931.75,83336381746071.3,80313492957192.6,0.0001829373293623,0.0061010910516499,0.006365702558255,0.0061855252415013,0.0059611555902866,0.0001184864153331,0.0039516068746131,0.004122992720153,0.0040062939334104,0.00386097227722
320,320,1000000.0,1750,1.6,17.15,2.43,0.81,0.02,,0.035,104240.0,10.424,1750.0,0.0349220434961807,0.0748368051334802,0.0166662921824063,0.000136195793668,-2.8155635112677236e-05,2444428000000.0,81193711814965.05,84853643429910.19,82500116155787.16,79532032480483.39,1.0022347296756138,10.447286708879394,2449888733232.218,81375094617140.08,85043202341259.8,82684417401703.89,79709703171864.78,0.0001821033527045,0.0060487145213681,0.0063213696446735,0.0061460381530936,0.0059249238521689,0.0001179566763659,0.0039180292434512,0.0040946404461643,0.0039810702141951,0.0038378443611469
321,321,1000000.0,1755,1.6,17.15,2.43,0.81,0.02,,0.0351,103961.5,10.39615,1755.0,0.0350532429464464,0.0745923859683564,0.0166664753755461,0.0001631408379583,1.4442339624244802e-06,2437897175000.0,80647951936868.9,84421938104705.2,82128575609681.84,79198309159981.88,1.0013339837775148,10.410008706786323,2441147041741.393,80755460612562.38,84534477735869.28,82238058047714.48,79303885372774.19,0.00018198492025,0.0060202338523831,0.0063019555668269,0.0061307599171329,0.0059120204593622,0.0001178907010875,0.0038999362617142,0.0040824369347465,0.0039715355746897,0.0038298351085375
322,322,1000000.0,1760,1.6,17.15,2.43,0.81,0.02,,0.0352,103750.5,10.37505,1760.0,0.0346978123754979,0.0744253811005314,0.0166662467399656,4.1810852767770753e-05,-1.3922949605209877e-05,2432949225000.0,80156103367782.88,84046011394006.25,81811070968815.16,78916578461021.16,1.0146393234116151,10.526742202266188,2468521046431.4214,81328054909696.9,85274836754852.33,83007219568100.47,80070407076985.88,0.0001819889165285,0.0059958186776601,0.0062867906962349,0.0061196131890732,0.0059031000165086,0.0001179011521406,0.0038843790248737,0.0040728846596402,0.0039645790491538,0.003824311427444
323,323,1000000.0,1765,1.6,17.15,2.43,0.81,0.02,,0.0353,102604.5,10.26045,1765.0,0.0352644606145986,0.0743889963299189,0.0166664556839521,0.0001416460598054,-3.3948953620998578e-06,2406075525000.0,78946179841848.62,82915337477723.55,80758257166950.1,77925233664598.19,1.0010077960872754,10.27079043120031,2408500356116.4727,79025741414799.31,82998899148277.84,80839644942543.92,78003766332997.4,0.0001803199189891,0.0059165095216981,0.0062139724134151,0.0060523130877413,0.0058399961578983,0.000116843457263,0.0038337718390781,0.004026521441399,0.003921769650158,0.0037841928130708
324,324,1000000.0,1770,1.6,17.15,2.43,0.81,0.02,,0.0354,102568.0,10.2568,1770.0,0.0353363012809495,0.0747981900862927,0.0166659216265505,0.0002527916074584,-2.1926002790839997e-05,2405219600000.0,78593670523862.94,82683589198281.9,80580430886670.31,77777901919419.94,1.001803235736046,10.275290263255046,2409555566733.3086,78735353861567.38,82832645563927.0,80725695821182.03,77918114644823.12,0.0001806027118642,0.0059014278912311,0.0062085309947915,0.0060506094085227,0.0058401735998491,0.000117047442467,0.0038246770186461,0.0040237085418962,0.0039213605893528,0.0037849785109527
325,325,1000000.0,1775,1.6,17.15,2.43,0.81,0.02,,0.0355,102075.0,10.2075,1775.0,0.0354559628106016,0.0744731720658577,0.0166664668384029,0.0001280687776471,1.2061681353373394e-05,2393658750000.0,77893038717959.78,82084884696407.66,80044734515907.84,77285021092749.23,1.001242029688141,10.2201798281866,2396632169709.758,77989797997692.9,82186851116654.28,80144166647272.4,77381025088718.28,0.0001800925982237,0.0058604676737083,0.0061758511566767,0.0060223556148527,0.0058147220243378,0.0001167245536867,0.0037983819454895,0.004002793435205,0.0039033073997487,0.0037687325286975
326,326,1000000.0,1780,1.6,17.15,2.43,0.81,0.02,,0.0356,101735.0,10.1735,1780.0,0.0355460121661508,0.0744574437688139,0.0166663893777952,0.0001580985160528,1.4456294408593846e-05,2385685750000.0,77311795423750.75,81610859634322.53,79630227915798.14,76908954033413.9,1.0015190625987431,10.188953188390734,2389309522677.628,77429229319608.55,81734823657388.25,79751183429002.06,77025776027379.88,0.0001798282517922,0.0058276095307075,0.0061516644492271,0.0060023683655386,0.0057972441470966,0.0001165756522206,0.0037778123023425,0.003987884485691,0.0038911016489759,0.0037581276067283
327,327,1000000.0,1785,1.6,17.15,2.43,0.81,0.02,,0.0357,101522.5,10.15225,1785.0,0.0356405497155947,0.0747837025030204,0.0166659530026131,0.0002532822248525,8.316908615278397e-06,2380702625000.0,76829191174376.47,81240203339418.2,79316321517690.62,76629917887945.62,1.0016689264255971,10.169187695656912,2384674514631.547,76957370588563.31,81375741948028.98,79448650382178.06,76757764840828.03,0.0001797796919321,0.0058017864876019,0.0061348858003058,0.0059896031104008,0.0057867382872644,0.000116568540924,0.0037618586301057,0.0039778390917886,0.0038836382896749,0.003752101428177
328,328,1000000.0,1790,1.6,17.15,2.43,0.81,0.02,,0.0358,100742.0,10.0742,1790.0,0.0356250863721925,0.0746122242987384,0.0166660392470312,8.809756009580443e-05,1.0447917364760776e-05,2362399900000.0,75919882401829.64,80416980903631.39,78560098138562.81,75923309230912.38,1.0049226338726611,10.123790522647802,2374028877560.909,76293600081413.78,80812835672523.16,78946812351696.75,76297043779155.58,0.0001787346644335,0.0057439533014394,0.0060841951849766,0.0059437069814734,0.0057442125687828,0.0001159078928646,0.0037249043211227,0.0039455482567023,0.0038544428648524,0.0037250724537654
329,329,1000000.0,1795,1.6,17.15,2.43,0.81,0.02,,0.0359,100227.5,10.02275,1795.0,0.0358638927452829,0.0746222121757602,0.0166657351935687,0.0001412704551741,-8.297807469463401e-06,2350334875000.0,75216059007161.72,79808645713686.06,78013187958447.62,75418679281238.69,1.0010068447693423,10.032838204699498,2352700559002.032,75291766273127.03,79888975558763.45,78091710620330.34,75494590490712.61,0.0001781428135147,0.0057009750038388,0.0060490685142202,0.0059129824188016,0.0057163325369645,0.0001155458209098,0.0036977289389813,0.0039235070639411,0.0038352397951171,0.0037076900411843
330,330,1000000.0,1800,1.6,17.15,2.43,0.81,0.02,,0.036,99829.5,9.98295,1800.0,0.0357884328486761,0.074913169703532,0.016332314097821,0.000208843635396,-1.808375665688752e-06,2341001775000.0,74603039882971.9,79293631557704.81,77556730057313.34,75002539479680.27,1.0059398784743072,10.042247776457966,2354907103579.393,75046174866325.03,79764628210863.36,78017409680245.38,75448047452758.97,0.000177740628016,0.005664237978079,0.0060203712877319,0.0058884969906773,0.0056945699966062,0.0001153168761021,0.0036749179769549,0.0039059747769871,0.0038204156555625,0.0036945971783927
331,331,1000000.0,1805,1.6,17.15,2.43,0.81,0.02,,0.0361,98868.5,9.88685,1805.0,0.0359669598044546,0.0749354047144424,0.01666642312674,0.0002611236102791,-1.0038603419086412e-05,2318466325000.0,73573567454389.06,78334079857524.36,76663911598500.62,74163804214772.34,1.0037094463659428,9.923432097568917,2327044826879.911,73845795254255.53,78623921915643.92,76947573906931.64,74438215935579.98,0.0001763509732355,0.0055962728831071,0.0059583747546505,0.0058313356880184,0.0056411684358311,0.0001144322638519,0.0036313617293855,0.0038663257681176,0.0037838914740185,0.003660493974254
332,332,1000000.0,1810,1.6,17.15,2.43,0.81,0.02,,0.0362,98753.0,9.8753,1810.0,0.0360268554996991,0.0746724606603164,0.0166660347515991,0.0001372608724373,6.4218834043403495e-06,2315757850000.0,73176668388013.12,78046559342331.28,76428296888474.1,73960571219421.53,1.0048158978302064,9.9227662761016,2326888691745.825,73528396836354.02,78421695240432.92,76795654502124.66,74316067548052.88,0.0001764515725936,0.0055757721880256,0.0059468385830933,0.0058235333960452,0.0056355024777719,0.0001145246852219,0.0036189167674555,0.0038597548708906,0.003779724483372,0.0036576843031077
333,333,1000000.0,1815,1.6,17.15,2.43,0.81,0.02,,0.0363,98401.5,9.84015,1815.0,0.0362874647413491,0.0745453278002343,0.0163316234757375,0.0002021687955821,2.238790886631937e-05,2307515175000.0,72606362128710.88,77573450017610.97,76010724459638.9,73581138557682.73,1.0003454855705978,9.84354679968655,2308311724526.495,72631425696656.53,77600228214153.12,76036963206509.53,73606538616461.17,0.0001761347498091,0.0055421102173659,0.0059212525918431,0.0058019683166384,0.0056165157962748,0.0001143381401283,0.0035976692579199,0.0038437901056715,0.0037663565374049,0.0036459697523812
334,334,1000000.0,1820,1.6,17.15,2.43,0.81,0.02,,0.0364,97549.0,9.7549,1820.0,0.0363571460958382,0.0743984975134657,0.0166656949767864,0.0001650803311501,1.0044957029789083e-05,2287524050000.0,71670179969992.81,76707774081847.72,75207932809241.12,72828497443486.61,1.0011788863361637,9.766412113371931,2290223640585.718,71754760564073.88,76798299724523.58,75296688434513.4,72914445010276.31,0.0001749030553091,0.005479869578338,0.0058650417480343,0.0057503645619921,0.0055684340090079,0.0001135676011795,0.0035581747939665,0.0038082737946743,0.0037338118997359,0.0036156812218745
335,335,1000000.0,1825,1.6,17.15,2.43,0.81,0.02,,0.0365,97471.5,9.74715,1825.0,0.0364684112790882,0.0744464069829864,0.0166658414582917,0.0001012637272462,-1.5369350860947972e-06,2285706675000.0,71306326040049.62,76453366237026.36,75004022977998.78,72655556740825.9,1.0008662079405306,9.755596023999257,2287687267627.826,71368113838640.28,76519614008535.12,75069014875949.75,72718513664225.28,0.0001750437201757,0.0054607726873422,0.0058549427152934,0.005743949280026,0.0055640993144297,0.0001136944070692,0.0035468813859987,0.0038029027249383,0.0037308102625602,0.0036139941026925
336,336,1000000.0,1830,1.6,17.15,2.43,0.81,0.02,,0.0366,96282.5,9.62825,1830.0,0.0363119004147165,0.0778290070959093,0.0166664014472171,0.0002191824405829,-4.197973654369556e-06,2257824625000.0,70133330208249.98,75329648980151.56,73946690413759.69,71655595812648.28,1.0079927814088832,9.705181486451934,2275865058572.9785,70693708401872.39,75931546715456.06,74537538056034.4,72228137188128.36,0.0001732034444128,0.005380105357038,0.0057787281285301,0.0056726378748731,0.005496882206344,0.0001125227193441,0.0034952196660063,0.0037541874849942,0.003685265276906,0.0035710844889311
337,337,1000000.0,1835,1.6,17.15,2.43,0.81,0.02,,0.0366999999999999,95991.0,9.5991,1835.0,0.0366683057494583,0.0748438291998221,0.0166655865045551,7.915113336791985e-05,-3.1847107262507517e-06,2250988950000.0,69618745896215.09,74911057700180.44,73580843621603.42,71325322476070.5,1.0008643760467772,9.607399604990311,2252935207370.2275,69678939882199.14,74975827541969.56,73644463329379.48,71386992007834.72,0.0001729523260446,0.0053490818064938,0.005755710917956,0.0056535053433674,0.0054802047909311,0.0001123929403305,0.0034760968299749,0.0037403444553549,0.0036739262387926,0.0035613070038007
338,338,1000000.0,1840,1.6,17.15,2.43,0.81,0.02,,0.0368,95640.5,9.56405,1840.0,0.0367075002923229,0.0746503311143685,0.0166662898271021,0.0001884633759153,-1.5725886683960202e-05,2242769725000.0,69063392552812.68,74447697285312.16,73170720539789.88,70951967657253.42,1.002522075317947,9.588160285580075,2248423586968.5283,69237496422781.72,74635374602173.55,73355178689665.14,71130832489901.19,0.0001750581651722,0.0053907053613663,0.0058109743246454,0.0057113006026637,0.0055381170590043,0.0001121934610459,0.0034548625102706,0.0037242097270318,0.0036603295884877,0.0035493375582661
339,339,1000000.0,1845,1.6,17.15,2.43,0.81,0.02,,0.0369,94799.5,9.47995,1845.0,0.0368771246362484,0.0747093011054694,0.0166660209069461,0.0001726669772144,-8.863664600864816e-06,2223048275000.0,68157593785908.61,73604890804907.97,72387097744379.84,70216136716602.65,1.0006203170194987,9.4858302270584,2224427188245.196,68199870604585.45,73650546475089.94,72431998041410.5,70259690409085.984,0.0001739903366982,0.0053344602655352,0.0057608014534841,0.0056654889823097,0.005495575335166,0.0001114125620823,0.0034158557123838,0.0036888580237307,0.0036278258606034,0.003519023756301
340,340,1000000.0,1850,1.6,17.15,2.43,0.81,0.02,,0.037,94375.5,9.43755,1850.0,0.0369169324800395,0.0748103208515482,0.0166661314386699,1.725019545956719e-05,-1.3816967590016071e-05,2213105475000.0,67555586913459.234,73088365207361.97,71923759149235.02,69790663057151.73,1.0022524696666228,9.45882858974155,2218095304294.3945,67707902675355.2,73253155575426.58,72085923711394.34,69948018185016.91,0.0001737012367238,0.0053022728139394,0.0057365270521699,0.0056451199706377,0.005477698474721,0.000111119754323,0.00339195772898,0.0036697578481733,0.0036112831209071,0.0035041806278821
341,341,1000000.0,1855,1.6,17.15,2.43,0.81,0.02,,0.0371,93691.0,9.3691,1855.0,0.037042888900828,0.0749348728669232,0.0166662342533039,0.000221965425842,1.4799691726740688e-05,2197053950000.0,66770600109226.21,72372297628004.34,71263532436372.9,69173858459575.19,1.001542501127346,9.38353344779943,2200438593508.9663,66873462707684.24,72483789850303.02,71373316564562.75,69280423367107.55,0.0001729205090702,0.0052552219583926,0.005696107074848,0.0056088410150518,0.0054443719141183,0.0001105146804357,0.0033586483088311,0.0036404210032094,0.0035846486673359,0.0034795353396633
342,342,1000000.0,1860,1.6,17.15,2.43,0.81,0.02,,0.0372,93122.5,9.31225,1860.0,0.0371155426656741,0.0748717324098771,0.0159991649928446,-3.102603726475666e-05,4.435720674747424e-06,2183722625000.0,66072228211770.83,71748322104655.34,70693391167329.66,68644178246045.64,1.0022786214172354,9.33348662171656,2188702612792.534,66222906180736.84,71911944427438.22,70854607716077.97,68800721556894.85,0.0001723865845021,0.0052158482132664,0.0056639282158757,0.0055806502669781,0.0054188820953369,0.0001100444781797,0.0033295821513692,0.0036156179250481,0.0035624567207885,0.0034591905989742
343,343,1000000.0,1865,1.6,17.15,2.43,0.81,0.02,,0.0373,92502.0,9.2502,1865.0,0.0372703498668442,0.0744232615192331,0.0163328166510631,0.0002151400566222,-9.13021304793757e-06,2169171900000.0,65340705171641.2,71086641991483.22,70085532924969.41,68077570633306.98,1.0007956089462788,9.257559257403742,2170897645861.1775,65392688811811.16,71143196973687.17,70141291446630.92,68131731663956.25,0.0001717112070701,0.0051723569514412,0.0056272041431663,0.0055479565527747,0.0053890066655608,0.0001095076785605,0.0032986361933139,0.0035887119601523,0.0035381723372391,0.0034368031054151
344,344,1000000.0,1870,1.6,17.15,2.43,0.81,0.02,,0.0374,91886.0,9.1886,1870.0,0.0373476537081387,0.0744364834541672,0.0166659473191187,8.270899057637099e-05,-2.616836166871781e-06,2154726700000.0,64616254236216.69,70430874330999.62,69482912944226.84,67515734713840.24,1.0014031186984569,9.201442548580207,2157738277642.059,64706565859761.055,70529312822733.14,69580026507226.72,67610098828394.25,0.0001710766598898,0.0051302714860901,0.0055919290059713,0.0055166646730266,0.0053604786095864,0.0001089742828531,0.0032679364701112,0.0035620081288942,0.0035140654305017,0.003414576322718
345,345,1000000.0,1875,1.6,17.15,2.43,0.81,0.02,,0.0375,91147.5,9.11475,1875.0,0.0374430061669954,0.0744964154247307,0.0159993686667736,0.0001394098431149,-1.6670416902164895e-05,2137408875000.0,63809923598663.69,69683898549981.95,68789663459761.31,66865487792142.13,1.0015232825459437,9.128662841956327,2140671436438.76,63907323679003.11,69790264722112.5,68894664662860.125,66967551915018.24,0.0001701682837915,0.0050801815762345,0.0055478339043369,0.0054766400151429,0.0053234481411397,0.0001082893043603,0.0032328546580907,0.0035304526837884,0.0034851473156918,0.0033876612207519
346,346,1000000.0,1880,1.6,17.15,2.43,0.81,0.02,,0.0376,90494.0,9.0494,1880.0,0.0375454272268598,0.0748577718515412,0.0159992953173756,0.0001761283096264,-1.2417457546948097e-05,2122084300000.0,63067482252540.61,69004669694983.766,68162622828518.97,66279240049011.41,1.0014545752216324,9.06258479355969,2125176134089.747,63159370304105.27,69105208109086.67,68261934397294.91,66375807567005.9,0.0001694115411348,0.0050348420955294,0.0055088233010033,0.0054416004968218,0.0052912451225215,0.00010770306703,0.0032008913446381,0.0035022240000296,0.0034594872293455,0.0033638990843578
347,347,1000000.0,1885,1.6,17.15,2.43,0.81,0.02,,0.0377,89761.5,8.97615,1885.0,0.0376732039392208,0.0746905032681725,0.01666591549566,0.000195891649022,-4.521036030781795e-06,2104907175000.0,62274348049331.85,68267951718080.125,67478127055722.17,65636767844994.92,1.0007112763987511,8.982534508195108,2106404342171.753,62318642216147.91,68316508983411.84,67526122538772.01,65683453615866.266,0.0001685443752777,0.0049864389330151,0.0054663594720344,0.0054031165386276,0.0052556750069914,0.0001070170256089,0.0031661327298085,0.0034708576340353,0.0034307016180732,0.0033370838148037
348,348,1000000.0,1890,1.6,17.15,2.43,0.81,0.02,,0.0378,89239.0,8.9239,1890.0,0.0375676097550012,0.0747732078778342,0.0159986709453783,0.0001051787950542,-6.145425309574093e-06,2092654550000.0,61630858432823.88,67693439851605.92,66953354724581.805,65148424460856.72,1.0062043738201671,8.97931331832126,2105648973146.3357,62013557743299.19,68113785006836.055,67369104291254.4,65552966239986.72,0.0001680140833897,0.0049481899380451,0.0054349396789675,0.0053755200656121,0.005230606657022,0.0001065794002454,0.003138874463721,0.0034476431955469,0.0034099504817787,0.0033180249487314
349,349,1000000.0,1895,1.6,17.15,2.43,0.81,0.02,,0.0379,88058.5,8.80585,1895.0,0.0378169418414699,0.0747224712157571,0.0159993685155499,-4.298923885989793e-05,6.540529199576753e-06,2064971825000.0,60538298613867.32,66623173451172.84,65937416627216.32,64180691671238.65,1.0021963528279232,8.825194010357006,2069507995428.7173,60671284467065.15,66769526086892.97,66082262845372.55,64321678851852.47,0.0001662426464426,0.0048736969923084,0.0053635659987419,0.0053083584516701,0.0051669315313519,0.0001053497928687,0.0030885153697428,0.003398950745171,0.0033639651155912,0.0032743413212135
350,350,1000000.0,1900,1.6,17.15,2.43,0.81,0.02,,0.038,87791.0,8.7791,1900.0,0.0378318412253975,0.0746433470777028,0.0166664469132995,0.0001363060202087,-2.453063492000313e-06,2058698950000.0,60077965784988.41,66246537332082.28,65606151936626.25,63880132829710.914,1.0044537708227383,8.818239798774457,2067877232812.6096,60345810950392.95,66541883795920.5,65898643374833.56,64164929169271.95,0.0001662250805294,0.0048508620945578,0.0053489297222543,0.0052972232238712,0.0051578596393886,0.0001052101162641,0.0030702933836712,0.0033855391507388,0.0033528121597866,0.0032646036964205
351,351,1000000.0,1905,1.6,17.15,2.43,0.81,0.02,,0.0381,86703.0,8.670300000000001,1905.0,0.0380300795443417,0.074396131270507,0.015666119963729,0.0001169137901987,1.715013983553825e-05,2033185350000.0,59060408789709.53,65253447519884.52,64663750259301.016,62984176775691.08,1.0018407679949666,8.68626685751141,2036929578086.4253,59169171938817.51,65373615506998.93,64782832284899.15,63100165769849.39,0.0001646094659325,0.0047816114495592,0.005283008332964,0.0052352656364476,0.0050992850707153,0.000104081237906,0.0030233743608627,0.0033404035669981,0.0033102162449858,0.0032242368298142
352,352,1000000.0,1910,1.6,17.15,2.43,0.81,0.02,,0.0382,86279.5,8.62795,1910.0,0.0379903747973457,0.0743246861801093,0.0159994221686344,0.0002771430976214,1.7841564915910008e-05,2023254275000.0,58500255702768.66,64763261681667.78,64219192480493.47,62572755425195.19,1.0055355220978317,8.675639599976124,2034437486194.4011,58823606416781.375,65121230149582.84,64574153693781.03,62918616223604.01,0.0001642848999312,0.004750123982358,0.0052586697065541,0.0052144921875072,0.0050808042224229,0.0001037475848259,0.0029997515961566,0.0033209033920974,0.0032930048396033,0.003208579530256
353,353,1000000.0,1915,1.6,17.15,2.43,0.81,0.02,,0.0383,85476.0,8.5476,1915.0,0.0382231135303072,0.0748190586382209,0.0163326921235163,0.0001151056864443,-2.4140298539011247e-05,2004412200000.0,57686314006561.58,63990225307651.27,63493625098351.96,61887221287191.39,1.002013296595175,8.564780416527704,2008441007675.7463,57802261746579.9,64118843718022.266,63621245357377.125,62011612723320.375,0.000163193314471,0.004696649113564,0.0052098949316428,0.0051694632110004,0.0050386745626764,0.0001029519245585,0.00296292202156,0.0032867076185013,0.0032612009151977,0.0031786917566638
354,354,1000000.0,1920,1.6,17.15,2.43,0.81,0.02,,0.0384,84503.0,8.450299999999999,1920.0,0.038237350782424,0.0744610964390485,0.0159985435685206,3.529304357354182e-05,-8.583444346164116e-06,1981595350000.0,56767983663392.85,63093826881655.27,62644799157766.63,61081100746993.04,1.0042663657922828,8.486494520734663,1990082965112.2783,57011133606207.88,63364071822698.48,62913120812859.89,61342724732825.88,0.0001617690673795,0.0046342982053551,0.00515071330383,0.0051140565786712,0.0049864028507929,0.0001019491256411,0.0029205994548256,0.0032460514624946,0.0032229498823264,0.0031425007201173
355,355,1000000.0,1925,1.6,17.15,2.43,0.81,0.02,,0.0385,83803.5,8.38035,1925.0,0.0384479247437638,0.0743117494333387,0.0159997294400114,0.0001470318527809,-1.3595910085072764e-05,1965192075000.0,56040859528794.65,62404960784334.89,62001222555943.37,60474685214180.22,1.0013545479687709,8.391707996216944,1967855525112.8733,56116812427005.63,62489539030888.67,62085253610879.77,60556647333409.55,0.000160890186989,0.0045880626546986,0.0051090913388904,0.0050760373082504,0.0049510597645861,0.0001012703719067,0.0028879002508989,0.0032158554208794,0.0031950499632031,0.0031163843679687
356,356,1000000.0,1930,1.6,17.15,2.43,0.81,0.02,,0.0385999999999999,82726.0,8.2726,1930.0,0.0385301494854956,0.0745597095596746,0.0159992206232167,0.0001047773721766,-1.6090117064670837e-05,1939924700000.0,55066414175000.0,61438146275729.29,61080637105834.44,59597632850812.414,1.0018134862872698,8.287584000930385,1943438448218.1755,55166154909621.67,61549428005893.53,61191271286530.03,59705580894484.95,0.0001592460689264,0.0045203352414878,0.0050433830119984,0.0050140355172679,0.0048922974942336,0.0001001318643315,0.0028423282168609,0.0031712138763234,0.0031527605519768,0.0030762132608026
357,357,1000000.0,1935,1.6,17.15,2.43,0.81,0.02,,0.0387,81899.0,8.1899,1935.0,0.0386476190776647,0.0744642301966986,0.0163317963623162,0.000100493979524,5.211100872026197e-06,1920531550000.0,54264558983482.14,60661156511193.53,60347849069340.78,58903336910740.66,1.0013553469006695,8.201000238196889,1923134555857.1704,54338106832706.88,60743374033577.56,60429641948294.07,58983171960045.39,0.0001580744471941,0.0044663885701585,0.0049928775091798,0.0049670899085165,0.0048481955009052,9.929024795012046e-05,0.0028054428558457,0.0031361428407345,0.0031199450471674,0.0030452646960977
358,358,1000000.0,1940,1.6,17.15,2.43,0.81,0.02,,0.0388,81428.5,8.14285,1940.0,0.0387200872592074,0.0747465354660955,0.0166655795005706,0.0003005791819268,-1.7198230466282113e-06,1909498325000.0,53702895494196.42,60150799270957.66,59879686101359.17,58467003245410.42,1.0020651798525817,8.159671227001029,1913442902731.741,53813833138353.0,60275056778934.59,60003383552824.09,58587782423911.92,0.0001576139889551,0.0044327494119593,0.0049649728872819,0.004942594638734,0.0048259888385929,9.887881961525517e-05,0.0027808764463762,0.0031147657753647,0.0031007268260548,0.0030275744113823
359,359,1000000.0,1945,1.6,17.15,2.43,0.81,0.02,,0.0389,80288.5,8.02885,1945.0,0.0387329534328273,0.0746964080763546,0.0159989687544041,0.000217712868721,-1.585448893107174e-06,1882765325000.0,52704633120312.5,59149087348720.63,58921598603632.32,57551894646549.92,1.0043232723093007,8.063608144887006,1890916109976.003,52932799703847.16,59405152980536.016,59176679401161.11,57801045781849.05,0.0001558196599792,0.0043618914705351,0.0048952413539691,0.0048764141435684,0.0047630559878648,9.764848517067276e-05,0.0027334939290293,0.0030677316509588,0.0030559330847454,0.0029848942172002
360,360,1000000.0,1950,1.6,17.15,2.43,0.81,0.02,,0.039,79214.0,7.9214,1950.0,0.0389847915665768,0.0744331486761102,0.0159998558857362,6.129785252285531e-05,-2.3174155935359903e-05,1857568300000.0,51756164342857.15,58200031777112.85,58014883319056.64,56686400911584.72,1.000390115150981,7.9244894105747266,1858292766779.7732,51776349668863.67,58222730263948.72,58037509596484.55,56708509070044.016,0.0001541411383416,0.0042947298831517,0.0048294424219256,0.0048140787908348,0.0047038412342645,9.649404693879672e-05,0.0026885481150123,0.0030232840419058,0.0030136662399642,0.0029446563178074
361,361,1000000.0,1955,1.6,17.15,2.43,0.81,0.02,,0.0391,78783.0,7.878299999999999,1955.0,0.0390658512549179,0.0744121428928017,0.0166661018982142,5.8993282752291696e-05,3.21004186795194e-06,1847461350000.0,51232760754910.71,57726760569436.58,57581701497414.28,56283213576703.945,1.0008741626921975,7.885186363181337,1849076202166.0237,51277542928392.41,57777219099647.81,57632033232574.21,56332410313271.73,0.0001537360533209,0.0042633219034333,0.0048037185410965,0.0047916474851953,0.0046835941241791,9.61178176766836e-05,0.0026654853468591,0.0030033484854654,0.0029958015013638,0.0029282451082526
362,362,1000000.0,1960,1.6,17.15,2.43,0.81,0.02,,0.0392,77476.5,7.74765,1960.0,0.0390589976069577,0.0746803834355796,0.0156644604330829,9.755058644537132e-05,-1.2285637873814316e-05,1816823925000.0,50145350291517.86,56615437070390.9,56511217473134.12,55256651787296.91,1.003612467574273,7.775583755701213,1823374390711.934,50326146786531.83,56819561132273.1,56714965776590.34,55455876818357.06,0.0001515846443972,0.0041838204503591,0.0047236448054324,0.0047149493614921,0.0046102760958312,9.4670622948257e-05,0.002612961820203,0.0029501035417847,0.0029446728921438,0.0028793002859307
363,363,1000000.0,1965,1.6,17.15,2.43,0.81,0.02,,0.0393,76965.0,7.6965,1965.0,0.0392754547657432,0.0744021933253387,0.0159987326571148,0.0003463041809763,8.49635065916281e-06,1804829250000.0,49578069890625.0,56088668411026.84,56023317014917.59,54799274889217.13,1.0006249545354753,7.70130986129631,1805957162473.9844,49609053277815.63,56123720540611.94,56058328303711.33,54833521223441.2,0.0001510077996258,0.004148134924055,0.0046928685362864,0.0046874006669415,0.0045849865975488,9.41894116910295e-05,0.0025873523690812,0.0029271238152682,0.0029237132934404,0.0028598336728586
364,364,1000000.0,1970,1.6,17.15,2.43,0.81,0.02,,0.0394,75669.0,7.566899999999999,1970.0,0.0393534557122165,0.0746923144030743,0.0156662358936006,5.723302489906531e-05,1.8370481569299644e-06,1774438050000.0,48510990530357.14,54993784053200.54,54967070332174.65,53785506039248.78,1.001182983070071,7.575858080817813,1776538719951.777,48568420306582.96,55058888489895.35,55032143143808.75,53849180055018.34,0.0001488539808853,0.0040694878342685,0.0046133161314207,0.0046110751719693,0.0045119561586715,9.274518878969706e-05,0.0025355413084796,0.0028743797983107,0.0028729835426906,0.0028112262988045
365,365,1000000.0,1975,1.6,17.15,2.43,0.81,0.02,,0.0395,74530.0,7.453,1975.0,0.039467653923566,0.0745649525782908,0.0159988307335347,0.0001269380530388,-4.481376117308304e-06,1747728500000.0002,47552036522321.43,54017842591348.56,54028503184978.22,52886261531968.77,1.000819574807359,7.459106988667562,1749160588842.5437,47591000664030.98,54062104814956.7,54072774143877.45,52929596537985.88,0.0001469910168326,0.0039993180868094,0.0045431184589665,0.0045440150578934,0.0044479479273039,9.148638745373934e-05,0.0024891532280301,0.0028276115407668,0.0028281695789285,0.002768377933697
366,366,1000000.0,1980,1.6,17.15,2.43,0.81,0.02,,0.0395999999999999,73748.5,7.37485,1980.0,0.0394315685608716,0.0743227420966059,0.015999415452454,1.3971746828186674e-05,-4.98845829512479e-06,1729402325000.0,46827071003125.0,53304827557672.11,53351960896585.53,52243007887740.03,1.004284385394744,7.40644759940227,1736811962059.8325,47027701935379.68,53533212485823.11,53580547767875.91,52466843441657.25,0.0001458618283779,0.0039495044590631,0.0044958535654422,0.0044998289012517,0.0044062972162775,9.066329357798164e-05,0.0024548923199541,0.0027944863726171,0.0027969573209219,0.0027388208591213
367,367,1000000.0,1985,1.6,17.15,2.43,0.81,0.02,,0.0397,72941.0,7.2941,1985.0,0.0396514664354299,0.074015367053449,0.0153328938609539,0.00027238479207,-1.1965181673106973e-05,1710466450000.0,46090473574553.56,52576178595324.23,52658979805067.25,51582784889244.25,1.0012240293402006,7.303025578721384,1712559498210.1646,46146873150950.31,52640514540940.83,52723417072123.9,51645905247780.2,0.000144634477206,0.0038973413068915,0.0044457627944875,0.0044527643405765,0.0043617629128537,8.980335016905728e-05,0.0024198539163824,0.0027603680720815,0.0027647153225248,0.0027082126598296
368,368,1000000.0,1990,1.6,17.15,2.43,0.81,0.02,,0.0398,71981.0,7.1981,1990.0,0.0397656054290109,0.0743426940883667,0.0156642847051537,-3.761746310346952e-05,2.328517278389124e-05,1687954450000.0,45262938175000.0,51741120485472.58,51858539644620.2,50816407869956.7,1.0008649658482964,7.204324051272359,1689413990023.3682,45302076120838.31,51785859984339.07,51903380673455.27,50860347788554.63,0.0001430958016905,0.0038371511891355,0.0043863370342956,0.0043962912061703,0.0043079448163949,8.8752823551681e-05,0.0023799300776607,0.0027205535888799,0.0027267275006898,0.0026719321017296
369,369,1000000.0,1995,1.6,17.15,2.43,0.81,0.02,,0.0399,70595.0,7.0595,1995.0,0.0397870566514483,0.0745150885862142,0.0156653749878875,9.353928574509448e-05,-2.772075428212686e-06,1655452750000.0,44174726703124.99,50604510058051.34,50754688469454.44,49752138863166.7,1.0028430545931848,7.079510539363141,1660145221480.6567,44299942385191.55,50747951313164.18,50898555413498.91,49893164025447.58,0.0001407354258998,0.0037554372823833,0.0043020540909267,0.0043148212464313,0.0042295912416325,8.717061284453911e-05,0.0023260935710496,0.0026646644879824,0.0026725723815529,0.0026197814676551
370,370,1000000.0,2000,1.6,17.15,2.43,0.81,0.02,,0.04,69694.5,6.96945,2000.0,0.0399261434171193,0.074511297715667,0.0153325462858848,0.0001773642085264,1.3612375472172332e-06,1634336025000.0,43397333923660.71,49820465058105.52,50003301269894.87,49032806942063.57,1.001850065894832,6.982343625844247,1637359580260.4756,43477619883994.67,49912633943146.02,50095808405687.67,49123518643389.23,0.0001392936824959,0.0036987341405102,0.0042461745537331,0.004261757597149,0.0041790428269322,8.618415702963092e-05,0.0022884906067857,0.0026272043925954,0.0026368459745874,0.0025856684723683
371,371,1000000.0,2005,1.6,17.15,2.43,0.81,0.02,,0.0401,68629.0,6.8629,2005.0,0.0399851302983051,0.0777960316646733,0.0156660466335934,0.0004458618353403,8.939316987364914e-06,1609350050000.0,42523233072767.85,48922379419261.55,49135817093516.08,48199780370055.11,1.0028751339507949,6.8825793985086445,1613964868950.277,42645168646579.94,49062664575767.22,49276714283571.47,48337993470337.984,0.0001375268194352,0.0036338178860483,0.0041806561852326,0.0041988954766086,0.0041189065683831,8.498689300264834e-05,0.002245575758538,0.0025835032130764,0.0025947744742819,0.0025453440518183
372,372,1000000.0,2010,1.6,17.15,2.43,0.81,0.02,,0.0402,67254.5,6.72545,2010.0,0.0399871492354577,0.0744423980611966,0.015998141179211,0.0001014794743612,-1.187206033979124e-05,1577118025000.0,41465161488392.86,47808872552854.64,48050684814022.14,47152701103645.94,1.0053230291017052,6.761247784287669,1585512605415.458,41685869531187.73,48063346484960.85,48306445848577.016,47403682409385.97,0.0001351297360106,0.0035527945510379,0.0040963328201337,0.0041170516417423,0.0040401111085664,8.340303470195033e-05,0.0021928100799801,0.0025282857676975,0.0025410735718376,0.0024935853272224
373,373,1000000.0,2015,1.6,17.15,2.43,0.81,0.02,,0.0403,65834.0,6.5834,2015.0,0.0402519338189221,0.0743528332290397,0.0156657333081347,0.0002753112898275,2.7020011064664503e-05,1543807300000.0,40387307418750.0,46668221883297.22,46936886480969.95,46076767643475.7,1.001194167606691,6.591265547295969,1545651770840.9048,40435560339225.59,46723978955090.2,46992964541021.234,46131818072607.33,0.0001326262211184,0.003469614351545,0.0040091985021067,0.0040322790836907,0.0039583875357432,8.175538109170826e-05,0.0021387900609666,0.0024714083583756,0.0024856360256295,0.002440086724662
374,374,1000000.0,2020,1.6,17.15,2.43,0.81,0.02,,0.0404,64485.0,6.4485,2020.0,0.0403545571986114,0.0746472092508415,0.0153308007332049,0.0001881724482107,1.6479430122604466e-06,1512173250000.0,39361816727678.57,45583761232663.78,45878225474960.47,45054242352145.25,1.0011264447779822,6.455769433625376,1513877932185.151,39406189545244.84,45635148086455.49,45929944280099.69,45105032276053.22,0.0001302538233363,0.0033905024587916,0.003926441089078,0.0039518053080225,0.003880830006673,8.019203845807105e-05,0.0020873959520216,0.0024173518039902,0.0024329675331024,0.0023892708956479
375,375,1000000.0,2025,1.6,17.15,2.43,0.81,0.02,,0.0405,63522.5,6.35225,2025.0,0.0402895524357518,0.0744549340702568,0.0153321640165759,0.0002112508542198,-4.682272900074774e-05,1489602625000.0,38579341119419.64,44777108196845.305,45098014858197.15,44304565250565.83,1.0052234134485047,6.385426024070629,1497382402644.5625,38780830221644.34,45010966502068.125,45333549169106.375,44535955596221.55,0.0001286312957709,0.0033314325276382,0.0038666268114532,0.0038943379868891,0.0038258214245217,7.910332508456755e-05,0.0020487035340165,0.0023778275404434,0.0023948688530248,0.0023527337888155
376,376,1000000.0,2030,1.6,17.15,2.43,0.81,0.02,,0.0406,61963.0,6.196300000000001,2030.0,0.0405569875690616,0.0742271144193186,0.0156663315394323,0.0001845303252326,-1.188102256621332e-06,1453032350000.0,37442027935714.28,43554771063157.91,43897751044175.016,43141568019435.16,1.0010605451568042,6.202871695259637,1454573412538.385,37481738343134.25,43600964546773.984,43944308286794.92,43187323266606.31,0.0001257886669711,0.0032413475052582,0.0037705262324479,0.0038002179283072,0.0037347553426544,7.726717202065375e-05,0.0019910359279412,0.0023160902013346,0.0023343286756486,0.0022941175104589
377,377,1000000.0,2035,1.6,17.15,2.43,0.81,0.02,,0.0407,60329.0,6.0329,2035.0,0.040638525347731,0.0740016109496854,0.0153320478019098,0.0001676697233754,-3.765059767719752e-06,1414715050000.0,36269498541517.86,42286439950323.17,42649505454085.39,41930581467280.06,1.0015129447338125,6.042019258491301,1416853516116.2102,36324323075746.83,42350359620230.5,42713973929406.05,41993963225819.19,0.0001227931622673,0.0031480872559922,0.0036703403151965,0.003701853347674,0.0036394528312098,7.53307392685323e-05,0.0019312780605758,0.0022516681239039,0.0022710006338686,0.0022327193733392
378,378,1000000.0,2040,1.6,17.15,2.43,0.81,0.02,,0.0408,59137.0,5.9137,2040.0,0.0406747951518582,0.0746102820869845,0.0156654840807175,-2.9714986491688136e-06,-9.72856576350652e-06,1386762650000.0,35371370925892.86,41333530395752.54,41717976873589.88,41030233500934.86,1.003083737806893,5.9318971494665576,1391029881549.9077,35480212788614.25,41460718523420.84,41846347988223.88,41156488348435.45,0.0001206838954928,0.0030782158953165,0.0035970765888697,0.0036305332864192,0.0035706819850364,7.394174557979823e-05,0.0018859903025301,0.0022038907584059,0.0022243893229247,0.0021877190639694
379,379,1000000.0,2045,1.6,17.15,2.43,0.81,0.02,,0.0409,57242.0,5.7242,2045.0,0.040804732658671,0.0743786603050938,0.0156648672387828,0.0001973466037404,-5.824840640118273e-06,1342324900000.0,34062235416964.28,39895390662603.88,40295157378597.78,39645884118185.41,1.00233645377718,5.737558213592547,1345457401087.452,34141724361469.965,39988492082859.84,40389191709859.55,39738403280359.34,0.0001171198340839,0.0029719804501615,0.0034809318780577,0.0035158121156585,0.0034591620628026,7.166557574851578e-05,0.0018185535502158,0.0021299807085061,0.0021513239107865,0.0021166597679806
380,380,1000000.0,2050,1.6,17.15,2.43,0.81,0.02,,0.0409999999999999,55917.5,5.59175,2050.0,0.0409483104344871,0.0744451974250332,0.0153326695830928,0.0002500451964766,-4.592950889290604e-07,1311265375000.0,33102461031250.0,38861258108494.92,39278774772272.01,38660576478916.56,1.0012625821565542,5.598810693248277,1312921107566.7207,33144259452693.133,38910328153247.67,39328372014608.52,38709393123315.75,0.0001147075327884,0.0028957537555072,0.0033995247061894,0.0034360484391523,0.0033819693775399,7.009865150219181e-05,0.001769617290241,0.002077475575136,0.0020997955079798,0.0020667473793925
381,381,1000000.0,2055,1.6,17.15,2.43,0.81,0.02,,0.0411,54156.0,5.4156,2055.0,0.0410640747254546,0.0742639063047434,0.0153324934963336,-0.0001345204743376,-3.0122371219238648e-05,1269958200000.0,31898144571464.277,37529547937950.14,37960061533790.2,37376883611690.61,1.0008748884851246,5.420338991224918,1271069493442.2432,31926057457795.484,37562388657049.234,37993278979411.36,37409590739885.2,0.0001113810266751,0.0027976102610337,0.0032915095788076,0.0033292675509222,0.0032781202330831,6.797654464386077e-05,0.001707399226619,0.0020088291023026,0.0020318730313607,0.00200065749997
382,382,1000000.0,2060,1.6,17.15,2.43,0.81,0.02,,0.0412,52585.5,5.25855,2060.0,0.0411366415851261,0.0777740113568863,0.015331989782382,0.0001303669899517,-7.980476040208498e-06,1233129975000.0,30817579480222.867,36336813565927.98,36780233580284.66,36229062764687.07,1.00154044864427,5.266651561179179,1235029791096.5176,30865058444110.867,36392795712748.06,36836898880136.36,36284878905724.51,0.0001084311310355,0.0027098400546304,0.0031951553145756,0.0032341459600511,0.0031856806107849,6.608909430503895e-05,0.0016516555089997,0.0019474565919162,0.00197122150538,0.0019416817319995
383,383,1000000.0,2065,1.6,17.15,2.43,0.81,0.02,,0.0412999999999999,49868.5,4.98685,2065.0,0.0412637694732893,0.0776093608708652,0.015330884322272,0.0001294300804048,-3.1365812549359813e-06,1169416325000.0,29077792607550.508,34360354269898.43,34804942762045.336,34296565232557.57,1.0008780544410685,4.9912295188216085,1170443322163.6672,29103329116572.35,34390529995705.74,34835508931453.16,34326684937973.312,0.0001030815251641,0.002563144661415,0.0030287910708996,0.0030679805869524,0.0030231682049302,6.275207668160232e-05,0.0015603441070832,0.0018438117716131,0.0018676688450561,0.0018403887865931
384,384,1000000.0,2070,1.6,17.15,2.43,0.81,0.02,,0.0414,46843.5,4.68435,2070.0,0.0412538685302478,0.0743562904423366,0.0153307615817573,0.0002685735602628,5.4345961283677546e-06,1098480075000.0,27175397418527.383,32183076227423.82,32623314762572.484,32159222082833.11,1.0035470991553628,4.700977216042316,1102379157161.923,27271857162977.24,32297310851510.35,32739112024214.72,32273372036044.145,9.706732089329392e-05,0.0024013571858615,0.0028438613121869,0.0028827630420711,0.0028417534378974,5.9018722733231616e-05,0.0014600694923022,0.0017291201686737,0.001752773138476,0.0017278385421994
385,385,1000000.0,2075,1.6,17.15,2.43,0.81,0.02,,0.0415,44353.0,4.4353,2075.0,0.0414508178887444,0.0744637927963957,0.0153316621461126,0.0001052719773301,-6.149470366886847e-06,1040077850000.0,25599395890710.266,30383967362326.867,30822216027833.42,30395529464524.703,1.0011867322917347,4.44056652960405,1041312851192.1498,25629792927281.465,30420045657730.16,30858814705075.78,30431621488909.914,9.214185867143956e-05,0.002267884003333,0.0026917554552066,0.0027305804783528,0.0026927797569804,5.594959802684842e-05,0.0013770852920436,0.0016344649204701,0.001658039921775,0.0016350868883068
386,386,1000000.0,2080,1.6,17.15,2.43,0.81,0.02,,0.0416,41642.0,4.1642,2080.0,0.0412794172234498,0.0779076471869548,0.0153329908608493,0.0002211045166705,-2.871179981909364e-05,976504900000.0,23911512074192.875,28444131401292.707,28875699887822.883,28487047560421.18,1.0078026418372057,4.196719045086889,984130616072.8756,24098241707552.555,28666257137687.69,29101195826194.61,28709508437422.688,8.673185902789883e-05,0.0021237885179713,0.0025263697036931,0.0025647010393931,0.0025301814595415,5.259442442652706e-05,0.0012878708695779,0.0015319971454966,0.0015552413669538,0.0015343086041364
387,387,1000000.0,2085,1.6,17.15,2.43,0.81,0.02,,0.0417,39027.5,3.90275,2085.0,0.0348627383597084,0.0742951115427111,0.0156643047492037,0.0001114329845193,7.474886829224236e-06,915194875000.0,22294791446104.984,26580783392890.125,27004100365840.8,26650957919448.016,1.2427123973261844,4.850585346137908,1137462263669.3396,27709381508853.4,33036284264792.44,33562409460043.484,33123501619271.688,8.149351375703335e-05,0.0019852393660129,0.002366885453878,0.0024045797073108,0.0023731341435304,4.935128339939066e-05,0.0012022320065844,0.0014333513113261,0.0014561784014581,0.0014371354266466
388,388,1000000.0,2090,1.6,17.15,2.43,0.81,0.02,,0.0418,36358.5,3.63585,2090.0,0.0416102727263023,0.0740779540919246,0.0153309952611808,0.000358607248003,3.224952538948327e-06,852606825000.0,20662564327817.12,24690805559833.797,25102728718292.04,24783687846442.32,1.0045735579491928,3.652607277565997,856536406589.2263,20757796068858.83,24804603071308.19,25218424743374.58,24897913443304.64,7.611431176574069e-05,0.0018445980222209,0.0022042090410529,0.00224098243623,0.002212500871605,4.603136894446154e-05,0.0011155506782535,0.0013330312952405,0.0013552706045303,0.001338045914732
389,389,1000000.0,2095,1.6,17.15,2.43,0.81,0.02,,0.0419,21030.5,2.10305,2095.0,0.0416210040957594,0.074322649178759,0.0156610351223979,0.0003323794572013,3.39404134965755e-05,493165225000.0,11889447525317.64,14239916609325.947,14488336051027.938,14309552138171.652,1.006703735659073,2.117151620099659,496472054913.37,11969170057923.553,14335399785796.09,14585484958979.62,14405502243042.557,4.413692784431908e-05,0.0010640727710145,0.0012744332731386,0.0012966661282097,0.0012806654609659,2.665685927407368e-05,0.0006426554701395,0.0007697044193035,0.0007831321343221,0.0007734684002146
390,390,1000000.0,2100,1.6,17.15,2.43,0.81,0.02,,0.042,6859.5,0.68595,2100.0,0.0412837696824226,0.0761755330033286,0.0139924472510562,0.0005153706548376,5.031806541276718e-05,160855275000.0,3857682357831.701,4631003627977.839,4715342519873.484,4658906107014.486,1.017371990275835,0.6979043176107422,163658562479.71906,3924911689629.759,4711709930514.973,4797518629103.027,4740098676912.99,1.443244303310682e-05,0.000346123438409,0.0004155082638533,0.0004230754154606,0.0004180117623502,8.704902130561132e-06,0.0002087637310974,0.0002506130641212,0.0002551771780413,0.0002521230447495
