,Simulation Number,PG.cFactor,ExitSlit.openingHeight,SU.photonEnergy,PG.orderDiffraction,SU.numberRays,SU.electronSigmaX,SU.electronSigmaY,SU.electronSigmaYs,SourcePhotonFlux,NumberRaysSurvived,PercentageRaysSurvived,PhotonEnergy,Bandwidth,HorizontalFocusFWHM,VerticalFocusFWHM,HorizontalCenter,VerticalCenter,PhotonFlux1,PhotonFlux3,PhotonFlux5,PhotonFlux7,EnergyPerMilPerBw,FluxPerMilPerBwPerc,FluxPerMilPerBwAbs1,FluxPerMilPerBwAbs3,FluxPerMilPerBwAbs5,FluxPerMilPerBwAbs7,AXUVCurrentAmp1,AXUVCurrentAmp3,AXUVCurrentAmp5,AXUVCurrentAmp7,GaAsPCurrentAmp1,GaAsPCurrentAmp3,GaAsPCurrentAmp5,GaAsPCurrentAmp7
0,0,2.25,0.02,100,1,100000.0,226.5,18.76,5.23,,1082.4,1.0824,100.0,0.0060678687775733,0.0538667338640814,0.0071828769782144,0.0009062856252938,-1.0975699341285712e-05,14923806480000.0,8374474680000.0,5751050976000.0,4168582176000.0,16.671127078879557,18.06066184153917,249014987272589.7,139734437634896.5,95960630922939.6,69555943310609.33,6.175154732818044e-05,3.46518008152749e-05,2.379662970081896e-05,1.7248709293949074e-05,2.9713308804204987e-05,1.6673584756898818e-05,1.145034638633377e-05,8.299649934296978e-06
1,1,2.25,0.02,105,1,100000.0,226.5,18.76,5.23,,1114.5,1.1145,105.0,0.0065204727905864,0.0553407241927279,0.0074819390501368,0.0013423533123139,-9.17243369470972e-06,15366391650000.0,8622830775000.0,5921605980000.0,4292206980000.0,16.29338490419564,18.14617846802037,250194064863524.44,140396075498150.2,96415001283424.56,69885288363178.77,6.718338086796024e-05,3.7699867171926056e-05,2.588984577289041e-05,1.8765952532614085e-05,3.409332860751405e-05,1.913142719742276e-05,1.3138234606974906e-05,9.523096010676357e-06
2,2,2.25,0.02,110,1,100000.0,226.5,18.76,5.23,,1154.6,1.1545999999999998,110.0,0.0065454457011241,0.0548407535882159,0.0071277751231103,0.001306879764581,-2.8826886251881796e-05,15919278420000.0,8933082470000.0,6134666904000.0,4446641704000.0,16.989236478836258,19.60801880658848,270349480899600.0,151706261105634.7,104182109843918.16,75515186348685.81,7.210415235141138e-05,4.046115171749112e-05,2.77861185288056e-05,2.014044370720639e-05,3.988084910978002e-05,2.2379086832460276e-05,1.536851851462155e-05,1.11396912701574e-05
3,3,2.25,0.02,115,1,100000.0,226.5,18.76,5.23,,1167.2,1.1672,115.0,0.0065653306214585,0.0554400990419022,0.0071301011390974,0.001544271063683,-4.666429966132348e-06,16093003440000.0,9030568040000.0,6201613728000.0,4495167328000.0,17.669512099445306,20.629931523780023,284439306870421.8,159612748702909.88,109611777369408.95,79450817481642.58,7.562010989738748e-05,4.243412674126883e-05,2.914103097044432e-05,2.1122536176535214e-05,4.391619940619133e-05,2.464351842553378e-05,1.6923584595904468e-05,1.2266862769069557e-05
4,4,2.25,0.02,120,1,100000.0,226.5,18.76,5.23,,1185.5,1.1854999999999998,120.0,0.0070839527256012,0.0497288573306988,0.0070107798644757,0.0011170781462277,-2.554831162035042e-05,16345318350000.0,9172154225000.0,6298846020000.0,4565645020000.0,17.14527868986833,20.32625134871852,280252255720726.38,157263190372467.75,107998251716065.2,78281272244238.72,7.941916767922235e-05,4.456596309578532e-05,3.0605039163888925e-05,2.218370542823881e-05,4.897840542362725e-05,2.74841687766874e-05,1.887436068619372e-05,1.368086004944191e-05
5,5,2.25,0.02,125,1,100000.0,226.5,18.76,5.23,,1185.1,1.1851,125.0,0.0070706266326367,0.054281643616049,0.0068800833112592,0.0010519665944478,-5.15549588820178e-05,16339803270000.0,9169059445000.0,6296720724000.0,4564104524000.0,17.891077541693914,21.197618012298918,292266397868173.75,164004910680256.1,112628031927667.08,81637114393686.08,8.266438975147142e-05,4.638701525908214e-05,3.185562074915382e-05,2.309017489403285e-05,5.1464595679945576e-05,2.8879291219416934e-05,1.9832441114218763e-05,1.4375313465366494e-05
6,6,2.25,0.02,130,1,100000.0,226.5,18.76,5.23,,1139.5,1.1395000000000002,130.0,0.0073638592630742,0.0506873013040935,0.006794187397488,0.0009684449361675,1.149760866820673e-05,15711084150000.0,8816254525000.0,6054436980000.0,4388487980000.0,18.149827195507363,20.73096452281191,285832319551173.8,160394435964769.62,110148589941185.16,79839919808834.14,8.254846221608277e-05,4.6321962672724365e-05,3.181094681382533e-05,2.3057793513426214e-05,5.215003352507908e-05,2.926392377857515e-05,2.009658203520465e-05,1.456677292899654e-05
7,7,2.25,0.02,135,1,100000.0,226.5,18.76,5.23,,1096.7,1.0966999999999998,135.0,0.0083539516120452,0.0474111826698846,0.0070876444201245,0.0009821411119084,-2.0225834486547697e-05,15120970590000.0,8485113065000.0,5827030308000.0,4223654908000.0,16.36379172541629,17.953746053041716,247540864455523.2,138907235525081.1,95392561678863.36,69144184949316.36,8.260172080758494e-05,4.635184866237621e-05,3.183147059072164e-05,2.3072669933564222e-05,5.2510754429008255e-05,2.9466341846683297e-05,2.023558975480927e-05,1.466753105210976e-05
8,8,2.25,0.02,140,1,100000.0,226.5,18.76,5.23,,1050.6,1.0506,140.0,0.0080211239881691,0.046949709123442,0.0072895587001698,0.001209446954011,1.7783277512608104e-05,14485357620000.0,8128439670000.0,5582089944000.0,4046112744000.0,17.65810972209396,18.55031584115445,255766189723085.3,143522866147219.94,98562280139855.48,71441718380087.69,8.252489192796273e-05,4.63087362360692e-05,3.1801863747204304e-05,2.3051209758599853e-05,5.2740768754642247e-05,2.9595414087645456e-05,2.032422827432533e-05,1.4731779648427829e-05
9,9,2.25,0.02,145,1,100000.0,226.5,18.76,5.23,,956.4,0.9563999999999998,145.0,0.0089393636912319,0.0475287631308408,0.0068743558643523,0.0012745149897928,-1.3184535028459709e-05,13178274725454.545,7399618980000.0,5081582736000.0,3683325936000.0,16.42981685430511,15.730665094436128,216753477863443.84,121707369302397.6,83580799006361.8,60582566638296.2,7.779332120403e-05,4.368105446964886e-05,2.999734079324761e-05,2.1743222357090387e-05,5.000445745063232e-05,2.8077570102678125e-05,1.928187057850361e-05,1.397623883859119e-05
10,10,2.25,0.02,150,1,100000.0,226.5,18.76,5.23,,874.2,0.8742000000000001,150.0,0.0093925928640686,0.053153671801368,0.0071290094078062,0.0014215719053034,-2.2075990795536867e-05,12001318818913.045,6763641690000.0,4644834408000.0,3366754008000.0,16.081138839131604,14.05675200649867,192975935013024.7,108756387436679.88,74686897031008.98,54135925597507.93,7.32394937370252e-05,4.127593814219683e-05,2.8345661478314567e-05,2.054602188339773e-05,4.754277912036923e-05,2.679391554953413e-05,1.8400339132915005e-05,1.3337271059136716e-05
11,11,2.25,0.02,155,1,100000.0,226.5,18.76,5.23,,797.7,0.7977,155.0,0.0100976254712918,0.0481679884221876,0.0070317315040843,0.001034624615128,2.842196233348781e-05,10901787823437.5,6171765015000.0,4238371548000.0,3072134148000.0,15.546666740942984,12.417253849511866,169700723100339.6,96071672170980.8,65975849843380.42,47821824715394.08,6.900161112331197e-05,3.906347623037952e-05,2.6826284833985185e-05,1.94447194563086e-05,4.4387663977123744e-05,2.512892711437925e-05,1.725693208579665e-05,1.250848580642009e-05
12,12,2.25,0.02,160,1,100000.0,226.5,18.76,5.23,,709.5,0.7095,160.0,0.0088608929166638,0.0457657490254569,0.0069089114487623,0.0011468823658061,3.4363652980192225e-05,9654319752000.0,5489366025000.0,3769743780000.0,2732454780000.0,18.30502099294912,12.980369080789682,176626685842026.7,100428466559615.72,68967816214814.98,49990516618700.46,6.305478995674457e-05,3.5852429854559155e-05,2.4621144559605253e-05,1.784634926593456e-05,4.043253824504975e-05,2.298960542516836e-05,1.5787783445572417e-05,1.1443590561865512e-05
13,13,2.25,0.02,165,1,100000.0,226.5,18.76,5.23,,652.8,0.6527999999999999,165.0,0.0107936045737318,0.0491179128150386,0.0069333804376719,0.0010438980597412,-3.999388989035399e-05,8842624800000.0,5050680960000.0,3468483072000.0,2514089472000.0,15.449644886589528,10.094451082310789,136736279845018.7,78100263301284.44,53634241268576.96,38876153786238.6,5.941794211101631e-05,3.393800773979375e-05,2.330644249263363e-05,1.689340281736386e-05,3.7937014076289104e-05,2.1668651447742687e-05,1.4880637152651155e-05,1.0786056159288162e-05
14,14,2.25,0.02,170,1,100000.0,226.5,18.76,5.23,,591.3,0.5912999999999999,170.0,0.010073591534197,0.0474931688753865,0.0068013942086811,0.0008660493056482,-3.8080281468929423e-05,7968151573761.467,4574858535000.0,3141718812000.0,2277238212000.0,17.310460912053344,10.245974929875588,138071167363789.44,79272595733700.92,54439323836412.16,39459708488934.055,5.52599020568869e-05,3.1727086542967545e-05,2.178812391233714e-05,1.5792867315639664e-05,3.504055257197279e-05,2.0118288353459572e-05,1.3815947422580671e-05,1.0014328235076823e-05
15,15,2.25,0.02,175,1,100000.0,226.5,18.76,5.23,,536.1,0.5360999999999999,175.0,0.0097849179851266,0.0462321086763243,0.0060911518553745,0.001353149985173,-1.6105149302542662e-05,7189240006460.178,4147778895000.0,2848427964000.0,2064649764000.0,19.33314741868607,10.34751429272094,138762849693430.05,80058200707067.28,54978826840656.6,39850760944698.586,5.163491119927362e-05,2.97903804470424e-05,2.0458118639314403e-05,1.4828828516775676e-05,3.227833242321941e-05,1.862274536258595e-05,1.278890461619969e-05,9.269888244102073e-06
16,16,2.25,0.02,180,1,100000.0,226.5,18.76,5.23,,486.3,0.4863,180.0,0.010694501243023,0.0422596995502702,0.0065556477766697,0.0009975981210303,7.847780671358618e-05,6488578285897.436,3762478785000.0,2583828612000.0,1872858012000.0,17.072190311319567,8.3230700812343,111052625542051.16,64395177065005.71,44222468878417.33,32054140419652.79,4.817734997437189e-05,2.7936205623050997e-05,1.918479053950452e-05,1.3905871505401862e-05,2.9756613175104612e-05,1.725472373942354e-05,1.1849435289261885e-05,8.58892486757928e-06
17,17,2.25,0.02,185,1,100000.0,226.5,18.76,5.23,,458.5,0.4584999999999999,185.0,0.0122333986796149,0.046504073931584,0.0061185184314497,0.0009832223157817,-1.840505978303248e-05,6087048652479.339,3547391575000.0,2436120540000.0,1765793540000.0,15.542031749095148,7.108743855215481,94375724546805.16,54999995770609.41,37770462201285.1,27377478684960.062,4.652904002436573e-05,2.7116051472340847e-05,1.8621561380763775e-05,1.3497621423472813e-05,2.843412091752368e-05,1.6570749922340483e-05,1.1379726031236644e-05,8.248461594157201e-06
18,18,2.25,0.02,190,1,100000.0,226.5,18.76,5.23,,425.1,0.4251,190.0,0.0105786324527087,0.0418268313435547,0.0069193211082248,0.000667137334655,-5.82007232075659e-05,5614319165520.0,3288977445000.0,2258658324000.0,1637162124000.0,18.323752230061025,7.794602230319986,102943741917879.16,60306447725874.21,41414592354225.37,30018883893497.543,4.4142056822697865e-05,2.585927607347111e-05,1.7758488810785856e-05,1.287203334456018e-05,2.672263710646562e-05,1.56546409498515e-05,1.0750601267991776e-05,7.792447852410326e-06
19,19,2.25,0.02,195,1,100000.0,226.5,18.76,5.23,,418.2,0.4181999999999999,195.0,0.0113280154307318,0.0389967796936598,0.0064249084988691,0.0014624161422307,5.328963324532465e-05,5492212879384.615,3235592490000.0,2221996968000.0,1610588568000.0,18.06331685259576,7.555960981935998,99232296081101.16,58460092319189.73,40146634127661.63,29099819172071.195,4.443162592854753e-05,2.6175721577093317e-05,1.797580324446652e-05,1.3029551175406956e-05,2.660382271934886e-05,1.5672941105236514e-05,1.07631686385445e-05,7.801557164274175e-06
20,20,2.25,0.02,200,1,100000.0,226.5,18.76,5.23,,407.3,0.4073,200.0,0.0125194148824362,0.0433301846346067,0.0060363321267714,0.0006666359025001,-6.322009861116059e-05,5318036783684.21,3151259735000.0,2164082652000.0,1568610052000.0,16.338021985039838,6.663396312294938,87002668040879.45,51554364098410.31,35404223822337.95,25662338413762.76,4.420067557950884e-05,2.619158439084896e-05,1.79866968054381e-05,1.303744724593194e-05,2.622396623001884e-05,1.5539292455854e-05,1.0671387335854788e-05,7.735030558253984e-06
21,21,2.25,0.02,205,1,100000.0,226.5,18.76,5.23,,392.3,0.3923,205.0,0.013525368218913,0.037514485455326,0.0065694436849443,0.0012379293034371,-6.346298536311464e-05,5090123201739.131,3035205485000.0,2084384052000.0,1510841452000.0,15.417213853618556,6.078299122556049,78866406808139.53,47027496396260.02,32295462029929.707,23408988712752.76,4.341753805950509e-05,2.5889579572137023e-05,1.7779299306039372e-05,1.288711758915296e-05,2.5515872853518527e-05,1.5214939633111682e-05,1.0448642663612188e-05,7.573576682365149e-06
22,22,2.25,0.02,210,1,100000.0,226.5,18.76,5.23,,382.8,0.3827999999999999,210.0,0.0130256884152572,0.0382022670690475,0.0064842205562594,0.000775493676464,1.739335373052782e-05,4935443634929.576,2961704460000.0,2033908272000.0,1474254672000.0,16.66506022944602,6.372711332264176,82163421060780.6,49305348942161.32,33859744759039.312,24542840791269.09,4.321295264442183e-05,2.593160899882896e-05,1.780816241502633e-05,1.2908038676823558e-05,2.5157217892027775e-05,1.5096564755535618e-05,1.036735040574155e-05,7.514652938058148e-06
23,23,2.25,0.02,215,1,100000.0,226.5,18.76,5.23,,357.4,0.3574,215.0,0.0129707402337288,0.0459224279802889,0.0068923303914231,0.0008461096281035,-8.225193409375235e-05,4578512846301.369,2765185930000.0,1898951976000.0,1376433176000.0,16.935011308062165,6.045938274067905,77452171392739.33,46777122129549.67,32123521075308.555,23284359318621.28,4.110535372594389e-05,2.4825516403754008e-05,1.704856911018967e-05,1.2357456335480209e-05,2.3782073225316764e-05,1.4363147265601668e-05,9.86368641098694e-06,7.1495779700238165e-06
24,24,2.25,0.02,220,1,100000.0,226.5,18.76,5.23,,348.0,0.348,220.0,0.0135563928201235,0.0413884929840013,0.0062557365670379,0.0014857033991815,-4.365206066956957e-05,4427572448000.0,2692458600000.0,1849007520000.0,1340231520000.0,16.613714113191328,5.775148126271424,73476685997121.22,44682032295555.7,30684748030430.387,22241481469821.56,4.0749562524888106e-05,2.4780285665553204e-05,1.7017507546209284e-05,1.2334941723367104e-05,2.344429561303645e-05,1.4256750416986578e-05,9.79061989356914e-06,7.096616557676526e-06
25,25,2.25,0.02,225,1,100000.0,226.5,18.76,5.23,,357.3,0.3573,225.0,0.0130586399837653,0.0403387267053732,0.0068369567310802,0.001288802050729,6.92694164379051e-05,4516030419096.775,2764412235000.0,1898420652000.0,1376048052000.0,17.659510467298865,6.32772964149199,79978224306739.88,48957327849741.45,33620746240360.902,24369605504499.617,4.256855829409651e-05,2.6057628592777955e-05,1.7894704572769833e-05,1.297076774977868e-05,2.436902100490116e-05,1.491708725788305e-05,1.0244096795516908e-05,7.425313997253378e-06
26,26,2.25,0.02,230,1,100000.0,226.5,18.76,5.23,,356.1,0.3560999999999999,230.0,0.0125598794002655,0.0399980915370687,0.0064540262889661,0.0010554898831136,3.930196408375823e-05,4469208708987.341,2755127895000.0,1892044764000.0,1371426564000.0,18.642270839794456,6.646871505929367,83421106492050.94,51426512497800.23,35316423560164.16,25598697418495.414,4.3111132757374736e-05,2.657666987134383e-05,1.8251148763688395e-05,1.3229132161292787e-05,2.458554042197435e-05,1.5156219510182526e-05,1.0408317457173978e-05,7.544347427137999e-06
27,27,2.25,0.02,235,1,100000.0,226.5,18.76,5.23,,362.9,0.3629,235.0,0.0147784024829007,0.0399373614395955,0.0068826277295278,0.001442901518093,-4.050762419071464e-05,4521525668518.518,2807739155000.0,1928174796000.0,1397614996000.0,16.74255508103466,6.052923472330939,75415951638805.66,46831166259250.86,32160635110127.64,23311260993579.81,4.464908548645456e-05,2.7725815299050592e-05,1.90403079869364e-05,1.3801145013515094e-05,2.532542648593019e-05,1.572637131238903e-05,1.0799861070814453e-05,7.828153245545741e-06
28,28,2.25,0.02,240,1,100000.0,226.5,18.76,5.23,,354.0,0.354,240.0,0.0151218716237536,0.0356373372772838,0.0074195824219829,0.0014345835636462,2.4052807642936185e-05,4374867415662.651,2738880300000.0,1880886960000.0,1363338960000.0,16.2464824272381,5.7221660656677145,70716717140396.12,44272112741767.81,30403241626748.32,22037434838742.125,4.4173866015781485e-05,2.7654993834170355e-05,1.8991672356609165e-05,1.3765892044527912e-05,2.495759883886687e-05,1.5624673687333138e-05,1.0730021678114232e-05,7.777530976884286e-06
29,29,2.25,0.02,245,1,100000.0,226.5,18.76,5.23,,369.7,0.3697,245.0,0.0148893202528142,0.0378446254983516,0.0063603609015684,0.0009936222013717,4.141675146332786e-05,4533704605058.824,2860350415000.0,1964304828000.0,1423803428000.0,17.233339800581245,6.337632387102376,77719646033475.78,49033944897391.73,33673361904447.832,24407743354504.16,4.677408799546214e-05,2.951014538083933e-05,2.026567120677925e-05,1.4689335241471594e-05,2.6313464067992432e-05,1.6601374466035195e-05,1.1400756999582116e-05,8.263705646097414e-06
30,30,2.25,0.02,250,1,100000.0,226.5,18.76,5.23,,368.2,0.3681999999999999,250.0,0.0146509793967879,0.0403076253978865,0.0069321513295838,0.0009479636446277,5.106235847821036e-05,4482186336799.999,2848744990000.0,1956334968000.0,1418026568000.0,18.10159261378227,6.678198902983259,81295306565410.95,51668891002436.33,35482873539286.77,25719346743125.25,4.726529559645138e-05,3.0040423113553397e-05,2.062983187223084e-05,1.4953292849487375e-05,2.6474815929119903e-05,1.682660950974601e-05,1.1555433951565268e-05,8.37582142941524e-06
31,31,2.25,0.02,255,1,100000.0,226.5,18.76,5.23,,371.2,0.3712,255.0,0.0169493265127556,0.0362701259541384,0.0065467043475901,0.001033130562402,-4.370918225613115e-05,4481697094078.212,2871955840000.0,1972274688000.0,1429580288000.0,15.69976380861264,5.819261689856244,70259073828419.7,45023336731333.27,30919133981011.79,22411373390441.965,4.8271256014705935e-05,3.0933129282375926e-05,2.1242885094034608e-05,1.5397657322001237e-05,2.6911685000784906e-05,1.7245514205850475e-05,1.1843110773508034e-05,8.584340616152304e-06
32,32,2.25,0.02,260,1,100000.0,226.5,18.76,5.23,,393.5,0.3934999999999999,260.0,0.0178679540257234,0.0364798423501662,0.0067593397600953,0.0007591446830999,3.961585171324284e-05,4710817289071.037,3044489825000.0,2090759940000.0,1515462940000.0,14.758247362013757,5.81817375700076,69652740852092.95,45014919449227.02,30913353532646.71,22407183499911.605,5.176533452821375e-05,3.345471169609851e-05,2.2974545831649224e-05,1.665283139641363e-05,2.876536352910561e-05,1.8590374281753956e-05,1.2766674238399678e-05,9.25377481421776e-06
33,33,2.25,0.02,265,1,100000.0,226.5,18.76,5.23,,394.1,0.3941,265.0,0.0176544873739714,0.0356956834513853,0.0062485987951036,0.0009488902364337,2.5716572974338632e-05,4674326660161.289,3049131995000.0,2093947884000.0,1517773684000.0,15.405914872282857,6.086767109474452,72193701532629.53,47093012787648.35,32340454476744.04,23441600962692.383,5.243151381265756e-05,3.4201847225401705e-05,2.34876304941732e-05,1.7024734825526347e-05,2.89961642638956e-05,1.8914624205204552e-05,1.2989348246022148e-05,9.41517746968146e-06
34,34,2.25,0.02,270,1,100000.0,226.5,18.76,5.23,,392.9,0.3929,270.0,0.0186319502624086,0.0344327967270037,0.0062927110909171,0.0010942029924623,9.293727076925777e-06,4618383574240.839,3039847655000.0,2087571996000.0,1513152196000.0,15.031838335547423,5.922089659333162,69611813713020.6,45818911589777.7,31465483661555.33,22807388579610.24,5.284537065419789e-05,3.4783138619484485e-05,2.388682406356377e-05,1.7314085625072337e-05,2.9111801808090103e-05,1.9161561840106403e-05,1.3158929142792307e-05,9.5380962034253e-06
35,35,2.25,0.02,275,1,100000.0,226.5,18.76,5.23,,405.7,0.4056999999999999,275.0,0.0171226599938051,0.0396468720957414,0.0066809754295909,0.0012787154432862,-5.096703373724412e-05,4727518792886.599,3138880615000.0,2155581468000.0,1562448068000.0,16.830007599444098,6.79396616578134,79168357719908.78,52564576526341.95,36097972790676.055,26165194256303.727,5.517086817439296e-05,3.6631217391646346e-05,2.5155965786775283e-05,1.823400819023053e-05,3.027888999975404e-05,2.010395410949034e-05,1.380610358509599e-05,1.0007193044369368e-05
36,36,2.25,0.02,280,1,100000.0,226.5,18.76,5.23,,389.5,0.3895,280.0,0.0178401753060029,0.0370951063471457,0.0062143891851906,0.0007044957706975,-2.0671863067749e-05,4495653683756.346,3013542025000.0,2069506980000.0,1500057980000.0,16.10889569727566,6.27087219044666,72379126221686.14,48517424593876.27,33318648957168.81,24150633814735.8,5.346324484834722e-05,3.583766599404526e-05,2.461100568908951e-05,1.7839000223978042e-05,2.9264387156503277e-05,1.9616604555337127e-05,1.347142323365143e-05,9.76460389787921e-06
37,37,2.25,0.02,285,1,100000.0,226.5,18.76,5.23,,396.0,0.3959999999999999,285.0,0.0194398119515255,0.0358680939475161,0.0070770058753678,0.0011280171129545,5.118995869450593e-05,4525431653731.344,3063832200000.0,2104043040000.0,1525091040000.0,14.996562250291005,5.939627436318827,67877217201233.25,45954600493426.95,31558666079746.645,22874930767848.52,5.481352403787174e-05,3.711014833341584e-05,2.548486477630569e-05,1.847240678401494e-05,2.9967265317317063e-05,2.0288599950335237e-05,1.393290648125155e-05,1.0099104643655326e-05
38,38,2.25,0.02,290,1,100000.0,226.5,18.76,5.23,,403.0,0.4029999999999999,290.0,0.0176171277814091,0.0400609690468754,0.0063905843125554,0.0005439403735095,-9.723269143508508e-05,4557205582926.83,3117990850000.0,2141235720000.0,1552049720000.0,16.77717887192103,6.763147104345594,76479036580841.6,52326130988966.64,35934223720693.19,26046502654139.93,5.623664798108688e-05,3.847650729135764e-05,2.6423192291630817e-05,1.915254253171705e-05,3.070831171153433e-05,2.101029527704965e-05,1.4428520447699844e-05,1.0458344642628516e-05
39,39,2.25,0.02,295,1,100000.0,226.5,18.76,5.23,,393.6,0.3935999999999999,295.0,0.0189243386080192,0.0406921538528315,0.0063532560930488,0.000892457214029,2.569204068776159e-06,4404819987692.308,3045263520000.0,2091291264000.0,1515848064000.0,16.765607101578418,6.6147567141261066,74026454746200.66,51178041959357.984,35145789963763.406,25475015647711.03,5.533291712584809e-05,3.825430198041024e-05,2.627059596538622e-05,1.904193486568158e-05,3.0175993777478452e-05,2.0862113159463185e-05,1.4326758493125348e-05,1.0384583677579794e-05
40,40,2.25,0.02,300,1,100000.0,226.5,18.76,5.23,,394.1,0.3941,300.0,0.0218343699390174,0.0365019711018395,0.0070200740747995,0.0008067590734024,-1.1388153747096546e-05,4365543207370.892,3049131995000.0,2093947884000.0,1517773684000.0,13.92568314771269,5.4821706904866,60727361125352.9,42415280523760.3,29128088599521.023,21113155050029.613,5.579838595867076e-05,3.897261710952232e-05,2.6763888629369238e-05,1.939949229565613e-05,3.0413638156674438e-05,2.1242533353304675e-05,1.4588006632343824e-05,1.0573946342109114e-05
41,41,2.25,0.02,305,1,100000.0,226.5,18.76,5.23,,395.4,0.3954,305.0,0.0191118385148342,0.037409098937972,0.0070601677527418,0.0009107546157588,6.810627171175435e-05,4331829159627.907,3059190030000.0,2100855096000.0,1522780296000.0,16.60750521032515,6.561530725204962,71885255759325.5,50766235144374.52,34862987510388.02,25270029590138.355,5.635376384124974e-05,3.979770811435558e-05,2.733050810222616e-05,1.9810199807201907e-05,3.06653204137568e-05,2.165621935205276e-05,1.4872099588352096e-05,1.077986780545301e-05
42,42,2.25,0.02,310,1,100000.0,226.5,18.76,5.23,,391.1,0.3910999999999999,310.0,0.0201216158681233,0.0377907537181532,0.0070657718478267,0.0006173816495184,-4.153745410680269e-05,4234170751780.821,3025921145000.0,2078008164000.0,1506219964000.0,16.52474499132068,6.4577685906296365,69913819709058.734,49963432697271.96,34311674386477.01,24870416706976.484,5.603678029463752e-05,4.004630146763629e-05,2.7501226039964568e-05,1.9933942711820496e-05,3.0465166866551708e-05,2.177172296811144e-05,1.4951420048350887e-05,1.0837362315086627e-05
43,43,2.25,0.02,315,1,100000.0,226.5,18.76,5.23,,382.2,0.3822000000000001,315.0,0.0221450346305402,0.0348606074156089,0.0069066183980675,0.0005483516139342,-5.924176025625298e-05,4089658103243.243,2957062290000.0,2030720328000.0,1471943928000.0,14.542513065984718,5.536233954454373,59239414058829.7,42833565293915.766,29415339696165.16,21321365654752.86,5.505293915235243e-05,3.980649878579919e-05,2.7336544970390094e-05,1.981457556063064e-05,2.988729649539041e-05,2.161026550030694e-05,1.4840541436464087e-05,1.0756993247391036e-05
44,44,2.25,0.02,320,1,100000.0,226.5,18.76,5.23,,397.9,0.3979,320.0,0.020957308243652,0.0385248283487028,0.0065707945472928,0.0008444684664324,-8.004896050363321e-06,4206600560619.468,3078532405000.0,2114138196000.0,1532408396000.0,16.04366322792304,6.399473474261948,67655261886151.625,49512406296690.98,34001938442387.55,24645908223016.586,5.756051145102644e-05,4.21247268897486e-05,2.8928555037797564e-05,2.0968525476689837e-05,3.12321852029837e-05,2.285676827185792e-05,1.569655942622951e-05,1.1377467896174862e-05
45,45,2.25,0.02,325,1,100000.0,226.5,18.76,5.23,,390.9,0.3909,325.0,0.0219791637425316,0.0353841130372179,0.0069681584321333,0.0011918931034729,-1.693776287407008e-05,4083526778777.292,3024373755000.0,2076945516000.0,1505449716000.0,15.563343631766289,6.040874727960357,63105842207380.7,46737945726492.88,32096617239588.09,23264858387310.047,5.677290525832067e-05,4.20475961001971e-05,2.887558656879148e-05,2.0930131900157437e-05,3.0779927253095444e-05,2.279647207136585e-05,1.5655151871016856e-05,1.1347454113071302e-05
46,46,2.25,0.02,330,1,100000.0,226.5,18.76,5.23,,395.0,0.395,330.0,0.0210884036093033,0.0379766959615482,0.0073262498818208,0.0011667288024921,-3.900880588953818e-05,4073888685344.827,3056095250000.0,2098729800000.0,1521239800000.0,16.35819303880828,6.527307704577789,67320316464414.11,50501453344933.12,34681152388270.89,25138228524178.168,5.756412409638179e-05,4.318268362466864e-05,2.965509172761028e-05,2.1495147116456597e-05,3.118193545564702e-05,2.3391646702232696e-05,1.6063879555143936e-05,1.1643715604405695e-05
47,47,2.25,0.02,335,1,100000.0,226.5,18.76,5.23,,401.3,0.4013,335.0,0.0234666360331459,0.0380461606924423,0.0062378649013817,0.0005052145689344,4.496375209941116e-05,4082805195787.2334,3104838035000.0,2132203212000.0,1545502612000.0,14.576997265829956,5.866885277669312,59689383739735.6,45391798049063.59,31172169532723.707,22594783256771.164,5.8592694936304334e-05,4.4557802561606704e-05,3.059943503349914e-05,2.217964333973493e-05,3.171172407842664e-05,2.4115715140099806e-05,1.656112322181013e-05,1.2004136872560634e-05
48,48,2.25,0.02,340,1,100000.0,226.5,18.76,5.23,,393.8,0.3938,340.0,0.022083593078264,0.0379521596749808,0.0060463046313893,0.0012843696105229,1.625772721576742e-05,3952465035126.05,3046810910000.0,2092353912000.0,1516618312000.0,15.73425044403731,6.19213992361968,62148848503592.89,47908276982049.28,32900325527773.02,23847416959441.06,5.759030215039953e-05,4.439426012441319e-05,3.048712459863862e-05,2.2098236431868503e-05,3.115955595861163e-05,2.4019763413903472e-05,1.6495229743153115e-05,1.1956374753638271e-05
49,49,2.25,0.02,345,1,100000.0,226.5,18.76,5.23,,406.3,0.4063,345.0,0.0225630511964936,0.0359314720241222,0.0066342939215114,0.0018145902072371,-9.039626182778904e-06,4021283729132.78,3143522785000.0,2158769412000.0,1564758812000.0,15.487524139540213,6.2846351041676645,62201085129033.04,48623907569190.016,33391774620867.8,24203638098574.68,5.950360412871441e-05,4.651522945598587e-05,3.194367001915773e-05,2.315399637971953e-05,3.215702114035241e-05,2.5137825495895686e-05,1.7263042922316004e-05,1.251291517494792e-05
50,50,2.25,0.02,350,1,100000.0,226.5,18.76,5.23,,397.0,0.3969999999999999,350.0,0.0259280723477729,0.0374865369441255,0.0072109633448923,0.0007258475016332,-1.2873233287804864e-05,3874484070905.349,3071569150000.0,2109356280000.0,1528942280000.0,13.765955761247266,5.459399377706642,53280493515453.305,42239100015347.41,29007099149606.043,21025457259398.93,5.8201382803534965e-05,4.614022632048285e-05,3.168614196744741e-05,2.2967330177201137e-05,3.143419092550808e-05,2.492003821283984e-05,1.7113480613677115e-05,1.2404506681162123e-05
51,51,2.25,0.02,355,1,100000.0,226.5,18.76,5.23,,408.2,0.4082,355.0,0.0244141081262625,0.0367738314012144,0.0067221926054607,0.0007610033899216,3.878367327100253e-05,3923538263894.737,3158222990000.0,2168864568000.0,1572076168000.0,14.897428461353078,6.074292880640017,58384910689109.48,46996500302867.77,32274175905131.76,23393559713636.06,5.978469911326922e-05,4.812324960030645e-05,3.304795490552895e-05,2.395442439083672e-05,3.227496391996724e-05,2.597949253903229e-05,1.7841045752924338e-05,1.2931873780497837e-05
52,52,2.25,0.02,360,1,100000.0,226.5,18.76,5.23,,407.5,0.4075,360.0,0.0291681740660748,0.0375269852443879,0.0066498868359862,0.0006488776188844,1.2624428387953604e-05,3857256679116.466,3152807125000.0,2165145300000.0,1569380300000.0,12.653107866507003,5.163595692515143,48876844106039.375,39950481693205.03,27435423177299.16,19886246274842.02,5.964704641713676e-05,4.875372539953189e-05,3.348092516325023e-05,2.4268257828691304e-05,3.2177323704829747e-05,2.6300789363920757e-05,1.8061691762252348e-05,1.309180646506778e-05
53,53,2.25,0.02,365,1,100000.0,226.5,18.76,5.23,,402.2,0.4021999999999999,365.0,0.0278833033809461,0.0354446329051613,0.0064703021900372,0.000686032447393,2.746996805060997e-05,3747427097482.072,3111801290000.0,2136985128000.0,1548968728000.0,13.445520275387722,5.42495389549103,50546044829821.0,41972597041719.33,28824082035678.75,20892799440470.875,5.87885930133469e-05,4.881707230519196e-05,3.3524427746700974e-05,2.4299790168560925e-05,3.168321325590618e-05,2.630921464684895e-05,1.806747770506772e-05,1.3096000338186305e-05
54,54,2.25,0.02,370,1,100000.0,226.5,18.76,5.23,,413.2,0.4131999999999999,370.0,0.0234163095613666,0.0358880371855935,0.0071593653196901,0.0010714260512882,7.923019912539536e-05,3787668109070.8657,3196907740000.0,2195430768000.0,1591332368000.0,16.512891246932615,6.8238292573322,62551792012928.125,52795625772516.35,36256642563227.73,26280204189008.05,6.027876086782658e-05,5.087711795932289e-05,3.493913470116684e-05,2.532522399261501e-05,3.246173849273546e-05,2.7398700216830503e-05,1.8815666372417104e-05,1.3638316161157344e-05
55,55,2.25,0.02,375,1,100000.0,226.5,18.76,5.23,,426.2,0.4261999999999999,375.0,0.0270415681291921,0.0381275738384689,0.0072949135232558,0.0007575350642933,-5.0342961053532186e-05,3841684856390.625,3297488090000.0,2264502888000.0,1641398488000.0,14.689458436742957,6.259450654158976,56421484719396.84,48429056738695.29,33257963593703.64,24106646737323.21,6.198999357843832e-05,5.320875427458336e-05,3.65403526663462e-05,2.6485848145903283e-05,3.335751436080323e-05,2.863223050005644e-05,1.966277569095314e-05,1.4252333463578978e-05
56,56,2.25,0.02,380,1,100000.0,226.5,18.76,5.23,,423.8,0.4237999999999999,380.0,0.0273776626587163,0.0348332167197519,0.0062076693263745,0.0008273662298445,1.6911850158968273e-05,3754323696248.063,3278919410000.0,2251751112000.0,1632155512000.0,14.487983650120196,6.132839266962978,54329079247852.07,47449470766529.21,32585246906798.37,23619035898498.508,6.140863026380604e-05,5.3632549029997874e-05,3.6831387666735065e-05,2.6696801469091696e-05,3.303321246467812e-05,2.8850267128892333e-05,1.9812509234248105e-05,1.4360866074806649e-05
57,57,2.25,0.02,385,1,100000.0,226.5,18.76,5.23,,419.7,0.4197,385.0,0.0255776209490817,0.0341321187281988,0.0060822935311557,0.0011291300350261,1.4862860028425198e-05,3651957079269.231,3247197915000.0,2229966828000.0,1616365428000.0,16.15110119930502,6.803872516526587,59202883972300.75,52641221466740.375,36150607609709.73,26203345990547.85,6.056076740612849e-05,5.3848605934692765e-05,3.697976166272847e-05,2.6804348628325915e-05,3.254196625708839e-05,2.89352264241733e-05,1.9870853817844827e-05,1.440315646525222e-05
58,58,2.25,0.02,390,1,100000.0,226.5,18.76,5.23,,439.6,0.4396,390.0,0.03027643440426,0.0352014431006828,0.0061459057657035,0.0005504056453909,-4.00865766871095e-07,3751816535877.8623,3401163220000.0,2335700304000.0,1693005104000.0,13.296719116862988,5.843748112288081,49874137395785.86,45212786957367.27,31049236220133.523,22505676479968.35,6.304819962423596e-05,5.715557133419224e-05,3.92507729577784e-05,2.8450464659212552e-05,3.386329944922389e-05,3.0698358380042056e-05,2.108165952722645e-05,1.5280794851660303e-05
59,59,2.25,0.02,395,1,100000.0,226.5,18.76,5.23,,445.5,0.4455,395.0,0.0273160365536625,0.0350404149255144,0.0067386222766477,0.0007274079616356,-5.543171333056889e-06,3733248183750.0,3446811225000.0,2367048420000.0,1715727420000.0,15.099245039039491,6.700969045442074,56153491623482.805,51845062456133.05,35603856771004.64,25807040026568.33,6.355701197514306e-05,5.868054078401251e-05,4.029802396490176e-05,2.9209552328633423e-05,3.4164571907387496e-05,3.154326317234437e-05,2.166188583586904e-05,1.570136511931181e-05
60,60,2.25,0.02,400,1,100000.0,226.5,18.76,5.23,,445.7,0.4457,400.0,0.0295745647328771,0.0397613543585588,0.0066274402794901,0.0007830640008877,-4.2877007324192417e-05,3661787002913.5337,3448358615000.0,2368111068000.0,1716497668000.0,14.048168053783677,6.261291816177971,51441590742493.53,48443301717178.15,33267746129389.445,24113737494137.246,6.316942849816236e-05,5.9487578822292405e-05,4.085224582060849e-05,2.961127357208789e-05,3.39834713315162e-05,3.200273419518895e-05,2.1977421003786476e-05,1.5930077102977206e-05
61,61,2.25,0.02,405,1,100000.0,226.5,18.76,5.23,,448.2,0.4482,405.0,0.0261702000936736,0.0370662915521893,0.0061616716654423,0.0009316890392407,-0.0001223301065228,3604870216314.6064,3467700990000.0,2381394168000.0,1726125768000.0,15.91017064312006,7.137660285627272,57408163716709.85,55223720746883.92,37924102136006.24,27488842798419.168,6.299765032970345e-05,6.060052132454389e-05,4.161654320144496e-05,3.016526560801562e-05,3.3959672885589056e-05,3.2667470454962954e-05,2.243391914386514e-05,1.6260964451750562e-05
62,62,2.25,0.02,410,1,100000.0,226.5,18.76,5.23,,457.2,0.4571999999999999,410.0,0.0278712944561447,0.0354501405003071,0.0065285404618974,0.0009714918279329,3.268252854660607e-05,3603143317432.835,3537333540000.0,2429213328000.0,1760786928000.0,16.056766215483915,7.354423854915578,57959412000016.84,56900809644289.08,39075819002891.63,28323651327005.062,6.378035096522348e-05,6.261543180108653e-05,4.300025421681735e-05,3.116823238738993e-05,3.446302108476088e-05,3.38335696454362e-05,2.32347211217492e-05,1.6841416418781263e-05
63,63,2.25,0.02,415,1,100000.0,226.5,18.76,5.23,,455.3,0.4553,415.0,0.0267100473950903,0.0357784862460762,0.0066687291328782,0.0004761301302643,-3.841930827555287e-06,3510386270888.889,3522633335000.0,2419118172000.0,1753469572000.0,16.15633887419822,7.374841441090036,56860404447144.52,57058779487641.56,39184302538457.234,28402284351583.598,6.291488818035851e-05,6.313438615284037e-05,4.335663871198824e-05,3.1426553529138073e-05,3.406703257254353e-05,3.4185885912260366e-05,2.347666929015416e-05,1.7016789724727908e-05
64,64,2.25,0.02,420,1,100000.0,226.5,18.76,5.23,,481.0,0.481,420.0,0.0307557308799232,0.0354833388196394,0.0071528042807788,0.0010931914632363,8.368956202541341e-05,3622476192361.624,3721472950000.0,2555668440000.0,1852446440000.0,14.022599179820508,6.775469335831998,51026977881762.24,52421467477865.38,35999694693916.01,26093958524929.625,6.572065989604895e-05,6.751670544447304e-05,4.6366133946295614e-05,3.360795102410799e-05,3.5676766785786554e-05,3.665175848959975e-05,2.517007209265679e-05,1.824423298140561e-05
65,65,2.25,0.02,425,1,100000.0,226.5,18.76,5.23,,463.1,0.4630999999999999,425.0,0.0305044131173928,0.0366202713550065,0.0065125176937753,0.0013054577747227,6.520937199836946e-06,3409182600757.3525,3582981545000.0,2460561444000.0,1783509244000.0,14.367332364223993,6.657568778764111,49010726935668.28,51509276762858.98,35373260738080.61,25639895183527.49,6.26174871502246e-05,6.580970488459264e-05,4.519387567206883e-05,3.275825329616175e-05,3.405261442206652e-05,3.578860487149048e-05,2.4577313663316686e-05,1.7814578952336385e-05
66,66,2.25,0.02,430,1,100000.0,226.5,18.76,5.23,,481.3,0.4812999999999999,430.0,0.0328511827589238,0.03612751096909,0.006985306162524,0.0010373545127392,4.848435804034936e-06,3457716779699.6343,3723794035000.0,2557262412000.0,1853601812000.0,13.575721599764716,6.504133677372873,46726474451821.45,50322157055150.05,34558023219964.645,25048979783645.504,6.427276799891748e-05,6.921866807960447e-05,4.753493249759629e-05,3.445514101227175e-05,3.503461476194303e-05,3.773058864595017e-05,2.5910943306756316e-05,1.878124483379486e-05
67,67,2.25,0.02,435,1,100000.0,226.5,18.76,5.23,,483.3,0.4832999999999999,435.0,0.0325773349781911,0.0338920223304137,0.0067964392828229,0.0011393146361709,2.3067665143943692e-05,3382633500428.5723,3735186089783.271,2567888892000.0,1861304292000.0,13.570300831773238,6.559399497229492,45909465098329.83,50694346698495.7,34851663784659.625,25261821719710.11,6.36200209005815e-05,7.02507726803585e-05,4.829643677292044e-05,3.500710849826888e-05,3.474574208561314e-05,3.836709253335789e-05,2.637684665945587e-05,1.9118949441162608e-05
68,68,2.25,0.02,440,1,100000.0,226.5,18.76,5.23,,485.8,0.4857999999999999,440.0,0.0340729730597728,0.0336315459523476,0.0067804671654157,0.0010203141177879,-4.684016460626218e-05,3314249528708.0283,3735699909492.5376,2581171992000.0,1870932392000.0,13.279257225445123,6.412957630898859,43750806516737.54,49314296503351.86,34073583002797.05,24697838946422.92,6.308072082432162e-05,7.110226343337651e-05,4.91279212432692e-05,3.56098003118489e-05,3.451857841561893e-05,3.890806927663857e-05,2.6883427767970124e-05,1.948613884505825e-05
69,69,2.25,0.02,445,1,100000.0,226.5,18.76,5.23,,488.4,0.4884,445.0,0.0356193396733544,0.0361612872621361,0.0064296473454718,0.0003941475606111,2.171770113528001e-05,3241978113240.876,3736644040411.7656,2594986416000.0,1880945616000.0,12.68505510096719,6.203562955566447,41178983059087.42,47462134617601.46,32961018838033.863,23891409796995.72,6.243178650174435e-05,7.195772297512417e-05,4.9972465032061614e-05,3.62219580199797e-05,3.421829470194287e-05,3.943937389609648e-05,2.7389453854597654e-05,1.985292594781728e-05
70,70,2.25,0.02,450,1,100000.0,226.5,18.76,5.23,,498.9,0.4989,450.0,0.0333139521884276,0.036327251638577,0.0069500017698471,0.0011582359449438,-5.939677887454943e-05,3216295446635.0366,3797374602434.783,2650775436000.0,1921383636000.0,13.882745989612856,6.9242021491784005,44638764970902.02,52703526525184.2,36789947827100.65,26666764285001.82,6.263081214973023e-05,7.394614684296975e-05,5.161846016258532e-05,3.741503837894677e-05,3.440826585469872e-05,4.0624711578396056e-05,2.835827349705e-05,2.0555163557975705e-05
71,71,2.25,0.02,455,1,100000.0,226.5,18.76,5.23,,492.8,0.4928,455.0,0.0354319081423568,0.0343698052460321,0.0066495475816058,0.001332064408406,3.299830162418884e-05,3086257386666.667,3731469984000.0,2618364672000.0,1897891072000.0,13.194370801843183,6.490940264964911,40650796142776.07,49149246685579.484,34487923453422.168,24998168786043.46,6.0791095889101856e-05,7.350007506977558e-05,5.1574848726439136e-05,3.738342713847135e-05,3.345502010187067e-05,4.044912257272148e-05,2.8383064586326747e-05,2.057313308968634e-05
72,72,2.25,0.02,460,1,100000.0,226.5,18.76,5.23,,497.9,0.4978999999999999,460.0,0.0342278169404096,0.0335714107729116,0.0067205975065608,0.001326387763561,-0.0001048559952982,3023095141518.249,3750234010066.901,2645462196000.0,1917532396000.0,13.689743734194307,6.818903559394116,41402278009411.21,51360682947993.7,36230471147915.2,26261234144081.0,6.022583754614057e-05,7.471183461889636e-05,5.270266696625914e-05,3.820091302616404e-05,3.321082598776026e-05,4.119895778707182e-05,2.906226252754665e-05,2.1065441790054425e-05
73,73,2.25,0.02,465,1,100000.0,226.5,18.76,5.23,,499.2,0.4992,465.0,0.035792239191312,0.0330542482294246,0.0063529017990248,0.0007036374050462,-4.573114421995695e-05,2932465261714.285,3740005290666.6665,2652369408000.0,1922539008000.0,13.040211414209574,6.510163998162928,38242848102315.25,48774134207205.55,34590063761599.2,25072203996284.992,5.907935241935652e-05,7.534857906155891e-05,5.343635917785668e-05,3.873272126238015e-05,3.263314801173901e-05,4.161963921907274e-05,2.95161769188268e-05,2.139445633866765e-05
74,74,2.25,0.02,470,1,100000.0,226.5,18.76,5.23,,492.1,0.4921,470.0,0.0358890378589648,0.0364020363259667,0.0067708524308751,0.0009817118925413,7.344089348140562e-05,2796601550029.411,3666951674505.12,2614645404000.0,1895195204000.0,13.665504522345344,6.750498181230356,38363043440559.92,50302277198549.92,35867016956440.375,25997788615481.598,5.695640696357336e-05,7.468221273304872e-05,5.325063475492048e-05,3.859810108211561e-05,3.153029459183942e-05,4.134306031188794e-05,2.9478829345729276e-05,2.1367385386213766e-05
75,75,2.25,0.02,475,1,100000.0,226.5,18.76,5.23,,517.5,0.5175000000000001,475.0,0.036338255925284,0.0359431771184545,0.0071477844776524,0.0008155136720568,-5.964952325116077e-05,2838649204428.044,3835199975000.001,2749601700000.0,1993016700000.0,13.14609979308316,6.790780574950366,37249553384595.7,50326572930009.92,36081046982049.28,26152925781471.85,5.843859275863369e-05,7.895434530527189e-05,5.660539306656692e-05,4.1029758488922985e-05,3.240740889559214e-05,4.37845203247763e-05,3.1390798994435605e-05,2.2753254270337902e-05
76,76,2.25,0.02,480,1,100000.0,226.5,18.76,5.23,,507.9,0.5078999999999999,480.0,0.0376208081339484,0.034121651282884,0.0069410988434609,0.0008498075381509,7.636252933922722e-05,2682622934698.8853,3743292260630.0,2698594596000.0,1956044796000.0,12.984215918465,6.582313048115964,34766418480495.387,48512544772703.984,34973408979771.664,25350067303426.125,5.582847959779072e-05,7.790223251207962e-05,5.61608683042163e-05,4.070754990324735e-05,3.101674694267957e-05,4.328030871527758e-05,3.1201412842021286e-05,2.261597992819938e-05
77,77,2.25,0.02,485,1,100000.0,226.5,18.76,5.23,,514.7,0.5147,485.0,0.0404507937825087,0.0353358477420421,0.0067046869198276,0.001149842886422,-1.0949791275514576e-05,2614601906246.269,3772246070862.296,2734724628000.0,1982233228000.0,12.26876579181226,6.310062325942558,32054208249353.363,46246566574573.55,33526875552691.03,24301564432163.01,5.498577943779847e-05,7.933134674996262e-05,5.751199249839454e-05,4.168689650561936e-05,3.060023519827663e-05,4.414883073342663e-05,3.20061025808177e-05,2.319924989335101e-05
78,78,2.25,0.02,490,1,100000.0,226.5,18.76,5.23,,519.0,0.5189999999999999,490.0,0.0383767475560204,0.0338028838641098,0.0069923256196773,0.0011444455566728,-3.4155097191653963e-06,2532159773773.585,3782298899223.302,2757571560000.0,1998793560000.0,12.952173600491813,6.7371950970868735,32870239716585.75,49098430827676.89,35796334477645.86,25946555245704.85,5.381092854622465e-05,8.037763569052257e-05,5.860115452159042e-05,4.247636288587187e-05,3.000253291863553e-05,4.481492376879248e-05,3.267334564007289e-05,2.368289323705956e-05
79,79,2.25,0.02,495,1,100000.0,226.5,18.76,5.23,,517.7,0.5176999999999999,495.0,0.0365022591512456,0.036593587768731,0.0069866005944504,0.0008536738214514,-6.263962583961469e-06,2417641658034.22,3751282929869.009,2750664348000.0,1993786948000.0,13.79357834949684,7.157064737438056,33423252575773.6,51860488270270.05,38027202645545.375,27563573999410.945,5.1916901259776406e-05,8.055577004982988e-05,5.906829445932799e-05,4.281496381747151e-05,2.898631947507827e-05,4.497601416042924e-05,3.2979095679822745e-05,2.3904512584780767e-05
80,80,2.25,0.02,500,1,100000.0,226.5,18.76,5.23,,516.6,0.5166000000000001,500.0,0.03154942334192,0.0353753768109121,0.0073162544554036,0.0003111888494665,0.0001068177084128,2304365590800.0,3721699009022.082,2744819784000.0,1989550584000.0,16.306082058403092,8.408865362172204,37508904371389.09,60579299042579.17,44678319796907.85,32384558637412.08,5.000269158653412e-05,8.075757096400439e-05,5.956015732396054e-05,4.31714848740749e-05,2.796071549146751e-05,4.515835835754531e-05,3.330509940010483e-05,2.4140812576442957e-05
81,81,2.25,0.02,505,1,100000.0,226.5,18.76,5.23,,503.2,0.5031999999999999,505.0,0.0419295855899405,0.0323888203059628,0.0068795871706473,0.000595720971884,-3.976225972021043e-05,2139877425860.4656,3603995911552.796,2673622368000.0,1937943968000.0,12.239976961499,6.144087982069683,26127971334124.6,44004904546104.55,32645014029851.93,23662357400066.05,4.691162959712888e-05,7.900888117661562e-05,5.861269467795821e-05,4.2484727633523e-05,2.6264769266256128e-05,4.423530054082497e-05,3.281593317074428e-05,2.3786246144442416e-05
82,82,2.25,0.02,510,1,100000.0,226.5,18.76,5.23,,515.5,0.5155,510.0,0.0372726410447341,0.0316818542472983,0.0069122071374293,0.0010832752030013,2.012844685947971e-06,2082277699881.89,3670289479600.0,2738975220000.0,1985314220000.0,14.136398981826735,7.307051609513033,29515636505092.26,52025207855072.61,38824118893729.02,28141209440620.977,4.610596873353984e-05,8.126785970914271e-05,6.064662069925801e-05,4.3958995170895806e-05,2.585646114078455e-05,4.5575427960492825e-05,3.401093252140138e-05,2.4652427476214488e-05
83,83,2.25,0.02,515,1,100000.0,226.5,18.76,5.23,,508.5,0.5085,515.0,0.0393377960889892,0.0339530223961359,0.0069181345027337,0.0005096121500849,-2.1862661279249863e-05,1943241231780.0005,3598833634194.529,2701782540000.0,1958355540000.0,13.238527912124136,6.740383215018618,25758486885785.68,47704066512427.26,35813273713365.52,25958833453008.305,4.345566252592413e-05,8.047878839584433e-05,6.041851539406105e-05,4.379365570277715e-05,2.4398356131350574e-05,4.518513874066536e-05,3.392221795335382e-05,2.4588123757005968e-05
84,84,2.25,0.02,520,1,100000.0,226.5,18.76,5.23,,498.3,0.4982999999999999,520.0,0.0389227524037664,0.0325704353184568,0.0066153040824733,0.000899694014019,3.736514833554236e-05,1797035049243.902,3505358993479.042,2647587492000.0,1919072892000.0,13.788124713043846,6.882388636534541,24820175802469.43,48415097137656.66,36567782599180.78,26505730412567.29,4.058676880757875e-05,7.91699611622829e-05,5.979684229356215e-05,4.334304321179887e-05,2.281642152604096e-05,4.450650443850151e-05,3.361563385753791e-05,2.436589985348004e-05
85,85,2.25,0.02,525,1,100000.0,226.5,18.76,5.23,,487.4,0.4874,525.0,0.0403791718186425,0.0319186232863816,0.0067301414913293,0.0011189994342555,4.250874608209306e-05,1650589160381.7437,3407764299159.763,2589673176000.0,1877094376000.0,13.26212910374962,6.496658581056266,22001055052508.234,45422817349925.055,34518306239211.4,25020191393707.133,3.764045962581115e-05,7.771153330919601e-05,5.905557298263734e-05,4.280574280357225e-05,2.119230493677309e-05,4.375309247986344e-05,3.324942690141071e-05,2.4100459015551527e-05
86,86,2.25,0.02,530,1,100000.0,226.5,18.76,5.23,,484.7,0.4846999999999999,530.0,0.0377956969494334,0.0316314814993198,0.0063082417027429,0.0007562145378235,-9.824111069894326e-06,1532891106796.6104,3367978464137.0264,2575327428000.0,1866696028000.0,14.302695161658283,6.933674917369506,21928138267494.195,48179219721534.08,36840278917964.34,26703246188770.133,3.529456810111544e-05,7.754715565803512e-05,5.9296494635007855e-05,4.2980372051352405e-05,1.9904600546105352e-05,4.373322128316567e-05,3.344064265392751e-05,2.4239059521969984e-05
87,87,2.25,0.02,535,1,100000.0,226.5,18.76,5.23,,481.9,0.4818999999999999,535.0,0.0415934601020921,0.0336753680835291,0.0069689906428998,0.001032426996768,-3.414936958337032e-05,1517011562000.0,3327642147728.323,2560450356000.0,1855912556000.0,13.065162289376152,6.290024953071766,19800872751770.85,43434223166848.89,33420412181659.023,24224395700268.105,3.5267564823141355e-05,7.736120019975562e-05,5.952548495254341e-05,4.314635301033517e-05,1.9920235127891663e-05,4.3696050619969245e-05,3.362187500902773e-05,2.4370423679293223e-05
88,88,2.25,0.02,540,1,100000.0,226.5,18.76,5.23,,474.6,0.4745999999999999,540.0,0.0407271204213201,0.036419346856678,0.0065020685376269,0.0009070792963052,2.3246395345399715e-05,1494031308000.0,3256579986960.0,2521663704000.0,1827798504000.0,13.991655087536731,6.692315495535435,21067275333635.64,45920903306327.41,35557878383498.695,25773713129025.883,3.5068269930064964e-05,7.643924556336053e-05,5.9189110008074514e-05,4.290253555786994e-05,1.98419227934292e-05,4.324996961301093e-05,3.348969747678185e-05,2.4274616337767795e-05
89,89,2.25,0.02,545,1,100000.0,226.5,18.76,5.23,,490.6,0.4906,545.0,0.0434177637634774,0.0298807821992489,0.0064011224066912,0.0010281993462034,-3.2019928342003144e-05,1544398988000.0,3344923099549.296,2606675544000.0,1889418344000.0,12.997533144074271,6.385985806019173,20102955597632.24,43539811324801.17,33930275223973.312,24593963975573.28,3.641355096496817e-05,7.886597226864903e-05,6.14597092513636e-05,4.454835291784701e-05,2.0735016651528915e-05,4.490875525440214e-05,3.499708380408055e-05,2.5367227723503397e-05
90,90,2.25,0.02,550,1,100000.0,226.5,18.76,5.23,,481.6,0.4816,550.0,0.0431140468417993,0.0316020252695402,0.0064898373360488,0.0009868078062673,-1.4297496952480976e-05,1516067168000.0,3262421826317.549,2558856384000.0,1854757184000.0,13.205966966028294,6.356057407486025,20008741597617.86,43056769965759.42,33771258459751.05,24478702530006.48,3.6088184934313046e-05,7.765809107072954e-05,6.091054826281916e-05,4.415029998488674e-05,2.057955720619097e-05,4.4285106901957535e-05,3.473469543333252e-05,2.51770385754582e-05
91,91,2.25,0.02,555,1,100000.0,226.5,18.76,5.23,,483.1,0.4831,555.0,0.0450203534271508,0.0314758517131066,0.0067656734532944,0.001302274655616,-2.813398548454968e-05,1520789138000.0,3251299891272.7275,2566826244000.0,1860534044000.0,12.598411780915814,6.063143458562483,19086654344685.523,40805418479807.805,32214936349772.53,23350620613354.18,3.654455737835755e-05,7.812872439838784e-05,6.16808251783634e-05,4.4708626216756685e-05,2.086131935618612e-05,4.459948040118995e-05,3.5210260692908575e-05,2.5521746503255487e-05
92,92,2.25,0.02,560,1,100000.0,226.5,18.76,5.23,,483.3,0.4833,560.0,0.0436328165202666,0.0340190396595185,0.0069449474824611,0.0011562933955195,-3.128008363640993e-05,1521418734000.0,3231254883335.15,2567888892000.0,1861304292000.0,13.031852726236416,6.298745525468943,19828324939265.727,42112253751411.016,33466746675742.613,24257980717507.02,3.689997349637737e-05,7.83697590219807e-05,6.228070546188096e-05,4.514344243870303e-05,2.1092351503438868e-05,4.479684801653581e-05,3.560020257502638e-05,2.580439132526379e-05
93,93,2.25,0.02,565,1,100000.0,226.5,18.76,5.23,,502.9,0.5029,565.0,0.042728610195786,0.0312182351070071,0.0071919550902554,0.0011566430063294,8.176959524612248e-05,1583119142000.0,3339959924447.4395,2672028396000.0,1936788596000.0,13.858343943577012,6.942018037400669,21853333941376.555,46104716722428.91,36884607917038.734,26735377546358.957,3.874499190792154e-05,8.174161805788985e-05,6.539477404711752e-05,4.7400638706555866e-05,2.216994429923111e-05,4.677268028805369e-05,3.741899086031255e-05,2.7122718785688226e-05
94,94,2.25,0.02,570,1,100000.0,226.5,18.76,5.23,,515.6,0.5156,570.0,0.0399413561601704,0.0357371548683243,0.0069224823664033,0.0013591959650227,-1.2285559656108523e-05,1623098488000.0,3401323134553.1914,2739506544000.0,1985699344000.0,14.848341482650852,7.640931804531998,24053500502030.637,50405892390027.05,40598104501111.59,29427062202885.81,4.008238597951364e-05,8.39956094643409e-05,6.76520614749112e-05,4.903680715244128e-05,2.296228765770584e-05,4.811917502841028e-05,3.875632795457054e-05,2.8092071969600508e-05
95,95,2.25,0.02,575,1,100000.0,226.5,18.76,5.23,,511.3,0.5113,575.0,0.0443930070371833,0.0321056067294551,0.0068490621271654,0.0010548772830358,-2.2730206746243824e-05,1609562174000.0,3349975813431.579,2716659612000.0,1969139012000.0,13.17858919938015,6.734894374603364,21201312793363.9,44126214083586.29,35784110186917.58,25937694611247.457,4.010863708264523e-05,8.347795835848616e-05,6.769636874852887e-05,4.906892276258636e-05,2.2968414462906623e-05,4.780407626776724e-05,3.876666893083628e-05,2.8099567505551023e-05
96,96,2.25,0.02,580,1,100000.0,226.5,18.76,5.23,,510.1,0.5100999999999999,580.0,0.0489380637578505,0.0313130255247597,0.0064644029479116,0.0012282124422324,-2.8163834536556425e-05,1605784598000.0,3319322773135.416,2710283724000.0,1964517524000.0,11.888952385602398,6.065991876444459,19095621107209.63,39472622970273.54,32230070677599.76,23361590554237.96,4.036693256639854e-05,8.344262282509971e-05,6.813232637726143e-05,4.938492156145107e-05,2.311512470310498e-05,4.778135244692476e-05,3.9014290172594967e-05,2.827905287250428e-05
97,97,2.25,0.02,585,1,100000.0,226.5,18.76,5.23,,556.6,0.5566,585.0,0.0507600747539413,0.0336823149820488,0.0069519280315943,0.0005472297964246,2.96907050304713e-05,1752165668000.0,3596834435634.961,2957349384000.0,2143600184000.0,11.64517015410854,6.476504557428136,20387906816692.617,41852164237700.83,34411223074709.46,24942573411749.53,4.443464993283029e-05,9.121516414382154e-05,7.499792228956704e-05,5.436136862601202e-05,2.542423283609377e-05,5.2190701960759566e-05,4.2911661088713045e-05,3.110401669250687e-05
98,98,2.25,0.02,590,1,100000.0,226.5,18.76,5.23,,528.0,0.5279999999999999,590.0,0.0461180595567042,0.0319824933160122,0.006724329436581,0.0010146642060093,-2.815811346106493e-05,1662133440000.0,3386291363265.3057,2805390720000.0,2033454720000.0,12.88764282460148,6.793790346282411,21386716134290.1,43571502980021.484,36097038619481.55,26164517133216.668,4.25227136878768e-05,8.663221293704348e-05,7.177090809820091e-05,5.202230505381184e-05,2.4312530479643916e-05,4.953231190772667e-05,4.1035301827096495e-05,2.9743959581834653e-05
99,99,2.25,0.02,595,1,100000.0,226.5,18.76,5.23,,543.0,0.5429999999999999,595.0,0.0471958149357987,0.0332213277275451,0.0072592921447629,0.000894201261931,5.793357264737703e-06,1709353140000.0,3457922437556.675,2885089320000.0,2091223320000.0,12.912916513431613,7.010500050879656,22068913950168.14,44644135219942.86,37248469290335.83,26999118215949.76,4.411764006916217e-05,8.924743162621461e-05,7.446286505031008e-05,5.39735386311095e-05,2.5198355737891e-05,5.09748147744288e-05,4.253042002833308e-05,3.082767855958275e-05
100,100,2.25,0.02,600,1,100000.0,226.5,18.76,5.23,,539.7,0.5397000000000001,600.0,0.0484203279253051,0.0336076244264993,0.0065547829343278,0.0012980119478637,1.873297910352953e-05,1698964806000.0,3413278949177.057,2867555628000.0,2078514228000.0,12.556599378641987,6.776760646801573,21333106980918.414,42858948414562.37,36006555739011.984,26098931673388.09,4.422780455704608e-05,8.885518624620792e-05,7.464880345004718e-05,5.410831390996072e-05,2.524220997971964e-05,5.0712471294407775e-05,4.260443832319315e-05,3.0881329856700315e-05
101,101,2.25,0.02,605,1,100000.0,226.5,18.76,5.23,,549.8,0.5498000000000001,605.0,0.0460406923060872,0.0330880209971642,0.0073622196950917,0.0013399845113583,3.9914282896423786e-05,1730759404000.0,3451232538711.111,2921219352000.0,2117411752000.0,13.290006296119184,7.310592450817613,23013598823324.83,45890422960199.27,38842932233382.17,28154846070286.824,4.543598350515131e-05,9.060193134811908e-05,7.668799833509429e-05,5.558640052172471e-05,2.591013433674833e-05,5.1666279263713225e-05,4.373177789038833e-05,3.16984687841278e-05
102,102,2.25,0.02,610,1,100000.0,226.5,18.76,5.23,,545.3,0.5452999999999999,610.0,0.0487964150068932,0.0342063942547935,0.0064448677802258,0.0007400950039584,-3.536059543995973e-05,1716593494000.0,3398098746222.494,2897309772000.0,2100081172000.0,13.128770549262706,7.140153863291944,22477061558565.78,44494677958349.64,37937351112597.3,27498446164464.48,4.54432406000142e-05,8.995759301601744e-05,7.670024704274468e-05,5.55952788545031e-05,2.5894975969443635e-05,5.1260642477553296e-05,4.370619321593107e-05,3.1679924031461474e-05
103,103,2.25,0.02,615,1,100000.0,226.5,18.76,5.23,,552.7,0.5527,615.0,0.0470253205742096,0.033986110979546,0.0067815779078422,0.0010905481227842,-3.8642883079864727e-05,1739888546000.0,3418909365135.5938,2936627748000.0,2128580348000.0,13.220677257869434,7.300725661408019,22982538367599.227,45161062667041.11,38790507613219.55,28116846696241.023,4.644946969931301e-05,9.127396540753089e-05,7.83985858821142e-05,5.682629993989232e-05,2.6441010293658388e-05,5.195701639881666e-05,4.462780371307234e-05,3.234794264364733e-05
104,104,2.25,0.02,620,1,100000.0,226.5,18.76,5.23,,560.0,0.5599999999999999,620.0,0.0519817275690797,0.0316037404599765,0.0074005564233981,0.0003637720911537,1.0556733777372338e-05,1762868800000.0,3438374081534.772,2975414400000.0,2156694400000.0,12.104795553321678,6.799771036344355,21405543226991.305,41750279449530.84,36128815461146.29,26187550206010.84,4.7449097178696906e-05,9.25467317428592e-05,8.008578234097407e-05,5.804924460081852e-05,2.699038348181956e-05,5.264318876967623e-05,4.5555049628950296e-05,3.302004602333013e-05
105,105,2.25,0.02,625,1,100000.0,226.5,18.76,5.23,,559.4,0.5594,625.0,0.0509161798813351,0.0330672717246563,0.006779771198545,0.0010097637189859,-5.681800552633479e-05,1760980012000.0,3408964040931.116,2972226456000.0,2154383656000.0,12.515785952074824,6.990179079501883,22004943938690.33,42597906903272.94,37140499092372.58,26920857278140.824,4.778755639721743e-05,9.250875095229754e-05,8.065704234205793e-05,5.846331574508721e-05,2.7156486395001057e-05,5.257043519389684e-05,4.583540231303101e-05,3.322325639422228e-05
106,106,2.25,0.02,630,1,100000.0,226.5,18.76,5.23,,568.2,0.5682,630.0,0.0493777877267802,0.0324314315445011,0.0067622302415065,0.0010845654755842,6.185499337851587e-07,1788682236000.0,3436386609380.282,3018982968000.0,2188274568000.0,12.91447557354073,7.33833032787386,23100917105540.35,44381098334943.59,38990310231272.52,28261671291920.93,4.893845631891194e-05,9.401974961977028e-05,8.259956024240803e-05,5.987132717286845e-05,2.778466455202667e-05,5.337943615196021e-05,4.6895657241917104e-05,3.399176980455631e-05
107,107,2.25,0.02,635,1,100000.0,226.5,18.76,5.23,,562.1,0.5620999999999999,635.0,0.0535589152298257,0.034355563371742,0.0071929212212774,0.0011483045677259,-2.768073601020532e-05,1769479558000.0,3373551390282.052,2986572204000.0,2164782004000.0,12.138214022073551,6.846864626311704,21553792906336.715,41092776515151.83,36379035007104.39,26368918923436.688,4.881170249601189e-05,9.30605759602987e-05,8.23856219448377e-05,5.971625649487634e-05,2.7692035931985887e-05,5.2795470790113245e-05,4.673931632197939e-05,3.38784479134878e-05
108,108,2.25,0.02,640,1,100000.0,226.5,18.76,5.23,,570.2,0.5702,640.0,0.0556734670044079,0.0318453432428038,0.0065012240677899,0.0009131751661267,-8.22563281805457e-05,1794978196000.0,3395779511769.585,3029609448000.0,2195977048000.0,11.777652710626192,6.735980540453944,21204732021738.207,40115581744917.8,35789881246761.52,25941877696617.85,4.9916017173978136e-05,9.443222697983888e-05,8.4249512096477e-05,6.106727551671597e-05,2.830285201607054e-05,5.354396238071009e-05,4.777026710648309e-05,3.462572055679246e-05
109,109,2.25,0.02,645,1,100000.0,226.5,18.76,5.23,,575.1,0.5751000000000001,645.0,0.0538621618956539,0.0340722932863008,0.0070411648996716,0.0009479781612833,1.3471261269155211e-05,1810403298000.0,3398294865082.1924,3055644324000.0,2214848124000.0,12.109742583720704,6.959611637225893,21908718241754.367,41124695687273.55,36978086935374.11,26803134721749.848,5.073267669802968e-05,9.522993849229568e-05,8.562789062797069e-05,6.206637710738944e-05,2.8789913021353063e-05,5.404133636671437e-05,4.859234094929889e-05,3.522159118684229e-05
110,110,2.25,0.02,650,1,100000.0,226.5,18.76,5.23,,581.1,0.5811,650.0,0.0526647535814731,0.0335984244753839,0.0070827335573936,0.0007163131781334,-4.137170581180056e-05,1829291178000.0,3406753165676.47,3087523764000.0,2237955564000.0,12.524020382908745,7.281139804343914,22920882481278.555,42686363927347.41,38686443254032.26,28041416860081.45,5.1674589136921465e-05,9.623540103642524e-05,8.721767418657568e-05,6.321871316453008e-05,2.9340907899612004e-05,5.464260259545457e-05,4.952232399460431e-05,3.5895678542843896e-05
111,111,2.25,0.02,655,1,100000.0,226.5,18.76,5.23,,579.1,0.5791,655.0,0.0549500813256144,0.0339435489023473,0.0064095233010177,0.000877235045182,1.1547353458701518e-05,1822995218000.0,3368085100579.4185,3076897284000.0,2230253084000.0,12.02544933360126,6.952186413174994,21885343784946.617,40434390389682.89,36938634937937.9,26774538401876.062,5.190243246284564e-05,9.589263193663824e-05,8.760223389566959e-05,6.349745678124055e-05,2.948136940754097e-05,5.44684703864191e-05,4.975939846851728e-05,3.606751920822182e-05
112,112,2.25,0.02,660,1,100000.0,226.5,18.76,5.23,,597.5,0.5975,660.0,0.0531690488197681,0.0308059333319187,0.0067387916895448,0.0009619774947012,8.98146986693392e-06,1880918050000.0,3447261113333.333,3174660900000.0,2301115900000.0,12.497520898798468,7.472674598209609,23523830181671.887,43113406786613.84,39704113582191.22,28779063319608.77,5.396431974477288e-05,9.890335252171553e-05,9.108233922728768e-05,6.601997051247439e-05,3.067135943148705e-05,5.621307353674173e-05,5.176789362885223e-05,3.752335348284303e-05
113,113,2.25,0.02,665,1,100000.0,226.5,18.76,5.23,,607.9,0.6079,665.0,0.0546180632334198,0.0352093414743064,0.0071029854851187,0.0010984056107484,8.476795792875507e-06,1913657042000.0,3478890320406.5933,3229918596000.0,2341168796000.0,12.297526378632009,7.4793700435911505,23544907309824.07,42802941351189.82,39739688090410.24,28804849086679.98,5.532566820762478e-05,0.0001005780698281,9.338005748050132e-05,6.768544477027581e-05,3.1455428381694724e-05,5.718369745445778e-05,5.309126496825128e-05,3.848258375234848e-05
114,114,2.25,0.02,670,1,100000.0,226.5,18.76,5.23,,594.4,0.5944,670.0,0.0612361071486247,0.0321473960985921,0.006737696847328,0.0011090887080637,-3.374011747213757e-05,1871159312000.0,3373855982043.668,3158189856000.0,2289177056000.0,11.084723110976617,6.594963888918768,20760814423038.508,37433476392985.46,35040625933158.76,25398788727559.52,5.451380547144434e-05,9.829292862145472e-05,9.200977508849825e-05,6.669221157181598e-05,3.100548493520223e-05,5.590547002274538e-05,5.2331839076841e-05,3.793212275867326e-05
115,115,2.25,0.02,675,1,100000.0,226.5,18.76,5.23,,591.7,0.5917,675.0,0.0548545156531872,0.0350809087735487,0.0062567123493863,0.0013493372955425,1.4005758436559084e-05,1862659766000.0,3330852618259.179,3143844108000.0,2278778708000.0,13.100839005611338,7.7459333027365345,24384043118348.56,43604127467096.42,41156002661431.86,29831448172831.05,5.467316811762474e-05,9.77678631906758e-05,9.22787513800234e-05,6.688717589734405e-05,3.1104360849773394e-05,5.562155991495552e-05,5.249872433797229e-05,3.805308759238664e-05
116,116,2.25,0.02,680,1,100000.0,226.5,18.76,5.23,,596.6,0.5966,680.0,0.0530927916849008,0.0334232756722761,0.0069613566655372,0.0013241120414292,1.4439250849373712e-05,1878084868000.0,3330488622436.831,3169878984000.0,2297649784000.0,13.540119162277753,8.042325075622987,25317078491559.65,44895863496984.21,42730803284803.08,30972924024242.27,5.554245361857242e-05,9.849582039166138e-05,9.374595336194758e-05,6.795066012934988e-05,3.160742703945364e-05,5.605080895598943e-05,5.3347812134482e-05,3.86685389714755e-05
117,117,2.25,0.02,685,1,100000.0,226.5,18.76,5.23,,595.9,0.5959000000000001,685.0,0.054574055621947,0.033311581726801,0.00707312408328,0.0014203942823392,-2.702863899142968e-05,1875881282000.0,3298640748027.601,3166159716000.0,2294953916000.0,12.771804208461637,7.606302520864688,23944488209631.613,42105150926580.49,40414110805959.086,29293696520454.914,5.589344107556881e-05,9.828574123985076e-05,9.433835883974968e-05,6.838005832561629e-05,3.180799509623969e-05,5.593272332546168e-05,5.368633595675468e-05,3.891391401293597e-05
118,118,2.25,0.02,690,1,100000.0,226.5,18.76,5.23,,603.9,0.6039,690.0,0.0575711112535713,0.0335565561154559,0.0062620808616399,0.0014068769162335,-8.318979980726309e-06,1901065122000.0,3314977781210.5264,3208665636000.0,2325763836000.0,12.156375020094336,7.354005567751575,23150262447170.6,40368215035593.6,39073596542800.375,28322040402747.586,5.707198444940428e-05,9.95191370300413e-05,9.632753405546274e-05,6.982188876388151e-05,3.2479517283090045e-05,5.6636080948460416e-05,5.4819748031818926e-05,3.973545452681648e-05
119,119,2.25,0.02,695,1,100000.0,226.5,18.76,5.23,,620.9,0.6208999999999999,695.0,0.0576746049514553,0.0316074362447905,0.0073825196540397,0.0007710726299316,1.1573228563848336e-05,1954580782000.0,3378737657171.548,3298990716000.0,2391234916000.0,12.171075400581811,7.560608549424527,23800644501417.426,41142394615999.05,40171327769144.38,29117718069885.72,5.911249405652136e-05,0.0001021833487351,9.9771557608617e-05,7.231824903914172e-05,3.363868404091548e-05,5.8148677994490126e-05,5.677621890658574e-05,4.115357960525013e-05
120,120,2.25,0.02,700,1,100000.0,226.5,18.76,5.23,,601.4,0.6014,700.0,0.0563062000246759,0.0303837088263436,0.0063133663118856,0.0013234799224756,-8.358064901139e-05,1893195172000.0,3244361560559.006,3195382536000.0,2316135736000.0,13.695859667068223,8.274041580271335,26046517413862.56,44635820507980.08,43961968685960.88,31865319895604.188,5.7667919388111055e-05,9.88253000574336e-05,9.733336806766818e-05,7.055095580793678e-05,3.282289723660737e-05,5.624847753447965e-05,5.5399313373474965e-05,4.015554570026231e-05
121,121,2.25,0.02,705,1,100000.0,226.5,18.76,5.23,,607.9,0.6079,705.0,0.0541857606189864,0.033524664815407,0.0070930029913417,0.0010475657340069,4.056116569589227e-06,1913657042000.0,3250842925924.0244,3229918596000.0,2341168796000.0,13.370970276289755,8.126971011543247,25583542204917.914,43460283306571.78,43180547457372.05,31298915838495.82,5.8714051213950765e-05,9.97410475607962e-05,9.909905573477104e-05,7.183079390504887e-05,3.3406367584779054e-05,5.67493816082624e-05,5.6384109335558505e-05,4.086936355923623e-05
122,122,2.25,0.02,710,1,100000.0,226.5,18.76,5.23,,601.9,0.6019,710.0,0.0537625030164008,0.0327334187567369,0.0063204316203677,0.0014855670978887,5.5315360913389786e-05,1894769162000.0,3190445948456.212,3198039156000.0,2318061356000.0,13.401547734557107,8.043164193907735,25319720019137.68,42633794011000.19,42735261721638.336,30976155670145.227,5.855546418698254e-05,9.859672999855336e-05,9.883138855290264e-05,7.16367784723774e-05,3.330624848609492e-05,5.6081652410140594e-05,5.621512579694248e-05,4.07468778135783e-05
123,123,2.25,0.02,715,1,100000.0,226.5,18.76,5.23,,617.7,0.6177,715.0,0.0603080112454904,0.0331587533384984,0.0069197129362127,0.0010712547420135,-2.23796877986682e-06,1944507246000.0,3245120998221.7744,3281988348000.0,2378910948000.0,12.186479306003212,7.527420995210781,23696170744503.64,39545721117069.7,39994994328593.73,28989904833595.57,6.051574430555318e-05,0.0001009926360381,0.0001021399987528,7.403498595903362e-05,3.440107928229479e-05,5.741077333093511e-05,5.806300881386157e-05,4.208629425064485e-05
124,124,2.25,0.02,720,1,100000.0,226.5,18.76,5.23,,612.5,0.6125,720.0,0.0593646722600624,0.0338409502587591,0.007071095467295,0.000701290790991,2.309239619743152e-05,1928137750000.0,3188975260020.0405,3254359500000.0,2358884500000.0,12.400313815283535,7.609335064884074,23954034597553.77,39617928599376.83,40430223440144.66,29305375575284.145,6.043260025565261e-05,9.995036252667971e-05,0.0001019996661294,7.3933267494895e-05,3.433299827813084e-05,5.67838486183209e-05,5.79480999788105e-05,4.200300392272778e-05
125,125,2.25,0.02,725,1,100000.0,226.5,18.76,5.23,,618.3,0.6183,725.0,0.0554838826116565,0.033225376371188,0.0071725962948627,0.0007373873734111,4.698270457540637e-06,1946396034000.0,3190070922530.8154,3278608034890.909,2381221692000.0,13.590308159855953,8.387217617612887,26402793315893.023,43273199163650.42,44474201959379.28,32301187977655.46,6.143528752513929e-05,0.0001006901580807,0.0001034847090659,7.515995550426542e-05,3.4875524262763885e-05,5.715969099568203e-05,5.8746098980661256e-05,4.266673043085623e-05
126,126,2.25,0.02,730,1,100000.0,226.5,18.76,5.23,,612.0,0.612,730.0,0.0655619084698627,0.0327770788091496,0.0070075651556728,0.0006969994704925,-9.484367103766816e-06,1926563760000.0,3128753130177.515,3227396279999.9995,2356958880000.0,11.167619491347343,6.831918340048145,21506742296104.76,34927101129971.9,36028280777671.83,26311357187927.01,6.124220363559268e-05,9.945777051457084e-05,0.0001025934694175,7.492373659602029e-05,3.473808477146469e-05,5.641489460234215e-05,5.819354017421659e-05,4.249858690184043e-05
127,127,2.25,0.02,735,1,100000.0,226.5,18.76,5.23,,616.5,0.6165,735.0,0.0616875649109033,0.0333464012230896,0.0065574158158465,0.0009983473489468,-5.462232342401685e-05,1940729670000.0,3122731993737.769,3233162719486.608,2374289460000.0,12.14629966594448,7.510803662659912,23643859713980.15,38044163659482.44,39389538354412.8,28925907497782.355,6.21242070482154e-05,9.996098474394968e-05,0.0001034959548002,7.600277992629212e-05,3.520693842009307e-05,5.664974092243361e-05,5.865307390653002e-05,4.30721826444257e-05
128,128,2.25,0.02,740,1,100000.0,226.5,18.76,5.23,,606.6,0.6066,740.0,0.0663679492914752,0.0339721380543556,0.0066155958821225,0.0012556208744126,4.098772987211048e-05,1909564668000.0,3044036487453.4883,3163536669663.7173,2336162184000.0,11.357114500555443,6.881713726434205,21663497176540.348,34533774611729.69,35889472014017.06,26503131171792.465,6.15333631855121e-05,9.809031653720312e-05,0.0001019410623306,7.527994130667018e-05,3.485414809636541e-05,5.556098744514674e-05,5.774215319359992e-05,4.264057882027404e-05
129,129,2.25,0.02,745,1,100000.0,226.5,18.76,5.23,,600.0,0.6,745.0,0.0630534708842332,0.0331711237951071,0.0073983350840535,0.0008772612178728,-6.264747209983092e-05,1888788000000.0,2982684126923.077,3111579592105.2627,2310744000000.0,11.966213612821935,7.184219290602336,22615778642430.344,35713761404023.59,37257116883078.63,27668152700739.34,6.128863003025484e-05,9.678408797180028e-05,0.0001009665724423,7.498053466595043e-05,3.467937713327812e-05,5.476402206441791e-05,5.713062670603061e-05,4.242676395363568e-05
130,130,2.25,0.02,750,1,100000.0,226.5,18.76,5.23,,619.6,0.6195999999999999,750.0,0.0662644551492121,0.0315376384101516,0.0066333608576104,0.0007866536277239,7.170502004741623e-06,1950488408000.0,3050975570546.8457,3195092532260.87,2386228304000.0,11.506108636770117,7.143437014738406,22487396853656.207,35175035219023.508,36836575630191.35,27511090368641.137,6.372252656811391e-05,9.967548182056196e-05,0.0001043837881524,7.795816467073586e-05,3.6025887963532464e-05,5.63520929594754e-05,5.901396036410041e-05,4.407408584574069e-05
131,131,2.25,0.02,755,1,100000.0,226.5,18.76,5.23,,625.3,0.6253,755.0,0.0719512544796884,0.0329617437010541,0.0063187561312302,0.0009403728660769,1.9435512443733483e-05,1968431894000.0,3049648470519.925,3206164806782.796,2408180372000.0,10.694095906022271,6.6958786530556775,21078492082246.21,32656446654531.04,34332465197369.75,25787435703794.15,6.473746584161058e-05,0.0001002963395842,0.000105443823225,7.919984178674716e-05,3.6566917247419934e-05,5.665232492682972e-05,5.955987785433466e-05,4.473598128957412e-05
132,132,2.25,0.02,760,1,100000.0,226.5,18.76,5.23,,616.3,0.6163000000000001,760.0,0.0630743499755339,0.0300073555671452,0.006665620309869,0.0006925789959578,4.5130557422125646e-05,1940100074000.0,2976796700148.776,3141939224119.6577,2373519212000.0,12.206937153327749,7.524947979056785,23688385739111.176,36346325349419.82,38362695464641.35,28980380654862.65,6.423533497091861e-05,9.85596236693778e-05,0.000104027375301,7.858553467728531e-05,3.624959499706655e-05,5.5619643654009415e-05,5.8705231707410936e-05,4.434776912067503e-05
133,133,2.25,0.02,765,1,100000.0,226.5,18.76,5.23,,618.3,0.6183,765.0,0.06544573711177,0.0313602305414133,0.006697933189347,0.0010988101474497,8.282672265589576e-05,1946396034000.0,2957429765955.224,3133979738218.22,2381221692000.0,11.95620963624098,7.384563750199277,23246458994352.324,35321573093050.76,37430168475991.09,28439727297317.48,6.487253330110399e-05,9.856984787587433e-05,0.0001044541816675,7.936508337109628e-05,3.657171480993999e-05,5.556848456409362e-05,5.888576178954912e-05,4.474185062949362e-05
134,134,2.25,0.02,770,1,100000.0,226.5,18.76,5.23,,613.7,0.6136999999999999,770.0,0.0672775410047619,0.0334321380642405,0.0071412625266156,0.0007796837168616,-2.9802443918524292e-05,1931915326000.0,2906638628918.367,3092622707186.582,2363505988000.0,11.58852143501254,7.103857681796937,22362801905143.12,33645669141680.72,35798519757775.86,27358660858443.63,6.481074660523614e-05,9.751018438362574e-05,0.0001037494676518,7.9289493502484e-05,3.650488786348237e-05,5.4922964676729896e-05,5.843726358528068e-05,4.466009451627959e-05
135,135,2.25,0.02,775,1,100000.0,226.5,18.76,5.23,,631.4,0.6314,775.0,0.0679011986864679,0.0310311995985497,0.0067426139568692,0.0011938143144595,2.6978196726957256e-05,1987634572000.0,2960878264585.636,3163239797345.833,2431672936000.0,11.50024155438085,7.252403672265101,22830421712217.094,34009319605972.094,36333690089524.92,27930747118774.25,6.712037371051095e-05,9.998581149163145e-05,0.0001068193521709,8.211509223339037e-05,3.777071114345818e-05,5.626510991408121e-05,6.011055469960936e-05,4.620870322687307e-05
136,136,2.25,0.02,780,1,100000.0,226.5,18.76,5.23,,629.9,0.6298999999999999,780.0,0.0643169245602279,0.0318321867485906,0.0074012851597618,0.0009156160530348,-4.774426786935269e-05,1982912602000.0,2924352885358.3174,3137173429636.364,2425896076000.0,12.27754569009102,7.714163191405207,24284031443279.77,35813518632974.69,38419856796245.87,29709093849267.395,6.739787965487515e-05,9.939680832979028e-05,0.0001066304369914,8.245459311750436e-05,3.789586685599509e-05,5.588793347306787e-05,5.995519241430749e-05,4.63618187760032e-05
137,137,2.25,0.02,785,1,100000.0,226.5,18.76,5.23,,643.3,0.6433,785.0,0.0689337572380508,0.0330835022475706,0.006779509619452,0.0008682485824997,1.620020214676418e-05,2025095534000.0,2956474485682.3955,3184948739773.0054,2477502692000.0,11.684260112222148,7.536481717994027,23724693718610.84,34636119867963.887,37312774677518.08,29024799851607.32,6.928815986718509e-05,0.0001011550681772,0.0001089722601946,8.47671626906454e-05,3.89277128981132e-05,5.683128920931254e-05,6.122317098403666e-05,4.7624179639556e-05
138,138,2.25,0.02,790,1,100000.0,226.5,18.76,5.23,,641.5,0.6415,790.0,0.0683534725235972,0.0330392826835367,0.0071250417139042,0.0012022685639366,-5.1748188054805926e-05,2019429170000.0,2918235247666.667,3157113948529.412,2470570460000.0,11.94227570230898,7.6569247175458255,24103845872339.902,34831968198709.85,37683217191899.53,29488654749201.18,6.953948964412192e-05,0.0001004900755118,0.0001087159163542,8.507463964098504e-05,3.904647786289652e-05,5.642525605230356e-05,6.104407212355732e-05,4.77694767453102e-05
139,139,2.25,0.02,795,1,100000.0,226.5,18.76,5.23,,648.9,0.6489,795.0,0.0716447105581664,0.0313087106361021,0.0062433661620921,0.0008543490714449,2.48585935987512e-05,2042724222000.0,2921622954532.258,3174387556183.0986,2499069636000.0,11.429445124138784,7.407001046253447,23317091153584.93,33349459517612.15,36234692479368.36,28526138709373.125,7.078686028573502e-05,0.0001012434834142,0.0001100025769568,8.660067338637288e-05,3.972042654180493e-05,5.681046354594488e-05,6.172542841693021e-05,4.859398583055191e-05
140,140,2.25,0.02,800,1,100000.0,226.5,18.76,5.23,,653.4,0.6533999999999999,800.0,0.0712916368271748,0.0305007933734141,0.0069668117211538,0.0010492597871613,4.370263499020243e-06,2056890132000.0,2911447097808.1704,3177095968239.521,2516400216000.0,11.298529508503076,7.371091644116305,23204049073845.246,32844419000521.07,35841238971603.81,28387842983486.48,7.173131447864677e-05,0.0001015328549209,0.000110797006841,8.775611902640534e-05,4.022352198527471e-05,5.693481364207896e-05,6.212971103301009e-05,4.920947299873867e-05
141,141,2.25,0.02,805,1,100000.0,226.5,18.76,5.23,,669.1,0.6691,805.0,0.0694107421878242,0.0311595035045452,0.0069208760896709,0.0014300473545314,-4.935441788364528e-05,2106313418000.0,2950237343694.3467,3233666573001.98,2576864684000.0,11.75456834715655,7.860034260487081,24743230651328.12,34656952022128.18,37986444553560.63,30270878345358.277,7.39221289256813e-05,0.0001035400636097,0.0001134871549833,9.043636230336306e-05,4.141561777460554e-05,5.800936419368745e-05,6.358232239014706e-05,5.066788346757981e-05
142,142,2.25,0.02,810,1,100000.0,226.5,18.76,5.23,,664.2,0.6642,810.0,0.0693926395761649,0.0302227670629495,0.0067687549544046,0.0009855102105774,6.074256851707132e-05,2090888316000.0,2897865399404.553,3190350922305.882,2557993608000.0,11.857020092385524,7.877496271448493,24798200712594.43,34369051308294.133,37837966719477.33,30338128740453.293,7.38338449547611e-05,0.0001023299728455,0.0001126582771285,9.032835565777868e-05,4.133873308105672e-05,5.729339215974397e-05,6.307609268409436e-05,5.057382270252317e-05
143,143,2.25,0.02,815,1,100000.0,226.5,18.76,5.23,,669.5,0.6695000000000001,815.0,0.0685947543670863,0.0303856925706059,0.0068271171065903,0.0006544554458962,2.747521615453719e-05,2107572610000.0,2889916415834.783,3196007571945.5254,2578405180000.0,12.483557089580312,8.340264235761044,26254985008891.06,36000995559858.98,39814111500401.43,32120359235332.367,7.489066122248395e-05,0.0001026905313879,0.0001135672001046,9.162126510539428e-05,4.188947542071882e-05,5.7439104159283503e-05,6.352287935144656e-05,5.124760110270368e-05
144,144,2.25,0.02,820,1,100000.0,226.5,18.76,5.23,,685.6,0.6856,820.0,0.0662835002199244,0.0332982763832042,0.0066159614076179,0.0009290666805627,2.3970766455064563e-05,2158255088000.0,2927691892899.6533,3252585917884.1694,2640410144000.0,12.654660895768831,8.665953396320148,27280247972547.9,37005894840508.63,41112540813756.42,33374666358044.008,7.716778832075424e-05,0.0001046787794064,0.0001162952715838,9.440710331464036e-05,4.312542636774168e-05,5.8500017841578826e-05,6.499192578596032e-05,5.275966398913e-05
145,145,2.25,0.02,825,1,100000.0,226.5,18.76,5.23,,669.8,0.6698,825.0,0.0773582474955105,0.0344543171931187,0.0071926928726746,0.0013044752474721,-3.780393790050344e-05,2108517004000.0,2829291269855.6694,3157812595954.023,2579560552000.0,10.779121529740634,7.222693034003808,22736893217183.31,30509259996945.85,34051822991171.4,27816324320276.824,7.586304420575119e-05,0.000101796024537,0.0001136160040947,9.281087883879732e-05,4.2348245057486505e-05,5.6824545311968985e-05,6.342269064246947e-05,5.180886006111676e-05
146,146,2.25,0.02,830,1,100000.0,226.5,18.76,5.23,,691.7,0.6916999999999998,830.0,0.0756171455109665,0.0320803235826367,0.0066484838930836,0.0009323263274243,3.300224219831986e-05,2177457766000.0,2889922599999.9995,3240590172148.289,2663902708000.0,11.142482690840138,7.690983943627809,24211063634861.477,32132930916476.98,36031989275510.43,29619825003057.164,7.882408734378264e-05,0.0001046153523599,0.0001173095371874,9.643342020656544e-05,4.395894056393702e-05,5.8342319098637486e-05,6.542166419660654e-05,5.3779385592493225e-05
147,147,2.25,0.02,835,1,100000.0,226.5,18.76,5.23,,686.6,0.6866,835.0,0.0771088515810446,0.0307827619978733,0.0066576150503507,0.000963139345786,8.881723197435651e-05,2161403068000.0,2837032913585.7383,3196375435615.0947,2644261384000.0,10.941575286504833,7.523494912540774,23683811514780.1,31087099755422.426,35024634908855.9,28974784546973.523,7.87113576616175e-05,0.0001033156266246,0.0001164017271272,9.629550666798986e-05,4.385203192222129e-05,5.755967488566287e-05,6.48502631060377e-05,5.36485935171556e-05
148,148,2.25,0.02,840,1,100000.0,226.5,18.76,5.23,,695.7,0.6957000000000001,840.0,0.0712801758885802,0.0310458980423596,0.006598337466883,0.0009433451774365,-5.200096249787449e-06,2190049686000.0,2842717297416.5264,3218145640267.29,2679307668000.0,12.248269409940832,8.531278427921274,26856293865527.61,34859871720753.598,39463700558748.35,32856000732747.523,8.024099009633684e-05,0.0001041540070833,0.0001179092849353,9.816685960476112e-05,4.465552178487538e-05,5.796353617660606e-05,6.561859014638706e-05,5.463158333877072e-05
149,149,2.25,0.02,845,1,100000.0,226.5,18.76,5.23,,695.0,0.6950000000000001,845.0,0.0756541803483173,0.0324381801732045,0.0068127769703416,0.000879481194445,-3.241476894856651e-05,2187846100000.0,2808043389932.8857,3194334403717.472,2676611800000.0,11.483803007654382,8.000322539303617,25184855347277.0,32324104782478.57,36770799321055.94,30811162176267.668,8.064332150806227e-05,0.0001035035992261,0.0001177421649188,9.865907201591692e-05,4.482593079766266e-05,5.753291270074509e-05,6.54474795670648e-05,5.484006179365509e-05
150,150,2.25,0.02,850,1,100000.0,226.5,18.76,5.23,,703.8,0.7038,850.0,0.0793074053119994,0.032028096750016,0.0068195233294921,0.0009404417661299,-1.415978859593482e-05,2215548324000.0,2811466305810.0005,3213958031900.5527,2710502712000.0,10.765847189520027,7.574720530818036,23845068736604.56,30258697852120.133,34590556819301.85,29172066697107.65,8.214462095355079e-05,0.0001042391319171,0.0001191620879721,0.0001004957623622,4.561369356831096e-05,5.788244885551347e-05,6.616894572800281e-05,5.580381108457546e-05
151,151,2.25,0.02,855,1,100000.0,226.5,18.76,5.23,,704.7,0.7047000000000001,855.0,0.0766847595279614,0.0322710668088219,0.0064185631389071,0.0007544343010848,1.991146099218814e-05,2218381506000.0,2782964604933.7754,3197220151047.532,2713968828000.0,11.434051369669689,8.057394949042912,25364518151688.117,31819845254943.395,36556358019055.77,31030961723552.023,8.273956454446377e-05,0.0001037969704183,0.0001192475696064,0.0001012236165909,4.588457414110493e-05,5.756230179605302e-05,6.61306834146386e-05,5.6135206486441766e-05
152,152,2.25,0.02,860,1,100000.0,226.5,18.76,5.23,,700.8,0.7007999999999999,860.0,0.0822889085869405,0.0312552618996787,0.0065560039250775,0.0009316589597883,-1.2896838954913183e-05,2206104384000.0,2735727010635.9146,3158793334998.185,2698948992000.0,10.708584650077382,7.525860699807225,23691258965779.15,29378853303005.04,33922144147653.887,28983895761525.586,8.276892023772427e-05,0.000102639372995,0.0001185120321087,0.0001012595303579,4.584398786417855e-05,5.684981943052895e-05,6.564135603254614e-05,5.608555321890196e-05
153,153,2.25,0.02,865,1,100000.0,226.5,18.76,5.23,,715.5,0.7155000000000001,865.0,0.0831903272361955,0.0310771024531788,0.0069471257890967,0.0011364662384214,-7.355381733612267e-05,2252379690000.0,2760700973788.8706,3203893503372.3022,2755562220000.0,10.468290745473926,7.477108497697493,23537788008581.76,28849840266552.773,33481284891380.625,28796139330672.49,8.501199969675957e-05,0.0001041976676438,0.000120925168499,0.0001040037146716,4.701679836596156e-05,5.762763783105551e-05,6.687896161684435e-05,5.752037005918902e-05
154,154,2.25,0.02,870,1,100000.0,226.5,18.76,5.23,,726.7,0.7266999999999999,870.0,0.0745575956543689,0.0322223257736307,0.0068806143875074,0.0012245430810996,-4.263243879075927e-05,2287637066000.0,2771101016645.5283,3232563165000.0,2798696108000.0,12.140454434026257,8.791059376246173,27674079095235.438,33522655256511.6,39105070484355.67,33856479512174.32,8.682906160573388e-05,0.0001051793155767,0.0001226944738611,0.0001062267089429,4.7969206474354007e-05,5.810690812996367e-05,6.778325644740899e-05,5.868554652262439e-05
155,155,2.25,0.02,875,1,100000.0,226.5,18.76,5.23,,711.1,0.7110999999999998,875.0,0.0805199407962845,0.0311918762764539,0.0067663334693867,0.0008858172760026,2.0569820723033516e-05,2238528578000.0,2679583013996.763,3142161172468.085,2738616764000.0,11.135762348115032,7.905636273891263,24886784877484.22,29790196420131.76,34932897403285.6,30446502643460.99,8.545969202158601e-05,0.0001022977063473,0.0001199574259271,0.0001045514216421,4.714418709169254e-05,5.643294625814011e-05,6.617500247391854e-05,5.7676217477560206e-05
156,156,2.25,0.02,880,1,100000.0,226.5,18.76,5.23,,726.2,0.7262,880.0,0.0832745060712567,0.0335266946902318,0.0067603304183825,0.0008618368448037,2.666081601660888e-05,2286063076000.0,2703881498784.566,3187433178866.1978,2796770488000.0,10.780397948979722,7.821262329192902,24621177387052.668,29121132620552.69,34329043030412.78,30121558332680.875,8.778923020541268e-05,0.000103834263296,0.0001224035802167,0.0001074013795945,4.835619033114404e-05,5.719413858731406e-05,6.742251650149013e-05,5.9158982728897626e-05
157,157,2.25,0.02,885,1,100000.0,226.5,18.76,5.23,,732.9,0.7328999999999999,885.0,0.0872757170303657,0.0289316353047272,0.0070076551255596,0.0009541837971402,5.24806467019403e-05,2307154542000.0,2696029443896.1665,3195207908821.6787,2822573796000.0,10.29670274129003,7.531671240053957,23709550430265.05,27705836300902.47,32835660407784.4,29006273546545.4,8.910585899951511e-05,0.0001041248061683,0.0001234038466927,0.0001090121437916,4.900805258613274e-05,5.726844489822889e-05,6.787188043476978e-05,5.99564712742196e-05
158,158,2.25,0.02,890,1,100000.0,226.5,18.76,5.23,,732.2,0.7322,890.0,0.0847398121334322,0.0314623178674036,0.007124280305611,0.001150222978057,1.6735994042704156e-06,2304950956000.0,2660797036292.5283,3170562728180.556,2819877928000.0,10.517834631752503,7.698219369253001,24233840610021.07,27975142423433.656,33334727404412.992,29647690363641.93,8.952040850441736e-05,0.0001033408702324,0.0001231393101344,0.0001095193038228,4.91685109196947e-05,5.675931099248971e-05,6.763347728346315e-05,6.01527760641316e-05
159,159,2.25,0.02,895,1,100000.0,226.5,18.76,5.23,,723.2,0.7232,895.0,0.0779875373885033,0.0282046889595089,0.0069209761553127,0.00129826820471,3.830816009564054e-05,2276619136000.0,2595947718976.304,3110268235034.4824,2785216768000.0,11.62010363497784,8.389861642939241,26411116654739.87,30115655689318.176,36082301112234.7,32311370753753.32,8.892658391048128e-05,0.0001013998165122,0.000121489591655,0.0001087928185754,4.876240438656615e-05,5.560203304866997e-05,6.661815102455627e-05,5.965594516792324e-05
160,160,2.25,0.02,900,1,100000.0,226.5,18.76,5.23,,739.8,0.7398,900.0,0.0791049942193921,0.0299035327222634,0.0068157957970667,0.0009452820163772,4.017327510934958e-05,2328875604000.0,2622766600879.1206,3159869852123.0767,2849147352000.0,11.643164964873735,8.602850043247422,27081599879142.02,30499145398487.21,36744912806154.69,33131640200556.2,9.147932174177852e-05,0.0001030234974007,0.0001241211640363,0.0001119158390665,5.008614683831784e-05,5.640673673966976e-05,6.795799016983909e-05,6.127541221659705e-05
161,161,2.25,0.02,905,1,100000.0,226.5,18.76,5.23,,737.9,0.7379,905.0,0.0845010473153365,0.0341357748175204,0.0074196701616309,0.0011954253062923,9.147733060471878e-06,2322894442000.0,2583460121962.5,3130040283129.2515,2841829996000.0,10.945818969150327,8.07193717720638,25410296795102.137,28260642098250.75,34239718833913.24,31086967334344.293,9.174792398793583e-05,0.0001020395497143,0.0001236279586292,0.0001122444471626,5.015442006181603e-05,5.578038408766302e-05,6.758178603901884e-05,6.135893770572504e-05
162,162,2.25,0.02,910,1,100000.0,226.5,18.76,5.23,,726.5,0.7265000000000001,910.0,0.0801689751466369,0.0309972770269729,0.0073590800033235,0.0012986880772486,-4.972425012301612e-05,2287007470000.0,2511606851498.4478,3060318368479.73,2797925860000.0,11.694789535412465,8.482970425003414,26704221238502.25,29326753806603.26,35733778679846.17,32669955019590.15,9.083621987267409e-05,9.97569422877156e-05,0.0001215508719783,0.0001111290679808,4.957497176598609e-05,5.444356451983637e-05,6.633786671117048e-05,6.065004042720612e-05
163,163,2.25,0.02,915,1,100000.0,226.5,18.76,5.23,,741.7,0.7417,915.0,0.0827073526594858,0.0316296845399964,0.0068407350990196,0.0009184347497105,1.9104235288692083e-05,2334856766000.0,2531659845228.7485,3102564892696.818,2856464708000.0,11.163410198330002,8.282967555470602,26074616205270.348,28272423297178.707,34648030665969.887,31899695968330.6,9.32531043135684e-05,0.0001011133286938,0.0001239150134566,0.0001140858853793,5.080535819430814e-05,5.5087698370184846e-05,6.751031711662053e-05,6.215529567921247e-05
164,164,2.25,0.02,920,1,100000.0,226.5,18.76,5.23,,749.1,0.7491000000000001,920.0,0.0810009537783798,0.0343087712364804,0.0067936573753562,0.0009088375316349,-6.406969287485032e-06,2358151818000.0,2524242385246.154,3111533055374.376,2884963884000.0,11.616254726749847,8.713035340352246,27428460990722.05,29360316526851.93,36191292850288.53,33555990224178.176,9.471206559817576e-05,0.0001013828747378,0.0001249706319168,0.0001158707792025,5.15088369319485e-05,5.513673394812651e-05,6.79648560089638e-05,6.30159318502015e-05
165,165,2.25,0.02,925,1,100000.0,226.5,18.76,5.23,,740.1,0.7401000000000001,925.0,0.0805658921990697,0.0310671664930877,0.0071332651637904,0.0009283829944191,8.646410689815794e-06,2329819998000.0,2461751901408.8823,3052445686512.397,2850302724000.0,11.569791586712686,8.563740608528775,26958484160836.41,28485075971109.54,35320028483873.41,32981020381190.355,9.408961617051388e-05,9.941767677733024e-05,0.000123272803595,0.000115109274322,5.107731023203606e-05,5.39696910879405e-05,6.691963989933697e-05,6.248800191171054e-05
166,166,2.25,0.02,930,1,100000.0,226.5,18.76,5.23,,759.5,0.7595,930.0,0.088095887536076,0.0324899454244981,0.007079005476987,0.0010155135025302,1.2075225638868474e-05,2390890810000.0,2493421529741.2485,3110220531278.689,2925016780000.0,10.764671221428388,8.17727322337205,25741892561710.742,26845805279437.1,33486666318903.49,31492641728779.363,9.707431820119036e-05,0.0001012372434472,0.0001262803538607,0.0001187607599886,5.2609835694026056e-05,5.486595056828804e-05,6.843816975596567e-05,6.436289417920727e-05
167,167,2.25,0.02,935,1,100000.0,226.5,18.76,5.23,,755.3,0.7553000000000001,935.0,0.0847228157029803,0.0318714182823957,0.0063894505261293,0.001196558182457,-2.1779981347242423e-05,2377669294000.0,2447085575369.697,3070937575213.355,2908841572000.0,11.225862354473673,8.501977139389671,26764053995255.9,27545433099329.258,34567775798962.93,32743154438303.08,9.70636441970972e-05,9.98974265289398e-05,0.0001253649499971,0.0001187477014077,5.25052621653373e-05,5.4038158292252895e-05,6.781446977796669e-05,6.423495888208742e-05
168,168,2.25,0.02,940,1,100000.0,226.5,18.76,5.23,,758.1,0.7581,940.0,0.0886350139233286,0.0315765751891496,0.0070346408907735,0.0012234073180711,1.4176498734752948e-05,2386483638000.0,2423639534728.9155,3060177838961.165,2919625044000.0,10.758733533775168,8.140625604308074,25626526589849.727,26025513853089.984,32860786267752.81,31351502952335.426,9.794804764534504e-05,9.947303088225468e-05,0.0001255983657298,0.0001198296809425,5.288829087540528e-05,5.37117249198064e-05,6.781843089152043e-05,6.47035563602678e-05
169,169,2.25,0.02,945,1,100000.0,226.5,18.76,5.23,,752.9,0.7529,945.0,0.0894168634632705,0.0319931837419946,0.0065885993964916,0.0009814817232634,-6.097365105859906e-05,2370114142000.0,2374858834269.8657,3017224635075.5625,2899598596000.0,10.664337611679915,8.025903450983238,25265383545626.21,25315961898744.246,32163572335030.68,30909680406564.68,9.77900352540652e-05,9.798579950697876e-05,0.0001244895755039,0.0001196363685194,5.270644904621488e-05,5.28119612141439e-05,6.709685144336581e-05,6.448109099319073e-05
170,170,2.25,0.02,950,1,100000.0,226.5,18.76,5.23,,777.8,0.7778000000000002,950.0,0.0893635935515021,0.0312158878839296,0.0072587652411184,0.0007651508157714,-8.76122634738564e-06,2448498844000.0,2420341299886.5674,3094354976661.3423,2995494472000.0,10.748165698071066,8.372583246923352,26356724609649.773,26053624349790.383,33309005705359.54,32244827503881.09,0.0001015661320804,0.0001003981295504,0.0001283568775347,0.0001242560468978,5.463777146516771e-05,5.400944139098365e-05,6.904992438988743e-05,6.684387161847042e-05
171,171,2.25,0.02,955,1,100000.0,226.5,18.76,5.23,,770.6,0.7706,955.0,0.0929079871660064,0.0317517063424091,0.0064105859759396,0.0009960156327566,4.893725161909362e-05,2425833388000.0,2365332415810.089,3043295132400.0,2967765544000.0,10.4257725081272,8.038034505289538,25303571861961.36,24672493608566.52,31744239922152.73,30956400008151.28,0.0001011592687166,9.863632788587836e-05,0.0001269079367138,0.0001237582900947,5.431148607864735e-05,5.295694222370188e-05,6.81357104054163e-05,6.644469394517433e-05
172,172,2.25,0.02,960,1,100000.0,226.5,18.76,5.23,,774.4,0.7744000000000001,960.0,0.0844102033224885,0.0301503536797009,0.006436152437588,0.0008391461171717,-4.194805235091611e-05,2437795712000.0,2344381781710.914,3035814630359.622,2982400256000.0,11.880661530551391,9.22321867307432,29034507918464.508,27921934175996.062,36157001790709.05,35520828682490.75,0.0001022090967426,9.829254483844076e-05,0.0001272821466211,0.0001250426501245,5.476088316624399e-05,5.266250006651183e-05,6.8194348471927e-05,6.699448652315628e-05
173,173,2.25,0.02,965,1,100000.0,226.5,18.76,5.23,,779.2,0.7792,965.0,0.0835650966345496,0.0289819967989171,0.0070205865417319,0.0012984287163735,-4.821722963652295e-05,2452906016000.0,2326267773552.9404,3032033128075.236,3000886208000.0,11.888016482078257,9.28270391984339,29221766285588.6,27713109574134.04,36120977673356.016,35749920644257.67,0.0001033630930888,9.802667972560078e-05,0.0001277669508825,0.0001264544497193,5.527687985775742e-05,5.242305387849755e-05,6.83276610893824e-05,6.762575708339624e-05
174,174,2.25,0.02,970,1,100000.0,226.5,18.76,5.23,,791.9,0.7919000000000002,970.0,0.0908017215563517,0.0312451376037797,0.0066588248823354,0.0010478359994261,-6.777538209838267e-05,2492885362000.0,2331168610768.668,3058527598079.316,3049796956000.0,10.904387957360132,8.625838845242807,27153968168047.453,25392454549285.37,33315274863947.145,33220175594352.902,0.0001055998216517,9.874942237212824e-05,0.0001295606985373,0.0001291908643441,5.635842627739207e-05,5.270238106126617e-05,6.914630122238335e-05,6.894892140882198e-05
175,175,2.25,0.02,975,1,100000.0,226.5,18.76,5.23,,797.4,0.7973999999999999,975.0,0.0950852672275573,0.0322989500366297,0.0065881853375919,0.0011467840424292,-4.218900887167911e-05,2510199252000.0,2314288297755.458,3056723667292.1177,3070978776000.0,10.414496638541234,8.313304363462734,26170115870093.414,24127643596740.902,31867913470277.617,32016530296742.22,0.0001068970408451,9.855415680472244e-05,0.0001301708278554,0.0001307778828278,5.6925394012649576e-05,5.248259599457229e-05,6.931927774648025e-05,6.964254996450949e-05
176,176,2.25,0.02,980,1,100000.0,226.5,18.76,5.23,,774.3,0.7743,980.0,0.0883716427333979,0.0329004836132051,0.0070840946534392,0.0011570141831696,1.8679603350587087e-05,2437480914000.0,2215310835452.174,2945834483695.8525,2982015132000.0,11.289313249258544,8.72726238850387,27473247453762.426,24969132032915.99,33202983975612.22,33610782001101.65,0.0001043364609943,9.48264625359726e-05,0.0001260965544134,0.0001276452684069,5.544782663290862e-05,5.0393900701597904e-05,6.701185588902278e-05,6.783489343697322e-05
177,177,2.25,0.02,985,1,100000.0,226.5,18.76,5.23,,783.5,0.7835,985.0,0.0962502446830285,0.0292762219457236,0.0067748551312013,0.0010977958004009,-4.604237174058663e-05,2466442330000.0,2209476410454.545,2958277170244.2744,3017446540000.0,10.374447118344108,8.121271422470297,25565600012508.05,22902051858132.43,30663652638737.887,31276965353074.51,0.0001061109169283,9.505576716438676e-05,0.0001272705626418,0.0001298161385113,5.6273374987023625e-05,5.041054196085402e-05,6.749488463276059e-05,6.884486962592674e-05
178,178,2.25,0.02,990,1,100000.0,226.5,18.76,5.23,,799.7,0.7996999999999999,990.0,0.0917598409690526,0.0300092440359186,0.006753515925989,0.0007880767591403,-4.196935636951385e-05,2517439606000.0,2222522241500.0,2996458306600.0,3079836628000.0,10.880489872099773,8.704199503161707,27400645951962.992,24190667738189.5,32614444045957.844,33521961294556.49,0.0001088626714385,9.610943911615214e-05,0.000129577073203,0.0001331826360876,5.7608104596401786e-05,5.085933082605253e-05,6.85697814294933e-05,7.047777836766638e-05
179,179,2.25,0.02,995,1,100000.0,226.5,18.76,5.23,,781.6,0.7815999999999999,995.0,0.087080350915221,0.0334152953153022,0.0070132018718698,0.001208040813903,-2.1405511387204565e-05,2460461168000.0,2140505392000.0,2906214697725.4897,3010129184000.0,11.574201342912332,9.050834465742714,28491845881468.742,24786796284572.305,33653618412259.35,34856935727846.96,0.000106940019229,9.303365188509084e-05,0.00012631398524,0.0001308304626,5.6465555421685365e-05,4.9122834131390914e-05,6.669523145334813e-05,6.90799832471018e-05
180,180,2.25,0.02,1000,1,100000.0,226.5,18.76,5.23,,798.7,0.7987,1000.0,0.1023493038109904,0.0306217678693033,0.0071284737867972,0.0009111273288326,-5.40993747942068e-07,2514291626000.0,2155115159737.5889,2946929451246.246,3075985388000.0,9.848670636110365,7.868038613267944,24768428193795.227,21230160627087.09,29030367738803.03,30301705028962.03,0.0001098207616045,9.413243306404253e-05,0.0001287177801429,0.0001343547639825,5.786672004639847e-05,4.960023106575163e-05,6.782393091888427e-05,7.079416861336212e-05
181,181,2.25,0.02,1005,1,100000.0,226.5,18.76,5.23,,792.5,0.7925000000000001,1005.0,0.1030158721256497,0.0322646853336217,0.006772006254418,0.0008887703970206,-1.8638591938034423e-05,2494774150000.0,2106599390140.8447,2901412760447.7607,3052107700000.0,9.944959348936004,7.872178799026406,24781461415759.15,20925586191935.293,28820744504759.05,30317649877962.457,0.0001095211408439,9.248018242835216e-05,0.0001273726664129,0.0001339882078234,5.757600720976872e-05,4.86174596906272e-05,6.696067538380389e-05,7.043851041193073e-05
182,182,2.25,0.02,1010,1,100000.0,226.5,18.76,5.23,,802.0,0.8019999999999999,1010.0,0.0989395399967747,0.0313579021811572,0.0072840643869349,0.000773813427077,-4.414767297904985e-05,2524679960000.0,2099869038285.714,2913329878208.956,3088694480000.0,10.276477553988052,8.244490652358389,25953491683811.16,21586472141300.96,29948779237069.992,31751512179988.72,0.0001113895110012,9.264674693323632e-05,0.0001285368425545,0.0001362739726264,5.8427464620867606e-05,4.859626799703114e-05,6.742180438108689e-05,7.148018375163445e-05
183,183,2.25,0.02,1015,1,100000.0,226.5,18.76,5.23,,802.6,0.8026,1015.0,0.0966106517486764,0.0313798799644809,0.0073185290848644,0.0011931671130396,3.922035957740071e-05,2526568748000.0,2069601994591.5493,2892670252882.3525,3081887429096.7744,10.77522038239094,8.642569132958357,27206634779170.254,22285918659314.69,31148894392459.344,33186425574338.613,0.0001120411255109,9.177685626695424e-05,0.000128275959687,0.0001366668278974,5.86360497574787e-05,4.803086622088118e-05,6.713245266500389e-05,7.152376312044315e-05
184,184,2.25,0.02,1020,1,100000.0,226.5,18.76,5.23,,804.5,0.8045,1020.0,0.1065646390412325,0.0328511592601007,0.0068574777779804,0.0007058704912486,-2.220440024734064e-05,2532549910000.0,2042847743125.0,2876700339705.8823,3071315774516.129,9.609511266528132,7.740044401141503,24365504973905.43,19654110921764.094,27676554826727.625,29548937805694.395,0.0001128637332251,9.104003115172968e-05,0.0001282008849765,0.0001368739715084,5.894105800896025e-05,4.754402148426137e-05,6.695061010544907e-05,7.147997380615881e-05
185,185,2.25,0.02,1025,1,100000.0,226.5,18.76,5.23,,777.9,0.7779,1025.0,0.1015395696116228,0.0314968281997279,0.006708393432187,0.0013166282183024,2.3495973145883657e-05,2448813642000.0,1944859986416.6667,2759548502739.1304,2952507472809.524,10.243044128835418,7.967537684660192,25081649280556.586,19919970732950.89,28264309921868.664,30240666607341.18,0.0001096629443511,8.709485638408358e-05,0.0001235782946893,0.0001322193968271,5.714837636318235e-05,4.538752503300265e-05,6.440004813849047e-05,6.890316411885909e-05
186,186,2.25,0.02,1030,1,100000.0,226.5,18.76,5.23,,798.2,0.7982,1030.0,0.1028592260041704,0.0293653566059111,0.0070785271797114,0.0009421593001228,3.4564521289542683e-05,2512717636000.0,1964575736500.0,2808990851333.333,3011876567142.857,10.138146726466603,8.082804082802108,25444505596579.37,19893862169827.305,28444653873353.57,30499133317211.57,0.0001130818916553,8.841341239496661e-05,0.0001264153180446,0.0001355459502354,5.880081614314097e-05,4.59735925064412e-05,6.57339894585021e-05,7.048177548207479e-05
187,187,2.25,0.02,1035,1,100000.0,226.5,18.76,5.23,,805.9,0.8059000000000001,1035.0,0.0991117203678413,0.0307163983827044,0.0067033130193018,0.0010563451835421,5.622777846629403e-06,2536957082000.0,1952397517000.0,2813396900000.0005,3023098348111.1104,10.604266688893755,8.553990259826257,26927790258127.863,20723153423162.883,29861979997053.47,32087794793695.605,0.0001147312029334,8.829511437899844e-05,0.0001272329015561,0.0001367164279308,5.952559578222226e-05,4.5809850796347214e-05,6.601180912068628e-05,7.0932114522687e-05
188,188,2.25,0.02,1040,1,100000.0,226.5,18.76,5.23,,803.0,0.8029999999999999,1040.0,0.1090670927583914,0.0296687825323137,0.006901424376236,0.0007951455742466,-2.3234848656669968e-05,2527827940000.0,1914562452916.6667,2780688739714.2856,2994461402968.75,9.656300759317856,7.756109234794583,24416076748948.66,18492597162712.24,26858437874454.89,28923249988545.29,0.0001148621856115,8.699596374897234e-05,0.0001263519486808,0.0001360655826418,5.94692091797725e-05,4.5041639582573655e-05,6.541796524565152e-05,7.044714109533249e-05
189,189,2.25,0.02,1045,1,100000.0,226.5,18.76,5.23,,822.8,0.8228,1045.0,0.0992754422693905,0.0303552267599527,0.0069877127156257,0.0005792804684771,-1.2244101555663969e-05,2590157944000.0,1930417476777.7776,2826184266028.1694,3050105329562.5,10.63062429747666,8.744431859735176,27527296605809.15,20515804674921.24,30035702160110.605,32415457242798.24,0.0001182689156522,8.814457908389454e-05,0.0001290460874599,0.0001392705223973,6.10931695161315e-05,4.553209676609884e-05,6.666024164597531e-05,7.19417911840738e-05
190,190,2.25,0.02,1050,1,100000.0,226.5,18.76,5.23,,820.1,0.8201,1050.0,0.0983727151990251,0.0311986107086365,0.006714099870716,0.0011374286840425,-5.277568737757419e-05,2581658398000.0,1893046139243.243,2793972469901.409,3022014680937.5,10.868672804595516,8.91911412288341,28077192876554.52,20588092373849.92,30386244744842.21,32866350225961.043,0.0001184491849714,8.685493498309573e-05,0.0001281903764452,0.0001386531913773,6.1050587364498e-05,4.476641014877416e-05,6.60713518488197e-05,7.146405250140704e-05
191,191,2.25,0.02,1055,1,100000.0,226.5,18.76,5.23,,813.8,0.8138,1055.0,0.1026723091787061,0.0313851699684576,0.0067910386637213,0.0011633156918122,1.911589622130024e-05,2561826124000.0,1847881167671.233,2749809797690.1416,2980875649375.0,10.396847279601968,8.456999816241181,26622466281530.914,19203158878632.53,28575990358520.18,30977223911283.1,0.0001181162912855,8.519894001278901e-05,0.0001267835205524,0.0001374371090954,6.073232518417107e-05,4.380707922576992e-05,6.518878906862817e-05,7.066658723455955e-05
192,192,2.25,0.02,1060,1,100000.0,226.5,18.76,5.23,,823.0,0.8230000000000001,1060.0,0.1048354116948302,0.030012084410345,0.0070623329971643,0.0013287000490321,6.585218267549389e-05,2590787540000.0,1838090229315.0688,2758011287183.0986,2996475893846.155,10.223455941912778,8.409368746188871,26472524625627.65,18781504893168.01,28181207679311.914,30617825917883.613,0.0001200001161129,8.513667660449038e-05,0.0001277455868506,0.0001387907922357,6.157209564301891e-05,4.368365435318019e-05,6.554629900642624e-05,7.121359720909266e-05
193,193,2.25,0.02,1065,1,100000.0,226.5,18.76,5.23,,835.9,0.8359,1065.0,0.1024906837763637,0.0327568185069758,0.0071967574929715,0.0009207628865262,5.713474754211077e-05,2631396482000.0,1835929416837.8372,2778030988777.778,3025053556200.0005,10.462107266504727,8.735743229546625,27499944971748.184,19186754364238.098,29032378755456.625,31613938416784.414,0.0001224604419629,8.544084076145737e-05,0.0001292845471975,0.0001407805315496,6.268752160737936e-05,4.373718129324663e-05,6.618078226760222e-05,7.206557866324889e-05
194,194,2.25,0.02,1070,1,100000.0,226.5,18.76,5.23,,832.0,0.8320000000000001,1070.0,0.1081632602036961,0.0320179508696697,0.0068652426224517,0.0009983019322187,6.637088414287968e-06,2619119360000.0,1796747929600.0,2742072320000.0,2992677023030.304,9.991057083487595,8.31046714936971,26161184376872.863,17946892601729.383,27389305212206.71,29892480875681.344,0.0001224792962601,8.402229594242506e-05,0.0001282290120783,0.0001399481754488,6.25453871595563e-05,4.290690092297406e-05,6.548154219054102e-05,7.146606065671581e-05
195,195,2.25,0.02,1075,1,100000.0,226.5,18.76,5.23,,834.7,0.8347,1075.0,0.1135069053715824,0.0290530131656335,0.0069343170680461,0.0008467375768419,1.00229047848976e-05,2627618906000.0,1772158581480.0,2727921146041.095,2984099546727.2725,9.8517017101907,8.203943519004454,25825850118955.637,17417861398323.916,26811682049142.258,29329560484530.176,0.0001234509556215,8.325966520378286e-05,0.0001281633617302,0.0001401991513579,6.28929170820443e-05,4.24171946954529e-05,6.529368397089693e-05,7.142539769687757e-05
196,196,2.25,0.02,1080,1,100000.0,226.5,18.76,5.23,,832.7,0.8327,1080.0,0.1139252141500491,0.0286580483633842,0.0069550969798389,0.0009897279302395,3.4789249454907e-05,2621322946000.0,1737740534933.334,2698496006621.622,2958738081626.866,9.549452012702863,7.958614149888261,25053558171565.24,16608630251176.682,25791147474139.3,28278437327067.16,0.0001237234373103,8.201936066814119e-05,0.0001273659172812,0.0001396490448148,6.288709896120721e-05,4.168943058161202e-05,6.473852665646959e-05,7.098188905853385e-05
197,197,2.25,0.02,1085,1,100000.0,226.5,18.76,5.23,,825.4,0.8253999999999999,1085.0,0.1064491637872606,0.0305313845965169,0.0067588170910619,0.0010670261991904,-2.055432391231961e-05,2598342692000.0,1692865575546.6675,2652191788000.0,2914740933313.4326,10.328225967916987,8.508085159306068,26783281919792.32,17449775236259.662,27338349395585.445,30044662076503.44,0.0001232156016071,8.027711316650964e-05,0.0001257691711497,0.0001382194730251,6.247517893724454e-05,4.070366856327645e-05,6.37699396008656e-05,7.008273463124388e-05
198,198,2.25,0.02,1090,1,100000.0,226.5,18.76,5.23,,824.9,0.8249000000000001,1090.0,0.1069192586332746,0.0299662465961268,0.0066801408361412,0.0008210845682792,-6.496722580370812e-06,2596768702000.0,1662460565200.0002,2628043960600.0,2894996739941.1763,10.43047289863473,8.619807704508828,27134982257639.703,17371912217666.465,27461793646948.45,30251321618951.26,0.0001237084315434,7.919857816579322e-05,0.0001251983652385,0.0001379158281389,6.257726346482878e-05,4.006218678940649e-05,6.333093863652795e-05,6.976400076972255e-05
199,199,2.25,0.02,1095,1,100000.0,226.5,18.76,5.23,,838.0,0.8380000000000001,1095.0,0.1107294479664687,0.0311207659017649,0.0071081833530694,0.0014429319572088,-3.400650553342286e-05,2638007240000.0,1659222569600.0002,2646931713513.513,2922710345882.3525,10.006248937501732,8.381161397518209,26383728456159.367,16594525238928.99,26472985559864.18,29231154089542.09,0.0001262448632293,7.940399980339785e-05,0.0001266719541489,0.0001398696570199,6.370697864807788e-05,4.006966137587861e-05,6.392250165155935e-05,7.058246193427556e-05
200,200,2.25,0.02,1100,1,100000.0,226.5,18.76,5.23,,847.4,0.8473999999999998,1100.0,0.1215820579996261,0.0319419486677383,0.007003845084345,0.0011098100280065,5.446741500819114e-05,2667598252000.0,1648135020000.0002,2653599994906.6665,2937049270058.823,9.160129029013234,7.766415930670414,24448522021431.85,15105147598800.809,24320228078912.043,26918038990026.863,0.000128253304622,7.923935420932695e-05,0.0001275802937105,0.0001412080227749,6.455964927311054e-05,3.9887197694089295e-05,6.422087166006371e-05,7.108074487253899e-05
201,201,2.25,0.02,1105,1,100000.0,226.5,18.76,5.23,,839.7,0.8397,1105.0,0.1144925306437016,0.0308617572627832,0.0070492123447433,0.0009948916580042,2.587813221691834e-06,2643358806000.0,1603968644131.5789,2606767367040.0,2892128328000.0,9.783976735887425,8.235846902021656,25926281330626.133,15731856840194.049,25567389477346.117,28366233333819.07,0.0001276655881945,7.746644153416339e-05,0.000125898341324,0.0001396803427859,6.410450322115963e-05,3.889809165557975e-05,6.32171185757782e-05,7.013745137340351e-05
202,202,2.25,0.02,1110,1,100000.0,226.5,18.76,5.23,,837.3,0.8372999999999999,1110.0,0.1093443384387,0.0313465772842474,0.0068009080066617,0.0008369772706443,3.617428601013095e-05,2635803654000.0,1570498601171.0522,2576740952684.21,2865736999285.714,10.55858187572089,8.830870500271324,27799403717444.12,16563800033200.553,27176478760181.55,30224474296582.195,0.0001278954705685,7.620433233685409e-05,0.0001250296076404,0.0001390523840776,6.405292910883004e-05,3.816484411259799e-05,6.26176404769871e-05,6.964056240730866e-05
203,203,2.25,0.02,1115,1,100000.0,226.5,18.76,5.23,,847.2,0.8472000000000002,1115.0,0.1095848300699116,0.0332960393196166,0.006950307159675,0.0008042293604524,1.5752990371626398e-06,2666968656000.0,1560113003368.4214,2584394301473.685,2881295248457.1426,10.344131954157222,8.743943098491998,27525757995190.84,16101911388893.928,26673508871757.41,29737820706403.0,0.0001299905881218,7.604139118331083e-05,0.0001259658355682,0.0001404370700259,7.228223348492796e-05,4.228338121584152e-05,7.00442398885989e-05,7.809107745583971e-05
204,204,2.25,0.02,1120,1,100000.0,226.5,18.76,5.23,,833.5,0.8335000000000001,1120.0,0.10754872938694,0.0288482398187656,0.0066502824013326,0.0009226850953534,-3.380088306883601e-05,2623841330000.0,1506680771513.1577,2520251135584.4155,2816677984857.142,10.810334116584196,9.022692594984616,28403255835159.664,16309918944376.09,27281885133220.23,30490725370637.938,0.0001284525957172,7.376096024001758e-05,0.000123381241283,0.0001378930937316,8.03804002720355e-05,4.61566033401901e-05,7.720695331235112e-05,8.628787925230502e-05
205,205,2.25,0.02,1125,1,100000.0,226.5,18.76,5.23,,845.1,0.8451000000000001,1125.0,0.1069350621264902,0.0297895262966523,0.0068235544893239,0.0009138459889148,-5.145218667615252e-05,2660357898000.0,1499270398363.637,2532780175207.7925,2837665914428.572,10.560997548420106,8.923732370997776,28091731029253.57,15831366449835.896,26744589324486.094,29963993821634.414,0.0001308313185449,7.373125368618003e-05,0.000124557289888,0.0001395509880283,8.18348818244878e-05,4.611883835828203e-05,7.791048207512085e-05,8.728902789328355e-05
206,206,2.25,0.02,1130,1,100000.0,226.5,18.76,5.23,,856.7,0.8567,1130.0,0.1076733437530719,0.0296750087004909,0.0071993581248403,0.0008188559529895,-6.430651705443581e-05,2696874466000.0,1491352260779.2205,2544737945666.6665,2858202176901.4087,10.616643144101747,9.085181238344113,28599968834682.49,15815577891202.809,26986582748305.28,30310826185337.883,0.0001332214701078,7.367051864464938e-05,0.0001257061589016,0.0001411908120577,8.330139910856867e-05,4.606507698183533e-05,7.860218705437442e-05,8.828450981783446e-05
207,207,2.25,0.02,1135,1,100000.0,226.5,18.76,5.23,,857.9,0.8579000000000001,1135.0,0.1155828648540136,0.0330868635010175,0.0071003111036733,0.001087810553665,3.3236385328993e-06,2700652042000.0,1465143568870.1304,2525537274025.6416,2843764261718.3096,9.869737520564565,8.466954794638921,26653804354427.438,14460082020374.557,24925527370731.684,28066235517634.523,0.0001339885556753,7.269076785792961e-05,0.0001253005149824,0.0001410888408366,8.37543934699751e-05,4.543799388027659e-05,7.832361936385727e-05,8.819268354742332e-05
208,208,2.25,0.02,1140,1,100000.0,226.5,18.76,5.23,,846.5,0.8465,1140.0,0.1103402134641782,0.0319166176006867,0.0073152053388219,0.0008647633592025,-3.1081676974768686e-05,2664765070000.0,1418053721818.1812,2469616541346.1543,2787829240000.0,10.754317942141872,9.129472908548587,28739398126652.78,15293659818317.283,26634728067009.07,30066640898097.586,0.000132800229393,7.066959172847564e-05,0.000123074880745,0.0001389332090654,8.297597283503918e-05,4.415563248891266e-05,7.689940000891032e-05,8.680796888671613e-05
209,209,2.25,0.02,1145,1,100000.0,226.5,18.76,5.23,,853.0,0.8530000000000001,1145.0,0.1146617427195451,0.0320705411376702,0.0072127474290463,0.000908445123792,2.9929243649412316e-05,2685226940000.0,1401326772307.6924,2466105168734.177,2791016817945.2056,10.154451545162065,8.644437356345728,27212515909029.227,14201267876886.28,24991901108186.406,28284607319149.727,0.0001344068890941,7.014229198456927e-05,0.0001234389239028,0.0001397021169129,8.482400711387413e-05,4.426670622598848e-05,7.790213901856267e-05,8.816581827542907e-05
210,210,2.25,0.02,1150,1,100000.0,226.5,18.76,5.23,,847.2,0.8472,1150.0,0.1114328088234287,0.0294635653308024,0.0068549796709869,0.0009500714996568,-2.004534009563536e-06,2666968656000.0,1364658355384.6155,2427129553215.189,2753950331835.616,10.401750892128517,8.815739151654657,27751770534625.832,14200273952073.676,25256068258282.848,28656878850419.71,0.0001340906657943,6.861271018081818e-05,0.0001220319620283,0.0001384639570958,8.548524443874607e-05,4.374185381705929e-05,7.779760091080164e-05,8.827329738558934e-05
211,211,2.25,0.02,1155,1,100000.0,226.5,18.76,5.23,,851.0,0.851,1155.0,0.1139495944299596,0.0317786767296056,0.0067326732518619,0.000883555797911,-2.9731365278699883e-05,2678930980000.0,1343798264936.709,2415766016455.6963,2748174518493.151,10.32223521530842,8.776177014254646,27627229717333.336,13858297819662.535,24913266962909.508,28341323196662.645,0.0001352628568321,6.785019609630953e-05,0.0001219753010672,0.0001387590569595,8.623728192656283e-05,4.325811702165353e-05,7.77657567832149e-05,8.84662958859395e-05
212,212,2.25,0.02,1160,1,100000.0,226.5,18.76,5.23,,841.1,0.8411,1160.0,0.1186136239805818,0.0280968073549351,0.0070260812431545,0.0007380337504468,1.450349278832448e-05,2647765978000.0,1301752677499.9995,2365785520800.0005,2698312450810.81,9.83351734138363,8.267432321121138,26025711598242.93,12795330115407.775,23254038377722.426,26522548529683.617,0.0001342680351636,6.60117909699369e-05,0.0001199688250909,0.0001368312434098,8.56015097328596e-05,4.20852882840359e-05,7.648516295144402e-05,8.723566260748207e-05
213,213,2.25,0.02,1165,1,100000.0,226.5,18.76,5.23,,853.2,0.8532,1165.0,0.1157038311764836,0.0328285808238077,0.0070598669905762,0.0007548811127486,-6.925686952539576e-07,2685856536000.0,1293974495999.9998,2377689228000.0,2719043594756.7563,10.509484184140202,8.97644905728424,28257682103349.645,13613802326264.707,25015478468349.15,28606840497971.21,0.0001368017118333,6.590743911629465e-05,0.0001211054843169,0.0001384920651294,8.719945378928813e-05,4.2010385795404736e-05,7.719444400074023e-05,8.827691021991789e-05
214,214,2.25,0.02,1170,1,100000.0,226.5,18.76,5.23,,855.6,0.8555999999999999,1170.0,0.1195011163594244,0.031692272774811,0.0070409641216141,0.0011352746101149,4.243471715106185e-05,2693411688000.0,1271276367384.6152,2362279911111.111,2708598819243.244,9.880935367910196,8.461825884793788,26637658648813.15,12572836924102.1,23362787866956.96,26787858345248.21,0.0001377803590858,6.503161591526437e-05,0.0001208414502188,0.0001385572504929,8.78153742423699e-05,4.144840184095931e-05,7.701923006560242e-05,8.831053197103623e-05
215,215,2.25,0.02,1175,1,100000.0,226.5,18.76,5.23,,877.5,0.8774999999999998,1175.0,0.1219131986903675,0.0292179785288414,0.0069182180739569,0.0009096734412776,-3.2724525699627425e-05,2762352450000.0,1277087619303.7974,2400179275000.0,2759381235000.0,9.82272122774263,8.621764553288866,27141142378462.29,12547861843370.424,23582655948414.33,27111949083684.848,0.0001419004706618,6.560326299264761e-05,0.0001232958411209,0.000141747841041,9.043609550561798e-05,4.181031204341811e-05,7.857898152877086e-05,9.033882150153217e-05
216,216,2.25,0.02,1180,1,100000.0,226.5,18.76,5.23,,860.4,0.8603999999999999,1180.0,0.1094665192894807,0.0320140511265289,0.0068768292315463,0.0010632308982839,-1.5936687280512325e-05,2708521992000.0,1226276496000.0,2331386007804.8784,2687502075840.0,10.927637719521496,9.41883712400116,29650310889613.176,13424103422611.412,25521786472209.96,29420204931138.98,0.000139737536841,6.326581712953942e-05,0.0001202804109099,0.0001386530814379,8.904251690594148e-05,4.031377480003813e-05,7.664419141782672e-05,8.835148827646515e-05
217,217,2.25,0.02,1185,1,100000.0,226.5,18.76,5.23,,849.4,0.8493999999999999,1185.0,0.1107945347500844,0.0313524384357485,0.0068342618821016,0.0010445791638929,2.786791117520329e-05,2673894212000.0,1185282757797.4685,2279885934390.244,2635288758473.6846,10.900353123836586,9.253741302368615,29130592545030.355,12912997422669.896,24838091165241.66,28710007567642.625,0.0001385355654391,6.140999008854596e-05,0.0001181218335564,0.000136535400919,8.826364648251824e-05,3.912547394229522e-05,7.525766921907164e-05,8.698930358329211e-05
218,218,2.25,0.02,1190,1,100000.0,226.5,18.76,5.23,,859.8,0.8597999999999999,1190.0,0.1324937236140158,0.0293265202653582,0.0064647945019063,0.0010994257490608,-8.065531688772709e-06,2706633204000.0,1174477772099.9998,2285991572341.4634,2649520310210.5264,9.105991938838113,7.825064906803931,24633147825320.637,10688956499512.645,20804876052545.62,24113361711203.363,0.0001408131605633,6.110245261768588e-05,0.0001189291913831,0.0001378418502759,8.971124787457947e-05,3.892801816675228e-05,7.576909803753546e-05,8.781824332412542e-05
219,219,2.25,0.02,1195,1,100000.0,226.5,18.76,5.23,,859.4,0.8593999999999999,1195.0,0.1276527236106403,0.0321968877063184,0.0070177288406176,0.0010175477491422,-2.6547508944675946e-05,2705374012000.0,1148869961443.0376,2263167567614.458,2630316471428.572,9.55540344718701,8.220500324896278,25877970612766.984,10989394800216.506,21648091371735.36,25160015601534.324,0.00014134938696,6.00257354533932e-05,0.0001182451471963,0.0001374278081692,9.002938485652199e-05,3.823207270050941e-05,7.5313647220605e-05,8.753162145060621e-05
220,220,2.25,0.02,1200,1,100000.0,226.5,18.76,5.23,,862.2,0.8622,1200.0,0.1235379782390054,0.0302584032951322,0.0070614179106214,0.0009359852482593,-4.340606004490102e-05,2714188356000.0,1127768054175.0,2248826375571.4287,2620903307684.2104,9.883956981356716,8.520454526367427,26822220439914.133,11144857830999.729,22223408571969.426,25900356589108.44,0.0001424032624924,5.9169751389707245e-05,0.0001179874683171,0.000137508946594,9.068666343683282e-05,3.768107019459192e-05,7.513795429800994e-05,8.756981645692384e-05
221,221,2.25,0.02,1205,1,100000.0,226.5,18.76,5.23,,853.6,0.8535999999999999,1205.0,0.1246225577599716,0.0307933634659103,0.0069940054414342,0.0010550075301201,-3.5268882648492085e-05,2687115728000.0,1092191870000.0002,2205016229012.0483,2577000014769.2305,9.866415265774114,8.43122093595546,26541314881969.074,10787852577816.717,21779497415848.105,25453674410121.68,0.0001415858554901,5.754829189603317e-05,0.0001161837229044,0.0001357837877569,9.013718671380748e-05,3.6636718503659685e-05,7.396553764707625e-05,8.644344159513577e-05
222,222,2.25,0.02,1210,1,100000.0,226.5,18.76,5.23,,860.3,0.8603,1210.0,0.1253444070671093,0.0286361890207338,0.0069965431997382,0.0011257297443304,1.7754208130408486e-06,2708207194000.0,1076527802000.0,2200854896166.6665,2579375704818.182,9.764479205148133,8.401601233415418,26448072650767.062,10513259687422.045,21493322341278.883,25189917590424.496,0.0001432892828698,5.695830698621468e-05,0.0001164456399314,0.0001364729020047,9.120538818259888e-05,3.625466186202367e-05,7.411907980422203e-05,8.68666780547319e-05
223,223,2.25,0.02,1215,1,100000.0,226.5,18.76,5.23,,861.8,0.8618,1215.0,0.1257454148657416,0.0299162811813051,0.0070562482192871,0.0013431965190273,6.169085895342739e-05,2712929164000.0,1054425657899.9998,2183266884000.0,2566029387692.308,9.741418558139948,8.41793178156954,26499480889745.28,10299470012692.943,21325820016792.64,25064586139587.5,0.0001441216935057,5.601532598381923e-05,0.0001159839058359,0.0001363177873742,9.1719012803132e-05,3.564814065188801e-05,7.381213116195101e-05,8.67526087249375e-05
224,224,2.25,0.02,1220,1,100000.0,226.5,18.76,5.23,,880.8,0.8808,1220.0,0.126136381438323,0.0326632711770759,0.0068558912642635,0.000759471758901,-3.995995441830331e-05,2772740784000.0,1053424294814.8148,2209622754070.5884,2604433454769.231,9.81985630533688,8.649983989865698,27229976600417.41,10345258043464.703,21699819989048.07,25577097736630.844,0.00014791613576,5.619654455402491e-05,0.0001178757355017,0.0001389375215658,9.410637369798018e-05,3.575305016697772e-05,7.49942388506134e-05,8.839405016882457e-05
225,225,2.25,0.02,1225,1,100000.0,226.5,18.76,5.23,,873.8,0.8737999999999999,1225.0,0.1277435462811581,0.0317878777110951,0.0066497170185774,0.00112058368223,-1.3892188792778772e-06,2750704924000.0,1021329155703.7036,2170549937200.0,2565740956461.538,9.713168281206965,8.48424988039684,26708248938491.64,9916699207055.338,21075175148872.13,24912322502847.426,0.0001473419947014,5.470767647054197e-05,0.000116265890447,0.0001374343671375,9.371551255209588e-05,3.479631147494959e-05,7.394984395085115e-05,8.741385770345238e-05
226,226,2.25,0.02,1230,1,100000.0,226.5,18.76,5.23,,876.1,0.8761000000000001,1230.0,0.1294684657957532,0.029796835331616,0.006915554814624,0.0008798238577007,-1.1071190903749382e-05,2757945278000.0,1000486731111.1108,2154800141581.3955,2554515412493.67,9.556333032175957,8.365882197806089,26335629841049.61,9553651561401.264,20576194663035.992,24393077289581.18,0.0001483219343634,5.380604482879233e-05,0.0001158848682442,0.0001373815029488,9.432290943042606e-05,3.4217074601774005e-05,7.369508750457928e-05,8.736552092360548e-05
227,227,2.25,0.02,1235,1,100000.0,226.5,18.76,5.23,,870.5,0.8705,1235.0,0.1348850498516412,0.032325927153652,0.006728051828271,0.0009507195489635,8.656601502463596e-06,2740316590000.0,971010294320.988,2119794431046.512,2520366804050.633,9.292299369138254,8.089152843187467,25464491367297.28,9023148401000.48,19698266684517.92,23420599998692.117,0.0001479783688371,5.243500696311041e-05,0.0001144698839984,0.0001361009782211,9.407165062941074e-05,3.333357229535731e-05,7.276989886909115e-05,8.652104881379168e-05
228,228,2.25,0.02,1240,1,100000.0,226.5,18.76,5.23,,873.9,0.8738999999999999,1240.0,0.1323105898730545,0.0309978929909977,0.0068210378384281,0.0011424671677318,-2.732514966950192e-05,2751019722000.0,951936249111.1108,2106850045918.6047,2512370085075.0,9.54853427474861,8.34374574978326,26265944745402.707,9088813402661.0,20115598027307.5,23987386679513.832,0.0001491577856211,5.1613117068721086e-05,0.0001142314920434,0.0001362184195023,9.47947583112802e-05,3.2801861048320894e-05,7.259793134298863e-05,8.657135864879672e-05
229,229,2.25,0.02,1245,1,100000.0,226.5,18.76,5.23,,856.3,0.8563000000000001,1245.0,0.1318726709967904,0.0305560078825098,0.0065758727984597,0.0013567471327975,1.59349247126963e-05,2695615274000.0,910650312444.4448,2043751920511.628,2444334895300.0,9.498410391330546,8.137054856628946,25615285947570.79,8653522769551.252,19420905629503.54,23227475336947.883,0.0001467592676779,4.9579171870018245e-05,0.0001112694152102,0.0001330786342746,9.322856099370376e-05,3.149507981221741e-05,7.068369600632316e-05,8.453796321511515e-05
230,230,2.25,0.02,1250,1,100000.0,226.5,18.76,5.23,,855.0,0.8550000000000001,1250.0,0.1340982318239866,0.0301498890102652,0.0072195897801177,0.0009082964926141,-8.559683677635533e-05,2691522900000.0,887493166666.6664,2020093856896.5515,2423251766666.667,9.508461786052942,8.121393643590318,25565984762149.445,8430036681282.466,19188277671176.03,23017756134065.12,0.0001471249635522,4.851246103043288e-05,0.0001104230750063,0.00013246063329,9.343197383996416e-05,3.080792600023835e-05,7.012437322819395e-05,8.411936442036103e-05
231,231,2.25,0.02,1255,1,100000.0,226.5,18.76,5.23,,854.2,0.8542,1255.0,0.1299990498153192,0.0318890132856599,0.0068110495488981,0.0009050847659651,-4.291349686782432e-06,2689004516000.0,865169931679.0127,1997756813563.2188,2403710258000.0,9.82037139949377,8.387267217591305,26402949455633.07,8494979402501.862,19615687463262.05,23601686077629.76,0.0001475536244778,4.747443094609198e-05,0.0001096228202342,0.0001318986854251,9.368260206560436e-05,3.0141775495857195e-05,6.960012728699676e-05,8.374319575938e-05
232,232,2.25,0.02,1260,1,100000.0,226.5,18.76,5.23,,872.1,0.8721,1260.0,0.1294935828391771,0.0312700744269263,0.0070447818663223,0.0008878066860125,1.0320648143513011e-05,2745353358000.0,861654560509.7557,2018896238250.0,2436487407333.333,9.943910248746686,8.672517030064679,27300910160303.01,8568643332248.315,20076725155551.707,24229421549864.09,0.0001512624603553,4.747512316379016e-05,0.0001112363956027,0.000134244678844,9.599339000118876e-05,3.012841390063273e-05,7.059225851766121e-05,8.519365466874597e-05
233,233,2.25,0.02,1265,1,100000.0,226.5,18.76,5.23,,867.4,0.8674,1265.0,0.1310263679841455,0.0288842506754222,0.0068802576153635,0.0008947343137399,-5.47019849196111e-06,2730557852000.0,835762227518.5188,1987459390741.5728,2405908529566.2646,9.927707764468495,8.594834354401637,27056366650969.258,8281344137868.805,19693202962328.586,23839503439548.133,0.0001510442760059,4.623124922118185e-05,0.0001099388407192,0.0001330858863578,9.581627568394622e-05,2.93272028422677e-05,6.974067835789619e-05,8.44242119867381e-05
234,234,2.25,0.02,1270,1,100000.0,226.5,18.76,5.23,,872.9,0.8728999999999999,1270.0,0.1390765772380063,0.031990838208605,0.0071786111378301,0.0011327389610681,9.68142328982048e-06,2747871742000.0,819986763330.8641,1979511619101.1235,2403653207609.756,9.190662208084667,8.015892759952077,25233870090473.94,7529987351862.083,18177973256723.23,22072890759897.62,0.0001525916317446,4.553455545731986e-05,0.0001099239471039,0.0001334768866724,9.676865443736124e-05,2.8876535440563177e-05,6.971019531069624e-05,8.464670423998042e-05
235,235,2.25,0.02,1275,1,100000.0,226.5,18.76,5.23,,866.2,0.8662000000000001,1275.0,0.1315696234618599,0.0310396849125294,0.0072025086364124,0.0010324246995738,-9.808603823215536e-06,2726780276000.0,793065012163.4144,1944025312359.5508,2367878968000.0,9.787926303368168,8.474119426760268,26676358473052.79,7758632678662.964,19018590008750.6,23165191829768.945,0.0001520221184114,4.42145721267895e-05,0.0001083823470601,0.0001320128284723,9.636253453534106e-05,2.802637062325873e-05,6.870051391695794e-05,8.36792098130197e-05
236,236,2.25,0.02,1280,1,100000.0,226.5,18.76,5.23,,868.9,0.8689,1280.0,0.1444496045449341,0.031203925642255,0.0062748164043751,0.001198325673124,2.6504971099439906e-06,2735279822000.0,775150214637.8053,1929819382550.5615,2357959997000.0,8.947424817271896,7.773356337551621,24470370283485.76,6934651667060.978,17264557173068.668,21094790293903.96,0.0001530883949089,4.338367914602955e-05,0.0001080083102878,0.0001319705239284,9.70029619936179e-05,2.7489643364853597e-05,6.843840791514835e-05,8.362182988804131e-05
237,237,2.25,0.02,1285,1,100000.0,226.5,18.76,5.23,,881.4,0.8813999999999999,1285.0,0.1299256618919116,0.0299553045218991,0.0065707763186599,0.0014019476105068,5.668420924218609e-06,2774629572000.0,765918558503.7034,1937139353066.6667,2374359075214.2856,10.094766505177365,8.89742313120967,28008910068585.414,7731678578458.836,19554740740131.49,23968320124358.05,0.0001558859049482,4.3031296434653234e-05,0.0001088335265042,0.000133397667511,9.87366980175075e-05,2.7255627266486005e-05,6.893415440092332e-05,8.4492855320369e-05
238,238,2.25,0.02,1290,1,100000.0,226.5,18.76,5.23,,880.1,0.8801,1290.0,0.1324877507281143,0.0305631844960872,0.0069392621893854,0.0007992272924752,9.027555324951298e-07,2770537198000.0,744735002571.605,1913990140833.3333,2353447121071.4287,9.886476188868782,8.704912898660712,27402891706725.96,7366041733859.428,18930936785421.566,23277527781536.87,0.0001562673762219,4.2005494427789314e-05,0.000107955315539,0.0001327421291988,9.893115077109914e-05,2.659321480221552e-05,6.834531849415754e-05,8.403757658790948e-05
239,239,2.25,0.02,1295,1,100000.0,226.5,18.76,5.23,,864.4,0.8644000000000001,1295.0,0.1316918657715859,0.0313846109474758,0.0069288189238769,0.0009963313496806,1.2374923500783948e-05,2721113912000.0,712063035239.0244,1860025133934.0657,2294386479247.059,9.923398957142124,8.576571209806488,26998874637046.63,7065084830632.162,18455157349855.81,22764887808976.85,0.0001540746236625,4.031835774851305e-05,0.0001053181460907,0.0001299125081707,9.749497182041934e-05,2.551255397609572e-05,6.664296456627359e-05,8.220572617446098e-05
240,240,2.25,0.02,1300,1,100000.0,226.5,18.76,5.23,,888.3,0.8882999999999999,1300.0,0.1338169419987025,0.0302106843271788,0.0070392781231869,0.0011398228353677,3.9577623569930073e-07,2796350634000.0,712087939832.9265,1891198216384.6152,2340372031200.0,9.807493482204617,8.70952825592694,27417420759092.887,6981819242012.469,18542659352876.773,22946680552873.5,0.0001589576487976,4.0478408993763066e-05,0.0001075045519083,0.0001330376923651,0.0001005306545536,2.560003234958878e-05,6.798982655188634e-05,8.41379222387196e-05
241,241,2.25,0.02,1305,1,100000.0,226.5,18.76,5.23,,862.0,0.8619999999999999,1305.0,0.1418796473159318,0.0321809061613769,0.0066629002557403,0.0014445741664758,-3.866896794911392e-05,2713558760000.0,672242126756.0974,1815665648351.648,2254159368139.535,9.366042165657664,8.066296845262444,25392541142949.27,6290608522395.854,16990369015487.574,21093641067218.93,0.000154838972333,3.835895562693246e-05,0.0001036040963016,0.0001286250827446,9.851330218441548e-05,2.4405143809828145e-05,6.591610298570881e-05,8.183522180495024e-05
242,242,2.25,0.02,1310,1,100000.0,226.5,18.76,5.23,,872.3,0.8722999999999999,1310.0,0.1501096943741686,0.0329111772364012,0.0074010731941665,0.0011208036885287,-1.4680894825215302e-05,2745982954000.0,661138977453.6587,1817668209500.0,2264061952976.7446,8.895299047696028,7.768967930627333,24456555666256.234,5888303924710.79,16188703459963.666,20164421306465.453,0.0001572779510675,3.786716286544693e-05,0.0001041081232111,0.0001296756138036,0.000100680235753,2.4240364645606253e-05,6.66439912115068e-05,8.301081798531014e-05
243,243,2.25,0.02,1315,1,100000.0,226.5,18.76,5.23,,880.2,0.8802000000000001,1315.0,0.1423957994164766,0.0303025492374412,0.0067938269883086,0.00075080123287,-5.092049988489054e-06,2770851996000.0,649019033736.5851,1814401992130.4348,2267430919744.186,9.33839641425502,8.214571214778967,25859305892699.902,6057047344212.921,16933122445571.787,21161068808032.71,0.0001593139134858,3.731623426321735e-05,0.0001043215164217,0.0001303690323065,0.0001019064623034,2.386963785549492e-05,6.673012072866221e-05,8.339162968001963e-05
244,244,2.25,0.02,1320,1,100000.0,226.5,18.76,5.23,,874.9,0.8749,1320.0,0.1400900190974197,0.0299217201537316,0.0070512843135881,0.0009846922809297,9.583355695121634e-06,2754167702000.0,626966154084.1462,1783955343397.849,2236784396418.6045,9.544750588758502,8.34478548836771,26269217821671.785,5979995501542.002,17015344223891.195,21334422187497.203,0.000158950911378,3.618401360327906e-05,0.0001029571755869,0.0001290912380203,0.0001016073084187,2.313016136959146e-05,6.581403908351838e-05,8.251989952108776e-05
245,245,2.25,0.02,1325,1,100000.0,226.5,18.76,5.23,,873.3,0.8733000000000001,1325.0,0.1394980980622676,0.0298719753018224,0.0073241303265719,0.0011488142687578,-3.4117620270070304e-05,2749130934000.0,607568484600.0001,1761347807297.8723,2215809303443.182,9.691787741796178,8.445423600744437,26586024586671.47,5875613442012.334,17033468843321.783,21428430305791.984,0.0001592495385715,3.51947590515215e-05,0.0001020299986833,0.0001283556940747,0.0001027174911821,2.270095966970557e-05,6.581033505073501e-05,8.27906629593178e-05
246,246,2.25,0.02,1330,1,100000.0,226.5,18.76,5.23,,862.6,0.8626000000000001,1330.0,0.1465521940283451,0.0328267979481845,0.0069094373433461,0.0010678479821146,5.764674656650824e-05,2715447548000.0,582993890536.5856,1720728114645.1614,2172053070090.9092,9.1429205407163,7.898607186914757,24864657452263.914,5338325682494.4,15756266465409.863,19888933445142.96,0.0001578919320318,3.389865947049031e-05,0.0001000531520938,0.0001262958129922,0.0001027722181515,2.2064714652054563e-05,6.51248245645735e-05,8.220623230985201e-05
247,247,2.25,0.02,1335,1,100000.0,226.5,18.76,5.23,,870.1,0.8700999999999999,1335.0,0.1332483427649549,0.0321077464842577,0.0072098900742634,0.0009535058318402,-3.796960495115149e-06,2739057398000.0,571120821941.4634,1716627695106.3828,2174228621250.0,10.07024971096997,8.758875589422955,27572765177991.664,5749196903705.618,17280460193994.582,21886907248007.527,0.0001598576272391,3.3331911747873065e-05,0.0001001863014602,0.0001268929335772,0.0001040453930014,2.1694503522862283e-05,6.520754304199648e-05,8.258989809349075e-05
248,248,2.25,0.02,1340,1,100000.0,226.5,18.76,5.23,,874.2,0.8742000000000001,1340.0,0.1433910640086196,0.0312470730796734,0.0071763863239504,0.0010379235761083,-6.413166435043416e-05,2751964116000.0,556458641136.5852,1705660362000.0,2167752855977.528,9.397036957257884,8.214469388387942,25858985345257.477,5228794867902.573,16027333368377.598,20369411435618.78,0.0001612242481116,3.260021651477348e-05,9.992637905358334e-05,0.0001269981400792,0.0001049198647308,2.1215234972343235e-05,6.502906539276835e-05,8.264654873109086e-05
249,249,2.25,0.02,1345,1,100000.0,226.5,18.76,5.23,,879.4,0.8794000000000001,1345.0,0.1463318571761646,0.0291128780864734,0.0069145521325388,0.0010338086412436,-1.369431497119232e-05,2768333612000.0,543009123658.5368,1696789296106.383,2163881776741.5732,9.270605325819476,8.15495102531832,25671622728681.56,5035493301951.769,15734857414182.283,20066351960321.04,0.0001627824534357,3.192980679929496e-05,9.977393020349813e-05,0.0001272397167147,0.0001059251883312,2.077724427424494e-05,6.492451811784987e-05,8.279695183210024e-05
250,250,2.25,0.02,1350,1,100000.0,226.5,18.76,5.23,,861.7,0.8617000000000001,1350.0,0.1410044151421061,0.0300419986289873,0.0070883577539216,0.0009305395356094,-3.038141441966941e-05,2712614366000.0,516242455906.0241,1644101014389.474,2103975262433.3333,9.676494902465688,8.345802972898923,26272420842626.348,4999951054006.193,15923573324402.695,20377582685530.82,0.0001600755629327,3.0464264576179587e-05,9.702093990781574e-05,0.0001241588294864,0.0001041694584568,1.9824674578962848e-05,6.313654991434364e-05,8.079658002309234e-05
251,251,2.25,0.02,1355,1,100000.0,226.5,18.76,5.23,,865.3,0.8653000000000001,1355.0,0.1406578629597333,0.0293148654162581,0.0067648512561094,0.0008569886242577,4.094054103001865e-05,2723947094000.0,502227886595.1222,1632458675926.3162,2096391153333.3333,9.717797684213874,8.41315015392576,26484428421555.203,4883067862491.112,15872090558935.54,20382819316254.4,0.000161345587625,2.974810107834572e-05,9.669424377628377e-05,0.0001241740205863,0.000105286135085,1.9412136611611543e-05,6.30978718540157e-05,8.102981245381883e-05
252,252,2.25,0.02,1360,1,100000.0,226.5,18.76,5.23,,871.8,0.8718,1360.0,0.156194333824942,0.0298490418531862,0.0069827214198515,0.0005940623113246,1.010334853490501e-05,2744408964000.0,490267425497.56085,1626195420500.0,2095722223450.5493,8.7622549098412,7.638495706559351,24045831714334.707,4295601771884.6353,14248321561729.443,18362199135086.074,0.0001631514543087,2.9145744865070756e-05,9.66751498501801e-05,0.0001245878923543,0.0001067726309072,1.9074104317249565e-05,6.326796249897874e-05,8.153514231443236e-05
253,253,2.25,0.02,1365,1,100000.0,226.5,18.76,5.23,,878.2,0.8782,1365.0,0.1483859599267133,0.0287757963173998,0.0070627782105254,0.0010868994493694,-2.999136794249392e-05,2764556036000.0,478315935321.9513,1619583026500.0,2094609874857.1423,9.460485354578584,8.33017056141831,26223210323933.617,4537068234429.725,15362563025646.863,19868432608962.723,0.0001649352577322,2.853664785321216e-05,9.662540401284586e-05,0.000124965822743,0.0001079299703486,1.867374871202866e-05,6.322951886344959e-05,8.17748595946078e-05
254,254,2.25,0.02,1370,1,100000.0,226.5,18.76,5.23,,847.5,0.8474999999999999,1370.0,0.1328964426943002,0.0312735996247884,0.0068650180354404,0.0011002271872532,-3.129459347256967e-05,2667913050000.0,446846204359.7562,1545181068749.9998,2005544489010.9888,10.412189939150725,8.820984537482364,27768282904303.73,4650883137805.422,16082617480889.934,20874191064069.496,0.0001597525110649,2.6756795243504395e-05,9.252421317961304e-05,0.000120090408558,0.0001045199311273,1.750594327061501e-05,6.0535038383335805e-05,7.857054106932658e-05
255,255,2.25,0.02,1375,1,100000.0,226.5,18.76,5.23,,878.8,0.8788,1375.0,0.1550201313094021,0.0283768860002319,0.0069326937489934,0.0009478365019762,4.489278005911716e-05,2766444824000.0,448383007863.4144,1583912880824.743,2063227917739.1304,9.015063267110389,7.911117754178702,24904040467799.477,4036425550956.198,14258672408471.73,18573553722056.43,0.0001662448975961,2.69448306286338e-05,9.518260851966692e-05,0.0001239862479549,0.0001087498849779,1.762608822275654e-05,6.226415293391706e-05,8.110618971716725e-05
256,256,2.25,0.02,1380,1,100000.0,226.5,18.76,5.23,,863.0,0.8629999999999999,1380.0,0.1491052260987089,0.0331028031818932,0.006881057489475,0.0009481091220989,-2.992290225055956e-05,2716706740000.0,425887868902.4389,1537559194693.8777,2010131118260.8696,9.36494675102109,8.07377800789355,25416091693288.74,3984384831718.613,14384602099599.012,18805738604399.85,0.0001638316083139,2.5683263304189092e-05,9.272285154509988e-05,0.0001212214072198,0.0001071603097215,1.6799117573601835e-05,6.064891623844766e-05,7.928948312391504e-05
257,257,2.25,0.02,1385,1,100000.0,226.5,18.76,5.23,,872.7,0.8727,1385.0,0.153566453704866,0.0293855842094025,0.0069018966885241,0.0010284035870063,-4.44439683469265e-05,2747242146000.0,416376280960.9757,1536863746577.319,2016598734260.8696,9.167364149463214,7.996266088283351,25172085720594.227,3815120356839.453,14081782352547.63,18477437919611.92,0.0001662672213143,2.519971796349333e-05,9.30133024693016e-05,0.0001220475845348,0.0001087280355085,1.6478989712352258e-05,6.082469878131323e-05,7.981124601797873e-05
258,258,2.25,0.02,1390,1,100000.0,226.5,18.76,5.23,,863.9,0.8639000000000001,1390.0,0.1405229050997831,0.0305480792984246,0.0070944703560497,0.0013683328529247,-9.341596970314446e-05,2719539922000.0,398289432350.0,1503713684224.4895,1980355906478.261,10.362975640703734,8.957855604582573,28199150286113.844,4129898395442.133,15592140356427.656,20534485769087.266,0.0001651727181574,2.419032264334825e-05,9.132885843841118e-05,0.0001202779798693,0.0001079936750269,1.5816182427012518e-05,5.9712882180590006e-05,7.864047535096976e-05
259,259,2.25,0.02,1395,1,100000.0,226.5,18.76,5.23,,883.9,0.8839,1395.0,0.1441368586447651,0.0294285251349373,0.0070846004295163,0.0011405796094019,-4.221945297005714e-05,2782499522000.0,393611287712.3456,1520560001693.878,2010018063333.3333,9.849819725410695,8.702811313157977,27396275957595.05,3875466418927.12,14971316647897.943,19790483019831.684,0.000169610723735,2.3993066252602616e-05,9.268762863416853e-05,0.0001225231543606,0.0001108576588212,1.568188080408552e-05,6.058068314201845e-05,8.00811985511144e-05
260,260,2.25,0.02,1400,1,100000.0,226.5,18.76,5.23,,869.1,0.8691000000000001,1400.0,0.1558129615539655,0.0339898005964972,0.0070700349766516,0.0010207789083113,-4.091496015376065e-05,2735909418000.0,373628294546.3416,1477562967363.6362,1960482230870.968,9.082740126107572,7.901215181468674,24872867366959.76,3396752448620.186,13432910999090.4,17823256202459.17,0.0001673562370342,2.2854932628046895e-05,9.038288204001232e-05,0.0001199231695218,0.0001093615734037,1.4934916299105073e-05,5.906212020432567e-05,7.836568710485898e-05
261,261,2.25,0.02,1405,1,100000.0,226.5,18.76,5.23,,856.0,0.8560000000000001,1405.0,0.1521474027844305,0.0305757508462146,0.0066582977038524,0.0009960308294716,7.233619566039497e-06,2694670880000.0,355080637853.6588,1438131359999.9998,1915377950638.298,9.29099301370698,7.958364914866587,25052773584701.723,3301239825050.241,13370530558870.756,17807566216201.98,0.0001653980939286,2.179474351687276e-05,8.827207342037399e-05,0.0001175653266377,0.0001080623943054,1.423953633179242e-05,5.767231881297306e-05,7.681098603993375e-05
262,262,2.25,0.02,1410,1,100000.0,226.5,18.76,5.23,,868.4,0.8684,1410.0,0.1540547848949472,0.0300454282718575,0.006535697586817,0.0008837213506638,-4.23839571301975e-06,2733705832000.0,347390318953.0864,1441684961494.9492,1927388205052.632,9.243019342276837,8.041132080704203,25313322967415.227,3216733576991.8574,13349584516519.855,17847055651335.344,0.0001683850038277,2.139781080389587e-05,8.880184726465234e-05,0.0001187191637396,0.0001099843829509,1.3976452559728927e-05,5.800288715912636e-05,7.754404294650787e-05
263,263,2.25,0.02,1415,1,100000.0,226.5,18.76,5.23,,864.0,0.8640000000000001,1415.0,0.1524199285294344,0.0309709886882985,0.0069659871984152,0.0010738983832568,8.68712952321828e-06,2719854720000.0,333154880780.488,1417277520000.0,1902057303829.787,9.380333628554832,8.096209254542195,25486704809113.742,3121865311308.8994,13280758534350.246,17823442067055.902,0.0001681074185571,2.0591470042835465e-05,8.759837924959903e-05,0.0001175614053733,0.0001097755825075,1.3446406101769335e-05,5.72024910701673e-05,7.676860346819716e-05
264,264,2.25,0.02,1420,1,100000.0,226.5,18.76,5.23,,866.8,0.8668000000000001,1420.0,0.1579497267744727,0.0319535430491373,0.0066606192764996,0.0008559350956482,3.092409366667834e-05,2728669064000.0,322004717575.30853,1404865406560.0,1892655062736.8423,9.161063861593435,7.936559719849415,24984131266891.555,2948326801003.3228,12863172816698.16,17329453085471.023,0.0001692233234067,1.996970214514281e-05,8.712525684179421e-05,0.0001173764103548,0.0001104831669473,1.3037895081923284e-05,5.688266902694999e-05,7.66331571787073e-05
265,265,2.25,0.02,1425,1,100000.0,226.5,18.76,5.23,,844.6,0.8445999999999998,1425.0,0.166542297207502,0.0298565542915822,0.0066461302260424,0.0007222830590112,-5.869534424861082e-05,2658783908000.0,302078822681.4816,1352414328396.0396,1829089954270.8333,8.587638640605553,7.249852232820506,22822389831874.3,2592975168251.396,11608813685082.258,15700487673454.84,0.0001654637954054,1.8799236884990777e-05,8.416464650016478e-05,0.0001138295463053,0.0001079902158354,1.2269352602352568e-05,5.4930193756287e-05,7.429103897836905e-05
266,266,2.25,0.02,1430,1,100000.0,226.5,18.76,5.23,,847.6,0.8475999999999999,1430.0,0.1485468215294758,0.0298822631713462,0.0069201200909955,0.0003987032627218,-4.342761092687292e-06,2668227848000.0,291723263674.0739,1340797208039.604,1820511479583.3328,9.864714760649305,8.36225476279225,26324210748174.742,2878084298107.3906,13228041338918.984,17960807917489.02,0.0001666158162936,1.8216476432229876e-05,8.372524163153917e-05,0.0001136806987716,0.0001087137929235,1.188591990066958e-05,5.462919897812888e-05,7.41745905076408e-05
267,267,2.25,0.02,1435,1,100000.0,226.5,18.76,5.23,,851.8,0.8518000000000001,1435.0,0.1632933647493473,0.0309217773488429,0.0070855166447894,0.0010573358702615,-5.198108504704517e-05,2681449364000.0,281943276148.14825,1331068276352.9414,1814423219463.918,8.88392585503134,7.572153342844631,23836987280208.043,2506360320471.67,11832652146443.26,16129479744774.152,0.0001680268851068,1.7667329879139208e-05,8.340834600229249e-05,0.0001136966768513,0.0001095875874949,1.1522680181218268e-05,5.439914814539241e-05,7.415327918752512e-05
268,268,2.25,0.02,1440,1,100000.0,226.5,18.76,5.23,,862.9,0.8629,1440.0,0.1570120076424245,0.0314545278528847,0.0070026726244418,0.0008634871787892,2.8676007611486424e-06,2716391942000.0,274512107892.59253,1331945030235.2942,1822852409051.5464,9.31692410936006,8.02590366768985,25265384227814.29,2553259628648.081,12388529960976.604,16954499751378.006,0.0001707845021765,1.725907552698844e-05,8.374180669517988e-05,0.0001146060465014,0.0001113572034352,1.1253494082136328e-05,5.460245681166271e-05,7.472697272025523e-05
269,269,2.25,0.02,1445,1,100000.0,226.5,18.76,5.23,,870.6,0.8706000000000002,1445.0,0.1586648339344719,0.0289710448743296,0.006692035491496,0.0014322893813278,9.143229970805796e-05,2740631388000.0,266023474275.00015,1327455031764.7058,1823828466494.8447,9.131612825399923,7.948160333837398,25020649767713.45,2428666696648.4834,12119027599845.045,16650678926163.355,0.0001728687037501,1.6779758622920582e-05,8.373086276125817e-05,0.0001150402291406,0.0001126892769605,1.0938352783174526e-05,5.458229384010056e-05,7.49921759231441e-05
270,270,2.25,0.02,1450,1,100000.0,226.5,18.76,5.23,,858.7,0.8587,1450.0,0.1510946738891789,0.0285408320894676,0.0070784888328771,0.0007077035539077,-3.355471770923487e-05,2703170426000.0,251862345218.75,1293030460000.0002,1783882944195.8765,9.691582819520292,8.318989081170447,26188011247742.94,2440014090873.1377,12526733758426.465,17282057452954.104,0.0001710895129816,1.5940913516755882e-05,8.183869930810365e-05,0.0001129058165194,0.0001114847373282,1.0387361125860932e-05,5.332744092052627e-05,7.357128486806106e-05
271,271,2.25,0.02,1455,1,100000.0,226.5,18.76,5.23,,834.7,0.8347,1455.0,0.161539650148029,0.0314135174466985,0.0064409513453242,0.000657015124518,2.294363567995633e-05,2627618906000.0,234848374887.49985,1241318027087.3784,1719521690836.7346,9.120252724767052,7.612497829571024,23963990917532.992,2141826697147.9272,11320870716437.11,15682107510955.96,0.0001668627921107,1.4913675444685698e-05,7.882794244791723e-05,0.0001091955114848,0.0001086895551478,9.714333130820723e-06,5.13462221835531e-05,7.112677078758553e-05
272,272,2.25,0.02,1460,1,100000.0,226.5,18.76,5.23,,866.3,0.8662999999999998,1460.0,0.1512120012057266,0.0317402027761399,0.0069853519732863,0.0010088677068979,3.642965881455399e-05,2727095074000.0,233652025380.0001,1272249525708.738,1769604181295.9185,9.909215168295024,8.57872557495024,27005656535431.85,2313790379506.3247,12598729705547.574,17523893163594.8,0.0001737367139823,1.4885412500601868e-05,8.105197874090708e-05,0.000112737256005,0.0001131391631229,9.693536124029726e-06,5.278189528286867e-05,7.3415678844333e-05
273,273,2.25,0.02,1465,1,100000.0,226.5,18.76,5.23,,835.2,0.8352,1465.0,0.170503221941226,0.0307402267793498,0.007483018807589,0.0009103178966759,-1.7542172324924498e-05,2629192896000.0,215793797760.0001,1211213851339.806,1691667904000.0002,8.758668988875097,7.31565074574072,23029522234576.867,1890172482649.864,10609216373090.92,14817590473471.312,0.0001680608863673,1.3793775640924064e-05,7.742211449998269e-05,0.0001081332631842,0.0001093945005523,8.978669752288944e-06,5.039574484282947e-05,7.038630210056151e-05
274,274,2.25,0.02,1470,1,100000.0,226.5,18.76,5.23,,840.9,0.8409000000000001,1470.0,0.16771669568584,0.0319950678344477,0.006844858703173,0.0011343636072033,-2.054343962135764e-05,2647136382000.0,207970652212.5,1204118669423.077,1688769379199.9998,8.824096138227217,7.424462617934973,23372059832006.938,1836211598262.8867,10631387856688.35,14910459182047.389,0.000169754182107,1.333663358211234e-05,7.721709439593237e-05,0.0001082965224923,0.0001104621219151,8.678389105937189e-06,5.024656234813082e-05,7.047050930972033e-05
275,275,2.25,0.02,1475,1,100000.0,226.5,18.76,5.23,,831.6,0.8315999999999999,1475.0,0.1583165691550448,0.0303402172568943,0.0067417008067449,0.0009486848032928,-2.2459044409212093e-05,2617860168000.0,196736770025.31635,1175744226461.5386,1655899799400.0,9.467465295709664,7.873597361101636,24785927020800.727,1862705763952.6096,11131958440113.1,15678076347768.834,0.0001684168489221,1.2656820742303344e-05,7.564007435522532e-05,0.000106530298965,0.0001095515456673,8.232990252627155e-06,4.9202244983461286e-05,6.929567312726108e-05
276,276,2.25,0.02,1480,1,100000.0,226.5,18.76,5.23,,833.8,0.8338000000000001,1480.0,0.1607789309862027,0.0296563245364479,0.0066745001780861,0.0010911340775399,2.8903931868174677e-05,2624785724000.0,188538824336.70877,1163857404980.7693,1646092962799.9998,9.39195234315213,7.836916244986971,24670455600894.094,1772083203712.039,10939137687625.535,15471687072350.746,0.0001694161391694,1.216919134031179e-05,7.512088559943424e-05,0.0001062466592688,0.0001101550574321,7.912457322938413e-06,4.884390299607478e-05,6.908200665600698e-05
277,277,2.25,0.02,1485,1,100000.0,226.5,18.76,5.23,,840.9,0.8408999999999999,1485.0,0.165785383707589,0.0296065989335013,0.0065467485623028,0.0011892099090281,3.253313860739606e-05,2647136382000.0,181588150499.9999,1158750589714.286,1645889701859.9998,9.132918107997645,7.685459396687511,24193672471584.35,1659636529417.6838,10590475214813.717,15042714324023.24,0.0001714044915266,1.1757998120299764e-05,7.503015597791895e-05,0.0001065728571352,0.0001114135739944,7.642743675700925e-06,4.876988788568327e-05,6.927276408265308e-05
278,278,2.25,0.02,1490,1,100000.0,226.5,18.76,5.23,,828.7,0.8287000000000001,1490.0,0.1668435339426878,0.0287709135096683,0.0068024580701635,0.0010679575465119,-5.35672671476793e-06,2608731026000.0,170769548137.97455,1127286238905.6606,1608043284396.0398,9.027931922054329,7.483914128556037,23559211998411.84,1542204216286.857,10180419223208.48,14522092259468.053,0.000169474000876,1.1093899011554396e-05,7.323319542562742e-05,0.000104465169568,0.0001101148548393,7.208203458611902e-06,4.758288965875904e-05,6.787570319513906e-05
279,279,2.25,0.02,1495,1,100000.0,226.5,18.76,5.23,,836.6,0.8366000000000001,1495.0,0.1654910289316148,0.0313500837927361,0.0070504128246579,0.0008513162943166,4.884440943998469e-06,2633600068000.0,164370320010.25638,1123345123547.17,1609362252764.706,9.30698605370364,7.762736728140453,24436939965451.586,1525177528280.9194,10423419135712.52,14933128697608.707,0.0001716258743761,1.0711649136108987e-05,7.320590981051484e-05,0.0001048785680007,0.0001115022732728,6.959167628534199e-06,4.756057552831568e-05,6.813773734410307e-05
280,280,2.25,0.02,1500,1,100000.0,226.5,18.76,5.23,,829.7,0.8297000000000001,1500.0,0.1750104637238564,0.031055485297717,0.0067001324920676,0.0010273995451245,-4.439450811968718e-07,2611879006000.0,155293842733.3333,1099608454622.6414,1582254249970.588,8.648775400011147,7.168286016911148,22565621015515.96,1341678536070.5708,9500190321018.15,13670062691650.48,0.0001707356870389,1.0151389429253262e-05,7.18802075220835e-05,0.0001034302377017,0.0001109195883214,6.594918472590863e-06,4.669746064858866e-05,6.71941501208446e-05
281,281,2.25,0.02,1505,1,100000.0,226.5,18.76,5.23,,825.7,0.8257,1505.0,0.1680279886090374,0.0293914346163346,0.0070408583070053,0.000678517664263,-2.8112218522275464e-05,2599287086000.0,147088864176.92316,1080045695607.4768,1560928698607.8433,9.01023540586354,7.443412498793167,23431713677950.914,1325957478560.979,9736254850372.354,14071256128064.156,0.0001704538717279,9.645670354024625e-06,7.082633213199692e-05,0.0001023612749826,0.0001107163217616,6.265232532986462e-06,4.600441690196689e-05,6.648757075468942e-05
282,282,2.25,0.02,1510,1,100000.0,226.5,18.76,5.23,,815.2,0.8152000000000001,1510.0,0.1691108241125903,0.0302532700334349,0.006818172803869,0.0010999849761686,-2.241601095223915e-05,2566233296000.0,138080666256.4102,1052328347289.7194,1527611748582.525,9.13179223756616,7.449925213019253,23452215572080.344,1261887434953.5413,9616986612915.312,13960492249103.748,0.000168808137875,9.083016802733385e-06,6.922269655532925e-05,0.0001004870816212,0.000109637634674,5.89924449432466e-06,4.4958808334852266e-05,6.526442435146325e-05
283,283,2.25,0.02,1515,1,100000.0,226.5,18.76,5.23,,831.5,0.8315000000000001,1515.0,0.1845687476944703,0.0326207265626405,0.0071028283936822,0.0010087971662098,-2.1947376227348285e-05,2617545370000.0,133795077590.90906,1059233551308.4113,1544494458543.6892,8.29338441616306,6.891429921830965,21694083565325.44,1108886832355.606,8778874070588.169,12800691913060.85,0.0001727091412753,8.82797800658918e-06,6.9889645143622e-05,0.0001019078082454,0.0001121607275001,5.733063277732103e-06,4.538771593762007e-05,6.618094344256504e-05
284,284,2.25,0.02,1520,1,100000.0,226.5,18.76,5.23,,810.5,0.8105,1520.0,0.165044112062651,0.0303025153897861,0.0069637870610542,0.0010652921777697,7.11880784962345e-05,2551437790000.0,123769170863.63647,1018177975140.1868,1492235471553.398,9.305557685797485,7.547628282580556,23759782880997.934,1152577044444.0813,9481590230559.75,13896161196010.312,0.0001688718086358,8.191900198009593e-06,6.739006408429002e-05,9.876646962723552e-05,0.0001096524810472,5.319195598478474e-06,4.375797111705948e-05,6.413141735372427e-05
285,285,2.25,0.02,1525,1,100000.0,226.5,18.76,5.23,,806.7,0.8067,1525.0,0.182125473341398,0.0282481242034864,0.0067226749173433,0.001087938514618,-5.79715537099884e-06,2539475466000.0,116779432063.63635,999924742805.5552,1472128989519.2307,8.458501074312084,6.82772570593241,21493543967761.105,988394607939.8506,8463136073449.045,12459765642976.02,0.0001685895208705,7.752698839877227e-06,6.638254062829165e-05,9.773101741901548e-05,0.0001097985371294,5.049157189771767e-06,4.32334454376875e-05,6.364999846592866e-05
286,286,2.25,0.02,1530,1,100000.0,226.5,18.76,5.23,,796.3,0.7963,1530.0,0.1726880690060852,0.028487243973363,0.0074245204323702,0.0011572578851666,-2.2493364814936364e-05,2506736474000.0,109158019405.26305,973835306194.4446,1440257396846.1543,9.06685955847314,7.230988661627331,22763007687029.6,991234962508.041,8843139592345.105,13078594633202.855,0.0001669371068659,7.269421472798939e-06,6.485294735457888e-05,9.591451094508666e-05,0.0001090425895443,4.748354375876002e-06,4.236166213664358e-05,6.265093989395413e-05
287,287,2.25,0.02,1535,1,100000.0,226.5,18.76,5.23,,809.9,0.8099000000000001,1535.0,0.1641493466733209,0.0310581649201833,0.0069318654888778,0.000852380221332,1.3705035124242568e-05,2549549002000.0,105017044132.00008,977139250629.6296,1451816771999.9995,9.56293316776695,7.730721132702615,24336155511325.18,1002416943283.3884,9327066371694.871,13857995555145.69,0.000170299196032,7.014698745274107e-06,6.526880976324428e-05,9.697528028036436e-05,0.0001112145469058,4.580976075133266e-06,4.262404799340576e-05,6.333008087382113e-05
288,288,2.25,0.02,1540,1,100000.0,226.5,18.76,5.23,,812.1,0.8121,1540.0,0.1736971826788703,0.0304171110404213,0.0065722641279409,0.0008635382120664,2.057925615845657e-05,2556474558000.0,99497712384.00005,966551361880.734,1442769125714.2856,9.136142288479723,7.431645015770992,23394669876746.76,910518012953.0468,8845051854460.805,13202989757447.162,0.0001712612519169,6.6654693403618695e-06,6.475041801601307e-05,9.665280881587316e-05,0.0001118288477992,4.352366621348522e-06,4.228022719791843e-05,6.311160361995247e-05
289,289,2.25,0.02,1545,1,100000.0,226.5,18.76,5.23,,813.1,0.8130999999999998,1545.0,0.1814273457784338,0.0289682832285979,0.0069131891490952,0.0015066736229916,-6.931384493175785e-06,2559622538000.0,94008995800.0,954601256724.7708,1431594793811.3208,8.604191549553121,6.9849165587140405,21988377628500.625,807582082685.3999,8200479799613.927,12298081638988.447,0.0001719908505121,6.316824806546556e-06,6.414331785511476e-05,9.61943421426236e-05,0.0001122744874746,4.123581373723019e-06,4.1872332834373806e-05,6.27950290952816e-05
290,290,2.25,0.02,1550,1,100000.0,226.5,18.76,5.23,,794.3,0.7943,1550.0,0.185054467938994,0.0332607349816429,0.0070082698341611,0.0008298314525937,-1.7141591449881395e-05,2500440514000.0,86551153676.0,919810257862.3853,1385892691716.9807,8.52282140958609,6.771755515555675,21317350927858.96,737886506714.2893,7841785455047.583,11815342413575.182,0.0001685082423629,5.832805339206622e-06,6.198732143075333e-05,9.33972795102762e-05,0.0001099810212357,3.806922907034027e-06,4.045753975607803e-05,6.095801627946887e-05
291,291,2.25,0.02,1555,1,100000.0,226.5,18.76,5.23,,792.4,0.7924,1555.0,0.1717753845132165,0.0289250744122679,0.0066345001619852,0.0010687026732074,6.638803198901101e-06,2494459352000.0,81266325280.00005,905015167636.3636,1370103705283.019,9.136402088445596,7.228422113838365,22754928245920.89,741326732413.3444,8255718893364.24,12498344171529.098,0.0001685852913925,5.492295200861373e-06,6.116445458546207e-05,9.259695180360572e-05,0.0001100143271021,3.584127392007129e-06,3.991431434030522e-05,6.042633530033448e-05
292,292,2.25,0.02,1560,1,100000.0,226.5,18.76,5.23,,812.6,0.8126,1560.0,0.1832906645592629,0.0320955208554524,0.007090090700974,0.0007529098209231,-1.950848756750301e-05,2558048548000.0,78336758250.54063,915292215189.1892,1392293195551.4023,8.69782706633189,7.089054995873781,22316203345910.742,683403381044.2428,7984933362996.927,12146250349058.254,0.0001734004293038,5.310152350916982e-06,6.204419504721264e-05,9.437828614092882e-05,0.0001131244189326,3.464281498916124e-06,4.0476909665329184e-05,6.157129381061978e-05
293,293,2.25,0.02,1565,1,100000.0,226.5,18.76,5.23,,782.5,0.7825000000000001,1565.0,0.1736444969121521,0.0262731652176734,0.0066172784809426,0.0010440205371871,-2.888558261069813e-05,2463294350000.0,70802217523.97258,869175960000.0,1328505677083.3335,9.343928147917785,7.313058181886324,23021360895414.508,661700621289.9463,8123111010577.51,12415896883676.297,0.0001674569964167,4.8131993183075214e-06,5.908737444197717e-05,9.031302751414722e-05,0.000109223922191,3.139412022683429e-06,3.853977395167762e-05,5.890672412098477e-05
294,294,2.25,0.02,1570,1,100000.0,226.5,18.76,5.23,,780.2,0.7802,1570.0,0.1772500599972317,0.0305698691473807,0.0070804572501537,0.0013197770307131,4.4782909436502375e-05,2456053996000.0,66162574907.12335,854554325189.1892,1312503699869.159,8.96124737416975,6.982661167551778,21981277702229.645,592144120160.4792,7648120100053.789,11746691383420.16,0.0001674549783098,4.510997137701771e-06,5.8263937284038e-05,8.948715254271809e-05,0.000109193382564,2.941513242390792e-06,3.799251869225079e-05,5.835242989366147e-05
295,295,2.25,0.02,1575,1,100000.0,226.5,18.76,5.23,,790.7,0.7907,1575.0,0.1942375121922168,0.028619218025815,0.0071211019971655,0.001057382724467,1.1496190746843637e-05,2489107786000.0,62742413993.333336,853926437792.793,1317977709296.296,8.19184370613302,6.475003219653277,20383180635404.12,513794527147.6568,6992761393771.832,10792854320380.389,0.0001701799833006,4.289690878668754e-06,5.83828421336014e-05,9.01099686482862e-05,0.0001109522260135,2.796749316032252e-06,3.80638555139528e-05,5.874898688806953e-05
296,296,2.25,0.02,1580,1,100000.0,226.5,18.76,5.23,,788.1,0.7881,1580.0,0.16806651354741,0.0296297769141697,0.0070317826801174,0.0008835036790555,3.1067318971608694e-05,2480923038000.0,58421775284.58329,839134893187.5001,1301562620111.1108,9.465015900106025,7.45692885191592,23474262887254.28,552781400456.4872,7939816261463.334,12315264375690.676,0.0001700960674016,4.005490728378722e-06,5.7532435776708776e-05,8.923722331038295e-05,0.0001108772597584,2.610982386218048e-06,3.750256501280426e-05,5.816935653043569e-05
297,297,2.25,0.02,1585,1,100000.0,226.5,18.76,5.23,,778.9,0.7788999999999999,1585.0,0.1806038854356302,0.0301416982013139,0.0069481668613143,0.0008962405693069,-1.1454823720864288e-05,2451961622000.0,53848597662.81686,817617449928.5715,1274473682592.5928,8.823408243027128,6.870633869172797,21628618007478.58,474995505083.59045,7212158356022.514,11242061945037.934,0.0001685988347267,3.70267247911353e-06,5.622002729300308e-05,8.763382585074385e-05,0.0001098642636245,2.412776968595753e-06,3.663472472695128e-05,5.71049364682743e-05
298,298,2.25,0.02,1590,1,100000.0,226.5,18.76,5.23,,788.2,0.7882,1590.0,0.1827584684519024,0.0304948572194294,0.0066360340458091,0.0006070244334925,-1.857607550567031e-05,2481237836000.0,50725723487.99998,815611625500.0,1277735256000.0002,8.867117320279181,6.996596035389201,22025144387484.5,450275813053.0189,7239920154009.951,11342041901048.73,0.0001710868897201,3.4976519116597507e-06,5.623824294545255e-05,8.81026992508189e-05,0.0001114622042333,2.2787017307554077e-06,3.663891798587652e-05,5.739844282325883e-05
299,299,2.25,0.02,1595,1,100000.0,226.5,18.76,5.23,,785.3,0.7853000000000001,1595.0,0.1760179412474599,0.0307892953459148,0.0065722680145801,0.0008685727562139,6.390468900043909e-06,2472108694000.0,49823201440.0,801005166053.0973,1261186324513.7612,9.176855442493576,7.209788765520196,22696270838082.266,457423606270.6758,7353976884417.75,11578870487338.629,0.0001709176356316,3.444696347856197e-06,5.538021424496104e-05,8.719640248831699e-05,0.0001113329277425,2.243818364171469e-06,3.607375779636685e-05,5.67982978571498e-05
300,300,2.25,0.02,1600,1,100000.0,226.5,18.76,5.23,,782.5,0.7825,1600.0,0.176581001948125,0.0296480005795014,0.0067763835528064,0.0010847410650053,4.639540486081752e-05,2463294350000.0,49645556000.0,786673979646.0173,1244953231818.1816,9.106777043561031,7.126067298429469,22432717334110.004,452111914535.398,7164078876525.053,11337534202343.293,0.0001707852759901,3.44202875435724e-06,5.454172893634698e-05,8.631517434809585e-05,0.0001112172088402,2.2414861503036325e-06,3.551816058180092e-05,5.620937001684907e-05
301,301,2.25,0.02,1605,1,100000.0,226.5,18.76,5.23,,771.4,0.7714000000000001,1605.0,0.1862050585388942,0.0325305123938023,0.006711614796861,0.000943955330944,4.847762923672577e-05,2428351772000.0,48941318720.0,764318855194.6902,1215787971745.4543,8.802101732673085,6.813093348712632,21447481599880.4,432255344890.4034,6750551864950.219,10737978926294.764,0.0001688138342394,3.402296059871957e-06,5.313381611950852e-05,8.45189858813285e-05,0.0001099124978839,2.2151908353135537e-06,3.459473850656031e-05,5.502921545909224e-05
302,302,2.25,0.02,1610,1,100000.0,226.5,18.76,5.23,,739.5,0.7395,1610.0,0.1935295645362885,0.029597652372927,0.0066080578292316,0.0008903775906872,-1.3846288722416664e-05,2327931210000.0,46917429600.0,722090340710.5262,1154563029054.0542,8.453259527313737,6.2543009604622375,19688414337515.914,396802873576.3346,6107059244687.421,9764685140672.02,0.0001622649040578,3.270308065798623e-06,5.033220885273966e-05,8.047705977456963e-05,0.0001056302021461,2.1288848878099693e-06,3.2764949552398136e-05,5.238845788297997e-05
303,303,2.25,0.02,1615,1,100000.0,226.5,18.76,5.23,,744.8,0.7447999999999999,1615.0,0.1775341659381638,0.0311185114006569,0.0070035210022452,0.0010780239884553,1.7506989979647153e-05,2344615504000.0,47253687040.0,716650414666.6666,1151855946594.5945,9.15033686518797,6.812093529116064,21444334187786.785,432191911536.06287,6554631649287.25,10535110687796.584,0.0001638747299418,3.302752706884837e-06,5.008961723826733e-05,8.05079049670003e-05,0.0001066473580094,2.149384779904252e-06,3.259761492246519e-05,5.239340663844686e-05
304,304,2.25,0.02,1620,1,100000.0,226.5,18.76,5.23,,752.8,0.7527999999999999,1620.0,0.190329771788015,0.0311110495960947,0.0068113885408463,0.0008524932857069,5.7927172321848295e-05,2369799344000.0,47761245440.0,713731423326.3158,1153184208000.0,8.705225055161167,6.571131760098574,20685791358155.105,416904140293.102,6230105239107.22,10066053898024.602,0.000166067771249,3.3469515477687417e-06,5.00159589639294e-05,8.081136985166674e-05,0.000108057058228,2.1777960621950662e-06,3.254440852338315e-05,5.258238146915325e-05
305,305,2.25,0.02,1625,1,100000.0,226.5,18.76,5.23,,744.3,0.7443,1625.0,0.1770905987848663,0.0312511427399165,0.0063290123894312,0.001265420039494,-2.943082225521669e-05,2343041514000.0,47221964640.0,695271043236.5216,1129316753973.2144,9.24761682338334,6.877901068683722,21651495006194.984,436367057722.425,6424836022170.251,10435750247258.902,0.0001646445358734,3.318267476155052e-06,4.8856402046641775e-05,7.935661050010714e-05,0.000107093579024,2.158377976501992e-06,3.177880714751373e-05,5.161776789366771e-05
306,306,2.25,0.02,1630,1,100000.0,226.5,18.76,5.23,,763.2,0.7632000000000001,1630.0,0.1890587771016953,0.0299478697721658,0.0068529767512521,0.0008821809735664,7.843859161543128e-06,2402538336000.0,48421071360.0,702371433600.0,1146944186761.062,8.717071167650065,6.669650345941427,20995925896016.69,423154632268.1847,6138065874069.204,10023213694976.973,0.0001692632484033,3.411353611619506e-06,4.948336043404988e-05,8.080432927110983e-05,0.0001100774005195,2.2185143045647603e-06,3.218064013855099e-05,5.254968577520569e-05
307,307,2.25,0.02,1635,1,100000.0,226.5,18.76,5.23,,733.6,0.7336000000000001,1635.0,0.2004027279089314,0.0302417248798263,0.0068929060870585,0.0012686023016302,1.5403896101097622e-06,2309358128000.0,46543105280.0,665075910337.3914,1091911339115.0448,8.220720595183966,6.019858255325893,18950393390600.805,381928703037.5002,5457555492452.193,8960130164743.254,0.0001631129133441,3.287398955691923e-06,4.6975160766475534e-05,7.712309211687748e-05,0.0001060576741195,2.1375002137816853e-06,3.054372698114962e-05,5.014621836570879e-05
308,308,2.25,0.02,1640,1,100000.0,226.5,18.76,5.23,,741.6,0.7415999999999999,1640.0,0.1781399324406947,0.030867987538603,0.0067156017053155,0.0008470658484983,9.127906262117796e-06,2334541968000.0,47050663680.0,662270613268.9655,1093196497699.1156,9.334252979483134,6.9363217675526725,21835402197820.46,440073547278.02576,6194339361957.905,10224868747576.48,0.0001653223258443,3.3319277437385795e-06,4.689918606082517e-05,7.741552307985487e-05,0.0001074676828459,2.1659177137806583e-06,3.0486788929299807e-05,5.032391625999463e-05
309,309,2.25,0.02,1645,1,100000.0,226.5,18.76,5.23,,739.6,0.7395999999999999,1645.0,0.1913992679012608,0.0285838666485562,0.0067145326562616,0.0009869564385555,-4.794693980788514e-06,2328246008000.0,46923774080.0,650548946565.5173,1079718813964.912,8.678355855656736,6.42340902923989,20220763155866.598,407531901178.3191,5650002673514.661,9377333124205.52,0.0001652932368707,3.3313414807660645e-06,4.618555803434586e-05,7.665436429713647e-05,0.0001074266022543,2.165089770173812e-06,3.0016700421518e-05,4.981884353108777e-05
310,310,2.25,0.02,1650,1,100000.0,226.5,18.76,5.23,,736.6,0.7365999999999999,1650.0,0.1952809193026041,0.0281957257666945,0.0071828444212919,0.0009400259612959,2.0212922888382227e-05,2318802068000.0,46733439680.0,638105658000.0002,1064936348526.3158,8.630686514120939,6.379555828149339,20082714155897.555,404749643605.7692,5526514620511.77,9223215977259.207,0.0001650311902617,3.3260601591888348e-06,4.541454301158722e-05,7.579246007054054e-05,0.0001072397430465,2.161323785298716e-06,2.9511051307428347e-05,4.925107750808487e-05
311,311,2.25,0.02,1655,1,100000.0,226.5,18.76,5.23,,727.0,0.727,1655.0,0.1875798991774672,0.0288758818382731,0.0070236187059037,0.0009075084378706,4.634814414936259e-05,2288581460000.0,46124369600.0,620222501724.1378,1040835568947.3684,9.024556224406682,6.542831528614814,20596702795448.86,415108637766.66113,5581858788221.518,9367278922438.207,0.000163295050339,3.291069768471768e-06,4.425416635179853e-05,7.426578410976907e-05,0.0001060834852178,2.1380204140283877e-06,2.8749409074329395e-05,4.824624625452494e-05
312,312,2.25,0.02,1660,1,100000.0,226.5,18.76,5.23,,734.5,0.7345,1660.0,0.1906035504754072,0.0298110146689781,0.0069683633055839,0.0009249104685061,-4.517015220570058e-05,2312191310000.0,46600205600.0,617055113611.1111,1041311188478.261,8.843434723332253,6.48706098583025,20421138242173.914,411570286833.80304,5449794627111.9,9196799434834.385,0.0001653858470918,3.333207959255144e-06,4.413656526845114e-05,7.448264866662246e-05,0.000107422868678,2.1650145231878536e-06,2.8667969709030358e-05,4.837862445425432e-05
313,313,2.25,0.02,1665,1,100000.0,226.5,18.76,5.23,,723.0,0.7229999999999999,1665.0,0.1925741527925993,0.0285649636746872,0.0074015519064621,0.0009418023439598,3.70189590492657e-05,2275989540000.0,45870590400.0,598064635999.9998,1014960052500.0,8.773445424271326,6.351762951776717,19995222736934.07,402986330122.8835,5254169844692.432,8916715987555.809,0.0001632139085766,3.289434426797659e-06,4.288792417872629e-05,7.278398881296847e-05,0.0001059775397359,2.135885174949886e-06,2.7847851500385307e-05,4.7259869785785614e-05
314,314,2.25,0.02,1670,1,100000.0,226.5,18.76,5.23,,704.5,0.7045,1670.0,0.2122891732504512,0.0297396949976525,0.0068660960869741,0.0014126732359052,-3.498209462716888e-05,2217751910000.0,44696861600.0,573758167435.8973,979277896250.0,7.944881947500312,5.597737571440525,17621565920143.344,355147340672.5298,4558903691663.288,7781037150773.401,0.0001594083992506,3.2127376948972013e-06,4.124080363343559e-05,7.038890200429655e-05,0.0001034973660753,2.0858994311208178e-06,2.677597021835335e-05,4.5700640572425926e-05
315,315,2.25,0.02,1675,1,100000.0,226.5,18.76,5.23,,699.7,0.6996999999999999,1675.0,0.1938715491497532,0.0302436512922257,0.0070700824429342,0.0009048588778134,9.456385165849328e-06,2202641606000.0,44392326560.0,561012504862.3933,963018462913.7932,8.81900849965858,6.182357460136098,19461937637359.24,392238432586.8427,4956952757847.158,8508967240880.217,0.0001587017361179,3.198495513840412e-06,4.042130969606783e-05,6.938609602297123e-05,0.0001030179202708,2.0762366177684557e-06,2.6238649692013447e-05,4.50405363094966e-05
316,316,2.25,0.02,1680,1,100000.0,226.5,18.76,5.23,,683.1,0.6830999999999998,1680.0,0.1921524964425543,0.0304815390221092,0.0072660559285196,0.0013158034828724,2.138488724190572e-05,2150385138000.0,43339142880.0,539152282098.30505,930862489965.5172,8.806863426642591,6.015979526468952,18938183229733.73,381682617860.91736,4748249291102.937,8197993971000.533,0.0001553180880595,3.130301029017046e-06,3.8941908660312966e-05,6.723436636207948e-05,0.0001007952085383,2.0314397952583177e-06,2.527173655906034e-05,4.363240665061344e-05
317,317,2.25,0.02,1685,1,100000.0,226.5,18.76,5.23,,691.2,0.6912,1685.0,0.1929616324841617,0.029646296770828,0.0067118932070214,0.0011335906467744,-2.344985160529682e-06,2175883776000.0,43853045760.0,536991311837.2881,932542252137.931,9.0496081292977,6.276182288541694,19757296320683.484,398191130060.07007,4875948148804.915,8467600066818.381,0.0001575335552739,3.1749518445624327e-06,3.8878064829579547e-05,6.751587471852102e-05,0.0001022107917061,2.059969643276557e-06,2.522483403187156e-05,4.38055942793628e-05
318,318,2.25,0.02,1690,1,100000.0,226.5,18.76,5.23,,676.5,0.6765000000000001,1690.0,0.194983282426574,0.0278344573856026,0.0067129929904961,0.0010625565715641,1.4859807259328797e-05,2129608470000.0,42920407200.0,517282594754.2371,903605733461.5388,9.071999587360182,6.101119270830516,19206201442189.05,387084291913.9879,4665192619837.826,8149307248566.352,0.0001545369557987,3.114557987427129e-06,3.753707717034056e-05,6.55709635168043e-05,0.0001002536681699,2.0205255199555606e-06,2.4351648828946023e-05,4.253823678628101e-05
319,319,2.25,0.02,1695,1,100000.0,226.5,18.76,5.23,,682.0,0.682,1695.0,0.1908830745242994,0.0295333350563634,0.0074646345232707,0.0011213778633581,9.91612620258125e-06,2146922360000.0,43269353600.0,513237277512.60486,901834772478.6324,9.073915706009725,6.187800767056718,19479073058679.203,392583782105.76,4656612931780.936,8182366417744.43,0.0001561609947577,3.1472890806837548e-06,3.733141230275461e-05,6.559688314832873e-05,0.0001012825829643,2.0412624030834043e-06,2.421233208455797e-05,4.254469414708124e-05
320,320,2.25,0.02,1700,1,100000.0,226.5,18.76,5.23,,671.6,0.6716000000000001,1700.0,0.1761866211991445,0.0287661287664801,0.0068050258443705,0.0011050030115746,2.275951453064873e-05,2114183368000.0,42609527680.0,497352832561.3445,879167427932.2034,10.219003614668129,6.863888296941186,21607383081004.914,435478020221.7741,5083046883365.636,8985269534895.375,0.0001541296299746,3.106348689577933e-06,3.625835356090963e-05,6.40936601829237e-05,9.994957418742596e-05,2.0143967701217352e-06,2.3512721076059307e-05,4.156328698414861e-05
321,321,2.25,0.02,1705,1,100000.0,226.5,18.76,5.23,,669.5,0.6695,1705.0,0.2086120604218422,0.0302992558243537,0.006907002959645,0.0008706463745711,1.812555493088456e-05,2107572610000.0,42476293600.0,487863597928.5713,867587609243.6976,8.362262087538245,5.596074586601558,17616330877129.977,355041832932.0186,4077850757425.061,7251807276682.686,0.0001539902044875,3.103538690105458e-06,3.5645849092289306e-05,6.33904581623833e-05,9.98444995037362e-05,2.01227908122538e-06,2.3112132189495317e-05,4.110124140425077e-05
322,322,2.25,0.02,1710,1,100000.0,226.5,18.76,5.23,,662.2,0.6622000000000001,1710.0,0.1947941571956562,0.0309940116228787,0.0067282016039356,0.0013084435460248,1.4443557122264436e-05,2084592356000.0,42013146560.0,474774046413.3332,849450683529.4119,9.033024996425052,5.983216908501718,18835047163625.24,379604000116.50977,4289755515279.425,7675094673258.106,0.0001526607173798,3.0767440333238856e-06,3.476907430375672e-05,6.220772629870866e-05,9.89618770828536e-05,1.9944905936974827e-06,2.253895380939269e-05,4.03259821467966e-05
323,323,2.25,0.02,1715,1,100000.0,226.5,18.76,5.23,,649.1,0.6491,1715.0,0.2077930572672584,0.0267359204942484,0.0066055524712404,0.000863038662306,-2.7779660625344182e-05,2043353818000.0,41182019680.0,457851512760.0,823739809537.8151,8.292861969877666,5.386168878781196,16955551907025.629,341724407280.4972,3799207470545.0674,6835313089424.941,0.0001499771832829,3.0226597367051777e-06,3.3605183615637785e-05,6.0460491621307134e-05,9.720212057064113e-05,1.95902423115162e-06,2.1779947043293355e-05,3.918521382846368e-05
324,324,2.25,0.02,1720,1,100000.0,226.5,18.76,5.23,,662.6,0.6626000000000001,1720.0,0.196844762815067,0.0294943966923546,0.0068865335493363,0.0009243647076941,-2.697894841046047e-07,2085851548000.0,42038524480.0,459770364033.058,832303719983.1934,8.834820803920211,5.8484518726299175,18410809526001.527,371053859368.63055,4058172119693.444,7346345079584.292,0.0001534450407845,3.092551389643282e-06,3.382286832839931e-05,6.122817243654354e-05,9.94266377485562e-05,2.0038574408450435e-06,2.1915951533598587e-05,3.967356188071735e-05
325,325,2.25,0.02,1725,1,100000.0,226.5,18.76,5.23,,641.7,0.6417,1725.0,0.1949344671065318,0.0292941621658311,0.0073698475725473,0.0010361648193329,2.5742981135259305e-05,2020058766000.0,40712528160.0,437994741375.00006,797816037974.9998,9.075829325186628,5.806621061429558,18279126968959.023,368399911918.1861,3963330980307.727,7219285350244.536,0.000148925346801,3.001460886894668e-06,3.229040652391184e-05,5.881761072435531e-05,9.64841052314792e-05,1.9445532562438204e-06,2.091995115634269e-05,3.8106102584218136e-05
326,326,2.25,0.02,1730,1,100000.0,226.5,18.76,5.23,,635.5,0.6355000000000001,1730.0,0.2034023617178263,0.0293500361213617,0.0066491461756175,0.001139275823603,-2.232473216840934e-05,2000541290000.0,40319170400.0,426631044826.4464,782001552396.6942,8.747396481621251,5.551300575818355,17475383186664.668,352201154772.6804,3726761864369.847,6831039603635.903,0.0001477975056836,2.978730229735405e-06,3.151897168420252e-05,5.7773303386818906e-05,9.574441673924778e-05,1.9296454777789474e-06,2.041824417918727e-05,3.742601209866158e-05
327,327,2.25,0.02,1735,1,100000.0,226.5,18.76,5.23,,634.5,0.6345,1735.0,0.1885711538400528,0.0272066867442861,0.0064240725047406,0.0010515738777514,2.698626251166449e-05,1997393310000.0,40255725600.0,418912232876.03296,772734739462.81,9.293217181086977,5.896551407342034,18562225899284.586,374105524728.53406,3893045730997.584,7181197975542.182,0.0001478859310879,2.980512366881511e-06,3.10160373987884e-05,5.721286631802427e-05,9.578147278772902e-05,1.9303923102190745e-06,2.008819716817118e-05,3.705513133014173e-05
328,328,2.25,0.02,1740,1,100000.0,226.5,18.76,5.23,,633.4,0.6333999999999999,1740.0,0.1981837644582356,0.029289590290506,0.0072938768331945,0.0010185325362768,-6.46913620528028e-05,1993930532000.0,40185936320.0,411242079676.0332,763415767074.3801,8.886741235897485,5.630493596932771,17724681233272.42,357225540158.6804,3655661345761.322,6786245008383.041,0.0001479327036546,2.981455027296502e-06,3.0510668113405733e-05,5.663896340592534e-05,9.580354937128492e-05,1.9308372445670197e-06,1.9759189325557624e-05,3.668028497380831e-05
329,329,2.25,0.02,1745,1,100000.0,226.5,18.76,5.23,,625.0,0.625,1745.0,0.2004296905902492,0.0282760148660412,0.0068931315561989,0.0009749435894417,-1.5208298492150672e-05,1967487500000.0,39653000000.0,399012200413.2231,745488627049.1804,8.92887236704353,5.578042398117264,17559565908425.188,353897784340.0702,3561131154033.634,6653387470391.291,0.0001462692962884,2.9479304980221466e-06,2.966383967621783e-05,5.5422002360652085e-05,9.473694981196944e-05,1.909340857766072e-06,1.921292958908812e-05,3.589619687350095e-05
330,330,2.25,0.02,1750,1,100000.0,226.5,18.76,5.23,,613.7,0.6137,1750.0,0.1973987470270685,0.0286314907850676,0.006995653384023,0.0011970918041643,-8.786342894118426e-05,1931915326000.0,38936073760.0,385217256534.42633,724383008344.2622,9.049617520318447,5.552133686417908,17478005802169.844,352254011308.0468,3485054108838.645,6553481020852.08,0.0001439225282994,2.900633429518434e-06,2.8697656030204095e-05,5.39645980416516e-05,9.322520887318984e-05,1.8788730334747216e-06,1.8588785294402204e-05,3.495534009604076e-05
331,331,2.25,0.02,1755,1,100000.0,226.5,18.76,5.23,,610.4,0.6104,1755.0,0.2064207862634702,0.0313038081960719,0.0067275409228223,0.0009520887993375,-7.485442282187873e-06,1921526992000.0,38726705920.0,376677379698.3607,712972558894.3091,8.665333488918119,5.301994867624175,16690573803383.553,336384003977.4423,3271857034585.2407,6192950275253.115,0.000143438755327,2.890883405859801e-06,2.811833231006554e-05,5.322220133049101e-05,9.292031122910352e-05,1.8727280865406477e-06,1.821519005470981e-05,3.447759638354824e-05
332,332,2.25,0.02,1760,1,100000.0,226.5,18.76,5.23,,603.2,0.6032,1760.0,0.1859503137826323,0.0277268262368081,0.0073221024506365,0.0012089669274589,5.045882050585307e-06,1898861536000.0,38269903360.0,365916582517.07336,697165012721.3115,9.635715214220363,5.829275794285497,18350443614894.863,369837236913.2845,3536188125322.3594,6737346043234.552,0.0001420382102607,2.862656637702336e-06,2.7371209274667324e-05,5.214917927716698e-05,9.201916774490564e-05,1.8545663230840057e-06,1.7732382666621757e-05,3.3784740506472405e-05
333,333,2.25,0.02,1765,1,100000.0,226.5,18.76,5.23,,596.0,0.5960000000000001,1765.0,0.1976649356668303,0.0284302785950585,0.0070897103490001,0.0010478006284088,-6.579091896690246e-05,1876196080000.0,37813100800.0,355388185377.0492,681606871869.9187,9.12508842787946,5.431255243156491,17097482880351.77,344584902651.0149,3238597223464.713,6211377343313.743,0.0001406088552242,2.833849229643641e-06,2.663406369876977e-05,5.108206065894445e-05,9.111153586534772e-05,1.8362737916599897e-06,1.7258304578752695e-05,3.3100084588410175e-05
334,334,2.25,0.02,1770,1,100000.0,226.5,18.76,5.23,,603.2,0.6032,1770.0,0.1997703308431255,0.0298896962738882,0.0067794557596096,0.0010862549166163,3.273419699254235e-05,1898861536000.0,38269903360.0,353510582829.2683,682558062193.5486,9.076231508998308,5.465949096103169,17206698435550.855,346786047212.44635,3203366794891.485,6185059056838.126,0.0001425813854403,2.873603861202203e-06,2.654434128662578e-05,5.1251801306196826e-05,9.240606819762528e-05,1.8623639653318148e-06,1.7203214877014966e-05,3.3215958956526e-05
335,335,2.25,0.02,1775,1,100000.0,226.5,18.76,5.23,,576.5,0.5764999999999999,1775.0,0.1900893495366972,0.0300950867406374,0.0066625448792436,0.0007854064241482,-9.503355440015398e-05,1814810470000.0,36575927200.0,332031561329.2684,645429153320.0001,9.485363506675416,5.473277667921837,17229768633064.588,347251006985.7674,3152299964733.226,6127689455493.594,0.0001365415737836,2.7518767083622384e-06,2.498118270705553e-05,4.856039449682819e-05,8.849755301874003e-05,1.7835912400216512e-06,1.6191211803308563e-05,3.147375533698414e-05
336,336,2.25,0.02,1780,1,100000.0,226.5,18.76,5.23,,578.4,0.5784,1780.0,0.200073718869271,0.0299284117807812,0.0070545404128182,0.0011470403118784,2.356322193157549e-05,1820791632000.0,36696472320.0,327348847780.645,640680339483.8708,9.417448572957229,5.4403024502502975,17125963307338.932,345158900895.6401,3078970848318.9053,6026097546198.643,0.0001372476555474,2.7661071724338755e-06,2.4674905746744192e-05,4.829321104300919e-05,8.897230997766886e-05,1.7931595537681962e-06,1.5995780430724374e-05,3.1306607938736985e-05
337,337,2.25,0.02,1785,1,100000.0,226.5,18.76,5.23,,562.1,0.5621000000000002,1785.0,0.2150649884804806,0.0296900288071905,0.0073918284669137,0.0008851631292578,5.330395705467194e-05,1769479558000.0,35662322080.0,312584072917.74194,615973732527.9999,8.568532808363031,4.79373111729539,15090569682623.54,304137311990.5825,2665796116557.037,5253179948507.49,0.0001336229424358,2.6930542310493305e-06,2.3604908795376945e-05,4.651549786574578e-05,8.664066150260486e-05,1.7461672059226758e-06,1.530534259654422e-05,3.0160490644365227e-05
338,338,2.25,0.02,1790,1,100000.0,226.5,18.76,5.23,,555.4,0.5554000000000001,1790.0,0.1974527824628466,0.0314283377520172,0.0065630581688869,0.0012035986207525,-1.7601553363831404e-05,1748388092000.0,35237241920.0,303439851754.8387,602124913359.9999,9.359603754465528,5.213008390813441,16410446154112.896,330738274753.4806,2848099555824.9204,5651570445919.148,0.0001322797037551,2.6659824232700085e-06,2.2957679637205195e-05,4.5555620932965927e-05,8.578225035203148e-05,1.7288666754981185e-06,1.4887857821223876e-05,2.9542428421574248e-05
339,339,2.25,0.02,1795,1,100000.0,226.5,18.76,5.23,,546.5,0.5465000000000001,1795.0,0.2084259510478659,0.0294229190349007,0.0068874728598782,0.0011229452880506,1.7783150556469515e-06,1720371070000.0,34672583200.0,293320344717.74207,586096961111.1111,8.95190992922564,4.911150054769951,15460202149414.707,311586932994.86865,2635938201327.867,5266990160405.005,0.0001303949262544,2.627996371398617e-06,2.223211340006584e-05,4.442301510110029e-05,8.457590008431188e-05,1.704553734670852e-06,1.4420047279418422e-05,2.881336409746308e-05
340,340,2.25,0.02,1800,1,100000.0,226.5,18.76,5.23,,535.6,0.5355999999999999,1800.0,0.2041318396181395,0.0281537287380275,0.0068191916361324,0.0006983478618271,-5.851331215491774e-06,1686058088000.0,33981034880.0,282375145686.4,568217954984.1271,9.061954952271243,4.837577474284906,15228597137499.406,306919135340.51105,2550432494530.336,5132185174599.419,0.0001280140094864,2.580011063941404e-06,2.143934116855767e-05,4.314196479790102e-05,8.305459385436882e-05,1.6738931302523077e-06,1.3909694574859864e-05,2.7990204968529347e-05
341,341,2.25,0.02,1805,1,100000.0,226.5,18.76,5.23,,526.7,0.5267,1805.0,0.2120315017457414,0.0287546971232562,0.0067726740094094,0.0010899535078731,5.903260582309517e-05,1658041066000.0,33416376160.0,272735713295.96777,552732105698.4128,8.636151984759769,4.554934464949094,14338842596970.447,288986906141.80225,2358635466706.433,4780061739376.468,0.0001261166282643,2.5417709950227745e-06,2.074526938658145e-05,4.204281240895895e-05,8.183573369001905e-05,1.649328063334748e-06,1.3461383833448554e-05,2.7281132133224716e-05
342,342,2.25,0.02,1810,1,100000.0,226.5,18.76,5.23,,524.5,0.5245000000000001,1810.0,0.1860415095061625,0.0282008903623497,0.006901761346382,0.0010474592646508,-3.108441737456304e-05,1651115510000.0,33276797600.0,266730320960.0001,544437743571.4286,10.113491587936815,5.280085280069456,16621602859953.05,334993954576.95074,2685145550903.905,5480796407522.84,0.0001258084597546,2.535560126635027e-06,2.032379360899617e-05,4.148399886997719e-05,8.165511953156682e-05,1.6456879419997428e-06,1.3191019107247068e-05,2.6924905471223836e-05
343,343,2.25,0.02,1815,1,100000.0,226.5,18.76,5.23,,522.9,0.5228999999999999,1815.0,0.2134802573846855,0.0314119353910225,0.0067743842356377,0.000753074973138,-1.323449620856066e-05,1646078742000.0,33175285920.0,261131470236.0001,536868864984.3749,9.180843123259988,4.813203171527206,15151867319904.207,305372712576.90924,2403669574919.636,4941784133939.576,0.0001256467001948,2.5323000033431703e-06,1.993240463838721e-05,4.0979692891664965e-05,8.156374610410523e-05,1.6438463900106535e-06,1.2939150719024854e-05,2.6602029828524884e-05
344,344,2.25,0.02,1820,1,100000.0,226.5,18.76,5.23,,521.6,0.5216000000000001,1820.0,0.2284560380514904,0.0270439560904816,0.0062745022930964,0.0012222744135962,-1.0373934034991568e-05,1641986368000.0,33092807680.0,255764225219.04767,529668043086.6143,8.116716328332746,4.223882954906558,13296699064386.746,267983409297.45563,2071162100033.776,4289217444310.318,0.0001255455358115,2.5302611231526e-06,1.9555617100331872e-05,4.049817925870157e-05,8.151890380490905e-05,1.6429426324569066e-06,1.2697802904273954e-05,2.6296173399724677e-05
345,345,2.25,0.02,1825,1,100000.0,226.5,18.76,5.23,,495.1,0.4951,1825.0,0.2169419418674124,0.031529140520311,0.0064828088043356,0.0010854061886499,6.556616843714043e-05,1558564898000.0,31411520480.0,238353097057.93655,497247650968.75,8.552448351249176,4.231824397973059,13321698568331.23,268487252564.5211,2037302467102.0327,4250181258744.392,0.0001193578339972,2.405553372764367e-06,1.8253528889237384e-05,3.8080161215011496e-05,7.752530711626322e-05,1.5624551632888064e-06,1.185603312075172e-05,2.4733828474939004e-05
346,346,2.25,0.02,1830,1,100000.0,226.5,18.76,5.23,,500.1,0.5001,1830.0,0.2010794347708497,0.0277623315774411,0.0073529227951414,0.0007868447214949,-3.845020517131329e-05,1574304798000.0,31728744480.0,236347553709.52383,496733132962.7908,9.275366395231334,4.637242391849936,14597946304695.76,294208916102.4408,2191563477848.097,4606022678687.231,0.0001207689076246,2.433992334914963e-06,1.8130819341669823e-05,3.810565649365172e-05,7.845828900351349e-05,1.581258602078194e-06,1.1778802108570622e-05,2.4755582116707325e-05
347,347,2.25,0.02,1835,1,100000.0,226.5,18.76,5.23,,481.5,0.4814999999999999,1835.0,0.2075021177058488,0.0283412262309156,0.006468733849696,0.0009132537768099,-6.126236791670965e-06,1515752370000.0,30548671200.0,223371740214.2857,472966860732.558,9.182231446672542,4.414430837727618,13896539988549.787,280072681613.46124,2047890131420.1975,4336198328641.802,0.0001164612105711,2.347174445975896e-06,1.7162528515614705e-05,3.633990238190461e-05,7.568223099334178e-05,1.5253095664287478e-06,1.1153056379705544e-05,2.3615458510651823e-05
348,348,2.25,0.02,1840,1,100000.0,226.5,18.76,5.23,,475.4,0.4753999999999999,1840.0,0.2261796668526813,0.029508431536492,0.0073466447239129,0.0009562903276293,2.1315372413473887e-06,1496549692000.0,30161657920.0,216458491637.79523,461794560567.4419,8.387490340659575,3.981762522626842,12534508785978.846,252622126895.55545,1812970781884.116,3867808738789.1694,0.0001168123683186,2.3542517250757266e-06,1.689554926646317e-05,3.60451220463443e-05,7.486416804234074e-05,1.5088222188872547e-06,1.082823041479301e-05,2.3101047541667507e-05
349,349,2.25,0.02,1845,1,100000.0,226.5,18.76,5.23,,457.0,0.4569999999999999,1845.0,0.2017217200087543,0.0277975173600609,0.0071143063855258,0.0012677871067674,7.182420832971723e-05,1438626860000.0,28994273600.0,204209434444.4445,438984234565.89166,9.37663260440222,4.274563135227687,13456239258434.057,271198803201.8936,1910079037947.3032,4106052135714.45,0.0001125963725436,2.269281995680368e-06,1.598276954014976e-05,3.435778504510992e-05,7.209969578966887e-05,1.4531066841073909e-06,1.0234368973775992e-05,2.2000583089809285e-05
350,350,2.25,0.02,1850,1,100000.0,226.5,18.76,5.23,,456.1,0.4561,1850.0,0.2255963362610372,0.0306729605476184,0.0068819497437893,0.0009894304007103,3.890178131710764e-05,1435793678000.0,28937173280.0,199991751531.4961,433226353441.5384,8.26363233120968,3.767250535194055,11859229339780.182,239012456755.2798,1651872468738.051,3578321008249.9546,0.0001126919346439,2.2712079667274957e-06,1.5696863510578515e-05,3.4002877054089494e-05,7.20910243819164e-05,1.452931919423189e-06,1.0041561302820591e-05,2.1752242043820084e-05
351,351,2.25,0.02,1855,1,100000.0,226.5,18.76,5.23,,461.6,0.4615999999999999,1855.0,0.2357269216392523,0.0302699086283286,0.007024287423599,0.0008675181775246,-2.5008587195689972e-05,1453107568000.0,29286119680.0,198592566825.0,433528981956.92303,7.923950812139576,3.656988906232356,11512127937041.33,232016929758.1305,1573333651948.0776,3434598521548.255,0.0001143677424909,2.3049824169123342e-06,1.563035252409078e-05,3.412117042310101e-05,7.309320670818201e-05,1.4731300328970532e-06,9.989465238025776e-06,2.1807073467918987e-05
352,352,2.25,0.02,1860,1,100000.0,226.5,18.76,5.23,,429.2,0.4291999999999999,1860.0,0.1733435562956856,0.0275033277169729,0.006823884334521,0.0006234163469164,-3.908827790444428e-05,1351113016000.0,27230508160.0,181162690727.55917,398563030486.1538,11.30562559290917,4.79788533435905,15103647074855.604,304400875461.3431,2025158007862.9543,4455404750203.206,0.0001066590396775,2.1496202137673844e-06,1.4301274867154376e-05,3.146320816928238e-05,6.808672727272728e-05,1.3722287925821408e-06,9.129343415015077e-06,2.008481306622424e-05
353,353,2.25,0.02,1865,1,100000.0,226.5,18.76,5.23,,443.3,0.4433000000000001,1865.0,0.2116385954190263,0.0299805683023906,0.0071259629066729,0.0008736420346225,-1.764118203965964e-05,1395499534000.0,28125079840.0,183551911400.0,407009231964.1222,9.005304811986615,4.003258147350002,12602176582694.86,253985912506.99146,1657581061975.4475,3675531296880.3047,0.0001104674597014,2.226375608254126e-06,1.4529932029141662e-05,3.221876814338555e-05,7.04498866137598e-05,1.419856214535248e-06,9.266367369398842e-06,2.054730477797915e-05
354,354,2.25,0.02,1870,1,100000.0,226.5,18.76,5.23,,422.0,0.422,1870.0,0.2078623286424317,0.0324486839288962,0.0062358110954862,0.0007397315543801,8.095923192076622e-05,1328447560000.0,26773705600.0,171387809499.99997,383064866939.3939,9.245706276728402,3.915125178288728,12324735758749.348,248394333911.49268,1590058597690.0513,3553902619602.4697,0.0001054734094136,2.1257248666027512e-06,1.360750483813212e-05,3.0413814409572944e-05,6.718560648972326e-05,1.3540674866483248e-06,8.667857334317847e-06,1.9373324311144297e-05
355,355,2.25,0.02,1875,1,100000.0,226.5,18.76,5.23,,409.8,0.4098,1875.0,0.2169230498618389,0.0267258060828882,0.0069148824665373,0.0013338093555858,2.541179764663931e-05,1290042204000.0,25999679040.0,163230207351.5625,367761620095.4545,8.752411962801762,3.581591519271061,11274778470834.916,227233357621.84857,1426607921764.7952,3214182283180.2485,0.0001027057903805,2.069945911199721e-06,1.299545658897678e-05,2.927907920100122e-05,6.535846954724276e-05,1.3172431301122965e-06,8.269866290651386e-06,1.8632209530141407e-05
356,356,2.25,0.02,1880,1,100000.0,226.5,18.76,5.23,,403.7,0.4037,1880.0,0.224613996114158,0.0274337748808408,0.0068447144217631,0.000972359082147,1.897332757291522e-05,1270839526000.0,25612665760.0,157689231768.74994,358150418900.0,8.440068036959193,3.405609148814236,10720789488284.238,216068191324.6894,1330264776767.756,3021353339751.0303,0.0001014544439326,2.0447261114816463e-06,1.2588743894069544e-05,2.8592084878045117e-05,6.449947094619627e-05,1.299930760134192e-06,8.003270133570348e-06,1.8177363912277763e-05
357,357,2.25,0.02,1885,1,100000.0,226.5,18.76,5.23,,401.5,0.4014999999999999,1885.0,0.222778660535323,0.0289686361443533,0.006928814298203,0.0007599254229269,-4.0583858434851416e-05,1263913970000.0,25473087200.0,153779154890.625,352120028195.4888,8.852041852418703,3.530762211496319,11114768826546.178,224008502355.9416,1352322861777.4795,3096518280108.7173,0.0001012042682967,2.0396840390452446e-06,1.2313422605810976e-05,2.8194996377922336e-05,6.425951476696714e-05,1.2950946519632517e-06,7.81839121102985e-06,1.7902375231735826e-05
358,358,2.25,0.02,1890,1,100000.0,226.5,18.76,5.23,,394.6,0.3945999999999999,1890.0,0.2126425220131522,0.0291971587761438,0.0063791668241912,0.0009362900468593,-4.840831465339784e-05,1242192908000.0,25035318080.0,148177796869.76743,342088302374.4361,9.078905218967709,3.583250246641433,11280000111422.3,227338595248.1164,1345560383123.1082,3106406472013.0444,9.973261130501536e-05,2.0100240718575124e-06,1.1896830616303686e-05,2.746542785181533e-05,6.326518398549506e-05,1.2750547795484524e-06,7.546730883067601e-06,1.742263963159285e-05
359,359,2.25,0.02,1895,1,100000.0,226.5,18.76,5.23,,371.6,0.3716,1895.0,0.2442393935582458,0.0303055733575201,0.0063459285228244,0.0012397493471383,5.2308329476845845e-05,1169789368000.0,23576087680.0,136796598130.23251,318437123647.7611,8.037953011956827,2.9797544682099275,9380207470835.488,189049926284.68524,1096932923881.8036,2553456517850.736,9.417507685208848e-05,1.8980167967604016e-06,1.1012948565300887e-05,2.563610288522305e-05,5.967978164490769e-05,1.2027941125753147e-06,6.979026591886811e-06,1.6245880264258696e-05
360,360,2.25,0.02,1900,1,100000.0,226.5,18.76,5.23,,356.9,0.3569,1900.0,0.2143307055430568,0.0257752605105671,0.0068998072182836,0.0009377629013981,-1.5434498405924965e-05,1123514062000.0,22643449120.0,128782232833.33334,302303222500.0,9.249151915551447,3.2888744658933518,10353311041142.95,208661982713.7104,1186743057512.6992,2785758894473.3154,9.071565098531198e-05,1.828295076090992e-06,1.0398235751514652e-05,2.4408803193106016e-05,5.741735336655167e-05,1.1571968376133897e-06,6.581435177377456e-06,1.544925118180657e-05
361,361,2.25,0.02,1905,1,100000.0,226.5,18.76,5.23,,358.8,0.3588,1905.0,0.2147471852794069,0.0260748404429636,0.0069969316212401,0.0010483742119502,4.964664302122524e-05,1129495224000.0,22763994240.0,126889744199.99995,300382041786.6666,9.303567407802143,3.340345636224076,10515341255920.668,211927560821.10925,1181314390524.1335,2796487855301.477,9.144547770624333e-05,1.843004099129304e-06,1.0273167188170432e-05,2.4319340818707595e-05,5.782023814155397e-05,1.165316629979626e-06,6.495640770735001e-06,1.5376923089629e-05
362,362,2.25,0.02,1910,1,100000.0,226.5,18.76,5.23,,341.3,0.3413,1910.0,0.2198887098742943,0.027667865797066,0.0061615538160128,0.0010962538854796,-7.582325708689024e-05,1074405574000.0,21653710240.0,118283809206.97672,282400147405.9701,8.815376159051954,3.0094754151428544,9473768417361.402,190935565818.65533,1042989205443.4352,2490115150457.032,8.723995515108601e-05,1.7582454483731227e-06,9.604449623151588e-06,2.2930424776777e-05,5.509291877118406e-05,1.1103498792412968e-06,6.065307599182467e-06,1.4480796412926574e-05
363,363,2.25,0.02,1915,1,100000.0,226.5,18.76,5.23,,321.3,0.3213,1915.0,0.2213819555559894,0.0244274750953173,0.0062998515246099,0.0009687146473629,9.6181395936955e-05,1011445974000.0,20384814240.0,109110464723.07697,262743497005.9701,9.255035260537348,2.959119605193512,9315249334757.07,187740751527.5813,1004889247724.345,2419823943751.8486,8.234894045517786e-05,1.6596712994970327e-06,8.88345140866362e-06,2.1391798619122133e-05,5.1950546704058674e-05,1.047018102252766e-06,5.604202734705587e-06,1.3495202574602714e-05
364,364,2.25,0.02,1920,1,100000.0,226.5,18.76,5.23,,325.3,0.3253,1920.0,0.2116919921959834,0.0285757241785211,0.0067314559409821,0.0009975796692077,4.501642024517344e-05,1024037894000.0,20638593440.0,108232875132.30768,262890503436.29623,9.187965014940684,2.974548618561432,9363819560259.016,188719642194.90628,989683213057.9088,2403875142420.3945,8.359812464926801e-05,1.6848475208698528e-06,8.835674382240509e-06,2.1461269357456336e-05,5.26847057431407e-05,1.0618144393968236e-06,5.568365400821506e-06,1.3525191691985756e-05
365,365,2.25,0.02,1925,1,100000.0,226.5,18.76,5.23,,322.4,0.3223999999999999,1925.0,0.2489462430413141,0.0272802637747703,0.0064127965224205,0.0006962460088815,-0.0001012493499154,1014908752000.0,20454603520.0,105083070766.41222,257476285147.05884,7.915703229757436,2.557482672736465,8050904304120.936,162258976675.23047,833586019488.3344,2042466308635.7195,8.30905339805767e-05,1.674617472249154e-06,8.60314628787428e-06,2.1079571910327103e-05,5.230032630092655e-05,1.0540676059241245e-06,5.4151458236579616e-06,1.326828022854766e-05
366,366,2.25,0.02,1930,1,100000.0,226.5,18.76,5.23,,295.1,0.2951,1930.0,0.2162286717019242,0.0298937101469404,0.006007492347715,0.0007451251349918,5.530435987303895e-05,928968898000.0,18722560480.0,94215264939.99995,232890398630.88232,9.086549476443938,2.691087841642253,8471490703732.981,170735529895.42447,859171650210.5647,2123783531652.9485,7.62579316410626e-05,1.5369123124609708e-06,7.734016982492258e-06,1.911769073958129e-05,4.7949999122521775e-05,9.66390543881654e-07,4.863049646685971e-06,1.2020956174137225e-05
367,367,2.25,0.02,1935,1,100000.0,226.5,18.76,5.23,,283.7,0.2836999999999999,1935.0,0.245137896743472,0.0240251750275036,0.0067334820947077,0.001290377522661,2.6407364192995585e-05,893081926000.0,17999289760.0,88709817324.42746,221237630185.40143,8.090812376213602,2.2996812670134354,7239350634932.953,145902818049.414,719084614385.512,1793359301007.4512,7.350747856839205e-05,1.4814793220655534e-06,7.301496991420837e-06,1.820955041853041e-05,4.6171762120914455e-05,9.305517231395988e-07,4.586240594564716e-06,1.1437843422569948e-05
368,368,2.25,0.02,1940,1,100000.0,226.5,18.76,5.23,,283.9,0.2839,1940.0,0.2494768721880973,0.0287102018851497,0.0061430037997343,0.0005917048051121,6.058756118161216e-05,893711522000.0,18011978720.0,86932501045.03818,218759928315.3285,8.154836899917704,2.315075989898129,7287812914679.511,146879533163.88876,708895195178.4495,1783888191597.9312,7.376881985878976e-05,1.4867464285595669e-06,7.175590614647435e-06,1.805690241981151e-05,4.627872107293582e-05,9.327073878259068e-07,4.501592369574512e-06,1.1327961490061802e-05
369,369,2.25,0.02,1945,1,100000.0,226.5,18.76,5.23,,267.6,0.2676,1945.0,0.2181232180137612,0.0270813827448393,0.0059076171572842,0.0012621891668038,-5.138481295256215e-05,842399448000.0,16977828480.0,80234454888.54964,203736560724.0876,9.806765232516303,2.620820149992394,8250289415773.057,166277410252.23746,785799985409.4417,1995354572630.1863,6.971787392252221e-05,1.4051031351659278e-06,6.640288788700866e-06,1.686145437024341e-05,4.369053801530518e-05,8.805448085036864e-07,4.161311489184958e-06,1.0566673533033088e-05
370,370,2.25,0.02,1950,1,100000.0,226.5,18.76,5.23,,255.5,0.2554999999999999,1950.0,0.2407363100547854,0.0276007550195838,0.0064185004115398,0.0006840146642621,0.0001537617591011,804308890000.0,16210146400.0,74998877083.96948,192190272302.9197,8.48507771853905,2.171373530443138,6835440446364.39,137762359364.25882,637379947213.6587,1633334129499.879,6.674160400072907e-05,1.3451190025049254e-06,6.223411698007771e-06,1.5947961294862422e-05,4.178097773575888e-05,8.420592812691555e-07,3.895924131402111e-06,9.98359907238838e-06
371,371,2.25,0.02,1955,1,100000.0,226.5,18.76,5.23,,240.0,0.24,1955.0,0.2127652749825983,0.0275946541139695,0.0056506731864908,0.0007818197623853,-6.233791570622346e-05,755515200000.0,15226752000.0,68963060152.67175,178358382608.69568,10.139843743224496,2.4390759613768904,7678162344895.224,154746686554.36453,700858926005.7092,1812623514712.216,6.287001623718056e-05,1.267090517145812e-06,5.738744517071441e-06,1.484205004829282e-05,3.930716723549488e-05,7.922017814034796e-07,3.587939115576447e-06,9.279446360645532e-06
372,372,2.25,0.02,1960,1,100000.0,226.5,18.76,5.23,,237.7,0.2376999999999999,1960.0,0.1956960733504047,0.0261847091224132,0.0059842405949683,0.0010598047202603,0.0001064997853572,748274846000.0,15080828960.0,66853473384.732834,174518657904.3478,10.905360005444953,2.6065763086180893,8205450088003.575,165373712585.013,733103407124.42,1913740846046.6892,6.24314634354788e-05,1.2582518667117535e-06,5.577843758165972e-06,1.4560766365470109e-05,3.899092522536607e-05,7.858281986347766e-07,3.4835846691018106e-06,9.09377614008378e-06
373,373,2.25,0.02,1965,1,100000.0,226.5,18.76,5.23,,222.1,0.2221,1965.0,0.2369343799408852,0.0249746819413878,0.0068328950937622,0.0010810073068836,-0.0001343400531145,699166358000.0,14091090080.0,61131682304.54547,161089253033.81293,8.617832266092014,1.9129655111569652,6021977169811.904,121367714262.25143,526532192199.91016,1387474944942.4663,5.84983722388245e-05,1.1789838331303795e-06,5.114811183516443e-06,1.347813575384612e-05,3.648769983874082e-05,7.353778673082242e-07,3.190305782083295e-06,8.406835146871779e-06
374,374,2.25,0.02,1970,1,100000.0,226.5,18.76,5.23,,199.1,0.1990999999999999,1970.0,0.2405606329777583,0.0298399766822104,0.0067319686606813,0.0009332037116251,6.794870423583091e-05,626762818000.0,12631859680.0,53626245600.00001,142653275022.30212,8.336724303343207,1.654839434607507,5209401443355.74,104990956960.78636,445719869155.3356,1185676870832.827,5.257785163604937e-05,1.0596608877689264e-06,4.498596125967297e-06,1.196689164403998e-05,3.27592365829692e-05,6.602339319688068e-07,2.802902176412787e-06,7.456109793977869e-06
375,375,2.25,0.02,1975,1,100000.0,226.5,18.76,5.23,,198.2,0.1982,1975.0,0.2411981532340177,0.026334642448321,0.0063299824827099,0.0008235166877125,5.027072370038166e-05,623929636000.0,12574759360.0,52230946293.93941,140275940989.99997,9.035232957398774,1.779141392792873,5600701521684.108,112877269837.46526,468850850334.4556,1259186342221.3894,5.247499919335644e-05,1.0575879862078732e-06,4.3928332723767485e-06,1.1797772481987958e-05,3.266014625439051e-05,6.582368525468889e-07,2.7340748804650094e-06,7.342867663855691e-06
376,376,2.25,0.02,1980,1,100000.0,226.5,18.76,5.23,,185.1,0.1851,1980.0,0.2191504072930229,0.0271340781082699,0.0066681163078995,0.000464822757579,5.899195644782363e-06,582691098000.0,11743632480.0,47719806463.63637,129398570957.14288,10.496563343617243,1.9411245749821469,6110621339552.298,123154260434.8273,500432679848.4951,1356989443827.5586,4.914552716000191e-05,9.90485372067449e-07,4.024799851376269e-06,1.0913777480499108e-05,3.054737079947575e-05,6.156557001310616e-07,2.501693654712261e-06,6.783673444673283e-06
377,377,2.25,0.02,1985,1,100000.0,226.5,18.76,5.23,,171.1,0.1711,1985.0,0.212097438364367,0.0285897192572062,0.0070747427627606,0.0006835016287383,1.4298269821779602e-06,538619378000.0,10855405280.0,43146285713.53384,118142191004.25533,9.85685412188343,1.6916216405302893,5325191091956.54,107324596659.1161,426576216373.56335,1168041420002.695,4.5544846641163416e-05,9.179167866947328e-07,3.64838519782836e-06,9.9899264506964e-06,2.8278733330533213e-05,5.699332843312263e-07,2.265277406889022e-06,6.202731745188446e-06
378,378,2.25,0.02,1990,1,100000.0,226.5,18.76,5.23,,165.0,0.1649999999999999,1990.0,0.2492941723677859,0.0241652707033702,0.0061712829773929,0.0017491463613711,2.7875983853921696e-05,519416700000.0,10468392000.0,40693016249.99999,112526425000.00005,8.23424715947637,1.3596175928279288,4280048989870.4624,86260666253.44937,335314792719.5925,927229739927.4696,4.403338555610364e-05,8.874546026117968e-07,3.449737511283407e-06,9.539391893396918e-06,2.731098503570189e-05,5.504291588234676e-07,2.139643099386916e-06,5.916651330802478e-06
379,379,2.25,0.02,1995,1,100000.0,226.5,18.76,5.23,,159.5,0.1594999999999999,1995.0,0.21660784501139,0.0291790086342249,0.0054139787747597,0.0017931820437427,-5.805542733039987e-05,502102810000.0,10119445600.0,38466811676.69171,107429441088.65253,9.901196668192297,1.5865823078209276,4994529373374.125,100660397203.23718,382638011564.3797,1068624768466.1232,4.268539395694903e-05,8.602870038945099e-07,3.270188849744443e-06,9.132926412907304e-06,2.6439057024530103e-05,5.328562078253062e-07,2.02553382936039e-06,5.656875569081721e-06
380,380,2.25,0.02,2000,1,100000.0,226.5,18.76,5.23,,142.6,0.1426,2000.0,0.2547908230973235,0.026842315196945,0.0064249519744208,0.000278395670468,-9.409485979665763e-06,448901948000.0,9047228480.0,33626714003.007515,94855152036.61972,8.905457388502564,1.283183780984846,4039436878864.675,81411338347.82735,302589439105.717,853552543031.1506,3.8259699633389045e-05,7.710909825667383e-07,2.865988849335412e-06,8.084459516759595e-06,2.3672142928709663e-05,4.770914598197571e-07,1.773252229464677e-06,5.002038254766823e-06
381,381,2.25,0.02,2005,1,100000.0,226.5,18.76,5.23,,129.3,0.1293,2005.0,0.2214909319489152,0.0259133834322752,0.0064834538862229,0.000872984546177,2.598928480163369e-05,407033814000.0,8203412640.0,29807867318.797,84936274005.6338,9.892037901665898,1.3033525566291226,4102927781217.346,82690942284.82338,300465275155.5742,856163262767.1656,3.478302675171987e-05,7.010216633071103e-07,2.5472277995101227e-06,7.258219315728324e-06,2.149472651949019e-05,4.332075251697124e-07,1.5741000725477584e-06,4.485332467576224e-06
382,382,2.25,0.02,2010,1,100000.0,226.5,18.76,5.23,,116.6,0.1165999999999999,2010.0,0.2590361630924917,0.0246200678769238,0.006081577494283,0.0011816126398783,-4.006464957236289e-05,367054468000.0,7397663680.0,26273919165.67164,75635173264.78873,8.596823448811096,1.0041107537176708,3160920570488.154,63705605947.46687,226260075270.6665,651338686402.0039,3.144975364944857e-05,6.33842441927374e-07,2.2511871049228e-06,6.480530204064876e-06,1.941101176122181e-05,3.91212065828997e-07,1.3894487014887487e-06,3.99982935994356e-06
383,383,2.25,0.02,2015,1,100000.0,226.5,18.76,5.23,,105.5,0.1055,2015.0,0.2604030070682779,0.030911699601385,0.0047967844859497,0.0008371748558778,-0.0001234200444485,332111890000.0,6693426400.0,23234787776.1194,67576776830.98592,8.123167481730537,0.8617021647009437,2712621180435.2773,54670521499.01844,189776937659.2333,551953126813.0156,2.8531245421124373e-05,5.750224459793744e-07,1.99606654356218e-06,5.805421794845739e-06,1.7587644605669043e-05,3.544636860709888e-07,1.2304443237323763e-06,3.578662403505007e-06
384,384,2.25,0.02,2020,1,100000.0,226.5,18.76,5.23,,97.6,0.0975999999999999,2020.0,0.2861961204547514,0.0349900691090855,0.0061935836298329,-7.968687508189912e-06,-0.0001282216481001,307242848000.0,6192212480.0,21004886400.0,61729064492.30769,7.198137752027821,0.7088090916499642,2231316844332.254,44970251057.91365,152545639850.3554,448300431672.0765,2.6464927642875776e-05,5.33377607645768e-07,1.8092945119517492e-06,5.317146471872749e-06,1.629339117246207e-05,3.283791333676267e-07,1.1139098367175938e-06,3.2735531552008915e-06
385,385,2.25,0.02,2025,1,100000.0,226.5,18.76,5.23,,90.3,0.0902999999999999,2025.0,0.2891755121229097,0.0341896328317323,0.0064080164605938,0.0021124360640867,1.4430864432000437e-07,284262594000.0,5729065440.0,18988453817.910454,56390734703.496506,7.031390964846883,0.635999314898604,2002113123314.5076,40350849333.87895,133739131995.29156,397170195327.27246,2.454685913663128e-05,4.94720604499312e-07,1.6397053672516482e-06,4.869495496751406e-06,1.5095379133454768e-05,3.042342422906788e-07,1.0083560608732605e-06,2.994553409174e-06
386,386,2.25,0.02,2030,1,100000.0,226.5,18.76,5.23,,80.7,0.0806999999999999,2030.0,0.3051715469359669,0.0348287342980786,0.0071446220164066,0.0004136732170344,2.541405936503156e-05,254041986000.0,5119995360.0,16577951070.89552,49756618298.6014,6.683032096060414,0.5373424168965222,1691543181541.9143,34091582171.51648,110384588545.5674,331305347375.0707,2.199235466000271e-05,4.432367876965357e-07,1.4351493043646182e-06,4.307418681198716e-06,1.3509063189632713e-05,2.722634236093016e-07,8.815573838702665e-07,2.645882719159035e-06
387,387,2.25,0.02,2035,1,100000.0,226.5,18.76,5.23,,71.5,0.0714999999999999,2035.0,0.3078181983761591,0.0353309496900789,0.0072851284433696,0.0010629829575379,-4.63833628445795e-05,225080570000.0,4536303200.0,14347264701.492542,43523345937.5,6.658626881682848,0.4786169927563574,1506676720857.1584,30365759382.028557,96039785814.0951,291342838423.78845,1.9536340519772228e-05,3.93737957994919e-07,1.24530095483438e-06,3.7777001666329753e-06,1.1985088964086889e-05,2.415490480589775e-07,7.639630725952561e-07,2.3175308871648366e-06
388,388,2.25,0.02,2040,1,100000.0,226.5,18.76,5.23,,64.1,0.0641,2040.0,0.2981758182888433,0.0345692934359003,0.0072601051730796,0.0013213252960971,-2.0713830528844906e-05,201785518000.0,4066811680.0,12561765974.626867,38520492149.30555,6.954761646514098,0.4461444372516406,1404453765579.4194,28305544592.54289,87431544643.31844,268107695672.51425,1.756051215130045e-05,3.539168550425438e-07,1.0931956179294675e-06,3.352270158763097e-06,1.0759139953505234e-05,2.1684111160876145e-07,6.697893858973099e-07,2.053900449447904e-06
389,389,2.25,0.02,2045,1,100000.0,226.5,18.76,5.23,,51.5,0.0514999999999999,2045.0,0.2940693114346455,0.0354332666574717,0.0066368603764705,0.0013203211740328,0.0001140730459158,162120970000.0,3267407200.0,9855394350.746264,30551915051.72414,7.059578044794916,0.3626461038735849,1141602682071.9685,23008009531.03882,69398453658.94899,215136562318.1456,1.4145294561650177e-05,2.85086113763424e-07,8.598977424853125e-07,2.6656998032342867e-06,8.655499615598172e-06,1.7444406953401953e-07,5.261710561838651e-07,1.6311405550188003e-06
390,390,2.25,0.02,2050,1,100000.0,226.5,18.76,5.23,,46.5,0.0465,2050.0,0.3019780401598918,0.0343446743382919,0.0069590419514531,0.0008832206342558,0.0001844193134241,146381070000.0,2950183200.0,8687977410.447763,27231076187.49999,6.848265593526856,0.3176623606473145,999994758070.5332,20154024938.796745,59351471257.061935,186027697735.2284,1.2805196954616225e-05,2.580776115941765e-07,7.600112629183558e-07,2.3821337954907505e-06,7.825353897145301e-06,1.5771320431946973e-07,4.644487015100911e-07,1.4557402003367896e-06
391,391,2.25,0.02,2055,1,100000.0,226.5,18.76,5.23,,36.5,0.0365,2055.0,0.3103003255125381,0.0339645225809192,0.0072822490342829,0.000980244529587,3.5009176411950535e-05,114901270000.0,2315735200.0,6657362205.223885,21099251924.13793,6.672846499576592,0.242484955754003,763337791014.4868,15384409520.821575,44227676158.13935,140171264911.42877,1.0077356419199712e-05,2.031003572274417e-07,5.838805067494072e-07,1.85049897027268e-06,6.150274323825226e-06,1.2395343185796184e-07,3.5634596410634055e-07,1.1293712189686458e-06
392,392,2.25,0.02,2060,1,100000.0,226.5,18.76,5.23,,32.5,0.0324999999999999,2060.0,0.3213648670844598,0.0356163583063623,0.0067395875183935,-0.0005818537574477,6.083661897538494e-05,102309350000.0,2061956000.0,5785842592.592595,18543722003.42466,6.514124148315604,0.2116904930887174,666397438433.4208,13430660995.91506,37686396041.83478,120785527834.00204,8.996228103220323e-06,1.813111559676976e-07,5.087585810318475e-07,1.6305797370965018e-06,5.483227573344195e-06,1.1050968454224864e-07,3.10089856291072e-07,9.938431609780295e-07
393,393,2.25,0.02,2065,1,100000.0,226.5,18.76,5.23,,27.6,0.0275999999999999,2065.0,0.311049806600411,0.0347044365754798,0.0067695737825456,0.0014215604901779,-0.0001958674153036,86884248000.0,1751076480.0,4795088862.222223,15543064389.041096,6.7253863912949,0.1862896865210936,586436207374.6726,11819111903.393486,32365058006.67268,104909876543.90004,7.658658943885517e-06,1.5435361246355694e-07,4.226767342382254e-07,1.3700875801850537e-06,4.662297657696331e-06,9.39645558208795e-08,2.573093752366303e-07,8.34056740577988e-07
394,394,2.25,0.02,2070,1,100000.0,226.5,18.76,5.23,,16.9,0.0169,2070.0,0.3293797088365334,0.0310343190811791,0.0070776035467852,0.0003691668807588,-0.0001214322744293,53200862000.0,1072217120.0,2864844811.1111107,9393290515.753422,6.550556098395239,0.1123793889461992,353768068814.8563,7129887855.813822,19050266822.38794,62462263216.24251,4.7011004214654034e-06,9.474659178895299e-08,2.531523483387809e-07,8.300392200892418e-07,2.8583558272979307e-06,5.760767660269498e-08,1.5392130037561578e-07,5.046791663489622e-07
395,395,2.25,0.02,2075,1,100000.0,226.5,18.76,5.23,,11.5,0.0114999999999999,2075.0,0.2882098721423303,0.0324206624575504,0.0074267736862639,0.0010709707218471,0.0004483043542768,36201770000.0,729615200.0,1901881500.0000005,6308228853.741498,7.394080786260804,0.085273345907362,268438787449.45776,5410150376.423407,14102591219.505457,46775980965.90445,3.207162209055756e-06,6.463756596963788e-08,1.684901725220142e-07,5.588542545238766e-07,1.9474258387104583e-06,3.9248674658611975e-08,1.0230917370242965e-07,3.393427411498126e-07
396,396,2.25,0.02,2080,1,100000.0,226.5,18.76,5.23,,9.8,0.0097999999999999,2080.0,0.2489951199117003,0.030742564983109,0.0055990645331666,0.0004286683740465,0.0001773093323895,30850204000.0,621759040.0,1580966924.444444,5305158999.999999,9.560344299308394,0.0911590188375707,286966768120.2962,5783565718.345914,14706060576.225254,49348274409.92943,2.740073853505416e-06,5.522380625699032e-08,1.404193675000364e-07,4.711971261061656e-07,1.6615878966105983e-06,3.3487859447290035e-08,8.515066890963091e-08,2.857351602600355e-07
397,397,2.25,0.02,2085,1,100000.0,226.5,18.76,5.23,,6.1,0.0060999999999999,2085.0,0.2589978644426751,0.0272982674626644,0.005625013402087,-0.0008622578534598,-1.3172760734199797e-06,19202678000.0,387013280.0,959710560.0000002,3258649758.10811,9.007746262009103,0.0554639748347104,174599483500.1718,3518900790.593236,8726124975.15506,29629125930.95794,1.7099021711249e-06,3.4461591644986644e-08,8.545741225236887e-08,2.9016641826336344e-07,1.035491816980776e-06,2.086943729946885e-08,5.1751762517188414e-08,1.7572055100477825e-07
398,398,2.25,0.02,2090,1,100000.0,226.5,18.76,5.23,,4.7,0.0047,2090.0,0.2433716953612389,0.0205313073993132,0.0046830536933675,-0.0004564342934318,0.0003099925917805,14795506000.0,298190560.0,721066466.1764709,2477574497.959184,10.67436755313843,0.0492842474448557,155145825271.45703,3126829222.289384,7561110243.240191,25979871195.8478,1.320831271103052e-06,2.662020591899532e-08,6.437137986829605e-08,2.211791792313108e-07,7.987942102222726e-07,1.6099002823623423e-08,3.892963974109429e-08,1.337617087488694e-07
399,399,2.25,0.02,2095,1,100000.0,226.5,18.76,5.23,,,,2095.0,,,,,,,,,,,,,,,,,,,,,,,
400,400,2.25,0.02,2100,1,100000.0,226.5,18.76,5.23,,,,2100.0,,,,,,,,,,,,,,,,,,,,,,,
