sep=	
DetectorAtFocus_RN	DetectorAtFocus_RS	DetectorAtFocus_RO	DetectorAtFocus_OX	DetectorAtFocus_OY	DetectorAtFocus_OZ	DetectorAtFocus_DX	DetectorAtFocus_DY	DetectorAtFocus_DZ	DetectorAtFocus_EN	DetectorAtFocus_PL	DetectorAtFocus_S0	DetectorAtFocus_S1	DetectorAtFocus_S2	DetectorAtFocus_S3
25213	2	1	0.0141211591162482	0.0117099781605181	0	-0.00024837068438047	0.00135859855142671	0.999999046260535	50.0011482876336	-0.442513265504431	8.23281e+10	7.17056e+10	-1.63401e+10	3.69941e+10
30265	2	1	0.00706219552709642	0.0140598445608793	0	0.000889370923857341	0.000982063044227526	0.999999122285384	49.9993914031156	-2.37507909563419	8.02273e+10	7.45011e+10	-1.20032e+10	2.72161e+10
47405	2	1	-0.0280932964454654	-0.00939467602628044	0	0.000825085738119532	2.9671820596988e-05	0.999999659176496	49.9992207382306	-1.74816210804624	7.76455e+10	7.76202e+10	6.66965e+08	-1.51111e+09
53095	2	1	0.0129214124195231	0.0217217105528191	0	0.000188987910951515	-0.000416499501946891	0.999999895405862	50.0011552408464	-0.309493151644801	7.76917e+10	7.76846e+10	1.41243e+06	-3.19609e+06
73217	2	1	0.060314982750203	-0.000779275866201301	0	-0.000672017211412079	0.000909176714828149	0.999999360895081	50.0019335548138	0.850709446404835	8.18849e+10	7.24896e+10	-1.53986e+10	3.48294e+10
82688	2	1	0.037090511756853	0.0126731687321296	0	-0.000460043605550952	-0.000119788837022083	0.999999887005251	50.0005658250065	1.30960955159844	7.78899e+10	7.76222e+10	2.59979e+09	-5.87828e+09
94220	2	1	-0.00214439661642762	0.0221824859105535	0	0.000706676319039686	0.000310963837251123	0.999999701954992	50.0007247730212	-1.74466216988617	7.8363e+10	7.68507e+10	-6.18213e+09	1.40073e+10
