Simulation Number ExitSlit.openingHeight SU.photonEnergy SU.numberRays SU.electronSigmaX SU.electronSigmaY SU.electronSigmaYs PG.cFactor
0                 0.02                   500              100000.0         17.15             2.43              0.81               1.17577026432641
1                 0.02                   510              100000.0         17.15             2.43              0.81               1.17662360156545
2                 0.02                   520              100000.0         17.15             2.43              0.81               1.17747901516844
3                 0.02                   530              100000.0         17.15             2.43              0.81               1.17837189466193
4                 0.02                   540             100000.0        17.15             2.43              0.81               1.1791362468331
5                 0.02                   550              100000.0         17.15             2.43              0.81               1.18000708146274
6                 0.02                   560              100000.0         17.15             2.43              0.81               1.18089388467086
7                 0.02                   570              100000.0         17.15             2.43              0.81               1.18169303123046
8                 0.02                   580              100000.0         17.15             2.43              0.81               1.18256256858225
9                 0.02                   590              100000.0         17.15             2.43              0.81               1.18333929872482
10                0.02                   600              100000.0         17.15             2.43              0.81               1.18413280440169
11                0.02                   610             100000.0       17.15             2.43              0.81               1.184814908884
12                0.02                   620              100000.0         17.15             2.43              0.81               1.18564428721044
13                0.02                   630              100000.0         17.15             2.43              0.81               1.18623535979449
14                0.02                   640              100000.0         17.15             2.43              0.81               1.18691311580508
15                0.02                   650              100000.0         17.15             2.43              0.81               1.18740617352132
16                0.02                   660              100000.0         17.15             2.43              0.81               1.18810554884438
17                0.02                   670              100000.0         17.15             2.43              0.81               1.18943277689967
18                0.02                   680              100000.0         17.15             2.43              0.81               1.19165789569026
19                0.02                   690             100000.0        17.15             2.43              0.81               1.1933953170949
20                0.02                   700              100000.0         17.15             2.43              0.81               1.19462031821519
21                0.02                   710              100000.0         17.15             2.43              0.81               1.19557065892945
22                0.02                   720              100000.0         17.15             2.43              0.81               1.19668353378915
23                0.02                   730              100000.0         17.15             2.43              0.81               1.19757869607337
24                0.02                   740              100000.0         17.15             2.43              0.81               1.19860065465315
25                0.02                   750              100000.0         17.15             2.43              0.81               1.19963845879841
26                0.02                   760              100000.0         17.15             2.43              0.81               1.20065872263705
27                0.02                   770              100000.0         17.15             2.43              0.81               1.20181115118366
28                0.02                   780              100000.0         17.15             2.43              0.81               1.20295231364558
29                0.02                   790              100000.0         17.15             2.43              0.81               1.20410472404016
30                0.02                   800              100000.0         17.15             2.43              0.81               1.20514112000624
31                0.02                   810              100000.0         17.15             2.43              0.81               1.20653239223348
32                0.02                   820              100000.0         17.15             2.43              0.81               1.20811897847302
33                0.02                   830             100000.0        17.15             2.43              0.81               1.2098506842126
34                0.02                   840              100000.0         17.15             2.43              0.81               1.21147483348648
35                0.02                   850              100000.0         17.15             2.43              0.81               1.21322571296527
36                0.02                   860              100000.0         17.15             2.43              0.81               1.22040172983306
37                0.02                   870              100000.0         17.15             2.43              0.81               1.22372713714585
38                0.02                   880              100000.0         17.15             2.43              0.81               1.22027554950736
39                0.02                   890              100000.0         17.15             2.43              0.81               1.21702969464689
40                0.02                   900              100000.0         17.15             2.43              0.81               1.21534946177801
41                0.02                   910              100000.0         17.15             2.43              0.81               1.21559007975785
42                0.02                   920              100000.0         17.15             2.43              0.81               1.21587072513883
43                0.02                   930              100000.0         17.15             2.43              0.81               1.21614745395122
44                0.02                   940              100000.0         17.15             2.43              0.81               1.21641984515278
45                0.02                   950              100000.0         17.15             2.43              0.81               1.21696884226858
46                0.02                   960              100000.0         17.15             2.43              0.81               1.21747564218327
47                0.02                   970              100000.0         17.15             2.43              0.81               1.21811891168984
48                0.02                   980              100000.0         17.15             2.43              0.81               1.21860384648691
49                0.02                   990              100000.0         17.15             2.43              0.81               1.21910049382016
50                0.02                   1000             100000.0         17.15             2.43              0.81               1.21985929056978
51                0.02                   1010             100000.0         17.15             2.43              0.81               1.22050059246538
52                0.02                   1020             100000.0         17.15             2.43              0.81               1.22113579614298
53                0.02                   1030             100000.0         17.15             2.43              0.81               1.22175151083902
54                0.02                   1040             100000.0         17.15             2.43              0.81               1.22238215795596
55                0.02                   1050             100000.0         17.15             2.43              0.81               1.22318836533182
56                0.02                   1060             100000.0         17.15             2.43              0.81               1.22388822314828
57                0.02                   1070            100000.0        17.15             2.43              0.81               1.2245971197151
58                0.02                   1080            100000.0        17.15             2.43              0.81               1.2252878876884
59                0.02                   1090            100000.0       17.15             2.43              0.81               1.225923815419
60                0.02                   1100             100000.0         17.15             2.43              0.81               1.22668718395639
61                0.02                   1110             100000.0         17.15             2.43              0.81               1.22741865002142
62                0.02                   1120             100000.0         17.15             2.43              0.81               1.22816432589286
63                0.02                   1130             100000.0         17.15             2.43              0.81               1.22887045718098
64                0.02                   1140             100000.0         17.15             2.43              0.81               1.22959507691401
65                0.02                   1150             100000.0         17.15             2.43              0.81               1.23040421769492
66                0.02                   1160             100000.0         17.15             2.43              0.81               1.23117903184959
67                0.02                   1170            100000.0        17.15             2.43              0.81               1.2319261619573
68                0.02                   1180             100000.0         17.15             2.43              0.81               1.23270341452702
69                0.02                   1190             100000.0         17.15             2.43              0.81               1.23347773841695
70                0.02                   1200             100000.0         17.15             2.43              0.81               1.23422873606346
71                0.02                   1210             100000.0         17.15             2.43              0.81               1.23521015912391
72                0.02                   1220             100000.0         17.15             2.43              0.81               1.23598529338285
73                0.02                   1230             100000.0         17.15             2.43              0.81               1.23678336528058
74                0.02                   1240            100000.0        17.15             2.43              0.81               1.2375610899281
75                0.02                   1250             100000.0         17.15             2.43              0.81               1.23833604842222
76                0.02                   1260             100000.0         17.15             2.43              0.81               1.23915559600907
77                0.02                   1270             100000.0         17.15             2.43              0.81               1.23991243430684
78                0.02                   1280             100000.0         17.15             2.43              0.81               1.24074079328274
79                0.02                   1290             100000.0         17.15             2.43              0.81               1.24155651007879
80                0.02                   1300             100000.0         17.15             2.43              0.81               1.24231942993718
81                0.02                   1310             100000.0         17.15             2.43              0.81               1.24314995045508
82                0.02                   1320             100000.0         17.15             2.43              0.81               1.24399008048548
83                0.02                   1330             100000.0         17.15             2.43              0.81               1.24478593786844
84                0.02                   1340             100000.0         17.15             2.43              0.81               1.24561914540455
85                0.02                   1350             100000.0         17.15             2.43              0.81               1.24636834168605
86                0.02                   1360             100000.0         17.15             2.43              0.81               1.24722718437682
87                0.02                   1370             100000.0         17.15             2.43              0.81               1.24809630082086
88                0.02                   1380             100000.0         17.15             2.43              0.81               1.24884567323607
89                0.02                   1390             100000.0         17.15             2.43              0.81               1.24968323318255
90                0.02                   1400             100000.0         17.15             2.43              0.81               1.25043238280315
91                0.02                   1410            100000.0        17.15             2.43              0.81               1.2512710931248
92                0.02                   1420             100000.0         17.15             2.43              0.81               1.25210187482514
93                0.02                   1430            100000.0        17.15             2.43              0.81               1.2528606408531
94                0.02                   1440            100000.0        17.15             2.43              0.81               1.2537017293449
95                0.02                   1450             100000.0         17.15             2.43              0.81               1.25445082841514
96                0.02                   1460             100000.0         17.15             2.43              0.81               1.25529326238378
97                0.02                   1470             100000.0         17.15             2.43              0.81               1.25608149875268
98                0.02                   1480             100000.0         17.15             2.43              0.81               1.25688263441476
99                0.02                   1490             100000.0         17.15             2.43              0.81               1.25768349177669
100               0.02                   1500             100000.0         17.15             2.43              0.81               1.25848494585637
101               0.02                   1510             100000.0         17.15             2.43              0.81               1.25928548443795
102               0.02                   1520            100000.0        17.15             2.43              0.81               1.2600864681475
103               0.02                   1530             100000.0         17.15             2.43              0.81               1.26088685337121
104               0.02                   1540             100000.0         17.15             2.43              0.81               1.26168753417693
105               0.02                   1550             100000.0         17.15             2.43              0.81               1.26248794694978
106               0.02                   1560            100000.0        17.15             2.43              0.81               1.2634870605769
107               0.02                   1570            100000.0        17.15             2.43              0.81               1.2642888534796
108               0.02                   1580             100000.0         17.15             2.43              0.81               1.26509115522965
109               0.02                   1590             100000.0         17.15             2.43              0.81               1.26589288992069
110               0.02                   1600            100000.0       17.15             2.43              0.81               1.266694990595
111               0.02                   1610             100000.0         17.15             2.43              0.81               1.26742532522346
112               0.02                   1620             100000.0         17.15             2.43              0.81               1.26822702873633
113               0.02                   1630             100000.0         17.15             2.43              0.81               1.26902888811467
114               0.02                   1640             100000.0         17.15             2.43              0.81               1.26983031425198
115               0.02                   1650             100000.0         17.15             2.43              0.81               1.27055805381929
116               0.02                   1660             100000.0         17.15             2.43              0.81               1.27135901229813
117               0.02                   1670            100000.0       17.15             2.43              0.81               1.272159837589
118               0.02                   1680             100000.0         17.15             2.43              0.81               1.27296098866863
119               0.02                   1690             100000.0         17.15             2.43              0.81               1.27368491854199
120               0.02                   1700             100000.0         17.15             2.43              0.81               1.27448555561608
121               0.02                   1710             100000.0         17.15             2.43              0.81               1.27528577565715
122               0.02                   1720            100000.0       17.15             2.43              0.81               1.276086046278
123               0.02                   1730             100000.0         17.15             2.43              0.81               1.27688630008345
124               0.02                   1740             100000.0         17.15             2.43              0.81               1.27768646892401
125               0.02                   1750             100000.0         17.15             2.43              0.81               1.27848648389625
126               0.02                   1760            100000.0        17.15             2.43              0.81               1.2792868307211
127               0.02                   1770             100000.0         17.15             2.43              0.81               1.28016843760962
128               0.02                   1780             100000.0         17.15             2.43              0.81               1.28096914587123
129               0.02                   1790            100000.0        17.15             2.43              0.81               1.2817699952141
130               0.02                   1800             100000.0         17.15             2.43              0.81               1.28257035434233
131               0.02                   1810             100000.0         17.15             2.43              0.81               1.28337129179016
132               0.02                   1820             100000.0         17.15             2.43              0.81               1.28418710389317
133               0.02                   1830             100000.0         17.15             2.43              0.81               1.28505838495462
134               0.02                   1840             100000.0         17.15             2.43              0.81               1.28585885107582
135               0.02                   1850             100000.0         17.15             2.43              0.81               1.28689382385114
136               0.02                   1860             100000.0         17.15             2.43              0.81               1.28769614424958
137               0.02                   1870             100000.0         17.15             2.43              0.81               1.28835108195056
138               0.02                   1880            100000.0        17.15             2.43              0.81               1.2891523913895
139               0.02                   1890             100000.0         17.15             2.43              0.81               1.28995378710095
140               0.02                   1900             100000.0         17.15             2.43              0.81               1.29084637328192
141               0.02                   1910             100000.0         17.15             2.43              0.81               1.29164824012589
142               0.02                   1920             100000.0         17.15             2.43              0.81               1.29245061579877
143               0.02                   1930             100000.0         17.15             2.43              0.81               1.29326685540874
144               0.02                   1940             100000.0         17.15             2.43              0.81               1.29414859932067
145               0.02                   1950             100000.0         17.15             2.43              0.81               1.29519742122294
146               0.02                   1960             100000.0         17.15             2.43              0.81               1.29600119569745
147               0.02                   1970             100000.0         17.15             2.43              0.81               1.29690183422233
148               0.02                   1980             100000.0         17.15             2.43              0.81               1.29770587029687
149               0.02                   1990             100000.0         17.15             2.43              0.81               1.29851063884867
150               0.02                   2000             100000.0         17.15             2.43              0.81               1.29941365924252
151               0.02                   2010             100000.0         17.15             2.43              0.81               1.30021834112426
152               0.02                   2020             100000.0         17.15             2.43              0.81               1.30109146940227
153               0.02                   2030             100000.0         17.15             2.43              0.81               1.30192977717907
154               0.02                   2040             100000.0         17.15             2.43              0.81               1.30273523472302
155               0.02                   2050             100000.0         17.15             2.43              0.81               1.30364324447937
156               0.02                   2060             100000.0         17.15             2.43              0.81               1.30444932808101
157               0.02                   2070             100000.0         17.15             2.43              0.81               1.30525570824403
158               0.02                   2080             100000.0         17.15             2.43              0.81               1.30616741790999
159               0.02                   2090             100000.0         17.15             2.43              0.81               1.30697409968417
160               0.02                   2100             100000.0         17.15             2.43              0.81               1.30778091275259
161               0.02                   2110             100000.0         17.15             2.43              0.81               1.30869521201282
162               0.02                   2120             100000.0         17.15             2.43              0.81               1.30950266291593
163               0.02                   2130             100000.0         17.15             2.43              0.81               1.31031008129603
164               0.02                   2140            100000.0        17.15             2.43              0.81               1.3112278617373
165               0.02                   2150            100000.0        17.15             2.43              0.81               1.3120355962641
166               0.02                   2160             100000.0         17.15             2.43              0.81               1.31284381804785
167               0.02                   2170             100000.0         17.15             2.43              0.81               1.31376464441493
168               0.02                   2180             100000.0         17.15             2.43              0.81               1.31457355675456
169               0.02                   2190            100000.0       17.15             2.43              0.81               1.315382107129
170               0.02                   2200             100000.0         17.15             2.43              0.81               1.31630553599908
171               0.02                   2210             100000.0         17.15             2.43              0.81               1.31711516242917
172               0.02                   2220             100000.0         17.15             2.43              0.81               1.31795480027411
173               0.02                   2230             100000.0         17.15             2.43              0.81               1.31885197962638
174               0.02                   2240             100000.0         17.15             2.43              0.81               1.31966185534058
175               0.02                   2250             100000.0         17.15             2.43              0.81               1.32059219216227
176               0.02                   2260             100000.0         17.15             2.43              0.81               1.32140264665985
177               0.02                   2270             100000.0         17.15             2.43              0.81               1.32221884773407
178               0.02                   2280             100000.0         17.15             2.43              0.81               1.32314625583204
179               0.02                   2290             100000.0         17.15             2.43              0.81               1.32395837186324
180               0.02                   2300             100000.0         17.15             2.43              0.81               1.32489377407417
181               0.02                   2310            100000.0        17.15             2.43              0.81               1.3257059739536
182               0.02                   2320             100000.0         17.15             2.43              0.81               1.32634611282785
183               0.02                   2330             100000.0         17.15             2.43              0.81               1.32745767815731
184               0.02                   2340             100000.0         17.15             2.43              0.81               1.32809735468001
185               0.02                   2350             100000.0         17.15             2.43              0.81               1.32890918261099
186               0.02                   2360             100000.0         17.15             2.43              0.81               1.32985216725563
187               0.02                   2370             100000.0         17.15             2.43              0.81               1.33066499138617
188               0.02                   2380             100000.0         17.15             2.43              0.81               1.33157712394971
189               0.02                   2390             100000.0         17.15             2.43              0.81               1.33242460601584
190               0.02                   2400             100000.0         17.15             2.43              0.81               1.33329262758449
191               0.02                   2410             100000.0         17.15             2.43              0.81               1.33418690330805
192               0.02                   2420            100000.0        17.15             2.43              0.81               1.3350018813911
193               0.02                   2430             100000.0         17.15             2.43              0.81               1.33595387436252
194               0.02                   2440             100000.0         17.15             2.43              0.81               1.33684287774441
195               0.02                   2450             100000.0         17.15             2.43              0.81               1.33772361511608
196               0.02                   2460             100000.0         17.15             2.43              0.81               1.33854070982281
197               0.02                   2470             100000.0         17.15             2.43              0.81               1.33949736724061
198               0.02                   2480             100000.0         17.15             2.43              0.81               1.34037504045888
199               0.02                   2490             100000.0         17.15             2.43              0.81               1.34127561580435
200               0.02                   2500            100000.0        17.15             2.43              0.81               1.3422067252821
201               0.02                   2510             100000.0         17.15             2.43              0.81               1.34305723027778
202               0.02                   2520             100000.0         17.15             2.43              0.81               1.34388853234001
203               0.02                   2530             100000.0         17.15             2.43              0.81               1.34484269675661
204               0.02                   2540             100000.0         17.15             2.43              0.81               1.34571264364512
205               0.02                   2550             100000.0         17.15             2.43              0.81               1.34663252605795
206               0.02                   2560             100000.0         17.15             2.43              0.81               1.34753244663371
207               0.02                   2570             100000.0         17.15             2.43              0.81               1.34842556558974
208               0.02                   2580             100000.0         17.15             2.43              0.81               1.34924811240484
209               0.02                   2590             100000.0         17.15             2.43              0.81               1.35022318030645
210               0.02                   2600             100000.0         17.15             2.43              0.81               1.35104631264484
211               0.02                   2610             100000.0         17.15             2.43              0.81               1.35202507217289
212               0.02                   2620             100000.0         17.15             2.43              0.81               1.35284861707109
213               0.02                   2630             100000.0         17.15             2.43              0.81               1.35383093621598
214               0.02                   2640             100000.0         17.15             2.43              0.81               1.35465559010075
215               0.02                   2650             100000.0         17.15             2.43              0.81               1.35564133790432
216               0.02                   2660             100000.0         17.15             2.43              0.81               1.35646694133815
217               0.02                   2670            100000.0        17.15             2.43              0.81               1.3574559834824
218               0.02                   2680             100000.0         17.15             2.43              0.81               1.35828237364387
219               0.02                   2690             100000.0         17.15             2.43              0.81               1.35927457241784
220               0.02                   2700             100000.0         17.15             2.43              0.81               1.36010248136541
221               0.02                   2710             100000.0         17.15             2.43              0.81               1.36109770020853
222               0.02                   2720             100000.0         17.15             2.43              0.81               1.36192697936982
223               0.02                   2730             100000.0         17.15             2.43              0.81               1.36276562632542
224               0.02                   2740             100000.0         17.15             2.43              0.81               1.36375557594781
225               0.02                   2750             100000.0         17.15             2.43              0.81               1.36458533419973
226               0.02                   2760             100000.0         17.15             2.43              0.81               1.36558889687475
227               0.02                   2770             100000.0         17.15             2.43              0.81               1.36641963307448
228               0.02                   2780             100000.0         17.15             2.43              0.81               1.36742666329226
229               0.02                   2790             100000.0         17.15             2.43              0.81               1.36825915849898
230               0.02                   2800             100000.0         17.15             2.43              0.81               1.36926953155921
231               0.02                   2810             100000.0         17.15             2.43              0.81               1.37010270270469
232               0.02                   2820             100000.0         17.15             2.43              0.81               1.37100225690137
233               0.02                   2830             100000.0         17.15             2.43              0.81               1.37195092545958
234               0.02                   2840             100000.0         17.15             2.43              0.81               1.37278537649863
235               0.02                   2850            100000.0        17.15             2.43              0.81               1.3738045156753
236               0.02                   2860             100000.0         17.15             2.43              0.81               1.37464021604122
237               0.02                   2870             100000.0         17.15             2.43              0.81               1.37566321948265
238               0.02                   2880             100000.0         17.15             2.43              0.81               1.37649904869742
239               0.02                   2890             100000.0         17.15             2.43              0.81               1.37752579557062
240               0.02                   2900             100000.0         17.15             2.43              0.81               1.37836355581004
241               0.02                   2910             100000.0         17.15             2.43              0.81               1.37934440695512
242               0.02                   2920             100000.0         17.15             2.43              0.81               1.38023250093147
243               0.02                   2930             100000.0         17.15             2.43              0.81               1.38107949769723
244               0.02                   2940             100000.0         17.15             2.43              0.81               1.38210761710983
245               0.02                   2950             100000.0         17.15             2.43              0.81               1.38294720866426
246               0.02                   2960             100000.0         17.15             2.43              0.81               1.38358167460871
247               0.02                   2970             100000.0         17.15             2.43              0.81               1.38442202842275
248               0.02                   2980             100000.0         17.15             2.43              0.81               1.38546266886296
249               0.02                   2990             100000.0         17.15             2.43              0.81               1.38630433603133
250               0.02                   3000             100000.0         17.15             2.43              0.81               1.38719560853008
251               0.02                   3010             100000.0         17.15             2.43              0.81               1.38819192301866
252               0.02                   3020             100000.0         17.15             2.43              0.81               1.38903383961997
253               0.02                   3030             100000.0         17.15             2.43              0.81               1.39008454437937
254               0.02                   3040             100000.0         17.15             2.43              0.81               1.39092846385091
255               0.02                   3050             100000.0         17.15             2.43              0.81               1.39198300301531
256               0.02                   3060             100000.0         17.15             2.43              0.81               1.39282774789582
257               0.02                   3070             100000.0         17.15             2.43              0.81               1.39387537759758
258               0.02                   3080             100000.0         17.15             2.43              0.81               1.39473250024411
259               0.02                   3090             100000.0         17.15             2.43              0.81               1.39557884296765
260               0.02                   3100             100000.0         17.15             2.43              0.81               1.39664356222928
261               0.02                   3110             100000.0         17.15             2.43              0.81               1.39749037919015
262               0.02                   3120             100000.0         17.15             2.43              0.81               1.39855963496376
263               0.02                   3130             100000.0         17.15             2.43              0.81               1.39940786910615
264               0.02                   3140            100000.0        17.15             2.43              0.81               1.4002952084712
265               0.02                   3150             100000.0         17.15             2.43              0.81               1.40133109277338
266               0.02                   3160             100000.0         17.15             2.43              0.81               1.40218130528617
267               0.02                   3170             100000.0         17.15             2.43              0.81               1.40326093603049
268               0.02                   3180             100000.0         17.15             2.43              0.81               1.40411224770544
269               0.02                   3190             100000.0         17.15             2.43              0.81               1.40500559311992
270               0.02                   3200             100000.0         17.15             2.43              0.81               1.40604835471862
271               0.02                   3210             100000.0         17.15             2.43              0.81               1.40690115714451
272               0.02                   3220             100000.0         17.15             2.43              0.81               1.40799052369918
273               0.02                   3230             100000.0         17.15             2.43              0.81               1.40884523113251
274               0.02                   3240             100000.0         17.15             2.43              0.81               1.40993166845321
275               0.02                   3250             100000.0         17.15             2.43              0.81               1.41079503857806
276               0.02                   3260             100000.0         17.15             2.43              0.81               1.41165075360548
277               0.02                   3270            100000.0        17.15             2.43              0.81               1.4127503589355
278               0.02                   3280             100000.0         17.15             2.43              0.81               1.41360767287236
279               0.02                   3290             100000.0         17.15             2.43              0.81               1.41459744470657
280               0.02                   3300            100000.0        17.15             2.43              0.81               1.4155721082738
281               0.02                   3310             100000.0         17.15             2.43              0.81               1.41643111237549
282               0.02                   3320             100000.0         17.15             2.43              0.81               1.41754270316262
283               0.02                   3330             100000.0         17.15             2.43              0.81               1.41840300891481
284               0.02                   3340             100000.0         17.15             2.43              0.81               1.41926341830284
285               0.02                   3350             100000.0         17.15             2.43              0.81               1.42038073524617
286               0.02                   3360             100000.0         17.15             2.43              0.81               1.42124346131435
287               0.02                   3370             100000.0         17.15             2.43              0.81               1.42225871849266
288               0.02                   3380             100000.0         17.15             2.43              0.81               1.42323023053009
289               0.02                   3390             100000.0         17.15             2.43              0.81               1.42409390255334
290               0.02                   3400             100000.0         17.15             2.43              0.81               1.42522230999383
291               0.02                   3410             100000.0         17.15             2.43              0.81               1.42608801864174
292               0.02                   3420             100000.0         17.15             2.43              0.81               1.42695357121555
293               0.02                   3430             100000.0         17.15             2.43              0.81               1.42808959195544
294               0.02                   3440             100000.0         17.15             2.43              0.81               1.42895576997403
295               0.02                   3450            100000.0        17.15             2.43              0.81               1.4298542301886
296               0.02                   3460             100000.0         17.15             2.43              0.81               1.43046370146932
297               0.02                   3470             100000.0         17.15             2.43              0.81               1.43133062975146
298               0.02                   3480             100000.0         17.15             2.43              0.81               1.43235160782337
299               0.02                   3490             100000.0         17.15             2.43              0.81               1.43334420882694
300               0.02                   3500             100000.0         17.15             2.43              0.81               1.43421228863291
301               0.02                   3510             100000.0         17.15             2.43              0.81               1.43534393733411
302               0.02                   3520             100000.0         17.15             2.43              0.81               1.43623651060153
303               0.02                   3530             100000.0         17.15             2.43              0.81               1.43710675988374
304               0.02                   3540             100000.0         17.15             2.43              0.81               1.43826584558474
305               0.02                   3550             100000.0         17.15             2.43              0.81               1.43913732984838
306               0.02                   3560            100000.0        17.15             2.43              0.81               1.4400107973697
307               0.02                   3570             100000.0         17.15             2.43              0.81               1.44117660858237
308               0.02                   3580             100000.0         17.15             2.43              0.81               1.44205115588889
309               0.02                   3590             100000.0         17.15             2.43              0.81               1.44292497813681
310               0.02                   3600             100000.0         17.15             2.43              0.81               1.44409865044327
311               0.02                   3610             100000.0         17.15             2.43              0.81               1.44497470086693
312               0.02                   3620             100000.0         17.15             2.43              0.81               1.44584992211973
313               0.02                   3630             100000.0         17.15             2.43              0.81               1.44703129214889
314               0.02                   3640             100000.0         17.15             2.43              0.81               1.44790993423811
315               0.02                   3650             100000.0         17.15             2.43              0.81               1.44878765070246
316               0.02                   3660             100000.0         17.15             2.43              0.81               1.44997656113508
317               0.02                   3670             100000.0         17.15             2.43              0.81               1.45085619837007
318               0.02                   3680             100000.0         17.15             2.43              0.81               1.45173617503807
319               0.02                   3690             100000.0         17.15             2.43              0.81               1.45293245546904
320               0.02                   3700             100000.0         17.15             2.43              0.81               1.45381420065885
321               0.02                   3710             100000.0         17.15             2.43              0.81               1.45469620088515
322               0.02                   3720            100000.0       17.15             2.43              0.81               1.455899680618
323               0.02                   3730             100000.0         17.15             2.43              0.81               1.45678329258985
324               0.02                   3740             100000.0         17.15             2.43              0.81               1.45766707298689
325               0.02                   3750             100000.0         17.15             2.43              0.81               1.45887898904736
326               0.02                   3760             100000.0         17.15             2.43              0.81               1.45976422504962
327               0.02                   3770            100000.0        17.15             2.43              0.81               1.4606509656109
328               0.02                   3780             100000.0         17.15             2.43              0.81               1.46187118148225
329               0.02                   3790             100000.0         17.15             2.43              0.81               1.46276641926811
330               0.02                   3800             100000.0         17.15             2.43              0.81               1.46375114566509
331               0.02                   3810             100000.0         17.15             2.43              0.81               1.46474671629238
332               0.02                   3820             100000.0         17.15             2.43              0.81               1.46574158875061
333               0.02                   3830             100000.0         17.15             2.43              0.81               1.46673863640263
334               0.02                   3840             100000.0         17.15             2.43              0.81               1.46773784697341
335               0.02                   3850             100000.0         17.15             2.43              0.81               1.46873626454312
336               0.02                   3860             100000.0         17.15             2.43              0.81               1.46973531897488
337               0.02                   3870             100000.0         17.15             2.43              0.81               1.47073646321198
338               0.02                   3880             100000.0         17.15             2.43              0.81               1.47173670547976
339               0.02                   3890             100000.0         17.15             2.43              0.81               1.47273898751857
340               0.02                   3900             100000.0         17.15             2.43              0.81               1.47374179461199
341               0.02                   3910             100000.0         17.15             2.43              0.81               1.47474509520611
342               0.02                   3920             100000.0         17.15             2.43              0.81               1.47575037044348
343               0.02                   3930             100000.0         17.15             2.43              0.81               1.47675608714604
344               0.02                   3940             100000.0         17.15             2.43              0.81               1.47776221296867
345               0.02                   3950             100000.0         17.15             2.43              0.81               1.47877024617299
346               0.02                   3960             100000.0         17.15             2.43              0.81               1.47977863496802
347               0.02                   3970             100000.0         17.15             2.43              0.81               1.48078734621102
348               0.02                   3980             100000.0         17.15             2.43              0.81               1.48179634647912
349               0.02                   3990            100000.0        17.15             2.43              0.81               1.4828071570477
350               0.02                   4000             100000.0         17.15             2.43              0.81               1.48319437300648
351               0.02                   4010             100000.0         17.15             2.43              0.81               1.48420475439885
352               0.02                   4020             100000.0         17.15             2.43              0.81               1.48521530770648
353               0.02                   4030             100000.0         17.15             2.43              0.81               1.48622757457007
354               0.02                   4040             100000.0         17.15             2.43              0.81               1.48723995589556
355               0.02                   4050             100000.0         17.15             2.43              0.81               1.48825400503234
356               0.02                   4060             100000.0         17.15             2.43              0.81               1.48926811018473
357               0.02                   4070             100000.0         17.15             2.43              0.81               1.49028223560492
358               0.02                   4080            100000.0        17.15             2.43              0.81               1.4912979522915
359               0.02                   4090             100000.0         17.15             2.43              0.81               1.49231524247742
360               0.02                   4100             100000.0         17.15             2.43              0.81               1.49333246877473
361               0.02                   4110             100000.0         17.15             2.43              0.81               1.49435122001166
362               0.02                   4120             100000.0         17.15             2.43              0.81               1.49536984590391
363               0.02                   4130             100000.0         17.15             2.43              0.81               1.49639158535862
364               0.02                   4140             100000.0         17.15             2.43              0.81               1.49741314953109
365               0.02                   4150             100000.0         17.15             2.43              0.81               1.49843450056669
366               0.02                   4160             100000.0         17.15             2.43              0.81               1.49945725730592
367               0.02                   4170             100000.0         17.15             2.43              0.81               1.50047973695248
368               0.02                   4180             100000.0         17.15             2.43              0.81               1.50150524007057
369               0.02                   4190             100000.0         17.15             2.43              0.81               1.50253041380156
370               0.02                   4200             100000.0         17.15             2.43              0.81               1.50355521895399
371               0.02                   4210             100000.0         17.15             2.43              0.81               1.50458299346498
372               0.02                   4220             100000.0         17.15             2.43              0.81               1.50561034569257
373               0.02                   4230             100000.0         17.15             2.43              0.81               1.50664063868267
374               0.02                   4240             100000.0         17.15             2.43              0.81               1.50767045479915
375               0.02                   4250             100000.0         17.15             2.43              0.81               1.50870146793132
376               0.02                   4260            100000.0        17.15             2.43              0.81               1.5097319357879
377               0.02                   4270             100000.0         17.15             2.43              0.81               1.51076527197642
378               0.02                   4280             100000.0         17.15             2.43              0.81               1.51179800642081
379               0.02                   4290             100000.0         17.15             2.43              0.81               1.51283183788022
380               0.02                   4300            100000.0        17.15             2.43              0.81               1.5138667440428
381               0.02                   4310             100000.0         17.15             2.43              0.81               1.51490270238743
382               0.02                   4320             100000.0         17.15             2.43              0.81               1.51593969018288
383               0.02                   4330             100000.0         17.15             2.43              0.81               1.51697768448707
384               0.02                   4340             100000.0         17.15             2.43              0.81               1.51801666214643
385               0.02                   4350             100000.0         17.15             2.43              0.81               1.51905659979505
386               0.02                   4360             100000.0         17.15             2.43              0.81               1.52009568747829
387               0.02                   4370             100000.0         17.15             2.43              0.81               1.52113746751033
388               0.02                   4380             100000.0         17.15             2.43              0.81               1.52218013613689
389               0.02                   4390             100000.0         17.15             2.43              0.81               1.52322186278456
390               0.02                   4400             100000.0         17.15             2.43              0.81               1.52426622902487
391               0.02                   4410             100000.0         17.15             2.43              0.81               1.52531141053088
392               0.02                   4420            100000.0        17.15             2.43              0.81               1.5263117233302
393               0.02                   4430             100000.0         17.15             2.43              0.81               1.52730880463685
394               0.02                   4440             100000.0         17.15             2.43              0.81               1.52830626747888
395               0.02                   4450             100000.0         17.15             2.43              0.81               1.52930408515429
396               0.02                   4460             100000.0         17.15             2.43              0.81               1.53030223075496
397               0.02                   4470             100000.0         17.15             2.43              0.81               1.53129881834037
398               0.02                   4480            100000.0       17.15             2.43              0.81               1.532297531686
399               0.02                   4490             100000.0         17.15             2.43              0.81               1.53329649098086
400               0.02                   4500             100000.0         17.15             2.43              0.81               1.53429754702107
401               0.02                   4510             100000.0         17.15             2.43              0.81               1.53529692139643
402               0.02                   4520             100000.0         17.15             2.43              0.81               1.53629834964715
403               0.02                   4530             100000.0         17.15             2.43              0.81               1.53729992492241
404               0.02                   4540            100000.0        17.15             2.43              0.81               1.5383035237109
405               0.02                   4550             100000.0         17.15             2.43              0.81               1.53930531389456
406               0.02                   4560             100000.0         17.15             2.43              0.81               1.54030908324773
407               0.02                   4570             100000.0         17.15             2.43              0.81               1.54208371439964
408               0.02                   4580             100000.0         17.15             2.43              0.81               1.54309022742337
409               0.02                   4590             100000.0         17.15             2.43              0.81               1.54409867372624
410               0.02                   4600            100000.0        17.15             2.43              0.81               1.5451051452317
411               0.02                   4610             100000.0         17.15             2.43              0.81               1.54611350370685
412               0.02                   4620             100000.0         17.15             2.43              0.81               1.54712373924501
413               0.02                   4630             100000.0         17.15             2.43              0.81               1.54813190264418
414               0.02                   4640             100000.0         17.15             2.43              0.81               1.54914387208222
415               0.02                   4650             100000.0         17.15             2.43              0.81               1.55015370800875
416               0.02                   4660             100000.0         17.15             2.43              0.81               1.55116533905378
417               0.02                   4670            100000.0        17.15             2.43              0.81               1.5521767576442
418               0.02                   4680             100000.0         17.15             2.43              0.81               1.55318993615132
419               0.02                   4690             100000.0         17.15             2.43              0.81               1.55420084231418
420               0.02                   4700             100000.0         17.15             2.43              0.81               1.55521345874571
421               0.02                   4710             100000.0         17.15             2.43              0.81               1.55622777412061
422               0.02                   4720            100000.0        17.15             2.43              0.81               1.5572417456313
423               0.02                   4730             100000.0         17.15             2.43              0.81               1.55825737918479
424               0.02                   4740             100000.0         17.15             2.43              0.81               1.55927261778023
425               0.02                   4750             100000.0         17.15             2.43              0.81               1.56028948085293
426               0.02                   4760             100000.0         17.15             2.43              0.81               1.56130589714653
427               0.02                   4770             100000.0         17.15             2.43              0.81               1.56314920192325
428               0.02                   4780             100000.0         17.15             2.43              0.81               1.56416950654452
429               0.02                   4790             100000.0         17.15             2.43              0.81               1.56519136657115
430               0.02                   4800             100000.0         17.15             2.43              0.81               1.56621058572968
431               0.02                   4810            100000.0        17.15             2.43              0.81               1.5672334053583
432               0.02                   4820             100000.0         17.15             2.43              0.81               1.56825562177366
433               0.02                   4830             100000.0         17.15             2.43              0.81               1.56927720053429
434               0.02                   4840             100000.0         17.15             2.43              0.81               1.57030022715821
435               0.02                   4850             100000.0         17.15             2.43              0.81               1.57132468816069
436               0.02                   4860             100000.0         17.15             2.43              0.81               1.57234843546247
437               0.02                   4870             100000.0         17.15             2.43              0.81               1.57337571707852
438               0.02                   4880             100000.0         17.15             2.43              0.81               1.57440009418299
439               0.02                   4890             100000.0         17.15             2.43              0.81               1.57542797761448
440               0.02                   4900             100000.0         17.15             2.43              0.81               1.57645288509541
441               0.02                   4910            100000.0        17.15             2.43              0.81               1.5774790998375
442               0.02                   4920             100000.0         17.15             2.43              0.81               1.57850660727466
443               0.02                   4930             100000.0         17.15             2.43              0.81               1.57953539270924
444               0.02                   4940             100000.0         17.15             2.43              0.81               1.58056324910895
445               0.02                   4950             100000.0         17.15             2.43              0.81               1.58247310910813
446               0.02                   4960             100000.0         17.15             2.43              0.81               1.58350413155677
447               0.02                   4970             100000.0         17.15             2.43              0.81               1.58453856906118
448               0.02                   4980             100000.0         17.15             2.43              0.81               1.58557197542434
449               0.02                   4990             100000.0         17.15             2.43              0.81               1.58660654670593
450               0.02                   5000             100000.0         17.15             2.43              0.81               1.58764002600254
451               0.02                   5010             100000.0         17.15             2.43              0.81               1.58867462374292
452               0.02                   5020             100000.0         17.15             2.43              0.81               1.58971032383046
453               0.02                   5030             100000.0         17.15             2.43              0.81               1.59074484667151
454               0.02                   5040             100000.0         17.15             2.43              0.81               1.59178269516596
455               0.02                   5050             100000.0         17.15             2.43              0.81               1.59281931861216
456               0.02                   5060             100000.0         17.15             2.43              0.81               1.59385696366851
457               0.02                   5070             100000.0         17.15             2.43              0.81               1.59489332028164
458               0.02                   5080             100000.0         17.15             2.43              0.81               1.59593295038997
459               0.02                   5090             100000.0         17.15             2.43              0.81               1.59697124291797
460               0.02                   5100             100000.0         17.15             2.43              0.81               1.59801278952994
461               0.02                   5110             100000.0         17.15             2.43              0.81               1.59905294879362
462               0.02                   5120             100000.0         17.15             2.43              0.81               1.60009401134903
463               0.02                   5130             100000.0         17.15             2.43              0.81               1.60113362100295
464               0.02                   5140             100000.0         17.15             2.43              0.81               1.60217408315186
465               0.02                   5150             100000.0         17.15             2.43              0.81               1.60415791703261
466               0.02                   5160             100000.0         17.15             2.43              0.81               1.60520308304591
467               0.02                   5170            100000.0        17.15             2.43              0.81               1.6062490536883
468               0.02                   5180             100000.0         17.15             2.43              0.81               1.60729581042874
469               0.02                   5190             100000.0         17.15             2.43              0.81               1.60834333459219
470               0.02                   5200            100000.0        17.15             2.43              0.81               1.6093916073593
471               0.02                   5210             100000.0         17.15             2.43              0.81               1.61044060976595
472               0.02                   5220             100000.0         17.15             2.43              0.81               1.61148790978604
473               0.02                   5230             100000.0         17.15             2.43              0.81               1.61253830623567
474               0.02                   5240             100000.0         17.15             2.43              0.81               1.61358694609894
475               0.02                   5250             100000.0         17.15             2.43              0.81               1.61463622269755
476               0.02                   5260             100000.0         17.15             2.43              0.81               1.61568611629009
477               0.02                   5270             100000.0         17.15             2.43              0.81               1.61673660698881
478               0.02                   5280             100000.0         17.15             2.43              0.81               1.61778767475916
479               0.02                   5290             100000.0         17.15             2.43              0.81               1.61883929941956
480               0.02                   5300             100000.0         17.15             2.43              0.81               1.61989146064109
481               0.02                   5310             100000.0         17.15             2.43              0.81               1.62094413794722
482               0.02                   5320             100000.0         17.15             2.43              0.81               1.62199731071351
483               0.02                   5330            100000.0        17.15             2.43              0.81               1.6230534572135
484               0.02                   5340             100000.0         17.15             2.43              0.81               1.62511154282261
485               0.02                   5350            100000.0        17.15             2.43              0.81               1.6261692650852
486               0.02                   5360             100000.0         17.15             2.43              0.81               1.62722740485192
487               0.02                   5370             100000.0         17.15             2.43              0.81               1.62828594070926
488               0.02                   5380             100000.0         17.15             2.43              0.81               1.62934485109385
489               0.02                   5390            100000.0       17.15             2.43              0.81               1.630404114292
490               0.02                   5400             100000.0         17.15             2.43              0.81               1.63146370843972
491               0.02                   5410             100000.0         17.15             2.43              0.81               1.63252361152239
492               0.02                   5420             100000.0         17.15             2.43              0.81               1.63358637842757
493               0.02                   5430             100000.0         17.15             2.43              0.81               1.63464684081556
494               0.02                   5440             100000.0         17.15             2.43              0.81               1.63571013845086
495               0.02                   5450             100000.0         17.15             2.43              0.81               1.63677367170429
496               0.02                   5460             100000.0         17.15             2.43              0.81               1.63783741784768
497               0.02                   5470             100000.0         17.15             2.43              0.81               1.63890135400087
498               0.02                   5480             100000.0         17.15             2.43              0.81               1.63996545713164
499               0.02                   5490             100000.0         17.15             2.43              0.81               1.64102970405558
500               0.02                   5500            100000.0       17.15             2.43              0.81               1.642094071436
501               0.02                   5510             100000.0         17.15             2.43              0.81               1.64315853578386
502               0.02                   5520            100000.0        17.15             2.43              0.81               1.6452904916716
503               0.02                   5530             100000.0         17.15             2.43              0.81               1.64636106025239
504               0.02                   5540             100000.0         17.15             2.43              0.81               1.64743167618473
505               0.02                   5550             100000.0         17.15             2.43              0.81               1.64850231535038
506               0.02                   5560             100000.0         17.15             2.43              0.81               1.64957565182227
507               0.02                   5570             100000.0         17.15             2.43              0.81               1.65064897951052
508               0.02                   5580             100000.0         17.15             2.43              0.81               1.65172227387316
509               0.02                   5590             100000.0         17.15             2.43              0.81               1.65279551021382
510               0.02                   5600             100000.0         17.15             2.43              0.81               1.65386866368164
511               0.02                   5610             100000.0         17.15             2.43              0.81               1.65494170927134
512               0.02                   5620             100000.0         17.15             2.43              0.81               1.65601737046599
513               0.02                   5630             100000.0         17.15             2.43              0.81               1.65709289017178
514               0.02                   5640             100000.0         17.15             2.43              0.81               1.65817100850774
515               0.02                   5650             100000.0         17.15             2.43              0.81               1.65924617724698
516               0.02                   5660             100000.0         17.15             2.43              0.81               1.66032391025481
517               0.02                   5670             100000.0         17.15             2.43              0.81               1.66140141611748
518               0.02                   5680             100000.0         17.15             2.43              0.81               1.66248146836303
519               0.02                   5690             100000.0         17.15             2.43              0.81               1.66356125834534
520               0.02                   5700             100000.0         17.15             2.43              0.81               1.66576883018961
521               0.02                   5710            100000.0        17.15             2.43              0.81               1.6668514497279
522               0.02                   5720             100000.0         17.15             2.43              0.81               1.66793373203937
523               0.02                   5730            100000.0        17.15             2.43              0.81               1.6690184998339
524               0.02                   5740             100000.0         17.15             2.43              0.81               1.67010289386714
525               0.02                   5750             100000.0         17.15             2.43              0.81               1.67118688703001
526               0.02                   5760             100000.0         17.15             2.43              0.81               1.67227332759446
527               0.02                   5770             100000.0         17.15             2.43              0.81               1.67335932998223
528               0.02                   5780             100000.0         17.15             2.43              0.81               1.67444486664753
529               0.02                   5790             100000.0         17.15             2.43              0.81               1.67553281157109
530               0.02                   5800             100000.0         17.15             2.43              0.81               1.67662025268967
531               0.02                   5810             100000.0         17.15             2.43              0.81               1.67771008122563
532               0.02                   5820             100000.0         17.15             2.43              0.81               1.67879936738647
533               0.02                   5830             100000.0         17.15             2.43              0.81               1.67989101971152
534               0.02                   5840             100000.0         17.15             2.43              0.81               1.68097914497167
535               0.02                   5850            100000.0        17.15             2.43              0.81               1.6820695970425
536               0.02                   5860             100000.0         17.15             2.43              0.81               1.68315941041203
537               0.02                   5870             100000.0         17.15             2.43              0.81               1.68425152837438
538               0.02                   5880             100000.0         17.15             2.43              0.81               1.68534296749524
539               0.02                   5890             100000.0         17.15             2.43              0.81               1.68763420793944
540               0.02                   5900             100000.0         17.15             2.43              0.81               1.68872777614473
541               0.02                   5910             100000.0         17.15             2.43              0.81               1.68982661204537
542               0.02                   5920             100000.0         17.15             2.43              0.81               1.69092469073647
543               0.02                   5930             100000.0         17.15             2.43              0.81               1.69202198241605
544               0.02                   5940             100000.0         17.15             2.43              0.81               1.69312149967812
545               0.02                   5950             100000.0         17.15             2.43              0.81               1.69422018789828
546               0.02                   5960             100000.0         17.15             2.43              0.81               1.69532107747228
547               0.02                   5970             100000.0         17.15             2.43              0.81               1.69642109546972
548               0.02                   5980             100000.0         17.15             2.43              0.81               1.69752021135639
549               0.02                   5990            100000.0        17.15             2.43              0.81               1.6986214823262
550               0.02                   6000             100000.0         17.15             2.43              0.81               1.69972180784833
551               0.02                   6010             100000.0         17.15             2.43              0.81               1.70082426307364
552               0.02                   6020             100000.0         17.15             2.43              0.81               1.70192572900666
553               0.02                   6030             100000.0         17.15             2.43              0.81               1.70302929882373
554               0.02                   6040             100000.0         17.15             2.43              0.81               1.70413183499473
555               0.02                   6050             100000.0         17.15             2.43              0.81               1.70523644878924
556               0.02                   6060             100000.0         17.15             2.43              0.81               1.70760246617569
557               0.02                   6070             100000.0         17.15             2.43              0.81               1.70871175498269
558               0.02                   6080             100000.0         17.15             2.43              0.81               1.70982310133047
559               0.02                   6090             100000.0         17.15             2.43              0.81               1.71093331264808
560               0.02                   6100            100000.0        17.15             2.43              0.81               1.7120423565671
561               0.02                   6110            100000.0       17.15             2.43              0.81               1.713153407462
562               0.02                   6120             100000.0         17.15             2.43              0.81               1.71426324443028
563               0.02                   6130             100000.0         17.15             2.43              0.81               1.71537506027559
564               0.02                   6140             100000.0         17.15             2.43              0.81               1.71648561514854
565               0.02                   6150             100000.0         17.15             2.43              0.81               1.71759812034631
566               0.02                   6160             100000.0         17.15             2.43              0.81               1.71871257084265
567               0.02                   6170             100000.0         17.15             2.43              0.81               1.71982569825891
568               0.02                   6180             100000.0         17.15             2.43              0.81               1.72094074179651
569               0.02                   6190             100000.0         17.15             2.43              0.81               1.72205441394641
570               0.02                   6200             100000.0         17.15             2.43              0.81               1.72316997258232
571               0.02                   6210             100000.0         17.15             2.43              0.81               1.72428741222392
572               0.02                   6220            100000.0        17.15             2.43              0.81               1.7254034165603
573               0.02                   6230             100000.0         17.15             2.43              0.81               1.72784786302655
574               0.02                   6240             100000.0         17.15             2.43              0.81               1.72896805375016
575               0.02                   6250             100000.0         17.15             2.43              0.81               1.73009007495967
576               0.02                   6260             100000.0         17.15             2.43              0.81               1.73121056259185
577               0.02                   6270            100000.0        17.15             2.43              0.81               1.7323328494487
578               0.02                   6280             100000.0         17.15             2.43              0.81               1.73345355195881
579               0.02                   6290             100000.0         17.15             2.43              0.81               1.73457602196547
580               0.02                   6300             100000.0         17.15             2.43              0.81               1.73570025312257
581               0.02                   6310             100000.0         17.15             2.43              0.81               1.73682623902021
582               0.02                   6320             100000.0         17.15             2.43              0.81               1.73795055690221
583               0.02                   6330            100000.0        17.15             2.43              0.81               1.7390765969679
584               0.02                   6340             100000.0         17.15             2.43              0.81               1.74020435253577
585               0.02                   6350             100000.0         17.15             2.43              0.81               1.74133037124227
586               0.02                   6360             100000.0         17.15             2.43              0.81               1.74245461683311
587               0.02                   6370             100000.0         17.15             2.43              0.81               1.74358051810431
588               0.02                   6380             100000.0         17.15             2.43              0.81               1.74470806795702
589               0.02                   6390             100000.0         17.15             2.43              0.81               1.74583725922556
590               0.02                   6400             100000.0         17.15             2.43              0.81               1.74696458987926
591               0.02                   6410             100000.0         17.15             2.43              0.81               1.74809352760542
592               0.02                   6420             100000.0         17.15             2.43              0.81               1.74922406495991
593               0.02                   6430             100000.0         17.15             2.43              0.81               1.75176443815605
594               0.02                   6440             100000.0         17.15             2.43              0.81               1.75289859354994
595               0.02                   6450             100000.0         17.15             2.43              0.81               1.75403431588114
596               0.02                   6460             100000.0         17.15             2.43              0.81               1.75517159735242
597               0.02                   6470             100000.0         17.15             2.43              0.81               1.75630685568602
598               0.02                   6480             100000.0         17.15             2.43              0.81               1.75744363720894
599               0.02                   6490             100000.0         17.15             2.43              0.81               1.75858193383823
600               0.02                   6500             100000.0         17.15             2.43              0.81               1.75971452816092
601               0.02                   6510             100000.0         17.15             2.43              0.81               1.76085219547323
602               0.02                   6520             100000.0         17.15             2.43              0.81               1.76199133287253
603               0.02                   6530            100000.0        17.15             2.43              0.81               1.7631282969213
604               0.02                   6540             100000.0         17.15             2.43              0.81               1.76426669375802
605               0.02                   6550             100000.0         17.15             2.43              0.81               1.76540651472192
606               0.02                   6560            100000.0        17.15             2.43              0.81               1.7665440855632
607               0.02                   6570             100000.0         17.15             2.43              0.81               1.76768671827679
608               0.02                   6580             100000.0         17.15             2.43              0.81               1.76882706269645
609               0.02                   6590             100000.0         17.15             2.43              0.81               1.76996877531212
610               0.02                   6600             100000.0         17.15             2.43              0.81               1.77259284131932
611               0.02                   6610             100000.0         17.15             2.43              0.81               1.77374138198766
612               0.02                   6620             100000.0         17.15             2.43              0.81               1.77488753521596
613               0.02                   6630            100000.0        17.15             2.43              0.81               1.7760350086535
614               0.02                   6640             100000.0         17.15             2.43              0.81               1.77718003434402
615               0.02                   6650             100000.0         17.15             2.43              0.81               1.77833010926413
616               0.02                   6660             100000.0         17.15             2.43              0.81               1.77947769639619
617               0.02                   6670             100000.0         17.15             2.43              0.81               1.78062275472535
618               0.02                   6680             100000.0         17.15             2.43              0.81               1.78177284335096
619               0.02                   6690            100000.0        17.15             2.43              0.81               1.7829241730651
620               0.02                   6700            100000.0        17.15             2.43              0.81               1.7840729127297
621               0.02                   6710             100000.0         17.15             2.43              0.81               1.78522668397861
622               0.02                   6720             100000.0         17.15             2.43              0.81               1.78637782384419
623               0.02                   6730             100000.0         17.15             2.43              0.81               1.78753014313729
624               0.02                   6740             100000.0         17.15             2.43              0.81               1.78867976819407
625               0.02                   6750             100000.0         17.15             2.43              0.81               1.78983440448888
626               0.02                   6760             100000.0         17.15             2.43              0.81               1.79099018877146
627               0.02                   6770             100000.0         17.15             2.43              0.81               1.79214321531887
628               0.02                   6780             100000.0         17.15             2.43              0.81               1.79485799913256
629               0.02                   6790             100000.0         17.15             2.43              0.81               1.79601748694475
630               0.02                   6800             100000.0         17.15             2.43              0.81               1.79717806739436
631               0.02                   6810            100000.0      17.15             2.43              0.81               1.79833578017
632               0.02                   6820             100000.0         17.15             2.43              0.81               1.79949454191591
633               0.02                   6830            100000.0        17.15             2.43              0.81               1.8006543413666
634               0.02                   6840             100000.0         17.15             2.43              0.81               1.80181516717552
635               0.02                   6850             100000.0         17.15             2.43              0.81               1.80297700791476
636               0.02                   6860            100000.0        17.15             2.43              0.81               1.8041398520748
637               0.02                   6870             100000.0         17.15             2.43              0.81               1.80530368806424
638               0.02                   6880             100000.0         17.15             2.43              0.81               1.80646850420952
639               0.02                   6890             100000.0         17.15             2.43              0.81               1.80763428875468
640               0.02                   6900             100000.0         17.15             2.43              0.81               1.80879698312742
641               0.02                   6910             100000.0         17.15             2.43              0.81               1.80996060028449
642               0.02                   6920             100000.0         17.15             2.43              0.81               1.81112512815564
643               0.02                   6930             100000.0         17.15             2.43              0.81               1.81229055458748
644               0.02                   6940             100000.0         17.15             2.43              0.81               1.81345686734323
645               0.02                   6950             100000.0         17.15             2.43              0.81               1.81626299505276
646               0.02                   6960             100000.0         17.15             2.43              0.81               1.81743545042217
647               0.02                   6970             100000.0         17.15             2.43              0.81               1.81860462757994
648               0.02                   6980             100000.0         17.15             2.43              0.81               1.81977877461054
649               0.02                   6990             100000.0         17.15             2.43              0.81               1.82094959590876
650               0.02                   7000             100000.0         17.15             2.43              0.81               1.82212538377739
651               0.02                   7010             100000.0         17.15             2.43              0.81               1.82329779796716
652               0.02                   7020             100000.0         17.15             2.43              0.81               1.82447098358789
653               0.02                   7030             100000.0         17.15             2.43              0.81               1.82564913031762
654               0.02                   7040             100000.0         17.15             2.43              0.81               1.82682383065328
655               0.02                   7050             100000.0         17.15             2.43              0.81               1.82799926291382
656               0.02                   7060             100000.0         17.15             2.43              0.81               1.82917541375128
657               0.02                   7070             100000.0         17.15             2.43              0.81               1.83034802200767
658               0.02                   7080            100000.0        17.15             2.43              0.81               1.8315255583186
659               0.02                   7090             100000.0         17.15             2.43              0.81               1.83269950233006
660               0.02                   7100             100000.0         17.15             2.43              0.81               1.83387836960085
661               0.02                   7110            100000.0        17.15             2.43              0.81               1.8350535944249
662               0.02                   7120             100000.0         17.15             2.43              0.81               1.83795809373492
663               0.02                   7130             100000.0         17.15             2.43              0.81               1.83914342642719
664               0.02                   7140             100000.0         17.15             2.43              0.81               1.84032503538016
665               0.02                   7150             100000.0         17.15             2.43              0.81               1.84151157571023
666               0.02                   7160             100000.0         17.15             2.43              0.81               1.84269434090229
667               0.02                   7170             100000.0         17.15             2.43              0.81               1.84388203176379
668               0.02                   7180             100000.0         17.15             2.43              0.81               1.84506589565446
669               0.02                   7190             100000.0         17.15             2.43              0.81               1.84625467923074
670               0.02                   7200             100000.0         17.15             2.43              0.81               1.84743958356864
671               0.02                   7210             100000.0         17.15             2.43              0.81               1.84862940133004
672               0.02                   7220             100000.0         17.15             2.43              0.81               1.84981528715021
673               0.02                   7230             100000.0         17.15             2.43              0.81               1.85100163557289
674               0.02                   7240             100000.0         17.15             2.43              0.81               1.85218843156914
675               0.02                   7250             100000.0         17.15             2.43              0.81               1.85337566002035
676               0.02                   7260             100000.0         17.15             2.43              0.81               1.85456330571802
677               0.02                   7270             100000.0         17.15             2.43              0.81               1.85575584425622
678               0.02                   7280            100000.0        17.15             2.43              0.81               1.8569442901614
679               0.02                   7290            100000.0        17.15             2.43              0.81               1.8599416691501
680               0.02                   7300             100000.0         17.15             2.43              0.81               1.86114008778218
681               0.02                   7310             100000.0         17.15             2.43              0.81               1.86233432512373
682               0.02                   7320             100000.0         17.15             2.43              0.81               1.86353345786491
683               0.02                   7330             100000.0         17.15             2.43              0.81               1.86473292987397
684               0.02                   7340             100000.0         17.15             2.43              0.81               1.86592813746768
685               0.02                   7350             100000.0         17.15             2.43              0.81               1.86712822823299
686               0.02                   7360             100000.0         17.15             2.43              0.81               1.86832399862256
687               0.02                   7370             100000.0         17.15             2.43              0.81               1.86952002014486
688               0.02                   7380             100000.0         17.15             2.43              0.81               1.87072091189329
689               0.02                   7390             100000.0         17.15             2.43              0.81               1.87191739851127
690               0.02                   7400             100000.0         17.15             2.43              0.81               1.87311874637202
691               0.02                   7410             100000.0         17.15             2.43              0.81               1.87432030347042
692               0.02                   7420             100000.0         17.15             2.43              0.81               1.87552205314643
693               0.02                   7430             100000.0         17.15             2.43              0.81               1.87671928311662
694               0.02                   7440             100000.0         17.15             2.43              0.81               1.87792135551894
695               0.02                   7450             100000.0         17.15             2.43              0.81               1.87912356994548
696               0.02                   7460            100000.0       17.15             2.43              0.81               1.882221662924
697               0.02                   7470             100000.0         17.15             2.43              0.81               1.88342897324639
698               0.02                   7480             100000.0         17.15             2.43              0.81               1.88463638090579
699               0.02                   7490             100000.0         17.15             2.43              0.81               1.88584865215116
700               0.02                   7500             100000.0         17.15             2.43              0.81               1.88705621453883
701               0.02                   7510             100000.0         17.15             2.43              0.81               1.88826382191019
702               0.02                   7520             100000.0         17.15             2.43              0.81               1.88947145662132
703               0.02                   7530             100000.0         17.15             2.43              0.81               1.89189158201575
704               0.02                   7540             100000.0         17.15             2.43              0.81               1.89431652176622
705               0.02                   7550            100000.0        17.15             2.43              0.81               1.8967364168334
706               0.02                   7560             100000.0         17.15             2.43              0.81               1.89916580511888
707               0.02                   7570             100000.0         17.15             2.43              0.81               1.90357578030329
708               0.02                   7580             100000.0         17.15             2.43              0.81               1.90601426506034
709               0.02                   7590             100000.0         17.15             2.43              0.81               1.90845709283376
710               0.02                   7600             100000.0         17.15             2.43              0.81               1.91089411501287
711               0.02                   7610            100000.0        17.15             2.43              0.81               1.9133402868826
712               0.02                   7620             100000.0         17.15             2.43              0.81               1.91578543191461
713               0.02                   7630             100000.0         17.15             2.43              0.81               1.91822939385235
714               0.02                   7640             100000.0         17.15             2.43              0.81               1.92068229126587
715               0.02                   7650             100000.0         17.15             2.43              0.81               1.92520281678976
716               0.02                   7660             100000.0         17.15             2.43              0.81               1.92766308819518
717               0.02                   7670             100000.0         17.15             2.43              0.81               1.93012689329961
718               0.02                   7680             100000.0         17.15             2.43              0.81               1.93258888691182
719               0.02                   7690             100000.0         17.15             2.43              0.81               1.93505418872902
720               0.02                   7700             100000.0         17.15             2.43              0.81               1.93752271021902
721               0.02                   7710             100000.0         17.15             2.43              0.81               1.93999436174058
722               0.02                   7720             100000.0         17.15             2.43              0.81               1.94246368835283
723               0.02                   7730            100000.0        17.15             2.43              0.81               1.9470958399254
724               0.02                   7740             100000.0         17.15             2.43              0.81               1.94958694410842
725               0.02                   7750             100000.0         17.15             2.43              0.81               1.95206991987096
726               0.02                   7760             100000.0         17.15             2.43              0.81               1.95455548934364
727               0.02                   7770             100000.0         17.15             2.43              0.81               1.95704355532571
728               0.02                   7780             100000.0         17.15             2.43              0.81               1.95953401946919
729               0.02                   7790             100000.0         17.15             2.43              0.81               1.96202678227401
730               0.02                   7800             100000.0         17.15             2.43              0.81               1.96452174308398
731               0.02                   7810             100000.0         17.15             2.43              0.81               1.96926697564054
732               0.02                   7820             100000.0         17.15             2.43              0.81               1.97177696436513
733               0.02                   7830             100000.0         17.15             2.43              0.81               1.97428887622666
734               0.02                   7840             100000.0         17.15             2.43              0.81               1.97679687857807
735               0.02                   7850             100000.0         17.15             2.43              0.81               1.97930653618638
736               0.02                   7860             100000.0         17.15             2.43              0.81               1.98181774079886
737               0.02                   7870             100000.0         17.15             2.43              0.81               1.98433038297522
738               0.02                   7880             100000.0         17.15             2.43              0.81               1.98684435208453
739               0.02                   7890             100000.0         17.15             2.43              0.81               1.99171610403242
740               0.02                   7900             100000.0         17.15             2.43              0.81               1.99424960220818
741               0.02                   7910             100000.0         17.15             2.43              0.81               1.99677823265283
742               0.02                   7920             100000.0         17.15             2.43              0.81               1.99930776680493
743               0.02                   7930             100000.0         17.15             2.43              0.81               2.00184408840046
744               0.02                   7940            100000.0        17.15             2.43              0.81               2.0043751062766
745               0.02                   7950            100000.0        17.15             2.43              0.81               2.0069127312489
746               0.02                   7960             100000.0         17.15             2.43              0.81               2.00945084213495
747               0.02                   7970             100000.0         17.15             2.43              0.81               2.01444614549323
748               0.02                   7980             100000.0         17.15             2.43              0.81               2.01699648624426
749               0.02                   7990             100000.0         17.15             2.43              0.81               2.01955316934847
750               0.02                   8000             100000.0         17.15             2.43              0.81               2.02210370595017
