,Simulation Number,ExitSlit.openingHeight,SU.photonEnergy,SU.numberRays,SU.electronSigmaX,SU.electronSigmaY,SU.electronSigmaYs,PG.cFactor,SourcePhotonFlux,NumberRaysSurvived,PercentageRaysSurvived,PhotonEnergy,Bandwidth,HorizontalFocusFWHM,VerticalFocusFWHM,HorizontalCenter,VerticalCenter,PhotonFlux1,PhotonFlux3,PhotonFlux5,EnergyPerMilPerBw,FluxPerMilPerBwPerc,FluxPerMilPerBwAbs1,FluxPerMilPerBwAbs3,FluxPerMilPerBwAbs5,AXUVCurrentAmp1,AXUVCurrentAmp3,AXUVCurrentAmp5,GaAsPCurrentAmp1,GaAsPCurrentAmp3,GaAsPCurrentAmp5
0,0,0.02,500,100000.0,17.15,2.43,0.81,1.17577026432641,,732.0,0.0001188116365604,500.0,0.0365866040070272,0.0003697236614769,0.0003607604054385,-1.3417689096873844e-05,1.879607098150485e-05,2554450186.0494995,1808171020.220522,1497026620.6615672,13.666204163249576,0.0016237040822048,34909637767.40333,24710834324.40493,20458671435.78056,5.5429305721343655e-08,3.9235709047541793e-08,3.248415125995024e-08,3.099519241843051e-08,2.1939988888113267e-08,1.8164624394056952e-08
1,1,0.02,502,100000.0,17.15,2.43,0.81,1.17662360156545,,746.0,0.0001055340930225,502.0,0.0372981857625518,0.0005067672369671,0.0003434027345477,-9.228326203070208e-07,-5.449983387314862e-06,2267423526.606924,1604857765.433808,1329729572.0840516,13.45909967835536,0.0014203938774552,30517479257.65063,21599940634.55627,17896962855.93607,4.9399709526412655e-08,3.4964578303672846e-08,2.8970438843391577e-08,2.7638711720853666e-08,1.95623802131819e-08,1.6208710846589208e-08
2,2,0.02,504,100000.0,17.15,2.43,0.81,1.17747901516844,,704.0,8.491806143307807e-05,504.0,0.0365928989850203,0.0003838789447191,0.0003824576148608,5.651965542142412e-07,-6.09676417799976e-06,1821478316.7162752,1290754533.7827866,1069967574.0567836,13.773164028526866,0.0011695903891023,25087519630.53827,17777773914.35504,14736838902.689049,3.984507383760084e-08,2.8235422421887805e-08,2.340567911288068e-08,2.2305221807238894e-08,1.5806153666779487e-08,1.3102469486935631e-08
3,3,0.02,506,100000.0,17.15,2.43,0.81,1.17837189466193,,680.0,6.832659662438763e-05,506.0,0.0376365578970308,0.0003658831849591,0.0003922318412285,-1.2775746123482514e-05,2.310365875586428e-06,1463176135.4727347,1038564268.6906918,860915117.4672841,13.44437505109677,0.0009186083909832,19671488731.10982,13962847542.945702,11574465726.389198,3.2134179834954955e-08,2.2808881426625112e-08,1.890736223522872e-08,1.8000549860721485e-08,1.27768130226444e-08,1.0591305531928912e-08
4,4,0.02,508,100000.0,17.15,2.43,0.81,1.1791362468331,,673.0,5.550691369625984e-05,508.0,0.0338796692960272,0.0004669923990739,0.0003847700140628,-1.831183384197416e-06,-1.6952439816711443e-06,1186685396.734894,843705088.1831495,699387112.572874,14.994243171658356,0.0008322841616699,17793449406.898872,12650719257.3836,10486780437.04167,2.6166851276643764e-08,1.8604008800125244e-08,1.5421744136945926e-08,1.4666979901465332e-08,1.042787381153792e-08,8.644158554301172e-09
5,5,0.02,510,100000.0,17.15,2.43,0.81,1.18000708146274,,708.0,4.564716151096922e-05,510.0,0.0425625572294734,0.0004805563627931,0.0003779388003465,-9.905966152042983e-06,1.5124179697875869e-05,974277785.6554688,693836854.9667323,575154235.0382122,11.98236274315864,0.0005469608474199,11674149840.325188,8313804880.783737,6891706677.491782,2.1572541033197163e-08,1.5362994255323535e-08,1.2735113659018193e-08,1.2097990439295945e-08,8.615645108003163e-09,7.141916339528936e-09
6,6,0.02,512,100000.0,17.15,2.43,0.81,1.18089388467086,,697.0,3.505746856257567e-05,512.0,0.0307931370047072,0.0004059247944275,0.0004293060762653,5.90019667449984e-06,-4.230198843115152e-06,747014253.7203248,532873522.15115017,441724103.8884534,16.62708154488232,0.000582903388547,12420666911.79725,8860131505.915829,7344582695.693385,1.6602866080950843e-08,1.1843452360244327e-08,9.817598667044641e-09,9.316961906704503e-09,6.646141331638479e-09,5.509301367016107e-09
7,7,0.02,514,100000.0,17.15,2.43,0.81,1.18169303123046,,695.0,2.7824238290572424e-05,514.0,0.0329292715794053,0.0003879966201911,0.0003150498587048,-2.294131303526398e-06,-1.188451842900573e-05,592656275.5891926,422928422.0167008,350585402.4612125,15.609212574306246,0.0004343144501956,9250897789.168331,6601579642.974585,5472362072.465775,1.3226544156510106e-08,9.438660618730217e-09,7.824152881315838e-09,7.424578352421171e-09,5.2982906552489115e-09,4.3920040957984405e-09
8,8,0.02,516,100000.0,17.15,2.43,0.81,1.18256256858225,,680.0,2.0245021970265475e-05,516.0,0.0229789162849556,0.0003807269356825,0.0004006468785404,4.37906383008962e-06,-2.1778565782006225e-06,431218967.9666546,307724333.9480352,255087276.82534492,22.455367067846748,0.0004546093996389,9683180212.309278,6910062874.511785,5728078435.450559,9.663625743000645e-09,6.896108511437077e-09,5.716511002901789e-09,5.426237472091775e-09,3.8722445810232385e-09,3.2098869553218954e-09
9,9,0.02,518,100000.0,17.15,2.43,0.81,1.18333929872482,,692.0,1.5299983514365686e-05,518.0,0.0425209504536496,0.0004394499763999,0.0003636330469184,1.7874251470966652e-06,-7.004159600879996e-06,325889648.8559891,232559749.4183584,192779792.28100765,12.182230041274602,0.0001863879187997,3970062670.4338617,2833096365.7556195,2348487776.876369,7.332041466090633e-09,5.232254942937916e-09,4.337263965856431e-09,4.119193305839014e-09,2.9395182276409863e-09,2.4367058992287123e-09
10,10,0.02,520,100000.0,17.15,2.43,0.81,1.18413280440169,,639.0,9.810535154503103e-06,520.0,0.0376642019439259,0.0004049428472804,0.0003860778762325,4.424773978403746e-06,9.707016403161803e-06,208637914.29080617,149120134.3484472,123612742.94673912,13.806213145685932,0.0001354463394163,2880499514.970223,2058784359.127984,1706623876.6455655,4.712172305920937e-09,3.367938994791449e-09,2.791844166735017e-09,2.649013774537093e-09,1.893334158810969e-09,1.56947436848804e-09
11,11,0.02,522,100000.0,17.15,2.43,0.81,1.184814908884,,772.0,6.6361873168286416e-06,522.0,0.0435520587664086,0.0004185832825899,0.0003779490092619,8.225073316176225e-06,-7.218100561801325e-06,140895094.44439736,100797340.13565645,83615960.19204088,11.985656127067276,7.953905917431334e-05,1688720152.0012136,1208122257.3890145,1002192145.596348,3.194647916268981e-09,2.2854735567596987e-09,1.8959038570342182e-09,1.7968824018050223e-09,1.285502290571184e-09,1.066382388766567e-09
12,12,0.02,524,100000.0,17.15,2.43,0.81,1.18564428721044,,701.0,4.274479330617281e-06,524.0,0.0345504185211211,0.0003915209229084,0.0003535952435708,-1.3582782165802395e-06,4.868988139154436e-06,90601617.93456784,64874830.57239358,53858439.56577774,15.166241754196731,6.482778690145869e-05,1374086040.9170222,983907364.223474,816830114.9583796,2.0621671580726467e-09,1.4766043702280763e-09,1.2258622725457074e-09,1.160649731064169e-09,8.31077373376062e-10,6.89952175497581e-10
13,13,0.02,526,100000.0,17.15,2.43,0.81,1.18623535979449,,690.0,2.516216360030256e-06,526.0,0.0260063708899451,0.0004596400975201,0.0003557141678558,-2.82513358179324e-06,-1.2274148874505404e-06,53244530.0823588,38159556.10636506,31704326.136381228,20.22581321422925,5.089252210455978e-05,1076913920.1251996,771808054.1452409,641245778.5174532,1.2166044635353291e-09,8.71922171417798e-10,7.244241733608782e-10,6.85157438747823e-10,4.910420598162723e-10,4.0797533303849744e-10
14,14,0.02,528,100000.0,17.15,2.43,0.81,1.18691311580508,,726.0,1.195484593533414e-06,528.0,0.0336852923514925,0.0004682524121785,0.0004787096497602,6.261683796287704e-06,4.546643870337186e-06,25254807.96371181,18115960.719116434,15063105.878521018,15.674496587131603,1.873861918130791e-05,395856401.2358648,283958564.4644007,236106601.68447968,5.792508182144598e-10,4.1551236835248944e-10,3.454912988260133e-10,3.2645130020138937e-10,2.3417239757477264e-10,1.947102708593176e-10
15,15,0.02,530,100000.0,17.15,2.43,0.81,1.18740617352132,,700.0,7.732884984680032e-07,530.0,0.0339085934210743,0.0004059477822486,0.0003381537156288,-1.2633481341330064e-05,3.791168866124861e-06,16316387.31767487,11709024.873329831,9743435.080696842,15.63025612470858,1.2086697289346208e-05,255029312.80520505,183015057.74072868,152292385.84576222,3.7568216084918656e-10,2.6959839088180436e-10,2.243410060047276e-10,2.1186839069903312e-10,1.5204176073217034e-10,1.2651856506198187e-10
16,16,0.02,532,100000.0,17.15,2.43,0.81,1.18810554884438,,728.0,4.09662137292337e-07,532.0,0.0286469213679083,0.0004358832843584,0.0004328718226283,1.689994769757355e-06,9.656930363241835e-06,8643871.096868312,6198213.503679219,5161742.929883447,18.570930997003103,7.607807283740804e-06,160524733.68693098,115106595.28151962,95858371.77513412,1.998115956852689e-10,1.4327781114376255e-10,1.1931877277888091e-10,1.12742919313895e-10,8.08439502515e-11,6.732515560924534e-11
17,17,0.02,534,100000.0,17.15,2.43,0.81,1.18943277689967,,765.0,4.3760596398133974e-07,534.0,0.0382977079229931,0.0004413283418208,0.0004644420100154,-8.065984622918643e-06,-3.659929697951251e-06,9233485.840006266,6615843.163162695,5513835.146164879,13.94339319401926,6.1017120198396486e-06,128746123.61861658,92247302.53394158,76881571.44997957,2.1421983204109347e-10,1.5348968263777263e-10,1.279227433041601e-10,1.2097460387593955e-10,8.66789660846447e-11,7.224075871264638e-11
18,18,0.02,536,100000.0,17.15,2.43,0.81,1.19165789569026,,736.0,8.61338631884581e-07,536.0,0.0335311038977579,0.0004353465316721,0.0004448798875598,8.388761340046176e-06,-1.462846917169104e-06,18160125.921183504,13011785.46989037,10852866.76174572,15.985158187286515,1.3768634283495978e-05,290292485.55116063,207995449.0352338,173484791.9720493,4.2297670108732406e-10,3.0306409312339884e-10,2.5277962279263246e-10,2.390031783673025e-10,1.7124650440389743e-10,1.4283324144951948e-10
19,19,0.02,538,100000.0,17.15,2.43,0.81,1.1933953170949,,746.0,1.3193458857286956e-06,538.0,0.0331431188267288,0.000383293100668,0.000557956062136,-1.4192559688937318e-06,-2.6725855647917625e-06,27769880.543104302,19915094.407374088,16623758.160181563,16.232630453779773,2.1416454203748674e-05,450778208.6018213,323274367.9670399,269847322.9672333,6.493594315991482e-10,4.656863526849793e-10,3.88723103550322e-10,3.6713347432321036e-10,2.6328877396159856e-10,2.1977545348756566e-10
20,20,0.02,540,100000.0,17.15,2.43,0.81,1.19462031821519,,686.0,5.258597323840119e-06,540.0,0.0489025060755921,0.000336986650685,0.0003991120312971,-8.65076995834081e-06,-8.762126610370706e-07,110498007.7575972,79314773.35562299,66258326.28038549,11.042378874515826,5.806742399835759e-05,1220160866.538577,875823777.7391421,731649542.3793055,2.5936363863519726e-09,1.8616958470571166e-09,1.5552317134674636e-09,1.467501334820745e-09,1.053363206563143e-09,8.799632159229487e-10
21,21,0.02,542,100000.0,17.15,2.43,0.81,1.19557065892945,,696.0,1.0798570844380858e-05,542.0,0.0390462843723753,0.0002932366606226,0.0003961438358986,2.519563184806397e-06,-1.7988935584990327e-05,226526371.8126328,162746124.9905066,136061992.6391988,13.880962265988538,0.0001498945544174,3144404019.382445,2259072819.929076,1888671385.659929,5.33677555319143e-09,3.834165242113044e-09,3.2055089666822367e-09,3.0215167210160607e-09,2.170785388052388e-09,1.8148597117608395e-09
22,22,0.02,544,100000.0,17.15,2.43,0.81,1.19668353378915,,717.0,1.675254885394075e-05,544.0,0.0410868357647586,0.0003599783061634,0.0004517167503266,-6.038115371066071e-06,4.594074624264225e-06,350832727.4433766,252281384.30600265,211082115.55965343,13.240250554086323,0.0002218079442457,4645113213.923783,3340268738.3432164,2794780097.496415,8.25791392169423e-09,5.938208703693623e-09,4.968458767809976e-09,4.699987480060764e-09,3.379728443042653e-09,2.8277957635957155e-09
23,23,0.02,546,100000.0,17.15,2.43,0.81,1.19757869607337,,707.0,5.645685604646215e-05,546.0,0.0343463437928903,0.0003242614064467,0.0002813966921728,1.4071985829229563e-06,2.693278845804765e-06,1180324373.846347,849533819.8039864,711356386.185423,15.896888568180614,0.0008974883494804,18763485045.342934,13504944468.324802,11308353203.453323,2.7886726151499432e-08,2.007136132596297e-08,1.68067365016183e-08,1.5881686153338694e-08,1.1430781064706092e-08,9.57155432769262e-09
24,24,0.02,548,100000.0,17.15,2.43,0.81,1.19860065465315,,706.0,9.703172488729404e-05,548.0,0.0382541791669837,0.0004020055688798,0.0003651212426312,2.8194384932990507e-06,1.1686198599727077e-05,2025175565.262764,1458939016.4208467,1222599733.579905,14.32523222124097,0.001390001991838,29011110261.172043,20899640206.85752,17514025097.15948,4.80298319512682e-08,3.4600751158455714e-08,2.8995639071859484e-08,2.73693751385279e-08,1.971693216606441e-08,1.6522908594480825e-08
25,25,0.02,550,100000.0,17.15,2.43,0.81,1.19963845879841,,725.0,0.0001801997603576,550.0,0.0479721269639412,0.0004550363086627,0.0004768249700125,-3.0375690237835867e-06,3.4155642842038554e-06,3754621219.740495,2707302179.008965,2270516980.506319,11.464990918860302,0.0020659886160811,43046698188.08496,31039194896.94849,26031456562.623062,8.93743151993982e-08,6.444412475341212e-08,5.404696996182829e-08,5.0966371286280656e-08,3.6749743839423656e-08,3.0820688604185764e-08
26,26,0.02,552,100000.0,17.15,2.43,0.81,1.20065872263705,,714.0,0.0003882737247309,552.0,0.0357603769643901,0.000424844370804,0.0002465392852462,6.844509969762868e-06,2.1511947020727147e-06,8076285526.510899,5828803230.170272,4892248931.610057,15.436078891161475,0.0059934238463121,124666180534.76782,89973866501.96515,75517140463.53328,1.9296692605205682e-07,1.392677658802606e-07,1.1689064666118797e-07,1.100894223632689e-07,7.945355306869921e-08,6.668719885773392e-08
27,27,0.02,554,100000.0,17.15,2.43,0.81,1.20181115118366,,698.0,0.000585656953214,554.0,0.0449152093804059,0.0003533335080284,0.0003192901254718,-4.47665200727731e-06,-4.123205963896353e-06,12181664626.851778,8785030976.201729,7379277610.49675,12.334351940963678,0.0072236989776143,150252938734.3778,108357663872.73984,91018607117.9404,2.92165485387928e-07,2.107005009522491e-07,1.769848613407641e-07,1.667495001874208e-07,1.2025446187244406e-07,1.010117164596876e-07
28,28,0.02,556,100000.0,17.15,2.43,0.81,1.20295231364558,,630.0,0.0009621266548841,556.0,0.0375160883256739,0.0004786918664062,0.0004859666545179,-1.604262335653384e-05,-3.277178472809877e-06,20012234421.59003,14431899823.26204,12122795851.540112,14.820308428037889,0.0142590137722192,296587486462.16064,213885206583.2889,179663573529.96268,4.818495305439928e-07,3.4748764221922565e-07,2.918896194641495e-07,2.750965537671928e-07,1.9838693781287939e-07,1.6664502776281864e-07
29,29,0.02,558,100000.0,17.15,2.43,0.81,1.20410472404016,,668.0,0.0017728634389269,558.0,0.0432902064063682,0.0003500787336941,0.0004244993834375,-9.675540015802369e-08,6.229500861480977e-07,36865501685.37172,26592951583.90447,22338079330.47975,12.889751431582797,0.0228517690499096,475187153125.038,342776535748.64453,287932290028.8614,8.906993569337721e-07,6.425065112881242e-07,5.397054694820243e-07,5.089195575044592e-07,3.6710942572601284e-07,3.083719176098508e-07
30,30,0.02,560,100000.0,17.15,2.43,0.81,1.20514112000624,,687.0,0.0025974021814731,560.0,0.0323337086490482,0.000390039505728,0.0004822154874272,1.7258312131155784e-05,-4.856225146320774e-06,53919309549.08674,38961032722.09691,32727267486.561405,17.31938659057854,0.0449854125121451,933849366777.7062,674781187682.1769,566816197653.0286,1.3077406297432035e-06,9.449476614876932e-07,7.937560356496625e-07,7.475161205896293e-07,5.401404483503959e-07,4.5371797661433254e-07
31,31,0.02,562,100000.0,17.15,2.43,0.81,1.20653239223348,,636.0,0.0055581776495706,562.0,0.034878144414506,0.0004889038914583,0.0004344261407897,-5.071279120586884e-06,1.5274088956722671e-06,115185162542.68877,83372664743.55998,70033038384.59038,16.11324253151093,0.0895602645007555,1856006460081.8523,1343403967511.3325,1128459332709.5193,2.803950340627712e-06,2.0295392787253e-06,1.7048129941292518e-06,1.603309625922631e-06,1.1604983920791868e-06,9.74818649346517e-07
32,32,0.02,564,100000.0,17.15,2.43,0.81,1.20811897847302,,616.0,0.0093569955306227,564.0,0.038051157078371,0.0004199272018581,0.0004185217940473,-1.8627802074835585e-08,-2.0333542188852045e-06,193579011931.036,140354932959.34195,117898143685.84724,14.82215110668968,0.1386908016595111,2869257365925.5,2080362024892.666,1747504100909.8394,4.729060123435119e-06,3.428816533178185e-06,2.880205887869676e-06,2.705395640361332e-06,1.9615536826207548e-06,1.6477050934014342e-06
33,33,0.02,566,100000.0,17.15,2.43,0.81,1.2098506842126,,559.0,0.0120970856650088,566.0,0.049203527115651,0.0005243693476744,0.0004847451465139,2.861208743272644e-06,2.4028192511827755e-06,249838329890.706,181456284975.1332,152423279379.11188,11.503240380910878,0.1391556843130682,2873950365098.1025,2087335264696.024,1753361622344.66,6.125776561139202e-06,4.44911978821796e-06,3.7372606221030855e-06,3.505825820735617e-06,2.546263135359869e-06,2.13886103370229e-06
34,34,0.02,568,100000.0,17.15,2.43,0.81,1.21147483348648,,540.0,0.0358096613886986,568.0,0.0415628039603461,0.0004209848114527,0.0004167578655078,1.9486669188563323e-05,5.123030348549673e-06,738301441644.2262,537144920830.4796,451201733497.6028,13.666065469064884,0.4893771769630005,10089675837414.982,7340657654445.008,6166152429733.806,1.8167023030823024e-05,1.3217262756367864e-05,1.1102500715349005e-05,1.0402336183521286e-05,7.568131024241068e-06,6.357230060362496e-06
35,35,0.02,570,100000.0,17.15,2.43,0.81,1.21322571296527,,454.0,0.0509812698352213,570.0,0.0417318100635384,0.0005459865514785,0.000404227892696,8.659176509402434e-07,-3.716424020896679e-06,1049296096156.3647,764719047528.3204,642363999923.7892,13.658645506441037,0.6963350921475041,14331963408692.252,10445026382212.562,8773822161058.552,2.5912346936359333e-05,1.8884722187552287e-05,1.5863166637543923e-05,1.4844594444628804e-05,1.0818627998544543e-05,9.087647518777417e-06
36,36,0.02,572,100000.0,17.15,2.43,0.81,1.22040172983306,,90.0,0.012414954499289,572.0,0.0443578255072681,0.0004436834271234,0.0004979162420467,1.7852927285152714e-05,-1.2578717582752464e-05,255085139824.2208,186151493924.4856,156428426691.042,12.895131658477636,0.1600924728023415,3289356462154.5034,2400448022578.542,2017165157309.504,6.322594373303086e-06,4.613990406810684e-06,3.8772681587919225e-06,3.621201914766631e-06,2.642616291566545e-06,2.2206660828924794e-06
37,37,0.02,574,100000.0,17.15,2.43,0.81,1.22372713714585,,,,574.0,,,,,,,,,,,,,,,,,,,
38,38,0.02,576,100000.0,17.15,2.43,0.81,1.22027554950736,,194.0,0.0077798494983231,576.0,0.0311016462387669,0.0003973082000561,0.0005110587276096,-6.44650795014566e-06,1.359273229599459e-05,159486914715.62418,116468559274.39606,98026103678.87146,18.51991999323941,0.1440821902683881,2953684900501.957,2156988399489.677,1815435597381.691,3.981161933147435e-06,2.9073243746580965e-06,2.4469580662272045e-06,2.279831863480532e-06,1.664893530612807e-06,1.401262511212425e-06
39,39,0.02,578,100000.0,17.15,2.43,0.81,1.21702969464689,,274.0,0.0033586209891446,578.0,0.0279732164167398,0.0003977307501422,0.0003245353356797,-4.439655177182749e-06,1.0197922395519244e-05,68851730277.46504,50240755095.5026,42318624463.22241,20.662622109272714,0.0693979163069673,1422657284292.8308,1038105737022.888,874413745467.7886,1.7251123181060587e-06,1.2588056267711316e-06,1.0603129369822602e-06,9.876556939102415e-07,7.206873035210239e-07,6.070469143058068e-07
40,40,0.02,580,100000.0,17.15,2.43,0.81,1.21534946177801,,378.0,0.0034056760474287,580.0,0.0385703201429805,0.0004060230664834,0.0003926916759332,1.6022176024257124e-05,1.5844513121610004e-06,69816358972.289,50904465048.39844,42911518197.60202,15.03746916929738,0.0512127485638241,1049861345558.3944,765474323744.8676,645280631904.1838,1.7550749074166075e-06,1.279659246013824e-06,1.0787289674853296e-06,1.0050002011298422e-06,7.327651909254263e-07,6.177074406944396e-07
41,41,0.02,582,100000.0,17.15,2.43,0.81,1.21559007975785,,403.0,0.0023219687874907,582.0,0.0449733325704073,0.0003392989167172,0.0005134657763452,-5.423430430105531e-07,5.551603869206343e-07,47529904135.615234,34678957428.142265,29256806722.38341,12.941002294834572,0.030048603407452,615084598492.2639,448780467660.05945,378612402933.8953,1.199258359617328e-06,8.750076473928641e-07,7.381977867537011e-07,6.863696522571864e-07,5.007917517081623e-07,4.2249157917301334e-07
42,42,0.02,584,100000.0,17.15,2.43,0.81,1.21587072513883,,396.0,0.00180269446659,584.0,0.0376450371370538,0.0004466815327063,0.000431080748127,1.234704081870971e-06,-1.7238220966458472e-05,36836741642.10971,26902251092.21513,22713950279.03426,15.513333082229106,0.0279657997057023,571460642758.0671,417343581855.29504,352369076291.84924,9.327150518800664e-07,6.811713904272704e-07,5.751226185730945e-07,5.33652978436857e-07,3.897322559497303e-07,3.290564441404567e-07
43,43,0.02,586,100000.0,17.15,2.43,0.81,1.21614745395122,,427.0,0.0017851560427753,586.0,0.0399082679316507,0.0001901383196861,0.0003190928387422,4.564066465358296e-08,5.541456666132603e-06,36415182065.55972,26619460563.09705,22482426412.22104,14.683674094892288,0.0262126495406402,534708665556.8455,390871483490.35504,330124622299.4522,9.252329274780966e-07,6.763443165090065e-07,5.712310093284829e-07,5.292382824128629e-07,3.86872639049481e-07,3.267472538639512e-07
44,44,0.02,588,100000.0,17.15,2.43,0.81,1.21641984515278,,467.0,0.0017788627121141,588.0,0.035813764448676,0.0004538916229888,0.0004361217240951,1.0479005812792404e-05,6.5215378268711886e-06,36223852494.35387,26505054410.500107,22390577120.96086,16.41826848006026,0.0292058455966574,594732935634.4023,435167099390.1961,367614506595.4301,9.23581098639214e-07,6.757858589380413e-07,5.708811292163459e-07,5.28151975159287e-07,3.864496974967517e-07,3.264596865624675e-07
45,45,0.02,590,100000.0,17.15,2.43,0.81,1.21696884226858,,435.0,0.0016050309298949,590.0,0.0320778066165985,0.0002454892617988,0.0004406759270023,-1.8882782602690097e-05,1.0862184819475547e-05,32627229891.59561,23914960855.43408,20191193204.94709,18.39277875360427,0.0295209787862487,600105420739.1019,439862583915.1057,371372149389.86975,8.347093691279418e-07,6.118215354071719e-07,5.165555947605317e-07,4.772483978216378e-07,3.498113934325466e-07,2.9534271340792905e-07
46,46,0.02,592,100000.0,17.15,2.43,0.81,1.21747564218327,,502.0,0.0017981352397756,592.0,0.040558264593983,0.0003998916711682,0.000424085663102,-1.0368234455857187e-05,-6.877700593630265e-06,36489038969.26128,26792215072.65711,22607706997.22249,14.596285268276132,0.0262460949107054,532604421960.582,391066814169.51074,329988540593.0618,9.367751114823392e-07,6.878306738275625e-07,5.804027138265821e-07,5.353946246851048e-07,3.931155310884381e-07,3.317172812626092e-07
47,47,0.02,594,100000.0,17.15,2.43,0.81,1.21811891168984,,488.0,0.0017016010476838,594.0,0.0447622355144403,0.0004550330704557,0.000381680331664,1.31990562227422e-05,-8.122986526232581e-06,34469880050.68042,25353855610.489426,21381952243.72897,13.270114711057602,0.0225804410952205,457419262348.9252,336448572318.786,283740959020.63885,8.880585599973669e-07,6.531995026013429e-07,5.508700840148004e-07,5.073443770634272e-07,3.731703174466349e-07,3.147099214022501e-07
48,48,0.02,596,100000.0,17.15,2.43,0.81,1.21860384648691,,521.0,0.0017931475136982,596.0,0.038088927797844,0.0003378626240664,0.0003213920688002,4.939576629987245e-06,9.301530840460726e-06,36260908065.58271,26717897954.1046,22519613830.05928,15.647591950166056,0.0280584406008057,567395893152.7234,418070764952.0053,352377728088.08374,9.372775966129472e-07,6.906083856389136e-07,5.820904840307523e-07,5.353742412239463e-07,3.944764515661533e-07,3.324908781963933e-07
49,49,0.02,598,100000.0,17.15,2.43,0.81,1.21910049382016,,480.0,0.001630366245605,598.0,0.0400290976205042,0.0004253257560898,0.0002722451821068,7.209071934520565e-06,-6.663070724312155e-06,32911458982.55561,24292457059.515617,20463752166.368385,14.939132669672896,0.0243562576432507,491668652092.89606,362908238884.4357,305710708532.6834,8.537128778678956e-07,6.301386832395895e-07,5.308232844732172e-07,4.874453071295915e-07,3.597909226261995e-07,3.030847087346207e-07
50,50,0.02,600,100000.0,17.15,2.43,0.81,1.21985929056978,,467.0,0.0015728983715663,600.0,0.0537792474884781,0.0003119063847491,0.0003432486072574,-1.8652633824428355e-06,5.323069473432986e-06,31695718099.88813,23436185736.338886,19731304033.42245,11.156719887695449,0.0175483865433782,353620248479.8105,261470959496.3365,220136632119.84967,8.251095140207869e-07,6.100956527462214e-07,5.136494030741348e-07,4.7091615371306093e-07,3.482009276420389e-07,2.931559958313454e-07
51,51,0.02,602,100000.0,17.15,2.43,0.81,1.22050059246538,,501.0,0.0016833027899836,602.0,0.0430455052191973,0.0003623719371689,0.0004672393217695,5.2807554391092335e-06,-1.5658190737407085e-05,33860924352.67588,25081211570.75644,21104363779.66107,13.985200009489516,0.0235413261944531,473551799578.3664,350765760297.3515,295148748531.5862,8.845108392186271e-07,6.55168277865296e-07,5.512855562800972e-07,5.046087787113345e-07,3.737700544586533e-07,3.1450550851524293e-07
52,52,0.02,604,100000.0,17.15,2.43,0.81,1.22113579614298,,525.0,0.0017596324647802,604.0,0.0528973154096092,0.0004352786870889,0.0003707436466795,-1.01489203129542e-05,5.163903631778094e-07,35334082735.15721,26218523725.225723,22048890666.18264,11.418348839122332,0.0200920973115055,403456882580.4348,299372249941.4325,251761925142.1417,9.260589188585345e-07,6.871523428819904e-07,5.778718526641914e-07,5.28161566405649e-07,3.919053641027617e-07,3.295791408834516e-07
53,53,0.02,606,100000.0,17.15,2.43,0.81,1.22175151083902,,515.0,0.001729416916217,606.0,0.050046635304966,0.0003388534897851,0.0003773642959705,-3.565478019088528e-06,-5.04630464937434e-06,34666140969.293045,25757236266.4662,21658037380.75163,12.108706135932142,0.0209410012249825,419762113863.9673,311886804824.4132,262250810124.55493,9.116288309951562e-07,6.773479404028247e-07,5.695497320152578e-07,5.197559374414222e-07,3.861830624134324e-07,3.247230065770859e-07
54,54,0.02,608,100000.0,17.15,2.43,0.81,1.22238215795596,,516.0,0.00173935026184,608.0,0.0386393236325375,0.0004043621187226,0.0005175120441329,-6.416241676316304e-06,9.047127596342227e-06,34803701062.0975,25884661452.37856,21770125004.18091,15.73526508336739,0.0273691374428783,547645462094.3793,407302009546.3981,342558687838.8312,9.18266916475726e-07,6.8294542047366e-07,5.743867734989541e-07,5.234128825598049e-07,3.892794401578397e-07,3.27400923878608e-07
55,55,0.02,610,100000.0,17.15,2.43,0.81,1.22318836533182,,572.0,0.0019354058049612,610.0,0.0470498698516621,0.0004124394728608,0.0004174820545215,-7.1939256172893176e-06,-2.52051943550018e-06,38708116099.22529,28779489896.19548,24210304733.31572,12.964966787861377,0.0250924719823569,501849439647.13806,373125130675.7664,313885796791.4413,1.0247168238832771e-06,7.618771061813712e-07,6.409174372623649e-07,5.839156094412374e-07,4.341413397404079e-07,3.652147473897614e-07
56,56,0.02,612,100000.0,17.15,2.43,0.81,1.22388822314828,,559.0,0.0019065263445147,612.0,0.0462257014326041,0.0004551934523773,0.0003222282803464,8.847708780400784e-06,3.452473105957328e-06,38130526890.294495,28327562115.2417,23835552822.01136,13.239388068394796,0.0252412421376485,504824842752.9718,375039587875.24335,315568133635.33105,1.0127359461090553e-06,7.523719906174306e-07,6.330655017614313e-07,5.769011966380499e-07,4.2858585534734026e-07,3.606233657643957e-07
57,57,0.02,614,100000.0,17.15,2.43,0.81,1.2245971197151,,575.0,0.0019771138827888,614.0,0.0418221147933763,0.0004309680092409,0.0004905182732545,-1.4487558488388223e-05,-9.187889667977772e-07,39542277655.77792,29353043536.142693,24713923534.8612,14.681227934873416,0.0290264595664263,580529191328.5277,430938722736.3736,362830744580.3298,1.053780472083464e-06,7.822428526719725e-07,6.586127950521651e-07,6.000323770562583e-07,4.454163374236982e-07,3.7502023566016153e-07
58,58,0.02,616,100000.0,17.15,2.43,0.81,1.2252878876884,,567.0,0.0019658155880061,616.0,0.0388606217659344,0.0004839032003567,0.0003790758147161,-7.266929257636732e-06,1.1864798873599216e-05,39253486516.08686,29162114898.551933,24572694850.076687,15.851521977962571,0.0311611689979006,622227504221.4083,462263905238.2657,389514612473.7583,1.049646747818215e-06,7.798012808421894e-07,6.570791927983785e-07,5.974195368832608e-07,4.438336240550109e-07,3.739848171522358e-07
59,59,0.02,618,100000.0,17.15,2.43,0.81,1.225923815419,,570.0,0.0019942625358058,618.0,0.0427533265489046,0.0003183601932169,0.0003531977786351,-2.21221978433216e-06,2.416352332022437e-06,39750941574.946846,29560589289.86272,24928281697.572643,14.455015548160514,0.028827095962187,574600478519.8768,427298777797.7527,360338699527.33777,1.066321217994468e-06,7.929644513393591e-07,6.687025426089021e-07,6.067930757154012e-07,4.512386420164824e-07,3.805270548132992e-07
60,60,0.02,620,100000.0,17.15,2.43,0.81,1.22668718395639,,563.0,0.0019875957843308,620.0,0.0489347576215095,0.0003874241126927,0.0002943365749834,1.0977469170709202e-05,-3.638638769408628e-06,39547716700.502144,29438322803.200703,24844947304.13553,12.66993094755772,0.0251827013391286,501066839728.9374,372981517128.4668,314783766739.10754,1.0644600737829727e-06,7.923572301392591e-07,6.687226633278272e-07,6.054948840077678e-07,4.5071511931005893e-07,3.803882939695893e-07
61,61,0.02,622,100000.0,17.15,2.43,0.81,1.22741865002142,,557.0,0.001985341043936,622.0,0.0421063064933378,0.0003701059874684,0.0004501592017579,-1.1055101498578795e-06,6.853827484236958e-08,39432594494.12014,29381507946.535305,24816763049.200497,14.772133958090455,0.0293277238535183,582503568182.2029,434027571276.9188,366596548168.9791,1.065020989982985e-06,7.935547503747938e-07,6.702671708495811e-07,6.054715564419615e-07,4.511411834606328e-07,3.810513698633579e-07
62,62,0.02,624,100000.0,17.15,2.43,0.81,1.22816432589286,,586.0,0.0021103555485254,624.0,0.035790465654145,0.0003767063813576,0.0004379496015264,8.547981232387934e-06,-3.3222369829564343e-06,41840933715.57782,31206731106.35741,26379444356.567528,17.434810880358935,0.0367936498788565,729488766388.733,544083455033.5559,459920623485.7066,1.1337842893601564e-06,8.45624088869268e-07,7.148167336999799e-07,6.443067699604804e-07,4.805511334149902e-07,4.062159487708633e-07
63,63,0.02,626,100000.0,17.15,2.43,0.81,1.22887045718098,,621.0,0.0022593421253607,626.0,0.0442528845846936,0.0003902675230277,0.0003702287983804,-4.3492322450870095e-06,-1.183430333210784e-06,44714857848.05991,33383207340.4603,28241776567.009148,14.145970502825094,0.031960587061143,632535060156.6725,472237866327.8456,399507338264.2883,1.215543947229197e-06,9.075004947948068e-07,7.677340869935655e-07,6.905573316226984e-07,5.155561191845715e-07,4.361540392830404e-07
64,64,0.02,628,100000.0,17.15,2.43,0.81,1.22959507691401,,580.0,0.0021332064320045,628.0,0.0401113064592664,0.0004938900602717,0.0003646020595681,-6.613319600213602e-06,1.9241514039942256e-05,42143000712.189125,31494308654.121845,26665080400.05724,15.656433445710444,0.0333984045286411,659809085852.9167,493088547361.9211,417480056608.0141,1.149374670357013e-06,8.589507157942708e-07,7.272421867670802e-07,6.527299595997462e-07,4.877981745016334e-07,4.130008912065729e-07
65,65,0.02,630,100000.0,17.15,2.43,0.81,1.23040421769492,,614.0,0.0022834136787428,630.0,0.043203480934153,0.0003756324547789,0.0003761960944164,-5.803261189487232e-06,9.289216738125662e-06,45029641779.53856,33685007694.272263,28542670984.285816,14.582158344143396,0.0332970998286114,656629366609.2863,491200116021.5667,416213747857.643,1.2320137769200722e-06,9.21623888508476e-07,7.809292388978288e-07,6.99472196101356e-07,5.232492504150928e-07,4.43370277154833e-07
66,66,0.02,632,100000.0,17.15,2.43,0.81,1.23117903184959,,614.0,0.0023085708932601,632.0,0.0405519319142513,0.0004335105398045,0.0004889741052534,9.269006940473157e-06,8.192532524382276e-06,45444051227.38749,34028895112.507988,28857136165.75241,15.584954160418032,0.0359789715475354,708243455242.5228,530338770458.1102,449737144344.1928,1.2473912255519848e-06,9.340572425239632e-07,7.920979198708594e-07,7.080127185917083e-07,5.301659928760701e-07,4.495906257400817e-07
67,67,0.02,634,100000.0,17.15,2.43,0.81,1.2319261619573,,602.0,0.0022897120646605,634.0,0.0374408907231327,0.0004013777137491,0.0003782268024009,-8.288696279284205e-06,9.279525113534692e-07,44991786163.62721,33723901077.06933,28621400808.25681,16.933357827630026,0.0387725137131385,761862014412.9133,571058884281.6125,484656421414.2318,1.2388851822102126e-06,9.286148626942162e-07,7.881133953315827e-07,7.030612525592541e-07,5.269843710182955e-07,4.4725047876674934e-07
68,68,0.02,636,100000.0,17.15,2.43,0.81,1.23270341452702,,649.0,0.002496908549688,636.0,0.0478210215928811,0.0003137126235629,0.0004574260493787,6.555597126034164e-06,-1.0715918990096844e-05,48974738704.608826,36746128874.79775,31211356871.10017,13.299590406380563,0.0332078609930403,651343965030.8104,488708463054.884,415098262413.004,1.3529129368469609e-06,1.0151011408883969e-06,8.622046713132326e-07,7.675944832679782e-07,5.759321346434166e-07,4.89184138256771e-07
69,69,0.02,638,100000.0,17.15,2.43,0.81,1.23347773841695,,623.0,0.0024241231037585,638.0,0.0410696079545687,0.0004236698925991,0.0004238406812831,-3.641758548325751e-06,2.163651805117294e-06,47461326445.2448,35646375061.223114,30301538796.98211,15.534601662274376,0.0376577867972055,737292800690.0468,553752237280.1324,470722334965.06976,1.3154223934767518e-06,9.879631167894183e-07,8.398274063481932e-07,7.461107188125444e-07,5.603750360975305e-07,4.763521078372152e-07
70,70,0.02,640,100000.0,17.15,2.43,0.81,1.23422873606346,,664.0,0.0026124637007554,640.0,0.0533978687219587,0.0003434108325523,0.0004764536287379,-4.51999805734079e-06,3.741570233412945e-08,51056348722.19005,38403216401.10563,32655796259.443565,11.985497086643342,0.0313116760743663,611935718864.4553,460281638293.1853,391395950929.5794,1.4198108842417689e-06,1.0679436740152955e-06,9.081153690606256e-07,8.050461479616976e-07,6.055341246839445e-07,5.149099699693405e-07
71,71,0.02,642,100000.0,17.15,2.43,0.81,1.23521015912391,,665.0,0.002645249134854,642.0,0.0426519555546747,0.000376506890257,0.0005930697778174,-6.406832290533365e-07,7.0520568244105965e-06,51603473164.34072,38885162282.35485,33054813002.49072,15.052064826829165,0.0398164614609372,776738823359.1956,585301983475.7775,497543188152.2059,1.4392447647690465e-06,1.0845251842611898e-06,9.219140427379092e-07,8.164390837312794e-07,6.152176262136966e-07,5.229733501602979e-07
72,72,0.02,644,100000.0,17.15,2.43,0.81,1.23598529338285,,635.0,0.0025552999316474,644.0,0.0461682220438888,0.0004398355424271,0.0004944748297271,5.746383912462909e-06,1.2952520093019644e-07,49758316221.59094,37562908995.21786,31912729238.92704,13.948988535616454,0.0356438494516121,694078182526.5503,523964586938.6981,445150294294.0253,1.3924138378369254e-06,1.0511431705491534e-06,8.930311387052862e-07,7.899314028931097e-07,5.963248689364499e-07,5.066262062725317e-07
73,73,0.02,646,100000.0,17.15,2.43,0.81,1.23678336528058,,658.0,0.0026808417982427,646.0,0.031237385544955,0.0003858975377569,0.0003548171036946,-1.0197483043079491e-05,-6.556136551685421e-07,52108069874.43035,39408374434.1683,33461626815.617287,20.68034788219758,0.055440741004796,1077613012473.0792,814978892770.5016,691998083251.2367,1.4628585330700137e-06,1.106332991307548e-06,9.39386671499992e-07,8.300659374012215e-07,6.277635948708961e-07,5.330336874232354e-07
74,74,0.02,648,100000.0,17.15,2.43,0.81,1.2375610899281,,656.0,0.0027055807722189,648.0,0.0455378562066925,0.000394854200134,0.0003759785645741,-8.931690028939147e-07,-5.3103678252965815e-06,52493178829.71578,39772037351.61786,33751263106.6396,14.229918884604078,0.0385001949244194,746973676741.8717,565952865388.9658,480277736260.4117,1.4781778552724896e-06,1.119957796096574e-06,9.504162411948972e-07,8.390724635573972e-07,6.357325295458679e-07,5.394940088297814e-07
75,75,0.02,650,100000.0,17.15,2.43,0.81,1.23833604842222,,644.0,0.0026905646676658,650.0,0.042166082468384,0.0004307730344148,0.0003172596619715,3.3354372779994213e-06,8.0465028729057e-06,52196954552.71751,39551300614.68801,33544898569.0046,15.41523333326892,0.0414756821503182,804628233716.174,609692527609.6782,517102438582.0446,1.4744815987464622e-06,1.1172618299779895e-06,9.475904503558574e-07,8.372128257054973e-07,6.343829143232377e-07,5.380432548147294e-07
76,76,0.02,652,100000.0,17.15,2.43,0.81,1.23915559600907,,635.0,0.0026879947217295,652.0,0.0424824752274162,0.0004291987624387,0.0003811603322126,-4.099926343175252e-06,1.2964852510097997e-05,52147097601.55286,39513522409.42407,33493832296.97503,15.347504977281302,0.0412540123706498,800327839990.6063,606433981848.5522,514046757886.0495,1.477605751531035e-06,1.1196291003869184e-06,9.490591330887896e-07,8.391621622132466e-07,6.358599888935424e-07,5.389898579954805e-07
77,77,0.02,654,100000.0,17.15,2.43,0.81,1.23991243430684,,650.0,0.0027873492797302,654.0,0.0495523885427928,0.0005574259615587,0.0003444891838062,-1.747551848523692e-06,1.1143112476656056e-05,54062444407.01097,40974034412.03442,34712114088.62109,13.19815288894123,0.0367878619487598,713524406833.6166,540781570646.7694,458135788839.99207,1.5366900623856452e-06,1.164660462312639e-06,9.86669421804081e-07,8.728531126480316e-07,6.615371144715347e-07,5.604366794949677e-07
78,78,0.02,656,100000.0,17.15,2.43,0.81,1.24074079328274,,656.0,0.0028515543906471,656.0,0.0370044312669506,0.0003450194030918,0.0004364694219568,5.891246775753424e-06,2.2842530788957523e-06,55206829658.26907,41914102635.25168,35491506359.16938,17.72760660115553,0.0505512344391912,978684957878.7996,743036722558.198,629179462417.7645,1.573959283218285e-06,1.194980609263024e-06,1.0118709271154136e-06,8.942784221157026e-07,6.789536331114816e-07,5.749159751040584e-07
79,79,0.02,658,100000.0,17.15,2.43,0.81,1.24155651007879,,695.0,0.0030620482119159,658.0,0.0454118493157693,0.0004002816551037,0.0004612215341379,1.659671893144131e-05,-1.0249112068773943e-05,59173680736.11476,44971964118.599785,38089718043.965416,14.489610309076491,0.0443678853382663,857403574420.0094,651626234912.2815,551905171239.6582,1.6923233371375977e-06,1.2861647855610163e-06,1.0893376573658454e-06,9.61717988194127e-07,7.309051307819317e-07,6.190516890690398e-07
80,80,0.02,660,100000.0,17.15,2.43,0.81,1.24231942993718,,678.0,0.00302568850477,660.0,0.0414640337330638,0.0005101800606563,0.0003625026008424,-6.015062418635781e-06,-1.830224302279197e-05,58363957558.64093,44402260923.031006,37616013612.68103,15.917409392654177,0.0481611226250728,929003006236.381,706768965071.3352,598749488392.6964,1.6744861729966669e-06,1.2739193001211718e-06,1.0792190473787245e-06,9.517171256478352e-07,7.240494631549502e-07,6.13388910747201e-07
81,81,0.02,662,100000.0,17.15,2.43,0.81,1.24314995045508,,678.0,0.003057283289802,662.0,0.0454183692143033,0.0003445272274964,0.0004459414335169,-6.006867318558024e-06,-6.845289380607759e-06,58865210625.12931,44829852445.11719,37987167844.545975,14.575600389269828,0.0445617395089464,857995786902.0852,653422014749.959,553685778422.2225,1.6942972861281596e-06,1.2903223572746886e-06,1.0933716995694136e-06,9.629547272234468e-07,7.333553702486282e-07,6.214183634317999e-07
82,82,0.02,664,100000.0,17.15,2.43,0.81,1.24399008048548,,682.0,0.003107101544302,664.0,0.0404117135001342,0.0004367755689058,0.0003923999222997,5.634125177310587e-06,2.622182877598439e-06,59714458912.57999,45523699730.07365,38584174977.1522,16.430879625972644,0.0510524114601002,981161086322.691,747994430393.7634,633971934517.0535,1.7236793725535162e-06,1.3140579956007471e-06,1.113746113189713e-06,9.799752540275103e-07,7.470904035580677e-07,6.332057153868127e-07
83,83,0.02,666,100000.0,17.15,2.43,0.81,1.24478593786844,,688.0,0.0031698695201014,666.0,0.0495913473565678,0.0003719756195724,0.0005157756042076,3.866831415025825e-06,1.214837878268034e-05,60808599161.50766,46405951752.063545,39341195664.921,13.42976215611522,0.0425705937208818,816645023785.5952,623220894658.3718,528342900717.08014,1.7609383745716263e-06,1.3438563357081291e-06,1.139270137828524e-06,1.001136972086184e-06,7.640155284689932e-07,6.477032204215079e-07
84,84,0.02,668,100000.0,17.15,2.43,0.81,1.24561914540455,,645.0,0.0030093829854945,668.0,0.0383544432761482,0.0003783652221377,0.0003848257291862,5.92244752583806e-06,3.971476795629524e-06,57623435822.254745,44020976532.6376,37328100130.56583,17.41649579399355,0.0524129061093817,1003598327633.7572,766691152628.1715,650124698921.7699,1.673834619566103e-06,1.2787129655843666e-06,1.0842995630094003e-06,9.517546922120114e-07,7.270856097496284e-07,6.165407172216007e-07
85,85,0.02,670,100000.0,17.15,2.43,0.81,1.24636834168605,,661.0,0.0031225981218386,670.0,0.045926448364753,0.0004347074964486,0.0004078663174668,5.00743443785764e-06,-1.844132768983337e-05,59680764098.85547,45640241723.69098,38720216710.79917,14.58854372275393,0.0455541592290323,870655436463.516,665824661903.124,564871574440.001,1.7387218413779646e-06,1.3296693889392283e-06,1.128063413974381e-06,9.889222260880486e-07,7.562679554475525e-07,6.416017536375594e-07
86,86,0.02,672,100000.0,17.15,2.43,0.81,1.24722718437682,,654.0,0.0031290152846661,672.0,0.0524186257912333,0.0004865251562387,0.0004546751428891,-7.488145171552448e-06,1.4904078478067786e-05,59692678728.49543,45697124617.40127,38799789529.8599,12.81987060622996,0.0401135710743354,765252417438.5669,585831224671.85,497408281321.7599,1.7443887472860038e-06,1.3353991086325336e-06,1.1338394874318763e-06,9.921782617580136e-07,7.59552002624214e-07,6.449083631747998e-07
87,87,0.02,674,100000.0,17.15,2.43,0.81,1.24809630082086,,711.0,0.003445384117153,674.0,0.0492843315707887,0.0003224448288194,0.0003252314687524,-1.4967032163529523e-06,-9.032822053419734e-07,65606163180.57799,50276831599.1382,42722763052.69763,13.67574599306296,0.0471181980347183,897213223237.0242,687573178285.8154,584265655630.5079,1.9229034176910457e-06,1.4736037991820925e-06,1.2521955728628431e-06,1.0938513519062402e-06,8.382654547699643e-07,7.123164937070714e-07
88,88,0.02,676,100000.0,17.15,2.43,0.81,1.24884567323607,,702.0,0.0034448755373245,676.0,0.0439465545106259,0.0004496071307612,0.0002970159167365,4.259652740259468e-06,8.486229386060727e-06,65474567243.12364,50228773058.99206,42716456662.8238,15.382320810532462,0.0529901806674808,1007150798264.5078,772635101112.8457,657078240276.7626,1.9248117806430604e-06,1.4766181462825695e-06,1.255772164276002e-06,1.0950539401149742e-06,8.400699410680983e-07,7.144273898395014e-07
89,89,0.02,678,100000.0,17.15,2.43,0.81,1.24968323318255,,696.0,0.0034691894296276,678.0,0.0430827114273597,0.0003611172970724,0.0003250918499994,5.4159441845089045e-06,1.1581353253483897e-05,65813914961.69441,50542363271.48956,43017948927.38228,15.737171072511346,0.0545952275369976,1035724838703.899,795393817212.4453,676980821458.7709,1.9407265763993665e-06,1.490397702250376e-06,1.2685171030192123e-06,1.104165093173079e-06,8.479531005461871e-07,7.217154246660989e-07
90,90,0.02,680,100000.0,17.15,2.43,0.81,1.25043238280315,,694.0,0.0035138849080055,680.0,0.0479814986513247,0.0003947187598427,0.0004799088071316,3.4885275216826555e-06,-3.761825815105572e-06,66537479368.2205,51152077237.38817,43572172859.26861,14.1721292396778,0.0497992310496077,942977756888.816,724933849486.246,617510465015.136,1.967778413358744e-06,1.512770762312146e-06,1.2886027843212175e-06,1.1197995151091231e-06,8.60869269938255e-07,7.333024710786364e-07
91,91,0.02,682,100000.0,17.15,2.43,0.81,1.2512710931248,,716.0,0.0036816937632526,682.0,0.0533049898167519,0.0003942925485024,0.0003024435141817,1.4730503433277229e-06,-3.2940778895378906e-06,69584747748.9292,53551461775.93597,45653002664.33254,12.794299414455024,0.0471046923593857,890288097379.1255,685153436043.0681,584098185256.3835,2.064102993181031e-06,1.5885051842072671e-06,1.3542119860397205e-06,1.174594233046843e-06,9.03951515355041e-07,7.706251065862682e-07
92,92,0.02,684,100000.0,17.15,2.43,0.81,1.25210187482514,,684.0,0.0035711479766082,684.0,0.0398611888742834,0.0004144664778545,0.0004103969808596,-7.342777123464731e-06,8.285577277792595e-06,67369029925.54286,51901409859.95185,44282234909.94173,17.159548405774824,0.0612792865687932,1156022130057.4453,890604754819.8025,759863153453.0367,2.004681137214673e-06,1.544415549045101e-06,1.3176939186415623e-06,1.1406118509117894e-06,8.787326050370473e-07,7.497338462341275e-07
93,93,0.02,686,100000.0,17.15,2.43,0.81,1.2528606408531,,679.0,0.0035986475488612,686.0,0.0477977105877016,0.0004108837542193,0.0003996855734541,5.34455321380062e-06,-1.361807305056781e-06,67760450579.365486,52258624866.58215,44623229605.87954,14.352151840856322,0.0516483360429821,972508275519.8942,750023719079.5369,640439366932.9783,2.022373178510931e-06,1.559706884656164e-06,1.33182146697453e-06,1.150698575686551e-06,8.874487210040178e-07,7.577854974544112e-07
94,94,0.02,688,100000.0,17.15,2.43,0.81,1.2537017293449,,692.0,0.0037233737163912,688.0,0.0463557139662498,0.0003789486266223,0.0004095248409086,-7.308470113952323e-06,-1.3594153522568175e-05,69977204590.85948,54025943519.30634,46169834083.251495,14.841751774137524,0.0552613884610268,1038584300385.5732,801839643077.1187,685241216916.733,2.094546132965142e-06,1.6170956204920676e-06,1.381947850076714e-06,1.1919376384734869e-06,9.202361813566274e-07,7.864212828686185e-07
95,95,0.02,690,100000.0,17.15,2.43,0.81,1.25445082841514,,760.0,0.0041524866416537,690.0,0.0475738439783981,0.0003845368126574,0.0004658838882706,-1.618022141892089e-06,-4.52899469878021e-06,77895013082.72174,60211056303.97973,51490834356.5068,14.503768085532636,0.0602267032288186,1129771204771.327,873287196817.8699,746811120037.3507,2.338490630276914e-06,1.8075995552681207e-06,1.5458092748499796e-06,1.330828909756194e-06,1.0287001856100631e-06,8.797160207975712e-07
96,96,0.02,692,100000.0,17.15,2.43,0.81,1.25529326238378,,692.0,0.0038385230099887,692.0,0.0601585044623789,0.0003587651315852,0.0004049597465995,-1.3562150659482172e-05,-6.193530405976363e-07,71869638919.06032,55658583644.83732,47597685323.86088,11.50294553004976,0.0441543210997435,826712541750.2952,640237655946.2821,547513581636.82056,2.163776766799091e-06,1.675711078766854e-06,1.433021888048896e-06,1.2314715279518253e-06,9.536984194665891e-07,8.155765794059106e-07
97,97,0.02,694,100000.0,17.15,2.43,0.81,1.25608149875268,,703.0,0.0039573456787409,694.0,0.0497187115383894,0.0004464133553665,0.0003563125651115,1.608479426908425e-05,-6.114146528094929e-06,73954338734.94458,57381512341.743935,49071086416.38792,13.958527454279253,0.055238718302779,1032293667594.7916,800961415390.2964,684960106954.4603,2.2331403033963005e-06,1.7327038558135602e-06,1.4817605387646998e-06,1.270903612470254e-06,9.860999715716477e-07,8.432854929302365e-07
98,98,0.02,696,100000.0,17.15,2.43,0.81,1.25688263441476,,694.0,0.0039633904146504,696.0,0.0494230552485532,0.0004131628758817,0.0003236138827947,1.2814268066618046e-06,-2.875470456427417e-06,73927041897.17432,57469161012.431625,49146041141.66567,14.082496448261836,0.05581443143739,1041077304947.4612,809309255842.1559,692098949823.6367,2.238666792674632e-06,1.7402874382603934e-06,1.4882458092709572e-06,1.2741661211158494e-06,9.905070741616009e-07,8.470543254899206e-07
99,99,0.02,698,100000.0,17.15,2.43,0.81,1.25768349177669,,694.0,0.0040200981820089,698.0,0.0562735464176284,0.0003811885147569,0.0004502425238112,8.059305809319547e-06,-1.3236260625872795e-06,74842515260.90419,58291423639.13026,49840121665.74444,12.40369666450134,0.0498640784111527,928323856904.568,723029136961.7146,618201750863.7354,2.273069266238325e-06,1.7703900396383397e-06,1.5137124719692897e-06,1.2937447927122675e-06,1.00763884711801e-06,8.615477132004628e-07
100,100,0.02,700,100000.0,17.15,2.43,0.81,1.25848494585637,,724.0,0.0042572543548349,700.0,0.0456521091870172,0.0004455082758093,0.0004049524838851,6.05021414126701e-07,-1.412686751876246e-05,79107011819.39308,61730188145.106674,52750189517.17004,15.333355073089797,0.065277992659142,1212975900997.8652,946530893557.559,808837386039.5474,2.409649489976149e-06,1.8803404775241736e-06,1.6068040536835588e-06,1.371502187436924e-06,1.0702349403008486e-06,9.145459883592156e-07
101,101,0.02,702,100000.0,17.15,2.43,0.81,1.25928548443795,,736.0,0.0043927153625976,702.0,0.0489053849028096,0.0004236269118355,0.0004106886327356,1.5383516552045996e-06,-7.150300388872081e-06,81468652204.8962,63694372757.6662,54397549876.21877,14.354247520903783,0.0630541236036035,1169421198943.504,914284792252.2516,780835895453.9532,2.4884935329508896e-06,1.9455708472281533e-06,1.661595563590389e-06,1.4163254101865191e-06,1.1073211128580936e-06,9.456966582411052e-07
102,102,0.02,704,100000.0,17.15,2.43,0.81,1.2600864681475,,743.0,0.0045009089328384,704.0,0.0474290346901398,0.0003837102817621,0.0003264667697815,6.597538011861439e-06,-1.4139230294907086e-05,83315959533.4466,65263179526.15699,55705517148.32361,14.843228511803488,0.0668080198009381,1236677826035.12,968716287113.6031,826849720400.7551,2.5524527060041004e-06,1.999390994436042e-06,1.7065841740383124e-06,1.4524292330628563e-06,1.137718995462891e-06,9.71102319437723e-07
103,103,0.02,706,100000.0,17.15,2.43,0.81,1.26088685337121,,748.0,0.004603263704851,706.0,0.0457930582393828,0.0003475500571832,0.0003532602766224,-5.161689374534319e-06,3.4375832210823108e-06,85047734206.92703,66747323720.3398,56939730286.54339,15.417183895196317,0.0709693630557708,1311196558137.9722,1029055764308.6776,877850292770.5184,2.6133900549692377e-06,2.051045729003568e-06,1.7496730071776933e-06,1.4867128245801174e-06,1.1668047727172416e-06,9.95358994975343e-07
104,104,0.02,708,100000.0,17.15,2.43,0.81,1.26168753417693,,739.0,0.0046190757550219,708.0,0.046359592379531,0.0003973584502676,0.0003921382209922,-1.563370081587235e-05,-1.7731631843746598e-05,85176404443.18312,66939553391.30772,57102623256.87757,15.27192030084804,0.0705421567942745,1300807260169.0916,1022295524366.4136,872066711348.3861,2.624951709913071e-06,2.0629315863237667e-06,1.7597787736936912e-06,1.4930849341963684e-06,1.1734052326318165e-06,1.0009704805608115e-06
105,105,0.02,710,100000.0,17.15,2.43,0.81,1.26248794694978,,787.0,0.0049956842240779,710.0,0.0489043682205192,0.0003644491083613,0.0004344661121349,6.047416471855124e-06,-1.0212097803071697e-06,91944323742.1662,72338424767.04486,61723029734.61285,14.51813050315818,0.0725279955177325,1334859691113.394,1050218691160.8472,896103000737.4221,2.8414239919325552e-06,2.2355282773962657e-06,1.907472809681068e-06,1.6161971362306478e-06,1.27156468381655e-06,1.0849672914697992e-06
106,106,0.02,712,100000.0,17.15,2.43,0.81,1.2634870605769,,726.0,0.0046801996201958,712.0,0.0507455621419694,0.0003352066581251,0.000376615165783,-4.847350207274375e-06,1.2443428453792575e-05,85972280823.74638,67714940338.35816,57792006486.74905,14.030783578829164,0.0656668679766858,1206258466016.3103,950093672940.8324,810867135601.8672,2.664447697938734e-06,2.098617312136757e-06,1.7910863497801616e-06,1.5151057307392888e-06,1.1933531736077622e-06,1.0184794375585582e-06
107,107,0.02,714,100000.0,17.15,2.43,0.81,1.2642888534796,,749.0,0.0049024713302165,714.0,0.0533224075463749,0.0003774185155792,0.000407818948385,7.291117492490892e-07,-9.34858088590354e-06,89881777230.65114,70873022060.65292,60501961539.04593,13.390243105190404,0.0656452829278256,1203538847844.9863,949006994991.6652,810135973348.7048,2.7933325007887704e-06,2.202581235605894e-06,1.8802709596496129e-06,1.588086288390823e-06,1.2522279600960206e-06,1.068985711022881e-06
108,108,0.02,716,100000.0,17.15,2.43,0.81,1.26509115522965,,693.0,0.0046090271781601,716.0,0.0537354724046963,0.00042527836996,0.0003838040379658,-7.953460605898593e-06,-5.0837552991130985e-06,84338671566.7133,66576450159.65807,56847911674.28325,13.324531598189198,0.0614131282723076,1123773294239.9722,887100013847.6323,757471795395.0558,2.628600105474673e-06,2.0750014277065816e-06,1.7717901390566e-06,1.4939980784748105e-06,1.1793532760534956e-06,1.007019309516908e-06
109,109,0.02,718,100000.0,17.15,2.43,0.81,1.26589288992069,,718.0,0.0048536968253191,718.0,0.0484638236493992,0.0004354107166122,0.0003804353559939,7.1792526434529046e-06,-1.4437441489089552e-05,88644010825.19948,70053396836.87129,59831322527.95426,14.815174411210531,0.0719083650062413,1313276480884.5647,1037853292235.9924,886411478505.0322,2.770400773023255e-06,2.189386321118512e-06,1.869914736928028e-06,1.5743323478548646e-06,1.2441599572347863e-06,1.06261422056411e-06
110,110,0.02,720,100000.0,17.15,2.43,0.81,1.266694990595,,743.0,0.0051038260007117,720.0,0.0528814665705112,0.0003674247446299,0.0004038408802947,-4.1484492210252125e-06,4.455577061919755e-06,93031547934.67757,73603304036.49832,62878530663.047646,13.61535612935325,0.0694904086219433,1266657656395.6328,1002135196753.9884,856113587867.852,2.915838532543099e-06,2.306909374256568e-06,1.970768482813406e-06,1.656547606649541e-06,1.3106024767939103e-06,1.119633949901044e-06
111,111,0.02,722,100000.0,17.15,2.43,0.81,1.26742532522346,,810.0,0.0056732843784097,722.0,0.057856490782342,0.0003929727187109,0.0004876806340737,-1.1311116916075765e-05,8.709110427949832e-06,103210751498.59222,81748653889.93422,69854035777.71777,12.479152991082492,0.0707977837200937,1287982758275.529,1020153958707.54,871719199514.6903,3.2441044788593703e-06,2.5695111252888943e-06,2.195641316844669e-06,1.8423957414137096e-06,1.4592798677100267e-06,1.2469512736682629e-06
112,112,0.02,724,100000.0,17.15,2.43,0.81,1.26822702873633,,743.0,0.0053065575617465,724.0,0.0472548475694338,0.0003611580413138,0.0004909434020169,2.929652284503988e-06,-6.412048923153701e-06,96351311307.65236,76401740359.55798,65301041651.41619,15.3211794607144,0.0813027207221293,1476215731819.7026,1170564775159.694,1000488978112.9332,3.0374476314649893e-06,2.4085430924126032e-06,2.0585967290362924e-06,1.724259514573461e-06,1.3672510104642066e-06,1.1685979241059865e-06
113,113,0.02,726,100000.0,17.15,2.43,0.81,1.26902888811467,,743.0,0.005410126768685,726.0,0.0513435960018568,0.0004199835076553,0.0004126628792737,-2.701528184514842e-06,4.474765963076711e-06,98040361785.65424,77829069354.2079,66537243963.0517,14.140030238118568,0.0764993561012607,1386293680205.235,1100505394073.127,940838641598.6232,3.098776141293455e-06,2.4599548473839164e-06,2.103052460688659e-06,1.7588939494496436e-06,1.3962930846553015e-06,1.1937119946123163e-06
114,114,0.02,728,100000.0,17.15,2.43,0.81,1.26983031425198,,792.0,0.0058841881687931,728.0,0.0544602440752441,0.0004020131829069,0.0004452079557354,-1.1003798450813314e-05,-6.525210112944445e-06,106422895299.15347,84579415623.25539,72325910921.29913,13.36754934469573,0.0786571756998169,1422613304316.8213,1130619511889.3953,966820183140.534,3.373611220244451e-06,2.681171798100881e-06,2.292735072773728e-06,1.9140898014838466e-06,1.5212196248265798e-06,1.3008318190210803e-06
115,115,0.02,730,100000.0,17.15,2.43,0.81,1.27055805381929,,732.0,0.005546801996405,730.0,0.0516344643148158,0.0003754159111501,0.0004091166109086,-4.103229371821708e-06,9.4963784431732e-06,100124547483.28252,79664389126.64359,68139645856.4752,14.137843970825031,0.0784198211622356,1415545229968.11,1126282703503.5771,963347681346.1208,3.182790029172332e-06,2.5323961981922685e-06,2.166044100818871e-06,1.805356817351744e-06,1.43643743342722e-06,1.2286335096741454e-06
116,116,0.02,732,100000.0,17.15,2.43,0.81,1.27135901229813,,793.0,0.0061235567957827,732.0,0.0455729307369665,0.0003884962927757,0.0002826413944646,4.815834563870808e-06,-4.964300816277455e-06,110318759483.3051,87875632455.28682,75181444218.89265,16.062166469496706,0.0983575886392801,1771958279529.2148,1411473037109.1245,1207576872461.035,3.5163252058343583e-06,2.800967875530931e-06,2.39635043537567e-06,1.9940048947533342e-06,1.5883467332852323e-06,1.3589000499029675e-06
117,117,0.02,734,100000.0,17.15,2.43,0.81,1.272159837589,,865.0,0.0067994008647709,734.0,0.0585296635339318,0.0003179214680455,0.0004102266536043,-4.150819916143956e-06,3.404577079472087e-06,122253782744.81186,97494072613.70618,83430936926.99586,12.540649572920792,0.0852689035509067,1533141848366.676,1222639000085.383,1046278143541.912,3.90767923371891e-06,3.116268097474724e-06,2.666758707661906e-06,2.2151140344342523e-06,1.7664933032915698e-06,1.511683607195625e-06
118,118,0.02,736,100000.0,17.15,2.43,0.81,1.27296098866863,,793.0,0.006343321552803,736.0,0.0594012325680068,0.0004892106331835,0.0005127505828198,6.174847161106994e-06,1.1219341299806306e-06,113828953856.465,90879693225.15443,77789793348.85081,12.390315287774094,0.0785957540109622,1410376627159.09,1126028052315.8506,963840065763.0536,3.6481704502168826e-06,2.912656227754249e-06,2.4931304014408044e-06,2.06750247576688e-06,1.65066957372612e-06,1.4129145958852055e-06
119,119,0.02,738,100000.0,17.15,2.43,0.81,1.27368491854199,,764.0,0.0062261554202982,738.0,0.0531815254830689,0.0003363739368826,0.0004227915924251,8.16695368678972e-06,-6.679058538629756e-07,111506104459.8502,89127627765.56961,76308887105.92139,13.876999452280694,0.086400355357293,1547370150515.2952,1236824041685.887,1058938384573.0204,3.5835671493122007e-06,2.864370883585348e-06,2.4524040397431045e-06,2.0302711321419337e-06,1.6228102542483076e-06,1.389410305090647e-06
120,120,0.02,740,100000.0,17.15,2.43,0.81,1.27448555561608,,750.0,0.0062298899767226,740.0,0.0490951463543751,0.0004200966532403,0.0003605441043147,-2.8198542450634985e-06,2.0403047116991592e-06,111352518160.69891,89107597885.1966,76310564425.72475,15.072773073301043,0.0939017178907734,1678391237376.8484,1343098602030.5283,1150211820684.4685,3.588197381542471e-06,2.871382297307132e-06,2.459013697932297e-06,2.032451282700533e-06,1.626427983952423e-06,1.3928513437553e-06
121,121,0.02,742,100000.0,17.15,2.43,0.81,1.27528577565715,,791.0,0.0066947248821884,742.0,0.0533398613183635,0.0004361842393756,0.0003645265912649,-4.927475110960671e-06,3.264508535937158e-07,119424018347.37663,95677268526.79813,81956990992.24515,13.91079732231228,0.0931289609647642,1661283314646.4597,1330947090828.7366,1140087090839.6956,3.858976241512998e-06,3.0916419595245e-06,2.648295421989678e-06,2.1849280956962767e-06,1.7504682476485305e-06,1.4994482243664737e-06
122,122,0.02,744,100000.0,17.15,2.43,0.81,1.276086046278,,822.0,0.0070789568271395,744.0,0.0523228782860769,0.0004626314695475,0.0004065731975284,-4.434804268279139e-06,8.496624171156436e-06,126027633048.76604,101084990759.507,86610664533.90263,14.219401232710425,0.1006585274341315,1792037480729.2007,1437368042214.2556,1231551790039.244,4.083637556019524e-06,3.275428210697884e-06,2.8064207339797847e-06,2.311208057539508e-06,1.85378745508358e-06,1.588344245600088e-06
123,123,0.02,746,100000.0,17.15,2.43,0.81,1.27688630008345,,778.0,0.0068144220037773,746.0,0.0554729571008465,0.0002879169466442,0.0002975682071176,3.818111264371796e-06,8.83925091653325e-06,121076926243.70996,97227141832.2476,83325863585.13597,13.447994103574043,0.0916403069260624,1628241790204.2805,1307510030067.423,1120565722168.1235,3.934491076052832e-06,3.159473351009144e-06,2.707740251187165e-06,2.2256910652762782e-06,1.7872734929098432e-06,1.5317338806121352e-06
124,124,0.02,748,100000.0,17.15,2.43,0.81,1.27768646892401,,769.0,0.0068467339765505,748.0,0.0456731504734762,0.0003447030261382,0.0003046203129887,-3.748383505551605e-06,9.12228710928124e-07,121408736176.9485,97607397456.7015,83672510180.36813,16.377236784539015,0.1121305835347169,1988339620081.5137,1598539460071.012,1370324511580.6404,3.955123145278958e-06,3.1797487478066724e-06,2.7257929870519226e-06,2.237103696795653e-06,1.7985350688993378e-06,1.5417678145653372e-06
125,125,0.02,750,100000.0,17.15,2.43,0.81,1.27848648389625,,825.0,0.0074502738679422,750.0,0.0626614594070815,0.0003320170977335,0.0005418980714054,9.341349125296192e-07,4.516512525467872e-06,131847261571.10396,106123607394.08762,90995513768.87434,11.969079671885844,0.0891729215027703,1578090378264.5164,1270201911967.7686,1089132554083.8424,4.307454786164378e-06,3.467062077342958e-06,2.9728267135214224e-06,2.435243733916696e-06,1.960123000262048e-06,1.6807042640068551e-06
126,126,0.02,752,100000.0,17.15,2.43,0.81,1.2792868307211,,795.0,0.0072804866047233,752.0,0.042224658166333,0.0004228267908338,0.0003662519909321,7.641648870023647e-06,-1.0522432189845808e-05,128584890556.25575,103619230744.59978,88870250686.1531,17.809498825015755,0.1296618176323635,2290032457276.416,1845406568194.9863,1582734625173.8994,4.212385183701205e-06,3.3945210082370225e-06,2.9113508254563005e-06,2.380445224374176e-06,1.9182650614101106e-06,1.6452225679053306e-06
127,127,0.02,754,100000.0,17.15,2.43,0.81,1.28016843760962,,779.0,0.0072387235357954,754.0,0.0494410598739705,0.0004340064213784,0.0003009409650806,1.1043357013179556e-05,-3.4877796345767163e-06,127591115598.2085,102939448784.67915,88309229666.00145,15.25048212805329,0.1103940239125677,1945826028128.86,1569876223962.4065,1346758328763.5083,4.190791979944599e-06,3.381096045474255e-06,2.9005594135941613e-06,2.3674886951632787e-06,1.9100701498019443e-06,1.6386023582646035e-06
128,128,0.02,756,100000.0,17.15,2.43,0.81,1.28096914587123,,775.0,0.0073152390987746,756.0,0.0505143671806536,0.0004492043139971,0.0003613353451522,1.3659207105317927e-05,2.721455374075191e-06,128680913114.73808,103941257448.98976,89190909632.43095,14.966039212098432,0.1094801551981373,1925843591523.8013,1555588934736.3992,1334834650921.6897,4.2379538774130025e-06,3.423182540182629e-06,2.937397257740331e-06,2.393222866363184e-06,1.933111819494655e-06,1.6587831033942116e-06
129,129,0.02,758,100000.0,17.15,2.43,0.81,1.2817699952141,,812.0,0.0077835951829514,758.0,0.0538754591495944,0.0003966973282193,0.0004024042053744,7.270683914265708e-06,9.65512230730093e-07,136644218751.27394,110527051597.9102,94846240974.3054,14.069485661278224,0.1095111808197292,1922513876417.6133,1555058767640.1558,1334437827414.1292,4.511955327770789e-06,3.649573497344457e-06,3.131797350768341e-06,2.5472062825036327e-06,2.060352079214293e-06,1.7680436325034924e-06
130,130,0.02,760,100000.0,17.15,2.43,0.81,1.28257035434233,,799.0,0.007782084423854,760.0,0.0444858958907161,0.0003719471717407,0.0004518288559636,-4.606749287047587e-06,1.076936400526487e-05,136342297316.89752,110505598818.727,94772751405.55215,17.08406641662365,0.1329496471568943,2329280862756.9253,1887884989627.9,1619103979498.6155,4.514196590281399e-06,3.658761860488891e-06,3.137858461135877e-06,2.547473259210426e-06,2.064730193957597e-06,1.770771467538708e-06
131,131,0.02,762,100000.0,17.15,2.43,0.81,1.28337129179016,,849.0,0.0084037114972702,762.0,0.0605471594303708,0.0004075345583256,0.0004423769075638,-8.6809700257237e-06,-5.7829745274508375e-06,146935818347.77292,119332703261.23712,102283647644.91016,12.585231201082182,0.1057626521403382,1849221245626.9355,1501829660392.8027,1287263353701.2192,4.877922407970361e-06,3.961564129067166e-06,3.39557571752289e-06,2.7515607105455697e-06,2.234657154865126e-06,1.915391831315768e-06
132,132,0.02,764,100000.0,17.15,2.43,0.81,1.28418710389317,,792.0,0.007965103474535,764.0,0.0466191582095234,0.0004059690465684,0.0003965941192487,-1.834717074806262e-05,3.773991080762747e-06,138985038352.7424,113104469338.39755,96888865360.0472,16.38811229851698,0.130533010209988,2277702416338.432,1853568744981.8296,1587825605996.345,4.625915320196998e-06,3.764518135882654e-06,3.224805287947765e-06,2.6085192967264703e-06,2.122783821280256e-06,1.8184437542706848e-06
133,133,0.02,766,100000.0,17.15,2.43,0.81,1.28505838495462,,810.0,0.00827178397438,766.0,0.0570430678731099,0.0004104943307529,0.000449131133344,1.2304004606490503e-05,-9.394498325607863e-06,144043648865.53137,117459332436.1966,100560832435.23656,13.428450266804312,0.1110772397177113,1934282975039.8115,1577296803991.5007,1350376137145.016,4.807187872476954e-06,3.91998594067579e-06,3.35603005016998e-06,2.709548241970813e-06,2.2094811552758406e-06,1.891610139579142e-06
134,134,0.02,768,100000.0,17.15,2.43,0.81,1.28585885107582,,844.0,0.0087494806547986,768.0,0.0544045756242894,0.0003414943766588,0.0004941138516206,1.8085923163076904e-06,-3.2329558837525303e-06,152052551845.70276,124242625298.14122,106306307122.51704,14.116459712942213,0.1235116911726327,2146443722379.92,1753866014651.3853,1500668701726.6736,5.088467713689582e-06,4.157803205665115e-06,3.557560889233997e-06,2.86665520109994e-06,2.34235311203883e-06,2.0041987097443345e-06
135,135,0.02,770,100000.0,17.15,2.43,0.81,1.28689382385114,,792.0,0.0083314249240384,770.0,0.0554521037180393,0.0004626134611684,0.000447988016281,-2.016525784281922e-07,4.803993029812127e-06,144492541376.86658,118306233921.34644,101167955889.51172,13.885857314183529,0.1156889777190307,2006402812522.9287,1642783483610.2358,1404803800249.3728,4.847349860261265e-06,3.968867188590322e-06,3.3939224279050267e-06,2.7302873728908447e-06,2.235478824939797e-06,1.9116391052039074e-06
136,136,0.02,772,100000.0,17.15,2.43,0.81,1.28769614424958,,889.0,0.0094752669340207,772.0,0.0592655115392517,0.0004399998732051,0.000445282240823,-1.386443062640724e-06,4.67289428300433e-06,163994958146.3658,134548790463.09492,114990491257.19267,13.026125649631858,0.1234260176463565,2136218930720.6787,1752649450578.263,1497880587629.0857,5.516909437901359e-06,4.526318981718708e-06,3.8683635988340805e-06,3.105803944006804e-06,2.548140313610524e-06,2.177737201842039e-06
137,137,0.02,774,100000.0,17.15,2.43,0.81,1.28835108195056,,877.0,0.0094691532591073,774.0,0.0586944619901714,0.0002983528795617,0.0004130619607782,4.653762451419098e-06,-1.2470651894097047e-05,163554040879.96252,134461976279.32465,114849275401.45428,13.18693406082516,0.1248690996396965,2156776352465.5688,1773141214883.691,1514509821652.5269,5.516533566797253e-06,4.535283883002281e-06,3.873764778086171e-06,3.104471293982325e-06,2.5522655584991822e-06,2.179990642237728e-06
138,138,0.02,776,100000.0,17.15,2.43,0.81,1.2891523913895,,868.0,0.0094927843827937,776.0,0.0553172883512615,0.0003074780266244,0.0003881769367375,-9.530937401286765e-06,-3.620171489699273e-06,163626265527.3299,134711181187.16832,115068703674.37737,14.028164126058472,0.1331663373351158,2295376108151.407,1889750559308.7976,1614202660916.9534,5.533027108851743e-06,4.555262658913073e-06,3.891051688791468e-06,3.112894819066919e-06,2.562802106596268e-06,2.189115362074236e-06
139,139,0.02,778,100000.0,17.15,2.43,0.81,1.28995378710095,,776.0,0.0085950621932889,778.0,0.0628787531147736,0.0003494584795014,0.0003988232667867,-1.1857051873169477e-05,6.736881611026029e-06,147848139595.60852,121870302115.05605,104125948303.30116,12.373018888906778,0.1063468668688925,1829327823906.1904,1507903550066.3638,1288352325182.076,5.012743169880997e-06,4.1319730245474535e-06,3.5303564697695943e-06,2.819126667912586e-06,2.323788582384861e-06,1.9854442435760126e-06
140,140,0.02,780,100000.0,17.15,2.43,0.81,1.29084637328192,,812.0,0.0091072577032152,780.0,0.0629502635874814,0.0003805743443209,0.0003278792834575,-6.852039154060044e-06,4.690400900671181e-06,156027924908.3801,129025344064.95638,110266544686.91048,12.39073445524244,0.1128456118160018,1933300585142.245,1598718776305.1655,1366283474512.6318,5.303285326427564e-06,4.385485574577427e-06,3.747886468254593e-06,2.9818830452645297e-06,2.465830947265594e-06,2.1073275200889525e-06
141,141,0.02,782,100000.0,17.15,2.43,0.81,1.29164824012589,,850.0,0.0096764138767257,782.0,0.0551542269115543,0.000422695378429,0.0004290013954707,-7.401532203028063e-06,-1.9379930298848207e-06,165093967438.96014,136974609357.51076,117089141308.57877,14.17842373629894,0.1371962961920213,2340772226656.317,1942084052584.8047,1660139460392.4136,5.626236064658793e-06,4.667956673793717e-06,3.99027995891989e-06,3.1624797704802498e-06,2.623835612423095e-06,2.242916845936185e-06
142,142,0.02,784,100000.0,17.15,2.43,0.81,1.29245061579877,,821.0,0.0094993168653298,784.0,0.0567507609350741,0.0003741771101507,0.0005003176729248,-3.853779091418522e-06,3.5040627979323453e-06,161444231567.7065,134355652573.96043,114941734070.49065,13.814792737262806,0.1312310936401163,2230318597734.527,1856095493388.953,1587896233045.4072,5.516130779912186e-06,4.590584274344907e-06,3.927261017912637e-06,3.099771700573176e-06,2.579663860496273e-06,2.2069115200135985e-06
143,143,0.02,786,100000.0,17.15,2.43,0.81,1.29326685540874,,873.0,0.0102637114175376,786.0,0.0540282234595679,0.0003386628798106,0.0003827947588449,5.562780320527336e-06,5.7523405385029074e-06,174072164367.83548,145045958346.30594,124190908152.20572,14.547951971587665,0.1493159807525738,2532393486813.584,2110121635694.964,1806723367106.144,5.96254772404877e-06,4.968304105145269e-06,4.253949615894535e-06,3.3500361108855573e-06,2.791423889987043e-06,2.3900663754281213e-06
144,144,0.02,788,100000.0,17.15,2.43,0.81,1.29414859932067,,847.0,0.0101075448790537,788.0,0.0621575359850794,0.0004310835421447,0.0004820942378307,-4.487190607540706e-06,1.0434388508066676e-05,171065890743.9822,142719792668.22903,122301293036.55074,12.677465210158184,0.1281380485643168,2168681878551.556,1809325206352.4624,1550470387628.2334,5.874914705100879e-06,4.901424854533855e-06,4.200192462614348e-06,3.299885971009654e-06,2.7530856067393023e-06,2.359209772166996e-06
145,145,0.02,790,100000.0,17.15,2.43,0.81,1.29519742122294,,920.0,0.011139556369919,790.0,0.052462183336047,0.0004607394987456,0.0003672016670453,8.584174133610498e-06,3.6036685198089433e-06,188138027548.86795,157160516956.452,134788632076.0205,15.058465922770454,0.1677446299912065,2833070076621.877,2366596288993.7207,2029710022893.599,6.478574546093156e-06,5.411857124633909e-06,4.641476325904408e-06,3.637724678333674e-06,3.038762011277413e-06,2.606192589823013e-06
146,146,0.02,792,100000.0,17.15,2.43,0.81,1.29600119569745,,846.0,0.0103910464362577,792.0,0.0541800668967198,0.0003845463682566,0.0004663572777544,-6.479967074858514e-06,5.197006855916209e-07,175128573147.8597,146477716378.60617,125731661878.71867,14.617922150405269,0.1518955078664617,2560015848586.968,2141199854791.608,1837935645184.1875,6.046302879107384e-06,5.057133866540984e-06,4.340877650904012e-06,3.393821213519656e-06,2.8385955085348365e-06,2.436557174110061e-06
147,147,0.02,794,100000.0,17.15,2.43,0.81,1.29690183422233,,856.0,0.0106592892091672,794.0,0.0592133283226985,0.0004441245166758,0.0004590383491307,-4.830861217604541e-06,2.805900165673664e-06,179272257394.05508,150133268069.45218,128977399430.92336,13.409143219798237,0.1429319356269731,2403887374733.418,2013158493599.6453,1729476421086.375,6.2045369048688674e-06,5.196048824988896e-06,4.463853171124927e-06,3.481977490359569e-06,2.916015381135525e-06,2.5051081975078813e-06
148,148,0.02,796,100000.0,17.15,2.43,0.81,1.29770587029687,,903.0,0.0113979554390152,796.0,0.0409649295728513,0.0003348548908735,0.00040797358664,2.772889060959276e-06,-8.974214434561263e-06,191292082797.77063,160402731790.82526,137915260812.08444,19.43125518095684,0.2214765806766801,3717045274940.206,3116826413150.1035,2679866626187.8296,6.6377023124830586e-06,5.565863302675947e-06,4.785563689987413e-06,3.723857125627284e-06,3.1225383037980485e-06,2.684777745092393e-06
149,149,0.02,798,100000.0,17.15,2.43,0.81,1.29851063884867,,883.0,0.0112907976129178,798.0,0.0625610691450901,0.000399636901343,0.0003418023419578,7.31077620181206e-07,-1.0184460192018108e-05,189094082203.9802,158761515638.79086,136618651116.30568,12.755536484667438,0.1440201808925693,2411996464587.5728,2025088305091.697,1742644188800.0889,6.5776774685896e-06,5.522552753236977e-06,4.752308548013948e-06,3.689430420822466e-06,3.0976091828288195e-06,2.665577904952648e-06
150,150,0.02,800,100000.0,17.15,2.43,0.81,1.29941365924252,,860.0,0.0111297255106065,800.0,0.0529203258631696,0.0003381710386498,0.0004443008002542,-7.933742776952199e-06,1.0268349616178407e-05,186002637712.46988,156365367302.75092,134669678678.33882,15.117064888611486,0.1682487827362732,2811813943752.301,2363785403847.2544,2035810271108.9067,6.486595220639125e-06,5.453034734848315e-06,4.696426377728489e-06,3.637375215598836e-06,3.057803473111201e-06,2.633533360287443e-06
151,151,0.02,802,100000.0,17.15,2.43,0.81,1.30021834112426,,853.0,0.0111710776381289,802.0,0.0558292755866887,0.0003516457506923,0.0004118930848656,1.1226393356936967e-05,1.290561132089986e-06,186298392224.23056,156814559322.85062,135170039421.36044,14.365223112284475,0.1604750226763744,2676217969760.956,2252676131927.319,1941747774384.1304,6.512912156332829e-06,5.48216996137304e-06,4.725486797866551e-06,3.651114162373299e-06,3.0732839482632977e-06,2.6490902007671605e-06
152,152,0.02,804,100000.0,17.15,2.43,0.81,1.30109146940227,,873.0,0.0115767579783331,804.0,0.0595705740324774,0.0003359284676173,0.0004303683597374,-6.387242048307002e-06,-3.733525875423946e-07,192654173927.02893,162372753426.1882,140078771537.83157,13.496596483385655,0.1562468310193785,2600175646333.1074,2191479532889.538,1890586655334.4805,6.752399683014574e-06,5.691056188486626e-06,4.909667064298271e-06,3.783938807915772e-06,3.1891785706662654e-06,2.751300368856444e-06
153,153,0.02,806,100000.0,17.15,2.43,0.81,1.30192977717907,,881.0,0.0118338188586562,806.0,0.0604893502730874,0.0003524320281021,0.000376885303457,1.1110875856133548e-05,-1.2450840548426427e-05,196513256906.69644,165838629672.9982,143189208189.74002,13.324659570010306,0.1576816077047617,2618472249275.7065,2209743283949.7104,1907947453227.6167,6.905045201327651e-06,5.827206021841003e-06,5.031354985693986e-06,3.86820063262361e-06,3.2643960123214685e-06,2.8185609175843435e-06
154,154,0.02,808,100000.0,17.15,2.43,0.81,1.30273523472302,,909.0,0.0123656940774719,808.0,0.0561691419388807,0.0003656136987195,0.0004181453049182,-5.761151891802621e-06,8.697333422393758e-06,204908003229.07343,173146435672.32806,149624898337.41064,14.385122722351849,0.1778820268514934,2947626773242.291,2490732726084.24,2152372524903.0715,7.217618974773973e-06,6.098858901699361e-06,5.270343219007536e-06,4.0423098941598e-06,3.415735544864496e-06,2.9517158794710885e-06
155,155,0.02,810,100000.0,17.15,2.43,0.81,1.30364324447937,,863.0,0.0119150591691567,810.0,0.0546744156855538,0.000413796418958,0.0003642468675011,1.981818929804519e-06,-1.076096936299879e-05,197019009341.4156,166696019050.66666,144172215946.79718,14.814973143170128,0.1765212815903408,2918831332087.055,2469597045309.0024,2135907507243.1245,6.957172641666196e-06,5.886401454817267e-06,5.091036645785226e-06,3.895242121128671e-06,3.295729467938858e-06,2.850413724694187e-06
156,156,0.02,812,100000.0,17.15,2.43,0.81,1.30444932808101,,865.0,0.0121231863759122,812.0,0.0463891519586923,0.0003506652150979,0.0004504899454649,-1.3112220704437068e-06,8.900610451426671e-08,200031423052.4893,169464785240.2085,146621466373.95987,17.504092351656993,0.2122053739203171,3501368502344.1416,2966327251198.3286,2566475688145.164,7.082289598328015e-06,6.000050729403056e-06,5.191262804341552e-06,3.963159169002369e-06,3.357552064564948e-06,2.904964629882437e-06
157,157,0.02,814,100000.0,17.15,2.43,0.81,1.30525570824403,,868.0,0.0123434077875042,814.0,0.0523873804489767,0.0002822892976034,0.0004234920772331,-6.973081348763857e-06,1.934608323454837e-06,203228235745.0381,172397558147.35583,149197525941.8549,15.538093201525976,0.1917930206266829,3157779268188.0938,2678729326209.1084,2318245063521.6304,7.213463472697756e-06,6.119147193888887e-06,5.295676064169755e-06,4.0350251031257975e-06,3.422892848978316e-06,2.962264373809315e-06
158,158,0.02,816,100000.0,17.15,2.43,0.81,1.30616741790999,,870.0,0.0125214887872934,816.0,0.0515607035279117,0.0004135851038636,0.0003833583836799,2.1050000381491342e-06,-6.4926701004848815e-06,205717131465.02728,174737067033.08975,151261405828.05774,15.826005934117411,0.1981651558516904,3255680543315.134,2765389859775.9507,2393863906237.784,7.319476926442487e-06,6.217196989062463e-06,5.381925957916354e-06,4.093110844726779e-06,3.476706966286275e-06,3.0096166331616186e-06
159,159,0.02,818,100000.0,17.15,2.43,0.81,1.30697409968417,,866.0,0.0126128706920713,818.0,0.0591017262299828,0.0004886159540795,0.0004002994451796,3.507708544989502e-07,-7.030404927967996e-06,206772099027.0452,175863513510.57794,152276040824.3814,13.84054328323528,0.1745689827394629,2861838186349.2305,2434046570684.9863,2107583134029.5527,7.3753158736045475e-06,6.27284323603439e-06,5.431506022071277e-06,4.122852438335204e-06,3.506562630562872e-06,3.036249325547137e-06
160,160,0.02,820,100000.0,17.15,2.43,0.81,1.30778091275259,,896.0,0.0132179085802807,820.0,0.0530941992155931,0.0003920448622404,0.0004326454375278,-3.849333682191891e-06,-3.29115928548607e-06,216223154325.17776,184143742092.44028,159487150107.0434,15.444248375803284,0.2041406631225172,3339404099997.69,2843961689725.51,2463159159002.2,7.730996533163782e-06,6.584006399145806e-06,5.702417062639948e-06,4.320488237325216e-06,3.679489711314396e-06,3.186811135895844e-06
161,161,0.02,822,100000.0,17.15,2.43,0.81,1.30869521201282,,883.0,0.0132185176592191,822.0,0.0483347019900293,0.0004844411054534,0.0003750552038847,5.218591351258935e-06,5.1279553198434975e-06,215765318903.6609,183996297236.1872,159400940878.31516,17.006414980474393,0.2247995967394092,3669394551670.054,3129117385669.3125,2710838548854.6924,7.73372708356462e-06,6.5950225663766885e-06,5.71344542246262e-06,4.320181270618986e-06,3.68408306405322e-06,3.191620241847204e-06
162,162,0.02,824,100000.0,17.15,2.43,0.81,1.30950266291593,,973.0,0.0147778142808753,824.0,0.0538728715755496,0.0003157301726016,0.0003745672962992,-1.669403108576744e-05,1.3516530168128514e-05,240510974153.9718,205526736953.5077,178099766780.83197,15.295267838924232,0.2260306274998674,3678679767885.582,3143586489764.0264,2724083634962.7656,8.641348822805145e-06,7.384395795973898e-06,6.398968759854394e-06,4.825549288057738e-06,4.123634701790802e-06,3.5733471448263235e-06
163,163,0.02,826,100000.0,17.15,2.43,0.81,1.31031008129603,,898.0,0.0138175548904299,826.0,0.052852206792977,0.000461961387746,0.0002605109263684,-7.216342706283098e-06,2.817864980228496e-06,223904632956.37253,192008654233.62823,166429081617.9472,15.628486493202733,0.2159474699741716,3499290531924.184,3000804659268.2925,2601034654142.2227,8.064816111930898e-06,6.915955546999598e-06,5.994605476465565e-06,4.501614495187705e-06,3.860344154951015e-06,3.346065493777028e-06
164,164,0.02,828,100000.0,17.15,2.43,0.81,1.3112278617373,,834.0,0.0129879057386169,828.0,0.0704075349597133,0.0003795054830444,0.0004486879139226,-1.0319212248839365e-05,-1.2337320268699369e-05,209541434224.6964,180326644584.3213,156344233613.87408,11.76010494436108,0.1527391344936051,2464229256674.3643,2120660264576.1204,1838624594744.8647,7.566021089136011e-06,6.511147548961975e-06,5.645202215323782e-06,4.221534437377638e-06,3.632957571881261e-06,3.1497950213447347e-06
165,165,0.02,830,100000.0,17.15,2.43,0.81,1.3120355962641,,929.0,0.0146401339975511,830.0,0.052938173735356,0.0003656007380554,0.0004391296165104,-2.444316219634949e-06,-2.1395068266387505e-06,235433874429.7746,203093806889.322,176129605874.24994,15.678667045623158,0.2295377864509119,3691289328445.488,3184240177245.7666,2761477447379.1973,8.522718819859629e-06,7.3520066488514575e-06,6.375901132981097e-06,4.752984813022487e-06,4.100097244297784e-06,3.5557387137748075e-06
166,166,0.02,832,100000.0,17.15,2.43,0.81,1.31284381804785,,945.0,0.0150938425068334,832.0,0.0680879112342154,0.0004449104179479,0.0004833955339132,3.0934348117714747e-06,7.3379930937513234e-06,242195988642.15332,209209780391.83423,181481160177.73865,12.219496602532065,0.1844391572314051,2959513060359.6875,2556438200714.4976,2217608420215.454,8.787342838172545e-06,7.590538867751786e-06,6.584490445493437e-06,4.899206336509308e-06,4.231952343644241e-06,3.671050271660405e-06
167,167,0.02,834,100000.0,17.15,2.43,0.81,1.31376464441493,,968.0,0.0156729038416522,834.0,0.0612458702654521,0.0004460469708332,0.0003666260541507,-4.977214311433665e-06,-1.5987130911463012e-06,250932967293.22388,217051036872.06943,188332587277.23453,13.617244662950716,0.2134217661906794,3417015609632.04,2955637073434.106,2564570918960.622,9.12756409455434e-06,7.895125428155687e-06,6.850505854248619e-06,5.086037131365962e-06,4.39930091625963e-06,3.8172207592752655e-06
168,168,0.02,836,100000.0,17.15,2.43,0.81,1.31457355675456,,921.0,0.0151139792070141,836.0,0.0611771414183976,0.0004172230482883,0.0004310325069617,-1.3987227753976455e-05,7.548877539423451e-06,241449364039.564,209132306558.65182,181509326020.0424,13.665234769347874,0.2065360741628911,3299462244510.3813,2857842066979.2075,2480367552889.9824,8.804310861672742e-06,7.62588812559184e-06,6.618632179587348e-06,4.90357258118006e-06,4.247248479444784e-06,3.686255947870335e-06
169,169,0.02,838,100000.0,17.15,2.43,0.81,1.315382107129,,914.0,0.0152066586692986,838.0,0.0698336881878276,0.0003883424425834,0.0004134716741595,3.228557350254936e-06,4.543138863950907e-06,242391787407.1228,210235329741.95416,182514717628.44592,11.99993902292658,0.1824789767740422,2908686668543.657,2522811137368.313,2190165482328.0144,8.859170056811976e-06,7.683884664811799e-06,6.670724856802251e-06,4.932543300754982e-06,4.27817657682827e-06,3.714076938651773e-06
170,170,0.02,840,100000.0,17.15,2.43,0.81,1.31630553599908,,944.0,0.0159201478393924,840.0,0.058351883678597,0.0002712193753284,0.0004896313112789,7.124154592768319e-07,-6.458542246240605e-06,253201291773.97275,219911670905.10468,190965541066.7043,14.395422170546055,0.2291772491655612,3644939489213.948,3165721342909.172,2749029583681.959,9.277014341497934e-06,8.057319575883537e-06,6.99676550145403e-06,5.162821589414491e-06,4.484040007689235e-06,3.893823018618367e-06
171,171,0.02,842,100000.0,17.15,2.43,0.81,1.31711516242917,,937.0,0.0160197309471214,842.0,0.069282255384337,0.0002166214254148,0.0004623357540786,1.3978835871210788e-06,1.135935703129791e-05,254218185448.7885,221098279154.8272,192046676636.1761,12.153184034340118,0.1946907383809802,3089560392635.1323,2687048076244.5205,2333978604342.855,9.335763137413356e-06,8.119486655273034e-06,7.052612232431856e-06,5.193535990321112e-06,4.516914744558969e-06,3.923406679859513e-06
172,172,0.02,844,100000.0,17.15,2.43,0.81,1.31795480027411,,973.0,0.0168714909122441,844.0,0.0599480033066583,0.0003829813471993,0.0004172387183352,4.240512026058282e-06,1.036418833245728e-05,267137757927.83893,232826574588.96933,202138275506.66428,14.078867575999109,0.2375314863631578,3760997118415.35,3277934511811.578,2845878012899.15,9.83423876208409e-06,8.571128778001522e-06,7.441389340496933e-06,5.468003049200546e-06,4.765692538796033e-06,4.137538307591657e-06
173,173,0.02,846,100000.0,17.15,2.43,0.81,1.31885197962638,,957.0,0.0168264450739908,846.0,0.0612781117795293,0.0003596920704016,0.0004250939025034,2.0376959767044504e-06,1.6410949783522482e-06,265829046870.51016,232204942021.0742,201479484145.1614,13.805908430138931,0.2323043598962804,3670011479165.3735,3205800166568.67,2781607308659.727,9.8096107428778e-06,8.568815637776486e-06,7.434986264321249e-06,5.451731543055158e-06,4.762154556745016e-06,4.132024216028255e-06
174,174,0.02,848,100000.0,17.15,2.43,0.81,1.31966185534058,,951.0,0.0169575966520134,848.0,0.0560892207276992,0.0003792839709976,0.0004177080408712,-4.9789924338028365e-06,4.681813629893142e-06,267300900313.73187,234014833797.7854,202929867338.9167,15.11876950683362,0.2563779951716445,4041260700812.4224,3538016333368.695,3068049890349.405,9.886880811901314e-06,8.655701373470984e-06,7.5059358543123614e-06,5.49253240673066e-06,4.8085661394384565e-06,4.169828352034525e-06
175,175,0.02,850,100000.0,17.15,2.43,0.81,1.32059219216227,,935.0,0.016909086609539,850.0,0.0627997667328372,0.0004676784494439,0.0003714169310764,2.8670842797127552e-06,7.223672744667983e-06,265937840974.324,233345395211.639,202229672921.91425,13.535082122455478,0.2288658758758234,3599490517055.98,3158349087086.364,2737195230595.42,9.86002557804806e-06,8.651614064689023e-06,7.4979541848761775e-06,5.4751264303369e-06,4.804113382435128e-06,4.163503107179327e-06
176,176,0.02,852,100000.0,17.15,2.43,0.81,1.32140264665985,,950.0,0.0174209454372545,852.0,0.0482265374307644,0.0003951719242105,0.0003532506464601,1.4196847749495424e-05,-4.469201581205614e-06,273234342489.92776,240409047034.11288,208228111172.8032,17.666621851572042,0.3077692553368455,4827127805632.477,4247215723648.469,3678687298957.0176,1.0155882319782618e-05,8.935794702964685e-06,7.739657370557501e-06,5.635789416482978e-06,4.958727920343898e-06,4.294957121669964e-06
177,177,0.02,854,100000.0,17.15,2.43,0.81,1.32221884773407,,972.0,0.0180772278972933,854.0,0.0721077692010112,0.0003827801326048,0.0003582440130795,5.28041291411098e-06,3.533421385901006e-06,282248169551.5132,249465744982.648,215944540311.1666,11.84338399957079,0.2140955516353986,3342773455174.535,2954518612568.5005,2557514113515.94,1.0514000226262476e-05,9.292825187706294e-06,8.044129920486068e-06,5.832537806900174e-06,5.155103012536122e-06,4.462401643064279e-06
178,178,0.02,856,100000.0,17.15,2.43,0.81,1.32314625583204,,944.0,0.0178034401280232,856.0,0.0594377189717079,0.0004224278916395,0.000438009774573,3.4501859683554887e-06,1.5628412490705794e-05,276713305274.1857,245687473766.7212,212547953200.67825,14.401629382975688,0.2563985464657884,3985122467897.034,3538299941227.881,3061036848106.229,1.0333479621658044e-05,9.174862412016807e-06,7.93731237769011e-06,5.728816721340436e-06,5.086486558873777e-06,4.400396530178424e-06
179,179,0.02,858,100000.0,17.15,2.43,0.81,1.32395837186324,,994.0,0.019000985047778,858.0,0.0613982895079061,0.0004201259955226,0.000388847394376,-1.1994056482945058e-05,2.396003881333058e-05,294248390157.9038,262213593659.3377,226710464048.76385,13.974330667461295,0.2655260480651389,4111924302434.712,3664259463298.918,3168126990391.022,1.1014785959418274e-05,9.815607175480416e-06,8.486596086107589e-06,6.103218911430843e-06,5.438762002392304e-06,4.702365885023725e-06
180,180,0.02,860,100000.0,17.15,2.43,0.81,1.32489377407417,,994.0,0.019184061324533,860.0,0.0699649138337008,0.0003749112096093,0.0004571265580458,5.607211258985791e-06,-1.0439409255747094e-05,296404583497.39844,264652855401.6519,228759059223.0922,12.291875354040004,0.2358080905854199,3643368194716.165,3253079910687.8774,2811877842077.7046,1.1120546927661633e-05,9.92928133332847e-06,8.582613072987286e-06,6.15944024557164e-06,5.499622945880302e-06,4.753731333342176e-06
181,181,0.02,862,100000.0,17.15,2.43,0.81,1.3257059739536,,932.0,0.018159127006439,862.0,0.0585393351200309,0.0004471013772744,0.0003864555017168,3.394937364965965e-06,-3.75627516884309e-06,279926123883.26807,250299208040.90216,216408771187.7036,14.72514162028877,0.2673957168706257,4121951817399.6216,3685691285848.4062,3186649803611.6035,1.0527503036222145e-05,9.41328960677292e-06,8.138733049058697e-06,5.827479484633004e-06,5.210708738590264e-06,4.505180355788726e-06
182,182,0.02,864,100000.0,17.15,2.43,0.81,1.32634611282785,,906.0,0.0178333932324506,864.0,0.0581132858283126,0.0004210915499534,0.0003647666801411,4.061096864190827e-06,7.373420790209488e-06,274273770618.0104,245599035309.47263,212400664361.06168,14.86751244031466,0.2651381957364834,4077768696715.2793,3651446712792.864,3157869519719.183,1.0338101703063433e-05,9.257275311024102e-06,8.005941162420094e-06,5.720104965893202e-06,5.122080242404498e-06,4.429713028092753e-06
183,183,0.02,866,100000.0,17.15,2.43,0.81,1.32745767815731,,985.0,0.0196175788396721,866.0,0.0543445508945978,0.0004223043940446,0.0004501938484762,-1.6928762277358791e-06,-1.4341694473973768e-06,301019918737.7736,269939177225.73315,233511960458.2844,15.935360321214556,0.312613187440009,4796860868949.146,4301578053904.252,3721097229215.968,1.1373334312479932e-05,1.0199021112946632e-05,8.822703837642748e-06,6.289248660808237e-06,5.639874650107603e-06,4.878796030352798e-06
184,184,0.02,868,100000.0,17.15,2.43,0.81,1.32809735468001,,969.0,0.0195243716983144,868.0,0.0702897123736647,0.0004306588400242,0.0003476442565501,1.872538138167004e-05,1.1183781452624053e-06,298898765243.64606,268426323806.55005,232264306956.7319,12.348891049456208,0.241104338911571,3691068286810.773,3314767427493.14,2868206621286.136,1.1319688433286324e-05,1.0165657092312684e-05,8.796154065006707e-06,6.256232506832824e-06,5.61841562416381e-06,4.86151057256866e-06
185,185,0.02,870,100000.0,17.15,2.43,0.81,1.32890918261099,,945.0,0.0192775071672443,870.0,0.0641159736876488,0.0004031587207026,0.0004018514835046,4.070728887125879e-06,-1.6087968432862449e-06,294437298794.20966,264804958800.39853,229191133244.70447,13.569161473525192,0.2615796075593778,3995267251167.215,3593181244952.793,3109931495297.6226,1.117559893393872e-05,1.0050880195514206e-05,8.699129474584412e-06,6.174022876935893e-06,5.552665644791193e-06,4.805883309073122e-06
186,186,0.02,872,100000.0,17.15,2.43,0.81,1.32985216725563,,982.0,0.0202917101019128,872.0,0.062308785085861,0.0004771102759078,0.0004685997729345,-8.826223167852252e-06,1.1783707157977837e-06,309209738831.3793,278497161305.7211,241105415172.09583,13.99481628149852,0.283978754913698,4327333487395.292,3897516607392.426,3374225989807.907,1.176371049173694e-05,1.059526776469886e-05,9.172719826982178e-06,6.495066862871849e-06,5.849937620454722e-06,5.064509929285314e-06
187,187,0.02,874,100000.0,17.15,2.43,0.81,1.33066499138617,,930.0,0.0194628849993799,874.0,0.055243882417244,0.0003488950584663,0.0003291722541602,-9.751498807601611e-07,9.225237282150606e-07,295891133969.3228,266892213020.6609,231119588035.46445,15.820756285716543,0.307917560192119,4681221517632.959,4222436656755.421,3656486675164.292,1.1284902188125274e-05,1.0178921140039004e-05,8.814599848775568e-06,6.226138570965226e-06,5.615943538039521e-06,4.863216285900571e-06
188,188,0.02,876,100000.0,17.15,2.43,0.81,1.33157712394971,,955.0,0.0202354423746641,876.0,0.0696989004508168,0.0003248101024349,0.0003774494928569,-1.0223596268947166e-05,-5.03979153019662e-07,306261455513.74414,277247494784.40814,240150397422.4048,12.568347482298536,0.2543260712228078,3849200393331.252,3484542853047.193,3018293642816.8745,1.1707571209222735e-05,1.0598443680489208e-05,9.180319064407272e-06,6.45560366571287e-06,5.844026113692959e-06,5.062066277069938e-06
189,189,0.02,878,100000.0,17.15,2.43,0.81,1.33242460601584,,974.0,0.0208916672922772,878.0,0.0618289080416616,0.0003810194106802,0.0004348039678113,2.05628614181562e-06,-2.0758624150220995e-06,314714689781.13794,285992041312.62994,247790482540.8141,14.200477217038753,0.2966716454099369,4469098782104.468,4061223466914.407,3518743101919.87,1.2057298119064028e-05,1.0956880672408717e-05,9.493308752569036e-06,6.645391071163768e-06,6.0388949720921376e-06,5.232245947404705e-06
190,190,0.02,880,100000.0,17.15,2.43,0.81,1.33329262758449,,1053.0,0.0228597296362511,880.0,0.0633728708855869,0.0004474486585934,0.0004396902604086,-1.404359378630543e-06,3.4414740125471004e-06,342819904384.4503,312663750507.11945,270971346500.5189,13.886068087222167,0.3174317621844735,4760420533937.471,4341670127948.1055,3762726567192.476,1.3164945368727031e-05,1.200689091141999e-05,1.04058222044459e-05,7.251534185454418e-06,6.613652959928915e-06,5.731749986790597e-06
191,191,0.02,882,100000.0,17.15,2.43,0.81,1.33418690330805,,950.0,0.020861409128366,882.0,0.0652931945778618,0.0003525019904426,0.000391471391001,-5.478653570799932e-06,2.00906323239109e-06,312113473573.21954,285085650160.5438,247136291046.0341,13.508299076226368,0.2818021536574868,4216122146746.925,3851022224709.068,3338390932039.153,1.2012117469079897e-05,1.0971914410718669e-05,9.511380988880189e-06,6.613117213305237e-06,6.04044676046556e-06,5.2363688168865165e-06
192,192,0.02,884,100000.0,17.15,2.43,0.81,1.3350018813911,,1023.0,0.0227204321614514,884.0,0.0558485485171331,0.0003344504147884,0.0004717580589528,-6.742546175183134e-06,4.260614665413295e-07,339122785889.72736,310222472574.4889,268998539063.92288,15.828522378317626,0.3596308689125815,5367812605452.966,4910363349402.324,4257849395308.052,1.3082164202718232e-05,1.196729177293437e-05,1.0377017424803344e-05,7.197501055669967e-06,6.5841242958339e-06,5.709192509157529e-06
193,193,0.02,886,100000.0,17.15,2.43,0.81,1.33595387436252,,1053.0,0.0236532205756396,886.0,0.0602352853425145,0.0002861878682649,0.0004215100401432,6.760239951045003e-06,-4.594081089610782e-06,352208419705.6793,322679648313.89014,279874873026.04645,14.708986517818555,0.3479149025500719,5180628896913.017,4746290596623.443,4116675734016.2974,1.3616701717624425e-05,1.247509223405241e-05,1.082022021914836e-05,7.487844124450848e-06,6.860071405238094e-06,5.950054871830529e-06
194,194,0.02,888,100000.0,17.15,2.43,0.81,1.33684287774441,,978.0,0.022222327163631,888.0,0.0573886921590656,0.0003881194633917,0.0003912429294034,-5.7590780234808615e-06,5.1158140111513134e-06,330115269166.04645,302897111264.0936,262786653102.5534,15.473431552311895,0.3438556582995271,5108016021813.837,4686857718537.953,4066211289643.49,1.2792308904875965e-05,1.1737577069589857e-05,1.018325523402388e-05,7.030014263093226e-06,6.450386308442007e-06,5.59620863381588e-06
195,195,0.02,890,100000.0,17.15,2.43,0.81,1.33772361511608,,1021.0,0.0234643506434898,890.0,0.0678905501592908,0.0003380288383152,0.0003694581551191,5.68096656367833e-06,9.616061360573024e-06,347735295582.5421,319549476382.2872,277307930486.8836,13.109335510049684,0.3076020451109592,4558578658477.842,4189081297956.1,3635322700350.092,1.3505452526406587e-05,1.2410762835821054e-05,1.077017242127402e-05,7.417783286671148e-06,6.816531986498897e-06,5.915448210630941e-06
196,196,0.02,892,100000.0,17.15,2.43,0.81,1.33854070982281,,983.0,0.0228235865461838,892.0,0.0645095359827792,0.0004086622328419,0.0004693194302665,5.263343654720015e-06,-4.177945497520008e-06,337431640346.93365,310553988769.7425,269573668400.58844,13.827413054685731,0.3155911585634517,4665806668797.211,4294158278499.464,3727506461641.819,1.3134243751081295e-05,1.2088053693419528e-05,1.049292907448199e-05,7.209714218405517e-06,6.6354343834315725e-06,5.759830666671262e-06
197,197,0.02,894,100000.0,17.15,2.43,0.81,1.33949736724061,,979.0,0.0229442575874731,894.0,0.0567830493976089,0.0003732206812297,0.0003523051423017,-9.552652833418995e-07,-8.84835390229502e-06,338403701040.4885,311925265667.5322,270836540917.87646,15.744135080523616,0.3612374907795061,5327873580930.582,4910993517697.844,4264087084952.8086,1.3202098923242092e-05,1.216909921889011e-05,1.0566110223477442e-05,7.2422812131734576e-06,6.67560811099942e-06,5.796255732722436e-06
198,198,0.02,896,100000.0,17.15,2.43,0.81,1.34037504045888,,1046.0,0.0247426564891387,896.0,0.0653047733537732,0.0004177520266085,0.0003934375559913,-5.139704802134785e-06,1.9057095454890184e-06,364052571041.03296,336082474609.37054,291889915128.6729,13.720283433894345,0.3394762599384691,4994904459520.928,4611146808805.163,4004812367060.757,1.423659882577642e-05,1.31428033860761e-05,1.1414614134145117e-05,7.803933708747653e-06,7.2043588238462895e-06,6.2570346403607664e-06
199,199,0.02,898,100000.0,17.15,2.43,0.81,1.34127561580435,,1062.0,0.0253624709332332,898.0,0.0526622880342984,0.0004065328707591,0.000293469363876,-1.0059412592042923e-06,-1.444220282760319e-05,371721054637.14685,344202303141.2876,299022375302.0093,17.052050594823037,0.4324821375632222,6338606230833.606,5869355088019.853,5098944672634.024,1.456999881751966e-05,1.3491372326626724e-05,1.1720497400436504e-05,7.981361444738845e-06,7.390496064754389e-06,6.420420978519379e-06
200,200,0.02,900,100000.0,17.15,2.43,0.81,1.3422067252821,,1029.0,0.0248105355150394,900.0,0.0506681214648097,0.0004596866490546,0.0003264593106861,-4.468352600464064e-06,3.6770958903451e-06,361875646293.1589,336419134256.7773,292339477617.6538,17.76264787367483,0.4407008059109497,6427869679163.884,5975694619769.672,5192723200496.429,1.4214644449410416e-05,1.3214700763710829e-05,1.1483231257554456e-05,7.78270712541258e-06,7.235224641738619e-06,6.287222029998534e-06
201,201,0.02,902,100000.0,17.15,2.43,0.81,1.34305723027778,,1091.0,0.0265581462049463,902.0,0.0614898313883713,0.0003448621502573,0.0003148691071984,-6.47703551805968e-06,8.893750941460093e-06,385485786027.34784,359802619012.3039,312743385129.19794,14.66909210244771,0.3895838927506307,5654726499419.616,5277977756993.389,4587661520891.48,1.5176824976256776e-05,1.416566206246872e-05,1.231290955628432e-05,8.303520392245363e-06,7.75029454377859e-06,6.7366195332969e-06
202,202,0.02,904,100000.0,17.15,2.43,0.81,1.34388853234001,,1048.0,0.0257972843741996,904.0,0.0652022097763165,0.0002916212852672,0.000342200306336,1.3654664200068652e-06,3.228836335010067e-06,373338384294.49646,349190352920.62854,303601041022.3438,13.864560773343008,0.3576680169933035,5176172718072.732,4841370869533.147,4209295084104.489,1.4730083514008109e-05,1.3777321800239674e-05,1.1978593354792235e-05,8.054529236995343e-06,7.533551397858198e-06,6.549992082699274e-06
203,203,0.02,906,100000.0,17.15,2.43,0.81,1.34484269675661,,1035.0,0.0257596181514438,906.0,0.0626498768954206,0.0004446477805285,0.0003464420450511,5.829204922132409e-06,-2.943949394833013e-08,371881664109.10815,348376634992.5973,302975436047.6067,14.461321312927003,0.3725181149863369,5377900235067.807,5037986456544.239,4381425130608.608,1.4705609887798353e-05,1.3776131986765469e-05,1.1980796576177792e-05,8.035760662744345e-06,7.527855039584335e-06,6.546808637639265e-06
204,204,0.02,908,100000.0,17.15,2.43,0.81,1.34571264364512,,1034.0,0.0259994908290735,908.0,0.0759718737967887,0.0003305259694669,0.0003546647250833,-1.7357347946203523e-05,-1.7760730768301573e-06,374424509957.3176,351314006194.49884,305612713396.81134,11.951791559449212,0.3107404950408982,4475043697758.775,4198831773951.699,3652619448436.381,1.483830362946688e-05,1.3922442988020804e-05,1.2111317805888476e-05,8.103493492899033e-06,7.603323734031034e-06,6.614232157613264e-06
205,205,0.02,910,100000.0,17.15,2.43,0.81,1.34663252605795,,1006.0,0.0255130496226049,910.0,0.0642975907724121,0.0003525839407644,0.0003603957407041,-2.665592400928685e-06,6.277654337788625e-06,366516281637.82416,344440084572.30695,299714231913.5562,14.15294086556116,0.3610846826088555,5187283260285.484,4874840148680.745,4241837800839.644,1.4557431045806045e-05,1.368060037651409e-05,1.1904162197191872e-05,7.944895043989227e-06,7.46635404201193e-06,6.496841300207365e-06
206,206,0.02,912,100000.0,17.15,2.43,0.81,1.34753244663371,,1082.0,0.0276745232193204,912.0,0.0666910242441645,0.0004252428093659,0.0003616017093589,9.228180559672737e-06,7.414073886903135e-06,396588285377.2263,373294697639.7821,324910240958.9839,13.675003650581964,0.3784492060523228,5423346250311.611,5104806352966.91,4443148731225.57,1.578704108456934e-05,1.4859790229773491e-05,1.2933743915148312e-05,8.609853675431196e-06,8.10415446698269e-06,7.05373742859068e-06
207,207,0.02,914,100000.0,17.15,2.43,0.81,1.34842556558974,,1056.0,0.0272686580418561,914.0,0.0554160039048383,0.0004704873656454,0.000486396476286,9.409574348019811e-06,6.186304789735907e-07,389807046636.3432,367498412529.3982,319952215081.7889,16.493430337733155,0.4497537118168218,6429255368854.025,6061309466281.15,5277109570854.9,1.5553411486188397e-05,1.4663290671405304e-05,1.2766183936451578e-05,8.475543923882886e-06,7.99048904894719e-06,6.956695821353829e-06
208,208,0.02,916,100000.0,17.15,2.43,0.81,1.34924811240484,,1001.0,0.0261185142780237,916.0,0.0721300310442529,0.0003463886283324,0.0004604837893634,-7.2723706208605725e-06,-1.831460666336794e-05,372441359330.4304,351689875453.23193,306272334667.16034,12.699287477611357,0.3316865213047202,4729739890689.485,4466210831345.926,3889440424377.464,1.48908468134442e-05,1.4061166758246929e-05,1.2245295277956453e-05,8.110335333626376e-06,7.658448107092269e-06,6.669429362058393e-06
209,209,0.02,918,100000.0,17.15,2.43,0.81,1.35022318030645,,988.0,0.0260459038592323,918.0,0.0752866438423325,0.0003738614437723,0.0003269295789212,2.0223048649022645e-06,2.839555766772935e-06,370484212885.1558,350404917299.11475,305236538461.3196,12.193397834581422,0.317588067716879,4517461399140.462,4272626559821.708,3721870547109.3833,1.4847118276481586e-05,1.4042442487052472e-05,1.2232324161795914e-05,8.08006106834858e-06,7.642142450221318e-06,6.657044444221204e-06
210,210,0.02,920,100000.0,17.15,2.43,0.81,1.35104631264484,,1057.0,0.0281981521050971,920.0,0.0610449143666755,0.0004097507188098,0.0003982744531218,-2.783930635464078e-07,-3.521244164520201e-06,399787208467.39,379027251171.9889,330259533840.8418,15.070870514681694,0.4249706991292184,6025141252238.092,5712270623948.78,4977298670754.464,1.6056927304107528e-05,1.5223130929264727e-05,1.3264439717068613e-05,8.732505672976859e-06,8.27904833113788e-06,7.213820731973435e-06
211,211,0.02,922,100000.0,17.15,2.43,0.81,1.35202507217289,,1040.0,0.0280850330568395,922.0,0.0678670143137196,0.0003663120045405,0.0004556903840378,-1.6221115241259254e-06,-2.457816614817017e-06,396195634732.22894,377175452430.9726,328735891852.70465,13.585392098405794,0.3815461861738535,5382473045514.091,5124076411168.365,4466005987638.115,1.594668398087466e-05,1.5181130779810862e-05,1.3231461735031665e-05,8.666769217979062e-06,8.250703224217446e-06,7.191089094859614e-06
212,212,0.02,924,100000.0,17.15,2.43,0.81,1.35284861707109,,1079.0,0.0294851800907008,924.0,0.0675914366265715,0.0003509761709722,0.0004062067980905,-9.249855252285668e-06,4.522697757343937e-06,413860616569.6219,395631282427.0544,344915951000.1306,13.67037077647729,0.4030733442510866,5657628078288.231,5408426321551.038,4715128936893.059,1.669443751911816e-05,1.595909700186693e-05,1.3913326281313917e-05,9.066510057568107e-06,8.667157148087886e-06,7.556128352290998e-06
213,213,0.02,926,100000.0,17.15,2.43,0.81,1.35383093621598,,1051.0,0.0289051300155957,926.0,0.0613919049714013,0.0003627037124982,0.00041635896874,-9.446714035817672e-07,6.602119262167312e-06,404172435603.69934,387507211462.66034,337925972451.7989,15.083421836011858,0.4359882692499982,6096303340698.936,5844934734987.955,5097079991835.006,1.633832229042608e-05,1.5664644970863736e-05,1.3660366125602756e-05,8.867315889806529e-06,8.501690246354879e-06,7.413905751945675e-06
214,214,0.02,928,100000.0,17.15,2.43,0.81,1.35465559010075,,1130.0,0.0312768291790701,928.0,0.0618125209506388,0.0003838408348823,0.0004565856048745,-3.08011201910916e-06,4.705715429254778e-06,436228384167.3077,418933669696.3067,365431814719.5141,15.01313950196379,0.4695633996444717,6549157586220.044,6289509625220.273,5486278812839.85,1.767289170204426e-05,1.6972232077505586e-05,1.4804714962203223e-05,9.584728012419078e-06,9.204731798799432e-06,8.029199103715173e-06
215,215,0.02,930,100000.0,17.15,2.43,0.81,1.35564133790432,,1007.0,0.028077241167988,930.0,0.0595761682070588,0.0003647742434656,0.0004653802399909,-1.8582737211202693e-06,3.023066867615111e-06,390609027888.2882,375745967585.3128,327849783178.4801,15.610268803588651,0.4382932818954785,6097511922444.635,5865495555871.24,5117823242614.332,1.585940474859657e-05,1.5255938693492738e-05,1.33112704442002e-05,8.595071214400664e-06,8.268020243616289e-06,7.214099093610179e-06
216,216,0.02,932,100000.0,17.15,2.43,0.81,1.35646694133815,,1017.0,0.0286326594168286,932.0,0.0697663110008761,0.0004317439373934,0.0004372739271441,-8.957962797088023e-06,-7.222195790989158e-06,397322693761.4414,382841134452.95526,334132583184.2336,13.358883200636702,0.3825003528730243,5307787458921.44,5114329999556.281,4463638152285.203,1.616609039972812e-05,1.5576871106227168e-05,1.359503907041919e-05,8.755230555076827e-06,8.436121195018624e-06,7.362800684870547e-06
217,217,0.02,934,100000.0,17.15,2.43,0.81,1.3574559834824,,1034.0,0.0293924992493734,934.0,0.077012082559122,0.0004099285628078,0.0003884574522531,-2.685105317500282e-08,-8.978113944486405e-07,406826485209.2235,392654063028.6692,342791598546.41394,12.12796705352007,0.3564712625170148,4933978209116.833,4762095539842.493,4157365213394.386,1.65889062406166e-05,1.6011006346427703e-05,1.397779617379892e-05,8.977415484928137e-06,8.664673500400717e-06,7.564361507366472e-06
218,218,0.02,936,100000.0,17.15,2.43,0.81,1.35828237364387,,1031.0,0.0295957255487725,936.0,0.0620504655843205,0.0004200749161595,0.0004978352631076,-5.759866738406929e-06,9.204148105413832e-06,408592014038.8555,395019837008.3829,344952262302.6559,15.084496001533887,0.446436603702953,6163404602027.794,5958675151879.5205,5203431021424.481,1.6698412756644264e-05,1.614374255685048e-05,1.409757180599276e-05,9.02923075105079e-06,8.729307321341775e-06,7.622893907396554e-06
219,219,0.02,938,100000.0,17.15,2.43,0.81,1.35927457241784,,1061.0,0.0307611165570743,938.0,0.0692782643102418,0.0003790952176942,0.0004392557491701,-6.76906388221177e-06,1.3912330914621532e-06,422681634759.7534,410211663484.3733,358317726662.62726,13.53960018108204,0.4164932193064497,5722940338533.21,5554101913194.985,4851478756806.213,1.7308599788656493e-05,1.679796075343019e-05,1.4672930210250906e-05,9.353925583152054e-06,9.077965679192074e-06,7.929555189289173e-06
220,220,0.02,940,100000.0,17.15,2.43,0.81,1.36010248136541,,1115.0,0.0326464141763532,940.0,0.0506262735236759,0.0003810020531737,0.0003916545750252,-5.308870498007651e-06,6.11347965374e-06,446276396930.6043,434967742303.7764,380047357414.2934,18.567434151763067,0.606160145510624,8286207613495.074,8076234913366.415,7056504283341.455,1.83164473007634e-05,1.785230808582966e-05,1.559821994116293e-05,9.890198078824468e-06,9.639580221743997e-06,8.422456733121028e-06
221,221,0.02,942,100000.0,17.15,2.43,0.81,1.36109770020853,,1073.0,0.0318039660834695,942.0,0.0665774921230877,0.0003735899143897,0.0004387172337665,4.298379352106537e-06,4.308288094632853e-06,432521504693.3558,423368128259.5286,370015046066.3504,14.148925860085583,0.4499919581716869,6119714702798.949,5990204258267.274,5235315453908.942,1.7790983150603193e-05,1.7414475707300916e-05,1.5219893990480764e-05,9.598547766287222e-06,9.395415390279266e-06,8.211400023753291e-06
222,222,0.02,944,100000.0,17.15,2.43,0.81,1.36192697936982,,1062.0,0.0318834924833297,944.0,0.0565888898742059,0.0004363884025655,0.0004092740223049,3.2056854007273976e-07,2.3943076838605344e-06,432474710994.3455,424050656701.4558,370714609158.2856,16.68171971739437,0.5318714852185573,7214421913668.804,7073894201070.706,6184157205121.92,1.782551887963755e-05,1.7478300568315385e-05,1.5279922956223157e-05,9.610724261960895e-06,9.42351964416809e-06,8.238252545008277e-06
223,223,0.02,946,100000.0,17.15,2.43,0.81,1.36276562632542,,1123.0,0.0341377412904506,946.0,0.0799084072484674,0.0004193425707435,0.0004121281894542,7.333128295485166e-06,1.415989033656955e-06,461843741047.4363,453629478470.2671,396683509140.40326,11.83855407177,0.4041414961550953,5467562101098.616,5370317109419.081,4696159172338.133,1.907706694942747e-05,1.8737765962540787e-05,1.638553733442937e-05,1.0277532545347405e-05,1.009473835876512e-05,8.827504441538735e-06
224,224,0.02,948,100000.0,17.15,2.43,0.81,1.36375557594781,,1047.0,0.0320215159095637,948.0,0.0710673059237478,0.0003836993667689,0.0004543450928661,-1.3474562960095773e-06,-2.1971167025556133e-06,432080476544.2136,425130892832.8056,371866143792.7089,13.339467251188088,0.4271499628090237,5763723366739.279,5671019622411.5625,4960496246948.441,1.7884732534519778e-05,1.7597074441520823e-05,1.539233286717439e-05,9.62847851007913e-06,9.473614032159492e-06,8.286662713323754e-06
225,225,0.02,950,100000.0,17.15,2.43,0.81,1.36458533419973,,1130.0,0.0347694543881977,950.0,0.0593233352135484,0.0003206586719442,0.000420370815814,-6.617684816389496e-06,2.7770604918440992e-06,467929159631.7751,461203507015.3629,403531884642.5768,16.013934425302427,0.556795762576142,7493386878030.119,7385682718063.53,6462133139184.929,1.9410160208129327e-05,1.913117354508077e-05,1.6738898119032498e-05,1.0441747419444118e-05,1.0291665800451273e-05,9.004734858682061e-06
226,226,0.02,952,100000.0,17.15,2.43,0.81,1.36558889687475,,1081.0,0.0334920420246832,952.0,0.0629957677321044,0.000373189748831,0.0004683835720267,-5.053482217617072e-07,-1.898628290076868e-06,449552416908.7064,443864035789.09607,388507687486.3256,15.112126326461665,0.506135970008176,6793692914690.532,6707729380617.921,5871177252094.841,1.868781928189345e-05,1.845135422382348e-05,1.6150200021825705e-05,1.00449527240368e-05,9.91784959373733e-06,8.680948443254659e-06
227,227,0.02,954,100000.0,17.15,2.43,0.81,1.36641963307448,,1054.0,0.0329572215191016,954.0,0.0754089843048859,0.000399004066804,0.0003758448740967,6.367499531212492e-06,-8.272713514840058e-06,440787977881.4363,436387379284.42426,382303769621.5792,12.65101245950859,0.4169422200689397,5576414200179.647,5520742172499.553,4836529752799.701,1.836130398471392e-05,1.8177994247132604e-05,1.592510703731578e-05,9.862171452562876e-06,9.763712646888929e-06,8.55364826665773e-06
228,228,0.02,956,100000.0,17.15,2.43,0.81,1.36742666329226,,1081.0,0.0341109114139294,956.0,0.0689114190556665,0.0004376606770371,0.0004690504538492,-7.93457684852046e-06,1.762567048253764e-05,453803764524.0959,451261030024.80365,395686572401.58167,13.872882217499315,0.4732166563769963,6295566175100.577,6260291118881.523,5489313213973.158,1.894380989886706e-05,1.8837664726121744e-05,1.6517736945110443e-05,1.0166861605116276e-05,1.0109895066330577e-05,8.864824259068252e-06
229,229,0.02,958,100000.0,17.15,2.43,0.81,1.36825915849898,,1130.0,0.0360139225530897,958.0,0.0583998156103007,0.0003547134401655,0.0004198435146829,7.916711176070741e-06,-2.07720023535782e-06,476572003039.746,476011564449.9981,417761501615.8407,16.404161382849047,0.5907781975903108,7817764048411.621,7808570523340.22,6853027092047.6045,1.993807280515339e-05,1.991462605348956e-05,1.747765118655569e-05,1.0691142499356072e-05,1.0678569942036473e-05,9.371821500281106e-06
230,230,0.02,960,100000.0,17.15,2.43,0.81,1.36926953155921,,1064.0,0.0342752485699768,960.0,0.0777411448104885,0.0003918624183818,0.0003998971707367,-1.2327966990979773e-05,1.449172788855794e-06,451785740863.1582,452626435625.3551,397592883411.73096,12.34867330986976,0.4232538472052242,5578954519976.617,5589335984948.306,4909744627580.602,1.894195328490988e-05,1.897720096865036e-05,1.666981744401436e-05,1.014858876393921e-05,1.016747352422676e-05,8.931239532937477e-06
231,231,0.02,962,100000.0,17.15,2.43,0.81,1.37010270270469,,1069.0,0.0348028247850028,962.0,0.0716225609376124,0.0003799345543802,0.0003673848913904,-1.6994836151575409e-06,7.862791652837518e-06,457508132634.0308,459182867988.03705,403712767506.03326,13.43152195909275,0.4674549053382234,6145030529937.504,6167524774620.508,5422476901923.393,1.922042707870337e-05,1.929078457937222e-05,1.696042377195999e-05,1.0290280449220245e-05,1.0327948624366616e-05,9.080314211356428e-06
232,232,0.02,964,100000.0,17.15,2.43,0.81,1.37100225690137,,1118.0,0.03683130662965,964.0,0.0657819681256342,0.0004032684289026,0.0004788533836902,3.976110731917535e-07,-7.149981496043396e-06,482870550022.6856,485511856195.3224,427243156903.9404,14.654471847952273,0.5397433461275043,7076212881512.676,7114919828461.404,6261022815079.051,2.032885081488408e-05,2.044004980835644e-05,1.798693748867532e-05,1.0874644790745146e-05,1.093412919377962e-05,9.621869816638576e-06
233,233,0.02,966,100000.0,17.15,2.43,0.81,1.37195092545958,,1085.0,0.0361791551151944,966.0,0.0693796940345237,0.0003338689228504,0.0003864932077022,-3.919377434452747e-06,2.482194086235877e-06,472133636779.2961,476488385371.16,419678199336.2553,13.923382243791869,0.5037362059262896,6573697095029.73,6634329924249.867,5843339988744.961,1.9917334258822883e-05,2.0101042803524257e-05,1.7704459767666456e-05,1.064647858655e-05,1.0744676922829016e-05,9.463623462532415e-06
234,234,0.02,968,100000.0,17.15,2.43,0.81,1.37278537649863,,1076.0,0.0363063562228131,968.0,0.0509255583551748,0.0003625053172818,0.0004653623290522,-5.112799427134712e-07,2.117477809064585e-06,471223911695.3804,477735373063.31024,421153732184.6328,19.00813719603794,0.6901162001714585,8957088763559.457,9080859514587.768,8005347921988.918,1.992084486618076e-05,2.0196114878044067e-05,1.7804143540760303e-05,1.0639611206414247e-05,1.0786631371607278e-05,9.509092933024716e-06
235,235,0.02,970,100000.0,17.15,2.43,0.81,1.3738045156753,,1060.0,0.0359401958760928,970.0,0.0691490428328052,0.0003869575913898,0.0003773532024953,4.479240931929841e-06,-1.0391381926645193e-07,463927710833.8325,472493307571.44,416906272162.6775,14.027670669937594,0.5041572315628803,6507825142235.042,6627980512361.691,5848223886129.41,1.965220072698466e-05,2.001504352016749e-05,1.7660349993222135e-05,1.0488342579897508e-05,1.0681991096438608e-05,9.425295588166164e-06
236,236,0.02,972,100000.0,17.15,2.43,0.81,1.37464021604122,,1150.0,0.039180182119788,972.0,0.0615584460074387,0.0002967465616782,0.000399496925427,-1.6653718065674246e-06,-7.913595536815419e-06,504200870306.9598,514626101706.5649,454490112589.5409,15.789872276544196,0.6186500714431933,7961267343869.319,8125880416122.502,7176340828741.042,2.1403013820307784e-05,2.18455584188322e-05,1.929282302711033e-05,1.141290399068317e-05,1.1648885663963329e-05,1.028766970699855e-05
237,237,0.02,974,100000.0,17.15,2.43,0.81,1.37566321948265,,1092.0,0.0374233949728287,974.0,0.0770262545208879,0.0003707625929334,0.0004181957751412,1.3743315730020998e-06,-7.491893488638677e-07,480268788299.09454,491109493996.4042,434111381684.8129,12.645039098141154,0.4732202926165981,6073017605658.927,6210098753052.85,5489355394352.538,2.0429060591346963e-05,2.089018869073405e-05,1.84656757546972e-05,1.08846287699025e-05,1.1130318392034468e-05,9.838534898682584e-06
238,238,0.02,976,100000.0,17.15,2.43,0.81,1.37649904869742,,1087.0,0.0375825620804245,976.0,0.0767801805495764,0.0004063679394225,0.0003092559920297,2.7956497320667046e-06,-1.979264159000636e-06,480981420250.9636,492754916861.693,435957720132.9244,12.711613765609776,0.4777350134884082,6114050042664.688,6263710184250.996,5541726156465.535,2.050138465367495e-05,2.100321897111981e-05,1.858229140851381e-05,1.0914275385542125e-05,1.118143577646367e-05,9.892612091962208e-06
239,239,0.02,978,100000.0,17.15,2.43,0.81,1.37752579557062,,1111.0,0.0387501690901888,978.0,0.0749565599837751,0.0004015151074022,0.0004060912345664,-5.873993339457279e-06,7.642282213716774e-06,494553092654.6785,507627215081.4744,449501961446.1911,13.047557147922673,0.5055950456959062,6452709739093.815,6623295098616.372,5864902530072.513,2.1123060981710683e-05,2.168147521347931e-05,1.919886354781374e-05,1.123615040726794e-05,1.1533191934684066e-05,1.0212597438346196e-05
240,240,0.02,980,100000.0,17.15,2.43,0.81,1.37836355581004,,1074.0,0.0378314084065078,980.0,0.0748272681315711,0.0003902814629483,0.0004736350220927,2.9723015669828105e-06,-7.222017030590266e-06,481488472204.79865,495591450125.2527,438835381475.105,13.096829865241574,0.495471519462503,6305972602541.345,6490676904958.789,5747352330027.835,2.0610131923862528e-05,2.121381041719984e-05,1.878436479204728e-05,1.095290189934005e-05,1.1273716503569224e-05,9.982629202411858e-06
241,241,0.02,982,100000.0,17.15,2.43,0.81,1.37934440695512,,1132.0,0.0403119314869085,982.0,0.0738188282278997,0.0004223444749775,0.0003786235697163,3.769726426389485e-06,5.042481296292719e-06,511302478630.21405,528086302478.5025,467323541149.89575,13.302839174963411,0.5362631414024888,6801774642977.905,7025047152372.602,6216729910591.46,2.193179199051883e-05,2.265171678813044e-05,2.00453608678566e-05,1.1644912262290847e-05,1.2027163795009144e-05,1.064329210641152e-05
242,242,0.02,984,100000.0,17.15,2.43,0.81,1.38023250093147,,1073.0,0.0386255522085675,984.0,0.0750051193164154,0.0003768215136046,0.0004252384121717,1.1423052274632064e-05,8.561756885501048e-06,487179200158.7473,505994733932.23535,447500491714.9447,13.1191045220382,0.5067326566456416,6391354847845.575,6638197802057.904,5870805724471.849,2.0938840984927004e-05,2.174752795186076e-05,1.9233459954042803e-05,1.1108685989705952e-05,1.1537718789854804e-05,1.0203929972955505e-05
243,243,0.02,986,100000.0,17.15,2.43,0.81,1.38107949769723,,1022.0,0.0371873962320867,986.0,0.0891781605666892,0.000425964287775,0.0004388380043783,-3.481188847635248e-07,5.869730610697707e-06,466407878524.0173,487154890640.33655,430575374972.0133,11.056518700704183,0.4111631418705635,5156847431056.562,5386237158504.382,4760664685440.78,2.00875756438636e-05,2.098112224644153e-05,1.854431670945684e-05,1.0647706547498774e-05,1.112134369413328e-05,9.829680094147816e-06
244,244,0.02,988,100000.0,17.15,2.43,0.81,1.38210761710983,,1159.0,0.0426244410986566,988.0,0.073268920515261,0.0003337807943468,0.0004186800026783,5.819673681138105e-06,1.3004069009624148e-06,532194225528.381,558380178392.402,493226672542.4868,13.484571535269335,0.5747723251457098,7176411104794.716,7529517459408.797,6650950349002.027,2.296571516762319e-05,2.4095714528797843e-05,2.1284152911353296e-05,1.2164022388452534e-05,1.27625379333829e-05,1.1273365999851132e-05
245,245,0.02,990,100000.0,17.15,2.43,0.81,1.38294720866426,,1161.0,0.0431494138510088,990.0,0.0640077142124937,0.000431700651289,0.000353297399048,1.2325461360948106e-06,-3.554985272949042e-07,537221829228.1339,565257321448.216,498995965491.4768,15.46688570557892,0.6673870522962778,8309148631213.583,8742770385081.238,7717913565801.674,2.32313034821295e-05,2.4443653749004133e-05,2.157828680816315e-05,1.229357449365744e-05,1.293512774656439e-05,1.1418828759467562e-05
246,246,0.02,992,100000.0,17.15,2.43,0.81,1.38358167460871,,1134.0,0.0423144726922947,992.0,0.0810783640475847,0.0003441951770574,0.0003809027037871,-5.453787759744601e-06,1.1164418592427278e-06,525329107861.32367,554319592269.0607,489040899083.5035,12.23507666506193,0.5177208174318952,6427441909071.883,6782142708357.827,5983452892637.48,2.276124476064036e-05,2.401733261387277e-05,2.11889640901864e-05,1.2035179996758806e-05,1.2699345931634908e-05,1.12038247227687e-05
247,247,0.02,994,100000.0,17.15,2.43,0.81,1.38442202842275,,1037.0,0.0388490983302036,994.0,0.0653353280172268,0.0003968990124408,0.0003580357674922,-8.633202975535892e-08,-2.3803527626991627e-06,480135315343.7999,508923188125.6672,448715573606.1092,15.213821222997668,0.5910432366703747,7304692850488.181,7742666400381.91,6826678516818.196,2.084581299412029e-05,2.209568275652181e-05,1.948167659411717e-05,1.1012399112279212e-05,1.1672678692922932e-05,1.0291754900194066e-05
248,248,0.02,996,100000.0,17.15,2.43,0.81,1.38546266886296,,1139.0,0.0429225750886792,996.0,0.0627810781573998,0.0003901036642439,0.0004517842509571,-1.4508340406088384e-07,5.724453476444227e-07,527441376940.8256,561998187340.6552,495461321644.0183,15.86465268249943,0.6809517460203981,8367674255545.463,8915906050353.742,7860321785494.488,2.294659588541008e-05,2.44500068766615e-05,2.155528788916382e-05,1.2111285044329374e-05,1.2904790065499028e-05,1.1376948334381602e-05
249,249,0.02,998,100000.0,17.15,2.43,0.81,1.38630433603133,,1162.0,0.0442976002336891,998.0,0.0762640390187243,0.0003652972367837,0.0003961213469011,-4.806290842675552e-06,1.88741749171091e-06,541202680542.81177,579479253532.7567,511019899601.9119,13.086115197163515,0.5796834996159534,7082240622596.92,7583132266095.977,6687265274233.552,2.359516395389157e-05,2.5263932509112e-05,2.227926569527496e-05,1.2441543896519872e-05,1.3321472396846428e-05,1.1747681121083117e-05
250,250,0.02,1000,100000.0,17.15,2.43,0.81,1.38719560853008,,1147.0,0.0442274941012932,1000.0,0.0604644811587604,0.0003857225597958,0.0004460123196393,-3.613783824137077e-06,1.0171796935089224e-05,538395633354.673,578040435192.5068,509898116353.69977,16.538635258844256,0.7314623933539756,8904329005007.379,9559999922512.473,8433018965545.57,2.3516372519463183e-05,2.52480023298124e-05,2.2271640608286728e-05,1.2391239372301142e-05,1.3303669189718383e-05,1.173536563782258e-05
251,251,0.02,1002,100000.0,17.15,2.43,0.81,1.38819192301866,,1156.0,0.0449732547865424,1002.0,0.0686470084465327,0.0004376463749571,0.0003121036040967,-5.712709461343356e-06,9.158594765348628e-06,545882465640.8985,587256787674.5093,518177667247.8936,14.59641173992936,0.6564481441491223,7967925230102.396,8571841869965.411,7563534585586.363,2.389457911862685e-05,2.570563199820773e-05,2.2681873932373905e-05,1.257739796499271e-05,1.3530682502420618e-05,1.193906591210362e-05
252,252,0.02,1004,100000.0,17.15,2.43,0.81,1.38903383961997,,1234.0,0.0483190380413539,1004.0,0.0626545110733332,0.0004014291108071,0.0004998343357235,-2.794411931627012e-06,1.1922461434006709e-05,584783408884.3119,630375739723.439,556385477619.9808,16.024384881479335,0.7742828626774974,9370794416265.717,10101383473275.629,8915735035848.28,2.564939952502891e-05,2.76491414657265e-05,2.4403827448911347e-05,1.3488562511257592e-05,1.4540191191576674e-05,1.2833538334391617e-05
253,253,0.02,1006,100000.0,17.15,2.43,0.81,1.39008454437937,,1162.0,0.0457928697790611,1006.0,0.0713127432700275,0.000409474281773,0.0003774581818153,-7.101302745244771e-06,8.733579909275644e-06,551085804924.3104,596878866960.719,526972967202.528,14.10687562797514,0.6459943186212764,7774098910409.816,8420095941181.582,7433942107631.084,2.4218638478197064e-05,2.623111204285684e-05,2.3158948509322813e-05,1.272533862197752e-05,1.3782764191178234e-05,1.216853962188602e-05
254,254,0.02,1008,100000.0,17.15,2.43,0.81,1.39092846385091,,1185.0,0.0471188810009332,1008.0,0.0725667331199702,0.0004312238406939,0.0004405258447538,-5.746670823829879e-06,-3.110916827702924e-06,563708435333.49,613606687480.8303,541898875635.212,13.890662520710896,0.6545124743375001,7830283635295.491,8523403416247.533,7527334401801.415,2.4823528447628724e-05,2.702085352567845e-05,2.386312020878416e-05,1.3031208209410948e-05,1.4184702591010897e-05,1.252703815345693e-05
255,255,0.02,1010,100000.0,17.15,2.43,0.81,1.39198300301531,,1132.0,0.045451407405538,1010.0,0.0740520843160084,0.0004206165795031,0.0004402818039979,-4.060320456969252e-06,5.779804364635821e-06,540707160901.5511,591355812670.7332,522400108709.7669,13.639048911708493,0.6199139687101237,7374731414447.289,8065530853239.255,7125040634174.346,2.385613511494552e-05,2.609076629308785e-05,2.304842339550876e-05,1.2513328031417158e-05,1.3685465631518567e-05,1.2089656650808644e-05
256,256,0.02,1012,100000.0,17.15,2.43,0.81,1.39282774789582,,1130.0,0.0458102804130084,1012.0,0.0629452007279951,0.000386675577697,0.0003508661027305,-1.3365451108653194e-05,6.123661821711574e-06,543355274835.3748,595484615103.1196,526200612785.2036,16.077476730484214,0.7365137173571001,8735781787551.594,9573890042681.756,8459978107620.646,2.4022203790867023e-05,2.632688673661486e-05,2.326378143478054e-05,1.258877099560897e-05,1.3796533866746358e-05,1.219132180893806e-05
257,257,0.02,1014,100000.0,17.15,2.43,0.81,1.39387537759758,,1161.0,0.0475259535401206,1014.0,0.0701011345699953,0.0004540035904988,0.0004063996413761,2.769947889782965e-06,-7.64411560445735e-06,562022965429.8217,617225893171.2002,545571342644.7299,14.464815815320796,0.687454164405338,8129558678922.777,8928058861168.281,7891588985473.291,2.489662420722424e-05,2.734201635603896e-05,2.4167846389815667e-05,1.3035953300485504e-05,1.4316368572370943e-05,1.265436286818058e-05
258,258,0.02,1016,100000.0,17.15,2.43,0.81,1.39473250024411,,1199.0,0.0495554972464907,1016.0,0.0721565022163304,0.0003280211715248,0.0004395570723044,-1.5103023024309857e-07,9.83740322634138e-06,584269820027.5659,642999270119.4823,568518623059.089,14.080505135267762,0.6977664334599601,8226814201280.113,9053754524890.797,8005029391478.859,2.593221901788148e-05,2.853886565677763e-05,2.523311823331406e-05,1.3567256245313816e-05,1.493100544342541e-05,1.320149967511881e-05
259,259,0.02,1018,100000.0,17.15,2.43,0.81,1.39557884296765,,1136.0,0.0473424782534106,1018.0,0.0594729811080014,0.0003790460817858,0.0005136487569507,6.8871537974866745e-06,-5.511147254399542e-06,556502440967.1871,613726131238.0999,542794985309.661,17.117016517993893,0.8103619822663973,9525661474339.264,10505160325927.045,9291030729429.72,2.4749321572064e-05,2.7294229568502625e-05,2.413971017950063e-05,1.2937073350842756e-05,1.4267358761907747e-05,1.2618414624051484e-05
260,260,0.02,1020,100000.0,17.15,2.43,0.81,1.39664356222928,,1148.0,0.0480522781446024,1020.0,0.0766062280760024,0.0003214696075659,0.0003838042886563,-2.0285503213945234e-06,-1.2082283920787025e-06,563145477687.305,622360805764.2267,550592937332.7604,13.314844309891342,0.6398086022309756,7498194359225.855,8286637233329.204,7331059238711.465,2.50967219677276e-05,2.7735668179419385e-05,2.4537314802530383e-05,1.3106312391628676e-05,1.4484454663739494e-05,1.281417204474918e-05
261,261,0.02,1022,100000.0,17.15,2.43,0.81,1.39749037919015,,1161.0,0.0488085021302128,1022.0,0.0696715049233489,0.0002813487094059,0.000464791344981,3.3360333469851336e-06,1.791595307739737e-05,569501899733.5934,631579459437.4836,558912449963.9563,14.668837728198664,0.7159639975045311,8353930953092.947,9264536602951.88,8198596032791.23,2.5426032168416822e-05,2.8197552387587787e-05,2.495325465772796e-05,1.3268749641397649e-05,1.471508651656022e-05,1.30220274480227e-05
262,262,0.02,1024,100000.0,17.15,2.43,0.81,1.39855963496376,,1194.0,0.0505611605516505,1024.0,0.0707489110313872,0.0004112705267507,0.0004045158676472,-8.12377468155025e-06,3.368597705822137e-06,586373382720.628,653662326644.1008,578624504337.7422,14.473721009581473,0.7318081317452465,8487004748942.911,9460926150320.629,8374849645091.844,2.623435744370782e-05,2.92448662064138e-05,2.588767246230357e-05,1.3676800088087536e-05,1.5246273500932294e-05,1.3496062244807693e-05
263,263,0.02,1026,100000.0,17.15,2.43,0.81,1.39940786910615,,1238.0,0.0529630366129768,1026.0,0.0727098535094228,0.0003800289701766,0.0003898010488883,-5.86235089988004e-06,3.227603108519268e-07,610479987480.5415,684089368985.714,605736833471.9043,14.11087975671737,0.7473550411963356,8614409697220.246,9653102828606.072,8547479621336.775,2.7367236458555763e-05,3.066707493079448e-05,2.7154605381410326e-05,1.425468522803204e-05,1.5973461575667517e-05,1.4143932756587007e-05
264,264,0.02,1028,100000.0,17.15,2.43,0.81,1.4002952084712,,1182.0,0.0510815786921786,1028.0,0.078145323321678,0.0004381639417436,0.0003891399532676,-9.012018927748906e-06,4.71906131966078e-06,586307995063.2957,659185211072.2888,583857102962.4159,13.15497788355591,0.671977037952731,7712868708009.661,8671566872823.094,7680627276627.606,2.633293285694466e-05,2.960607743645648e-05,2.6222855597764327e-05,1.3705298150179211e-05,1.5408846425434163e-05,1.364800708940688e-05
265,265,0.02,1030,100000.0,17.15,2.43,0.81,1.40133109277338,,1138.0,0.0494281812190163,1030.0,0.0599236044336066,0.0003861839421383,0.00042455275009,5.197095687728641e-06,9.327290668623984e-06,565581296056.7725,637265774746.4454,564609098616.8489,17.188552152953438,0.8495988707086959,9721523604006.832,10953676004521.557,9704812937607.736,2.545331872022085e-05,2.8679394080389724e-05,2.5409566121841307e-05,1.3235327888403318e-05,1.491283665077202e-05,1.3212577221117526e-05
266,266,0.02,1032,100000.0,17.15,2.43,0.81,1.40218130528617,,1126.0,0.0490646787225044,1032.0,0.0708525977206591,0.0002913744936266,0.0003709182018057,-9.231456519064092e-06,-2.819316526379456e-06,559685578766.3448,632000441616.6333,560109604588.5203,14.565450430889294,0.7146491458401475,8152072554404.782,9205371104667.217,8158248681499.096,2.5235046815099904e-05,2.849557204334845e-05,2.5254165248519244e-05,1.3111241070945538e-05,1.4805295082364544e-05,1.3121174335238506e-05
267,267,0.02,1034,100000.0,17.15,2.43,0.81,1.40326093603049,,1167.0,0.0510146766881035,1034.0,0.0694830643567456,0.00041423554539,0.0003750287763899,1.3316983829544603e-05,-7.403744991028993e-06,578680709889.5757,656516513701.4972,582009200871.4001,14.88132409778521,0.7591659375393971,8611535193003.195,9769835015940.023,8661067546060.28,2.614302095826891e-05,2.9659404026830267e-05,2.6293391979818687e-05,1.3570604670431692e-05,1.539592717502741e-05,1.3648660901599404e-05
268,268,0.02,1036,100000.0,17.15,2.43,0.81,1.40411224770544,,1187.0,0.0524280814044105,1036.0,0.0536519863549074,0.0003793737312444,0.0004000618580876,-5.531903301721546e-06,-4.350296806076112e-06,591002725058.2632,674087400660.8622,597763180585.3674,19.309629901619463,1.0123668483711457,11412043891723.629,13016378228105.928,11542585785918.37,2.675231632455316e-05,3.0513225418880072e-05,2.705833495541706e-05,1.387428698133678e-05,1.5824769752711627e-05,1.403299437155797e-05
269,269,0.02,1038,100000.0,17.15,2.43,0.81,1.40500559311992,,1216.0,0.0542678708080585,1038.0,0.091008738309938,0.0003984043483179,0.0004815283873344,4.734887572850372e-06,-3.613239963835188e-06,607900961191.9525,697102098932.4758,618355595002.7085,11.405498189250816,0.6189521022358085,6933413312118.646,7950796727097.298,7052653619116.504,2.756934260043665e-05,3.161476592382683e-05,2.8043478026585176e-05,1.4286159888924696e-05,1.6382458130560015e-05,1.4531852164040964e-05
270,270,0.02,1040,100000.0,17.15,2.43,0.81,1.40604835471862,,1223.0,0.0551006805199222,1040.0,0.0742406717433823,0.0004669624573759,0.0004203632561324,3.037418733317888e-06,6.221134327823927e-06,615228886306.7129,707150035501.299,627455056582.1167,14.008493937054167,0.7718775489908899,8618430123728.175,9906106984907.586,8789700355904.561,2.795543692446424e-05,3.213224972621626e-05,2.85109829002288e-05,1.4473760161545008e-05,1.66362799925023e-05,1.4761390765697405e-05
271,271,0.02,1042,100000.0,17.15,2.43,0.81,1.40690115714451,,1185.0,0.0537577716794844,1042.0,0.0607709881621758,0.0003924527961821,0.0003784670367421,1.959414134132983e-06,6.00948046842313e-06,598332195230.8192,689281295171.3531,611782289236.1383,17.146339585910265,0.9217490085982696,10259207004610.787,11818651157224.072,10489826883888.402,2.7243946329508333e-05,3.138514484305502e-05,2.785637140395447e-05,1.409079122802584e-05,1.6232652872533437e-05,1.4407542471126107e-05
272,272,0.02,1044,100000.0,17.15,2.43,0.81,1.40799052369918,,1181.0,0.0539441967598296,1044.0,0.0774457135921693,0.0003798689756535,0.0004560193969469,-4.745074341054399e-06,-1.331892095492843e-07,598215691350.6978,691035292334.842,613522063503.9873,13.480410361995302,0.7271899089707204,8064193004392.13,9315439315295.06,8270529182171.891,2.729192362366811e-05,3.152655921993424e-05,2.7990234192586508e-05,1.4102614251298546e-05,1.6290786588743052e-05,1.4463453769862951e-05
273,273,0.02,1046,100000.0,17.15,2.43,0.81,1.40884523113251,,1194.0,0.0549583571456164,1046.0,0.0741600202234167,0.0003439135080411,0.0004438963218949,-8.147832107846414e-06,3.765728226049656e-06,605572337626.1555,703378571179.7327,624667399618.3483,14.10463477287073,0.7751675552559106,8541376650770.487,9920897853553.787,8810705526135.691,2.767844671492572e-05,3.214880385576243e-05,2.8551210583138253e-05,1.4290819608064286e-05,1.6598935671848645e-05,1.4741441390764826e-05
274,274,0.02,1048,100000.0,17.15,2.43,0.81,1.40993166845321,,1153.0,0.0535282824397187,1048.0,0.0722126461098469,0.0004142172700356,0.0004175666535605,-1.2530012321897395e-05,5.644851252573072e-06,586026009284.7338,684444475111.654,608034027034.2876,14.512693502545602,0.7768395567653326,8504815857269.284,9933132886806.137,8824211473467.143,2.6838239381593235e-05,3.1345510908083905e-05,2.784614080459969e-05,1.3843877504714833e-05,1.6168848006916293e-05,1.4363779858909453e-05
275,275,0.02,1050,100000.0,17.15,2.43,0.81,1.41079503857806,,1230.0,0.05759065622482,1050.0,0.0783033348716344,0.0003655295928873,0.0004879922897909,4.65393563613131e-06,-6.971552078258659e-06,627081354277.8335,735709042517.0961,653771388888.3572,13.409390567097864,0.7722556023340783,8408778796856.135,9865409894857.35,8766675895198.007,2.877114779499544e-05,3.375509964054146e-05,2.9995714472340296e-05,1.4829105598806104e-05,1.7397913376082975e-05,1.546026667380099e-05
276,276,0.02,1052,100000.0,17.15,2.43,0.81,1.41165075360548,,1219.0,0.0575448070278387,1052.0,0.0742121100415715,0.0003878906451187,0.0003885903999067,-3.5875606973373387e-06,5.814472897650784e-06,624545673648.4463,734444507690.7139,652843613947.1982,14.175584003886948,0.8157312460105928,8853299661067.713,10411179814963.107,9254439490909.65,2.871044137204256e-05,3.376250427913818e-05,3.001130116529157e-05,1.4783818705369418e-05,1.738526885860019e-05,1.5453668224409728e-05
277,277,0.02,1054,100000.0,17.15,2.43,0.81,1.4127503589355,,1247.0,0.05934108576891,1054.0,0.0761012850960014,0.0004326376722785,0.0003698448179618,-8.674923688943623e-06,-6.864061759361253e-06,641941042157.6735,756670407341.6677,672802320075.4366,13.849963225593148,0.8218718556661729,8890859826882.719,10479857315576.686,9318287391138.549,2.956404338063792e-05,3.4847805761575626e-05,3.0985333030659354e-05,1.5210705200777797e-05,1.7929201818193763e-05,1.5941958960388743e-05
278,278,0.02,1056,100000.0,17.15,2.43,0.81,1.41360767287236,,1203.0,0.0577050067774063,1056.0,0.0785128871816596,0.0004437032683,0.0004533137544507,1.8272892293689623e-06,-4.9747677009121456e-06,621186169760.6024,735127716791.6321,653844220067.2239,13.450021237362913,0.7761335666582856,8354967175636.226,9887483403021.56,8794218645831.151,2.8664582529574564e-05,3.392240544549212e-05,3.0171585460161253e-05,1.4733576979449911e-05,1.7436094575722644e-05,1.5508175516273087e-05
279,279,0.02,1058,100000.0,17.15,2.43,0.81,1.41459744470657,,1177.0,0.0569168612961358,1058.0,0.0778984156133901,0.0004265623988362,0.0004094260609621,1.929714180807593e-07,-5.351543290923668e-06,608673446102.785,724415795613.9182,644511048193.2546,13.58179099881638,0.7730329144327384,8266875531497.354,9838863932269.52,8753614352988.856,2.814037939368268e-05,3.349141556589234e-05,2.9797234519929385e-05,1.4451183545938705e-05,1.7199149548945712e-05,1.530204334436046e-05
280,280,0.02,1060,100000.0,17.15,2.43,0.81,1.4155721082738,,1221.0,0.0595210991408797,1060.0,0.0682019933367428,0.000388723253077,0.000352110036054,3.490656042824764e-07,1.57159619526137e-06,632310600803.1478,756859393943.9458,673579447898.6079,15.5420677335092,0.9250809544204696,9827414186298.42,11763159965419.53,10468817403139.896,2.928736700495299e-05,3.5056218911128975e-05,3.1198857764748595e-05,1.5027356812417808e-05,1.7987356459277232e-05,1.6008143295758234e-05
281,281,0.02,1062,100000.0,17.15,2.43,0.81,1.41643111237549,,1242.0,0.0610283985156901,1062.0,0.0891836792679896,0.0003887387687574,0.0004023387620907,-3.1085969192190204e-06,-9.583277628242374e-06,645452299569.451,775306022354.8804,690205078032.8606,11.90800837907547,0.7267266808863955,7686051391566.554,9232350610549.59,8218967852495.743,2.99535702187732e-05,3.597970507988843e-05,3.203041694018564e-05,1.5354407327684913e-05,1.844344574925959e-05,1.6419013325728768e-05
282,282,0.02,1064,100000.0,17.15,2.43,0.81,1.41754270316262,,1253.0,0.0620528146550423,1064.0,0.0847230733224932,0.0003743394742618,0.0004409211276243,9.848500161539069e-06,-1.0353204724930633e-05,654090761300.9076,787588227185.9697,701351586278.5964,12.558562364114769,0.779294142714204,8214439617588.753,9890975868357.59,8807967635450.572,3.0414966010106363e-05,3.662254625364017e-05,3.261257599078719e-05,1.557485779320382e-05,1.875362772840002e-05,1.670020716635965e-05
283,283,0.02,1066,100000.0,17.15,2.43,0.81,1.41840300891481,,1241.0,0.0619378064974753,1066.0,0.0766093624413315,0.0002966061418388,0.0003744486975909,-1.306459944693409e-06,-4.73510467341645e-06,650686513958.1637,785397875816.0645,699613322520.0973,13.91474835489405,0.8618489910664912,9054139099651.104,10928613800448.863,9734943328598.484,3.0314654594670496e-05,3.6590685090305605e-05,3.259409218890032e-05,1.5508702022207047e-05,1.871946223506465e-05,1.667484159726728e-05
284,284,0.02,1068,100000.0,17.15,2.43,0.81,1.41926341830284,,1161.0,0.058340930092793,1068.0,0.0858272235427648,0.0003163854651671,0.0004114558151621,4.25066848150886e-06,6.915059540976544e-06,609090089784.8887,739099732765.4111,658572179378.2052,12.443604207560686,0.7259714431756837,7579276004030.756,9197064544446.648,8195011542293.044,2.8428927670904584e-05,3.44970525653988e-05,3.073847558449882e-05,1.453125594428669e-05,1.763293733602057e-05,1.5711765889527383e-05
285,285,0.02,1070,100000.0,17.15,2.43,0.81,1.42038073524617,,1194.0,0.0603446051893606,1070.0,0.079738822920035,0.0003349220986823,0.0003300453148798,-4.242914019859766e-06,-1.166182604139973e-06,625737679231.7124,763771705746.1973,680763234904.7422,13.418808565471728,0.8097527049950017,8396654129812.902,10248906307132.023,9135031527597.996,2.9261709781648583e-05,3.571666967605435e-05,3.183489962480315e-05,1.494281093316408e-05,1.8239106535950552e-05,1.6256838363834275e-05
286,286,0.02,1072,100000.0,17.15,2.43,0.81,1.42124346131435,,1195.0,0.060740840110029,1072.0,0.0866544441187215,0.0004369683942954,0.0004352699627573,4.558361788220128e-06,8.676406192207897e-06,625547209321.25,768070263531.9259,684803352323.6251,12.370975440466715,0.7514234412344847,7738629163365.675,9501778366706.252,8471685453144.841,2.930533207025402e-05,3.59821829442953e-05,3.208133509930002e-05,1.4952009210059278e-05,1.835863621989928e-05,1.6368366573215697e-05
287,287,0.02,1074,100000.0,17.15,2.43,0.81,1.42225871849266,,1139.0,0.0583517562672884,1074.0,0.071079065526419,0.0004365642351929,0.0004220101248533,2.608729729417942e-06,-7.181926043237044e-06,596813006843.441,737171866644.6252,657455381050.3234,15.109934156362954,0.8816911951068686,9017805237065.389,11138618366923.46,9934107518416.902,2.8012395756154843e-05,3.460036867824102e-05,3.085874489130639e-05,1.4278335510686771e-05,1.763632347200558e-05,1.5729162076398036e-05
288,288,0.02,1076,100000.0,17.15,2.43,0.81,1.42323023053009,,1208.0,0.0624261204290712,1076.0,0.0784989030335054,0.0003738049029764,0.000369146882986,6.185238987721481e-06,3.7473066391588735e-06,634066702759.4982,787907893293.4233,702919830813.1237,13.707197915119066,0.8556871877943371,8691277786111.413,10800009432257.469,9635061239417.494,2.9815286661029964e-05,3.704925617256713e-05,3.3052920401286634e-05,1.5183589625466907e-05,1.8867526180398068e-05,1.683237142751733e-05
289,289,0.02,1078,100000.0,17.15,2.43,0.81,1.42409390255334,,1278.0,0.0666142339187665,1078.0,0.0731653761558845,0.0003803536375036,0.000422142355144,-1.022561133540264e-05,-5.030318270729065e-06,672301706135.4005,839982133567.3103,749606620889.6069,14.733745066836482,0.9814771403817174,9905521946198.207,12376082616678.14,11044512852600.21,3.167310691308971e-05,3.957277466168507e-05,3.531505338975705e-05,1.611403487735102e-05,2.0133076077497463e-05,1.7966914441944967e-05
290,290,0.02,1080,100000.0,17.15,2.43,0.81,1.42522230999383,,1243.0,0.0652918692169649,1080.0,0.0722503948982193,0.0002765489471605,0.0004729397491231,3.8507349268341065e-06,-1.1392050558320246e-05,656414067052.4105,822537370367.239,734263994053.6448,14.94801518415807,0.9759838524572548,9812087441394.389,12295301101786.938,10975789332294.434,3.098199128748443e-05,3.882282071860813e-05,3.465641857530024e-05,1.5747764485579506e-05,1.973316148950985e-05,1.7615430608488946e-05
291,291,0.02,1082,100000.0,17.15,2.43,0.81,1.42608801864174,,1268.0,0.0671149242816155,1082.0,0.0744132374700257,0.0003787943289417,0.0003716494790178,3.117344585268265e-06,2.9129760827139587e-06,672129523278.8416,844712236284.5712,754290811034.2798,14.540423677115768,0.9758794341122352,9773048034372.203,12282473800821.59,10967707968193.695,3.178598599941307e-05,3.994767434867641e-05,3.567151319593924e-05,1.6139191065577838e-05,2.0283251523192525e-05,1.8112049979452423e-05
292,292,0.02,1084,100000.0,17.15,2.43,0.81,1.42695357121555,,1261.0,0.0672338134509749,1084.0,0.0599743833749926,0.0003850130009695,0.0003665651027259,-4.459558363126834e-06,1.1410199754194737e-06,670265151114.1912,845415465842.7076,755151113795.7239,18.07438341170162,1.215209722543743,12114629328740.018,15280363271823.436,13648890764517.438,3.175291600460199e-05,4.005042814962276e-05,3.577427507200378e-05,1.6108812868353925e-05,2.0318286744632305e-05,1.8148919064705948e-05
293,293,0.02,1086,100000.0,17.15,2.43,0.81,1.42808959195544,,1204.0,0.0645978783797775,1086.0,0.0865351761922283,0.0003736206218022,0.0004362787256165,-7.519675121671432e-06,4.0667925743382585e-06,640329396437.8594,811508510596.7932,725087827593.022,12.549809774323109,0.8106910854910673,8036012118202.263,10184277438234.02,9099714305969.615,3.039406025148732e-05,3.85192975722883e-05,3.4417228448485056e-05,1.540312321542838e-05,1.952083669534327e-05,1.744198722181649e-05
294,294,0.02,1088,100000.0,17.15,2.43,0.81,1.42895576997403,,1260.0,0.0680243661277894,1088.0,0.0860758291987622,0.0003514395116611,0.0004313202159026,-3.1741109933244824e-06,-1.559394988758908e-05,670442919791.5795,853751197067.8707,763067450111.4114,12.64001764638993,0.8598291882397485,8474410337062.753,10791430196564.414,9645186034794.008,3.1883212852307536e-05,4.060051994805056e-05,3.628801381053119e-05,1.6141948557853033e-05,2.055537838860194e-05,1.8372027151393584e-05
295,295,0.02,1090,100000.0,17.15,2.43,0.81,1.4298542301886,,1291.0,0.0701176699465052,1090.0,0.0805622256780225,0.0003990850684008,0.0003474824791734,9.32420011962488e-06,-1.539830026910394e-06,687104141952.8824,879196421794.5526,786052933062.9281,13.529914185294828,0.9486860572490424,9296460076983.137,11895452138898.572,10635228729440.717,3.273321017870218e-05,4.188436585634421e-05,3.744706849882235e-05,1.6557923270426357e-05,2.1186987536317146e-05,1.8942403862036488e-05
296,296,0.02,1092,100000.0,17.15,2.43,0.81,1.43046370146932,,1236.0,0.0675178265831457,1092.0,0.0705243003330906,0.000354733751675,0.0004495664140155,-9.426994771424384e-06,-1.1703668133239757e-05,657804484395.7544,845800854523.743,756429555432.2013,15.484024582199558,1.0454476865501152,10185460806664.969,13096401223091.03,11712573831014.488,3.139719444379205e-05,4.037031446296846e-05,3.6104597031976834e-05,1.586539838558382e-05,2.039962911504441e-05,1.8244108290909348e-05
297,297,0.02,1094,100000.0,17.15,2.43,0.81,1.43133062975146,,1271.0,0.0698280619509299,1094.0,0.0762930565247188,0.0004222591444462,0.0004295068280373,3.327132651418565e-06,-1.4571094595282226e-06,676358544085.5094,873917626435.7943,781817826982.448,14.339443847626494,1.0012955733339437,9698605363776.57,12531492731727.1,11210832829088.178,3.2339539929363775e-05,4.1785668595800456e-05,3.738199074186721e-05,1.632684622676853e-05,2.109579131726895e-05,1.887256330257132e-05
298,298,0.02,1096,100000.0,17.15,2.43,0.81,1.43235160782337,,1266.0,0.0700637122849975,1096.0,0.0886510348057072,0.0003852902632062,0.000300112072177,-4.655852835327609e-07,3.794166992181696e-06,674673842108.2704,876040357094.5632,783960345326.4691,12.363081856879138,0.8662034101762531,8341047936679.697,10830558644689.717,9692165921818.371,3.231914636098032e-05,4.1965279742564944e-05,3.755433745976594e-05,1.630011548738366e-05,2.1165129135032696e-05,1.894047667005879e-05
299,299,0.02,1098,100000.0,17.15,2.43,0.81,1.43334420882694,,1238.0,0.0690601754547176,1098.0,0.080345401120212,0.0004231033411272,0.0003608794079491,-1.392742701076837e-06,-8.472902971375399e-06,661099926589.269,862677992123.2802,772242724508.7999,13.665996867165834,0.9437761414100948,9034589525652.514,11789354737729.658,10553466653828.87,3.172670013260441e-05,4.1400588422840784e-05,3.706052952763076e-05,1.5985849621989845e-05,2.0860145493331453e-05,1.867335869989157e-05
300,300,0.02,1100,100000.0,17.15,2.43,0.81,1.43421228863291,,1189.0,0.0668512186233683,1100.0,0.0812430582445813,0.0003329545178036,0.0003913102787321,-7.3026072382200816e-06,7.23204902917845e-06,636168657068.7487,834295795555.6213,747068628054.2974,13.539618322693642,0.9051399845673558,8613480805571.437,11296046640051.158,10115024084713.566,3.0585839717393065e-05,4.011143459556129e-05,3.5917709968368e-05,1.539618094595458e-05,2.0191137818717407e-05,1.808011703935144e-05
301,301,0.02,1102,100000.0,17.15,2.43,0.81,1.43534393733411,,1321.0,0.0747874418947131,1102.0,0.0800122368466418,0.0004063775390216,0.0003626519260038,8.792437110059877e-06,-4.306482815384234e-06,707456508211.5643,932456760684.775,835227332552.9868,13.77289329021242,1.030039456663846,9743722995064.16,12842627462648.545,11503496924321.049,3.407507304818031e-05,4.491234707123713e-05,4.022923252275566e-05,1.7135506181552207e-05,2.258530157159267e-05,2.0230279817686065e-05
302,302,0.02,1104,100000.0,17.15,2.43,0.81,1.43623651060153,,1291.0,0.0735883787421544,1104.0,0.0832276468231612,0.000366311539961,0.0004529886321116,-4.639489382800842e-06,3.0404079170943975e-08,691947060549.4294,916638653434.466,821315329397.0353,13.26482295415291,0.9761368154978284,9178555251834.703,12159049450741.318,10894602433983.451,3.33922093085396e-05,4.423545025464421e-05,3.963530586539546e-05,1.677362026537872e-05,2.2220411892593733e-05,1.9909661069303995e-05
303,303,0.02,1106,100000.0,17.15,2.43,0.81,1.43710675988374,,1217.0,0.0698345209412931,1106.0,0.0741949029982151,0.0004486038973975,0.0005049575624671,7.477926878637318e-06,-6.1380846514110414e-06,652695497104.9911,869055693485.5126,778924477674.4664,14.90668435844718,1.0410011609952263,9729525757523.877,12954738912699.955,11611181327761.607,3.155042967462133e-05,4.200899295653233e-05,3.765217021369502e-05,1.5835128586522242e-05,2.1084270867857224e-05,1.889758596140701e-05
304,304,0.02,1108,100000.0,17.15,2.43,0.81,1.43826584558474,,1227.0,0.0708496204256436,1108.0,0.0813505176770377,0.0004093163990331,0.0003325644490041,-7.661268963996172e-07,-3.2887729888728603e-06,658171358866.5184,880852329751.6984,789745292897.4781,13.620073130926714,0.9649770114956656,8964342040443.393,11997273148765.305,10756388644068.793,3.1876162586397515e-05,4.266091451643768e-05,3.824847286213742e-05,1.598112287610858e-05,2.1388061221186187e-05,1.917588238473103e-05
305,305,0.02,1110,100000.0,17.15,2.43,0.81,1.43913732984838,,1314.0,0.0763457503770341,1110.0,0.0720895572101198,0.0003995288957731,0.000491284589032,-4.690411017178205e-07,1.164065155809945e-06,704905954047.6648,948283480609.108,850469093634.3175,15.397514466133783,1.1755347958582227,10853799624712.754,14601208610674.436,13095110172234.092,3.420371565337346e-05,4.601297285588258e-05,4.126678585081645e-05,1.712999032932037e-05,2.3044332026155462e-05,2.0667334792233308e-05
306,306,0.02,1112,100000.0,17.15,2.43,0.81,1.4400107973697,,1232.0,0.0720242525563763,1112.0,0.0758932108474255,0.0003791654939389,0.0004127451379619,-4.105382443495428e-07,5.316626428649049e-06,660927116310.6721,893756931567.7655,801819108932.7614,14.65216700655276,1.0553113769781604,9684014487343.29,13095475824595.049,11748387493128.14,3.212518600990015e-05,4.34421692886872e-05,3.897341686409096e-05,1.6754014722614992e-05,2.265607874210283e-05,2.032552277612853e-05
307,307,0.02,1114,100000.0,17.15,2.43,0.81,1.44117660858237,,1248.0,0.0734079493889388,1114.0,0.0708490689398786,0.00040888739069,0.000342797985783,-2.082509766786906e-06,6.799945262929271e-06,669467933772.9863,910061430525.7476,816703719204.3696,15.723565837475189,1.1542347252110263,10526423132758.03,14309410819018.44,12841494698620.754,3.260004373040454e-05,4.431585283747763e-05,3.976975687363505e-05,1.773549021105016e-05,2.410927361610845e-05,2.163604869862077e-05
308,308,0.02,1116,100000.0,17.15,2.43,0.81,1.44205115588889,,1228.0,0.0726726723066626,1116.0,0.0793192959349653,0.000373723740895,0.0004387855454063,-7.281665015657446e-06,1.331018462135386e-05,658647356064.1978,900088694185.1117,808008992484.2352,14.069716414465145,1.0224838904360976,9266981516960.51,12663992675050.762,11368457384590.889,3.212835736379917e-05,4.390569697068057e-05,3.9414113523241005e-05,1.8272492916358663e-05,2.497066774377048e-05,2.2416151003395545e-05
309,309,0.02,1118,100000.0,17.15,2.43,0.81,1.44292497813681,,1306.0,0.0777471631716549,1118.0,0.0815685325599133,0.0003923837840988,0.0004226641602799,-3.610118925713156e-06,2.643835933160737e-06,700236236042.138,962021756532.515,863879289368.9111,13.706265944882748,1.065623294890896,9597624075437.232,13185726039797.893,11840559284366.611,3.421950145230669e-05,4.701256975914914e-05,4.22164936282992e-05,2.038870579013176e-05,2.801108761310502e-05,2.5153483585318072e-05
310,310,0.02,1120,100000.0,17.15,2.43,0.81,1.44409865044327,,1288.0,0.0771230710068873,1120.0,0.0761563565145024,0.0003901650247428,0.0004033487812471,-7.017959842127905e-06,1.0815294652732115e-05,690248417777.9355,953389640006.2563,856398891100.529,14.70658591429224,1.1342170697368497,10151197658255.492,14021106650548.158,12594703868874.531,3.3791754074302745e-05,4.667407765423389e-05,4.192580522058492e-05,2.114550276869434e-05,2.920673594196136e-05,2.623546053342633e-05
311,311,0.02,1122,100000.0,17.15,2.43,0.81,1.44497470086693,,1333.0,0.0802806829809796,1122.0,0.0894992529638329,0.0003775717478765,0.0004250277498836,5.475276049044912e-07,3.4467620104904937e-06,713963247574.9108,991476781032.782,890893795801.0104,12.536417487790708,1.0064321580545352,8950541342537.957,12429566856477.805,11168616561444.03,3.501515125041857e-05,4.8625345306024926e-05,4.3692418501918566e-05,2.19079575262897e-05,3.0423458463650924e-05,2.7337070227547955e-05
312,312,0.02,1124,100000.0,17.15,2.43,0.81,1.44584992211973,,1322.0,0.0800662858925389,1124.0,0.0757852403439756,0.0003435191578934,0.0003824188324283,-6.7107254013815e-06,1.0447317187135749e-06,707523009676.0654,987884456258.0216,887947883888.0355,14.831383985831092,1.1874938303915754,10493545435316.611,14651693704396.674,13169496025349.615,3.476115297808316e-05,4.853552780478181e-05,4.362556666889046e-05,2.174609166059329e-05,3.03631481125935e-05,2.7291545022259763e-05
313,313,0.02,1126,100000.0,17.15,2.43,0.81,1.44703129214889,,1313.0,0.07996551625179,1126.0,0.0835040031245171,0.00042815832493,0.000478672228697,-1.578105870104698e-05,2.903256447360744e-06,702104710678.8828,985697822541.9404,886264349197.8159,13.484383477052754,1.0782856860796315,9467449159839.23,13291527431651.42,11950728346623.94,3.45601265699943e-05,4.851960254458074e-05,4.36251282990735e-05,2.1615153431736865e-05,3.034591471544417e-05,2.728473345587736e-05
314,314,0.02,1128,100000.0,17.15,2.43,0.81,1.44790993423811,,1335.0,0.0817573551608931,1128.0,0.0711666326128579,0.0004007794514618,0.0004104339251868,-1.4647409906451364e-05,-2.988403833355008e-06,713207939613.9476,1006820547919.9672,905544780556.1664,15.850124680427836,1.295864272842176,11304434765952.115,15958231215348.148,14352997675525.9,3.517031292732465e-05,4.964918611418276e-05,4.465498984644655e-05,2.1993258383185017e-05,3.1047417206109174e-05,2.7924367116687743e-05
315,315,0.02,1130,100000.0,17.15,2.43,0.81,1.44878765070246,,1275.0,0.0785154443675543,1130.0,0.0786777703199277,0.0003312423304782,0.0003868091605747,8.079425663832353e-06,-3.9729123618597e-07,680269676434.8853,965971061576.3058,869081644208.4338,14.362379556577118,1.1276686130601303,9770291293787.729,13873643027028.629,12482080439775.64,3.36042806244855e-05,4.771749168426951e-05,4.293130278954149e-05,2.101225568063176e-05,2.9837036147642336e-05,2.684430358729861e-05
316,316,0.02,1132,100000.0,17.15,2.43,0.81,1.44997656113508,,1298.0,0.0803721818334953,1132.0,0.0693090054478489,0.0003923576475783,0.0004364230469124,-3.0449149743758024e-06,-5.312009220476389e-06,691521346856.489,987866291188.456,889064872222.807,16.332653926938338,1.3126910312394406,11294378841297.324,16134478260069.146,14520788876612.762,3.422181045478695e-05,4.888724422666386e-05,4.3997787888292686e-05,2.1394161627096857e-05,3.056242760360166e-05,2.7505727277651664e-05
317,317,0.02,1134,100000.0,17.15,2.43,0.81,1.45085619837007,,1317.0,0.0819923794522843,1134.0,0.0805825349966653,0.0003825015596963,0.0004954681603845,-2.989245105264076e-06,2.2950976764486533e-06,700528650328.4274,1006813157752.2864,906406923165.1968,14.072528247552986,1.1538400759263552,9858209219966.965,14168406602477.072,12755437030019.822,3.472626587817766e-05,4.99092526613465e-05,4.493196358621264e-05,2.1707750646199124e-05,3.119879389023196e-05,2.8087438626291705e-05
318,318,0.02,1136,100000.0,17.15,2.43,0.81,1.45173617503807,,1291.0,0.0808046725120166,1136.0,0.0794294670120052,0.0003438185876295,0.0003690749599641,9.445766086059e-06,-3.108392480491239e-07,685787553725.5277,991275678472.8302,892705173014.7004,14.301997013630986,1.1556681849542925,9808131545367.797,14177221793203.443,12767466718509.178,3.405673242346666e-05,4.922750545156604e-05,4.43324190490838e-05,2.1285256595523983e-05,3.076690012610084e-05,2.770750003925337e-05
319,319,0.02,1138,100000.0,17.15,2.43,0.81,1.45293245546904,,1340.0,0.084318950718236,1138.0,0.0934480081900801,0.000380635516553,0.0004143177787123,-9.051148388839322e-07,-1.0022197466884954e-06,710838831326.1221,1033392610273.8092,930933041713.0583,12.177894660796024,1.0268272997555303,8656520408692.868,12584546351159.486,11336804518236.06,3.536035513165366e-05,5.140564651137347e-05,4.630884176284112e-05,2.209845621822812e-05,3.212596209997883e-05,2.8940713643933933e-05
320,320,0.02,1140,100000.0,17.15,2.43,0.81,1.45381420065885,,1360.0,0.0860163875091404,1140.0,0.0840551801616129,0.000370880974485,0.0004244263902588,1.2440037958969926e-06,4.6031250839547455e-06,720244691935.7635,1053181294504.6276,949064976787.4196,13.562519261848244,1.1665989124273193,9768332507622.746,14283791592937.28,12871712028424.932,3.5893843470500256e-05,5.2485946726532e-05,4.729724509122769e-05,2.2427119247942965e-05,3.279416390848571e-05,2.9552169765044247e-05
321,321,0.02,1142,100000.0,17.15,2.43,0.81,1.45469620088515,,1211.0,0.0769770960465267,1142.0,0.0923596192642435,0.0004624256863343,0.0003648786779209,4.20242879051691e-06,1.7836469683635276e-06,639924471319.4481,941596504611.617,848784790077.8148,12.36471099705062,0.9517995460075108,7912481147805.385,11642568655355.686,10494978628004.455,3.1945813498860106e-05,4.700565094108648e-05,4.237237645965757e-05,2.00405264553472e-05,2.94879950785812e-05,2.658140890498839e-05
322,322,0.02,1144,100000.0,17.15,2.43,0.81,1.455899680618,,1322.0,0.0844526118401688,1144.0,0.077431595040025,0.0004396191965822,0.000509061299084,-1.1827753300595324e-05,9.901841186037976e-06,696988900192.5731,1032042001441.46,930615515896.1309,14.774330806548113,1.247730824803656,10297544579937.22,15247729935548.13,13749221485555.867,3.485547583719477e-05,5.161103000962288e-05,4.65388281206114e-05,2.195369241135301e-05,3.25071642446285e-05,2.93124421114475e-05
323,323,0.02,1146,100000.0,17.15,2.43,0.81,1.45678329258985,,1311.0,0.0843177747442942,1146.0,0.0560121695045836,0.0003513750142124,0.0004175438940665,7.0490243571896125e-06,4.422658454014248e-06,690888385641.3784,1029399590725.7823,928532906651.9576,20.459839533732385,1.725128141109654,14135465505942.02,21061350442339.305,18997634271889.164,3.4610800116309466e-05,5.1568884663397054e-05,4.651585914809159e-05,2.1887965745387525e-05,3.261230532802348e-05,2.941675801279521e-05
324,324,0.02,1148,100000.0,17.15,2.43,0.81,1.45766707298689,,1314.0,0.0850916889513006,1148.0,0.083275677840902,0.0004050606365014,0.0003674131049488,1.1627917554936308e-05,-1.3416646323901085e-06,692411651776.4366,1037844200235.5286,936453219066.4824,13.78553774360445,1.1730346897052046,9545266959675.568,14307240394327.854,12909511196560.877,3.475146640911206e-05,5.2088389572655256e-05,4.699967498034121e-05,2.2064410544610746e-05,3.307197453507553e-05,2.984104647617416e-05
325,325,0.02,1150,100000.0,17.15,2.43,0.81,1.45887898904736,,1336.0,0.0871194044229171,1150.0,0.0787546972192103,0.0004110636105355,0.0004306416015403,3.892265306120184e-06,-9.333721088931123e-06,703978767487.3718,1061548102819.3812,958152068291.484,14.602303616240484,1.27214399424948,10279711702237.37,15501047700612.676,13991227411721.04,3.53948597877798e-05,5.337284019428845e-05,4.817426274600909e-05,2.25648685007812e-05,3.402615881849417e-05,3.071197090491327e-05
326,326,0.02,1152,100000.0,17.15,2.43,0.81,1.45976422504962,,1312.0,0.086203705571817,1152.0,0.084964274828053,0.000379759194718,0.0004114445950368,2.247780665232887e-06,-1.3192212895456131e-06,691558211656.6315,1049373446361.1792,947470943763.7454,13.558639820458271,1.1688049950370991,9376588706732.514,14228076596364.217,12846417266842.3,3.48282926682877e-05,5.284860318648547e-05,4.771658374940511e-05,2.220471219325019e-05,3.3693527120256865e-05,3.0421617823528827e-05
327,327,0.02,1154,100000.0,17.15,2.43,0.81,1.4606509656109,,1337.0,0.0885079997797177,1154.0,0.0950542037360264,0.0003936937466285,0.0005210336246809,2.473670111605968e-06,-3.967584200776175e-06,704719376569.3757,1076379972996.8436,972171159444.9008,12.14044150224808,1.0745261938066497,8555604366741.241,13067728096359.549,11802587091413.508,3.555533843201234e-05,5.430679997426679e-05,4.904913322544702e-05,2.2666113132841443e-05,3.46199509379738e-05,3.126824977018991e-05
328,328,0.02,1156,100000.0,17.15,2.43,0.81,1.46187118148225,,1316.0,0.0877295221812199,1156.0,0.085065942159872,0.000430522158027,0.0004204331220578,-1.3152753422169049e-06,3.300514539034469e-06,693243066801.4406,1065877721923.6212,962999434899.5386,13.589457433239565,1.192196607320134,9420797147186.629,14484699931119.402,13086639828801.031,3.503437163513153e-05,5.386618058767426e-05,4.866702849601724e-05,2.23353152106368e-05,3.434107895950771e-05,3.102648545103575e-05
329,329,0.02,1158,100000.0,17.15,2.43,0.81,1.46276641926811,,1341.0,0.089964264223841,1158.0,0.0937347854960535,0.0004335608304905,0.0004335691331887,-5.07663270125361e-06,-1.0039481637816602e-06,705489758654.7142,1091967675409.4648,986893256558.8242,12.354004907268443,1.1114189617001269,8715623940447.97,13490174020587.045,12192084134477.85,3.5716274551153535e-05,5.528218775319955e-05,4.996266787933397e-05,2.276901583025377e-05,3.524222567728606e-05,3.185104802117515e-05
330,330,0.02,1160,100000.0,17.15,2.43,0.81,1.46375114566509,,1319.0,0.0890471673587874,1160.0,0.0870016718449733,0.0003799825057337,0.0005419410392973,-4.218628491000124e-06,2.1417914644513965e-06,692940809168.9954,1079785715256.522,976202595134.088,13.333077116805097,1.1872727494277626,9239033246031.54,14396866211139.758,13015784482548.06,3.51389819587313e-05,5.475586120147417e-05,4.950316812718935e-05,2.240257632782959e-05,3.490916047034952e-05,3.15603480983369e-05
331,331,0.02,1162,100000.0,17.15,2.43,0.81,1.46474671629238,,1257.0,0.0853781880736984,1162.0,0.0814006446003077,0.0003662121199833,0.0004801515806801,-4.209849797014024e-06,6.971653679707007e-06,659253363521.5608,1034288534933.785,935376170559.6816,14.275071231998664,1.218779716411024,9410888724204.988,14764542510619.318,13352561463453.584,3.348956032986292e-05,5.2541056603980005e-05,4.751638509319508e-05,2.134936230813396e-05,3.349455897425735e-05,3.029136575504243e-05
332,332,0.02,1164,100000.0,17.15,2.43,0.81,1.46574158875061,,1314.0,0.0897817212441254,1164.0,0.0990135603319686,0.0002989010397255,0.0004093416404599,6.973773096520959e-07,7.179322254696043e-06,687854076021.7311,1086574728389.428,982984416172.2756,11.755965507122342,1.0554708181160124,8086388791644.98,12773735027856.943,11555930890560.064,3.5002596294023735e-05,5.529215844888311e-05,5.002079348223238e-05,2.2313146984060592e-05,3.524715847282856e-05,3.188681513373781e-05
333,333,0.02,1166,100000.0,17.15,2.43,0.81,1.46673863640263,,1322.0,0.0908635448370675,1166.0,0.076138545292224,0.0003396148927207,0.0004457805821881,7.734517554023255e-07,7.939434606849842e-06,690675794867.4554,1098595535638.9364,994185758265.5082,15.314188043977271,1.3915014119772129,10577139000023.688,16824098617048.611,15225147652722.123,3.521044361245343e-05,5.600606890810635e-05,5.068328996302776e-05,2.2442536542859224e-05,3.569731361315525e-05,3.230466504844821e-05
334,334,0.02,1168,100000.0,17.15,2.43,0.81,1.46773784697341,,1345.0,0.0929965309400671,1168.0,0.1000490714168336,0.0004099422627034,0.0004450383933845,-6.242723153718086e-06,-5.630770852242888e-08,701294243674.9554,1123287612603.611,1016865667556.274,11.674271269682968,1.0856667293338096,8187099240528.579,13113564303409.111,11871165647879.203,3.58091556263983e-05,5.735678182975595e-05,5.192271470795247e-05,2.28261366348978e-05,3.6561424476003925e-05,3.309754054923378e-05
335,335,0.02,1170,100000.0,17.15,2.43,0.81,1.46873626454312,,1370.0,0.0952882115221244,1170.0,0.0881793708040277,0.0004056034094892,0.0004079470410623,-1.8523213874637245e-06,1.050673126476538e-05,712843341144.1283,1149844335282.8196,1041249496318.5494,13.268409485482046,1.2643230096147755,9458297349299.469,15256605485094.363,13815724693706.443,3.646520580289655e-05,5.8819810619378704e-05,5.3264686620312165e-05,2.324138008966455e-05,3.748925983844244e-05,3.394865872390637e-05
336,336,0.02,1172,100000.0,17.15,2.43,0.81,1.46973531897488,,1283.0,0.0897638541121231,1172.0,0.0742649069188701,0.0003659722401759,0.0003553961879253,-3.2980098751334424e-06,-2.2015984545620443e-07,666115779278.1757,1082122939445.8292,980247470184.6569,15.781343418101075,1.4165942082757397,10512201869004.908,17077353727999.623,15469621961708.863,3.4134375187833576e-05,5.5452207504275e-05,5.023171040996243e-05,2.175377373078263e-05,3.53395885608699e-05,3.201257548601621e-05
337,337,0.02,1174,100000.0,17.15,2.43,0.81,1.47073646321198,,1369.0,0.0963397751081816,1174.0,0.0825612767548591,0.0004256334874955,0.0005280478555716,1.048942737565514e-06,-4.331585560769929e-07,709118183962.2118,1160260647782.9043,1051376571016.6716,14.219741338131676,1.3699266826121197,10083477154108.324,16498606296286.002,14950302888828.896,3.639732899564822e-05,5.955338542031904e-05,5.39646279267456e-05,2.3196462686161045e-05,3.795410050287388e-05,3.4392317035818387e-05
338,338,0.02,1176,100000.0,17.15,2.43,0.81,1.47173670547976,,1312.0,0.0928642889242217,1176.0,0.0716227272566811,0.0003414407282235,0.000376799417949,-1.520544620192011e-06,-1.925721315665503e-06,677949713358.8116,1117308435414.8313,1012790571199.5944,16.419369172936648,1.5247730428290482,11131506624324.908,18345499681112.36,16629382283395.52,3.485808409694554e-05,5.744855501296396e-05,5.207456867052912e-05,2.221365728006067e-05,3.660965728189621e-05,3.3185031576519755e-05
339,339,0.02,1178,100000.0,17.15,2.43,0.81,1.47273898751857,,1342.0,0.0955354287300181,1178.0,0.0871615241715062,0.0003576828103199,0.0003895160844288,2.759923769811635e-06,9.726185931931318e-06,691702677192.2787,1148319619296.345,1041246203786.6434,13.515137684858168,1.2911744730681491,9348456919238.65,15519697761014.016,14072585808012.371,3.562309316870622e-05,5.913913323524084e-05,5.362478959835275e-05,2.2701924821450027e-05,3.7688253244992274e-05,3.417406613913346e-05
340,340,0.02,1180,100000.0,17.15,2.43,0.81,1.47374179461199,,1350.0,0.0966555338464775,1180.0,0.0895954223160515,0.0003608140197219,0.0004274185920725,-1.3212913791811828e-06,-6.327564854483773e-06,693997595169.3939,1160642906798.7517,1052770185008.0142,13.170315731505804,1.2729838979553552,9140167445286.666,15286033534072.22,13865315729271.326,3.580458818834524e-05,5.98796618329924e-05,5.4314313469601386e-05,2.281513415179e-05,3.815607403433957e-05,3.4609764023893976e-05
341,341,0.02,1182,100000.0,17.15,2.43,0.81,1.47474509520611,,1363.0,0.0981421872228449,1182.0,0.0951821649960038,0.0003896454921315,0.0003980419965911,2.818342255697664e-06,-2.44787018543629e-06,698767453205.2966,1177336967834.6858,1068268152563.4896,12.418292860323415,1.2187584228859796,8677498875165.712,14620515261856.297,13266066771890.07,3.610912999027638e-05,6.083943008348784e-05,5.520324881825085e-05,2.3009431843576543e-05,3.876805451377586e-05,3.517657145352391e-05
342,342,0.02,1184,100000.0,17.15,2.43,0.81,1.47575037044348,,1302.0,0.0942878242674005,1184.0,0.0857900116518521,0.00035041471798,0.0003934690021564,-5.145429150245564e-06,-3.53221002585214e-06,665651990051.4932,1129986859897.3855,1025646435564.659,13.80114044983275,1.3012795054235442,9186756605411.33,15595107359909.305,14155090509098.195,3.44573387388484e-05,5.8493538040680725e-05,5.309237737546613e-05,2.1954815072554504e-05,3.726970386063824e-05,3.382830391734404e-05
343,343,0.02,1186,100000.0,17.15,2.43,0.81,1.47675608714604,,1279.0,0.0931541399405642,1186.0,0.0883781758718669,0.0003798355278758,0.0003871763037204,-5.85998679050196e-07,-1.0459121073351564e-05,652044098023.345,1115301405175.431,1012655088555.652,13.419602614558318,1.2500915399033268,8750172682641.4,14966901652912.775,13589428874027.213,3.380994408177796e-05,5.783087103712981e-05,5.2508430061686864e-05,2.154120527523454e-05,3.684557008563142e-05,3.345450284990865e-05
344,344,0.02,1188,100000.0,17.15,2.43,0.81,1.47776221296867,,1408.0,0.1031352429830399,1188.0,0.078087756796549,0.0004200279168668,0.0004800547254379,7.99546046779386e-06,-1.2147736095265488e-06,715703349585.3502,1233584981255.746,1120427162780.676,15.213652546009651,1.56906375199225,10888462086606.8,18767333290800.75,17045789557656.602,3.717748684809494e-05,6.407904817437742e-05,5.82010216001643e-05,2.368305521515676e-05,4.0820070551009695e-05,3.7075610133820914e-05
345,345,0.02,1190,100000.0,17.15,2.43,0.81,1.47877024617299,,1368.0,0.1007769956609122,1190.0,0.0920390178544039,0.0004541056112987,0.0004414980120165,-3.8525901034933285e-06,6.843720896361553e-06,693275518690.8562,1204189539110.2063,1094094663343.5717,12.929299200937312,1.3029759294714958,8963566609839.088,15569326845794.664,14145877256517.82,3.606780437918997e-05,6.264821353292465e-05,5.692050451212928e-05,2.297858897568341e-05,3.991281348039331e-05,3.626372328412097e-05
346,346,0.02,1192,100000.0,17.15,2.43,0.81,1.47977863496802,,1394.0,0.1032752411123515,1192.0,0.0777807382401079,0.0003689317901169,0.0004829643137616,-5.432355135086874e-06,4.211545483298506e-06,704248552108.9954,1232822929100.4666,1120486130654.2937,15.325130963919564,1.5827065953771575,10792701292221.086,18893172843787.57,17171596695532.54,3.670429127395119e-05,6.425272972645878e-05,5.839791815658944e-05,2.337967178123406e-05,4.092730522545342e-05,3.71979436687119e-05
347,347,0.02,1194,100000.0,17.15,2.43,0.81,1.48078734621102,,1326.0,0.0987906404955025,1194.0,0.0917973115540462,0.0003062090473233,0.0003926935240139,7.700637504968198e-07,-4.287424452886395e-06,667724066777.1146,1178123733997.7478,1071131173786.9852,13.006916867026382,1.284961648165292,8685031426682.703,15323757467179.41,13932114131127.703,3.486036217580002e-05,6.150717354445218e-05,5.5921334146651546e-05,2.220268746170664e-05,3.91741354829766e-05,3.561649469498874e-05
348,348,0.02,1196,100000.0,17.15,2.43,0.81,1.48179634647912,,1384.0,0.1036820379875571,1196.0,0.0911724785032674,0.0003490629037193,0.0004123165320309,9.914564076619388e-07,-3.811913794165609e-06,694547301606.5605,1235232821307.695,1123431994919.3696,13.117993715144394,1.360100322694137,9111067137345.355,16203776386654.42,14737173848744.418,3.631881902394688e-05,6.459199709759513e-05,5.874578047428813e-05,2.31316988803142e-05,4.113907519830276e-05,3.7415580708290326e-05
349,349,0.02,1198,100000.0,17.15,2.43,0.81,1.4828071570477,,1415.0,0.1065874067072156,1198.0,0.0749734860867192,0.0003588946463463,0.0004154996268108,7.163657869875705e-06,8.276027004453397e-07,707275400548.982,1268589058213.5415,1154158299351.5105,15.978982204646512,1.7031582750140195,11301541039156.42,20270761986203.46,18442274926682.87,3.704895046278363e-05,6.645203995346348e-05,6.045785506705652e-05,2.359351035972205e-05,4.231798400447608e-05,3.850076755302505e-05
350,350,0.02,1200,100000.0,17.15,2.43,0.81,1.48319437300648,,1403.0,0.1062674551633225,1200.0,0.0949670339052772,0.0004043257984787,0.0003987673970886,-2.6390972594761534e-06,4.872247791320179e-07,698382935797.0161,1263527465547.0806,1149941633327.9304,12.635963772406674,1.342791713629594,8824741475998.111,15965887280093.732,14530620819113.889,3.664152795687459e-05,6.629253748917279e-05,6.0333115754429086e-05,2.3334422649277336e-05,4.221707375538621e-05,3.842193547219381e-05
351,351,0.02,1202,100000.0,17.15,2.43,0.81,1.48420475439885,,1349.0,0.1027473255713456,1202.0,0.0901905227838142,0.0003581026475624,0.0004005222436404,2.241553492276721e-06,8.501959598654189e-07,668713803020.5525,1220460831306.0012,1111122372529.2163,13.327342639771384,1.369348813209467,8912177980799.492,16265499677235.3,14808308573412.568,3.514466271899947e-05,6.414206508711895e-05,5.8395715544806254e-05,2.237837728558104e-05,4.084248421652536e-05,3.718349397095443e-05
352,352,0.02,1204,100000.0,17.15,2.43,0.81,1.48521530770648,,1346.0,0.1030875547484438,1204.0,0.0687302639878453,0.0004443175168185,0.0004275780962815,3.3530693767848595e-06,-1.65232235207827e-06,664726264445.2025,1223286105555.164,1114072018877.4976,17.517756082137595,1.8058626391872448,11644512561941.55,21429227615783.39,19516041884630.6,3.4993223469680134e-05,6.439752172990209e-05,5.864815820153552e-05,2.2280097538030943e-05,4.100174042533844e-05,3.734113509972179e-05
353,353,0.02,1206,100000.0,17.15,2.43,0.81,1.48622757457007,,1355.0,0.1043535996053241,1206.0,0.0729261020969715,0.0003775123765919,0.0004098689151815,-2.473388994681339e-06,-4.555523264358438e-06,666611909183.0829,1237078602113.5574,1127015629584.181,16.53728864318503,1.7257255976286046,11023953555145.287,20457925917459.742,18637782771814.496,3.51494947012649e-05,6.522938935088284e-05,5.942592587170838e-05,2.237867387351887e-05,4.1529678979984346e-05,3.783478044328792e-05
354,354,0.02,1208,100000.0,17.15,2.43,0.81,1.48723995589556,,1440.0,0.1115151404986185,1208.0,0.0958963672960635,0.0003952172797449,0.0004869804291527,-1.2584091621235604e-05,5.509253586495253e-06,705571329118.6854,1320660906604.5588,1203570758547.004,12.596931813595273,1.404748621044594,8888033922535.87,16636275389378.545,15161298778253.75,3.726546711174533e-05,6.975204851692806e-05,6.356781330005996e-05,2.372413151284085e-05,4.440590446226005e-05,4.0468865134365005e-05
355,355,0.02,1210,100000.0,17.15,2.43,0.81,1.48825400503234,,1319.0,0.1027084366618175,1210.0,0.0895405029491485,0.0003431032933965,0.0004014036025754,-3.3657087408977187e-06,1.0561364794380216e-05,643307597570.6827,1215152543268.684,1107794006600.8552,13.51343760808646,1.3879440506535718,8693297082579.414,16420888077768.943,14970105190812.775,3.4036939464936554e-05,6.429284173245833e-05,5.861257924619791e-05,2.166492995337979e-05,4.092318329832065e-05,3.730762647046846e-05
356,356,0.02,1212,100000.0,17.15,2.43,0.81,1.48926811018473,,1396.0,0.1092965483700476,1212.0,0.0825588096699903,0.0003715318122963,0.0004503474571927,-8.679420338255926e-06,-3.464524905122372e-06,677609613969.0444,1291807767385.0168,1178078561489.2996,14.680444217215449,1.6045218814806743,9947610138921.451,18964311868461.37,17294716605441.082,3.590583031955981e-05,6.845155314359922e-05,6.242516053480654e-05,2.285547805146472e-05,4.357211507263044e-05,3.973607834060316e-05
357,357,0.02,1214,100000.0,17.15,2.43,0.81,1.49028223560492,,1366.0,0.1075267879878474,1214.0,0.0739249300950177,0.0003832214562283,0.0003966968306593,7.020343926221418e-06,3.50702028710676e-06,659931272181.2834,1269622025622.8994,1158241721967.4512,16.422064903404195,1.7658118911910128,10837434183547.137,20849815307570.76,19020720731980.12,3.503062886285568e-05,6.739437855202192e-05,6.148206276330389e-05,2.229372515532181e-05,4.289023067026983e-05,3.912759358655735e-05
358,358,0.02,1216,100000.0,17.15,2.43,0.81,1.4912979522915,,1346.0,0.1065230885067421,1216.0,0.0868586903250161,0.0003513015769295,0.0004684486569627,6.128042453597111e-06,8.483496675660018e-06,647362652017.4663,1256514261303.866,1146676258217.2354,13.99975057705631,1.4912966697920844,9062915661146.229,17590886254768.283,16053181607673.514,3.442133155782227e-05,6.681091944474046e-05,6.097065308073031e-05,2.190311093606407e-05,4.251337511102296e-05,3.879707489026616e-05
359,359,0.02,1218,100000.0,17.15,2.43,0.81,1.49231524247742,,1423.0,0.1132207518220358,1218.0,0.0645332415863322,0.0004065288508835,0.0003443955292861,6.70538295938305e-06,2.6755784288302083e-06,681254237501.7048,1334182284748.48,1217972425644.9417,18.873993775294338,2.13692776512325,12857988238000.068,25181348137450.79,22988003980102.773,3.628032171037451e-05,7.105212686597962e-05,6.486334910563121e-05,2.308567919091695e-05,4.521146807227153e-05,4.127346170342421e-05
360,360,0.02,1220,100000.0,17.15,2.43,0.81,1.49333246877473,,1418.0,0.1134246521564291,1220.0,0.0834582811867221,0.0003343862524364,0.0004400659542248,1.0916252610846663e-06,-2.717583507943281e-06,675436316368.705,1335247025782.8518,1219363078642.2646,14.618082024364725,1.6580508688077182,9873583474912.492,19518750545682.77,17824749501074.52,3.603219256766148e-05,7.123081302033783e-05,6.504880503871339e-05,2.292419932081988e-05,4.531806806915758e-05,4.138498564827686e-05
361,361,0.02,1222,100000.0,17.15,2.43,0.81,1.49435122001166,,1372.0,0.110332109332592,1222.0,0.0904208620561348,0.0003656329787031,0.0003658784481082,1.0991332598991812e-05,1.3650968422825817e-06,649992121695.8214,1297539764137.8853,1185336016139.1626,13.514580288356033,1.4910921499589915,8784370715457.062,17535705319775.998,16019318758792.793,3.472913153677686e-05,6.932765434967999e-05,6.333259903577793e-05,2.2094296940610537e-05,4.410550202718941e-05,4.0291512836573735e-05
362,362,0.02,1224,100000.0,17.15,2.43,0.81,1.49536984590391,,1407.0,0.1137562830007827,1224.0,0.0878753686167783,0.0003506070660703,0.0003923859859751,9.17966944041865e-06,4.40696857336264e-06,662918294467.1947,1336467193944.5945,1221317945901.9836,13.928817816262306,1.58449054137308,9233668150700.885,18615408061865.56,17011515164200.434,3.547904819565624e-05,7.152704093644557e-05,6.536431205251742e-05,2.256812274987812e-05,4.549814952439716e-05,4.15780550179234e-05
363,363,0.02,1226,100000.0,17.15,2.43,0.81,1.49639158535862,,1434.0,0.1165605161122001,1226.0,0.0844312702747629,0.0004029939511659,0.0003842341538835,-3.1720998965303245e-06,4.943025951412636e-07,671834976713.744,1368037771258.9102,1250599943809.417,14.520686423528316,1.6925387038298778,9755505025218.725,19864847491993.19,18159569625338.68,3.6013696870439056e-05,7.333362999709022e-05,6.703837823812885e-05,2.290669287651024e-05,4.664422388810162e-05,4.264009737085966e-05
364,364,0.02,1228,100000.0,17.15,2.43,0.81,1.49741314953109,,1422.0,0.1162026385127891,1228.0,0.087995669924112,0.0003182425704449,0.0004344069359464,-3.217487811130863e-06,-5.481171283089372e-06,662369951004.9929,1362466692426.954,1245937739566.7146,13.955232127433485,1.6216347942662144,9243526420511.42,19013538958714.664,17387350371983.268,3.5564246633403296e-05,7.315413600171632e-05,6.689741434161409e-05,2.261860283513668e-05,4.6525499753347496e-05,4.254627017093509e-05
365,365,0.02,1230,100000.0,17.15,2.43,0.81,1.49843450056669,,1414.0,0.1161637675436695,1230.0,0.1026836044998162,0.0003827511925732,0.0004288262367608,-8.829231104387502e-07,-5.767158905437417e-06,654748577496.1033,1360640621155.52,1244698768373.7507,11.978543273694688,1.3914727163572556,7842934168927.113,16298492560458.217,14909678059679.455,3.521229239414159e-05,7.317507367285536e-05,6.693973607734226e-05,2.23926817067417e-05,4.6534491855356816e-05,4.256923084515246e-05
366,366,0.02,1232,100000.0,17.15,2.43,0.81,1.49945725730592,,1335.0,0.1102542308925735,1232.0,0.087643576269329,0.000370165607488,0.0003901016932231,2.1039078909957765e-06,-7.840018259786538e-06,614416693985.1957,1290120884096.3765,1180597514359.075,14.056934374905689,1.549836488212606,8636815146196.405,18135144603438.07,16595581782522.293,3.310061622625934e-05,6.950298826188064e-05,6.360260979728041e-05,2.1044781076693392e-05,4.4188759573210025e-05,4.04374042447059e-05
367,367,0.02,1234,100000.0,17.15,2.43,0.81,1.50047973695248,,1421.0,0.1179689120340888,1234.0,0.1043293855846059,0.0003452981377878,0.0004610797447526,-1.0028104929346756e-05,4.7682287732530016e-06,649893881891.1171,1379001288947.7656,1262371015976.2136,11.827923581504155,1.3953272765323883,7686895171095.22,16310721864469.902,14931227908472.414,3.507000955887278e-05,7.44145924937304e-05,6.812091147604765e-05,2.229331687787432e-05,4.730389616848286e-05,4.330312665001645e-05
368,368,0.02,1236,100000.0,17.15,2.43,0.81,1.50150524007057,,1419.0,0.1184134205899468,1236.0,0.0882250364929859,0.0003620380824357,0.0004360058812505,6.942611591602389e-07,-1.0810709729156498e-05,645353142215.2102,1382800534779.1494,1266289539546.6702,14.009628662474558,1.658928051118574,9041157878596.229,19372522006527.12,17740246228224.742,3.487886557130343e-05,7.473507264400164e-05,6.843809960015265e-05,2.2170806005969794e-05,4.7505467001067374e-05,4.350278613707562e-05
369,369,0.02,1238,100000.0,17.15,2.43,0.81,1.50253041380156,,1443.0,0.1210390359586173,1238.0,0.076800372749858,0.0004584479209271,0.0003787957957151,-1.3069704983435115e-06,2.0678967454000097e-06,659662745974.4645,1412033951390.9336,1293510656203.5654,16.11971342941546,1.9511145734256248,10633574425169.652,22761582649027.008,20851021095896.617,3.5711243003532285e-05,7.644131470979186e-05,7.002498421084425e-05,2.2696495451308483e-05,4.858273769499492e-05,4.4504800223900665e-05
370,370,0.02,1240,100000.0,17.15,2.43,0.81,1.50355521895399,,1413.0,0.1191453809105791,1240.0,0.0834857297961662,0.0003382698735315,0.0004109900175785,5.349077086610714e-06,5.716024986787375e-07,649342325962.6564,1388537202700.2654,1272430400828.0964,14.852837760746782,1.7696470126072086,9644576218709.29,20623717796468.21,18899202305341.71,3.5206749946628386e-05,7.5285223421383e-05,6.899001829278453e-05,2.2375066364905736e-05,4.784627586766269e-05,4.384546259331571e-05
371,371,0.02,1242,100000.0,17.15,2.43,0.81,1.50458299346498,,1406.0,0.1191747987903423,1242.0,0.081859684096571,0.0004801166543951,0.0004511546688117,1.125479575807246e-05,5.466498362141453e-07,649502653407.3658,1387474210495.3745,1271901076819.4146,15.17230384782324,1.808156258250272,9854451607463.98,21051180302654.48,19297669601877.723,3.527353430557713e-05,7.535168471639242e-05,6.907507772466524e-05,2.241356933019645e-05,4.7880096020628496e-05,4.389180370070552e-05
372,372,0.02,1244,100000.0,17.15,2.43,0.81,1.50561034569257,,1373.0,0.116987413350948,1244.0,0.0923878533822062,0.0004142927866584,0.0004091961753041,5.339923987041312e-06,-5.75167789408183e-06,637581402762.6666,1360627883846.9546,1247728043576.9932,13.46497352691596,1.5752324237528896,8585016709453.248,18320818435982.93,16800625075554.855,3.467932579613423e-05,7.400726788261987e-05,6.786642010053527e-05,2.203464969423843e-05,4.702295056736574e-05,4.312116105452122e-05
373,373,0.02,1246,100000.0,17.15,2.43,0.81,1.50664063868267,,1447.0,0.1239432564130021,1246.0,0.0960695785438474,0.0003901227729319,0.0003976157831805,2.806128719784799e-06,-1.1385696844747287e-05,675490747450.8616,1440066076883.1057,1321038268838.6277,12.969766484728655,1.607515093033485,8760957257032.493,18677320739753.18,17133557864227.195,3.6801708853444775e-05,7.845687404479174e-05,7.197206762272415e-05,2.337928775956769e-05,4.984186583057677e-05,4.572221595207882e-05
374,374,0.02,1248,100000.0,17.15,2.43,0.81,1.50767045479915,,1365.0,0.117533271571793,1248.0,0.0848770035886445,0.0003560190390402,0.0003397785395613,9.66961412783233e-07,-9.523374500137828e-07,640556330066.2721,1364203578296.308,1251886132546.3423,14.703629336968795,1.7281656599529367,9418502846743.504,20058743755435.4,18407269665052.805,3.495444822104557e-05,7.444307565517287e-05,6.831403725915688e-05,2.220299237664721e-05,4.72860859028183e-05,4.339293353713492e-05
375,375,0.02,1250,100000.0,17.15,2.43,0.81,1.50870146793132,,1405.0,0.1216055632880045,1250.0,0.073849298505138,0.0003824311288,0.000419479635493,5.263403580156237e-06,6.581132470548239e-06,662750319919.6245,1410035985119.4412,1294400770776.4983,16.92636254240157,2.058339851385723,11217952190052.19,23866780281964.004,21909496721327.04,3.622748915213175e-05,7.707587883356281e-05,7.075498641404434e-05,2.300633241989442e-05,4.894717606715802e-05,4.49330819193919e-05
376,376,0.02,1252,100000.0,17.15,2.43,0.81,1.5097319357879,,1479.0,0.1286692903981969,1252.0,0.0916770508320041,0.000325457303682,0.0004709449260302,-9.631798275607692e-07,-7.933953278885229e-06,701247632670.1735,1490423200247.3955,1368678195120.514,13.656634769962851,1.757189505078464,9576682802677.629,20354165298457.89,18691538228372.81,3.8387547027670886e-05,8.158842614950925e-05,7.49238872734253e-05,2.4377892598209725e-05,5.181247680389699e-05,4.758018207507109e-05
377,377,0.02,1254,100000.0,17.15,2.43,0.81,1.51076527197642,,1493.0,0.1305523710733425,1254.0,0.1075690678962928,0.0003450442080981,0.0005068395593972,-1.837644838853308e-06,-5.961292583824269e-06,711510422349.717,1510695563043.9883,1387784835364.3098,11.657626346720596,1.5219307606514425,8294522645550.36,17611124397615.508,16178277060322.283,3.901585841844064e-05,8.283938274079192e-05,7.609954113253954e-05,2.477046910193716e-05,5.259323910285873e-05,4.831423448584744e-05
378,378,0.02,1256,100000.0,17.15,2.43,0.81,1.51179800642081,,1468.0,0.1290217012827866,1256.0,0.0792425085069226,0.0003590439255688,0.000397405768895,-3.7062290326856847e-06,3.5287535406088055e-07,703168271991.1871,1491461325015.5923,1370600470508.242,15.850078747699868,2.045004125494377,11145272483944.355,23639779450645.93,21724125389190.13,3.862132612674916e-05,8.191810770378808e-05,7.527985813563285e-05,2.4515533899037853e-05,5.199889148721705e-05,4.778515134312425e-05
379,379,0.02,1258,100000.0,17.15,2.43,0.81,1.51283183788022,,1427.0,0.1260555359019134,1258.0,0.0961143691861252,0.0003282659750988,0.0004838269642712,-6.594550841703932e-06,-1.143678388298808e-06,687002670665.4282,1455686133033.7249,1338198631053.377,13.088573650875093,1.6498871657527234,8991885053352.342,19052855164769.465,17515111342042.35,3.779075059251957e-05,8.00746109781245e-05,7.361184005355594e-05,2.398670264304602e-05,5.082529065114828e-05,4.672321376759374e-05
380,380,0.02,1260,100000.0,17.15,2.43,0.81,1.5138667440428,,1479.0,0.1313108448675987,1260.0,0.1052413127081308,0.0003533398260513,0.0004580819930287,8.020169373271003e-06,3.0275067477678454e-06,715644104528.4131,1514825314774.3928,1393059308630.3157,11.972484641030643,1.5721170733780836,8568038049910.556,18136222814980.83,16678381176621.225,3.943029325328112e-05,8.346328295180798e-05,7.675426473987751e-05,2.502304609636612e-05,5.296703129346744e-05,4.870938930992663e-05
381,381,0.02,1262,100000.0,17.15,2.43,0.81,1.51490270238743,,1494.0,0.133320834588217,1262.0,0.0880539600041174,0.0003883987994422,0.0004595609683268,1.4201568366539589e-06,7.789331688777411e-06,726598548505.7826,1536440210927.5625,1413439403074.737,14.332120894290137,1.910770319045984,10413698238800.611,22020446849862.46,20257584401620.41,4.009446465460279e-05,8.478237103229688e-05,7.799505835037035e-05,2.544221246516072e-05,5.3799224299061886e-05,4.949228934410843e-05
382,382,0.02,1264,100000.0,17.15,2.43,0.81,1.51593969018288,,1423.0,0.1276309762288681,1264.0,0.0751963332813829,0.0003637160504462,0.0004371729927278,-9.301058233812808e-07,-6.335775471171629e-06,695588820447.3315,1469362526494.659,1352213375387.9148,16.809330253779006,2.145391230043263,11692382203735.783,24698999970375.83,22729801200472.707,3.844555358193248e-05,8.121242619642049e-05,7.473753207282631e-05,2.4391083451643847e-05,5.152374930551827e-05,4.741587028714037e-05
383,383,0.02,1266,100000.0,17.15,2.43,0.81,1.51697768448707,,1419.0,0.1279185113782723,1266.0,0.0838794824965134,0.0003658651958211,0.0003658536952564,6.63906837869292e-06,1.037644619855456e-05,697155887011.5841,1471163823780.0425,1354354344169.2102,15.093083103518468,1.9306847227106363,10522231738772.969,22204397851202.176,20441382668157.14,3.859030661348435e-05,8.143467493575731e-05,7.496881311414056e-05,2.4480902739899024e-05,5.166049538619004e-05,4.755868463951627e-05
384,384,0.02,1268,100000.0,17.15,2.43,0.81,1.51801666214643,,1496.0,0.1355450326597467,1268.0,0.0878339794332987,0.000354649851815,0.0004097989048199,1.443176108811177e-05,4.237590430610581e-06,738720427995.6199,1557275894799.868,1434141795771.177,14.43632644428824,1.956772339377816,10664409249609.094,22481343181151.965,20703739131150.47,4.095716621534176e-05,8.63406577770196e-05,7.951368566474393e-05,2.5977511910418564e-05,5.476246706042244e-05,5.04323884503377e-05
385,385,0.02,1270,100000.0,17.15,2.43,0.81,1.51905659979505,,1482.0,0.1349553574510663,1270.0,0.1028651996316512,0.0003971540891014,0.0003531788769048,5.401624183237147e-06,6.7686986015073e-06,735506698108.3118,1548909134639.6504,1426947515604.4436,12.346255143116704,1.6661932760213811,9080753354316.53,19123227369765.227,17617458103488.965,4.0843306297042697e-05,8.601222854269432e-05,7.923959713695745e-05,2.590149766372069e-05,5.454616040257535e-05,5.025117763949682e-05
386,386,0.02,1272,100000.0,17.15,2.43,0.81,1.52009568747829,,1453.0,0.1329751639416994,1272.0,0.0723044997241686,0.0003105881544014,0.0004338066112203,-1.9584845998810363e-06,3.4575008210700977e-06,724714643482.2618,1524613438100.3003,1405068809694.62,17.592266108644672,2.339334469903028,12749372860971.502,26821405315876.152,24718344401104.38,4.0310344712820285e-05,8.48026099601304e-05,7.815325462705172e-05,2.555715890971004e-05,5.37656969730631e-05,4.954993965058671e-05
387,387,0.02,1274,100000.0,17.15,2.43,0.81,1.52113746751033,,1467.0,0.1349203215764434,1274.0,0.0809011972498865,0.0004317979632376,0.0004325671348376,1.293252511826634e-06,9.601713363871578e-06,735315752591.6168,1545323875671.9128,1424667183195.914,15.74760378471144,2.124671766691686,11579461128469.688,24335148113135.97,22435094326050.164,4.095980896099174e-05,8.608025940868784e-05,7.935923506470538e-05,2.596734508006928e-05,5.457241762958543e-05,5.031148080251306e-05
388,388,0.02,1276,100000.0,17.15,2.43,0.81,1.52218013613689,,1418.0,0.1310555152563163,1276.0,0.1026887554958193,0.0003713855094607,0.0004265041584221,1.969427631145319e-06,2.498183324753569e-06,714252558146.924,1499511934323.9668,1382929860674.9414,12.425897985022791,1.6284824629495849,8875229423075.238,18632782323233.81,17184145369188.61,3.985189068086817e-05,8.366562359450929e-05,7.71608991781717e-05,2.525890267115428e-05,5.302889793155231e-05,4.890607720390665e-05
389,389,0.02,1278,100000.0,17.15,2.43,0.81,1.52322186278456,,1473.0,0.1368081119234169,1278.0,0.0979324483278105,0.0003583757697423,0.0004510178998956,1.4922626007136498e-06,-1.569297115716619e-07,745604209982.6222,1563718194336.0498,1442664366017.9084,13.049811597910162,1.7853200856663975,9729994466881.867,20406227828309.72,18826498175552.21,4.166789579538903e-05,8.738798132117175e-05,8.06229198630145e-05,2.640467809148738e-05,5.537720280335815e-05,5.109022678352424e-05
390,390,0.02,1280,100000.0,17.15,2.43,0.81,1.52426622902487,,1509.0,0.140837839188108,1280.0,0.0915758362532415,0.0004142016071481,0.0003842712244599,2.876508743467192e-06,1.1276176066495534e-05,767566223575.1887,1608116642398.5234,1484161688609.6653,13.977486336682968,1.968558972939733,10728646402521.545,22477428396917.85,20744849723969.92,4.295921763045008e-05,9.000322147341023e-05,8.30656991168571e-05,2.722068748293982e-05,5.702965974056662e-05,5.263376664963225e-05
391,391,0.02,1282,100000.0,17.15,2.43,0.81,1.52531141053088,,1412.0,0.1324287592901645,1282.0,0.1029872347355649,0.0003312866614365,0.0003810510544375,1.0277205778520596e-06,-6.193962974352761e-06,721736738131.3969,1510537784043.3647,1394608750089.4463,12.448144697658174,1.6484923577753128,8984283349875.455,18803392907051.74,17360291517733.637,4.045882716133716e-05,8.467711825714685e-05,7.817841519837523e-05,2.563052928704081e-05,5.364266617955745e-05,4.952575991306045e-05
392,392,0.02,1284,100000.0,17.15,2.43,0.81,1.5263117233302,,1419.0,0.1337495909778281,1284.0,0.0905312500508443,0.0003637587657856,0.0004641366542353,6.088662215367291e-06,3.96494866198004e-06,728935270829.1631,1524025980524.7512,1407571788946.778,14.182947869148792,1.8969634763585093,10338450946153.877,21615181033010.92,19963517304716.66,4.092310830825555e-05,8.55602448687472e-05,7.90223975651385e-05,2.5921735396629343e-05,5.419603054714837e-05,5.005479213995915e-05
393,393,0.02,1286,100000.0,17.15,2.43,0.81,1.52730880463685,,1431.0,0.1355505988058902,1286.0,0.0997718632643227,0.0004256887889293,0.0004155561618969,3.759374398801806e-06,-1.5622675875567625e-06,738750763492.1019,1542948776522.985,1425566073736.967,12.88940546888492,1.7471666295592676,9522058131098.008,19887692398324.66,18374699147082.062,4.1540282870628775e-05,8.676069359127048e-05,8.01602121856059e-05,2.63069328976127e-05,5.494444396452761e-05,5.076444302492086e-05
394,394,0.02,1288,100000.0,17.15,2.43,0.81,1.52830626747888,,1447.0,0.1377425851629919,1288.0,0.1032707050246699,0.0004206631429661,0.0004144349175159,4.710236908031601e-06,-8.24201749815108e-06,750697089138.3058,1566274909900.0967,1447643961596.2563,12.472075209444096,1.7179358816960937,9362750555243.707,19534698474939.28,18055124365526.12,4.227767862602773e-05,8.820930337797935e-05,8.152825827995229e-05,2.6769175466913207e-05,5.585193881684908e-05,5.1621667090876346e-05
395,395,0.02,1290,100000.0,17.15,2.43,0.81,1.52930408515429,,1446.0,0.1383214676018801,1290.0,0.1035845355559104,0.0004387761852831,0.0003844449174357,-3.274979021393548e-06,5.530914665251235e-07,753851998430.2466,1571225705854.9773,1452748874042.4353,12.453596408739164,1.7225997321783046,9388168540371.762,19567410807754.203,18091948160574.73,4.251972286799416e-05,8.862227826567718e-05,8.19397967368929e-05,2.691876715087991e-05,5.610578602359523e-05,5.187518073903436e-05
396,396,0.02,1292,100000.0,17.15,2.43,0.81,1.53030223075496,,1499.0,0.1440901225945309,1292.0,0.0968736972315582,0.0003088056545567,0.0003932827783485,2.0078052632806853e-06,-5.575775261748529e-07,785291168140.1935,1635053456725.6204,1512315478514.0833,13.336953547996815,1.9217232717684247,10473391831137.918,21806632000841.223,20169681286858.902,4.4361666366931935e-05,9.236535298256625e-05,8.543179577363056e-05,2.807926673923545e-05,5.846379534999612e-05,5.407511434980313e-05
397,397,0.02,1294,100000.0,17.15,2.43,0.81,1.53129881834037,,1445.0,0.1395642262382433,1294.0,0.0769841714791255,0.0003983933185031,0.0003731916484067,4.009584338641142e-06,-8.123347964975945e-06,760625032998.4264,1582049784076.576,1463825562835.1838,16.808650078813567,2.345886242359004,12785080020856.57,26592121227805.723,24604931662118.92,4.303792676103203e-05,8.951604244602226e-05,8.282664207865675e-05,2.7234062475104046e-05,5.664504951726388e-05,5.2412049434862886e-05
398,398,0.02,1296,100000.0,17.15,2.43,0.81,1.532297531686,,1455.0,0.1411936590905645,1296.0,0.0915933367534762,0.000409497530662,0.0004009084514917,-4.101326112891666e-06,3.936604853582856e-06,769505442043.5767,1598854873381.9883,1479916590742.1367,14.149500890967516,1.9978198051009064,10888117937799.94,22622998455446.203,20940081119263.48,4.3602903250010127e-05,9.059677884764606e-05,8.385731457966738e-05,2.758932467560191e-05,5.732425503549079e-05,5.305992275553331e-05
399,399,0.02,1298,100000.0,17.15,2.43,0.81,1.53329649098086,,1488.0,0.1450746304643289,1298.0,0.1033931546080566,0.0003304695976232,0.0003871313531196,3.1759776092781827e-06,-3.767614250877148e-06,790656736030.5927,1641091029297.4248,1519568042026.829,12.554022603531788,1.8212701900482064,9925922535762.729,20602293876253.12,19076691547209.355,4.487383699022008e-05,9.314035785556848e-05,8.62433032010764e-05,2.838609848869386e-05,5.891832632757867e-05,5.4555417206457934e-05
400,400,0.02,1300,100000.0,17.15,2.43,0.81,1.53429754702107,,1432.0,0.1402703139805873,1300.0,0.10102531524808,0.0003919980288434,0.0003955739528391,-4.252543209067098e-06,2.957650146915093e-06,764473211194.201,1585089693432.6177,1468252949313.4917,12.868061800229883,1.805007069039848,9837288526267.172,20397032133998.367,18893569690135.81,4.345623282814574e-05,9.010391176912505e-05,8.346236477836537e-05,2.7483317498056902e-05,5.698502271839552e-05,5.278466450172354e-05
401,401,0.02,1302,100000.0,17.15,2.43,0.81,1.53529692139643,,1480.0,0.1456499964123773,1302.0,0.089956886456548,0.0003975525311747,0.0003424825764759,-1.8525623358319887e-06,-6.408576907968082e-06,793792480447.4567,1642481660000.1133,1523532864389.603,14.473600090960304,2.108079801322553,11489034917207.914,23772622703578.28,22051005404610.37,4.5188985270764655e-05,9.350312754210976e-05,8.673161545901647e-05,2.8648928576492663e-05,5.927914527360792e-05,5.498613969136254e-05
402,402,0.02,1304,100000.0,17.15,2.43,0.81,1.53629834964715,,1450.0,0.1433630342338809,1304.0,0.1131983274517551,0.0004120461770325,0.0003848070359266,-4.218402295713052e-06,-2.807562025186916e-07,781328536574.6509,1613309466708.3015,1498596002453.0586,11.519604832993329,1.6514855020332018,9000595986080.951,18584687529806.84,17263233752562.732,4.4549395567311786e-05,9.198686370776125e-05,8.54461893860379e-05,2.830976397826068e-05,5.845480881401536e-05,5.42984124376182e-05
403,403,0.02,1306,100000.0,17.15,2.43,0.81,1.53729992492241,,1501.0,0.1491062498090027,1306.0,0.1059575144558948,0.000364976056562,0.000411234575741,-3.166177618341003e-06,-5.45501289765503e-06,812629061459.0651,1674421855264.5356,1557575369455.5408,12.325694942038552,1.8378381490971625,10016217912579.535,20638412992272.89,19198198853141.992,4.640173683831966e-05,9.56107601478264e-05,8.893873702911525e-05,2.9559886328334537e-05,6.090813392574192e-05,5.665777050386566e-05
404,404,0.02,1308,100000.0,17.15,2.43,0.81,1.5383035237109,,1525.0,0.1522023572069679,1308.0,0.0829370521560122,0.000343597206411,0.0003652139012581,2.432808954524877e-06,-4.355164060917571e-06,829502846777.9755,1705599408659.182,1588840276964.918,15.77099699106175,2.4003829175435976,13082086900612.607,26899003141920.66,25057595227291.44,4.743951597673948e-05,9.754374046007556e-05,9.086625078664612e-05,3.029304160003592e-05,6.228766307457731e-05,5.802367622108177e-05
405,405,0.02,1310,100000.0,17.15,2.43,0.81,1.53930531389456,,1507.0,0.151108826046679,1310.0,0.1047140564401161,0.0003400822099203,0.0004817551243497,1.1009963197230006e-05,3.219027613870598e-08,823543101954.4009,1689780081199.6765,1576355377162.3088,12.510259315082145,1.890410598641594,10302737762596.688,21139587001268.52,19720614541024.6,4.716896421465112e-05,9.678324788536815e-05,9.028677454584376e-05,3.019483916926928e-05,6.195503023724446e-05,5.779636423894688e-05
406,406,0.02,1312,100000.0,17.15,2.43,0.81,1.54030908324773,,1444.0,0.1454641463181481,1312.0,0.0856916262330287,0.0003663932766554,0.000440081708756,3.939310993740917e-06,-3.3735582304860733e-06,792779597433.9075,1623226338218.9434,1516440945983.706,15.3107142164879,2.227159973022547,12138021852972.88,24852754573146.37,23217793950137.09,4.5476288191163e-05,9.311328015411622e-05,8.698773998177231e-05,2.91028256837544e-05,5.958840681492591e-05,5.5668330332316205e-05
407,407,0.02,1314,100000.0,17.15,2.43,0.81,1.54208371439964,,1452.0,0.1469461783431931,1314.0,0.1017448288525884,0.0003923047438128,0.0004462471120375,8.14309207726377e-06,-9.326410825100842e-06,800856671970.4026,1636297384667.075,1530850831496.1968,12.914661264050784,1.8977601173491343,10342792639552.783,21132226450227.48,19770419934563.867,4.600795803814995e-05,9.400271490087496e-05,8.794497602780405e-05,2.9435706277227483e-05,6.014255844151298e-05,5.626684150523861e-05
408,408,0.02,1316,100000.0,17.15,2.43,0.81,1.54309022742337,,1525.0,0.1550461457355132,1316.0,0.1038800659434855,0.0003558145665968,0.0004209565268549,3.094099834565105e-06,4.146545596596959e-06,845001494258.5471,1722835403447.828,1614136995790.117,12.668455569867955,1.9641952085296213,10704863886486.438,21825663762774.34,20448622814847.234,4.862145944505387e-05,9.913209889971066e-05,9.287758307271945e-05,3.1096733643829574e-05,6.340172652615977e-05,5.940153782423778e-05
409,409,0.02,1318,100000.0,17.15,2.43,0.81,1.54409867372624,,1469.0,0.1500400294796699,1318.0,0.0866641570501087,0.0003514585761128,0.0004189841667316,-7.105005518739855e-06,-5.315178731809755e-06,817718160664.2009,1664556556562.8232,1560957918923.8467,15.208132691326348,2.281828677337337,12435966291488.486,25314796984424.688,23739255156570.496,4.7124807762139753e-05,9.592780435928808e-05,8.995745159227744e-05,3.013000754851759e-05,6.133299225424428e-05,5.751575071035697e-05
410,410,0.02,1320,100000.0,17.15,2.43,0.81,1.5451051452317,,1493.0,0.1531899419158761,1320.0,0.0994276459559841,0.0004001363845449,0.0004740984429561,-3.7749254338432974e-06,-6.335276708777909e-06,834885183441.5251,1697694858675.5974,1592644124455.3523,13.275985640697492,2.033747469174455,11083923707000.78,22538572566063.188,21143920527010.49,4.818361667218453e-05,9.79788357957999e-05,9.191605685422783e-05,3.0800751990021586e-05,6.263169994376143e-05,5.8756147142896505e-05
411,411,0.02,1322,100000.0,17.15,2.43,0.81,1.54611350370685,,1498.0,0.154405651980617,1322.0,0.1129828952111893,0.0003958512639731,0.0005120849148067,-4.484721929695887e-06,-8.884064786258785e-07,841510803294.3627,1709346276952.6692,1604190438792.5088,11.700886205198564,1.806682963264692,9846422149792.57,20000866271903.01,18770449775778.7,4.864136741928085e-05,9.880436469566069e-05,9.2726101956541e-05,3.120266093522843e-05,6.338142314019952e-05,5.9482314595631634e-05
412,412,0.02,1324,100000.0,17.15,2.43,0.81,1.54712373924501,,1469.0,0.1521058937487543,1324.0,0.0910952912638549,0.00041291932508,0.000423661189673,3.1792823668892232e-06,3.659423643225804e-06,828977120930.7113,1682092525305.756,1579220629202.9194,14.53423093148768,2.210742185784724,12048544912526.748,24447921210923.137,22952757316604.504,4.7985864669044165e-05,9.736898913387422e-05,9.141418439921943e-05,3.0894631897657734e-05,6.268885844373802e-05,5.885498983329555e-05
413,413,0.02,1326,100000.0,17.15,2.43,0.81,1.54813190264418,,1491.0,0.1550844173070303,1326.0,0.088028189116585,0.0003681303710425,0.0004666812334315,4.6157730758368565e-06,-5.73984182372533e-06,845210074323.3151,1713201669520.2495,1609047123301.6711,15.063356560065522,2.3360918748057937,12731700717691.576,25806567607283.05,24237650540240.785,4.900122069607651e-05,9.93232045562862e-05,9.328482420470042e-05,3.1661025574376114e-05,6.4175432263004e-05,6.027386997488991e-05
414,414,0.02,1328,100000.0,17.15,2.43,0.81,1.54914387208222,,1451.0,0.1516141150143134,1328.0,0.0851092455534399,0.0002912306432288,0.0004101304152108,1.034323686123897e-06,8.99106335044131e-06,826296926828.0084,1673077096457.5735,1571968604895.952,15.603475173166135,2.365707079527396,12893103583424.309,26105816937368.64,24528173099490.6,4.797170741080035e-05,9.713259524645444e-05,9.12626145936629e-05,3.1111982726177704e-05,6.299520672837529e-05,5.918823911080139e-05
415,415,0.02,1330,100000.0,17.15,2.43,0.81,1.55015370800875,,1420.0,0.149050442361709,1330.0,0.0976690303346003,0.0003845671339929,0.0004439854169824,-3.3514323832285465e-06,-6.382095686998422e-06,812324910871.3141,1643028452307.4106,1544332930027.828,13.617417879993347,2.0296821588372542,11061767765663.035,22373805023788.73,21029826854023.46,4.723330034844509e-05,9.553524129357996e-05,8.979650894093312e-05,3.0744262768575964e-05,6.218410613531946e-05,5.844875217727001e-05
416,416,0.02,1332,100000.0,17.15,2.43,0.81,1.55116533905378,,1475.0,0.1555205799830199,1332.0,0.0981529440759914,0.0003411528787492,0.0004064726019722,6.6544338565072645e-06,8.26337416291461e-06,847587160907.4586,1712516169861.3457,1610270204957.42,13.570657635788764,2.110516546268866,11502315177165.322,23239970636940.6,21852425652588.547,4.935595480984292e-05,9.972174495931308e-05,9.376784728832428e-05,3.212572586847881e-05,6.490875222720561e-05,6.103336808836983e-05
417,417,0.02,1334,100000.0,17.15,2.43,0.81,1.5521767576442,,1452.0,0.1537726749409824,1334.0,0.0915344630197978,0.0004265462328409,0.0004096221568615,-2.705730381400416e-06,6.037531988774253e-06,838061078428.3542,1691455136485.348,1591083908323.3054,14.573745843808265,2.241043882312422,12213689158602.7,24650837265341.484,23188052496076.98,4.887451543577289e-05,9.86432281667378e-05,9.278972265695696e-05,3.1811155656368685e-05,6.420432116165829e-05,6.039442610189553e-05
418,418,0.02,1336,100000.0,17.15,2.43,0.81,1.55318993615132,,1514.0,0.1610448020432355,1336.0,0.0992520043760123,0.0003456076650421,0.0004601738695997,-5.684240665938577e-06,4.2144365152568e-06,877694171135.6337,1769546694067.4229,1665188669952.166,13.460685337281614,2.1677734055088007,11814365060022.965,23819311238468.51,22414580713432.6,5.126072204380138e-05,0.0001033483463958,9.72534356135247e-05,3.336438434321614e-05,6.726697972454615e-05,6.329994731122278e-05
419,419,0.02,1338,100000.0,17.15,2.43,0.81,1.55420084231418,,1441.0,0.1539486988781152,1338.0,0.1008892650561392,0.0003860524223281,0.0003553348616062,4.553556796082764e-06,-4.580293843995673e-06,839020408885.7281,1689759273579.821,1590725985845.975,13.262065089437192,2.041677664955731,11127143274008.732,22409697471695.69,21096311563748.465,4.907897885566854e-05,9.884343548845532e-05,9.305042666146892e-05,3.194107182666996e-05,6.432825918844321e-05,6.055811328586736e-05
420,420,0.02,1340,100000.0,17.15,2.43,0.81,1.55521345874571,,1449.0,0.1554737875616443,1340.0,0.1103681664799296,0.0004101952374077,0.000352700705812,-6.440665281452667e-06,2.506493232294517e-06,847332142210.9615,1704664800512.067,1605384056193.3628,12.141182034075722,1.8876355563131413,10287613781906.62,20696645650098.38,19491260060846.465,4.9641086064514817e-05,9.986805392813736e-05,9.405167599584972e-05,3.2304917504573586e-05,6.499110916505524e-05,6.120598631271113e-05
421,421,0.02,1342,100000.0,17.15,2.43,0.81,1.55622777412061,,1433.0,0.1544200396718409,1342.0,0.1030801272959252,0.0003768724404753,0.0004180391782492,5.299518923975165e-06,1.0999803137983182e-05,841589216211.5331,1691289570577.5715,1593410358874.84,13.018998280312076,2.01039423093342,10956648558587.137,22018896010859.152,20744606722022.992,4.937460581227799e-05,9.922507828414848e-05,9.348267165399488e-05,3.2132223971325485e-05,6.45741345484468e-05,6.083706580756309e-05
422,422,0.02,1344,100000.0,17.15,2.43,0.81,1.5572417456313,,1477.0,0.1598512927937692,1344.0,0.0948926044109157,0.000456739854264,0.0004178359045787,7.967325685863957e-06,-8.303436789170676e-06,871189545726.0425,1748889847095.405,1648322302763.7075,14.163379837063427,2.264034577283794,12338988446196.68,24770191197596.0,23345814867945.453,5.118737841988834e-05,0.0001027573010456,9.68483814841828e-05,3.331040013206717e-05,6.68697425026002e-05,6.302448843771536e-05
423,423,0.02,1346,100000.0,17.15,2.43,0.81,1.55825737918479,,1534.0,0.1667380508411478,1346.0,0.1074984645192671,0.0003909278804483,0.0003916676934832,-3.174124133286656e-06,-7.795381482786993e-07,908722377084.2554,1822269102156.8567,1718155644051.5356,12.521109078341802,2.0877453220921125,11378212005402.012,22816830198197.99,21513214232737.887,5.346818131946196e-05,0.0001072202217354,0.0001010943053982,3.47957252543374e-05,6.977617875061868e-05,6.57895890342571e-05
424,424,0.02,1348,100000.0,17.15,2.43,0.81,1.55927261778023,,1527.0,0.1666927514728619,1348.0,0.1116045289240901,0.0002904724213581,0.0003108050729047,-9.541393164159558e-06,-9.073826695891469e-06,908475495527.0972,1819807656884.848,1716509035973.3738,12.078362885406444,2.013375542656095,10972896707475.72,21980297261496.41,20732619032565.6,5.353504309698844e-05,0.0001072384250529,0.0001011511985404,3.4836640910520425e-05,6.978282428226716e-05,6.582170812562596e-05
425,425,0.02,1350,100000.0,17.15,2.43,0.81,1.56028948085293,,1462.0,0.1602941133898136,1350.0,0.0893066025032567,0.0003268519080569,0.0003838222375666,-1.0045556560374644e-06,-3.649456306830375e-06,873602917974.4845,1748061955620.6565,1649484896548.671,15.116463533037996,2.423080119617776,13205786651916.877,26424514805630.74,24934378286974.934,5.155265732840445e-05,0.0001031558356007,9.7338651108576e-05,3.3547983824153406e-05,6.712884424281719e-05,6.334330104563182e-05
426,426,0.02,1352,100000.0,17.15,2.43,0.81,1.56130589714653,,1460.0,0.1607708724371184,1352.0,0.0855494559332328,0.000408663933432,0.0003858516667684,8.075355230143166e-06,-4.648441900843541e-06,876201254782.2955,1751364660232.414,1653253015435.1553,15.803724117838575,2.5407785141804378,13847242902283.389,27678083920045.164,26127554552921.914,5.1782590661620966e-05,0.0001035038454978,9.770554845831636e-05,3.37351068218701e-05,6.743025483531016e-05,6.365280439268636e-05
427,427,0.02,1354,100000.0,17.15,2.43,0.81,1.56314920192325,,1568.0,0.1734139220903034,1354.0,0.0736096583400467,0.0004092368628805,0.0005023780640489,8.376829034874263e-06,1.8953808132347743e-06,945105875392.1538,1887046626611.795,1782037732304.5732,18.394325290100788,3.189832092761237,17384584905548.74,34710949487484.72,32779381727243.87,5.593535784072659e-05,0.0001116833902634,0.0001054685203398,3.64827425229238e-05,7.284330570780153e-05,6.878977842226044e-05
428,428,0.02,1356,100000.0,17.15,2.43,0.81,1.56416950654452,,1496.0,0.1661727453482342,1356.0,0.1057774453961428,0.0003823732502665,0.0003587220061558,-4.975852853983762e-06,-3.128501275932033e-06,905641462147.8768,1806289726520.3064,1706449746593.5242,12.81936801292278,2.130229576336717,11609751191035.107,23155492742225.457,21875607297141.207,5.368279463786647e-05,0.0001070696125322,0.0001011514988381,3.505056719051281e-05,6.990788526265075e-05,6.604383080955224e-05
429,429,0.02,1358,100000.0,17.15,2.43,0.81,1.56519136657115,,1479.0,0.164997924911238,1358.0,0.0970130189962219,0.0003821609190461,0.0004620609580602,3.317806481158032e-06,-4.1390280973221154e-07,899238690766.2473,1791573105233.1855,1693217537340.8418,13.998121221780409,2.309660954249732,12587652200661.031,25078657504735.68,23701864342541.6,5.33760128253052e-05,0.0001063422092758,0.0001005041285669,3.4893813241005576e-05,6.951971482493255e-05,6.570315215643341e-05
430,430,0.02,1360,100000.0,17.15,2.43,0.81,1.56621058572968,,1488.0,0.1667161608510954,1360.0,0.0970500460784933,0.0003343133222703,0.000448634711545,-7.743054647355882e-06,-6.613301573764408e-06,908603076638.47,1808263329253.492,1709670181293.6396,14.013388503700892,2.3362583318518886,12732607908592.797,25339896549824.78,23958272463660.508,5.401524163765788e-05,0.0001074988443088,0.0001016376130982,3.53496662544681e-05,7.035140737778774e-05,6.651559065542711e-05
431,431,0.02,1362,100000.0,17.15,2.43,0.81,1.5672334053583,,1466.0,0.1649521927259152,1362.0,0.0999659883823369,0.0003737685354296,0.0003593873207683,3.0778236534338928e-06,-1.537143201284994e-05,898989450356.2379,1787184857398.7651,1690413230798.734,13.624633958409929,2.247413246527683,12248402193575.877,24349739498071.21,23031261508085.867,5.352231808351794e-05,0.0001064020010177,0.0001006405966116,3.502412564716453e-05,6.962772141034596e-05,6.58575530198527e-05
432,432,0.02,1364,100000.0,17.15,2.43,0.81,1.56825562177366,,1480.0,0.1672350674161067,1364.0,0.0976242779784115,0.0003233907850367,0.0004415164549265,2.701816184458195e-06,3.055179378162997e-06,911431117417.7816,1809946036118.4272,1712624239604.6914,13.971934320493848,2.3365973780212035,12734455710215.56,25288447140284.848,23928673391442.465,5.433874409694838e-05,0.0001079074354676,0.0001021051931535,3.555813589570678e-05,7.061236541773053e-05,6.681549958781012e-05
433,433,0.02,1366,100000.0,17.15,2.43,0.81,1.56927720053429,,1517.0,0.1721453568555882,1366.0,0.107738873055041,0.0004607154759027,0.0003774721613469,-2.163585218936288e-06,-3.40409714415368e-06,938192194862.956,1861058257029.8027,1761691218337.0986,12.678803492794522,2.1825971517689915,11895154477141.004,23595991929523.547,22336136772277.844,5.601623163835285e-05,0.0001111173925652,0.0001051845281829,3.6653057866485024e-05,7.270735821648701e-05,6.882531161754152e-05
434,434,0.02,1368,100000.0,17.15,2.43,0.81,1.57030022715821,,1530.0,0.1743571505790897,1368.0,0.1139775750057197,0.00036747578319,0.000414284083397,-2.099421116901885e-07,-6.254878110725277e-06,950246470656.0392,1882913106402.7688,1783092078595.5464,12.002360990145212,2.0926974624633417,11405201170425.21,22599402816121.73,21401314805972.125,5.681485429636847e-05,0.000112578617334,0.0001066103582289,3.717566660808933e-05,7.366357261743363e-05,6.975836132243546e-05
435,435,0.02,1370,100000.0,17.15,2.43,0.81,1.57132468816069,,1587.0,0.1816173924203004,1370.0,0.085099279538781,0.0004044801257234,0.000456632686952,-5.789144647913152e-06,-1.0219830711996306e-05,989814788690.6376,1959175273710.106,1856054682632.8584,16.09884369673976,2.9238300131838657,15934873571852.068,31540456505976.33,29880334228308.31,5.926932213273416e-05,0.0001173138568333,0.0001111390778738,3.877764065168959e-05,7.675394993653796e-05,7.271402926625473e-05
436,436,0.02,1372,100000.0,17.15,2.43,0.81,1.57234843546247,,1512.0,0.1737703949305963,1372.0,0.1139183198843056,0.0003118336824772,0.0003824628316081,-7.130008475545099e-07,-7.606401843926167e-09,947048652371.75,1872476877241.265,1774631697927.0032,12.043716949068331,2.09284145067192,11405985906161.969,22551581503169.168,21373161858677.355,5.678714248609405e-05,0.0001122778760769,0.0001064108616153,3.715274180099354e-05,7.345731370215567e-05,6.961884492398803e-05
437,437,0.02,1374,100000.0,17.15,2.43,0.81,1.57337571707852,,1464.0,0.1689665627107483,1374.0,0.0885886960336392,0.0003726401738498,0.0004484878427599,-4.1845277608201975e-06,6.065013834045512e-06,920867766773.5782,1818719588164.3804,1724376605666.8938,15.509879493860694,2.6206510261355622,14282548092438.812,28208121645553.49,26744873355926.062,5.529777004495273e-05,0.0001092134410512,0.0001035481797187,3.617493768742481e-05,7.144572776530056e-05,6.773960226473068e-05
438,438,0.02,1376,100000.0,17.15,2.43,0.81,1.57440009418299,,1448.0,0.1678201659005878,1376.0,0.1066574658759691,0.0003675939674531,0.0004901780257624,6.6939856626510885e-06,1.7907349365754998e-06,914619904158.204,1804400335591.4849,1711489331620.199,12.901112816613663,2.1650668931863053,11799614567865.363,23278772295801.3,22080116951662.902,5.500051737079344e-05,0.0001085073171383,0.0001029201292096,3.5978571625861046e-05,7.098002833817252e-05,6.73251710624737e-05
439,439,0.02,1378,100000.0,17.15,2.43,0.81,1.57542797761448,,1524.0,0.1773545756749738,1378.0,0.1155643391184639,0.000388614364008,0.0003388340432748,-3.968580952674445e-06,-2.5422392543917424e-06,966582437428.6072,1904822033604.4373,1807469322692.142,11.924093630539648,2.1147925661530174,11525619485533.943,22713276278214.25,21552433438109.184,5.821402821439761e-05,0.0001147210618709,0.000108857833614,3.80746332080414e-05,7.503281401328094e-05,7.119799494740288e-05
440,440,0.02,1380,100000.0,17.15,2.43,0.81,1.57645288509541,,1540.0,0.1799503588152322,1380.0,0.1046925930563702,0.000414876789705,0.000402186053756,3.4468897124261905e-06,-4.59638315596104e-06,980729455543.0156,1930578462248.172,1832650003304.9172,13.181448273584726,2.372006346535996,12927434588621.176,25447820138221.016,24156981222148.65,5.91431094334724e-05,0.0001164239664846,0.0001105183688387,3.868480563679959e-05,7.61515341020429e-05,7.228875280275633e-05
441,441,0.02,1382,100000.0,17.15,2.43,0.81,1.5774790998375,,1634.0,0.1917104670805252,1382.0,0.1041720000457644,0.0003720223231538,0.0005089674847616,-3.4964679507494542e-06,-7.904282432893383e-06,1044822045588.8624,2054484038516.68,1951060372667.5952,13.266520748309194,2.543330889191835,13861153346095.498,27255855124051.6,25883782915198.52,6.310185715736781e-05,0.0001240802286646,0.0001178339732218,4.126808385478991e-05,8.114742595429167e-05,7.706242742956749e-05
442,442,0.02,1384,100000.0,17.15,2.43,0.81,1.57850660727466,,1590.0,0.1873014726723206,1384.0,0.0795104241988156,0.0004542629495929,0.0004269500845223,4.159602666167938e-06,3.836131414270106e-06,1020793026064.1476,2005025121681.0696,1904863818535.3303,17.406522653423554,3.2602673270903426,17768456932642.367,34900515201224.85,33157055209022.13,6.174211139558406e-05,0.0001212728547833,0.0001152146527988,4.037301895045838e-05,7.930002965036717e-05,7.533858586425787e-05
443,443,0.02,1386,100000.0,17.15,2.43,0.81,1.57953539270924,,1487.0,0.17587264906977,1386.0,0.1067758995400254,0.0003968584278593,0.0003780255197473,-1.125475173118451e-06,-2.380001928626608e-06,958505937430.2466,1880607172376.5847,1787387405183.563,12.980457256465929,2.2829074038315817,12441845350882.12,24411141017237.508,23201105813730.785,5.805210374190712e-05,0.0001138993493992,0.000108253475561,3.796039064426707e-05,7.447902002904475e-05,7.078717145489625e-05
444,444,0.02,1388,100000.0,17.15,2.43,0.81,1.58056324910895,,1523.0,0.1808585577366261,1388.0,0.1011961868480284,0.0004003275422454,0.0004672338220146,1.6410423389780506e-06,5.12759866513704e-07,985679139664.6124,1931788057374.144,1836778927272.9736,13.71593182739614,2.4806436483167524,13519507883326.3,26496273299921.785,25193134548473.92,5.978619023553082e-05,0.0001171722558034,0.0001114094941726,3.908899883982142e-05,7.660876455108144e-05,7.28409950743319e-05
445,445,0.02,1390,100000.0,17.15,2.43,0.81,1.58247310910813,,1578.0,0.188145851261111,1390.0,0.1039922368279349,0.0003056522947786,0.0003709075816677,4.30801273255799e-06,3.879443500423984e-07,1025394889373.0552,2007405736610.5403,1909456184248.3853,13.366382360828412,2.5148293875595606,13705820162199.61,26831752628856.89,25522521459912.348,6.227790947005927e-05,0.0001219208658341,0.0001159718471508,4.071871185324096e-05,7.971463151290346e-05,7.582502796589624e-05
446,446,0.02,1392,100000.0,17.15,2.43,0.81,1.58350413155677,,1589.0,0.1902200023535059,1392.0,0.1015455172480415,0.0004297119050724,0.0005078725232537,-4.418297858158094e-06,4.037242446210275e-06,1036699012826.607,2027291817261.34,1929159999009.1167,13.708138357302497,2.6075621105882654,14211213502706.049,27790396721645.66,26445192179790.527,6.30573799234793e-05,0.0001233103424958,0.0001173414592717,4.122171845569733e-05,8.061013995839812e-05,7.670817600020985e-05
447,447,0.02,1394,100000.0,17.15,2.43,0.81,1.58453856906118,,1548.0,0.1860784187531967,1394.0,0.0980013006278568,0.0003946740742507,0.0003707993879986,2.4666431369822635e-06,-1.1841316235058131e-05,1014127382204.922,1980957369961.199,1885840140636.414,14.224301015080162,2.6468354407556074,14425253152118.062,28177733928369.613,26824757826733.457,6.176855406601882e-05,0.000120656314538,0.0001148629065053,4.037729242566663e-05,7.8871447919883e-05,7.508437318888045e-05
448,448,0.02,1396,100000.0,17.15,2.43,0.81,1.58557197542434,,1511.0,0.1823790334609658,1396.0,0.099935606488998,0.0003385772235852,0.0004113576326914,-1.86038374515139e-06,4.4209208384045775e-06,993965732362.264,1939422980765.2244,1847057305660.459,13.968995126413592,2.547651829576254,13884702471190.584,27091790166363.94,25801534500977.57,6.062518223924584e-05,0.0001182916752758,0.0001126579942508,3.9626719869389335e-05,7.731953795267212e-05,7.363716881885416e-05
449,449,0.02,1398,100000.0,17.15,2.43,0.81,1.58660654670593,,1527.0,0.1850621399623743,1398.0,0.0931484008146981,0.0003727131769543,0.0004778265027283,4.022380791360624e-06,-3.478140817123728e-06,1008588662794.94,1965772149483.037,1872920826877.4287,15.00830919020358,2.777469815956044,15137210496960.44,29502916216932.51,28109374858548.21,6.160295629513253e-05,0.0001200661679809,0.0001143949601045,4.0262763303505446e-05,7.847343687557435e-05,7.476682092559207e-05
450,450,0.02,1400,100000.0,17.15,2.43,0.81,1.58764002600254,,1575.0,0.1916447651270761,1400.0,0.0869878288199288,0.000409733320912,0.0003661373700306,-3.458934362138225e-07,1.6372475201664087e-06,1044463969942.5648,2033433591116.1108,1938183833527.6416,16.09420558016343,3.0843702483172977,16809817853329.271,32726498249032.68,31193529068943.12,6.389011221552161e-05,0.0001243856217714,0.000118559171194,4.17500017964738e-05,8.128174692974449e-05,7.747436087826493e-05
451,451,0.02,1402,100000.0,17.15,2.43,0.81,1.58867462374292,,1505.0,0.1838585522384645,1402.0,0.1159452883421181,0.0003954350419272,0.0004139352169621,5.527503887373982e-06,-1.4186363003295304e-05,1002029109699.6316,1948649659952.6272,1858137277357.9343,12.091910072819331,2.223201079786268,12116445884835.162,23562896451577.137,22468428860765.496,6.138192498339581e-05,0.0001193696531251,0.0001138250793949,4.010561276952957e-05,7.799353125475798e-05,7.437082755079235e-05
452,452,0.02,1404,100000.0,17.15,2.43,0.81,1.58971032383046,,1608.0,0.1972183450455522,1404.0,0.0991108006533068,0.0003415092943879,0.0004381386897166,6.220563299015021e-06,-5.448464907628039e-09,1074839980498.2598,2087918746111.404,1991672865305.452,14.16596365628448,2.7937879082678654,15226144100059.867,29577381074689.2,28213965425125.008,6.592881871614768e-05,0.0001280693117152,0.0001221657564484,4.307558066505212e-05,8.367600201148439e-05,7.981882580148346e-05
453,453,0.02,1406,100000.0,17.15,2.43,0.81,1.59074484667151,,1555.0,0.1914655064961589,1406.0,0.105443855194153,0.0003546399640841,0.0004371198875007,-3.4369330826469964e-06,-1.837478448927104e-05,1043487010404.0664,2024755757754.7808,1931407715415.2373,13.33411034157602,2.553022190225524,13913970936729.107,26998316688643.617,25753603591918.04,6.409920876317378e-05,0.0001243764807005,0.0001186423071134,4.18733411130328e-05,8.124997021497445e-05,7.750407363921936e-05
454,454,0.02,1408,100000.0,17.15,2.43,0.81,1.59178269516596,,1583.0,0.1956740943727595,1408.0,0.1034097893066245,0.0004309068702424,0.0004730177291667,-7.052754291565532e-06,-8.992679309943518e-06,1066423814331.5392,2066953488153.651,1971645912290.317,13.615732218785224,2.664246071132802,14520141087673.771,28143085203384.164,26845402772007.45,6.559413491172794e-05,0.000127135219728,0.0001212729931861,4.284936335446848e-05,8.305107206012482e-05,7.922157304320588e-05
455,455,0.02,1410,100000.0,17.15,2.43,0.81,1.59281931861216,,1508.0,0.1871302330984853,1410.0,0.1007187779948708,0.0003805113402321,0.00046355188123,-2.050017194294164e-06,5.413536640891463e-06,1019859770386.7452,1974495108918.1096,1883437327800.892,13.99937556899077,2.619706413458484,14277399953348.738,27641698588879.96,26366946512541.06,6.281915534954022e-05,0.000121620754721,0.0001160119709804,4.103171827396644e-05,7.943928115894774e-05,7.577578022485622e-05
456,456,0.02,1412,100000.0,17.15,2.43,0.81,1.59385696366851,,1606.0,0.2000658463422397,1412.0,0.1042681870339947,0.0004199408032156,0.0003758463484707,-2.015206367199171e-06,-3.6611758223747176e-06,1090358862565.2068,2108624502225.856,2011366652035.2908,13.54200202540822,2.70929209638162,14765641925279.832,28554997279967.945,27237931275700.457,6.724947325938087e-05,0.00013005249184,0.000124053972068,4.39238595868007e-05,8.494352615170965e-05,8.102560490380581e-05
457,457,0.02,1414,100000.0,17.15,2.43,0.81,1.59489332028164,,1536.0,0.1920868865446643,1414.0,0.0931159170850151,0.0004128711615789,0.000423533495632,-2.4529602951601694e-06,3.004101216077988e-07,1046873531668.4208,2022263092010.4343,1928974696582.924,15.18537371767508,2.916911158445381,15897165813527.328,30708820807639.59,29292201659550.59,6.465890736260574e-05,0.0001249026916562,0.000119140844083,4.22257868848053e-05,8.156825802267618e-05,7.78054578515136e-05
458,458,0.02,1416,100000.0,17.15,2.43,0.81,1.59593295038997,,1560.0,0.1958490353701646,1416.0,0.1063093575241964,0.0003661747947057,0.000416768818729,-7.646919462684822e-07,3.751236973909987e-06,1067377242767.3972,2059560126798.064,1964537041227.6013,13.319617698542787,2.608634277758977,14217056813786.424,27432553516112.52,26166882343778.035,6.601611984832561e-05,0.0001273815505125,0.0001215044761718,4.3107681956235405e-05,8.317852335465463e-05,7.934086897423021e-05
459,459,0.02,1418,100000.0,17.15,2.43,0.81,1.59697124291797,,1520.0,0.1915685489884455,1418.0,0.1128665383198495,0.0003738004520205,0.000423590097499,3.482498189327894e-06,-1.0343026184816104e-06,1044048591987.0282,2012286445029.099,1919430593595.2744,12.563511037979808,2.406773579746111,13116916009616.309,25281382963700.24,24114787449270.367,6.466210142519317e-05,0.0001246289408401,0.0001188780068995,4.221933102406342e-05,8.137302055666667e-05,7.761810727073926e-05
460,460,0.02,1420,100000.0,17.15,2.43,0.81,1.59801278952994,,1500.0,0.1897750646572656,1420.0,0.0987684792833079,0.0003686411869885,0.0004795095819623,-4.574714635099236e-06,-6.532195833222498e-06,1034274102382.098,1991208558818.317,1899311571530.1045,14.377056428365838,2.7284068132742845,14869817132344.848,28627717810775.97,27306509638936.51,6.414237007622404e-05,0.0001234883828034,0.0001177892257289,4.187751451080663e-05,8.062356499491114e-05,7.690267765005929e-05
461,461,0.02,1422,100000.0,17.15,2.43,0.81,1.59905294879362,,1492.0,0.1894755668784721,1422.0,0.1124579300360437,0.0004307558065755,0.0003837808034198,2.2491136845271195e-06,1.751541552580606e-06,1032641839487.6732,1985830977860.056,1894168405300.453,12.644728562443188,2.395867112393331,13057475762543.654,25110293685931.527,23951245336580.1,6.413604648029155e-05,0.0001233373886547,0.0001176443450559,4.18636320677053e-05,8.050622609580713e-05,7.679019594355381e-05
462,462,0.02,1424,100000.0,17.15,2.43,0.81,1.60009401134903,,1568.0,0.1998760736968296,1424.0,0.0853401601498262,0.000400686426329,0.0003846831148469,1.3791943410782269e-06,-3.094742873274058e-06,1089324601647.7216,2092477464547.6252,1995877731928.2288,16.686165077496625,3.3351651607471813,18176650126072.137,34915424394383.28,33303545309453.984,6.77516962612939e-05,0.000130143850049,0.0001241357274624,4.421678038836344e-05,8.493576329548732e-05,8.101468306251942e-05
463,463,0.02,1426,100000.0,17.15,2.43,0.81,1.60113362100295,,1593.0,0.203823288224158,1426.0,0.1066387203682097,0.0005014277396253,0.0004111041266746,9.977957139370248e-06,5.27982223576246e-06,1110836920821.6611,2131395996263.7737,2032984736243.224,13.372253484252305,2.725576676127258,14854392884893.56,28501567537359.65,27185587222660.2,6.9179099967191e-05,0.0001327360064573,0.0001266072919113,4.514642924347947e-05,8.6623802946685e-05,8.262419066877017e-05
464,464,0.02,1428,100000.0,17.15,2.43,0.81,1.60217408315186,,1593.0,0.2045833052410478,1428.0,0.1093443742040563,0.0003049943349536,0.0004246270511628,3.2293741249744594e-06,-6.1191128845699695e-06,1114979013563.711,2136930227521.2463,2038248523774.5537,13.059656798941434,2.6717877532411616,14561243255164.332,27907575374711.32,26618826191444.69,6.953444242048682e-05,0.0001332673082224,0.0001271131320777,4.537156608355488e-05,8.695757485518453e-05,8.294194461612709e-05
465,465,0.02,1430,100000.0,17.15,2.43,0.81,1.60415791703261,,1554.0,0.2003160846132048,1430.0,0.0959053030633185,0.0003888137338934,0.0005321140315614,4.856714707311148e-06,-4.329119002745469e-06,1091722661141.9664,2089994918089.1104,1993466027422.191,14.91054148544722,2.9868212898275464,16278176029560.129,31162955930541.547,29723657901708.24,6.817193759851433e-05,0.0001305084232548,0.0001244807371535,4.448095068131678e-05,8.515437499344473e-05,8.12214193281422e-05
466,466,0.02,1432,100000.0,17.15,2.43,0.81,1.60520308304591,,1543.0,0.1996511376299723,1432.0,0.0980589896732908,0.0003848504092087,0.0003508094182421,3.437787392103284e-06,2.18270546791242e-06,1088098700083.3492,2080702058989.9087,1984587780665.248,14.603454561086975,2.915596316448624,15889999924644.998,30385437973619.26,28981837477433.4,6.804067049006055e-05,0.0001301098541638,0.0001240996641504,4.438758843397616e-05,8.487956712115934e-05,8.095870862865595e-05
467,467,0.02,1434,100000.0,17.15,2.43,0.81,1.6062490536883,,1613.0,0.2095005219067692,1434.0,0.0956113278666634,0.0004304760148802,0.0004487389332105,3.265168145476132e-06,2.5250002241695857e-06,1141777844391.8923,2180877947645.9304,2080844121157.384,14.99822282564479,3.142135509646604,17124638527573.984,32709293414328.555,31208963794551.45,7.148916621928379e-05,0.0001365494582584,0.0001302861252602,4.663447000321409e-05,8.907519771005237e-05,8.498944275903439e-05
468,468,0.02,1436,100000.0,17.15,2.43,0.81,1.60729581042874,,1597.0,0.2082067271073392,1436.0,0.0790508985278393,0.0003624556984721,0.0004660298687594,-9.12804825854402e-06,-1.9859494170526028e-06,1134726662734.9988,2164953610768.6345,2066372614350.983,18.165511420395617,3.782181679071564,20612890150940.023,39327489541044.35,37536715324785.52,7.11467667766738e-05,0.0001357414562344,0.0001295604794484,4.6403369930693015e-05,8.853334162532845e-05,8.450198271297256e-05
469,469,0.02,1438,100000.0,17.15,2.43,0.81,1.60834333459219,,1522.0,0.1991820914371902,1438.0,0.1011519769995175,0.0003232976753323,0.0004303386140405,-2.905957429517088e-07,5.192583062759677e-06,1085542398332.6868,2068764949926.5928,1975255785945.28,14.216232274005474,2.8316188766932937,15432322877978.451,29410043048477.75,28080695053571.344,6.81527323322027e-05,0.0001298816003015,0.0001240108899237,4.444659894776375e-05,8.470379985876698e-05,8.08751476423251e-05
470,470,0.02,1440,100000.0,17.15,2.43,0.81,1.6093916073593,,1563.0,0.2053213896692316,1440.0,0.1049544135642008,0.0004527289172444,0.000345049154489,3.946398147309287e-06,1.1539708864257574e-06,1119001573697.3125,2130107491852.646,2034539640650.4167,13.720242447156815,2.817059245849016,15352972889877.14,29225591226723.41,27914377138075.035,7.035366426466458e-05,0.0001339237324164,0.0001279152077852,4.5872940484035184e-05,8.732274957888971e-05,8.340499070040861e-05
471,471,0.02,1442,100000.0,17.15,2.43,0.81,1.61044060976595,,1513.0,0.1995000694441509,1442.0,0.0728845415121668,0.0003467553772617,0.0003942314455197,-6.565474329611249e-06,-8.47050503101805e-06,1087275378470.6226,2067360803802.54,1975302669444.027,19.78471662278733,3.94705234017892,21511435253975.11,40902147660291.086,39080803559185.43,6.844387577976762e-05,0.0001301401547843,0.0001243451044803,4.462594209826805e-05,8.485239834685891e-05,8.107398024330892e-05
472,472,0.02,1444,100000.0,17.15,2.43,0.81,1.61148790978604,,1560.0,0.2064619141474633,1444.0,0.1055193646648149,0.0003390416010068,0.0004326508225184,3.978839393415577e-06,-1.6939863019068216e-06,1125217432103.675,2137068856780.901,2042626297365.496,13.68469194812634,2.8253676941285426,15398253933000.56,29245128976981.164,27952711644588.715,7.093316926630434e-05,0.0001347197995932,0.0001287661857743,4.623883525733309e-05,8.781909343292562e-05,8.39381422305206e-05
473,473,0.02,1446,100000.0,17.15,2.43,0.81,1.61253830623567,,1566.0,0.2080234914128526,1446.0,0.1029634106967023,0.0003510359871325,0.0004717259917943,4.1895640323002354e-08,-2.198098892839587e-07,1133728028200.0466,2150778677611.034,2056456141149.886,14.043823822614607,2.9214452643672844,15921876690801.7,30205156829805.383,28880507745242.875,7.156866164467568e-05,0.0001357718497044,0.0001298175665523,4.6644725009876187e-05,8.84890180703638e-05,8.460832652351253e-05
474,474,0.02,1448,100000.0,17.15,2.43,0.81,1.61358694609894,,1596.0,0.2127819115883545,1448.0,0.1266710237998722,0.0003285390174169,0.0004302730956739,2.158964207721724e-06,-5.678898779058176e-06,1159661418156.5322,2197466469886.4155,2101839784039.444,11.431185732639989,2.4323495519126617,13256305057924.006,25119647358520.348,24026520951606.8,7.329893614524878e-05,0.0001388956741473,0.0001328513803302,4.776928189866381e-05,9.05190028911496e-05,8.657990649478889e-05
475,475,0.02,1450,100000.0,17.15,2.43,0.81,1.61463622269755,,1581.0,0.2115401814978278,1450.0,0.1142139324761046,0.0003459123598955,0.0004362314721686,-1.9635787528684008e-06,-1.0018246118249e-06,1152893989163.1616,2182147317950.116,2087927125333.55,12.695473910797723,2.685602855291089,14636535561336.436,27703394344552.93,26507224347318.977,7.296915844754661e-05,0.0001381128316186,0.0001321494314893,4.754790238640498e-05,8.999659000907806e-05,8.611074051773623e-05
476,476,0.02,1452,100000.0,17.15,2.43,0.81,1.61568611629009,,1540.0,0.2067927598743109,1452.0,0.1112702440000248,0.0003652445346103,0.0003418093622006,2.3962960514813608e-06,5.719794791785383e-06,1127020541314.9946,2130735779542.5464,2039459497125.3608,13.049310829224712,2.698503000833112,14706841354540.46,27804633482201.12,26613540901603.16,7.142209466982078e-05,0.0001350300256154,0.0001292456205891,4.653575265211772e-05,8.798011178049673e-05,8.421122705669664e-05
477,477,0.02,1454,100000.0,17.15,2.43,0.81,1.61673660698881,,1637.0,0.2206057245856101,1454.0,0.1066402830720107,0.00039168893551,0.0004658933221611,-6.544286984562493e-06,9.945589573894253e-06,1202301198991.5752,2270458422665.026,2173970038198.9067,13.634622472055518,3.0078757698990497,16392922945949.824,30956843431536.29,29641260736402.203,7.629776595821659e-05,0.0001440827851587,0.0001379596537987,4.970289903626887e-05,9.386031207688816e-05,8.987150092431287e-05
478,478,0.02,1456,100000.0,17.15,2.43,0.81,1.61778767475916,,1607.0,0.2173369197925969,1456.0,0.1188947017785722,0.0003362196318306,0.0004356851743027,-6.175626655435886e-06,8.393088347815723e-07,1184486212869.653,2234252326823.616,2140065343223.976,12.246130216228083,2.6615362205740607,14505372402128.63,27360944930192.6,26207518864357.66,7.526509835234911e-05,0.0001419697581071,0.0001359848909916,4.902443398240535e-05,9.247296803145944e-05,8.857468410944086e-05
479,479,0.02,1458,100000.0,17.15,2.43,0.81,1.61883929941956,,1660.0,0.2253044507277811,1458.0,0.1127741409295595,0.0003965670388546,0.0003767839355086,-7.551976890250989e-06,-5.954559327699904e-06,1227909256466.4077,2313501822811.9263,2216765611284.143,12.928495734768576,2.912847630258496,15875019584908.8,29910098448603.312,28659444750468.69,7.812574232107501e-05,0.0001471965833928,0.0001410417406835,5.088193261484534e-05,9.586656606156034e-05,9.185802441204412e-05
480,480,0.02,1460,100000.0,17.15,2.43,0.81,1.61989146064109,,1628.0,0.2217460988618513,1460.0,0.1037379995098035,0.0003407691760164,0.0004010537545306,-1.0245996646626158e-06,4.857198326119744e-06,1208516238797.0898,2274347668092.5166,2180028640017.9275,14.073917049673062,3.120836201470298,17008557298013.123,32008980422851.44,30681542245523.887,7.699168324740052e-05,0.0001448932580587,0.0001388844180443,5.013778844075398e-05,9.43560033062084e-05,9.044298391620972e-05
481,481,0.02,1462,100000.0,17.15,2.43,0.81,1.62094413794722,,1575.0,0.2152864068698072,1462.0,0.0982884267766621,0.0004004113607062,0.0003542682445821,7.007495461581238e-07,-2.064090858122205e-06,1173310917440.4497,2205553979841.562,2114846024588.661,14.874589490806065,3.2022969251390334,17452518242007.732,32806710049956.785,31457466452019.48,7.485398031864947e-05,0.0001407082229823,0.000134921307173,4.873371269267974e-05,9.160814272168428e-05,8.784056895711161e-05
482,482,0.02,1464,100000.0,17.15,2.43,0.81,1.62199731071351,,1560.0,0.2139920573578418,1464.0,0.0935243778098993,0.0003517522152941,0.0004205555384831,-1.3046578073548974e-06,-1.049043147969003e-05,1166256712600.2378,2189769369127.6853,2100465040168.331,15.653672703129596,3.3497616269489905,18256200866872.0,34277932999663.367,32879992263161.01,7.449478316285386e-05,0.0001398717731417,0.0001341674487425,4.849699528693996e-05,9.105819810228392e-05,8.73446146571872e-05
483,483,0.02,1466,100000.0,17.15,2.43,0.81,1.6230534572135,,1602.0,0.2205406959314059,1466.0,0.1060260009999183,0.0004384463793803,0.0003465109001716,-6.111065496300078e-06,-6.075007707001787e-07,1201946792826.1626,2254179657761.936,2163026950335.0576,13.82679707028778,3.0493714483835923,16619074393690.58,31168084687845.05,29907734699846.29,7.687937437302594e-05,0.0001441826899888,0.0001383523461157,5.0039250195093545e-05,9.384563489222083e-05,9.005078044432232e-05
484,484,0.02,1468,100000.0,17.15,2.43,0.81,1.62511154282261,,1615.0,0.2231240549078233,1468.0,0.1136338834160142,0.000417513774977,0.0004520789703593,-1.9274285220540376e-06,3.868602345075403e-07,1216026099247.6372,2277952502083.176,2186626950678.169,12.91868196236544,2.882468703507534,15709454434116.06,29428143899787.15,28248338146148.21,7.788603204411299e-05,0.0001459020342425,0.0001400526656906,5.06843532610112e-05,9.494578233051224e-05,9.11393044004482e-05
485,485,0.02,1470,100000.0,17.15,2.43,0.81,1.6261692650852,,1641.0,0.2275229395271323,1470.0,0.1020374196709781,0.0003804047793376,0.0004635217540474,-2.5494597055507994e-06,2.435730236496974e-07,1240000020422.8708,2319622667155.7114,2227964832417.145,14.406479551717858,3.27780457584437,17864034938351.816,33417596522080.0,32097129800164.12,7.95180749699917e-05,0.0001487515533153,0.0001428737674651,5.174385209699764e-05,9.679533083331434e-05,9.2970549086435e-05
486,486,0.02,1472,100000.0,17.15,2.43,0.81,1.62722740485192,,1618.0,0.2251297909427168,1472.0,0.1060132157076623,0.0003656885415836,0.0004208224265055,-2.693000449800094e-06,3.661016649546965e-06,1226957360637.8064,2289912803273.21,2202777711762.963,13.885061312158731,3.1259409504331,17036378179860.393,31795579672945.8,30585703584885.45,7.87887319892667e-05,0.0001470461255818,0.0001414507694658,5.125781784660414e-05,9.5664231798381e-05,9.202404446020186e-05
487,487,0.02,1474,100000.0,17.15,2.43,0.81,1.62828594070926,,1569.0,0.2190835703309065,1474.0,0.1335791432775295,0.0003917299542981,0.0003746227176631,8.178558706766771e-06,1.0938559472027663e-06,1194005458303.441,2223244742119.768,2141912890346.0176,11.0346567872318,2.4175120063229127,13175440434459.877,24532742683309.312,23635273613115.965,7.676563037576259e-05,0.0001429380267247,0.000137708996298,4.993799428783228e-05,9.298482051345423e-05,8.958320327539958e-05
488,488,0.02,1476,100000.0,17.15,2.43,0.81,1.62934485109385,,1598.0,0.2239280393690088,1476.0,0.0957375275997947,0.0004086257414871,0.0004077231759347,1.4862506346102618e-06,-2.8838122600905426e-06,1220407814561.098,2267122990155.658,2187532358653.34,15.417151842170249,3.452332584671486,18815212586459.6,34952579384104.83,33725518533019.367,7.856956745571261e-05,0.0001459568437534,0.0001408328176565,5.110041957685816e-05,9.492805162916752e-05,9.159546508258084e-05
489,489,0.02,1478,100000.0,17.15,2.43,0.81,1.630404114292,,1540.0,0.2165695047382002,1478.0,0.1182495829293657,0.000285601274137,0.0004091992156018,1.4384744879539937e-06,7.029452695427106e-06,1180303800823.1914,2187513227386.952,2113961383453.0588,12.498987001779591,2.7068994247046088,14752601864640.12,27341699395330.44,26422375854043.79,7.608505487233293e-05,0.0001410120545435,0.0001362707361832,4.947759245414404e-05,9.16991776839276e-05,8.861593067932263e-05
490,490,0.02,1480,100000.0,17.15,2.43,0.81,1.63146370843972,,1606.0,0.2266530251837065,1480.0,0.0882697604997702,0.0004240476414182,0.0004071121852147,-3.544519801395045e-06,-1.4757169359652305e-06,1235258987251.2007,2284016915989.707,2210623222174.15,16.766783909013245,3.800242295579345,20711320510907.43,38295618074930.27,37065041870440.55,7.972948289872651e-05,0.0001474213015434,0.0001426841239018,5.1840431559847433e-05,9.585392523909616e-05,9.277379321784572e-05
491,491,0.02,1482,100000.0,17.15,2.43,0.81,1.63252361152239,,1650.0,0.2336862498601429,1482.0,0.1055617495158003,0.0003737042323933,0.0004426407434069,1.3470492768940329e-05,2.7084821608403203e-06,1273590061737.779,2349378479837.0894,2277401235269.6265,14.039176186428936,3.2807624341324013,17880155266021.586,32983338407037.48,31972837189141.18,8.230556626261104e-05,0.0001518282310434,0.0001471767124346,5.351065859201414e-05,9.871056120401136e-05,9.568639363537624e-05
492,492,0.02,1484,100000.0,17.15,2.43,0.81,1.63358637842757,,1586.0,0.2254136648153869,1484.0,0.1138120205234827,0.0003730239579604,0.0004291446776656,-4.904867307571174e-06,-5.96192624137384e-06,1228504473243.859,2260891423915.795,2195025350341.0889,13.039044497885948,2.9391788059593784,16018524492478.611,29479863881326.773,28621033217085.152,7.950197940671613e-05,0.0001463123231048,0.0001420498370178,5.1675894397480986e-05,9.510228819757134e-05,9.233169326971096e-05
493,493,0.02,1486,100000.0,17.15,2.43,0.81,1.63464684081556,,1656.0,0.2361928155337053,1486.0,0.1148108640336431,0.00037558780404,0.0003818576446103,9.532062651587326e-07,1.6998783235344355e-06,1287250844658.694,2363433495614.251,2298151280544.8413,12.94302601506906,3.0570497560251555,16660921170337.1,30589981218620.85,29745031810656.152,8.341292237875003e-05,0.0001531487786821,0.0001489185384294,5.420953079186477e-05,9.953042282834598e-05,9.678121643811468e-05
494,494,0.02,1488,100000.0,17.15,2.43,0.81,1.63571013845086,,1584.0,0.226727939826862,1488.0,0.1162174429639435,0.0004342599136582,0.0004356537921734,-2.946879907093033e-07,-6.269157349581528e-06,1235667272056.398,2265912955344.9644,2204293013835.6377,12.803585778957917,2.9029306260596366,15820971912025.02,29011810891411.285,28222854684602.258,8.016632697975244e-05,0.0001470055272917,0.0001430078132701,5.209736871412168e-05,9.553389118436068e-05,9.293591284055335e-05
495,495,0.02,1490,100000.0,17.15,2.43,0.81,1.63677367170429,,1553.0,0.2230793486447845,1490.0,0.1034549167554814,0.0003589965754503,0.0003968419022251,-4.116287180450358e-06,-4.310709254518532e-06,1215782450114.076,2227606962288.1733,2167083890127.248,14.402408766338828,3.212879966510801,17510195817483.867,32082906041616.6,31211228016560.33,7.898227680902558e-05,0.0001447145989816,0.0001407827688764,5.131832552927593e-05,9.402756161783688e-05,9.147287535888092e-05
496,496,0.02,1492,100000.0,17.15,2.43,0.81,1.63783741784768,,1678.0,0.2418808947577459,1492.0,0.1162545066868006,0.0003756307810559,0.0003634160370732,-1.0220126307408387e-05,-7.2880426489266575e-06,1318250876429.7156,2413356533470.704,2347846592667.5747,12.833911067375425,3.1042778922181054,16918314512588.676,30972803124432.457,30132054370136.062,8.574139819731135e-05,0.0001569690316374,0.000152708147749,5.571102033317622e-05,0.0001019916294472,9.92230929650784e-05
497,497,0.02,1494,100000.0,17.15,2.43,0.81,1.63890135400087,,1582.0,0.2288346492596714,1494.0,0.1104489769973042,0.0003772604623022,0.0003848389085851,-6.421457749786877e-06,-7.906961424123228e-06,1247148838465.2092,2281298568690.2075,2219429988417.5034,13.526607856553204,3.095356564527468,16869693276674.7,30858231142388.54,30021359118397.99,8.1222544697418e-05,0.0001485731848907,0.0001445438955456,5.2770159369085086e-05,9.652776422932637e-05,9.390994128772184e-05
498,498,0.02,1496,100000.0,17.15,2.43,0.81,1.63996545713164,,1608.0,0.2334005324777082,1496.0,0.127498967127849,0.0003835545379681,0.0004218914320384,-2.279910563437171e-07,2.061403974095401e-06,1272032902003.5105,2324889477932.096,2261896576686.648,11.733428385344428,2.7385884329284464,14925306959460.035,27278924193157.043,26539801497608.504,8.294186438392075e-05,0.000151592515793,0.0001474851152187,5.3888510521269325e-05,9.8491816442014e-05,9.58231797926129e-05
499,499,0.02,1498,100000.0,17.15,2.43,0.81,1.64102970405558,,1656.0,0.241206570631767,1498.0,0.1061024723233003,0.0003471461147754,0.0003842233875785,1.505839299807433e-06,3.061592539020432e-07,1314575809943.1304,2400653226139.308,2335667350100.9985,14.118426905600346,3.4054573366151297,18559742484552.457,33893447098941.48,32975948758198.203,8.582727818253302e-05,0.0001567361354904,0.0001524932756884,5.575859595452746e-05,0.0001018252825365,9.90688639433411e-05
500,500,0.02,1500,100000.0,17.15,2.43,0.81,1.642094071436,,1696.0,0.2478952569827981,1500.0,0.108758904866363,0.0003606768234475,0.0004444977717435,-7.320381240596006e-07,-1.852403114213866e-08,1351029150556.25,2465176633128.424,2398505658441.241,13.791974108631536,3.4189649659593133,18633359064478.258,33999652297310.68,33080127940627.84,8.831530469060823e-05,0.0001611459126409,0.0001567877036111,5.737463215017518e-05,0.0001046895268342,0.0001018581870024
501,501,0.02,1502,100000.0,17.15,2.43,0.81,1.64315853578386,,1607.0,0.2357037854657413,1502.0,0.1233997203999024,0.0003548327485892,0.0004561419944592,4.183912064952487e-06,-4.625325894957494e-06,1284585630788.2903,2341993101137.707,2278712215188.569,12.171826606514642,2.8689456071881296,15635753559175.309,28506333940701.68,27736089969422.14,8.40777441183962e-05,0.000153286392098,0.0001491445785755,5.461836154937818e-05,9.9577500229076e-05,9.688690629349382e-05
502,502,0.02,1504,100000.0,17.15,2.43,0.81,1.6452904916716,,1648.0,0.2425949443485208,1504.0,0.1210200265600178,0.0004208100578482,0.0004310936386666,7.287144217171052e-06,-5.487488808970669e-06,1322142446699.4385,2408172365487.102,2343445081160.2725,12.427695173691903,3.014896019042168,16431183303779.816,29928032083982.28,29123621124947.55,8.664155465698294e-05,0.0001578103767477,0.0001535687214277,5.628269628495211e-05,0.0001025142443515,9.975884829404637e-05
503,503,0.02,1506,100000.0,17.15,2.43,0.81,1.64636106025239,,1605.0,0.2371198005157458,1506.0,0.1189370783295089,0.0004709630712129,0.0004267089790741,3.930007547277508e-06,-6.6443429019750405e-06,1292302912810.8147,2350745266087.973,2288709563929.5303,12.6621573453125,3.0024482238194854,16363342819816.195,29765506437954.41,28980000616197.28,8.47987493316313e-05,0.0001542519610421,0.0001501812823298,5.507856713410596e-05,0.0001001898855677,9.75458943237848e-05
504,504,0.02,1508,100000.0,17.15,2.43,0.81,1.64743167618473,,1672.0,0.2479148953684689,1508.0,0.1144946148638155,0.0003431791233159,0.0004129388192932,-3.714991588023344e-07,7.104106845962079e-06,1351136179758.1555,2454548134281.752,2390974978317.313,13.170925128606928,3.265268525164524,17795713462146.656,32328669701186.78,31491352423789.902,8.877376657628185e-05,0.0001612712962522,0.0001570943460731,5.765536489727436e-05,0.0001047398999894,0.0001020271212482
505,505,0.02,1510,100000.0,17.15,2.43,0.81,1.64850231535038,,1618.0,0.2407942856378677,1510.0,0.1143507925451103,0.0003871507956707,0.0004513052993534,7.031971928883645e-06,3.117721590279843e-06,1312328856726.3792,2380924067995.944,2320426678930.572,13.20498062489876,3.179683876434381,17329277126567.377,31440056187241.57,30641189336776.37,8.632566295865646e-05,0.0001566184021409,0.0001526388529665,5.606685564806268e-05,0.0001017206360624,9.91359955111004e-05
506,506,0.02,1512,100000.0,17.15,2.43,0.81,1.64957565182227,,1642.0,0.2452653742683103,1512.0,0.1190836993837365,0.0002497870046388,0.0004916595749263,-4.079339117445601e-06,1.070910897086033e-05,1336696289762.2913,2421950696655.508,2361603012908.672,12.696951873553374,3.114122653333792,16971968460669.166,30751391435554.047,29985159799340.05,8.804178869424452e-05,0.0001595223036795,0.0001555474905067,5.717537751005571e-05,0.000103595668255,0.0001010143776309
507,507,0.02,1514,100000.0,17.15,2.43,0.81,1.65064897951052,,1641.0,0.24601002741677,1514.0,0.1156437019617442,0.000330990522529,0.0003974314464503,-3.453895432439248e-06,2.992482261230691e-06,1340754649421.3965,2426111777112.3213,2366857762035.07,13.091936476582548,3.220747651542684,17553074700907.629,31762501271043.31,30986751469669.47,8.841289532593297e-05,0.0001599842049337,0.0001560768390074,5.741680103863331e-05,0.0001038963969015,0.0001013588886439
508,508,0.02,1516,100000.0,17.15,2.43,0.81,1.65172227387316,,1638.0,0.2464477691656655,1516.0,0.0981905384498986,0.0003854538244683,0.0004615419755911,1.0711748815014677e-06,-8.814630029164904e-07,1343140341952.8772,2427230803352.6943,2369150516779.5933,15.439369453845424,3.804998159224724,20737239967774.742,37474913122716.27,36578190120328.95,8.868395342471649e-05,0.0001602635382111,0.0001564286527055,5.7587080830988525e-05,0.0001040674098619,0.0001015772202271
509,509,0.02,1518,100000.0,17.15,2.43,0.81,1.65279551021382,,1587.0,0.2396343404894951,1518.0,0.1108627575663376,0.0003377724254626,0.0003936314464625,-2.2437844511096057e-06,-7.579331185834359e-07,1306007155667.7488,2357016762218.852,2301685996755.2246,13.692605463937376,3.281218479933492,17882640715637.53,32273700596949.84,31516078255438.74,8.633002973142137e-05,0.0001558041441631,0.0001521466552996,5.606138540693856e-05,0.0001011768002525,9.880168358179744e-05
510,510,0.02,1520,100000.0,17.15,2.43,0.81,1.65386866368164,,1659.0,0.2513883797756476,1520.0,0.1211708116629779,0.0003404529211567,0.0004103988784959,5.694139676872635e-06,5.801325408579784e-06,1370066669777.2795,2469366164583.948,2412448318023.695,12.544275136389262,3.153485001996837,17186493260882.766,30976408581031.336,30262415453608.723,9.068049292986176e-05,0.0001634397405384,0.0001596725235873,5.8881000403004914e-05,0.0001061253100593,0.0001036791665101
511,511,0.02,1522,100000.0,17.15,2.43,0.81,1.65494170927134,,1683.0,0.255914092160915,1522.0,0.1101443855800425,0.0003587393230599,0.0003930436383941,8.418172343547946e-06,7.431186345172896e-07,1394731802276.9868,2510266959164.5894,2453705737880.914,13.81822588582106,3.536278732844352,19272719094001.72,34687435875449.445,33905860143373.715,9.24242633248142e-05,0.0001663470884299,0.0001625989633772,6.0085531821600265e-05,0.0001081431749167,0.0001057064978038
512,512,0.02,1524,100000.0,17.15,2.43,0.81,1.65601737046599,,1668.0,0.254514285427287,1524.0,0.103237180879887,0.0003761627203218,0.0004182674791824,4.491545338906043e-06,1.9829135816715656e-06,1387102855578.7144,2492933381145.912,2438122698007.877,14.76212336496404,3.757171279623281,20476583473946.88,36800990113112.87,35991868046911.24,9.203950501259326e-05,0.0001654155302955,0.0001617786347869,5.990128273289871e-05,0.0001076559728052,0.0001052890032512
513,513,0.02,1526,100000.0,17.15,2.43,0.81,1.65709289017178,,1685.0,0.2580042263176613,1526.0,0.1011317079901346,0.0003823716916688,0.0004496145906719,-8.857609688369439e-06,-4.6038952482051935e-06,1406123033431.254,2523464639600.4883,2469363302778.8843,15.08923393391973,3.8930861268471606,21217319391317.023,38077148270906.2,37260800543467.234,9.340338133857798e-05,0.0001676241156877,0.0001640303705644,6.086975676007527e-05,0.0001092384344421,0.0001068964379494
514,514,0.02,1528,100000.0,17.15,2.43,0.81,1.65817100850774,,1604.0,0.2464546177884561,1528.0,0.0991470325770933,0.000369783794896,0.0004213673633086,2.2536194618472e-06,-2.6145646957683545e-06,1343177666947.0857,2407012510184.78,2356728550957.844,15.41145468788367,3.79822417466648,20700321751932.312,37095564233881.86,36320615274728.55,8.933909710241882e-05,0.0001600981982248,0.0001567536492299,5.828610600276532e-05,0.0001044503566214,0.0001022683249737
515,515,0.02,1530,100000.0,17.15,2.43,0.81,1.65924617724698,,1708.0,0.2633436564226847,1530.0,0.1199017914359501,0.0003077105470161,0.0004259816438329,1.828882728936942e-06,-1.0639682644478826e-06,1435222927503.6316,2568232400714.736,2515993736169.749,12.760443206699748,3.36038177162632,18314080655363.44,32771783690926.54,32105195178806.4,9.557923846816534e-05,0.0001710324524264,0.0001675535979013,6.243194137544834e-05,0.0001117176513887,0.0001094452787977
516,516,0.02,1532,100000.0,17.15,2.43,0.81,1.66032391025481,,1691.0,0.261626687589162,1532.0,0.1314662028291877,0.0003494906466356,0.0004516737449704,-1.8995312203340689e-06,7.902675367642206e-06,1425865447360.933,2547784311218.873,2497367667462.3804,11.653185130710035,3.0487842256109428,16615874029579.637,29689802251752.08,29102287768388.617,9.506619959669468e-05,0.0001698674810501,0.0001665060708082,6.209404029791112e-05,0.0001109517184696,0.0001087561584924
517,517,0.02,1534,100000.0,17.15,2.43,0.81,1.66140141611748,,1617.0,0.2510421863442232,1534.0,0.1275372752593284,0.0003161657613063,0.0004085977874312,-1.0282903211722496e-05,-8.071390446578118e-06,1368179915576.0164,2441156171171.521,2394200706071.384,12.0278561454354,3.019499303783904,16456271205622.275,29361875255392.94,28797101675926.48,9.133251456507116e-05,0.0001629587812398,0.0001598242806881,5.964843075396586e-05,0.0001064268910674,0.0001043797773972
518,518,0.02,1536,100000.0,17.15,2.43,0.81,1.66248146836303,,1641.0,0.2556541049957375,1536.0,0.1168531896282729,0.0003485323302786,0.0004464575594289,-1.7133280828587643e-06,-5.93438544365912e-06,1393314872226.7695,2482383893416.0894,2436013417174.309,13.14469895846438,3.360496247664615,18314704549772.15,32630188978295.227,32020663027536.395,9.311451323630342e-05,0.0001658964333967,0.0001627975184207,6.081210870498038e-05,0.0001083452148419,0.0001063213460825
519,519,0.02,1538,100000.0,17.15,2.43,0.81,1.66356125834534,,1635.0,0.2556110489351257,1538.0,0.1018923902001915,0.0004069548921095,0.0004298430846504,1.278513640247317e-06,-3.5813704229037064e-06,1393080216696.435,2478437444284.544,2433432154909.843,15.09435588838614,3.858284141630472,21027648571886.074,37410416831133.1,36731090976451.56,9.32166210041866e-05,0.0001658422545647,0.0001628307689714,6.086987864723873e-05,0.0001082939694787,0.0001063274879582
520,520,0.02,1540,100000.0,17.15,2.43,0.81,1.66576883018961,,1645.0,0.2580715669163652,1540.0,0.1299437057987233,0.0003974777683772,0.0004364130538487,5.539280343128456e-06,6.6829201960078605e-06,1406490039694.1902,2498946223189.3765,2454664531728.3105,11.851285835924878,3.058479905650858,16668715485797.178,29615725979622.23,29090930996818.9,9.422242996828466e-05,0.0001674073607802,0.0001644408779366,6.152463363578341e-05,0.0001093123637695,0.000107375332744
521,521,0.02,1542,100000.0,17.15,2.43,0.81,1.6668514497279,,1663.0,0.2617981102229507,1542.0,0.120504807395946,0.0004703435994206,0.0004553230085936,-6.144793292097357e-06,-1.734158690595597e-06,1426799700715.081,2531633834955.0044,2487886241929.3257,12.796169989578985,3.3500131213634123,18257571511430.6,32395216903453.98,31835415266462.48,9.569655694196496e-05,0.00016979863489,0.0001668644500672,6.248159449467677e-05,0.0001108638574884,0.0001089480879756
522,522,0.02,1544,100000.0,17.15,2.43,0.81,1.66793373203937,,1631.0,0.257644230783992,1544.0,0.1171443251319033,0.0003005275937935,0.0003988671865177,7.661582634689743e-06,-6.557924029322207e-07,1404161057772.7566,2488121915917.9067,2446223358389.244,13.180322634164922,3.395834086564261,18507295771775.223,32794249604934.58,32242013098800.68,9.428642210304612e-05,0.000167072083298,0.0001642586844654,6.15578243020633e-05,0.0001090782078696,0.0001072413929055
523,523,0.02,1546,100000.0,17.15,2.43,0.81,1.6690184998339,,1708.0,0.2707331403523743,1546.0,0.1076207610572055,0.0004593287664343,0.0003627315564719,-1.6553010763057e-06,-3.5214359369839306e-06,1475495614920.44,2611011121937.768,2568285920481.5635,14.36525801167888,3.889151413473928,21195875203432.902,37507848437999.18,36894089895479.85,9.920472285508875e-05,0.0001755509349564,0.0001726783125463,6.475630031390507e-05,0.0001145916115408,0.0001127164951741
524,524,0.02,1548,100000.0,17.15,2.43,0.81,1.67010289386714,,1711.0,0.2721456700321791,1548.0,0.1195343553213206,0.0003918486878575,0.0004779806016864,4.078316562069597e-06,5.931215875444344e-06,1483193901675.3765,2621102532044.115,2579566934248.963,12.950251798646647,3.524354952828126,19207734492913.29,33943937780041.59,33406041329987.05,9.982925140083664e-05,0.0001764184057952,0.0001736227715698,6.516588994842667e-05,0.0001151612604082,0.0001133363444671
525,525,0.02,1550,100000.0,17.15,2.43,0.81,1.67118688703001,,1673.0,0.2670179448292915,1550.0,0.1159709433923126,0.000366923312928,0.000294463388111,-4.890464409611198e-06,-5.105060603647866e-06,1455247799319.639,2568251331298.531,2528884245303.464,13.365416842015144,3.568806136941684,19449993446332.176,34325749597865.2,33799592083685.68,9.807121884839744e-05,0.0001730781097811,0.0001704251058681,6.400857697841405e-05,0.0001129636568536,0.0001112321090337
526,526,0.02,1552,100000.0,17.15,2.43,0.81,1.67227332759446,,1633.0,0.2615275289443612,1552.0,0.1141082948938674,0.0003850882445005,0.0003878401386225,4.7887964916391e-06,-5.982876476194738e-06,1425325032746.7688,2512049453018.596,2474849239771.052,13.601114638015767,3.557065902169245,19386009166822.383,34166672586870.73,33660708221932.24,9.617153420138552e-05,0.000169496531904,0.0001669865068231,6.276006608104412e-05,0.0001106108333524,0.0001089728295372
527,527,0.02,1554,100000.0,17.15,2.43,0.81,1.67335932998223,,1683.0,0.2704535327049298,1554.0,0.1281497084560214,0.00041048820492,0.0004669187833461,-1.3905422710002148e-05,6.032731707234793e-06,1473971753241.8674,2594276979659.636,2557210849749.096,12.126441946087636,3.2796390634606443,17874032895860.51,31459349185914.137,31009868913387.848,9.956370696975757e-05,0.0001752379802619,0.0001727342407643,6.497217485704382e-05,0.0001143548491884,0.0001127209867562
528,528,0.02,1556,100000.0,17.15,2.43,0.81,1.67444486664753,,1635.0,0.2636322938300326,1556.0,0.1119510737582913,0.0002995643592932,0.000476040847361,-5.740345757172545e-06,8.057830078410996e-07,1436796001373.678,2525424554456.6323,2490661660836.2446,13.898928770969103,3.664206473670821,19969925281505.977,35100695998849.12,34617529016546.57,9.717030567300012e-05,0.0001707940971968,0.0001684430877313,6.34019513705361e-05,0.0001114402076832,0.0001099062144868
529,529,0.02,1558,100000.0,17.15,2.43,0.81,1.67553281157109,,1648.0,0.2666315338630946,1558.0,0.1210599646042283,0.0003231768469169,0.0003826311577105,6.592425709876197e-06,3.0503075738867686e-06,1453141859553.8655,2550695464978.112,2516921037839.2856,12.869655175378956,3.431455899700405,18701434653367.207,32826571091671.188,32391905860648.54,9.838395554311224e-05,0.0001726930564834,0.0001704063824631,6.419265013137075e-05,0.0001126771625898,0.0001111851747494
530,530,0.02,1560,100000.0,17.15,2.43,0.81,1.67662025268967,,1588.0,0.2577983343852933,1560.0,0.1287785803460792,0.0004126253810443,0.0003664512172579,-5.190463441915621e-06,7.727305917150923e-06,1405000922399.8489,2462848602894.3706,2431531185554.214,12.113815789921428,3.122921533692011,17019922358621.46,29834494293927.76,29455120869253.008,9.523969484747726e-05,0.0001669471853403,0.0001648242961497,6.213326681023712e-05,0.0001089143977894,0.0001075294496258
531,531,0.02,1562,100000.0,17.15,2.43,0.81,1.67771008122563,,1681.0,0.2738215553842985,1562.0,0.138488005543877,0.0003575175355265,0.0004288699391124,3.6141746251089113e-06,-6.560157117108902e-06,1492327476844.4268,2612371576307.7217,2580528923293.844,11.278955125865489,3.088421035674193,16831894644424.355,29464821781261.28,29105669926829.24,0.0001012739839616,0.0001772836600719,0.0001751227186025,6.606522185182977e-05,0.0001156494874121,0.0001142398156287
532,532,0.02,1564,100000.0,17.15,2.43,0.81,1.67879936738647,,1737.0,0.2838891255238643,1564.0,0.0989179178266113,0.0003966662107872,0.0004236624522752,5.302917071681764e-06,-7.767548453049546e-06,1547195734105.0603,2704736605111.3325,2673196722020.397,15.811088975219477,4.488596222755069,24462849414015.125,42764831117948.34,42266151220129.55,0.0001051164464845,0.0001837597495513,0.0001816169305401,6.85670863829371e-05,0.0001198658349152,0.0001184680816505
533,533,0.02,1566,100000.0,17.15,2.43,0.81,1.67989101971152,,1599.0,0.2622015366408995,1566.0,0.1187169391503175,0.0004049505567811,0.0003613901195719,-8.533045578745019e-07,8.026215665054722e-06,1428998374692.9023,2494707044955.4883,2466937594052.136,13.191040901224342,3.4587111941939783,18849976008357.184,32907782666580.36,32541474703909.7,9.71959298562361e-05,0.0001696820481027,0.0001677932582692,6.339636190060212e-05,0.0001106756686773,0.000109443699355
534,534,0.02,1568,100000.0,17.15,2.43,0.81,1.68097914497167,,1625.0,0.2673457101639039,1568.0,0.1051041283767517,0.0003877319000308,0.0003505286656251,-2.539317644294226e-06,1.07978839613061e-06,1457034120393.2766,2540181987917.0747,2513255380816.093,14.918538636079209,3.988407306270235,21736819819172.78,37895803129413.37,37494097501038.84,9.922573994263458e-05,0.0001729893856377,0.0001711556519753,6.470904352739418e-05,0.0001128132447435,0.0001116173942369
535,535,0.02,1570,100000.0,17.15,2.43,0.81,1.6820695970425,,1631.0,0.2691939108299584,1570.0,0.0978643103101148,0.0003821496980501,0.000393972312932,7.067700552632625e-06,-3.5774637224738954e-06,1467106814023.2734,2554249551292.036,2528534046693.008,16.042620594013737,4.3185757776637885,23536237988267.65,40976856453807.96,40564312370142.13,0.0001000280694645,0.000174149999921,0.0001723967040766,6.52259094738859e-05,0.0001135590458811,0.0001124157636341
536,536,0.02,1572,100000.0,17.15,2.43,0.81,1.68315941041203,,1766.0,0.2924069190604619,1572.0,0.1134741568766912,0.0003849294253095,0.0004098250438211,-1.629075548818049e-06,5.430669326237984e-06,1593617708879.5176,2770593485952.658,2744296887029.0586,13.853374576805557,4.050822578594244,22076983053338.625,38382069360959.63,38017772725974.98,0.0001087719886101,0.0001891061836338,0.0001873113156785,7.09244152841626e-05,0.0001233060613511,0.0001221357236394
537,537,0.02,1574,100000.0,17.15,2.43,0.81,1.68425152837438,,1681.0,0.2792260979612114,1574.0,0.1214018056898567,0.0003869314605696,0.0003527745433801,-5.348438724011494e-06,9.274231948285146e-06,1521782233888.6023,2641750894866.612,2618352639211.9424,12.965210781304796,3.620225215708368,19730227425610.605,34250857183646.19,33947493867168.543,0.000103993349104,0.0001805281445254,0.0001789291884366,6.779814441238407e-05,0.0001176947691221,0.000116652334613
538,538,0.02,1576,100000.0,17.15,2.43,0.81,1.68534296749524,,1692.0,0.2819763184101755,1576.0,0.1087505786326801,0.0003797980043852,0.0004285700960804,7.485876465226252e-06,-5.7220465853798345e-06,1536770935335.4563,2663779127036.33,2641747003460.8926,14.49187691518548,4.086366099397413,22270695241715.9,38603159238250.72,38283872415215.33,0.0001051277833052,0.000182224421611,0.0001807172429809,6.853755255189725e-05,0.0001188003349803,0.0001178177371235
539,539,0.02,1578,100000.0,17.15,2.43,0.81,1.68763420793944,,1627.0,0.2720314771193022,1578.0,0.1211431266633553,0.0003864572699076,0.0004176383566528,5.959612320829224e-06,-2.8151123481162814e-06,1482571550300.197,2565981257825.32,2546266453641.979,13.02591441597099,3.5434587394062005,19311850129763.8,33424252257418.207,33167448905398.38,0.0001015413082971,0.0001757440266088,0.0001743937598988,6.618959850189683e-05,0.000114558564937,0.0001136783949559
540,540,0.02,1580,100000.0,17.15,2.43,0.81,1.68872777614473,,1680.0,0.2818201464542381,1580.0,0.1225084750890346,0.0003549388811707,0.000348810025413,-1.3366424645319e-06,-3.643535865412848e-06,1535919798175.5977,2654325155491.769,2635496649368.335,12.897066907834049,3.6346532847958986,19808860402137.65,34233009125524.348,33990176622275.867,0.0001053051277739,0.0001819847950295,0.0001806938824144,6.864323311206047e-05,0.0001186269365236,0.0001177854540865
541,541,0.02,1582,100000.0,17.15,2.43,0.81,1.68982661204537,,1634.0,0.2750175793409643,1582.0,0.1017251089433557,0.000397056830913,0.0004557807650316,3.4376662663887366e-08,-6.7717208172891215e-06,1498845807408.2556,2586362098734.1816,2569545264944.9062,15.551715957177452,4.276995277141191,23309624260419.49,40222368721923.336,39960838099533.46,0.0001028819583909,0.000177529934374,0.0001763756136389,6.705501167692603e-05,0.000115708060078,0.000114955712518
542,542,0.02,1584,100000.0,17.15,2.43,0.81,1.69092469073647,,1767.0,0.2983910582570985,1584.0,0.1049278032992333,0.0003556083912321,0.0004025919961671,-2.686229596788869e-06,5.41212174859292e-06,1626231267501.1873,2801950627699.1567,2785394081886.9595,15.09609417327403,4.504539515912057,24549740361720.715,42298510544610.75,42048571369845.695,0.0001117504081514,0.0001925428028122,0.0001914050797903,7.282863018801926e-05,0.0001254816766518,0.0001247402135056
543,543,0.02,1586,100000.0,17.15,2.43,0.81,1.69202198241605,,1713.0,0.2902402869276393,1586.0,0.1079926763566163,0.0003777969138285,0.0004054868421432,4.247663095997438e-06,-3.823907702347211e-06,1581809563755.6345,2721304770969.4507,2706843862979.389,14.686181077341466,4.262521409758855,23230741683185.76,39965574633090.6,39753199119805.78,0.0001088190304296,0.0001872094804998,0.0001862146565825,7.09120496746993e-05,0.0001219952790276,0.0001213470008472
544,544,0.02,1588,100000.0,17.15,2.43,0.81,1.69312149967812,,1674.0,0.284582506117909,1588.0,0.1131865403535812,0.0003551978357016,0.0003887730182671,3.395674122813932e-06,-5.223662890578306e-06,1550974658342.6042,2664228762831.75,2651661096038.824,14.029936731339944,3.9926745556804266,21760076328458.324,37378960980345.55,37202637410380.24,0.0001068125925993,0.0001834802263886,0.0001826147157461,6.96012451396178e-05,0.000119559425573,0.0001189954413373
545,545,0.02,1590,100000.0,17.15,2.43,0.81,1.69422018789828,,1730.0,0.2950845165204944,1590.0,0.1238922895774976,0.0004513118933258,0.000439917665068,-4.181865871474672e-06,-3.4397263816049894e-07,1608210615036.6948,2758671999083.3687,2747009650896.059,12.833728438002725,3.7870345512833534,20639338304494.28,35404047285758.055,35254375876172.69,0.000110889713251,0.0001902165948114,0.0001894124498604,7.224406198504524e-05,0.0001239251059747,0.0001234012097901
546,546,0.02,1592,100000.0,17.15,2.43,0.81,1.69532107747228,,1676.0,0.2867845948807576,1592.0,0.1329618951526754,0.0003891636384883,0.0005060117684339,4.790882649261026e-06,-2.869450000297922e-06,1562976042100.129,2677356763974.161,2667307991589.1685,11.97335520956559,3.433773823138676,18714067336105.785,32056943557795.69,31936626036610.098,0.0001078942891417,0.0001848214541022,0.0001841277741455,7.028294567400844e-05,0.0001203937328044,0.0001199418657862
547,547,0.02,1594,100000.0,17.15,2.43,0.81,1.69642109546972,,1746.0,0.2997093330458497,1594.0,0.130375563968073,0.0003965040331362,0.0004213114384011,-3.274770574407625e-06,9.812747623474658e-07,1633415865099.8806,2794130188645.805,2784972023097.6016,12.226217486509558,3.664311488555284,19970497612626.3,34161643372005.59,34049673648235.8,0.0001128734677441,0.0001930819765251,0.0001924491224396,7.352469787826909e-05,0.0001257717537475,0.000125359518646
548,548,0.02,1596,100000.0,17.15,2.43,0.81,1.69752021135639,,1733.0,0.2984174572344147,1596.0,0.1246429010839165,0.0003682807401838,0.0004952790397985,-2.43754343239708e-07,2.705208144706468e-06,1626375141927.5603,2778214015304.2134,2770433016852.2827,12.8045800131488,3.821110208478474,20825050636207.684,35573863652614.2,35474231235354.27,0.0001125154708321,0.0001922016943975,0.0001916633913444,7.328186200808891e-05,0.0001251818789219,0.0001248312795798
549,549,0.02,1598,100000.0,17.15,2.43,0.81,1.6986214823262,,1728.0,0.2984927120289931,1598.0,0.1266396219998569,0.0002919554581435,0.0004280773767168,4.002431666304747e-06,2.8756758876333614e-06,1626785280558.0125,2775041374244.1416,2768596442395.224,12.61848365278448,3.7665254072131553,20527563469311.69,35016814216700.28,34935488949521.4,0.0001126598871476,0.0001921801554199,0.0001917338240549,7.337459814811865e-05,0.0001251655938328,0.0001248749013301
550,550,0.02,1600,100000.0,17.15,2.43,0.81,1.69972180784833,,1717.0,0.297522864907204,1600.0,0.12383193154551,0.000355082374959,0.0003636281023493,-1.128945136470242e-05,-4.8848046144969706e-06,1621499613744.2617,2762164187773.7656,2757073877822.828,12.920738455993284,3.8442151221438055,20950972415683.74,35689201042735.945,35623430479199.94,0.0001124219113526,0.0001915065380388,0.0001911536163549,7.321035798109405e-05,0.0001247111175823,0.0001244812911855
551,551,0.02,1602,100000.0,17.15,2.43,0.81,1.70082426307364,,1737.0,0.3019326484118805,1602.0,0.1069562483803565,0.0003871577325431,0.0004450426061819,1.1452695223841236e-05,-3.451078138647873e-06,1645532933844.7488,2799186166605.697,2795417399378.724,14.978087061384077,4.522373494587415,24646935545501.41,41926454104442.08,41870005180802.38,0.0001142054597765,0.0001942728319697,0.0001940112669866,7.436932790295568e-05,0.0001265083120514,0.0001263379838374
552,552,0.02,1604,100000.0,17.15,2.43,0.81,1.70192572900666,,1675.0,0.2920696251709618,1604.0,0.134412680393325,0.0003752260952697,0.00048488819683,-1.2832111347177785e-06,1.1263862922830448e-05,1591779457181.7417,2703957200613.751,2701827513570.236,11.933397915332812,3.4853830561471915,18995337656002.19,32267397220953.285,32241982818027.89,0.000110596347934,0.0001878701160569,0.0001877221460551,7.201155679530149e-05,0.0001223260965239,0.0001222297502124
553,553,0.02,1606,100000.0,17.15,2.43,0.81,1.70302929882373,,1758.0,0.3075017012016152,1606.0,0.1280484387079923,0.0003447529460439,0.0003953764326121,-1.9713793679683184e-06,1.7638305820848836e-06,1675884271548.8027,2842835974750.9185,2842189828250.519,12.542128714762374,3.856725916479057,21019156244810.863,35655214710282.98,35647110657706.375,0.0001165635504632,0.000197729079643,0.0001976841379179,7.589196293666038e-05,0.000128737053085,0.0001287077925167
554,554,0.02,1608,100000.0,17.15,2.43,0.81,1.70413183499473,,1699.0,0.2981208084534047,1608.0,0.1166447631640039,0.0003122692949138,0.0004020740780696,3.6596939939994735e-06,-4.2579906710207645e-06,1624758406071.0557,2752241725781.026,2753162665629.0283,13.785445281749446,4.109728092285319,22398018102954.99,37940877712902.0,37953573278784.42,0.0001131399295732,0.0001916521458573,0.0001917162754345,7.365011699966255e-05,0.0001247588098991,0.0001248005559995
555,555,0.02,1610,100000.0,17.15,2.43,0.81,1.70523644878924,,1683.0,0.2962487559140921,1610.0,0.1247778931490302,0.0003537348186216,0.0004352610235642,-8.912429804756691e-07,1.5788490801677455e-06,1614555719731.802,2731114866833.0776,2733567681363.677,12.902926627211714,3.8224759609622834,20832493987244.445,35239374737234.3,35271023223152.77,0.0001125401505993,0.0001903682075888,0.0001905391772947,7.326069014369408e-05,0.0001239247166019,0.0001240360134021
556,556,0.02,1612,100000.0,17.15,2.43,0.81,1.70760246617569,,1691.0,0.2985968380196337,1612.0,0.1299871939238528,0.0003820554512049,0.0004037239159146,2.1358025342000828e-06,-7.263091805167657e-06,1627352767207.0037,2748887217819.2983,2752909318761.3213,12.401221622987862,3.7029655642048858,20181162324916.63,34089559604775.625,34139438569947.68,0.0001135604498759,0.000191823724643,0.0001921043961739,7.391346537707243e-05,0.0001248529417186,0.0001250356233256
557,557,0.02,1614,100000.0,17.15,2.43,0.81,1.70871175498269,,1714.0,0.3036626147725311,1614.0,0.1267024673120431,0.0003524920207083,0.00045197177332,3.28852215160586e-06,-5.227288751266401e-06,1654961250510.295,2791582506364.689,2797248982176.995,12.738504894502464,3.868207704557304,21081731989837.305,35560587420734.04,35632769850603.69,0.0001156174792467,0.0001950231356751,0.0001954190021338,7.524090157124387e-05,0.0001269160740317,0.000127173693809
558,558,0.02,1616,100000.0,17.15,2.43,0.81,1.70982310133047,,1662.0,0.2954269237413854,1616.0,0.1236417478478415,0.0003341109027096,0.0004370556677106,-6.335138026909156e-06,-1.9558178475993178e-06,1610076734390.5503,2712038004915.972,2719084191242.3213,13.07001905204959,3.8612355217883088,21043733593746.28,35446388394134.31,35538482183663.99,0.0001125961663323,0.0001896587136369,0.000190151468765,7.327190017250161e-05,0.0001234203151413,0.0001237409753
559,559,0.02,1618,100000.0,17.15,2.43,0.81,1.71093331264808,,1665.0,0.2969292557205694,1618.0,0.1255101328579257,0.0004124384848089,0.0003963244090541,1.3832345084421876e-07,-7.123405349674454e-06,1618264443677.1033,2721976548088.0454,2730599756143.165,12.891389429342205,3.827830668458597,20861677143099.35,35090059698939.61,35201224832108.4,0.0001132920307021,0.0001905610988744,0.0001911647954801,7.371663563043404e-05,0.0001239939208786,0.0001243867329982
560,560,0.02,1620,100000.0,17.15,2.43,0.81,1.7120423565671,,1715.0,0.3068022304560002,1620.0,0.1156625172411622,0.0003587899174618,0.000422381030902,-2.823699695691075e-06,-5.140137293827689e-07,1672072155985.201,2808501901863.7983,2819004268601.874,14.00626614949264,4.297153695024716,23419487637884.7,39336625118860.62,39483724062593.69,0.0001171733366435,0.0001968106087007,0.0001975465801413,7.624240372008577e-05,0.0001280608226648,0.00012853970492
561,561,0.02,1622,100000.0,17.15,2.43,0.81,1.713153407462,,1735.0,0.3113474300924074,1622.0,0.1346543367681079,0.0004030681358773,0.0003591775179627,-1.6119707012458828e-06,1.7814760153299356e-06,1696843494003.6204,2846069116487.4634,2858343099516.73,12.045657339602013,3.750384456458832,20439595287700.64,34282773342031.832,34430621535794.465,0.0001190428034078,0.0001996672336113,0.000200528320302,7.744614527277617e-05,0.0001298982982406,0.000130458498799
562,562,0.02,1624,100000.0,17.15,2.43,0.81,1.71426324443028,,1740.0,0.3132306559731514,1624.0,0.1256344052515032,0.0003680699705212,0.0004756572349364,-2.190710887176832e-06,-1.5018357179896109e-06,1707107075053.6753,2858882291461.846,2873193477213.998,12.926395414926104,4.048943315185641,22066741067761.742,36955042944165.85,37140034990054.62,0.000119879429999,0.0002007613842992,0.0002017663691743,7.798940996071422e-05,0.0001306084113389,0.0001312622197314
563,563,0.02,1626,100000.0,17.15,2.43,0.81,1.71537506027559,,1665.0,0.3006922356619431,1626.0,0.1158859955294246,0.0003520709491554,0.0004975855791746,-2.7547460030428914e-06,1.8884839539815773e-06,1638772684357.5898,2740186585426.9253,2755840335552.261,14.031031036767006,4.219022091087583,22993670396427.324,38447643026657.8,38667281280508.18,0.0001152053821405,0.0001926345525061,0.0001937350079154,7.493950890470662e-05,0.0001253061141299,0.000126021945165
564,564,0.02,1628,100000.0,17.15,2.43,0.81,1.71648561514854,,1714.0,0.3105326752872754,1628.0,0.1055759751866389,0.0003784669649483,0.0004421215986606,3.5335242398450302e-06,1.2679417633042813e-06,1692403080315.6511,2825466002371.726,2843610152572.035,15.420174875221324,4.788468157400106,26097151457830.58,43569179860564.52,43848965829615.57,0.0001190998574869,0.0001988371459084,0.0002001140082164,7.746643830414773e-05,0.0001293301757122,0.0001301606886724
565,565,0.02,1630,100000.0,17.15,2.43,0.81,1.71759812034631,,1721.0,0.3127968024481375,1630.0,0.1121562858238576,0.0003722109385745,0.0004238563776658,3.691024225034734e-06,-5.050216850778133e-06,1704742573342.35,2841638931588.94,2861891289843.518,14.533291540698205,4.545967122976966,24775520820224.465,41298367046180.23,41592700473080.67,0.0001201022524102,0.0002001986936662,0.0002016255095862,7.810640447094277e-05,0.0001301957276258,0.0001311236324661
566,566,0.02,1632,100000.0,17.15,2.43,0.81,1.71871257084265,,1706.0,0.3110580175128468,1632.0,0.1246322206479817,0.0003693391767017,0.0004398637257722,3.4689535628076023e-06,3.810182096790161e-06,1695266195445.0154,2821439503741.15,2843340573902.792,13.094527173751583,4.073157662935269,22198709262997.21,36945416250834.67,37232200409200.53,0.0001195457080284,0.0001989604842238,0.0002005048900204,7.774538899816446e-05,0.0001293920166299,0.000130396405925
567,567,0.02,1634,100000.0,17.15,2.43,0.81,1.71982569825891,,1802.0,0.3296049466344843,1634.0,0.1346345974261567,0.0004056884074703,0.0004129586003199,-8.167408137714041e-06,-3.7497066805702856e-06,1796346959157.9397,2985002916243.905,3010076153293.448,12.136553540008194,4.000268081880964,21801461046251.25,36227647710074.75,36531950393947.84,0.0001268147863409,0.0002107290605085,0.0002124991290262,8.24586551166335e-05,0.00013702215195,0.0001381731018798
568,568,0.02,1636,100000.0,17.15,2.43,0.81,1.72094074179651,,1619.0,0.2970825032108533,1636.0,0.1114604624358435,0.0003502201092299,0.0004123032159996,-7.145025531640627e-06,-4.190435317639443e-06,1619099642499.1506,2686264349099.264,2710545743625.1265,14.677850461473543,4.360532556849138,23764902434827.805,39428586416066.56,39784985093913.21,0.0001144247755997,0.0001898432852921,0.0001915592964917,7.439252033603458e-05,0.0001234253717145,0.0001245410251855
569,569,0.02,1638,100000.0,17.15,2.43,0.81,1.72205441394641,,1736.0,0.319571589427587,1638.0,0.1232539800441827,0.0003976870742946,0.0004194772569435,2.5290081438216667e-06,-6.465414941884601e-06,1741665162380.3496,2885090275173.0474,2913019263845.459,13.289631697190044,4.246988724378263,23146088547861.53,38341787170194.48,38712953143325.82,0.0001232051856193,0.000204090941565,0.0002060666348888,8.009961314752428e-05,0.0001326860179147,0.0001339704790365
570,570,0.02,1640,100000.0,17.15,2.43,0.81,1.72316997258232,,1704.0,0.3146849766385964,1640.0,0.1257827899207768,0.0004083352474678,0.0004198429936793,1.2259717871526416e-05,2.1122143733843203e-06,1715033122680.3506,2836680982762.5654,2865803140965.797,13.038349690231383,4.102972767676314,22361201583835.91,36985638612887.55,37365343495275.52,0.0001214513461861,0.0002008816736546,0.0002029439809482,7.894937774730935e-05,0.0001305830164415,0.0001319236181117
571,571,0.02,1642,100000.0,17.15,2.43,0.81,1.72428741222392,,1704.0,0.3157028810911557,1642.0,0.098298243849058,0.0003569043721145,0.0004203267989579,6.754103462820688e-06,-5.055129479894027e-06,1720580701946.7988,2841760164079.855,2872391697035.456,16.70426587194553,5.273584862285871,28741037499458.0,47469517325093.45,47981194595649.07,0.0001219611073645,0.000201434443664,0.0002036057197194,7.927818088247376e-05,0.0001309381048256,0.0001323494958796
572,572,0.02,1644,100000.0,17.15,2.43,0.81,1.7254034165603,,1688.0,0.3137468814541027,1644.0,0.1128290629912953,0.0003495837670019,0.000439519815642,-3.944639344805339e-06,-5.593230207787097e-06,1709920503924.86,2820082290870.085,2851930446073.9155,14.57071393145251,4.571516056553074,24914762508214.254,41090612323423.26,41554662682142.77,0.0001213350891142,0.0002001116047715,0.0002023715336634,7.886010507443911e-05,0.0001300598391949,0.0001315286495051
573,573,0.02,1646,100000.0,17.15,2.43,0.81,1.72784786302655,,1795.0,0.3347582703974749,1646.0,0.1179094874560178,0.0003360238094678,0.0004406228889264,-1.3074504546473847e-05,1.2317984353527246e-06,1824432573666.2383,3004597216987.724,3040078810714.988,13.959860529577702,4.673178765871409,25468824273999.184,41943758096705.94,42439076196505.664,0.0001295846226411,0.0002134085973752,0.0002159287611786,8.421945477445423e-05,0.0001386982139455,0.0001403361152422
574,574,0.02,1648,100000.0,17.15,2.43,0.81,1.72896805375016,,1663.0,0.311245211403151,1648.0,0.1296194109513635,0.0003417159968693,0.0005437937815294,5.513399806082255e-06,3.877614292018765e-06,1696286402147.1729,2789518832468.154,2823903429361.434,12.714145110707,3.957216782792339,21566831466218.246,35466347225050.08,35903517979524.41,0.000120606739125,0.0001983360649982,0.0002007808255658,7.837676605099417e-05,0.0001288894756513,0.0001304782129677
575,575,0.02,1650,100000.0,17.15,2.43,0.81,1.73009007495967,,1699.0,0.319111097890835,1650.0,0.0965369190362253,0.0003030218466626,0.0004080557972979,-7.494279739480251e-06,-4.956951774475643e-06,1739155483505.0508,2855875634009.979,2892559660884.848,17.09190656251253,5.454217068210942,29725483021749.63,48812359490654.8,49439359450336.75,0.0001237772311203,0.0002032551900934,0.0002058660246714,8.043230155046344e-05,0.0001320782715311,0.0001337748310048
576,576,0.02,1652,100000.0,17.15,2.43,0.81,1.73121056259185,,1744.0,0.3286063164229738,1652.0,0.131392632456027,0.0004157099872486,0.0003869889473595,6.598788972861516e-08,6.247693705272498e-06,1790904424505.2075,2936588817972.125,2975837400933.1206,12.573003288847811,4.131568297122215,22517047219316.074,36921740866357.25,37415213429008.45,0.0001275957855441,0.0002092218612686,0.0002120181879212,8.290103488348832e-05,0.0001359348096448,0.0001377516280638
577,577,0.02,1654,100000.0,17.15,2.43,0.81,1.7323328494487,,1756.0,0.3318619693831763,1654.0,0.1263851876522039,0.000381135752869,0.0004710815409616,-9.931531373357025e-07,-6.158198212685644e-06,1808647733138.3108,2961376697653.341,3002501743167.8164,13.086976652292504,4.343069845101438,23669730655802.84,38755467700832.34,39293670211304.76,0.0001289967683733,0.0002112119551719,0.0002141450846439,8.379871294292751e-05,0.0001372072356909,0.0001391126514447
578,578,0.02,1656,100000.0,17.15,2.43,0.81,1.73345355195881,,1703.0,0.322810215382558,1656.0,0.1310176794809194,0.0003633148707754,0.0003406700967163,8.30899964447975e-06,8.735032284765402e-06,1759315673834.9412,2876414403783.9263,2917864769960.259,12.639515571951256,4.080164744112781,22236897855414.656,36356484648011.83,36880397196760.66,0.0001255926809002,0.000205339270106,0.0002082982971242,8.158744074888104e-05,0.0001333923713794,0.0001353146127058
579,579,0.02,1658,100000.0,17.15,2.43,0.81,1.73457602196547,,1764.0,0.3353189239929631,1658.0,0.1294671583359559,0.0003844641670826,0.0004152693091703,4.188540693380641e-06,-6.760809708328682e-07,1827488135761.6487,2983143695047.935,3028082337111.0034,12.806336535923927,4.294206987517783,23403428081971.92,38203142093803.48,38778641467530.56,0.0001305974657559,0.0002131838773315,0.0002163953196677,8.482632356667644e-05,0.0001384682654678,0.0001405541776648
580,580,0.02,1660,100000.0,17.15,2.43,0.81,1.73570025312257,,1696.0,0.3232979244329621,1660.0,0.1348398401610211,0.0003099567085936,0.0003774598295287,9.477073978066912e-07,-1.951452443836244e-06,1761973688159.6436,2871623134097.4585,2916781354804.853,12.310901570468229,3.980088925630872,21691484644688.254,35352269751353.3,35908208161579.52,0.0001260300173733,0.0002054007479862,0.0002086308140074,8.18601243325951e-05,0.000133413698725,0.0001355117195902
581,581,0.02,1662,100000.0,17.15,2.43,0.81,1.73682623902021,,1718.0,0.3284089768501143,1662.0,0.1251058652680967,0.0003773662888003,0.0003773671221637,1.554018512547313e-07,9.80283625939077e-07,1789828923833.123,2912372094266.3,2960103771374.9067,13.284748852009471,4.362830778199162,23777427741185.43,38690131835928.64,39324235178601.7,0.0001281528536942,0.0002085276363174,0.0002119452538068,8.322857886094863e-05,0.0001354277983177,0.0001376473622098
582,582,0.02,1664,100000.0,17.15,2.43,0.81,1.73795055690221,,1781.0,0.3414052319268955,1664.0,0.1176851973514203,0.0003585184466323,0.000407484099784,-1.0221963907940432e-05,-4.808897989529864e-06,1860658514001.5803,3022791702074.6787,3074345416870.664,14.13941631954885,4.827270707886506,26308625357981.46,42740510322911.56,43469449759231.27,0.0001333498900851,0.0002166377861326,0.0002203325437411,8.659961360461908e-05,0.0001406881442441,0.000143087580652
583,583,0.02,1666,100000.0,17.15,2.43,0.81,1.7390765969679,,1736.0,0.3337082779523735,1666.0,0.1201565065543945,0.000343456302015,0.0004041144833521,5.476616679627961e-06,7.7655620003364e-06,1818710114840.4355,2949919241381.114,3002200233029.8545,13.865249979166178,4.626948693926728,25216870381900.664,40901367700101.39,41626256718469.88,0.0001304759174615,0.0002116298888515,0.0002153805747335,8.472302079610573e-05,0.0001374194090608,0.0001398548733531
584,584,0.02,1668,100000.0,17.15,2.43,0.81,1.74020435253577,,1765.0,0.3402152519217705,1668.0,0.1132832146304281,0.000345592657371,0.0004624417477929,1.543969488934924e-06,4.210277321376644e-06,1854173122973.6487,3002623712437.056,3057850526173.683,14.724158432841396,5.0093832705651975,27301138824580.324,44211107256129.62,45024275611328.74,0.0001331450677684,0.0002156133819016,0.0002195791269372,8.645243895151697e-05,0.0001399999492914,0.0001425749476472
585,585,0.02,1670,100000.0,17.15,2.43,0.81,1.74133037124227,,1759.0,0.3399705790076535,1670.0,0.1387553536719679,0.0003766577638497,0.0003846352610946,-5.520941093593544e-06,-7.320343127490825e-06,1852839655591.712,2995651805150.2603,3052763911579.041,12.035571643225053,4.091740260235317,22299984418282.48,36054381919042.414,36741758767661.5,0.0001331791000762,0.0002153225781559,0.0002194277034509,8.646775288484335e-05,0.0001398001598438,0.0001424654501135
586,586,0.02,1672,100000.0,17.15,2.43,0.81,1.74245461683311,,1715.0,0.3323555392307815,1672.0,0.1308815794641304,0.0004122112753949,0.0004185273794331,-8.448104594475448e-06,9.100735859061672e-06,1811337688807.7595,2923847146941.4023,2981561884471.037,12.77490695669844,4.245811090216572,23139670441680.32,37351875257784.6,38089175659755.96,0.0001303179635508,0.0002103582387081,0.0002145105660782,8.46051013674306e-05,0.0001365688936846,0.0001392646699881
587,587,0.02,1674,100000.0,17.15,2.43,0.81,1.74358051810431,,1674.0,0.3252625222822689,1674.0,0.1061733766864563,0.0003869732262568,0.0004931669994108,-2.7001562338630986e-06,-8.554934263158506e-06,1772680746438.3655,2857027644599.848,2915167845726.8154,15.76666441478581,5.1283050355313256,27949262443645.727,45045796096171.74,45962473136348.79,0.0001276703009297,0.0002057660861289,0.0002099534035514,8.287218305093587e-05,0.000133565007924,0.0001362830412755
588,588,0.02,1676,100000.0,17.15,2.43,0.81,1.74470806795702,,1703.0,0.3317566902860521,1676.0,0.133424627975728,0.0003973440153187,0.000447855984549,8.205712384541944e-06,-1.5508755903060178e-06,1808073962058.9844,2909765967705.103,2970554142371.074,12.561399086718003,4.167328186371804,22711938615726.33,36550731569294.01,37314316091026.4,0.0001303506599356,0.0002097756630026,0.0002141581046783,8.460107927746636e-05,0.0001361500394775,0.0001389943618293
589,589,0.02,1678,100000.0,17.15,2.43,0.81,1.74583725922556,,1710.0,0.3339832663733504,1678.0,0.1260806993379901,0.0003696163526752,0.0004294499206935,2.236400963487502e-06,-5.833552414417034e-06,1820208801734.76,2924961007188.5234,2987654291507.95,13.30893633054581,4.444962027630642,24225043050587.0,38928119814001.2,39762500743361.26,0.0001313429501383,0.0002110598560767,0.0002155836892262,8.524378338455616e-05,0.0001369813959076,0.0001399174396973
590,590,0.02,1680,100000.0,17.15,2.43,0.81,1.74696458987926,,1651.0,0.3232898932822672,1680.0,0.1238400621118671,0.0002623407633961,0.0004142941791306,-2.522016902955598e-06,3.401840464674696e-07,1761929918388.3562,2827115489980.2065,2889250676846.033,13.565884668908057,4.38571340689083,23902138067555.02,38352322682754.97,39195241461657.82,0.000127260731756,0.0002041969900498,0.0002086848923584,8.258710982311763e-05,0.0001325156551443,0.0001354281237096
591,591,0.02,1682,100000.0,17.15,2.43,0.81,1.74809352760542,,1816.0,0.3565119433715066,1682.0,0.1370893951241214,0.0003659522632995,0.0003753605217061,6.625218433367409e-06,-2.310858608487312e-06,1942990091374.711,3113010595273.488,3183129063704.34,12.26936626627544,4.374175611526662,23839257082820.31,38194667184206.55,39054976355414.95,0.0001404635325428,0.0002250471924671,0.0002301162290083,9.11525765570474e-05,0.0001460424002511,0.0001493319070222
592,592,0.02,1684,100000.0,17.15,2.43,0.81,1.74922406495991,,1764.0,0.3471977284965368,1684.0,0.1393718175277172,0.0003838741933442,0.0003820984903727,7.731635202446397e-06,1.7998232488551746e-06,1892227620306.1248,3027174973907.0,3097017897729.444,12.082787107695564,4.19511623769914,22863383495460.31,36576710747462.16,37420607926987.74,0.000136930917957,0.000219061302956,0.0002241154812003,8.884782275329973e-05,0.0001421382410015,0.0001454176518133
593,593,0.02,1686,100000.0,17.15,2.43,0.81,1.75176443815605,,1747.0,0.3447783240453927,1686.0,0.1087696988233801,0.0004044230987452,0.0004280427307134,2.211742847333499e-06,8.644512391417275e-06,1879041866047.3904,3001606625936.06,3072508379944.376,15.500640511450902,5.344284857168162,29126352471566.484,46526825265423.945,47625847865938.18,0.0001360976178805,0.000217404156334,0.0002225395181364,8.830498924044318e-05,0.0001410595716873,0.0001443915776091
594,594,0.02,1688,100000.0,17.15,2.43,0.81,1.75289859354994,,1704.0,0.3371958785241749,1688.0,0.1137302529732551,0.0003041319912426,0.0003292273864641,-5.0133746985432535e-06,-2.2784124726455835e-06,1837717537956.7527,2931219127809.9937,3002268296508.9023,14.842137038039926,5.004707437718068,27275655535563.48,43505555983479.8,44560077481747.81,0.0001332326007032,0.0002125103230301,0.0002176613134995,8.64377081529568e-05,0.0001378709503875,0.0001412127736991
595,595,0.02,1690,100000.0,17.15,2.43,0.81,1.75403431588114,,1706.0,0.3385104762885826,1690.0,0.1316888953479065,0.0002729209821534,0.0004211286120214,1.1351417052847144e-05,-5.714869646652724e-06,1844882095772.776,2938254308382.746,3011337476258.2563,12.833276454595657,4.3441985249882284,23675881961185.848,37707429833382.53,38645326330906.586,0.0001338755301289,0.0002132170690418,0.0002185204149115,8.684985998497215e-05,0.0001383215631329,0.0001417620338881
596,596,0.02,1692,100000.0,17.15,2.43,0.81,1.75517159735242,,1717.0,0.3416385068726409,1692.0,0.1304232945556123,0.0003627449627903,0.0004911206908722,2.534633318865501e-06,5.697244852578721e-06,1861929862455.893,2960972320436.921,3036504088653.7583,12.97314261049075,4.432125070893895,24155081636371.727,38413116178743.89,39393000579443.45,0.000135247275844,0.0002150797665711,0.0002205662599654,8.772649140445381e-05,0.0001395088601645,0.000143067607005
597,597,0.02,1694,100000.0,17.15,2.43,0.81,1.75630685568602,,1801.0,0.3593439523423716,1694.0,0.1490732028282764,0.0003363180147897,0.0004338741158947,-4.268959825946489e-06,-2.8404642796944364e-06,1958424540265.9253,3109762082021.7607,3191073460633.6045,11.363544673762652,4.083421055688977,22254644753504.93,35337920343827.44,36261905827168.35,0.0001423767915053,0.0002260786353928,0.0002319899446936,9.235098500192044e-05,0.0001466431743943,0.0001504774737263
598,598,0.02,1696,100000.0,17.15,2.43,0.81,1.75744363720894,,1772.0,0.3545240907323309,1696.0,0.1311525926444119,0.0003219164393126,0.0004573617978046,8.922191218446974e-06,-8.395337161408283e-06,1932156294491.204,3063450661534.979,3145511567365.8813,12.931501892595351,4.584528950275783,24985682779003.02,39615018027512.06,40676188786572.47,0.0001406066885875,0.0002229331314437,0.0002289048596441,9.118942998432176e-05,0.0001445816367997,0.0001484545570433
599,599,0.02,1698,100000.0,17.15,2.43,0.81,1.75858193383823,,1802.0,0.3615038724147929,1698.0,0.1352610189881034,0.0004425809003738,0.0004323096057187,1.2555085694226669e-05,8.856034442423051e-07,1970196104660.621,3119072197420.961,3204625078797.456,12.55350590068632,4.538140995480057,24732868425366.312,39155291234990.67,40229279836171.22,0.0001435118326081,0.0002271975698408,0.0002334293610631,9.306354070395428e-05,0.0001473314771644,0.0001513726251696
600,600,0.02,1700,100000.0,17.15,2.43,0.81,1.75971452816092,,1741.0,0.3502110900044267,1700.0,0.1420513554287481,0.0004190081280386,0.0004139790210942,-3.4698861744041306e-07,5.423589408906431e-06,1908650440524.1248,3017093167821.647,3101791284748.514,11.967502843383334,4.191152215412353,22841779573997.32,36107071064657.99,37120696019809.49,0.0001391457290799,0.0002199541726578,0.00022612889223,9.023285382456568e-05,0.0001426352992706,0.0001466394650631
601,601,0.02,1702,100000.0,17.15,2.43,0.81,1.76085219547323,,1795.0,0.3620214097449982,1702.0,0.1098052801698941,0.0003728321252879,0.0004044630703576,-3.3075087007928774e-07,3.646443375975241e-06,1973016683110.2405,3114142272278.9585,3203575767572.761,15.500165359685925,5.611391714794086,30582084845627.77,48269720173911.92,49655954139660.56,0.0001439751405482,0.0002272454537139,0.000233771602309,9.335340200531823e-05,0.000147345827298,0.0001515773784605
602,602,0.02,1704,100000.0,17.15,2.43,0.81,1.76199133287253,,1799.0,0.3637753056357048,1704.0,0.143389515700619,0.0003925551808202,0.0004285205853297,4.295883827909495e-06,5.390358905558661e-06,1982575415714.591,3124509060583.38,3216264007778.3022,11.883714033582184,4.323001704653673,23560359290362.52,37130772171309.4,38221161724940.29,0.0001447993630758,0.0002282016201305,0.0002349030337603,9.388376640782367e-05,0.0001479594049526,0.0001523044099199
603,603,0.02,1706,100000.0,17.15,2.43,0.81,1.7631282969213,,1721.0,0.3489087824350941,1706.0,0.1365103263358378,0.0003340490328172,0.0003776258416713,4.058081315952217e-06,-4.991298971838623e-06,1901552864271.2627,2992291257434.644,3082107431793.3423,12.497223073095292,4.360390886253443,23764130330081.26,37395331343833.55,38517784110366.23,0.0001390136221405,0.000218752396534,0.0002253184363002,9.012201391254037e-05,0.0001418163646143,0.0001460731037601
604,604,0.02,1708,100000.0,17.15,2.43,0.81,1.76426669375802,,1776.0,0.3609924924171986,1708.0,0.1336799315640746,0.0003625594850782,0.0003741814432136,-2.173307159429108e-06,-5.249182878100379e-06,1967409083673.7324,3091014348122.502,3186039082878.293,12.776786911963162,4.6123241524330245,25137166630759.98,39493231667781.93,40707342455122.5,0.0001439482214891,0.0002261583631498,0.0002331109800097,9.332095085393126e-05,0.0001466173966886,0.0001511247453004
605,605,0.02,1710,100000.0,17.15,2.43,0.81,1.76540651472192,,1716.0,0.3496984981438497,1710.0,0.1196698891226333,0.0003513665041041,0.0004188371887043,-2.589442777659683e-06,-4.926847127053327e-06,1905856814883.9807,2989358836824.0493,3083638190965.811,14.289308802213853,4.996949827647875,27233376560680.92,42715871540005.65,44063058345010.56,0.0001395713976145,0.0002189193792359,0.0002258237285663,9.047676266741268e-05,0.0001419138667159,0.000146389591588
606,606,0.02,1712,100000.0,17.15,2.43,0.81,1.7665440855632,,1739.0,0.3552964503653154,1712.0,0.1173238718868106,0.000316457774523,0.0004677935436247,1.430520825182639e-05,-1.4491977403193758e-06,1936365654490.9688,3032182887864.7705,3130234677584.153,14.592085757719191,5.184516273143904,28255613688634.28,44245872732811.375,45676652857094.445,0.0001419290120549,0.000222248685648,0.0002294355481152,9.200005580208184e-05,0.0001440642134086,0.0001487228222332
607,607,0.02,1714,100000.0,17.15,2.43,0.81,1.76768671827679,,1687.0,0.3455515358906053,1714.0,0.1357965506113032,0.0004292749206406,0.0004402129772415,-2.241085974015937e-06,-4.360557107870442e-07,1883255870603.7983,2944126033755.675,3041689645093.0444,12.62182280981541,4.3614902576707895,23770121904305.8,37160237127828.75,38391667742814.73,0.0001381716445758,0.000216006089386,0.0002231641844912,8.954972880074818e-05,0.0001399946188902,0.0001446338158642
608,608,0.02,1716,100000.0,17.15,2.43,0.81,1.76882706269645,,1768.0,0.3630643881102313,1716.0,0.153804072208004,0.0003796084901541,0.0005142812067678,5.588092091893364e-06,3.93428218736401e-06,1978700915200.7607,3088197518023.879,3192841339356.2344,11.157051795607128,4.05072818328626,22076468598910.12,34455179663657.8,35622696198353.15,0.0001452893006806,0.0002267558751858,0.0002344395162581,9.416502238605028e-05,0.0001469652064055,0.0001519451342473
609,609,0.02,1718,100000.0,17.15,2.43,0.81,1.76996877531212,,1777.0,0.3658580515242983,1718.0,0.1404439673042361,0.0004129168980605,0.0003628767802707,-5.09819405924415e-06,1.2861811780196003e-06,1993926380807.4253,3106781274006.105,3214301855755.1045,12.232636495367508,4.475408553200178,24390976614940.97,38004125995531.45,39319386187837.41,0.0001465449626153,0.0002283349826932,0.0002362372802827,9.496714514637224e-05,0.0001479704321215,0.0001530914450091
610,610,0.02,1720,100000.0,17.15,2.43,0.81,1.77259284131932,,1782.0,0.367846450175084,1720.0,0.1235712829166004,0.0004443254631885,0.0004553897065538,2.52891311291253e-07,-1.4079102548254207e-06,2004763153454.208,3118459216563.927,3228646979612.083,13.919091551075388,5.120088416725086,27904481871151.72,43406119333648.125,44939832895323.62,0.0001474797974669,0.0002294085128586,0.0002375144424542,9.55613835612241e-05,0.0001486481217497,0.0001539004604463
611,611,0.02,1722,100000.0,17.15,2.43,0.81,1.77374138198766,,1763.0,0.3648731538655448,1722.0,0.1220605652697486,0.0003810922834605,0.000372510562525,-1.596148226937011e-06,-3.305977009556591e-06,1988558688567.2195,3088087779726.413,3199450880312.4014,14.107750494145703,5.147539416747142,28054089821271.93,43565971900400.62,45137054737722.2,0.0001464084458379,0.0002273617243686,0.0002355608781447,9.48651122589309e-05,0.0001473186562576,0.000152631284494
612,612,0.02,1724,100000.0,17.15,2.43,0.81,1.77488753521596,,1755.0,0.3641753110617146,1724.0,0.1334612561599897,0.000350922013982,0.0004411601070642,-2.697029671964201e-07,-6.816481763456558e-06,1984755445286.3445,3077047747455.061,3190238653535.7334,12.917606574400256,4.704273392405063,25638289988607.6,39748092212269.0,41210247804819.016,0.0001462597744869,0.0002267525254545,0.0002350937427247,9.475980301312882e-05,0.0001469100080331,0.000152314174067
613,613,0.02,1726,100000.0,17.15,2.43,0.81,1.7760350086535,,1753.0,0.3647187281542809,1726.0,0.1107273870768494,0.0003977291172257,0.0004520000680023,5.839709457498877e-06,-1.1850112814572644e-05,1987717068440.831,3076906675426.134,3191901389533.21,15.58783283490726,5.685174566228915,30984201385947.586,47962306905152.82,49754825285551.88,0.0001465984784873,0.0002269285927191,0.0002354097042364,9.49775647325452e-05,0.0001470214788518,0.0001525161833429
614,614,0.02,1728,100000.0,17.15,2.43,0.81,1.77718003434402,,1802.0,0.3758957364782633,1728.0,0.128570168483975,0.0004013623727285,0.0004717281192712,8.511838950417773e-06,8.692218876701295e-06,2048631763806.536,3166322561300.0264,3286526361210.4966,13.440131722432778,5.052088212168739,27533880756319.63,42555792299583.086,44171347203916.76,0.0001512264445742,0.0002337324412226,0.0002426056773043,9.796703449435024e-05,0.0001514158069123,0.000157164038498
615,615,0.02,1730,100000.0,17.15,2.43,0.81,1.77833010926413,,1740.0,0.3638936155889515,1730.0,0.1188989417587436,0.0004208839446251,0.0004245290145589,-7.783999704267097e-07,7.004099577449345e-06,1983220204959.786,3060501927940.3115,3178498901576.754,14.55017155249642,5.294714533677431,28856194208542.0,44530828088277.58,46247704297363.21,0.000146517845435,0.0002261060810645,0.0002348235509158,9.491544250475176e-05,0.0001464733437318,0.0001521205910415
616,616,0.02,1732,100000.0,17.15,2.43,0.81,1.77947769639619,,1730.0,0.362727950987089,1732.0,0.1298046010078906,0.0003742012494564,0.000385635780138,-3.6973951863469422e-06,8.640890881341111e-08,1976867332879.635,3045991421459.14,3165236396283.075,13.343132574281515,4.839927138418216,26377602904379.28,40643067356653.51,42234168864546.14,0.0001461734592871,0.0002252265974698,0.0002340438054749,9.468562611561882e-05,0.000145893252464,0.0001516047055871
617,617,0.02,1734,100000.0,17.15,2.43,0.81,1.78062275472535,,1792.0,0.3766830193674644,1734.0,0.1272165819245856,0.0003718596031234,0.0004720016323061,-2.8360323502023785e-06,1.1838487080238934e-06,2052922455552.681,3158290624846.641,3283811795576.314,13.63029861176368,5.134302035959302,27981946095978.2,43048444319393.42,44759335358537.03,0.0001519210795594,0.0002337209181922,0.0002430097794023,9.840562747833754e-05,0.0001513907989346,0.0001574075822447
618,618,0.02,1736,100000.0,17.15,2.43,0.81,1.78177284335096,,1782.0,0.3755259798922905,1736.0,0.1370925134624485,0.0003820959031781,0.0004266102420265,-2.827282618732576e-06,1.538785974319994e-07,2046616590412.9832,3143716619439.4365,3270535584032.338,12.662981778910297,4.755278640883508,25916268592815.12,39808826270019.055,41414732507879.234,0.0001515949641164,0.0002328582746512,0.0002422518838288,9.81804474649628e-05,0.0001508106138909,0.0001568943829511
619,619,0.02,1738,100000.0,17.15,2.43,0.81,1.7829241730651,,1792.0,0.3785835978794318,1738.0,0.14492389375323,0.0003308127683907,0.0004748831405428,3.700879513636388e-06,-6.474543569101292e-06,2063280608442.904,3164400966894.2563,3293949577913.553,11.992501408769694,4.540164330906185,24743895603438.707,37949083053391.55,39502694953544.63,0.0001529421561794,0.0002345634931636,0.0002441663769489,9.905769282382627e-05,0.0001519222628601,0.0001581418659832
620,620,0.02,1740,100000.0,17.15,2.43,0.81,1.7840729127297,,1815.0,0.3844009625587706,1740.0,0.1116284650770467,0.0004353368022723,0.0004176714847507,2.388516432906264e-07,-2.542932393531956e-06,2094985245945.3,3208037567749.55,3341299974295.263,15.58742206836796,5.991820046890466,32655419255553.04,50005035579692.805,52082252956367.28,0.0001554301047983,0.0002380091298099,0.0002478960680856,0.0001006589844635,0.0001541384619847,0.0001605413989677
621,621,0.02,1742,100000.0,17.15,2.43,0.81,1.78522668397861,,1720.0,0.3651866372741047,1742.0,0.1486500592218362,0.000360743186106,0.0004286381579524,9.577939321254423e-06,2.418917816179671e-07,1990267173143.8708,3042698232546.5684,3171183054066.035,11.71879788759684,4.2795483934663725,23323538744391.73,35656765620161.37,37162453275171.95,0.0001477917549456,0.0002259423848345,0.0002354833135663,9.57099412998777e-05,0.0001463202896374,0.0001524989951356
622,622,0.02,1744,100000.0,17.15,2.43,0.81,1.78637782384419,,1802.0,0.3835457183491749,1744.0,0.1374055185403904,0.0003676034733013,0.0004398076318162,-6.428004936879589e-06,-9.878072736260956e-06,2090324165003.0032,3190234860448.673,3327350797576.866,12.692357763544631,4.868099475963453,26531142144000.816,40491602198546.44,42231926727661.17,0.0001553415144675,0.0002370808906228,0.0002472706007585,0.000100608280799,0.0001535474975741,0.0001601469518289
623,623,0.02,1746,100000.0,17.15,2.43,0.81,1.78753014313729,,1816.0,0.3874746975579943,1746.0,0.1261433592685534,0.0004386588270758,0.000465131766415,1.5554890249701782e-06,4.456835720277736e-06,2111737101691.0688,3217430099448.8096,3358144649803.8804,13.84139450641112,5.3631901501525325,29229386318331.3,44533719303272.54,46481404907529.33,0.0001570655171196,0.0002393040885447,0.0002497700710764,0.0001017266344857,0.0001549900958068,0.0001617685994469
624,624,0.02,1748,100000.0,17.15,2.43,0.81,1.78867976819407,,1769.0,0.3783700536394364,1748.0,0.1357436932278233,0.0003858502125888,0.0003428803688094,-5.93747322003408e-06,6.141175748236186e-06,2062116792334.9285,3136472772387.9985,3276023364524.417,12.877209676815491,4.872350516142949,26554310312979.062,40389017535663.055,42186039771127.484,0.0001534928227982,0.0002334620722032,0.0002438494636399,9.94221495536347e-05,0.0001512207583034,0.0001579489998333
625,625,0.02,1750,100000.0,17.15,2.43,0.81,1.78983440448888,,1734.0,0.3717883716824045,1750.0,0.1412502668763409,0.0003738538920983,0.0004294040224375,-3.065208182525903e-06,-5.769273389607234e-06,2026246625669.104,3076651418543.78,3215879750705.4697,12.389357122645698,4.606218910820244,25103893063970.33,38117733166233.36,39842682694974.88,0.0001509499580027,0.0002292023076238,0.0002395744462501,9.77771967354838e-05,0.000148464825173,0.0001551833340912
626,626,0.02,1752,100000.0,17.15,2.43,0.81,1.79099018877146,,1732.0,0.3722566911801805,1752.0,0.1489303778291741,0.0003840331888379,0.0004015964398816,5.767131969748112e-06,-6.531987785626775e-06,2028798966931.984,3075257312432.6343,3216768872516.076,11.763886089173663,4.379185310976343,23866559944821.07,36176976718355.86,37841702591478.73,0.0001512615782725,0.0002292825865226,0.0002398332927636,9.798319906672425e-05,0.0001485231185232,0.0001553575834396
627,627,0.02,1754,100000.0,17.15,2.43,0.81,1.79214321531887,,1763.0,0.3798326826769573,1754.0,0.1387273502159587,0.0003700472887105,0.0004027272799106,-7.942357447673917e-06,3.33153328864446e-06,2070088120589.4172,3132466666438.897,3279008950946.1045,12.643505388587936,4.802416570187922,26173170307524.176,39605359176692.29,41458167340515.16,0.0001544638126448,0.0002337353369011,0.0002446698858962,0.00010006197394,0.0001514142295816,0.000158497652798
628,628,0.02,1756,100000.0,17.15,2.43,0.81,1.79485799913256,,1803.0,0.3893982726467578,1756.0,0.1209760254155298,0.0003549885588092,0.0004508736360889,4.924927205602654e-06,2.8558197773132733e-06,2122220585924.83,3205841516262.2715,3358279188893.793,14.515272707699486,5.652222119374807,30804610550592.7,46533663866211.69,48746338255385.25,0.0001584746379185,0.0002393929155543,0.0002507760418587,0.0001026688507375,0.0001550922963919,0.0001624669306604
629,629,0.02,1758,100000.0,17.15,2.43,0.81,1.79601748694475,,1827.0,0.3955655152071236,1758.0,0.1288226202241276,0.0003956028468997,0.0004380304507595,6.469916866142059e-06,-7.672865028354873e-07,2155832057878.824,3251060120557.7583,3408107506604.1924,13.646671655501216,5.39815270427079,29419932238275.805,44366149997545.93,46509324109276.36,0.0001611253883974,0.0002429819719554,0.0002547195843455,0.000104383381117,0.0001574133042314,0.0001650173924493
630,630,0.02,1760,100000.0,17.15,2.43,0.81,1.79717806739436,,1801.0,0.3909061329347948,1760.0,0.1239340726078808,0.0003785319283736,0.0004104416461387,-1.3434341572720416e-06,-1.4901457412726742e-06,2130438424494.632,3207693381082.0264,3364643143574.08,14.201098720999216,5.551296584451065,30254566385258.297,45552770371441.61,47781629442828.65,0.0001593605721897,0.0002399411533049,0.000251681273868,0.000103241424947,0.0001554453917318,0.0001630512051355
631,631,0.02,1762,100000.0,17.15,2.43,0.81,1.79833578017,,1779.0,0.3871076264751394,1762.0,0.1179262565910903,0.0003737940219533,0.0004463907227933,9.210790271394363e-06,-3.5565706580096816e-06,2109736564289.5093,3171500556142.709,3328660426168.588,14.941541018381857,5.783984479506738,31522715413311.723,47387105649427.16,49735316293862.38,0.000157925853622,0.0002374049637615,0.0002491692792922,0.0001023238943172,0.0001538202888582,0.0001614426670279
632,632,0.02,1764,100000.0,17.15,2.43,0.81,1.79949454191591,,1848.0,0.403148193893206,1764.0,0.1386213268679057,0.0003341165204927,0.0004363143276651,1.3974564675144005e-06,-6.043798460542946e-06,2197157656717.973,3297686709741.956,3463165927964.976,12.725314638496725,5.130187613232731,27959522492118.38,41964100960655.41,44069876078675.8,0.0001646068303607,0.000247056352626,0.000259453737729,0.0001066532719729,0.0001600745747398,0.0001681071799619
633,633,0.02,1766,100000.0,17.15,2.43,0.81,1.8006543413666,,1794.0,0.3923641759627925,1766.0,0.1395223556262408,0.0003497476248296,0.0004364934861598,9.12604118929494e-06,1.6323829469071162e-06,2138384758997.2192,3204383905886.749,3367195415269.4507,12.657469780189532,4.966337700078015,27066540465425.18,40559392452887.23,42620174212765.82,0.0001603187596593,0.0002402387367861,0.0002524450243275,0.0001038874893482,0.0001556760996774,0.0001635858450474
634,634,0.02,1768,100000.0,17.15,2.43,0.81,1.80181516717552,,1714.0,0.3758119536209885,1768.0,0.1186011145914562,0.0003866533018839,0.0004047329899565,-2.1744945187148424e-06,1.619504499026666e-06,2048175147234.3872,3064327688273.0044,3221955437271.118,14.907111169150532,5.60227057132372,30532374613714.266,45680273507791.73,48030047885449.57,0.0001536830620017,0.0002299291946523,0.0002417566573354,9.958851033747249e-05,0.0001489969400678,0.0001566612810456
635,635,0.02,1770,100000.0,17.15,2.43,0.81,1.80297700791476,,1741.0,0.382690218199877,1770.0,0.1269218531758724,0.0004333135143067,0.0004151101320038,1.991633893358091e-06,-2.533914402413844e-06,2085661689189.3296,3115446509859.253,3277674642592.976,13.945589003868031,5.336840498816063,29085780718547.543,43446736590032.24,45709103454001.69,0.0001566078029211,0.0002339321068016,0.0002461134646753,0.000101496498104,0.0001516098763381,0.0001595045351179
636,636,0.02,1772,100000.0,17.15,2.43,0.81,1.8041398520748,,1840.0,0.4054632622165471,1772.0,0.1388672280406808,0.0002693653547034,0.0003855476262374,4.224997650270244e-06,-8.146152230971427e-07,2209774779080.1816,3295578542290.45,3469278007094.503,12.760390086283689,5.173869391540272,28197588183894.48,42052867759612.31,44269340688290.73,0.0001660644839253,0.0002476625921527,0.0002607160998015,0.0001076247370756,0.0001605076578319,0.0001689675060511
637,637,0.02,1774,100000.0,17.15,2.43,0.81,1.80530368806424,,1790.0,0.3954225010801325,1774.0,0.1577620685725378,0.0003440696224271,0.0004699988075775,-3.539005386861688e-06,1.724925581716002e-05,2155052630886.7224,3208836926429.377,3380007442534.6465,11.24478156284017,4.446439649678021,24233096090745.22,36082670308473.78,38007445372076.15,0.000162067529376,0.0002413158107526,0.000254188434952,0.0001050459134914,0.00015641158891,0.0001647551267751
638,638,0.02,1776,100000.0,17.15,2.43,0.81,1.80646850420952,,1792.0,0.3968426681370611,1776.0,0.1209459845063065,0.0003058309741814,0.0003885318864645,-1.0276462318912631e-06,5.09720749324495e-06,2162792541346.984,3215212097394.825,3388776252636.912,14.684241128380688,5.827333428954562,31758967187802.36,47212949717032.23,49761607623850.73,0.0001627775808391,0.0002419855058187,0.0002550484107301,0.0001055100013048,0.00015685139749,0.0001653185777193
639,639,0.02,1778,100000.0,17.15,2.43,0.81,1.80763428875468,,1804.0,0.4004755221930693,1778.0,0.1380325121758687,0.0004082341304355,0.0003950305117881,1.7691605501281254e-06,-9.072451524373631e-06,2182591595952.228,3239448836299.133,3416397041896.179,12.881023260191268,5.15853451650617,28114013114958.64,41727415810568.66,44006689762713.33,0.0001643843046489,0.0002439826788431,0.0002573097290296,0.0001065636340532,0.0001581640106036,0.0001668033931901
640,640,0.02,1780,100000.0,17.15,2.43,0.81,1.80879698312742,,1772.0,0.3943134092533901,1780.0,0.1404194999399806,0.0003607874032747,0.0004557253153565,-5.576825940637941e-07,1.5492853223378957e-06,2149008080430.976,3184486849725.492,3360479908394.188,12.676302085969713,4.9984358922445775,27241475612732.95,40367517295918.375,42598458472636.56,0.0001619879593074,0.0002400402915771,0.0002533062986646,0.0001050104853934,0.0001556087726536,0.0001642086084034
641,641,0.02,1782,100000.0,17.15,2.43,0.81,1.80996060028449,,1831.0,0.4084153737497266,1782.0,0.1176809243202114,0.0003542065898229,0.0004615809590577,-2.580039880905833e-06,-1.891726691209944e-06,2225863786936.01,3293075129026.0527,3477193054269.592,15.14264108897677,6.184487419912414,33705456438522.656,49865854757877.39,52653886417887.36,0.0001679188677396,0.0002484291493006,0.0002623189810679,0.0001088543085634,0.000161045531322,0.0001700496894219
642,642,0.02,1784,100000.0,17.15,2.43,0.81,1.81112512815564,,1700.0,0.3800743070712239,1784.0,0.1196227327936867,0.0003362687591475,0.0004058185893549,-3.2307461654801105e-06,4.085064153132673e-06,2071404973538.171,3059627731651.759,3232672932431.307,14.913553288210393,5.668258431986339,30892008454325.547,45629921218074.79,48210640041169.66,0.0001563708506596,0.0002309720200599,0.0002440352431351,0.0001013829123431,0.0001497505191323,0.000158220049063
643,643,0.02,1786,100000.0,17.15,2.43,0.81,1.81229055458748,,1788.0,0.4006571819764181,1786.0,0.1306548151319475,0.0002936724977423,0.0003567754912018,-6.271909885569955e-06,3.194902464165202e-06,2183581641771.4785,3220122539473.498,3404334970743.8843,13.66960718742994,5.47682629444027,29848703304699.48,44017810209992.086,46535921784499.695,0.0001649676563144,0.0002432774017788,0.0002571944875746,0.0001069601928871,0.0001577339364617,0.0001667573669596
644,644,0.02,1788,100000.0,17.15,2.43,0.81,1.81345686734323,,1795.0,0.4031377470816125,1788.0,0.133806176932012,0.000338063402966,0.0004552183645981,-4.289644506231796e-06,4.733534425121927e-06,2197100721594.7888,3234827969795.017,3421988014039.177,13.36261180908335,5.386973219840012,29359004048128.074,43225750429536.016,45726697446941.59,0.0001660993604375,0.0002445508535987,0.0002587000290747,0.000107709991597,0.0001585832137871,0.0001677584903663
645,645,0.02,1790,100000.0,17.15,2.43,0.81,1.81626299505276,,1779.0,0.4005014046417361,1790.0,0.1216483410935325,0.0003553531764238,0.0004729393629974,-2.520070669948406e-07,-3.005547896811612e-06,2182732655297.4624,3208476711987.127,3396208104129.0234,14.71454508881228,5.893195976733479,32117918073197.46,47211275244938.76,49973657279196.2,0.0001651413838498,0.0002427472200874,0.0002569506186645,0.0001070927673009,0.0001574194847332,0.0001666302665689
646,646,0.02,1792,100000.0,17.15,2.43,0.81,1.81743545042217,,1828.0,0.4125252981191585,1792.0,0.1267539872023917,0.0003607750604353,0.000470551378498,-4.248798196455295e-06,-5.900063016297042e-06,2248262874749.414,3299380494538.1826,3494665658921.888,14.137622330875182,5.832126866740357,31785091423734.95,46645395357637.016,49406263258516.71,0.0001702118701632,0.000249790062658,0.0002645747452759,0.0001103957714107,0.0001620084817317,0.0001715975100474
647,647,0.02,1794,100000.0,17.15,2.43,0.81,1.81860462757994,,1759.0,0.397910352000062,1794.0,0.1350790812680316,0.0003833796551078,0.0004022375550595,-2.4582139642422623e-06,1.231639776052799e-06,2168611418400.338,3176857356874.505,3367477029192.934,13.281108985633708,5.284690751424694,28801564595264.586,42192188788462.54,44723829431329.375,0.0001643087431401,0.0002407003094304,0.0002551429516257,0.0001065695469221,0.0001561166035951,0.0001654840042926
648,648,0.02,1796,100000.0,17.15,2.43,0.81,1.81977877461054,,1838.0,0.4167906499171575,1796.0,0.1275167420733396,0.000332096345397,0.0004231050868182,-2.7678098584731034e-06,2.4468480964770083e-06,2271509042048.509,3321694911165.284,3523719200047.934,14.084425078606962,5.8702566822221085,31992898918110.49,46784163110297.45,49629559071123.984,0.0001722249346117,0.0002518496199159,0.0002671670231482,0.0001117151710737,0.0001633644015437,0.000173300165644
649,649,0.02,1798,100000.0,17.15,2.43,0.81,1.82094959590876,,1796.0,0.4082529276949304,1798.0,0.1477174687615843,0.000371172406347,0.0004138116343725,3.527146985942287e-07,-6.059478914740325e-07,2224978455937.3706,3247872765035.251,3448070332892.6724,12.171884713932975,4.969207570028308,27082181256654.28,39532732861531.8,41969514577502.11,0.0001688271763739,0.0002464424707931,0.0002616330853396,0.0001095141097837,0.000159861275782,0.0001697150603732
650,650,0.02,1800,100000.0,17.15,2.43,0.81,1.82212538377739,,1788.0,0.4074130856732284,1800.0,0.1317001523561884,0.0004185568263425,0.0003887809314047,1.0156704815654182e-06,-2.992487204657982e-07,2220401316919.095,3235424163502.661,3437516774769.779,13.667410157065165,5.568281745251542,30347135511620.902,44219869074670.336,46981951682570.36,0.0001685840347202,0.0002456496739389,0.0002609935613411,0.0001093761424253,0.0001593757900506,0.0001693307968616
651,651,0.02,1802,100000.0,17.15,2.43,0.81,1.82329779796716,,1840.0,0.420262648739088,1802.0,0.1424694888198701,0.0003106476298096,0.0003641308412035,7.618434091954027e-06,1.4680129670048568e-06,2290431435628.03,3331518392443.3755,3542364533092.628,12.648322212191983,5.315617395001244,28970114802756.78,42138118083467.68,44804968007596.56,0.0001740413948099,0.0002531497336426,0.0002691711503233,0.000112914794259,0.0001642388014771,0.0001746331962716
652,652,0.02,1804,100000.0,17.15,2.43,0.81,1.82447098358789,,1790.0,0.4098161311252271,1804.0,0.1367335635920881,0.0003692867099808,0.0004387271690481,-4.181082711490173e-06,-1.4825378821617803e-06,2233497914632.488,3242905230796.544,3450830843400.9497,13.193541897158497,5.406926296132084,29467748313919.86,42785406031028.65,45528681312417.22,0.0001698390352799,0.0002465961093111,0.0002624071316646,0.0001101949771879,0.0001599965084315,0.0001702550172878
653,653,0.02,1806,100000.0,17.15,2.43,0.81,1.82564913031762,,1847.0,0.4238652586227611,1806.0,0.1208442597890098,0.0003720544164005,0.0003395992344127,-8.246382541101107e-07,-5.3650857694735685e-06,2310065659494.0483,3348076915806.9014,3565530587626.003,14.94485549543866,6.3346050396539,34523597466113.76,50036525694348.086,53286339396637.1,0.0001757759141672,0.0002547595468377,0.000271305880833,0.0001140626714344,0.0001653159058988,0.0001760529802408
654,654,0.02,1808,100000.0,17.15,2.43,0.81,1.82682383065328,,1813.0,0.4170397050035245,1808.0,0.1053858205332289,0.0003145249316991,0.0004574446003384,3.7956230785890193e-06,4.654559803213033e-06,2272866392269.2085,3288258952140.956,3504572342159.781,17.156008188311475,7.15473659389147,38993314436708.5,56413397508218.76,60124471798623.125,0.0001730710574084,0.0002503897526997,0.0002668612827771,0.0001123146374523,0.0001624906828291,0.0001731798989039
655,655,0.02,1810,100000.0,17.15,2.43,0.81,1.82799926291382,,1791.0,0.4129443010586531,1810.0,0.1270723551399442,0.0003845882426247,0.0004114441777666,-4.058409664051807e-06,-3.705295244213616e-08,2250546440769.659,3250445384226.483,3466649528973.661,14.243853417264956,5.8819180937743845,32056453611070.39,46298867593747.49,49378447739731.43,0.0001714827215932,0.0002476710592502,0.0002641449584284,0.0001112996864964,0.0001607492054749,0.0001714414769578
656,656,0.02,1812,100000.0,17.15,2.43,0.81,1.82917541375128,,1840.0,0.4251752768585622,1812.0,0.125101783466107,0.0003924505545241,0.0004215748813569,-6.836850332155644e-06,-2.7710439238471714e-06,2317205258879.164,3341203034866.525,3565716868436.537,14.48420597849361,6.158326286982462,33562878264054.42,48394672972974.72,51646577583424.01,0.000176689683478,0.0002547707435085,0.0002718901929133,0.0001146849713574,0.0001653654862403,0.0001764773040103
657,657,0.02,1814,100000.0,17.15,2.43,0.81,1.83034802200767,,1790.0,0.4145190367808481,1814.0,0.137255008124157,0.0003307436698629,0.0004484776703273,-1.231339715784812e-06,-3.052046921927234e-06,2259128750455.6226,3252083050746.9683,3472828036382.87,13.216275491813796,5.478397786696985,29857267937498.57,42980425520930.2,45897852064530.76,0.0001723726239266,0.0002481355206389,0.0002649784705526,0.0001118972184529,0.0001610793751719,0.0001720131255724
658,658,0.02,1816,100000.0,17.15,2.43,0.81,1.8315255583186,,1909.0,0.4430313390028038,1816.0,0.1241621135334298,0.0004073194839458,0.0004641690620254,8.831731181547692e-06,-6.587431297203915e-06,2414520797565.281,3470025701240.309,3707940416718.0273,14.62603968569731,6.479793946262627,35314877007131.32,50752733616730.39,54232483687118.88,0.0001843549549441,0.0002649455049019,0.0002831109134155,0.0001196866807426,0.0001720075713127,0.0001838008938735
659,659,0.02,1818,100000.0,17.15,2.43,0.81,1.83269950233006,,1770.0,0.4116380959533615,1818.0,0.1231901273606581,0.0003346957473925,0.0004800835139717,1.3459133210260844e-06,-1.4137914355727068e-06,2243427622945.8203,3218797885863.4326,3441699207702.8936,14.757676113748335,6.074821696159767,33107778244070.74,47501976675190.42,50791482188223.56,0.0001714017774399,0.0002459217641853,0.0002629518133682,0.0001112919521414,0.0001596781178062,0.0001707358060457
660,660,0.02,1820,100000.0,17.15,2.43,0.81,1.83387836960085,,1822.0,0.4246220305640774,1820.0,0.130651878624576,0.0003549905091085,0.0004022161640654,8.31151727815577e-06,3.849777822148034e-06,2314190066574.222,3314815623476.13,3546651193036.6475,13.930147956231927,5.915047711233234,32237010026221.13,46175872082651.68,49405375868146.98,0.0001769419268881,0.0002534493048641,0.0002711753477643,0.0001148914760194,0.000164569049541,0.0001760788780401
661,661,0.02,1822,100000.0,17.15,2.43,0.81,1.8350535944249,,1898.0,0.4432879438010021,1822.0,0.1452053725265614,0.0003954038578311,0.0005172242077801,6.09491351806479e-07,-8.702631790630292e-06,2415919293715.4614,3454779085311.31,3698793033066.183,12.547745088885842,5.562264119791329,30314339452862.73,43349687300900.52,46411512115461.37,0.0001848243520255,0.0002642999323259,0.0002829676584773,0.0001200336310946,0.0001716488126563,0.0001837725124268
662,662,0.02,1824,100000.0,17.15,2.43,0.81,1.83795809373492,,1844.0,0.4316521814179725,1824.0,0.1208655927366635,0.0003924430587957,0.0004562425029221,-3.489945360866291e-06,-4.842913182447861e-06,2352504388727.9507,3358494223322.3545,3598038089339.677,15.091143465237858,6.514124996861503,35501981232895.195,50683518151330.24,54298508999615.375,0.0001801086217642,0.0002571275822752,0.0002754671508504,0.0001169722801684,0.0001669925587034,0.0001789032664337
663,663,0.02,1826,100000.0,17.15,2.43,0.81,1.83914342642719,,1840.0,0.4316899483816104,1826.0,0.1409160980240358,0.000390535930011,0.0004037018321223,4.37870631143015e-06,4.369795284944154e-06,2352710218679.777,3353091476149.864,3594686391599.264,12.958065299881795,5.59386654043151,30486572645351.73,43449578304426.98,46580180994939.73,0.0001802461715443,0.0002568875234253,0.0002753966276186,0.0001170720431901,0.0001668515174539,0.0001788734018966
664,664,0.02,1828,100000.0,17.15,2.43,0.81,1.84032503538016,,1808.0,0.4251700556627992,1828.0,0.133427708472027,0.0004240386445695,0.0004203456223014,2.522307043879202e-06,-2.3292884586163174e-06,2317176803362.2554,3296430595288.7373,3536784050678.2427,13.7003027402156,5.824958478654668,31746023708667.938,45162097117564.84,48455012221057.96,0.0001776300960053,0.0002526977148513,0.0002711227255341,0.000115392194135,0.0001641576761221,0.0001761269451676
665,665,0.02,1830,100000.0,17.15,2.43,0.81,1.84151157571023,,1777.0,0.4188720969199107,1830.0,0.1337215680159715,0.0003893957508231,0.0003914356559555,4.112169479012665e-06,4.73266159023605e-06,2282852928213.513,3241671857995.5444,3480836726616.226,13.68515211982428,5.732328365098757,31241189589788.227,44362772499222.44,47635780108014.25,0.0001751234289308,0.0002486768570261,0.0002670237997288,0.0001137700494985,0.000161554501906,0.0001734737099307
666,666,0.02,1832,100000.0,17.15,2.43,0.81,1.84269434090229,,1831.0,0.432623065905213,1832.0,0.1529173905466905,0.0003816893117545,0.0004106294018419,5.453848310051048e-06,-3.649646461137166e-07,2357795709183.41,3341967261585.781,3591433150075.383,11.980324758684873,5.18296482764238,28247158310650.965,40037853126690.41,43026535487009.7,0.0001809801866863,0.0002565234369312,0.0002756719928875,0.00011759321537,0.0001666780011603,0.0001791199170729
667,667,0.02,1834,100000.0,17.15,2.43,0.81,1.84388203176379,,1820.0,0.4310413266888785,1834.0,0.1428940645560033,0.0003787569492664,0.0003749685033164,1.2609301336520909e-06,-9.802093972027598e-07,2349175230454.388,3323646859519.648,3574641285640.505,12.834682851933405,5.532278724128373,30150919046499.64,42657953353759.14,45879387210623.36,0.000180439417495,0.0002552882796975,0.000274567083363,0.0001172513438953,0.0001658888855374,0.0001784164455897
668,668,0.02,1836,100000.0,17.15,2.43,0.81,1.84506589565446,,1807.0,0.42897275541559,1836.0,0.1345055365754888,0.0003782468385296,0.0003582808477344,5.694071234373204e-06,-1.1395050012334636e-05,2337901517014.9653,3301624295090.165,3553843108954.063,13.649995730618706,5.855476279974546,31912345725861.28,45067157532087.74,48509943264511.67,0.0001796867881365,0.0002537567390673,0.0002731418107827,0.0001167764309968,0.0001649136624734,0.0001775118034553
669,669,0.02,1838,100000.0,17.15,2.43,0.81,1.84625467923074,,1859.0,0.4423518082793726,1838.0,0.1412045085492081,0.0003897030565864,0.0004077119403363,2.2356314919886893e-06,-6.649977098185554e-06,2410817355122.581,3398335541318.14,3660925369500.0703,13.01658154462878,5.75790838388245,31380600692159.36,44234711689577.75,47652733600897.92,0.0001854076139968,0.0002613542178704,0.0002815490921937,0.0001205091738434,0.0001698721007034,0.0001829981399641
670,670,0.02,1840,100000.0,17.15,2.43,0.81,1.84743958356864,,1887.0,0.4500086873507188,1840.0,0.1471327828139692,0.0003898208210279,0.0003775636396121,2.309657782774698e-06,2.269295779983443e-06,2452547346061.417,3450788828701.253,3720471970942.842,12.50571058882538,5.627678406465294,30670847315235.85,43154566394889.59,46527145722447.93,0.0001914322427371,0.0002693494361082,0.0002903994063893,0.0001226874841703,0.0001726240272083,0.0001861147947965
671,671,0.02,1842,100000.0,17.15,2.43,0.81,1.84862940133004,,1813.0,0.4333165356663714,1842.0,0.1284553457917354,0.0003753413369033,0.0004650398873441,-3.719182972448279e-06,-9.432742868885182e-07,2361575119381.724,3316655034909.8574,3578788340144.8643,14.339613416995764,6.213591608647623,33864074267129.543,47559551038139.945,51318441298929.3,0.0001844551509277,0.0002590534173648,0.0002795278193787,0.0001182239349612,0.0001660366447452,0.0001791594247808
672,672,0.02,1844,100000.0,17.15,2.43,0.81,1.84981528715021,,1793.0,0.42947015499455,1844.0,0.1424187830521077,0.0003669564543483,0.0003737396180853,-2.0600088383236577e-07,1.2987703621663965e-06,2340612344720.298,3281494279041.824,3543373176822.664,12.947730351868849,5.560663761044753,30305617497693.91,42487903076233.805,45878640429544.74,0.0001831062111944,0.0002567114481161,0.0002771982463134,0.0001172611526621,0.0001643979202633,0.0001775176585578
673,673,0.02,1846,100000.0,17.15,2.43,0.81,1.85100163557289,,1890.0,0.4536647280685546,1846.0,0.1418486381598995,0.0004053315393,0.0004636499406072,-2.00107294171888e-06,-2.185583823447598e-06,2472472767973.6226,3460473337811.4263,3739139013648.381,13.013871856274628,5.903934636795846,32176443770537.355,45034156580332.85,48660675976417.14,0.0001936168177548,0.0002709861335061,0.0002928081580283,0.0001239588230562,0.0001734927913985,0.0001874638529407
674,674,0.02,1848,100000.0,17.15,2.43,0.81,1.85218843156914,,1838.0,0.4421170684579314,1848.0,0.1455072667404238,0.0003641074824143,0.0004454115402258,9.236077712991384e-06,-5.026023162690887e-06,2409538023095.7266,3366652937059.292,3640207248990.163,12.700396628965072,5.615062125851033,30602088585888.13,42757827612723.2,46232075873808.88,0.0001889071601354,0.0002639447227665,0.000285391310334,0.0001208930149121,0.0001689140490096,0.0001826390059078
675,675,0.02,1850,100000.0,17.15,2.43,0.81,1.85337566002035,,1874.0,0.4517115974996507,1850.0,0.1207833179166755,0.0003369324535386,0.0003836170048879,-3.2786770687841635e-06,2.7643529203244e-06,2461828206373.096,3433852369187.68,3715368022361.802,15.31668472028774,6.918724123399664,37707046472528.17,52595234114860.79,56907120618354.695,0.0001932228756736,0.0002695146751896,0.0002916101503786,0.0001236080921438,0.0001724133060787,0.000186548172479
676,676,0.02,1852,100000.0,17.15,2.43,0.81,1.85456330571802,,1868.0,0.4511845530297506,1852.0,0.1515232241856665,0.0004052408948413,0.0004101141532487,1.4523327084155405e-06,4.4053314724492966e-06,2458955814012.1406,3423991266003.2666,3707200940493.82,12.222548787179196,5.514625211427766,30054707402281.32,41849900295600.38,45311444359062.31,0.0001932352596979,0.0002690718709621,0.0002913276978815,0.0001235536980357,0.0001720432634641,0.0001862735324277
677,677,0.02,1854,100000.0,17.15,2.43,0.81,1.85575584425622,,1794.0,0.4341938651315897,1854.0,0.150961957356003,0.0003562560985197,0.0003716619627286,-5.817917507883756e-06,7.455979689465318e-06,2366356564967.164,3289416646014.726,3563907546366.5874,12.281239806846443,5.332438980342596,29061792442867.152,40398114654339.375,43769203226357.78,0.0001861522047556,0.000258765804816,0.000280358952291,0.0001189874898411,0.0001654017131423,0.0001792039370761
678,678,0.02,1856,100000.0,17.15,2.43,0.81,1.8569442901614,,1821.0,0.4416441551855385,1856.0,0.1505325355478817,0.0003289354618169,0.0004503987335579,5.866790715232821e-06,-5.129656209014989e-06,2406960645761.185,3340128640645.6167,3621309223440.791,12.32956047172699,5.445278318344877,29676766834979.58,41182318058187.4,44649151057235.94,0.0001895792591512,0.0002630782992976,0.0002852249042568,0.0001211173698211,0.0001680740383237,0.0001822229412951
679,679,0.02,1858,100000.0,17.15,2.43,0.81,1.8599416691501,,1859.0,0.4517992310021823,1858.0,0.1606181208612724,0.0003457146460666,0.0004578823474144,1.4108640575819696e-08,-2.405079208198568e-06,2462305808961.894,3411068322527.788,3700739554335.104,11.567810593455851,5.2263279305022525,28483487221237.28,39458592276338.63,42809454220258.7,0.00019414006149,0.0002689450723268,0.000291784148834,0.0001239926625281,0.0001717688525268,0.0001863556301557
680,680,0.02,1860,100000.0,17.15,2.43,0.81,1.86114008778218,,1844.0,0.4490844959385931,1860.0,0.1210394999804975,0.0003803529578806,0.0003347223671843,2.6014198361702474e-06,1.619255245199021e-06,2447510502865.3325,3384744837561.1323,3674688587669.9497,15.366884366671142,6.901029519953157,37610610883744.71,52012982529489.02,56468514610250.2,0.000193210424846,0.0002671972141876,0.0002900858412535,0.0001233375580964,0.0001705676697017,0.0001851788242123
681,681,0.02,1862,100000.0,17.15,2.43,0.81,1.86233432512373,,1811.0,0.4419533178944457,1862.0,0.1444698737714134,0.0003097401571275,0.0004450244664129,7.546120875574724e-06,2.2724303558681385e-07,2408645582524.729,3325262429297.752,3612583163764.2646,12.888500220787474,5.696115435260321,31043829122168.742,42857645554180.37,46560778903788.84,0.0001903324483138,0.0002627639965158,0.0002854682329709,0.0001214661994156,0.0001676905030266,0.0001821798732694
682,682,0.02,1864,100000.0,17.15,2.43,0.81,1.86353345786491,,1824.0,0.4460378996251699,1864.0,0.1453749294214503,0.0003521314135007,0.0004084112385674,1.0301698490378606e-06,-1.6097371391714369e-06,2430906552957.176,3350207074077.6245,3642182676266.041,12.822018262833724,5.719106094909924,31169128217259.08,42956416288098.03,46700132791659.78,0.0001923341491913,0.0002650695175524,0.0002881707260145,0.0001226768993676,0.0001690698540375,0.0001838045469544
683,683,0.02,1866,100000.0,17.15,2.43,0.81,1.86473292987397,,1810.0,0.4435014976306784,1866.0,0.1472594762240078,0.0004103984740529,0.0004337238352635,1.8871366033018256e-06,-6.385759863515769e-06,2417083162087.1973,3325401177283.1045,3617704503123.005,12.671510505452858,5.619833886411217,30628094680941.133,42137855952788.16,45841780616947.26,0.0001914384051578,0.0002633792282675,0.0002865303069722,0.000122067015975,0.0001679386977651,0.0001827005376987
684,684,0.02,1868,100000.0,17.15,2.43,0.81,1.86592813746768,,1813.0,0.4450865080981873,1868.0,0.1346697919200323,0.000391190071488,0.0004239869268728,-1.4211447114691804e-06,-5.238259031224444e-07,2425721469135.121,3331510226837.645,3626853355463.792,13.870965220687564,6.173779474027231,33647098133448.41,46211262488829.92,50307956754172.25,0.0001923575370873,0.0002641857732513,0.0002876062184842,0.0001225914269711,0.0001683682969679,0.0001832943863995
685,685,0.02,1870,100000.0,17.15,2.43,0.81,1.86712822823299,,1838.0,0.4520855842476076,1870.0,0.1404269690851833,0.0003088368446034,0.0005101627297348,1.426296859335129e-06,-6.879228542882241e-07,2463866434149.4614,3378032629420.7705,3680046615992.4897,13.31653038004155,6.020211417012101,32810152222715.95,44983674134453.336,49005452561833.09,0.0001956211151832,0.0002682022454357,0.0002921809449444,0.000124608878568,0.000170842401148,0.0001861166155522
686,686,0.02,1872,100000.0,17.15,2.43,0.81,1.86832399862256,,1857.0,0.4575957472540187,1872.0,0.1378985530704994,0.0003584999547125,0.0003990001451935,4.69962669459421e-07,5.40139895852917e-06,2493896822534.4023,3413267390902.655,3721013647024.3193,13.575196826343465,6.211952335871021,33855140230497.062,46335776652443.35,50513492651865.26,0.0001982096982001,0.0002712793461677,0.0002957383743027,0.000126216635096,0.0001727461701182,0.0001883212719268
687,687,0.02,1874,100000.0,17.15,2.43,0.81,1.86952002014486,,1877.0,0.46334359509388,1874.0,0.1287270800203259,0.0004054014171086,0.0004396967499742,2.815306076427233e-06,3.840251102341005e-07,2525222593261.6465,3450128990822.1675,3763817831719.421,14.557931397994084,6.745324271076655,36762017277367.766,50226741162619.67,54793401788718.17,0.0002009441550744,0.0002745434231455,0.0002995051588985,0.0001278922676446,0.000174735019986,0.0001906220856665
688,688,0.02,1876,100000.0,17.15,2.43,0.81,1.87072091189329,,1901.0,0.4700980668122518,1876.0,0.1391491026997755,0.0003567319750775,0.0004348848716392,3.78857308862146e-06,-2.5365437025607554e-06,2562034464126.772,3494323839370.868,3814692803888.313,13.481941051733612,6.337834425296709,34541197617867.06,47110268018065.52,51429463512494.65,0.000204083333773,0.0002783464736351,0.0003038660235208,0.0001298483128626,0.0001770983417636,0.0001933351918601
689,689,0.02,1878,100000.0,17.15,2.43,0.81,1.87191739851127,,1794.0,0.4444191063441948,1878.0,0.1513258077111459,0.0003691072492005,0.000418912099449,-1.0381309360823558e-05,-1.3794450791946975e-06,2422084129575.8623,3297680695650.061,3602541763803.27,12.410308779483064,5.515378337233379,30058811937921.92,40925235689157.77,44708655679782.13,0.0001931701844006,0.0002630022550805,0.0002873160549327,0.0001228421776075,0.0001672502919124,0.0001827120989663
690,690,0.02,1880,100000.0,17.15,2.43,0.81,1.87311874637202,,1919.0,0.4762196913383458,1880.0,0.1314935608900214,0.000337131984462,0.0004335525057838,1.554356253081671e-06,-8.795318862130652e-06,2595397317793.9854,3527468105924.476,3856278335760.0737,14.297278036088738,6.80864533332469,37107117066619.56,50433192273837.56,55134283550907.33,0.0002071973575531,0.0002816070069077,0.0003078567877375,0.0001317253283896,0.0001790311223068,0.0001957193708482
691,691,0.02,1882,100000.0,17.15,2.43,0.81,1.87432030347042,,1839.0,0.4571680140116414,1882.0,0.1448975825001071,0.0003370311843897,0.0004255695080371,-4.575345157549131e-06,1.833843282972486e-06,2491565676363.446,3380415755511.728,3698120887035.06,12.988484469701964,5.937919650034695,32361662092689.09,43906477541599.92,48032985708335.33,0.0001991573745695,0.000270205490952,0.000295600494777,0.0001265433759025,0.0001716869138609,0.0001878227437392
692,692,0.02,1884,100000.0,17.15,2.43,0.81,1.87552205314643,,1847.0,0.4599778733345916,1884.0,0.1436538750399449,0.0003912284638235,0.0004523357063716,-3.4295717526925555e-06,-5.474708159373262e-06,2506879409673.524,3395223882489.277,3716943604104.399,13.114856800598853,6.032543940227166,32877364474238.05,44527875024820.13,48747183103730.98,0.0002005792525578,0.0002716570513875,0.0002973983379631,0.0001274096633556,0.0001725588914312,0.0001889099776732
693,693,0.02,1886,100000.0,17.15,2.43,0.81,1.87671928311662,,1799.0,0.4488236803755313,1886.0,0.1346891945190691,0.0003960415624041,0.000441138989861,4.231107226878064e-06,1.0965129488321876e-06,2446089058046.646,3307067754289.2363,3622997863513.84,14.002608054300769,6.284702081787328,34251626345740.938,46307573572328.805,50731419064353.37,0.0001959600462196,0.0002649344053317,0.0002902440638669,0.0001244065503841,0.0001681953851371,0.0001842633917053
694,694,0.02,1888,100000.0,17.15,2.43,0.81,1.87792135551894,,1809.0,0.4521430250250208,1888.0,0.1335811451956488,0.0002855049776314,0.0004373564850615,-3.5225633865731464e-06,1.156846533985022e-06,2464179486386.364,3325658665828.431,3645952065845.3457,14.13373120311817,6.390467981068376,34828050496822.65,47003965656139.64,51530906478111.52,0.0001976037328371,0.0002666861607039,0.0002923706418045,0.0001254138756674,0.0001692586699681,0.0001855599324649
695,695,0.02,1890,100000.0,17.15,2.43,0.81,1.87912356994548,,1848.0,0.4627799415206667,1890.0,0.1548491003438812,0.0003936438955144,0.0004375342878031,3.977088078604017e-06,-1.6295873943567775e-06,2522150681287.6333,3397891596052.8755,3727794538867.1294,12.205430937621086,5.648428615546822,30783935954730.18,41472731209146.46,45499338793783.79,0.0002024972706973,0.0002728083533751,0.0002992954486984,0.0001284537416557,0.0001730554373661,0.0001898574737004
696,696,0.02,1892,100000.0,17.15,2.43,0.81,1.882221662924,,1924.0,0.4827378095602215,1892.0,0.117148044883379,0.000348713830984,0.0004961141474609,-9.650546088406654e-06,-1.5938075412625315e-06,2630921062103.2075,3538165202030.7324,3884459479128.085,16.15050427758728,7.796459058255472,42490701867492.33,57143152230207.81,62735979433772.59,0.0002114935767228,0.0002844248063511,0.0003122625914967,0.0001340852250111,0.0001803230374619,0.0001979719691359
697,697,0.02,1894,100000.0,17.15,2.43,0.81,1.88342897324639,,1792.0,0.4505654214362282,1894.0,0.1582485168723906,0.0003783639365942,0.0004429573541569,5.764309222437274e-07,1.049169654182546e-06,2455581546827.444,3296367636498.189,3621750210329.613,11.968516592969369,5.392599722677734,29389668488593.65,39452630753955.8,43346977487920.266,0.0001975922074968,0.0002652473744389,0.0002914297918493,0.0001252348066652,0.000168114947837,0.0001847094786839
698,698,0.02,1896,100000.0,17.15,2.43,0.81,1.88463638090579,,1828.0,0.4606523877096268,1896.0,0.157079546172099,0.0004032303624779,0.000401565066874,5.002090572984866e-06,-3.1701971285288208e-06,2510555513017.4663,3363643737864.417,3698919093965.895,12.070317531492671,5.560220591295469,30303202222560.305,40600247978840.414,44647127987469.53,0.000202267227418,0.0002709977490449,0.0002980097853646,0.0001281263052475,0.0001716636983596,0.0001887744901326
699,699,0.02,1898,100000.0,17.15,2.43,0.81,1.88584865215116,,1818.0,0.4591621719884282,1898.0,0.1594827995713785,0.0004584909494269,0.000406681857446,-1.5502698492417837e-06,-5.655062675521942e-06,2502433837336.9336,3346262568850.493,3683053195739.12,11.900969917138468,5.464475195922243,29781389817776.227,39823770166736.21,43831905285711.97,0.0002018103429761,0.0002698614391446,0.0002970221300326,0.0001277994742508,0.0001708938676514,0.0001880937889467
700,700,0.02,1900,100000.0,17.15,2.43,0.81,1.88705621453883,,1910.0,0.4834740776253575,1900.0,0.1557217863357891,0.000276630857222,0.0003368410909057,-2.799803420521024e-07,1.1377377347451667e-05,2634933723058.198,3516597947565.948,3873958652133.8247,12.201247138938886,5.89898670637751,32149477549757.43,42906880646537.39,47267126920715.375,0.0002127518791931,0.0002839399014723,0.0003127941989376,0.0001346586801102,0.0001797162615339,0.0001979792335318
701,701,0.02,1902,100000.0,17.15,2.43,0.81,1.88826382191019,,1871.0,0.4746546622113539,1902.0,0.1364340978734617,0.0003644385876614,0.0004801842611435,3.6236783422299137e-06,-4.864319646528276e-06,2586867909051.879,3445729981635.6577,3799259412690.2207,13.940796543134288,6.617064074138615,36062999204055.45,48036220616560.55,52964702486902.23,0.0002090828926899,0.0002785001852889,0.0003070741050616,0.0001322912411798,0.0001762130545769,0.0001942923879144
702,702,0.02,1904,100000.0,17.15,2.43,0.81,1.88947145662132,,1860.0,0.4729098981198117,1904.0,0.1529464937800639,0.0003959520292744,0.000417846365648,-5.734280560778962e-07,3.068891656495668e-06,2577358944752.974,3426369609255.2085,3781277249038.262,12.448797961579553,5.887159775724707,32085020777699.65,42654183007314.37,47072356509994.66,0.0002085648303559,0.0002772684021159,0.0003059882092014,0.0001318937210932,0.0001753409778352,0.0001935030151218
703,703,0.02,1908,100000.0,17.15,2.43,0.81,1.89189158201575,,1869.0,0.477278043714785,1908.0,0.1276624612742125,0.0003347482693264,0.0004040274686926,4.159145262625564e-06,2.8370768587281904e-06,2601165338245.578,3444505722565.0386,3808096485713.7134,14.945662029041662,7.133236335243349,38876138027076.24,51480418386557.01,56914523049458.45,0.0002109573529388,0.0002793531801808,0.0003088407886073,0.0001332915192958,0.0001765068118636,0.0001951382938803
704,704,0.02,1912,100000.0,17.15,2.43,0.81,1.89431652176622,,1873.0,0.4803868549873671,1912.0,0.1250819786459942,0.0004096061293378,0.0003688955617215,9.708990396987085e-07,1.690573135506432e-07,2618108359681.151,3453795210140.431,3824740761219.097,15.285975011726697,7.343181461298869,40020338964078.84,52794627277827.984,58464891702327.664,0.0002127926302628,0.0002807149537708,0.0003108643855949,0.0001343392639088,0.0001772196725572,0.0001962534730865
705,705,0.02,1916,100000.0,17.15,2.43,0.81,1.8967364168334,,1914.0,0.4930184322133224,1916.0,0.1561578332675708,0.0003293750111955,0.0004377667228481,1.17612668133507e-06,-3.10157471859523e-06,2686950455562.6074,3531816509800.488,3916936016369.229,12.26963745531102,6.049157422043298,32967907950135.977,43334108133933.9,48059384856500.63,0.0002188695495515,0.0002876893717926,0.0003190598545463,0.0001380547057927,0.0001814636694045,0.0002012509937537
706,706,0.02,1920,100000.0,17.15,2.43,0.81,1.89916580511888,,1809.0,0.4679240012000908,1920.0,0.1328312294908755,0.0004133258627536,0.0004982825727401,1.1695030978979124e-06,2.3503233373872453e-06,2550185806540.495,3339904943260.9204,3709617148237.492,14.45443219459087,6.763575747568371,36861487824247.62,48276429538743.84,53620409537090.375,0.0002081863885927,0.0002726557204566,0.0003028374619498,0.000131201969766,0.0001718314431299,0.000190852398158
707,707,0.02,1924,100000.0,17.15,2.43,0.81,1.90357578030329,,1804.0,0.4686183639264624,1924.0,0.1398523933480646,0.0002977758747132,0.0004350063542733,9.517748133227342e-06,-7.884576249811998e-06,2553970083399.2207,3332699491186.683,3707161664922.532,13.757361986730889,6.446952466165935,35135890940604.348,45849153293249.04,51000764967671.22,0.0002089454319092,0.0002726548518074,0.0003032903557757,0.000131568323262,0.0001716847377507,0.000190975237919
708,708,0.02,1928,100000.0,17.15,2.43,0.81,1.90601426506034,,1813.0,0.4729763220592433,1928.0,0.1630256469743471,0.0004069729107604,0.0004248730382933,3.783406778046951e-06,-3.4756783594606178e-06,2577720955222.8765,3351417504962.9736,3733602451304.92,11.826360059183692,5.593588284141038,30485056148568.66,39635070122343.18,44154926906982.84,0.000211350863989,0.000274787301483,0.0003061231675508,0.0001329655642375,0.0001728748484741,0.0001925889439547
709,709,0.02,1932,100000.0,17.15,2.43,0.81,1.90845709283376,,1946.0,0.509833780823867,1932.0,0.1523950817079367,0.0003659338242902,0.0004441461652004,-2.779593665768106e-06,7.132902658142268e-06,2778594105490.075,3599350911701.0176,4015889192005.291,12.67757448828076,6.46345573303638,35225833745048.27,45631039292550.914,50911734368328.71,0.0002283621923257,0.0002958171053201,0.0003300508189416,0.0001435130825932,0.0001859047867597,0.0002074187936118
710,710,0.02,1936,100000.0,17.15,2.43,0.81,1.91089411501287,,1867.0,0.4910617856224605,1936.0,0.1510935505680208,0.0003637765478529,0.0004466314674257,2.518250253572118e-06,3.067039686351287e-07,2676286731642.41,3454079262264.9683,3859683313524.198,12.813253727388128,6.292099255004863,34291940939776.504,44257993981910.65,49455101603551.695,0.0002204342295405,0.0002844976556312,0.0003179055171585,0.0001384068130457,0.0001786311223851,0.0001996073367157
711,711,0.02,1940,100000.0,17.15,2.43,0.81,1.9133402868826,,1950.0,0.514860458088585,1940.0,0.1415846068759947,0.0003080399041205,0.0004112700507311,-5.355707360481319e-06,-4.0890822650825695e-06,2805989496582.7886,3608114958593.912,4037992093683.855,13.702054501582415,7.054646057439481,38447821013045.17,49438587810628.56,55328787744615.06,0.0002316122469092,0.0002978213616566,0.0003333043202616,0.0001453014782167,0.0001868376334616,0.0002090977963225
712,712,0.02,1944,100000.0,17.15,2.43,0.81,1.91578543191461,,1870.0,0.495594457214089,1944.0,0.1397221003167033,0.0003785374476284,0.0004274734541817,8.286651318968822e-06,-1.833804889556063e-07,2700989791816.785,3460238060623.1235,3878472475398.46,13.91333221869412,6.89537032896301,37579768292848.41,48143441693219.36,53962476051279.73,0.0002234302704189,0.0002862365226041,0.0003208335539127,0.0001400409698802,0.0001794064885007,0.000201091114359
713,713,0.02,1948,100000.0,17.15,2.43,0.81,1.91822939385235,,1905.0,0.5067327186605265,1948.0,0.1585654855807661,0.0003439507768751,0.0003801874698436,-2.985565125992243e-06,-1.0858322556694137e-05,2761693316699.8696,3524854670119.938,3957031613426.235,12.285145111278185,6.225284981377071,33927803148505.035,43303351118590.04,48612707580856.54,0.0002289390688675,0.0002922036785153,0.0003280303166102,0.0001433694054907,0.0001829878485929,0.0002054237038177
714,714,0.02,1952,100000.0,17.15,2.43,0.81,1.92068229126587,,1845.0,0.4925773797146707,1952.0,0.1490671426831795,0.0003328006679102,0.0003858910915644,-2.5898853221875186e-06,2.5726630577828843e-06,2684546719444.955,3413606215416.7554,3838126482123.228,13.094770348880244,6.450187666416794,35153522781971.523,44700389452392.63,50259384853359.28,0.0002230259203085,0.0002835944937184,0.0003188626536971,0.0001395390286363,0.0001774345337318,0.0001995005105403
715,715,0.02,1956,100000.0,17.15,2.43,0.81,1.92520281678976,,1917.0,0.5137614207409499,1956.0,0.1489395185328703,0.0003546750130524,0.0003991972055598,-1.4036738193057126e-06,4.881988244583345e-06,2799999743038.177,3547080482539.57,3994463788435.109,13.132847610007005,6.747150446491586,36771969933379.15,46583267437622.28,52458684217209.53,0.0002331117147717,0.0002953093177148,0.0003325558531321,0.0001457206899999,0.0001846010938701,0.0002078843117317
716,716,0.02,1960,100000.0,17.15,2.43,0.81,1.92766308819518,,1837.0,0.4942698120538338,1960.0,0.1598611690046709,0.000312817318718,0.0003940138601746,2.1686541499105897e-06,4.8511594395461535e-06,2693770475693.394,3399680470846.266,3834521643932.565,12.260638479021326,6.060063476685873,33027345947938.008,41682253197235.07,47013683616239.72,0.000224751685635,0.0002836484857703,0.0003199289660549,0.0001403663423319,0.0001771497301259,0.000199808329109
717,717,0.02,1964,100000.0,17.15,2.43,0.81,1.93012689329961,,1866.0,0.5041148232976296,1964.0,0.1555428689680411,0.0003526772739798,0.0003444635432944,-4.049880824966438e-06,8.705498306230313e-07,2747425786972.081,3454313522487.047,3902335463631.11,12.626744080460137,6.365328860945551,34691042292153.254,43616732822116.72,49273791215373.77,0.0002297134592111,0.0002888166487382,0.0003262759571536,0.0001433372733395,0.0001802166536839,0.0002035906220526
718,718,0.02,1968,100000.0,17.15,2.43,0.81,1.93258888691182,,1885.0,0.5112466249215055,1968.0,0.1596539625677451,0.0004386530959023,0.0003743890345745,3.7503078357608178e-06,3.061261991811615e-06,2786294105822.205,3489914413453.78,3948858039139.812,12.326659284544403,6.301962955780668,34345698109004.64,43018985906865.375,48676227611510.58,0.0002334640793873,0.000292420550284,0.0003308755184217,0.0001455430756713,0.0001822969357407,0.0002062700212462
719,719,0.02,1972,100000.0,17.15,2.43,0.81,1.93505418872902,,1910.0,0.520017942431768,1972.0,0.1569962059252247,0.0003688214618284,0.0004057350026242,-6.589392122111004e-06,3.096294146774869e-06,2834097786253.136,3536294386293.8403,4007774056987.223,12.56081309977158,6.531848183413215,35598572599602.02,44418732852008.37,50340900875929.8,0.0002379701286377,0.000296931331759,0.0003365199720766,0.0001482197397537,0.0001849437363,0.0002096015284299
720,720,0.02,1976,100000.0,17.15,2.43,0.81,1.93752271021902,,1815.0,0.4960126838104031,1976.0,0.164119254801335,0.0003416236066076,0.0004095276813549,4.90031019825854e-06,-2.096531494693433e-06,2703269126766.697,3360178128396.658,3814340045141.414,12.040025421708936,5.9720053225673295,32547429007991.94,40456630087366.12,45924751110545.03,0.0002275137463621,0.0002828008158218,0.0003210241943639,0.0001415475331798,0.0001759443484223,0.0001997249991696
721,721,0.02,1980,100000.0,17.15,2.43,0.81,1.93999436174058,,1831.0,0.5022047614740061,1980.0,0.147917252696061,0.0004110615810722,0.0004022442604354,-1.0794873621882572e-06,-1.0833115423206393e-05,2737015950033.333,3389092369633.9287,3853426291249.044,13.38586245965834,6.7224438636765695,36637319057037.305,45365924322997.336,51581434333091.04,0.0002308463132033,0.0002858439603269,0.0003250069669944,0.0001434870747068,0.0001776719459834,0.0002020144844691
722,722,0.02,1984,100000.0,17.15,2.43,0.81,1.94246368835283,,1784.0,0.4910920834102854,1984.0,0.1728848582499722,0.0004056304510589,0.0004059426368561,-3.7059741733910975e-06,4.407363834002073e-06,2676451854586.056,3301354418773.502,3759816416510.087,11.475845947893005,5.635697095446257,30714549170182.098,37885834729240.55,43147073988228.88,0.0002262112482022,0.0002790274379675,0.0003177762241949,0.0001404781673416,0.0001732772505135,0.0001973404150077
723,723,0.02,1988,100000.0,17.15,2.43,0.81,1.9470958399254,,1901.0,0.5252496147570934,1988.0,0.1563459091478307,0.0003456318140604,0.0003978952453531,-3.852999548525624e-06,7.157973769880482e-06,2862610400426.159,3517346272813.956,4012405228222.631,12.715395054694229,6.6787563539623935,36399222129095.05,44724447402985.74,51019317596371.31,0.0002424512255377,0.000297904637794,0.0003398340775928,0.0001504271388167,0.0001848328141225,0.0002108476368859
724,724,0.02,1992,100000.0,17.15,2.43,0.81,1.94958694410842,,1960.0,0.543652154193838,1992.0,0.1772962840150285,0.0003754545942112,0.0004266548848878,1.2402888495858714e-07,3.857259960081403e-06,2962904240356.417,3626470414800.136,4143748125695.529,11.235430065929348,6.108165758636706,33289503384570.043,40744954731648.73,46556792277077.94,0.0002514789873281,0.0003077997240234,0.0003517041044389,0.0001558804685065,0.0001907911499752,0.0002180054928568
725,725,0.02,1996,100000.0,17.15,2.43,0.81,1.95206991987096,,1942.0,0.5406228728052356,1996.0,0.1573059577353888,0.0003575756691442,0.0003962933979353,-3.614814618383128e-06,4.115830586699293e-06,2946394656788.534,3592233124177.7544,4111475303951.791,12.688648470374902,6.859773588069838,37385766054980.62,45580583336328.125,52169064826472.08,0.0002505987314939,0.0003055290173281,0.0003496919509289,0.000155192492807,0.0001892100951244,0.0002165596180622
726,726,0.02,2000,100000.0,17.15,2.43,0.81,1.95455548934364,,1889.0,0.5277344238310848,2000.0,0.1525872975519178,0.0003911703207891,0.0004441792592864,4.889735789214825e-06,4.585810924892928e-08,2876152609879.412,3492898599686.4395,4005017239553.709,13.107250944787854,6.91714752535706,37698454013195.98,45782298470788.26,52494765997031.99,0.0002451331197025,0.000297698087231,0.0003413457154609,0.0001516694145997,0.000184192550858,0.0002111983272718
727,727,0.02,2004,100000.0,17.15,2.43,0.81,1.95704355532571,,1865.0,0.5228364323652802,2004.0,0.1541165854062001,0.0003446767065402,0.0004021465661274,-4.398434678080305e-06,2.7318190355768366e-06,2849458556390.777,3446911846583.9546,3959704786427.204,13.003143008379803,6.798516900036835,37051917105200.74,44820687678409.67,51488607608878.94,0.0002433714450345,0.0002943997606591,0.0003381972598343,0.0001504321420217,0.0001819736354048,0.0002090456348137
728,728,0.02,2008,100000.0,17.15,2.43,0.81,1.95953401946919,,1815.0,0.5105505167333015,2008.0,0.1447555009560801,0.0003872075909325,0.0004225607335997,2.5394495854790395e-06,-1.8559280249058544e-06,2782500316196.493,3352664565708.471,3858707421264.152,13.871666269934996,7.0821863820672215,38597915782266.36,46507043970544.46,53526701581097.78,0.0002381560668465,0.0002869568070763,0.0003302693542244,0.0001470639701081,0.0001771989597284,0.0002039449302319
729,729,0.02,2012,100000.0,17.15,2.43,0.81,1.96202678227401,,1813.0,0.5116724571816497,2012.0,0.14819255504176,0.0004430093439771,0.0004580882889322,4.011759880993048e-06,5.540540329350278e-06,2788614891639.9907,3346753232427.722,3859219592712.69,13.576930362210351,6.946941319416315,37860830190818.92,45438635576173.58,52396355662737.99,0.0002391854399441,0.0002870581544559,0.0003310134859034,0.0001475531000822,0.0001770856980414,0.0002042016689037
730,730,0.02,2016,100000.0,17.15,2.43,0.81,1.96452174308398,,1883.0,0.533172408014035,2016.0,0.1618172664598205,0.0004326769542616,0.0004059106232812,-1.707409103281856e-06,2.277488952560315e-06,2905789623676.4907,3473543359543.276,4013077871821.1416,12.458497440386411,6.642527080527515,36201772588874.96,43275131053941.12,49996920394155.04,0.0002497645250783,0.000298565285135,0.0003449404872915,0.0001539248173626,0.0001839997372358,0.0002125798349093
731,731,0.02,2020,100000.0,17.15,2.43,0.81,1.96926697564054,,1863.0,0.5292530562070497,2020.0,0.1670368616560154,0.0003786837809736,0.0004292601237268,-4.110686847377489e-06,1.3389224016805516e-06,2884429156328.4204,3434274038297.144,3975336592532.525,12.093139083035778,6.400330818833603,34881802962643.137,41531153594386.3,48074298315377.36,0.0002484556090081,0.0002958175089216,0.0003424229268876,0.000152964122222,0.0001821229384626,0.0002108160192042
732,732,0.02,2024,100000.0,17.15,2.43,0.81,1.97177696436513,,1851.0,0.5276963285061448,2024.0,0.1495298627678494,0.0003583257747639,0.0004708110798001,-4.024046884396847e-06,2.343348112350664e-06,2875944990358.489,3410477682392.129,3955426774115.831,13.535757757915784,7.142769672400725,38928094714583.945,46163399747637.9,53539698643606.16,0.0002482213396443,0.000294356582615,0.0003413908597097,0.0001526813173293,0.0001810591742942,0.0002099900284937
733,733,0.02,2028,100000.0,17.15,2.43,0.81,1.97428887622666,,1825.0,0.5221506658646966,2028.0,0.1575059632984903,0.0003337825280736,0.0004298692995102,-8.266955695627136e-07,8.59218117689991e-06,2845721128962.596,3361085341868.807,3905256928845.3433,12.87570297358664,6.723056881134318,36640660002182.03,43276336530778.67,50282928251353.82,0.0002461060188729,0.0002906761748932,0.0003377376741706,0.0001512424851778,0.0001786327180219,0.0002075539859353
734,734,0.02,2032,100000.0,17.15,2.43,0.81,1.97679687857807,,1684.0,0.4835210864280196,2032.0,0.152345135843916,0.0004115494550222,0.0003528826156547,9.039507162502562e-06,-7.896383539231421e-06,2635189921032.707,3099878238821.6787,3608126007345.762,13.338135075621112,6.449269562687996,35148519116649.58,41346594667382.03,48125672055839.27,0.0002283670202501,0.0002686371676241,0.0003126822011605,0.0001402054737929,0.0001649292499585,0.0001919706099081
735,735,0.02,2036,100000.0,17.15,2.43,0.81,1.97930653618638,,1502.0,0.4327552036650871,2036.0,0.1450184763689321,0.0003739493917574,0.0003853100900107,6.756470979899299e-06,-7.859838747100733e-06,2358515859974.725,2763184698719.6167,3221950233945.9023,14.039590340339416,6.075705777107974,33112596485238.46,38793981204717.62,45234861381561.21,0.0002048199075761,0.0002399624459653,0.0002798028880496,0.000125620019173,0.0001471736191062,0.0001716085344312
736,736,0.02,2040,100000.0,17.15,2.43,0.81,1.98181774079886,,1348.0,0.3896623061648155,2040.0,0.1446620815838741,0.000403793559056,0.0003847231650347,3.867621687493128e-06,4.049632580450843e-06,2123659568598.2449,2477919755453.308,2894495753292.471,14.101829433563216,5.494951378225117,29947485011326.887,34943201741459.22,40817685409103.51,0.0001848128152566,0.0002156425317677,0.0002518953210883,0.0001132328560474,0.0001321218970851,0.0001543335974413
737,737,0.02,2044,100000.0,17.15,2.43,0.81,1.98433038297522,,1626.0,0.4715509200945255,2044.0,0.1478421156398326,0.0003574572647298,0.0004387250887593,5.7871406047160016e-06,3.054548509792921e-06,2569952514515.165,2986423745368.951,3494771912203.494,13.825559727375085,6.519455410265539,35531031985947.195,41288979862849.63,48317177805722.24,0.000224115835479,0.0002604347158196,0.0003047658361344,0.0001371718231334,0.0001594010735558,0.0001865342771607
738,738,0.02,2048,100000.0,17.15,2.43,0.81,1.98684435208453,,1575.0,0.4582477138239685,2048.0,0.1739023015104521,0.0004155417541417,0.0004306187181916,-7.800240433024457e-06,9.914672022297572e-06,2497450040340.629,2890279397526.309,3388394633295.4097,11.776727405053393,5.396658409693795,29411788332831.184,34038032589109.293,39904199937065.9,0.0002182460465074,0.0002525744425806,0.0002961035138956,0.0001334410165732,0.0001544302447523,0.0001810449927384
739,739,0.02,2052,100000.0,17.15,2.43,0.81,1.99171610403242,,1760.0,0.5137873606559544,2052.0,0.1269670419378599,0.0003160449944329,0.0003871356199964,-2.6067416298033816e-06,3.739539906200588e-06,2800141115574.952,3227247383673.844,3790340628826.673,16.161674468278846,8.303664068837714,45254969175165.55,52157721643541.26,61258251366988.04,0.0002452048719873,0.00028260603624,0.0003319154108021,0.0001497680378795,0.0001726121964768,0.0002027297394823
740,740,0.02,2056,100000.0,17.15,2.43,0.81,1.99424960220818,,1792.0,0.5249884879801968,2056.0,0.1654577610352134,0.0003404546066356,0.0004136030141911,-2.4324937558444303e-06,-4.711377163286434e-07,2861187259492.0728,3283980188045.9907,3864056344452.237,12.426132126630389,6.523576316601836,35553490925480.01,40807171717895.99,48015274680907.92,0.000251068662461,0.0002881686651671,0.0003390702425565,0.0001531884924739,0.0001758249036836,0.0002068822878605
741,741,0.02,2060,100000.0,17.15,2.43,0.81,1.99677823265283,,1777.0,0.5224057803446656,2060.0,0.1609591047135836,0.0003281745554064,0.0004281058974088,1.5999650680914874e-06,-3.020235797619425e-06,2847111502878.4272,3254266783496.196,3836172946414.096,12.798281921769115,6.685896454412822,36438135676549.88,41649023743833.09,49096422868871.3,0.000250351160624,0.0002861529888819,0.0003373209473947,0.0001525897710909,0.0001744110910516,0.0002055981127423
742,742,0.02,2064,100000.0,17.15,2.43,0.81,1.99930776680493,,1714.0,0.5055765713348171,2064.0,0.1614063025817813,0.0003429255832595,0.0004113724226571,4.2045161251675305e-06,-1.50553417680979e-07,2755392313774.7534,3136310317837.77,3704003217091.048,12.787604740243724,6.465113360157278,35234867812857.164,40105896687257.56,47365329096751.484,0.0002427625027939,0.0002763230987074,0.0003263394061319,0.0001478205244265,0.0001682559081077,0.0001987113396851
743,743,0.02,2068,100000.0,17.15,2.43,0.81,2.00184408840046,,1827.0,0.5406741776371764,2068.0,0.1635887402308071,0.0003705128664645,0.000390054120637,-6.195917220038488e-06,6.061111247723747e-06,2946674268122.612,3340004561980.201,3951954345817.114,12.64145684527102,6.834909283952763,37250255597542.56,42222523533281.055,49958460317128.32,0.0002601267432134,0.0002948491858856,0.0003488709371194,0.0001582392457443,0.000179361461288,0.0002122237539667
744,744,0.02,2072,100000.0,17.15,2.43,0.81,2.0043751062766,,1752.0,0.5201548075618891,2072.0,0.1564204562478153,0.0004139659953755,0.0004339801752623,8.799103369939298e-07,6.954471350540811e-06,2834843701212.296,3199747651094.5786,3793136201222.278,13.246349292814694,6.890152267301594,37551329856793.68,42384975035262.15,50245207036610.53,0.0002507573909628,0.0002830351360764,0.0003355235905875,0.0001523842434719,0.0001719992974938,0.0002038963171628
745,745,0.02,2076,100000.0,17.15,2.43,0.81,2.0069127312489,,1705.0,0.5078132986768896,2076.0,0.1708184493727458,0.0004009945757401,0.0004687774559066,-1.422016451263245e-06,1.615980331131454e-06,2767582477789.049,3110649889523.4165,3694511850913.065,12.153253981775268,6.171583994143342,33635132768081.22,37804518155759.26,44900340862825.12,0.0002453093415041,0.0002757177002574,0.0003274692901115,0.0001489150097438,0.0001673744007001,0.0001987901978325
746,746,0.02,2080,100000.0,17.15,2.43,0.81,2.00945084213495,,1774.0,0.5300190470734899,2080.0,0.1729648170767177,0.0003117472452727,0.000478229445668,-3.058461398258919e-06,-4.023098463824543e-06,2888603806550.52,3232918045271.769,3847062808318.039,12.025567020820343,6.373779572893585,34737098672270.04,38877672626235.16,46263111634733.9,0.0002565619262506,0.000287143456373,0.000341690972736,0.0001555798179832,0.0001741245372237,0.0002072022927239
747,747,0.02,2084,100000.0,17.15,2.43,0.81,2.01444614549323,,1765.0,0.5290823111366492,2084.0,0.1722516507657019,0.0004149182958339,0.0004213074075079,2.634032989544755e-06,2.897676138100361e-06,2883498595694.738,3213473539987.984,3831276264318.301,12.098577811800908,6.401143510134207,34886232130231.43,38878459669707.94,46352994002360.87,0.000256630302678,0.0002859979500063,0.0003409821627183,0.0001554535512915,0.0001732429745305,0.000206549606841
748,748,0.02,2088,100000.0,17.15,2.43,0.81,2.01699648624426,,1746.0,0.5251769789227503,2088.0,0.155078008104283,0.0003706006810975,0.000400229988388,3.672354620188706e-07,-2.4571254196913103e-06,2862214535128.989,3176124409881.455,3794075292602.628,13.464191509320347,7.071083420502204,38537404641737.01,42763947312070.98,51084156340382.414,0.0002552561069248,0.0002832510079258,0.0003383606912351,0.0001544539816206,0.0001713935329472,0.0002047400809124
749,749,0.02,2092,100000.0,17.15,2.43,0.81,2.01955316934847,,1730.0,0.522169981094281,2092.0,0.1668081020120553,0.0003790733698711,0.0004525336451175,-1.571146161262869e-06,-3.598519616171159e-06,2845826396963.8315,3144387545548.6587,3763481643130.4,12.54135725283182,6.548720279607816,35690525523862.59,39434887550080.71,47199167800972.85,0.0002543094204368,0.0002809895133414,0.0003363131484444,0.0001537156183171,0.0001698422209831,0.0002032822200314
750,750,0.02,2096,100000.0,17.15,2.43,0.81,2.02210370595017,,1786.0,0.54092353510016,2096.0,0.1715851182630103,0.0003479267153916,0.0004337303189771,4.794049986387087e-06,-7.438531923694771e-06,2948033266295.872,3243279064921.892,3889457250502.506,12.21551158525994,6.607657709755766,36011734518168.93,39618312991784.39,47511710103886.63,0.0002639737806865,0.0002904107787306,0.0003482710819352,0.0001593864052875,0.0001753489682129,0.0002102848081006
751,751,0.02,2100,100000.0,17.15,2.43,0.81,2.02466039073176,,1694.0,0.5147498592860171,2100.0,0.1721985217518522,0.0003449559937163,0.0004271883645323,-1.589168532022094e-06,1.7571714716863347e-06,2805386733108.793,3073929834770.815,3692514093196.703,12.195226640947698,6.277491197388915,34212327025769.586,37487271013401.0,45031046241427.26,0.000251708153254,0.0002758026880256,0.0003313040203313,0.0001518173211919,0.0001663498966253,0.0001998254256628
752,752,0.02,2104,100000.0,17.15,2.43,0.81,2.02721689950583,,1732.0,0.5279813604918177,2104.0,0.1644980510591267,0.0004056427553611,0.0004831510590917,-4.183102419039513e-06,-1.377430584737894e-06,2877498414680.4062,3140487794027.7583,3778460448707.985,12.790425092901216,6.753106041818668,36804427927911.73,40168173884682.63,48328115335689.4,0.0002586763454879,0.0002823181070975,0.0003396694627027,0.0001558634713606,0.0001701086356279,0.0002046652602587
753,753,0.02,2108,100000.0,17.15,2.43,0.81,2.02977310298733,,1606.0,0.49109979513548,2108.0,0.1618824493862121,0.0004233649132965,0.0004693874340575,-3.1041135777133865e-06,-3.665581060556451e-07,2676493883488.3657,2909526015917.086,3506178002781.9663,13.021794567555778,6.39500064442295,34852753512105.07,37887250068231.32,45656729669509.78,0.0002410718910707,0.000262061102812,0.0003158015666599,0.0001451097330001,0.0001577438849874,0.0001900921787915
754,754,0.02,2112,100000.0,17.15,2.43,0.81,2.03233521383596,,1562.0,0.4791212608546119,2112.0,0.1600434566421427,0.0003576404250164,0.0004205789251416,8.41022461047792e-06,3.4005701806974507e-06,2611210871657.636,2827255258678.684,3412519252972.752,13.196415800506196,6.322683377100251,34458624405196.37,37309635967691.62,45033022989461.22,0.0002356557689057,0.0002551532773965,0.0003079720053228,0.0001416996985886,0.0001534235409082,0.0001851834161777
755,755,0.02,2116,100000.0,17.15,2.43,0.81,2.03745069602055,,1604.0,0.4936249052240706,2116.0,0.1560047747761928,0.0004236848013681,0.0003996621523864,-3.6946902253664425e-06,6.887768492164664e-06,2690255733471.1846,2900568532399.709,3507435716861.977,13.56368741300163,6.695373913731848,36489787829838.57,39342404893458.54,47573761684713.15,0.0002432779351092,0.0002622963736962,0.0003171749466455,0.0001461210839454,0.0001575442114067,0.0001905061672912
756,756,0.02,2120,100000.0,17.15,2.43,0.81,2.04003001214845,,1758.0,0.5428311757613941,2120.0,0.1621505185439673,0.0004778989214404,0.0003871878777522,-5.475007065858995e-06,3.5482348799548854e-06,2958429907899.5977,3175620050008.481,3847848338897.148,13.0742720963002,7.097122494259023,38679317593711.68,41518920608277.336,50307816168038.055,0.0002680681534726,0.0002877481060691,0.0003486598064387,0.0001608323089999,0.0001726396504394,0.0002091847203727
757,757,0.02,2124,100000.0,17.15,2.43,0.81,2.04260218266353,,1678.0,0.5198466265220989,2124.0,0.1559081438495013,0.0003714835825147,0.0004242894781397,1.8732299945885184e-06,8.726932981584894e-08,2833164114545.439,3027667104607.998,3676092303112.03,13.623406369652532,7.082081843003544,38597346044369.31,41247139318104.04,50080899297647.08,0.0002572275369032,0.0002748867769018,0.0003337583459086,0.0001541597942412,0.0001647432054786,0.000200025699235
758,758,0.02,2128,100000.0,17.15,2.43,0.81,2.04517995483563,,1747.0,0.5428890616327282,2128.0,0.146536252727401,0.0003715348698102,0.0003581326416523,-2.1132422221433883e-06,3.27600731389624e-06,2958745385898.3687,3147780928133.066,3829814827945.749,14.522003670714057,7.883836945820989,42966911354724.39,45712086192952.086,55616584989583.28,0.0002691639061994,0.0002863609063877,0.0003484071066147,0.0001611367893984,0.000171431889647,0.0002085762662469
759,759,0.02,2132,100000.0,17.15,2.43,0.81,2.04775676532043,,1750.0,0.5454316759829151,2132.0,0.1716555709740532,0.0004213070103864,0.0005083545829226,-1.3947555575521156e-06,3.982517643875997e-06,2972602634106.887,3148368537072.262,3838486611690.277,12.420220257938873,6.774381551364552,36920379454936.81,39103430683602.28,47674849174342.71,0.0002709511760541,0.0002869721462208,0.000349876047936,0.0001620342532731,0.0001716151156834,0.0002092329141768
760,760,0.02,2136,100000.0,17.15,2.43,0.81,2.0503324759798,,1753.0,0.5479336120927417,2136.0,0.1816523781999421,0.0003561697470415,0.0003982086309304,5.279691692251397e-06,2.773430012248063e-06,2986238185905.4424,3148590142979.4893,3846786431001.8193,11.758723013518356,6.442999574395162,35114347680453.64,37023399374389.97,45233296134311.234,0.0002727124217525,0.0002875388999615,0.0003513003244399,0.0001629192509752,0.0001717766352809,0.0002098679090497
761,761,0.02,2140,100000.0,17.15,2.43,0.81,2.05291352466854,,1727.0,0.5413201187300433,2140.0,0.1807154799012096,0.0003567695970248,0.0003477336484173,4.770032742281713e-07,-1.14850023877724e-06,2950194647078.736,3096538474171.084,3791160880874.963,11.841818980697491,6.410214856610846,34935670968529.12,36668648077899.2,44894240878022.96,0.000269934885219,0.0002833249522804,0.0003468810365577,0.0001610931027803,0.000169084094562,0.0002070134152146
762,762,0.02,2144,100000.0,17.15,2.43,0.81,2.05814131396956,,1818.0,0.5715380114984793,2144.0,0.1624753059600152,0.0004459380001685,0.0004694302245709,2.6442113354615632e-06,6.8628224027637225e-06,3114882162666.712,3254562493347.114,3993084657251.9497,13.195851439280458,7.5419306916357,41103522269414.56,42946723162062.7,52692151921566.86,0.0002855644485596,0.0002983699848599,0.0003660758123908,0.0001717683803347,0.0001794709716087,0.0002201963503905
763,763,0.02,2148,100000.0,17.15,2.43,0.81,2.06073846590942,,1810.0,0.5707573095102701,2148.0,0.1620592512244911,0.0003551929333513,0.0004702250279227,1.3815350474573233e-06,-4.725504732444007e-06,3110627336830.972,3235385225571.9414,3977934842446.464,13.25441148080156,7.565052235924335,41229534685787.625,42883127078636.48,52725185245602.96,0.0002857369192491,0.0002971969660245,0.0003654063067588,0.000173247673983,0.0001801961161122,0.0002215527236419
764,764,0.02,2152,100000.0,17.15,2.43,0.81,2.0633407928715,,1819.0,0.5753728124231657,2152.0,0.163655061855934,0.0003066515659823,0.0003892463006709,6.9321156024192615e-06,-3.535328436152574e-06,3135781827706.2534,3247973943556.541,4000329131294.552,13.149608546140852,7.565927251456758,41234303520439.336,42709585925833.91,52602762132247.05,0.00028861640541,0.0002989425336202,0.0003681890762074,0.0001755833584952,0.0001818653862574,0.0002239923765592
765,765,0.02,2156,100000.0,17.15,2.43,0.81,2.06593479278044,,1806.0,0.5730439498006877,2156.0,0.1675501089989666,0.0003812078583789,0.0003989185422181,2.965848953611675e-06,8.7251025411589e-07,3123089526413.748,3221307837272.4087,3974403276565.953,12.867792285430848,7.373810516458112,40187267314696.7,41451120137451.83,51141795821386.45,0.0002880164915501,0.0002970743469399,0.0003665260563428,0.0001749878989174,0.0001804911083858,0.0002226873334673
766,766,0.02,2160,100000.0,17.15,2.43,0.81,2.0685337389747,,1764.0,0.5614491708515885,2160.0,0.1681462020328581,0.0003687929999868,0.0004229913961652,1.1428371664165285e-06,1.379980232286239e-05,3059897981141.157,3142882829346.4326,3884449257499.4297,12.845963654759837,7.212355642754552,39307338253012.31,40373358596953.04,49899493980596.51,0.0002827478516647,0.0002904160117456,0.0003589399676812,0.0001715602965479,0.0001762130350558,0.0002177906814702
767,767,0.02,2164,100000.0,17.15,2.43,0.81,2.07113757726197,,1838.0,0.5867690306705818,2164.0,0.1665194706201873,0.0004366168435323,0.0003511612903255,3.7586031467019257e-06,-3.447430430346463e-06,3197891217154.6714,3270774948455.586,4049660173553.925,12.99547729728163,7.625343616827495,41558122711709.85,42505281587172.06,52627266847125.62,0.0002960756839077,0.0003028235996827,0.0003749364265573,0.0001794328213407,0.0001835223080208,0.000227225349791
768,768,0.02,2168,100000.0,17.15,2.43,0.81,2.07373261653831,,1791.0,0.5734218729262871,2168.0,0.1687432464991616,0.0003687045210668,0.0004700216099724,-7.059989151822207e-08,-1.0121335770624218e-06,3125149207448.2646,3181735115133.6934,3947802457745.971,12.847921590810282,7.367279261812515,40151671976878.2,40878683281965.42,50721056433128.36,0.0002899066344015,0.0002951558653862,0.0003662206339075,0.0001754840155703,0.0001786614389975,0.0002216778086347
769,769,0.02,2172,100000.0,17.15,2.43,0.81,2.07633916158625,,1879.0,0.6033448026602307,2172.0,0.1844275609819305,0.0003561877267965,0.000403094701447,2.2838326960858494e-06,2.73065935388649e-06,3288229174498.2573,3332109880601.997,4143562153220.335,11.776981642200449,7.10558066484659,38725414623413.91,39242196893644.445,48798655411792.45,0.0003056183077672,0.0003096967178875,0.0003851156309957,0.0001847953048234,0.0001872613581396,0.0002328641924041
770,770,0.02,2176,100000.0,17.15,2.43,0.81,2.08169409330203,,1808.0,0.5823284696503415,2176.0,0.1875207291300284,0.0003886918880537,0.0004184407511324,-5.142792989915959e-06,6.319024465281375e-06,3173690159594.361,3200929754563.93,3989337423852.375,11.604050443357348,6.75736893642565,36827660703519.8,37143750337603.3,46292472701956.2,0.0002955242646999,0.0002980607319886,0.0003714748288392,0.0001785208525059,0.0001800530864264,0.0002244012118469
771,771,0.02,2180,100000.0,17.15,2.43,0.81,2.08431552800331,,1846.0,0.5964487271225005,2180.0,0.1655750290956348,0.0003367854297735,0.0004505663838104,-7.592891863101522e-06,-2.0487191466616286e-06,3250645562817.628,3263066599160.803,4075938856575.248,13.166236550928518,7.852985031795057,42798768423283.06,42962306725984.98,53664775152790.83,0.0003032571776777,0.000304415953174,0.0003802499196377,0.0001830163872881,0.0001837157109005,0.0002294816798454
772,772,0.02,2184,100000.0,17.15,2.43,0.81,2.08693452270082,,1773.0,0.574627983596284,2184.0,0.1674528633702721,0.0003963472650449,0.0004990820703901,-1.3852562382830786e-06,-8.033185615309808e-07,3131722510599.748,3129566693547.056,3917061848905.522,13.042476288809318,7.494571850940843,40845416587627.59,40817299394834.85,51088186286149.85,0.0002927235144348,0.0002925220092433,0.0003661295363141,0.0001764786189831,0.0001763571345237,0.0002207340092318
773,773,0.02,2188,100000.0,17.15,2.43,0.81,2.08955792453638,,1846.0,0.600053649967621,2188.0,0.1682293323437989,0.0003706002549894,0.0004384203446323,5.2490174131448685e-06,-7.408464945832033e-06,3270292392323.5347,3253884461930.67,4080187819017.4287,13.00605530270151,7.804330956066773,42533603710563.92,42320201260471.445,53067148419549.73,0.0003062636028613,0.0003047269965659,0.0003821104879601,0.0001844523604025,0.0001835269136451,0.0002301324113617
774,774,0.02,2192,100000.0,17.15,2.43,0.81,2.09217863907272,,1763.0,0.5747192558151499,2192.0,0.1882982708225427,0.0003427419833799,0.0003621972915997,9.656790588135883e-06,1.80461867127048e-06,3132219944192.567,3102945735583.1025,3898158800092.698,11.641105308214962,6.690367379603095,36462502218836.87,36121718073599.44,45378877100023.984,0.0002938979467126,0.0002911511313691,0.0003657664173396,0.0001768217197805,0.0001751691168331,0.0002200609009875
775,775,0.02,2196,100000.0,17.15,2.43,0.81,2.09479650912681,,1862.0,0.6086863170417393,2196.0,0.1770549448356178,0.0003590453025599,0.0004550495673583,-5.154674454482049e-06,3.1310070231314984e-06,3317340427877.479,3271975664673.3496,4118208183356.4326,12.402929508909343,7.549493483306337,41144739484019.54,40582083523810.36,51077845801183.445,0.0003118680433529,0.0003076032353703,0.0003871587966885,0.0001874373066422,0.0001848740939674,0.0002326881629614
776,776,0.02,2200,100000.0,17.15,2.43,0.81,2.09741847379187,,1859.0,0.6092954818473335,2200.0,0.1839341575350772,0.000330978437694,0.0003654079037937,-6.001559065675345e-07,1.509691431347687e-06,3320660376067.968,3260380460112.467,4111979591589.713,11.960801786261197,7.287662487640462,39717760557640.53,38996764431204.3,49182572844155.82,0.000312783216409,0.0003071052656817,0.0003873200077115,0.0001877904164537,0.000184381458825,0.0002325412034061
777,777,0.02,2204,100000.0,17.15,2.43,0.81,2.10289476177627,,1889.0,0.6208424401442523,2204.0,0.1619327511234587,0.0003036663705649,0.0004441610958944,-3.5502193266716983e-06,-5.136974771469073e-06,3383591298786.176,3306056631847.844,4179360879794.752,13.610588251660433,8.450030821959556,46052667979679.58,44997375552752.33,56883560089983.66,0.0003193221302523,0.0003120048945613,0.0003944218735011,0.0001915121837055,0.0001871237005623,0.0002365529574657
778,778,0.02,2208,100000.0,17.15,2.43,0.81,2.10553041825287,,1835.0,0.6048103020877639,2208.0,0.1813099081828113,0.0004167338183771,0.0003379241668856,-5.891008414626276e-06,-1.1068910089411055e-05,3296216146378.313,3204987378901.7646,4061162562905.8887,12.178043782216886,7.36540633876061,40141464546245.33,39030476621718.24,49457015497768.055,0.000311673971783,0.0003030478286426,0.0003840035391575,0.0001867256800299,0.0001815577077584,0.0002300587423867
779,779,0.02,2212,100000.0,17.15,2.43,0.81,2.10816995675061,,1879.0,0.6210888015838792,2212.0,0.182551074719413,0.0002902738263968,0.0003806443196495,4.367585252389449e-06,-3.1500363655244765e-06,3384933968632.142,3275131014098.3003,4159918587038.204,12.11715681981011,7.52583040781979,41015775722617.85,39685276103252.82,50406385876784.81,0.0003206617753255,0.0003102599150047,0.0003940776664156,0.0001918766279296,0.0001856523940603,0.0002358070078587
780,780,0.02,2216,100000.0,17.15,2.43,0.81,2.11081331072047,,1780.0,0.5899827401693177,2216.0,0.1915712344389248,0.0003870452348425,0.000419554355985,1.7353185467418068e-06,-4.924632622984495e-06,3215405933922.7817,3095937938450.206,3941554935341.501,11.567498672179234,6.824624563517249,37194203871169.01,35812257992172.07,45593931480884.31,0.0003051569170715,0.0002938188509187,0.0003740718208694,0.0001823495414288,0.0001755743675821,0.0002235303254849
781,781,0.02,2220,100000.0,17.15,2.43,0.81,2.11345312535308,,1843.0,0.612559015554029,2220.0,0.1708934528037389,0.0003791410927444,0.0003772423873474,-5.600075336858605e-07,-9.408964638014409e-06,3338446634769.458,3199955108225.342,4081976974194.248,12.990550331670926,7.957478722673407,43368259038570.06,41569177892488.79,53027127335992.16,0.0003174122675105,0.0003042447934483,0.0003881055200375,0.0001894132625314,0.0001815556764306,0.000231598902378
782,782,0.02,2224,100000.0,17.15,2.43,0.81,2.1160965544645,,1893.0,0.6309313277251912,2224.0,0.1719702074788074,0.0003468389996419,0.0004437613451466,7.579777487929164e-07,2.0095145568016263e-06,3438575736102.292,3281045048222.146,4193856053884.443,12.93247262188756,8.159502122097203,44469286565429.75,42432025257312.65,54236928596997.95,0.0003275540137913,0.00031254785628,0.0003995009821333,0.0001951057943245,0.000186167456958,0.0002379606207549
783,783,0.02,2228,100000.0,17.15,2.43,0.81,2.11873617584526,,1911.0,0.6386783635981029,2228.0,0.1661825875444265,0.0003571328428389,0.0004305076467648,8.34309178305273e-08,7.238419531629998e-06,3480797081609.661,3306263919225.3013,4235406306628.1206,13.406940118827894,8.562722575950755,46666838038931.61,44326882382094.84,56783838731869.23,0.000332207681269,0.0003155502158033,0.0004042276741127,0.0001975131010632,0.0001876094539006,0.000240332376255
784,784,0.02,2232,100000.0,17.15,2.43,0.81,2.12433937210387,,1823.0,0.610971838412925,2232.0,0.1933646885331654,0.0003384887699052,0.0004129942561782,4.150652183226731e-06,8.251745086743792e-07,3329796519350.4414,3148420261623.8926,4042156465936.893,11.542955525807768,7.052420758321404,38435693132851.65,36342075056476.65,46658432314665.86,0.0003184000703054,0.0003010566041578,0.0003865169824824,0.0001888708305124,0.0001785829092436,0.0002292769075665
785,785,0.02,2236,100000.0,17.15,2.43,0.81,2.12699896312527,,1877.0,0.630867806603833,2236.0,0.1781291814290853,0.0003918614847674,0.0004499233435812,-1.8989971517124969e-06,5.209633468423555e-06,3438229545990.8896,3236062951066.492,4163963752990.612,12.552687785690916,7.919086610341554,43159022026361.47,40621287879579.26,52268936942224.97,0.0003293917159643,0.0003100236078372,0.0003989190213929,0.000194857286824,0.0001833997521695,0.0002359873500266
786,786,0.02,2240,100000.0,17.15,2.43,0.81,2.1296543824546,,1877.0,0.6327037919647891,2240.0,0.1726298393896286,0.0003395804858957,0.0003899454961291,-3.682634867707393e-06,-6.217294181046116e-06,3448235666208.1006,3230553483150.527,4166229998596.501,12.975740508825249,8.209800223484855,44743411217992.47,41918823697242.79,54059919361871.56,0.0003309776354414,0.000310083490957,0.0003998940580407,0.0001952601497312,0.000182933655903,0.0002359173711102
787,787,0.02,2244,100000.0,17.15,2.43,0.81,2.13231297181552,,1825.0,0.6168711712252085,2244.0,0.1728029750320274,0.0003927570537613,0.0004199914513913,-4.152536269173584e-06,2.487336051832364e-06,3361947883177.386,3135159227631.792,4052369893109.017,12.985887538013134,8.010619654973002,43657877119602.86,40712825143790.57,52623619694344.01,0.0003232989642219,0.0003014900189369,0.0003896928312429,0.0001900876883903,0.0001772648449721,0.0002291247967697
788,788,0.02,2248,100000.0,17.15,2.43,0.81,2.13497465690059,,1756.0,0.595131591535292,2248.0,0.1932658169998831,0.0003492171215424,0.0003943169107448,-3.4236288980846886e-06,1.3679635883830869e-06,3243467173867.342,3010630132802.2534,3900290646866.988,11.631648239178064,6.922361328760719,37726869241745.92,35018590683025.76,45366808834913.08,0.000312489903691,0.0002900573583197,0.0003757711680963,0.0001831132775472,0.000169968222753,0.0002201949227324
789,789,0.02,2252,100000.0,17.15,2.43,0.81,2.13763178087011,,1949.0,0.6622571161378941,2252.0,0.1780132466274153,0.0003696484498362,0.0004461356937945,-5.18382805936244e-07,5.269026660804805e-06,3609301282951.5225,3334577827914.441,4329781439183.983,12.650743934317838,8.378045194940288,45660346312424.56,42184890229999.37,54774956278678.734,0.0003483730101083,0.0003218564548319,0.0004179144036006,0.0002035039498094,0.0001880141627779,0.0002441269252992
790,790,0.02,2256,100000.0,17.15,2.43,0.81,2.14029939748533,,1853.0,0.6312306863145417,2256.0,0.1888344667995625,0.0003914954230097,0.0004402656450601,1.2232856945133508e-07,2.6666427777031336e-06,3440207240414.2524,3163461970712.7856,4116210688003.158,11.946971536687853,7.541295042483767,41100057981536.54,37793790121500.11,49176251928584.055,0.0003326461371375,0.000305886631531,0.0003980113665604,0.0001937605669416,0.0001781736221419,0.0002318346718154
791,791,0.02,2260,100000.0,17.15,2.43,0.81,2.1429622327596,,1856.0,0.6338647664304011,2260.0,0.1465874874529618,0.0004150007031897,0.0004406517374051,7.206240624646561e-07,7.751687088961895e-06,3454562977045.686,3161708246645.942,4122620036616.496,15.41741412769086,9.772555605009533,53260428047301.95,48745365389475.84,63560140395632.57,0.0003346331010453,0.0003062651461866,0.0003993457744008,0.0001943593755546,0.0001778828883963,0.0002319453607561
792,792,0.02,2264,100000.0,17.15,2.43,0.81,2.1487071089915,,1801.0,0.6167561961378434,2264.0,0.183546991735966,0.000400132659218,0.0004671748614133,-7.679250248637388e-07,-4.332404842783414e-06,3361321268951.2466,3061819962397.502,4000870195367.6777,12.334715914368047,7.607512467786558,41460942949436.734,37766679417114.24,49349597270122.48,0.0003262098604948,0.0002971438261555,0.0003882768720576,0.0001890747231622,0.0001722277388688,0.0002250494267194
793,793,0.02,2268,100000.0,17.15,2.43,0.81,2.15138114921377,,1837.0,0.6308634921414902,2268.0,0.1735205673226119,0.0003588801893897,0.0004292967000695,1.7862171494502136e-08,-5.9456679441276645e-08,3438206032171.121,3116970302084.028,4081667281523.2407,13.07049668517567,8.245699182833695,44939060546443.625,40740350001180.29,53349418673139.5,0.0003342964421705,0.0003030627229979,0.0003968601176222,0.0001933599097579,0.0001752940605332,0.0002295472725695
794,794,0.02,2272,100000.0,17.15,2.43,0.81,2.15405772683046,,1897.0,0.6532243197239181,2272.0,0.1853070661391029,0.0003889194700541,0.0004385031550637,7.0015666756392375e-06,-1.3580445011487162e-07,3560072542495.354,3212039300450.0464,4215244986852.5176,12.26073051253478,8.009007348368819,43649090048610.055,39381948258488.75,51681982828111.92,0.0003467897110577,0.0003128874953004,0.0004106106191879,0.000200216890228,0.0001806436560911,0.000237063495966
795,795,0.02,2276,100000.0,17.15,2.43,0.81,2.1567367606925,,1767.0,0.6100247437801745,2276.0,0.1877736734586506,0.0003285354261803,0.0003747980767183,-7.0611227856229775e-06,4.589714947824992e-06,3324634853601.951,2985225857332.282,3926116549853.317,12.120974991210336,7.394094663378989,40297815915415.49,36183847959839.03,47588360513349.08,0.0003244542603596,0.0002913310153438,0.000383153428079,0.0001870205758504,0.000167927812667,0.0002208557060677
796,796,0.02,2280,100000.0,17.15,2.43,0.81,2.1594103182928,,1900.0,0.6575824340115483,2280.0,0.176027455384883,0.0003546666377769,0.0004216189409302,-4.438888420525294e-06,7.784035556581757e-07,3583824265362.938,3202440656883.7466,4221027446132.449,12.952524905928977,8.517352854235977,46419573055586.07,41479692368046.28,54672963124640.33,0.0003503966046496,0.000313108079436,0.0004126970453189,0.0002016488451528,0.0001801897672194,0.0002375019662926
797,797,0.02,2284,100000.0,17.15,2.43,0.81,2.16209398331161,,1807.0,0.6269360251266569,2284.0,0.1834151889079294,0.0003080409685826,0.0004115676997245,-6.123921584970583e-06,-7.78207368278747e-06,3416801336940.2803,3038400821787.707,4013658276011.06,12.45262190988185,7.806997282586447,42548135190096.13,37836056644396.62,49980568986633.945,0.0003346809567913,0.0002976160431563,0.0003931440138255,0.0001923255199868,0.0001710260446403,0.0002259215092892
798,798,0.02,2288,100000.0,17.15,2.43,0.81,2.16477985579773,,1886.0,0.6561074236630862,2288.0,0.1770325421666712,0.0004080361002132,0.000475519099038,-3.742954816647398e-06,-1.6155728284519187e-06,3575785458963.82,3164298539991.6914,4189269085438.1606,12.92417750995132,8.47964880901856,46214086009151.16,40895956025332.414,54142857297154.2,0.0003508991262714,0.0003105190749522,0.0004111015268298,0.000201352422735,0.0001781816008248,0.0002358976760553
799,799,0.02,2292,100000.0,17.15,2.43,0.81,2.17064802790797,,1897.0,0.6618326863062346,2292.0,0.1984903489055796,0.0003237073064497,0.0003870863903485,-3.452756108800793e-06,-4.655038893142831e-06,3606988140368.9785,3176296079880.17,4214582708041.525,11.54716092060621,7.642288531295181,41650472495558.734,36677201965867.0,48666464742959.78,0.0003545985246774,0.0003122577230733,0.0004143303920732,0.0002032030437385,0.0001789396044924,0.000237432450852
800,800,0.02,2296,100000.0,17.15,2.43,0.81,2.17335195265406,,1828.0,0.639637335286518,2296.0,0.1736808997734442,0.0003903945682497,0.0004120450825234,-1.9181124241235098e-06,2.0913842140125866e-06,3486023477311.523,3054684376880.5186,4062376279199.3735,13.219645931101155,8.455779096800805,46083996077564.38,40381845893626.82,53703176049919.86,0.0003433093342291,0.0003008303491162,0.0004000695075283,0.0001964933266733,0.0001721804511808,0.0002289800497599
801,801,0.02,2300,100000.0,17.15,2.43,0.81,2.17604981157174,,1909.0,0.6699179129935077,2300.0,0.1783485657851997,0.0003281721383959,0.0004632652104395,3.0092462920534653e-06,-1.5481674872604831e-06,3651052625814.617,3183488617665.409,4243310377770.1694,12.89609473378151,8.639324869821474,47084320540527.04,41054570797328.266,54722132616562.33,0.0003601951278062,0.0003140675325801,0.000418624402463,0.0002059053912379,0.0001795365710938,0.0002393064611836
802,802,0.02,2304,100000.0,17.15,2.43,0.81,2.17874950360458,,1869.0,0.6576639442700832,2304.0,0.1691023075400153,0.0003807870697709,0.0004018186602046,-2.6419412139576647e-06,-5.20836870648367e-06,3584268496271.9536,3109740931067.553,4154521251150.852,13.624887995421329,8.9605975793069,48835256807222.6,42369871880572.65,56604886721528.04,0.0003542515650546,0.0003073515817498,0.0004106125578493,0.0002022517154712,0.0001754752576805,0.0002344297172158
803,803,0.02,2308,100000.0,17.15,2.43,0.81,2.18145093996494,,1820.0,0.6420876310008206,2308.0,0.2194727043197417,0.0003276572038788,0.0003316961633379,1.409698684021078e-06,1.77141317956621e-07,3499377588954.472,3020940247508.092,4045217326298.139,10.516114097895104,6.7522667884518,36799853997062.31,31768552325718.57,42539966954133.41,0.0003464934228438,0.0002991206007233,0.0004005401423271,0.0001975716713671,0.0001705595348396,0.0002283892857754
804,804,0.02,2312,100000.0,17.15,2.43,0.81,2.18414586892674,,1849.0,0.6539416178268556,2312.0,0.1542372907420031,0.0004308943087517,0.0004457394351816,-2.4986677807775423e-06,3.060850257976408e-06,3563981817156.363,3061283440435.1167,4109710463096.256,14.989889856580438,9.802512823858583,53423694890029.28,45888301591896.02,61604107184249.07,0.0003535335463826,0.0003036677645126,0.00040766776857,0.0002012839438049,0.0001728929146128,0.0002321052048936
805,805,0.02,2316,100000.0,17.15,2.43,0.81,2.18684229136386,,1873.0,0.6639859990718824,2316.0,0.1797596428586985,0.0003888563943049,0.0004668367841171,2.565631455125751e-07,9.177527225492114e-06,3618723694941.759,3092638720626.482,4162495547854.982,12.88387072408967,8.554709774647655,46623168271829.72,39845157472865.664,53629054528162.4,0.0003596164390089,0.0003073359055866,0.0004136546342022,0.0002043931615378,0.0001746787704423,0.0002351065449131
806,806,0.02,2320,100000.0,17.15,2.43,0.81,2.1928483402054,,1824.0,0.6482389519493377,2320.0,0.1753200149441909,0.0004269542317151,0.0003943920234291,-5.014894594655694e-06,-4.230424022369128e-06,3532902288123.8906,3004000157162.243,4053684234864.154,13.232944343168796,8.578109972219657,46750699348597.13,39751766886598.28,53642177864738.125,0.0003517273468123,0.0002990711089447,0.0004035751584572,0.000199562920157,0.0001696868451558,0.0002289803106141
807,807,0.02,2324,100000.0,17.15,2.43,0.81,2.19556172859706,,1839.0,0.6552657335766683,2324.0,0.2079515003256347,0.0003974462914645,0.000495670164165,1.9121249246600594e-06,-5.343192491193871e-06,3571198247992.842,3021103392219.39,4087422102760.372,11.175682773919927,7.323041971072776,39910578742346.63,33762893138657.297,45679732783558.66,0.0003561832468188,0.0003013180284295,0.0004076702480739,0.0002015986004602,0.0001705450589474,0.0002307400816714
808,808,0.02,2328,100000.0,17.15,2.43,0.81,2.19828470873631,,1913.0,0.6834393340622397,2328.0,0.1982256776154827,0.0003318642883843,0.0004921673268932,-3.45193221382819e-06,-4.653799036442436e-06,3724744370639.206,3134873584749.5947,4252521663430.178,11.74418989509444,8.026441321003828,43744105199470.87,36816550676414.68,49942421948326.9,0.0003721709243972,0.0003132319117256,0.0004249056474784,0.0002101336130026,0.0001768557106529,0.0002399084749419
809,809,0.02,2332,100000.0,17.15,2.43,0.81,2.2010005440737,,1803.0,0.6457927230785526,2332.0,0.1678917376520985,0.0003832904938875,0.0004098641831558,-3.394456089871977e-07,-1.5610475226466294e-05,3519570340778.112,2946955994531.2715,4008219760344.593,13.8899032948978,8.969998472109811,48886491672998.46,40932933778358.73,55673784855884.84,0.0003522929516512,0.0002949768651221,0.0004012045316663,0.0001984068208854,0.0001661271443817,0.0002259531883327
810,810,0.02,2336,100000.0,17.15,2.43,0.81,2.20371744188243,,1837.0,0.6595494512349177,2336.0,0.1969385049951597,0.0003387867645575,0.0004395171128615,-1.49986407788619e-06,-9.636458181050945e-07,3594544509230.302,2994171687063.428,4083333210235.244,11.861570697195113,7.823292444119217,42636943820449.73,35515579145642.81,48434745553410.02,0.0003604195204342,0.0003002210490865,0.0004094296213685,0.0002024516087356,0.0001686374652811,0.0002299811214725
811,811,0.02,2340,100000.0,17.15,2.43,0.81,2.20643530549343,,1867.0,0.6718365361893499,2340.0,0.1711098461264555,0.0003103614029054,0.0004084485463857,-3.983833284970824e-06,-5.052780017639378e-06,3661509122231.957,3034101155827.493,4148058178990.273,13.675425774567447,9.187650683299951,50072696223984.734,41492625149048.19,56726461735368.89,0.000367769738586,0.000304751552344,0.0004166397573241,0.0002060384402809,0.000170733282079,0.0002334172628996
812,812,0.02,2344,100000.0,17.15,2.43,0.81,2.20915403731848,,1907.0,0.6876905233419397,2344.0,0.1906662391834288,0.0004324097998262,0.0004070350790588,3.1673774601954786e-06,3.3682445993914693e-06,3747913352213.5713,3089475292619.528,4234262259864.5977,12.293733856810247,8.454284269816362,46075849270499.17,37981187004655.44,52054893302711.28,0.0003771239079992,0.0003108703127652,0.0004260614856506,0.0002107994677141,0.0001737659561461,0.0002381539130339
813,813,0.02,2348,100000.0,17.15,2.43,0.81,2.21528842041979,,1858.0,0.6715878029671857,2348.0,0.1985423030128004,0.0004173765502367,0.000431511350674,5.816012102313253e-06,-5.490157236767092e-06,3660153526171.162,3001288598764.0293,4123706067903.1353,11.826195044431516,7.9423283473511805,43285689493063.93,35493824353611.97,48767752264928.22,0.00036895540578,0.0003025396735143,0.0004156830129452,0.0002057648580827,0.0001687250871239,0.0002318246455429
814,814,0.02,2352,100000.0,17.15,2.43,0.81,2.21802316024479,,1829.0,0.6627885286020047,2352.0,0.173003075869019,0.0003843805953945,0.0004238520963747,-4.248249489335103e-06,4.8897278350752845e-06,3612197480880.925,2946636193014.452,4058417748863.618,13.595134006638723,9.010698864407155,49108308811018.99,40059913912843.24,55174733150721.95,0.0003647742668657,0.0002975632043143,0.0004098353887938,0.0002030376116663,0.0001656271503,0.0002281191577245
815,815,0.02,2356,100000.0,17.15,2.43,0.81,2.22074987667769,,1880.0,0.6830978142063595,2356.0,0.1741715412199482,0.0003769147080887,0.0003937238921274,-1.3603931670932838e-06,1.720235298928028e-06,3722883087424.659,3022423000810.917,4171172807706.668,13.526894138375818,9.240191818925338,50359045413143.086,40883995973361.445,56423013002719.93,0.0003766242727452,0.0003057624528833,0.0004219753584268,0.0002092948900436,0.0001699160770739,0.0002344970641411
816,816,0.02,2360,100000.0,17.15,2.43,0.81,2.22348568846134,,1823.0,0.6640892993514544,2360.0,0.1679810244841064,0.0004018782551728,0.0004102982247975,3.0376360259927472e-06,5.147084277907579e-06,3619286681465.427,2924217315773.099,4043821061214.511,14.049205898391763,9.329927301507308,50848103793214.83,41082931160938.76,56812474705255.75,0.0003668001315989,0.0002963576501807,0.000409824981539,0.0002035056358254,0.000164423201728,0.0002273764000075
817,817,0.02,2364,100000.0,17.15,2.43,0.81,2.22623060311938,,1842.0,0.6726621845735852,2364.0,0.1937709771050322,0.0003980935617243,0.0003494070780341,-6.359457971949714e-06,2.969183604665228e-07,3666008905926.039,2947683761107.259,4084597259315.36,12.199969444952584,8.206458098572796,44725196637221.73,35961651818891.48,49831961758584.46,0.0003721689045832,0.0002992453822618,0.0004146635010094,0.0002061786464413,0.0001657795885383,0.0002297203186883
818,818,0.02,2368,100000.0,17.15,2.43,0.81,2.22896714981627,,1829.0,0.669489177939027,2368.0,0.1972428107342239,0.0002977635259028,0.000379247275433,6.098853906453674e-06,-9.318355141555244e-06,3648716019767.697,2919563686851.1,4054777480294.119,12.00550727899927,8.037557198958226,43804686734322.33,35050843093992.824,48679660554393.37,0.0003710461807191,0.0002968970315868,0.0004123394886251,0.0002052517958689,0.0001642346750565,0.0002280940350442
819,819,0.02,2372,100000.0,17.15,2.43,0.81,2.23170388934649,,1912.0,0.7014478109452099,2372.0,0.1982877050950264,0.0003293754074217,0.0004198291889824,-6.80277278255972e-08,4.544454965595541e-06,3822890569651.394,3042451225236.118,4237413250494.2754,11.962415919147656,8.391010460102255,45731007007557.29,36395066969994.83,50689699723719.93,0.0003894324731901,0.0003099302173622,0.0004316593143337,0.0002151135565175,0.0001711983358318,0.0002384386940041
820,820,0.02,2376,100000.0,17.15,2.43,0.81,2.23797359782716,,1904.0,0.7001529138447475,2376.0,0.1561431493487362,0.0004422740831901,0.0004308491985741,-2.368372417111685e-06,5.787024092533548e-06,3815833380453.874,3020316210906.8345,4218688533779.639,15.216805923988057,10.654091007090251,58064795988641.87,45959565610444.27,64194964672278.48,0.0003893975448119,0.0003082167379496,0.0004305080420426,0.0002147962206628,0.0001700159421616,0.0002374732497103
821,821,0.02,2380,100000.0,17.15,2.43,0.81,2.2407253093739,,1887.0,0.6955834376963732,2380.0,0.1923334575117223,0.0004312534770113,0.0004418136602196,2.7165240668280543e-06,9.816038141196214e-06,3790929735445.234,2984193690298.726,4180324544515.6025,12.374342097265854,8.607387415247132,46910261413096.87,36927433608258.67,51728765991433.13,0.0003875380908697,0.0003050673070278,0.0004273450330799,0.0002134736847246,0.0001680450093927,0.0002354011670326
822,822,0.02,2384,100000.0,17.15,2.43,0.81,2.24347692736234,,1989.0,0.7349651177682228,2384.0,0.2043247425526715,0.0004094841394845,0.0004327430848238,-6.668755937586393e-08,3.6987226892374537e-06,4005559891836.814,3135809206684.3994,4405556596960.082,11.667700985285444,8.575353228734725,46735675096604.25,36587684170498.734,51402717047081.93,0.0004102023331587,0.0003211326974648,0.0004511652911791,0.0002256722115397,0.0001766706821888,0.0002482079227739
823,823,0.02,2388,100000.0,17.15,2.43,0.81,2.24623730693102,,1933.0,0.7159507375090689,2388.0,0.1626127412764617,0.0003998174498764,0.0004686166348225,5.204781047613997e-06,9.807214004972332e-07,3901931519424.426,3039007080029.732,4280431559466.154,14.685196136876538,10.513877004662088,57300629675408.375,44628415031593.06,62858977001236.78,0.0004002968104674,0.0003117699106373,0.000439126902189,0.0002199433570768,0.0001713021912441,0.0002412785776069
824,824,0.02,2392,100000.0,17.15,2.43,0.81,2.24898844836937,,1915.0,0.7108633399903284,2392.0,0.2043859762097781,0.0004029273425928,0.0004267890933676,-6.072659747557602e-06,4.386372049085046e-06,3874205202947.2896,3002318630659.26,4238946620506.269,11.703346992578853,8.319480332210368,45341167810546.51,35137176716889.504,49609863182804.34,0.0003981537774805,0.0003085496098884,0.0004356384138374,0.0002184794994832,0.0001693108747096,0.0002390484983294
825,825,0.02,2396,100000.0,17.15,2.43,0.81,2.25173916737387,,1896.0,0.705294246955928,2396.0,0.2074458280053477,0.0002685917791538,0.0004575417541672,5.308834621314374e-06,1.0971741022743255e-06,3843853645909.808,2963822020143.81,4193955439023.8745,11.550003309482,8.146150886499585,44396522331422.734,34232154141376.64,48440199200545.79,0.0003957299582229,0.0003051295060257,0.0004317734137561,0.0002168564126786,0.0001672081900907,0.0002366078980162
826,826,0.02,2400,100000.0,17.15,2.43,0.81,2.2544984294486,,1891.0,0.7048626504537427,2400.0,0.1799138445257995,0.0003589010395756,0.0003591794262988,-1.9812524436797778e-06,1.3661294172796363e-06,3841501444972.898,2947041862889.91,4179415672554.2495,13.339718276410029,9.402669180616606,51244547034360.49,39312708199738.0,55752227631886.43,0.0003961852453102,0.0003039370204888,0.0004310353249121,0.0002168122679617,0.0001663294519666,0.0002358839645647
827,827,0.02,2404,100000.0,17.15,2.43,0.81,2.26091120634903,,1879.0,0.7018774716260735,2404.0,0.1716659125995647,0.0004326927257862,0.0003613302580997,-2.823553742326901e-07,-2.640233119148874e-06,3825232220362.1006,2918860637493.7114,4149792723815.8223,14.003945009209096,9.829053515854252,53568341661405.67,40875563857006.94,58113469103932.81,0.0003951632253104,0.0003015310750557,0.0004286917454014,0.000215929140048,0.0001647657007642,0.0002342501376678
828,828,0.02,2408,100000.0,17.15,2.43,0.81,2.26368447911755,,1904.0,0.7128432720412966,2408.0,0.1913474067700917,0.0003649905150777,0.000400561644352,-2.0454368061646723e-06,-2.428569792272358e-06,3884995832625.0654,2947645338436.719,4202518225624.8486,12.58444021085306,8.97073353671256,48890497775083.45,37094466524356.63,52886339345396.2,0.000402005406112,0.0003050117458046,0.0004348614821664,0.0002193383727178,0.0001664176127172,0.0002372649929724
829,829,0.02,2412,100000.0,17.15,2.43,0.81,2.26645698408379,,1901.0,0.7133972841751834,2412.0,0.1809996343863531,0.0004167887176613,0.0003860588964902,9.525122948884723e-07,1.1805802355430424e-05,3888015198754.75,2933104945600.0376,4193666065310.088,13.3259937688684,9.506727763646133,51811666311871.43,39086538228503.19,55884767855037.09,0.0004030041176962,0.0003040248842367,0.0004346857216772,0.0002195782622184,0.0001656490661522,0.0002368400996067
830,830,0.02,2416,100000.0,17.15,2.43,0.81,2.26922860560693,,1927.0,0.7248796139444612,2416.0,0.1865592875337824,0.0003748004372071,0.0004590095422193,1.0362626664800765e-06,-2.4367305570598934e-06,3950593895997.3135,2963211927200.481,4248850951145.0366,12.950306746655574,9.387413354978044,51161402784630.336,38374503412594.66,55023923138147.52,0.0004102057774616,0.0003076820053846,0.0004411749862467,0.000223217320868,0.0001674280487863,0.0002400695062692
831,831,0.02,2420,100000.0,17.15,2.43,0.81,2.27199922708582,,1864.0,0.7027715453522316,2420.0,0.1900478385996393,0.0003926413193559,0.0003744955075668,-3.87335250305089e-06,1.670859494465649e-07,3830104922169.663,2856658973705.369,4107327645902.788,12.733636003606684,8.948837052207484,48771161934530.79,36375655557600.81,52301215190476.83,0.0003983907399447,0.0002971371556212,0.0004272262335622,0.0002165112080864,0.0001614834836267,0.0002321822740347
832,832,0.02,2424,100000.0,17.15,2.43,0.81,2.27476873095939,,1842.0,0.6959832539740199,2424.0,0.2001177745014501,0.0003928294182403,0.0003882645152491,-4.600018210173658e-06,6.7777749660454295e-06,3793108734158.4087,2814287662856.7026,4056557104752.64,12.112867065601082,8.43035263527178,45945421862231.2,34089092344544.4,49136536953888.336,0.0003952224682664,0.0002932343348108,0.000422672436771,0.000214575603581,0.0001592038394443,0.0002294788391839
833,833,0.02,2428,100000.0,17.15,2.43,0.81,2.2775369987077,,1881.0,0.7122489398595311,2428.0,0.1940541232934265,0.0003499745626154,0.0003814724713636,-7.870017747124516e-06,-4.256167902064097e-06,3881756722234.444,2864936503030.031,4140271535020.3926,12.511973251548255,8.911639683966055,48568436277615.0,35846008893295.945,51802966700321.78,0.0004051573358581,0.0002990269931965,0.0004321397513784,0.0002197500241861,0.0001621868424227,0.000234384799219
834,834,0.02,2432,100000.0,17.15,2.43,0.81,2.28409185084102,,1943.0,0.7373867538148289,2432.0,0.2135557748497376,0.0003985142472737,0.0004374695068946,3.137857575106632e-06,1.7364849725264008e-06,4018757808290.8174,2950393293032.5767,4274914551335.55,11.388125662774549,8.397453014508669,45766118929072.25,33599449575662.19,48683264108232.71,0.0004201822690678,0.0003084791389894,0.000446964804036,0.0002276496130624,0.0001671302237112,0.0002421600628629
835,835,0.02,2436,100000.0,17.15,2.43,0.81,2.28687289725603,,1883.0,0.7162996057220478,2436.0,0.2058513127581136,0.0003974215725062,0.0004525670939553,-3.1152926235275542e-06,1.0191472782659572e-06,3903832851185.1606,2850811173449.6616,4141510614614.586,11.833784139440644,8.476534913281155,46197115277382.3,33735884048908.773,49009742624551.16,0.0004088735699002,0.0002985838241629,0.0004337670936046,0.0002212583046935,0.0001615759873139,0.0002347292141828
836,836,0.02,2440,100000.0,17.15,2.43,0.81,2.28966191893084,,1918.0,0.7312605779797271,2440.0,0.2220474296300381,0.0002680566752107,0.0004474759896188,7.474906531273987e-07,4.17220094272877e-06,3985370149989.5127,2894827121369.8823,4216625572750.924,10.988643300511876,8.035561651145368,43793810998742.26,31810222653381.234,46334994350776.48,0.0004181380863955,0.0003037202135361,0.0004424010020854,0.000226001040585,0.000164158890422,0.0002391149959312
837,837,0.02,2444,100000.0,17.15,2.43,0.81,2.29244932567492,,1899.0,0.725556814302947,2444.0,0.1952390403384925,0.0003518987800699,0.0003834023857674,4.653506182478665e-06,-2.1143792067343943e-06,3954284637951.0615,2856841412676.8,4172438513701.222,12.517988183934705,9.082511628217596,49499688373785.91,35761907047263.5,52230536012705.98,0.0004155551059957,0.0003002249824567,0.0004384808600222,0.0002243318827857,0.0001620724534534,0.0002367080453953
838,838,0.02,2448,100000.0,17.15,2.43,0.81,2.29524461834032,,1854.0,0.7097540036929715,2448.0,0.1888228716807134,0.000444674151593,0.0004186675900984,-2.6661248843918152e-06,7.76635818338588e-06,3868159320126.6943,2779547909511.295,4070510041324.952,12.964531140800574,9.201627883185411,50148871963360.5,36035535430206.31,52772254189698.766,0.0004071700654276,0.0002925806851559,0.0004284699007164,0.0002195375440349,0.0001577533578843,0.0002310219676816
839,839,0.02,2452,100000.0,17.15,2.43,0.81,2.29802846261303,,1862.0,0.7139964950149705,2452.0,0.1915433830999973,0.0003357905401525,0.0004902112728761,-9.438353427142184e-06,-3.661736032223345e-07,3891280897831.589,2781001549399.313,4083723381134.554,12.801277498162944,9.140067265402353,49813366596442.83,35600372556681.71,52276876227639.664,0.0004102884195421,0.0002932229156428,0.000430579147557,0.0002209471194817,0.0001579054038367,0.0002318740130852
840,840,0.02,2456,100000.0,17.15,2.43,0.81,2.30082002163299,,1868.0,0.7174197039842867,2456.0,0.2040217790708993,0.0003064252099431,0.000454305298633,1.5534519235166804e-06,4.761525854601017e-06,3909937386714.363,2779101666564.088,4092131446757.8833,12.037930514989377,8.63624854664709,47067554579226.66,33454632756189.668,49260794014274.35,0.0004129582377655,0.0002935220729353,0.0004322011387446,0.0002221093446882,0.0001578706738578,0.0002324591276335
841,841,0.02,2460,100000.0,17.15,2.43,0.81,2.30751577788907,,1863.0,0.7166276548029746,2460.0,0.1766835479020301,0.0003375784780253,0.0004615223436298,3.155330200596813e-06,-2.7034697517377184e-06,3905620718676.212,2760817179412.552,4076454889078.518,13.923197882374732,9.977748645803944,54378730119631.5,38439403906020.61,56757288079214.14,0.0004132066604256,0.0002920887943101,0.0004312805652216,0.0002219670210381,0.0001569047301533,0.0002316759903997
842,842,0.02,2464,100000.0,17.15,2.43,0.81,2.31031908561037,,1856.0,0.714934900846585,2464.0,0.217753912689659,0.0003602984798031,0.000429517152247,2.713376404236617e-06,-3.341924768676561e-06,3896395209613.888,2739115475920.7896,4055693466085.542,11.315525721513309,8.089864259737098,44089760215567.19,30994531621976.86,45892303734064.414,0.0004129299690306,0.0002902844315824,0.0004298119896093,0.0002215691377771,0.0001557602403304,0.0002306276586501
843,843,0.02,2468,100000.0,17.15,2.43,0.81,2.31312012555769,,1893.0,0.7300473887998246,2468.0,0.2028890271844829,0.0003833382934602,0.0003974744031069,1.9318957823407624e-06,6.558206056443702e-07,3978758268959.044,2781514408605.026,4130056111154.053,12.164285246219334,8.880504680618657,48398750509371.68,33835134682740.613,50239180618969.25,0.0004223751534993,0.0002952787015137,0.0004384365588427,0.0002263819737428,0.0001582616181351,0.0002349904645894
844,844,0.02,2472,100000.0,17.15,2.43,0.81,2.31592867596339,,1877.0,0.7245817461784242,2472.0,0.1970259633349087,0.0003401169629126,0.0004255118654561,6.174553479167144e-06,-1.3829264820920465e-05,3948970516672.412,2745304641900.1865,4087853040456.376,12.546569792926448,9.091015449108117,49546034197639.23,34444156292445.64,51288533475312.51,0.0004199268033801,0.0002919310229617,0.0004346953345737,0.0002248076122436,0.0001562851327507,0.0002327139383158
845,845,0.02,2476,100000.0,17.15,2.43,0.81,2.31873477825427,,1913.0,0.7390317012611431,2476.0,0.1664505089920567,0.0003543325374842,0.0004564754906253,-1.0603372388214657e-06,-6.82418205668262e-06,4027722771873.23,2784360364913.114,4157867356788.826,14.875292451753086,10.993312687376124,59913554146199.88,41418174719152.51,61849492907831.39,0.0004290319820074,0.0002965893418295,0.0004428949493407,0.0002294057578584,0.0001585879505224,0.000236818362654
846,846,0.02,2480,100000.0,17.15,2.43,0.81,2.32153830073672,,1914.0,0.7400164945546107,2480.0,0.1882508318949476,0.0003896966368455,0.0004265205537899,-2.684533674441561e-06,-1.2914692897049717e-06,4033089895322.629,2772357287893.928,4151884971428.693,13.173912566739418,9.748912597207438,53131573654780.54,36522792514477.42,54696569600760.99,0.0004303379597421,0.0002958155186007,0.0004430136084396,0.0002298266448976,0.0001579834792855,0.0002365962122716
847,847,0.02,2484,100000.0,17.15,2.43,0.81,2.32433911074856,,1852.0,0.7166527787866843,2484.0,0.1991461615734806,0.0003579884447427,0.0004140608678268,-3.210175938176886e-06,-6.635964018069251e-06,3905757644387.4297,2669611478930.6343,4009643005862.984,12.473250703772452,8.938989777361494,48717494286620.14,33298733258370.555,50013282444756.76,0.0004174219364332,0.0002853106860485,0.0004285245271985,0.000222666003324,0.0001521937028775,0.0002285884748007
848,848,0.02,2488,100000.0,17.15,2.43,0.81,2.33118445554318,,1897.0,0.7347447662711777,2488.0,0.2164261783459551,0.0003468543332157,0.0004524456438721,7.279686990137945e-06,1.0489172237582257e-05,4004358976177.92,2721404854065.183,4099426092628.27,11.4958366821178,8.446505836094273,46033456806713.8,31284825748255.97,47126332851266.91,0.0004286495060622,0.0002913147531053,0.0004388260343784,0.000228385145584,0.0001552129685391,0.0002338072162225
849,849,0.02,2492,100000.0,17.15,2.43,0.81,2.33400590282143,,1884.0,0.7306115806392071,2492.0,0.1781256981680599,0.0003360500493075,0.0004387863223797,-2.1567040275264025e-06,3.1561259854628208e-06,3981833114483.678,2690582826236.7417,4064988961370.283,13.990120603759385,10.22134412764578,55706325495669.51,37641578233455.8,56869685822520.86,0.0004269393328399,0.0002884891465204,0.0004358554528205,0.0002272025139673,0.0001535240590407,0.0002319473681388
850,850,0.02,2496,100000.0,17.15,2.43,0.81,2.33683453482457,,1853.0,0.7195357358615135,2496.0,0.202097271167986,0.0004207393253099,0.0004971346689626,3.757623127957005e-06,4.490928817931112e-06,3921469760445.249,2634516388076.381,3992160969326.068,12.350488384008369,8.886617747636535,48432066724619.12,32537564048417.02,49305137678753.18,0.0004211727685534,0.0002829517065661,0.000428765129065,0.0002238634488335,0.0001503956324213,0.0002278989709181
851,851,0.02,2500,100000.0,17.15,2.43,0.81,2.33964985814201,,1841.0,0.71585747994528,2500.0,0.181850679265608,0.0003200590182408,0.0004370568651493,3.870426550892598e-07,8.848895169296733e-06,3901423265701.776,2605848843135.042,3960606355790.197,13.747542819724869,9.841281358368072,53634983403106.0,35824018552729.5,54448605468300.2,0.0004197241963216,0.0002803432842152,0.0004260912509147,0.0002228238771889,0.0001488291074952,0.000226204029687
852,852,0.02,2504,100000.0,17.15,2.43,0.81,2.34246189244856,,1893.0,0.7371247307981578,2504.0,0.2001304780114878,0.0003968858600158,0.0004242820230907,3.306379094366589e-06,-2.3295807280036254e-06,4017329782849.96,2667613896963.037,4066793227612.373,12.511837401678848,9.22278477650284,50264177031940.49,33376751329260.387,50883055610134.72,0.000432915696493,0.0002874675445138,0.0004382459787445,0.0002295653749231,0.0001524375188267,0.0002323919027054
853,853,0.02,2508,100000.0,17.15,2.43,0.81,2.34528082079453,,1853.0,0.7228004884927539,2508.0,0.1948124118721352,0.0003466480577195,0.0004177540066633,-3.472516344559364e-07,-2.673179965655405e-06,3939262662285.509,2600427448801.332,3975953565687.032,12.873923051915812,9.305277870742875,50713764395548.66,33477702877958.094,51186120262645.15,0.0004252133696621,0.0002806963162555,0.0004291738729361,0.0002252237600818,0.0001486770743789,0.0002273215291145
854,854,0.02,2512,100000.0,17.15,2.43,0.81,2.34810662711039,,1843.0,0.7202815084689703,2512.0,0.2044267747992307,0.0003866577628201,0.0003525352878643,2.0569952529838644e-06,7.456244680156441e-06,3925534221155.8887,2576070571202.397,3949861910671.85,12.28801854584389,8.850832534295119,48237037311908.41,31654802954337.727,48535976411858.08,0.0004244389037453,0.0002785314068386,0.0004270692763996,0.0002245533695671,0.0001473596444246,0.0002259449928079
855,855,0.02,2516,100000.0,17.15,2.43,0.81,2.3550902614439,,1874.0,0.7340142647714706,2516.0,0.1952052286987964,0.0003695215767256,0.000405175554745,9.110268710310568e-07,-5.273194476612542e-06,4000377743004.514,2609599550960.64,4012700637906.073,12.888999012840031,9.460709134049988,51560864780572.43,33635126036239.48,51719694560793.945,0.0004332515993527,0.0002826266047252,0.0004345862017997,0.0002289467693513,0.0001493507425737,0.0002296520244941
856,856,0.02,2520,100000.0,17.15,2.43,0.81,2.3579254608724,,1923.0,0.7552687902661313,2520.0,0.1818274847519205,0.0003650341240248,0.0003816346163775,1.451024413109904e-06,-7.428539255094599e-06,4116214906950.416,2669127339837.5244,4116064960179.079,13.859290873644351,10.4674898520838,57047819693856.73,36992212181604.83,57045741537937.21,0.0004465408287394,0.0002895559054338,0.0004465245620097,0.0002356917447464,0.000152832467181,0.0002356831588934
857,857,0.02,2524,100000.0,17.15,2.43,0.81,2.36076738777995,,1872.0,0.7374100202806353,2524.0,0.2189627316047335,0.0003613794153028,0.0003930782222129,4.84504128360862e-07,-4.562730393728346e-07,4018884610529.4624,2590356252647.774,4006211904080.372,11.527075779070325,8.500181184020667,46325987452912.63,29859232819059.52,46179908205348.05,0.0004366725023401,0.0002814555421254,0.0004352955475448,0.0002302151683173,0.0001483842803405,0.0002294892332555
858,858,0.02,2528,100000.0,17.15,2.43,0.81,2.36360544399552,,1851.0,0.7313018236559694,2528.0,0.2065025886513467,0.0003890663259743,0.0004022845910276,-6.4871683553687405e-06,-1.451701573505505e-06,3985594938925.033,2553371207864.1187,3960604658473.535,12.241977287113844,8.952580315221311,48791562717956.15,31258312332242.984,48485632272270.31,0.0004337422525656,0.0002778769534553,0.0004310226233255,0.0002284039974718,0.0001463270101058,0.0002269718700127
859,859,0.02,2532,100000.0,17.15,2.43,0.81,2.36643948438459,,1877.0,0.743744067236319,2532.0,0.2085931077672285,0.0003611181081655,0.0004138027612422,2.7692860978319123e-06,3.345608150743928e-06,4053405166437.939,2581021312738.53,4015355804612.956,12.138464339030264,9.027910837513383,49202114064447.96,31329635162953.723,48740253242812.54,0.0004418362443056,0.0002813409260775,0.0004376887222996,0.000232386175777,0.0001479727902437,0.0002302047640202
860,860,0.02,2536,100000.0,17.15,2.43,0.81,2.36926936284905,,1836.0,0.7294999696895087,2536.0,0.2098340719626321,0.000348599350262,0.0004478772148831,2.500011304905838e-06,2.2051655469523566e-07,3975774834807.8223,2516099843012.311,3926557467151.107,12.08573982423416,8.816546835454108,48050180253224.89,30408928074443.207,47455351952892.16,0.0004340906256708,0.0002747176086385,0.0004287168812291,0.0002280286241918,0.0001443096778289,0.0002252057861038
861,861,0.02,2540,100000.0,17.15,2.43,0.81,2.37639841623405,,1864.0,0.7427740508743957,2540.0,0.2173618353617712,0.0003614818416607,0.0004833400255427,5.391750052927259e-06,-1.5178003714108585e-06,4048118577265.457,2546111483753.3965,3986439672142.6455,11.685584066643951,8.679748614014425,47304629946378.6,29752799786447.887,46583875915427.44,0.0004427212251283,0.0002784546879953,0.0004359757309143,0.0002322727160575,0.0001460906390039,0.0002287337073692
862,862,0.02,2544,100000.0,17.15,2.43,0.81,2.37924730232522,,1864.0,0.7450545943292792,2544.0,0.2247828457548166,0.0003830266741106,0.0003296726516054,3.603956425918977e-06,8.873390490472405e-07,4060547539094.572,2538108940128.913,3987077778289.058,11.317589611686314,8.432222136920211,45955610646215.16,28725275374131.145,45124110044549.59,0.0004448112252704,0.0002780362344385,0.0004367630066473,0.0002330784093507,0.0001456893162383,0.0002288611911507
863,863,0.02,2548,100000.0,17.15,2.43,0.81,2.38210252419051,,1864.0,0.7474938140589662,2548.0,0.2017408702440661,0.0003018774733102,0.0004556907314563,2.879357810882664e-06,-3.5906319275905224e-06,4073841286621.3657,2530546728751.4307,3988491530144.148,12.630063491435468,9.44089433102,51452874104059.0,31960965852174.89,50374901260773.19,0.0004470030034881,0.0002776647170653,0.0004376379853619,0.0002339344020211,0.0001453129599626,0.0002290333165739
864,864,0.02,2552,100000.0,17.15,2.43,0.81,2.38494228792784,,1764.0,0.7093382167214026,2552.0,0.1945307743644662,0.0003525993463575,0.0003784103552815,-6.080965978243825e-06,1.7234780206655826e-06,3865893281131.644,2386314218824.516,3773854845867.8594,13.118746935220956,9.305628556649,50715675633737.03,31305452344678.31,49508246693197.73,0.0004248707995838,0.0002622615671153,0.000414755558231,0.0002220886840297,0.0001370895019598,0.0002168012398398
865,865,0.02,2556,100000.0,17.15,2.43,0.81,2.3877990993975,,1794.0,0.7232225867934864,2556.0,0.2046476166406137,0.0003883880700128,0.0004649070797852,3.1060838079937005e-06,1.2020656344473289e-06,3941563098024.501,2418236749346.2773,3836461601043.251,12.48976187437672,9.032877891221396,49229184507156.61,30203201155201.832,47916491837220.27,0.0004338719874685,0.0002661901277526,0.0004223028220772,0.0002265404155669,0.0001389875905857,0.0002204997316528
866,866,0.02,2560,100000.0,17.15,2.43,0.81,2.39065112043496,,1853.0,0.7487386679029914,2560.0,0.2158174678470459,0.0003894127936234,0.0004215643814847,6.247399428434247e-06,1.7596827660341088e-06,4080625740071.303,2489423125048.721,3960157299257.072,11.861875804299226,8.881445088541726,48403875732552.414,29529227933678.39,46974894049276.43,0.000449890769986,0.0002744599867493,0.0004366090717737,0.0002346414354674,0.0001431451578152,0.0002277143390656
867,867,0.02,2564,100000.0,17.15,2.43,0.81,2.39349819773246,,1887.0,0.764078977790689,2564.0,0.2190317496178977,0.0002981529643741,0.0004067796716539,1.1763099500780574e-06,5.376712672456501e-06,4164230428959.256,2526005746965.782,4029396130905.4673,11.706065465271198,8.944358534655303,48746754013871.41,29569588639632.72,47168374893889.88,0.0004598512067039,0.0002789439275034,0.0004449616092806,0.0002395805173225,0.0001453285964698,0.0002318231005725
868,868,0.02,2568,100000.0,17.15,2.43,0.81,2.40078518439629,,1812.0,0.7354437119792495,2568.0,0.1877015740001297,0.0004093653503463,0.0003979302520293,2.53685608101255e-07,6.036496177380184e-06,4008168230286.91,2417458308835.0933,3866935364478.4326,13.68129177221617,10.061820005629825,54836919030682.56,33073952470341.18,52904670985730.52,0.0004433348934641,0.0002673898799214,0.0004277134290147,0.0002307287008174,0.0001391600808227,0.0002225986838699
869,869,0.02,2572,100000.0,17.15,2.43,0.81,2.40365041126699,,1849.0,0.7521741423796499,2572.0,0.1888633035728162,0.0003937760040962,0.0003658048515914,1.081758687482863e-06,-1.5658795646120509e-06,4099349075969.092,2458255948271.912,3943191094135.728,13.618315211818617,10.243344565105406,55826227879824.46,33477304374894.977,53699619260376.27,0.0004541568773853,0.0002723441757682,0.0004368565157684,0.0002361017147144,0.0001415830742486,0.0002271078070003
870,870,0.02,2576,100000.0,17.15,2.43,0.81,2.40651032556174,,1893.0,0.7717085073185698,2576.0,0.2097039756240519,0.0003777365911569,0.0004335053451442,4.483205485405704e-06,-6.095042507626972e-06,4205811364886.205,2507532565654.744,4033581459611.102,12.283982658574576,9.479653921375784,51664113871498.016,30802486552313.89,49548444701810.71,0.0004667103520442,0.0002782558001173,0.0004475983489728,0.000242355120047,0.000144493726239,0.0002324305666737
871,871,0.02,2580,100000.0,17.15,2.43,0.81,2.4093760120274,,1924.0,0.785824379012627,2580.0,0.2072278821251529,0.0003742425941499,0.0004294906886206,1.953156621032916e-06,4.380444500251186e-06,4282742865618.8174,2538567600643.4897,4095126362117.933,12.450062093680222,9.783562313434906,53320414608220.24,31605324257016.26,50984577489835.06,0.0004760224620176,0.0002821591762974,0.0004551690807351,0.0002469122792253,0.0001463556258009,0.0002360956554042
872,872,0.02,2584,100000.0,17.15,2.43,0.81,2.41223615654181,,1868.0,0.7642940070425729,2584.0,0.2078406222231024,0.0003902842647512,0.0004359850137432,1.5323811355307102e-06,1.658239554630189e-06,4165402338382.022,2454589116660.268,3971025272219.731,12.432603272454877,9.502164173075142,51786794743259.52,30516932684322.57,49370181794400.05,0.0004637238417355,0.0002732632774922,0.0004420843282999,0.0002402420031872,0.0001415698553185,0.0002290311928129
873,873,0.02,2588,100000.0,17.15,2.43,0.81,2.41509059938073,,1879.0,0.7701783296200919,2588.0,0.2077172844983579,0.0003631414516604,0.0004152136213576,-6.417654414840068e-06,2.914124344104693e-06,4197471896429.501,2458950348597.653,3989605724964.341,12.459242408498072,9.595838506508857,52297319860473.27,30636658463639.0,49707464841662.414,0.0004680458608281,0.0002741892169956,0.0004448674087596,0.0002421871766832,0.0001418773626662,0.0002301936428521
874,874,0.02,2592,100000.0,17.15,2.43,0.81,2.42252290574127,,1848.0,0.7589563045130797,2592.0,0.2362178240050525,0.0003562844582056,0.0005124223658724,5.644669592182532e-06,-1.0889607585210746e-06,4136311859596.2847,2407262633890.513,3920033637428.738,10.972923025252149,8.327969108951851,45387431643787.59,26414707583246.34,43014227359904.72,0.0004619562007448,0.0002688505940303,0.0004378015747863,0.0002387506398101,0.0001389487817992,0.000226266918642
875,875,0.02,2596,100000.0,17.15,2.43,0.81,2.42539461924651,,1898.0,0.7811379030614102,2596.0,0.2331982205064378,0.0003717497832097,0.0004992664148076,1.986890850495663e-07,-6.874515164702168e-06,4257201571684.6855,2461031857423.8965,4023544814240.079,11.132160418558312,8.69575244589587,47391850830132.49,27396601432025.348,44790746323378.96,0.0004761977828073,0.0002752836327314,0.0004500616396251,0.0002458215531863,0.0001421061848836,0.0002323296228512
876,876,0.02,2600,100000.0,17.15,2.43,0.81,2.42827175984377,,1837.0,0.7575630043922255,2600.0,0.2040310360007424,0.0003303834345017,0.0004396311121692,-3.1928435738075647e-06,-5.890000365258672e-06,4128718373937.629,2370671488860.7783,3891389650994.376,12.74315932989008,9.653746067400348,52612916067331.89,30209844501380.64,49588598337306.68,0.0004625461786186,0.0002655896911871,0.000435957904987,0.0002384929483492,0.0001369404211522,0.000224783796565
877,877,0.02,2604,100000.0,17.15,2.43,0.81,2.43115429658245,,1850.0,0.7644324094910511,2604.0,0.1928850165882067,0.0003357028484551,0.0004448856139075,5.793185247502184e-06,4.127770371558676e-06,4166156631726.229,2375936389714.6235,3915854853121.6167,13.500271021876834,10.320044706035524,56244243647893.6,32075785191887.0,52865101799473.53,0.0004674845925503,0.0002666039117715,0.0004393982205463,0.0002407434353782,0.0001372946673066,0.0002262796224712
878,878,0.02,2608,100000.0,17.15,2.43,0.81,2.43403058945363,,1888.0,0.781716041993268,2608.0,0.2383832497225739,0.0003942791357246,0.0004233153916079,9.23781096254853e-06,8.108927188483945e-07,4260352428863.311,2414197512716.625,3993325712855.407,10.940365999016889,8.552259606709208,46609814856565.18,26412204383036.11,43688444851923.17,0.0004788177148135,0.0002713297914783,0.0004488067887017,0.0002462765276762,0.000139556572017,0.0002308406186726
879,879,0.02,2612,100000.0,17.15,2.43,0.81,2.43691212562298,,1781.0,0.738863550099077,2612.0,0.2312946360198111,0.000409764746901,0.0003892414466697,-3.754591547531513e-06,9.214273605333932e-06,4026806348039.9697,2267909583974.328,3763958562029.808,11.29295536181943,8.343953089744312,45474544339106.5,25611401696464.56,42506216024740.67,0.0004532941069297,0.0002552966198549,0.0004237055590533,0.0002328643254613,0.0001311498964276,0.0002176642221789
880,880,0.02,2616,100000.0,17.15,2.43,0.81,2.44447815484697,,1871.0,0.7777968130572295,2616.0,0.1961289179462255,0.0003285693477097,0.00041690703789,2.414341002301349e-06,-3.058593361146984e-06,4238992631161.901,2372733449748.3545,3951284295405.7295,13.338165668752898,10.374382749185354,56540385983060.19,31647911840535.137,52702884536463.2,0.0004779454291849,0.0002675251423285,0.00044550638152,0.0002452311813326,0.0001372656849157,0.0002285868836903
881,881,0.02,2620,100000.0,17.15,2.43,0.81,2.44737634034406,,1837.0,0.7653113579101131,2620.0,0.234819669215085,0.0004378278662596,0.0003348416250869,6.1672789454798784e-06,-6.105221490150223e-07,4170946900610.116,2320201092599.04,3876712989699.3833,11.157498044170184,8.538959979063312,46537331885895.055,25887639152755.3,43254417600380.01,0.000471029115434,0.0002620225800803,0.0004378009919193,0.00024138960817,0.0001342794444437,0.0002243610987794
882,882,0.02,2624,100000.0,17.15,2.43,0.81,2.45025594734036,,1888.0,0.7881883441680646,2624.0,0.2083361342283751,0.0003449581938571,0.0004455266641224,1.5492702012929268e-06,-3.825116690837516e-06,4295626475715.952,2374681227089.853,3980324182016.952,12.595030668677037,9.927256367490545,54103547202823.47,29909182883528.32,50132305143780.34,0.0004858770607642,0.000268599502632,0.0004502133100678,0.0002487233566512,0.0001374976826121,0.0002304668705968
883,883,0.02,2628,100000.0,17.15,2.43,0.81,2.45315234707937,,1872.0,0.7829937273156174,2628.0,0.2279109746850736,0.0004334642583574,0.0003938543243074,-7.70776241700214e-06,8.720358707508546e-06,4267315813870.115,2344252524378.251,3941899403203.534,11.530818134718432,9.0285582703017,49205642573144.27,27031149520460.2,45453325123695.08,0.0004834399669595,0.0002655780383647,0.00044657386525,0.0002472014953726,0.0001358002910573,0.0002283504361015
884,884,0.02,2632,100000.0,17.15,2.43,0.81,2.45604176396992,,1891.0,0.7923310036277037,2632.0,0.2028857836317001,0.0003473001958949,0.0004407459363418,1.0864718545668744e-05,3.410549312271872e-06,4318203969770.985,2357253551789.703,3976569402938.533,12.97281629538857,10.278764555203054,56019266825856.65,30580217289020.047,51587304350184.6,0.0004899642623158,0.0002674653642299,0.0004512007556146,0.0002502708900697,0.0001366197494737,0.0002304707167296
885,885,0.02,2636,100000.0,17.15,2.43,0.81,2.45892402542891,,1870.0,0.784796691382019,2636.0,0.2395678347302237,0.0004308209214585,0.0004734613152243,2.8172558143587914e-06,5.368497788548639e-06,4277141968032.004,2320026108855.961,3926535804479.481,11.003146574198444,8.635233026222338,47062019992911.74,25527587331709.41,43204248985525.93,0.0004860421552615,0.00026364111798,0.0004462002756478,0.0002480140956879,0.0001345288937474,0.0002276838678755
886,886,0.02,2640,100000.0,17.15,2.43,0.81,2.4618109871724,,1851.0,0.7781134840593048,2640.0,0.2022984957202425,0.0004622545583254,0.0004182072503966,-4.680910979780309e-06,2.78166223142212e-06,4240718488123.211,2285582994120.9844,3880981882282.074,13.050022891177806,10.154398778908046,55341473345048.84,29826910392965.555,50646902404027.41,0.0004826360278562,0.0002601221233401,0.0004416944168995,0.0002460241624484,0.0001325974934223,0.0002251541383234
887,887,0.02,2644,100000.0,17.15,2.43,0.81,2.46954492233459,,1863.0,0.7846065291585187,2644.0,0.2043731639878387,0.0004377078703322,0.0004792147107264,-3.322109054875261e-06,-1.327321154800053e-06,4276105583913.9272,2289846219467.4727,3901149865703.313,12.937119279306804,10.150548255046669,55320487990004.35,29624013672520.44,50469641139055.47,0.0004874352710704,0.0002610206391756,0.0004446938937683,0.0002481554533608,0.000132886762398,0.0002263956290494
888,888,0.02,2648,100000.0,17.15,2.43,0.81,2.47244743039646,,1900.0,0.8017476523312,2648.0,0.1968309263393166,0.0004293456480681,0.0003799033301254,-2.10990229537774e-06,-1.954100794426917e-06,4369524705205.04,2324739398661.636,3973893251140.954,13.453170440478017,10.786047817064745,58783960603002.86,31275115359889.348,53461463219864.56,0.00049887536724,0.0002654190786158,0.0004537055146235,0.0002536569294307,0.0001349543250982,0.0002306899784246
889,889,0.02,2652,100000.0,17.15,2.43,0.81,2.47535449343437,,1803.0,0.7622112251139357,2652.0,0.2308009904013488,0.0003797996739238,0.0004054186773277,-6.876993820150318e-06,3.211798676222765e-07,4154051176870.9497,2195713624887.1768,3766060887185.5337,11.490418630302814,8.7581260612751,47731787033949.3,25229668742213.344,43273616180971.41,0.0004750226400297,0.0002510834937832,0.000430655307066,0.0002412041231154,0.0001274936578663,0.0002186755471262
890,890,0.02,2656,100000.0,17.15,2.43,0.81,2.47825379676539,,1862.0,0.7884490811942766,2656.0,0.1909301723680982,0.0003422364825597,0.0004473313629221,1.4159383067127671e-06,4.5428760817427625e-06,4297047492508.807,2256415846606.072,3883424193505.1865,13.910844823831416,10.967992819986035,59775560868923.91,31388650700171.254,54021711340963.32,0.0004921443192183,0.0002584291289862,0.0004447717087792,0.0002495436886823,0.0001310374936616,0.000225523222551
891,891,0.02,2660,100000.0,17.15,2.43,0.81,2.48115748291476,,1903.0,0.8070335734587704,2660.0,0.2288224827470912,0.0003827358320258,0.0004157982567652,2.6273289394860773e-06,3.441865175560261e-06,4398332975350.298,2294369756853.6987,3962393712797.114,11.624731836075725,9.381548874168123,51129441364216.266,26671433156226.51,46061764340218.914,0.000504535058767,0.0002631883458107,0.0004545282396644,0.0002554630556452,0.0001332611041844,0.0002301429226058
892,892,0.02,2664,100000.0,17.15,2.43,0.81,2.48405314299738,,1839.0,0.7810154543972828,2664.0,0.23970883781476,0.0003864049951665,0.0004731378388625,-8.643058753328684e-07,2.175017200372895e-06,4256534226465.192,2205660262137.224,3822487960909.1177,11.113482607840522,8.679801668898865,47304919095498.81,24512566962067.0,42481153472243.26,0.0004890308380094,0.000253407074622,0.0004391635051779,0.0002472690669241,0.0001281304286429,0.0002220546061972
893,893,0.02,2668,100000.0,17.15,2.43,0.81,2.49193168849033,,1885.0,0.8019574828335486,2668.0,0.2190521974766852,0.0003484928234639,0.0004598869588365,-7.436250209858323e-06,1.0528449690363145e-05,4370668281442.84,2249666396170.6,3912496136449.804,12.179745424758718,9.767637982392932,53233627004041.484,27400363995992.29,47653206917310.66,0.0005029280875249,0.0002588666870462,0.0004502067127144,0.0002539423773415,0.0001307089891251,0.0002273218890685
894,894,0.02,2672,100000.0,17.15,2.43,0.81,2.49484195475181,,1802.0,0.7681549800067743,2672.0,0.2564534142507,0.0002860824954947,0.0004304475678227,2.5787836769768702e-06,5.253889837072177e-06,4186444641036.92,2140344856925.248,3735623364593.632,10.419046312200566,8.00344231163808,43618760598427.54,22300352188384.45,38921632840639.55,0.0004824662958974,0.0002466637788402,0.0004305114535413,0.0002432887472039,0.0001243828268315,0.0002170899668633
895,895,0.02,2676,100000.0,17.15,2.43,0.81,2.49775630929178,,1792.0,0.765412287316645,2676.0,0.1981431544904808,0.0003410262480972,0.0003575770460537,7.804247281846882e-07,-5.4156105840986486e-06,4171496965875.7153,2118256142005.0007,3710538115084.8384,13.505387086832515,10.337189221229158,56337681255698.914,28607869146838.016,50112253544666.65,0.0004814627907688,0.0002444833406414,0.0004282601787216,0.0002424787059117,0.0001231289420332,0.0002156843185413
896,896,0.02,2680,100000.0,17.15,2.43,0.81,2.50067470859125,,1852.0,0.7925098441661618,2680.0,0.2303110206194105,0.0003286773200076,0.0004219347748402,2.2240215319876515e-06,-8.769539110572861e-06,4319178650705.5815,2178289619319.8584,3830682207603.16,11.636438381421208,9.221991968309265,50259856227285.49,25347532932104.992,44575497467580.734,0.0004992546358071,0.0002517888882411,0.0004427892442322,0.0002511237979642,0.0001266491633033,0.0002227218512042
897,897,0.02,2684,100000.0,17.15,2.43,0.81,2.5035844413757,,1790.0,0.7672179529000531,2684.0,0.234935838444926,0.0003054384262606,0.0003967399034853,1.5597788549842318e-06,-9.658848317234645e-07,4181337843305.2896,2094291572768.285,3697570665455.548,11.424395774462424,8.765001539203078,47769258388656.78,23926015794426.258,42242510686206.58,0.0004840772333596,0.0002424580142494,0.0004280710731736,0.000243175686682,0.0001217985272669,0.000215041051291
898,898,0.02,2688,100000.0,17.15,2.43,0.81,2.50649803561623,,1890.0,0.811389727197539,2688.0,0.2139180759259034,0.0004206131945776,0.000338321478775,1.120457679836062e-06,3.0331907835399485e-06,4422074013226.588,2199553660365.4185,3898968720221.948,12.565558045366233,10.19556471451455,55565827694104.31,27638619193219.43,48992717771016.18,0.0005127491249508,0.0002550430434364,0.0004520939255029,0.0002572462898996,0.000127955121708,0.0002268155699592
899,899,0.02,2692,100000.0,17.15,2.43,0.81,2.51452078647705,,1823.0,0.7839385916619942,2692.0,0.2209315211825924,0.00028783354263,0.0004073597194357,1.782749568933704e-06,-7.941237056086607e-06,4272465324557.8687,2110341563745.2407,3755960721567.009,12.18477103489073,9.5521122448161,52059011734247.74,25714028759649.027,45765521408336.98,0.0004961720658208,0.0002450792349916,0.000436189096644,0.0002486093083663,0.0001227980841796,0.0002185545642401
900,900,0.02,2696,100000.0,17.15,2.43,0.81,2.51744817183723,,1906.0,0.8211708075731577,2696.0,0.2224501485684413,0.0003275215837097,0.0004652633715337,1.2969400439871462e-07,-5.422149338879554e-06,4475380901273.71,2195070952972.7864,3922721355271.708,12.119569338792868,9.95223654137542,54239689150496.05,26603314618123.82,47541693461979.0,0.0005205397602651,0.0002553127281971,0.000456258914918,0.0002604846115456,0.0001277616848964,0.0002283176719413
901,901,0.02,2700,100000.0,17.15,2.43,0.81,2.52037924302545,,1864.0,0.8044415633087765,2700.0,0.2360103435103155,0.0003545299360274,0.0003550920850746,-4.0614607165284005e-06,6.013781622060188e-07,4384206520032.832,2135169039196.012,3831418623237.333,11.440176561083597,9.20295351732651,50156096669429.484,24426710796161.6,43832105529258.914,0.0005107237837803,0.0002487295262497,0.0004463285676815,0.0002552444630764,0.0001243075736731,0.0002230616611787
902,902,0.02,2704,100000.0,17.15,2.43,0.81,2.52330098007409,,1873.0,0.809570364698125,2704.0,0.2124382897909527,0.0003615353234039,0.0004341229665581,5.69106220005079e-06,-4.102544695184022e-06,4412158487604.781,2133502246320.561,3844278946286.092,12.728402222880058,10.304537229601436,56159727901327.81,27156074734586.227,48931528685278.9,0.0005147702331286,0.0002489174973664,0.0004485152505175,0.0002569322326332,0.0001242397563494,0.0002238630310558
903,903,0.02,2708,100000.0,17.15,2.43,0.81,2.5262262113622,,1930.0,0.8353618814244749,2708.0,0.2331907867892368,0.0003545024083616,0.0004814128793519,-2.116517594856745e-06,-3.305565725985893e-06,4552722253763.388,2186073146694.274,3953743247634.455,11.612808710352487,9.700897732902584,52869892644319.086,25386449279398.94,45914064024626.734,0.0005319878904111,0.0002554437492058,0.0004619968915954,0.0002651800371707,0.0001273310617222,0.0002302916195919
904,904,0.02,2712,100000.0,17.15,2.43,0.81,2.52914181933611,,1874.0,0.8121875829281053,2712.0,0.2344125122872355,0.0003939547862577,0.0004136271929204,-1.0877236794441534e-06,4.158963595213648e-06,4426422326958.175,2112014495352.381,3831413029910.379,11.569348297743046,9.396481029997314,51210821613485.37,24434631306613.707,44326951815544.16,0.0005180091250944,0.0002471618612307,0.0004483772141243,0.0002578868998822,0.0001230476512364,0.0002232211830385
905,905,0.02,2716,100000.0,17.15,2.43,0.81,2.5373214113413,,1869.0,0.8112478231581881,2716.0,0.23899386790481,0.0004300435714889,0.0004369630158828,4.483025983737659e-06,4.306450382383728e-06,4421300636212.125,2096172838652.1736,3814347497738.627,11.364308313892677,9.219270381343932,50245023578324.42,23821554417650.902,43347420980626.8,0.0005181723299269,0.0002456695106498,0.0004470379855796,0.0002576545551936,0.0001221560180568,0.0002222839134336
906,906,0.02,2720,100000.0,17.15,2.43,0.81,2.5402497527681,,1862.0,0.809506092253959,2720.0,0.2224667633367971,0.0003992155189645,0.0004270729553477,-8.97860900114796e-07,5.000629262892003e-06,4411808202784.076,2078303264329.624,3793552990177.313,12.226545481232783,9.89746305427805,53941173645815.375,25410469385120.707,46382048169869.53,0.000517823013476,0.0002439347337387,0.0004452571260725,0.0002571673177415,0.0001211457188016,0.0002211287985227
907,907,0.02,2724,100000.0,17.15,2.43,0.81,2.54319453521232,,1867.0,0.8129843815761241,2724.0,0.2276224603765513,0.0004222503271468,0.0004507543200498,3.1754236011707683e-06,1.198254816815909e-06,4430764879589.876,2073806744132.9192,3797193794321.448,11.967184589313996,9.72913416255076,53023781185901.64,24817628109602.902,45441719058042.37,0.0005208419596432,0.0002437785795204,0.0004463648852346,0.0002583289341188,0.0001209101137927,0.0002213895460913
908,908,0.02,2728,100000.0,17.15,2.43,0.81,2.54612918787302,,1839.0,0.8019181461518408,2728.0,0.2074743980747371,0.0003968246567991,0.0004874333079945,1.4309954934407303e-06,3.7434642973668455e-06,4370453896527.532,2030541136088.5835,3733019863170.254,13.148610263794144,10.544109167214865,57465394961321.016,26698794023030.566,49084023287827.805,0.0005145378776903,0.0002390576245538,0.0004394921358849,0.0002548684675031,0.0001184135377719,0.000217695707176
909,909,0.02,2732,100000.0,17.15,2.43,0.81,2.5490535119752,,1829.0,0.7986485965414811,2732.0,0.2492331223002111,0.0003550391765786,0.0004543737096851,5.963824244909824e-06,7.62781543945452e-06,4352634851151.0728,2007188642678.248,3705396884104.76,10.961624902765523,8.754486344407837,47711950577022.71,22002049010130.01,40617170759432.52,0.0005132218938336,0.0002366688664922,0.0004369056608924,0.0002538678196652,0.0001170694583394,0.0002161176069509
910,910,0.02,2736,100000.0,17.15,2.43,0.81,2.55199416924148,,1937.0,0.8469786628531867,2736.0,0.2154433651803629,0.0003010196026062,0.0004059585768031,-1.4312903866899058e-06,-1.7021765158108475e-06,4616033712549.867,2112667448847.8577,3917638757003.865,12.699393168638547,10.756115045020367,58620826995361.016,26829594567503.508,49751634867888.5,0.0005451080809853,0.000249485201044,0.000462634520848,0.0002692531960488,0.0001232318692222,0.0002285158259178
911,911,0.02,2740,100000.0,17.15,2.43,0.81,2.56033075568009,,1892.0,0.8285753310803327,2740.0,0.2065036223921197,0.0003828863527937,0.0003933994158022,5.408380247938126e-06,7.042453731962229e-06,4515735554387.813,2051124477797.22,3820786475578.196,13.268532378561122,10.993978608516397,59917183416414.37,27215411546111.684,50696229062777.73,0.0005340769868885,0.0002425869202572,0.0004518852142345,0.0002634249320041,0.0001196521185946,0.0002228851546795
912,912,0.02,2744,100000.0,17.15,2.43,0.81,2.56326983892197,,1914.0,0.8393923320662608,2744.0,0.2116855581789423,0.0002996265626836,0.000360301903614,-8.073158527784691e-08,-6.765014237076986e-06,4574688209761.122,2063463845278.2288,3858784494511.215,12.962622597430284,10.880726011751817,59299956764047.4,26747903069783.96,50019967087164.67,0.0005418374569587,0.0002444017933432,0.0004570440391973,0.0002667469125081,0.0001203191528169,0.0002250030609187
913,913,0.02,2748,100000.0,17.15,2.43,0.81,2.56621161692806,,1910.0,0.8385812382926118,2748.0,0.2441364092264848,0.0004142836670732,0.0004119329291037,-2.5374016221506945e-08,-6.885982538852027e-06,4570267748694.734,2047620627855.93,3843185165205.877,11.256002366491296,9.439072402716835,51442944594806.77,23048022632822.74,43258901314421.58,0.0005421035494027,0.0002428790765066,0.0004558604514286,0.0002663723579213,0.0001193430154997,0.0002239952560059
914,914,0.02,2752,100000.0,17.15,2.43,0.81,2.56915603392383,,1812.0,0.7961533981589933,2752.0,0.2227024940607407,0.000326010672019,0.0003636104854398,6.825674592816741e-07,1.337448112307049e-06,4339036019966.514,1930873079834.408,3637469981545.6313,12.357293130490982,9.83830091788718,53618740002485.13,23860364645287.688,44949282815320.98,0.0005154403665528,0.0002293712067512,0.0004321003218192,0.0002527297392674,0.0001124648534327,0.0002118666071908
915,915,0.02,2756,100000.0,17.15,2.43,0.81,2.57208928266999,,1826.0,0.8023396650706598,2756.0,0.2377454466563904,0.0003524300496591,0.0004009707656267,6.080527591279755e-07,-9.67681323572798e-07,4372751174635.096,1932625556234.8984,3654376216823.409,11.592230424430385,9.300906276159388,50689939205068.67,22403440772017.887,42362371162975.13,0.0005202307679928,0.0002299264781391,0.0004347649500022,0.0002544717635282,0.0001124689272025,0.0002126660135351
916,916,0.02,2760,100000.0,17.15,2.43,0.81,2.57502495755952,,1937.0,0.8508307879581487,2760.0,0.2456364217759983,0.0004015468489069,0.0003606165931908,8.413346048190895e-07,-6.887251066228976e-07,4637027794371.91,2035376505653.8853,3863192264755.872,11.23611873208652,9.560035754412487,52102194861548.06,22869732082026.42,43407286971675.2,0.0005525073475385,0.0002425175186023,0.0004603039286981,0.0002696165847436,0.0001183454761232,0.0002246224846647
917,917,0.02,2764,100000.0,17.15,2.43,0.81,2.58351832424746,,1790.0,0.7857772612960197,2764.0,0.2463703862076727,0.0003717827559537,0.0004277242156412,1.8033087602560343e-06,-2.1634923429492642e-07,4282486074063.308,1866777121969.6648,3555620453338.086,11.21888081820899,8.81554144413871,48044700870555.97,20943150045536.85,39890082100786.21,0.0005110314648198,0.0002227635608461,0.0004242941826752,0.0002490500924709,0.0001085633454046,0.0002067788633472
918,918,0.02,2768,100000.0,17.15,2.43,0.81,2.58647877671788,,1864.0,0.8175543589273686,2768.0,0.2354586023861884,0.0003840158560858,0.0004027862294331,6.18775203928415e-06,-8.566414530211537e-07,4455671256154.159,1928768552243.2395,3686680653018.672,11.75578200137302,9.610990817822415,52379899957132.17,22674182631275.37,43339814065567.04,0.000532499408091,0.0002305080544251,0.0004405969724183,0.0002591718021769,0.0001121901488976,0.0002144421376631
919,919,0.02,2772,100000.0,17.15,2.43,0.81,2.58942750532753,,1844.0,0.8075241832566062,2772.0,0.2126251231866263,0.0003343886373422,0.0004086508390003,-2.145215339613482e-07,1.8319723245266929e-06,4401006798748.504,1891769410446.5845,3628876456581.719,13.037029483890985,10.527716586071364,57376055394088.92,24663053580715.188,47309769357853.71,0.0005267577813007,0.0002264264298939,0.0004343412765067,0.0002560523203941,0.0001100638943191,0.0002111294709645
920,920,0.02,2776,100000.0,17.15,2.43,0.81,2.59237837643355,,1877.0,0.8203906400032442,2776.0,0.2546292390998133,0.0003873799252939,0.0003859305254698,-5.562298012336947e-07,-5.35604242658199e-07,4471128988017.681,1908362782097.764,3673921671131.157,10.902125811685842,8.944001972044838,48744810747644.36,20805211144768.64,40053556280950.97,0.0005359541865698,0.0002287554273876,0.0004403929535581,0.0002602041177535,0.0001110600600877,0.0002138094315091
921,921,0.02,2780,100000.0,17.15,2.43,0.81,2.59533132960116,,1848.0,0.8058923817372902,2780.0,0.2492926080294637,0.0003761042713547,0.0004016733049679,4.800999799874459e-06,-3.020502101614416e-06,4392113480468.231,1861328005444.1248,3596446016680.278,11.151554079258672,8.986952477005966,48978890999682.52,20756699911948.84,40105962248144.56,0.0005272742330157,0.0002234528549468,0.0004317541710751,0.0002556765170486,0.0001083528154801,0.000209358614113
922,922,0.02,2784,100000.0,17.15,2.43,0.81,2.59828630386561,,1860.0,0.809033947687432,2784.0,0.2320625343963911,0.0003769220075728,0.0004186195965043,1.9575819917889927e-06,-9.662564933783832e-07,4409235014896.504,1855222577400.0093,3597868225901.142,11.99676633387356,9.705791226577407,52896562184846.87,22256671758394.57,43162784406204.22,0.0005300896623388,0.0002230396670385,0.0004325450438827,0.0002567419566372,0.0001080263294902,0.000209497503517
923,923,0.02,2788,100000.0,17.15,2.43,0.81,2.60122900795226,,1918.0,0.8319655611425247,2788.0,0.2357040971101014,0.0003548740343986,0.000392375785195,-4.345217123210481e-06,3.870620497558154e-06,4534212308226.76,1894067760404.2217,3686893091775.276,11.828390062722065,9.840813175945224,53632431808901.48,22403772275287.53,43610009609073.3,0.0005458985304003,0.0002280371399917,0.0004438851521997,0.0002640898998338,0.0001103177643922,0.0002147387817589
924,924,0.02,2792,100000.0,17.15,2.43,0.81,2.6041735077513,,1872.0,0.8098591928184873,2792.0,0.2607634002183658,0.0003924967008952,0.0004597496735703,-2.4713397817542635e-06,-1.6575516847482544e-06,4413732600860.756,1830365034956.2363,3577349887736.2026,10.7070240595956,8.671181862392215,47257941150037.58,19597762467118.965,38302771317583.14,0.0005321675418093,0.0002206886889968,0.0004313241576024,0.0002571397960969,0.0001066352981555,0.0002084129474722
925,925,0.02,2796,100000.0,17.15,2.43,0.81,2.61285381996018,,1905.0,0.8221597047947093,2796.0,0.229398714571289,0.0003569281997841,0.0003751436557012,2.342353377067577e-06,-3.4922633199037702e-06,4480770391131.166,1844587731704.2512,3620046135055.204,12.188385646472758,10.020799545028115,54613357520403.234,22482546632763.84,44122518352076.03,0.0005410478585845,0.0002227318418692,0.0004371163970431,0.0002611116777929,0.0001074912024983,0.0002109539738708
926,926,0.02,2800,100000.0,17.15,2.43,0.81,2.61580772474224,,1886.0,0.8129170020692907,2800.0,0.2355439886405292,0.0003638514519722,0.0004690359243986,4.639036411834492e-06,3.6212798017015007e-06,4430397661277.635,1810425831864.6096,3567842306396.749,11.887376180392204,9.663450207034328,52665803628337.086,21521212910074.1,42412283648456.3,0.0005357562880989,0.0002189300143496,0.0004314497471195,0.0002582418781346,0.0001055272692856,0.0002079646949403
927,927,0.02,2804,100000.0,17.15,2.43,0.81,2.61876318045282,,1862.0,0.8019593162898034,2804.0,0.2382971673496285,0.0003994205864546,0.0004239454362606,2.485613354842493e-06,2.4306858479239625e-06,4370678273779.428,1772778142278.2834,3508397472479.384,11.766820525759686,9.436511343743064,51428986823399.69,20859962232178.23,41282683391693.81,0.0005293193616311,0.000214695691562,0.0004248911940331,0.0002548221112659,0.000103357657719,0.0002045488583455
928,928,0.02,2808,100000.0,17.15,2.43,0.81,2.62170555682303,,1852.0,0.7974644419198355,2808.0,0.2448851216299772,0.0003535894364917,0.0003849716287218,-2.0079511906431943e-06,7.507867253998222e-06,4346181208463.103,1749672071093.256,3477444772485.0654,11.466601079353868,9.144206630464316,49835926136030.52,20062791658913.25,39874471981570.72,0.0005271353012809,0.0002122124849609,0.0004217688609629,0.0002534547491021,0.0001020350221307,0.0002027929462789
929,929,0.02,2812,100000.0,17.15,2.43,0.81,2.62466386660509,,1821.0,0.7844450309457753,2812.0,0.2154624578852235,0.0003890081472844,0.0004261193431185,-1.5896912196090932e-06,-1.6287054922690257e-06,4275225418654.476,1708151752020.2185,3409567675750.3413,13.050997503694806,10.237790140659108,55795956266592.14,22293084251547.777,44498259224896.2,0.0005192987575181,0.0002074840495207,0.0004141499182628,0.0002493758884403,9.963728670124992e-05,0.0001988816694033
930,930,0.02,2816,100000.0,17.15,2.43,0.81,2.62760886167192,,1909.0,0.8235177208485475,2816.0,0.2401661349822461,0.0003471547362912,0.0004435400376287,3.446673011823107e-07,6.730095916552487e-06,4488171578624.584,1779633122062.8877,3567738590997.8696,11.725216797148224,9.65592381324261,52624784782172.24,20866584175573.11,41832508455002.16,0.0005459719933133,0.0002164867866564,0.0004340042077323,0.0002618582343112,0.0001038310543395,0.0002081564199488
931,931,0.02,2820,100000.0,17.15,2.43,0.81,2.63055503993081,,1902.0,0.8221801891714673,2820.0,0.2559859426669391,0.0003572625013135,0.0003897656678137,3.0319425292122785e-06,4.430743705118547e-06,4480882030984.497,1763164244536.6255,3550305508747.455,11.016229917238368,9.05732599731142,49362426685347.234,19423422699669.363,39110981760799.9,0.0005458936291581,0.0002148014880991,0.0004325240310699,0.0002614939588685,0.0001028942059289,0.0002071876555231
932,932,0.02,2824,100000.0,17.15,2.43,0.81,2.63942767310377,,1808.0,0.7836931003885586,2824.0,0.2295041944607874,0.0003315197923477,0.0004374627608652,-5.863340081021458e-06,7.69432587507069e-07,4271127397117.644,1667685905458.247,3373018441046.769,12.304786004608308,9.643175893569229,52555308619952.29,20520518189565.17,41504270106678.016,0.0005210762981525,0.0002034571946235,0.0004115072671555,0.0002493072836366,9.734344223249426e-05,0.0001968843321698
933,933,0.02,2828,100000.0,17.15,2.43,0.81,2.64239687339629,,1845.0,0.8028669673278819,2828.0,0.2363237251570353,0.0003810301517949,0.0003911993916424,7.191069312292182e-07,-6.704281334469369e-07,4375624971936.956,1695228282061.015,3444177763004.18,11.96663601219393,9.607616764226758,52361511365035.83,20286179809000.992,41215221651163.35,0.0005345816337394,0.0002071105065899,0.0004207842736167,0.0002554623161918,9.897259161531964e-05,0.0002010815904828
934,934,0.02,2832,100000.0,17.15,2.43,0.81,2.64535213786487,,1870.0,0.8172819599945697,2832.0,0.2572115196248887,0.0003548604805083,0.00042866421568,6.9061755110682885e-06,2.0840632681633866e-06,4454186681970.405,1712167916528.5647,3494446763393.63,11.010393329700484,8.998595840808747,49042347332407.68,18851642207473.28,38475233334662.66,0.0005449655558768,0.0002094821360232,0.0004275422785046,0.0002601045678129,9.99829436324682e-05,0.0002040600518198
935,935,0.02,2836,100000.0,17.15,2.43,0.81,2.64830825167133,,1869.0,0.8205113670603944,2836.0,0.2357436367724403,0.0004636930403004,0.0003980172728432,-1.674928243273209e-06,-7.887349889004897e-07,4471786950479.149,1705382874361.72,3496639866128.7363,12.03001717809905,9.87076584056208,53795673831063.33,20515785273807.426,42064637655154.66,0.0005479236397247,0.0002089588797481,0.0004284398303122,0.0002611872525249,9.960766744709538e-05,0.0002042310534506
936,936,0.02,2840,100000.0,17.15,2.43,0.81,2.65126514424315,,1884.0,0.8308588272633788,2840.0,0.2639166676958666,0.0002895042808032,0.0004141185406428,-3.7385681013623424e-06,-1.0246998777269042e-05,4528180608585.414,1713168053949.4126,3528974629391.81,10.760972487242718,8.940848980963969,48727626946253.63,18435354294572.777,37975198895062.84,0.0005556507551854,0.0002102219865373,0.0004330386942018,0.0002645367058423,0.0001000834270361,0.0002061630054442
937,937,0.02,2844,100000.0,17.15,2.43,0.81,2.66027167081404,,1849.0,0.8193861164286785,2844.0,0.2567841761897398,0.0003090989433633,0.0004310346394879,-8.0018630368665e-06,-4.71442291754943e-06,4465654334536.298,1675980168070.8533,3468646724779.156,11.075448815422906,9.075068992573982,49459126009528.2,18562232567132.613,38416819259075.84,0.0005487727254674,0.0002059568734526,0.0004262530357801,0.0002609363545629,9.79305881321946e-05,0.0002026793754793
938,938,0.02,2848,100000.0,17.15,2.43,0.81,2.66325103355529,,1873.0,0.8340771385062447,2848.0,0.2445933378808149,0.0003421724643413,0.0003961591442899,-4.230120575003178e-06,-1.0082134937710309e-06,4545720404859.033,1692254399275.756,3519030264207.438,11.64381673137708,9.711841340598127,52929535306259.805,19704300088033.52,40974943468600.88,0.000559422970105,0.000208258735228,0.0004330724696987,0.0002656681623269,9.890140096711004e-05,0.0002056647176244
939,939,0.02,2852,100000.0,17.15,2.43,0.81,2.66621569387481,,1888.0,0.8447063978207041,2852.0,0.2519303384406157,0.000344803294171,0.000343973416282,5.587778789642138e-06,4.689247354952796e-06,4603649868122.837,1699869574194.3638,3551918516790.5576,11.320589721957068,9.56257456524044,52116031380560.39,19243526030292.25,40209812254408.17,0.0005673772740321,0.0002095005903674,0.0004377565417377,0.0002691059827512,9.936573923227436e-05,0.000207627111204
940,940,0.02,2856,100000.0,17.15,2.43,0.81,2.66918078172062,,1801.0,0.8091719377057534,2856.0,0.2447646984110179,0.0003969577163258,0.0003854879212953,-7.935730678994543e-06,6.498730382039651e-06,4409987060496.355,1614997154545.6748,3391044806325.113,11.66834931074946,9.441700821606734,51457269477756.695,18844350935105.363,39567895328604.17,0.0005443032966344,0.0001993312595288,0.000418540200186,0.0002578336681768,9.442219098138884e-05,0.0001982603371331
941,941,0.02,2860,100000.0,17.15,2.43,0.81,2.67213080713945,,1867.0,0.8419087192622556,2860.0,0.2489205841047805,0.000399164088481,0.0003984525469831,-7.5058747927951315e-06,-4.669960144869164e-06,4588402519979.293,1666509382800.532,3516319038261.78,11.48960826315638,9.673201377659018,52718947508241.64,19147539975252.64,40401128277906.64,0.0005671528057379,0.0002059900952735,0.0004346371530692,0.000268315079995,9.745212988869128e-05,0.0002056230725031
942,942,0.02,2864,100000.0,17.15,2.43,0.81,2.68130199746569,,1815.0,0.8214751167163998,2864.0,0.2439833685334633,0.0003313955550154,0.0004170599753027,6.342094559467561e-06,-1.4966532175634626e-06,4477039386104.38,1614433896887.124,3419347490236.9297,11.73850503505607,9.642889793748733,52553749375930.59,18951040427374.69,40138027730752.53,0.0005541600336639,0.0001998317784346,0.0004232407975189,0.0002618494695272,9.44237079528034e-05,0.0001999880387978
943,943,0.02,2868,100000.0,17.15,2.43,0.81,2.68427374650761,,1922.0,0.873064771997282,2868.0,0.2298426954630485,0.0003550943310855,0.0004517687839078,-2.9857647438538985e-06,2.8136494194788488e-06,4758203007385.188,1703463713778.478,3621727977438.443,12.478099398469174,10.894189006283913,59373330084247.32,21255989542213.293,45192281696693.62,0.0005897851178871,0.0002111464234896,0.0004489176394561,0.0002783434304501,9.964852970849936e-05,0.0002118623748992
944,944,0.02,2872,100000.0,17.15,2.43,0.81,2.6872612232583,,1827.0,0.8324804914543407,2872.0,0.2545740707155346,0.000383598719952,0.0004574509465153,-1.8764293223890028e-06,-4.421663469946448e-07,4537018678426.156,1612494323906.1514,3441588237279.4907,11.281588859099564,9.39170263780902,51184779376059.16,18191497999940.92,38826583515300.414,0.0005631658821383,0.0002001538571317,0.0004271935411729,0.0002654500215557,9.43431542556168e-05,0.0002013590281468
945,945,0.02,2876,100000.0,17.15,2.43,0.81,2.69023307219764,,1767.0,0.8071531473420617,2876.0,0.2443524957147929,0.0003106948415678,0.0004306234588987,1.439046601188655e-06,1.558951878456022e-05,4398984653014.236,1552010255533.173,3325455776505.968,11.769881832338044,9.500097164815802,51775529548246.125,18266977310202.21,39140221528141.19,0.0005468164195741,0.0001929228578898,0.0004133712582777,0.0002574161538424,9.081925540015056e-05,0.0001945962769328
946,946,0.02,2880,100000.0,17.15,2.43,0.81,2.69318905394819,,1886.0,0.863414749378068,2880.0,0.245546561525316,0.0004063097167833,0.0004225818215739,2.474568502425213e-06,-7.357776014817096e-07,4705610384110.471,1647968877235.9058,3545030343421.6704,11.728936386279102,10.126936670430473,55191804853846.08,19328922127667.73,41579435385421.93,0.0005857729225133,0.0002051456594641,0.0004412993459205,0.0002754041497881,9.645028603410389e-05,0.0002074791553078
947,947,0.02,2884,100000.0,17.15,2.43,0.81,2.70251035854737,,1864.0,0.8550771029306437,2884.0,0.2360548719966573,0.0003653446988166,0.0003549948808741,-3.030591831777461e-06,-1.7931936264213593e-06,4660170210972.008,1619950750899.7483,3498693271515.161,12.217498311328391,10.446903061110712,56935621683053.38,19791745563552.84,42745279136592.48,0.0005809547710701,0.0002019493012118,0.0004361605813908,0.0002727874706718,9.482534927812e-05,0.0002047993195497
948,948,0.02,2888,100000.0,17.15,2.43,0.81,2.70548745723048,,1824.0,0.8385107218510746,2888.0,0.2381505902667413,0.0004371142048375,0.0003761792339565,-1.7124073725653078e-06,5.1386712377679245e-06,4569883434088.356,1576695755836.8015,3419039465588.9966,12.126780776672804,10.168435702777646,55417974580138.17,19120243782543.32,41461942065990.3,0.0005705238302997,0.0001968414544509,0.0004268475377956,0.0002675444201859,9.230785815198794e-05,0.0002001681103264
949,949,0.02,2892,100000.0,17.15,2.43,0.81,2.70846415644844,,1817.0,0.836902443945855,2892.0,0.2384865399794762,0.0003166959885924,0.0004509529889993,5.028767207462937e-06,-1.092827706889917e-05,4561118319504.91,1561824545968.026,3400634813014.4863,12.126470534768464,10.148672826985129,55310266907068.95,18939419337159.406,41237697859528.04,0.0005702478472783,0.0001952650693923,0.0004251599159812,0.0002670719183888,9.145114168485898e-05,0.000199120917203
950,950,0.02,2896,100000.0,17.15,2.43,0.81,2.71144037566172,,1830.0,0.8443599017170486,2896.0,0.2466284620754777,0.0003620690476481,0.0004396752873317,-2.3725645742329938e-06,7.193797454934049e-06,4601761464357.914,1562668908913.6372,3418984697433.352,11.742359237976814,9.91477729210438,54035536241968.87,18349419698481.195,40146946546407.88,0.0005761500097431,0.0001956493647202,0.0004280639233465,0.0002694915039809,9.151408601884064e-05,0.0002002249215513
951,951,0.02,2900,100000.0,17.15,2.43,0.81,2.71439989459601,,1825.0,0.8433558204723789,2900.0,0.2480215305959063,0.0004064677094379,0.0004309697820051,3.2714557330847543e-06,6.278117393074126e-06,4596289221574.465,1546882468917.3845,3402980740608.001,11.692533277382593,9.86096599554759,53742264675734.36,18086974744016.258,39789465551851.11,0.0005762870466915,0.0001939495724957,0.0004266689119013,0.0002692107643309,9.06029607172284e-05,0.000199317101692
952,952,0.02,2904,100000.0,17.15,2.43,0.81,2.71737485505495,,1767.0,0.8177945034941219,2904.0,0.2442340294469431,0.0003471409414677,0.0004176317894948,4.474042016541683e-06,-2.1377486320171394e-06,4456980044042.965,1486491902076.1194,3289007971284.8906,11.890234979032105,9.723768811106,52994540020527.71,17674738010113.438,39107077626487.02,0.0005595895267855,0.0001866342886513,0.0004129465234436,0.0002610861069024,8.707743355812806e-05,0.0001926672945151
953,953,0.02,2908,100000.0,17.15,2.43,0.81,2.72686786225862,,1862.0,0.863227471390407,2908.0,0.2557635479897726,0.0002828849312797,0.0004046736558894,-5.790508629485669e-06,7.308326822164183e-06,4704589719077.718,1554818319929.3855,3460732636689.6807,11.369876680457544,9.81478989689212,53490604938062.055,17678092558113.3,39348103303196.35,0.0005914919592172,0.0001954819844443,0.0004351060665932,0.0002756276844012,9.10921034089058e-05,0.000202753859516
954,954,0.02,2912,100000.0,17.15,2.43,0.81,2.72984700959398,,1805.0,0.8383472799671366,2912.0,0.2580330230402978,0.0003762226701925,0.0004513581104627,-3.120721402386396e-06,-3.714052223884921e-06,4568992675820.895,1496799865602.374,3350305623908.608,11.28537721912138,9.4610652950535,51562805858041.57,16891951104852.977,37809462765152.45,0.0005752467250809,0.0001884505583355,0.0004218112119926,0.0002677182839647,8.770438472757463e-05,0.000196309807441
955,955,0.02,2916,100000.0,17.15,2.43,0.81,2.73282519049967,,1820.0,0.8467749373066138,2916.0,0.2686931160342283,0.0003525253420849,0.0003728035059012,6.033430738829382e-06,1.481000220574562e-06,4614923408321.045,1499860264379.8,3373197107598.724,10.852529618319425,9.1896500871706,50083592975079.766,16277277942522.182,36607721518644.56,0.000581852934405,0.0001891034842427,0.0004252951699792,0.0002704438052585,8.789483191066005e-05,0.0001976761434482
956,956,0.02,2920,100000.0,17.15,2.43,0.81,2.73580232028163,,1843.0,0.8587639584567908,2920.0,0.2575705356189246,0.0003332652620199,0.0004275341468294,4.965000861220874e-06,-4.151528146114895e-06,4680263573589.51,1508939764072.914,3410015460675.9795,11.33670042259856,9.735549730749511,53058746032584.84,17106398061041.174,38658323714112.99,0.0005909285232237,0.000190518233086,0.0004305474186792,0.0002743075924762,8.843810340303445e-05,0.0001998590713145
957,957,0.02,2924,100000.0,17.15,2.43,0.81,2.73877831368027,,1716.0,0.8007281741537019,2924.0,0.272436201732944,0.000394714054691,0.0004183612984888,-3.985118985744384e-06,-7.344453441831486e-06,4363968549137.6753,1395630033497.412,3169363067300.635,10.732788012021455,8.594045748444678,46837549329023.5,14979001292738.129,34016101934467.8,0.0005517790966878,0.0001764631139117,0.0004007334770312,0.0002557997051094,8.180667367116324e-05,0.0001857763475771
958,958,0.02,2928,100000.0,17.15,2.43,0.81,2.748421984424,,1829.0,0.8546732934218922,2928.0,0.2802219720260837,0.0004030454600256,0.0003709459476686,4.922479902876707e-06,1.6506816002731765e-06,4657969449149.3125,1477555444641.2988,3371994527793.353,10.448859448207209,8.93036111710171,48670468088204.31,15438769167990.236,35233496881036.57,0.0005897937163044,0.000187088585757,0.0004269631232271,0.0002730649632227,8.661899300867616e-05,0.0001976770289653
959,959,0.02,2932,100000.0,17.15,2.43,0.81,2.75140106613925,,1863.0,0.8722868793358778,2932.0,0.2364482106981995,0.0003928727102119,0.0004354557086029,1.288474994129641e-06,-1.254074223666196e-06,4753963492380.534,1495658113818.6816,3429658201171.3413,12.400178421068196,10.816512938121669,58949995512763.09,18546427468269.973,42528373617804.43,0.000602788773984,0.0001896451081656,0.0004348707064288,0.0002787231574393,8.768989341241387e-05,0.0002010796179441
960,960,0.02,2936,100000.0,17.15,2.43,0.81,2.75439550712333,,1838.0,0.8621128867678819,2936.0,0.2580101910002668,0.0002973138183037,0.0003927270576399,5.918838404103159e-06,-9.692834436059057e-07,4698515232884.956,1466009774141.641,3377452343665.792,11.37939547510728,9.810323482718108,53466262980813.69,16682304990330.434,38433365916900.98,0.00059657030841,0.0001861392077587,0.0004288350013635,0.0002755006744795,8.596049210245538e-05,0.0001980392427356
961,961,0.02,2940,100000.0,17.15,2.43,0.81,2.7573716065909,,1790.0,0.8409342450975548,2940.0,0.2090302192236777,0.0003771611335638,0.0004173977719095,-3.672366245627014e-06,3.1499651410126487e-06,4583091635781.673,1418092007952.413,3282577992412.9,14.064952000332468,11.827699792732927,64460963870394.44,19945396023905.777,46169301900635.15,0.0005827094016583,0.0001803008997243,0.0004173578033923,0.0002687604681828,8.315938285153748e-05,0.0001924960852189
962,962,0.02,2944,100000.0,17.15,2.43,0.81,2.76034605390359,,1742.0,0.8195152429397766,2944.0,0.2330654219576899,0.0003547558386829,0.0004572303921086,-4.04621579264406e-06,2.6347415731374644e-06,4466358074021.782,1370371904036.2625,3187368392755.619,12.631646407567253,10.351826774426833,56417455920626.24,17310053338650.748,40261710507944.92,0.0005686637736801,0.0001744779181112,0.0004058207846961,0.0002619402004345,8.036872218127568e-05,0.0001869308062229
963,963,0.02,2948,100000.0,17.15,2.43,0.81,2.76331875962254,,1732.0,0.815865946575388,2948.0,0.2674507260480823,0.0003936871670656,0.0004780997525504,-8.041624779687667e-06,3.7506475571523416e-06,4446469408835.865,1352720407021.0112,3161625969141.76,11.022591127570948,8.992956744009145,49011614254849.84,14910483956513.96,34849310356159.863,0.0005669264602948,0.0001724723418983,0.0004031084563181,0.0002607988664034,7.934113928925508e-05,0.0001854389163468
964,964,0.02,2952,100000.0,17.15,2.43,0.81,2.77311697479512,,1790.0,0.844404826705869,2952.0,0.2697919357119644,0.0003693399029884,0.0004539535253589,5.163011127250645e-06,-2.2978840761318e-06,4602006305546.986,1388085100165.179,3260266139319.526,10.941765150280908,9.239279305579268,50354072215407.01,15188101174611.535,35673066423847.27,0.0005875797405089,0.0001772293710194,0.0004162676460965,0.0002699465917997,8.142293100857229e-05,0.000191242183134
965,965,0.02,2956,100000.0,17.15,2.43,0.81,2.77610856058014,,1795.0,0.8480997075709729,2956.0,0.2150880966964905,0.0003774703257103,0.0003672017369461,2.441488677069505e-07,-4.765095590712364e-06,4622143406261.803,1382153387392.2378,3262526777271.005,13.743205902143409,11.655608906695493,63523068541490.43,18995218591276.504,44837577261291.78,0.0005909761974275,0.0001767188253043,0.0004171388681331,0.0002711519792108,8.108221524600252e-05,0.0001913918533308
966,966,0.02,2960,100000.0,17.15,2.43,0.81,2.77909816211502,,1805.0,0.8540732815714596,2960.0,0.2196071748394388,0.0003419014427147,0.00037698492976,-1.9704519364765964e-06,4.349308530357109e-06,4654699384564.454,1379798409676.0742,3274038883594.114,13.478612445900923,11.51172276270052,62738889056717.81,18597768017494.234,44129501244775.18,0.0005959722398772,0.0001766648027841,0.0004191970577888,0.0002730861837372,8.095128189688786e-05,0.0001920843238755
967,967,0.02,2964,100000.0,17.15,2.43,0.81,2.78208568711257,,1769.0,0.8381153766663171,2964.0,0.2510946568809231,0.0003399221103475,0.0004483608144481,4.2718233076262695e-08,-2.9806265200272304e-06,4567728802831.428,1342153568319.05,3202187567217.733,11.804313308847592,9.89337649513202,53918901898469.5,15843201229025.846,37799625317134.57,0.0005856601699052,0.0001720868118031,0.0004105746631723,0.0002680038397485,7.874861345068683e-05,0.0001878829940773
968,968,0.02,2968,100000.0,17.15,2.43,0.81,2.78505365159448,,1872.0,0.8880279820851413,2968.0,0.2534952161799992,0.0003932136289675,0.0003652448258461,1.6217437259571034e-06,-1.0973641294626787e-06,4839752502364.02,1409512909345.2212,3381575136256.4453,11.708307733478147,10.397304890192451,56665311651548.86,16503010896923.934,39592522319168.76,0.0006214130615178,0.0001809782074222,0.0004341864500606,0.0002839857027224,8.270702145640603e-05,0.0001984231612896
969,969,0.02,2972,100000.0,17.15,2.43,0.81,2.79503739333281,,1834.0,0.8711322671977271,2972.0,0.254448341616353,0.0003174197922936,0.0004515378221106,-2.8604946072952363e-08,-4.11260658104684e-06,4747670856227.613,1370364089830.9138,3306138649036.369,11.680170446860537,10.174973362629508,55453604826330.83,16006086143481.977,38616262941698.016,0.0006104251748958,0.0001761926562598,0.0004250821769627,0.0002786018508371,8.041542543896411e-05,0.0001940101524809
970,970,0.02,2976,100000.0,17.15,2.43,0.81,2.79802350403656,,1856.0,0.8830381811380282,2976.0,0.2450344945114011,0.0003768098941246,0.0003899636101289,-2.221699173545199e-07,-3.2513955648422285e-06,4812558087202.254,1376593280040.077,3340074251465.996,12.145228801088376,10.724700750018274,58449619087599.6,16719040352127.455,40565965996678.52,0.0006195910244762,0.0001772289965569,0.0004300166335229,0.0002824274492811,8.078608543202966e-05,0.0001960139772151
971,971,0.02,2980,100000.0,17.15,2.43,0.81,2.80100707437405,,1743.0,0.8305015991637046,2980.0,0.2527538564399947,0.0003559373701575,0.0004150895654412,-6.474672182497433e-06,6.271399049200985e-06,4526233715442.189,1282936254856.8447,3130775039744.092,11.790126734258038,9.791719107144049,53364869133935.05,15125981036736.568,36912234495034.586,0.0005835044561493,0.0001653911549265,0.0004036073481268,0.0002656411925325,7.529454688136233e-05,0.0001837427908928
972,972,0.02,2984,100000.0,17.15,2.43,0.81,2.80398800840157,,1786.0,0.8521054729577053,2984.0,0.2670865286449952,0.0003793969880317,0.0003700063829421,-3.1528996842929955e-06,4.61133641249179e-06,4643974827619.494,1304247038281.1345,3201360149121.606,11.172409238079764,9.520071057890991,51884387265505.92,14571581659230.318,35766905704466.64,0.0005995117569833,0.000168371161017,0.0004132780902088,0.0002725622058888,7.65483153921674e-05,0.0001878928754953
973,973,0.02,2988,100000.0,17.15,2.43,0.81,2.80696620961505,,1781.0,0.8506683620134756,2988.0,0.2563976050400924,0.0003668413080944,0.000439995439861,8.373405248971978e-06,-1.1584196651441871e-05,4636142572973.442,1290005423020.181,3184580802285.9746,11.65377500126326,9.913497691598206,54028562419210.23,15033432950286.615,37112388143183.19,0.0005993301254378,0.0001667634460814,0.0004116817336091,0.0002721133786317,7.57154743595719e-05,0.0001869155290192
974,974,0.02,2992,100000.0,17.15,2.43,0.81,2.80994158095144,,1856.0,0.8877365604907047,2992.0,0.2262241783791978,0.0004187844420241,0.0003979135603669,1.505161156501066e-06,-8.072500619161433e-06,4838164254674.34,1333651220093.0913,3310783665331.43,13.225818837917483,11.741042924846036,63988683940410.88,17638629429918.844,43787824969209.92,0.0006263112806966,0.0001726441599935,0.0004285884166788,0.0002839784901329,7.827933073584741e-05,0.0001943281163985
975,975,0.02,2996,100000.0,17.15,2.43,0.81,2.82007907766899,,1716.0,0.8220626205328014,2996.0,0.246157386267896,0.0003560617005236,0.0004310001144953,6.499374001093595e-06,3.917650119504554e-06,4480241281903.769,1223605513254.1611,3054218108248.861,12.171074959089047,10.005385775569902,54529352476855.98,14892594422171.023,37173117536904.04,0.0005807779859559,0.0001586171594067,0.0003959212305693,0.0002629737252861,7.182115423131057e-05,0.0001792713970577
976,976,0.02,3000,100000.0,17.15,2.43,0.81,2.8230717399512,,1824.0,0.87524907769796,3000.0,0.2486325067761754,0.0003672600430226,0.000396803485935,3.3645580862930448e-06,-5.58237384748376e-07,4770107473453.882,1292446682990.825,3239432632856.1543,12.06600069676596,10.560755981347349,57556120098343.055,15594662577500.148,39086996405168.75,0.0006192084182615,0.0001677727117713,0.0004205112710392,0.0002799917514911,7.586294700766731e-05,0.000190145488704
977,977,0.02,3004,100000.0,17.15,2.43,0.81,2.82606129996239,,1742.0,0.8370708430571585,3004.0,0.2306328515142013,0.0003767879354523,0.0004554473050715,2.0009146356161542e-06,3.3994138590996327e-06,4562036094661.514,1226196082650.2505,3086279807030.064,13.025030824002226,10.902873532693018,59420660753176.95,15971241772790.293,40198889618062.23,0.0005930217188608,0.0001593939402286,0.0004011873027905,0.0002677772954978,7.197388708658321e-05,0.0001811550024435
978,978,0.02,3008,100000.0,17.15,2.43,0.81,2.82902946892546,,1740.0,0.8370815287260804,3008.0,0.2466938029647281,0.0004280037308607,0.0004211707407625,-3.297699038282639e-06,-1.1750436097375631e-05,4562094331557.138,1216337341481.9592,3074469797817.883,12.193253190190916,10.20674702058917,55626771262210.96,14831109169373.236,37487788670388.52,0.0005938546705212,0.0001583324584439,0.0004002083508403,0.0002677794563964,7.139487446450847e-05,0.0001804609443237
979,979,0.02,3012,100000.0,17.15,2.43,0.81,2.83201246519725,,1764.0,0.849503603516442,3012.0,0.2581777631248769,0.0003463517154677,0.0004953948076277,-3.6410728783436746e-06,-3.630081372635382e-07,4629794639164.609,1224366547372.6116,3108068890176.161,11.666380417678102,9.910632204811202,54012945516221.055,14283925912327.984,36259914037145.68,0.0006034822144465,0.0001595931337974,0.0004051290484094,0.0002717510016003,7.186557104711605e-05,0.0001824315978949
980,980,0.02,3016,100000.0,17.15,2.43,0.81,2.84231908519533,,1777.0,0.8565751120924342,3016.0,0.2471163324280496,0.0003099931798712,0.0004415716554871,-2.4787435190516746e-06,4.165774725378191e-06,4668334360903.767,1222651066903.861,3122284300757.4805,12.204778091217982,10.454309161548329,56975984930438.39,14922184954552.535,38106787028438.76,0.0006093043263451,0.000159578669196,0.0004075160829231,0.0002740099172337,7.176403653813507e-05,0.0001832638360259
981,981,0.02,3020,100000.0,17.15,2.43,0.81,2.84531874534409,,1787.0,0.8625589899577051,3020.0,0.2792960638826116,0.000288417242293,0.0004240083197376,7.932077978248117e-06,-2.8050960293389126e-06,4700946495269.493,1218982013656.2954,3133106955988.533,10.812898535044548,9.326762838903177,50830857472022.31,13180728829709.81,33877967614546.297,0.0006143670624316,0.0001593088540022,0.0004094659913215,0.0002759208615959,7.15478399544702e-05,0.0001838969177034
982,982,0.02,3024,100000.0,17.15,2.43,0.81,2.8482962772106,,1835.0,0.8867900266163564,3024.0,0.2504610575133483,0.000426373763538,0.0004057422472266,2.396822647081982e-06,-1.5115223909752769e-06,4833005645059.143,1240672415618.0935,3209824544151.165,12.073733258268447,10.706866237458664,58352420994149.73,14979547807064.43,38754565351924.28,0.0006324888561151,0.0001623651066433,0.0004200653596041,0.0002836660459863,7.281941391118813e-05,0.0001883958562473
983,983,0.02,3028,100000.0,17.15,2.43,0.81,2.85126999834091,,1770.0,0.856273507440088,3028.0,0.2642511025951535,0.0003417070910696,0.000318666557899,-4.80695649504283e-07,2.826903580792668e-06,4666690615548.48,1185856680982.665,3088457995925.03,11.45879797761546,9.811865135340176,53474664987603.96,13588492137785.94,35390016237656.02,0.0006115589913722,0.0001554037701401,0.0004047352636985,0.0002738986464124,6.960061562215945e-05,0.0001812685978725
984,984,0.02,3032,100000.0,17.15,2.43,0.81,2.8542398045626,,1760.0,0.8521734423779602,3032.0,0.2706649285810272,0.0003676938317383,0.0003522789026473,4.158344435178475e-06,-9.623015860213024e-06,4644345260959.884,1169429439491.491,3062812896222.74,11.202042377249958,9.546083014284886,52026152427852.63,13099998138387.348,34309759857074.816,0.0006094617687374,0.0001534602822484,0.0004019226091425,0.0002725801076482,6.863469113355849e-05,0.0001797587866639
985,985,0.02,3036,100000.0,17.15,2.43,0.81,2.85720559115993,,1776.0,0.860729387848892,3036.0,0.2551767891650343,0.0003989371104773,0.0004381642793031,-1.7974350105088829e-06,2.476869486956169e-07,4690975163776.461,1171017331897.6323,3082598238265.2217,11.89763383234861,10.240643085367685,55811504815253.88,13932335426251.871,36675625091122.52,0.0006164197929798,0.0001538780820836,0.0004050702682342,0.0002753084494363,6.872578827474605e-05,0.0001809144818683
986,986,0.02,3040,100000.0,17.15,2.43,0.81,2.86770173768729,,1769.0,0.8583090388889306,3040.0,0.2577079024094928,0.0004112970485373,0.0004219002141197,-5.650826294120556e-06,-4.055542172309756e-06,4677784261944.672,1157599662675.9624,3062995140986.5967,11.796301050828855,10.124871817381395,55180551404728.61,13655394117263.584,36132012800303.87,0.0006155252999458,0.0001523225184586,0.0004030435987025,0.0002745259110856,6.793624593890445e-05,0.0001797585105775
987,987,0.02,3044,100000.0,17.15,2.43,0.81,2.8706640594172,,1797.0,0.873024336357731,3044.0,0.2607066787918484,0.0003627456956013,0.0004278854898205,-2.4809949566230456e-06,8.062355733331031e-07,4757982633149.635,1167147771229.035,3104386343322.42,11.675957110521017,10.19339470775394,55554001157258.98,13627567318510.402,36246681799119.74,0.0006269281398947,0.0001537874005888,0.0004090446110866,0.0002792213834096,6.849386398670875e-05,0.0001821803727027
988,988,0.02,3048,100000.0,17.15,2.43,0.81,2.87364095412516,,1852.0,0.9007257638905856,3048.0,0.2690789421067165,0.0003473346308124,0.0004381729054609,-1.214865491334547e-06,-2.999387527016988e-07,4908955413203.691,1193556575661.94,3191414523372.0405,11.327530783851396,10.202998818278674,55606343559618.77,13520048853078.885,36150846257527.23,0.0006477001391618,0.0001574809088863,0.0004210833989958,0.0002880696991351,7.004086505387287e-05,0.0001872801327733
989,989,0.02,3052,100000.0,17.15,2.43,0.81,2.87661341812625,,1720.0,0.8373697388714688,3052.0,0.2642733180650793,0.0003770968545026,0.0004187118882193,-4.631240707939831e-06,-1.2513864528758854e-05,4563665076849.505,1099725085137.8186,2956265919935.0635,11.548649793122214,9.670489861584793,52704169745637.11,12700339876968.18,34140879804672.324,0.0006029452932938,0.0001452941994723,0.0003905778781163,0.0002677952610637,6.453172205094461e-05,0.0001734732918545
990,990,0.02,3056,100000.0,17.15,2.43,0.81,2.88726023004366,,1868.0,0.9105369902653176,3056.0,0.2672358674612951,0.000328451014226,0.0004196180309253,1.1663963781753936e-06,-1.8018367619095538e-07,4962426596945.98,1185075082476.5862,3202976670958.3,11.435590697579595,10.412528335680188,56748279429457.02,13552033589102.62,36627930222975.2,0.0006564878444199,0.0001567755958042,0.0004237272248498,0.0002911801815551,6.953662103220932e-05,0.0001879409821679
991,991,0.02,3060,100000.0,17.15,2.43,0.81,2.89022832317146,,1698.0,0.8290483186764395,3060.0,0.2357182910900519,0.00040522453389,0.000439234950987,-4.90140574622159e-06,5.696315455594424e-06,4518313336786.596,1069236659581.1812,2905763575153.78,12.981597591978902,10.762371657364223,58654925532635.03,13880400045274.629,37721453430076.31,0.0005985192620061,0.0001416366437431,0.0003849125416791,0.0002651078920623,6.273648058657544e-05,0.0001704930133925
992,992,0.02,3064,100000.0,17.15,2.43,0.81,2.89321092939294,,1777.0,0.8689091728133,3064.0,0.2649624454516015,0.0004104480020578,0.0004188711261498,-7.776382431426304e-08,-2.305309827618141e-06,4735554991832.485,1110395746300.9353,3034403474753.987,11.563902932650414,10.047981331702566,54761498257778.99,12840508627051.932,35089547240552.24,0.0006281424509307,0.0001472872148644,0.0004024950906561,0.0002778373930485,6.514747689267729e-05,0.0001780299779723
993,993,0.02,3068,100000.0,17.15,2.43,0.81,2.89618867931402,,1809.0,0.8856787602307231,3068.0,0.2534477650697226,0.0002710196753724,0.0004014172268832,5.641759653491147e-06,2.459574463993398e-06,4826949243257.441,1121378266984.276,3081682607909.7827,12.10505840979108,10.721193124904252,58430502530728.18,13574349421314.955,37303947969185.22,0.0006411302330168,0.0001489449077211,0.0004093185548311,0.0002831822607215,6.57878127084451e-05,0.000180792836998
994,994,0.02,3072,100000.0,17.15,2.43,0.81,2.89914196061305,,1819.0,0.8915143552433576,3072.0,0.2592506745950231,0.0004028991069349,0.0004668736687876,1.761410812405234e-06,-2.815588324361035e-06,4858753236076.299,1118250352572.4316,3090629323723.115,11.84953522222763,10.564030753577722,57573967606998.57,13250746940075.494,36622521030306.61,0.0006462246424695,0.0001487297047557,0.0004110603549279,0.0002850303779602,6.560022811639449e-05,0.0001813064383955
995,995,0.02,3076,100000.0,17.15,2.43,0.81,2.90210960316637,,1784.0,0.8750627022560701,3076.0,0.2641476151952702,0.0003900327152336,0.0004707253968317,3.2204453120265644e-06,-3.164909390512846e-06,4769091727295.582,1087292174900.1782,3022447527540.125,11.645003865456358,10.190108550288622,55536091599072.99,12661521579593.023,35196413141343.77,0.0006351530272896,0.0001448068009435,0.000402532978335,0.0002797528160867,6.3780079149353e-05,0.0001772954381364
996,996,0.02,3080,100000.0,17.15,2.43,0.81,2.91292685879421,,1794.0,0.8809737475516055,3080.0,0.2650925196498974,0.0003315263287944,0.0004007101654589,-4.762240244381353e-06,-8.012241609429914e-07,4801306924156.25,1084244673179.7686,3031640294814.8145,11.618585104052338,10.235668460364248,55784393108985.16,12597389008954.557,35223370770180.24,0.0006403051238121,0.0001445955092373,0.0004043013381541,0.0002816247037385,6.359728500755303e-05,0.0001778234162813
997,997,0.02,3084,100000.0,17.15,2.43,0.81,2.91590837726039,,1753.0,0.8617386412575606,3084.0,0.2690263844519904,0.0003907640921664,0.0004060675014756,5.155500302164569e-06,-6.071886110510646e-06,4696475594853.706,1050405836334.3916,2954468923194.692,11.463559629224251,9.878592298862731,53838328028801.9,12041389939704.469,33868730673732.312,0.0006271643741435,0.0001402705295995,0.0003945379073559,0.0002754550527542,6.160781403355283e-05,0.0001732838543845
998,998,0.02,3088,100000.0,17.15,2.43,0.81,2.91886461211307,,1763.0,0.867386992348426,3088.0,0.2902277414204945,0.0003942262933221,0.000428184786919,3.351552800307385e-06,9.062854091278348e-07,4727259108298.922,1047058645465.1642,2962783526326.78,10.63992017057381,9.228928355581369,50297659537918.46,11140620401658.492,31523780202808.105,0.0006321225755211,0.0001400112396063,0.0003961793315042,0.0002772397366688,6.140688642093348e-05,0.0001737584731083
999,999,0.02,3092,100000.0,17.15,2.43,0.81,2.92183513284692,,1774.0,0.873315221489485,3092.0,0.2644485768078084,0.000355241297235,0.000400750491665,-3.131186912662215e-06,3.708635260334788e-06,4759567957117.694,1043912743160.332,2971906636072.351,11.692254264794752,10.211023622970604,55650078745189.805,12205693223289.98,34748288040188.773,0.0006372767664955,0.0001397734717643,0.0003979199516482,0.0002791479792847,6.122533293531576e-05,0.0001743018987347
1000,1000,0.02,3096,100000.0,17.15,2.43,0.81,2.92478001758178,,1656.0,0.8156559956997411,3096.0,0.2658353528604493,0.0003785555179947,0.0003869164875878,3.324595343930222e-06,-7.807703472997391e-07,4445325176563.589,965368159664.9208,2765299616594.167,11.64630650771739,9.499379730776605,51771619532732.48,11242973480248.729,32205526920529.05,0.000595962275073,0.0001294220291802,0.0003707297408641,0.0002607623427218,5.66284024013558e-05,0.0001622122066913
1001,1001,0.02,3100,100000.0,17.15,2.43,0.81,2.9357679455802,,1765.0,0.8698955933123728,3100.0,0.2533569589249964,0.0002944847082546,0.0004250294457952,-3.7348252114335753e-06,3.260260043716089e-06,4740930983552.432,1019301567710.6046,2938104189405.801,12.235701017068656,10.64378239583574,58008614057304.78,12471869228736.318,35949764418566.234,0.0006364059880979,0.0001368274762107,0.0003944008268165,0.0002781501941126,5.980237423864617e-05,0.000172378432304
1002,1002,0.02,3104,100000.0,17.15,2.43,0.81,2.93874577781205,,1814.0,0.89483007984464,3104.0,0.2654346081799303,0.0003303310607667,0.0004180935795197,3.520559659145747e-07,-3.451295433186598e-06,4876823935153.288,1037962685168.3252,3010921143450.412,11.694028978677451,10.46416888469548,57029720421590.36,12137965719144.254,35209799104021.76,0.000655519903194,0.0001395180978333,0.0004047139619399,0.0002861317565001,6.089907903953919e-05,0.0001766559890031
1003,1003,0.02,3108,100000.0,17.15,2.43,0.81,2.94169731066779,,1742.0,0.8599620366422736,3108.0,0.2537102345772837,0.0003257602652712,0.0004269894265065,-3.55133183717466e-07,-2.435101133508293e-06,4686793099700.391,987372736938.6128,2882641307316.0776,12.250195602784244,10.534703159836564,57414132221109.27,12095509160354.44,35312919867287.64,0.0006308172192422,0.0001328950758058,0.0003879880623853,0.0002749907060949,5.793264612576394e-05,0.0001691347477164
1004,1004,0.02,3112,100000.0,17.15,2.43,0.81,2.94466298900199,,1777.0,0.8777994794746379,3112.0,0.2644062322151512,0.0003275063128305,0.0004372957347343,-1.1104965499235392e-07,3.543435678841307e-06,4784007163136.776,997497943731.3636,2931250207375.592,11.769767958675498,10.331496187662625,56306654222761.305,11740319336974.098,34500134769630.15,0.0006447590437932,0.0001344366340714,0.0003950558635006,0.0002807031629012,5.852851349188365e-05,0.0001719920511
1005,1005,0.02,3116,100000.0,17.15,2.43,0.81,2.94762244369978,,1782.0,0.8808266019538922,3116.0,0.2586731989986219,0.0002924126882009,0.0004221913473309,6.765687120504508e-06,-6.155272689004492e-06,4800504980648.712,990547271387.6356,2930136945872.68,12.046087542361123,10.61051435677706,57827303244434.98,11932219145982.4,35296686161088.96,0.0006478423210341,0.000133677278948,0.0003954306323218,0.0002816797720422,5.812245393480712e-05,0.0001719319759677
1006,1006,0.02,3120,100000.0,17.15,2.43,0.81,2.95878167867816,,1752.0,0.8667668722717305,3120.0,0.2664985778933442,0.0003834975963307,0.0004250496602125,4.760790981935648e-06,1.9780499182009e-07,4723879453880.932,964511614487.749,2872323522055.0664,11.70737954650047,10.147568752018245,55304249698499.43,11291903547816.02,33627381653039.68,0.0006383498105038,0.0001303369004963,0.0003881443618344,0.0002771920650796,5.659648363666898e-05,0.0001685447938349
1007,1007,0.02,3124,100000.0,17.15,2.43,0.81,2.96175322702221,,1813.0,0.8979357755268452,3124.0,0.3072669875523388,0.0003744137144187,0.0004069950894647,4.003526490441528e-06,-3.728844529008615e-06,4893749976621.307,988603170844.9592,2964172411862.54,10.167053821451836,9.12936135798853,49755019401037.49,10051181646038.645,30136900447469.14,0.0006621706013164,0.0001337673479906,0.0004010805287857,0.0002871689804464,5.801198794256791e-05,0.0001739398975118
1008,1008,0.02,3128,100000.0,17.15,2.43,0.81,2.96469743056675,,1693.0,0.8392062369883704,3128.0,0.2701120046522192,0.0003042834575603,0.0004679484650351,2.816854405214564e-06,3.11615275042561e-06,4573673991586.619,914044068602.4471,2759609017113.7344,11.5803812719373,9.7183281901131,52964888636116.4,10584978813769.154,31957324579653.19,0.0006196725496889,0.0001238409251645,0.0003738906530997,0.0002683951823671,5.363850264262209e-05,0.0001619410930409
1009,1009,0.02,3132,100000.0,17.15,2.43,0.81,2.96763480292176,,1787.0,0.886191429679621,3132.0,0.2697412168645314,0.0004073503758687,0.0004465664937081,2.1976985209399179e-07,-2.116558833595352e-06,4829743291753.935,954765551079.0712,2902822932464.4634,11.611128756688837,10.28968279308424,56078771222309.11,11085905746030.066,33705050826713.945,0.0006552082426434,0.000129524535999,0.0003938001250568,0.0002834309818708,5.602992152001441e-05,0.0001703506592887
1010,1010,0.02,3136,100000.0,17.15,2.43,0.81,2.97056522202192,,1770.0,0.8776824972563675,3136.0,0.2878465885651167,0.0003367351398039,0.0004582372495369,-8.43348464014136e-08,-5.089263977707772e-06,4783369610047.202,935244859414.3846,2863769207095.3994,10.894692258235931,9.562080708048128,52113339858862.28,10189204929416.848,31199884209916.7,0.0006497357596557,0.0001270363945782,0.0003889921567722,0.0002807184622563,5.488609916667653e-05,0.0001680641375452
1011,1011,0.02,3140,100000.0,17.15,2.43,0.81,2.98191673850952,,1681.0,0.8333554540880708,3140.0,0.2949723038454976,0.0003480062461879,0.000418175385996,1.1420214004203602e-06,-8.882736035886052e-06,4541787224779.986,878180208910.826,2708518559310.942,10.645067211614172,8.871124819932762,48347630268633.56,9348287347765.115,28832362107769.36,0.0006177003262584,0.0001194358464435,0.0003683688193571,0.0002665493230186,5.153881689931605e-05,0.0001589580824986
1012,1012,0.02,3144,100000.0,17.15,2.43,0.81,2.98485800353287,,1690.0,0.837281414346517,3144.0,0.2648369443650153,0.000346480297261,0.0003834904770363,7.770724404169811e-07,-1.206035073319472e-05,4563183708188.518,872440587682.5632,2710611447197.3755,11.871455500810857,9.939749052070653,54171632333785.055,10357139613774.82,32178903175392.16,0.0006214269365211,0.0001188113642515,0.0003691385391099,0.0002678132172321,5.120353147559337e-05,0.0001590857652821
1013,1013,0.02,3148,100000.0,17.15,2.43,0.81,2.98779193831122,,1733.0,0.8574533394385023,3148.0,0.2804561343400564,0.0003757999655746,0.000400462474585,6.135398757254042e-06,7.37823915823788e-07,4673120699939.838,883344869003.235,2764991947048.947,11.224571740630967,9.624546522771066,52453778549102.31,9915167853845.076,31035850471917.805,0.0006372369438228,0.0001204548353892,0.0003770403400997,0.0002742737889502,5.1845085913222726e-05,0.0001622823090667
1014,1014,0.02,3152,100000.0,17.15,2.43,0.81,2.99073969573525,,1708.0,0.8428600806897789,3152.0,0.2815223731272454,0.0003346635091212,0.0004561115715687,-6.712466489408544e-07,3.49784258341472e-06,4593587439759.295,860128111280.8367,2707195620090.9736,11.196268221905502,9.436887536939675,51431037076321.24,9630225039101.23,30310488291706.324,0.0006272153821315,0.0001174431942515,0.0003696445877275,0.000269614068601,5.048399375035725e-05,0.0001588949889826
1015,1015,0.02,3156,100000.0,17.15,2.43,0.81,2.99365865755438,,1832.0,0.901161126962484,3156.0,0.2363334789397413,0.0003320406924087,0.0004052054288893,-7.46914269426284e-06,-7.349475603478705e-06,4911328141945.538,910906505175.6268,2883055355681.477,13.35401151863336,12.03411606960163,65585932579328.89,12164255962513.38,38500354428628.04,0.0006714804355135,0.000124539814716,0.0003941734720001,0.0002882722045712,5.3465991034613054e-05,0.0001692219903176
1016,1016,0.02,3160,100000.0,17.15,2.43,0.81,3.0051821468545,,1778.0,0.871340633613173,3160.0,0.2427888480842739,0.0003781230102812,0.000425228860531,4.753001062370194e-06,1.5235599417028317e-06,4748806453191.793,872334894018.8068,2777784132555.016,13.015424822573149,11.340868511645509,61807733388468.016,11353809233209.096,36154040550606.375,0.0006501137149735,0.0001194230348702,0.0003802798828737,0.0002787414421417,5.12035790016087e-05,0.0001630480337951
1017,1017,0.02,3164,100000.0,17.15,2.43,0.81,3.0081325199845,,1751.0,0.8543870608768951,3164.0,0.263300784324656,0.0003546306489854,0.0003767037626009,4.399277491615546e-07,3.9139293605956375e-06,4656409481779.078,847097339320.5969,2714061609536.757,12.016675180498948,10.266891788978828,55954560249934.62,10179293572880.514,32613996781665.37,0.000638260492232,0.0001161128047004,0.0003720201811352,0.0002733086979053,4.972051356624728e-05,0.000159302279458
1018,1018,0.02,3168,100000.0,17.15,2.43,0.81,3.01105337001569,,1692.0,0.8213328893060101,3168.0,0.2903370018902933,0.0004237092934232,0.0004504763537052,5.158729005583086e-06,-2.5111817511091683e-06,4476264246717.755,805947455388.442,2599759941392.4536,10.911457993208389,8.961939320103005,48842569294561.37,8794061804204.177,28367171392929.66,0.0006143348185845,0.000110610445788,0.0003567982058096,0.0002627261005389,4.730360419376972e-05,0.0001525881302115
1019,1019,0.02,3172,100000.0,17.15,2.43,0.81,3.01398786021904,,1749.0,0.8441970050273141,3172.0,0.2801064524201138,0.0003997215175484,0.0004492473683989,1.4425628003201714e-06,2.595079734954435e-06,4600873677398.862,819619943859.9651,2662571481224.507,11.324266087389232,9.559911515106371,52101517757329.73,9281594334801.27,30151667930080.406,0.0006322384749977,0.0001126297524596,0.0003658827107406,0.0002700306295917,4.81044481950686e-05,0.0001562694183367
1020,1020,0.02,3176,100000.0,17.15,2.43,0.81,3.01691424785678,,1675.0,0.8035666338943624,3176.0,0.245208876090146,0.0003772975799315,0.0005073019838934,-1.1738446499879716e-06,-3.381491882636751e-07,4379438154724.276,771830882625.7839,2525324549348.76,12.95222281771076,10.40797409107759,56723458796372.87,9996925569359.512,32708566250200.137,0.0006025856996811,0.000106199525147,0.0003474702477188,0.0002570255717336,4.529811059772474e-05,0.0001482091910372
1021,1021,0.02,3180,100000.0,17.15,2.43,0.81,3.01981053489921,,1695.0,0.8079827118174887,3180.0,0.2937368001103095,0.0003463614398399,0.000436981194134,-2.0051931983016026e-06,-3.594783047442444e-06,4403505779405.313,767685151950.4216,2530052717522.1616,10.826018390633338,8.74723569744993,47672434551102.12,8310973573231.414,27390397249166.777,0.0006066797898073,0.0001057655172843,0.0003485704181533,0.0002584292836882,4.505326752254595e-05,0.0001484816290103
1022,1022,0.02,3184,100000.0,17.15,2.43,0.81,3.02272026542502,,1607.0,0.7613858399304368,3184.0,0.2922945677678399,0.0003880341474998,0.0004232310243097,5.546821934557671e-06,4.270346316050214e-06,4149552827620.881,715599390644.7253,2375520280045.525,10.893120677250998,8.29386783631236,45201579707902.37,7795110518860.272,25876829081792.99,0.0005724352919716,9.871770842192996e-05,0.000327705586983,0.0002435137853996,4.199448077528623e-05,0.0001394058491886
1023,1023,0.02,3188,100000.0,17.15,2.43,0.81,3.02562150431049,,1698.0,0.7999046143308501,3188.0,0.2699450025802434,0.0003757830488407,0.0003607516649581,-5.44135838474071e-06,1.2070302943479152e-06,4359480148103.133,743686749415.0842,2485507842924.936,11.809812997195012,9.446723910840737,51484645314082.016,8782801439083.972,29353382828005.047,0.0006021777264922,0.0001027259170293,0.0003433247568938,0.0002558209220805,4.364066895847838e-05,0.0001458533785254
1024,1024,0.02,3192,100000.0,17.15,2.43,0.81,3.03734626087253,,1717.0,0.8046202958821358,3192.0,0.2397306113630293,0.0003070456166735,0.000436693851452,-6.317990811796211e-06,-4.10419742843219e-06,4385180612557.64,739908105503.8225,2489909757155.842,13.314945395797974,10.713475304021449,58388440406916.89,9851836022691.725,33153012456994.63,0.0006065146753918,0.0001023367482617,0.0003443796143291,0.0002573166826208,4.34168432213092e-05,0.0001461046591563
1025,1025,0.02,3196,100000.0,17.15,2.43,0.81,3.04025562707194,,1688.0,0.7882088864769844,3196.0,0.2663119009180263,0.0004122904592013,0.000436934640764,3.71221410763647e-06,1.52758217200627e-06,4295738431299.565,716820186372.8229,2429082571024.835,12.00096574348648,9.459267845321914,51553009757004.42,8602534500899.843,29151336722969.11,0.0005949143740162,9.92720202307942e-05,0.0003364022647761,0.000252056203935,4.206005043618605e-05,0.0001425285411784
1026,1026,0.02,3200,100000.0,17.15,2.43,0.81,3.04315608827919,,1767.0,0.8228382078381759,3200.0,0.3004393167602757,0.0003689002014658,0.0004621392851815,-2.773835273283785e-07,5.412592564377553e-06,4484468232718.059,740069377840.298,2525319344040.951,10.651069355723909,8.764106820223972,47764382170220.66,7882530271424.455,26897351478731.37,0.0006218578486304,0.0001026248659279,0.0003501841406597,0.0002631174301625,4.342212782747178e-05,0.0001481681888826
1027,1027,0.02,3204,100000.0,17.15,2.43,0.81,3.04604751156217,,1687.0,0.7841277130466794,3204.0,0.2931401097348498,0.000340608072612,0.0004181570898911,5.690775652983838e-06,-1.102892621524984e-06,4273496036104.403,697667963352.3652,2396525641229.616,10.929926999406776,8.570458661811989,46708999706875.34,7625459909266.153,26193850310846.22,0.0005933243411733,9.686293873133202e-05,0.0003327292186946,0.0002507269849079,4.0932338170050096e-05,0.0001406047047203
1028,1028,0.02,3208,100000.0,17.15,2.43,0.81,3.04892976359553,,1737.0,0.8069515492392109,3208.0,0.2720090361899565,0.0003764961559684,0.0003948971222652,-4.55419310130729e-06,-6.599651804584572e-06,4397885943353.699,710169631067.5809,2456001406092.862,11.79372584431241,9.51696534137042,51867461110468.79,8375545931767.539,28965407256705.004,0.0006113390793983,9.8718896775766e-05,0.0003414025870477,0.0002580125561947,4.1663809431112784e-05,0.000144087229402
1029,1029,0.02,3212,100000.0,17.15,2.43,0.81,3.05180271066848,,1768.0,0.8221689333392642,3212.0,0.2916679059944727,0.0003775579208787,0.0004014367199002,-2.4558797861773744e-06,2.7833067537733296e-06,4480820686698.99,715609159458.0336,2491841868318.6216,11.012524634989736,9.054155632521882,49345148197244.25,7880663497555.893,27441469961357.668,0.0006236488324516,9.959979387537656e-05,0.0003468191165168,0.0002628654766379,4.19809128595132e-05,0.0001461828638593
1030,1030,0.02,3216,100000.0,17.15,2.43,0.81,3.06375935418538,,1734.0,0.8081987933080834,3216.0,0.2904874780961108,0.0003669351343524,0.0003994080594274,-6.614876650245747e-06,-6.684192669578352e-06,4404683423529.055,695632032965.8414,2440275187792.465,11.071045199875888,8.947605371198941,48764449273034.24,7701373679446.384,27016396904186.0,0.0006138421026048,9.69441362060256e-05,0.0003400797533387,0.0002583864861798,4.080700004727208e-05,0.0001431508397895
1031,1031,0.02,3220,100000.0,17.15,2.43,0.81,3.06663905610976,,1701.0,0.7956621457225813,3220.0,0.246757303508275,0.0003565618871883,0.0004259359878181,3.474893712768828e-06,-5.140808299316509e-06,4336358694188.069,677144922278.0355,2393411409473.144,13.049259147427897,10.382801533332502,56586268356662.13,8836239571171.006,31232245728625.723,0.0006051002288439,9.448954210825532e-05,0.00033397924243,0.0002543662015514,3.972060291288769e-05,0.0001403949746577
1032,1032,0.02,3224,100000.0,17.15,2.43,0.81,3.06950902199431,,1705.0,0.8015975256351285,3224.0,0.2728327282711689,0.0004037530779044,0.0004062004807745,3.6738216422117127e-06,-2.302588488385914e-06,4368706514711.45,674442208119.1621,2402187632602.026,11.81676414127143,9.472288896657092,51623974486781.15,7969724500262.437,28386084677537.324,0.0006103879737239,9.4231876511151e-05,0.000335629421805,0.0002562471560879,3.955951199610307e-05,0.0001409006870044
1033,1033,0.02,3228,100000.0,17.15,2.43,0.81,3.07239206499797,,1725.0,0.815606456781849,3228.0,0.2826545849165995,0.0003771240084821,0.0003667800624769,6.6767483584362646e-06,3.257755161363791e-06,4445055189461.077,678339434053.5814,2434932409713.338,11.42029944765431,9.31446996788904,50763861324995.27,7746839464044.253,27807657253724.81,0.000621844697215,9.489685999358497e-05,0.0003406368970732,0.0002607085783178,3.978553739632382e-05,0.0001428121226349
1034,1034,0.02,3232,100000.0,17.15,2.43,0.81,3.08448043985814,,1716.0,0.8165047395360209,3232.0,0.3024538908252907,0.0004224904078357,0.0003854252049389,7.729722240228342e-06,4.481851634892059e-06,4449950830471.313,671188340941.1334,2428367501653.312,10.68592634461076,8.725109506707511,47551846811555.94,7172269174658.446,25949356260313.74,0.000623324025966,9.401627900966858e-05,0.000340152029836,0.0002609788769263,3.9363576385029226e-05,0.0001424178934756
1035,1035,0.02,3236,100000.0,17.15,2.43,0.81,3.08734631071982,,1687.0,0.8085225790527879,3236.0,0.2836126001902812,0.0003999227936529,0.0004009949416317,3.626981852952356e-06,-1.5756865142887133e-06,4406448055837.694,657107578984.348,2395471481871.6875,11.409930298685266,9.225186271905558,50277265181885.29,7497551674949.234,27332162640644.258,0.0006180212265441,9.216185616833752e-05,0.0003359740554337,0.0002584108734899,3.85352876762597e-05,0.0001404795586392
1036,1036,0.02,3240,100000.0,17.15,2.43,0.81,3.09022517248545,,1684.0,0.8130168877282792,3240.0,0.2768622116259394,0.0003663284882675,0.0004139390251401,3.367369896225766e-07,5.898285540392352e-06,4430942038119.121,653279614346.8197,2399579947244.034,11.7025721241347,9.514388766779712,51853418778949.42,7645051804120.56,28081257400250.65,0.000622253861718,9.17425141904003e-05,0.000336982040349,0.0002598305325756,3.83083300698297e-05,0.0001407114176368
1037,1037,0.02,3244,100000.0,17.15,2.43,0.81,3.09307033611882,,1699.0,0.8262712866816742,3244.0,0.2880115501557156,0.0003657134067117,0.0004304076677811,-3.47288529634198e-07,-5.532665080921417e-07,4503178512415.124,656327296901.7762,2429342534513.3594,11.263437172037394,9.306654724597534,50721268249056.56,7392501272946.29,27362747006849.31,0.0006331589068123,9.228136807629952e-05,0.0003415720383246,0.0002640342763305,3.848235249739531e-05,0.0001424393228673
1038,1038,0.02,3248,100000.0,17.15,2.43,0.81,3.10533686857014,,1697.0,0.8313332271558663,3248.0,0.2813686664267152,0.0003613132677902,0.000426414179868,-5.02729385204083e-06,1.974277662646865e-06,4530766087999.472,652698981727.3589,2434810849934.6187,11.54357392117778,9.596556560805023,52301233256387.38,7534478943847.234,28106419030305.973,0.0006378049014111,9.188172631431958e-05,0.000342753137976,0.0002656194210592,3.826494731466997e-05,0.0001427425375283
1039,1039,0.02,3252,100000.0,17.15,2.43,0.81,3.1082104572042,,1699.0,0.8384150796098505,3252.0,0.3033338266004648,0.0004117277725069,0.0004306281484737,-4.622102952542039e-06,-5.096575541466784e-06,4569362183873.686,650544687588.4044,2446057566276.449,10.720861687092228,8.988532104869627,48987499971539.47,6974399616907.908,26223844846715.24,0.0006440302744799,9.169123760591768e-05,0.0003447603981497,0.0002678494829767,3.813400015407331e-05,0.0001433843998558
1040,1040,0.02,3256,100000.0,17.15,2.43,0.81,3.11104952756299,,1662.0,0.8253853537576802,3256.0,0.3024576358802733,0.0003684321341514,0.0004672079784998,1.1488287563416133e-07,6.815447492907704e-06,4498350177979.356,632840006999.0499,2398696551653.5044,10.765143986276728,8.88539217736538,48425387366641.31,6812613795621.145,25822313757935.445,0.0006348195998725,8.930812945445638e-05,0.0003385106816695,0.0002636547141157,3.709165461219457e-05,0.0001405910230538
1041,1041,0.02,3260,100000.0,17.15,2.43,0.81,3.11390134523994,,1703.0,0.850643902908248,3260.0,0.2855382519692284,0.0004092290258154,0.0004548468672298,-2.4448518984612987e-06,1.9723124186031308e-06,4636009270849.952,644379216822.1846,2462468656925.852,11.417034241532445,9.711830566854266,52929476589355.76,7356899582990.74,28114088974822.86,0.0006550710656642,9.105119416170048e-05,0.0003479483911734,0.0002716899875084,3.776338034308027e-05,0.0001443112037861
1042,1042,0.02,3264,100000.0,17.15,2.43,0.81,3.12632353067444,,1679.0,0.8430887546760075,3264.0,0.3039140209898505,0.0003062372181295,0.0004210770045154,2.310415236730903e-06,-5.869531732849791e-06,4594833712984.24,630898521363.8622,2431050236567.5195,10.739879619140718,9.054671733471585,49347960947420.12,6775774171341.758,26109186888818.727,0.000650076878493,8.925949599767801e-05,0.0003439448841819,0.000269243472469,3.696876084711704e-05,0.0001424522514472
1043,1043,0.02,3268,100000.0,17.15,2.43,0.81,3.1291794013624,,1783.0,0.899493860839517,3268.0,0.2824851023410701,0.0003410933443647,0.0004064166314516,4.321390623316761e-06,-7.684147834019284e-08,4902241541575.368,664964024702.2731,2583508297675.076,11.568751671917354,10.40602110646656,56712815030242.75,7692803672539.314,29887965938140.9,0.00069445022882,9.4198626321302e-05,0.0003659790961468,0.000287220968885,3.8960057318458166e-05,0.0001513670328333
1044,1044,0.02,3272,100000.0,17.15,2.43,0.81,3.13202387906333,,1672.0,0.8467721418174465,3272.0,0.2697518632016908,0.0003171769329348,0.0004016187947349,6.6896522176766864e-06,-7.499642405474391e-06,4614908172905.083,618597077897.7336,2422492893296.437,12.12966598697247,10.27106324731891,55977294697888.055,7503375935416.699,29384029651500.324,0.0006545710515168,8.77408010244027e-05,0.0003436024425723,0.0002703526061516,3.623892955213332e-05,0.0001419155576988
1045,1045,0.02,3276,100000.0,17.15,2.43,0.81,3.13488105754155,,1563.0,0.7940949924339219,3276.0,0.2930360093332638,0.0003618210343519,0.000319981058687,2.262665260074467e-06,-1.7756945490781731e-06,4327817708764.8745,573182738553.0802,2262798598936.592,11.17951342380681,8.877595627692799,48382896170925.75,6407904119948.51,25296987312182.87,0.0006146187393584,8.140103763567755e-05,0.0003213532814665,0.0002535026609976,3.357427674618911e-05,0.0001325438141653
1046,1046,0.02,3280,100000.0,17.15,2.43,0.81,3.13770238115753,,1631.0,0.830672042908484,3280.0,0.2917764808648826,0.0003256109451476,0.0004438068060863,8.827465022382172e-06,3.392074051887971e-06,4527162633851.237,592333180596.5116,2357619270186.8643,11.241481802362678,9.337984654087151,50892016364774.97,6658702670611.29,26503134122705.21,0.0006437344054609,8.422609892450765e-05,0.0003352388155549,0.0002651463982998,3.469170916332897e-05,0.0001380808043824
1047,1047,0.02,3284,100000.0,17.15,2.43,0.81,3.15029544430059,,1677.0,0.8559411902352326,3284.0,0.3056547544533714,0.0003662510954754,0.0003791806977622,-6.072468364607487e-06,-1.0162267171357414e-05,4664879486782.018,602895419008.5131,2419645405628.2896,10.74414826582056,9.196359054710262,50120156848170.93,6477597770611.477,25997028988781.875,0.000664104731903,8.582980583758676e-05,0.0003444671974824,0.000273178905873,3.5306016240569555e-05,0.0001416962831265
1048,1048,0.02,3288,100000.0,17.15,2.43,0.81,3.15311937101995,,1645.0,0.8412511199816919,3288.0,0.2608865780407541,0.0003227702193898,0.0003755176408636,8.369751408020389e-06,9.791878644447203e-06,4584818603900.221,585403056929.4469,2368591716584.4287,12.603178073370907,10.602437669551978,57783285299058.28,7377938971177.507,29851783187224.84,0.0006534832158846,8.343864943872419e-05,0.000337600037383,0.0002684577795467,3.427747494076989e-05,0.0001386896468152
1049,1049,0.02,3292,100000.0,17.15,2.43,0.81,3.15593113039854,,1645.0,0.842684716796539,3292.0,0.2700601108899718,0.0003366502345166,0.0004198188031889,-2.711563890673363e-07,3.1212247847131573e-06,4592631706541.137,579243296619.3904,2363085275249.3496,12.189878724226809,10.272224500509225,55983623527775.26,7060905537611.705,28805722920295.69,0.0006553931380576,8.266112027435998e-05,0.0003372249230953,0.0002688825174609,3.391266832818068e-05,0.0001383503747707
1050,1050,0.02,3296,100000.0,17.15,2.43,0.81,3.15875532211423,,1637.0,0.839588050308442,3296.0,0.2665652000850969,0.0003402382582597,0.0004232600400893,2.678108288147789e-06,3.105549531001193e-06,4575754874181.009,569983656354.7947,2344893747877.239,12.364704766217804,10.381258367308307,56577858101830.27,7047679632396.381,28993918900652.023,0.0006537969808032,8.144089967203092e-05,0.0003350451444235,0.0002678618186415,3.3366485527591634e-05,0.0001372686083714
1051,1051,0.02,3300,100000.0,17.15,2.43,0.81,3.16156718411374,,1616.0,0.8296749953205638,3300.0,0.3025011398399329,0.0003168985090823,0.000344377551095,3.409290600658814e-06,4.142068089429779e-06,4521728724497.073,556206971149.314,2307811748198.025,10.909049803072412,9.0509658443159,49327763851521.664,6067689549083.927,25176033297207.86,0.0006468822357024,7.957142741913737e-05,0.0003301574495539,0.0002646669353977,3.255604293628847e-05,0.0001350814036148
1052,1052,0.02,3304,100000.0,17.15,2.43,0.81,3.17433014389054,,1626.0,0.8357578011038853,3304.0,0.2636127417949865,0.0004177872663375,0.0003787734324969,-3.3965721048418515e-06,3.325317439120051e-06,4554880016016.175,553516226631.3762,2315266891790.7603,12.533536799103375,10.475001155273269,57088756296239.305,6937515995385.199,29018482788005.19,0.000652432555104,7.928463642572754e-05,0.0003316345301407,0.0002665633557328,3.239320076590709e-05,0.0001354954049113
1053,1053,0.02,3308,100000.0,17.15,2.43,0.81,3.17714346891099,,1677.0,0.8631166705276268,3308.0,0.3199867564371743,0.000371931542532,0.0004044646706666,2.3209775356821383e-06,9.574840438612694e-07,4703985854375.565,564712376975.9741,2381283559148.7173,10.337927846865398,8.9228378633413,48629466355210.086,5837955807409.474,24617537617406.28,0.0006746263764484,8.098873517243361e-05,0.0003415139306404,0.000275243990393,3.3042975228901066e-05,0.0001393358758653
1054,1054,0.02,3312,100000.0,17.15,2.43,0.81,3.17994396458739,,1601.0,0.8251048105529812,3312.0,0.3069638154597669,0.000328107538177,0.0004441515431914,1.0350055111902149e-07,-1.2009075849388615e-05,4496821217513.748,533223794145.7997,2267067216879.485,10.789545324875911,8.902505751234543,48518656344228.266,5753242295238.409,24460624491061.49,0.0006457145939693,7.656750603974833e-05,0.0003255362658731,0.0002630787710049,3.119533858453663e-05,0.0001326308581891
1055,1055,0.02,3316,100000.0,17.15,2.43,0.81,3.18273148061889,,1647.0,0.8499955072595021,3316.0,0.2887841608398958,0.0002969378863359,0.0004466876194788,2.504310188023637e-06,-5.330289344083059e-06,4632475514564.287,542491224559.5348,2325831236849.24,11.482624221341617,9.760178999689511,53192975548307.85,6229222874992.588,26706646094998.008,0.0006660162443707,7.799457694903688e-05,0.0003343873875935,0.0002709702872601,3.1732278453026974e-05,0.0001360463010297
1056,1056,0.02,3320,100000.0,17.15,2.43,0.81,3.19570105646374,,1571.0,0.8120296267315299,3320.0,0.2722406651801066,0.0003636231329413,0.000390625356897,8.119924892141857e-06,1.122284724786594e-06,4425561465686.838,511746574947.7771,2212749725131.048,12.195092154228991,9.902776129955178,53970129908255.72,6240796641099.195,26984686812218.0,0.000637055748843,7.366547726178754e-05,0.000318523410888,0.0002588244407871,2.9928975591581647e-05,0.0001294104069391
1057,1057,0.02,3324,100000.0,17.15,2.43,0.81,3.19848894253095,,1700.0,0.8803394012273176,3324.0,0.2739546426951165,0.0003355927678517,0.0004463914813145,1.3271512054139095e-06,1.1178576924992868e-05,4797849736688.881,547734075837.9876,2388921679926.816,12.133395394577317,10.681506036516486,58214207899014.84,6645874113225.7,28985731309229.93,0.0006914565213765,7.893834102852127e-05,0.0003442866211527,0.0002805438520899,3.2027561509791135e-05,0.000139687011309
1058,1058,0.02,3328,100000.0,17.15,2.43,0.81,3.2012633358969,,1653.0,0.8573918793968315,3328.0,0.2899942734120486,0.0002951724241145,0.0004246501300349,-9.62996781225659e-07,-5.19494551995812e-07,4672785742712.731,526578764379.9957,2316940846115.707,11.476088685624816,9.839505246292571,53625303592294.52,6043064599991.564,26589418629370.45,0.000674223480324,7.597861034795108e-05,0.0003343050606181,0.0002731789326715,3.078468235895216e-05,0.0001354522681447
1059,1059,0.02,3332,100000.0,17.15,2.43,0.81,3.20404980437418,,1672.0,0.8685922123112769,3332.0,0.2832381312800862,0.0004133947018838,0.0004021352504138,7.496350366549816e-06,1.9555184433330888e-06,4733827557096.459,526490049527.2386,2337371274564.135,11.763952773382334,10.218077764957544,55688523819018.61,6193604078294.161,27496725287832.96,0.000683851944969,7.60571102418678e-05,0.0003376582422883,0.0002766948061485,3.077363094367463e-05,0.0001366206275814
1060,1060,0.02,3336,100000.0,17.15,2.43,0.81,3.21715043294896,,1573.0,0.8184326857023381,3336.0,0.289129430347657,0.0003682661863432,0.0004488908665787,-8.85130153839924e-07,1.0851609125493827e-05,4460458137077.743,489590400082.0748,2193124246875.5928,11.538085195923168,9.443146054761783,51465145998451.74,5648935747253.088,25304454405695.42,0.0006451529518522,7.081350886041581e-05,0.0003172096986829,0.0002606665445523,2.8611374417918627e-05,0.0001281648883676
1061,1061,0.02,3340,100000.0,17.15,2.43,0.81,3.2199363218843,,1586.0,0.8266800622101563,3340.0,0.3320476629392033,0.0003315445953643,0.000451393434508,-5.356065855590703e-06,7.265618767045324e-06,4505406339045.352,488087718919.0574,2205862703426.8174,10.0587968920942,8.31540684051576,45318967280810.88,4909575230132.36,22188324905616.176,0.0006524562731601,7.068305721979021e-05,0.0003194448736194,0.0002632431398799,2.851812555764285e-05,0.0001288847621049
1062,1062,0.02,3344,100000.0,17.15,2.43,0.81,3.22270817419622,,1664.0,0.8686433043578924,3344.0,0.292871327505054,0.0003192261029666,0.0003431151057325,-1.5515467827657211e-06,4.42026551701934e-06,4734106008750.514,506100603686.9292,2307997911226.85,11.417983550958205,9.918154960808396,54053944536405.76,5778648368027.374,26352682186034.062,0.0006864155432172,7.338139876044007e-05,0.0003346451551888,0.0002765516988651,2.9564817832040327e-05,0.0001348260351895
1063,1063,0.02,3348,100000.0,17.15,2.43,0.81,3.22546583463127,,1650.0,0.862422828661076,3348.0,0.3169581668271348,0.0003418414297262,0.0003765564547522,1.615230737548341e-07,-1.2495726264706535e-06,4700204416202.864,495761761727.96704,2281703509998.5234,10.56290813868178,9.109693115849042,49647827481377.28,5236685947803.561,24101424575822.188,0.0006823358873385,7.19704956727037e-05,0.0003312383997111,0.0002745177118251,2.8955205431240805e-05,0.000133263996874
1064,1064,0.02,3352,100000.0,17.15,2.43,0.81,3.22820914780804,,1608.0,0.8413466196544621,3352.0,0.3034879876449849,0.0003688709556739,0.0004397076292688,5.309258960863658e-06,1.1084057047886226e-06,4585339077116.818,477143512849.0646,2216414564023.8926,11.0449182058603,9.29260459686059,50644695052890.21,5270011071874.771,24480117569921.41,0.000666456056089,6.935041845625003e-05,0.0003221447496367,0.0002677567136924,2.786236237090903e-05,0.0001294255168183
1065,1065,0.02,3356,100000.0,17.15,2.43,0.81,3.24150524056295,,1675.0,0.8776626747754046,3356.0,0.2914571841674842,0.0003807650590736,0.000413102482101,-3.1956576446734296e-06,-6.089351262139101e-07,4783261577525.955,491320110763.49866,2302145240965.9976,11.51455576429193,10.10589581093901,55077132169617.6,5657332813504.393,26508179754602.26,0.0006960316634845,7.149396880255896e-05,0.0003349944291529,0.0002792597526865,2.868459740240739e-05,0.000134405467947
1066,1066,0.02,3360,100000.0,17.15,2.43,0.81,3.24424633434687,,1623.0,0.8514859615027851,3360.0,0.2718854594695585,0.0004163215822919,0.0004362790607433,2.370340005261155e-06,8.721372438223327e-08,4640598490190.179,470438777645.4186,2223839998245.796,12.358145251883908,10.522787192191448,57349190197443.39,5813750746260.799,27482537715270.8,0.0006760584576783,6.853515017931205e-05,0.0003239767117357,0.0002708778749447,2.7460133999861e-05,0.0001298084835857
1067,1067,0.02,3364,100000.0,17.15,2.43,0.81,3.24697253990906,,1615.0,0.8481886443940824,3364.0,0.2914549802999318,0.0003892535447052,0.0004401264854484,1.8707946663654823e-06,-3.953778532372608e-06,4622628111947.749,462413679863.5215,2205623032209.353,11.54209132586501,9.78987079515814,53354795833611.87,5337220923314.071,25457502468191.664,0.0006742606518345,6.744807102179047e-05,0.0003217141390965,0.0002697756947704,2.698637414377532e-05,0.0001287197394006
1068,1068,0.02,3368,100000.0,17.15,2.43,0.81,3.24971042108563,,1665.0,0.875147456577979,3368.0,0.3027349940953172,0.0003465794490698,0.0004219300567586,1.27335113639957e-06,-7.804561434200429e-07,4769553638349.985,470710502270.9636,2265815910631.374,11.125241764880254,9.73622703435006,53062437337207.82,5236768139032.686,25207749800486.348,0.0006965396534309,6.874197356370487e-05,0.0003308969242823,0.000278295344993,2.746515744535761e-05,0.0001322065057555
1069,1069,0.02,3372,100000.0,17.15,2.43,0.81,3.25243323400846,,1626.0,0.8551460352764481,3372.0,0.3253236941386603,0.0003461947063786,0.0005246834183536,6.1570161577509495e-06,-3.944036209626934e-06,4660545892256.643,453698211475.2064,2204346781881.3003,10.365061201360811,8.863640991741436,48306843404990.84,4702609728888.454,22848189303222.43,0.0006814437615095,6.63376829593062e-05,0.0003223095314247,0.0002718813086726,2.6467299395817856e-05,0.0001285945255515
1070,1070,0.02,3376,100000.0,17.15,2.43,0.81,3.26592464868579,,1577.0,0.8301343206054769,3376.0,0.2833877350303737,0.0003408975047269,0.0004410834947081,-4.882452858349194e-06,-7.090362954533534e-06,4524232047299.849,434356917194.3256,2130472155073.552,11.91300674899765,9.889395763947626,53897206913514.56,5174496886009.813,25380329161942.8,0.0006623066028009,6.358591938310549e-05,0.0003118818311343,0.0002638771650232,2.5333994967362656e-05,0.000124260415152
1071,1071,0.02,3380,100000.0,17.15,2.43,0.81,3.2686439348652,,1596.0,0.8411353890010419,3380.0,0.2901392801504698,0.000316104379496,0.000384672260586,5.8780082370961785e-06,-1.0277554172095026e-07,4584187870055.679,433961309277.91486,2149180067810.2656,11.64957739692154,9.798871815457344,53403851394242.52,5055465859702.475,25037039539876.773,0.0006718900786147,6.360435184410695e-05,0.0003149986007665,0.0002673214064154,2.5305932220584468e-05,0.0001253268527932
1072,1072,0.02,3384,100000.0,17.15,2.43,0.81,3.27134759689392,,1571.0,0.8287808665262392,3384.0,0.286209857625181,0.0003995519626017,0.0003933827435186,5.027374287911372e-06,3.1582009571030925e-06,4516855722568.003,421525907550.3198,2108873028037.487,11.82349213293579,9.799084055300696,53405008101388.79,4983908251749.825,24934243656361.707,0.0006628230412276,6.18565438348583e-05,0.0003094651943436,0.0002633280624783,2.4574528684863712e-05,0.0001229451376344
1073,1073,0.02,3388,100000.0,17.15,2.43,0.81,3.27403547479389,,1585.0,0.836733603109143,3388.0,0.3191716372402879,0.0003270384851304,0.0003634937227525,-1.277134789780408e-05,-8.200444459421352e-06,4560198136944.83,419704997397.3629,2120818010736.392,10.61497828971986,8.881909031282628,48406404220490.33,4455159435459.938,22512437140413.66,0.0006699945748779,6.16640029360196e-05,0.0003115953559089,0.0002657873220843,2.446215361124948e-05,0.00012361009824
1074,1074,0.02,3392,100000.0,17.15,2.43,0.81,3.27670740856774,,1652.0,0.8727013646176826,3392.0,0.3165468396355209,0.0004243710863146,0.0004488132472029,-8.034105713633397e-07,-6.90585959182469e-06,4756222437166.37,431775376530.34265,2203335775735.147,10.71563375551506,9.351548201181297,50965937696438.07,4626746799548.766,23610139213201.504,0.0006996199843496,6.351231174770115e-05,0.0003241012718184,0.0002771420069111,2.515927208352228e-05,0.0001283869513786
1075,1075,0.02,3396,100000.0,17.15,2.43,0.81,3.29036618371557,,1607.0,0.849634899036944,3396.0,0.2881062824849323,0.0003446501463285,0.0004271484991215,7.126933716216428e-06,-4.260638935867098e-07,4630510199751.345,414549869774.6687,2136680187368.6304,11.78731671766862,10.01491564933286,54581290288864.086,4886430610302.302,25185726092881.58,0.0006819108516559,6.104857619514237e-05,0.0003146576388846,0.0002697483053605,2.414941767435405e-05,0.0001244713508397
1076,1076,0.02,3400,100000.0,17.15,2.43,0.81,3.29303273540859,,1610.0,0.8520088649536022,3400.0,0.3175140441012445,0.0003396304575121,0.0004172422320984,5.557535459280042e-07,1.4292991645694066e-06,4643448313997.132,409878717019.6572,2134207786053.153,10.708187757880262,9.12347089730162,49722916390293.83,4389058259805.562,22853497687387.11,0.0006846027716678,6.043011286966902e-05,0.0003146550724475,0.0002704333221123,2.387123870263112e-05,0.0001242957523443
1077,1077,0.02,3404,100000.0,17.15,2.43,0.81,3.29571052213733,,1606.0,0.8504797613527558,3404.0,0.3409406049063364,0.0003412282041616,0.0004486491657269,-2.1740160912049467e-06,1.0005134194513567e-05,4635114699372.52,403405384298.0074,2121950164831.4744,9.984143721851938,8.491312169872252,46277651325803.77,4027657335000.219,21185855416284.85,0.000684186759274,5.9546449323877945e-05,0.0003132199094908,0.0002698775595155,2.348810497063196e-05,0.0001235496355626
1078,1078,0.02,3408,100000.0,17.15,2.43,0.81,3.29837176798369,,1609.0,0.8526598169480788,3408.0,0.317442872063566,0.0003411557981323,0.0003425701081588,3.077203969660973e-06,-2.886394383641759e-06,4646996002367.029,398806874110.6044,2118940459344.7048,10.735789963863382,9.153976705380773,49889173044325.21,4281506836596.355,22748499717456.945,0.0006867572218769,5.893775264496411e-05,0.0003131480342227,0.0002704987847258,2.321430333322105e-05,0.0001233422234207
1079,1079,0.02,3412,100000.0,17.15,2.43,0.81,3.31218599453055,,1611.0,0.8546037673232596,3412.0,0.3264971918747505,0.0003890469599163,0.0004829570672081,-6.53941684475239e-06,5.340462819216753e-06,4657590531911.765,394070689869.596,2114715402997.765,10.45031958899327,8.930882490485708,48673309573147.1,4118164649792.332,22099451801093.344,0.0006891410174323,5.8307031134729895e-05,0.0003128950719082,0.0002710448032518,2.293263262865553e-05,0.000123064193044
1080,1080,0.02,3416,100000.0,17.15,2.43,0.81,3.31484076721916,,1652.0,0.8772214282994233,3416.0,0.3167937660646203,0.0003633564710515,0.0003420269349755,-1.627912552582018e-07,-1.283625442311238e-06,4780856784231.856,398705214399.2019,2160748668795.574,10.7830404696259,9.459114162175714,51552172183857.64,4299254462317.464,23299440340312.96,0.000708218854613,5.906275025877352e-05,0.0003200855027425,0.0002781456700964,2.3196287618522457e-05,0.0001257102886608
1081,1081,0.02,3420,100000.0,17.15,2.43,0.81,3.3175066557838,,1593.0,0.8466048656506298,3420.0,0.300814883376006,0.0004274660231105,0.0003927794540527,-2.784683665642401e-06,7.819586977388339e-07,4613996517795.933,379197107202.1649,2075747383581.2776,11.369118314951002,9.625150883595207,52457072315593.88,4311136776468.572,23599417595885.527,0.0006843126687863,5.62396142746814e-05,0.000307858973518,0.0002683679515725,2.2055576008687645e-05,0.0001207335270334
1082,1082,0.02,3424,100000.0,17.15,2.43,0.81,3.33149485944385,,1593.0,0.8472814270363311,3424.0,0.2887546694764751,0.0003542891750012,0.000377416696989,-2.3362282755363497e-06,-3.4667028066881063e-06,4617683777348.005,373902939428.1061,2067811172099.856,11.857816901135704,10.046908025529785,54755648739137.33,4433672594534.916,24519726264882.902,0.0006856793665585,5.552080718889937e-05,0.0003070490581454,0.0002685121372161,2.1741955971466807e-05,0.0001202404547283
1083,1083,0.02,3428,100000.0,17.15,2.43,0.81,3.33415363927587,,1643.0,0.8750277965302449,3428.0,0.2656344869501481,0.0003430390320541,0.0004006866364628,5.382863525747828e-06,-1.762861313893715e-06,4768901491089.834,380366838834.93207,2125617617964.624,12.904950856939504,11.29219071267887,61542439384099.84,4908615362774.228,27430990900478.28,0.0007089823771916,5.654832378188681e-05,0.000316011021532,0.0002772327018736,2.2112037044665794e-05,0.0001235694879585
1084,1084,0.02,3432,100000.0,17.15,2.43,0.81,3.33676616875194,,1503.0,0.8013191638415545,3432.0,0.305279905685893,0.0003065643835592,0.0004274397041063,3.744057856360877e-07,4.6957909505868325e-06,4367189442936.472,343032776712.533,1937490061171.621,11.242141837960457,9.008543697382631,49096563150735.336,3856423130871.715,21781538077330.047,0.0006500135616019,5.105708370351957e-05,0.0002883765020241,0.0002538133964266,1.993646377853072e-05,0.0001126035266833
1085,1085,0.02,3436,100000.0,17.15,2.43,0.81,3.33938955053107,,1582.0,0.8441420304862935,3436.0,0.3388563647040428,0.0003408756157369,0.0004042378255371,3.6229761355197007e-06,-7.847755059437388e-06,4600574066150.3,355788144150.035,2031470940117.1592,10.139989558705803,8.559591375195733,46649772994816.75,3607688066792.671,20599094121602.26,0.0006855178249471,5.301493057447748e-05,0.0003027034279393,0.0002673073922275,2.067237688835121e-05,0.0001180346608011
1086,1086,0.02,3440,100000.0,17.15,2.43,0.81,3.34199501847168,,1569.0,0.8377175459695125,3440.0,0.3266044476854404,0.0003165152481881,0.0004538480200995,1.2749239690519412e-06,-2.1993778235437225e-06,4565560625533.843,347913099397.38,2007023142629.648,10.532618353419169,8.823359199659754,48087307638145.65,3664435896107.792,21139208787798.043,0.0006810636835606,5.189964529424533e-05,0.0002993959968171,0.0002652036633421,2.020952869815687e-05,0.0001165836867571
1087,1087,0.02,3444,100000.0,17.15,2.43,0.81,3.35617756517915,,1570.0,0.8395670181868712,3444.0,0.2951249291600106,0.0003421907115757,0.0004212285126363,1.0645616612468488e-05,6.820800999220826e-06,4575640249118.448,343531274010.4501,2003134793199.5945,11.669634313178385,9.797440083646372,53396048455872.734,4008884342842.234,23375850516643.48,0.0006833696853105,5.1306231660166507e-05,0.0002991672244178,0.0002657141541726,1.994936597630045e-05,0.0001163249814867
1088,1088,0.02,3448,100000.0,17.15,2.43,0.81,3.35877394987885,,1529.0,0.8187164203864332,3448.0,0.2783203016997504,0.0003058791276842,0.0004269999901944,-1.1324040526001148e-06,-8.256988550636426e-08,4462004491106.061,329977662072.2992,1945274310616.504,12.388603989513037,10.1427535118792,55278006639741.625,4087962580799.0703,24099233085200.84,0.0006671825361342,4.934000713981104e-05,0.0002908677144141,0.0002590420499428,1.915688121536574e-05,0.0001129330654255
1089,1089,0.02,3452,100000.0,17.15,2.43,0.81,3.36135181204254,,1565.0,0.8388810033328309,3452.0,0.2749846972692467,0.0003563705668786,0.0003895934156224,1.899118222512185e-07,-4.309230063416141e-07,4571901468163.929,332959126632.367,1984872900467.176,12.55342582434699,10.530830450792472,57393025956818.98,4179777698718.776,24916954726771.16,0.0006844180904939,4.984430466165918e-05,0.0002971374011164,0.0002653472611628,1.9324518025219383e-05,0.00011519946166
1090,1090,0.02,3456,100000.0,17.15,2.43,0.81,3.36394029242988,,1547.0,0.8298549536618012,3456.0,0.3034096069500265,0.0003889881508978,0.0004107019391697,2.273774962316253e-06,1.2233071816608556e-05,4522709497456.816,324421018662.73376,1955293281338.719,11.390542424614871,9.452498055961556,51516114404990.48,3695331376514.642,22271851073653.105,0.0006778480969958,4.8623103086687405e-05,0.000293052611619,0.000262418202854,1.882366770039663e-05,0.0001134506979123
1091,1091,0.02,3460,100000.0,17.15,2.43,0.81,3.36648067507975,,1568.0,0.8416889343204299,3460.0,0.2912173632298618,0.0004108542904207,0.0004418168947984,-4.963306142767768e-06,2.2856792279396527e-06,4587204692046.343,324082844169.3742,1974835966076.349,11.881159700182351,10.000240646537325,54501311523628.41,3850480027665.647,23463341494617.004,0.0006883217220625,4.862945439874613e-05,0.0002963291556004,0.0002660853321449,1.879874499230691e-05,0.0001145523078305
1092,1092,0.02,3464,100000.0,17.15,2.43,0.81,3.38085646033685,,1550.0,0.8327148757619299,3464.0,0.3326287942772978,0.000355712043788,0.0004100661846819,1.2932932060659492e-06,-4.322690387416573e-06,4538296072902.519,315715899921.15594,1945528873417.56,10.414011232930775,8.671902070013294,47261866281572.46,3287868928193.767,20260759541761.625,0.0006817788172907,4.742934559367826e-05,0.000292272772207,0.0002631631605412,1.8307486493104505e-05,0.000112815805542
1093,1093,0.02,3468,100000.0,17.15,2.43,0.81,3.38341545368639,,1583.0,0.8512299302725992,3468.0,0.3112174839852741,0.0003828179209707,0.0003327805075286,5.096299789542236e-06,2.4297568380900777e-06,4639203119985.665,317714915160.55334,1980351989340.204,11.143332808911516,9.485538409934115,51696184334140.94,3540403037989.133,22067721296007.88,0.000697753433823,4.778550697102673e-05,0.0002978523175214,0.0002689274629051,1.841744451609977e-05,0.0001147979561097
1094,1094,0.02,3472,100000.0,17.15,2.43,0.81,3.38595510319115,,1531.0,0.8237265392862712,3472.0,0.3307343219421454,0.0003803403414972,0.0004000023918292,1.4732101877170874e-06,1.6849927068390818e-06,4489309639110.178,302678497812.88934,1908204208808.108,10.49785211166366,8.64735938987978,47128108674844.805,3177474107420.2246,20032045582921.68,0.0006759827281501,4.557614714775928e-05,0.0002873299439406,0.0002601542180503,1.7540132948985088e-05,0.0001105798917272
1095,1095,0.02,3476,100000.0,17.15,2.43,0.81,3.38847523968999,,1508.0,0.8115725285840689,3476.0,0.3393246957066367,0.0003662264888202,0.0003762483602687,1.9497515001250434e-06,1.9416460811468776e-06,4423070280783.176,293617231317.9327,1872007007072.3853,10.243875685974762,8.313648092967401,45309382106672.336,3007778416880.998,19176607063723.19,0.0006667558182296,4.426133542672069e-05,0.0002821957338446,0.0002562328107639,1.700953493689767e-05,0.0001084472067459
1096,1096,0.02,3480,100000.0,17.15,2.43,0.81,3.4030358993495,,1584.0,0.8527742366602512,3480.0,0.2816180641475512,0.0003755287608146,0.0004630111155103,-1.7836299044298538e-06,7.969097861591592e-06,4647619589798.369,303694952144.50244,1958594497436.8809,12.35716185513116,10.53786926829665,57431387512216.74,3752807678235.929,24202669213396.81,0.0007013923573039,4.583191766673357e-05,0.0002955799598089,0.0002691541676443,1.7587661916577528e-05,0.0001134266394925
1097,1097,0.02,3484,100000.0,17.15,2.43,0.81,3.40557393942413,,1562.0,0.8414607151731743,3484.0,0.2927728801710145,0.0003267998988778,0.0004693173078703,-3.604655873192394e-07,1.4642079116125322e-06,4585960897693.8,294901409668.6022,1924272381283.053,11.9000093108519,10.013390345276871,54572977381758.95,3509329520839.716,22898859253883.49,0.0006928915325722,4.455657042469365e-05,0.0002907377688335,0.0002654966553674,1.7072831556312414e-05,0.0001114025811915
1098,1098,0.02,3488,100000.0,17.15,2.43,0.81,3.40806163350019,,1589.0,0.8564132254136982,3488.0,0.2909084045199961,0.0003819641559403,0.0004103806421283,4.777937980564888e-06,3.056633601454496e-06,4667452078504.655,295335291642.86755,1949979992826.5688,11.990028290022284,10.268418800659472,55962882463594.13,3541078501839.964,23380315278968.01,0.0007060245652041,4.467404643143016e-05,0.0002949647373847,0.0002701262518826,1.7092369463750773e-05,0.0001128540321033
1099,1099,0.02,3492,100000.0,17.15,2.43,0.81,3.41055941146117,,1571.0,0.84693207510687,3492.0,0.3246315111200601,0.0004391265808728,0.0004867788159047,-6.39657862204962e-06,9.77601729881364e-06,4615779809332.441,287469897987.8665,1920000024408.5645,10.756811586009391,9.110288758072556,49651073731495.44,3092259529304.821,20653078507696.363,0.0006990142123298,4.353447361250534e-05,0.0002907650191678,0.0002670485795492,1.6631735284601194e-05,0.0001110826990091
1100,1100,0.02,3496,100000.0,17.15,2.43,0.81,3.42527476229752,,1543.0,0.8320563505263172,3496.0,0.2919105407754614,0.0003817380917935,0.0004150857728685,-3.8068511919654655e-06,3.609981644647696e-06,4534707110368.43,277905621633.9317,1878031875790.1208,11.976271876695044,9.964933070633846,54308885234954.47,3328273280749.9097,22491820337562.062,0.0006875227432294,4.213423947663272e-05,0.0002847349554645,0.0002622724912677,1.6073143854557573e-05,0.0001086191647565
1101,1101,0.02,3500,100000.0,17.15,2.43,0.81,3.42778962844707,,1515.0,0.8174925407560016,3500.0,0.327716525247979,0.0003170237384656,0.0004224909366397,-5.402332678417059e-06,-1.1037729329641988e-06,4455334347120.209,268605275538.0712,1837059465631.7715,10.679961888865977,8.730789179706314,47582801029399.41,2868694105894.944,19619725080527.81,0.000676262961225,4.077085688383034e-05,0.0002788422096711,0.0002575978044901,1.553017660679077e-05,0.0001062148086305
1102,1102,0.02,3504,100000.0,17.15,2.43,0.81,3.43025294485365,,1555.0,0.8395378317281931,3504.0,0.3309096732205034,0.0003033722752774,0.0004537021689069,-5.96745301596568e-06,2.932612498221373e-06,4575481182918.652,271293062476.1556,1878280455553.8103,10.588992355219215,8.889859682087152,48449735267374.99,2872720164584.021,19889097384816.965,0.0006953023319494,4.122641782149038e-05,0.000285428510924,0.0002644581970482,1.5680465355640408e-05,0.0001085627156944
1103,1103,0.02,3508,100000.0,17.15,2.43,0.81,3.43269526011256,,1552.0,0.8385712209346201,3508.0,0.3434838845942067,0.0003384496810837,0.0004449212498903,8.861071789800023e-06,2.1291856777714343e-06,4570213154093.68,266622924357.2884,1867808531066.109,10.212997340892326,8.564325649554105,46675574790069.88,2723019217481.9224,19075923561074.168,0.0006953053318276,4.0563609320287366e-05,0.0002841655709909,0.0002640676278642,1.5405514096467923e-05,0.0001079222678402
1104,1104,0.02,3512,100000.0,17.15,2.43,0.81,3.44759560503871,,1577.0,0.8529657190176992,3512.0,0.3436120708634007,0.0004081910945252,0.000380089793953,5.0224168733870645e-06,1.709921357418728e-06,4648663168646.461,266772463640.1582,1891418426377.054,10.220828363728112,8.718016214223844,47513188367519.95,2726635563034.956,19331863099992.586,0.0007080366190616,4.0632041161528016e-05,0.0002880814245427,0.0002685129788932,1.5409132970062198e-05,0.0001092508485935
1105,1105,0.02,3516,100000.0,17.15,2.43,0.81,3.450022442743,,1522.0,0.8241649666730384,3516.0,0.3256038195836481,0.0003647593235043,0.0004112569311598,-2.568606367873372e-06,2.0129173702499915e-06,4491699068368.06,253487085117.28583,1819387278452.0923,10.798399123499022,8.899662253740738,48503159282887.03,2737254717748.822,19646469992942.348,0.0006848778602204,3.86507844372861e-05,0.0002774135237495,0.0002593620299249,1.4636983456610877e-05,0.0001050560090016
1106,1106,0.02,3520,100000.0,17.15,2.43,0.81,3.45245900553819,,1486.0,0.8053875306479937,3520.0,0.2962150355915582,0.0003625184434167,0.0004107496758025,6.111582612790381e-07,2.317967888519123e-06,4389362042031.566,243531508505.91595,1769954574750.291,11.883259041764576,9.570628655697217,52159926173549.82,2893948000407.492,21032828703913.97,0.0006700068354771,3.71734602410482e-05,0.0002701717589506,0.0002533703174245,1.4057545270171034e-05,0.0001021683670969
1107,1107,0.02,3524,100000.0,17.15,2.43,0.81,3.46753898002341,,1515.0,0.8219118351829757,3524.0,0.287370469470261,0.000285918723874,0.0004258979893457,3.242945992092276e-06,-8.828331303991654e-06,4479419501747.218,244262007204.7057,1798124832949.8176,12.26291625056724,10.079036000198856,54930746201083.76,2995364537546.7573,22050254234528.82,0.0006845291764088,3.732726317653028e-05,0.0002747831299344,0.0002584744741698,1.4094570478892112e-05,0.0001037566074146
1108,1108,0.02,3528,100000.0,17.15,2.43,0.81,3.46995919067321,,1503.0,0.8164538642426361,3528.0,0.3316267122800127,0.0004074540638509,0.0004366905228233,2.845908968397969e-06,-7.9384070742082e-06,4449673560122.367,238402174458.32523,1778094052123.2104,10.638467497820542,8.68581789821527,47337707545273.23,2536233784384.636,18916195781580.8,0.0006807557756853,3.647316033538103e-05,0.0002720306960363,0.000256664453237,1.3751427589260903e-05,0.0001025633749365
1109,1109,0.02,3532,100000.0,17.15,2.43,0.81,3.47235720805989,,1590.0,0.864581920618434,3532.0,0.3331553220705245,0.0004264284993155,0.0004378120860069,4.346943484410819e-06,-1.6226003809113402e-06,4711971467370.465,247967828761.51132,1874341473306.1235,10.60166164553218,9.166004987240996,49954727180463.44,2628871019506.806,19871134108179.805,0.0007217074009324,3.797990256299258e-05,0.0002870828320007,0.0002716951798821,1.4297977886087497e-05,0.0001080756849392
1110,1110,0.02,3536,100000.0,17.15,2.43,0.81,3.47476477788348,,1555.0,0.8461787308129163,3536.0,0.3006898669837028,0.0002871244079442,0.0004955423959923,5.123103434480568e-06,5.063284271328638e-06,4611674082930.394,238297593952.05545,1826060161529.9905,11.759624743828327,9.95074434056882,54231556656100.07,2802290282233.3467,21473782259247.227,0.0007071553184534,3.654061581705889e-05,0.0002800085460985,0.0002658151038222,1.373538080485968e-05,0.0001052533988078
1111,1111,0.02,3540,100000.0,17.15,2.43,0.81,3.47714994222949,,1512.0,0.8233641393013347,3540.0,0.3231603573049142,0.0003489484974056,0.0003265895099005,4.04135303896072e-06,6.30813033728486e-07,4487334559192.274,227791725642.8517,1768667435584.8428,10.954313918708396,9.019389251313967,49155671419661.13,2495302070776.094,19374538307193.33,0.0006888789653188,3.4969741212538385e-05,0.0002715192676068,0.0002585540352736,1.312504541170532e-05,0.0001019081810137
1112,1112,0.02,3544,100000.0,17.15,2.43,0.81,3.49238843434827,,1563.0,0.8520866005336635,3544.0,0.3385880009864195,0.0003479647239148,0.0003717126827109,-4.65656873791668e-06,-8.687677481948015e-07,4643871972908.466,231717515971.42023,1821922844827.7783,10.466998209254756,8.918788921915828,48607399624441.27,2425386824725.8164,19070063154212.688,0.0007136826030627,3.561096450084397e-05,0.0002799979512918,0.0002674705580122,1.3346107226824066e-05,0.0001049362951442
1113,1113,0.02,3548,100000.0,17.15,2.43,0.81,3.49475526278848,,1472.0,0.8031921980553347,3548.0,0.3127069925399155,0.0003353542847232,0.0004753802911796,5.213097613574003e-06,4.8348591141088e-06,4377397479401.575,214631258502.2391,1709418553288.594,11.346084624401596,9.113086648794956,49666322235932.51,2435224422008.219,19395207564134.54,0.0006734599352854,3.302088835691345e-05,0.0002629930029636,0.0002520256067123,1.2357245006421786e-05,9.841858091369232e-05
1114,1114,0.02,3552,100000.0,17.15,2.43,0.81,3.4971314644563,,1546.0,0.8441007102831367,3552.0,0.3531086349121324,0.0003059107821687,0.0004421158112726,3.972991436601358e-06,4.2883764942529714e-06,4600348871043.095,221580067589.0503,1788119215246.7068,10.059227242867852,8.491000860604233,46275954690293.06,2228924252368.2744,17987097523505.156,0.0007085430604482,3.412763327844544e-05,0.0002754050826866,0.0002647600518339,1.2752413311416526e-05,0.000102910137771
1115,1115,0.02,3556,100000.0,17.15,2.43,0.81,3.49945201048734,,1451.0,0.7925139988605973,3556.0,0.3331568072158006,0.0004060834924251,0.000385569987935,1.7464899972712671e-06,-1.1961240774648814e-05,4319201293790.255,204346953998.84604,1670986407574.0322,10.673652535325862,8.45901905321965,46101653840047.1,2181128383635.9004,17835528305697.62,0.000665989597488,3.1508822206844435e-05,0.0002576540173268,0.0002484838699424,1.1756090648884092e-05,9.613193295068365e-05
1116,1116,0.02,3560,100000.0,17.15,2.43,0.81,3.50178171544752,,1497.0,0.8177036445866825,3560.0,0.2901545031509158,0.000402957464827,0.0005321064877201,-1.702514644850802e-06,-5.133920007028526e-06,4456484862997.42,207176502590.12708,1715995271500.8845,12.269325346807952,10.032672052704628,54678062687240.22,2541915914492.07,21054104279628.395,0.0006879319930805,3.198111263199273e-05,0.0002648921927329,0.00025628331079,1.1914296050361268e-05,9.868337108735368e-05
1117,1117,0.02,3564,100000.0,17.15,2.43,0.81,3.51720839570066,,1539.0,0.8409552442507807,3564.0,0.327407429820596,0.0003808276035438,0.0004824883874156,-3.0480900000080945e-06,1.3115648984484613e-07,4583206081166.755,209297873307.6748,1756457039998.4587,10.8855196168056,9.154234808147418,49890579704403.43,2278316105646.3867,19119947564979.52,0.0007082871036399,3.2344821912382976e-05,0.0002714422715226,0.0002634689698422,1.2031642063213312e-05,0.0001009712237907
1118,1118,0.02,3568,100000.0,17.15,2.43,0.81,3.51951777807398,,1561.0,0.8533425612984379,3568.0,0.2984594584340811,0.0003832010027976,0.0003308075103305,3.3494915211600125e-06,3.19493399565462e-06,4650716959076.486,208555571056.5266,1773874034325.4443,11.954722489681265,10.201473508956648,55598030623813.73,2493223975657.7773,21206171812012.02,0.0007195273090463,3.226630004564258e-05,0.0002744417305409,0.000267246643789,1.1984340672376625e-05,0.0001019330753407
1119,1119,0.02,3572,100000.0,17.15,2.43,0.81,3.52180316451671,,1524.0,0.8334074908395882,3572.0,0.3344066249910611,0.0003471084585333,0.0004045201935828,8.571696928577791e-07,-1.333387462443432e-05,4542070825075.756,199951259340.93887,1724176103329.2195,10.68160656235648,8.902130923269192,48516613531817.1,2135800683927.6152,18416970779979.613,0.0007035061235995,3.0969780257763484e-05,0.0002670518566464,0.0002609027038263,1.1485471320159668e-05,9.903901206206536e-05
1120,1120,0.02,3576,100000.0,17.15,2.43,0.81,3.5240643801977,,1504.0,0.8226049741379933,3576.0,0.3276822311468095,0.0003418014264667,0.0004142297694867,-1.1949361297641045e-05,7.075181079239735e-06,4483197109052.063,193866113650.84424,1693676424847.2173,10.91301163168004,8.977097651045781,48925182198199.5,2115663153260.268,18483110524659.95,0.0006951645253929,3.006087878977241e-05,0.0002626214595095,0.0002574215515499,1.1131635427804223e-05,9.724953030224414e-05
1121,1121,0.02,3580,100000.0,17.15,2.43,0.81,3.53967455909756,,1533.0,0.8387279128868589,3580.0,0.3276427196315126,0.0004062949085212,0.000426932943053,7.346549534550992e-06,4.977610392192603e-06,4571067125233.381,194103987132.23044,1718561324588.323,10.926536087926175,9.164390808109264,49945929904195.49,2120884220210.6736,18777922332428.52,0.0007095838118152,3.0131486435081874e-05,0.0002667786891178,0.0002623657411527,1.1140995100142373e-05,9.864034005385696e-05
1122,1122,0.02,3584,100000.0,17.15,2.43,0.81,3.54191343874789,,1405.0,0.7689698374789534,3584.0,0.3175580445094965,0.0003635451875206,0.0004031948217923,-2.5402976561088632e-06,-4.807447639303398e-06,4190885614260.296,174694481057.6671,1568006571049.3606,11.28612567675898,8.678690227424397,47298861739462.97,1971623868253.0225,17696719222846.996,0.0006512540480544,2.7147123169968768e-05,0.0002436646381607,0.0002404511502071,1.0023057838236798e-05,8.99640358253512e-05
1123,1123,0.02,3588,100000.0,17.15,2.43,0.81,3.54416106998752,,1503.0,0.8227434389014519,3588.0,0.3586490411908016,0.0003428640732536,0.0004043220315346,-2.1253043249482964e-06,-4.236508528953661e-07,4483951742012.913,183416769600.8061,1669503679810.1604,10.004209095574245,8.23089739478194,44858390801561.56,1834939714721.2292,16702063898651.48,0.0006975326986582,2.853268760234023e-05,0.000259711405073,0.000257166012772,1.0519417252377898e-05,9.575027327395588e-05
1124,1124,0.02,3592,100000.0,17.15,2.43,0.81,3.55991899214664,,1538.0,0.8420489106742199,3592.0,0.3270602631682777,0.0004029743351,0.0004051855213442,-1.9345602578155354e-06,-5.276683994982233e-06,4589166563174.499,184144699998.7572,1700334217501.4226,10.98268546965566,9.247958336001131,50401372931206.18,2022403320990.452,18674235904111.203,0.0007146748382528,2.867701180052417e-05,0.000264794503564,0.0002630983457438,1.0557072897712246e-05,9.748068928814228e-05
1125,1125,0.02,3596,100000.0,17.15,2.43,0.81,3.56217722625713,,1435.0,0.785877804378655,3596.0,0.3495814421366958,0.0003929836204593,0.0004566709676409,7.595177529388429e-06,-8.691849375288311e-06,4283034033863.669,168523501041.89227,1579121564445.6506,10.286587234209836,8.084000590170328,44057803216428.28,1733531694481.8772,16243771726092.096,0.0006677429063228,2.6273518136840745e-05,0.0002461916516523,0.0002454525468215,9.657761811594587e-06,9.049645804105156e-05
1126,1126,0.02,3600,100000.0,17.15,2.43,0.81,3.56437602059034,,1459.0,0.7993214549487174,3600.0,0.2921953666145782,0.0003499611035113,0.0004525767902026,7.949583397050561e-06,2.875925064611106e-06,4356301929470.5103,168011926581.13306,1598214308422.1577,12.320523907378032,9.848059095375866,53671922069798.47,2069994958167.4924,19690837596028.844,0.0006799224080225,2.6222946789969427e-05,0.0002494459150701,0.0002495547125949,9.624715809257005e-06,9.155515821921927e-05
1127,1127,0.02,3604,100000.0,17.15,2.43,0.81,3.58031652977732,,1445.0,0.7917902782276203,3604.0,0.3465816870766502,0.0003713959742474,0.0004371980620249,2.318187615019264e-06,1.530702309891985e-06,4315257016340.531,163066478124.9641,1575310057312.0493,10.39870291589566,8.233591874983391,44873075718659.484,1695679861562.9004,16381181286410.566,0.0006742533602234,2.547892753530601e-05,0.0002461401709132,0.0002470944237483,9.337292609079484e-06,9.020327859093272e-05
1128,1128,0.02,3608,100000.0,17.15,2.43,0.81,3.58252485099205,,1464.0,0.802650467655196,3608.0,0.341757451862577,0.0002804099083039,0.0005021800065157,-5.493537130491665e-06,-7.059852488337956e-06,4374445048720.8174,162099660389.26526,1589004091449.766,10.557194818536985,8.473737358225721,46181868602330.18,1711317694748.1558,16775425760887.535,0.0006842503181271,2.535561493042356e-05,0.0002485518832606,0.0002503731776942,9.277841331368173e-06,9.094730858758828e-05
1129,1129,0.02,3612,100000.0,17.15,2.43,0.81,3.58470712605549,,1422.0,0.7800517226840097,3612.0,0.386820171439922,0.0003355789167434,0.0004113338827024,-3.604195046968572e-06,9.061102441955304e-06,4251281888627.853,154591189333.44467,1537640172569.7388,9.337672300165943,7.283867363603203,39697077131637.46,1443521866488.615,14357980047026.83,0.000665717454568,2.420776974046293e-05,0.0002407824107036,0.0002432166944304,8.844193126391334e-06,8.796870445036665e-05
1130,1130,0.02,3616,100000.0,17.15,2.43,0.81,3.58686317822613,,1483.0,0.8137203070972016,3616.0,0.3251725838572383,0.0003613221637795,0.0003856052740228,-4.248512056214348e-06,-3.622948148888727e-06,4434775673679.748,158192030181.43164,1597096553018.9917,11.120248691038311,9.048772179868948,49315808380285.76,1759134716557.758,17760110853171.242,0.0006952197677715,2.4799050634910247e-05,0.0002503696187585,0.0002536026941962,9.04621293304388e-06,9.132998341743294e-05
1131,1131,0.02,3620,100000.0,17.15,2.43,0.81,3.60295263305225,,1462.0,0.8027371282450722,3620.0,0.3543854198824192,0.0003842174765911,0.0004517415033418,-1.6559976249834918e-06,-6.763494554878468e-06,4374917348935.643,153026672101.5768,1568721819260.08,10.214867195160208,8.1998531576477,44689199709179.97,1563147132834.9348,16024285049891.832,0.0006865959774875,2.40158817031858e-05,0.0002461939289351,0.0002500695834725,8.746980365684477e-06,8.966789098818392e-05
1132,1132,0.02,3624,100000.0,17.15,2.43,0.81,3.60508192616363,,1470.0,0.8076935616297826,3624.0,0.3304338059256224,0.0003584569865962,0.0004631717909591,-1.6699557225395276e-06,1.4786316809432132e-06,4401929910882.315,150922623036.21976,1571547719733.7085,10.967400837963078,8.85829904463586,48277729793265.445,1655228902355.0225,17235793778306.436,0.0006915565676837,2.371040277464157e-05,0.0002468949231389,0.0002515017735032,8.622878629106095e-06,8.978948930578853e-05
1133,1133,0.02,3628,100000.0,17.15,2.43,0.81,3.60721944768807,,1395.0,0.7669511101129204,3628.0,0.307136620995152,0.0003770076955462,0.0003564345697655,1.8817035200659315e-06,4.167512543657093e-06,4179883550115.416,140414477373.41226,1485760205176.9497,11.81233285775214,9.059481798276328,49374175800605.99,1658622544782.052,17550294090352.242,0.000657358719255,2.208259629828768e-05,0.0002336613960377,0.0002387091727477,8.018937210509222e-06,8.485035174473566e-05
1134,1134,0.02,3632,100000.0,17.15,2.43,0.81,3.60932996871887,,1440.0,0.7918916480736284,3632.0,0.3634312795938967,0.0003889087216721,0.0003856773499665,1.5946000350238416e-06,-3.332661287789706e-06,4315809482001.275,141991315514.5283,1527349917551.7336,9.993636222117283,7.9138770581807645,43130629967085.17,1419009553952.0735,15263779459892.852,0.0006794586038264,2.235437439889937e-05,0.0002404580292207,0.0002463623125515,8.105387644723029e-06,8.718676283850532e-05
1135,1135,0.02,3636,100000.0,17.15,2.43,0.81,3.62560190646296,,1373.0,0.7554642347362059,3636.0,0.3520102859401959,0.0003468728668447,0.0004284397148653,-5.710565829603463e-06,-2.597109404265789e-07,4117280079312.322,132607843212.06493,1450674616255.4438,10.329243619368928,7.803374126310384,42528388988391.59,1369738718376.4968,14984371523737.01,0.0006489070653287,2.089976021079536e-05,0.0002286346786829,0.0002349251896227,7.566384144858867e-06,8.277309358113262e-05
1136,1136,0.02,3640,100000.0,17.15,2.43,0.81,3.62768394658344,,1386.0,0.7631608862536151,3640.0,0.2776694172462157,0.0003337259357544,0.0004158602846717,-2.4383830463239875e-06,1.3192740702182423e-05,4159226830082.202,131089604078.83604,1458972352549.2087,13.109113837957638,10.004362934575282,54523777993435.28,1718468542842.2576,19125834656000.44,0.000656230730633,2.0682937040331968e-05,0.0002301924208514,0.0002372132995364,7.476437037181886e-06,8.320961078090812e-05
1137,1137,0.02,3644,100000.0,17.15,2.43,0.81,3.62973824337172,,1439.0,0.7929453940035484,3644.0,0.3203394384754574,0.0003620426635826,0.0003557679595632,3.4755387994083574e-06,-5.083495734095364e-06,4321552397319.3374,133399619441.51814,1509178201454.6084,11.375433563042792,9.020097648608155,49159532184914.44,1517478508292.1814,17167556365439.309,0.0006825799552233,2.107018448317134e-05,0.0002383714680428,0.0002463613413956,7.604792483292106e-06,8.6034631061311e-05
1138,1138,0.02,3648,100000.0,17.15,2.43,0.81,3.63180044515753,,1441.0,0.7940632693251584,3648.0,0.3134208397850671,0.0003809137698376,0.0003584921291186,2.09056918991582e-07,1.04884381618806e-06,4327644817822.113,130777600541.76744,1504561644797.238,11.639302614662348,9.242342686863648,50370767643406.88,1522160067925.062,17512048286209.178,0.0006842828497837,2.0678422780462224e-05,0.0002378997753552,0.000246598722107,7.451995376565013e-06,8.573323240630349e-05
1139,1139,0.02,3652,100000.0,17.15,2.43,0.81,3.6338346826993,,1406.0,0.7744141036225995,3652.0,0.3235663581704102,0.0004004315544965,0.0004523306768542,-9.614838357954609e-07,7.504928026894568e-06,4220556864743.168,124800950538.76056,1460753859152.8335,11.286711080379469,8.740588244159328,47636205930668.33,1408592271287.7188,16487106767807.355,0.0006680720802087,1.9754746425750223e-05,0.0002312227747739,0.0002403894972047,7.108265262648433e-06,8.319989446771767e-05
1140,1140,0.02,3656,100000.0,17.15,2.43,0.81,3.65028608558341,,1417.0,0.779920516409346,3656.0,0.3484936042509616,0.0003694328363038,0.0004256119867433,-5.847454759383817e-07,-1.3406889209347891e-06,4250566814430.936,122928305056.37878,1464516396619.9668,10.490866849215386,8.182042290621753,44592130483888.56,1289624480346.2004,15364046515432.783,0.0006735489347225,1.9479338293627623e-05,0.0002320686868109,0.0002419909851551,6.998488188223316e-06,8.337706029952592e-05
1141,1141,0.02,3660,100000.0,17.15,2.43,0.81,3.65228949266039,,1413.0,0.7771021088372609,3660.0,0.2992835312788884,0.0003530309591304,0.0003511823385429,1.7009088318329902e-06,-8.469095438888581e-06,4235206493163.072,119885419277.8252,1452623952435.35,12.229206145624552,9.503341885170432,51793213274178.84,1466103506203.1562,17764437766403.81,0.0006718404415936,1.901769681319657e-05,0.0002304330424618,0.0002410092013317,6.822214973016548e-06,8.266320406738538e-05
1142,1142,0.02,3664,100000.0,17.15,2.43,0.81,3.65426418403657,,1380.0,0.7575783474767263,3664.0,0.3423841223366253,0.0003342511186096,0.0004370447932322,4.7969754638874e-06,-4.591413053372234e-06,4128801993748.158,114371205338.97948,1409694227412.9443,10.70143082276937,8.107172278350122,44184088917008.16,1223935542051.8396,15085745255916.934,0.0006556371667396,1.8161687854877587e-05,0.0002238537790453,0.0002348458835297,6.5054238030464585e-06,8.018328000346651e-05
1143,1143,0.02,3668,100000.0,17.15,2.43,0.81,3.65624645237704,,1426.0,0.7808469727857598,3668.0,0.3294638618954195,0.0003531513956745,0.0004647874442592,-1.8075880193253607e-06,9.335875251350576e-06,4255616001682.391,115304966484.3906,1445357597009.9912,11.133239253913436,8.693356168717898,47378791119512.54,1283717779035.1904,16091511934973.63,0.0006764728343409,1.832888058049707e-05,0.0002297540825814,0.00024194758097,6.555515747591711e-06,8.217394945761506e-05
1144,1144,0.02,3672,100000.0,17.15,2.43,0.81,3.65819978485237,,1404.0,0.7663443220993508,3672.0,0.3366583782321868,0.0003269898193151,0.0005146262746369,3.096528686545901e-06,-3.431194823861313e-06,4176576555441.462,110632220706.47543,1410919221136.2937,10.907199218631929,8.358670191205055,45554752542067.56,1206687671245.1838,15389177026330.553,0.0006646081252411,1.7604627095653386e-05,0.0002245160278947,0.0002373445940206,6.286957550191533e-06,8.017907616233889e-05
1145,1145,0.02,3676,100000.0,17.15,2.43,0.81,3.67482730630873,,1388.0,0.7546905992931618,3676.0,0.3562094813923977,0.00032770864978,0.0004268843370573,6.113046636856586e-06,5.4357117235217e-06,4113063766147.732,106561653371.5304,1381985202638.473,10.31977022517979,7.788233575808664,42445872988157.21,1099691777609.449,14261769745827.568,0.0006552043867554,1.697509854420186e-05,0.0002201480012666,0.0002336277785056,6.052851053752892e-06,7.849869371767845e-05
1146,1146,0.02,3680,100000.0,17.15,2.43,0.81,3.67674738856024,,1394.0,0.754499786945246,3680.0,0.3495566615356438,0.0003713639375918,0.0004679615877171,3.2075814547152243e-06,6.678985270432308e-06,4112023838851.591,104220580982.84167,1374159370377.215,10.527620855037704,7.943087692166276,43289827922306.21,1097194761879.11,14466628845728.654,0.0006557429532407,1.6620018326850674e-05,0.0002191366974191,0.0002334612956601,5.917152434969124e-06,7.801827995760108e-05
1147,1147,0.02,3684,100000.0,17.15,2.43,0.81,3.67863777590497,,1388.0,0.747320291472659,3684.0,0.3468135703351436,0.0004167182544477,0.0003819293130416,-3.538748797689388e-06,6.881045694270373e-06,4072895588525.991,100936753170.59824,1353678185434.2078,10.622421713314054,7.93835129093936,43264014535619.52,1072192758550.784,14379340549795.896,0.0006501888163711,1.6113339182378757e-05,0.0002160984483899,0.0002311243034897,5.727850436134073e-06,7.681707545832834e-05
1148,1148,0.02,3688,100000.0,17.15,2.43,0.81,3.68049829642054,,1447.0,0.7744547786021727,3688.0,0.3214207033297498,0.0003812038039893,0.000457973941752,3.139747168095891e-06,1.879002178441483e-06,4220778543381.841,102226336522.90254,1395154795594.2,11.474058645862744,8.886139548249977,48429460537962.375,1172950980415.4844,16008087944704.5,0.0006745085796031,1.6336450808159944e-05,0.0002229550472337,0.0002393966583317,5.798134895150137e-06,7.913122957955635e-05
1149,1149,0.02,3692,100000.0,17.15,2.43,0.81,3.69730310353362,,1378.0,0.732585804510604,3692.0,0.2996876840570621,0.0003586172675471,0.000429358850318,2.306006149868332e-06,4.95841473105146e-07,3992592634582.792,94513063736.16704,1312469946916.5024,12.319491912443835,9.025084893839546,49186712671425.53,1164352924317.9988,16168962896363.443,0.0006387207929738,1.5119864344051231e-05,0.0002099642818522,0.0002263413002819,5.357974553771722e-06,7.44043235948742e-05
1150,1150,0.02,3696,100000.0,17.15,2.43,0.81,3.69916552933537,,1450.0,0.7655413186545743,3696.0,0.3361459393158839,0.0004183720440722,0.000442197938433,-1.1897721426025938e-06,2.52778328612728e-07,4172200186667.43,96597371836.99149,1364839229085.4563,10.995224299070845,8.417298508813511,45874276873033.65,1062109770048.4705,15006713455965.531,0.0006681666378511,1.546980927996477e-05,0.0002185753315048,0.0002364053708058,5.473404076096635e-06,7.733457399129991e-05
1151,1151,0.02,3700,100000.0,17.15,2.43,0.81,3.70099744748659,,1390.0,0.7286632210572492,3700.0,0.3385773266450087,0.0003602953729036,0.0004380866346179,8.860460037494413e-06,2.052192451107185e-06,3971214554762.008,89881055509.58435,1292902597569.0244,10.928079669904692,7.962889732242995,43397749040724.32,982227335423.864,14128942591661.023,0.0006366593062534,1.4409599294361256e-05,0.0002072762525093,0.0002249049715846,5.090305738113095e-06,7.322198736890828e-05
1152,1152,0.02,3704,100000.0,17.15,2.43,0.81,3.70279868708409,,1356.0,0.7056690660600572,3704.0,0.3241705363002438,0.0002852608035996,0.000438996156916,1.0593035235508925e-05,7.537258920560347e-06,3845896410027.312,85046840762.44592,1246109438227.2495,11.426084684542056,8.063034508063915,43943538068948.33,971752404704.4702,14238151967391.68,0.0006171883882282,1.364829339584552e-05,0.0001999752967163,0.0002176992324297,4.814126534008408e-06,7.053675900324631e-05
1153,1153,0.02,3708,100000.0,17.15,2.43,0.81,3.71974177904936,,1393.0,0.7198120409543786,3708.0,0.3519818325430606,0.0003477914004255,0.0004961614558383,9.23945007561758e-06,-2.1776316205376928e-06,3922975623201.3633,84937820832.61667,1264970251754.0642,10.534634623638912,7.582956849150188,41327114827868.53,894788908199.7222,13325999412001.598,0.000630191639362,1.36445162283904e-05,0.0002032063803768,0.0002219517860469,4.8055616061543015e-06,7.156873599024968e-05
1154,1154,0.02,3712,100000.0,17.15,2.43,0.81,3.72154350436325,,1382.0,0.7094385325775547,3712.0,0.3622169316272448,0.000397344896221,0.0004443567171901,-5.265662682692766e-06,-4.4139752658429815e-06,3866440002547.673,83713746844.15146,1240714716309.915,10.248002442414805,7.270327814597955,39623286589558.86,857898682122.5588,12714847443084.0,0.0006217474929404,1.346168883797654e-05,0.0001995146087387,0.0002186442883869,4.7339497302120855e-06,7.016148862002382e-05
1155,1155,0.02,3716,100000.0,17.15,2.43,0.81,3.72331390205457,,1389.0,0.7086961712180339,3716.0,0.3409134948997234,0.000351818526438,0.0003723168454398,4.876555342323149e-06,6.532386249611683e-08,3862394133138.284,83626148203.728,1233397201937.361,10.900125854780338,7.724877459077524,42100582151972.5,911535540171.1478,13444184730051.158,0.0006217474303838,1.3461687483539828e-05,0.0001985456466929,0.0002183068607115,4.7266439566894446e-06,6.97129971421428e-05
1156,1156,0.02,3720,100000.0,17.15,2.43,0.81,3.72505280252451,,1400.0,0.7103458661725144,3720.0,0.3473288079699159,0.0003228626805065,0.0004210949494337,-1.4948905146160494e-06,3.8089140634160274e-06,3871384970640.203,83820812208.35669,1230235056595.8044,10.71031228806742,7.608026059245376,41463742022887.3,897747074990.9543,13176201643869.363,0.0006238481470066,1.3507170889318045e-05,0.0001982442630377,0.0002187062515544,4.7352913180589385e-06,6.949970095957949e-05
1157,1157,0.02,3724,100000.0,17.15,2.43,0.81,3.72676003765611,,1342.0,0.6779528094304612,3724.0,0.319811318273878,0.0003202537803607,0.0004153815659257,-9.06775723836769e-07,6.958169181901011e-06,3694842811396.0137,79998431512.79442,1168376005046.5684,11.64436587203854,7.894330556984711,43024101535566.67,931531005724.1958,13604997678872.99,0.0005960211177604,1.290467741206047e-05,0.0001884726382254,0.0002086284263606,4.517092534047937e-06,6.597207507140356e-05
1158,1158,0.02,3728,100000.0,17.15,2.43,0.81,3.74386944840887,,1391.0,0.7004638116781943,3728.0,0.3551922398955867,0.0003316896508687,0.0004530376974544,-6.783531056430342e-06,-4.229957683327104e-06,3817527773646.159,82654729778.02692,1201221903662.2014,10.49572479707297,7.351875397683075,40067720917372.76,867521296926.6028,12607694521054.564,0.0006164551853474,1.3347103095596282e-05,0.0001939735648755,0.0002154480199043,4.664746119030675e-06,6.779279574503564e-05
1159,1159,0.02,3732,100000.0,17.15,2.43,0.81,3.74553639320653,,1323.0,0.6649180440205994,3732.0,0.3778441182794267,0.0003607381191379,0.0005013294690732,4.211480292370495e-06,2.2676049511832284e-06,3623803339912.267,78460329194.43073,1134617245723.7034,9.877089041359849,6.567454725998288,35792628256690.67,774959657667.7979,11206715563875.486,0.0005857830598952,1.268300937020854e-05,0.0001834093905399,0.0002044126731404,4.42581567533347e-06,6.400185728489269e-05
1160,1160,0.02,3736,100000.0,17.15,2.43,0.81,3.74720977948172,,1398.0,0.7022103123123571,3736.0,0.3482261576214114,0.0003391104032406,0.0003961196228972,-5.921739304286033e-06,-8.781720160436181e-06,3827046202102.346,82860816852.85814,1192288698640.9766,10.728659861508016,7.533775592042594,41059076976632.13,888985519861.0261,12791659904439.072,0.0006192813926094,1.3408294372094388e-05,0.0001929326605153,0.0002157694256161,4.6717049949910825e-06,6.722141152438252e-05
1161,1161,0.02,3740,100000.0,17.15,2.43,0.81,3.74885067802124,,1413.0,0.7102181880500246,3740.0,0.3276093025151567,0.0003862247497026,0.0004077837160059,5.004287512262971e-06,4.423738998095384e-08,3870689124872.634,83805746189.9029,1199853188085.3782,11.41603724707106,8.107877288326398,44187931221378.88,956729520022.515,13697568686199.637,0.0006269966604906,1.3575340539062948e-05,0.0001943591742292,0.000218121062397,4.722621167495204e-06,6.761412339314411e-05
1162,1162,0.02,3744,100000.0,17.15,2.43,0.81,3.76613113770032,,1362.0,0.6858508846125684,3744.0,0.3283693984353704,0.0003359744251956,0.0004194130606613,-5.613022651125595e-06,-2.3838232563066285e-06,3737887321138.4976,80930404384.28307,1152861514234.7622,11.40179327866599,7.819930006342704,42618618534567.73,922751740748.4392,13144688664234.604,0.0006060864175451,1.3122605003729856e-05,0.0001869327898507,0.0002105244752577,4.558144601911058e-06,6.493121500923464e-05
1163,1163,0.02,3748,100000.0,17.15,2.43,0.81,3.76772968824266,,1290.0,0.6516849574978624,3748.0,0.3602895084532065,0.000391115087767,0.0003986298411255,4.148005999219274e-06,3.391209293884328e-06,3551683018363.35,76898824984.74776,1089896267584.4218,10.402745325810066,6.779312645511619,36947253918038.33,799958892170.3711,11337913303231.68,0.0005764669118237,1.2481301944074655e-05,0.0001768989891086,0.0001999299179923,4.328757857448716e-06,6.135200418271475e-05
1164,1164,0.02,3752,100000.0,17.15,2.43,0.81,3.76933444995049,,1351.0,0.6852842253863727,3752.0,0.3318698407592819,0.0002968630978931,0.0004243161825902,6.05369801098927e-06,-3.384991713646029e-06,3734799028355.731,80863538595.59198,1140960988515.784,11.3056371480332,7.747574795489331,42224282635416.86,914213825867.7412,12899290936220.729,0.0006068036144746,1.313813330422232e-05,0.000185375236137,0.0002101252058243,4.549499869225437e-06,6.419211870016833e-05
1165,1165,0.02,3756,100000.0,17.15,2.43,0.81,3.78675512039779,,1387.0,0.7070358198208748,3756.0,0.3757373429707513,0.000334064107107,0.0004056314696499,5.314927655801633e-06,-7.944595318064034e-06,3853345218023.768,83430226738.86324,1172171946126.2896,9.996344707990284,7.067773775825973,38519367078251.56,833997305547.465,11717434830514.203,0.0006267127062134,1.3569192538198596e-05,0.0001906434567731,0.000216678731175,4.691392711680779e-06,6.591278892368113e-05
1166,1166,0.02,3760,100000.0,17.15,2.43,0.81,3.78831599234733,,1338.0,0.6859697423267319,3760.0,0.3727108390439753,0.0003409218168481,0.0004883558188538,-8.060575359089647e-06,-2.0837513833989472e-06,3738535095680.689,80944429594.55437,1132392010581.9636,10.088249672707711,6.920234028515046,37715275455407.0,816587615364.7754,11423853330130.32,0.0006086703801835,1.3178551350763667e-05,0.0001843645861166,0.0002101103284221,4.549177752992962e-06,6.364184129790952e-05
1167,1167,0.02,3764,100000.0,17.15,2.43,0.81,3.78984292575042,,1290.0,0.6655475160047989,3764.0,0.3422416233152034,0.0004218144605073,0.0003991605864311,3.1993634347842326e-06,2.515537311661746e-06,3627233962226.154,78534606888.56627,1093968584445.4196,10.998077801113537,7.319743361358634,39892601319404.56,863729716640.3188,12031551603704.77,0.0005911504921038,1.2799221663899142e-05,0.0001782901444394,0.0002037428502064,4.411313087039615e-06,6.144855274085376e-05
1168,1168,0.02,3768,100000.0,17.15,2.43,0.81,3.80748374492699,,1302.0,0.6764548113702195,3768.0,0.3213168027700703,0.0003598370363742,0.0004087283252599,1.3061318714934336e-05,3.04810667755321e-07,3686678721967.696,79821667741.6859,1107109220793.9282,11.726744345506036,7.932612634226071,43232738856532.1,936048290838.6764,12982786794802.79,0.0006014506639668,1.302223455928228e-05,0.0001806155692283,0.0002069679512467,4.481140962773169e-06,6.215245333658539e-05
1169,1169,0.02,3772,100000.0,17.15,2.43,0.81,3.80896477705197,,1427.0,0.7468084728901414,3772.0,0.3707791427696065,0.0003821551272585,0.0003970114523706,5.989116030165182e-06,-4.412419882279117e-06,4070106177251.271,88123399801.03668,1216966675937.2754,10.173172017779416,7.597411059046563,41405890271803.77,896494504967.4945,12380411334215.12,0.000664669186056,1.4391002560478823e-05,0.0001987368915517,0.0002283677004057,4.944474981261807e-06,6.828221897687629e-05
1170,1170,0.02,3776,100000.0,17.15,2.43,0.81,3.81045165225431,,1319.0,0.6954370349127269,3776.0,0.3473436885997216,0.0003467756060419,0.0004082359293674,3.0252233257786186e-06,-4.40943414482493e-06,3790131840274.362,82061570119.70178,1128331839245.5745,10.871077045397122,7.560149586758782,41202815247835.37,892097651237.5365,12266182357213.28,0.0006195581188714,1.341428587648313e-05,0.0001844440196927,0.0002125418810857,4.601824214334682e-06,6.327425580659779e-05
1171,1171,0.02,3780,100000.0,17.15,2.43,0.81,3.82819160856547,,1384.0,0.7353056432273958,3780.0,0.3613948043948767,0.0003971654294968,0.0003935957553742,2.356651185238962e-06,6.935681616960935e-07,4007415755589.307,86766065900.8327,1187137118967.2593,10.459475216665806,7.690911152011455,41915465778462.44,907527515937.3518,12416831274622.096,0.0006557231059447,1.4197307614950722e-05,0.0001942481854411,0.0002246032302961,4.862969022925015e-06,6.653535544760508e-05
1172,1172,0.02,3784,100000.0,17.15,2.43,0.81,3.82963091039523,,1313.0,0.7027475283290769,3784.0,0.344761852090869,0.000378802267171,0.000507758710204,8.01232240658516e-06,-1.659335060893792e-06,3829974029393.469,82924208342.83109,1128603957456.7344,10.975692284547332,7.713140624666158,42036616404430.56,910150593710.6068,12387209748167.465,0.0006273230642353,1.358240762931609e-05,0.0001848574657337,0.0002145400929078,4.645088250115734e-06,6.321995815917383e-05
1173,1173,0.02,3788,100000.0,17.15,2.43,0.81,3.84760564544651,,1345.0,0.7250350777640009,3788.0,0.349487748159845,0.0004502753787157,0.0004751859392761,-4.71361891561753e-06,-7.650203256098633e-06,3951441173813.8047,85554139176.1521,1158239495544.1584,10.838720441402954,7.858452518094856,42828566223616.97,927297397135.193,12553834096394.717,0.000647874269122,1.4027369496588175e-05,0.0001899037676726,0.0002212225153631,4.789771892265976e-06,6.484435509130966e-05
1174,1174,0.02,3792,100000.0,17.15,2.43,0.81,3.84899591798408,,1312.0,0.7121500705005157,3792.0,0.3215707104150169,0.0003755230355683,0.0004109701165751,-5.8402533263371975e-08,-6.683118920392034e-07,3881217884227.8105,84033708319.06085,1131607211038.3218,11.79211873838283,8.397758190889785,45767782140349.33,990935466524.9946,13344046597774.129,0.0006370042127382,1.3792017817084313e-05,0.0001857248374345,0.0002171716496524,4.702065075044e-06,6.331852838730828e-05
1175,1175,0.02,3796,100000.0,17.15,2.43,0.81,3.85035013483648,,1353.0,0.738499558494385,3796.0,0.3582258589653975,0.0003419258627687,0.0004891908053762,-2.8592427859580885e-06,2.9543349125549843e-06,4024822593794.398,87142947902.33742,1167204221885.0525,10.596666614083468,7.82563361601283,42649703207269.92,923424766689.5138,12368474009866.607,0.0006612403915446,1.4316764440784072e-05,0.0001917606450236,0.0002250833037195,4.873363273193126e-06,6.527447514887204e-05
1176,1176,0.02,3800,100000.0,17.15,2.43,0.81,3.86846466705326,,1319.0,0.7237043477505034,3800.0,0.3447597574131578,0.0002998378571022,0.0003667310041948,8.304023768832607e-06,9.253559092361084e-06,3944188695240.244,85397113034.5594,1137673585693.1594,11.02216809906298,7.976790974928781,43473510813361.85,941261335041.5962,12539629503373.736,0.0006486480405044,1.40441227118384e-05,0.0001870979811346,0.0002204528846556,4.773108328324906e-06,6.358808950121899e-05
1177,1177,0.02,3804,100000.0,17.15,2.43,0.81,3.86980974807317,,1318.0,0.726647419725997,3804.0,0.3259560610053995,0.0003687495922029,0.0003394177502796,-1.3394643482098504e-06,-6.648610610957783e-06,3960228437506.684,85744395527.66765,1136128448296.7031,11.670284602982075,8.480182194224957,46216992958526.01,1000661498918.5448,13258942337166.932,0.0006519414461726,1.4115429476765042e-05,0.000187031944068,0.0002212254983155,4.789836477291487e-06,6.346618284555011e-05
1178,1178,0.02,3808,100000.0,17.15,2.43,0.81,3.87111807691136,,1262.0,0.6984735131969032,3808.0,0.3626776002506631,0.0003347888902238,0.0004200015696535,3.2967009371735736e-06,-6.384062651596452e-06,3806680646923.1226,82419874557.23457,1086145499708.0516,10.499683458168128,7.333750792482102,39968941819027.45,865382593512.8881,11404183936448.385,0.0006272954893687,1.3581810595506873e-05,0.0001789838013639,0.0002125290819627,4.601547095707779e-06,6.064010284590944e-05
1179,1179,0.02,3812,100000.0,17.15,2.43,0.81,3.87238949909084,,1334.0,0.7404150651348771,3812.0,0.3428103566157006,0.0003528208932945,0.0004016320430767,-1.015664256441906e-05,2.989575527815089e-06,4035262104985.08,87368977685.9155,1145077035853.9983,11.119850746730362,8.233305014930473,44871512331371.086,971529991761.796,12733085732204.877,0.0006656122216281,1.4411420578370858e-05,0.000188879247479,0.0002251649486972,4.875130999316765e-06,6.389453902237321e-05
1180,1180,0.02,3816,100000.0,17.15,2.43,0.81,3.89062691066957,,1344.0,0.7478528401435524,3816.0,0.3054366455653508,0.0003378541641595,0.0003271951106755,2.697869470944181e-06,3.902484376502276e-06,4075797978782.36,88246635136.93918,1150227905312.1304,12.49358927753001,9.343366224787848,50921345925093.78,1102517214524.9663,14370475024523.436,0.0006729339159226,1.45699453355737e-05,0.0001899081781174,0.0002272997381563,4.921352128890201e-06,6.41460894427607e-05
1181,1181,0.02,3820,100000.0,17.15,2.43,0.81,3.89188744414466,,1337.0,0.7457732141743098,3820.0,0.3466271979518751,0.0003921041305152,0.0005012496823001,-1.160193245332594e-06,6.449541644219525e-06,4064464017249.988,88001239272.56854,1140695117719.5908,11.020485474225133,8.21878287387417,44792366662614.23,969816379117.152,12571013975348.28,0.0006716974007813,1.4543173081138404e-05,0.0001885124194492,0.0002265410735644,4.904925996442225e-06,6.357893574189255e-05
1182,1182,0.02,3824,100000.0,17.15,2.43,0.81,3.89311037057742,,1251.0,0.698962041645465,3824.0,0.3604851493755632,0.0004205739295041,0.0004977633676935,2.1362107812410125e-07,-1.293760361542978e-06,3809343126967.7847,82477520914.16487,1063158586075.359,10.607926586224092,7.4145380243324,40409232232611.58,874915486871.2231,11277908230601.217,0.0006301660681239,1.3643962575895744e-05,0.0001758745389031,0.0002121943749863,4.594300229062657e-06,5.922183015926564e-05
1183,1183,0.02,3828,100000.0,17.15,2.43,0.81,3.89429553925884,,1361.0,0.7612798205432998,3828.0,0.3572387383574096,0.0003887728953674,0.0003719418985218,8.949912157840849e-07,-2.323156342185677e-06,4148975021960.984,89831018824.10938,1151481310785.7595,10.715523231330442,8.1575116025748,44458438234032.65,962586369103.8264,12338724736167.637,0.0006870379275225,1.4875316595901051e-05,0.0001906763306975,0.0002309749339727,5.000925175924427e-06,6.410337934594896e-05
1184,1184,0.02,3832,100000.0,17.15,2.43,0.81,3.89544280174506,,1309.0,0.7328509520759605,3832.0,0.34169681504045,0.0003737722740848,0.0003815507285295,1.5658392848306612e-06,6.8268607364046426e-06,3994037688813.985,86476412344.96333,1102256461735.3862,11.214620187625597,8.218645081671704,44791615695110.8,969800119637.2612,12361387567718.422,0.0006620382941122,1.433404012940266e-05,0.0001827063349064,0.000222216653563,4.811296352374387e-06,6.1326347265347e-05
1185,1185,0.02,3836,100000.0,17.15,2.43,0.81,3.91386771188368,,1342.0,0.752059925905455,3836.0,0.3585521035020065,0.0004194824179795,0.0004137296985226,-4.802438603801714e-07,-7.963159312690891e-06,4098726596184.7295,88743071256.84369,1125315360234.9514,10.698584564233448,8.045976714670651,43850573094955.05,949425252331.1368,12039281542904.451,0.0006800596979608,1.4724228322821766e-05,0.0001867120448347,0.0002279050572933,4.934458121214416e-06,6.257188803132008e-05
1186,1186,0.02,3840,100000.0,17.15,2.43,0.81,3.91495834337107,,1256.0,0.7046717285293619,3840.0,0.3895698519759207,0.0003476506717791,0.0004474668129237,7.489797709058145e-07,8.729247121278554e-07,3840460920485.022,83151263966.4647,1049420356493.4452,9.85702558995081,6.94596726062879,37855521570426.91,819624136754.1973,10344163308571.19,0.000637835952482,1.3810026127134866e-05,0.0001742910672694,0.0002134170368869,4.6207725417733e-06,5.831700610129675e-05
1187,1187,0.02,3844,100000.0,17.15,2.43,0.81,3.91605376001527,,1243.0,0.6979307987472974,3844.0,0.3399899521573388,0.0004170455516333,0.0003574953376388,8.083263726256121e-07,-9.654528000336245e-07,3803722853172.7705,82355834252.18109,1034441718736.2512,11.30621647965965,7.890956698458716,43005714006600.0,931132890418.1284,11695622007623.254,0.0006323539807197,1.3691333894483424e-05,0.0001719718717466,0.0002112493975939,4.573840168088858e-06,5.745034492899254e-05
1188,1188,0.02,3848,100000.0,17.15,2.43,0.81,3.91711042477277,,1291.0,0.7252087056972552,3848.0,0.3887203662379761,0.0003075511581431,0.0004366476354328,5.177402112046175e-06,-3.516992860946083e-07,3952387446050.041,85574627272.27611,1069738917736.709,9.899146878360986,7.178947495163194,39125263848639.41,847115804429.2568,10589502668174.602,0.0006577139691251,1.4240412542525102e-05,0.0001780144884872,0.0002193750115754,4.74977089282628e-06,5.937524867298394e-05
1189,1189,0.02,3852,100000.0,17.15,2.43,0.81,3.93564964544362,,1261.0,0.7085731754779045,3852.0,0.3755016271643399,0.0004010855991295,0.0004501813163368,7.085005372914399e-06,-2.17029425110568e-06,3861723806354.58,83611634706.39273,1040185076559.398,10.258277784543813,7.268740464728651,39614635532771.15,857711374837.9808,10670507462683.275,0.0006432423047019,1.3927081092630389e-05,0.0001732622734079,0.0002142150805751,4.638051285847965e-06,5.77004832975394e-05
1190,1190,0.02,3856,100000.0,17.15,2.43,0.81,3.93664721150638,,1255.0,0.705610443381029,3856.0,0.3286296894398219,0.0003058693746089,0.0004081016720651,-6.154356983338725e-06,-1.0780968560732592e-06,3845576916426.608,83262032318.96141,1030841609185.047,11.7335716276058,8.27933067859799,45122352198359.05,976961020074.5627,12095453858089.174,0.0006411510657691,1.388180289188328e-05,0.0001718663313026,0.0002131923785832,4.615908380333662e-06,5.714814171729371e-05
1191,1191,0.02,3860,100000.0,17.15,2.43,0.81,3.93764934167081,,1292.0,0.726763876116776,3860.0,0.3457133139850157,0.0003825527433921,0.0003920419558646,-8.947389076489272e-07,-3.781769313206003e-06,3960863124836.429,85758137381.77957,1056601219999.299,11.165320639538066,8.114551706077325,44224306798121.42,957517101317.1244,11797291409419.271,0.0006609894936115,1.4311332155259256e-05,0.0001763257864119,0.0002194529899404,4.751459231737266e-06,5.854135565795504e-05
1192,1192,0.02,3864,100000.0,17.15,2.43,0.81,3.95631975717513,,1340.0,0.7539568392460971,3864.0,0.3455864318748354,0.0003493812959893,0.0003926613328306,5.000734117130958e-06,1.5917335848760131e-06,4109064773891.2295,88966907031.03946,1090799179327.9902,11.18099451716746,8.429987285791519,45943430707563.78,994738499723.3992,12196219643397.023,0.0006863902566711,1.4861293630677336e-05,0.000182210300853,0.0002275272498979,4.926278071184034e-06,6.039976274902132e-05
1193,1193,0.02,3868,100000.0,17.15,2.43,0.81,3.95726094304263,,1302.0,0.7331415914144805,3868.0,0.3673935622241515,0.0003764657035615,0.0004144157789422,1.078584075438554e-05,-3.859674763027744e-06,3995621673208.919,86510707786.9087,1055495348305.3948,10.528219320403018,7.718675467320948,42066781296899.17,910803705143.872,11112486518624.367,0.0006680920395098,1.4465112048102612e-05,0.0001764851874417,0.0002211127113779,4.787394484879722e-06,5.8409793868986325e-05
1194,1194,0.02,3872,100000.0,17.15,2.43,0.81,3.97612837267626,,1298.0,0.7315538621617145,3872.0,0.3519035980743865,0.0003480062889132,0.0003985077952808,9.048659780962966e-06,-6.155227334018072e-06,3986968548781.344,86323355735.0823,1048031714218.0972,11.003013385448604,8.049296937541968,43868668309603.72,949817038629.952,11531506979916.37,0.0006672950097796,1.444785525761514e-05,0.0001754080385716,0.0002205013416443,4.774157488813481e-06,5.796193178939313e-05
1195,1195,0.02,3876,100000.0,17.15,2.43,0.81,3.97700686424883,,1282.0,0.7232602816645941,3876.0,0.3916959312300605,0.0003308624318398,0.000383498569101,2.6813144785220563e-06,-2.6344355655654746e-07,3941768535072.038,85344713236.4221,1031031145530.4438,9.89543084562564,7.156972100599713,39005497948268.44,844522707870.7661,10202497400282.691,0.0006603719686634,1.4297961890328326e-05,0.0001727306058864,0.0002178706746689,4.7171999286114986e-06,5.6987478915294285e-05
1196,1196,0.02,3880,100000.0,17.15,2.43,0.81,3.97784443345667,,1280.0,0.7228951691748248,3880.0,0.3744169896676794,0.0003816205140525,0.0004708391546883,6.12151431293171e-06,-8.907020657577509e-07,3939778672002.7954,85301629962.62933,1025394151426.902,10.362777617126198,7.491201878653531,40827050238661.75,883961821681.1167,10625931561138.812,0.0006606815700307,1.4304665185986803e-05,0.00017195357259,0.0002176300562888,4.71199020955689e-06,5.664190947555402e-05
1197,1197,0.02,3884,100000.0,17.15,2.43,0.81,3.99688735855574,,1131.0,0.6396990792721657,3884.0,0.3657987800497722,0.0003736764446192,0.0004390871656506,-1.639457245430732e-06,-1.9233682213280456e-06,3486359982033.303,75484491354.11555,902856586797.6882,10.61785935828306,6.792234855335022,37017679961575.88,801483712929.5326,9586404259317.336,0.0005852126134527,1.267065841971e-05,0.0001515514936655,0.0001924634534974,4.167098626182239e-06,4.984192613598509e-05
1198,1198,0.02,3888,100000.0,17.15,2.43,0.81,3.99770555179091,,1265.0,0.7163996279564733,3888.0,0.3786306795896053,0.0003667776191849,0.0004299742556144,4.7554388656214826e-06,7.187105639544743e-06,3904377972362.7793,84535156098.86385,1006039439298.1604,10.268581521746128,7.356407981819642,40092423500917.05,868056141854.7179,10330597996524.924,0.0006560165497883,1.420366107798674e-05,0.0001690355100328,0.0002154056379815,4.663828492078311e-06,5.5503480654438736e-05
1199,1199,0.02,3892,100000.0,17.15,2.43,0.81,3.99848210901706,,1232.0,0.6984646178099783,3892.0,0.3943124080738016,0.0003848945083124,0.0003889829551669,3.316832466813521e-06,-2.329399940070514e-06,3806632167064.382,82418824901.57744,975521568972.1588,9.870346254159855,6.894087624063914,37572777551148.336,813502339639.5419,9628735664156.494,0.0006401943100681,1.3861087814320494e-05,0.0001640619136275,0.0002098821286356,4.54423691357873e-06,5.3786269447657216e-05
1200,1200,0.02,3896,100000.0,17.15,2.43,0.81,4.01765442203109,,1231.0,0.6988328014470353,3896.0,0.4175274830085982,0.0003654232021427,0.0004374649599151,1.3676581203035975e-06,-1.2128131244936414e-05,3808638767886.3423,82462270570.75017,970100349758.78,9.331122281882866,6.520894324893056,35538874070667.16,769465530337.3806,9052124989296.514,0.0006411137038079,1.3880993954007964e-05,0.0001632984029736,0.0002098620128544,4.543801379233877e-06,5.345406179966057e-05
1201,1201,0.02,3900,100000.0,17.15,2.43,0.81,4.01836387682479,,1196.0,0.6799652604954806,3900.0,0.3718018138029038,0.000436701276807,0.0003441653160402,8.509588474103171e-06,1.0687280830165674e-05,3705810669700.369,80235900738.4667,938133752127.076,10.48945931734328,7.132467937174068,38871950257598.67,841631216586.54,9840515827163.566,0.0006243717452936,1.3518507512780904e-05,0.0001580610183147,0.0002040689591015,4.418373793391193e-06,5.166048548024604e-05
1202,1202,0.02,3904,100000.0,17.15,2.43,0.81,4.01907730685294,,1248.0,0.7103646940942298,3904.0,0.3611931887203354,0.000331683178769,0.0004696846054994,-7.941890114132396e-06,-2.817333119186759e-06,3871487582813.552,83823033903.11911,974041817203.3666,10.80862021189106,7.678062190400703,41845438937683.83,906011338467.2828,10528048072651.406,0.0006529053619148,1.4136299579073123e-05,0.0001642668642421,0.0002130546004209,4.612925293518206e-06,5.3603191465426685e-05
1203,1203,0.02,3908,100000.0,17.15,2.43,0.81,4.01970180924205,,1218.0,0.6937613447714274,3908.0,0.3456880573703529,0.0003087818565123,0.0004111945829084,-6.010615971798859e-06,-4.159539035036325e-07,3780999329004.2793,81863838683.02843,945383169329.2968,11.304989908324094,7.8429650014263395,42744159257773.55,925469870168.308,10687547188767.148,0.0006382512983947,1.3819018937720386e-05,0.0001595853325538,0.0002079405320223,4.50219867497852e-06,5.199246603596843e-05
1204,1204,0.02,3912,100000.0,17.15,2.43,0.81,4.03902128104937,,1185.0,0.6756728735503003,3912.0,0.3765146660780374,0.0003037946094897,0.0003897072551906,6.804882529182787e-06,8.62321312014268e-06,3682417160849.136,79729399078.93542,914995408059.1604,10.390033516487746,7.020263802369207,38260437722912.17,828391128679.5663,9506832957167.06,0.000622200229336,1.347149120397256e-05,0.0001546023516261,0.0002023882160334,4.3819833930171015e-06,5.028878593243354e-05
1205,1205,0.02,3916,100000.0,17.15,2.43,0.81,4.03962247590018,,1186.0,0.6768573769471368,3916.0,0.364109768788694,0.0003529444011918,0.0004344758266908,5.357947725797994e-07,-3.744002061210768e-06,3688872704361.896,79869170479.76213,910850658002.9072,10.754998452877532,7.2796000418852,39673820228274.34,858992804942.4535,9796197417623.748,0.0006238817106037,1.3507897587382964e-05,0.00015404789272,0.0002026122839439,4.386834771629684e-06,5.002870712550351e-05
1206,1206,0.02,3920,100000.0,17.15,2.43,0.81,4.04018040196586,,1183.0,0.6755657106437413,3920.0,0.4392426322274332,0.0003505145930243,0.0003541229357142,-4.880432879391244e-06,2.3999800432965607e-06,3681833123008.39,79716753855.96147,903688528492.2888,8.924452483406217,6.029054084058623,32858344758119.496,711428381918.9175,8064925332328.717,0.0006232818498988,1.3494909777627237e-05,0.0001529815825305,0.0002020953175108,4.375641736932725e-06,4.960333996543524e-05
1207,1207,0.02,3924,100000.0,17.15,2.43,0.81,4.04069494434804,,1218.0,0.6955940390879513,3924.0,0.3711387263956567,0.0003197715263373,0.0004042111744447,-6.436981582388951e-06,9.267018430713574e-06,3790987513029.335,82080096612.37825,925556675197.4952,10.572865941822451,7.354422525207716,40081602762382.055,867821857974.5104,9785786648422.02,0.000642366388329,1.3908116297765885e-05,0.0001568315634374,0.0002079525527085,4.502458939376955e-06,5.077090668914393e-05
1208,1208,0.02,3928,100000.0,17.15,2.43,0.81,4.06015748988194,,1223.0,0.698491800465703,3928.0,0.4165301684806763,0.0004132212545061,0.0004882389619339,1.2503086710902744e-05,1.2750159359674269e-05,3806780312538.0815,82422032454.95296,924468641416.2544,9.430289321725873,6.586979767244797,35899039731484.14,777263612534.886,8718006757418.127,0.0006456523431702,1.3979261742035612e-05,0.0001567953219028,0.0002086842383346,4.518300940090022e-06,5.067853105755097e-05
1209,1209,0.02,3932,100000.0,17.15,2.43,0.81,4.06059906467501,,1239.0,0.7077490402184089,3932.0,0.3806355612214247,0.0003833444175204,0.0004251649685967,-1.82335177818448e-06,-1.0506917200768388e-05,3857232269190.328,83514386745.77225,931711480714.6974,10.330091038742076,7.311112018038491,39845560498309.766,862711218128.542,9624664417624.006,0.0006548123410081,1.4177588300727086e-05,0.0001581694161132,0.0002113137406026,4.575233282773694e-06,5.104267112066221e-05
1210,1210,0.02,3936,100000.0,17.15,2.43,0.81,4.0610441522259,,1227.0,0.7010118430861595,3936.0,0.3474260601674359,0.0003233516542054,0.0004859578995105,-2.3675204666826502e-06,1.1621497812280407e-05,3820514544819.569,82719397484.16682,917880714387.74,11.32902925619084,7.9417836792593635,43282721051963.53,937130474152.6049,10398697466992.057,0.0006491614561921,1.405523886801311e-05,0.0001559613958205,0.0002091674474616,4.528763082656376e-06,5.0252593950495306e-05
1211,1211,0.02,3940,100000.0,17.15,2.43,0.81,4.06144504068815,,1208.0,0.6898479310406436,3940.0,0.3870356259067193,0.0003526588614926,0.0004208022214209,2.5352841138246577e-06,-3.835622191991151e-07,3759671224171.5073,81402055862.79594,898380460967.2015,10.179941422109788,7.022611528157383,38273232828457.73,828668160322.5713,9145460467414.1,0.0006393974367586,1.384383441055484e-05,0.0001527852117183,0.0002057039259057,4.453773074656042e-06,4.915333728913239e-05
1212,1212,0.02,3944,100000.0,17.15,2.43,0.81,4.08099810505298,,1241.0,0.7084607695735534,3944.0,0.4202975891157621,0.0003524202361811,0.0004317975396559,2.1051151807259945e-06,1.4925876319396078e-05,3861111194175.866,83598370809.6793,917605380862.1476,9.383827321725866,6.648073525895244,36232000716129.086,784472676055.6388,8610650443496.889,0.0006572562271649,1.4230501799168242e-05,0.0001561990370962,0.0002111158908208,4.570949562726532e-06,5.01723642911198e-05
1213,1213,0.02,3948,100000.0,17.15,2.43,0.81,4.08132330437169,,1199.0,0.6842840901058397,3948.0,0.3535205194771151,0.0003555034833598,0.0004580338897772,2.0220457583662427e-06,-1.3854508533985517e-06,3729348291076.826,80745522632.48907,881703896785.7439,11.167668586364956,7.641857937224314,41648125757872.51,901739236592.469,9846576910609.725,0.00063541446182,1.3757597521975392e-05,0.0001502266249578,0.0002037781659752,4.412077722033476e-06,4.817785548487155e-05
1214,1214,0.02,3952,100000.0,17.15,2.43,0.81,4.08165184092387,,1233.0,0.7034816894118083,3952.0,0.3392879025295769,0.0003485026065441,0.0004443501439678,6.110572031010332e-07,-7.629716647666372e-06,3833975207294.356,83010839350.59338,902456753393.6064,11.64792487599964,8.194101869910053,44657855191009.8,966904020649.3864,10511748467367.258,0.000653844608862,1.4156635568022836e-05,0.0001539046162361,0.0002093583462273,4.532896303637824e-06,4.927962316311197e-05
1215,1215,0.02,3956,100000.0,17.15,2.43,0.81,4.10132238023408,,1185.0,0.6758679994598208,3956.0,0.3563858389861707,0.0003734013727627,0.00043278010139,5.787679736807452e-07,1.471261143094726e-05,3683480597056.023,79752423936.25885,863205717278.8959,11.100328821296152,7.50235703379562,40887845834186.125,885278129987.8832,9581867302218.545,0.0006287587991017,1.3613493264955308e-05,0.0001473465587433,0.0002010091491189,4.352124696520636e-06,4.710551397597459e-05
1216,1216,0.02,3960,100000.0,17.15,2.43,0.81,4.1015731454845,,1171.0,0.6678861822692443,3960.0,0.3788184534664651,0.0003906127095106,0.0003875489865743,1.829590201765071e-06,1.6151022282541658e-06,3639979693367.381,78810569507.77083,849229688735.6736,10.453556218719314,6.981785754057361,38050732359612.61,823850718978.7684,8877470293803.867,0.0006219070239884,1.3465142904704116e-05,0.0001450947403268,0.0001985057285237,4.297922195560363e-06,4.631260947792013e-05
1217,1217,0.02,3964,100000.0,17.15,2.43,0.81,4.12144208579147,,1191.0,0.6795520336235604,3964.0,0.4037819768473127,0.000386039904226,0.0004235906961933,3.894359719093501e-06,5.380613660813949e-06,3703558583248.405,80187139967.58014,860215175478.5503,9.817179139471492,6.671284048674649,36358498065276.84,787211517743.6085,8444886476164.834,0.0006333233938951,1.3712323023785151e-05,0.0001471002502507,0.0002018356251409,4.37001903974849e-06,4.687979514722298e-05
1218,1218,0.02,3968,100000.0,17.15,2.43,0.81,4.1216130639037,,1128.0,0.6441829193139582,3968.0,0.3417080713102223,0.0002947684002242,0.0003909234700432,-4.201052228854489e-07,-5.9756885978061215e-06,3510796910261.0723,76013584479.04707,811795374020.0452,11.612251313776024,7.480413951115586,40768256033579.945,882688846231.6392,9426771898481.566,0.0006008861060967,1.3010011104480858e-05,0.0001389418339228,0.0001912005053007,4.139754059722004e-06,4.4210955427175965e-05
1219,1219,0.02,3972,100000.0,17.15,2.43,0.81,4.14163220717085,,1149.0,0.6569800540728269,3972.0,0.4125138766917189,0.0003641656808289,0.0003861582363478,-9.431432259659415e-06,7.430432225831176e-07,3580541294696.9067,77523646380.59358,824202195371.7454,9.628766992894075,6.325907859646201,34476197835071.8,746457127438.2518,7936050894266.297,0.0006133725086063,1.3280358901935144e-05,0.0001411917714572,0.0001948663894701,4.219125496784841e-06,4.485615240448067e-05
1220,1220,0.02,3976,100000.0,17.15,2.43,0.81,4.14177134419615,,1177.0,0.6737492546554706,3976.0,0.3323406704494118,0.0003363989747102,0.0004190568202806,3.0333533825222857e-06,1.4707244923781072e-05,3671933437872.315,79502412049.34554,841234229373.839,11.963627547069107,8.060485142813468,43929644028333.41,951137246851.9894,10064213000074.312,0.0006296056719911,1.3631829228431857e-05,0.000144241678464,0.0001997046491928,4.323880477937215e-06,4.575202397009591e-05
1221,1221,0.02,3980,100000.0,17.15,2.43,0.81,4.14181347894905,,1167.0,0.6687249370635879,3980.0,0.3387813884937714,0.0003537438750974,0.0003937720366306,6.749962234731726e-06,1.6278804408878215e-06,3644550906996.554,78909542573.50337,830227826472.1877,11.747988924938165,7.856173154453002,42816143691768.86,927028432225.4542,9753507310570.746,0.0006254843239715,1.3542596372227575e-05,0.0001424851796654,0.0001980809545469,4.288725254412035e-06,4.512279415370083e-05
1222,1222,0.02,3984,100000.0,17.15,2.43,0.81,4.16199708672126,,1172.0,0.6725491815941147,3984.0,0.373089441052798,0.0004032515642353,0.0003966148495774,-3.5837076714286177e-07,-1.5712906590865596e-05,3665393039687.925,79360803428.10553,830215484305.9922,10.678404590485854,7.181752268062099,39140549860938.44,847446767631.3275,8865376838705.543,0.000629636484166,1.3632496354419831e-05,0.0001426133440475,0.000199076527331,4.310280775240117e-06,4.509104856218572e-05
1223,1223,0.02,3988,100000.0,17.15,2.43,0.81,4.16200523414098,,1155.0,0.6635322862223533,3988.0,0.3836012501437835,0.0003566041047272,0.0003881404828495,3.0907582299631943e-06,2.784430197428894e-06,3616250959911.8257,78296809774.23769,814388394984.7987,10.39621220865468,6.89822245486138,37595312378994.52,813990249673.6428,8466554574527.653,0.0006217634444264,1.3462034209599525e-05,0.0001400226198844,0.000196272330665,4.249566058436774e-06,4.420099990907831e-05
1224,1224,0.02,3992,100000.0,17.15,2.43,0.81,4.16196568156518,,1108.0,0.6370653169801601,3992.0,0.3331395308296123,0.0004094352447917,0.0003730557155661,1.3445098650419613e-06,1.8463720159985263e-06,3472005977541.8726,75173707403.65889,777395051793.1611,11.982966987012269,7.633932661943765,41604933007593.52,900804054109.3644,9315499241504.145,0.0005975035820347,1.2936774803688511e-05,0.0001337832743108,0.0001883138227934,4.077253410939913e-06,4.216416531848744e-05
1225,1225,0.02,3996,100000.0,17.15,2.43,0.81,4.18226138489476,,1144.0,0.6581288792623151,3996.0,0.4119259887397675,0.0003678077019097,0.0004100618229584,1.1832037179558703e-06,-3.470863225681597e-06,3586802391979.6177,77659207752.95319,798440285084.0251,9.700771762969431,6.384358048342585,34794751363467.09,753354249704.425,7745486971960.374,0.0006178130144984,1.3376501965286742e-05,0.0001375282899687,0.0001944064229729,4.209166589139372e-06,4.3275849299026514e-05
1226,1226,0.02,4000,100000.0,17.15,2.43,0.81,4.18213500302417,,1112.0,0.6404902702758799,4000.0,0.4131544441092956,0.0003217988588145,0.0004464228471109,-1.5756711796126572e-06,1.6492596834652805e-06,3490671973003.5454,75577851892.55382,772507901304.0912,9.681609521648625,6.200976699226259,33795323010783.11,731715250508.6985,7479119852814.484,0.0006017949564065,1.3029688964399254e-05,0.0001331810500626,0.0001890661697911,4.093542758781425e-06,4.184154545673662e-05
1227,1227,0.02,4004,100000.0,17.15,2.43,0.81,4.18201145721676,,1168.0,0.6731749265332517,4004.0,0.3831675166957211,0.0003434192332967,0.0004421743720949,-5.418080681165515e-06,-4.717063621664089e-06,3668803349606.222,79434641330.9237,807164914540.5402,10.449737583521816,7.034501330079059,38338032248930.88,830071156949.329,8434661543574.459,0.0006330519030019,1.3706444872334794e-05,0.0001392762807091,0.0001985755996885,4.299435002431515e-06,4.368815705798676e-05
1228,1228,0.02,4008,100000.0,17.15,2.43,0.81,4.18183944788278,,1113.0,0.6415551936498861,4008.0,0.3767557146397848,0.0002832728261779,0.0003403957726798,-7.330844360164277e-07,2.7546448955931e-06,3496475805391.8794,75703512850.68657,764710802939.3638,10.638192983567716,6.824987959657646,37196184380134.17,805348579239.6023,8135141098287.975,0.0006038389412641,1.3073944049388518e-05,0.0001320650241331,0.0001891162509339,4.094627084440954e-06,4.136143023714005e-05
1229,1229,0.02,4012,100000.0,17.15,2.43,0.81,4.18156759404698,,1132.0,0.6522409219339839,4012.0,0.4414079750404198,0.0003791226447918,0.0004294236939317,-1.3580298957350568e-06,-7.104675883019775e-06,3554713024540.212,76964428788.2101,772831449561.996,9.08909722266033,5.928281152055586,32309132278702.945,699537175942.5592,7024340181798.494,0.0006144360102514,1.3303385176085986e-05,0.0001335847561216,0.0001921321102478,4.159924588853281e-06,4.177151186191293e-05
1230,1230,0.02,4016,100000.0,17.15,2.43,0.81,4.20194187461122,,1107.0,0.6380680075819516,4016.0,0.3894335392496941,0.0003932326044231,0.0004687672512472,1.6454894519437416e-05,-7.664388355770341e-06,3477470641321.636,75292024894.67029,751522107854.1036,10.312414302418494,6.58002164730379,35861117977805.66,776442554381.8473,7750007333618.353,0.0006016209458142,1.3025921395612126e-05,0.000130017328099,0.00018782620144,4.066695737601221e-06,4.059144055427986e-05
1231,1231,0.02,4020,100000.0,17.15,2.43,0.81,4.20163096522017,,1196.0,0.6894086433529024,4020.0,0.3629522497499238,0.0004595961741255,0.000467157674609,3.070515778989703e-06,-1.3118722277756974e-05,3757277106273.3184,81350219915.64249,807112139750.6669,11.075837118435835,7.6357778418185696,41614989237911.2,901021785334.5912,8939442596190.607,0.0006506095128299,1.4086591286959916e-05,0.0001397594111878,0.0002027978920869,4.390853443350452e-06,4.356363291542526e-05
1232,1232,0.02,4024,100000.0,17.15,2.43,0.81,4.20132273654813,,1086.0,0.6257419711448374,4024.0,0.4106249157957791,0.0003364797632822,0.0003768061767086,4.814035182145909e-06,8.153419656506482e-06,3410293742739.3643,73837552595.09082,728146779263.8556,9.79969759555775,6.13208209006763,33419847390868.59,723585686627.9803,7135618241965.126,0.0005910423752993,1.279688078629881e-05,0.0001261960506771,0.0001839403061419,3.982560756835184e-06,3.927390178022999e-05
1233,1233,0.02,4028,100000.0,17.15,2.43,0.81,4.20091330955041,,1120.0,0.6448202968165535,4028.0,0.3866635248477905,0.000439609917463,0.0003661813288189,5.3078958253324384e-06,9.749649759159713e-06,3514270617650.2163,76088795024.35332,745783500284.939,10.417326024185025,6.717303258949793,36609302761276.37,792641784556.0757,7769069865926.093,0.0006095958654589,1.3198589380578358e-05,0.0001293658308548,0.0001894154669292,4.101105522504604e-06,4.01969413582177e-05
1234,1234,0.02,4032,100000.0,17.15,2.43,0.81,4.2213995174621,,1096.0,0.6309767539851774,4032.0,0.3652887469997949,0.000289941633616,0.0004690651170293,1.0349948173706633e-06,2.7641433035324945e-06,3438823309219.217,74455256970.25093,725369874476.1567,11.03784344060909,6.9646226251521055,37957193307078.97,821825469767.9484,8006519111002.085,0.0005970342639209,1.2926613420674134e-05,0.0001259357140907,0.0001852189568184,4.010245303591081e-06,3.906925112953049e-05
1235,1235,0.02,4036,100000.0,17.15,2.43,0.81,4.22089625575483,,1102.0,0.6343785554042841,4036.0,0.3356825022460725,0.0003739114149235,0.0003321076527804,-5.81209879065381e-06,-3.2448226692078087e-06,3457363126953.3486,74856669537.70552,725688507950.1172,12.023265952186584,7.62730208598964,41568796368643.54,900021646146.7775,8725145929529.727,0.0006007856934509,1.3007837032515315e-05,0.000126102829662,0.0001860870349633,4.029040390031558e-06,3.905902209074394e-05
1236,1236,0.02,4040,100000.0,17.15,2.43,0.81,4.22039555750173,,1154.0,0.663910581173306,4040.0,0.3689368516002105,0.0002728155718997,0.0004499598876816,-6.930395231613579e-07,3.253199957780255e-06,3618312667394.518,78341448578.45012,755711964641.5122,10.950383466647695,7.270075451412634,39621911210198.86,857868903266.6909,8275335803158.264,0.0006293122895491,1.362547709482641e-05,0.000131436630945,0.000194613504913,4.213650198116968e-06,4.064650229619317e-05
1237,1237,0.02,4044,100000.0,17.15,2.43,0.81,4.24098013698919,,1112.0,0.6396187377020558,4044.0,0.3964948539173747,0.0003838882489522,0.0004006569134681,-1.4246579129666248e-06,-1.2612306827143928e-05,3485922120476.204,75475011048.84259,724439453922.6758,10.199375754931555,6.523711845718274,35554229559164.59,769797997794.7563,7388830202254.795,0.0006067955271286,1.313795820205227e-05,0.0001261033967837,0.0001873557377217,4.0565095506717e-06,3.893600706886932e-05
1238,1238,0.02,4048,100000.0,17.15,2.43,0.81,4.2403833394166,,1058.0,0.6084279870752869,4048.0,0.345372384242637,0.0002739940568467,0.0003821176359148,2.317744491791149e-07,-6.722166892880936e-06,3315932529560.313,71794502474.88385,685667324274.469,11.720682326344102,7.131191154966432,38864991794567.06,841480556286.039,8036488889375.419,0.0005776905353688,1.2507795077710511e-05,0.000119454639114,0.0001780892359923,3.855877036165518e-06,3.682522754501834e-05
1239,1239,0.02,4052,100000.0,17.15,2.43,0.81,4.26111048795061,,1116.0,0.6416897092129779,4052.0,0.4077035037362293,0.0003707860522129,0.0003828980288757,3.3169358157924124e-06,5.915640472146136e-06,3497208915210.729,75719385687.13138,719518119136.6117,9.93859499088708,6.377494129687888,34757343006798.99,752544307303.1707,7150999174703.622,0.0006097921959879,1.3202840206711882e-05,0.000125459057368,0.0001876879808089,4.063703070725289e-06,3.861505166271912e-05
1240,1240,0.02,4056,100000.0,17.15,2.43,0.81,4.26046906476449,,1113.0,0.6400374133314919,4056.0,0.4086943601996609,0.0003480290386573,0.000391889915648,-2.0784094302444973e-07,5.534000509803932e-07,3488203902656.6304,75524414773.11604,714041307327.1171,9.924286691938956,6.351914783468756,34617935569904.723,749525944449.3132,7086350643801.201,0.0006087496482784,1.3180267614101207e-05,0.000124612094597,0.0001870681623373,4.0502831478554406e-06,3.829317291140616e-05
1241,1241,0.02,4060,100000.0,17.15,2.43,0.81,4.28133904167396,,1169.0,0.6727056974480031,4060.0,0.4363660728936338,0.0003202868512141,0.0003406651111476,7.079432791663005e-06,-6.21628568785203e-07,3666246051091.6167,79379272298.86436,746671352153.2372,9.3041147151457,6.2589309785883165,34111173833306.324,738553855473.4213,6947115914946.671,0.000640376474856,1.3865031932662605e-05,0.0001304197158904,0.0001964730497951,4.253911903820644e-06,4.001389860576932e-05
1242,1242,0.02,4064,100000.0,17.15,2.43,0.81,4.28059757400758,,1140.0,0.6566612372897284,4064.0,0.3954033945583433,0.0002861131866334,0.0004261217324945,4.285815350191866e-06,8.108413856467758e-06,3578803743229.0195,77486026000.18794,724215040757.1414,10.27811105299032,6.749237121057855,36783342309765.31,796409980284.8269,7443562615147.809,0.0006256435723877,1.3546044319587471e-05,0.0001266066869784,0.0001916463394681,4.149406982981041e-06,3.878199854113427e-05
1243,1243,0.02,4068,100000.0,17.15,2.43,0.81,4.30161000550157,,1134.0,0.6539502016449189,4068.0,0.4180043168039447,0.0003549791551609,0.0003908718823128,6.390827501546334e-06,2.6864545476998915e-06,3564028598964.808,77166123794.10043,716596573254.7064,9.731956911602907,6.364215184742383,34684972756845.99,750977391799.6013,6973886973917.099,0.0006235997789219,1.3501793378493544e-05,0.0001253832432174,0.0001907152083437,4.129246712762964e-06,3.834589453248428e-05
1244,1244,0.02,4072,100000.0,17.15,2.43,0.81,4.30076617119006,,1063.0,0.6134603791831307,4072.0,0.3503157374898364,0.0003632418849233,0.0004187495553203,6.227922010546336e-06,-1.518195497003856e-05,3343359066548.062,72388324743.60942,667885997478.1428,11.623799801794911,7.130740633957907,38862536455070.586,841427394807.0331,7763373125108.035,0.0005854901834975,1.2676668193158709e-05,0.0001169604243622,0.0001787758706058,3.870743620456726e-06,3.57131550300054e-05
1245,1245,0.02,4076,100000.0,17.15,2.43,0.81,4.32197620856376,,1104.0,0.637648846064569,4076.0,0.3742307393199553,0.0003639245762175,0.0003573207320163,2.575886898924975e-06,1.0281530551369656e-05,3475186211051.901,75242563835.61914,689707284924.7977,10.891676101773005,6.945064698004599,37850602604125.07,819517634364.5427,7512068352434.164,0.0006090916538793,1.3187672506011554e-05,0.0001208841556551,0.0001856888935165,4.020420079808237e-06,3.685298421727897e-05
1246,1246,0.02,4080,100000.0,17.15,2.43,0.81,4.32108323347417,,1083.0,0.6260711970565482,4080.0,0.3930299841272244,0.00032382466657,0.0004212643809843,7.5963352056621775e-06,2.444679784547834e-06,3412088023958.188,73876401252.6727,672753209666.5583,10.380887374433238,6.499174585020625,35420501488362.41,766902601032.4338,6983775300337.013,0.0005985398603249,1.2959211654741016e-05,0.0001180126682897,0.00018218401734,3.944534687362388e-06,3.5920785617154245e-05
1247,1247,0.02,4084,100000.0,17.15,2.43,0.81,4.32008157302564,,1042.0,0.6029251937262025,4084.0,0.3579486595149319,0.0003637881578954,0.000504016281683,3.744083808839959e-06,-8.105643051348464e-06,3285942305807.803,71145172859.69188,643613971366.5973,11.409457449943698,6.879049343318169,37490818921084.02,811727822511.5438,7343286220496.474,0.0005768814886531,1.2490278102948494e-05,0.0001129931542813,0.0001753198232156,3.795915438429536e-06,3.4339704467617946e-05
1248,1248,0.02,4088,100000.0,17.15,2.43,0.81,4.31902679905411,,1051.0,0.608138292010878,4088.0,0.3760780331522255,0.0003592159924336,0.0004894227771038,-3.4464292016969867e-06,-3.764547693255797e-06,3314353691459.285,71760318457.2836,644874591788.219,10.87008450276939,6.610514623528091,36027304698228.1,780040725576.3147,7009841306426.856,0.0005823440306274,1.260854965395118e-05,0.000113306817555,0.0001767059685193,3.825927391795598e-06,3.43817226293974e-05
1249,1249,0.02,4092,100000.0,17.15,2.43,0.81,4.34032786804654,,1039.0,0.6014278261802998,4092.0,0.3912156343467359,0.0003555648007629,0.0004208599321445,-2.434947412484884e-06,-9.75238711632952e-06,3277781652682.6333,70968483489.27538,634304273880.6482,10.459704676253418,6.290757445927009,34284628080302.195,742309378619.3871,6634635379676.944,0.0005763957434842,1.2479761051585508e-05,0.0001115419885395,0.0001746280065232,3.7809366549996258e-06,3.379337082637091e-05
1250,1250,0.02,4096,100000.0,17.15,2.43,0.81,4.33916476461335,,1037.0,0.6006240829721703,4096.0,0.4165746388498519,0.000342623633539,0.0004186381340117,5.437296334546623e-06,4.369428805100706e-06,3273401252198.328,70873641790.7161,630055711360.1448,9.832571688254747,5.905679353516131,32185952476662.92,696870163714.9036,6195067949542.964,0.0005761105601322,1.2473586439560796e-05,0.0001108882537826,0.0001742668832463,3.7731178390955258e-06,3.354243388786024e-05
1251,1251,0.02,4100,100000.0,17.15,2.43,0.81,4.33800413641743,,1114.0,0.6454690557686303,4100.0,0.3721170591252303,0.0003405358287073,0.0004280538643087,1.1536438929819263e-05,-6.19998594029297e-07,3517806353939.035,76165348580.69838,673443359166.8118,11.018038274402809,7.1118027614014085,38759325049637.67,839192725845.3663,7420024706942.328,0.0006196474628743,1.341622029709518e-05,0.0001186243433866,0.0001871412496243,4.051865588197343e-06,3.582602881042323e-05
1252,1252,0.02,4104,100000.0,17.15,2.43,0.81,4.33678979683325,,1047.0,0.606591776692286,4104.0,0.4072158273766035,0.0003493406901529,0.0004007975175083,-1.126195323385577e-06,-3.882805777695145e-06,3305925182972.9585,71577829649.68974,629446484349.9711,10.078193734362188,6.113349443175824,33317754465308.24,721375234294.7472,6343683614692.186,0.00058281458103,1.2618737717715065e-05,0.0001109676017311,0.0001757367813273,3.804943155343441e-06,3.346019436470572e-05
1253,1253,0.02,4108,100000.0,17.15,2.43,0.81,4.35811743785672,,990.0,0.573600704518837,4108.0,0.3615682205900157,0.0003765858187516,0.0004566892857619,1.6894403128715863e-06,-4.2342631219591553e-07,3126123839627.662,67684883133.22278,591964529048.1486,11.361617990918749,6.517032084064888,35517824858153.64,769009785919.6567,6725674843219.188,0.0005515800038567,1.1942466138550456e-05,0.0001044474927948,0.0001660535344538,3.595287534963496e-06,3.1443988582181486e-05
1254,1254,0.02,4112,100000.0,17.15,2.43,0.81,4.35679179301023,,1044.0,0.605030670934794,4112.0,0.3829426339443671,0.0002612483695326,0.0004566982928903,-2.9311460973050462e-06,4.436683951297745e-06,3297417156594.6274,71393619170.3057,620974891029.1613,10.737900759823416,6.496759301147196,35407338191252.22,766617597535.3691,6667966754213.294,0.0005822916686199,1.2607415944432934e-05,0.0001096581015675,0.0001750202841049,3.789430004474777e-06,3.2960100796656154e-05
1255,1255,0.02,4116,100000.0,17.15,2.43,0.81,4.3554118701023,,1024.0,0.5931334605074589,4116.0,0.4610174978861323,0.0004042551324161,0.0004536851326332,6.666114876102873e-06,6.441487354927278e-06,3232577359765.651,69989748339.88014,605405686704.1885,8.928077608491598,5.295541567603779,28860701543440.6,624873904977.2458,5405108955517.145,0.0005713199065966,1.2369862197872822e-05,0.000106998311838,0.0001714494950656,3.7121175078432697e-06,3.210951749746417e-05
1256,1256,0.02,4120,100000.0,17.15,2.43,0.81,4.35397769725037,,1021.0,0.5910531097673418,4120.0,0.4079642573706223,0.0003615049162896,0.0003900555635172,-6.158486194500157e-06,-5.169193619213157e-07,3221239448232.0127,69744266952.54634,599788674819.4147,10.098923926703494,5.969000392181914,32531052137391.43,704342046277.466,6057220199099.567,0.0005697934992016,1.2336813377209371e-05,0.0001060944686972,0.0001707195789953,3.696313820450184e-06,3.178766176713771e-05
1257,1257,0.02,4124,100000.0,17.15,2.43,0.81,4.37537958711301,,1088.0,0.62950699129464,4124.0,0.3657070347471745,0.000412980332271,0.0004618094069488,3.98270101516127e-06,3.205353020271643e-06,3430813102555.788,74281824972.76752,635068246012.3826,11.276786083294953,7.098815678768274,38688545449287.086,837660250094.6561,7161528758574.971,0.0006073438828082,1.314983085713324e-05,0.0001124237324656,0.0001816860014486,3.933751957971504e-06,3.363138906606839e-05
1258,1258,0.02,4128,100000.0,17.15,2.43,0.81,4.37383053728514,,1097.0,0.6344719979499689,4128.0,0.3921103581451461,0.0002762837155014,0.0005967612423364,-2.6588752772174563e-06,-1.1055670467563009e-07,3457872388827.3306,74867695758.09633,636304950585.5083,10.527648439401728,6.679498139062086,36403264857888.37,788180780409.3262,6698794820015.119,0.0006126182850286,1.3264028923556149e-05,0.0001127317621212,0.0001829775100184,3.9617148958130754e-06,3.367084796037149e-05
1259,1259,0.02,4132,100000.0,17.15,2.43,0.81,4.37228408967147,,1023.0,0.5910702440004583,4132.0,0.3864576870928431,0.0004101222915014,0.0003996258851385,-1.27975465546624e-06,-3.3729881971688577e-06,3221332829802.4976,69746288792.05408,589263686101.0105,10.691985534259338,6.319714498584037,34442444017283.004,745726310832.9164,6300398807656.34,0.0005711748902064,1.236672239346074e-05,0.0001044824111614,0.0001703291401304,3.687860281722789e-06,3.1157530831677124e-05
1260,1260,0.02,4136,100000.0,17.15,2.43,0.81,4.39375723050564,,1003.0,0.579044383405042,4136.0,0.4031655510352721,0.0003459240692472,0.0003810187679675,-1.333586432985604e-07,-7.00643272620728e-06,3155791889557.4795,68327237241.79497,573831954239.9731,10.258813009641663,5.940308053635582,32374678892313.93,700956350328.9988,5886834717505.138,0.0005600199825659,1.2125203292254063e-05,0.000101830973732,0.0001667349231023,3.6100405368941176e-06,3.0318167392612307e-05
1261,1261,0.02,4140,100000.0,17.15,2.43,0.81,4.39203553043678,,1007.0,0.5809903556133647,4140.0,0.4251219689704157,0.0003603471164123,0.0002722172675098,8.92612383020563e-06,-1.0832743864578816e-05,3166397438092.8374,68556861962.37704,572306212406.739,9.738381693203207,5.657905843032813,30835586844528.83,667632889477.8721,5573336341808.254,0.0005623705307265,1.217609589463024e-05,0.0001016448991959,0.0001671663131991,3.619380726146526e-06,3.021424865939197e-05
1262,1262,0.02,4144,100000.0,17.15,2.43,0.81,4.41363910621625,,1069.0,0.6164413273026286,4144.0,0.3583126343482945,0.0003752076215016,0.0004238551685402,-6.005390846003836e-06,-1.039549299204286e-06,3359605233799.326,72740076621.71017,603562327897.8212,11.565319228938668,7.129340736165565,38854907012102.336,841262206867.5367,6980390996699.656,0.0005971719137418,1.2929593728723568e-05,0.0001072835780785,0.000177229328665,3.837258859168959e-06,3.183973673592899e-05
1263,1263,0.02,4148,100000.0,17.15,2.43,0.81,4.43543861016647,,1034.0,0.5962700411716283,4148.0,0.4242583470368117,0.00042219839302,0.0004696832681047,-2.761945626540418e-06,3.5667278047010783e-06,3249671724385.374,70359864858.25214,580404794531.8212,9.77706161580856,5.829768932195718,31772240680466.65,687912733999.0946,5674653438248.322,0.000578102570262,1.2516716200168946e-05,0.0001032515072194,0.0001712975292914,3.7088272397043534e-06,3.059444637011917e-05
1264,1264,0.02,4152,100000.0,17.15,2.43,0.81,4.43358948330206,,958.0,0.5526702794674342,4152.0,0.423302573825822,0.0004169774960599,0.0004629957765128,5.328303848766231e-06,4.064023204668685e-06,3012053023097.516,65215092977.157234,534835755776.0533,9.808586710149417,5.420914358278839,29543983252619.67,639667894276.903,5245982886217.715,0.0005362557892464,1.1610675803867171e-05,9.522035904797576e-05,0.0001586495131092,3.434980283834217e-06,2.817063032975834e-05
1265,1265,0.02,4156,100000.0,17.15,2.43,0.81,4.45558014418304,,988.0,0.5703983501080014,4156.0,0.4032017594636272,0.0003509275643336,0.000368557281318,-1.4834919872204654e-06,7.077556626607738e-06,3108671008088.608,67307005312.74417,548762008414.9828,10.307494703219202,5.879377972463196,32042609949924.426,693766600750.6572,5656361495065.366,0.0005538826732869,1.1992322100525778e-05,9.777482642208496e-05,0.0001636121969032,3.542429217354316e-06,2.8881846145889883e-05
1266,1266,0.02,4160,100000.0,17.15,2.43,0.81,4.45360684264152,,1014.0,0.5858075974611598,4160.0,0.4224720803822492,0.0003655059348465,0.000344101868933,-4.059602452437611e-06,1.2443819072085233e-05,3192651406163.3213,69125296500.41687,560269763569.9083,9.846804542056525,5.768332911451768,31437414367412.133,680663283551.3087,5516866852697.106,0.0005692832569911,1.2325765931183837e-05,9.990197964707106e-05,0.0001679026135379,3.6353226417397342e-06,2.946477570588897e-05
1267,1267,0.02,4164,100000.0,17.15,2.43,0.81,4.47566848971519,,1046.0,0.6049062572904081,4164.0,0.445869043471248,0.0004063891115189,0.0004247564035782,8.14650732825552e-06,-4.360010442285765e-07,3296739102232.7246,71378938360.26816,575110701702.5216,9.33906504829712,5.649258884957074,30788460923016.06,666612548424.9348,5370996253171.649,0.0005883197361723,1.2737931902448264e-05,0.0001026314081288,0.0001732414159222,3.7509150603354623e-06,3.022167941876881e-05
1268,1268,0.02,4168,100000.0,17.15,2.43,0.81,4.47362906152043,,957.0,0.5540523797269227,4168.0,0.3742156832686305,0.0003380692234207,0.0004023906842651,-9.365054879371729e-06,1.832155965947844e-06,3019585469511.7285,65378180807.77687,523624524475.042,11.13796183953093,6.1710142624997655,33632027730623.723,728179682974.9723,5832109971845.548,0.0005392974667944,1.167653230857738e-05,9.351925370289604e-05,0.0001585535343657,3.432902211956203e-06,2.7494674310225903e-05
1269,1269,0.02,4172,100000.0,17.15,2.43,0.81,4.47147157599129,,1009.0,0.584765469083371,4172.0,0.4341754949227834,0.000386962972321,0.0004206690482281,1.7711019552902251e-06,-1.54307538462015e-06,3186971806504.372,69002325351.83778,549339801780.6371,9.60901766402541,5.619021721734217,30623668383451.48,663044563164.6376,5278615858862.359,0.0005696494257759,1.2333693989278528e-05,9.819073454040992e-05,0.0001672124233845,3.620379075115496e-06,2.882248262437352e-05
1270,1270,0.02,4176,100000.0,17.15,2.43,0.81,4.4693171924677,,948.0,0.5497611384632914,4176.0,0.3701140868215589,0.000423691999617,0.0004843089941309,1.865026042913443e-06,2.4722375596858864e-06,2996198204624.9385,64871814338.66839,513343143505.2377,11.283007452816442,6.202959022550169,33806126672898.42,731949164660.9199,5792054514021.817,0.0005359750030107,1.160459639546316e-05,9.182940316200952e-05,0.000157080704815,3.4010134253527206e-06,2.6912873343722782e-05
1271,1271,0.02,4180,100000.0,17.15,2.43,0.81,4.49142648540093,,1078.0,0.6256542060042687,4180.0,0.4082810693344072,0.0003129385653012,0.0003813912350594,6.445058199819444e-06,5.386473334130856e-06,3409815422723.264,73827196308.5037,580666132918.855,10.238045096762308,6.405475976050719,34909844069476.41,755846165173.9846,5944886054985.813,0.000610449431754,1.3217070265500282e-05,0.0001039549849287,0.0001786263062545,3.867505346428259e-06,3.0418727594221573e-05
1272,1272,0.02,4184,100000.0,17.15,2.43,0.81,4.48908132611246,,998.0,0.5796333298031303,4184.0,0.4005990431887767,0.0003356968922252,0.0004233645919591,-1.1351679628988428e-06,-1.0932983445553335e-05,3159001647427.0605,68396732916.76938,534672333423.0302,10.444358445530158,6.053898263440091,32993745535748.5,714359995085.9307,5584309501178.142,0.0005659943161012,1.2254555834853364e-05,9.579656343026016e-05,0.0001653536256041,3.580133545190844e-06,2.798669285713696e-05
1273,1273,0.02,4188,100000.0,17.15,2.43,0.81,4.48673948677113,,943.0,0.5475744597013744,4188.0,0.3600007506929614,0.0003176133324575,0.0003388310803392,-6.6810906360944135e-06,1.6647601344111478e-06,2984280805372.4907,64613786244.76218,501999649705.0202,11.633309074879886,6.370102931216449,34717060975129.65,751672145883.541,5839917080499.935,0.0005351130831014,1.158593464329737e-05,9.00138417892515e-05,0.0001560821218776,3.3793927305609843e-06,2.625529419574644e-05
1274,1274,0.02,4192,100000.0,17.15,2.43,0.81,4.50889976569525,,978.0,0.5679222563283125,4192.0,0.3828743460881014,0.000375433315939,0.0004253862814608,4.567119738634414e-06,-8.528857369533742e-06,3095176296989.303,67014826246.74088,517438120026.2066,10.9487617617384,6.218045483727623,33888347886315.547,733729367079.8596,5665306702608.736,0.0005554239758932,1.2025693423009345e-05,9.2853366117861e-05,0.0001617516627327,3.5021460921948098e-06,2.7040939915747947e-05
1275,1275,0.02,4196,100000.0,17.15,2.43,0.81,4.50642524886978,,935.0,0.5429603521821164,4196.0,0.4117766854396905,0.0003441033868648,0.0004088156077501,3.790485276153365e-06,1.1897971537379886e-06,2959133919392.534,64069321557.48973,491620717369.79126,10.189989254781532,5.5327601545081615,30153542842069.48,652865698231.9631,5009609827426.161,0.0005314064957549,1.1505681926438456e-05,8.828611674042421e-05,0.0001545176707889,3.345520211578313e-06,2.5671054514217764e-05
1276,1276,0.02,4200,100000.0,17.15,2.43,0.81,4.50389254298766,,952.0,0.5527477698139142,4200.0,0.3948329993781954,0.0004206228365618,0.0004050710567691,5.3424701786070746e-06,9.581805820204968e-07,3012475345485.832,65224236838.04187,497352836363.4653,10.63740874398642,5.879803959837523,32044931581114.5,693816867260.8278,5290545410379.173,0.0005413884507721,1.1721804989195656e-05,8.938200339778632e-05,0.0001571764536259,3.4030865188739484e-06,2.5949475449670003e-05
1277,1277,0.02,4204,100000.0,17.15,2.43,0.81,4.50130177588821,,931.0,0.5400043902140349,4204.0,0.3785064186713498,0.0004008158216982,0.0004069645485713,-2.736421218633315e-07,-7.073196309554752e-06,2943023926666.49,63720518045.25612,482933660544.3829,11.106812969663949,5.997727764904715,32687616318730.69,707731876258.7563,5363853844421.639,0.0005293228402343,1.1460567916999535e-05,8.685889860693227e-05,0.000153428093048,3.321929354067043e-06,2.5176686446429004e-05
1278,1278,0.02,4208,100000.0,17.15,2.43,0.81,4.52343013851019,,959.0,0.555977565125568,4208.0,0.3926550496671552,0.0002582080366203,0.0004547351639501,-7.70346473324361e-06,-2.9167042235496657e-06,3030077729934.3457,65605352684.817024,494228020068.7584,10.716785645739249,5.958292389290744,32472693521634.555,703078501936.3077,5296535751194.998,0.0005454089180972,1.180885363953679e-05,8.89602161212175e-05,0.0001578382511936,3.417415346944425e-06,2.5744582592020903e-05
1279,1279,0.02,4212,100000.0,17.15,2.43,0.81,4.52076551616421,,994.0,0.5759550788584785,4212.0,0.3979081641773518,0.0003121284980506,0.0003804839345037,-2.1937795373644125e-06,-4.890250600936949e-06,3138955179778.708,67962699305.30047,508888593581.54987,10.58535707280102,6.096690167610265,33226961413475.94,719409439778.0112,5386767473336.223,0.0005654505529934,1.2242782615271912e-05,9.167105618661725e-05,0.0001633771395621,3.53733990244598e-06,2.648676327420737e-05
1280,1280,0.02,4216,100000.0,17.15,2.43,0.81,4.51798023073832,,945.0,0.5469246633757154,4216.0,0.4370898290617333,0.0003933875350737,0.0004559374193258,1.2757476804354625e-06,1.5816460499535537e-05,2980739415397.649,64537110278.33442,480296611612.258,9.645614516014154,5.275424472222955,28751063373615.105,622500087722.3087,4632755968959.608,0.0005373707329932,1.1634815870311712e-05,8.658836156658886e-05,0.0001550165803399,3.3563222899284195e-06,2.497834527110032e-05
1281,1281,0.02,4220,100000.0,17.15,2.43,0.81,4.54014619807071,,990.0,0.5724234005287504,4220.0,0.403957879410882,0.0004031155756605,0.0003697929382565,-9.379091398128812e-07,-6.807810340794666e-06,3119707532881.689,67545961262.39255,499609869864.1249,10.44663370882702,5.979897591685034,32590441874683.44,705627915818.8339,5219241307785.246,0.0005628654979885,1.218681261699876e-05,9.014087225711292e-05,0.0001621124153835,3.509956883532748e-06,2.596171657100747e-05
1282,1282,0.02,4224,100000.0,17.15,2.43,0.81,4.5372846856695,,951.0,0.5492684544880775,4224.0,0.3653269631940929,0.0002864461046224,0.0003778974943054,4.304381130266527e-06,-1.6033026285448831e-06,2993513076960.022,64813677629.59314,476445694145.504,11.56224540085712,6.350776661740673,34611732806486.664,749391646085.3994,5508782035892.032,0.0005405112588926,1.170281257785962e-05,8.602743843634696e-05,0.0001554282072256,3.365234578463157e-06,2.47378575531758e-05
1283,1283,0.02,4228,100000.0,17.15,2.43,0.81,4.5343016794367,,897.0,0.5175035893595096,4228.0,0.3679869460347618,0.0003358194187238,0.0004646797670166,-2.827581804611446e-07,-4.821816495998912e-06,2820394562009.327,61065423544.42213,446108535343.8571,11.489538000080588,5.945877155124185,32405030495426.805,701613504304.6539,5125580968993.54,0.0005096435676232,1.103448458340225e-05,8.061153874082298e-05,0.0001463204801342,3.168039753366308e-06,2.3143859360236128e-05
1284,1284,0.02,4232,100000.0,17.15,2.43,0.81,4.55656248420216,,936.0,0.5396514601136186,4232.0,0.3831960460329355,0.0003998975165919,0.0004399293432049,2.164056668558877e-06,-1.333810802493067e-06,2941100457619.2217,63678872293.407005,462345443543.35394,11.043955290802405,5.959886598111042,32481381959705.17,703266618577.1029,5106122407399.008,0.000531850173292,1.1515288155682022e-05,8.360765224197538e-05,0.0001524586135199,3.300938788138337e-06,2.3966724804410416e-05
1285,1285,0.02,4236,100000.0,17.15,2.43,0.81,4.55343742827534,,944.0,0.5439415944919874,4236.0,0.4358459781906276,0.0003548596611485,0.0003670079184698,-1.2696933876078704e-05,-1.8240512713326737e-06,2964481689981.3315,64185108150.05452,463172071553.0522,9.719029684718771,5.286584503620887,28811885544733.832,623816971427.2646,4501583112556.802,0.0005364640667609,1.1615185298676496e-05,8.381740860642268e-05,0.0001535458294002,3.324478508115501e-06,2.399007560815568e-05
1286,1286,0.02,4240,100000.0,17.15,2.43,0.81,4.57580958938039,,921.0,0.5306171927461366,4240.0,0.4134803209917663,0.0003781223210881,0.0003081980299912,9.10948500017402e-06,4.5950808549549454e-06,2891863700466.445,62612828744.04413,449047051795.9389,10.25441788820811,5.441170433086754,29654378860322.81,642058111104.237,4604716120583.389,0.0005236997046027,1.1338819292316192e-05,8.131981059146493e-05,0.0001496630198197,3.2404103373809874e-06,2.323959383081583e-05
1287,1287,0.02,4244,100000.0,17.15,2.43,0.81,4.59831418269737,,884.0,0.5095308557856971,4244.0,0.423565190753834,0.0003673469906301,0.0004423484131886,4.907440035125095e-06,-3.703740124612493e-06,2776943164032.0493,60124640982.712265,428533544097.9319,10.019709108878384,5.105350956970547,27824162715489.48,602431412922.5247,4293781455257.984,0.0005032714850006,1.089652022570199e-05,7.766407174052825e-05,0.0001435973588317,3.109080429751803e-06,2.2159720767898683e-05
1288,1288,0.02,4248,100000.0,17.15,2.43,0.81,4.62108245587358,,890.0,0.5133969523326375,4248.0,0.3930224399045983,0.000371943294035,0.0002856296021071,-5.880455702513582e-06,2.069652464584585e-05,2798013390212.874,60580840375.25122,429096111457.3096,10.808543148404334,5.549073111546596,30242448457928.94,654790627162.4983,4637903835498.847,0.0005074768063138,1.0987571219272671e-05,7.782533314734662e-05,0.0001445680489716,3.1300972070935773e-06,2.217058283985004e-05
1289,1289,0.02,4252,100000.0,17.15,2.43,0.81,4.61770170292979,,892.0,0.5148556833912095,4252.0,0.4138649152555445,0.0003479033477179,0.0003321504074055,4.797679185403085e-06,1.4925513098888016e-06,2805963474482.092,60752970640.16271,427618718512.46936,10.273883683458807,5.289567404928981,28828142356862.945,624168953781.6198,4393304974866.824,0.0005093061714715,1.102717949241152e-05,7.761642457422008e-05,0.000144859809113,3.136414215659245e-06,2.207611271501943e-05
1290,1290,0.02,4256,100000.0,17.15,2.43,0.81,4.6141951946457,,921.0,0.5319501162157039,4256.0,0.4755855603234522,0.0003121621970968,0.0004636880368501,7.471273566909943e-07,-1.3861905050201985e-06,2899128133375.586,62770113713.45306,439030545894.287,8.948968082852298,4.760404611683904,25944205133677.28,561727744178.7007,3928870342605.1953,0.0005266162901008,1.1401967382000577e-05,7.974833352764357e-05,0.000149546743975,3.2378928053323287e-06,2.264666672999144e-05
1291,1291,0.02,4260,100000.0,17.15,2.43,0.81,4.63698373150229,,931.0,0.5382857563834496,4260.0,0.3889789340910283,0.0003260953070141,0.0003873224732115,-2.2214764810665204e-06,-1.1812151187205074e-05,2933657372289.8,63517719253.24704,441524989969.8733,10.951749893486726,5.895170975137865,32128681814501.363,695630175066.2681,4835471261874.287,0.0005332937251031,1.1546543038930266e-05,8.026244265988472e-05,0.0001512038641526,3.2737717376171035e-06,2.275667405266845e-05
1292,1292,0.02,4264,100000.0,17.15,2.43,0.81,4.63339129161761,,885.0,0.5117908848539213,4264.0,0.4392790252022678,0.0002576140235439,0.0004401464494192,-5.374335996503111e-06,1.7086787879769332e-05,2789260322453.871,60391324412.76271,417257111858.4973,9.706814474095648,4.967859168810263,27074832470015.934,586207381919.611,4050237372807.4087,0.0005074210166298,1.0986363295838806e-05,7.590723110025254e-05,0.000143640069339,3.1100051710111394e-06,2.1487718445314616e-05
1293,1293,0.02,4268,100000.0,17.15,2.43,0.81,4.62973840003644,,931.0,0.5385559486856488,4268.0,0.4480125419549949,0.000281925865823,0.0004069849185909,2.252346170232216e-06,-2.0548053947278724e-06,2935129920336.786,63549601944.90656,436410096350.7168,9.5265190152394,5.130563485924129,27961570998286.504,605406491339.0472,4157469081327.563,0.0005343542770193,1.1569505447391571e-05,7.945052104973846e-05,0.0001510244468858,3.2698871068859243e-06,2.245508553474781e-05
1294,1294,0.02,4272,100000.0,17.15,2.43,0.81,4.65247439747822,,903.0,0.5225611949269287,4272.0,0.4130665694938216,0.0003649352754625,0.0003929470930259,-6.636805880663737e-06,4.180330358929787e-06,2847958512351.761,61662221001.37758,420859993575.8818,10.342158662791272,5.404410788952094,29454038799788.914,637720473096.3472,4352600828383.085,0.0005188571922086,1.1233972234976018e-05,7.667465436475303e-05,0.0001464155688261,3.1700985544016605e-06,2.163671102944198e-05
1295,1295,0.02,4276,100000.0,17.15,2.43,0.81,4.64866729054377,,904.0,0.5232351460168598,4276.0,0.3648640822848392,0.0003732979903633,0.0003961281618062,1.1658593059521086e-05,4.786897027648214e-06,2851631545791.886,61741747229.989456,418810427849.0679,11.7194325438201,6.13201899830045,33419503540737.45,723578241799.453,4908220557825.586,0.0005198875979028,1.1256281936245883e-05,7.635430588234226e-05,0.000146480898816,3.1715130385866496e-06,2.151320285238385e-05
1296,1296,0.02,4280,100000.0,17.15,2.43,0.81,4.64479968964468,,888.0,0.5137888571381962,4280.0,0.4362877810553982,0.0003208785221628,0.0003172434688047,7.849332978013721e-06,3.827565480669254e-06,2800149271403.1694,60627085142.30715,408703832552.0288,9.81003866220251,5.040288552734547,27469572612403.28,594754049222.6765,4009400398725.742,0.0005108569481427,1.1060755941439748e-05,7.456359370697296e-05,0.000143715318795,3.1116344252877827e-06,2.0976382290701537e-05
1297,1297,0.02,4284,100000.0,17.15,2.43,0.81,4.66760885554509,,873.0,0.5049873722599161,4284.0,0.4417656595733206,0.0003597261631717,0.0003547921019199,1.2370345983276026e-06,-7.190968971151133e-07,2752181178816.5425,59588509926.6701,399200567776.2707,9.69744910488901,4.897089341102176,26689136909006.86,577856542250.0568,3871227188653.1807,0.000502476168786,1.08793005351834e-05,7.288356355945876e-05,0.0001411334432865,3.0557332674892465e-06,2.0471236096618287e-05
1298,1298,0.02,4288,100000.0,17.15,2.43,0.81,4.66358411735476,,869.0,0.5026862108245935,4288.0,0.4815446486172732,0.0003082562076144,0.0004942385946603,1.3431291610622482e-05,1.833634842244355e-06,2739639848994.035,59316972877.30204,394890899191.5973,8.90467791992443,4.476258802180235,24395610471882.28,528198538657.2677,3516376270810.52,0.0005005557872896,1.0837721633059349e-05,7.214996708816693e-05,0.0001403711125921,3.0392277588753897e-06,2.0233051761304807e-05
1299,1299,0.02,4292,100000.0,17.15,2.43,0.81,4.65949889804303,,856.0,0.4946203271189031,4292.0,0.3995246624099309,0.0003428270421809,0.0004765266125991,-3.5621714906287937e-06,8.541263126462847e-06,2695680782798.022,58365198600.03056,386104029618.14777,10.74276610137326,5.313590483223105,28959068133565.92,627003677020.3264,4147825280985.455,0.0004928871409678,1.0671684887009466e-05,7.059653074987198e-05,0.0001380016864614,2.9879264224677872e-06,1.976606710144467e-05
1300,1300,0.02,4296,100000.0,17.15,2.43,0.81,4.6822403967796,,850.0,0.4909402006130673,4296.0,0.3966342751318734,0.0003664484968755,0.0004139217627874,4.415505091867044e-06,-1.8691340031822584e-06,2675624093341.217,57930943672.34195,380798908507.93744,10.831136564210595,5.31744035770108,28980049949470.88,627457962208.7274,4124484981551.807,0.0004895799051539,1.0600078680396596e-05,6.967776003138774e-05,0.0001368588873252,2.963183248509581e-06,1.947796592307498e-05
1301,1301,0.02,4300,100000.0,17.15,2.43,0.81,4.67799535753017,,908.0,0.5242572852715681,4300.0,0.4252555410130298,0.0003187847601172,0.0003485809401043,1.217411832468934e-05,2.299740597526246e-06,2857202204730.0464,61862359662.04504,404043922423.03485,10.111567246735175,5.301062794614287,28890792230647.867,625525409764.4858,4085517292215.167,0.0005231896670422,1.132777627724592e-05,7.398552503319984e-05,0.0001460229677172,3.161598200116781e-06,2.064946350057418e-05
1302,1302,0.02,4304,100000.0,17.15,2.43,0.81,4.67368991056543,,886.0,0.5110985452886371,4304.0,0.4303327000852732,0.0002957106264929,0.0003468057331491,-7.889090229913985e-06,-6.714766582323441e-06,2785487071823.0723,60309628344.05917,391370246193.2629,10.001563904270196,5.111784762083838,27859226953356.92,603190601925.8928,3914314527531.8784,0.0005104240858554,1.1051383877237708e-05,7.171629054213583e-05,0.0001422364271873,3.0796143868082405e-06,1.998469355290233e-05
1303,1303,0.02,4308,100000.0,17.15,2.43,0.81,4.69649143564309,,861.0,0.4962304844409763,4308.0,0.44897699064677,0.0004074366666344,0.0004337159804956,-1.4912162350569468e-06,-1.1791789414518742e-05,2704456140203.321,58555197164.03521,377526529358.0626,9.595146499142745,4.761404195551743,25949652865756.992,561845695075.1056,3622422356503.525,0.0004959318608634,1.0737607262730883e-05,6.922923668334146e-05,0.0001379810481629,2.9874795749040933e-06,1.9261361075808542e-05
1304,1304,0.02,4312,100000.0,17.15,2.43,0.81,4.6920233544579,,871.0,0.501460874731023,4312.0,0.4072608255792147,0.000308885172773,0.0004040764634678,8.60458218039021e-06,1.1425169858222526e-05,2732961767284.075,59172383218.26071,379021236741.6788,10.587809406582096,5.309372166510012,28936078307479.56,626505915648.1814,4013004615667.927,0.0005015073828095,1.0858324985600303e-05,6.955163103376977e-05,0.0001393166997478,3.016398269770489e-06,1.932115863065412e-05
1305,1305,0.02,4316,100000.0,17.15,2.43,0.81,4.68742687423804,,873.0,0.5019955952600176,4316.0,0.4341532411490334,0.0003472152227503,0.0004521932186654,8.168479904099931e-06,5.596201609848697e-06,2735875994167.096,59235480240.68207,376968663603.22864,9.941190323898631,4.99043375423862,27197863960600.48,588871183000.1571,3747517231025.415,0.000502379050231,1.087719778481886e-05,6.922139731172628e-05,0.0001393466299693,3.017046300254771e-06,1.920018048667736e-05
1306,1306,0.02,4320,100000.0,17.15,2.43,0.81,4.710213340025,,843.0,0.4840775439813179,4320.0,0.4403667918486462,0.0003553972203548,0.0003808699770536,-5.95857663228732e-06,-1.131526686528595e-05,2638222614698.1826,57121150189.79552,361183456202.9121,9.81000402383834,4.74880265430651,25880974465970.48,560358713208.1682,3543211158694.4062,0.000484772620562,1.0495994353452554e-05,6.636735262280287e-05,0.0001342586431096,2.906884382925224e-06,1.838055684660856e-05
1307,1307,0.02,4324,100000.0,17.15,2.43,0.81,4.70551981281818,,843.0,0.4833569315518749,4324.0,0.4831721241625928,0.000352265966585,0.0003385670321983,7.442390710812269e-06,1.2558703439894254e-05,2634295276957.7183,57036117923.12125,358319433148.47754,8.949191776106948,4.325653876768328,23574813628387.39,510427157458.6627,3206669324351.6587,0.0004843964570684,1.048784989616152e-05,6.588808226401924e-05,0.0001339426316399,2.9000422997274285e-06,1.8219008424549408e-05
1308,1308,0.02,4328,100000.0,17.15,2.43,0.81,4.72839227972777,,861.0,0.4929510704484181,4328.0,0.4081384226128648,0.000329449246954,0.0004685830672919,1.871270401387576e-06,7.188493877401656e-06,2686583333943.8784,58168226312.91334,363059175842.1282,10.604245423139876,5.227374132634541,28489189022858.24,616830147650.8757,3849968603752.824,0.0004943640739379,1.0703662518290007e-05,6.680731283566651e-05,0.000136483004999,2.9550448788792605e-06,1.84440239338058e-05
1309,1309,0.02,4332,100000.0,17.15,2.43,0.81,4.72346160468716,,818.0,0.4676925207941295,4332.0,0.4120742889917892,0.0003811158746818,0.0003874965631235,8.540084070996563e-06,4.443192299439434e-06,2548924238328.0054,55187717453.70728,342205254479.4253,10.51266753526163,4.916695979837119,26795993090112.293,580170125620.78,3597490069161.799,0.0004693640062231,1.0162376648500966e-05,6.301435985340667e-05,0.0001293776914723,2.801205063071965e-06,1.7369573080489902e-05
1310,1310,0.02,4336,100000.0,17.15,2.43,0.81,4.77464856910558,,856.0,0.4892228190231905,4336.0,0.4382839936861273,0.0003902012147264,0.0003618801330272,-2.070659254097897e-06,-3.19290328206415e-06,2666264363676.388,57728292644.73648,355604140336.4494,9.893128798824405,4.839944359920386,26377696761566.1,571113434470.6056,3518037561743.7227,0.0004913132889564,1.0637608825112852e-05,6.55272755903095e-05,0.0001352166631509,2.927626835195877e-06,1.803407265762384e-05
1311,1311,0.02,4340,100000.0,17.15,2.43,0.81,4.76956602764708,,853.0,0.4875753434574857,4340.0,0.3913645145594273,0.0003126806965287,0.0004429215878731,9.49991607613194e-06,1.1968809404650802e-06,2657285621843.2974,57533890527.98332,352059973195.64954,11.089406010367826,5.4069209442446,29467719146133.062,638016671420.8628,3904135982765.772,0.0004900001345358,1.0609177224813974e-05,6.491941732289497e-05,0.0001346449606973,2.915248690328764e-06,1.783891835502772e-05
1312,1312,0.02,4344,100000.0,17.15,2.43,0.81,4.79283895938506,,836.0,0.4780376069811783,4344.0,0.3918539518772377,0.0003716128486265,0.0003462641865394,-8.376363099748044e-07,-5.564880110649382e-06,2605304958047.422,56408437623.779045,342921591808.45374,11.085762895051555,5.299411565911186,28881793034215.965,625330564777.52,3801547458382.173,0.0004807339542867,1.0408551670795649e-05,6.327629797470467e-05,0.0001318948082584,2.8557041054113086e-06,1.7360569425676922e-05
1313,1313,0.02,4348,100000.0,17.15,2.43,0.81,4.78758140127907,,834.0,0.4770348656952267,4348.0,0.4423191875175689,0.000341829517533,0.0004308751895337,-8.510839664893548e-07,3.582512729656057e-06,2599840018038.9854,56290114152.03674,340041400192.5038,9.83000539588235,4.689255303808091,25556441405754.094,553332125849.3546,3342608798715.7017,0.0004800442999057,1.0393619704381135e-05,6.278653100258953e-05,0.0001315023048734,2.8472058669841497e-06,1.7199607501783168e-05
1314,1314,0.02,4352,100000.0,17.15,2.43,0.81,4.81093442909701,,835.0,0.4775148913035444,4352.0,0.3996782605190674,0.0002734592276876,0.000373001105362,-3.4451888002741245e-06,4.3637287344212e-06,2602456157604.317,56346757173.81824,338220526645.53687,10.888758358655789,5.199544264064079,28337516239149.23,613546223159.5613,3682801586580.552,0.0004808532815202,1.0411135269612862e-05,6.249267625116417e-05,0.0001315188807999,2.847564758603488e-06,1.709246282516598e-05
1315,1315,0.02,4356,100000.0,17.15,2.43,0.81,4.80549934607932,,817.0,0.467212357035928,4356.0,0.3764437878180615,0.0003933821818828,0.0003458091444842,1.7338800206598486e-05,-5.175758602069022e-06,2546307345845.808,55131058130.2395,328806933793.34326,11.571448755332606,5.406323847299402,29464464967781.742,637946213981.3295,3804772584787.712,0.0004708043586901,1.019356226154844e-05,6.079538585552484e-05,0.000128568265035,2.783679866814078e-06,1.6602134490274892e-05
1316,1316,0.02,4360,100000.0,17.15,2.43,0.81,4.7999312174742,,799.0,0.4569767297380245,4360.0,0.4302397810497496,0.0003808559044308,0.0003982146411032,-1.072924929484615e-05,4.39081682954899e-06,2490523177072.2334,53923254109.08689,319533461372.6742,10.133883922500052,4.6309491344488185,25238672782746.06,546451997864.9606,3238115006905.3345,0.0004608089837131,9.977148638193031e-06,5.912167007840594e-05,0.000125641224723,2.720305416021536e-06,1.6119735723176906e-05
1317,1317,0.02,4364,100000.0,17.15,2.43,0.81,4.82331486509693,,835.0,0.477514986642284,4364.0,0.3757791219341015,0.0003443580517527,0.000431350803842,-3.964333748866909e-06,-1.13365793660199e-06,2602456677200.448,56346768423.78951,331731452426.3027,11.613205059235018,5.5454794587347145,30222863050104.195,654366576130.6963,3852465381624.519,0.0004818515666767,1.04327495170379e-05,6.142093409966732e-05,0.0001311720793225,2.840056029368393e-06,1.6720318448585368e-05
1318,1318,0.02,4368,100000.0,17.15,2.43,0.81,4.81756611712114,,804.0,0.4598295492438675,4368.0,0.4064130848328204,0.0004193457262575,0.0004188056681488,-2.453677084059124e-06,-2.040240525717392e-05,2506071043379.0776,54259886810.77636,317362376966.0309,10.747685453574393,4.942103357531985,26934463298549.32,583168196188.7742,3410911002429.603,0.0004643257500543,1.0053291469067484e-05,5.880101608177179e-05,0.0001262024925231,2.732457636282055e-06,1.598195833753984e-05
1319,1319,0.02,4372,100000.0,17.15,2.43,0.81,4.81175711211583,,838.0,0.479187019367394,4372.0,0.3994546245176025,0.0003222060799807,0.0003689399727802,-2.2437105840121025e-06,-1.1053852580892173e-05,2611569255552.2974,56544068285.35249,328551788883.69586,10.944922731285947,5.24466490081135,28583423709421.863,618870458295.7394,3595973942557.8247,0.0004842021899145,1.0483643744939936e-05,6.091567180905601e-05,0.000131399314294,2.844975979209748e-06,1.6530857712313618e-05
1320,1320,0.02,4376,100000.0,17.15,2.43,0.81,4.83501779085518,,789.0,0.4508705993045427,4376.0,0.4196610841354413,0.0003628500992232,0.0004852758262402,-9.967001866516735e-06,-6.938403650730162e-06,2457244766209.7583,53202730717.93605,307094483018.8419,10.427461981649198,4.701436032891509,25622826379258.727,554769451881.1981,3202216046453.189,0.0004558958219357,9.870771924479688e-06,5.697563941249112e-05,0.0001235256948173,2.6745012822839493e-06,1.5437639713845157e-05
1321,1321,0.02,4380,100000.0,17.15,2.43,0.81,4.82902597469063,,799.0,0.4563971129784658,4380.0,0.4050727303283565,0.0003705535822265,0.0002858506260925,9.619178254966323e-06,-8.405467007244134e-07,2487364265732.6387,53854859331.45896,308791320443.85205,10.812873027640054,4.934964032817644,26895553978856.16,582325755872.4818,3338921339996.6846,0.0004617945169138,9.998486788226376e-06,5.732901313091576e-05,0.0001249297726145,2.704901498810099e-06,1.5509280236857276e-05
1322,1322,0.02,4384,100000.0,17.15,2.43,0.81,4.82297444298826,,778.0,0.4439079123187324,4384.0,0.4095466792159641,0.0003622830526962,0.0004256440347672,1.4757817116019556e-05,7.303368939470756e-06,2419298122137.092,52381133653.61042,298330539552.2137,10.704518489547338,4.751820455072229,25897421480143.65,560714813698.5231,3193484776633.305,0.0004494450137332,9.731103049637156e-06,5.542234428208767e-05,0.0001214034152427,2.6285510089247574e-06,1.4970600787655696e-05
1323,1323,0.02,4388,100000.0,17.15,2.43,0.81,4.84617616817225,,729.0,0.4153769734458475,4388.0,0.3319509599896264,0.0003701414336625,0.0004302150732937,-2.349318154413171e-06,4.576874976555245e-06,2263804505279.8687,49014482866.61,277274637741.7288,13.218820033348075,5.490793457977461,29924824345977.16,647913628041.3403,3665243536119.695,0.0004208274621228,9.111493675319784e-06,5.1543665470994666e-05,0.000113499966673,2.4574304710860938e-06,1.3901669543270022e-05
1324,1324,0.02,4392,100000.0,17.15,2.43,0.81,4.83993959021045,,757.0,0.430853715181581,4392.0,0.4569755383381562,0.0002691409166091,0.0004787897196478,-4.160791566440255e-06,-8.958211405551877e-06,2348152747739.6167,50840738391.42656,285654107870.4912,9.6110177274959,4.140942694567643,22568137685393.66,488631237958.98193,2745426694675.3164,0.0004367928333679,9.457165933470163e-06,5.313609485585638e-05,0.0001176247727174,2.5467381982853624e-06,1.4309120029098277e-05
1325,1325,0.02,4396,100000.0,17.15,2.43,0.81,4.83364391025744,,758.0,0.4304043919609411,4396.0,0.4761138031408336,0.000434481611553,0.0004574422431134,-8.126883994750349e-08,-6.612201711049056e-06,2345703936187.1294,50787718251.39106,283406597368.8503,9.23308665071336,3.973961045822967,21658087699735.168,468927403407.1101,2616717670890.428,0.000436628828102,9.453614993769935e-06,5.275324331283774e-05,0.0001173982513253,2.5418336984211325e-06,1.4183989049897566e-05
1326,1326,0.02,4400,100000.0,17.15,2.43,0.81,4.85677861642049,,737.0,0.4175168550363935,4400.0,0.3837588026544836,0.0003049330054933,0.0004534079095128,-7.1664814168160725e-06,-5.172895906739197e-06,2275466859948.3447,49266988894.29443,273057106702.14188,11.465535043274384,4.787054132577481,26089445022547.27,564872387644.1427,3130745825708.52,0.0004238380748545,9.176677584007806e-06,5.0860770801394816e-05,0.000113782445593,2.4635465284369966e-06,1.3653947650919168e-05
1327,1327,0.02,4404,100000.0,17.15,2.43,0.81,4.85022173801365,,762.0,0.4306753049541295,4404.0,0.442787582091114,0.0003410373660443,0.0004292665079128,2.5198153807957856e-06,1.670929828322372e-05,2347180412000.0054,50819685984.58728,279833792062.70886,9.9460783863938,4.283530342157826,23345240364760.15,505456580374.62354,2783248831017.5254,0.0004374867646965,9.472190501687198e-06,5.215772069176881e-05,0.0001172613419021,2.53886942100167e-06,1.398004422629494e-05
1328,1328,0.02,4408,100000.0,17.15,2.43,0.81,4.84368064776121,,770.0,0.4336827433954949,4408.0,0.4358815418836457,0.0002665718799731,0.0003745258653242,-3.809331911423948e-06,1.0479448919197664e-05,2363570951505.448,51174563720.6684,279946145830.7948,10.112839330041355,4.385763904170194,23902413277727.56,517520140692.0828,2831050393851.1543,0.0004408352112322,9.54468897713942e-06,5.221341811312179e-05,0.0001179725674724,2.554268433348793e-06,1.3972910589650213e-05
1329,1329,0.02,4412,100000.0,17.15,2.43,0.81,4.86666481825916,,794.0,0.4457285049774969,4412.0,0.4025092967194723,0.0003606399978566,0.0003554287154539,7.747272921616868e-06,2.528390335181012e-06,2429220352127.358,52595963587.34464,285828891853.4642,10.961237506707656,4.885736006568068,26627261235795.977,576516848775.0321,3133038369884.878,0.0004533774503205,9.816245713362013e-06,5.334566462979852e-05,0.0001211389092466,2.622824090111625e-06,1.4253544418065571e-05
1330,1330,0.02,4416,100000.0,17.15,2.43,0.81,4.85986029179908,,738.0,0.4126988013383567,4416.0,0.3873095813805776,0.0003832988117275,0.0003631265106067,1.571235605533652e-05,1.4893703351037155e-06,2249208467294.044,48698458557.92609,262895554595.0235,11.401731876239738,4.705481078505472,25644871877854.824,555246767263.6458,2997464624947.804,0.0004200531699472,9.094729184179392e-06,4.909732142594147e-05,0.0001120601445284,2.426256340248935e-06,1.3097991703386675e-05
1331,1331,0.02,4420,100000.0,17.15,2.43,0.81,4.85299849190085,,717.0,0.3990443162912376,4420.0,0.422867470409983,0.0002309449736268,0.0004010348588464,2.899555488740083e-06,-5.066727459324801e-06,2174791523787.2449,47087229322.36604,252502789481.92816,10.452447419790111,4.170989734200257,22731894051391.395,492176788635.6303,2639272130410.1865,0.0004064189251734,8.799529022103046e-06,4.718701134434377e-05,0.0001082540567448,2.343849301998837e-06,1.2568768547162384e-05
1332,1332,0.02,4424,100000.0,17.15,2.43,0.81,4.87589665091799,,737.0,0.4085051511282,4424.0,0.4359872756594996,0.0002804393400166,0.0004045202773891,-6.222585453847926e-06,-4.497740460465301e-06,2226353073648.6904,48203607833.1276,256754486809.6901,10.14708512606934,4.145136542935665,22590994158999.383,489126112066.4085,2605309634158.172,0.0004163107914814,9.013701540332872e-06,4.801110160168109e-05,0.0001107196568159,2.397232936565987e-06,1.2768760266286292e-05
1333,1333,0.02,4428,100000.0,17.15,2.43,0.81,4.86884358821261,,757.0,0.4176081090250896,4428.0,0.465390751817722,0.0003203568994521,0.0003594224056144,6.704675151224696e-06,-2.471030444623321e-07,2275964194186.7383,49277756864.96057,260702419963.324,9.514585287105788,3.973367969906188,21654855435988.727,468857420448.9301,2480475409295.9165,0.0004258499073813,9.220236526788622e-06,4.877937081744944e-05,0.0001130838589722,2.4484211667377463e-06,1.2953295033439958e-05
1334,1334,0.02,4432,100000.0,17.15,2.43,0.81,4.89178457070992,,779.0,0.427578815167104,4432.0,0.4349271772480279,0.0003098345751878,0.0003859069429985,-3.7041768070648576e-06,7.897589043785674e-06,2330304542660.717,50454300189.71828,265111092498.7193,10.190211676453927,4.357118634920159,23746296560314.867,514139998920.5788,2701538150337.9067,0.0004362921226865,9.44632485816718e-06,4.963552152799157e-05,0.0001156785243662,2.5045992431601367e-06,1.31603656998291e-05
1335,1335,0.02,4436,100000.0,17.15,2.43,0.81,4.88446271742597,,777.0,0.4243937172497868,4436.0,0.4502315634181286,0.0003249549507367,0.0004743737620281,-6.185481946255539e-06,1.4973651715692337e-06,2312945759011.3384,50078458635.47485,261333973966.779,9.852707718495294,4.181427253627885,22788778532271.973,493408415928.09045,2574847262407.532,0.0004333210268639,9.381996544943654e-06,4.895986233681464e-05,0.0001147124958221,2.4836833957815192e-06,1.296107886665458e-05
1336,1336,0.02,4440,100000.0,17.15,2.43,0.81,4.90744265900453,,777.0,0.4220458871731596,4440.0,0.4302476991233561,0.0003887901653161,0.0005187474212955,-2.2096070888308524e-06,-1.1415918573568876e-05,2300150085093.72,49801414686.43284,258095926431.6308,10.3196368255929,4.355360279362165,23736713522523.8,513932512964.7354,2663456226939.373,0.0004312015324923,9.336106575064534e-06,4.8384390100712525e-05,0.0001139743269806,2.467701024534239e-06,1.278886525801761e-05
1337,1337,0.02,4444,100000.0,17.15,2.43,0.81,4.89992498371947,,757.0,0.4089566591176383,4444.0,0.4576962857363469,0.0003671090712911,0.0004393985922536,2.9693624441241e-06,-2.506600597283361e-05,2228813792191.129,48256885775.881325,248354692004.6768,9.709495441612429,3.970762817519757,21640657355482.68,468550012467.33136,2411398749922.468,0.0004180901156844,9.05222635793796e-06,4.658740100891312e-05,0.0001103385181517,2.3889807599826e-06,1.2294920637981046e-05
1338,1338,0.02,4448,100000.0,17.15,2.43,0.81,4.92286395648357,,760.0,0.408445879797939,4448.0,0.3997255539197795,0.0003508540117301,0.0004294422056203,-3.0334457561032144e-06,7.515562833068172e-06,2226030044898.768,48196613816.1568,246309960289.82187,11.127634839409504,4.545036602052813,24770449481187.83,536314319042.2319,2740847295414.5933,0.0004178296918796,9.046587824182922e-06,4.6232805819771255e-05,0.0001100999811506,2.383816105646916e-06,1.218254984799987e-05
1339,1339,0.02,4452,100000.0,17.15,2.43,0.81,4.91514865176989,,721.0,0.3855543739558409,4452.0,0.4483567697461694,0.0004452704768048,0.0004029951524402,-5.138725204352332e-06,3.365829754375192e-06,2101271338059.333,45495416126.78923,230868095927.0676,9.929592459416716,3.82839780432705,20864768033582.426,451750940910.592,2292426104437.3047,0.000394662035872,8.544976189522387e-06,4.336178346230213e-05,0.0001038344781846,2.248159344182375e-06,1.1408363991782646e-05
1340,1340,0.02,4456,100000.0,17.15,2.43,0.81,4.93811886690595,,745.0,0.3967276657575909,4456.0,0.4020763640701261,0.0003123094644517,0.0004460762628281,4.251769141013185e-07,1.4503854840590803e-06,2162165778378.8704,46813864559.39573,235885773273.162,11.082471883930062,4.396723201335704,23962141447279.59,518813337757.6131,2614197450118.9185,0.0004063590375991,8.798232373705333e-06,4.4332546916208666e-05,0.0001067461019124,2.311200004709686e-06,1.164567816459964e-05
1341,1341,0.02,4460,100000.0,17.15,2.43,0.81,4.96126439299933,,743.0,0.3941837305937486,4460.0,0.43277700888666,0.0003330413375528,0.0003576842004176,2.440045307689083e-06,-2.456174567317884e-07,2148301331735.9304,46513680210.06234,232810827227.96927,10.305538206554845,4.0622754960361975,22139401453397.28,479348508532.27136,2399240874897.476,0.0004040117795463,8.747411006690554e-06,4.37826459521927e-05,0.0001059649364317,2.294286697053934e-06,1.1483391153463316e-05
1342,1342,0.02,4464,100000.0,17.15,2.43,0.81,4.95320215191164,,716.0,0.3785502405888474,4464.0,0.4267387575573593,0.000385030078198,0.0004277997629996,-9.379902340497924e-06,-2.9794943161784306e-06,2063098811209.2185,44668928389.48399,222077041227.99985,10.460732522988565,3.959912813312901,21581524832555.31,467269711970.9223,2323088527782.8096,0.0003882121700436,8.405327718375788e-06,4.17881148607996e-05,0.000101667945194,2.201250923467563e-06,1.094378821496787e-05
1343,1343,0.02,4468,100000.0,17.15,2.43,0.81,4.97629608638738,,696.0,0.3671518126678564,4468.0,0.4534240759912791,0.0004549951660009,0.0004917282114601,1.6724007548187235e-05,5.28024462060842e-06,2000977379039.817,43323913894.80705,213934903497.07104,9.85390991916789,3.617880888688261,19717450843351.02,426909944865.2148,2108095267626.0127,0.0003767399948043,8.156939337048211e-06,4.027923317685385e-05,9.851528156388586e-05,2.13299141734652e-06,1.0532781367308658e-05
1344,1344,0.02,4472,100000.0,17.15,2.43,0.81,4.96795154875368,,750.0,0.3949403127668167,4472.0,0.4409724811084743,0.0004104769271511,0.0003979879066361,9.067255533485852e-08,7.347383447685419e-06,2152424704579.152,46602956906.484375,228561549662.1992,10.141222392741415,4.00517754362714,21828217612767.914,472610950148.0025,2317893505553.973,0.0004054967024279,8.779561630551156e-06,4.305886031352543e-05,0.0001058734758889,2.292306450440349e-06,1.124248651570864e-05
1345,1345,0.02,4476,100000.0,17.15,2.43,0.81,4.9910670670247,,667.0,0.3507447673980857,4476.0,0.5158571451802345,0.0004124341316655,0.0004465325041898,6.813289217315404e-06,-2.722758904615656e-06,1911558982319.567,41387882552.974106,201594311217.05875,8.676820786181294,3.0433494884040324,16586254711801.98,359115239631.67584,1749197709944.076,0.000360343147551,7.801925029545863e-06,3.800203357795135e-05,9.39388108062206e-05,2.033904527547529e-06,9.906850919164437e-06
1346,1346,0.02,4480,100000.0,17.15,2.43,0.81,4.98251654284578,,677.0,0.3556038122459835,4480.0,0.4304708208192096,0.0003646489538813,0.0004187994935478,-6.7815491059143966e-06,-6.031301190020172e-06,1938040776740.61,41961249845.02605,202977636988.7712,10.407209463057947,3.700843359905881,20169596311487.05,436699516468.894,2112430784458.68,0.0003655618345711,7.914916785210237e-06,3.828654084323397e-05,9.515219006179412e-05,2.0601758582186616e-06,9.9656142042229e-06
1347,1347,0.02,4484,100000.0,17.15,2.43,0.81,5.00557032968106,,631.0,0.3315530034157525,4484.0,0.4405191931200534,0.000315629653926,0.0003591208779196,6.816332917615532e-06,-5.531112755679023e-06,1806963868615.852,39123254403.0588,187935369137.5706,10.178898150251513,3.374844253178937,18392901179825.207,398231621875.1145,1912974981281.252,0.0003410480594741,7.384159819807423e-06,3.5471098268292984e-05,8.863366383751959e-05,1.9190407950141853e-06,9.21844682156223e-06
1348,1348,0.02,4488,100000.0,17.15,2.43,0.81,5.02887569499113,,702.0,0.369198630166213,4488.0,0.458236548165587,0.0004080368662147,0.0004385862875126,1.0350761861917231e-05,-3.186092670505372e-06,2012132534405.861,43565438359.61314,207810827903.9672,9.794068190253192,3.61595655959596,19706963249797.98,426682874032.3233,2035313419164.425,0.0003800065124655,8.227663939620197e-06,3.924665329646121e-05,9.860513959675806e-05,2.134936967416046e-06,1.0183830013582655e-05
1349,1349,0.02,4492,100000.0,17.15,2.43,0.81,5.01987932815771,,676.0,0.3560079357135607,4492.0,0.4759204660076648,0.0003542651997883,0.0004629316878623,-3.111911698436028e-06,-1.1243947591820258e-06,1940243249638.9065,42008936414.20017,198975118333.3604,9.438551860738126,3.3601993640667684,18313086534163.89,396503524959.87866,1878036973385.928,0.0003666529311535,7.938540527728467e-06,3.760085771571714e-05,9.499336352040956e-05,2.056737045029052e-06,9.74172478160926e-06
1350,1350,0.02,4496,100000.0,17.15,2.43,0.81,5.04311620735308,,697.0,0.3677193261809069,4496.0,0.4373127991257206,0.0003490329248708,0.000493292664382,1.0642838428138523e-06,-8.305714956114886e-06,2004070327685.9424,43390880489.347015,204063207050.3493,10.280970529535017,3.7805115556063775,20603787978054.76,446100363561.5526,2097967817847.044,0.0003789419071701,8.204613769923584e-06,3.8585522571064536e-05,9.80267347132546e-05,2.122413705718173e-06,9.981510921005615e-06
1351,1351,0.02,4500,100000.0,17.15,2.43,0.81,5.03390777967259,,726.0,0.3840580514469562,4500.0,0.5100317184515006,0.0003963884066841,0.0004213811166737,6.559331891153116e-06,9.446609651937572e-07,2093116380385.912,45318850070.74084,211608023389.30115,8.82298068375508,3.3885367693571102,18467525392996.25,399847338784.13904,1867013502891.3967,0.0003960170735799,8.574314620629514e-06,4.003618286777366e-05,0.0001022868554471,2.214651182158257e-06,1.0340905791337676e-05
1352,1352,0.02,4504,100000.0,17.15,2.43,0.81,5.05707063066783,,691.0,0.3667924561051153,4504.0,0.4709561562685849,0.0004035935260425,0.0004609258042735,9.26439914347276e-07,1.263906869249848e-05,1999018885772.879,43281509820.40361,200641229533.92032,9.563522931063211,3.5078280649022666,19117662953717.355,413923711658.4675,1918836999564.364,0.0003784285249274,8.193498337878012e-06,3.798281500616669e-05,9.75961445138146e-05,2.1130908353449767e-06,9.795710572014452e-06
1353,1353,0.02,4508,100000.0,17.15,2.43,0.81,5.08048459169621,,705.0,0.3757491888540588,4508.0,0.4334382758397623,0.0002935717488297,0.0003029359912631,1.2292765661536269e-05,8.554174228644571e-06,2047833079254.6208,44338404284.77894,204051393435.3816,10.400558167748343,3.9080012951608967,21298607058626.887,461144152828.9857,2122248386634.788,0.0003878895644215,8.398342862706024e-06,3.865032112289062e-05,9.988494147156074e-05,2.162646439200765e-06,9.952794344889725e-06
1354,1354,0.02,4512,100000.0,17.15,2.43,0.81,5.07081435571299,,686.0,0.3670616053070258,4512.0,0.4738826499960851,0.0004207394784554,0.0004907535293137,-2.652445383461528e-06,-2.447657714994616e-05,2000485748923.2903,43313269426.22904,197878707181.2772,9.52134457768664,3.494920025367004,19047314138250.168,412400562993.3064,1884071355660.0964,0.0003791418133981,8.208942014858142e-06,3.750293743105276e-05,9.748347807365284e-05,2.1106514518699144e-06,9.64261036257374e-06
1355,1355,0.02,4516,100000.0,17.15,2.43,0.81,5.09414718585576,,614.0,0.3299190026990978,4516.0,0.4084468950677546,0.0003839809939987,0.0004507474966179,4.560224974168963e-07,-7.95186029672409e-06,1798058564710.0833,38930442318.493546,176639193872.8038,11.056516904727282,3.6477550305333417,19880264916406.71,430435093602.9343,1953014233092.0552,0.0003409799552256,7.382685269104854e-06,3.3497476444849375e-05,8.753663784137608e-05,1.8952886725288769e-06,8.599498062027463e-06
1356,1356,0.02,4520,100000.0,17.15,2.43,0.81,5.1175645902781,,628.0,0.3389450973465437,4520.0,0.4663003900732292,0.0003230886359721,0.000400660012082,1.0232762128851244e-05,-2.0401868003632583e-05,1847250780538.664,39995521486.892166,180224283989.6688,9.693322365203608,3.285504092685368,17905997305135.25,387689482936.87335,1746972082749.8635,0.0003505175961713,7.589188320774114e-06,3.4197729653869624e-05,8.984682784721125e-05,1.945307465315767e-06,8.765772567590896e-06
1357,1357,0.02,4524,100000.0,17.15,2.43,0.81,5.10750518689828,,664.0,0.3600625964427157,4524.0,0.4816579130801983,0.0003811952738736,0.00041075350403,1.2076392505057191e-05,9.879059858055148e-06,1962341150612.8003,42487386380.240456,190127685553.14703,9.39255823924714,3.381908906862748,18431403542401.973,399065251009.80426,1785785359451.201,0.0003725714958393,8.066685597990023e-06,3.609777850548187e-05,9.5353290093913e-05,2.0645299506571988e-06,9.238607848473277e-06
1358,1358,0.02,4528,100000.0,17.15,2.43,0.81,5.13091679004605,,668.0,0.3635221322475314,4528.0,0.4566905582523759,0.0003267762789039,0.0005041453685563,-4.96836308287849e-06,5.090851183184221e-06,1981195620749.046,42895611605.2087,190616508378.2681,9.914809750670916,3.6042527813925065,19643177658589.16,425301828204.3157,1889926415907.6968,0.0003763689325475,8.148905328552313e-06,3.621153359764873e-05,9.617743935735184e-05,2.082373916361012e-06,9.253507065662565e-06
1359,1359,0.02,4532,100000.0,17.15,2.43,0.81,5.12055167733306,,683.0,0.3727683696323389,4532.0,0.4194327695413449,0.0003787395758381,0.0003982910017779,5.583814656074934e-06,8.988385534168337e-06,2031587614496.248,43986667616.616,194092882800.4622,10.80506896243658,4.027787940892472,21951444277863.97,475278977025.3117,2097186983777.1145,0.0003861678058544,8.361064420334301e-06,3.6893522163748486e-05,9.85295464100101e-05,2.133300270895632e-06,9.413270472454003e-06
1360,1360,0.02,4536,100000.0,17.15,2.43,0.81,5.1439527597377,,663.0,0.3627778044702666,4536.0,0.438658848634077,0.0003503138409448,0.0003690937935573,-5.495319718288189e-06,-9.607419075111164e-06,1977139034362.953,42807780927.491455,187555786229.17093,10.340609824980111,3.751343729189952,20444823324085.24,442658560044.4144,1939441205813.2344,0.0003760405072492,8.141794468882729e-06,3.567203507965393e-05,9.579737515058816e-05,2.0741450032604407e-06,9.08755110428974e-06
1361,1361,0.02,4540,100000.0,17.15,2.43,0.81,5.13327980426306,,681.0,0.3739432536150226,4540.0,0.4326191722457224,0.000315029968966,0.000494022383749,-9.020214764732875e-06,-1.229825177612465e-05,2037990732201.8733,44125303926.57267,191952005112.53708,10.494218220687952,3.924242105590106,21387119475466.08,463060568459.6325,2014386229549.5732,0.0003878436520299,8.397348796244513e-06,3.652978666732287e-05,9.865167678126252e-05,2.135944561502565e-06,9.291694445253007e-06
1362,1362,0.02,4544,100000.0,17.15,2.43,0.81,5.12256271958479,,622.0,0.3423060966648656,4544.0,0.4914187173344544,0.0002701560108509,0.0003413177125382,1.0417491285377216e-05,1.2208970302086168e-05,1865568226823.5176,40392119406.45414,174452219730.8874,9.246697042081532,3.165200771517488,17250344204770.31,373493691039.0636,1613106824170.154,0.0003552179984559,7.690958498678645e-06,3.321699385098955e-05,9.02193440427194e-05,1.9533729535854843e-06,8.436552791057968e-06
1363,1363,0.02,4548,100000.0,17.15,2.43,0.81,5.1456827864607,,633.0,0.3488755454708479,4548.0,0.4428827742040084,0.000260794656825,0.0004205272717225,5.194394363526357e-06,7.047566900447117e-06,1901371722816.121,41167314365.56006,176516238139.59384,10.269083073222037,3.582631958655789,19525344174674.047,422750571121.3831,1812659913228.133,0.0003622265852306,7.84270404719635e-06,3.362776116411921e-05,9.18633365341256e-05,1.988967653399417e-06,8.528248523617877e-06
1364,1364,0.02,4552,100000.0,17.15,2.43,0.81,5.13465771132958,,590.0,0.3254942528867092,4552.0,0.3996930628300106,0.0003426026346691,0.0004102663626852,-1.5989400301539534e-05,-2.8045558635066124e-06,1773943678232.5652,38408321840.63168,163488326268.67166,11.388739068348467,3.706969114373761,20202981673337.0,437422355496.10376,1861925888594.922,0.000338136483516,7.321120193559526e-06,3.116297795626718e-05,8.562529097269197e-05,1.8539053825280088e-06,7.89130775636619e-06
1365,1365,0.02,4556,100000.0,17.15,2.43,0.81,5.1576681275211,,596.0,0.3292237923586749,4556.0,0.4919372765143635,0.0003048922106365,0.0004299193747019,9.259403895423406e-06,5.916167754875986e-06,1794269668354.7786,38848407498.32365,164149893416.13516,9.26134330027128,3.049054563650917,16617347371897.5,359788438510.8083,1520248515629.768,0.0003422065350476,7.409242410206897e-06,3.130698090989321e-05,8.652415963163696e-05,1.873367125969388e-06,7.915717370665347e-06
1366,1366,0.02,4560,100000.0,17.15,2.43,0.81,5.14641906260942,,628.0,0.3471092747303451,4560.0,0.4230162123840273,0.0003413747868241,0.0003737698505798,7.258315967612608e-06,4.820865018918417e-06,1891745547280.3809,40958894418.18072,171790013605.00192,10.77972868770403,3.74174380657884,20392503745854.68,441525769176.3031,1851849737918.9048,0.0003610038424692,7.816229983738423e-06,3.278287352039052e-05,9.113815392859148e-05,1.973266452031889e-06,8.27628468629718e-06
1367,1367,0.02,4564,100000.0,17.15,2.43,0.81,5.16931402954164,,617.0,0.3411097826447593,4564.0,0.4764921143068932,0.0003788896364205,0.0004002655716172,-1.222008560508486e-05,-4.526996661457331e-06,1859048315413.938,40250954352.0816,167565326361.5055,9.578332700508186,3.2672629855695376,17806583271353.98,385537032297.20544,1604996444959.7346,0.0003549663232227,7.685509383538832e-06,3.1994890775564854e-05,8.947634908509023e-05,1.937286090282688e-06,8.064951035304722e-06
1368,1368,0.02,4568,100000.0,17.15,2.43,0.81,5.15775437670854,,612.0,0.3384961820627928,4568.0,0.4135984274989823,0.0003664968973832,0.0003612791429426,-1.1461801444767844e-06,-1.1316545569427173e-05,1844804192242.2207,39942549483.40956,165035610285.58676,11.044529418601911,3.738531040876945,20374994172779.348,441146662823.4795,1822740652916.0835,0.0003524473618561,7.630970403491127e-06,3.152983156807509e-05,8.870504735968552e-05,1.920586346503283e-06,7.935525996731595e-06
1369,1369,0.02,4572,100000.0,17.15,2.43,0.81,5.18061400122771,,595.0,0.329027539772652,4572.0,0.5145401085601407,0.0003234525563532,0.0003330215199331,1.7711040748449345e-06,4.394314103915118e-06,1793200091760.9536,38825249693.172935,159287247157.3099,8.885604686472394,2.923608649382359,15933667139133.855,344985820627.11835,1415363509836.2795,0.0003427754968964,7.421561217207191e-06,3.044822802791297e-05,8.614055973879955e-05,1.8650616603996964e-06,7.651735404446044e-06
1370,1370,0.02,4576,100000.0,17.15,2.43,0.81,5.16882861700551,,585.0,0.323289294070745,4576.0,0.4427383914699021,0.0004004621925028,0.0005110710938788,1.0930930502014455e-05,7.789426827737294e-06,1761926652685.5603,38148136700.34791,155410948135.2607,10.3356747193474,3.341412983762667,18210700761506.53,394286732083.9946,1606277007751.4243,0.0003369732071261,7.295933658878973e-06,2.97227614644676e-05,8.45567044301284e-05,1.830769013349569e-06,7.458334083685861e-06
1371,1371,0.02,4580,100000.0,17.15,2.43,0.81,5.1915616530718,,638.0,0.3522517563759863,4580.0,0.4413963607130426,0.0003905082807313,0.000512301388514,2.956099214386377e-06,6.845490907533873e-06,1919772072249.1248,41565707252.36639,168136999549.73907,10.376161671567374,3.655021173250797,19919865394216.844,431292498443.5941,1744616690300.3433,0.0003673532304598,7.953702971423512e-06,3.2173439147937475e-05,9.204317300173682e-05,1.9928613604045773e-06,8.06130225627186e-06
1372,1372,0.02,4584,100000.0,17.15,2.43,0.81,5.17946323672948,,636.0,0.3510605243436844,4584.0,0.5051949073476862,0.0003420897533865,0.0003968671204541,5.4876403016427084e-06,8.180972837161548e-06,1913279857673.0803,41425141872.55476,166375724632.9304,9.073725671674657,3.185426892048856,17360576561666.264,375880373261.76495,1509647683745.294,0.0003663123198193,7.931165823612243e-06,3.185392738417288e-05,9.164244736589638e-05,1.9841850989313347e-06,7.969079132092888e-06
1373,1373,0.02,4588,100000.0,17.15,2.43,0.81,5.20206303432673,,641.0,0.3535056494659123,4588.0,0.4772755686299206,0.0003523287040864,0.0004385913902456,-1.4022723334085793e-06,6.2733910414767465e-06,1926605789589.222,41713666636.977646,166333543796.2636,9.612895152313012,3.398212744066131,18520259455160.41,400989103799.80347,1598946916826.1467,0.0003690666901127,7.990801730882376e-06,3.186337900329169e-05,9.219082906367312e-05,1.996058317341913e-06,7.959296804016056e-06
1374,1374,0.02,4592,100000.0,17.15,2.43,0.81,5.18973800537264,,626.0,0.3447941730391857,4592.0,0.460623000240048,0.0003270960405834,0.000484199225818,-1.4097894820312375e-06,1.5239948609224351e-06,1879128243063.5625,40685712418.62392,161063182595.61093,9.969107051985976,3.43729002192862,18733230619510.98,405600222587.5771,1605656109429.21,0.0003601666849355,7.798104371081716e-06,3.087048090238766e-05,8.983144216060529e-05,1.944974344027784e-06,7.699601144811928e-06
1375,1375,0.02,4596,100000.0,17.15,2.43,0.81,5.21228687976633,,617.0,0.3393152578443896,4596.0,0.479644703627855,0.0002936438234088,0.0003453372124403,-2.910234941639633e-06,1.1881670938142813e-05,1849268155251.924,40039200425.63798,157351052577.0646,9.582092672425144,3.251350245832775,17719858839788.62,383659329008.26746,1507752367897.0745,0.0003546323085968,7.678277507233996e-06,3.017505431922765e-05,8.831802464006542e-05,1.912206772023435e-06,7.514829095593364e-06
1376,1376,0.02,4600,100000.0,17.15,2.43,0.81,5.19955920681184,,537.0,0.2950622214642627,4600.0,0.3864966455003014,0.0003183490470225,0.0003910667056194,-5.530172386711331e-06,-1.506859738843462e-05,1608089106980.232,34817342132.783005,135827111832.2802,11.901785057010056,3.511767138311554,19139130903797.97,414388522320.76337,1616585089942.266,0.0003085460074661,6.6804456662388e-06,2.606131269690804e-05,7.672510303306115e-05,1.661204065669948e-06,6.480579406190161e-06
1377,1377,0.02,4604,100000.0,17.15,2.43,0.81,5.2219628589542,,589.0,0.3232832017591981,4604.0,0.4420508539615184,0.0003866515967904,0.0004144156143974,-8.957061110563081e-06,-2.646714503990701e-05,1761893449587.6296,38147417807.58537,147719876642.2944,10.41509129264297,3.367024059699965,18350281125364.81,397308839044.5958,1538516000967.454,0.0003382411315844,7.323385968250056e-06,2.8358660533471207e-05,8.398134994063893e-05,1.8183117968798883e-06,7.041126497398632e-06
1378,1378,0.02,4608,100000.0,17.15,2.43,0.81,5.2445047944312,,592.0,0.3245920250494436,4608.0,0.4287461456533492,0.0003059386334325,0.0004535092575615,2.146389315119054e-05,5.393467434873106e-06,1769026536519.4678,38301858955.83435,147215173056.25885,10.747618484075357,3.488591248204851,19012822302716.44,411653767288.1725,1582212515075.7996,0.0003397959601792,7.357050147001354e-06,2.827720220638012e-05,8.423911819868457e-05,1.8238928343935373e-06,7.010226306794307e-06
1379,1379,0.02,4612,100000.0,17.15,2.43,0.81,5.26709558118764,,585.0,0.3206430378737722,4612.0,0.4378533701938067,0.0003514222578859,0.0003770032128515,5.946442202463793e-06,2.71142565380754e-06,1747504556412.0586,37835878469.105125,144334816433.7433,10.533206579998671,3.377399356362781,18406826492177.16,398533124050.80817,1520308438182.8054,0.0003358371640328,7.271336762546111e-06,2.773840860354272e-05,8.313319050852445e-05,1.7999479779827314e-06,6.866370532524059e-06
1380,1380,0.02,4616,100000.0,17.15,2.43,0.81,5.25364767820562,,570.0,0.3123786115126835,4616.0,0.5263669614905666,0.0003205199289969,0.0005821587815764,2.696269752557843e-06,-1.2107517361010764e-05,1702463432744.1252,36860676158.49666,139553393725.81543,8.769547364690986,2.7394190293768834,14929833710104.016,323251445466.4723,1223820096181.9084,0.0003273439163209,7.087446261628002e-06,2.683285500262159e-05,8.091163987031641e-05,1.7518483494857502e-06,6.632444326644594e-06
1381,1381,0.02,4620,100000.0,17.15,2.43,0.81,5.27607950618037,,597.0,0.327183021477585,4620.0,0.5052565851929103,0.0004269105322988,0.000337336609155,8.128254465269403e-06,-1.2824829898876672e-05,1783147467052.8386,38607596534.35504,145055625727.50833,9.143868947766515,2.991718670325316,16304866753272.969,353022803098.3872,1326369631788.6052,0.0003430282553419,7.42703378538585e-06,2.7904690520680887e-05,8.466384004239198e-05,1.833088646789404e-06,6.887240971797276e-06
1382,1382,0.02,4624,100000.0,17.15,2.43,0.81,5.29864562059142,,588.0,0.3223073172231093,4624.0,0.4932822732116619,0.0003413016169078,0.0004642319880266,4.3973909623046813e-07,-1.819997818728062e-05,1756574878865.9458,38032263432.3269,141799005959.7044,9.373943178403843,3.021290477633209,16466033103100.994,356512276360.71875,1329215824620.4172,0.0003380941844774,7.3202043611632096e-06,2.729255658637852e-05,8.331957202488267e-05,1.803983394300212e-06,6.725948681301845e-06
1383,1383,0.02,4628,100000.0,17.15,2.43,0.81,5.28466777707597,,558.0,0.3059619982603404,4628.0,0.4341533580054602,0.0003416692609449,0.0004771830300626,1.9184668948777944e-05,-7.022913710516971e-06,1667492890518.8557,36103515794.72017,133599631910.87016,10.659827719083992,3.261502190041905,17775186935728.383,384857258424.9448,1424149059502.912,0.0003211171818361,6.95262889113089e-06,2.5727928159390155e-05,7.90158909343322e-05,1.7108027761928803e-06,6.330757992408289e-06
1384,1384,0.02,4632,100000.0,17.15,2.43,0.81,5.307065191817,,571.0,0.3131248534438812,4632.0,0.4887137255127527,0.0003144682508705,0.0004464741254744,2.964752876109699e-06,6.437115825608492e-06,1706530451269.1526,36948732706.37798,135707854139.68864,9.477941294037036,2.967778978645057,16174395433615.56,350197919480.1167,1286231074675.71,0.0003288074262649,7.119133265919978e-06,2.614764372380502e-05,8.078579536346345e-05,1.749123642731869e-06,6.424301966361169e-06
1385,1385,0.02,4636,100000.0,17.15,2.43,0.81,5.29267211034668,,610.0,0.3345063119039979,4636.0,0.4428964715516486,0.0003702845517625,0.0004636685941249,-6.424699621505228e-06,-5.907817146620614e-07,1823059399876.7888,39471744804.67175,143885463902.0501,10.467457516105704,3.5014306087243017,19082796817547.445,413168811829.4676,1506114980579.8706,0.0003514438271121,7.609242495271655e-06,2.7737800591114767e-05,8.621696266434313e-05,1.866715888879356e-06,6.804697460775639e-06
1386,1386,0.02,4640,100000.0,17.15,2.43,0.81,5.31489330159576,,610.0,0.3344730208542308,4640.0,0.4324426414677873,0.0004228902438471,0.0004985582779252,1.8973123060460926e-05,2.105491755177655e-06,1822877963655.558,39467816460.79924,142782169282.2068,10.7297466879099,3.588810787705903,19559018792997.168,423479672949.2965,1532016507948.3489,0.0003515930966053,7.612474385217771e-06,2.7539542437220912e-05,8.612333818337788e-05,1.864688790025429e-06,6.74585863498395e-06
1387,1387,0.02,4644,100000.0,17.15,2.43,0.81,5.30026856528107,,567.0,0.3107721194983459,4644.0,0.4943391315737244,0.0003973476754337,0.0004855582626484,3.858532658724931e-06,1.576354262468593e-05,1693708051265.9854,36671110100.804825,131652754178.18048,9.394360477221104,2.919505316837495,15911303976764.348,344501627386.82446,1236793430568.8042,0.0003268444646911,7.076632446523107e-06,2.540577989950174e-05,7.994113596706203e-05,1.7308356044244624e-06,6.213863548873998e-06
1388,1388,0.02,4648,100000.0,17.15,2.43,0.81,5.32230777806135,,540.0,0.2957988212829912,4648.0,0.4498677609390142,0.0003461856847096,0.0002974936174179,1.786391365901594e-05,4.267787831701984e-06,1612103575992.3018,34904260911.39296,124346538900.92596,10.331925075711526,3.056171258979649,16656133361439.086,360628208559.5986,1284739123348.4155,0.0003112543809528,6.739085679346977e-06,2.4008013855697183e-05,7.60140086888191e-05,1.6458078945469093e-06,5.8631957829517925e-06
1389,1389,0.02,4652,100000.0,17.15,2.43,0.81,5.30735999175864,,539.0,0.2950468123259737,4652.0,0.4976173679988278,0.0003491834383622,0.0004105755548567,-7.267726114403255e-06,-5.946790624771337e-06,1608005127176.557,34815523854.464905,123069801690.96368,9.348548300691462,2.758259375994415,15032513599169.56,325474606367.341,1150523985464.494,0.0003106152051542,6.7252466437067e-06,2.377315286777332e-05,7.57456127120591e-05,1.6399967522977935e-06,5.797243664142937e-06
1390,1390,0.02,4656,100000.0,17.15,2.43,0.81,5.3293036223888,,532.0,0.2910418518146271,4656.0,0.4307870732518495,0.0003050629809682,0.0003080380820311,-1.1851450018459958e-05,8.540221810850995e-06,1586178092389.7178,34342938514.126,120478703534.9362,10.808123755556563,3.1456163524588447,17143609120900.703,371182729590.1437,1302148737714.6008,0.0003065439652721,6.637098697636052e-06,2.328365250386772e-05,7.464346417797023e-05,1.616133719816603e-06,5.669570040505118e-06
1391,1391,0.02,4660,100000.0,17.15,2.43,0.81,5.31403296323338,,546.0,0.2983636054865525,4660.0,0.4859148026698676,0.0003582861280574,0.0004119434613736,-9.81916382746064e-06,-1.369867811713318e-05,1626081649901.7114,35206905447.4132,122580400812.2272,9.590158551243029,2.861354282536564,15594380839824.271,337639805339.3145,1175565479064.1787,0.0003144045418514,6.807290997884357e-06,2.3701045245583788e-05,7.644558343958289e-05,1.6551520818111522e-06,5.7627673609840205e-06
1392,1392,0.02,4664,100000.0,17.15,2.43,0.81,5.3356895043282,,498.0,0.2717194498004288,4664.0,0.4956962735950583,0.0003284228927659,0.000445429689054,-1.48025036734824e-06,-4.233325177751356e-06,1480871001412.3372,32062895076.450603,110787640115.2496,9.40898741516482,2.5566048836277435,13933496615771.203,301679376268.0738,1042399511600.1924,0.0002864716446406,6.2025053335044506e-06,2.143165572113012e-05,6.95489492268328e-05,1.5058304603240862e-06,5.203129745931647e-06
1393,1393,0.02,4668,100000.0,17.15,2.43,0.81,5.32009738994355,,565.0,0.3077243463147259,4668.0,0.4643641453731106,0.0003639949452983,0.000336891571557,-4.447529366042188e-07,-4.492172597404775e-06,1677097687415.256,36311472865.13765,124509502933.027,10.052455699932048,3.09338535911933,16858950207200.346,365019472376.0809,1251626262454.8137,0.0003245942575247,7.027912364755945e-06,2.4098220373560165e-05,7.86856317902991e-05,1.7036522112395033e-06,5.8417043775670805e-06
1394,1394,0.02,4672,100000.0,17.15,2.43,0.81,5.34164610881902,,584.0,0.3177624794908577,4672.0,0.4666940189836168,0.0002982977253881,0.0004482124318226,8.707464801036038e-06,-1.0813309214017416e-05,1731805513225.1743,37495972579.9212,127581464752.50185,10.010841814889446,3.181069916890028,17336831047050.652,375366250193.0233,1277197862149.1897,0.0003353506528168,7.260803125209925e-06,2.4705157227735847e-05,8.117090049004112e-05,1.757461698683459e-06,5.979829894705106e-06
1395,1395,0.02,4676,100000.0,17.15,2.43,0.81,5.32573311381934,,514.0,0.2792463391375188,4676.0,0.3960927545103914,0.0003830936768606,0.0002998781841549,-3.351607697879687e-06,-1.94317014462215e-05,1521892548299.4773,32951068018.22721,111247600652.742,11.8053156659732,3.296591182085816,17966421942367.69,388997759486.12616,1313313042787.7456,0.0002948499783303,6.383907787703828e-06,2.155300167440867e-05,7.126066050932386e-05,1.5428913651560031e-06,5.209025769559061e-06
1396,1396,0.02,4680,100000.0,17.15,2.43,0.81,5.34698143587146,,553.0,0.2998672708174907,4680.0,0.4941420073928384,0.000490404359949,0.0004960406478195,-3.1224524166248244e-06,-1.1878705916311766e-05,1634276625955.3247,35384337956.46391,118528800018.05626,9.470961646617187,2.8400314209882245,15478171244385.824,335123707676.61053,1122581718990.5696,0.0003167815349702,6.858756169998968e-06,2.2975140567746803e-05,7.64462990609701e-05,1.6551675759989854e-06,5.5444029178484645e-06
1397,1397,0.02,4684,100000.0,17.15,2.43,0.81,5.36833588616502,,510.0,0.2759580819584645,4684.0,0.5101737764125573,0.0002819822701439,0.0004575924360485,3.1059998224944974e-06,-2.625279141914509e-06,1503971546673.6318,32563053671.098816,108241911554.88596,9.181185346171604,2.533622298234677,13808241525378.992,298967431191.6919,993789052209.322,0.0002916643008836,6.3149334870216784e-06,2.0991289050506376e-05,7.028048925649087e-05,1.521669308672646e-06,5.058137249311946e-06
1398,1398,0.02,4688,100000.0,17.15,2.43,0.81,5.35178388415842,,496.0,0.2679677564954619,4688.0,0.4730279960040207,0.0003700042007305,0.0004132693290958,3.207195757785043e-06,-2.605032394759174e-06,1460424272900.267,31620195266.4645,104311200616.46127,9.910618482632373,2.655726200273456,14473707791490.334,313375691632.26776,1033788512775.0748,0.0002833558381844,6.135043835921045e-06,2.0238767754804524e-05,6.817715836595397e-05,1.476129300400471e-06,4.869572065964239e-06
1399,1399,0.02,4692,100000.0,17.15,2.43,0.81,5.37292020165274,,554.0,0.2987099038489281,4692.0,0.4451816823511763,0.0004259463782004,0.0004682450660001,1.6897339618816828e-05,-1.4768146288142886e-05,1627968975976.658,35247768654.173515,115390157610.51527,10.53951720389693,3.148258170590175,17158007029716.451,371494464129.6406,1216156551296.4038,0.0003160104853368,6.842061884357335e-06,2.2398768187654067e-05,7.592260671231397e-05,1.6438289159730363e-06,5.381381146701094e-06
1400,1400,0.02,4696,100000.0,17.15,2.43,0.81,5.35604891573161,,545.0,0.2932147730715099,4696.0,0.4324180544754199,0.0003297240545468,0.0004678109653594,2.1964334458422177e-07,4.296138769665067e-06,1598020513239.7292,34599343222.43817,112395782091.06528,10.859861079798964,3.184271702101376,17354280776452.5,375744060847.9624,1220602579464.3252,0.0003103364109057,6.719210364565213e-06,2.182731906511838e-05,7.445140609038832e-05,1.6119753979203343e-06,5.23649349052715e-06
1401,1401,0.02,4700,100000.0,17.15,2.43,0.81,5.37696098997247,,494.0,0.2653378068383473,4700.0,0.4967269671651593,0.0003826087048355,0.000402622223675,-1.89075882097212e-05,-1.4139013484532031e-05,1446091047268.993,31309861206.92498,100921152898.06396,9.461938470590974,2.510610002225995,13682824512131.672,296251980262.6674,954909739102.585,0.000280957818993,6.08312342040062e-06,1.960774673355184e-05,6.730575401291075e-05,1.4572621969767832e-06,4.697196835900842e-06
1402,1402,0.02,4704,100000.0,17.15,2.43,0.81,5.39777882122344,,504.0,0.2702472008688414,4704.0,0.4728102061562822,0.0004019069031203,0.0005063959685713,9.501266169375094e-07,-2.1156644328960525e-07,1472847244735.186,31889169702.523293,101985080950.0814,9.949023812834415,2.688695836795949,14653392310537.922,317266108741.922,1014651998926.2052,0.0002862929611784,6.198636590651906e-06,1.98239233060919e-05,6.848146227666525e-05,1.4827178988342204e-06,4.7418953315293545e-06
1403,1403,0.02,4708,100000.0,17.15,2.43,0.81,5.41878793629179,,507.0,0.2715010018183083,4708.0,0.4385198695081271,0.0003755765663459,0.000479549512042,1.6334521646709264e-05,-1.1826640824347605e-05,1479680459909.78,32037118214.56037,101651151004.4946,10.73611557278078,2.914866133647123,15886020428376.818,343954203770.3605,1091338505290.4452,0.0002877587115178,6.23037210258768e-06,1.9768460170880623e-05,6.872938648143721e-05,1.488085799047631e-06,4.721574308075152e-06
1404,1404,0.02,4712,100000.0,17.15,2.43,0.81,5.43969801215504,,499.0,0.2669995361991749,4712.0,0.4638229200900241,0.0003281450529397,0.0002705229746384,-5.5821839936682086e-06,5.123583725792896e-07,1455147472285.5032,31505945271.50264,99192018855.43475,10.159049490450885,2.71246150217485,14782915186852.934,320070457256.63226,1007696628610.099,0.0002831204679614,6.129947746688219e-06,1.929927469982328e-05,6.752136207110894e-05,1.461930408145111e-06,4.602681410140948e-06
1405,1405,0.02,4716,100000.0,17.15,2.43,0.81,5.46070101576382,,496.0,0.2651168302050977,4716.0,0.4752721873019254,0.000384381446845,0.0004502808033108,2.417607982092627e-06,-3.53087367465794e-06,1444886724617.7827,31283785964.20153,97742002815.49384,9.92273506845052,2.630684068312566,14337228172303.484,310420720060.88275,969867998997.8904,0.0002812534830939,6.089524955061801e-06,1.9025905815356524e-05,6.697736982276641e-05,1.4501522273553093e-06,4.530806573451604e-06
1406,1406,0.02,4720,100000.0,17.15,2.43,0.81,5.44237510050873,,495.0,0.2644254691816604,4720.0,0.4370240806665606,0.0003671597910643,0.0003336897567026,2.40307546542598e-05,1.5039123461903664e-06,1441118807040.049,31202205363.43593,96738493636.75217,10.800320185562615,2.8558797323795524,15564544541468.56,336993808420.7872,1044806705545.935,0.0002806492183701,6.076441792234214e-06,1.8839239688518416e-05,6.673514707566007e-05,1.4449077715464015e-06,4.479753903140237e-06
1407,1407,0.02,4724,100000.0,17.15,2.43,0.81,5.46303008791717,,486.0,0.2594091649586947,4724.0,0.4895947061522747,0.0003400073968899,0.0004040394443076,-2.669604689270261e-06,-5.557612340431118e-06,1413779949024.8865,30610281465.125984,94168888686.2995,9.648797139017129,2.5029864086882765,13641275927351.107,295352396225.2166,908616503740.789,0.0002754555189776,5.963991053093284e-06,1.834750883439863e-05,6.540214930964949e-05,1.4160465355116772e-06,4.356298674650894e-06
1408,1408,0.02,4728,100000.0,17.15,2.43,0.81,5.44428701211393,,519.0,0.2765590162181807,4728.0,0.489561771292756,0.000320229394188,0.0002521755878862,6.450337786962752e-06,-9.147246841342156e-07,1507246638389.0852,32633963913.74533,99611533851.51907,9.65761682640182,2.670901008521836,14556410496444.008,315166319005.5767,962010025428.1252,0.000293805343907,6.361290014869129e-06,1.9417128036615e-05,6.965468751509255e-05,1.5081198397763155e-06,4.603367548885203e-06
1409,1409,0.02,4732,100000.0,17.15,2.43,0.81,5.46478379304458,,478.0,0.2546192620278109,4732.0,0.5090271318731538,0.0004190833483653,0.0004442722899736,-3.853826481066119e-06,1.296461253713998e-05,1387674978051.5696,30045072919.28169,90988374022.989,9.296164592615828,2.366982568260908,12900054997021.947,279303943054.78705,845842900932.1962,0.0002706189557607,5.859272803627321e-06,1.774419741937228e-05,6.406341076533864e-05,1.387061003726598e-06,4.20056978190205e-06
1410,1410,0.02,4736,100000.0,17.15,2.43,0.81,5.48516515738505,,490.0,0.260775588730771,4736.0,0.5122233246929682,0.0003647385651933,0.0003411109472947,-3.59498772187812e-06,-6.775771752405407e-06,1421226958582.7024,30771519470.230984,92450053498.54243,9.245967084452484,2.4111225098334272,13140617678592.18,284512456160.3444,854790151603.3947,0.0002772798765137,6.003490904334203e-06,1.8036907661340905e-05,6.554543720646249e-05,1.4191489156628577e-06,4.263695632656544e-06
1411,1411,0.02,4740,100000.0,17.15,2.43,0.81,5.46576162053198,,512.0,0.2721191524512986,4740.0,0.4675603046525793,0.0003321112303786,0.000486466294099,1.7299335791473137e-05,-6.702670259200511e-06,1483049380859.5774,32110059989.253235,95719010589.8175,10.137729727766468,2.7586704213001454,15034753796085.793,325523109713.4172,970373459168.7864,0.000289464336481,6.267301230231901e-06,1.868261451479447e-05,6.832691617029917e-05,1.4793717629532662e-06,4.409957548873887e-06
1412,1412,0.02,4744,100000.0,17.15,2.43,0.81,5.48587488919951,,473.0,0.2510987341170128,4744.0,0.4020545864214,0.0003065231961537,0.0004117490220596,1.3021071784133628e-05,-4.151855407283685e-06,1368488100937.72,29629650625.807514,87649646541.64749,11.799392819331592,2.962812600283534,16147328671545.262,349611886833.45703,1034212610020.4677,0.0002672252277918,5.785793922832088e-06,1.711538211177351e-05,6.298432309272147e-05,1.3636972706314006e-06,4.034053093307243e-06
1413,1413,0.02,4748,100000.0,17.15,2.43,0.81,5.46615866795355,,458.0,0.2427704792932666,4748.0,0.4385392307212896,0.0003136429088374,0.0003909543911244,9.172731251602126e-07,1.9822184442251143e-05,1323099112148.3032,28646916556.60546,84089601063.63611,10.826853488548112,2.628440410652801,14325000238057.766,310155968457.0305,910425790626.4478,0.0002584793638028,5.59643393187836e-06,1.6427663193026456e-05,6.0833038102091766e-05,1.3171189901003354e-06,3.866245437341428e-06
1414,1414,0.02,4752,100000.0,17.15,2.43,0.81,5.4859984391373,,491.0,0.2598583297190364,4752.0,0.4795445912695868,0.0003626500968659,0.0003557675702066,1.082255825387182e-05,-2.404804166108631e-07,1416227896968.7483,30663282906.84629,89309497035.30441,9.909401725122486,2.5750405808052665,14033971165388.703,303854788535.0215,885003683991.467,0.0002767960180914,5.993014703631584e-06,1.745518020795541e-05,6.504836950387234e-05,1.4083867158636578e-06,4.10204966008071e-06
1415,1415,0.02,4756,100000.0,17.15,2.43,0.81,5.50580877063675,,450.0,0.2377927291217428,4756.0,0.496785510898917,0.0004227905418582,0.0003318670309846,-5.10533526907779e-07,1.2861770249975686e-05,1295970373713.4983,28059542036.36565,81086314081.47621,9.573548132259685,2.2765201377483937,12407034750728.748,268629376254.3105,776283730726.5388,0.0002534026103918,5.486515234172177e-06,1.5854902297204825e-05,5.946411211597502e-05,1.2874798586578076e-06,3.720552390249324e-06
1416,1416,0.02,4760,100000.0,17.15,2.43,0.81,5.48533446395428,,450.0,0.2373531095073645,4760.0,0.4588685716853433,0.0004129013195627,0.0003955516230305,4.9252600515276025e-06,-1.3432465617326336e-05,1293574446815.1365,28007666921.86901,80298028414.27829,10.373340633282773,2.462144655288759,13418688371323.738,290533069324.0736,832958800922.3274,0.0002530444631265,5.478760853015025e-06,1.5707616627892915e-05,5.9293671128835946e-05,1.2837895767344296e-06,3.680626886850181e-06
1417,1417,0.02,4764,100000.0,17.15,2.43,0.81,5.50496050671994,,465.0,0.2446544702938622,4764.0,0.4158869382181365,0.0002949792583635,0.000389673686681,9.891976312138896e-06,1.4738353023674146e-06,1333366863101.549,28869227494.67574,82110109289.8948,11.455036362553995,2.8025258534775777,15273765901452.8,330698050710.3542,940574287649.0276,0.0002609375769418,5.649657629198867e-06,1.6068805632903114e-05,6.105444773984631e-05,1.3219128134498831e-06,3.759795983598813e-06
1418,1418,0.02,4768,100000.0,17.15,2.43,0.81,5.52444989124028,,483.0,0.253539624379652,4768.0,0.3742023178201634,0.0002633277039383,0.0003366693201556,8.922839285690963e-06,-8.578388968328172e-06,1381790952869.1033,29917675676.79893,84410202715.51692,12.741770355071491,3.2305436697566114,17606463000173.53,381204153031.28015,1075535418626.1488,0.000270527204423,5.857286260902114e-06,1.6525839974559812e-05,6.320642044159261e-05,1.3685059838730143e-06,3.861124398968643e-06
1419,1419,0.02,4772,100000.0,17.15,2.43,0.81,5.50341748279167,,472.0,0.2474639297219412,4772.0,0.4247915910382289,0.0003572134316867,0.000430017659385,1.195423751211195e-05,6.818324064209833e-06,1348678416984.5796,29200743707.189064,81721868322.4212,11.23374403042396,2.7799464432591114,15150708115762.156,328033680304.57513,918042550422.092,0.0002641566409387,5.719354794636074e-06,1.6006316965871907e-05,6.162812050117481e-05,1.3343336181905738e-06,3.734296541807044e-06
1420,1420,0.02,4776,100000.0,17.15,2.43,0.81,5.52251087964269,,453.0,0.2368571145926945,4776.0,0.5478852867126989,0.0003884625364657,0.000473954876958,2.9528925336652824e-05,6.450140476578548e-06,1290871274530.1853,27949139521.93796,77582056808.15625,8.717153235955482,2.0647197629307854,11252722707972.783,243636932025.83267,676294677557.3011,0.0002529434781213,5.476574388682409e-06,1.5202038867899694e-05,5.892581246896776e-05,1.2758249305207698e-06,3.541472973049195e-06
1421,1421,0.02,4780,100000.0,17.15,2.43,0.81,5.50107846400201,,467.0,0.2435812901272765,4780.0,0.4638873399962904,0.0003409429661308,0.0003380919161207,1.1145940315660452e-06,-1.871279149409766e-06,1327518031193.6577,28742592235.01864,79129417978.88263,10.30422602185743,2.5099166681670875,13679045841510.629,296170166843.7163,815367407832.4355,0.000260236663689,5.634481892717533e-06,1.5511936750091888e-05,6.053627025001517e-05,1.31069355770675e-06,3.608387772472565e-06
1422,1422,0.02,4784,100000.0,17.15,2.43,0.81,5.51987109109956,,443.0,0.2305354316145328,4784.0,0.4901575444691843,0.0003960434446772,0.0004669501348928,-1.0532909438835418e-06,6.631915561526112e-07,1256418102299.204,27203180930.51488,74271320948.97298,9.760127236602733,2.250055145102968,12262800540811.176,265506507122.15024,724897542492.5342,0.0002464045273068,5.334997104993299e-06,1.4565843724633105e-05,5.723463320978551e-05,1.239208572248567e-06,3.383341743279354e-06
1423,1423,0.02,4788,100000.0,17.15,2.43,0.81,5.53871563913792,,444.0,0.2303640413051487,4788.0,0.5143939973568195,0.0003766651864544,0.0004720727615403,-1.4084583093298906e-05,7.557549924618567e-06,1255484025113.0608,27182956874.00756,73596524453.2241,9.308040188265863,2.1442377543996622,11686095761478.158,253020055019.16013,685039407327.3014,0.0002463271110136,5.333320935707813e-06,1.443970523446018e-05,5.71328468270985e-05,1.2370047569903895e-06,3.349129797341871e-06
1424,1424,0.02,4792,100000.0,17.15,2.43,0.81,5.5165308472682,,433.0,0.2240430957846212,4792.0,0.5016609906651865,0.000264911455938,0.0003309365603531,1.259099045108777e-05,2.5904567205649898e-06,1221034872026.1858,26437085302.585304,70974534431.82513,9.552267545550952,2.140119592668201,11663651780041.695,252534111934.8477,677967741813.7118,0.0002396708001996,5.189202646524431e-06,1.3931234767149232e-05,5.550769093810255e-05,1.201817895540569e-06,3.2264701131590447e-06
1425,1425,0.02,4796,100000.0,17.15,2.43,0.81,5.53496272363446,,435.0,0.22448225229723,4796.0,0.4735637318317458,0.0003458868998937,0.0004712112195077,-5.2224546093867726e-06,8.834514426104173e-06,1223428275019.9036,26488905771.07314,70520526705.93735,10.127464747878935,2.2734360966646623,12390226726822.41,268265459406.4301,714194148216.2356,0.0002402432086628,5.201596077471858e-06,1.384803503266765e-05,5.55590093077538e-05,1.202929008865128e-06,3.202517613530824e-06
1426,1426,0.02,4800,100000.0,17.15,2.43,0.81,5.55323408549147,,420.0,0.2161713748450429,4800.0,0.3787552292951659,0.0003102972998879,0.0004161733209029,1.094238073322568e-05,-2.2301785722680907e-05,1178133992905.484,25508222231.715065,67358878627.43787,12.673092352896164,2.739559797463764,14930600896177.51,323268056100.72406,853645289633.0436,0.0002314477270675,5.011161797058544e-06,1.323284061916473e-05,5.344683791778307e-05,1.1571975916143856e-06,3.0557806582303696e-06
1427,1427,0.02,4804,100000.0,17.15,2.43,0.81,5.57144347263523,,428.0,0.2196584840442552,4804.0,0.427100687264101,0.0004014986377818,0.0003411075540151,-7.85453135816363e-06,-7.579728465024532e-06,1197138738041.191,25919701117.222115,67885767560.11359,11.247933199951538,2.470703955332404,13465336556561.598,291543066729.2236,763574578743.5947,0.0002352701780361,5.093923120782902e-06,1.3341391530043128e-05,5.4252295056642925e-05,1.174636847097957e-06,3.0764677265762646e-06
1428,1428,0.02,4808,100000.0,17.15,2.43,0.81,5.58969241095798,,433.0,0.221691033144972,4808.0,0.4504189706140096,0.0004045126969986,0.0002817945584403,8.723898155794591e-06,-5.825599130982328e-06,1208216130640.0974,26159541911.106697,67949058468.77804,10.674505990379911,2.366442261319516,12897110324191.36,279240186835.7029,725322631665.6462,0.0002375369917566,5.143002757299054e-06,1.3358880528119153e-05,5.469719250058614e-05,1.1842694890035169e-06,3.076124078339624e-06
1429,1429,0.02,4812,100000.0,17.15,2.43,0.81,5.60776990812506,,450.0,0.2299670774058447,4812.0,0.5338413038389263,0.0003977530975149,0.0003959426380607,-4.484651461215157e-06,-3.53515990595767e-06,1253320571861.8538,27136115133.88968,69899735544.32433,9.013914744693311,2.0729036298225725,11297324782533.018,244602628319.0636,630070256873.1483,0.0002465013624222,5.337093718500408e-06,1.3747783632910116e-05,5.6679997388858e-05,1.2271999434651824e-06,3.1611360390012545e-06
1430,1430,0.02,4816,100000.0,17.15,2.43,0.81,5.58384346440811,,402.0,0.2052119243187048,4816.0,0.5249140425876249,0.0003115908471467,0.0003831814772688,4.091574850709619e-06,-2.7390024756713568e-06,1118404987536.9412,24215007069.607166,61852390697.00297,9.174835514513894,1.8827856512409904,10261181799263.398,222168706846.4369,567485510824.4517,0.000220055941605,4.764513965026567e-06,1.2169997654720102e-05,5.052594763002293e-05,1.0939562973105883e-06,2.7942924861511896e-06
1431,1431,0.02,4820,100000.0,17.15,2.43,0.81,5.60158436369854,,429.0,0.2188710183371058,4820.0,0.5015264976245817,0.0003872485726671,0.0004443174376744,-2.872540997734245e-06,-6.619842021115109e-06,1192847049937.2266,25826780163.778484,65411656729.77894,9.610658704633424,2.103494657573488,11464045883775.506,248212369593.6716,628649108134.5435,0.0002347986984521,5.08371493896293e-06,1.287555840839442e-05,5.383296777899146e-05,1.165557834480916e-06,2.9520160269415497e-06
1432,1432,0.02,4824,100000.0,17.15,2.43,0.81,5.6192501420806,,397.0,0.2024753942541442,4824.0,0.5501145381622337,0.0003239578841156,0.0002816621563673,-1.6658433709245413e-05,8.728665183632329e-06,1103490898685.086,23892096521.989017,60003507191.15136,8.769082918832733,1.7755235212379397,9676603190746.768,209511775506.07684,526175729979.9824,0.0002172979104174,4.704798794360081e-06,1.181580812845316e-05,4.974802983937525e-05,1.0771133066139964e-06,2.7051027514314283e-06
1433,1433,0.02,4828,100000.0,17.15,2.43,0.81,5.63683783341559,,404.0,0.205948671905938,4828.0,0.4023793116648448,0.0003506388505444,0.0004102995296355,1.4839406187513718e-05,-1.504421603543184e-05,1122420261887.3623,24301943284.90069,60537205284.148575,11.998628806297582,2.4711016673493176,13467504087053.78,291589996747.2195,726363455175.1353,0.0002211150145792,4.7874443523588125e-06,1.19257335986482e-05,5.054831419584696e-05,1.0944405642403562e-06,2.7262993881597563e-06
1434,1434,0.02,4832,100000.0,17.15,2.43,0.81,5.61178978301531,,425.0,0.216258571060521,4832.0,0.5277691197734384,0.0004681070188055,0.0004629442537833,4.703691982548416e-06,-1.0795105735425933e-05,1178609212279.8398,25518511385.141487,63047312957.49104,9.155518614037687,1.9799593727897924,10790778581704.37,233635205989.1956,577230847347.3685,0.0002322779696809,5.029137692174359e-06,1.24252395917362e-05,5.30231513248864e-05,1.1480241938232284e-06,2.8363661006060338e-06
1435,1435,0.02,4836,100000.0,17.15,2.43,0.81,5.62892041107954,,387.0,0.1969486830548352,4836.0,0.5094876293442212,0.0003686791060709,0.0004047749578907,6.53256160717157e-06,1.8660643007306587e-05,1073370322648.8522,23239944600.47056,56943823321.44997,9.491888951699533,1.869415028739964,10188311906632.805,220590973391.31577,540504447452.4012,0.0002116229379285,4.581927830379665e-06,1.1226898055492408e-05,4.823811080820852e-05,1.0444214817190105e-06,2.5591004346426065e-06
1436,1436,0.02,4840,100000.0,17.15,2.43,0.81,5.64596423520441,,405.0,0.2060957768713056,4840.0,0.4412616014351442,0.0003570985911104,0.0003730518421013,-1.37636553569088e-05,8.075056449920742e-06,1123221983948.616,24319301670.814068,59092564467.37527,10.968550139551114,2.260571862162655,12320116648786.47,266747479735.1933,648159756235.0623,0.0002215408345614,4.796663940962884e-06,1.165523488282776e-05,5.042568211380646e-05,1.091785410904433e-06,2.652888666447073e-06
1437,1437,0.02,4844,100000.0,17.15,2.43,0.81,5.66291825693059,,379.0,0.1926606497941627,4844.0,0.3986954709771453,0.0001776769276773,0.0003809002891693,3.9101244953705884e-06,1.1023315053571526e-05,1050000541378.187,22733956675.711205,54776764372.61983,12.149623842297611,2.34075442421171,12757111611953.822,276209022056.9818,665517082425.5002,0.0002071720714304,4.485560445649484e-06,1.0807818943061251e-05,4.70889847430955e-05,1.0195413210431686e-06,2.456553230375331e-06
1438,1438,0.02,4848,100000.0,17.15,2.43,0.81,5.63675358463856,,399.0,0.2026567733206123,4848.0,0.4499037586028862,0.000251211751111,0.0004873260847696,1.2983477291741565e-05,-4.938293188646272e-07,1104479414597.337,23913499251.832253,57131151042.928246,10.775637916550846,2.18375601063944,11901470257984.947,257683209255.45392,615624597394.371,0.0002179981753306,4.719960493398279e-06,1.1276341158826018e-05,4.948020909742012e-05,1.0713146189900137e-06,2.559451323600248e-06
1439,1439,0.02,4852,100000.0,17.15,2.43,0.81,5.65323565772375,,432.0,0.219337523506889,4852.0,0.3784816718407455,0.0002606216173581,0.0004982718586782,1.115386239593033e-05,-1.388618550297859e-05,1195389503112.5454,25881827773.81291,61312202206.3578,12.819643224471871,2.8118287970975304,15324466944181.54,331795798057.5086,786000557592.1842,0.0002360285590189,5.110343112703886e-06,1.2106037989596334e-05,5.349681330515762e-05,1.1582796275245136e-06,2.743881744168859e-06
1440,1440,0.02,4856,100000.0,17.15,2.43,0.81,5.66961940354871,,416.0,0.2110312726184074,4856.0,0.5298247924265524,0.0003327023948758,0.0003732400781285,-9.520630167429552e-06,1.1974375238722118e-05,1150120435770.3203,24901690168.97208,58512353377.59776,9.165294016838912,1.9341636602953909,10541191948609.88,228231311914.8561,536282922322.8609,0.0002271771598925,4.918698140793212e-06,1.1557633309984512e-05,5.141701339430844e-05,1.1132490973446595e-06,2.6158394927861784e-06
1441,1441,0.02,4860,100000.0,17.15,2.43,0.81,5.68579300733066,,375.0,0.189716226693045,4860.0,0.4922665669000707,0.000359960703021,0.0005553338615447,9.170417220337225e-06,-1.1551745115604904e-05,1033953435477.0952,22386514749.77931,52172664087.13844,9.872699725688603,1.8730113392311027,10207911798809.51,221015338029.2701,515085046421.5354,0.0002043095269826,4.423582419074947e-06,1.030933498098196e-05,4.617533284255e-05,9.997595000772293e-07,2.3299793267716647e-06
1442,1442,0.02,4864,100000.0,17.15,2.43,0.81,5.65852190342792,,407.0,0.2058091166882848,4864.0,0.4874640367643224,0.0003568194420186,0.0003367039553426,7.965071107823654e-08,-8.643142713146673e-06,1121659685951.152,24285475769.21761,56132123405.21548,9.978171994566305,2.053598764365472,11192113265791.822,242324654195.1257,560095981757.4608,0.000221724660726,4.8006440303997946e-06,1.1095946634921277e-05,5.003906577677555e-05,1.0834146351668834e-06,2.504145464479128e-06
1443,1443,0.02,4868,100000.0,17.15,2.43,0.81,5.67431809448433,,382.0,0.1929609376864296,4868.0,0.4105289667786564,0.00040174142381,0.0004021260226714,8.763359822575946e-06,-5.813140115349588e-06,1051637110391.0414,22769390646.99869,52190882364.36141,11.85787214529167,2.288106128121276,12470178398260.951,269996523118.3105,618872810226.5555,0.0002079620569613,4.502664719529275e-06,1.0320787602372162e-05,4.6865526638833616e-05,1.0147031455747462e-06,2.325852866528937e-06
1444,1444,0.02,4872,100000.0,17.15,2.43,0.81,5.68989557119815,,368.0,0.1855382320092879,4872.0,0.5125487562336275,0.0002922741150391,0.0003690880784444,2.0800482583682623e-06,-2.2285248121153927e-05,1011183364450.6194,21893511377.095978,49763002134.94472,9.505437172067332,1.7636220073807387,9611739940225.027,208107396870.92715,473019090287.1696,0.0002000382023221,4.33110236220494e-06,9.844407888016771e-06,4.501502741593018e-05,9.746372908403229e-07,2.2153083052553734e-06
1445,1445,0.02,4876,100000.0,17.15,2.43,0.81,5.6619115861617,,387.0,0.1946471138958048,4876.0,0.5064231489050144,0.0004183108474436,0.0004183821044843,8.537244537622991e-06,2.5357294286689176e-05,1060826770732.1364,22968359439.70497,51765221470.56395,9.62831183871208,1.8741231110941163,10213970955462.936,221146527109.1057,498411694718.5836,0.0002099383769355,4.545454766678896e-06,1.0244374366364667e-05,4.717507125142132e-05,1.0214052124160947e-06,2.3020045106271942e-06
1446,1446,0.02,4880,100000.0,17.15,2.43,0.81,5.67699614247359,,379.0,0.1903474864077885,4880.0,0.4452452376372093,0.0003449847607139,0.0004314435036432,7.555897151770489e-06,-2.90330246899201e-05,1037393800922.4474,22461003396.119045,50190637291.67184,10.960251985842186,2.0862564159010324,11370097466660.629,246178257076.32184,550102032046.7311,0.0002053787056698,4.446731608999427e-06,9.936523733363836e-06,4.6084270702171726e-05,9.977878794231677e-07,2.2296247708509624e-06
1447,1447,0.02,4884,100000.0,17.15,2.43,0.81,5.69196178979214,,359.0,0.1820334602613077,4884.0,0.4139745565353223,0.0004652042864707,0.0004728057846778,1.7036348193439417e-05,-2.2928287514836417e-05,992082358424.1272,21479948310.834312,47586115527.615295,11.797826515899107,2.1475991842517232,11704415554171.89,253416703741.7033,561412735560.338,0.0001964727215429,4.253904796708679e-06,9.423989395614774e-06,4.402437995673042e-05,9.531884100723284e-07,2.111668666279205e-06
1448,1448,0.02,4888,100000.0,17.15,2.43,0.81,5.70680556443083,,336.0,0.1745358115670067,4888.0,0.43348046009487,0.0002142549930842,0.0004146908543537,-9.4188903830345e-06,1.3603157467151474e-05,951220173040.1866,20595225764.9068,45230818211.06136,11.27617147709548,1.9680957401235928,10726121783673.582,232235297334.584,510030462197.261,0.000188442302982,4.0800351838307125e-06,8.960490737083039e-06,4.216610811530478e-05,9.129542674506356e-07,2.0050116943332894e-06
1449,1449,0.02,4892,100000.0,17.15,2.43,0.81,5.72152449543742,,378.0,0.1958396181080426,4892.0,0.3744523921668587,0.0003699386987145,0.0005705388487396,-9.842993811266744e-06,-5.8675634531934935e-06,1067325918688.8324,23109074936.749027,50308125787.60088,13.064411130320911,2.5585292865685085,13943984611798.371,301906455815.084,657246038485.1174,0.0002115178518737,4.579652572680265e-06,9.969838183506296e-06,4.726252932255139e-05,1.0232988000112042e-06,2.227706859325583e-06
1450,1450,0.02,4896,100000.0,17.15,2.43,0.81,5.69197928332433,,397.0,0.205169555723223,4896.0,0.5071936853728403,0.0003081540193783,0.0003876803211097,7.47170275781133e-07,5.367546085532412e-06,1118174078691.5657,24210007575.34032,52240151906.50043,9.653117026488468,1.980525731668919,10793865237595.61,233702036336.9325,504280299834.98334,0.0002216776074161,4.799625261487031e-06,1.0356591255665262e-05,4.946149675549326e-05,1.0709094710363675e-06,2.3107995018569697e-06
1451,1451,0.02,4900,100000.0,17.15,2.43,0.81,5.70607918152316,,377.0,0.1943338030457281,4900.0,0.3720124077699438,0.0003861533011219,0.000491962248478,1.3384205281805077e-06,7.479000872384902e-06,1059119226599.2184,22931388759.39592,49041012314.48627,13.171603682182043,2.559687835769553,13950298704944.064,302043164620.80725,645948778379.4224,0.000210048580852,4.547840833127123e-06,9.726001361793927e-06,4.679948860409255e-05,1.0132733312445723e-06,2.166983885576699e-06
1452,1452,0.02,4904,100000.0,17.15,2.43,0.81,5.72004546624332,,360.0,0.1850318361143352,4904.0,0.4947702477002167,0.0002353207766717,0.0003836895295239,-1.2857375481629596e-05,-6.829454169890222e-06,1008423506823.1272,21833756661.49156,46274540396.409256,9.911671170194037,1.8339747155825243,9995162199924.758,216409016438.73788,458658027961.0689,0.0002000656118767,4.331695816781543e-06,9.180611296824865e-06,4.451171149911135e-05,9.637398086046127e-07,2.0425535282967323e-06
1453,1453,0.02,4908,100000.0,17.15,2.43,0.81,5.73398651030738,,381.0,0.1952894709950183,4908.0,0.485537242357168,0.0004067009325233,0.0004389733180373,9.508783510627798e-06,4.560586878066408e-06,1064327616922.85,23044157577.412163,48399696717.95217,10.1083904010593,1.9740622140339923,10758639066485.258,232939341256.01105,489243029717.929,0.0002112318771878,4.573460827186904e-06,9.605650206291408e-06,4.692910141338558e-05,1.016079626932018e-06,2.134074357875585e-06
1454,1454,0.02,4912,100000.0,17.15,2.43,0.81,5.74756554844647,,337.0,0.17230528364682,4912.0,0.4954170770342898,0.000331208350447,0.0001908242331027,1.1382586725328795e-05,-6.755878964016149e-06,939063795875.169,20332023470.32476,42337531943.2506,9.914878246435622,1.7083859085757749,9310703201737.973,201589537211.94144,419771474471.90857,0.0001864375458683,4.036629433480267e-06,8.405505129997107e-06,4.136167094534151e-05,8.955370956973024e-07,1.864783918373315e-06
1455,1455,0.02,4916,100000.0,17.15,2.43,0.81,5.7611135223361,,330.0,0.1683505070512776,4916.0,0.3639726315068401,0.0005094926214302,0.0003564604361794,3.0717660886452182e-06,7.90779771157909e-06,917510263429.463,19865359832.05076,41008328614.83537,13.506510035240424,2.273827812925895,12392361580446.129,268311681925.25555,553879401964.7109,0.0001822228669594,3.945375835084709e-06,8.144492227779693e-06,4.036923082535621e-05,8.740494013563362e-07,1.8043118966610008e-06
1456,1456,0.02,4920,100000.0,17.15,2.43,0.81,5.77440316264329,,345.0,0.1756774032282644,4920.0,0.4329518849899614,0.0003364471020754,0.0005852962799517,2.8585426919256776e-06,8.593649572229272e-06,957441847594.0413,20729933580.935204,42420056302.61811,11.363849357334654,1.9963715457737337,10880224924466.85,235571842401.30057,482055129552.6066,0.0001902208281517,4.118542701267529e-06,8.427852052221756e-06,4.208128653906177e-05,9.111177635980348e-07,1.8644375621969792e-06
1457,1457,0.02,4924,100000.0,17.15,2.43,0.81,5.78742980695119,,303.0,0.1539799083441881,4924.0,0.4856243356325649,0.0003883065679766,0.0003692889183913,-5.250839511363631e-06,-6.414797987412251e-06,839190500475.8254,18169629184.6142,36853904596.040855,10.139524811058104,1.5612831010603487,8508992900778.9,184231405925.12112,373681080035.92456,0.000166777791653,3.610968700011453e-06,7.324216395247113e-06,3.6844350197211936e-05,7.977308850038548e-07,1.6180571232649263e-06
1458,1458,0.02,4928,100000.0,17.15,2.43,0.81,5.80041729773003,,340.0,0.172373871903449,4928.0,0.4655397146043469,0.0003047963434981,0.0002400085405822,-4.295445514546414e-06,8.328480877632111e-06,939437601873.7976,20340116884.60699,40890349082.06975,10.585563047372252,1.8246744887536288,9944475963707.275,215311589672.9282,432847368237.3095,0.0001867573215061,4.043553016095975e-06,8.128876313643422e-06,4.1201451943232405e-05,8.920681338167748e-07,1.7933514150237511e-06
1459,1459,0.02,4932,100000.0,17.15,2.43,0.81,5.81313487450946,,326.0,0.1648249073090845,4932.0,0.5421693078333192,0.0003487618258301,0.000544898126534,-3.506780998983555e-06,-4.000481324099274e-06,898295744834.511,19449339062.47198,38749611704.91661,9.096789376938062,1.4993774658640815,8171607188959.244,176926540971.9616,352497056117.7602,0.0001786367987993,3.867732524462904e-06,7.70582141737652e-06,3.935488632173598e-05,8.520874469660266e-07,1.6976442028447376e-06
1460,1460,0.02,4936,100000.0,17.15,2.43,0.81,5.77981050647594,,299.0,0.1516886683648368,4936.0,0.4812421813767287,0.0003947147340322,0.0002810814608764,-6.714572484243226e-07,1.2431049501331017e-06,826703242588.3606,17899262867.050743,35339532951.037926,10.256790013458884,1.5558388188393346,8479321562674.374,183588980623.04147,362470168652.50696,0.0001644572309795,3.5607253679965367e-06,7.030142660430348e-06,3.617963631395244e-05,7.833389146874107e-07,1.5465905826985223e-06
1461,1461,0.02,4940,100000.0,17.15,2.43,0.81,5.79187090357445,,332.0,0.1696122802358929,4940.0,0.5173885788399275,0.000291138947508,0.0003078979443087,-1.6771175854368677e-05,4.947604362006544e-06,924386927285.6162,20014249067.83536,39179135170.37157,9.54794945624102,1.6194494788500933,8825999659733.008,191095038504.311,374080402345.9427,0.0001839538696833,3.982854426171055e-06,7.796684821797588e-06,4.041141744857204e-05,8.749627998039452e-07,1.712794004230562e-06
1462,1462,0.02,4944,100000.0,17.15,2.43,0.81,5.80365299179295,,344.0,0.1768069032889866,4944.0,0.465203845025826,0.0002595908029934,0.0004936971394379,-5.617723146403418e-06,-5.911183798849617e-07,963597622924.9774,20863214588.10043,40490644321.23872,10.627599175852753,1.879032899679112,10240729303251.16,221725882162.1352,430318338218.1436,0.0001918203671207,4.153174921146102e-06,8.06034601359707e-06,4.208022612827677e-05,9.110948042452588e-07,1.768222989120022e-06
1463,1463,0.02,4948,100000.0,17.15,2.43,0.81,5.81538260503669,,334.0,0.1713069647959388,4948.0,0.4895233041088431,0.0003095035417589,0.000425171724382,-1.6374821461435417e-05,1.583281947219799e-07,933622958137.867,20214221845.920788,38891606579.5922,10.107792537083863,1.7315352603148793,9436867168716.094,204321160717.15576,393108290740.4038,0.0001859150008469,4.025315614666937e-06,7.744596474580976e-06,4.072737575480188e-05,8.818037319388297e-07,1.6965661149059664e-06
1464,1464,0.02,4952,100000.0,17.15,2.43,0.81,5.82671178404734,,348.0,0.1779539633360891,4952.0,0.5223717447179297,0.0003809463080817,0.0004536178056991,7.519543403767924e-06,5.0439574503134114e-06,969849100181.6858,20998567673.65852,40047999575.75434,9.479838927111157,1.6869749088671693,9194013253326.07,199063039246.326,379648585331.167,0.0001931895265784,4.182819107569331e-06,7.977379240753152e-06,4.226220326583775e-05,9.150348597007074e-07,1.7451340606942338e-06
1465,1465,0.02,4956,100000.0,17.15,2.43,0.81,5.83786696320222,,342.0,0.1742701868753955,4956.0,0.4531518679668807,0.0003321032035763,0.0004857910572156,-6.2646517927137286e-06,8.728403400319437e-06,949772518470.9056,20563882051.29667,38873610525.24157,10.936730818821689,1.9059461236019528,10387406373630.645,224901642585.0305,425150214270.28064,0.0001892466028451,4.097449382702024e-06,7.745748154590602e-06,4.134291841527745e-05,8.951310776151813e-07,1.6921404622654018e-06
1466,1466,0.02,4960,100000.0,17.15,2.43,0.81,5.84884547963799,,345.0,0.1751365190571093,4960.0,0.5538812190598037,0.000445183281509,0.0003751232094742,1.321306230728298e-05,-1.6906887072947965e-05,954494028861.2456,20666109248.7389,38719775849.533936,8.95498859560439,1.5683455308302652,8547483143024.944,185064772637.97128,346735151156.93475,0.0001902439389653,4.119043082184989e-06,7.717390000079891e-06,4.150389077434899e-05,8.986163507106754e-07,1.683636878885016e-06
1467,1467,0.02,4964,100000.0,17.15,2.43,0.81,5.81307296170735,,352.0,0.1781948516575915,4964.0,0.4354911085611093,0.0004372325317529,0.0004233336502224,-1.07500827845167e-05,2.31627751160168e-05,971161941533.874,21026992495.595806,39042778215.23178,11.39862537354982,2.03117635754017,11069911148593.926,239678810189.74005,445034002418.0192,0.000193626267793,4.192275155885775e-06,7.78418830761259e-06,4.218287294056698e-05,9.133172489884228e-07,1.6958413239491775e-06
1468,1468,0.02,4968,100000.0,17.15,2.43,0.81,5.82338011312988,,314.0,0.1585712335382839,4968.0,0.479537444156449,0.0003785663305393,0.0004105846406452,2.6155174556385208e-05,-2.1709278005045816e-06,864213222783.6477,18711405557.51751,34428957502.97378,10.359983481038013,1.6427953600244427,8953234712133.213,193849852482.88425,356683431000.168,0.0001723568605104,3.731763218390557e-06,6.866438593412382e-06,3.749685315809823e-05,8.118584720468972e-07,1.4938183423266166e-06
1469,1469,0.02,4972,100000.0,17.15,2.43,0.81,5.83338829974334,,295.0,0.1486152217426768,4972.0,0.565298791787427,0.000336505017108,0.0002995243656752,-1.4734501295055317e-06,2.553894749961158e-06,809952958497.5887,17536596165.635868,31972786255.25871,8.795348711570666,1.3071226990742415,7123818709954.616,154240478490.7605,281211804395.514,0.0001615866535341,3.4985734159690363e-06,6.3786118452281965e-06,3.510456821463351e-05,7.600622108856429e-07,1.3857482022061992e-06
1470,1470,0.02,4976,100000.0,17.15,2.43,0.81,5.84309365791407,,340.0,0.1708423488492786,4976.0,0.507636154503416,0.0002926692065424,0.0004768466661619,-1.6313680141553992e-06,3.2608950895095016e-06,931090801228.5688,20159397164.21488,36416113416.76484,9.802296301900842,1.6746473243333382,9126827917616.691,197608384271.33383,356961533874.7556,0.000185814126003,4.023131535478949e-06,7.267420404149296e-06,4.031125397893321e-05,8.727941228466271e-07,1.576623026381374e-06
1471,1471,0.02,4980,100000.0,17.15,2.43,0.81,5.85260940838092,,348.0,0.1742818223053253,4980.0,0.4794863876422823,0.0003910076949605,0.0005054592185968,1.4432363405829324e-05,2.535571415743137e-05,949835931564.0228,20565255032.028385,36803869145.426285,10.386113408740387,1.8101107715450488,9865103704920.516,213593071042.31573,382249158824.83856,0.0001896165897404,4.1054601081412856e-06,7.34718905097364e-06,4.107842714083783e-05,8.894044775447459e-07,1.591690740422804e-06
1472,1472,0.02,4984,100000.0,17.15,2.43,0.81,5.86181570793621,,325.0,0.1621762631304721,4984.0,0.4783925915944564,0.0003269315193422,0.0004125388483264,6.834452369227611e-07,-3.461283598732833e-06,883860634061.0729,19136799049.395702,33926085392.472275,10.418221535138326,1.6895882370341435,9208255891836.084,199371411970.02896,353449473438.7964,0.0001764999584976,3.821466991326264e-06,6.774770176433602e-06,3.818355161558623e-05,8.267264386493899e-07,1.4656365299879848e-06
1473,1473,0.02,4988,100000.0,17.15,2.43,0.81,5.87082676854724,,292.0,0.145154950332738,4988.0,0.4587586939878747,0.0003800979169989,0.0005363278575203,-1.0764870367300447e-06,-1.9979252412614857e-05,791094479313.4224,17128284139.26309,30077685284.31028,10.872818467243777,1.5782434245896475,8601426664013.577,186232724101.5784,327029212011.1951,0.0001580237231816,3.421431070721784e-06,6.008116524131761e-06,3.41388365231319e-05,7.391527907760669e-07,1.297970353435453e-06
1474,1474,0.02,4992,100000.0,17.15,2.43,0.81,5.87940371745893,,313.0,0.1549903526956206,4992.0,0.5445790236535686,0.0003739633552675,0.0004730089762984,1.549727036145559e-05,-3.750803712019487e-06,844697422191.1323,18288861618.08324,31808529758.62463,9.16671370576998,1.4207521903170683,7743099437228.024,167648758457.4141,291579685698.7767,0.0001687799197067,3.654317527595288e-06,6.3556972681693175e-06,3.64124478702137e-05,7.883796052633427e-07,1.371173157673003e-06
1475,1475,0.02,4996,100000.0,17.15,2.43,0.81,5.8407075742844,,321.0,0.158471170321813,4996.0,0.536022061625772,0.0004283964117094,0.0004897565421691,6.246548296809458e-06,-9.877377747389284e-06,863667878253.8809,18699598097.97393,32228673639.4986,9.32051189245266,1.4770324275953488,8049826730394.652,174289826456.2512,300387735934.92224,0.0001726174076087,3.7374044216207975e-06,6.4413997954472834e-06,3.718984181581541e-05,8.052112539938015e-07,1.3877779928665618e-06
1476,1476,0.02,5000,100000.0,17.15,2.43,0.81,5.84872461721787,,319.0,0.1570160655090035,5000.0,0.5889428378241064,0.0003290116640328,0.0002659275120237,7.505594955933189e-06,-1.4028290978110805e-05,855737557024.0695,18527895730.06242,31643794616.31682,8.489788276351023,1.3330331521571026,7265030679256.21,157297911954.5381,268649116552.8661,0.0001710789842464,3.704095438731205e-06,6.326224899477633e-06,3.680844948573104e-05,7.969535851956444e-07,1.3611170926307538e-06
1477,1477,0.02,5004,100000.0,17.15,2.43,0.81,5.85630405926947,,282.0,0.1383745906954548,5004.0,0.5489962370202193,0.0003394824133738,0.0004638080289117,3.4296736209417325e-06,-2.6029007096444283e-05,754141519290.229,16328201702.063671,27632291452.519966,9.114816573534556,1.2612590126269927,6873861618817.11,148828563489.98514,251863268096.16623,0.000150813443613,3.26531859565974e-06,5.525913800366604e-06,3.240313621072305e-05,7.015724904340035e-07,1.1872743786777522e-06
1478,1478,0.02,5008,100000.0,17.15,2.43,0.81,5.86355946844496,,299.0,0.1462031295196538,5008.0,0.4561446773477655,0.0002533522476431,0.000351203551965,1.9765773213822967e-05,5.604242177392407e-06,796807055882.1133,17251969283.31915,28926535492.68032,10.978972788017192,1.605160180519232,8748122983829.816,189408901301.26932,317583646025.7507,0.0001593938463403,3.4510961225987125e-06,5.78648459428493e-06,3.4199136783408814e-05,7.404583743930715e-07,1.241533363292235e-06
1479,1479,0.02,5012,100000.0,17.15,2.43,0.81,5.87060594974379,,318.0,0.1549211792659554,5012.0,0.5023879271311671,0.0003900330524703,0.0003168839215907,2.9205810143754897e-06,9.897588521226708e-06,844320426999.4573,18280699153.382748,30366320702.71081,9.976354385386,1.5455485861590854,8423239794567.016,182374733166.7721,302945176710.52673,0.000168949285916,3.657984539100662e-06,6.07632841106812e-06,3.619908228990881e-05,7.837599468273834e-07,1.301914423491612e-06
1480,1480,0.02,5016,100000.0,17.15,2.43,0.81,5.87732309837458,,307.0,0.1489927438774785,5016.0,0.4245174059751662,0.0004049460196064,0.000293664240398,1.616029499158992e-05,1.3154582076144767e-05,812010454132.2578,17581143777.54246,28930093906.400578,11.81576992933343,1.7604639827963875,9594528706240.314,207734749969.9737,341831333632.0402,0.0001625327481663,3.519057666720791e-06,5.7906738064627895e-06,3.477608490275917e-05,7.529500951423086e-07,1.2389931642061292e-06
1481,1481,0.02,5020,100000.0,17.15,2.43,0.81,5.88370805533401,,290.0,0.1401912306973176,5020.0,0.4706528953447559,0.0003065069915767,0.0002877745373401,-1.017364910874066e-05,-9.695134153749776e-06,764042207300.3813,16542565222.283487,26963105232.986755,10.666034459052506,1.4952844974745696,8149300511236.405,176443570701.99924,287589409538.0957,0.0001529772472525,3.3121679221661905e-06,5.398578215329684e-06,3.2686297638518986e-05,7.077033250174755e-07,1.153501828149166e-06
1482,1482,0.02,5024,100000.0,17.15,2.43,0.81,5.88975807021626,,284.0,0.1367373197025739,5024.0,0.5144128245538013,0.0003760077526941,0.0005738634837957,-6.538396151473196e-07,-3.7521115622827687e-06,745218392379.0282,16135003724.903728,26063058004.70517,9.7664750181098,1.3354416169184815,7278156812205.726,157582110796.38083,254544204898.4997,0.0001492503259469,3.231474947107351e-06,5.219838831348828e-06,3.184601440552275e-05,6.895100366700338e-07,1.113773531568534e-06
1483,1483,0.02,5028,100000.0,17.15,2.43,0.81,5.89535113181971,,292.0,0.1400207152184688,5028.0,0.5408819360263806,0.0003965811327962,0.0004862694579953,5.947535420462833e-07,-6.447265954337642e-06,763112897940.6552,16522444395.779322,26451045725.09225,9.295928861922222,1.3016226078663566,7093843212871.644,153591467728.23007,245887039383.90952,0.0001528772224938,3.3100022484912666e-06,5.299035586245713e-06,3.257496674432798e-05,7.052928579505874e-07,1.1291146266467457e-06
1484,1484,0.02,5032,100000.0,17.15,2.43,0.81,5.90072318353786,,284.0,0.1357296902747206,5032.0,0.4989392330817281,0.0002408764401459,0.0003953220479833,1.097012122409618e-05,-1.944340600772749e-05,739726811997.2275,16016103452.417036,25409875786.366978,10.08539650995082,1.3688877445933734,7460438208033.886,161528753862.01807,256268672574.10938,0.0001482313719669,3.2094131912116844e-06,5.091799686365631e-06,3.15421094283153e-05,6.82930075695634e-07,1.0834825365455191e-06
1485,1485,0.02,5036,100000.0,17.15,2.43,0.81,5.95412489714671,,271.0,0.1293737980130473,5036.0,0.5477420334336784,0.0002276479415132,0.0004642727583426,-1.3310380645339345e-05,-1.0294719154600764e-05,705087199171.1083,15266108165.53959,24000228897.8834,9.19410907435821,1.189476810295945,6482648616112.9,140358263614.9215,220660722296.70383,0.0001413249634609,3.059879942824212e-06,4.810513474127985e-06,3.0032183669074697e-05,6.502381051285898e-07,1.022255521314821e-06
1486,1486,0.02,5040,100000.0,17.15,2.43,0.81,5.95890954426831,,278.0,0.1342000156173023,5040.0,0.4565495125616507,0.0004177212104277,0.0003346150258292,1.3741854113330386e-06,2.6478428668848227e-05,731390085114.2979,15835601842.84168,24667581895.977253,11.039328399938697,1.4814780436763024,8074055338035.849,174814409153.80368,272313537382.0753,0.0001466332399308,3.174811433365931e-06,4.945496976626782e-06,3.111848009710501e-05,6.737579176987873e-07,1.0495324887453411e-06
1487,1487,0.02,5044,100000.0,17.15,2.43,0.81,5.96346383366816,,260.0,0.1261478813698593,5044.0,0.3921025454028495,0.0003119336287608,0.0004456287777968,-6.725726253322953e-06,-1.9507217347452493e-05,687505953465.7336,14885450001.643408,22973218239.39241,12.863981780117626,1.6227640475423109,8844064059105.594,191486157609.9927,295527060862.2099,0.0001378732754834,2.985146148082903e-06,4.607076973072285e-06,2.921916664962692e-05,6.326351678267847e-07,9.763672428307376e-07
1488,1488,0.02,5048,100000.0,17.15,2.43,0.81,5.9675409677359,,272.0,0.1315583393646376,5048.0,0.4655831525851681,0.0004618636361255,0.0002453491157983,-4.989392028688476e-06,1.3415558717898035e-05,716992949537.2751,15523884045.027245,23735060235.00489,10.84231672037699,1.426397182598241,7773864645160.414,168314867546.59247,257343040445.1486,0.0001438264683556,3.11404096623267e-06,4.761176371417271e-06,3.043889107682882e-05,6.590438801955598e-07,1.0076374023782854e-06
1489,1489,0.02,5052,100000.0,17.15,2.43,0.81,5.97126119034715,,273.0,0.1316232325145711,5052.0,0.453433376207613,0.000400607361264,0.0004748530338411,1.6583870848245346e-05,9.034379994467094e-06,717346617204.4126,15531541436.719393,23523182893.64946,11.141658874460196,1.466501156631109,7992431303639.545,173047136482.4709,262087279442.57977,0.0001439371151561,3.116436621728544e-06,4.719976373759847e-06,3.042048260824852e-05,6.586453115180414e-07,9.975464565451508e-07
1490,1490,0.02,5056,100000.0,17.15,2.43,0.81,5.97462265476542,,264.0,0.1268649522255129,5056.0,0.5209242759192421,0.0003614209170433,0.0003164641127403,1.5401360038539157e-05,-9.504257845354084e-06,691413989629.0453,14970064362.610523,22457299650.17908,9.705825268131337,1.231329058950658,6710743371281.086,145296828956.17764,217966626398.70508,0.0001387717983546,3.004600404743204e-06,4.5073427865076286e-06,2.928861493278433e-05,6.341388187281746e-07,9.513015526879012e-07
1491,1491,0.02,5060,100000.0,17.15,2.43,0.81,5.97762364573449,,280.0,0.1340989981014539,5060.0,0.33442822217512,0.0004146543484278,0.0004125658577058,6.673763591215757e-06,3.001780181794789e-05,730839539652.9238,15823681775.97156,23510060874.4142,15.130302003490543,2.0289583396405027,11057822951040.74,239417084077.5793,355714321150.33386,0.0001467251074986,3.17680049263094e-06,4.719936486654776e-06,3.092479687776835e-05,6.695644094636083e-07,9.948064078067009e-07
1492,1492,0.02,5064,100000.0,17.15,2.43,0.81,5.98026258121263,,267.0,0.127430964704026,5064.0,0.5146125405417479,0.0003159487745432,0.0003582897213727,4.7909968153711685e-06,-5.53197446641189e-06,694498757636.9421,15036853835.075075,22124566280.90222,9.840413128426636,1.2539733380415694,6834154692326.553,147968853888.90518,217714872491.33548,0.0001394672391969,3.019657656007129e-06,4.442991644975979e-06,2.935480010537069e-05,6.355718187951819e-07,9.351524584489232e-07
1493,1493,0.02,5068,100000.0,17.15,2.43,0.81,5.98253801399721,,267.0,0.1269749672783234,5068.0,0.5812707521427001,0.0002515870516348,0.0004736766584755,-2.6107422682355367e-05,-1.944874170601108e-05,692013571666.8624,14983046138.84216,21829706887.517258,8.718828500003081,1.1070729634932046,6033547651037.965,130634609692.19817,190329470557.59903,0.0001390060506777,3.009672289902828e-06,4.384973743472613e-06,2.9217672953699444e-05,6.326028272544099e-07,9.216773523361546e-07
1494,1494,0.02,5072,100000.0,17.15,2.43,0.81,5.98444863322534,,270.0,0.1279255216188485,5072.0,0.4486548047507313,0.0003745391695666,0.0003919914138796,1.0392167924267723e-06,2.628223512243766e-05,697194092822.7244,15095211551.024124,21775823671.505623,11.304905121472975,1.4461858845160225,7881713070612.321,170649934372.89066,246173620548.2964,0.0001400812851473,3.0329525958507985e-06,4.3752312253485085e-06,2.940414735359269e-05,6.366402546282454e-07,9.18394941343274e-07
1495,1495,0.02,5076,100000.0,17.15,2.43,0.81,5.98586944933189,,271.0,0.1279079196625261,5076.0,0.4455565499310978,0.0003816331268845,0.0003919462519232,9.996815835942492e-06,-5.05025935867806e-06,697098162160.7675,15093134520.178083,21555553524.796844,11.3924932778678,1.4571901149413835,7941686126430.54,171948433563.08325,245571498631.9676,0.0001400930652625,3.033207651556512e-06,4.331934483028663e-06,2.936792287058901e-05,6.358559447210098e-07,9.081100305685388e-07
1496,1496,0.02,5080,100000.0,17.15,2.43,0.81,5.98692305074556,,240.0,0.1128296380428632,5080.0,0.5225900207833547,0.0004046415867709,0.000384934993368,1.1150909617975389e-05,-4.358516430815603e-06,614921527333.6047,13313897289.057863,18833885323.73753,9.720813253160012,1.0967958408363123,5977537332557.9,129421909218.68484,183080682063.4836,0.0001236057573793,2.6762347469282705e-06,3.7858109634414578e-06,2.587759502639029e-05,5.602855436906524e-07,7.925818751125726e-07
1497,1497,0.02,5084,100000.0,17.15,2.43,0.81,5.98748460733669,,267.0,0.1249964726074344,5084.0,0.5350197974885305,0.0002994896089545,0.0003100005946277,-4.231885129955744e-06,2.216814386739461e-06,681230775710.5177,14749583767.677263,20670178061.5085,9.502452103389668,1.1877729940448043,6473362817544.184,140157213297.2869,196417376998.0204,0.0001369690974122,2.9655694485592867e-06,4.155971417296697e-06,2.863635306164432e-05,6.200164516099135e-07,8.688957368360909e-07
1498,1498,0.02,5088,100000.0,17.15,2.43,0.81,5.98767727810912,,229.0,0.106734299463165,5088.0,0.4360890421758085,0.0003851369387542,0.0003692667554074,9.135618330646413e-08,-8.13435927516723e-06,581701932074.2498,12594647336.65348,17484035907.423725,11.667342005692456,1.2453055755747435,6786915386882.354,146946057917.81976,203992226571.72003,0.000116987160342,2.532933012909928e-06,3.516247066317883e-06,2.442551448244072e-05,5.288460016381661e-07,7.341501699082912e-07
1499,1499,0.02,5092,100000.0,17.15,2.43,0.81,5.98737647153048,,250.0,0.1159816329660428,5092.0,0.4822877325459558,0.0001990263029582,0.0003705691967559,2.883081558937574e-05,-1.446060956320189e-06,632099899664.9335,13685832689.993055,18818234941.45509,10.558012689063782,1.2245355525538184,6673718761418.31,144495195201.3506,198683163297.6662,0.0001271546585481,2.7530733410435685e-06,3.785519092360092e-06,2.65124114539396e-05,5.74030192947683e-07,7.893005328259478e-07
1500,1500,0.02,5096,100000.0,17.15,2.43,0.81,5.98670584712395,,251.0,0.1158578484605564,5096.0,0.5433410667083081,0.0003225603892958,0.000441787733516,1.125560363561421e-05,3.946922616841013e-07,631425274110.0326,13671226118.34566,18617746259.277542,9.379007610952002,1.0866316425000824,5922142451625.449,128222533815.0097,174615983864.53723,0.0001270506466405,2.750821340106264e-06,3.7461229352339614e-06,2.6454910474620493e-05,5.727852176156364e-07,7.800302438361999e-07
1501,1501,0.02,5100,100000.0,17.15,2.43,0.81,5.98566522431033,,257.0,0.1180435740487756,5100.0,0.5078031625253061,0.000341670785769,0.0004199707375705,1.1202548233835332e-05,4.22912517074785e-06,643337478565.8271,13929141737.755524,18785173002.73516,10.043261594980406,1.185542493778294,6461206591091.701,139894014265.83868,188664406573.4328,0.0001294798422852,2.8034167687439613e-06,3.780754765161139e-06,2.692430741079785e-05,5.829483072429628e-07,7.861780007254936e-07
1502,1502,0.02,5104,100000.0,17.15,2.43,0.81,6.03419528143443,,222.0,0.1015061248726775,5104.0,0.3928337851302785,0.0004029822337949,0.0003935269746091,5.528914277474173e-06,-4.656357528500149e-07,553208380556.0927,11977722734.975952,15995385679.66379,12.992772498697688,1.3188459876950982,7187710632938.285,155623826548.0216,207824407164.7985,0.0001113677461731,2.4112649630152624e-06,3.2200706188217505e-06,2.3126551175961983e-05,5.007216584887182e-07,6.686776963287276e-07
1503,1503,0.02,5108,100000.0,17.15,2.43,0.81,6.03215084341592,,221.0,0.100657976162881,5108.0,0.564955957366692,0.0004171115516701,0.000281808019726,1.0962948478897449e-05,-1.6902041823170237e-05,548585970087.70166,11877641187.219963,15713934393.01553,9.041412756861304,0.910090309758914,4959992188186.08,107390656551.55183,142076166881.49222,0.0001104645108807,2.3917086759495105e-06,3.1641933468671503e-06,2.290782143333727e-05,4.959858585566603e-07,6.561815699239058e-07
1504,1504,0.02,5112,100000.0,17.15,2.43,0.81,6.02973044525498,,230.0,0.1043942192448282,5112.0,0.3597006173795307,0.0003854866199245,0.0004147086705473,6.912045271257999e-06,-1.166783443013908e-06,568948494884.3142,12318517870.889738,16149430902.15135,14.21181880988038,1.483631728706427,8085792921450.027,175068543987.35837,229512785864.05804,0.0001145901607764,2.4810346736910297e-06,3.252607046445023e-06,2.373173845858684e-05,5.138247959840819e-07,6.736182165361101e-07
1505,1505,0.02,5116,100000.0,17.15,2.43,0.81,6.0268085048013,,237.0,0.1071693085399118,5116.0,0.4872695192880201,0.0003893842908266,0.0004856605280107,-1.6927382521700607e-05,2.2620679347924967e-05,584072731542.5195,12645978407.709597,16427022993.138182,10.499322854167664,1.125205170418442,6132368178780.51,132774210109.37616,172472617937.7934,0.000117659364653,2.547487161296e-06,3.309165081906306e-06,2.4335572908152136e-05,5.268986427820095e-07,6.844370471767244e-07
1506,1506,0.02,5120,100000.0,17.15,2.43,0.81,6.02338595343245,,236.0,0.1062826843526943,5120.0,0.4546864906951668,0.0003557933554992,0.0005095678443762,5.009293580563004e-06,2.623248894523621e-05,579240629722.1843,12541356753.617935,16140670596.69729,11.260506095468262,1.1967968149962445,6522542641729.531,141222024169.55682,181752119639.0552,0.0001167088511023,2.526907234876076e-06,3.2521184197060623e-06,2.4107503505255845e-05,5.219606263523285e-07,6.717610143709802e-07
1507,1507,0.02,5124,100000.0,17.15,2.43,0.81,6.01958984456694,,233.0,0.1044530183425279,5124.0,0.5248290956633355,0.0003073647659431,0.0002920138656537,2.457482506385163e-05,-1.5790835508913754e-06,569268949966.7772,12325456164.418297,15714947780.560146,9.763178227616624,1.0197934344906088,5557874217973.817,120335625269.89185,153427836019.29703,0.0001147275349,2.484009012514508e-06,3.16710971159002e-06,2.366617236326988e-05,5.124051997918984e-07,6.533162626843197e-07
1508,1508,0.02,5128,100000.0,17.15,2.43,0.81,6.0154212166282,,259.0,0.1154821800735105,5128.0,0.439130899414522,0.0004116278209074,0.0002638349017416,6.248163784705833e-07,4.298429618981387e-06,629377881400.6327,13626897248.67425,17210812055.43905,11.677611406614714,1.3485560232871618,7349630326915.031,159129610747.88507,200981175175.69705,0.0001268723711146,2.7469614296385297e-06,3.469420516372389e-06,2.613604348522031e-05,5.658813084873388e-07,7.147097881734627e-07
1509,1509,0.02,5132,100000.0,17.15,2.43,0.81,6.01075567379867,,222.0,0.0992939853264909,5132.0,0.455863980133472,0.000260421825845,0.0003392366660715,6.531114586932304e-06,-1.1579130557501845e-08,541152220029.3758,11716690268.525934,14657658132.5179,11.25774402815815,1.1178262703413264,6092153173360.23,131903499900.27654,165012163308.13712,0.0001091129761191,2.3624460884514698e-06,2.955435906165871e-06,2.244740737052509e-05,4.860172604994423e-07,6.080108535462693e-07
1510,1510,0.02,5136,100000.0,17.15,2.43,0.81,6.05619589798946,,243.0,0.1099553311926382,5136.0,0.6063389681885383,0.0003267678318163,0.0004439484803752,2.329557795378849e-05,1.4707498077253271e-05,599256554999.8785,12974729080.731314,16075824517.156437,8.470509516061625,0.93137767920895,5076008351688.777,109902566146.65608,136170424551.11038,0.0001208556856917,2.616691910389949e-06,3.24210854077584e-06,2.483009872264176e-05,5.376058072058214e-07,6.660991965435237e-07
1511,1511,0.02,5140,100000.0,17.15,2.43,0.81,6.05046240373416,,254.0,0.1147588329984817,5140.0,0.5072480633643863,0.0002517660567875,0.0004644299577591,1.25966226547336e-06,-5.0215312628743525e-06,625435639841.7252,13541542293.82084,16615663703.696505,10.133109165382132,1.1628637824654724,6337607614436.824,137217926330.92577,168368334164.8343,0.0001261636593319,2.7316168442504904e-06,3.351732459022024e-06,2.588616530117649e-05,5.604711019337297e-07,6.877059601712059e-07
1512,1512,0.02,5144,100000.0,17.15,2.43,0.81,6.04422963563894,,224.0,0.1008813365980689,5144.0,0.4922614433817216,3.513513011771125e-05,0.0004369137246589,-1.6397304008807612e-07,-1.64987883348645e-07,549803284459.4758,11903997718.572138,14463569547.368517,10.449731680510904,1.054182899021125,5745296799665.132,124393582084.49277,151140420912.40952,0.0001109316097232,2.401822008685861e-06,2.918256579369973e-06,2.2730528035506864e-05,4.921472125118917e-07,5.979676411230961e-07
1513,1513,0.02,5148,100000.0,17.15,2.43,0.81,6.03762719767526,,225.0,0.100885129311929,5148.0,0.4073670978823429,0.000403659169265,0.0003226150436627,-1.4327734655377104e-05,-8.627017551578562e-06,549823954750.0134,11904445258.807629,14321304119.952644,12.637250349282905,1.2749106356346265,6948262964208.715,150439455004.8859,180981905492.05823,0.0001109603958209,2.4024452673169763e-06,2.8901934157185184e-06,2.270614925566115e-05,4.916193783794524e-07,5.914287038134032e-07
1514,1514,0.02,5152,100000.0,17.15,2.43,0.81,6.0304038472486,,230.0,0.1025632035575652,5152.0,0.5580404471102156,0.0003144206914438,0.0005108166098413,4.747873049480534e-06,8.640031118174183e-06,558969459388.7305,12102458019.792698,14414333121.867449,9.232305698770354,0.9468948486886534,5160576925353.16,111733592145.26112,133077529824.99112,0.0001128291107231,2.4429055165742075e-06,2.9095621603115845e-06,2.3058236133724057e-05,4.992425438127411e-07,5.946104769259608e-07
1515,1515,0.02,5156,100000.0,17.15,2.43,0.81,6.02268993778305,,235.0,0.1040583039136492,5156.0,0.5858007482529501,0.0002763854146661,0.0005701816250623,-9.594351998139676e-06,-8.800204188952808e-06,567117756329.3882,12278879861.810606,14477154967.375746,8.801627542089836,0.9158824337095296,4991559263716.936,108074127177.72449,127422525891.95706,0.0001144952478817,2.4789796789074536e-06,2.922788835497781e-06,2.336845247791741e-05,5.059591545677531e-07,5.965404963869139e-07
1516,1516,0.02,5160,100000.0,17.15,2.43,0.81,6.0654945235486,,206.0,0.0907576000086837,5160.0,0.4809981791222526,0.0001782095812678,0.000492530887385,-3.655921448625415e-05,8.435347148046437e-06,494628920047.32623,10709396801.024675,12498215937.701635,10.727691338491557,0.9736195195154376,5306226381359.135,114887103302.82162,134077002861.47896,9.987915696266476e-05,2.1625211966228325e-06,2.5237328849990025e-06,2.035895354870989e-05,4.4079936123812244e-07,5.144272552706124e-07
1517,1517,0.02,5164,100000.0,17.15,2.43,0.81,6.05667571925127,,235.0,0.1031157058819206,5164.0,0.6035618879996036,0.0003886619996295,0.0004991691302516,-2.8022108045688595e-06,1.2274147829993113e-05,561980597056.4673,12167653294.066631,14054082188.498993,8.555874886525954,0.8822450783615211,4808235677070.29,104104919246.6595,120244968849.75024,0.0001135021005128,2.457476671654548e-06,2.8384749536374182e-06,2.3105170682245545e-05,5.002587413770595e-07,5.778170446602597e-07
1518,1518,0.02,5168,100000.0,17.15,2.43,0.81,6.04736890631257,,214.0,0.0933561279845265,5168.0,0.5299311101452986,0.0002983092747932,0.000323281787832,-6.821292646808998e-07,-1.7837185141794374e-05,508790897515.6698,11016023102.174135,12591755997.4382,9.75221099697849,0.9104286579660316,4961836185914.872,107430581639.99171,122797461309.48668,0.0001027801252473,2.2253311521441883e-06,2.543642712202321e-06,2.0894869064513645e-05,4.524026696536899e-07,5.171143865652047e-07
1519,1519,0.02,5172,100000.0,17.15,2.43,0.81,6.08879603379939,,194.0,0.0840982312688783,5172.0,0.4909379778000584,0.000253656627548,0.0004943328631966,7.132481762554086e-06,1.706823298657035e-05,458335360415.3871,9923591289.727646,11224016349.324238,10.534935641313073,0.885969453965896,4828533524114.133,104544395567.97572,118244289877.17651,9.260692478350956e-05,2.0050673622851605e-06,2.267818998055765e-06,1.8801681577307267e-05,4.0708228002243253e-07,4.604278867491901e-07
1520,1520,0.02,5176,100000.0,17.15,2.43,0.81,6.07823469786764,,207.0,0.089252154552856,5176.0,0.4492093893350102,0.0002921141085526,0.0002553338902444,-2.6394890911378808e-05,-1.2623802794850454e-05,486424242313.0653,10531754237.237013,11785533282.2688,11.52246618812292,1.0284049330524048,5604806885135.605,121351782100.18376,135798408753.9396,9.830342678591532e-05,2.128404469860185e-06,2.3817857075487305e-06,1.993159682130908e-05,4.315464999843066e-07,4.829210332718478e-07
1521,1521,0.02,5180,100000.0,17.15,2.43,0.81,6.06719135785489,,204.0,0.08758117763932,5180.0,0.4044949566941795,0.0003394719991011,0.0003682241999837,-1.7341306264843637e-05,1.0258214537130808e-05,477317418134.2943,10334578961.439766,11440908159.326303,12.806092917287875,1.121572698654628,6112571207667.722,132345578441.2461,146513332946.48965,9.648373268311214e-05,2.0890055883683e-06,2.312636167377202e-06,1.9536567539877792e-05,4.229935724230422e-07,4.682755467962633e-07
1522,1522,0.02,5184,100000.0,17.15,2.43,0.81,6.10740135517502,,201.0,0.085750735428636,5184.0,0.5334320945430591,0.0005050335154361,0.0002080742248579,2.501725349851845e-05,4.055103380311922e-06,467341508086.06647,10118586780.579054,11080408236.131102,9.718200410195871,0.8333428322171685,4541718435583.569,98334454201.6259,107681627865.507,9.448265727916364e-05,2.0456795520993228e-06,2.240131457988954e-06,1.910676384314247e-05,4.1368773091574523e-07,4.530107850261371e-07
1523,1523,0.02,5188,100000.0,17.15,2.43,0.81,6.0950853833977,,207.0,0.0878806270351099,5188.0,0.5520112388603593,0.00027535783137,0.0004522184617778,-1.6583984187847228e-07,2.5308724527421662e-05,478949417341.3491,10369913990.142973,11231224821.25926,9.398359371651116,0.8259337146820018,4501338745016.91,97460178332.47624,105555087054.0026,9.684525204489312e-05,2.096832980054567e-06,2.2709930510522186e-06,1.9559366182709047e-05,4.2348719441461794e-07,4.586614598651389e-07
1524,1524,0.02,5192,100000.0,17.15,2.43,0.81,6.08229633598281,,204.0,0.0862309586402566,5192.0,0.489095574044768,0.000284775019429,0.0002725505494733,-2.457469118409125e-06,7.620902834052848e-06,469958724589.3987,10175253119.550283,10903630535.54665,10.615512132041426,0.9153857876032068,4988852542437.478,108015522937.1784,115747622233.3928,9.504427608677349e-05,2.057839372153995e-06,2.205146147407106e-06,1.9170689788932507e-05,4.150718156135846e-07,4.447839940682573e-07
1525,1525,0.02,5196,100000.0,17.15,2.43,0.81,6.12093908084711,,212.0,0.0892091858457097,5196.0,0.4622778052407739,0.0003468600936394,0.0002870555735195,-3.201048539314573e-05,2.8396706618647748e-06,486190062859.1183,10526683929.793753,11166564883.067522,11.23999452513993,1.0027107604979684,5464773644713.928,118319869738.76024,125512128150.29874,9.834595991105516e-05,2.1293253705512863e-06,2.258759744854293e-06,1.9810596027495745e-05,4.289266662833941e-07,4.549996448145672e-07
1526,1526,0.02,5200,100000.0,17.15,2.43,0.81,6.10686612996977,,219.0,0.0917298255945068,5200.0,0.5758007763561181,0.0004094403212662,0.0005464346063836,-1.020332076238106e-05,1.5248366819698964e-05,499927549490.0624,10824119420.15181,11365216132.756714,9.030901335193636,0.8284030044385114,4514796374189.888,97751554523.74435,102638145548.07687,0.0001011443730435,2.189914865896765e-06,2.2993885042432947e-06,2.03475684994368e-05,4.405528592538609e-07,4.625760552865237e-07
1527,1527,0.02,5204,100000.0,17.15,2.43,0.81,6.14468912975019,,196.0,0.0817539876532592,5204.0,0.5232517737113085,0.0002624507320585,0.00026406574972,-5.934595180733433e-06,-2.013426551964393e-05,445559232710.2629,9646970543.08459,10025066646.195936,9.945499014918164,0.8130842036711213,4431308910007.611,95943936033.19232,99704290454.23062,9.016194828090496e-05,1.952130256357208e-06,2.028640580442681e-06,1.8114505562518363e-05,3.922039736471866e-07,4.075757210158036e-07
1528,1528,0.02,5208,100000.0,17.15,2.43,0.81,6.12918811639963,,184.0,0.0764232324312963,5208.0,0.2893738620969088,0.0004482643033161,0.0002542276476868,-1.8907027073672555e-05,1.3941792663606288e-05,416506616750.5651,9017941426.89297,9274020201.116585,17.99747897844307,1.375425519146925,7496069079350.74,162300211259.33713,166908983615.25208,8.42991013569861e-05,1.8251915523163964e-06,1.877020766248374e-06,1.691449631544223e-05,3.662221220591161e-07,3.766215810565761e-07
1529,1529,0.02,5212,100000.0,17.15,2.43,0.81,6.11323470910734,,180.0,0.0743205887585459,5212.0,0.3971817360024943,0.0002329559686087,0.0003084575428985,3.880602548239469e-06,-1.8537631199055448e-05,405047208734.0756,8769829473.508427,8924177859.568043,13.122456365836694,0.9752686830673128,5315214322716.855,115081704601.94292,117107134563.14754,8.199537915034279e-05,1.7753127962826509e-06,1.8065581774710708e-06,1.6430828947587124e-05,3.55750057947758e-07,3.6201123411437785e-07
1530,1530,0.02,5216,100000.0,17.15,2.43,0.81,6.14920264259965,,179.0,0.0736454273358113,5216.0,0.4630727194598876,0.0002801757978894,0.0001397050653753,-2.520053120503087e-06,1.5152432694437638e-05,401367578980.172,8690160425.62574,8749281946.466097,11.263889624255487,0.8295339648417072,4520960108387.304,97885007851.32144,98550946136.48534,8.12658745374526e-05,1.759518017508148e-06,1.771488496307865e-06,1.626347412383978e-05,3.521265957088246e-07,3.545222085452981e-07
1531,1531,0.02,5220,100000.0,17.15,2.43,0.81,6.13182087478199,,186.0,0.0762461243063314,5220.0,0.4336205929448624,0.0004874067725945,0.0003950723323474,1.9094428370082736e-05,1.4852748016532303e-05,415541377469.5065,8997042668.147112,8965105503.659813,12.03817365902582,0.9178640852272876,5002359264488.718,108307962056.81992,107923496924.54495,8.415160527170662e-05,1.821998059093832e-06,1.815530439248609e-06,1.6819111467407623e-05,3.641569088356146e-07,3.628642463991181e-07
1532,1532,0.02,5224,100000.0,17.15,2.43,0.81,6.1668549537204,,180.0,0.0735821615530921,5224.0,0.4092156442638952,0.0004456051781476,0.0004804924219817,-1.708176109945769e-06,7.625822032079457e-07,401022780464.3524,8682695063.26488,8568544192.58093,12.765885354644809,0.939341438533728,5119410840008.817,110842289746.9799,109385052818.69572,8.122258466191363e-05,1.7585807321295064e-06,1.735460776830153e-06,1.6213159828593067e-05,3.5103722197687746e-07,3.464221566959752e-07
1533,1533,0.02,5228,100000.0,17.15,2.43,0.81,6.14803917409653,,186.0,0.0775220426465519,5228.0,0.4741720401980274,0.0001933251409546,0.0004256047991204,-1.562028675962222e-05,7.107771797430157e-06,422495132423.708,9147601032.293123,8939546716.774347,11.025534103226844,0.8547219249513639,4658234490984.934,100857187144.26094,98563277193.18512,8.558331636029402e-05,1.8529965744063657e-06,1.810851761511076e-06,1.7062031088538137e-05,3.694164529261468e-07,3.6101439352460586e-07
1534,1534,0.02,5232,100000.0,17.15,2.43,0.81,6.18209552720576,,172.0,0.0718983777358986,5232.0,0.6249974158008627,0.0004155603034159,0.000460257536906,-3.759710727109627e-06,-8.6925657315909e-06,391846158660.6475,8484008572.836039,8209624372.284945,8.371234612699624,0.6018781882997066,3280236126233.401,71021626219.36539,68724691702.53415,7.938764013545917e-05,1.7188516579787492e-06,1.6632616931653632e-06,1.5806494447832108e-05,3.422323568521447e-07,3.311641040526073e-07
1535,1535,0.02,5236,100000.0,17.15,2.43,0.81,6.16184361470853,,173.0,0.0719215347955909,5236.0,0.4931127545041818,0.0002292317964147,0.0001841688216673,-8.193114954280908e-06,-2.63724630966316e-05,391972364635.9705,8486741105.879729,8130819582.270975,10.618261142453573,0.7636816382256455,4162064928329.769,90114433310.62616,86335165626.72847,7.942786825107303e-05,1.719722652041581e-06,1.6475999963763737e-06,1.579381034954209e-05,3.419577286689848e-07,3.276165210983507e-07
1536,1536,0.02,5240,100000.0,17.15,2.43,0.81,6.19461015383807,,194.0,0.0799956574103948,5240.0,0.4921826299469103,0.0003455646257249,0.0001745497879933,2.329446987959975e-05,-2.0896699251808468e-06,435976332886.652,9439487574.426596,8953016608.393953,10.646454549940572,0.8516701308123857,4641602212927.502,100497075435.86153,95317884406.12932,8.836098447767805e-05,1.913136911626791e-06,1.8145419874623484e-06,1.7547143720786123e-05,3.79919809000507e-07,3.6034036095926724e-07
1537,1537,0.02,5244,100000.0,17.15,2.43,0.81,6.17292545819091,,194.0,0.079728241527339,5244.0,0.3147620825720878,0.0002873602989618,0.0004773089127973,-9.287500002736493e-06,1.5257190197132351e-06,434518916323.99786,9407932500.22601,8832797941.193466,16.660202388891623,1.3282886399559026,7239173087759.669,156738059514.79648,147156201360.46838,8.80801953411213e-05,1.9070574404132688e-06,1.7904734151754742e-06,1.7468644899176656e-05,3.782202014867606e-07,3.550984891664329e-07
1538,1538,0.02,5248,100000.0,17.15,2.43,0.81,6.20449298054552,,193.0,0.0790621052831307,5248.0,0.4552833966399703,0.0003192241180877,0.0004308561753846,-1.7526525704506224e-05,-9.145136961171731e-06,430888473793.0624,9329328423.409424,8669464218.794008,11.526886415649422,0.9113399073807636,4966802495225.162,107538109070.93011,99931929334.57538,8.735875172901188e-05,1.8914371933987888e-06,1.757655677457046e-06,1.730306242252014e-05,3.746351130013535e-07,3.481371391234758e-07
1539,1539,0.02,5252,100000.0,17.15,2.43,0.81,6.18138192107284,,170.0,0.0693384542237718,5252.0,0.5743084582336451,0.0003017715350802,0.0002785260844996,4.858581125099288e-06,6.439102027326914e-06,377894575519.55646,8181937598.405076,7524706146.168829,9.14491145777856,0.6340940244956252,3455812433501.157,74823094890.48378,68812771452.51608,7.662732245265863e-05,1.6590869815438015e-06,1.525817308785745e-06,1.5157824763546432e-05,3.281877655226567e-07,3.018253887449763e-07
1540,1540,0.02,5256,100000.0,17.15,2.43,0.81,6.21171128479502,,198.0,0.0800658837151863,5256.0,0.5401485230158869,0.0002407030769195,0.0004726905757724,6.916523003663073e-06,4.363941601387685e-06,436359066247.7656,9447774278.391989,8598191243.905329,9.730656987921469,0.7790936508672857,4246060397226.708,91933050802.33972,83666049710.99257,8.849687480320836e-05,1.9160791241795577e-06,1.743777345086453e-06,1.748311888385078e-05,3.78533583173283e-07,3.444942739379864e-07
1541,1541,0.02,5260,100000.0,17.15,2.43,0.81,6.18704915255539,,204.0,0.0821475031897191,5260.0,0.6334250444288045,0.0003660362742785,0.0003899192925733,-1.0371029965252862e-05,3.063890488223104e-06,447703892383.9693,9693405376.386858,8728706274.00612,8.304060671840409,0.6821578505276313,3717760285375.591,80494626362.26048,72483706486.02086,9.081252476755974e-05,1.9662161325820272e-06,1.77053599082204e-06,1.791740107431312e-05,3.8793639023283453e-07,3.493285044685507e-07
1542,1542,0.02,5264,100000.0,17.15,2.43,0.81,6.21596656257262,,203.0,0.0814785733291755,5264.0,0.4071606038742175,0.0002777315624921,0.0002456189992982,6.519751167178153e-06,-1.7496790423449315e-05,444058224644.0065,9614471652.84271,8565357755.606083,12.92855927099024,1.05340056460197,5741033077080.737,124301266623.0325,110737735420.5892,9.008453888778432e-05,1.950454236469459e-06,1.7376241695360202e-06,1.7751450896650793e-05,3.843433405146411e-07,3.424044847559849e-07
1543,1543,0.02,5268,100000.0,17.15,2.43,0.81,6.18990462608841,,160.0,0.0639852255624477,5268.0,0.5502840479457518,0.0004731603025062,0.0002254380122172,2.4401864277451484e-06,-3.743761522910271e-05,348719479315.34033,7550256616.368836,6653926122.022013,9.57323771180685,0.6125457743528927,3338374470223.265,72280401373.64134,63699616482.91785,7.0752537134076e-05,1.5318897948295355e-06,1.3500311366605405e-06,1.3924528214275632e-05,3.0148519803385774e-07,2.656943116676801e-07
1544,1544,0.02,5272,100000.0,17.15,2.43,0.81,6.2172392517614,,195.0,0.0773965106896983,5272.0,0.3900574961444363,0.0003596966545376,0.0003540866586916,1.519817058718122e-05,-6.726520743518051e-07,421810983258.8557,9132788261.3844,7960939507.74208,13.515956114448844,1.0460878418934332,5701178738319.21,123438365343.42513,107599709016.42397,8.559450199941845e-05,1.853238758886492e-06,1.6154454949185417e-06,1.682414729795019e-05,3.642659414969033e-07,3.175261532394248e-07
1545,1545,0.02,5276,100000.0,17.15,2.43,0.81,6.18952769457791,,167.0,0.0659190243660309,5276.0,0.2588175567816506,0.0003454881938353,0.0002736048672157,-1.020086752202102e-05,-5.89131190011776e-07,359258682794.86884,7778444875.191655,6705725015.562015,20.38501586061665,1.343760357217917,7323493946837.648,158563722151.71423,136696310799.16554,7.291286162361619e-05,1.5786637929516898e-06,1.360951380052986e-06,1.4313106336932097e-05,3.098984491299059e-07,2.671605720626876e-07
1546,1546,0.02,5280,100000.0,17.15,2.43,0.81,6.2153821173497,,200.0,0.0784369671081022,5280.0,0.563523554913445,0.0003062552242319,0.0004633688586966,2.466863290551896e-05,5.292243087457967e-06,427481470739.157,9255562118.75606,7890308121.647456,9.369617212914886,0.7349243571449131,4005337746439.776,86721074143.09975,73929166791.79012,8.677268989834683e-05,1.8787481482577844e-06,1.6016209045465125e-06,1.701202118492996e-05,3.6833366969206153e-07,3.140021219843624e-07
1547,1547,0.02,5284,100000.0,17.15,2.43,0.81,6.24079561731868,,151.0,0.0585810332118749,5284.0,0.5761719044276106,0.0004019745976166,0.0002760787681926,1.891432673735311e-05,1.931783415992955e-05,319266631004.71844,6912561919.001244,5826575194.91486,9.170874107874647,0.5372392806953288,2927954079789.542,63394235122.04879,53434787592.62936,6.481565453435889e-05,1.4033481165237338e-06,1.1828774080260369e-06,1.2691208124363724e-05,2.747821208577834e-07,2.316129255920477e-07
1548,1548,0.02,5288,100000.0,17.15,2.43,0.81,6.21039384921335,,164.0,0.0634970124954393,5288.0,0.5008225651754401,0.0006558773983378,0.0004023126662451,-1.4402575197107787e-05,1.12791275917268e-05,346058718100.1442,7492647474.461839,6243620171.583078,10.55862967785326,0.6704414405893647,3653905851212.038,79112089989.54504,65924073240.92035,7.026463599243824e-05,1.5213260636894886e-06,1.267720406062346e-06,1.374075507726649e-05,2.9750625671879745e-07,2.479118458399211e-07
1549,1549,0.02,5292,100000.0,17.15,2.43,0.81,6.23413599993871,,162.0,0.0624433591983804,5292.0,0.5342386328338762,0.0002797404554801,0.0004776623853806,9.434835868346212e-07,-1.0114226942774169e-05,340316307631.1736,7368316385.408895,6069301146.710751,9.905685726860511,0.6185442919486215,3371066391119.988,72988226449.93733,60120589740.99082,6.910882378640323e-05,1.4963011388615745e-06,1.2325070942801527e-06,1.349756665293734e-05,2.92240892669102e-07,2.407195744885112e-07
1550,1550,0.02,5296,100000.0,17.15,2.43,0.81,6.20937265815489,,192.0,0.0734636486427939,5296.0,0.4799391164797271,0.0001952117375408,0.0004148103792193,1.6244158436522808e-06,-1.2048654261028923e-06,400376885103.2272,8668710539.84969,7057245250.732609,11.03473298622807,0.8106517469673076,4418052020971.827,95656906142.1423,77874816960.1605,8.131798039413829e-05,1.7606461810107004e-06,1.433351804981796e-06,1.5861862501851203e-05,3.434311514162279e-07,2.795892020092565e-07
1551,1551,0.02,5300,100000.0,17.15,2.43,0.81,6.20709113408728,,165.0,0.062569759018691,5300.0,0.5155084921470916,0.0001398582786569,0.0004656545685102,8.800470154875986e-06,2.059417962512369e-06,341005186651.86633,7383231564.205545,5939872579.630875,10.281110943343558,0.643286634169434,3505912156223.4155,75907822831.9932,61068488980.50931,6.927003850910262e-05,1.499791659463139e-06,1.2065951441092e-06,1.3494574023216104e-05,2.921760981173395e-07,2.350581555703201e-07
1552,1552,0.02,5304,100000.0,17.15,2.43,0.81,6.25987407321181,,184.0,0.0692640642551158,5304.0,0.6502084159765218,0.0002873703049096,0.0005282439480743,6.891938197088023e-06,-1.1660813720070089e-05,377489150190.3813,8173159582.103668,6498500227.695498,8.157384416555322,0.5650135983819684,3079324111181.728,66671604609.07227,53010764488.38448,7.668897485986237e-05,1.6604218410025243e-06,1.320205680977076e-06,1.4921345457471213e-05,3.2306766311589045e-07,2.568719307667419e-07
1553,1553,0.02,5308,100000.0,17.15,2.43,0.81,6.25757647569467,,173.0,0.0647381663181896,5308.0,0.5025466725419392,0.000132865573933,0.0003978579564797,7.92343222380156e-06,1.0945150329968732e-06,352823006434.13354,7639103625.546377,6008805935.133092,10.562203054994916,0.6837776580607517,3726588236431.097,80685763651.1687,63466228404.93434,7.168517896171848e-05,1.5520827738500516e-06,1.2208453557482642e-06,1.3930486604789024e-05,3.016142053880926e-07,2.372452733061069e-07
1554,1554,0.02,5312,100000.0,17.15,2.43,0.81,6.25528149445939,,140.0,0.0522193718030046,5312.0,0.6405843177799397,0.0003874350505421,0.000321838698324,5.908375219199763e-06,-9.085488769377338e-06,284595576326.3752,6161885872.754545,4794365272.666349,8.292429041050665,0.4330254352446578,2359988622083.385,51097001358.86961,39756933820.46323,5.782975926444269e-05,1.252093870312704e-06,9.7421398154882e-07,1.1223904856657353e-05,2.430129858872601e-07,1.890805906510577e-07
1555,1555,0.02,5316,100000.0,17.15,2.43,0.81,6.25298912457681,,168.0,0.0640977428930616,5316.0,0.3924701635478413,0.0004468907010592,0.0002387915827988,1.7591987308361878e-05,-1.362832919414518e-05,349332698767.1858,7563533661.38127,5820520979.863625,13.544978685626862,0.8682025612833102,4731703958994.041,102447902231.4306,78838832611.49677,7.099372846730779e-05,1.5371119191086824e-06,1.1828852192794552e-06,1.376138265775796e-05,2.979528722230164e-07,2.292897766343757e-07
1556,1556,0.02,5320,100000.0,17.15,2.43,0.81,6.2506993611316,,161.0,0.0616598485801283,5320.0,0.5033753263978724,0.000401057742242,0.0002255183060522,2.975242625862411e-06,-1.0649280262288807e-05,336046174761.6995,7275862132.455146,5537172049.51795,10.568654681725548,0.6516616473708619,3551555978171.1978,76896074389.76172,58520459304.65773,6.830259702396046e-05,1.4788452199683185e-06,1.1254501897507305e-06,1.3222980221836147e-05,2.862957185645258e-07,2.178805235548383e-07
1557,1557,0.02,5324,100000.0,17.15,2.43,0.81,6.24841219922105,,146.0,0.055592007051104,5324.0,0.4447828132269933,0.0003589406497238,0.000471614243815,4.463576384563016e-06,-3.527954433103236e-05,302976438428.51685,6559856832.0302725,4936395614.149364,11.969886968818004,0.6654300407714485,3626593722204.394,78520744811.03091,59088097534.73683,6.158906175272894e-05,1.333487942536149e-06,1.0034706853532334e-06,1.190818735545036e-05,2.578286436592922e-07,1.9402011634572453e-07
1558,1558,0.02,5328,100000.0,17.15,2.43,0.81,6.24612763395536,,151.0,0.0570976250079257,5328.0,0.4800927987344039,0.0003812887232574,0.0002589437334383,1.631799306102913e-05,1.1931377062019648e-05,311182056293.1954,6737519750.93524,5012703851.264719,11.097854444068734,0.6336611314399789,3453453166347.8853,74772013509.91751,55630257712.55861,6.326532698975236e-05,1.36978139170473e-06,1.019115150888564e-06,1.2216824082240432e-05,2.645110535237378e-07,1.9679579811494845e-07
1559,1559,0.02,5332,100000.0,17.15,2.43,0.81,6.24384566045708,,154.0,0.0577138240208041,5332.0,0.5764448202344283,0.0001824069653673,0.0002993351139457,1.1167762990868875e-05,-1.3781586825521946e-05,314540340913.3828,6810231234.454894,5009164051.503752,9.249801217454923,0.5338413996916138,2909435628319.2954,62993285163.61044,46333771742.030846,6.395579066572147e-05,1.384730880468832e-06,1.0185181543261965e-06,1.233467347359396e-05,2.670626550246032e-07,1.9643395429516093e-07
1560,1560,0.02,5336,100000.0,17.15,2.43,0.81,6.29748096597792,,159.0,0.0591186493888718,5336.0,0.4484251399017012,0.0002480458462007,0.0004639451426762,-2.618915304067425e-05,-1.251612782197073e-05,322196639169.35175,6976000627.886882,5075023545.074549,11.899422055529044,0.7034777604310307,3833953794349.117,83010375730.86162,60389847104.58929,6.551981490380423e-05,1.418594157550257e-06,1.0320238105617169e-06,1.2620611497698797e-05,2.732536067391667e-07,1.987913364620613e-07
1561,1561,0.02,5340,100000.0,17.15,2.43,0.81,6.29518269467762,,165.0,0.060948182194749,5340.0,0.64173184684023,0.0001869678621718,0.0003527517514383,-1.346763374485238e-06,-1.0602411444152175e-05,332167592961.3823,7191885498.980388,5174274375.130056,8.321232655498058,0.5071640039721911,2764043821648.4414,59845352468.718544,43056340898.83903,6.75549313975617e-05,1.462657230259134e-06,1.052323459154279e-06,1.2996466625768628e-05,2.813913874937061e-07,2.0244986462832253e-07
1562,1562,0.02,5344,100000.0,17.15,2.43,0.81,6.29288702449998,,145.0,0.0532888919172285,5344.0,0.570341945137443,0.0003996964500499,0.0004385486050189,3.974664044720276e-05,2.420791637059636e-05,290424460948.8957,6288089246.232973,4473488454.563096,9.369817607772443,0.4993071977847311,2721224227926.7847,58918249338.598274,41915770889.73205,5.907078633910964e-05,1.2789638143146676e-06,9.098836917062208e-07,1.13503097212411e-05,2.457498251571469e-07,1.7483196603960297e-07
1563,1563,0.02,5348,100000.0,17.15,2.43,0.81,6.29059395057388,,135.0,0.049293480720565,5348.0,0.5468290481858276,0.0003018878834619,0.0003734879734271,-2.5575649252185192e-05,1.3105912397138698e-05,268649469927.0792,5816630725.0266695,4091330974.651947,9.780021777816389,0.4820913149514979,2627397666485.664,56886775164.27675,40013306032.35079,5.464687278958252e-05,1.1831799980129795e-06,8.322310979156987e-07,1.0487393239456536e-05,2.2706649582676538e-07,1.5971517388659096e-07
1564,1564,0.02,5352,100000.0,17.15,2.43,0.81,6.28830346804157,,155.0,0.0561700883817209,5352.0,0.550029683554385,0.000274690831712,0.0004629744576997,-1.792186781803389e-06,-1.5328337766198165e-05,306126981680.3791,6628070429.043071,4608812296.86794,9.73038394112563,0.5465565259611048,2978733066488.021,64493670063.41037,44845513161.10614,6.227697265556755e-05,1.3483821602489855e-06,9.375941833391308e-07,1.1936878610982486e-05,2.584498488249419e-07,1.797124599293108e-07
1565,1565,0.02,5356,100000.0,17.15,2.43,0.81,6.28601557205801,,149.0,0.0535337043240067,5356.0,0.5150967239160309,0.0003966201953429,0.0003711465913814,-1.908740905412146e-05,7.060825382291033e-06,291758688565.83673,6316977110.232796,4341721530.272802,10.398047107115971,0.5566459793794402,3033720587617.9487,65684225566.77393,45145424997.75624,5.936124929859319e-05,1.2852527371071554e-06,8.833670572433881e-07,1.1363735769592631e-05,2.460405175801708e-07,1.691061078513112e-07
1566,1566,0.02,5360,100000.0,17.15,2.43,0.81,6.28373025779054,,141.0,0.0501999219266164,5360.0,0.602881655047895,0.0005145299627113,0.0005500926185589,8.730502559481107e-07,-4.271150469945038e-05,273589574500.05945,5923590787.340736,4023869592.117036,8.890633767209557,0.4463091209920592,2432384709406.723,52664476277.06301,35774750870.52347,5.567139905577064e-05,1.2053624015744836e-06,8.187974641229608e-07,1.0644017744598398e-05,2.3045763190139655e-07,1.5654887222478705e-07
1567,1567,0.02,5364,100000.0,17.15,2.43,0.81,6.33826051631989,,124.0,0.0438836106586853,5364.0,0.5419055214715627,0.0003330811665102,0.0004500500431996,-4.7977884841399e-06,3.275104639981784e-05,239165678089.83508,5178266057.72487,3478437469.8145456,9.898404403472172,0.4343777249841892,2367358601163.8315,51256571548.13434,34430980768.4149,4.867168982894915e-05,1.0538090641864218e-06,7.078834679473342e-07,9.294141483577867e-06,2.0123095322241997e-07,1.3517445414593146e-07
1568,1568,0.02,5368,100000.0,17.15,2.43,0.81,6.33595865999328,,154.0,0.0542551666139554,5368.0,0.5005721119614464,0.0004422303424998,0.0003993011519302,-6.867228917966858e-06,-2.042488723686703e-06,295690658046.0574,6402109660.446747,4252153764.610625,10.72372965198956,0.5818177389917084,3170906677504.811,68654493201.02159,45598947410.374,6.018110466855896e-05,1.303003734108249e-06,8.654291361987488e-07,1.147764982342638e-05,2.485069136081308e-07,1.6505334401860957e-07
1569,1569,0.02,5372,100000.0,17.15,2.43,0.81,6.33365939499566,,130.0,0.0455762963849839,5372.0,0.5610151347837018,0.0002179385000273,0.0003538550456919,-1.2900028727475927e-05,-1.889929278134055e-05,248390815298.16272,5378002973.42811,3531316665.624137,9.575499245793369,0.4364157916604691,2378466064549.5566,51497063415.93536,33814120068.34147,5.055861708582172e-05,1.0946636359865986e-06,7.187805510914641e-07,9.630667882751307e-06,2.085172128742485e-07,1.3691705127915965e-07
1570,1570,0.02,5376,100000.0,17.15,2.43,0.81,6.33136271650017,,128.0,0.0445526227370511,5376.0,0.521548267261096,0.0003844200891991,0.0004264511341521,1.4063754811598249e-05,3.683601364082827e-05,242811793916.9287,5257209482.972034,3412268070.1777115,10.30777079987629,0.4592382237068801,2502848319202.497,54190110397.41186,35172877175.12803,4.942636253150152e-05,1.0701487667370972e-06,6.945955794427828e-07,9.403655703378207e-06,2.036020867887392e-07,1.3215088765646998e-07
1571,1571,0.02,5380,100000.0,17.15,2.43,0.81,6.32906861969231,,128.0,0.0441680387363166,5380.0,0.6273892783829069,0.0002558227814539,0.0001418212587605,9.248747943444118e-06,3.6837591247126426e-05,240715811112.9258,5211828570.885366,3343423014.159476,8.57521826618862,0.3787505725533891,2064190620415.9707,44692567561.29992,28670582102.61575,4.900300481734312e-05,1.060982489623209e-06,6.806273892511874e-07,9.31189756088122e-06,2.0161539673100624e-07,1.293376304057576e-07
1572,1572,0.02,5384,100000.0,17.15,2.43,0.81,6.32677709977038,,122.0,0.0416720240624279,5384.0,0.6378475912642898,0.0002845801034803,0.0004310949944997,2.0332319188159184e-05,-3.703590250981656e-07,227112531140.23257,4917298839.366504,3117316291.966428,8.44088787625312,0.3517488826874767,1917031410646.7483,41506368157.12226,26312917295.30575,4.623831990039051e-05,1.0011232565589138e-06,6.34661007981293e-07,8.775701848948503e-06,1.900060216836557e-07,1.204541123724938e-07
1573,1573,0.02,5388,100000.0,17.15,2.43,0.81,6.32448815194473,,166.0,0.05600577556657,5388.0,0.4269976521118224,0.0002950040165206,0.0003508957329555,6.0458894879000704e-06,-2.114933388717273e-05,305231476837.80695,6608681516.855269,4139619473.909223,12.61833636169266,0.7066997142964496,3851513442915.65,83390566286.98105,52235110931.19978,6.214885385836103e-05,1.3456082119791929e-06,8.428770465567628e-07,1.1780882619694932e-05,2.550723209401839e-07,1.5977503898866317e-07
1574,1574,0.02,5392,100000.0,17.15,2.43,0.81,6.32220177143889,,140.0,0.0467957783865511,5392.0,0.5338025511791784,0.0001392154830816,0.0004014706243249,-1.1877149716363356e-05,-3.4862609100383683e-06,255036992206.7037,5521901849.613035,3419093375.4745464,10.10111320766262,0.4726894551232447,2576157530421.684,55777355704.54288,34536649253.23771,5.193370613930366e-05,1.1244362063188683e-06,6.96237001104609e-07,9.83241033397217e-06,2.1288521457040665e-07,1.3181589363548046e-07
1575,1575,0.02,5396,100000.0,17.15,2.43,0.81,6.37763241748872,,120.0,0.0403738261907677,5396.0,0.4558637156842451,0.0002161973475262,0.0004091376864657,-5.153783274207116e-06,-3.733770773996893e-06,220037352739.6844,4764111490.510598,2915587948.860828,11.836871008478225,0.4778997727388378,2604553761426.666,56392173183.18288,34511438464.53922,4.481097118717375e-05,9.702191926764223e-07,5.937643129375388e-07,8.473485486408502e-06,1.8346262154058784e-07,1.1227726502530367e-07
1576,1576,0.02,5400,100000.0,17.15,2.43,0.81,6.37532925921169,,109.0,0.0376974469946367,5400.0,0.5246254964858963,0.0002938317450328,0.0006252621806336,7.631683819318128e-06,-2.3622180897398872e-05,205451086120.7704,4448298745.367138,2690295896.1813307,10.293056735082205,0.3880219606835503,2114719685725.349,45786591360.65894,27691368293.55326,4.184448213976701e-05,9.059906224756894e-07,5.479359622965135e-07,7.902846322119404e-06,1.711074983504752e-07,1.034844615815353e-07
1577,1577,0.02,5404,100000.0,17.15,2.43,0.81,6.37302867812015,,146.0,0.0502890718892696,5404.0,0.5709738794284931,0.0001273613880458,0.0003219755767051,2.4931381560358924e-06,4.235766947349745e-05,274075441796.5198,5934110482.933823,3546190690.752796,9.464531031452866,0.4759624814389568,2593995523842.3154,56163572809.79692,33563031836.07911,5.582558012439839e-05,1.2087006338860566e-06,7.223126276669187e-07,1.0530419609948426e-05,2.279980759585164e-07,1.362503540840556e-07
1578,1578,0.02,5408,100000.0,17.15,2.43,0.81,6.37073066944261,,135.0,0.0462168935235075,5408.0,0.542181360300674,0.0004003237657446,0.0005619814301924,5.307057591619964e-06,3.324551551077086e-05,251882069703.1162,5453593435.773892,3219782696.6743765,9.974522172803804,0.4609914292083387,2512403289185.446,54396988646.58396,32115793899.5886,5.130902284526866e-05,1.1109109533471012e-06,6.558779834356047e-07,9.66660205316189e-06,2.0929523711433085e-07,1.2356718389321142e-07
1579,1579,0.02,5412,100000.0,17.15,2.43,0.81,6.36843522841886,,113.0,0.0383819382890915,5412.0,0.452378099093039,0.0003392571621289,0.00050718750529,9.858950763342245e-06,-7.604500959154099e-06,209181563675.549,4529068718.112804,2641347284.507493,11.9634438776996,0.4591801646388763,2502531897281.876,54183259427.387405,31599609999.71963,4.261367862111513e-05,9.22644784824144e-07,5.380852993495152e-07,8.018656276590936e-06,1.736149432362809e-07,1.0125202053859657e-07
1580,1580,0.02,5416,100000.0,17.15,2.43,0.81,6.36614235030186,,152.0,0.0511359344728944,5416.0,0.4896807182667544,0.0004097937246169,0.0002930907875481,3.206563213324727e-05,-1.630031322727252e-05,278690842877.2747,6034040267.801545,3475613170.161114,11.06026804398213,0.5655771419497186,3082395423625.9663,66738102750.0668,38441213279.1764,5.677710071668255e-05,1.2293023641410167e-06,7.080793792043076e-07,1.0670949591690656e-05,2.310407434531188e-07,1.3307969704385893e-07
1581,1581,0.02,5420,100000.0,17.15,2.43,0.81,6.36385203035625,,123.0,0.0408988088203484,5420.0,0.5526209355066385,0.0002728964232593,0.0005315844842215,2.80256778104058e-06,4.234843266588906e-05,222898508070.8989,4826059440.801114,2747740710.24277,9.807807941678842,0.4011276619534179,2186145757646.128,47333064110.50332,26949313159.593304,4.5413248339528046e-05,9.832593218466625e-07,5.598235372988464e-07,8.52491932331418e-06,1.845762348901052e-07,1.0508938834509789e-07
1582,1582,0.02,5424,100000.0,17.15,2.43,0.81,6.36156426385903,,123.0,0.0403616261356754,5424.0,0.4371825129710487,0.0003369702699103,0.0004277727793506,-2.098767853921588e-06,-1.677679168976709e-05,219970862439.43115,4762671884.009702,2680226772.188528,12.40671765011605,0.5007552993648698,2729116381538.5405,59089125325.05464,33252816800.82498,4.482075723646378e-05,9.70431074110592e-07,5.46116845489073e-07,8.403403922595587e-06,1.819452592415192e-07,1.0239096178957105e-07
1583,1583,0.02,5428,100000.0,17.15,2.43,0.81,6.35927904609975,,114.0,0.0369055232254292,5428.0,0.4905673669618409,0.0001421237421299,0.0001770235472517,-2.894153886669512e-05,-2.34692479443802e-05,201135101578.5892,4354851740.600646,2421990006.9658422,11.064739250016649,0.4083499913748075,2225507452992.701,48185298982.22728,26798687893.22305,4.098647140997857e-05,8.87413509427059e-07,4.935430136095472e-07,7.675125317334101e-06,1.6617702521934384e-07,9.242084884686552e-08
1584,1584,0.02,5432,100000.0,17.15,2.43,0.81,6.4156157550326,,106.0,0.0340435390822299,5432.0,0.6453831874514435,0.0004347254944371,0.0005386015723648,-7.271616258667205e-07,-4.715620795683719e-06,185537287998.15305,4017137611.70313,2207662338.548731,8.416705153802424,0.2865344308470787,1561612648116.579,33811062839.9553,18581242982.718616,3.7811008227522126e-05,8.186603616234149e-07,4.499038427644138e-07,7.0719127298635085e-06,1.531166425915402e-07,8.414694190947983e-08
1585,1585,0.02,5436,100000.0,17.15,2.43,0.81,6.4133135327007,,145.0,0.046286363941886,5436.0,0.6279163367253204,0.0003409499864374,0.0004780264162634,9.754857555783903e-06,-2.64952834665294e-06,252260683483.2792,5461790945.142559,2965550851.958229,8.657204283534922,0.4007105081869526,2183872269618.892,47283839966.06041,25673379538.61341,5.141226948363939e-05,1.1131463851503577e-06,6.043973934543742e-07,9.604259712675534e-06,2.0794543965058963e-07,1.129066970725183e-07
1586,1586,0.02,5440,100000.0,17.15,2.43,0.81,6.41101386921972,,113.0,0.035855089575664,5440.0,0.6479082214555092,0.0002426749125913,0.0003188157903435,2.4260136720331767e-05,-1.751296822585983e-05,195410238187.36887,4230900569.928353,2269307504.2615724,8.396250919272456,0.3010483288102651,1640713392015.9453,35523702799.61129,19053675218.76811,3.982856660862008e-05,8.623432770306732e-07,4.625308577857602e-07,7.431403381125409e-06,1.6090010990326573e-07,8.630120722647376e-08
1587,1587,0.02,5444,100000.0,17.15,2.43,0.81,6.40871675988334,,117.0,0.0368717391975291,5444.0,0.5536300874864537,0.0004071734175925,0.0003119469112972,1.9959806237649395e-06,1.3693626586669258e-05,200950978626.53363,4350865225.3084345,2304945524.990725,9.83328060206483,0.3625701578154564,1976007360094.2373,42783278622.223854,22665176119.70744,4.096062461463248e-05,8.868538907388316e-07,4.698260692812367e-07,7.63339588267889e-06,1.6527352553323106e-07,8.755648666415678e-08
1588,1588,0.02,5448,100000.0,17.15,2.43,0.81,6.40642219999669,,120.0,0.0375213994818513,5448.0,0.4005433186257505,0.0003932261307239,0.0004494994921572,8.238822763192577e-06,2.290118772001401e-07,204491627176.0898,4427525138.8584585,2317707922.757486,13.60152509519292,0.5103482566591597,2781397998792.4204,60221094285.78085,31524362474.7134,4.168512038874906e-05,9.025402212609888e-07,4.724591178635792e-07,7.75903830944273e-06,1.6799385697509032e-07,8.794093338251333e-08
1589,1589,0.02,5452,100000.0,17.15,2.43,0.81,6.40413018487754,,114.0,0.035332235531352,5452.0,0.5214866792994144,0.000364110274596,0.000346083004256,-1.915767130549423e-06,1.115255860558262e-05,192560683645.8684,4169203792.699536,2156474836.542066,10.454725338956752,0.3693888180916138,2013169058599.2952,43587880534.81043,22545352116.41896,3.925493336823477e-05,8.499233279727896e-07,4.396134995782152e-07,7.298023432949397e-06,1.580122504748677e-07,8.173009978814227e-08
1590,1590,0.02,5456,100000.0,17.15,2.43,0.81,6.40184070985492,,114.0,0.0349899383462608,5456.0,0.5649069312403299,0.0001484326180815,0.0003208696878447,-2.5555425864581275e-05,6.676642873408063e-06,190695163987.12183,4128812724.8587847,2109827180.2140229,9.658228104974055,0.3379408059271663,1841777392303.0564,39877015099.40563,20377192168.58124,3.887580646359194e-05,8.417147087529998e-07,4.30117006717409e-07,7.219101461692054e-06,1.5630348118892886e-07,7.987122568891824e-08
1591,1591,0.02,5460,100000.0,17.15,2.43,0.81,6.39955377027064,,120.0,0.0364385992534058,5460.0,0.4923041747351817,0.0004227143023236,0.0002078238039117,3.5937152416690066e-05,1.3391830067462898e-05,198590365931.06183,4299754711.90189,2170356527.719077,11.09070424384888,0.4041297273796568,2202507014219.1294,47687307830.7995,24070782352.639088,4.048657276955153e-05,8.765900159279048e-07,4.4247009205810453e-07,7.509448370267111e-06,1.625898913195448e-07,8.206934013927099e-08
1592,1592,0.02,5464,100000.0,17.15,2.43,0.81,6.39726936147777,,116.0,0.0347236846928156,5464.0,0.2667265117679562,0.000437403342671,0.0003491757237345,3.82410886392831e-05,4.5385557882841696e-05,189244081575.8453,4097394793.7522473,2042652921.501202,20.48540268375537,0.7113286635960812,3876741216598.6426,83936782304.33757,41844567640.10148,3.858353934449385e-05,8.353867234220687e-07,4.164609995071382e-07,7.14781893397835e-06,1.5476011636870554e-07,7.715175611450169e-08
1593,1593,0.02,5468,100000.0,17.15,2.43,0.81,6.39498747884201,,117.0,0.0345594024579895,5468.0,0.5587746790133679,0.0005018974481698,0.0001533624233726,-7.071424627925771e-06,-2.566142937902556e-05,188348743396.04303,4078009490.042767,2007549960.5054955,9.785697536715308,0.3381878595035012,1843123834294.082,39906167421.41315,19645276703.35154,3.840337606224275e-05,8.314859404302101e-07,4.093294954186185e-07,7.10584797632109e-06,1.5385138737722728e-07,7.573899653912506e-08
1594,1594,0.02,5472,100000.0,17.15,2.43,0.81,6.45223622959226,,109.0,0.0318768835197179,5472.0,0.3462309721890051,0.000279016706557,0.0003371717435308,-2.3246231295328767e-05,3.2097757347369484e-05,173729015182.4628,3761472255.326718,1828258554.926344,15.804478627096575,0.5037975242858294,2745696507357.77,59448107865.72787,28894673256.13988,3.5424638051649464e-05,7.669921633201168e-07,3.727955143536392e-07,6.546784742188047e-06,1.4174689900517244e-07,6.889589053155928e-08
1595,1595,0.02,5476,100000.0,17.15,2.43,0.81,6.44993712480886,,100.0,0.0293211479982963,5476.0,0.4127205644954301,0.0004060049757757,0.0002718417314393,5.42736341938543e-05,-9.39807499051809e-06,159800256590.71503,3459895463.798968,1661079591.475704,13.268057061064214,0.3890346647373044,2120238922818.3096,45906090439.00193,22039298802.66888,3.258640021527531e-05,7.055404083307314e-07,3.387266423225404e-07,6.015008762427675e-06,1.3023321724155333e-07,6.252435703783894e-08
1596,1596,0.02,5480,100000.0,17.15,2.43,0.81,6.44764055653522,,114.0,0.0339911625967761,5480.0,0.481697544495546,0.0002204067578691,0.0004580715096123,-1.3845822700313868e-05,1.3647396176389905e-06,185251836152.42987,4010957186.4195824,1902064601.114296,11.376433329629878,0.3866981950788322,2107505163179.636,45630387019.302216,21638711123.22584,3.777872427961193e-05,8.179613697237079e-07,3.878912923075204e-07,6.96506172252183e-06,1.508031712399222e-07,7.151344689552307e-08
1597,1597,0.02,5484,100000.0,17.15,2.43,0.81,6.44534652013959,,105.0,0.031650285295524,5484.0,0.4615619521664484,0.0003749225556268,0.0004621226407577,2.707728114584837e-05,-7.971235166483936e-06,172494054860.60617,3734733664.871841,1749121228.2651217,11.88139528022093,0.3760495503278856,2049470049286.9768,44373846938.690506,20782000706.043457,3.5178408628121514e-05,7.616609574529063e-07,3.567154900367795e-07,6.4779930245799e-06,1.402574636514547e-07,6.568803269772164e-08
1598,1598,0.02,5488,100000.0,17.15,2.43,0.81,6.4430550110024,,110.0,0.0329676893968165,5488.0,0.3862249546618841,0.0002251989919871,0.0005024624541571,1.4874269412639811e-06,-4.207941663330268e-06,179673907212.65024,3890187348.824354,1799059010.0529296,14.2093356054748,0.4684489627764195,2553046847131.487,55276977607.61752,25563433247.89534,3.664412546620153e-05,7.93395744038859e-07,3.669144012516823e-07,6.739936725147338e-06,1.459289052417222e-07,6.74863928806978e-08
1599,1599,0.02,5492,100000.0,17.15,2.43,0.81,6.44076602451588,,142.0,0.0422711647899505,5492.0,0.5020002682504128,0.0002988645851843,0.0001569606488963,2.008508374314737e-05,-7.035666990981334e-06,230377848105.23032,4987997445.214161,2277432743.767086,10.9402331977648,0.4624564003432032,2520387381870.457,54569855240.49797,24915645309.03725,4.698649600073939e-05,1.017322298731605e-06,4.644916400907024e-07,8.63210177062144e-06,1.8689688237308805e-07,8.533386079274169e-08
1600,1600,0.02,5496,100000.0,17.15,2.43,0.81,6.43847955608377,,106.0,0.0312993021541062,5496.0,0.5790652409923496,0.0003473498925094,0.0005751920658551,-2.629569328738209e-05,-2.5637449540510786e-05,170581196739.879,3693317654.184537,1664594507.5552564,9.491158527459625,0.2970666385434808,1619013180061.9702,35053863348.13074,15798930355.145523,3.479142292349236e-05,7.532821843985503e-07,3.395075929546354e-07,6.384289650392755e-06,1.3822865665070554e-07,6.230026339240225e-08
1601,1601,0.02,5500,100000.0,17.15,2.43,0.81,6.43619560112135,,120.0,0.0350778119049639,5500.0,0.564037502021165,0.0001868979993944,0.0003156249915029,-1.5007755837454366e-06,6.425429434994175e-06,191174074882.0536,4139181804.785748,1841216573.192734,9.751124668645913,0.3420481169886153,1864162237587.953,40361677804.65661,17953932347.17936,3.899228842763137e-05,8.442367035707343e-07,3.755386169592272e-07,7.146881409309911e-06,1.547398176694623e-07,6.88323273204433e-08
1602,1602,0.02,5504,100000.0,17.15,2.43,0.81,6.43391415505627,,96.0,0.0276848813291435,5504.0,0.4883677978401513,0.0004440345282979,0.0005273333677589,4.647161430205816e-05,-2.4191230586895704e-05,150882603243.83218,3266815996.838935,1435101789.9156938,11.270194358313375,0.3120139933662885,1700476263846.273,36817651217.222046,16173876096.313278,3.077541989302131e-05,6.663301921791768e-07,2.927167163367944e-07,5.634194551259987e-06,1.2198806551351898e-07,5.35889659338641e-08
1603,1603,0.02,5508,100000.0,17.15,2.43,0.81,6.43163521332734,,101.0,0.0286506757881845,5508.0,0.5419168566304506,0.0002325355141651,0.0006283318304167,1.0454081609613346e-05,3.66436720377469e-05,156146183045.60587,3380779743.0057783,1466915135.70488,10.163920779744394,0.2912031989972486,1587057434535.0054,34361977481.67535,14909609229.912395,3.185013540276956e-05,6.895992619315245e-07,2.9921606013850815e-07,5.824111742338052e-06,1.2610003405429178e-07,5.4714611015351575e-08
1604,1604,0.02,5512,100000.0,17.15,2.43,0.81,6.48982229826082,,83.0,0.0232372046358117,5512.0,0.4640091790882673,0.0005101025443023,0.0004779623726996,4.17571189107933e-07,8.025330036673221e-06,126642765265.17404,2741990147.025787,1174943145.7603586,11.879075346807884,0.2760365047180012,1504398950713.1067,32572307556.724148,13957238156.702778,2.5833223782667952e-05,5.593248452027189e-07,2.396707711868477e-07,4.718293242570044e-06,1.0215754176573677e-07,4.3774520348140096e-08
1605,1605,0.02,5516,100000.0,17.15,2.43,0.81,6.48752591115603,,109.0,0.0302417847111509,5516.0,0.3376907750262035,0.0002383445919254,0.000172173122241,-1.5220299864344716e-05,-1.623716619235259e-05,164817726675.7724,3568530595.9158063,1509851735.6418495,16.33447049174494,0.4939835399819977,2692210292901.887,58290057717.875725,24662628622.75167,3.362200983098111e-05,7.279627816616094e-07,3.0800236675352904e-07,6.133597059903033e-06,1.3280081707679965e-07,5.618826538507066e-08
1606,1606,0.02,5520,100000.0,17.15,2.43,0.81,6.48523203897956,,100.0,0.0275293456606853,5520.0,0.5558981606136513,0.0002176631756469,0.0003357557448487,2.709697042211256e-05,8.373134664197957e-06,150034933850.73505,3248462787.9608693,1356894196.5409262,9.92987635344308,0.2733629985018001,1489828341834.8108,32256833823.212418,13473791596.355892,3.0607909832469375e-05,6.627033688497956e-07,2.768135003894773e-07,5.577133643500994e-06,1.2075261833635182e-07,5.043878835397357e-08
1607,1607,0.02,5524,100000.0,17.15,2.43,0.81,6.48294067717282,,107.0,0.029190102886389,5524.0,0.405818478450783,0.0003810560738876,0.0004980105257166,-7.699251198683626e-06,-1.6129590207684664e-05,159086060730.82037,3444432140.5939093,1420157097.2303565,13.611997218776082,0.3973355993053156,2165479016213.97,46885600718.027245,19331174457.724728,3.245535243054828e-05,7.027030434504032e-07,2.89728081050071e-07,5.906830272756112e-06,1.278910040706828e-07,5.273011912830999e-08
1608,1608,0.02,5528,100000.0,17.15,2.43,0.81,6.48065182118839,,106.0,0.0286230191572256,5528.0,0.5189015795212981,0.0005054687101971,0.0004897937318784,1.2757456904247104e-06,3.309799485689068e-05,155995454406.87988,3377516260.5526285,1374334390.4895685,10.65327264006354,0.3049288268636867,1661862106407.0928,35981601569.91503,14641158960.50092,3.182578060734225e-05,6.890719470947496e-07,2.803880725829496e-07,5.785469089373263e-06,1.252633674396413e-07,5.097051811459304e-08
1609,1609,0.02,5532,100000.0,17.15,2.43,0.81,6.47836546649061,,120.0,0.0320347239984124,5532.0,0.5134871836107777,0.0001321793792203,0.0003469133038264,2.9942364392434194e-05,-1.7441375944050282e-05,174589245791.348,3780097431.812672,1518342024.9342048,10.77339450052028,0.345122719350182,1880918820458.492,40724480883.32148,16357697621.33499,3.5619631816121915e-05,7.712140466609882e-07,3.097715649893799e-07,6.467686462785469e-06,1.400343124052634e-07,5.6247222536726753e-08
1610,1610,0.02,5536,100000.0,17.15,2.43,0.81,6.47608160855513,,93.0,0.0244586786629639,5536.0,0.5122781046865389,0.0004709042367673,0.0004965158124433,5.169363565875728e-06,7.736120096189561e-06,133299798713.15332,2886124082.2297416,1144374248.0612855,10.806630127960394,0.2643158937292879,1440521620824.619,31189275460.05597,12366829226.76111,2.719556857553538e-05,5.88821484754711e-07,2.3347303326540203e-07,4.932491689614197e-06,1.0679523291274777e-07,4.234527375782005e-08
1611,1611,0.02,5540,100000.0,17.15,2.43,0.81,6.47380024286971,,85.0,0.022046980360748,5540.0,0.4775214942125741,0.0004244359410315,0.000532895110691,3.4334799492100175e-05,1.5774933013335572e-05,120156042966.07709,2601543682.5682745,1018115734.080853,11.60157200700542,0.2557796301922532,1393998984547.78,30181996362.685886,11811743000.404198,2.451381922667807e-05,5.30757920871195e-07,2.077124415968067e-07,4.441078481574132e-06,9.615546070197205e-08,3.763049919724024e-08
1612,1612,0.02,5544,100000.0,17.15,2.43,0.81,6.53299332010985,,99.0,0.0253813356311998,5544.0,0.4939132343864239,0.000363892415345,0.0005005695395415,1.3144225529760238e-05,1.3465712079181131e-05,138328279190.03934,2994997604.481585,1156644758.713482,11.224643548754411,0.2848964452515182,1552685626620.7744,33617780539.67915,12982925129.093891,2.822195172818343e-05,6.110440924634211e-07,2.3598047151459683e-07,5.106852016112621e-06,1.1057037392684209e-07,4.2701417617196655e-08
1613,1613,0.02,5548,100000.0,17.15,2.43,0.81,6.53069424924305,,112.0,0.0285225571734685,5548.0,0.5072139503226936,0.0002970323589887,0.0001980238876891,5.203857181825603e-06,-1.271674015976872e-05,155447936595.40347,3365661746.469286,1282430917.0165918,10.938184954239368,0.3119850057312656,1700318281235.3977,36814230676.28934,14027466561.36228,3.171551303389642e-05,6.866845023852802e-07,2.616500119237616e-07,5.732278803577088e-06,1.2411172455451308e-07,4.729076322061332e-08
1614,1614,0.02,5552,100000.0,17.15,2.43,0.81,6.52839768147761,,85.0,0.0218945023564937,5552.0,0.4886897855278972,0.0004962531664567,0.0004442899007923,-6.256202720866998e-06,4.349219094699623e-05,119325037842.89072,2583551278.066258,971093380.883719,11.360990477839772,0.2487432327891654,1355650618700.952,29351701469.12153,11032582653.313162,2.4346050758808788e-05,5.271255026677867e-07,1.981335113730856e-07,4.395158525587889e-06,9.51612304622699e-08,3.5768765963038294e-08
1615,1615,0.02,5556,100000.0,17.15,2.43,0.81,6.52610361230283,,101.0,0.0263519210920705,5556.0,0.5040456543465552,0.0003739701739812,0.0005195674014462,1.042691241317479e-05,2.402509310148425e-05,143617969951.78476,3109526688.8643303,1152754401.7705934,11.022811033264036,0.2904722465613791,1583073743759.516,34275725094.242725,12706593938.48058,2.9303219819791832e-05,6.344550346303553e-07,2.352032663089216e-07,5.283879926409646e-06,1.1440327180116299e-07,4.2411237574524046e-08
1616,1616,0.02,5560,100000.0,17.15,2.43,0.81,6.52381203721842,,104.0,0.027375178544018,5560.0,0.5278595302024769,0.0004460336870408,0.0003212807311593,6.65795570283778e-06,-1.7906246254325017e-07,149194723064.89816,3230271068.194125,1181780506.4236257,10.533105271145317,0.2883456374205402,1571483723941.9443,34024785215.62375,12447818481.547472,3.0441751690980703e-05,6.59105816428573e-07,2.411309729375649e-07,5.4827618759976686e-06,1.1870933970050001e-07,4.342929142070388e-08
1617,1617,0.02,5564,100000.0,17.15,2.43,0.81,6.52152295173673,,105.0,0.027310635599957,5564.0,0.5003062486139243,0.0003142395719178,0.0004497909215724,-1.0299868319465402e-05,-1.0177877114371816e-05,148842964019.76572,3222655000.794927,1163916842.3276184,11.121188302994035,0.3037267211815744,1655310630439.5806,35839753099.42577,12944138372.55166,3.0369512168881487e-05,6.575417313629385e-07,2.374824160444743e-07,5.46361883830909e-06,1.1829486659091241e-07,4.272420955767807e-08
1618,1618,0.02,5568,100000.0,17.15,2.43,0.81,6.51923635138007,,101.0,0.0258753325972787,5568.0,0.5990855803593149,0.0003214939949418,0.0003944646922452,1.1246744977062295e-06,-4.090511071109629e-05,141020562655.1691,3053289246.478891,1088462537.5039077,9.294164611106927,0.2404896005262495,1310668322868.0598,28377772862.097446,10116349996.584469,2.877300880702912e-05,6.229752365558598e-07,2.2208351454604853e-07,5.1706036718094725e-06,1.119506850043152e-07,3.9909133016343616e-08
1619,1619,0.02,5572,100000.0,17.15,2.43,0.81,6.51695223168273,,102.0,0.0256509726214751,5572.0,0.6354507442229078,0.0002709341965575,0.0004646755321432,3.58045469735382e-07,2.155106063590693e-05,139797800787.03943,3026814769.3340645,1064863580.0521188,8.768578919226846,0.2249225777863317,1225828048935.508,26540864178.787148,9337340339.89744,2.852329787819825e-05,6.175686513077787e-07,2.1726680192730973e-07,5.119958365331969e-06,1.1085414442370133e-07,3.899959201025322e-08
1620,1620,0.02,5576,100000.0,17.15,2.43,0.81,6.51467058819009,,77.0,0.0189298408465191,5576.0,0.4976979211492833,0.0003913687953277,0.0004918649299267,2.6826189870937745e-06,-7.372834329491179e-06,103167632613.52946,2233721219.8892617,775394789.856563,11.203583063244286,0.212082044297972,1155847141423.9475,25025681227.16069,8687199934.964851,2.1049542363334112e-05,4.557515594263166e-07,1.582056800560318e-07,3.774134698893798e-06,8.171520999439782e-08,2.8365915816850325e-08
1621,1621,0.02,5580,100000.0,17.15,2.43,0.81,6.57487849067915,,85.0,0.0206724943203448,5580.0,0.4813399238231459,0.0004576156167758,0.0005183238902093,-1.1127697273220876e-05,-4.459757739114647e-05,112665094045.87946,2439354329.800693,835363854.3664812,11.592639055741833,0.2396487650376309,1306085769455.0889,28278554274.440453,9684071643.883902,2.298732162932492e-05,4.97707147203732e-07,1.7044123346681884e-07,4.116913223729809e-06,8.913683677066374e-08,3.052516422936452e-08
1622,1622,0.02,5584,100000.0,17.15,2.43,0.81,6.57257889085184,,86.0,0.0208128975862023,5584.0,0.5166799544006399,0.0004454545098441,0.0005239340920711,8.583667263440676e-06,-1.5654494693700408e-05,113430291844.80302,2455921915.1718817,829547312.709985,10.8074639870199,0.2249346411284157,1225893794149.866,26542287653.153057,8965302707.6423,2.3143782559202672e-05,5.010947416487917e-07,1.692569270138083e-07,4.140154314421812e-06,8.964003836729796e-08,3.027810146545628e-08
1623,1623,0.02,5588,100000.0,17.15,2.43,0.81,6.57028177833342,,102.0,0.0246422328487228,5588.0,0.6562738190013988,0.0001271714075977,0.0003797331813572,4.816494845767658e-06,-1.899091964495424e-05,134300169025.53976,2907783476.149301,969128824.5573035,8.514738571321997,0.2098221705205187,1143530829336.827,24759016121.42121,8251878583.038021,2.7402371656997668e-05,5.932990560597661e-07,1.9773935078948642e-07,4.896319526393417e-06,1.060120558008116e-07,3.5332527290924266e-08
1624,1624,0.02,5592,100000.0,17.15,2.43,0.81,6.5679871486699,,87.0,0.0209439530500529,5592.0,0.5576628616827156,0.0003657139738242,0.0005109745137646,-1.0636612736689884e-05,2.3365545682486164e-05,114144544122.7886,2471386459.9062486,813009737.8073391,10.027563935540664,0.2100168282723679,1144591714084.405,24781985736.13941,8152507126.080244,2.3289957075044603e-05,5.042596210743602e-07,1.658858252108599e-07,4.156756887210073e-06,8.999950691574102e-08,2.9607055273391808e-08
1625,1625,0.02,5596,100000.0,17.15,2.43,0.81,6.56569499741887,,83.0,0.0198775083072567,5596.0,0.5043494247179118,0.0004258950025869,0.0005166539623919,1.4197701374702968e-05,-1.3476084651585154e-05,108332420274.54904,2345545980.2562914,761482307.6540738,11.095482072037466,0.2205505370599425,1202000426976.687,26024963373.073227,8449013292.749495,2.210393261766581e-05,4.785805594283608e-07,1.553713429024595e-07,3.940621736211916e-06,8.53198834629369e-08,2.7699129454300784e-08
1626,1626,0.02,5600,100000.0,17.15,2.43,0.81,6.56340532014877,,93.0,0.022085550375355,5600.0,0.4709445138979404,0.0004244658335992,0.0005349950543512,8.153662102895209e-07,-1.2064343286267974e-05,120366249545.6848,2606094944.291892,834814572.1283283,11.89099742058698,0.2626192225455903,1431274762873.467,30989068260.37965,9926777923.846376,2.455915401755162e-05,5.317394814809343e-07,1.7033296069604997e-07,4.373392202194751e-06,9.468995960715244e-08,3.0332186587228166e-08
1627,1627,0.02,5604,100000.0,17.15,2.43,0.81,6.56111811243925,,89.0,0.0208641089919002,5604.0,0.4823228678165386,0.0004687416353984,0.0004686376715848,8.897185195616187e-06,-5.540178662641748e-06,113709394005.85634,2461964861.044229,778012565.6602784,11.61877317857464,0.2424153499499485,1321163657227.2192,28605011294.093925,9039551530.487682,2.3199902810191544e-05,5.023098223124041e-07,1.5873636533052504e-07,4.126774566283746e-06,8.93503484076114e-08,2.8235859458108108e-08
1628,1628,0.02,5608,100000.0,17.15,2.43,0.81,6.55883336988124,,109.0,0.024946259436072,5608.0,0.5017961996709346,0.0002981253067408,0.000272295672384,2.130329931690333e-05,-3.204834918313697e-06,135957113926.59244,2943658613.456497,917521091.890866,11.17585187707198,0.2787957003445499,1519436566877.797,32897892640.6569,10254079817.061666,2.773785698783948e-05,6.005627751495521e-07,1.8719188790618535e-07,4.928532368435279e-06,1.0670950816061708e-07,3.3260726632868966e-08
1629,1629,0.02,5612,100000.0,17.15,2.43,0.81,6.55655108807635,,80.0,0.0177625780356331,5612.0,0.4752168615624536,0.0004557925086972,0.0004812560853706,-1.7429246409117515e-05,-4.605248508683026e-06,96806050294.2006,2095984208.2047105,644253950.4267861,11.809345277750554,0.2097644170457799,1143216072899.5005,24752201211.40203,7608217347.144706,1.974975426713124e-05,4.276093584443095e-07,1.3143659066648058e-07,3.505258293661477e-06,7.589366580771638e-08,2.3327844655314374e-08
1630,1630,0.02,5616,100000.0,17.15,2.43,0.81,6.61780373571361,,85.0,0.0184455723443237,5616.0,0.5025761371964317,0.0004757256460133,0.0004490477354799,-8.50348958269272e-06,2.7936796024677555e-05,100528369276.56432,2176577536.6302,659871597.316419,11.174426289573294,0.2061186885306371,1123346852491.9724,24322005246.615185,7373686524.795314,2.050893646963255e-05,4.44046697874613e-07,1.3462134882787093e-07,3.6358719607105456e-06,7.872163144290726e-08,2.3865985846757035e-08
1631,1631,0.02,5620,100000.0,17.15,2.43,0.81,6.61550323964032,,92.0,0.0199005732531253,5620.0,0.5107619014581455,0.0003935806690097,0.0005041352806179,2.067797058842869e-06,-2.683841047937487e-05,108458124229.53342,2348267643.868797,702344807.7755967,11.003169938783174,0.2189693893833418,1193383172139.2131,25838387947.234337,7728019275.576892,2.212645802211336e-05,4.790682654329131e-07,1.4328482090845833e-07,3.918185747814665e-06,8.483411343892305e-08,2.5373086944173984e-08
1632,1632,0.02,5624,100000.0,17.15,2.43,0.81,6.61320521567842,,93.0,0.0202109851158626,5624.0,0.475474666886386,0.0004147866321706,0.0005237153850097,-3.2502809937038827e-06,-1.311651813997005e-05,110149868881.4515,2384896243.671794,703572711.8940358,11.828180114891056,0.2390591722498058,1302872488761.442,28208982325.477085,8321984760.205008,2.247128881217244e-05,4.865343265754766e-07,1.4353340380595404e-07,3.974741646228863e-06,8.605862646880843e-08,2.538831673168084e-08
1633,1633,0.02,5628,100000.0,17.15,2.43,0.81,6.61090965942974,,88.0,0.0197131241739953,5628.0,0.5036345078282722,0.0004267222076105,0.0004859342799275,1.9613356000409985e-05,3.179512780934363e-05,107436526748.27472,2326148652.5314527,676753724.6811429,11.174770418866968,0.2202896368830147,1200578521012.4302,25994177152.195736,7562567503.424876,2.1917456078539864e-05,4.745430857371934e-07,1.3806030858983818e-07,3.872393123622676e-06,8.384264010779371e-08,2.4392602303511973e-08
1634,1634,0.02,5632,100000.0,17.15,2.43,0.81,6.60861656650688,,74.0,0.017236484896325,5632.0,0.4913118104011501,0.0003711724757277,0.0005175815999115,-1.018462153223897e-05,-2.076097863242131e-05,93938842684.9718,2033905217.7663608,583434659.5299891,11.463188713907652,0.1975850791309935,1076838681263.915,23315039337.45724,6688021604.426724,1.916359654708371e-05,4.149182371662161e-07,1.1902112169204461e-07,3.382017220813516e-06,7.322532698275134e-08,2.100500718714476e-08
1635,1635,0.02,5636,100000.0,17.15,2.43,0.81,6.60632593253388,,61.0,0.0143939739219772,5636.0,0.498635408507542,0.0004683060794012,0.0004192234591263,-1.699470120672319e-05,-4.056377604385152e-05,78447157874.77591,1698488922.793313,480291328.9016891,11.30284753918504,0.162692892723114,886676265340.9714,19197761341.32745,5428659664.96837,1.6003025469858755e-05,3.464875239345565e-07,9.797823882460184e-08,2.821054780962994e-06,6.107971819332722e-08,1.7271857723845556e-08
1636,1636,0.02,5640,100000.0,17.15,2.43,0.81,6.60403775314558,,80.0,0.0187561945534953,5640.0,0.5235428263850103,0.0004335577533141,0.0004772784397379,1.0911281660874967e-06,-1.063868091649738e-05,102221260316.5499,2213230957.3124566,616820659.7243826,10.772757672841031,0.2020559387894667,1101204866402.5935,23842600777.15707,6644859494.812711,2.085255056489538e-05,4.514864159004871e-07,1.2582787530249593e-07,3.671806617092616e-06,7.949966620494106e-08,2.2156312423871933e-08
1637,1637,0.02,5644,100000.0,17.15,2.43,0.81,6.60175202398674,,93.0,0.0213773046764966,5644.0,0.4855139311335158,0.0004363806290583,0.0005143855146268,7.563206611119256e-06,1.4408512561354696e-05,116506310486.90652,2522521951.8266,692975679.9055064,11.624795166686797,0.2485067880801287,1354361995036.702,29323800993.4552,8055700334.397026,2.3765756398294724e-05,5.145613311924362e-07,1.4135793271410648e-07,4.180174434322307e-06,9.050652903670317e-08,2.4863539224973283e-08
1638,1638,0.02,5648,100000.0,17.15,2.43,0.81,6.59946874071427,,66.0,0.0146775798366213,5648.0,0.5914382581126969,0.0004727166056513,0.0004851151592716,2.5000735881046004e-06,1.9008314643452987e-05,79992810109.58661,1731954420.7213247,469145938.0998549,9.549602046413083,0.1401650464441911,763899503120.8416,16539475480.41455,4480157010.544761,1.6316890022327994e-05,3.532831234192116e-07,9.569613401392217e-08,2.8668360441556306e-06,6.207094554318612e-08,1.6813567162740356e-08
1639,1639,0.02,5652,100000.0,17.15,2.43,0.81,6.59718789899479,,78.0,0.01649163667935,5652.0,0.4947359678851312,0.0003782766317783,0.0005323113450803,1.7120554281519717e-06,1.2674101466147868e-05,89879419902.45778,1946013128.1633053,519659053.50279707,11.424275506308636,0.1884050009748398,1026807255312.8772,22231790115.0311,5936728196.563533,1.8332865836203773e-05,3.9693177406826506e-07,1.0599578545093507e-07,3.217508251539237e-06,6.966348140947337e-08,1.8602782421680915e-08
1640,1640,0.02,5656,100000.0,17.15,2.43,0.81,6.65949546873268,,76.0,0.0157694275603352,5656.0,0.4493994107366997,0.0003591383994216,0.00048263953704,-2.235190157958606e-06,7.040138419237268e-06,85943380203.8272,1860792452.1195607,489758677.2976123,12.585686284563945,0.1984690681615362,1081656421480.3724,23419350043.061275,6163949067.610738,1.7529342349508247e-05,3.795343848150409e-07,9.989306334741845e-08,3.073122719253612e-06,6.653733593980298e-08,1.751255901950045e-08
1641,1641,0.02,5660,100000.0,17.15,2.43,0.81,6.65719616369663,,84.0,0.0174342938015903,5660.0,0.5352946372075704,0.0004287613725402,0.000478203486757,-1.2024940646098563e-05,1.1422178697197585e-05,95016901218.66756,2057246668.5876644,533567840.9858924,10.573616110794754,0.1843435298208251,1004672237523.4972,21752536518.857365,5641741519.650406,1.937925816270672e-05,4.19587607926494e-07,1.0882431236088525e-07,3.39372740782017e-06,7.347886864638167e-08,1.9057491695272216e-08
1642,1642,0.02,5664,100000.0,17.15,2.43,0.81,6.65489931181729,,79.0,0.0165820058621422,5664.0,0.5133660424682878,0.0004494775687102,0.0004755907803822,4.768281900415021e-06,-6.063813482152471e-06,90371931948.67535,1956676691.732788,499972678.3842178,11.033063216973265,0.1829503189412368,997079238229.7408,21588137635.06595,5516230167.372517,1.8431451380724915e-05,3.990662867753285e-07,1.0196995809011914e-07,3.2241352940787835e-06,6.980696600023789e-08,1.7837170498569662e-08
1643,1643,0.02,5668,100000.0,17.15,2.43,0.81,6.65260490876131,,84.0,0.0177236665525997,5668.0,0.5399932947947154,0.0004146530716642,0.0004686724174425,-9.58823841367458e-06,7.3104983523062995e-06,96593982711.66858,2091392653.2067688,526367017.3539544,10.496426630917252,0.1860351656002052,1013891652521.1188,21952149540.824223,5524972778.590531,1.969997724241282e-05,4.265316173586629e-07,1.0735056130755221e-07,3.442182790282768e-06,7.45279943584159e-08,1.875739500168037e-08
1644,1644,0.02,5672,100000.0,17.15,2.43,0.81,6.65031295020565,,79.0,0.0166656248005394,5672.0,0.6080470444536612,0.0004296459783795,0.0004747968279668,-9.783602187577888e-06,-1.6354322215113006e-05,90827655162.93983,1966543726.463652,487636825.5864611,9.32822559000574,0.1554607077378261,847260857171.1523,18344363513.063484,4548786315.064794,1.8523327296213144e-05,4.010555267803947e-07,9.944830686006737e-08,3.233007324836809e-06,6.999905767536577e-08,1.7357416374484004e-08
1645,1645,0.02,5676,100000.0,17.15,2.43,0.81,6.64802343183811,,80.0,0.0167891071131351,5676.0,0.5033544735462325,0.0004013197603533,0.0005522753302208,2.448880727374136e-05,3.145937501952599e-05,91500633766.58672,1981114639.3499515,484357774.4352043,11.27634758068494,0.1893198073770621,1031792950204.9888,22339737270.49334,5461786617.938357,1.865974957433932e-05,4.0400925683890633e-07,9.877521502638649e-08,3.253254076551088e-06,7.043742771248229e-08,1.7221070929521292e-08
1646,1646,0.02,5680,100000.0,17.15,2.43,0.81,6.6457363493578,,68.0,0.0141233265947783,5680.0,0.4766565263895715,0.0004126168196101,0.0005436345242572,-3.923382349138495e-05,-1.9929136946952666e-06,76972129941.54181,1666552538.183841,401653460.722553,11.916337416007044,0.1682983251398441,917225872012.1506,19859202366.50161,4786238162.276874,1.5696254243937684e-05,3.398455047311278e-07,8.190568251452426e-08,2.733589150524073e-06,5.9185966928778106e-08,1.426432584541294e-08
1647,1647,0.02,5684,100000.0,17.15,2.43,0.81,6.57902854472296,,72.0,0.01517585161036,5684.0,0.558220673367226,0.0003906852466228,0.0005364816456302,-5.402546104730115e-05,5.8969709857780215e-06,82708391276.46228,1790750490.0224862,425356346.8609357,10.182353092933152,0.1545258795826442,842166043725.411,18234053790.75201,4331128514.058194,1.6864908433418177e-05,3.651484761730909e-07,8.673359172716075e-08,2.93395168078376e-06,6.352409143715297e-08,1.508885555074071e-08
1648,1648,0.02,5688,100000.0,17.15,2.43,0.81,6.57676948375766,,72.0,0.0149833054176049,5688.0,0.4771038518322449,0.0003673999590003,0.0004364474320456,-3.420275002975169e-05,1.97222042055882e-05,81659014525.9472,1768030039.277389,413808722.8853301,11.921932673895,0.1786299584210929,973533273394.9564,21078335093.688965,4933399734.10938,1.664985454501106e-05,3.6049226354335874e-07,8.437347775374245e-08,2.893421674560444e-06,6.264656102718024e-08,1.4662473394632262e-08
1649,1649,0.02,5692,100000.0,17.15,2.43,0.81,6.51141553267969,,73.0,0.0145821641716339,5692.0,0.475801113333768,0.0003744601317432,0.0004562266464416,2.4132616252539428e-05,-1.2231915072678257e-06,79472794735.40512,1720695372.252808,396743840.0700792,11.96298167551184,0.1744461627745624,950731587121.3654,20584647207.39837,4746239288.630558,1.6203315310024398e-05,3.508240746023631e-07,8.089014057412356e-08,2.812748225429759e-06,6.089986983499294e-08,1.4041792991207745e-08
1650,1650,0.02,5696,100000.0,17.15,2.43,0.81,6.5091839297979,,70.0,0.0155450767210606,5696.0,0.4776513325508145,0.0003862855289011,0.0005199773122579,-6.770882155490025e-06,-3.60925981042878e-05,84720668129.78079,1834319053.0851624,416560799.78039175,11.92501645411831,0.1853752956791803,1010295361451.5328,21874284890.14328,4967494391.521854,1.7272732603705002e-05,3.73978430685723e-07,8.492783952990315e-08,2.995070762223264e-06,6.48474036591459e-08,1.4726383769771372e-08
1651,1651,0.02,5700,100000.0,17.15,2.43,0.81,6.50695469362058,,87.0,0.0189900125425392,5700.0,0.5331615434180423,0.0004061859923572,0.0004434764401998,1.921034799308458e-06,-1.768992371849756e-05,103495568356.83914,2240821480.0196366,501302032.2961438,10.69094361805974,0.2030211533985348,1106465286022.015,23956496101.027115,5359391762.896835,2.109986672756756e-05,4.568411511656831e-07,1.0220153615890001e-07,3.654646485451029e-06,7.912812574004062e-08,1.770203052717951e-08
1652,1652,0.02,5704,100000.0,17.15,2.43,0.81,6.50472781999273,,71.0,0.0149808900304115,5704.0,0.5715743509738652,0.0004025280331864,0.0005575439781047,-2.1568859543343613e-05,-8.48114963034206e-06,81645850665.74318,1767745023.588568,389954780.96025926,9.979454099508413,0.1495011044282756,814781019134.1024,17641130322.53653,3891535837.4767647,1.664444962857325e-05,3.603752396645218e-07,7.949678588917756e-08,2.8798043208692967e-06,6.235172658028938e-08,1.375444623328762e-08
1653,1653,0.02,5708,100000.0,17.15,2.43,0.81,6.50250330476967,,62.0,0.0136218046192322,5708.0,0.5126780585696448,0.0003615274055823,0.00052631449378,-7.776609327618748e-06,-1.834873036888223e-06,74238835174.81601,1607372945.0694108,349564134.88310945,11.133692781635975,0.1516609877620022,826552383302.9121,17895996555.91626,3891939685.266901,1.5133655157776525e-05,3.276644602968128e-07,7.125897194359595e-08,2.615566783430069e-06,5.6630620265091386e-08,1.2315768933143089e-08
1654,1654,0.02,5712,100000.0,17.15,2.43,0.81,6.69310451809342,,64.0,0.0131777324009713,5712.0,0.4886647781034397,0.0004421474332617,0.0005329921094225,3.871295953345568e-07,-2.6829759466368256e-05,71818641585.29407,1554972423.3146238,333318295.5062626,11.688994697282835,0.1540344441571667,839487720656.5588,18176064410.54568,3896155788.6800566,1.4639514002734444e-05,3.16965624279388e-07,6.794361111155692e-08,2.5274246451190103e-06,5.4722221674136376e-08,1.1730058605064045e-08
1655,1655,0.02,5716,100000.0,17.15,2.43,0.81,6.69081571224048,,70.0,0.014424652349216,5716.0,0.5182487860226177,0.0003818901769367,0.000533495394905,7.978852990375055e-06,-4.922260097685115e-06,78614355303.22725,1702108977.2074893,359549020.9677053,11.02945178872168,0.1590960076547489,867073241718.3815,18773328903.26037,3965628592.445386,1.6023874812407023e-05,3.469389408924824e-07,7.3286468847675e-08,2.763438555766877e-06,5.9832247629448e-08,1.2638806530918682e-08
1656,1656,0.02,5720,100000.0,17.15,2.43,0.81,6.62299855954528,,66.0,0.0147192671863438,5720.0,0.4929441626587033,0.0004353527279885,0.0005220377722684,3.4448425553609935e-05,2.8499924361547103e-05,80220006165.574,1736873527.9885747,361475224.3569276,11.603748321410434,0.1707986719059291,930852761887.314,20154243284.89964,4194467527.863159,1.6350257303887602e-05,3.540055709832545e-07,7.367504952589497e-08,2.816684029507204e-06,6.098508540951375e-08,1.269211435121567e-08
1657,1657,0.02,5724,100000.0,17.15,2.43,0.81,6.62073799093153,,85.0,0.0222870358904446,5724.0,0.4999915580669702,0.0004776335007727,0.0004726776876132,1.257596892299374e-06,3.3348323896905905e-05,121464345602.9234,2629870235.07247,539121554.4061799,11.448193289762129,0.2551462947296763,1390547306276.7356,30107262778.101803,6171967761.518957,2.4754716118498123e-05,5.359736700885833e-07,1.098742266007583e-07,4.26002647262799e-06,9.223543555414733e-08,1.8908199622979743e-08
1658,1658,0.02,5728,100000.0,17.15,2.43,0.81,6.61847980740389,,85.0,0.0240994096905763,5728.0,0.5665032263907563,0.0004451377967654,0.0003889344283797,3.1876658336160166e-06,-5.101878733439472e-06,131341782813.6409,2843730343.4880047,574165418.636251,10.111151593069664,0.2436727846849091,1328016676532.755,28753388592.819283,5805473587.32944,2.676574155401062e-05,5.795151382336244e-07,1.1700742045106549e-07,4.6012410925694125e-06,9.962320163728269e-08,2.0114494120351298e-08
1659,1659,0.02,5732,100000.0,17.15,2.43,0.81,6.55207721187259,,77.0,0.023857311759394,5732.0,0.5276810343259793,0.0003975314100578,0.0005504865446346,2.090035236630651e-05,-1.5273097244675455e-05,130022349088.69765,2815162787.608499,559954440.8962995,10.862622734435837,0.2591529771001173,1412383725195.6396,30580051297.813843,6082573839.928451,2.6495062521614567e-05,5.736545646881687e-07,1.1410367544338441e-07,4.549872698551977e-06,9.851100521635473e-08,1.9594488493120708e-08
1660,1660,0.02,5736,100000.0,17.15,2.43,0.81,6.54984666055737,,70.0,0.0247521016242925,5736.0,0.527370879557746,0.0005001382212649,0.0004947673864793,1.638827862847879e-05,6.763499628004534e-05,134898953852.39417,2920747991.666516,572196346.1287289,10.876596001679538,0.2692186095599454,1467241422101.7026,31767795928.07356,6223548490.479373,2.7487131428587712e-05,5.95134221756578e-07,1.1659123899661661e-07,4.715193591914627e-06,1.0209043006347265e-07,2.0000277745187737e-08
1661,1661,0.02,5740,100000.0,17.15,2.43,0.81,6.54761845812481,,62.0,0.0300571434450739,5740.0,0.5599422779103762,0.0004264200223068,0.0005036409759618,5.275533051024345e-06,-1.2236992282840056e-05,163811431775.6532,3546742926.51873,684196304.2561733,10.25105662930267,0.308117479570527,1679240263659.3718,36357862589.32218,7013735060.489632,3.337635774906044e-05,7.22644076034703e-07,1.394040719497153e-07,5.719333411621978e-06,1.238314390039254e-07,2.388811782317996e-08
1662,1662,0.02,5744,100000.0,17.15,2.43,0.81,6.54539260048075,,79.0,0.0350948628387444,5744.0,0.529152135282386,0.0004584880749933,0.0005687165944347,1.538265969744763e-06,2.423760700102509e-05,191267002471.1573,4141193814.971846,786450883.1631383,10.855101240278792,0.380958289128269,2076222675749.0664,44953078117.13575,8537003957.242534,3.896794750455244e-05,8.437096890893922e-07,1.6022824812466797e-07,6.670300653724027e-06,1.444211884659514e-07,2.74269151098135e-08
1663,1663,0.02,5748,100000.0,17.15,2.43,0.81,6.54316908354035,,76.0,0.0280685733146058,5748.0,0.4726188487156048,0.000399967214887,0.0004545810820683,-2.2479923545161814e-05,-4.29790894661013e-05,152973724564.60162,3312091651.123485,619063362.1757507,12.162020231780517,0.3413705565294505,1860469533085.505,40281725670.47516,7529061135.535549,3.116427777734172e-05,6.747495005002429e-07,1.261174926317023e-07,5.3287692387539e-06,1.1537518718769913e-07,2.15647870939338e-08
1664,1664,0.02,5752,100000.0,17.15,2.43,0.81,6.47818811683318,,69.0,0.0268034756951751,5752.0,0.498146474366359,0.000441806764367,0.0004862793316239,4.619394437880674e-05,-3.455735929297508e-05,146078942538.70468,3162810132.03067,581675476.74441,11.546804596612931,0.3094944963622517,1686745005174.2715,36520350570.7457,6716493068.609373,2.975747486627276e-05,6.442902815082909e-07,1.1849205011162241e-07,5.082799378240001e-06,1.1004960121693949e-07,2.0239328818735024e-08
1665,1665,0.02,5756,100000.0,17.15,2.43,0.81,6.47599158286729,,62.0,0.0282555331815703,5756.0,0.5033892242728136,0.0004296599802604,0.0006281315035166,-2.3977658896430947e-05,-3.248206472297107e-05,153992655839.5584,3334152915.4253016,603365454.9427869,11.43449188511138,0.3230876648741616,1760827773564.1804,38124344455.15106,6899177398.299834,3.136694264787983e-05,6.791374738440037e-07,1.2290020921920216e-07,5.352062826467365e-06,1.1587952541709158e-07,2.0970154742563468e-08
1666,1666,0.02,5760,100000.0,17.15,2.43,0.81,6.47379735434086,,78.0,0.0368678497141266,5760.0,0.513959902983304,0.0004438926209475,0.0005718562614181,4.166453712443958e-07,-1.1204679420499184e-05,200929780941.9902,4350406266.266944,775790367.4082807,11.20709994411201,0.4131816764707187,2251840136765.417,48755437823.54481,8694360183.223978,4.092420167073818e-05,8.860652838802028e-07,1.5800844106428697e-07,6.9754448293192646e-06,1.5102797979076576e-07,2.693220926038892e-08
1667,1667,0.02,5764,100000.0,17.15,2.43,0.81,6.47160542724938,,67.0,0.0292545235296454,5764.0,0.5601970439390798,0.0003730366289429,0.0004796544234101,-6.215955604999656e-06,3.1801116436533574e-05,159437153236.56784,3452033776.498166,606476682.4383023,10.289236729044257,0.3010067179919177,1640486613055.9512,35518792723.04629,6240182156.253091,3.24704250483202e-05,7.030293863672997e-07,1.235129658358086e-07,5.528652246854979e-06,1.1970292938144726e-07,2.1030221657637096e-08
1668,1668,0.02,5768,100000.0,17.15,2.43,0.81,6.46941579759715,,76.0,0.0267595548285166,5768.0,0.5358241038733352,0.0004384549654717,0.000511513791973,7.404821268449778e-06,2.6702176770895667e-05,145839573815.4155,3157627469.76496,546419830.3446134,10.764726630072454,0.2880592924714166,1569923143969.2207,33990996511.627163,5882060098.910333,2.969862680298724e-05,6.43016139954586e-07,1.1127239469100093e-07,5.05135444912628e-06,1.093687752287892e-07,1.8926003202639204e-08
1669,1669,0.02,5772,100000.0,17.15,2.43,0.81,6.59379601998749,,63.0,0.0192843345472641,5772.0,0.6190054946793732,0.000384695661163,0.0005627458317421,-7.822553198641378e-06,5.467497705856017e-05,105099623282.58965,2275551476.57717,387773106.4134793,9.324634513930652,0.1798193714976045,980015574661.945,21218685836.71734,3615842491.6372337,2.140050832123944e-05,4.6335045539564293e-07,7.895881385075557e-08,3.636109054690931e-06,7.87267648538587e-08,1.3415702733819925e-08
1670,1670,0.02,5776,100000.0,17.15,2.43,0.81,6.59156613541509,,64.0,0.0182842513363774,5776.0,0.570285667196755,0.0004359235997044,0.0004830475649067,-7.700562155057772e-06,3.37106096744551e-06,99649169783.25696,2157541657.692536,361969093.20684725,10.12825734932457,0.1851876029745622,1009272436211.364,21852137150.998344,3666116128.500601,2.028887513106697e-05,4.392820670579638e-07,7.369801222983391e-08,3.443604579781949e-06,7.455877805766423e-08,1.2508668459735142e-08
1671,1671,0.02,5780,100000.0,17.15,2.43,0.81,6.58933858255238,,52.0,0.0147617849208773,5780.0,0.5048881039841154,0.0003648766315827,0.0005164696826702,-1.816398840267796e-05,-6.234828738497221e-06,80451727818.78151,1741890620.663526,287638472.0885023,11.44808117757088,0.1689941121000455,921017910945.248,19941305227.805367,3292908578.2616296,1.6378759964971258e-05,3.546226928195612e-07,5.855886030988187e-08,2.777022413102346e-06,6.012635683414252e-08,9.92866785483517e-09
1672,1672,0.02,5784,100000.0,17.15,2.43,0.81,6.52326209367924,,76.0,0.0174681643169694,5784.0,0.4684461491940372,0.0004644784420081,0.0004699658854522,-1.7626520953970924e-05,-5.949518069396126e-06,95201495527.48344,2061243389.4023936,334953915.8327399,12.347203643260569,0.2156829820955593,1175472252420.7983,25450591887.276,4135744209.8944,1.9380166323686022e-05,4.196072708614589e-07,6.818656118416154e-08,3.2824593070217825e-06,7.106976114285693e-08,1.1548900491076468e-08
1673,1673,0.02,5788,100000.0,17.15,2.43,0.81,6.5210617612939,,54.0,0.0143145034229377,5788.0,0.4841450805172392,0.0004552924734876,0.0004421535392276,2.488909605476656e-05,-5.883156027110483e-06,78014043655.01093,1689111403.9066584,270226886.1547413,11.955094109014508,0.1711312355450314,932665233720.4216,20193485794.31372,3230587854.765881,1.5880150242004873e-05,3.438271061571697e-07,5.5006039304191454e-08,2.686831853718385e-06,5.81736071080311e-08,9.306711605187452e-09
1674,1674,0.02,5792,100000.0,17.15,2.43,0.81,6.51886372533078,,75.0,0.0256080025487731,5792.0,0.480177651185352,0.0004316005742675,0.0005319843535788,4.017824242615496e-06,-2.485011805867332e-05,139563613890.81357,3021744300.75523,475811298.1706869,12.062202365524604,0.3088889089201713,1683444553614.9338,36448891252.58022,5739332166.337791,2.840623013888452e-05,6.150339736492428e-07,9.684476391598793e-08,4.801230683968914e-06,1.0395325150611597e-07,1.6368734950811944e-08
1675,1675,0.02,5796,100000.0,17.15,2.43,0.81,6.51666798182304,,61.0,0.0253236915087694,5796.0,0.5374929640125576,0.000442783535367,0.0005065586308476,5.710685912655138e-05,-4.820473026963765e-06,138014118722.79358,2988195598.0347967,463000711.0174861,10.783396970875671,0.2730754183070545,1488261029773.4475,32222899360.23244,4992720464.699241,2.8087687079031948e-05,6.081370780414256e-07,9.4226729908327e-08,4.742606542161705e-06,1.0268395816056537e-07,1.5910185286966588e-08
1676,1676,0.02,5800,100000.0,17.15,2.43,0.81,6.51447452681253,,53.0,0.0215420153344425,5800.0,0.5115127938446329,0.0003730504225726,0.0005386700422871,1.4299681024710835e-05,-5.15612020260319e-05,117403983572.71208,2541957809.464225,387455427.6523408,11.33891482245446,0.2442630769812522,1331233769547.8247,28823043083.78777,4393324091.647559,2.389056203306708e-05,5.172635449361311e-07,7.88433888501229e-08,4.029861965528072e-06,8.725205723528668e-08,1.3299309305519104e-08
1677,1677,0.02,5804,100000.0,17.15,2.43,0.81,6.51228335635087,,69.0,0.0240251430679882,5804.0,0.5179222144876342,0.0004189593924542,0.0004038917426422,-1.199996045421306e-06,-1.5924279808015823e-05,130937029720.53609,2834966882.022616,424975139.570644,11.206316001992176,0.2692333452129483,1467321731410.5686,31769534735.127907,4762405707.019365,2.664230307235955e-05,5.768425252364086e-07,8.647146258644367e-08,4.489301400325444e-06,9.719955325475277e-08,1.4570679457522233e-08
1678,1678,0.02,5808,100000.0,17.15,2.43,0.81,6.51009446649982,,60.0,0.0155493045927416,5808.0,0.5481432322812007,0.0003754619233205,0.0004911708083059,-1.394878606229492e-06,-4.971748582156521e-05,84743710030.44183,1834817941.9435112,270425701.78113633,10.595770699984604,0.1647568660089077,897924919748.5469,19441310189.05111,2865368727.455339,1.7241795955363282e-05,3.7330860967575546e-07,5.5020304982179274e-08,2.902239497580494e-06,6.283747903018317e-08,9.261338128672978e-09
1679,1679,0.02,5812,100000.0,17.15,2.43,0.81,6.50790785332998,,54.0,0.0103359380170911,5812.0,0.5420661304461146,0.0004086390926951,0.0005285070612385,2.1764017665577863e-05,5.652259912929069e-06,56330862193.14654,1219640686.0167508,176690581.83673495,10.721939028392692,0.1108212972204969,603976069851.7081,13076913072.018637,1894465645.3447013,1.145994711599113e-05,2.4812362563063365e-07,3.594592102637902e-08,1.927002255483356e-06,4.172225066918093e-08,6.044344724471116e-09
1680,1680,0.02,5816,100000.0,17.15,2.43,0.81,6.44331800086203,,56.0,0.0114786284586788,5816.0,0.5714578895326091,0.0004205502535223,0.0005847637211206,-1.0829614732425788e-05,1.4820614531410676e-06,62558525099.79981,1354478158.124106,193137368.27794808,10.177477827380876,0.1168234866269472,636688002116.8627,13785171421.979778,1965651283.287511,1.272563149260344e-05,2.755274341517809e-07,3.928793033779931e-08,2.1376319256772627e-06,4.6282672886223295e-08,6.599525864997574e-09
1681,1681,0.02,5820,100000.0,17.15,2.43,0.81,6.44115787871136,,60.0,0.0151440091093203,5820.0,0.5671586327605914,0.0004906889555923,0.0004942611746991,1.7810926876817533e-05,-2.1885479753918343e-05,82534849645.79614,1786993074.8998065,250737329.88606104,10.261679297151304,0.1554029647529838,846946157903.762,18337549840.852093,2572986067.114789,1.6787531372701862e-05,3.63473156326389e-07,5.0999799597795023e-08,2.817052513142269e-06,6.099306358730051e-08,8.558084594876189e-09
1682,1682,0.02,5824,100000.0,17.15,2.43,0.81,6.43899999906949,,66.0,0.0208561813046385,5824.0,0.5665805472706549,0.0004747300233015,0.0005186401173541,-3.017982830878932e-06,3.861971437012413e-06,113666188110.28036,2461029393.9473543,339703588.6222956,10.279209245808932,0.2143850516989084,1168398531759.051,25297436100.471195,3491884269.0007744,2.311767669481348e-05,5.005295137592643e-07,6.908965510674923e-08,3.875220602473664e-06,8.390385891594357e-08,1.1581512209120137e-08
1683,1683,0.02,5828,100000.0,17.15,2.43,0.81,6.43684435808265,,63.0,0.0213101181846333,5828.0,0.4876112490891578,0.0004364211883341,0.0004946823591903,4.797489701262219e-06,-2.202596083090653e-05,116140144106.2518,2514593945.786736,341365770.9337148,11.952144276586148,0.2547016070938399,1388123758661.4275,30054789637.073112,4080052945.287817,2.361884579409092e-05,5.113805144408678e-07,6.94218658424272e-08,3.955083065708368e-06,8.563299114744725e-08,1.1625006927813346e-08
1684,1684,0.02,5832,100000.0,17.15,2.43,0.81,6.4346909519073,,58.0,0.0186822349485485,5832.0,0.5670223317632503,0.0003956754723177,0.0004772361952636,-2.809209798276227e-07,4.324936745384757e-06,101818180469.5898,2204503723.9287333,294245120.7714863,10.285309190317824,0.1921525628119836,1047231467325.3108,22674002411.814068,3026402044.877146,2.0703915510134176e-05,4.482682624212537e-07,5.983240018261368e-08,3.4634366691903e-06,7.498817008522115e-08,1.0009011517492889e-08
1685,1685,0.02,5836,100000.0,17.15,2.43,0.81,6.43253977670879,,58.0,0.0163395093365367,5836.0,0.5361404274518513,0.0004058799732053,0.0004754345031005,-2.393475117226644e-05,5.829499318584627e-05,89050325884.12518,1928062101.7113345,252952580.83693272,10.885207869395575,0.1778589556121321,969331308086.12,20987356762.2316,2753441423.510101,1.810510057813719e-05,3.920003427926952e-07,5.142858122171639e-08,3.025705521412443e-06,6.551068835351713e-08,8.594690843576954e-09
1686,1686,0.02,5840,100000.0,17.15,2.43,0.81,6.43039082866171,,68.0,0.0155614446326753,5840.0,0.5970976021557897,0.0004656623695564,0.0005455129075849,-4.3364819450977337e-05,1.1370827346279697e-05,84809873248.08073,1836250466.655693,236721975.06131968,9.7806455408881,0.1522009740563533,829495308607.1256,17959714938.649693,2315293729.81372,1.7240510655238924e-05,3.7328078115930153e-07,4.812184686841568e-08,2.878374764482029e-06,6.232077471722559e-08,8.034141935594351e-09
1687,1687,0.02,5844,100000.0,17.15,2.43,0.81,6.75252544834341,,63.0,0.0140521722283882,5844.0,0.531588774583527,0.0003952400332783,0.000486749441613,-1.715908039738324e-05,4.125970709328532e-05,76584338644.71582,1658156322.9498105,210363333.95434532,10.993460131994846,0.1544819951607111,841926873625.8756,18228875428.96391,2312620925.0606136,1.5566993058312366e-05,3.370468221799742e-07,4.275971585499473e-08,2.5962623345888734e-06,5.6212652381924234e-08,7.1314633016275506e-09
1688,1688,0.02,5848,100000.0,17.15,2.43,0.81,6.68275100661512,,61.0,0.0150392087229552,5848.0,0.5405925812797857,0.0004503620498826,0.0004637991712736,2.409827485647153e-05,1.4699868001294536e-05,81963687540.10619,1774626629.308721,221520313.3818201,10.817758516322195,0.1626905282414963,886663378916.155,19197482332.49657,2396353256.6245465,1.6658938017461074e-05,3.606889332220929e-07,4.5023513228715744e-08,2.775481489837785e-06,6.009299372492819e-08,7.501194100295487e-09
1689,1689,0.02,5852,100000.0,17.15,2.43,0.81,6.68051899056651,,51.0,0.0143041717175729,5852.0,0.5177635740464291,0.0003781495871241,0.0005243588544351,3.360854538881575e-05,1.232985902764906e-05,77957735860.77257,1687892262.6736078,207251335.5865453,11.302455972839908,0.16167227106581,881113877308.6648,19077327985.765583,2342449095.7791963,1.5843148883828772e-05,3.430259758333569e-07,4.2119152510202934e-08,2.6368465653288768e-06,5.7091356827304126e-08,7.010080094901675e-09
1690,1690,0.02,5856,100000.0,17.15,2.43,0.81,6.48400425509237,,50.0,0.0129018324771048,5856.0,0.5741980222531494,0.0005045681733187,0.0004877241856367,-1.8914068048412163e-05,4.830829756746695e-05,70314987000.22144,1522416232.2983725,183828250.2817881,10.198572222560246,0.1315802703211272,717112473250.1432,15526471897.89301,1874785687.0456967,1.4288349216887473e-05,3.093624234115087e-07,3.7354799424869554e-08,2.375652388093506e-06,5.143614344863004e-08,6.2107957408796145e-09
1691,1691,0.02,5860,100000.0,17.15,2.43,0.81,6.48184465903661,,54.0,0.0149473468241305,5860.0,0.5234602920206813,0.0004590695135519,0.0004997120359064,2.051283145277459e-05,-2.612059166066691e-06,81463040191.51161,1763786925.2474074,209376191.6110469,11.194736428581823,0.1673316080027413,911957263614.9402,19745129744.323475,2343911279.5059147,1.6551853880706144e-05,3.583704142978578e-07,4.254155162264481e-08,2.749194785010314e-06,5.9523850391049e-08,7.065976579430301e-09
1692,1692,0.02,5864,100000.0,17.15,2.43,0.81,6.47968728943297,,59.0,0.0163735961345161,5864.0,0.53807850032962,0.0004537565227825,0.0005359480972007,6.245166309770866e-06,3.909686234179404e-05,89236098933.11275,1932084343.8729,225414262.25860265,10.898038104863488,0.178440074587602,972498406502.4308,21055928801.337032,2456573219.473943,1.8129143256571413e-05,3.925208998670507e-07,4.57950033833692e-08,3.0081517239011124e-06,6.513062448079472e-08,7.598721926575596e-09
1693,1693,0.02,5868,100000.0,17.15,2.43,0.81,6.47753214248278,,62.0,0.0148642939749215,5868.0,0.5921734975187377,0.000521621778577,0.0004923961588399,-2.7300951673534e-05,1.744386730176882e-05,81010402163.32251,1753986689.0407443,201058767.8131992,9.909258054586145,0.1472941247967278,802752980142.1665,17380706726.01388,1992343214.3981087,1.6456147555821836e-05,3.5629824065816085e-07,4.08423197783324e-08,2.727814007288137e-06,5.9060927130275264e-08,6.770129618949717e-09
1694,1694,0.02,5872,100000.0,17.15,2.43,0.81,6.805566799353,,42.0,0.0130980900502499,5872.0,0.5432672647931238,0.0004588058403209,0.0005340681559826,-7.805961278660668e-06,6.177223579561547e-05,71384590773.86226,1545574625.9294946,174181691.52531865,10.808676282448303,0.1415730152715088,771572933229.7231,16705615802.03804,1882673518.0264387,1.4498995345222853e-05,3.139232019699626e-07,3.537821688505559e-08,2.4010090038391565e-06,5.19851490739487e-08,5.8585726292256674e-09
1695,1695,0.02,5876,100000.0,17.15,2.43,0.81,6.73452709430865,,54.0,0.0223077996331039,5876.0,0.525000490635378,0.0004301944120737,0.0004974556055344,4.607743753368088e-05,1.319267250463389e-06,121577508000.4166,2632320356.706268,291602143.84968954,11.192370492622995,0.2496771583688989,1360740513110.4988,29461904687.53007,3263719230.408871,2.4690398428701004e-05,5.345811035938933e-07,5.9219614159944364e-08,4.08468376818681e-06,8.84390247056961e-08,9.797063316573497e-09
1696,1696,0.02,5880,100000.0,17.15,2.43,0.81,6.73228770705704,,48.0,0.0233563443611895,5880.0,0.5616014391443493,0.0003593056841928,0.0004062963427053,-1.0682531354799616e-05,8.801891437610199e-06,127292076768.48315,2756048634.6203694,300018398.14823544,10.47005863973339,0.244542295071461,1332755508139.463,28855990818.432407,3141210221.610904,2.584744771299305e-05,5.596328128684734e-07,6.092060131265352e-08,4.271918918042619e-06,9.249292336312464e-08,1.006860995080898e-08
1697,1697,0.02,5884,100000.0,17.15,2.43,0.81,6.73005061935255,,49.0,0.0220332621022155,5884.0,0.4967433189848239,0.0004585575340716,0.0005210821629927,-9.309589854946047e-06,-2.3503630121855595e-05,120081278457.07494,2599924928.061439,278032659.888095,11.845151761728602,0.2609873334066869,1422380967066.4438,30796505341.989063,3293339051.091558,2.438034618314556e-05,5.278680458002158e-07,5.6449536392266394e-08,4.025409910189359e-06,8.715566411052189e-08,9.320315696588125e-09
1698,1698,0.02,5888,100000.0,17.15,2.43,0.81,6.72781582728495,,42.0,0.0146400592218075,5888.0,0.5152304428729013,0.0004147253960248,0.0005054897010553,9.284027263900848e-06,1.2880063285741695e-05,79788322758.85136,1727526988.1732955,181423652.3735986,11.427896160733017,0.1673050765737989,911812667327.2042,19741999035.70828,2073290660.4264088,1.6197656267244816e-05,3.507015485385117e-07,3.683042653719232e-08,2.671701096657788e-06,5.7846005395526414e-08,6.074946235819113e-09
1699,1699,0.02,5892,100000.0,17.15,2.43,0.81,6.72558332695383,,52.0,0.0137688893709731,5892.0,0.5931153027443679,0.0004004875061081,0.000506881922528,1.7697959366191883e-05,9.094547783873308e-05,75040447071.80348,1624728945.7748277,167509306.7379235,9.933987494063102,0.1367799748183852,745450862760.1998,16140037028.569464,1664035358.2737122,1.5231965033642184e-05,3.297930043981243e-07,3.400160850054984e-08,2.5099103766583566e-06,5.434301365975893e-08,5.602756427691114e-09
1700,1700,0.02,5896,100000.0,17.15,2.43,0.81,6.40053728632138,,56.0,0.012584446288317,5896.0,0.5333135969856638,0.0004412100315257,0.0004511061650803,7.284534654017207e-06,7.76304604312785e-06,68585232271.32817,1484964662.0214174,150249330.9038277,11.055409112621016,0.1391262021731505,758237801843.6704,16416891856.431765,1661067822.0393872,1.3919967289034517e-05,3.0138644772588495e-07,3.0494403855142084e-08,2.2914386073381976e-06,4.9612799204753646e-08,5.019843283430725e-09
1701,1701,0.02,5900,100000.0,17.15,2.43,0.81,6.85985152170491,,58.0,0.0179152254967974,5900.0,0.5898990543606101,0.0004852505556723,0.0005391144665072,-2.585642553624222e-05,-6.506306399307714e-06,97637978957.54588,2113996608.622094,210256681.6976112,10.00171123582321,0.179182912143625,976546871182.7566,21143583632.94776,2102926615.7419024,1.981405975025488e-05,4.290016606477203e-07,4.266821679971716e-08,3.2584551371638395e-06,7.055003783217119e-08,7.016859340139539e-09
1702,1702,0.02,5904,100000.0,17.15,2.43,0.81,6.78750687303505,,48.0,0.0195055463309616,5904.0,0.6293900261711283,0.0005112766921844,0.0005149099857475,1.3220703358227616e-05,-2.853841193554008e-06,106305227503.741,2301654467.053475,225055488.6427908,9.380510898650195,0.182971989941712,997197345182.3308,21590694813.122025,2111135464.014744,2.15702504931846e-05,4.670256070084006e-07,4.566570599475198e-08,3.5436918554345163e-06,7.672580531032533e-08,7.502239737892729e-09
1703,1703,0.02,5908,100000.0,17.15,2.43,0.81,6.78525977418185,,56.0,0.0274091970722631,5908.0,0.5292603077211878,0.0004015047372538,0.0004804920614236,-2.060340782153187e-05,-1.540289360891988e-07,149380124043.83392,3234285254.527046,310816185.6231867,11.162749055257532,0.3059619887237724,1667492838544.56,36103514669.40515,3469563082.4239774,3.0306743266671e-05,6.561826982508584e-07,6.305943579243337e-08,4.97396889769755e-06,1.0769327154647904e-07,1.034936910172243e-08
1704,1704,0.02,5912,100000.0,17.15,2.43,0.81,6.78301497160964,,57.0,0.030903088606947,5912.0,0.5656471758731838,0.0004322154784231,0.0004310529369508,2.260999321920471e-05,-5.891005537915564e-05,168421832907.8614,3646564455.619751,344312162.9396877,10.45174492540108,0.3229911995268786,1760302037421.489,38112961544.17168,3598662901.758751,3.4165045466728787e-05,7.397202504722928e-07,6.984510558092308e-08,5.601677654859703e-06,1.2128402995843026e-07,1.1451756082543116e-08
1705,1705,0.02,5916,100000.0,17.15,2.43,0.81,6.78077246143176,,47.0,0.0221446707476745,5916.0,0.6131069579148933,0.0004157815367503,0.0004757774876308,-1.54281784886375e-05,-1.721792016499445e-05,120688455574.82623,2613071148.2255955,242340192.77986485,9.649213605599323,0.2136786582699784,1164548687571.3828,25214081675.85746,2338392285.355035,2.4478104181969585e-05,5.29984641004112e-07,4.915158171583609e-08,4.009548607713894e-06,8.681224508444762e-08,8.051099650961978e-09
1706,1706,0.02,5920,100000.0,17.15,2.43,0.81,6.77853223977158,,53.0,0.0216178547841428,5920.0,0.5552131776791397,0.0004441899466229,0.0004850523606357,1.2388802353405796e-06,-6.288029012055096e-05,117817308573.57858,2550906864.528857,232290857.6806401,10.662571131229878,0.2305019143405213,1256235433155.8413,27199225892.18152,2476817793.154221,2.389183979026465e-05,5.172912101378402e-07,4.71056080268805e-08,3.909753986287294e-06,8.46515541985139e-08,7.708545694945945e-09
1707,1707,0.02,5924,100000.0,17.15,2.43,0.81,6.7078053617333,,56.0,0.0214723240440543,5924.0,0.541819941971811,0.0004675071621839,0.0006412622973575,5.475133155401413e-05,-2.8308215775693056e-06,117024166040.09596,2533734237.198408,226471798.42176384,10.9335215282796,0.2347681171978633,1279486238728.3557,27702637829.34788,2476134283.5925527,2.372791090311237e-05,5.137419241407816e-07,4.5919597950204986e-08,3.879116103496514e-06,8.398820187386949e-08,7.507085330945037e-09
1708,1708,0.02,5928,100000.0,17.15,2.43,0.81,6.8439846809475,,48.0,0.02173749065689,5928.0,0.602508366903671,0.0004473486780433,0.0004990025377907,2.8700266005017783e-05,-1.313269952227307e-05,118469324080.05052,2565023897.5130205,225218557.501544,9.838867517250211,0.213872290730605,1165603984481.7974,25236930306.21139,2215895549.6838894,2.401780518016013e-05,5.200185341759441e-07,4.5659545025965574e-08,3.922659042267431e-06,8.493096641973524e-08,7.457252060228704e-09
1709,1709,0.02,5932,100000.0,17.15,2.43,0.81,6.77182526726471,,53.0,0.0237328461651468,5932.0,0.5224486539821374,0.0004647546008619,0.0004986016660592,2.5485067292788025e-05,4.637996797118101e-05,129344011600.05026,2800475847.487327,241558236.47711852,11.35422582637722,0.2694680948617478,1468601116996.5256,31797235193.686245,2742706767.1826363,2.621902820976803e-05,5.676780419729593e-07,4.896571660448584e-08,4.2779818632970285e-06,9.262419447138524e-08,7.989405476107303e-09
1710,1710,0.02,5936,100000.0,17.15,2.43,0.81,6.91085639789351,,43.0,0.0190843635995599,5936.0,0.5378938034276903,0.0004085044520013,0.0005331721070687,3.366705431915545e-05,1.212381865732687e-05,104009781617.60168,2251954904.7480726,190759929.207918,11.035635588611097,0.2106080821252978,1147814047582.873,24851753690.785137,2105157063.6478329,2.108078139152357e-05,4.564279273761065e-07,3.8663367073295456e-08,3.436254280628408e-06,7.439963396589947e-08,6.302288237880018e-09
1711,1711,0.02,5940,100000.0,17.15,2.43,0.81,6.83721920171921,,45.0,0.0198685989359092,5940.0,0.6106819425682841,0.0004131785794606,0.0006420216976338,-3.1270740218033194e-05,-3.968012327684889e-07,108283864200.70554,2344494674.4372945,194970624.9784551,9.726830917938615,0.1932585024259246,1053258838221.2892,22804503286.259106,1896446303.130252,2.1944138167341224e-05,4.751207896782138e-07,3.9511540936236855e-08,3.573500810203503e-06,7.737121020257127e-08,6.434270622583241e-09
1712,1712,0.02,5944,100000.0,17.15,2.43,0.81,6.97919329704668,,42.0,0.0164546183414785,5944.0,0.4866405941587227,0.0004199878313987,0.0003593528433343,3.226856263871065e-05,2.582971878446216e-05,89677669961.05832,1941644964.294474,158464433.87574184,12.214352997566218,0.2009825168630471,1095354716903.6068,23715936989.83956,1935540532.917801,1.817071319778372e-05,3.934209463006384e-07,3.2108458897913216e-08,2.956174106335974e-06,6.400523753167797e-08,5.223691208771107e-09
1713,1713,0.02,5948,100000.0,17.15,2.43,0.81,6.90403113461705,,49.0,0.0149717501040928,5948.0,0.4628439546012227,0.0004063828235328,0.0004430318165799,1.583154844771245e-06,-1.981222401034036e-05,81596038067.30629,1766666512.2829618,141449829.5900939,12.85098344889193,0.1924017127886438,1048589334698.109,22703402109.05997,1817769418.9108808,1.65306379645565e-05,3.5791106051700306e-07,2.8656488458095133e-08,2.6867722746971567e-06,5.8172317140232033e-08,4.657621735136387e-09
1714,1714,0.02,5952,100000.0,17.15,2.43,0.81,6.97460005777013,,59.0,0.0130864467344857,5952.0,0.5716292028680607,0.0004378683927213,0.0005085097390018,1.6124378280025746e-05,-4.347414762970923e-05,71321134702.94757,1544200714.6693234,121248169.96386848,10.412344173699951,0.1362605874102579,742620201385.9058,16078749314.410437,1262477676.0950675,1.444677972398624e-05,3.127926619138305e-07,2.45599794605071e-08,2.3458306813111303e-06,5.079046245774557e-08,3.987985866163097e-09
1715,1715,0.02,5956,100000.0,17.15,2.43,0.81,6.97230693130373,,53.0,0.0085197730904481,5956.0,0.579517227525046,0.0004856103396672,0.0004999391714699,4.287026581813567e-06,-3.479634190361234e-05,46432763342.94234,1005333224.67288,77499205.61407201,10.2775201790573,0.08756213985807,477213662226.48193,10332332503.25227,796499649.5595359,9.403921201721973e-06,2.0360783519324643e-07,1.5695736594612076e-08,1.5255277704091618e-06,3.302977557950112e-08,2.5462019022153828e-09
1716,1716,0.02,5960,100000.0,17.15,2.43,0.81,7.04440838629858,,60.0,0.010869241001848,5960.0,0.5546742467829463,0.0004174898464593,0.0004598417489833,2.8304449336940708e-05,-3.036018374500888e-05,59237363460.07207,1282570438.218074,97101489.20542178,10.745045465094853,0.1167904887359308,636508163610.8229,13781277670.839834,1043359916.240674,1.1995319672312052e-05,2.597151782262059e-07,1.9662647620393866e-08,1.9440570857560326e-06,4.209151121453429e-08,3.186685346901046e-09
1717,1717,0.02,5964,100000.0,17.15,2.43,0.81,7.43990094685642,,61.0,0.0088528161181393,5964.0,0.5697565868376342,0.0003920787690464,0.0005187295446215,-5.546886718733194e-06,-3.584845852222021e-05,48247847843.85944,1044632301.9404428,77646401.77564093,10.467627997251368,0.0926679858527536,505040522897.5072,10934822330.624924,812773649.1125273,9.768422895578318e-06,2.1149979847307186e-07,1.5720553822816304e-08,1.5816384027742171e-06,3.424464798667112e-08,2.545368060416395e-09
1718,1718,0.02,5968,100000.0,17.15,2.43,0.81,7.522604279947,,54.0,0.0048660850377945,5968.0,0.4874029908098845,0.0003959856526368,0.0005386294547884,2.6324619025801807e-05,1.9382399763377588e-05,26520163455.98046,574198034.4597604,41887377.38795396,12.2444878519998,0.0595827191320737,324725819269.80176,7030760857.584699,512889483.57893336,5.368501960466205e-06,1.1623545529082793e-07,8.479301720718032e-09,8.684042762419042e-07,1.880214763239352e-08,1.371604579460268e-09
1719,1719,0.02,5972,100000.0,17.15,2.43,0.81,7.35184377456644,,54.0,0.0039886082755652,5972.0,0.655051762316954,0.000454935488118,0.0004895604977346,2.3357630150171847e-05,3.956529153877754e-05,21737915101.83034,470655776.51669365,33684731.99819561,9.116836780770896,0.0363634906307599,198181023937.642,4290891894.42968,307098203.6315601,4.399757217049078e-06,9.526079846087913e-08,6.817794715784231e-09,7.110181455179103e-07,1.539452131580063e-08,1.101782556672522e-09
1720,1720,0.02,5976,100000.0,17.15,2.43,0.81,7.43256615550895,,58.0,0.0057082267036094,5976.0,0.4699278617053095,0.0004037148533478,0.0004941502682589,1.562052987066771e-05,-4.328613857167011e-06,31109835534.671665,673570751.0259186,47278072.3975446,12.716845471374782,0.0725906369053768,395618971134.30365,8565695154.834464,601227940.8640441,6.295727676060434e-06,1.3631116803213416e-07,9.56770949599788e-09,1.0164314323254896e-06,2.2007139268698668e-08,1.544685724585963e-09
1721,1721,0.02,5980,100000.0,17.15,2.43,0.81,7.51518993117889,,69.0,0.0053800717077981,5980.0,0.5133038643375173,0.0004160479984252,0.0004935731065819,-1.2677649429721296e-05,-2.4087875735060164e-05,29321390807.499813,634848461.5201795,43684326.63292674,11.650019443586183,0.0626779400037361,341594773020.362,7395996920.4408655,508923254.65356624,5.93294318438829e-06,1.2845638454271898e-07,8.839165565608931e-09,9.5693634349839e-07,2.0718988721616522e-08,1.4256867987861564e-09
1722,1722,0.02,5984,100000.0,17.15,2.43,0.81,7.78026610307479,,70.0,0.0011133776298404,5984.0,0.5689687129364862,0.0004712505939006,0.0005390483157151,1.8008411648290644e-05,-7.217759804258579e-05,6067908082.630548,131378560.32117514,8869981.27932514,10.517274261208792,0.0117096978893267,63817853496.83105,1381744350.940562,93288025.80645011,1.2275644725544167e-06,2.6578460139710305e-08,1.7944361948874422e-09,1.978097191186755e-07,4.282852634129121e-09,2.8915541922490347e-10
1723,1723,0.02,5988,100000.0,17.15,2.43,0.81,7.77771126427876,,60.0,0.0003644405146815,5988.0,0.5416473623733556,0.000446752278308,0.0005327240925093,-3.1394192407164336e-05,2.1457106373125804e-05,1986200805.014504,43003980.73242412,2849748.486931212,11.055163222363284,0.0040289493746467,21957774091.824696,475416026.2083144,31504434.66570735,4.017428723089257e-07,8.698286042651968e-09,5.764100687137723e-10,6.467590115468689e-08,1.4003222635326703e-09,9.279527578035379e-11
1724,1724,0.02,5992,100000.0,17.15,2.43,0.81,7.77515899697181,,2.0,0.000103430561589,5992.0,0.0513712151809942,1.6611310464019206e-05,0.0002976795681562,-0.0001118353743487,-1.8139330402011493e-05,563696560.6603042,12204806.267507505,793550.3186784805,116.6411964149303,0.0120642644496145,65750241250.399216,1423583205.0545151,92560658.58610718,1.1399813390439997e-07,2.468216477196182e-09,1.6048218456862964e-10,1.8334791386736164e-08,3.9697346488713157e-10,2.581101351905504e-11
1725,1725,0.02,5996,100000.0,17.15,2.43,0.81,7.7726092968626,,3.0,0.0002015162983333,5996.0,0.5973266858311036,0.0003128578392094,0.0002617334516487,1.1457226173910266e-05,0.0001344446555693,1098263825.9169798,23778923.20334012,1516427.1257698708,10.038058138416057,0.0020228323185089,11024436135.873894,238694213.58405864,15221983.651149122,2.2207209223655266e-07,4.80816640071802e-09,3.066259095466496e-10,3.5681990184188544e-08,7.725641911438987e-10,4.926788676808154e-11
1726,1726,0.02,6000,100000.0,17.15,2.43,0.81,7.77006215966874,,3.0,7.278547468567702e-06,6000.0,0.8785150952471844,0.0003601924663128,0.0004287899080257,-1.3494088875382e-05,-0.0001315436160607,39668083.70369398,858868.6012909889,53700.16483764625,6.829706208191907,4.971034083269633e-05,270921357.538195,5865820.218258167,366756.34917260136,8.019798996978311e-09,1.7363968470521842e-10,1.0856701103068934e-11,1.2873479967966944e-09,2.7872855710460536e-11,1.7427310113535573e-12
