,Simulation Number,ExitSlit.openingHeight,SU.photonEnergy,PG.orderDiffraction,SU.numberRays,PG.cFactor,SourcePhotonFlux,NumberRaysSurvived,PercentageRaysSurvived,PhotonEnergy,Bandwidth,HorizontalFocusFWHM,VerticalFocusFWHM,HorizontalCenter,VerticalCenter,PhotonFlux1,PhotonFlux3,PhotonFlux5,PhotonFlux7,PhotonFlux9,PhotonFlux11,EnergyPerMilPerBw,FluxPerMilPerBwPerc,FluxPerMilPerBwAbs1,FluxPerMilPerBwAbs3,FluxPerMilPerBwAbs5,FluxPerMilPerBwAbs7,FluxPerMilPerBwAbs9,FluxPerMilPerBwAbs11,AXUVCurrentAmp1,AXUVCurrentAmp3,AXUVCurrentAmp5,AXUVCurrentAmp7,AXUVCurrentAmp9,AXUVCurrentAmp11,GaAsPCurrentAmp1,GaAsPCurrentAmp3,GaAsPCurrentAmp5,GaAsPCurrentAmp7,GaAsPCurrentAmp9,GaAsPCurrentAmp11
0,0,0.02,500,2,100000.0,1.17577026432641,,2292.2,0.0003720492258521,500.0,0.0322817925248159,0.0219797714597797,0.0070192529731765,0.0001151208218724,1.4480905048699723e-06,5357508852.272357,2362512584.161768,1242644414.3465047,684570575.5681344,383210702.6278144,216532649.44600773,15.564538747545363,0.0057905649020301,83384134589.23544,36770087127.89204,19340486772.78101,10654639419.735643,5964281849.091147,3370108772.9816,1.1625319518822473e-07,5.1264429822585203e-08,2.696428277282434e-08,1.48545749407176e-08,8.315332711379961e-09,4.698566638857415e-09,6.500695087596775e-08,2.8666259587666337e-08,1.5078001105953632e-08,8.306443723040321e-09,4.649802736267137e-09,2.627364264570362e-09
1,1,0.02,520,2,100000.0,1.18413280440169,,2320.05,3.561961202692477e-05,520.0,0.0314359850077948,0.0222965805619507,0.0072085439494415,0.0001023016310566,1.1500104690982027e-05,512922413.1877168,226184536.3709723,118969504.16992871,65540086.12954159,36688200.3877325,20730614.199670214,16.723700716003908,0.0005955801852082,8576354666.998919,3781934176.072441,1989237818.595583,1095867540.7831953,613447590.7645061,346627667.7912064,1.1584561697354936e-08,5.108469915153044e-09,2.6869747270253804e-09,1.4802495502175743e-09,8.286179547413596e-10,4.682093686014282e-10,6.512423891993161e-09,2.8717980357053187e-09,1.5105205416150811e-09,8.32143052865793e-10,4.658192089411774e-10,2.6321046563472357e-10
2,2,0.02,540,2,100000.0,1.19462031821519,,2324.6,1.7819439269677466e-05,540.0,0.0323005945843192,0.0212612409197168,0.0072525738443437,2.0563620150545685e-05,-2.6511583116052247e-05,256599925.48335543,113153439.36245193,59516927.16072273,32787768.25620653,18354022.44776779,10370913.654952284,16.875204221153147,0.0003007534187816,4330849230.455847,1909784209.2635157,1004516418.7307312,553386290.558247,309776021.34510577,175038489.73092383,6.022976495004527e-09,2.655965329394356e-09,1.3969959370357715e-09,7.696025521394669e-10,4.308101242954626e-10,2.434286333397662e-10,3.407850881690107e-09,1.502767576300846e-09,7.904320795031218e-10,4.3544761266040257e-10,2.43756000565334e-10,1.3773397313497516e-10
3,3,0.02,560,2,100000.0,1.20514112000624,,2320.75,0.008774266539525,560.0,0.0343340672282465,0.0215138381132399,0.0071582929298997,0.0001748215051654,1.1767281951149344e-05,126349438169.16174,55716592525.98452,29306050242.01391,16144650432.726229,9037494535.710876,5106623126.003622,16.443312398399925,0.144283008589025,2077675323681.9612,916197104540.3092,481905248687.34375,265480735803.8062,148611498846.69586,83972710998.8126,3.064436381341575e-06,1.3513313209388198e-06,7.107789940056152e-07,3.915668709492013e-07,2.1919232449873766e-07,1.238543037458887e-07,1.7516589631569342e-06,7.72432945558787e-07,4.0628756506556673e-07,2.2382308973671938e-07,1.2529227305914182e-07,7.079621642759275e-08
4,4,0.02,580,2,100000.0,1.21534946177801,,2308.5,0.0207989501467968,580.0,0.0337569260497559,0.0216827212427285,0.0072320573158288,0.000153054495635,-6.966216734789391e-06,299504882113.8753,132073333432.16032,69468493490.30165,38270068270.106285,21422918651.20081,12104988985.435797,17.298193501765162,0.3601647117204362,5186371848774.28,2287045919424.769,1202950137146.2566,662703069565.6024,370969653072.0492,209615862221.29385,7.5290878955098514e-06,3.320118620589414e-06,1.7463301090974244e-06,9.620501199818144e-07,5.385389258593851e-07,3.043006357768565e-07,4.311345810561191e-06,1.9011837428516364e-06,9.999927088384982e-07,5.50894186905041e-07,3.08380985060974e-07,1.7425022651018146e-07
5,5,0.02,600,2,100000.0,1.21985929056978,,2351.55,0.0079202337594365,600.0,0.0346542592639877,0.0218649557439443,0.0071737897421325,0.0001169515077062,-2.2945328755637623e-05,114051366135.88708,50293484372.42242,26453580756.518253,14573230117.363348,8157840772.219701,4609576047.992103,17.48808708246006,0.1384872037075349,1994215733388.5044,879393743542.8473,462547260383.1668,254816454821.86435,142641819818.76102,80599552557.78537,2.969008841800644e-06,1.3092504267662568e-06,6.886451063620941e-07,3.793733520078603e-07,2.1236660465657402e-07,1.1999744068944278e-07,1.6945074567224124e-06,7.472307187630084e-07,3.930315906564486e-07,2.165203972478638e-07,1.2120435280722813e-07,6.848634304253087e-08
6,6,0.02,620,2,100000.0,1.22668718395639,,2342.0,0.0082681160335751,620.0,0.0374396854274322,0.0201323708500815,0.0070568246363613,0.0001193468694489,2.456401493689624e-05,119060870883.4828,52502536813.20248,27615507552.14115,15213333501.778357,8516159514.582451,4812043531.540762,16.6398010809142,0.1376046246843947,1981506595455.285,873789366745.907,459599446445.8786,253192509419.28647,141732763424.9266,80085891566.31778,3.204623527701358e-06,1.4131499583960851e-06,7.432946237862872e-07,4.094796729840625e-07,2.2921959955086109e-07,1.295202009112632e-07,1.82288016148712e-06,8.038395156557784e-07,4.228069263449293e-07,2.329235761900209e-07,1.303865671063704e-07,7.367473986010442e-08
7,7,0.02,640,2,100000.0,1.23422873606346,,2369.7,0.0093234265537352,640.0,0.037195749371466,0.0201481258716504,0.0071980097660112,1.9387468107739863e-05,1.2308790514612911e-05,132392657063.04202,59203758616.21948,31140244689.476074,17155104858.87304,9603129350.347412,5426234254.273973,17.34674002980713,0.1616243690142314,2295066040002.088,1026314743240.3704,539825392507.5334,297388838986.18604,166473100084.6585,94065382766.28276,3.6816681998667576e-06,1.6463797936023888e-06,8.659698441940124e-07,4.770612315320307e-07,2.670505806945607e-07,1.5089654171284885e-07,2.0875405557682065e-06,9.335128541639516e-07,4.910130603004091e-07,2.7049821286010565e-07,1.5142019524234177e-07,8.555976080683776e-08
8,8,0.02,660,2,100000.0,1.24231942993718,,2362.85,0.0105446136924718,660.0,0.0386190381733569,0.0206666681462401,0.0072968993952554,0.0001745739875895,3.764211690190618e-06,148679053063.85382,66958296947.19658,35219009732.85614,19402089194.148296,10860952103.246056,6136965169.018644,17.139702283943322,0.1807842138375631,2549057415109.6406,1147979757868.526,603819274217.4609,332642953461.1162,186207740252.6901,105216412453.46172,4.265663758656503e-06,1.9210613381183545e-06,1.0104480109157957e-06,5.566539940374442e-07,3.116052249231346e-07,1.7607207854880033e-07,2.424448357255434e-06,1.0918614942249651e-06,5.743019512931314e-07,3.16381913287234e-07,1.7710509276404949e-07,1.0007297474628817e-07
9,9,0.02,680,2,100000.0,1.25043238280315,,2399.6,0.0121497380767291,680.0,0.039843400608646,0.020142083419476,0.0069528963187516,0.0002340427070123,-4.344161259556414e-06,168881359266.5361,77150836787.23053,40580125176.27558,22355518061.18176,12514230219.031094,7071147560.6564045,17.179911485797312,0.208628043813643,2899929809009.64,1324788078216.6338,696817666337.5681,383875600617.1034,214886885128.05243,121421521499.54028,4.994494777060867e-06,2.2816576859234893e-06,1.2001160111786546e-06,6.611417546612946e-07,3.700956561419204e-07,2.0912201152873562e-07,2.8422066181839867e-06,1.2984181313286555e-06,6.829474895492458e-07,3.762345451409018e-07,2.1060955516039618e-07,1.1900462243043745e-07
10,10,0.02,700,2,100000.0,1.25848494585637,,2419.95,0.0142297550773242,700.0,0.0406106002242665,0.0205187426387301,0.0072253995848031,5.920239294044747e-05,-1.0286831058865775e-05,194947644559.34344,90358944741.00957,47527381958.26329,26182749342.276783,14656647729.64407,8281717455.002764,17.343929427544285,0.2467271558150658,3380162034666.4023,1566717439425.6685,824068700422.3201,453977966699.7212,254128970489.51788,143595204684.36838,5.938228249057855e-06,2.7523904658041885e-06,1.447714040281258e-06,7.975430641070403e-07,4.464507369729628e-07,2.5226633875559645e-07,3.3798662697466404e-06,1.5665803513059243e-06,8.239965942302029e-07,4.53938243528016e-07,2.5410673414883497e-07,1.4358264007244854e-07
11,11,0.02,720,2,100000.0,1.266694990595,,2411.0,0.0165616749498196,720.0,0.0414577099182281,0.0197822679034592,0.0072438359998844,0.0001446217155813,1.6227229597773887e-05,223582611822.56625,105166635931.35526,55315994332.39787,30473481907.668293,17058525198.314316,9638894820.79508,17.522639162202694,0.2900882830167248,3916191820725.7866,1842060597156.2031,968894865275.8612,533762440750.7738,298790931507.2267,168831380715.73392,7.007631381309712e-06,3.296182168245679e-06,1.7337399121166243e-06,9.551142030822123e-07,5.346563202036299e-07,3.02106775105352e-07,3.981178951931294e-06,1.8726286181306456e-06,9.849731629222608e-07,5.426199460410061e-07,3.037492089251284e-07,1.7163304814992698e-07
12,12,0.02,740,2,100000.0,1.27448555561608,,2419.75,0.0200997016948995,740.0,0.0429457941940824,0.0198572891750359,0.0074076520783962,0.0001358585302445,1.8919857316866636e-06,267326032542.1642,127633105762.61224,67133003660.96452,36983451118.6152,20702692745.74655,11698026386.431543,17.344794361643697,0.3484426304870737,4634286985478.08,2212610703592.9185,1163798385826.8262,641134440096.2157,358895909401.6859,202793610943.4769,8.614251261041354e-06,4.112819211098691e-06,2.163278136231438e-06,1.1917460391215109e-06,6.6711870668215e-07,3.769544536786517e-07,4.879343069327457e-06,2.329611164678899e-06,1.2253387858311057e-06,6.750369359069567e-07,3.778739369479159e-07,2.135171177705699e-07
13,13,0.02,760,2,100000.0,1.28257035434233,,2436.85,0.0237343835147291,760.0,0.0430403798434497,0.0195357908014534,0.0072849917124538,0.0001592460353816,7.277655185801669e-06,313293862394.4258,150713335318.53058,79272840939.1956,43671265667.10177,24446415020.171104,13813411205.572409,17.77485848144725,0.4219050837916821,5569147106050.206,2679097282077.1816,1409162979864.2188,776305354176.6952,434562236305.4327,245548758766.7591,1.037293718243465e-05,4.990011447610608e-06,2.624667438585738e-06,1.4459245769454364e-06,8.094034316596735e-07,4.573522303164369e-07,5.853706094371621e-06,2.8159874014590755e-06,1.4811650269091826e-06,8.159711525487713e-07,4.5676646039414926e-07,2.580952232518396e-07
14,14,0.02,780,2,100000.0,1.29084637328192,,2452.55,0.0275073951724392,780.0,0.0429009887570827,0.0191001895998446,0.0071947234669679,1.6701934725686916e-05,1.8264775133976485e-05,357596137241.7102,174671959344.98923,91874699875.94708,50613607117.28823,28332617027.612427,16009303990.359644,18.344113626444216,0.5043917962877814,6557093351741.156,3202887906427.411,1684668599601.1897,928080905169.5178,519523550176.41486,293556025439.4888,1.2154454714018206e-05,5.936983648770431e-06,3.122759903447755e-06,1.7203228210610386e-06,9.63006796572212e-07,5.441455879660458e-07,6.834096263981481e-06,3.338193175098647e-06,1.7558370401306266e-06,9.672874712096868e-07,5.414707039923789e-07,3.059572327413248e-07
15,15,0.02,800,2,100000.0,1.29941365924252,,2442.45,0.031609067527187,800.0,0.0458354881782838,0.0195235280140775,0.0070884482516304,0.0001137071992917,3.0816574819595844e-05,404596064347.9945,200717578797.6379,105574285540.8048,58160684250.02421,32557339553.00268,18396477300.82288,17.547992564267783,0.554464523906707,7097145906005.85,3520849726807.589,1851911509848.401,1020214723988.3408,571098459623.9082,322698352913.7035,1.410975096679048e-05,6.999759268681215e-06,3.68176314289689e-06,2.028276701476131e-06,1.1353940231089214e-06,6.415527392712546e-07,7.912079715037097e-06,3.925133296131684e-06,2.0645583006424927e-06,1.1373614590365829e-06,6.366751645693913e-07,3.59752374543093e-07
16,16,0.02,820,2,100000.0,1.30778091275259,,2471.9,0.0364657904236561,820.0,0.0470703488492631,0.0190138396078418,0.0073988172122801,4.546554501312258e-05,-1.1958390064385454e-05,459468959338.0685,231557769190.21704,121795740015.0118,67097054379.52745,37559764136.36592,21223090026.567924,17.519470499948273,0.638892530991729,8050045890495.787,4056967571797.479,2133901053512.3745,1175562257024.7815,658059306921.4811,371835453037.1864,1.642818014946216e-05,8.279281265800374e-06,4.354771563428858e-06,2.399035831350029e-06,1.3429385360274624e-06,7.588254640465853e-07,9.180932728651007e-06,4.626898637058248e-06,2.4336758185471725e-06,1.3407076365649097e-06,7.505048182944875e-07,4.240716546091181e-07
17,17,0.02,840,2,100000.0,1.31630553599908,,2485.35,0.0419143426193156,840.0,0.0473874937922289,0.0191359276289461,0.0071884414096974,0.0001509501894756,-1.3534586935411645e-06,519737848479.5152,266156075632.65497,139993904348.5146,77122390419.54099,43171772897.895226,24394147404.441765,17.83478890696167,0.747584433444765,9270046974715.086,4747161152374.257,2496932007705.514,1375555357538.3674,770011966448.1078,435094140264.8532,1.9042617991332738e-05,9.751663245561522e-06,5.12922129766543e-06,2.8256787987138885e-06,1.5817658492800578e-06,8.937744895931976e-07,1.0597551719290647e-05,5.426972049798034e-06,2.854501834066998e-06,1.5725399325399028e-06,8.802805057152719e-07,4.974012177925128e-07
18,18,0.02,860,2,100000.0,1.32489377407417,,2508.95,0.0484223849700072,860.0,0.04805691584192,0.0189483440587511,0.0072119537112513,4.379505107962096e-06,1.2240076876613854e-05,585910858137.0878,307482144559.54614,161730765799.82422,89097188344.81337,49875056519.10748,28181828052.544228,18.01778149741157,0.8720282688414276,10551542052981.271,5537379507143.066,2912574417930.368,1604532014668.227,898189116906.6705,507520452465.7111,2.1982282178160623e-05,1.153615634969586e-05,6.067836568186486e-06,3.3427602651087228e-06,1.8712190614467304e-06,1.0573296055941718e-06,1.217553007225568e-05,6.3896376825474025e-06,3.36084879680446e-06,1.8514855647066488e-06,1.0364294193738308e-06,5.856329340539509e-07
19,19,0.02,880,2,100000.0,1.33329262758449,,2511.45,0.0545214320939818,880.0,0.0479302370321249,0.0190461761198803,0.0072824734773083,4.840672853648173e-05,-1.6496931182865194e-05,648805041918.384,346211093796.7848,182101583193.89932,100319435052.9266,56157075056.80131,31731473478.69744,18.516618819469397,1.008760722141076,12004252593478.805,6405630585595.834,3369260811951.193,1856119728739.5796,1039023543805.3082,587098740286.1062,2.491536466398246e-05,1.3295173581200724e-05,6.993051930899279e-06,3.852459746363673e-06,2.156539966714448e-06,1.2185497675998142e-06,1.3723917080060156e-05,7.323266677174957e-06,3.851922945159741e-06,2.122017430866445e-06,1.1878684531480646e-06,6.712033395457992e-07
20,20,0.02,900,2,100000.0,1.3422067252821,,2516.95,0.0606869556507079,900.0,0.050186897404103,0.0184188164017975,0.0071975606751577,0.0001211158078259,-1.6285793449701816e-05,710037381113.2842,385362168381.996,202694431873.3649,111663998397.3028,62507564320.22929,35319808188.71208,18.040018217620126,1.09457551552453,12806533531637.004,6950554523580.766,3655882221851.931,2014018948565.136,1127412780990.266,637042950035.2766,2.7890600049220983e-05,1.5137206009619932e-05,7.961931979863083e-06,4.386214024834752e-06,2.455326329119454e-06,1.3873785665509922e-06,1.5270474932217375e-05,8.287821864921397e-06,4.359263784068892e-06,2.401510587630767e-06,1.3443238615541792e-06,7.596082402179926e-07
21,21,0.02,920,2,100000.0,1.35104631264484,,2515.15,0.0670979964684343,920.0,0.0506783125340404,0.0188514318540206,0.0073451999385763,8.634416401907995e-05,-8.07374073105216e-06,771626959386.9952,426072277574.5584,224107308204.5708,123460313501.91924,69110936362.48741,39051033944.628815,18.26324893908343,1.2264747048102858,14104459105318.287,7788114375545.314,4096425514066.3545,2256713456850.927,1263268945954.5945,713808278199.5863,3.099138174096219e-05,1.7112632526531296e-05,9.000975218679454e-06,4.958621078553952e-06,2.775749842886179e-06,1.5684334063686952e-06,1.68545582688858e-05,9.306647391949983e-06,4.895149966789442e-06,2.696729323021728e-06,1.5095821753871628e-06,8.529872097818728e-07
22,22,0.02,940,2,100000.0,1.36010248136541,,2541.15,0.0744030810620987,940.0,0.0496614529942177,0.018401663414538,0.0072011743536644,7.082701493813846e-05,-4.977852257053585e-07,833314507895.5067,472459564744.32745,248506290747.4101,136901669154.26189,76635173493.96178,43302593178.14151,19.040496297704333,1.4167054306951106,15867100823785.238,8996079484913.953,4731796138521.67,2606737992479.004,1459206593615.9636,824522560664.5543,3.420158756727409e-05,1.939107866537415e-05,1.0199402006669236e-05,5.618832243195028e-06,3.145324570918956e-06,1.7772610682279926e-06,1.846758108143073e-05,1.0470458916704024e-05,5.50729650106952e-06,3.03395974909219e-06,1.6983579030244329e-06,9.596546597672031e-07
23,23,0.02,960,2,100000.0,1.36926953155921,,2550.45,0.0821591237925726,960.0,0.0505198076215833,0.0180916421741381,0.0074939512952838,6.928301522302492e-05,-3.7361638126152216e-06,903750361718.2994,521710436082.83655,274411473467.19272,151172787778.33377,84623897506.34987,47816610047.2773,19.148523675214317,1.5732532334677003,17305785568144.707,9990158032519.898,5254665799782.12,2894785949580.569,1620450830471.7312,915633381878.2018,3.789140644452868e-05,2.187367553843245e-05,1.150520886588416e-05,6.338198896175704e-06,3.5480135125331387e-06,2.00479986824688e-06,2.0301195758894884e-05,1.1719326642634772e-05,6.16418125770081e-06,3.395836381487871e-06,1.9009301483328848e-06,1.0741178119706205e-06
24,24,0.02,980,2,100000.0,1.37836355581004,,2556.85,0.090064466093277,980.0,0.0516712624341038,0.0182449454336727,0.0071519566122216,9.374938125142064e-05,1.6143001014490024e-05,963689787198.0648,571909359692.3093,300815316751.5454,165718617611.62982,92766400076.07538,52417519266.28726,19.092504158655423,1.7186097122451358,18389123921022.945,10913171672756.611,5740156438898.752,3162241870531.0493,1770168003612.4895,1000230852526.6688,4.125077710974358e-05,2.448060136886652e-05,1.287641079874239e-05,7.093591577750298e-06,3.97086919841457e-06,2.243733857744932e-06,2.1922019549590985e-05,1.3009796648589045e-05,6.842948158470456e-06,3.769767847780132e-06,2.1102504800073564e-06,1.192393960547846e-06
25,25,0.02,1000,2,100000.0,1.38719560853008,,2559.55,0.0986944049929949,1000.0,0.0557382019933867,0.0179471004724809,0.0073482145583494,-3.264895029267092e-07,3.1497303532256784e-05,1036291252426.4471,626709471705.518,329639312676.6032,181597705187.1108,101655237142.78482,57440143705.92307,18.096146897771384,1.7865470110144552,18758743615651.785,11344573519941.793,5967067016788.28,3287246500266.5986,1840143421344.889,1039770360410.4132,4.526376073831854e-05,2.7373798160792644e-05,1.4398186749141326e-05,7.931935215095821e-06,4.440159386711247e-06,2.508905595209656e-06,2.385036611130681e-05,1.4423792838742686e-05,7.586687886834736e-06,4.179492728076621e-06,2.339607342347239e-06,1.321991721598149e-06
26,26,0.02,1020,2,100000.0,1.39664356222928,,2555.5,0.1069665477339123,1020.0,0.0543225148297437,0.0179651202866394,0.007186763757864,7.638228466618502e-05,-4.1846512451629446e-06,1091058786885.9064,679237578110.3438,357268269431.26746,196818447830.39886,110175544165.92972,62254530781.13704,18.880340863951783,2.01896000071081,20593392007250.254,12820396004513.64,6743326402374.104,3714886401307.889,2079528800732.1333,1175034720413.691,4.862331335301253e-05,3.027039605800289e-05,1.5921751627359004e-05,8.771264369563041e-06,4.910001250353225e-06,2.7743890560248326e-06,2.5392652281047457e-05,1.5808170782808958e-05,8.314848884186128e-06,4.580635313443854e-06,2.5641599852430277e-06,1.448874865448002e-06
27,27,0.02,1040,2,100000.0,1.40604835471862,,2560.0,0.1153374833450539,1040.0,0.0534809815097559,0.0181972516665649,0.0073313504459353,0.0001356687102689,2.123761736518896e-06,1149914708950.1882,732393019241.093,385227194372.4804,212220969354.89932,118797607845.4056,67126415306.82143,19.537760951883747,2.253528457435148,22467678720628.43,14309905704713.191,7526785047833.394,4146492361680.672,2321134311158.2026,1311553562227.2563,5.225107082918171e-05,3.3279267779870005e-05,1.7504370769254458e-05,9.643126411804853e-06,5.398054458782063e-06,3.050162810690448e-06,2.705267921259545e-05,1.7230141725173632e-05,9.06278320662676e-06,4.992670988081808e-06,2.794810390067534e-06,1.5792035407954414e-06
28,28,0.02,1060,2,100000.0,1.4155721082738,,2556.9,0.1246433238274491,1060.0,0.0573483482588244,0.0177110532677219,0.0071926343137911,6.788896714143794e-05,-2.1237722628379925e-05,1210286674364.532,791485106304.3022,416308701583.6803,229343715842.50653,128382623542.27266,72542414467.57545,18.586298372964183,2.317537850219182,22503292525628.25,14716365348891.8,7740576419732.065,4264269644403.296,2387063985725.757,1348807028827.564,5.605806698210523e-05,3.666001290796791e-05,1.92825894665532e-05,1.062274389774188e-05,5.94642729058377e-06,3.3600200806987903e-06,2.8763411016498965e-05,1.8810263641067807e-05,9.8939024505774e-06,5.450533086545632e-06,3.051113629968479e-06,1.7240273132443252e-06
29,29,0.02,1080,2,100000.0,1.42522230999383,,2592.85,0.1361963178593785,1080.0,0.0577487424683908,0.0176031668977858,0.0072759857075641,3.443171956707731e-05,-6.666997262012397e-08,1284331277413.94,864846618407.0538,454895701650.3244,250601224861.25653,140282207395.1599,79266256994.15833,18.860517831447048,2.569195060310702,24227509418729.914,16314388632972.955,8581111501437.744,4727318910971.691,2646270912120.0225,1495271525100.828,6.061896361508866e-05,4.081976871217527e-05,2.147055551160085e-05,1.182809046148071e-05,6.621159334415833e-06,3.741276439446616e-06,3.081187240395221e-05,2.0748185553032505e-05,1.091321885781552e-05,6.012072664185796e-06,3.365453719625744e-06,1.9016447231283332e-06
30,30,0.02,1100,2,100000.0,1.43421228863291,,2593.8,0.1458357366402797,1100.0,0.0564926568525379,0.0175100724152008,0.0070962261230316,0.0001045623308682,-7.489602507840937e-06,1332938632892.1577,926056927665.7769,487091360378.53455,268337755418.11493,150210808739.48822,84876398724.64287,19.59028672121597,2.856573767759452,26109084237321.383,18139243425272.52,9540956384316.568,5256095732677.392,2942270980792.236,1662525932836.001,6.408528135700781e-05,4.452314404999996e-05,2.341847261842517e-05,1.290119449637794e-05,7.221864310472435e-06,4.080703911354328e-06,3.225899948674023e-05,2.2411886951947532e-05,1.1788299593622798e-05,6.494153069540701e-06,3.635313946536372e-06,2.0541288513438523e-06
31,31,0.02,1120,2,100000.0,1.44409865044327,,2590.9,0.1551383266084972,1120.0,0.0583859137882199,0.0180878297839392,0.0071601215266253,1.3558472115321148e-05,-4.017165369907313e-06,1372974190485.2007,985128373963.9574,518162010872.38086,285454520959.63495,159792476406.7522,90290506086.1454,19.29004061751533,2.992193261928536,26480910368067.547,19000427213246.207,9993925494841.312,5505635601948.506,3081959059786.392,1741456478442.4077,6.721523005383679e-05,4.8227876931284015e-05,2.5367103771730493e-05,1.397469189819884e-05,7.822789486491739e-06,4.420255806930284e-06,4.20605521121105e-05,3.0179040216034093e-05,1.5873699893158087e-05,8.74479275551224e-06,4.895182901183482e-06,2.7660159694065886e-06
32,32,0.02,1140,2,100000.0,1.45381420065885,,2617.65,0.1655594093847804,1140.0,0.0594389059011177,0.0178459349783675,0.0072055642622939,2.838535273221624e-05,1.2624030672102615e-06,1417188544333.7205,1051302249593.3558,552968427345.1667,304629313267.996,170526191666.32382,96355576261.9422,19.260974143721395,3.1893439471491787,27300784187596.97,20252334064397.28,10652408783478.254,5868392862754.487,3285024265563.6533,1856198177240.8215,7.062647506888877e-05,5.239230335133688e-05,2.755752648715987e-05,1.5181391837237772e-05,8.498279126279838e-06,4.801940244169773e-06,4.412869242419315e-05,3.2735653842713374e-05,1.7218438399159474e-05,9.485606782770491e-06,5.309877709920436e-06,3.000338667158927e-06
33,33,0.02,1160,2,100000.0,1.46375114566509,,2622.25,0.177031034576634,1160.0,0.0591413116504099,0.0175936861892291,0.0072340841600177,4.787096322913667e-05,-5.930563059589462e-06,1462276345602.9976,1124147069561.6265,591283655485.9579,325737103621.0068,182341965613.9331,103032062123.60104,19.752527352305798,3.497068151667895,28885782932776.81,22206382763091.133,11680207626570.77,6434605399068.928,3601980196217.932,2035293664270.7148,7.415193541342138e-05,5.700542250305395e-05,2.998395451341736e-05,1.6518106678050278e-05,9.24654884695206e-06,5.224748960122427e-06,4.727497213511872e-05,3.6343350249153005e-05,1.911602989483009e-05,1.0530986528888432e-05,5.895063111279937e-06,3.3309968259853625e-06
34,34,0.02,1180,2,100000.0,1.47374179461199,,2623.4,0.1878267611058141,1180.0,0.0618082846561719,0.0173161065844715,0.0072411182301828,8.157262873517818e-05,-1.5994529991184362e-05,1506370624068.63,1192699933021.9204,627341382093.4194,345601240434.6981,193461563938.98868,109315174963.5839,19.200797241006235,3.606227532151504,28921944807855.05,22899544829162.043,12044799957386.02,6635458659158.767,3714414358116.049,2098824423712.175,7.771637860017835e-05,6.153354165974221e-05,3.2365673880872286e-05,1.783019159904341e-05,9.981031166855824e-06,5.639767125349601e-06,4.952185441226598e-05,3.9209947072055975e-05,2.0623814680419997e-05,1.1361622458674489e-05,6.360038658931915e-06,3.5937305820372565e-06
35,35,0.02,1200,2,100000.0,1.48319437300648,,2612.65,0.1978899976710295,1200.0,0.0600249743887161,0.0174219955602291,0.0074075112129291,0.0001107251756112,-1.116379312202895e-05,1511879582206.6665,1256601485211.0378,660952592221.2389,364117595714.6946,203826697601.16052,115171978644.53926,20.148923432360235,3.986212923469116,30454666735304.043,25312452064028.89,13313951164386.848,7334631779183.172,4105799311173.19,2319975921459.026,7.932263968567904e-05,6.592915733037461e-05,3.467769850133089e-05,1.9103881809116425e-05,1.0694020795320604e-05,6.042640876579216e-06,5.0515033168389056e-05,4.198566238472127e-05,2.208379722282977e-05,1.2165924218564906e-05,6.810272796261874e-06,3.8481347256547685e-06
36,36,0.02,1220,2,100000.0,1.49333246877473,,2663.7,0.2130671692165587,1220.0,0.0634792937344058,0.017656668886975,0.0073598478116937,5.007573615850018e-05,-2.844758377097639e-06,1578827723894.7007,1352976524525.148,711644345183.306,392043591358.46814,219459184293.05548,124005092484.0372,19.33199667001876,4.11832712106944,30516803967124.555,26151377218790.95,13755212584371.934,7577721902767.77,4241876934701.5225,2396866384462.4146,8.422500123236241e-05,7.217662048927144e-05,3.7963765737664034e-05,2.0914170346497548e-05,1.1707388835267647e-05,6.615243011772594e-06,5.358515756212518e-05,4.59198043885958e-05,2.4153093961875587e-05,1.3305896074805716e-05,7.44840921578798e-06,4.208712780183112e-06
37,37,0.02,1240,2,100000.0,1.50355521895399,,2630.5,0.2218060328982862,1240.0,0.0627274185605528,0.0176550647166125,0.0073617586812525,0.0001226681965103,-3.661622952676168e-06,1572604773248.8494,1408468308904.117,740832149880.2759,408123100532.8466,228460213885.2348,129091111146.80258,19.950326409564475,4.427047444963766,31387766384793.09,28111751275519.91,14786338466178.977,8145767298733.326,4559858868312.677,2576541612968.911,8.526519957645666e-05,7.636586986043721e-05,4.016724493446618e-05,2.2128063077669995e-05,1.2386904875000052e-05,6.999202560436921e-06,5.418888429157189e-05,4.8533062799926864e-05,2.552762673255996e-05,1.4063123708955185e-05,7.872292076208609e-06,4.448227173158651e-06
38,38,0.02,1260,2,100000.0,1.5138667440428,,2646.2,0.2349389842384311,1260.0,0.0640002756259604,0.0171959462984871,0.0071272405686458,4.941017629924147e-06,2.2530247246126506e-07,1588187533451.795,1491862549914.038,784696207356.3604,432287730998.7134,241987153765.5841,136734488826.76694,19.78133121796313,4.647366117072981,31416194951413.355,29510774843413.43,15522202831023.76,8551153655414.284,4786787100585.171,2704767080136.476,8.750536724741955e-05,8.219808905637783e-05,4.323490038555936e-05,2.3818028954918932e-05,1.3332918382373097e-05,7.533746115088488e-06,5.553219764931415e-05,5.2164120572950425e-05,2.743750593915817e-05,1.5115272732949413e-05,8.46126680159668e-06,4.7810264840089984e-06
39,39,0.02,1280,2,100000.0,1.52426622902487,,2689.75,0.2510394817469937,1280.0,0.0650476192397149,0.0171386147234461,0.0072562609415299,4.209315940561377e-05,2.206370017590317e-05,1594100709093.4104,1594100709093.4104,838471869034.9591,461912646414.46857,258570666199.4036,146104978376.75034,19.80799969806059,4.970309700840196,31561466600335.25,31561466600335.25,16600834400806.26,9145369849545.965,5119418991865.403,2892720245888.9937,8.921877641752477e-05,8.921877641752477e-05,4.692767137551696e-05,2.5852369859566235e-05,1.4471707040952832e-05,8.177216988188886e-06,5.653260381423476e-05,5.653260381423476e-05,2.9735259329062052e-05,1.638110094774677e-05,9.1698554218365e-06,5.181413451950334e-06
40,40,0.02,1300,2,100000.0,1.53429754702107,,2675.7,0.2620958653057664,1300.0,0.0648369477375694,0.017127137259376,0.0071396861774623,5.553940645012137e-06,4.980565929319626e-06,1598784778365.1755,1664308744691.6167,875400190121.26,482256392162.6102,269958741264.93936,152539793607.95605,20.16850155863568,5.284325944193158,32234388259578.27,33555469745626.555,17649648653605.15,9723159737315.412,5442855722518.955,3075477699520.4185,9.088240444972632e-05,9.460709315668232e-05,4.976184112493212e-05,2.741370888319614e-05,1.5345717472658707e-05,8.671075309793561e-06,5.747737007845066e-05,5.983299999969863e-05,3.147121574787297e-05,1.7337436220385114e-05,9.705195275541664e-06,5.4839064566652925e-06
41,41,0.02,1320,2,100000.0,1.5451051452317,,2713.45,0.278414767509467,1320.0,0.0661381135042915,0.0173380000177039,0.0073468065456592,9.736944409144309e-05,1.85774013974786e-05,1600884913179.435,1767933773685.1147,929905323481.6198,512283172217.41925,286767210534.7509,162037394690.5098,20.061615214157943,5.588920152640348,32136290877681.99,35489642969266.2,18666993309818.76,10283613080858.238,5756587757219.557,3252751528836.682,9.239165638914934e-05,0.0001020325248818,5.366750127647979e-05,2.9565330044527785e-05,1.6550157579273712e-05,9.351642437997376e-06,5.906016797681085e-05,6.522296811352155e-05,3.4306254094356226e-05,1.8899253752579475e-05,1.0579473568020027e-05,5.977916132609377e-06
42,42,0.02,1340,2,100000.0,1.55521345874571,,2698.3,0.2895203043323567,1340.0,0.0664777103613459,0.0176063616255569,0.0072035276874503,5.944334697435303e-05,7.681063987123494e-07,1534457612961.4907,1838453932510.465,966997816470.0717,532717359971.5363,298205913462.32745,168500817121.43158,20.23697584587023,5.862470567951288,31071094010141.824,37226688106490.68,19580651696957.3,10786945845030.371,6038344684989.826,3411957870547.6504,8.989643922702347e-05,0.0001077061111493,5.665171830533176e-05,3.1209329844853435e-05,1.747044007619513e-05,9.871646722665598e-06,5.850188389129256e-05,7.009187975654862e-05,3.686722494281455e-05,2.0310087992448736e-05,1.1369234039251194e-05,6.424169136741935e-06
43,43,0.02,1360,2,100000.0,1.56621058572968,,2714.15,0.3040945349287637,1360.0,0.0672374529227908,0.0165171382648221,0.007321578750287,5.867807215406656e-05,4.248630642298452e-06,1520472674643.819,1931000296797.6504,1015675746662.071,559533944268.9254,313217370976.6267,176983019328.54056,20.37954111522456,6.199504713919675,30997523569598.383,39366854933389.945,20706345744491.715,11407088673612.2,6385489855337.266,3608111743501.251,9.039007354915724e-05,0.0001147953934073,6.038056913083704e-05,3.3263547066089874e-05,1.862035515112639e-05,1.0521404561121904e-05,5.9154765133030335e-05,7.512655171894853e-05,3.951538310886427e-05,2.176895356895517e-05,1.2185881617404253e-05,6.885614661484733e-06
44,44,0.02,1380,2,100000.0,1.57645288509541,,2698.85,0.3153630038236945,1380.0,0.0682681339724012,0.0173308828547659,0.0072057402305368,0.0001287685844337,-2.5570627296534464e-05,1479052487933.1272,2002555074280.4604,1053312432771.14,580267927035.5979,324823893938.40533,183541268225.3902,20.34958470889465,6.4170899695778205,30096151957319.977,40748521306819.16,21433080498389.92,11807445544023.191,6609602668665.155,3734746362294.292,8.91945914923545e-05,0.000120764532191,6.352024212888361e-05,3.4993187280582584e-05,1.958857766250003e-05,1.1068497281140795e-05,5.8341123231215416e-05,7.899064659237058e-05,4.154783616039649e-05,2.2888628303931e-05,1.2812656061439636e-05,7.239772648308609e-06
45,45,0.02,1400,2,100000.0,1.58764002600254,,2740.2,0.3334253875563263,1400.0,0.0681458417879184,0.0161162464898649,0.0073406298296341,8.043226135748958e-05,9.755459348961716e-06,1433729166492.2034,2117251210982.6724,1113640794438.1296,613502713103.6404,343428149183.0161,194053575557.78192,20.71403241921556,6.907290116145707,29701347499426.54,43861292237525.234,23070348987926.664,12709413813708.102,7114508819630.076,4020042847596.802,8.770155789949394e-05,0.0001295127657352,6.812167520565343e-05,3.752810849652763e-05,2.1007582473599712e-05,1.1870303883140803e-05,5.730996664250465e-05,8.463216004183827e-05,4.451518339208501e-05,2.452333456330432e-05,1.372773619576274e-05,7.756837345566908e-06
46,46,0.02,1420,2,100000.0,1.59801278952994,,2725.2,0.3447833374693202,1420.0,0.0701595180080175,0.017710137159795,0.0071554645217376,6.83807558178757e-05,1.0678882003423832e-05,1337759349380.9626,2189374192930.184,1151576347147.5295,634401340943.5492,355126837593.3998,200663902407.1444,20.356035986304544,7.022912903428859,27248902065303.977,44595496936773.26,23456529097452.39,12922159742309.1,7233600290531.724,4087335309795.5967,8.296355391988939e-05,0.0001357779812863,7.141707992072955e-05,3.934354103417435e-05,2.202383003543456e-05,1.244453308798341e-05,5.416556059621027e-05,8.864724479018948e-05,4.662705474003667e-05,2.568676069511002e-05,1.4379001910849634e-05,8.124834089431538e-06
47,47,0.02,1440,2,100000.0,1.6093916073593,,2747.15,0.3608756593920854,1440.0,0.0710612434789822,0.0164360009354616,0.0073864179250945,5.275183696533128e-05,-1.966894156702073e-05,1284717347435.8245,2291560437139.742,1205324702369.5654,664011213281.4373,371701929173.8481,210029633766.1937,20.358944911893325,7.349091466691216,26162765621420.727,46666730813489.22,24545965498748.66,13522328298711.838,7569564210691.95,4277171233614.287,8.077251637622744e-05,0.0001440745727496,7.578095637544933e-05,4.174759273378047e-05,2.3369576367279285e-05,1.3204945092967518e-05,5.266638028310099e-05,9.394143674092451e-05,4.941171633302173e-05,2.7220825764299387e-05,1.5237744857189337e-05,8.610065540664264e-06
48,48,0.02,1460,2,100000.0,1.61989146064109,,2748.35,0.3743463702745511,1460.0,0.0704654789105006,0.0166254359712197,0.0071599105127132,-1.8707469551393317e-05,-1.025852540485079e-06,1182934530067.5813,2377099451243.3994,1250316876717.0007,688797321305.1741,385576761382.7877,217869587499.78876,20.862908987817868,7.810013489767448,24679642627665.137,49593585660023.3,26085445055823.28,14370424821172.104,8044313894460.472,4545427851044.655,7.536193368161065e-05,0.0001514393287588,7.965470205587958e-05,4.388163227030493e-05,2.456417458609461e-05,1.3879951076802976e-05,4.907647849798502e-05,9.861887293107155e-05,5.187197410862976e-05,2.8576177353257103e-05,1.599644710535588e-05,9.038769141084588e-06
49,49,0.02,1480,2,100000.0,1.63146370843972,,2741.4,0.3868907865744788,1480.0,0.0712347044309353,0.0172335803329918,0.0073962282507952,5.827362285547963e-05,-1.2966580614282606e-05,1075556386677.0514,2456756494747.9414,1292215227158.7593,711879047297.0413,398497510171.71326,225170437786.34677,20.9272115680599,8.095534211006568,22505585106598.258,51406642239891.7,27039084264761.94,14895782948252.084,8338400237336.766,4711600910805.823,6.942151842101541e-05,0.0001585707345227,8.340570918208324e-05,4.5948055357794345e-05,2.5720922292678364e-05,1.4533569683824089e-05,4.5138151454671227e-05,0.00010310333156,5.423072872611579e-05,2.9875611034746426e-05,1.6723847481406963e-05,9.449785664251316e-06
50,50,0.02,1500,2,100000.0,1.642094071436,,2772.4,0.4052268929593806,1500.0,0.0737058082295902,0.0168202822345182,0.0072560007733557,0.000103370941937,-4.2952684868741046e-06,948230929524.9508,2573190770292.0674,1353457822484.3315,745617483045.2604,417383699748.1621,235842051702.3596,20.480998428418783,8.2998205718418,19421580138109.805,52703860631195.42,27721400709951.6,15271669852188.91,8548815188997.053,4830495572811.928,6.198482351293133e-05,0.000168206679191,8.847406433042336e-05,4.874020310418531e-05,2.728391804201679e-05,1.5416738155780355e-05,4.026885782036101e-05,0.00010927660135,5.747777141880588e-05,3.1664401021138565e-05,1.7725181006398218e-05,1.0015587714294918e-05
51,51,0.02,1520,2,100000.0,1.65386866368164,,2752.65,0.4171092366422159,1520.0,0.074233453287843,0.0167758898021277,0.0072986125946501,8.427665950723004e-05,8.811144007286331e-06,809191919085.8989,2648643652678.072,1393144850385.0017,767480995421.6775,429622513741.48254,242757575725.76974,20.59968645560462,8.58902869718861,16662715672545.902,54540332227147.67,28687355848609.96,15803812802827.045,8846699558104.27,4998814701763.771,5.355792073206085e-05,0.0001753055652827,9.220796662117692e-05,5.079720316855256e-05,2.84353909041354e-05,1.6067376219618258e-05,3.4776431515957224e-05,0.00011383007223,5.9872825393452126e-05,3.298383195327901e-05,1.8463775495585536e-05,1.0432929454787164e-05
52,52,0.02,1540,2,100000.0,1.66576883018961,,2758.3,0.4327287556385472,1540.0,0.073728778165207,0.016668041638102,0.007329903961027,5.4139542614527615e-05,2.473200586956697e-05,688038721465.2899,2747827598304.7744,1445314043832.7476,796220910374.9269,445710618307.7036,251848135781.63443,21.03067064375288,9.09273596550133,14457450185147.111,57738873380933.44,30369738124774.445,16730634176522.447,9365518044466.371,5291972331921.775,4.609252708453375e-05,0.0001840802182306,9.682329588826328e-05,5.33397797707812e-05,2.9858681067339466e-05,1.6871604253584053e-05,3.009714187139839e-05,0.000120199277285,6.322292694998152e-05,3.4829396882624545e-05,1.949689064625179e-05,1.1016689666134508e-05
53,53,0.02,1560,2,100000.0,1.67662025268967,,2766.45,0.4491096990933217,1560.0,0.0736166397082001,0.0160832481211573,0.0072133370247003,5.295299273080378e-05,4.351440936388758e-06,529949444930.11975,2851846589242.593,1500026394971.694,826361846331.7122,462582990066.1214,261381844872.3133,21.344630804966364,9.588793184392792,11314775957583.494,60888836720894.24,32026569235871.93,17643379459282.74,9876456979924.572,5580677633316.604,3.5923267106134094e-05,0.0001933158865456,0.0001016811119783,5.60159419282091e-05,3.1356750101117046e-05,1.7718085979466133e-05,2.3435920740562595e-05,0.0001261170311038,6.63355722656602e-05,3.654414759545353e-05,2.0456778273541915e-05,1.1559072772040192e-05
54,54,0.02,1580,2,100000.0,1.68872777614473,,2804.9,0.470522219517555,1580.0,0.0734970917868736,0.0161178361989545,0.0071751862845344,-2.344851381515462e-06,2.2425625757830945e-05,353832709077.2013,2987816093936.474,1571544213188.6335,865760883912.3011,484637886103.08167,273843931759.2171,21.71178446817992,10.220160524016842,7685560714060.666,64898019327506.94,34135336150216.25,18805095364190.984,10526765339737.346,5948133424977.801,2.4259338726049548e-05,0.0002048494692957,0.0001077475948736,5.935795645735529e-05,3.322755171254126e-05,1.8775179705533022e-05,1.5813469662093256e-05,0.0001335312930242,7.023535727578653e-05,3.8692532151930304e-05,2.1659406585047945e-05,1.2238616148056216e-05
55,55,0.02,1600,2,100000.0,1.69972180784833,,2816.55,0.4880535964789664,1600.0,0.0754444893620188,0.0166523612188907,0.0072647857261032,9.904239659058802e-06,-2.6875178931094363e-06,168378490785.24344,3099140337641.437,1630099012239.748,898018617521.2982,502695204373.3356,284047193150.7584,21.361285791856965,10.420765958341708,3595164255627.8896,66171863835469.84,34805358300861.305,19174209363348.742,10733388937091.96,6064885787754.874,1.167402792101036e-05,0.0002148697892707,0.0001130181253801,6.22614822453886e-05,3.485289495258166e-05,1.969357753631313e-05,7.602252558197773e-06,0.0001399255181001,7.359861896921903e-05,4.054534697705481e-05,2.269658010128612e-05,1.2824669532959728e-05
56,56,0.02,1620,2,100000.0,1.7120423565671,,2807.1,0.5021717440892352,1620.0,0.0763218452224464,0.0164329658279538,0.0073411365603423,5.364643941865119e-05,-1.8165806162664795e-05,21492950647.019264,3188790574966.643,1677253625258.0452,923996009124.1927,517236896411.9121,292263955059.9348,21.32311780913351,10.708642399590223,458329894702.4616,67999879237397.92,35766865614631.35,19703902015246.01,11029901671577.932,6232429876561.512,1.5061555403643662e-06,0.000223459992554,0.0001175364370283,6.475061201566433e-05,3.624626650876863e-05,2.04809001049547e-05,9.800260201094003e-07,0.0001454010567217,7.64786660552663e-05,4.213195974302096e-05,2.358473833440847e-05,1.3326522049151191e-05
57,57,0.02,1640,2,100000.0,1.72316997258232,,2832.2,0.5230345016642212,1640.0,0.0789226598069489,0.0168866312272397,0.007289983179825,0.0001094215751223,8.817824446416083e-06,22385876671.22867,3321269085567.804,1746935235558.499,962383483062.167,538725536714.1478,304406079968.5768,20.954544170608575,10.960726975098233,469119114534.20447,69600616291873.79,36608828096828.1,20167737634180.758,11289548784351.182,6379143099507.172,1.5852725065912829e-06,0.0002351981405806,0.0001237105180376,6.815190215252244e-05,3.815024957450984e-05,2.1556742963460897e-05,1.0305054812932106e-06,0.0001528904160329,8.041795111026453e-05,4.43021048032595e-05,2.4799547797476787e-05,1.4012948367117953e-05
58,58,0.02,1660,2,100000.0,1.73570025312257,,2821.65,0.5378735781110068,1660.0,0.0779931172634405,0.0161224680942571,0.0072003828097071,3.235203107483604e-05,1.1424150023654464e-05,23020989143.15109,3415497221004.894,1796497750890.7632,989687383724.2528,554009785454.337,313042422460.606,21.36919229134687,11.49780376224005,492106001023.874,73011053890224.28,38402664565881.766,21155958922521.69,11842737875107.246,6691721789623.706,1.646639607141078e-06,0.0002443028389099,0.0001284994459777,7.079011395185944e-05,3.962707465783436e-05,2.239122082607728e-05,1.069539826946e-06,0.0001586817266613,8.346408929905701e-05,4.598021685936074e-05,2.5738925741924765e-05,1.454374250660215e-05
59,59,0.02,1680,2,100000.0,1.74696458987926,,2810.6,0.5503564954931194,1680.0,0.0786240092138313,0.0163546498339084,0.0071882856147878,0.0001246459976615,-1.1725482698572326e-05,23555258007.10551,3494763746381.308,1838190694947.0188,1012655951707.3396,566867190357.913,320307480376.99554,21.65523402363567,11.926304869842912,510445848429.2767,75732035923502.52,39833858265275.33,21944400960510.96,12284094015938.2,6941109434248.576,1.7013499455346033e-06,0.0002524199101435,0.0001327688976187,7.314214719120726e-05,4.094370196029536e-05,2.3135179165914467e-05,1.1041078647010677e-06,0.0001638103958142,8.616168850704591e-05,4.7466319417055234e-05,2.6570820108460263e-05,1.5013803206916385e-05
60,60,0.02,1700,2,100000.0,1.75971452816092,,2806.7,0.5645821173552121,1700.0,0.0804962866268965,0.0159967526067412,0.007213796432381,7.520919660522981e-05,2.057955497045433e-05,24164114622.80308,3585096445205.5967,1885704271966.4087,1038831095933.5905,581519580875.8685,328586792300.73346,21.275516230808456,12.008555280742598,513966166015.7833,76254326032715.52,40108574637680.29,22095741716566.383,12368811939164.877,6988979173392.193,1.7616286750953096e-06,0.0002613631328704,0.0001374728919349,7.573356920970487e-05,4.2394334938041326e-05,2.3954857217417524e-05,1.142376297024138e-06,0.0001694880721051,8.91480568238463e-05,4.911150435804706e-05,2.749176602651547e-05,1.5534182356730103e-05
61,61,0.02,1720,2,100000.0,1.77259284131932,,2860.75,0.5905256634895464,1720.0,0.079230124093101,0.0156708215302841,0.0072021155008268,3.856082480988936e-05,-1.238892600443684e-06,25274498397.352592,3749837963158.618,1972355716055.0847,1086567220820.7654,608241433394.2329,343685936150.916,21.891041630190507,12.931948401716614,553487391593.4711,82117872350900.47,43192707661733.484,23794785059158.57,13319906853768.111,7526393969799.068,1.859310860885611e-06,0.0002758557001547,0.0001450957540971,7.993299028106365e-05,4.474509782037803e-05,2.528315236064079e-05,1.2047637804522942e-06,0.0001787441590156,9.40166127736136e-05,5.179358308486498e-05,2.8993147052940725e-05,1.638253551923447e-05
62,62,0.02,1740,2,100000.0,1.7840729127297,,2842.9,0.6021010999770408,1740.0,0.0775089553378393,0.0162516415449803,0.0073750394806975,5.298587330152241e-05,-1.0852168057586272e-05,25769927079.01734,3823341984854.209,2011017673923.316,1107866023957.755,620164132976.3519,350422840186.6378,22.539515189991167,13.577711168692892,581126038020.0558,86218465921199.86,45349555303434.266,24982988550394.92,13985042503753.676,7902227900179.264,1.9119096300504097e-06,0.000283659489505,0.000149200424401,8.219424577786809e-05,4.601090932130659e-05,2.599839730582566e-05,1.2381827960340246e-06,0.0001837023540844,9.662454529798204e-05,5.3230288427630965e-05,2.979738971764125e-05,1.6836971665696318e-05
63,63,0.02,1760,2,100000.0,1.79717806739436,,2880.15,0.6251350909340084,1760.0,0.0832241101811632,0.0164388238802383,0.0072785460585082,4.9485148520461776e-05,-9.802086263322598e-06,26755781891.975563,3969607827430.954,2087951203719.5884,1150248567318.5757,643889143662.0288,363828622923.5929,21.282212095735563,13.30263747406509,569352883889.9861,84471747960313.36,44430809163377.42,24476852952279.77,13701716598287.049,7742135009905.885,2.0013799331940565e-06,0.0002969337050415,0.0001561824527305,8.60406326419875e-05,4.816404979415604e-05,2.7215026194367784e-05,1.2965899489702485e-06,0.0001923679013074,0.0001011824866719,5.574125014264619e-05,3.120298241680737e-05,1.7631199773380484e-05
64,64,0.02,1780,2,100000.0,1.80879698312742,,2850.3,0.6342615747149764,1780.0,0.0829520113086573,0.0162398806906145,0.0072897619428234,7.646614896346168e-05,2.53814370686204e-06,27146395397.800976,4027560999440.0986,2118433659548.0205,1167041297475.5564,653289421956.4255,369140236484.1162,21.53014698284144,13.658521695139097,584584728551.9534,86731612764133.25,45619462461764.59,25131679919055.934,14068277345993.27,7949259626570.955,2.0462413487810496e-06,0.0003035895459055,0.0001596833202085,8.796925424666192e-05,4.924365862720749e-05,2.7825057593237625e-05,1.326498575488572e-06,0.0001968052793072,0.0001035164776198,5.70270415630601e-05,3.1922746092365166e-05,1.8037901190054883e-05
65,65,0.02,1800,2,100000.0,1.82212538377739,,2850.2,0.6494456246005793,1800.0,0.0857178437160768,0.0163553179038785,0.0072651963414709,6.239857124397523e-05,7.644017206082174e-06,27796272732.904797,4123979716213.678,2169148386165.9343,1194979949265.066,668928993338.5966,377977353517.5371,21.03434129789857,13.66338773522089,584792995067.4541,86762512118652.66,45635715035637.78,25140633432806.438,14073289367277.516,7952091661898.56,2.110432817613681e-06,0.0003131132801832,0.0001646926544585,9.07288874861956e-05,5.078845332107691e-05,2.869794158530753e-05,1.3692340488904165e-06,0.0002031457058516,0.0001068514421329,5.8864267522391735e-05,3.29511932326432e-05,1.8619023748930437e-05
66,66,0.02,1820,2,100000.0,1.83387836960085,,2865.0,0.6676960030549296,1820.0,0.0851984507691781,0.0161985836522747,0.0071843803683784,7.419251551399435e-05,-8.994968212897828e-06,28577388930.750984,4239869619398.802,2230104650203.465,1228560645621.0703,687726883146.5774,388599073777.96906,21.4605766095316,14.32076017298264,612928535403.6571,90936827098439.77,47831338977762.02,26350198718288.05,14750382978172.12,8334682420675.898,2.1850142457507746e-06,0.0003241785154326,0.000170512793944,9.39351918733978e-05,5.258328675521724e-05,2.9712109603433435e-05,1.418767819661559e-06,0.0002104947582908,0.0001107169279828,6.099375673311376e-05,3.4143244258210414e-05,1.9292590444930546e-05
67,67,0.02,1840,2,100000.0,1.84743958356864,,2892.8,0.6898702335814304,1840.0,0.0862309307733198,0.0160730781980935,0.0071787855122272,4.460298503749913e-05,-1.7117499695209417e-05,29526445997.28523,4380675983242.083,2304166580161.978,1269361229789.832,710566340588.8733,401504475944.3925,21.390312473181147,14.760967633816175,631769414727.3325,93732144474732.72,49301631896946.03,27160180446221.76,15203796662830.656,8590883162881.014,2.304670605602572e-06,0.0003419312697564,0.0001798504631474,9.907929706327032e-05,5.54628673778189e-05,3.133921244067049e-05,1.4770460524299518e-06,0.0002191411783394,0.0001152648087643,6.349917608577363e-05,3.554573443931894e-05,2.008506547930448e-05
68,68,0.02,1860,2,100000.0,1.86114008778218,,2878.65,0.7010613255063075,1860.0,0.0857631791480343,0.0161749568177785,0.0073589150308669,7.078315601364702e-05,-6.105909668028845e-06,30005424731.669964,4402665124179.611,2341544827191.0674,1289952838931.606,722093165271.4968,408017691444.671,21.80173572389472,15.283687279681851,654141815570.3834,95981556116402.05,51047515514137.38,28121984594614.617,15742197898072.309,8895105996774.84,2.368676601511998e-06,0.0003475534826517,0.0001848453235758,0.0001018309567004,5.700319858778875e-05,3.2209574347663155e-05,1.5120653462845173e-06,0.0002218637938005,0.0001179976228174,6.500467843839981e-05,3.638848847366947e-05,2.056126241910255e-05
69,69,0.02,1880,2,100000.0,1.87311874637202,,2905.3,0.7209802341038543,1880.0,0.0878868702665044,0.0160072343615289,0.0072159966127357,3.736440683526389e-05,-4.939764398313584e-05,30857954019.644966,4491706858467.013,2408073981906.873,1326603630751.0918,742609641126.97,419610496248.4432,21.465397251829422,15.477170444750294,662422895035.3125,96422771870794.31,51693749285465.98,28477993618340.54,15941485558092.805,9007713198844.668,2.463471195154037e-06,0.0003585847090141,0.0001922428456031,0.0001059062382962,5.92844703506696e-05,3.349860363503855e-05,1.5661471555057303e-06,0.0002279695509065,0.0001222180256866,6.732969079744264e-05,3.768998995726408e-05,2.1296673937017182e-05
70,70,0.02,1900,2,100000.0,1.88705621453883,,2912.95,0.7373485939365367,1900.0,0.085970514510825,0.0163705872483563,0.0071512858115088,9.76471935868405e-05,-2.5697171549881964e-05,31558519820.483765,4519946880830.971,2462744303748.0327,1356721412843.2275,759469051754.6329,429136881671.0645,22.20107755908241,16.367689244051046,700537099645.3849,100333935066032.94,54668082075130.5,30116548209053.92,16858719921372.578,9525995140037.71,2.5481226862010163e-06,0.0003649530856637,0.0001988488264464,0.0001095454612758,6.132164408380951e-05,3.4649705686191394e-05,1.6128028527141314e-06,0.0002309925581106,0.000125858914207,6.93354497428505e-05,3.881277893213915e-05,2.193110421214076e-05
71,71,0.02,1936,2,100000.0,1.91089411501287,,2924.85,0.7692994449265418,1936.0,0.08724637390128,0.0157401452337226,0.0074168261262079,3.215581205933634e-05,-5.11536590528974e-06,32926016242.856,4600410680660.721,2569460146054.6494,1415510978664.8374,792378428274.3383,447732276947.2474,22.262658603368315,17.131900260702842,733245331158.0817,102448763559003.05,57220546870747.5,31522696479693.24,17645857268523.93,9970765951729.057,2.711974369756523e-06,0.0003789160451201,0.0002116353830603,0.0001165895523446,6.526480375815932e-05,3.68777823177172e-05,1.7028014676405822e-06,0.0002379147844973,0.0001328821706055,7.320454907613716e-05,4.097863345022896e-05,2.3154917153430343e-05
72,72,0.02,1976,2,100000.0,1.93752271021902,,2938.5,0.8030486343674212,1976.0,0.0912952783583591,0.0159901666872922,0.0074460929627919,4.270501991372034e-05,-4.635253515979933e-07,34370481550.92563,4678561343824.597,2682182438787.1865,1477609487236.0557,827140093398.444,467374305201.8392,21.764566682642155,17.476886955089377,748010761677.8254,101820343400350.77,58372802429998.55,32157471997364.46,18001193563742.066,10171548207862.02,2.8927038541941277e-06,0.0003937591741713,0.0002257390390889,0.0001243592311148,6.961413480887737e-05,3.933536549394818e-05,1.799693870493269e-06,0.0002449770207825,0.0001404434001739,7.737001686232744e-05,4.331038987402026e-05,2.4472472724931843e-05
73,73,0.02,2016,2,100000.0,1.96452174308398,,2953.75,0.8363558152795836,2016.0,0.0910936860285232,0.0158744946782958,0.007254047099755,-1.2344934796095771e-05,1.423204032517148e-06,35796028893.96617,4738792049374.119,2793428423033.808,1538894700114.4336,861446489737.9712,486759084492.71765,22.305869144177432,18.644257106863236,797974204173.7465,105638360767487.1,62271818736923.21,34305433076628.355,19203584820069.133,10850957636194.402,3.076815363212604e-06,0.0004073185945785,0.0002401066194656,0.0001322743053343,7.404485570348089e-05,4.183893788293774e-05,1.8961789817536715e-06,0.0002510221988461,0.0001479728457723,8.151797491651297e-05,4.563234465435237e-05,2.5784489892070956e-05
74,74,0.02,2056,2,100000.0,1.99424960220818,,2942.75,0.8621148844886853,2056.0,0.0941169810739438,0.0158797323851786,0.0071479306817269,8.637732556415024e-05,1.3301357890540009e-05,36898517056.11574,4746804553994.701,2879463714192.209,1586291387459.1812,887978331023.346,501750862772.41504,22.00836494612502,18.975653149216896,812157954786.4829,104479946239588.22,63378681518384.414,34915201794559.08,19544922743693.4,11043830132844.23,3.237838171318523e-06,0.0004165312376466,0.000252672418042,0.0001391967811968,7.79199373004224e-05,4.402854709596684e-05,1.9755533943467845e-06,0.0002541447894689,0.0001541670172223,8.493033284107671e-05,4.7542523275167954e-05,2.6863833539949272e-05
75,75,0.02,2096,2,100000.0,2.02210370595017,,2999.45,0.9084395841859882,2096.0,0.0919612990796394,0.0157602564811016,0.0072350419129137,1.592400919425298e-05,1.091763126047615e-05,38881214203.16029,4885588083752.244,3034188211181.2007,1671528834902.218,935692771711.5676,528711837996.2451,22.84276914305263,20.742531220962,887780336257.1732,111553332906333.64,69280054278013.086,38166257446570.08,21364807157590.86,12072153170599.885,3.481514685818833e-06,0.0004374669621572,0.0002716882955755,0.0001496725939697,8.378411510264948e-05,4.734209222305049e-05,2.1021258599448475e-06,0.0002641409550182,0.0001640444012199,9.03717659415542e-05,5.058854289119611e-05,2.8584982488035077e-05
76,76,0.02,2136,2,100000.0,2.0503324759798,,2992.15,0.9352535980737574,2136.0,0.0940149931305086,0.0156328335658527,0.0073135076680579,-8.085363321840256e-06,-2.5107194237005876e-05,40028853997.55682,4880153274748.866,3123747017566.3496,1720866620455.7136,963311206015.9705,544317594078.9269,22.85722541250113,21.367589458951564,914532828843.1266,111496081796809.23,71367748792898.22,39316364604470.87,22008617142720.117,12435937065109.809,3.6555576059465488e-06,0.0004456705511174,0.0002852701496228,0.0001571548129658,8.797253117114357e-05,4.970875062291802e-05,2.1838415105194465e-06,0.0002662449766796,0.0001704212767554,9.388477521859304e-05,5.255506438866893e-05,2.969616259631583e-05
77,77,0.02,2176,2,100000.0,2.08169409330203,,3009.25,0.9692322717341206,2176.0,0.0974639849165214,0.0157395108635322,0.0072531658858845,2.4593760981706797e-05,-1.2304873724370145e-05,41483141230.22037,4902376830431.182,3237235787591.963,1783387379990.7815,998309239886.1444,564093182149.2584,22.427882722869253,21.7363032618757,930313779608.28,109942221898567.3,72599252894664.84,39994798001851.29,22388392359731.977,12650528498411.658,3.862782500189858e-06,0.0004564942496719,0.0003014414380988,0.000166063546737,9.29594854017653e-05,5.252662184837613e-05,2.333436902986346e-06,0.0002757599031612,0.0001820953097189,0.0001003159790068,5.615514042233497e-05,3.173038031630966e-05
78,78,0.02,2216,2,100000.0,2.11081331072047,,3029.35,1.0040810190628775,2216.0,0.0969382052189757,0.0157104274170985,0.0072497864702863,4.2630113104988656e-05,1.4277107619354193e-05,42974667615.89117,4922005155446.229,3353630603670.012,1847509075075.6956,1034203449634.7644,584375153094.5948,22.997116519232986,23.099131084881822,988642810432.942,113231940578090.77,77151097823505.31,42502401196182.56,23792105017428.285,13443694291401.229,4.078495017841196e-06,0.0004671210882583,0.000318275078495,0.0001753371689912,9.81506978592442e-05,5.545990888746674e-05,2.43714513621414e-06,0.0002791328377971,0.000190188428854,0.0001047744637998,5.8650922670573926e-05,3.314061844104273e-05
79,79,0.02,2256,2,100000.0,2.14029939748533,,3031.8,1.0327928735933227,2256.0,0.1006733385735287,0.0156824277959702,0.0071577771427427,7.903197870451547e-05,-5.191968643183343e-06,44203534989.79421,4907831735315.471,3449528197801.698,1900338887411.714,1063776659801.1224,601085452431.3138,22.517231022704728,23.251944048137997,995183205260.306,110493238116751.77,77661493120780.9,42783577048573.9,23949502369582.133,13532631436016.31,4.274200399743523e-06,0.0004745560817658,0.0003335474143724,0.0001837506713907,0.0001028604301806,5.812113627688621e-05,2.489647106089585e-06,0.0002764206319657,0.0001942855451948,0.0001070315578318,5.991440465589421e-05,3.3854547096825665e-05
80,80,0.02,2296,2,100000.0,2.17335195265406,,3041.2,1.064149378595929,2296.0,0.1001156221056816,0.0152722669951011,0.0072139715019799,7.316822280024446e-05,-5.913907064421088e-08,45545593403.90576,4873804153969.355,3554258924510.404,1958034856616.5093,1096073859953.8068,619334938342.8308,23.0234766808982,24.50487691188892,1048808731828.846,112232336256451.23,81846288885708.98,45088973517875.62,25240023219245.586,14261838362719.35,4.485405061192237e-06,0.0004799802612209,0.0003500292734668,0.0001928304979577,0.0001079431591828,6.099312489752062e-05,2.5672245816741483e-06,0.0002747170229921,0.0002003394883829,0.0001103666642588,6.178133923187787e-05,3.490945576014846e-05
81,81,0.02,2336,2,100000.0,2.20371744188243,,3065.15,1.1004997280635318,2336.0,0.0996256126317803,0.0158940773740533,0.0072857078779688,4.642529736273525e-05,-2.277869356364084e-05,47101388361.11916,4859806799128.556,3675669091732.196,2024919499636.8984,1133514719905.4375,640490841732.9755,23.50175748975361,25.8705060552068,1107257659162.851,114244154739793.2,86407490224390.7,47601731141580.51,26646621236863.0,15056634524130.354,4.722784698119897e-06,0.0004872854492265,0.0003685537591523,0.0002030356038443,0.000113655799978,6.422104425948084e-05,2.652840108922019e-06,0.0002737135962849,0.0002070207000887,0.0001140473317853,6.384171290162802e-05,3.6073666901696605e-05
82,82,0.02,2376,2,100000.0,2.23797359782716,,3086.5,1.134990529717339,2376.0,0.1018786885696272,0.0152260552605563,0.0071688009119596,3.51650798985982e-05,2.8890897528066795e-06,48577594671.90211,4837329637655.298,3790868369255.911,2088382574679.904,1169040245608.8591,660564488295.4912,23.381598480383808,26.541468890364115,1135974868507.5842,113119740410731.88,88648506093816.14,48836302758269.984,27337712957075.04,15447134894191.918,4.957238488191185e-06,0.0004936390288941,0.0003868499194055,0.0002131149256605,0.0001192980290381,6.740917757306703e-05,2.7344704823501457e-06,0.0002722970372844,0.0002133909208188,0.0001175566749421,6.580618216870677e-05,3.718368740018189e-05
83,83,0.02,2416,2,100000.0,2.26922860560693,,3098.6,1.1656004005024951,2416.0,0.1037986094597726,0.0155704672076877,0.0072642064741431,4.3641899751057335e-05,-1.6495664488703e-05,49887697141.50678,4820923256478.32,3893105337678.333,2144704736924.5903,1200568412517.5698,678379433092.4519,23.43414456722927,27.313249754862955,1169007089508.1345,112967600986113.2,91226254181242.28,50256379548947.84,28132647247508.85,15896311357330.244,5.180036756609824e-06,0.0005005755146106,0.0004042365132494,0.0002226931689757,0.0001246597630678,7.043881757819902e-05,2.818765581419515e-06,0.0002723928608586,0.0002199690897649,0.0001211805763974,6.783477917902104e-05,3.832994318659248e-05
84,84,0.02,2456,2,100000.0,2.30082002163299,,3107.65,1.193516778954373,2456.0,0.1056162172841368,0.0153191810952723,0.0073310576855669,7.575221555225002e-05,1.3606279123624489e-05,51082518139.24717,4735874578890.951,3986346041707.6055,2196070873276.046,1229322282323.004,694626765351.4451,23.486253562262103,28.039036098580745,1200070745019.256,111258895239168.4,93650380569259.7,51591826421388.58,28880207181538.168,16318719009373.994,5.39521342287748e-06,0.0005001917491115,0.0004210283372058,0.0002319437546283,0.0001298380800364,7.336481804006293e-05,2.901812358296352e-06,0.0002690278373298,0.0002264498429137,0.000124750811665,6.98333347907767e-05,3.945922412449712e-05
85,85,0.02,2496,2,100000.0,2.33683453482457,,3126.45,1.2140272538500965,2496.0,0.1035726498461371,0.0152867031300196,0.0073332409367537,7.578898502296906e-05,-1.078980271873175e-05,51960366464.78413,4659436600276.669,4054851027859.322,2233810147084.177,1250448071465.599,706563861740.756,24.27960998639613,29.465058435504755,1261104501039.6033,113086894275467.22,98413295174585.88,54215707521328.734,30349010188569.89,17148664009463.766,5.58063500062259e-06,0.0005004317087006,0.0004354981519176,0.0002399151495594,0.0001343003282859,7.588620491500816e-05,2.966241626237017e-06,0.0002659914804087,0.0002314777343838,0.0001275206680437,7.13838522201899e-05,4.033534173995196e-05
86,86,0.02,2536,2,100000.0,2.36926936284905,,3133.7,1.245116587699354,2536.0,0.1066875811014369,0.0149713440267145,0.007364929571675,2.2670727061005747e-06,-1.1489276236377124e-05,53290989953.53233,4564597410505.831,4158689402915.841,2291014521366.8115,1282470085330.3345,724657854041.0238,23.92785737818679,29.787638836307583,1274910942193.9648,109201483973903.6,99490713713267.34,54809255458805.97,30681268001396.82,17336405802731.02,5.818518435455115e-06,0.0004983805744013,0.0004540619526733,0.0002501419140475,0.0001400250931896,7.91209749867962e-05,3.0564787056195e-06,0.0002618002554859,0.0002385195999244,0.00013140001912,7.35554454857029e-05,4.156239735211562e-05
87,87,0.02,2576,2,100000.0,2.40651032556174,,3141.05,1.2804939286386654,2576.0,0.1066201293522226,0.0151654778119081,0.0071882823344352,6.333638499880318e-06,-1.4112831052007963e-05,54805140145.73488,4543192458809.985,4276849721653.142,2356108828695.144,1318908746497.8254,745247466467.7032,24.274171337340267,31.096889846338733,1330946885423.298,110331765174809.84,103863612086771.38,57218277317263.27,32029796541728.9,18098389890569.15,6.0816151824590204e-06,0.0005041488473682,0.000474593334332,0.0002614526153206,0.0001463566270544,8.269859897642875e-05,3.1580841761247536e-06,0.000261796323759,0.0002464486249592,0.0001357681047679,7.600062386468449e-05,4.294404183421978e-05
88,88,0.02,2616,2,100000.0,2.44447815484697,,3180.6,1.3222130110154058,2616.0,0.1122540843849037,0.0151262691216019,0.0072759882634346,3.4096000852397126e-05,-1.765143083679945e-05,56590716871.45937,4511390793584.565,4416191456791.456,2432871940268.3467,1361879401345.8677,769527972410.9662,23.34839914450224,30.874079164931253,1321410588259.058,105342358110745.42,103119424410870.4,56808305663473.5,31800301539879.188,17968714073989.99,6.38059011100426e-06,0.0005086582583818,0.0004979245553914,0.0002743057430898,0.000153551584447,8.676409917300183e-05,3.2738458304528813e-06,0.000260989765736,0.0002554823615352,0.0001407447740194,7.878647676089876e-05,4.451818395615835e-05
89,89,0.02,2656,2,100000.0,2.47825379676539,,3161.7,1.3387967024768763,2656.0,0.110553310905152,0.0146392630309605,0.0074068848606916,1.2573094679646123e-05,-8.093337634264285e-06,57300498866.01032,4356444469859.756,4471580986272.768,2463385932557.4526,1378960603551.183,779179680841.5421,24.150525114432785,32.33201210112658,1383810117928.2173,105208367377065.86,107988920417762.72,59490902266072.89,33301972464160.363,18817231042855.664,6.562672405750024e-06,0.0004989471029978,0.0005121337811963,0.0002821335800602,0.0001579334714467,8.92400780408064e-05,3.3276285345443352e-06,0.0002529930666216,0.0002596794230228,0.0001430569276532,8.008078015375385e-05,4.5249528203383233e-05
90,90,0.02,2696,2,100000.0,2.51744817183723,,3190.7,1.3746640586168284,2696.0,0.115615325008116,0.0150233134687708,0.0072520140753499,6.572141940895265e-05,1.529698732354875e-05,58835621708.80025,4299949175353.439,4591377955780.205,2529381867854.963,1415903980375.3328,800054482114.9939,23.444980477238293,32.22662837759456,1379299694561.0466,100804893565115.77,107636938781165.78,59296996214773.96,33193427228922.387,18755897715760.023,6.84327906271312e-06,0.0005001349744898,0.0005340315904079,0.0002941970438175,0.0001646863886586,9.305580407708028e-05,3.424462499158968e-06,0.0002502738013403,0.000267236092224,0.0001472198831413,8.241113023676954e-05,4.656628912407756e-05
91,91,0.02,2736,2,100000.0,2.55199416924148,,3214.5,1.4055822982661683,2736.0,0.1159980065206582,0.0147196646572384,0.0073276209406918,4.5331621041614473e-05,2.6015484160674275e-06,60158922365.79201,4177390590447.0537,4694644876209.002,2586271428809.749,1447749767214.1536,818048897590.91,23.710281621647997,33.33291476834994,1426648752085.377,99065422691535.95,111331935326288.77,61332563173763.86,34332902211400.426,19399756395179.656,7.1041757420026165e-06,0.0004933086519913,0.0005543912845394,0.0003054131627402,0.0001709649769686,9.660351125807203e-05,3.509069284698877e-06,0.0002436671475262,0.0002738385843666,0.0001508571842019,8.444722811308045e-05,4.771678326389596e-05
92,92,0.02,2776,2,100000.0,2.59237837643355,,3222.95,1.4086723565255497,2776.0,0.1175726262567877,0.0148849173741998,0.0071204937845529,0.0001189706593071,6.892610136454887e-06,60291176859.29352,4025985594950.021,4704965670795.335,2591957136007.0107,1450932527221.3157,819847311497.8699,23.705655614459324,33.3757404212546,1428481690029.6968,95387866123945.64,111474973006990.36,61411362375108.45,34377012633892.24,19424680925170.168,7.227102760300774e-06,0.0004825948525452,0.0005639841873692,0.0003106978756764,0.0001739232673623,9.8275088936789e-05,3.508736277803007e-06,0.0002342983243448,0.0002738125973798,0.0001508428680176,8.443921416208171e-05,4.771225499255491e-05
93,93,0.02,2816,2,100000.0,2.62760886167192,,3227.15,1.3921504519834416,2816.0,0.1141243535136254,0.0153986848391122,0.0072905029553962,4.415605143720601e-05,7.375003829328143e-06,59584039344.89131,3775512025779.0938,4649782509624.695,2561556831649.5327,1433914965542.9448,810231563054.363,24.83925182166136,34.577479113908964,1479916106075.3037,93774123356921.1,115488780240455.92,63622561569592.48,35614803487326.234,20124092844295.016,7.24821147340345e-06,0.0004592791942959,0.000565631456102,0.0003116053530621,0.0001744312574206,9.8562127979453e-05,3.4763758610063945e-06,0.0002202787695104,0.0002712872751345,0.0001494516725292,8.366044712235014e-05,4.7272213810881344e-05
94,94,0.02,2856,2,100000.0,2.66918078172062,,3267.1,1.4678765339691655,2856.0,0.1133695060536865,0.0151826551184494,0.0072587423338018,2.418013503242267e-05,-2.074877735445343e-05,62825115653.88027,3813543235251.8906,4902707623457.011,2700892822503.264,1511912829988.24,854304142770.0542,25.366799278131108,37.24273807252245,1593989189503.9612,96756633512413.31,124390745162225.0,68526638053441.31,38360020214698.12,21675273558208.062,7.754199069690723e-06,0.0004706871304451,0.0006051174040365,0.0003333580908464,0.0001866080617238,0.0001054426135177,3.6731241612418304e-06,0.0002229620694136,0.0002866409976295,0.0001579100106701,8.839527771212815e-05,4.9947622940251054e-05
95,95,0.02,2896,2,100000.0,2.71144037566172,,3278.1,1.5125115813216703,2896.0,0.119776303942649,0.0154401828280945,0.0072614470636881,5.672007934134704e-05,5.258798352819642e-06,64735495680.56749,3708678397400.736,5051788681614.379,2783021309631.873,1557886928761.3208,880281740329.2122,24.28692916199836,36.7404920704845,1572493060616.7366,90087686556828.0,122713243515418.23,67602505409691.5,37842706832599.04,21382966385021.98,8.105017340852034e-06,0.0004643341710225,0.0006324943438888,0.0003484399978309,0.0001950506509597,0.0001102130862704,3.7910843982313767e-06,0.0002171901622537,0.0002958463058432,0.0001629811984285,9.123404042472706e-05,5.1551661676884624e-05
96,96,0.02,2936,2,100000.0,2.75439550712333,,3279.35,1.5381773096965472,2936.0,0.1155471404053287,0.0151297260648145,0.0073078219181048,2.251530379496929e-05,-7.446850366188943e-07,65833988855.01222,3620869387025.671,5137512214386.467,2830246249841.646,1584322628987.4434,895219194243.3904,25.526175973735427,39.27622451330394,1681022409169.408,92456232504317.48,131182589874435.1,72268253104479.23,40454511248703.05,22858762666742.89,8.358939172999956e-06,0.0004597416545149,0.0006523097392013,0.000359356263512,0.0002011613866398,0.0001136659485673,3.860221247404622e-06,0.0002123121686072,0.0003012415646338,0.0001659534368042,9.289784777632617e-05,5.249179359788528e-05
97,97,0.02,2976,2,100000.0,2.79802350403656,,3288.7,1.5646808546921516,2976.0,0.1203072009347351,0.0154194159729787,0.0072315639741074,7.983901368155375e-05,-2.0297143544481445e-05,66968340580.8241,3470462135707.192,5226034054671.787,2879012772633.56,1611621280332.9165,910644257430.832,24.869952894299452,38.91839362504481,1665707247151.918,86320997060349.42,129987434707649.66,71609844270082.47,40085945433796.16,22650505089776.08,8.621814427193268e-06,0.0004468033738203,0.0006728238361407,0.0003706574426643,0.000207487590187,0.0001172405606687,3.930071548254404e-06,0.000203665857337,0.0003066924993263,0.0001689563469342,9.457882464257096e-05,5.344162712813233e-05
98,98,0.02,3016,2,100000.0,2.84231908519533,,3322.3,1.6014628558833397,3016.0,0.1238756483633323,0.0145045471175961,0.0071319800732051,4.686894754798541e-05,6.288249336599981e-06,68542610231.80692,3385492477337.3794,5348885938650.354,2946691654825.344,1649506741559.8396,932051382124.1036,24.44051380797673,39.14048314991867,1675212678816.5198,82742981378928.1,130729213720728.38,72018488995850.34,40314697644416.25,22779761193252.67,8.946083490289574e-06,0.0004418696378147,0.0006981289452702,0.0003845979818254,0.0002152912615653,0.0001216500138165,4.023138341138275e-06,0.0001987129545131,0.0003139551883037,0.0001729573492451,9.681851615355804e-05,5.470716155473077e-05
99,99,0.02,3056,2,100000.0,2.88726023004366,,3334.25,1.6252451604882954,3056.0,0.1258417330693646,0.0152141680892846,0.0072514788916708,5.121068705631949e-05,1.0378100829258931e-05,69560492868.89903,3240738850013.6606,5428318836030.904,2990451095298.462,1674002515302.9438,945892683404.1876,24.359073209117312,39.5901315637211,1694457630927.2632,78942722338059.88,132231039422828.5,72845842077246.84,40777835510632.734,23041456570085.684,9.202275767343129e-06,0.0004287228476654,0.0007181215201617,0.0003956118554184,0.000221456636457,0.0001251337499203,4.081599303674413e-06,0.0001901567526057,0.0003185173288381,0.00017547062427,9.822540380336828e-05,5.550212137239505e-05
100,100,0.02,3096,2,100000.0,2.92478001758178,,3338.8,1.6445122212815793,3096.0,0.1226537199494714,0.0150935578683617,0.0072648075981456,7.546083794463618e-05,7.986720123347527e-06,70385123070.85161,3085104927124.243,5449913501327.154,3025902487158.1064,1693847587920.0266,957106112785.8792,25.3802532779493,41.73692911967052,1786340566321.8984,78298479028501.9,138316183102588.12,76795949580193.77,42989036993260.64,24290892747648.246,9.436177649669183e-06,0.0004136044222144,0.000730642353528,0.0004056674503595,0.0002270855836251,0.0001283143783202,4.128784477114519e-06,0.0001809719551183,0.0003196913961952,0.000177499145745,9.93609348464276e-05,5.614375153459464e-05
101,101,0.02,3136,2,100000.0,2.97056522202192,,3367.85,1.6700016940027442,3136.0,0.1304618329176719,0.0150665570285259,0.0072476478929128,9.335986308993056e-05,-2.0370448695670452e-05,71476072503.31741,2979283022100.8955,5390765468240.857,3072803116965.05,1720101744822.827,971940985909.5972,24.130848394739505,40.30579691624676,1725088108015.3618,71905541698584.22,130107112445644.58,74162666325894.03,41514970823734.17,23457973805255.617,9.708754298979874e-06,0.0004046826558265,0.0007322396933903,0.0004173856988346,0.0002336452553258,0.0001320209112617,4.1946691970251575e-06,0.0001748432207357,0.0003163643029905,0.0001803315729561,0.0001009464783395,5.703966057637014e-05
102,102,0.02,3176,2,100000.0,3.01691424785678,,3391.65,1.6271144918494411,3176.0,0.1284617360387983,0.0149517437661221,0.0072890275350663,3.2661722934606274e-05,-8.161116506015659e-06,69640500251.15611,2723789659355.965,5079851443553.955,2993890665002.972,1675927926604.9246,946980634256.3748,24.808633296705143,40.38427288644058,1728446879539.6567,67603272811901.52,126079699951467.48,74307062111050.66,41595801073033.8,23503646819908.41,9.582135444639498e-06,0.0003747779143533,0.0006989585714523,0.0004119422714517,0.0002305981193452,0.0001302991315135,4.087142861822e-06,0.000159856942773,0.0002981322433319,0.0001757089454614,9.835881186159731e-05,5.5577503401411295e-05
103,103,0.02,3216,2,100000.0,3.06375935418538,,3402.5,1.5858687394641025,3216.0,0.1283140464417783,0.014508519353215,0.0072338767128017,9.62227461849945e-05,-1.6291562373078183e-05,67875182049.063576,2477126971042.9272,4833727917886.584,2917998480613.948,1633444801648.0254,922975606368.1074,25.09366571358225,39.798303471708216,1703367388589.1118,62164950022808.24,121305228981766.66,73228878387943.11,40992252575859.47,23162612620534.18,9.45916890215479e-06,0.0003452154632047,0.0006736342713496,0.0004066558593449,0.0002276388777854,0.0001286270163797,3.981677705777455e-06,0.0001453126302902,0.0002835549917571,0.0001711749294072,9.582074852688737e-05,5.414337441033829e-05
104,104,0.02,3256,2,100000.0,3.11104952756299,,3417.6,1.697254503611461,3256.0,0.1293642190189757,0.0147040608128357,0.0072147340435639,-9.37384717107402e-07,6.624324269515043e-06,72642492754.57053,2508542156337.7397,5037451366718.815,3122948286645.0884,1748172138719.805,987802121101.8704,25.37398006438029,43.05547561343874,1842774356255.1775,63635992956662.45,127788651620686.16,79222075128727.27,44347139881841.89,25058286807021.34,1.025150918884516e-05,0.0003540123967549,0.0007108990484226,0.0004407190866231,0.0002467068800118,0.0001394013632688,4.257680016468084e-06,0.0001470292304751,0.0002952522030111,0.000183040449306,0.0001024628602093,5.789648994356132e-05
105,105,0.02,3296,2,100000.0,3.15875532211423,,3405.5,1.7466201009929136,3296.0,0.1345223517573231,0.0148199264371499,0.0073592092104272,3.782141179356614e-05,-1.805277732317726e-05,74755340322.49667,2410335739370.2207,5009306449647.676,3213780985826.96,1799018704022.7012,1016532898777.8756,24.603232265777542,42.977177775668814,1839423208798.6252,59308505330422.96,123258545860618.16,79078007107230.62,44266493108938.89,25012717465439.254,1.0681257441815714e-05,0.0003443956838715,0.0007157440734375,0.0004591942451621,0.0002570489524548,0.0001452451362414,4.376130706856873e-06,0.0001410995414827,0.0002932416557771,0.0001881327219769,0.0001053134258892,5.950719792968926e-05
106,106,0.02,3336,2,100000.0,3.21715043294896,,3442.35,1.791056424429398,3336.0,0.1292762349146414,0.0146380996673904,0.0071455839286799,3.762818613500122e-05,-4.291348415293258e-06,76657214965.57823,2288970110420.7715,5022122214100.031,3295543820950.0923,1844788117162.2805,1042394839017.9098,26.04014943580044,46.6595914478842,1997030513969.444,59630957870396.0,130833494419867.31,85853648264106.92,48059379191320.73,27155882222668.6,1.108756701575391e-05,0.0003310726786479,0.0007263910727142,0.0004766617595557,0.0002668269632295,0.0001507701869898,4.47980246109269e-06,0.0001337660641419,0.0002934898621706,0.0001925896385142,0.0001078083302552,6.09169400083165e-05
107,107,0.02,3376,2,100000.0,3.26592464868579,,3435.75,1.8085821128853945,3376.0,0.1322339191450055,0.0151085303440556,0.0072881948531023,7.229797725626291e-05,-9.257120392534673e-06,77407314431.49487,2177532863914.0151,4908491854370.96,3327791087709.125,1862839576271.9563,1052594789699.2996,25.65575597849697,46.43422523164551,1987384839914.428,55906807178901.2,126022487278685.92,85438974426227.73,47827251988594.88,27024719084817.688,1.133172987527602e-05,0.000318771092753,0.0007185587589134,0.0004871584806192,0.0002727028451292,0.0001540903455002,4.514804384632853e-06,0.0001270052448386,0.0002862892313058,0.0001940943941056,0.0001086506662656,6.139290074430656e-05
108,108,0.02,3416,2,100000.0,3.31484076721916,,3458.9,1.836695640644598,3416.0,0.1368169147473508,0.014648539005807,0.0075304672565224,1.7309511770718685e-05,-2.378949245635672e-05,78610573419.58878,2057099117521.9487,4845203100020.449,3379519978786.0586,1891796509863.9355,1068956862855.156,25.07246657850712,46.066528428548345,1971647416741.8684,51594511839974.12,121523501994510.56,84762412308528.95,47448524281404.79,26810719545415.13,1.1645086389392968e-05,0.0003047312326195,0.0007177508854022,0.0005006298821607,0.0002802439014269,0.000158351408379,4.57348789291733e-06,0.0001196800570108,0.0002818892771381,0.0001966172365178,0.0001100629095724,6.219088676817491e-05
109,109,0.02,3456,2,100000.0,3.36394029242988,,3469.85,1.861326574636976,3456.0,0.1359869519716312,0.014922302484234,0.0073405675575502,6.125755296185615e-05,1.2007053476833065e-05,79664777394.46255,1913443718726.811,4742660112175.014,3424840897332.034,1917166371876.0847,1083292066438.7196,25.54189382005777,47.51306677129767,2033559257811.5403,48843432640894.016,121063294133266.48,87424042859187.72,48938458774436.6,27652604860895.246,1.1939882007632422e-05,0.0002867803435477,0.0007108135363421,0.0005133033386458,0.0002873382819593,0.0001623600777672,4.6223370584332905e-06,0.0001110224882258,0.0002751802529178,0.0001987172941008,0.0001112384852846,6.285514411234052e-05
110,110,0.02,3496,2,100000.0,3.42527476229752,,3500.7,1.887737956116318,3496.0,0.1331874636402517,0.0148554016047611,0.0071825715896711,5.500695630533289e-05,-9.738612540807846e-06,80795184521.77841,1819779389696.1309,4677814655256.236,3473437839254.026,1944370094799.808,1098663490459.6971,26.40691981889565,49.85788492773425,2133917474907.026,48063001070335.8,123547838850925.42,91738508267031.0,51353621475566.266,29017289027941.324,1.2249639403421447e-05,0.000275903093105,0.0007092197766746,0.0005266200117358,0.0002947927239608,0.0001665721993642,4.6729267869387625e-06,0.0001052500332384,0.0002705493592998,0.0002008921796253,0.0001124559483772,6.354306985977476e-05
111,111,0.02,3536,2,100000.0,3.47476477788348,,3500.9,1.9050721020597676,3536.0,0.1399319749524011,0.0144057668535133,0.0071889006547151,4.770719973946201e-05,1.1372934418685872e-05,81537085968.15805,1683321709380.0105,4572173044943.441,3505332667789.972,1962224265121.561,1108751963398.785,25.4370321563857,48.45967685072451,2074074169211.009,42818970465300.17,116303224441738.84,89165805405333.1,49913467156246.25,28203531927121.664,1.250291823678427e-05,0.0002581209942528,0.000701098218885,0.0005375086344785,0.0003008879856048,0.0001700163180795,4.699765981340793e-06,9.702600983908236e-05,0.0002635382793274,0.000202046014151,0.000113101844878,6.390803273692387e-05
112,112,0.02,3576,2,100000.0,3.5240643801977,,3546.4,1.939685026783896,3576.0,0.1463586791790021,0.0150758204146428,0.0073629582415257,7.018460262966271e-05,2.1531816667116154e-06,83018519146.35074,1561446446561.0364,4515586742352.91,3569020449282.3687,1997875577587.413,1128896685588.2275,24.506203862360188,47.53544193647084,2034516914880.953,38266030758859.05,110662508828104.14,87465213163106.34,48961505194564.98,27665627207026.035,1.287285123928094e-05,0.0002421178796172,0.0007001868618,0.0005534122962681,0.0003097905788891,0.0001750467154499,4.766856215819833e-06,8.965699190969546e-05,0.000259281338094,0.0002049302672221,0.0001147163995862,6.482033452353139e-05
113,113,0.02,3616,2,100000.0,3.58686317822613,,3560.25,1.9535048707638647,3616.0,0.1447710278945805,0.0148718189531317,0.0072958674568733,-8.45371254640301e-06,9.960509322499792e-06,83610008468.69344,1463565849176.2878,4395385959218.697,3594448962205.5127,2012110016886.7808,1136939834784.5698,25.11771081498186,49.08291325126377,2100748687154.089,36772918607846.805,110436554815343.48,90312560382325.31,50555400648801.67,28566255512235.508,1.3107163687211982e-05,0.0002294366129546,0.0006890448200052,0.0005634855416931,0.0003154294064912,0.0001782329267746,4.78123922598335e-06,8.369402869408239e-05,0.0002513501929546,0.0002055486022384,0.0001150625327747,6.501591657762405e-05
114,114,0.02,3656,2,100000.0,3.65028608558341,,3570.5,1.9652125644598235,3656.0,0.1445216132378163,0.0149225960005025,0.007336541604159,5.9379691888379226e-05,2.0505231805220643e-05,84111097758.88045,1341454096500.2756,4260580839748.8975,3615991118606.075,2024168941393.6177,1143753712515.6172,25.469820205167995,50.022901887863966,2140980200800.5776,34145632828655.95,108449651292889.1,92042139473669.7,51523588944499.88,29113328898736.832,1.3328326025012558e-05,0.0002125681155296,0.0006751357668744,0.0005729934552808,0.0003207517711626,0.0001812403211811,4.78856780701603e-06,7.637094357638185e-05,0.0002425610982618,0.0002058636627314,0.0001152388981594,6.511557158138623e-05
115,115,0.02,3696,2,100000.0,3.69916552933537,,3559.5,1.8792719474144528,3696.0,0.1462640792589581,0.0148137156072053,0.0071844649520132,9.185797138665064e-05,-3.243545598193409e-05,80432839349.3386,1153872975712.474,3942712545675.5225,3457860383242.5938,1935650105836.8865,1093736273395.2115,25.390566309448182,47.708138493678376,2041908327529.4343,29292797035118.52,100091674559737.23,87782974828368.2,49139382648488.73,27766136603320.816,1.2881102880107786e-05,0.0001847896534669,0.0006314148094033,0.0005537670397055,0.000309989158096,0.0001751589223416,4.557488701551893e-06,6.538079585871174e-05,0.0002234021330806,0.0001959294208143,0.0001096778823036,6.197332767063555e-05
116,116,0.02,3736,2,100000.0,3.74720977948172,,3608.3,1.81243595845256,3736.0,0.1462018454460121,0.014893652692316,0.0073843846302515,8.249322565153557e-05,-4.9116049652114125e-06,77572259021.76956,1022576367758.934,3686494739492.5054,3334882163552.709,1866809037206.136,1054837727819.3896,25.63850299148234,46.4789527222686,1989299176513.0964,26223425125903.945,94538189837094.34,85521273008974.23,47873321303936.67,27050750484360.33,1.2552515453947806e-05,0.0001654703088578,0.0005965377671338,0.0005396408512911,0.0003020815634944,0.0001706907475279,4.373535329590981e-06,5.7653005442879246e-05,0.0002078451135604,0.0001880211450104,0.0001052509670438,5.947190565004559e-05
117,117,0.02,3776,2,100000.0,3.81045165225431,,3608.55,1.9025923520351185,3776.0,0.1498259877671671,0.0146822319496488,0.0074559208715901,1.8911663719686784e-05,-1.0335980610729113e-05,81430952667.10306,976410395064.4226,3744301748805.112,3500769927744.6167,1959670122596.172,1107308748884.4385,25.289105559152357,48.11862589744883,2059477188410.8096,24694478810570.74,94697455766179.28,88538271651305.83,49562184674372.3,28005040272315.21,1.3311201292852577e-05,0.0001596100117637,0.0006120664519703,0.0005722572518422,0.0003203396572812,0.0001810074568326,4.566460637216699e-06,5.475485044438341e-05,0.0002099718349074,0.000196315130198,0.0001098937957086,6.20953292257037e-05
118,118,0.02,3816,2,100000.0,3.89062691066957,,3604.45,2.0056534000412407,3816.0,0.1499265996868644,0.0149577681771228,0.0073879610384235,3.162560309450366e-05,8.409646532211425e-06,85841965521.7651,908560990218.682,3810741460078.357,3690402256075.883,2065823002042.4775,1167290278824.0022,25.57723950118891,51.2914512378919,2195274112981.773,23235027410765.023,97453757351994.6,94376270277721.08,52830194775028.65,29851624620453.08,1.417292277727634e-05,0.0001500078041613,0.0006291718055332,0.0006093032222006,0.0003410773472101,0.0001927252583264,4.787248138278543e-06,5.066877118318179e-05,0.00021251802483,0.0002058069293091,0.0001152071397762,6.509762655322692e-05
119,119,0.02,3856,2,100000.0,3.93664721150638,,3618.45,2.034435146495684,3856.0,0.153663116677103,0.0150502109173982,0.007213789864698,4.288012270966137e-05,-2.2789789026897253e-05,87073824270.01529,837373506297.6238,3731154058673.086,3743360669552.06,2095468200890.5552,1184041255260.4883,25.218636195617307,51.31199928506129,2196153569400.6216,21120018905731.21,94106206688802.4,94414078684512.77,52851359263613.11,29863583583905.668,1.451732118342211e-05,0.0001396104999788,0.0006220739965045,0.0006241091349881,0.0003493654396944,0.0001974084329147,4.827227776712977e-06,4.642259235736125e-05,0.000206848965946,0.0002075256801203,0.000116169266589,6.564127490763908e-05
120,120,0.02,3896,2,100000.0,4.01765442203109,,3644.15,2.068766493414471,3896.0,0.1533872671711151,0.0149529432310921,0.0072434375407766,2.786162437727108e-05,-6.326233922160783e-06,88543205918.13933,756754783291.0135,3649304094383.1274,3806530347882.626,2130829488216.905,1204022099167.2222,25.511873367812168,52.768929830570336,2258510196748.41,19302874532022.637,93084392221126.05,97094830888249.4,54351997725487.43,30711517161391.938,1.4904606646304642e-05,0.0001273856334396,0.0006142926664504,0.0006407587904018,0.0003586856272357,0.0002026747913118,4.878870523307382e-06,4.169838405200561e-05,0.0002010824206334,0.0002097458355813,0.0001174120710047,6.634351973282469e-05
121,121,0.02,3936,2,100000.0,4.0610441522259,,3654.65,2.0879811999468894,3936.0,0.1534192777765383,0.0149613822983702,0.0073085356503122,5.063247980877069e-05,-1.9963002994091603e-05,89365595357.72685,663978021583.1108,3557919964709.499,3841885407902.277,2150620635945.296,1215205058369.0894,25.754440860417013,53.75510998330973,2300718707285.656,17094124974692.49,91598707411559.77,98909402369289.88,55367763282809.01,31285474010286.25,1.5184525365715748e-05,0.0001128196043526,0.0006045427855882,0.0006527926792737,0.0003654219889412,0.0002064811626832,4.892632458948307e-06,3.635180191461592e-05,0.0001947907876178,0.0002103374701977,0.0001177432577737,6.653065633429707e-05
122,122,0.02,3976,2,100000.0,4.14177134419615,,3670.25,2.1009585402712334,3976.0,0.1592595684869593,0.0148653411028414,0.0073089735095944,2.989914342478904e-05,-2.294071881267124e-05,89921025523.60878,602554909349.7897,3445572006044.822,3865763714099.069,2163987296479.3704,1222757870437.8577,25.10714694970867,52.77211739951091,2258646624699.067,15135043270179.73,86546272535197.88,97100696015100.1,54355280921496.24,30713372326515.35,1.541824999249677e-05,0.0001033166845291,0.0005907927567217,0.0006628406538829,0.0003710466703801,0.000209659380739,4.890515354129142e-06,3.277102344776256e-05,0.0001873935789899,0.0002102464544765,0.0001176923087558,6.650186766596168e-05
123,123,0.02,4016,2,100000.0,4.20194187461122,,3686.05,2.1246166028432274,4016.0,0.1547858086710448,0.0144709099233826,0.0072770239454869,2.966840190871551e-05,1.0166667978475566e-05,90933590601.69014,531579074031.3755,3356894232492.299,3909294549231.539,2188355100928.524,1236526862854.758,26.00133255349752,55.227065137477645,2363718387884.0435,13817811697396.91,87258762917214.69,101617799852958.86,56883877091601.96,32142151910011.99,1.5731995587254235e-05,9.196601158717312e-05,0.000580760584763,0.0006763287822557,0.000378597090067,0.0002139257343873,4.911532739649358e-06,2.871181054813714e-05,0.0001813135917907,0.0002111500056297,0.0001181981009774,6.678766482420392e-05
124,124,0.02,4056,2,100000.0,4.26046906476449,,3722.65,2.140732503808157,4056.0,0.1587504464916037,0.0145141391243261,0.0073564253899035,7.88167166751308e-05,1.869034231623725e-05,91623351162.98907,457688609314.1838,3253913405788.397,3938947807007.009,2204954478922.4014,1245906317216.347,25.62845607361504,54.85623512965661,2347846863549.3022,11728263070720.582,83381477397078.03,100935472638568.16,56501922183546.3,31926328845460.145,1.598980000913342e-05,7.987428135403565e-05,0.000567862056399,0.0006874119630094,0.0003848012619019,0.0002174313926475,4.913649662567056e-06,2.454528733310365e-05,0.0001745034459602,0.0002112410135308,0.0001182490456177,6.681645101901928e-05
125,125,0.02,4096,2,100000.0,4.33916476461335,,3726.6,2.1584240189046198,4096.0,0.1606625067174036,0.0142567094706269,0.0071666100223254,-8.191875587076139e-06,-1.0443415160720118e-05,92380548009.11766,407942139572.97296,3151299067600.7427,3971500194784.4976,2223176739471.757,1256202779002.4883,25.62767402595727,55.31685416408303,2367561358222.7544,10454885437011.695,80762607079561.23,101783011661912.8,56976359789005.54,32194409123496.324,1.6258748976501302e-05,7.179681206912958e-05,0.0005546208763011,0.0006989742550644,0.000391273631911,0.0002210885958953,4.918086398154886e-06,2.17177179731606e-05,0.0001677664986285,0.0002114317516963,0.0001183558175256,6.68767823300501e-05
126,126,0.02,4136,2,100000.0,4.39375723050564,,3753.05,2.166682475711159,4136.0,0.1595865482098361,0.0141892641602177,0.007265982142966,4.2165443994859176e-05,-7.644581891316676e-06,92734009960.43762,339735812191.5099,3055022290752.735,3986695755308.534,2231682949982.4946,1261009200863.895,26.03211061672432,56.42111859612076,2414823875913.9697,8846831395871.738,79553777220530.3,103814858216862.22,58113752154004.39,32837091022942.293,1.645637623100654e-05,6.028878021079031e-05,0.0005421376281709,0.0007074703800245,0.000396029614905,0.0002237759571598,4.899561999283438e-06,1.7949797231019696e-05,0.0001614108041819,0.00021063537567,0.0001179100200761,6.662488513044303e-05
127,127,0.02,4176,2,100000.0,4.4693171924677,,3769.85,2.186199396451307,4176.0,0.1616186295765146,0.0147777042893991,0.0073241187047095,2.560597235143959e-05,-1.139281861202096e-05,93569334168.11597,297760357796.6681,2951369185209.2646,4022606889470.405,2251785378344.846,1272368048734.661,26.0053578836693,56.861177925720526,2433658415220.84,7744492433483.136,76762590199722.72,104624567383325.78,58567013263492.15,33093205552769.35,1.673815306512814e-05,5.326487026800124e-05,0.0005279557625682,0.0007195841504634,0.0004028106929224,0.0002276075954182,4.905528925794025e-06,1.5610585039559493e-05,0.0001547304684537,0.0002108918977443,0.000118053616672,6.670602417785336e-05
128,128,0.02,4216,2,100000.0,4.51798023073832,,3763.5,2.1781491752534445,4216.0,0.1646655490604643,0.0147090193640246,0.0074393587597466,5.734061623052592e-05,-1.2674613504425264e-05,93224784700.84744,240467668947.9803,2831593927829.477,4007794482466.337,2243493650511.0474,1267682819997.5046,25.71590849301849,56.01231035018543,2397326882987.9365,6183759062660.471,72816003455241.05,103062651044341.2,57692679660691.0,32599164623807.93,1.6806658988385756e-05,4.335175589527541e-05,0.0005104826328247,0.0007225292649211,0.0004044593167765,0.0002285391479261,4.848255856449037e-06,1.250578146149471e-05,0.0001472601077892,0.0002084296910248,0.0001166753161714,6.592721748722755e-05
129,129,0.02,4256,2,100000.0,4.6141951946457,,3777.5,2.181804086867342,4256.0,0.1667801865389264,0.01488650079327,0.0072435391059482,4.054121763508898e-05,1.8317647054676665e-05,93381214917.92224,207969565560.195,2705437067715.5034,4014519519835.9087,2247258209473.3623,1269809978556.793,25.615352258718143,55.89175695797479,2392167197801.321,5327602273234.154,69305778627888.73,102840832802673.6,57568509666714.02,32529002549541.32,1.696236478790287e-05,3.777693017717059e-05,0.0004914329985279,0.000729223159106,0.0004082064423256,0.0002306564557606,4.816915981962448e-06,1.0727767088800478e-05,0.0001395555097577,0.0002070823693179,0.0001159211089116,6.55010537734146e-05
130,130,0.02,4296,2,100000.0,4.6822403967796,,3784.7,2.185954561482677,4296.0,0.1685229705331039,0.0143373350203481,0.0074506205096784,7.1060184423723455e-06,3.542501600362146e-06,93558855231.4586,166307423037.6021,2601285928164.386,4022156393128.128,2251533198327.1577,1272225554782.9185,25.586521061050615,55.93327111468041,2393944003708.322,4255403266404.887,66560592626469.69,102917218851011.98,57611269248120.81,32553163788744.0,1.7119196820106e-05,3.043057229144076e-05,0.0004759776685963,0.0007359654707708,0.000411980671138,0.0002327890782546,4.785560444856872e-06,8.506669127212868e-06,0.0001330564703125,0.0002057343742648,0.0001151665247243,6.507467707725932e-05
131,131,0.02,4336,2,100000.0,4.77464856910558,,3810.3,2.177670218836522,4336.0,0.1726102410381827,0.0148436518633089,0.0073678705978464,9.702189016559565e-05,-2.590114098375522e-05,93204285366.20312,134492912715.34358,2482544049473.635,3937227755656.431,2243000325401.6177,1267404067362.856,25.206544212538272,54.87552082943765,2348672291499.932,3389112166426.0693,62558093745558.95,99214941659623.28,56521786454320.79,31937553122732.71,1.7174780045054024e-05,2.478304709304992e-05,0.0004574590946579,0.0007255140729312,0.0004133183048225,0.00023354490622,4.726752767011376e-06,6.820660067537911e-06,0.0001258994895885,0.0001996721729615,0.0001137512932247,6.427500257945374e-05
132,132,0.02,4376,2,100000.0,4.83501779085518,,3823.55,2.184950925184898,4376.0,0.1683184650496514,0.0145328071731391,0.0073960163388105,6.830928157566503e-05,7.928985545200751e-06,93515899597.91364,103610372872.26784,2381596508451.5386,3854253432026.16,2250499452940.445,1271641438457.6106,26.14900234592047,57.11977971285661,2444726571710.263,2708619953983.66,62260559887013.71,100759291413479.08,58833373104242.33,33243711792882.55,1.7350126653035775e-05,1.9222967427265335e-05,0.000441860702145,0.0007150846592512,0.0004175380946874,0.0002359292923379,4.701044288770669e-06,5.208493461997784e-06,0.0001197228568868,0.0001937533206866,0.0001131326078839,6.39254153286105e-05
133,133,0.02,4416,2,100000.0,4.85986029179908,,3846.2,2.150842994183723,4416.0,0.1744812162378821,0.0142517833563558,0.0073445451330818,3.164212422925041e-05,2.701753817439061e-06,92056080151.06335,79323089625.49571,2258385143892.909,3686544892030.901,2215368284009.235,1251790622614.927,25.392641026864577,54.6196075027957,2337719201119.656,2014371124703.1052,57350587877935.48,93618007259791.84,56258195727879.58,31788611566627.094,1.7192025035765074e-05,1.4814062694369531e-05,0.0004217669693353,0.0006884843670864,0.0004137333127765,0.0002337794058601,4.586421310631591e-06,3.952037802245166e-06,0.0001125173452374,0.000183671171178,0.000110374157709,6.236675707447632e-05
134,134,0.02,4456,2,100000.0,4.93811886690595,,3843.25,2.0466088609702826,4456.0,0.1750704378923273,0.0146262824065925,0.0072997190447287,6.594691927284175e-05,-8.758961065063782e-06,87594859249.52812,55913354081.70815,2054795296414.1648,3405557144654.552,2108007126799.392,1191126357084.7048,25.54287517785037,52.24382147963811,2236035559328.5107,1427301202823.7131,52452796765556.66,86933718942117.81,53811136124027.24,30405904101149.383,1.6462642716487327e-05,1.0508397173234436e-05,0.0003861797497044,0.0006400429317811,0.0003961804205135,0.0002238611696493,4.324557286937794e-06,2.760441707456554e-06,0.0001014452223384,0.0001681323206883,0.0001040722898491,5.880589581770551e-05
135,135,0.02,4496,2,100000.0,5.04311620735308,,3866.4,2.0398134903096965,4496.0,0.1781555741339616,0.0147946213677185,0.0073852806311267,8.094001456520045e-05,5.353455477033168e-07,87304017385.25502,40959454885.41872,1950877622132.194,3292258973359.8506,2101007895018.9875,1187171451360.2434,25.36794357068617,51.758275930863135,2215254209840.9424,1039306180691.7314,49501615100277.49,83537857352413.1,53311024208789.02,30123316591762.336,1.650797898384594e-05,7.744864906439872e-06,0.000368883904209,0.0006225205158861,0.0003972714568541,0.0002244776581447,4.270372967154127e-06,2.0034833920667024e-06,9.542487630341603e-05,0.0001610369618921,0.0001027683214057,5.806909034775003e-05
136,136,0.02,4536,2,100000.0,5.1439527597377,,3890.8,2.128953064303037,4536.0,0.1775500450960862,0.0143175947487345,0.0073344534438414,4.347410892287068e-05,-1.8978598567713105e-06,91119191152.16995,30656924125.963734,1942882566482.9512,3350972123212.9795,2192821656232.128,1239050683424.3674,25.69039692692232,54.66747606671876,2339767975655.5635,787211655360.7502,49889538658487.55,86046607329015.34,56307500348720.336,31816471070830.324,1.7330347671803034e-05,5.830771179298216e-06,0.0003695251234879,0.0006373356830704,0.0004170621051858,0.0002356603351632,4.414954733335238e-06,1.4854053308417623e-06,9.413756284209668e-05,0.0001623630549127,0.0001062477424143,6.003513212152123e-05
137,137,0.02,4576,2,100000.0,5.16882861700551,,3901.7,2.1562014336338904,4576.0,0.1834204889948523,0.0147759011495846,0.0073376581933942,6.736897252867238e-05,-1.850866821163141e-05,92285421359.53052,20496850828.123768,1870289123534.0369,3286050984858.0483,2220887476642.908,1254909234374.9243,25.1002356180914,54.12190407212605,2316417494286.994,514482820109.6302,46945339592162.14,82481781805920.11,55745561194289.83,31498948169977.363,1.7649834832291733e-05,3.920077801770217e-06,0.0003576978208768,0.0006284660814114,0.0004247506980667,0.0002400047633736,4.428873974528776e-06,9.836653271465082e-07,8.975713283893134e-05,0.0001577010265696,0.0001065827148075,6.02244077844801e-05
138,138,0.02,4616,2,100000.0,5.25364767820562,,3909.1,2.142314439060055,4616.0,0.1842923738176523,0.0142118855703149,0.0073918738909919,4.886422269992207e-05,6.292245676078796e-06,91691057991.77032,12815324974.457249,1772550966878.2886,3157771483174.5205,2206583872231.8564,1246827003532.9517,25.270343820205134,54.11708477338691,2316211228300.959,323728401114.4005,44776475941500.31,79768582955972.28,55740597316588.5,31496143338111.168,1.7630046811788955e-05,2.464087383834615e-06,0.0003408201105624,0.0006071656308545,0.0004242744910313,0.0002397356832817,4.357728759906619e-06,6.090638654617146e-07,8.424263495202651e-05,0.0001500769203761,0.0001048705752967,5.925696584732831e-05
139,139,0.02,4656,2,100000.0,5.3293036223888,,3914.05,2.141263834765115,4656.0,0.1840426847125854,0.0143347297225098,0.0073626718026907,3.7217415071884286e-05,-4.601058275575707e-06,91646092127.94691,6685025692.136687,1685602890727.0984,3070572339053.175,2205501749808.0674,1246215551833.2969,25.41974253109185,54.41382171207624,2328911569276.864,169879951385.102,42834560451746.43,78029420335117.34,56046236363438.54,31668844236428.383,1.7711476799099118e-05,1.2919446394109214e-06,0.0003257587508469,0.00059341723668,0.0004262341379221,0.0002408429789036,4.312745099446633e-06,3.145885560858035e-07,7.932226500664462e-05,0.0001444971138459,0.0001037880245894,5.864527214668085e-05
140,140,0.02,4696,2,100000.0,5.35604891573161,,3957.3,2.12906205775392,4696.0,0.1898966447052771,0.0141186262031388,0.0073514050915653,3.0063451163642663e-05,3.816601555593878e-06,91123856071.86777,3338369306.558145,1597222355726.99,2967912508508.964,2192933919486.5369,1239114117612.7812,24.914909442917363,53.08062974394066,2271850953040.6606,83230427438.499,39821088433904.28,73994397863053.3,54673048636258.89,30892926510973.48,1.769630002052091e-05,6.483130474807662e-07,0.0003101814083035,0.0005763701455281,0.0004258689023629,0.0002406366030827,4.245439377479986e-06,1.555338538291733e-07,7.44142201164833e-05,0.0001382743572945,0.0001021682840841,5.773004013302224e-05
141,141,0.02,4736,2,100000.0,5.48516515738505,,3969.3,2.112441927242959,4736.0,0.1950103049217887,0.0139842734018897,0.0073013250600977,4.6699431661258056e-05,8.812463695023872e-06,90412514485.99864,1262817784.1058407,1518423257302.2383,2851796601777.9937,2175815185060.2476,1229441201655.402,24.409368342514263,51.55118957568874,2206390913839.477,30817301128.34672,37054995067005.055,69594105927179.8,53097725262959.4,30002792333050.84,1.7639385954917963e-05,2.46374414108644e-07,0.0002962427715979,0.0005563825009144,0.0004244992414384,0.0002398626781719,4.169726555729104e-06,5.823977885548736e-08,7.002802449201123e-05,0.0001315217488371,0.0001003462231869,5.6700487276503255e-05
142,142,0.02,4776,2,100000.0,5.52251087964269,,3993.6,2.088107224806589,4776.0,0.1918212546118866,0.014452954277305,0.0073004981451572,8.023078569823646e-05,-2.2797179050214693e-06,89370989221.72202,311963219.3861044,1425759613097.939,2735420464496.632,2150750441550.7864,1215278404837.435,25.01060928735766,52.22085313837207,2235052514322.325,7801795458.87279,35656398522880.45,68409317611267.41,53787478732523.234,30392536526532.55,1.751205507699855e-05,6.112852870335474e-08,0.0002793745609012,0.000535999816609,0.0004214349703108,0.0002381312162339,4.079615260601406e-06,1.424052616667874e-08,6.50832079424916e-05,0.0001248667287706,9.817765697241212e-05,5.547514209509389e-05
143,143,0.02,4816,2,100000.0,5.58384346440811,,3976.2,2.0297603320299347,4816.0,0.1916597058538627,0.0143940403918765,0.0072270731537961,7.291957942892976e-05,3.25099367213379e-08,86873742210.88124,21255650.197017483,1314878743088.9917,2577795621678.018,2090653141990.8333,1181320513241.4226,25.23195232880728,51.20526629814996,2191585397560.8176,536221548.6742264,33170771507941.543,65030688198650.45,52741424287094.45,29801464985523.27,1.7093166926115468e-05,4.182234674071991e-09,0.000258713867634,0.0005072037849571,0.0004113542507919,0.0002324351203504,3.924676837357286e-06,9.602620523552688e-10,5.9402001290655366e-05,0.0001164565323234,9.444899865602815e-05,5.336826914350328e-05
144,144,0.02,4856,2,100000.0,5.66961940354871,,3991.8,2.024987101053266,4856.0,0.1963591677363638,0.0145274066490309,0.0073388750765788,4.987181133744323e-05,1.968889985685821e-05,86669447925.0798,228823.54241901907,1242937082626.4946,2490734134295.517,2085736714084.864,1178542492813.0012,24.796873955659315,50.20108083757076,2148606259848.028,5672722.1346454965,30813423418100.93,61747329430212.02,51707113262697.87,29217029047466.18,1.711935412736932e-05,4.519829477553114e-11,0.000245510737462,0.000491981438707,0.0004119844568034,0.0002327912173394,3.874623931759325e-06,1.0229731408616908e-11,5.556645255406246e-05,0.0001113501737397,9.32444544325258e-05,5.268764318420389e-05
145,145,0.02,4896,2,100000.0,5.69197928332433,,4014.25,2.0745639522970984,4896.0,0.2002702000268527,0.0141371342949073,0.0073705418091228,3.0516442082436963e-05,7.252099141423127e-06,88791337158.31583,234425.72660957213,1202417266751.3987,2477029359042.736,2136800870866.012,1207396220236.9116,24.525309461499244,50.87279073993842,2177355443669.3645,5748625.353613042,29485869512868.32,60742112143486.48,52398974462136.58,29607964210644.168,1.760285053608762e-05,4.647481566770797e-11,0.0002383787890353,0.0004910701761702,0.0004236200012188,0.0002393658647663,3.927610663190267e-06,1.0369626283656547e-11,5.318792384077286e-05,0.0001095693255104,9.45196024085508e-05,5.3408163691045217e-05
146,146,0.02,4936,2,100000.0,5.77981050647594,,4009.6,2.0341501159720723,4936.0,0.2005505362797066,0.014359052052753,0.0074257861958757,4.270209999167127e-05,1.0154467553362115e-05,87061624963.6047,229858.96310484415,1116341583645.4731,2327067732672.052,2095174619451.2349,1183875367495.7463,24.68782430385988,50.20010911094321,2148564669948.369,5672612.329536582,27549819880085.625,57428924822919.02,51706112384271.5,29216463502568.95,1.7319290681940068e-05,4.5726164650916536e-11,0.0002220753908001,0.0004629268350499,0.0004167960140746,0.0002355099807683,3.8101434297305e-06,1.0059490830830526e-11,4.885529706159109e-05,0.0001018412169067,9.169270403323396e-05,5.181082888091474e-05
147,147,0.02,4976,2,100000.0,5.84309365791407,,4050.2,2.0351343567922013,4976.0,0.1932379066987323,0.0145368795494802,0.0071894000848634,4.664754895784079e-05,2.267723705871559e-06,87103750470.7062,229970.18231751872,1059083919274.6616,2267139673466.5127,2096188387495.9675,1184448195653.0613,25.873025182455507,52.6438681850953,2253157558322.0786,5948757.104915769,27395869003523.6,58645269158196.17,54223184230648.16,30638731283725.46,1.73829526013426e-05,4.589424401756339e-11,0.0002113572087321,0.0004524441401376,0.0004183280649388,0.000236375663878,3.771126729110817e-06,9.956479448353325e-12,4.58526717249829e-05,9.815502748199098e-05,9.075375072392851e-05,5.128027468089942e-05
148,148,0.02,5016,2,100000.0,5.87732309837458,,4066.9,1.97374133575022,5016.0,0.2076544634827769,0.0140630780440261,0.0074234330366523,4.9081515170522784e-05,1.501973301416631e-05,84476129170.10938,223032.77093977475,972659730257.708,2131640642610.2373,2032953575822.7256,1148717457406.6277,24.27115286261552,47.92087069409695,2051013265707.3496,5415058.388432955,23615405078050.977,51754540349624.71,49358496814919.86,27889946743964.426,1.6908818548580427e-05,4.464244149508384e-11,0.0001946884528209,0.0004266711222538,0.0004069178295569,0.0002299283269923,3.617870958835812e-06,9.55185556888894e-12,4.165623384379178e-05,9.129207092389431e-05,8.70655861588992e-05,4.9196282664543046e-05
149,149,0.02,5056,2,100000.0,5.97462265476542,,4082.6,1.961889598317724,5056.0,0.2019328026537095,0.0147718476545896,0.0071901496237178,-1.3218797418358215e-06,-8.39558043075036e-06,83968874807.99857,221693.5246099028,911101529458.7509,2048212740643.704,2020746286267.2556,1141819746220.9155,25.12535003378733,49.2886501437808,2109554226153.8176,5569617.46624723,22889649126771.797,51457350750107.15,50767309648094.22,28685994383680.426,1.6853161691413618e-05,4.4495496989012586e-11,0.0001828646796609,0.0004110911403232,0.0004055784238821,0.0002291714977663,3.556960196755804e-06,9.391039771808552e-12,3.8594680265733545e-05,8.676323470591263e-05,8.559974305276822e-05,4.83680101521467e-05
150,150,0.02,5096,2,100000.0,5.98670584712395,,4088.4,1.8871443332515496,5096.0,0.2097633498366576,0.0145363652627627,0.0072892347046943,4.715864437537167e-05,-9.04728233254178e-06,80769777463.16634,213247.3096574251,831853222097.2832,1894692910584.556,1943758663249.0952,1098318001952.4016,24.33623488699608,45.92778482269832,1965709190411.4883,5189839.684964911,20244967549845.42,46111495961989.125,47305618367379.27,26729970766810.414,1.6251887398977354e-05,4.290802046926263e-11,0.0001673792515296,0.0003812358632843,0.0003911085051622,0.0002209952912663,3.3840223371716543e-06,8.934451497672827e-12,3.485226743516976e-05,7.938220622711075e-05,8.143792073100008e-05,4.601637851013792e-05
151,151,0.02,5136,2,100000.0,6.05619589798946,,4085.9,1.848833282798357,5136.0,0.2105905001307746,0.0143433197665327,0.0071908542436497,7.042098277612916e-06,-2.717320247360117e-06,79130064503.76968,208918.16095621436,768744878987.5566,1792258984344.7266,1904298281282.3071,1076020970588.6432,24.46670048374245,45.23027312838038,1935855689894.681,5111020.863506983,18806747566780.56,43846226770651.945,46587181322231.8,26324018960717.383,1.595863762297364e-05,4.213378624757059e-11,0.0001550374187764,0.000361455684853,0.0003840513259733,0.0002170076424432,3.278741462507671e-06,8.65649030989175e-12,3.1852820096044154e-05,7.426196200362002e-05,7.890429220520798e-05,4.458475540138936e-05
152,152,0.02,5176,2,100000.0,6.07823469786764,,4123.55,1.7779503473740554,5176.0,0.2128582776811072,0.0145279476865743,0.0073232336235097,7.783506287264077e-05,-9.417799704781464e-06,76096274867.60957,200908.38925326828,696600946101.155,1671628916601.0874,1831288857795.277,1034767102171.7004,24.38115449236513,43.34875015867721,1855326506791.3845,4898408.767930524,16984040312169.734,40756494899188.3,44649212663437.52,25228972592350.14,1.5378601505462058e-05,4.0602382479374106e-11,0.0001407788801363,0.0003378261947531,0.000370092512865,0.0002091202354246,3.118101727521507e-06,8.232371383409583e-12,2.8543744318759955e-05,6.84962440237318e-05,7.503842942399886e-05,4.240035526676441e-05
153,153,0.02,5216,2,100000.0,6.14920264259965,,4137.25,1.7021762248328802,5216.0,0.2182874692367477,0.0143400153869619,0.0074162105194472,4.7439920516195e-05,5.3476224448144204e-06,72853142422.84727,192345.9134061155,629805203188.1658,1542512094943.5562,1753241511577.8667,990666562852.736,24.03241816515884,40.91905870450141,1751335712552.6606,4623853.63360866,15140051720665.523,37080850998019.17,42146630465636.47,23814892166019.82,1.4750753777466297e-05,3.8944747122749794e-11,0.0001275181985434,0.0003123161932976,0.0003549830932427,0.0002005826798711,2.9520201896848364e-06,7.793885080242678e-12,2.551980070521939e-05,6.250281999748597e-05,7.10416073685837e-05,4.014195678496672e-05
154,154,0.02,5256,2,100000.0,6.21171128479502,,4161.8,1.6829201759892047,5256.0,0.2171328777609687,0.014449648175719,0.0072159463515362,6.300695483567775e-05,-4.2904060410956425e-06,72028983532.33797,190169.97988678017,580607460716.2756,1475920994342.5327,1733407781268.881,979459542425.717,24.28103492167802,40.86588818029264,1749060014116.5251,4617845.364373067,14098731422200.965,35839383934116.66,42091864825701.42,23783946920930.32,1.460801535001064e-05,3.8567890994186975e-11,0.0001177515256016,0.0002993277911672,0.0003515480329558,0.0001986417040585,2.885906079613266e-06,7.619331471876147e-12,2.3262560688471423e-05,5.913410354721576e-05,6.945054350471178e-05,3.924292846576919e-05
155,155,0.02,5296,2,100000.0,6.20937265815489,,4217.5,1.613713219536373,5296.0,0.2175054312167958,0.0143512438946588,0.0073696871937439,3.438993649803087e-05,3.6568141438843213e-07,69066925796.15675,182349.5938076101,525102281637.1356,1368106067522.9373,1662124616122.464,939181093770.1692,24.43734986579389,39.43797743227984,1687945434101.5774,4456491.449847622,12833117856463.86,33435517267086.844,40621116755248.24,22952902865586.867,1.4027740178674987e-05,3.7035856079212006e-11,0.0001066501554705,0.0002778672458756,0.0003375834669166,0.0001907510463548,2.736247074108045e-06,7.224203723696474e-12,2.080314948398968e-05,5.4200707229644886e-05,6.58489365965254e-05,3.720784572735706e-05
156,156,0.02,5336,2,100000.0,6.29748096597792,,4174.55,1.5521619987818562,5336.0,0.2235495061220262,0.0145031611053005,0.0073571357741857,3.598525515071824e-05,1.1523391721583032e-05,66432533547.86344,175394.30586234975,473098977228.7098,1268116353004.7764,1598726858745.3115,903358283291.0404,23.991607614175603,37.23652317439455,1593723191864.0864,4207727.118706584,11349692263555.455,30422239433480.336,38353618869626.375,21671656487497.62,1.3509288342883543e-05,3.566704632583739e-11,9.620633380632952e-05,0.0002578759013115,0.0003251067054478,0.0001837010704569,2.6021972137168688e-06,6.870287036215096e-12,1.8531535297684616e-05,4.967278326183835e-05,6.262297033010222e-05,3.538501818652378e-05
157,157,0.02,5376,2,100000.0,6.33136271650017,,4192.7,1.459342041794018,5376.0,0.2195168602838748,0.0140098878525198,0.0073642977769271,2.352210008568289e-05,4.424413766680873e-06,62459839388.78397,164905.650722724,418539297586.5244,1145291634399.945,1503122303047.8389,849337068324.1187,24.66672078592099,35.99805416391701,1540716718215.6482,4067780.120522624,10324241934211.4,28251272907842.074,37077995788834.53,20950867523399.703,1.2714220407043249e-05,3.3567918364389895e-11,8.519715917616832e-05,0.000233133648959,0.0003059730611974,0.0001728896326377,2.4189550903831752e-06,6.386493579749973e-12,1.620925981125922e-05,4.435504567599804e-05,5.82131715676325e-05,3.289326781782729e-05
158,158,0.02,5416,2,100000.0,6.36614235030186,,4209.35,1.416112143246567,5416.0,0.2250540403249033,0.013915670632089,0.0074200276332779,6.542557501222613e-05,-5.946617526364941e-06,60609599730.95309,160020.67218686215,380934166533.32666,1074545894295.4956,1458595507543.9644,824177267369.5022,24.12912229393477,34.17189308976447,1462557024241.9194,3861423.919143385,9192239241146.64,25929632476513.28,35197049882457.4,19888041778242.914,1.2347866592220738e-05,3.2600675815909893e-11,7.760691853521912e-05,0.0002189149806115,0.0002971566025697,0.0001679079055296,2.320714871088744e-06,6.1271210381548605e-12,1.45858014094129e-05,4.114388888276024e-05,5.584897937433192e-05,3.1557384462001145e-05
159,159,0.02,5456,2,100000.0,6.40184070985492,,4210.45,1.2923104027194223,5456.0,0.2215685606938223,0.0145000115035431,0.0074457339179772,4.83469399800271e-05,8.058147543721862e-06,55310885236.39128,146031.0755072947,321268366116.0484,945971214790.6172,1331079714801.0051,752124654382.7039,24.700152904743565,31.918351296343367,1366105435483.4958,3606773.6964868,7934902132270.963,23364233148923.336,32875901835233.668,18576480454471.84,1.1275877294534354e-05,2.977042369818649e-11,6.549493213601029e-05,0.0001928491163457,0.0002713587292842,0.0001533308547994,2.093891025387928e-06,5.528263688524205e-12,1.2162180114753248e-05,3.5811407256634666e-05,5.039036813433565e-05,2.847300413027509e-05
160,160,0.02,5496,2,100000.0,6.43847955608377,,4235.2,1.2505547592742523,5496.0,0.2311593639142301,0.0139921425216825,0.0071301281505352,8.578116270050153e-05,2.3926717838558364e-06,53523743696.938,141312.68779799057,293130035573.8848,878889884817.9446,1288071402052.48,727822869897.615,23.851972860358384,29.833682217405816,1276881598904.9685,3371206.0905668563,6993015111759.92,20967111862392.805,30728692683927.98,17363203050530.184,1.0916602996099367e-05,2.882187239624365e-11,5.9786255660880656e-05,0.0001792567426555,0.0002627126421958,0.0001484453958814,2.0032165881431496e-06,5.288866225705045e-12,1.0970887108896126e-05,3.289393967633191e-05,4.8208249667930925e-05,2.7240001268675537e-05
161,161,0.02,5536,2,100000.0,6.47608160855513,,4237.8,1.1145267573968654,5536.0,0.2321056315897294,0.0137855175042959,0.007274938015887,9.114618643267617e-05,-2.439059005119952e-05,47701745216.58584,125941.52358584576,242743927761.0373,750968129134.0077,1147962560118.7712,648654572804.9756,23.95361388620227,26.70690435610063,1143055506441.107,3017880.192239372,5816763768758.719,17995112155140.6,27508111486783.65,15543418335250.566,9.73201832061258e-06,2.5694347435262173e-11,4.952414930442568e-05,0.0001532110734679,0.0002342051137903,0.0001323372584718,1.7651074055049294e-06,4.660213477150866e-12,8.98225217100406e-06,2.778806938853322e-05,4.2478052048366304e-05,2.4002161448688533e-05
162,162,0.02,5576,2,100000.0,6.51467058819009,,4266.55,1.0488975644638483,5576.0,0.2343818210822973,0.0139618419689027,0.0073129118669012,1.8793741967001657e-05,1.8624666398825043e-06,44892815759.05273,118525.4247844149,212296867047.48297,684720330082.0004,1053093154721.7043,610458382517.9598,23.877017410397816,25.037717774137384,1071614320733.08,2829262.1084775245,5067634077485.406,16344622162956.889,25137868645233.93,14571951744547.955,9.15959010777581e-06,2.4183029957445485e-11,4.331544480873421e-05,0.000139705150055,0.0002148651511262,0.0001245533047365,1.6422935119775914e-06,4.335961842370745e-12,7.766359972529544e-06,2.504881319203205e-05,3.852482911274537e-05,2.2332122055396225e-05
163,163,0.02,5616,2,100000.0,6.61780373571361,,4285.5,0.9299823562541096,5616.0,0.2320102773819144,0.0140847741323971,0.007291288258345,6.314336814937558e-05,-5.193624298504817e-06,39803244847.675896,105088.00625671442,176324654745.77927,582912940900.0759,911196712657.777,541249731339.8919,24.339259133318667,22.63484358870322,968771305596.498,2557737.3255234635,4291566344418.13,14187519961399.178,22177619748211.41,13173478968625.271,8.120316938797886e-06,2.1439154534676657e-11,3.5972245130749514e-05,0.0001189209032064,0.0001858945452484,0.0001104211322051,1.439588674604106e-06,3.800783182950092e-12,6.377243287498564e-06,2.108257432808069e-05,3.29558173686239e-05,1.9575715154663307e-05
164,164,0.02,5656,2,100000.0,6.65949546873268,,4290.35,0.8902153096511105,5656.0,0.2389942348992008,0.0142467495721241,0.007389685739673,5.57044269137644e-05,1.6908434601218769e-06,38101215253.06752,100594.32999057548,154719420817.363,536443745595.7591,847306931725.9269,518105310216.9463,23.769899698308937,21.159127220194733,905610645024.3348,2390981.375882006,3677456310869.845,12750490062889.35,20139257288181.355,12314612042153.34,7.771270393593201e-06,2.0517606412991397e-11,3.155716809360976e-05,0.00010941512942,0.0001728199803883,0.0001056747516137,1.3624052247849554e-06,3.5970044486144845e-12,5.53238383335573e-06,1.9181901599425565e-05,3.029760030257758e-05,1.852616450525336e-05
165,165,0.02,5696,2,100000.0,6.5091839297979,,4321.0,0.959575378738618,5696.0,0.2393658904590211,0.0139606139272102,0.0072650636740178,6.675918028595194e-05,1.2404486613754544e-05,41069826210.012856,108432.01779746384,155067381204.1607,553099248304.9395,886455734878.7354,558472870425.8759,23.886302898367813,22.925798165440597,981224161480.8575,2590615.192694787,3704808983535.2,13214430062559.96,21178852345234.023,13342814532286.426,8.373259345871766e-06,2.2106969768306297e-11,3.161492313768405e-05,0.0001127651095083,0.0001807293687783,0.0001138606761517,1.4519129559125972e-06,3.833321589208494e-12,5.48198910456719e-06,1.9553332424953765e-05,3.133825207177704e-05,1.974330234441896e-05
166,166,0.02,5736,2,100000.0,6.54984666055737,,4320.65,1.5277881126142774,5736.0,0.2461772259427107,0.0145126138419611,0.0074807883644757,5.215560813592967e-05,-1.253515827447324e-05,65389331219.89107,172640.0567254134,228557101647.09595,850672421103.6296,1372259282750.144,889172681541.5094,23.39897823816297,35.74692320031003,1529968312973.2695,4039402.321635033,5347739710766.382,19903886837932.625,32107886418518.47,20804709302580.44,1.332378858352948e-05,3.5177292288290456e-11,4.657099934803764e-05,0.0001733337729744,0.0002796127781711,0.0001811786204582,2.285587447067822e-06,6.0343780728659795e-12,7.988875749564164e-06,2.973399744222811e-05,4.7965295442904623e-05,3.1079717154053094e-05
167,167,0.02,5776,2,100000.0,6.59156613541509,,4341.6,1.2403579000315037,5776.0,0.2446362716949351,0.0143252253833978,0.0073248591444379,4.648387295552152e-05,-1.7736116623298354e-05,53087318121.34834,140160.4427035599,171417461784.35376,663343404936.8479,1079607516187.4204,721888297818.335,23.700292951890727,29.403383297485515,1258464805132.3806,3322582.3126158644,4063547571712.499,15724929387495.256,25592704822131.4,17112769079136.572,1.0808740010077202e-05,2.853709395183934e-11,3.490111844375395e-05,0.000135058741995,0.0002198113856254,0.0001469786608846,1.834553486081652e-06,4.843564110449221e-12,5.923721770478605e-06,2.292334589617915e-05,3.730830267022126e-05,2.494649833877386e-05
168,168,0.02,5816,2,100000.0,6.44331800086203,,4360.45,0.8937854546901118,5816.0,0.2566741104311859,0.013763708425184,0.0074186161702734,3.459820797511042e-05,-1.1927996822505567e-05,38254017460.73679,100997.75637998265,114762052382.21036,458154424074.15137,755963737576.8966,520183134629.64514,22.772424102800223,20.353939417242007,871148607057.958,2299995.1541483467,2613445821173.874,10433429345278.254,17215361959103.293,11845992740834.852,7.781617749784698e-06,2.0544925367422223e-11,2.3344853249354095e-05,9.319759949858968e-05,0.0001537778573076,0.0001058154563171,1.3071441322990538e-06,3.4511048352755397e-12,3.921432396897161e-06,1.5655188836833996e-05,2.583136698828364e-05,1.7774716939206762e-05
169,169,0.02,5856,2,100000.0,6.48400425509237,,4411.9,1.138431894114778,5856.0,0.2460742352026955,0.0137029657829238,0.0072954110225026,7.727432287242875e-05,8.92150331972668e-06,48724885068.112495,128642.80403496991,133424217990.25198,558514687252.7101,935563330583.5244,662567362374.8007,23.95762846367439,27.26905607975364,1167115600213.4558,3081403.3370121606,3195933372547.1265,13378198912727.137,22409710286341.54,15870590638416.62,9.9011349231097e-06,2.6140846876434494e-11,2.711245357449667e-05,0.0001134929157307,0.0001901110439207,0.0001346369281599,1.6462122018351295e-06,4.34630791606004e-12,4.507852104090589e-06,1.886989967804474e-05,3.1608812791310974e-05,2.2385408912804808e-05
170,170,0.02,5896,2,100000.0,6.40053728632138,,4380.95,0.9844969636929068,5896.0,0.2529045766591025,0.0141539163830601,0.0073288825529735,0.0001045028625799,-1.1566201396505027e-05,42136470046.05641,111248.15689729844,107310169042.52689,464879466255.79065,783462683706.8152,572977232869.2719,23.39397280878282,23.03678631937509,985974454469.2535,2603156.8540893844,2511009708811.8843,10877970500008.916,18332674552958.69,13407409637876.3,8.551961775037809e-06,2.2578777583627863e-11,2.1779528819605635e-05,9.435131659282369e-05,0.0001590105416021,0.0001162906951651,1.407783148688802e-06,3.716810649575574e-12,3.5852421310065285e-06,1.5531663617075982e-05,2.617555676931188e-05,1.914321945179632e-05
171,171,0.02,5936,2,100000.0,6.91085639789351,,4356.6,1.9335567083219265,5936.0,0.260914871348632,0.0139589648289515,0.0071830323976383,1.7866658235858233e-05,-2.047297393006482e-06,82756227116.17847,218491.9080403777,194902516198.85016,873580920819.8464,1493865912849.5205,1125330004243.361,22.867489374319334,44.21094190591202,1892228313573.0344,4995836.435368059,4456462944115.932,19974503553091.047,34157373716507.637,25730768189240.8,1.6773094852149928e-05,4.42841055675921e-11,3.95029897452503e-05,0.0001770580433224,0.0003027778757656,0.00022808273841,2.734083614579001e-06,7.2184917861548404e-12,6.439150195083256e-06,2.886119105296245e-05,4.935404207064804e-05,3.7178426721611655e-05
172,172,0.02,5976,2,100000.0,7.43256615550895,,3880.05,0.3818656038162063,5976.0,0.256420271202569,0.0138632543529693,0.0073238914889983,5.032855026194805e-05,1.5200470215011893e-05,16343847843.33363,43150.8132312313,34833780380.114334,165882418297.75998,285940964137.5752,222245781421.03204,23.375768468543644,8.925352988351452,382005107901.4423,1008564.8876837144,814170699597.4197,3877173338139.8726,6683304317677.57,5194555439220.548,3.307520384860888e-06,8.732472044142063e-12,7.049346016518928e-06,3.356978633606471e-05,5.786615103233255e-05,4.497609495301487e-05,5.33991915662655e-07,1.4098384689224305e-12,1.1381014613726024e-06,5.419768415043396e-06,9.342363234770935e-06,7.261291937281897e-06
