Simulation Number PG.cFactor ExitSlit.openingHeight UE65.photonEnergy UE65.numberRays UE65.electronSigmaX UE65.electronSigmaY UE65.electronSigmaYs
0                 2.5        0.01                   100               250000.0        17.15               2.43                0.81                
1                 2.5        0.01                   101               250000.0        17.15               2.43                0.81                
2                 2.5        0.01                   102               250000.0        17.15               2.43                0.81                
3                 2.5        0.01                   103               250000.0        17.15               2.43                0.81                
4                 2.5        0.01                   104               250000.0        17.15               2.43                0.81                
5                 2.5        0.01                   105               250000.0        17.15               2.43                0.81                
6                 2.5        0.01                   106               250000.0        17.15               2.43                0.81                
7                 2.5        0.01                   107               250000.0        17.15               2.43                0.81                
8                 2.5        0.01                   108               250000.0        17.15               2.43                0.81                
9                 2.5        0.01                   109               250000.0        17.15               2.43                0.81                
10                2.5        0.01                   110               250000.0        17.15               2.43                0.81                
11                2.5        0.01                   111               250000.0        17.15               2.43                0.81                
12                2.5        0.01                   112               250000.0        17.15               2.43                0.81                
13                2.5        0.01                   113               250000.0        17.15               2.43                0.81                
14                2.5        0.01                   114               250000.0        17.15               2.43                0.81                
15                2.5        0.01                   115               250000.0        17.15               2.43                0.81                
16                2.5        0.01                   116               250000.0        17.15               2.43                0.81                
17                2.5        0.01                   117               250000.0        17.15               2.43                0.81                
18                2.5        0.01                   118               250000.0        17.15               2.43                0.81                
19                2.5        0.01                   119               250000.0        17.15               2.43                0.81                
20                2.5        0.01                   120               250000.0        17.15               2.43                0.81                
21                2.5        0.01                   121               250000.0        17.15               2.43                0.81                
22                2.5        0.01                   122               250000.0        17.15               2.43                0.81                
23                2.5        0.01                   123               250000.0        17.15               2.43                0.81                
24                2.5        0.01                   124               250000.0        17.15               2.43                0.81                
25                2.5        0.01                   125               250000.0        17.15               2.43                0.81                
26                2.5        0.01                   126               250000.0        17.15               2.43                0.81                
27                2.5        0.01                   127               250000.0        17.15               2.43                0.81                
28                2.5        0.01                   128               250000.0        17.15               2.43                0.81                
29                2.5        0.01                   129               250000.0        17.15               2.43                0.81                
30                2.5        0.01                   130               250000.0        17.15               2.43                0.81                
31                2.5        0.01                   131               250000.0        17.15               2.43                0.81                
32                2.5        0.01                   132               250000.0        17.15               2.43                0.81                
33                2.5        0.01                   133               250000.0        17.15               2.43                0.81                
34                2.5        0.01                   134               250000.0        17.15               2.43                0.81                
35                2.5        0.01                   135               250000.0        17.15               2.43                0.81                
36                2.5        0.01                   136               250000.0        17.15               2.43                0.81                
37                2.5        0.01                   137               250000.0        17.15               2.43                0.81                
38                2.5        0.01                   138               250000.0        17.15               2.43                0.81                
39                2.5        0.01                   139               250000.0        17.15               2.43                0.81                
40                2.5        0.01                   140               250000.0        17.15               2.43                0.81                
41                2.5        0.01                   141               250000.0        17.15               2.43                0.81                
42                2.5        0.01                   142               250000.0        17.15               2.43                0.81                
43                2.5        0.01                   143               250000.0        17.15               2.43                0.81                
44                2.5        0.01                   144               250000.0        17.15               2.43                0.81                
45                2.5        0.01                   145               250000.0        17.15               2.43                0.81                
46                2.5        0.01                   146               250000.0        17.15               2.43                0.81                
47                2.5        0.01                   147               250000.0        17.15               2.43                0.81                
48                2.5        0.01                   148               250000.0        17.15               2.43                0.81                
49                2.5        0.01                   149               250000.0        17.15               2.43                0.81                
50                2.5        0.01                   150               250000.0        17.15               2.43                0.81                
51                2.5        0.01                   151               250000.0        17.15               2.43                0.81                
52                2.5        0.01                   152               250000.0        17.15               2.43                0.81                
53                2.5        0.01                   153               250000.0        17.15               2.43                0.81                
54                2.5        0.01                   154               250000.0        17.15               2.43                0.81                
55                2.5        0.01                   155               250000.0        17.15               2.43                0.81                
56                2.5        0.01                   156               250000.0        17.15               2.43                0.81                
57                2.5        0.01                   157               250000.0        17.15               2.43                0.81                
58                2.5        0.01                   158               250000.0        17.15               2.43                0.81                
59                2.5        0.01                   159               250000.0        17.15               2.43                0.81                
60                2.5        0.01                   160               250000.0        17.15               2.43                0.81                
61                2.5        0.01                   161               250000.0        17.15               2.43                0.81                
62                2.5        0.01                   162               250000.0        17.15               2.43                0.81                
63                2.5        0.01                   163               250000.0        17.15               2.43                0.81                
64                2.5        0.01                   164               250000.0        17.15               2.43                0.81                
65                2.5        0.01                   165               250000.0        17.15               2.43                0.81                
66                2.5        0.01                   166               250000.0        17.15               2.43                0.81                
67                2.5        0.01                   167               250000.0        17.15               2.43                0.81                
68                2.5        0.01                   168               250000.0        17.15               2.43                0.81                
69                2.5        0.01                   169               250000.0        17.15               2.43                0.81                
70                2.5        0.01                   170               250000.0        17.15               2.43                0.81                
71                2.5        0.01                   171               250000.0        17.15               2.43                0.81                
72                2.5        0.01                   172               250000.0        17.15               2.43                0.81                
73                2.5        0.01                   173               250000.0        17.15               2.43                0.81                
74                2.5        0.01                   174               250000.0        17.15               2.43                0.81                
75                2.5        0.01                   175               250000.0        17.15               2.43                0.81                
76                2.5        0.01                   176               250000.0        17.15               2.43                0.81                
77                2.5        0.01                   177               250000.0        17.15               2.43                0.81                
78                2.5        0.01                   178               250000.0        17.15               2.43                0.81                
79                2.5        0.01                   179               250000.0        17.15               2.43                0.81                
80                2.5        0.01                   180               250000.0        17.15               2.43                0.81                
81                2.5        0.01                   181               250000.0        17.15               2.43                0.81                
82                2.5        0.01                   182               250000.0        17.15               2.43                0.81                
83                2.5        0.01                   183               250000.0        17.15               2.43                0.81                
84                2.5        0.01                   184               250000.0        17.15               2.43                0.81                
85                2.5        0.01                   185               250000.0        17.15               2.43                0.81                
86                2.5        0.01                   186               250000.0        17.15               2.43                0.81                
87                2.5        0.01                   187               250000.0        17.15               2.43                0.81                
88                2.5        0.01                   188               250000.0        17.15               2.43                0.81                
89                2.5        0.01                   189               250000.0        17.15               2.43                0.81                
90                2.5        0.01                   190               250000.0        17.15               2.43                0.81                
91                2.5        0.01                   191               250000.0        17.15               2.43                0.81                
92                2.5        0.01                   192               250000.0        17.15               2.43                0.81                
93                2.5        0.01                   193               250000.0        17.15               2.43                0.81                
94                2.5        0.01                   194               250000.0        17.15               2.43                0.81                
95                2.5        0.01                   195               250000.0        17.15               2.43                0.81                
96                2.5        0.01                   196               250000.0        17.15               2.43                0.81                
97                2.5        0.01                   197               250000.0        17.15               2.43                0.81                
98                2.5        0.01                   198               250000.0        17.15               2.43                0.81                
99                2.5        0.01                   199               250000.0        17.15               2.43                0.81                
100               2.5        0.01                   200               250000.0        17.15               2.43                0.81                
101               2.5        0.01                   201               250000.0        17.15               2.43                0.81                
102               2.5        0.01                   202               250000.0        17.15               2.43                0.81                
103               2.5        0.01                   203               250000.0        17.15               2.43                0.81                
104               2.5        0.01                   204               250000.0        17.15               2.43                0.81                
105               2.5        0.01                   205               250000.0        17.15               2.43                0.81                
106               2.5        0.01                   206               250000.0        17.15               2.43                0.81                
107               2.5        0.01                   207               250000.0        17.15               2.43                0.81                
108               2.5        0.01                   208               250000.0        17.15               2.43                0.81                
109               2.5        0.01                   209               250000.0        17.15               2.43                0.81                
110               2.5        0.01                   210               250000.0        17.15               2.43                0.81                
111               2.5        0.01                   211               250000.0        17.15               2.43                0.81                
112               2.5        0.01                   212               250000.0        17.15               2.43                0.81                
113               2.5        0.01                   213               250000.0        17.15               2.43                0.81                
114               2.5        0.01                   214               250000.0        17.15               2.43                0.81                
115               2.5        0.01                   215               250000.0        17.15               2.43                0.81                
116               2.5        0.01                   216               250000.0        17.15               2.43                0.81                
117               2.5        0.01                   217               250000.0        17.15               2.43                0.81                
118               2.5        0.01                   218               250000.0        17.15               2.43                0.81                
119               2.5        0.01                   219               250000.0        17.15               2.43                0.81                
120               2.5        0.01                   220               250000.0        17.15               2.43                0.81                
121               2.5        0.01                   221               250000.0        17.15               2.43                0.81                
122               2.5        0.01                   222               250000.0        17.15               2.43                0.81                
123               2.5        0.01                   223               250000.0        17.15               2.43                0.81                
124               2.5        0.01                   224               250000.0        17.15               2.43                0.81                
125               2.5        0.01                   225               250000.0        17.15               2.43                0.81                
126               2.5        0.01                   226               250000.0        17.15               2.43                0.81                
127               2.5        0.01                   227               250000.0        17.15               2.43                0.81                
128               2.5        0.01                   228               250000.0        17.15               2.43                0.81                
129               2.5        0.01                   229               250000.0        17.15               2.43                0.81                
130               2.5        0.01                   230               250000.0        17.15               2.43                0.81                
131               2.5        0.01                   231               250000.0        17.15               2.43                0.81                
132               2.5        0.01                   232               250000.0        17.15               2.43                0.81                
133               2.5        0.01                   233               250000.0        17.15               2.43                0.81                
134               2.5        0.01                   234               250000.0        17.15               2.43                0.81                
135               2.5        0.01                   235               250000.0        17.15               2.43                0.81                
136               2.5        0.01                   236               250000.0        17.15               2.43                0.81                
137               2.5        0.01                   237               250000.0        17.15               2.43                0.81                
138               2.5        0.01                   238               250000.0        17.15               2.43                0.81                
139               2.5        0.01                   239               250000.0        17.15               2.43                0.81                
140               2.5        0.01                   240               250000.0        17.15               2.43                0.81                
141               2.5        0.01                   241               250000.0        17.15               2.43                0.81                
142               2.5        0.01                   242               250000.0        17.15               2.43                0.81                
143               2.5        0.01                   243               250000.0        17.15               2.43                0.81                
144               2.5        0.01                   244               250000.0        17.15               2.43                0.81                
145               2.5        0.01                   245               250000.0        17.15               2.43                0.81                
146               2.5        0.01                   246               250000.0        17.15               2.43                0.81                
147               2.5        0.01                   247               250000.0        17.15               2.43                0.81                
148               2.5        0.01                   248               250000.0        17.15               2.43                0.81                
149               2.5        0.01                   249               250000.0        17.15               2.43                0.81                
150               2.5        0.01                   250               250000.0        17.15               2.43                0.81                
151               2.5        0.01                   251               250000.0        17.15               2.43                0.81                
152               2.5        0.01                   252               250000.0        17.15               2.43                0.81                
153               2.5        0.01                   253               250000.0        17.15               2.43                0.81                
154               2.5        0.01                   254               250000.0        17.15               2.43                0.81                
155               2.5        0.01                   255               250000.0        17.15               2.43                0.81                
156               2.5        0.01                   256               250000.0        17.15               2.43                0.81                
157               2.5        0.01                   257               250000.0        17.15               2.43                0.81                
158               2.5        0.01                   258               250000.0        17.15               2.43                0.81                
159               2.5        0.01                   259               250000.0        17.15               2.43                0.81                
160               2.5        0.01                   260               250000.0        17.15               2.43                0.81                
161               2.5        0.01                   261               250000.0        17.15               2.43                0.81                
162               2.5        0.01                   262               250000.0        17.15               2.43                0.81                
163               2.5        0.01                   263               250000.0        17.15               2.43                0.81                
164               2.5        0.01                   264               250000.0        17.15               2.43                0.81                
165               2.5        0.01                   265               250000.0        17.15               2.43                0.81                
166               2.5        0.01                   266               250000.0        17.15               2.43                0.81                
167               2.5        0.01                   267               250000.0        17.15               2.43                0.81                
168               2.5        0.01                   268               250000.0        17.15               2.43                0.81                
169               2.5        0.01                   269               250000.0        17.15               2.43                0.81                
170               2.5        0.01                   270               250000.0        17.15               2.43                0.81                
171               2.5        0.01                   271               250000.0        17.15               2.43                0.81                
172               2.5        0.01                   272               250000.0        17.15               2.43                0.81                
173               2.5        0.01                   273               250000.0        17.15               2.43                0.81                
174               2.5        0.01                   274               250000.0        17.15               2.43                0.81                
175               2.5        0.01                   275               250000.0        17.15               2.43                0.81                
176               2.5        0.01                   276               250000.0        17.15               2.43                0.81                
177               2.5        0.01                   277               250000.0        17.15               2.43                0.81                
178               2.5        0.01                   278               250000.0        17.15               2.43                0.81                
179               2.5        0.01                   279               250000.0        17.15               2.43                0.81                
180               2.5        0.01                   280               250000.0        17.15               2.43                0.81                
181               2.5        0.01                   281               250000.0        17.15               2.43                0.81                
182               2.5        0.01                   282               250000.0        17.15               2.43                0.81                
183               2.5        0.01                   283               250000.0        17.15               2.43                0.81                
184               2.5        0.01                   284               250000.0        17.15               2.43                0.81                
185               2.5        0.01                   285               250000.0        17.15               2.43                0.81                
186               2.5        0.01                   286               250000.0        17.15               2.43                0.81                
187               2.5        0.01                   287               250000.0        17.15               2.43                0.81                
188               2.5        0.01                   288               250000.0        17.15               2.43                0.81                
189               2.5        0.01                   289               250000.0        17.15               2.43                0.81                
190               2.5        0.01                   290               250000.0        17.15               2.43                0.81                
191               2.5        0.01                   291               250000.0        17.15               2.43                0.81                
192               2.5        0.01                   292               250000.0        17.15               2.43                0.81                
193               2.5        0.01                   293               250000.0        17.15               2.43                0.81                
194               2.5        0.01                   294               250000.0        17.15               2.43                0.81                
195               2.5        0.01                   295               250000.0        17.15               2.43                0.81                
196               2.5        0.01                   296               250000.0        17.15               2.43                0.81                
197               2.5        0.01                   297               250000.0        17.15               2.43                0.81                
198               2.5        0.01                   298               250000.0        17.15               2.43                0.81                
199               2.5        0.01                   299               250000.0        17.15               2.43                0.81                
200               2.5        0.01                   300               250000.0        17.15               2.43                0.81                
201               2.5        0.01                   301               250000.0        17.15               2.43                0.81                
202               2.5        0.01                   302               250000.0        17.15               2.43                0.81                
203               2.5        0.01                   303               250000.0        17.15               2.43                0.81                
204               2.5        0.01                   304               250000.0        17.15               2.43                0.81                
205               2.5        0.01                   305               250000.0        17.15               2.43                0.81                
206               2.5        0.01                   306               250000.0        17.15               2.43                0.81                
207               2.5        0.01                   307               250000.0        17.15               2.43                0.81                
208               2.5        0.01                   308               250000.0        17.15               2.43                0.81                
209               2.5        0.01                   309               250000.0        17.15               2.43                0.81                
210               2.5        0.01                   310               250000.0        17.15               2.43                0.81                
211               2.5        0.01                   311               250000.0        17.15               2.43                0.81                
212               2.5        0.01                   312               250000.0        17.15               2.43                0.81                
213               2.5        0.01                   313               250000.0        17.15               2.43                0.81                
214               2.5        0.01                   314               250000.0        17.15               2.43                0.81                
215               2.5        0.01                   315               250000.0        17.15               2.43                0.81                
216               2.5        0.01                   316               250000.0        17.15               2.43                0.81                
217               2.5        0.01                   317               250000.0        17.15               2.43                0.81                
218               2.5        0.01                   318               250000.0        17.15               2.43                0.81                
219               2.5        0.01                   319               250000.0        17.15               2.43                0.81                
220               2.5        0.01                   320               250000.0        17.15               2.43                0.81                
221               2.5        0.01                   321               250000.0        17.15               2.43                0.81                
222               2.5        0.01                   322               250000.0        17.15               2.43                0.81                
223               2.5        0.01                   323               250000.0        17.15               2.43                0.81                
224               2.5        0.01                   324               250000.0        17.15               2.43                0.81                
225               2.5        0.01                   325               250000.0        17.15               2.43                0.81                
226               2.5        0.01                   326               250000.0        17.15               2.43                0.81                
227               2.5        0.01                   327               250000.0        17.15               2.43                0.81                
228               2.5        0.01                   328               250000.0        17.15               2.43                0.81                
229               2.5        0.01                   329               250000.0        17.15               2.43                0.81                
230               2.5        0.01                   330               250000.0        17.15               2.43                0.81                
231               2.5        0.01                   331               250000.0        17.15               2.43                0.81                
232               2.5        0.01                   332               250000.0        17.15               2.43                0.81                
233               2.5        0.01                   333               250000.0        17.15               2.43                0.81                
234               2.5        0.01                   334               250000.0        17.15               2.43                0.81                
235               2.5        0.01                   335               250000.0        17.15               2.43                0.81                
236               2.5        0.01                   336               250000.0        17.15               2.43                0.81                
237               2.5        0.01                   337               250000.0        17.15               2.43                0.81                
238               2.5        0.01                   338               250000.0        17.15               2.43                0.81                
239               2.5        0.01                   339               250000.0        17.15               2.43                0.81                
240               2.5        0.01                   340               250000.0        17.15               2.43                0.81                
241               2.5        0.01                   341               250000.0        17.15               2.43                0.81                
242               2.5        0.01                   342               250000.0        17.15               2.43                0.81                
243               2.5        0.01                   343               250000.0        17.15               2.43                0.81                
244               2.5        0.01                   344               250000.0        17.15               2.43                0.81                
245               2.5        0.01                   345               250000.0        17.15               2.43                0.81                
246               2.5        0.01                   346               250000.0        17.15               2.43                0.81                
247               2.5        0.01                   347               250000.0        17.15               2.43                0.81                
248               2.5        0.01                   348               250000.0        17.15               2.43                0.81                
249               2.5        0.01                   349               250000.0        17.15               2.43                0.81                
250               2.5        0.01                   350               250000.0        17.15               2.43                0.81                
251               2.5        0.01                   351               250000.0        17.15               2.43                0.81                
252               2.5        0.01                   352               250000.0        17.15               2.43                0.81                
253               2.5        0.01                   353               250000.0        17.15               2.43                0.81                
254               2.5        0.01                   354               250000.0        17.15               2.43                0.81                
255               2.5        0.01                   355               250000.0        17.15               2.43                0.81                
256               2.5        0.01                   356               250000.0        17.15               2.43                0.81                
257               2.5        0.01                   357               250000.0        17.15               2.43                0.81                
258               2.5        0.01                   358               250000.0        17.15               2.43                0.81                
259               2.5        0.01                   359               250000.0        17.15               2.43                0.81                
260               2.5        0.01                   360               250000.0        17.15               2.43                0.81                
261               2.5        0.01                   361               250000.0        17.15               2.43                0.81                
262               2.5        0.01                   362               250000.0        17.15               2.43                0.81                
263               2.5        0.01                   363               250000.0        17.15               2.43                0.81                
264               2.5        0.01                   364               250000.0        17.15               2.43                0.81                
265               2.5        0.01                   365               250000.0        17.15               2.43                0.81                
266               2.5        0.01                   366               250000.0        17.15               2.43                0.81                
267               2.5        0.01                   367               250000.0        17.15               2.43                0.81                
268               2.5        0.01                   368               250000.0        17.15               2.43                0.81                
269               2.5        0.01                   369               250000.0        17.15               2.43                0.81                
270               2.5        0.01                   370               250000.0        17.15               2.43                0.81                
271               2.5        0.01                   371               250000.0        17.15               2.43                0.81                
272               2.5        0.01                   372               250000.0        17.15               2.43                0.81                
273               2.5        0.01                   373               250000.0        17.15               2.43                0.81                
274               2.5        0.01                   374               250000.0        17.15               2.43                0.81                
275               2.5        0.01                   375               250000.0        17.15               2.43                0.81                
276               2.5        0.01                   376               250000.0        17.15               2.43                0.81                
277               2.5        0.01                   377               250000.0        17.15               2.43                0.81                
278               2.5        0.01                   378               250000.0        17.15               2.43                0.81                
279               2.5        0.01                   379               250000.0        17.15               2.43                0.81                
280               2.5        0.01                   380               250000.0        17.15               2.43                0.81                
281               2.5        0.01                   381               250000.0        17.15               2.43                0.81                
282               2.5        0.01                   382               250000.0        17.15               2.43                0.81                
283               2.5        0.01                   383               250000.0        17.15               2.43                0.81                
284               2.5        0.01                   384               250000.0        17.15               2.43                0.81                
285               2.5        0.01                   385               250000.0        17.15               2.43                0.81                
286               2.5        0.01                   386               250000.0        17.15               2.43                0.81                
287               2.5        0.01                   387               250000.0        17.15               2.43                0.81                
288               2.5        0.01                   388               250000.0        17.15               2.43                0.81                
289               2.5        0.01                   389               250000.0        17.15               2.43                0.81                
290               2.5        0.01                   390               250000.0        17.15               2.43                0.81                
291               2.5        0.01                   391               250000.0        17.15               2.43                0.81                
292               2.5        0.01                   392               250000.0        17.15               2.43                0.81                
293               2.5        0.01                   393               250000.0        17.15               2.43                0.81                
294               2.5        0.01                   394               250000.0        17.15               2.43                0.81                
295               2.5        0.01                   395               250000.0        17.15               2.43                0.81                
296               2.5        0.01                   396               250000.0        17.15               2.43                0.81                
297               2.5        0.01                   397               250000.0        17.15               2.43                0.81                
298               2.5        0.01                   398               250000.0        17.15               2.43                0.81                
299               2.5        0.01                   399               250000.0        17.15               2.43                0.81                
300               2.5        0.01                   400               250000.0        17.15               2.43                0.81                
301               2.5        0.01                   401               250000.0        17.15               2.43                0.81                
302               2.5        0.01                   402               250000.0        17.15               2.43                0.81                
303               2.5        0.01                   403               250000.0        17.15               2.43                0.81                
304               2.5        0.01                   404               250000.0        17.15               2.43                0.81                
305               2.5        0.01                   405               250000.0        17.15               2.43                0.81                
306               2.5        0.01                   406               250000.0        17.15               2.43                0.81                
307               2.5        0.01                   407               250000.0        17.15               2.43                0.81                
308               2.5        0.01                   408               250000.0        17.15               2.43                0.81                
309               2.5        0.01                   409               250000.0        17.15               2.43                0.81                
310               2.5        0.01                   410               250000.0        17.15               2.43                0.81                
311               2.5        0.01                   411               250000.0        17.15               2.43                0.81                
312               2.5        0.01                   412               250000.0        17.15               2.43                0.81                
313               2.5        0.01                   413               250000.0        17.15               2.43                0.81                
314               2.5        0.01                   414               250000.0        17.15               2.43                0.81                
315               2.5        0.01                   415               250000.0        17.15               2.43                0.81                
316               2.5        0.01                   416               250000.0        17.15               2.43                0.81                
317               2.5        0.01                   417               250000.0        17.15               2.43                0.81                
318               2.5        0.01                   418               250000.0        17.15               2.43                0.81                
319               2.5        0.01                   419               250000.0        17.15               2.43                0.81                
320               2.5        0.01                   420               250000.0        17.15               2.43                0.81                
321               2.5        0.01                   421               250000.0        17.15               2.43                0.81                
322               2.5        0.01                   422               250000.0        17.15               2.43                0.81                
323               2.5        0.01                   423               250000.0        17.15               2.43                0.81                
324               2.5        0.01                   424               250000.0        17.15               2.43                0.81                
325               2.5        0.01                   425               250000.0        17.15               2.43                0.81                
326               2.5        0.01                   426               250000.0        17.15               2.43                0.81                
327               2.5        0.01                   427               250000.0        17.15               2.43                0.81                
328               2.5        0.01                   428               250000.0        17.15               2.43                0.81                
329               2.5        0.01                   429               250000.0        17.15               2.43                0.81                
330               2.5        0.01                   430               250000.0        17.15               2.43                0.81                
331               2.5        0.01                   431               250000.0        17.15               2.43                0.81                
332               2.5        0.01                   432               250000.0        17.15               2.43                0.81                
333               2.5        0.01                   433               250000.0        17.15               2.43                0.81                
334               2.5        0.01                   434               250000.0        17.15               2.43                0.81                
335               2.5        0.01                   435               250000.0        17.15               2.43                0.81                
336               2.5        0.01                   436               250000.0        17.15               2.43                0.81                
337               2.5        0.01                   437               250000.0        17.15               2.43                0.81                
338               2.5        0.01                   438               250000.0        17.15               2.43                0.81                
339               2.5        0.01                   439               250000.0        17.15               2.43                0.81                
340               2.5        0.01                   440               250000.0        17.15               2.43                0.81                
341               2.5        0.01                   441               250000.0        17.15               2.43                0.81                
342               2.5        0.01                   442               250000.0        17.15               2.43                0.81                
343               2.5        0.01                   443               250000.0        17.15               2.43                0.81                
344               2.5        0.01                   444               250000.0        17.15               2.43                0.81                
345               2.5        0.01                   445               250000.0        17.15               2.43                0.81                
346               2.5        0.01                   446               250000.0        17.15               2.43                0.81                
347               2.5        0.01                   447               250000.0        17.15               2.43                0.81                
348               2.5        0.01                   448               250000.0        17.15               2.43                0.81                
349               2.5        0.01                   449               250000.0        17.15               2.43                0.81                
350               2.5        0.01                   450               250000.0        17.15               2.43                0.81                
351               2.5        0.01                   451               250000.0        17.15               2.43                0.81                
352               2.5        0.01                   452               250000.0        17.15               2.43                0.81                
353               2.5        0.01                   453               250000.0        17.15               2.43                0.81                
354               2.5        0.01                   454               250000.0        17.15               2.43                0.81                
355               2.5        0.01                   455               250000.0        17.15               2.43                0.81                
356               2.5        0.01                   456               250000.0        17.15               2.43                0.81                
357               2.5        0.01                   457               250000.0        17.15               2.43                0.81                
358               2.5        0.01                   458               250000.0        17.15               2.43                0.81                
359               2.5        0.01                   459               250000.0        17.15               2.43                0.81                
360               2.5        0.01                   460               250000.0        17.15               2.43                0.81                
361               2.5        0.01                   461               250000.0        17.15               2.43                0.81                
362               2.5        0.01                   462               250000.0        17.15               2.43                0.81                
363               2.5        0.01                   463               250000.0        17.15               2.43                0.81                
364               2.5        0.01                   464               250000.0        17.15               2.43                0.81                
365               2.5        0.01                   465               250000.0        17.15               2.43                0.81                
366               2.5        0.01                   466               250000.0        17.15               2.43                0.81                
367               2.5        0.01                   467               250000.0        17.15               2.43                0.81                
368               2.5        0.01                   468               250000.0        17.15               2.43                0.81                
369               2.5        0.01                   469               250000.0        17.15               2.43                0.81                
370               2.5        0.01                   470               250000.0        17.15               2.43                0.81                
371               2.5        0.01                   471               250000.0        17.15               2.43                0.81                
372               2.5        0.01                   472               250000.0        17.15               2.43                0.81                
373               2.5        0.01                   473               250000.0        17.15               2.43                0.81                
374               2.5        0.01                   474               250000.0        17.15               2.43                0.81                
375               2.5        0.01                   475               250000.0        17.15               2.43                0.81                
376               2.5        0.01                   476               250000.0        17.15               2.43                0.81                
377               2.5        0.01                   477               250000.0        17.15               2.43                0.81                
378               2.5        0.01                   478               250000.0        17.15               2.43                0.81                
379               2.5        0.01                   479               250000.0        17.15               2.43                0.81                
380               2.5        0.01                   480               250000.0        17.15               2.43                0.81                
381               2.5        0.01                   481               250000.0        17.15               2.43                0.81                
382               2.5        0.01                   482               250000.0        17.15               2.43                0.81                
383               2.5        0.01                   483               250000.0        17.15               2.43                0.81                
384               2.5        0.01                   484               250000.0        17.15               2.43                0.81                
385               2.5        0.01                   485               250000.0        17.15               2.43                0.81                
386               2.5        0.01                   486               250000.0        17.15               2.43                0.81                
387               2.5        0.01                   487               250000.0        17.15               2.43                0.81                
388               2.5        0.01                   488               250000.0        17.15               2.43                0.81                
389               2.5        0.01                   489               250000.0        17.15               2.43                0.81                
390               2.5        0.01                   490               250000.0        17.15               2.43                0.81                
391               2.5        0.01                   491               250000.0        17.15               2.43                0.81                
392               2.5        0.01                   492               250000.0        17.15               2.43                0.81                
393               2.5        0.01                   493               250000.0        17.15               2.43                0.81                
394               2.5        0.01                   494               250000.0        17.15               2.43                0.81                
395               2.5        0.01                   495               250000.0        17.15               2.43                0.81                
396               2.5        0.01                   496               250000.0        17.15               2.43                0.81                
397               2.5        0.01                   497               250000.0        17.15               2.43                0.81                
398               2.5        0.01                   498               250000.0        17.15               2.43                0.81                
399               2.5        0.01                   499               250000.0        17.15               2.43                0.81                
400               2.5        0.01                   500               250000.0        17.15               2.43                0.81                
401               2.5        0.01                   501               250000.0        17.15               2.43                0.81                
402               2.5        0.01                   502               250000.0        17.15               2.43                0.81                
403               2.5        0.01                   503               250000.0        17.15               2.43                0.81                
404               2.5        0.01                   504               250000.0        17.15               2.43                0.81                
405               2.5        0.01                   505               250000.0        17.15               2.43                0.81                
406               2.5        0.01                   506               250000.0        17.15               2.43                0.81                
407               2.5        0.01                   507               250000.0        17.15               2.43                0.81                
408               2.5        0.01                   508               250000.0        17.15               2.43                0.81                
409               2.5        0.01                   509               250000.0        17.15               2.43                0.81                
410               2.5        0.01                   510               250000.0        17.15               2.43                0.81                
411               2.5        0.01                   511               250000.0        17.15               2.43                0.81                
412               2.5        0.01                   512               250000.0        17.15               2.43                0.81                
413               2.5        0.01                   513               250000.0        17.15               2.43                0.81                
414               2.5        0.01                   514               250000.0        17.15               2.43                0.81                
415               2.5        0.01                   515               250000.0        17.15               2.43                0.81                
416               2.5        0.01                   516               250000.0        17.15               2.43                0.81                
417               2.5        0.01                   517               250000.0        17.15               2.43                0.81                
418               2.5        0.01                   518               250000.0        17.15               2.43                0.81                
419               2.5        0.01                   519               250000.0        17.15               2.43                0.81                
420               2.5        0.01                   520               250000.0        17.15               2.43                0.81                
421               2.5        0.01                   521               250000.0        17.15               2.43                0.81                
422               2.5        0.01                   522               250000.0        17.15               2.43                0.81                
423               2.5        0.01                   523               250000.0        17.15               2.43                0.81                
424               2.5        0.01                   524               250000.0        17.15               2.43                0.81                
425               2.5        0.01                   525               250000.0        17.15               2.43                0.81                
426               2.5        0.01                   526               250000.0        17.15               2.43                0.81                
427               2.5        0.01                   527               250000.0        17.15               2.43                0.81                
428               2.5        0.01                   528               250000.0        17.15               2.43                0.81                
429               2.5        0.01                   529               250000.0        17.15               2.43                0.81                
430               2.5        0.01                   530               250000.0        17.15               2.43                0.81                
431               2.5        0.01                   531               250000.0        17.15               2.43                0.81                
432               2.5        0.01                   532               250000.0        17.15               2.43                0.81                
433               2.5        0.01                   533               250000.0        17.15               2.43                0.81                
434               2.5        0.01                   534               250000.0        17.15               2.43                0.81                
435               2.5        0.01                   535               250000.0        17.15               2.43                0.81                
436               2.5        0.01                   536               250000.0        17.15               2.43                0.81                
437               2.5        0.01                   537               250000.0        17.15               2.43                0.81                
438               2.5        0.01                   538               250000.0        17.15               2.43                0.81                
439               2.5        0.01                   539               250000.0        17.15               2.43                0.81                
440               2.5        0.01                   540               250000.0        17.15               2.43                0.81                
441               2.5        0.01                   541               250000.0        17.15               2.43                0.81                
442               2.5        0.01                   542               250000.0        17.15               2.43                0.81                
443               2.5        0.01                   543               250000.0        17.15               2.43                0.81                
444               2.5        0.01                   544               250000.0        17.15               2.43                0.81                
445               2.5        0.01                   545               250000.0        17.15               2.43                0.81                
446               2.5        0.01                   546               250000.0        17.15               2.43                0.81                
447               2.5        0.01                   547               250000.0        17.15               2.43                0.81                
448               2.5        0.01                   548               250000.0        17.15               2.43                0.81                
449               2.5        0.01                   549               250000.0        17.15               2.43                0.81                
450               2.5        0.01                   550               250000.0        17.15               2.43                0.81                
451               2.5        0.01                   551               250000.0        17.15               2.43                0.81                
452               2.5        0.01                   552               250000.0        17.15               2.43                0.81                
453               2.5        0.01                   553               250000.0        17.15               2.43                0.81                
454               2.5        0.01                   554               250000.0        17.15               2.43                0.81                
455               2.5        0.01                   555               250000.0        17.15               2.43                0.81                
456               2.5        0.01                   556               250000.0        17.15               2.43                0.81                
457               2.5        0.01                   557               250000.0        17.15               2.43                0.81                
458               2.5        0.01                   558               250000.0        17.15               2.43                0.81                
459               2.5        0.01                   559               250000.0        17.15               2.43                0.81                
460               2.5        0.01                   560               250000.0        17.15               2.43                0.81                
461               2.5        0.01                   561               250000.0        17.15               2.43                0.81                
462               2.5        0.01                   562               250000.0        17.15               2.43                0.81                
463               2.5        0.01                   563               250000.0        17.15               2.43                0.81                
464               2.5        0.01                   564               250000.0        17.15               2.43                0.81                
465               2.5        0.01                   565               250000.0        17.15               2.43                0.81                
466               2.5        0.01                   566               250000.0        17.15               2.43                0.81                
467               2.5        0.01                   567               250000.0        17.15               2.43                0.81                
468               2.5        0.01                   568               250000.0        17.15               2.43                0.81                
469               2.5        0.01                   569               250000.0        17.15               2.43                0.81                
470               2.5        0.01                   570               250000.0        17.15               2.43                0.81                
471               2.5        0.01                   571               250000.0        17.15               2.43                0.81                
472               2.5        0.01                   572               250000.0        17.15               2.43                0.81                
473               2.5        0.01                   573               250000.0        17.15               2.43                0.81                
474               2.5        0.01                   574               250000.0        17.15               2.43                0.81                
475               2.5        0.01                   575               250000.0        17.15               2.43                0.81                
476               2.5        0.01                   576               250000.0        17.15               2.43                0.81                
477               2.5        0.01                   577               250000.0        17.15               2.43                0.81                
478               2.5        0.01                   578               250000.0        17.15               2.43                0.81                
479               2.5        0.01                   579               250000.0        17.15               2.43                0.81                
480               2.5        0.01                   580               250000.0        17.15               2.43                0.81                
481               2.5        0.01                   581               250000.0        17.15               2.43                0.81                
482               2.5        0.01                   582               250000.0        17.15               2.43                0.81                
483               2.5        0.01                   583               250000.0        17.15               2.43                0.81                
484               2.5        0.01                   584               250000.0        17.15               2.43                0.81                
485               2.5        0.01                   585               250000.0        17.15               2.43                0.81                
486               2.5        0.01                   586               250000.0        17.15               2.43                0.81                
487               2.5        0.01                   587               250000.0        17.15               2.43                0.81                
488               2.5        0.01                   588               250000.0        17.15               2.43                0.81                
489               2.5        0.01                   589               250000.0        17.15               2.43                0.81                
490               2.5        0.01                   590               250000.0        17.15               2.43                0.81                
491               2.5        0.01                   591               250000.0        17.15               2.43                0.81                
492               2.5        0.01                   592               250000.0        17.15               2.43                0.81                
493               2.5        0.01                   593               250000.0        17.15               2.43                0.81                
494               2.5        0.01                   594               250000.0        17.15               2.43                0.81                
495               2.5        0.01                   595               250000.0        17.15               2.43                0.81                
496               2.5        0.01                   596               250000.0        17.15               2.43                0.81                
497               2.5        0.01                   597               250000.0        17.15               2.43                0.81                
498               2.5        0.01                   598               250000.0        17.15               2.43                0.81                
499               2.5        0.01                   599               250000.0        17.15               2.43                0.81                
500               2.5        0.01                   600               250000.0        17.15               2.43                0.81                
501               2.5        0.01                   601               250000.0        17.15               2.43                0.81                
502               2.5        0.01                   602               250000.0        17.15               2.43                0.81                
503               2.5        0.01                   603               250000.0        17.15               2.43                0.81                
504               2.5        0.01                   604               250000.0        17.15               2.43                0.81                
505               2.5        0.01                   605               250000.0        17.15               2.43                0.81                
506               2.5        0.01                   606               250000.0        17.15               2.43                0.81                
507               2.5        0.01                   607               250000.0        17.15               2.43                0.81                
508               2.5        0.01                   608               250000.0        17.15               2.43                0.81                
509               2.5        0.01                   609               250000.0        17.15               2.43                0.81                
510               2.5        0.01                   610               250000.0        17.15               2.43                0.81                
511               2.5        0.01                   611               250000.0        17.15               2.43                0.81                
512               2.5        0.01                   612               250000.0        17.15               2.43                0.81                
513               2.5        0.01                   613               250000.0        17.15               2.43                0.81                
514               2.5        0.01                   614               250000.0        17.15               2.43                0.81                
515               2.5        0.01                   615               250000.0        17.15               2.43                0.81                
516               2.5        0.01                   616               250000.0        17.15               2.43                0.81                
517               2.5        0.01                   617               250000.0        17.15               2.43                0.81                
518               2.5        0.01                   618               250000.0        17.15               2.43                0.81                
519               2.5        0.01                   619               250000.0        17.15               2.43                0.81                
520               2.5        0.01                   620               250000.0        17.15               2.43                0.81                
521               2.5        0.01                   621               250000.0        17.15               2.43                0.81                
522               2.5        0.01                   622               250000.0        17.15               2.43                0.81                
523               2.5        0.01                   623               250000.0        17.15               2.43                0.81                
524               2.5        0.01                   624               250000.0        17.15               2.43                0.81                
525               2.5        0.01                   625               250000.0        17.15               2.43                0.81                
526               2.5        0.01                   626               250000.0        17.15               2.43                0.81                
527               2.5        0.01                   627               250000.0        17.15               2.43                0.81                
528               2.5        0.01                   628               250000.0        17.15               2.43                0.81                
529               2.5        0.01                   629               250000.0        17.15               2.43                0.81                
530               2.5        0.01                   630               250000.0        17.15               2.43                0.81                
531               2.5        0.01                   631               250000.0        17.15               2.43                0.81                
532               2.5        0.01                   632               250000.0        17.15               2.43                0.81                
533               2.5        0.01                   633               250000.0        17.15               2.43                0.81                
534               2.5        0.01                   634               250000.0        17.15               2.43                0.81                
535               2.5        0.01                   635               250000.0        17.15               2.43                0.81                
536               2.5        0.01                   636               250000.0        17.15               2.43                0.81                
537               2.5        0.01                   637               250000.0        17.15               2.43                0.81                
538               2.5        0.01                   638               250000.0        17.15               2.43                0.81                
539               2.5        0.01                   639               250000.0        17.15               2.43                0.81                
540               2.5        0.01                   640               250000.0        17.15               2.43                0.81                
541               2.5        0.01                   641               250000.0        17.15               2.43                0.81                
542               2.5        0.01                   642               250000.0        17.15               2.43                0.81                
543               2.5        0.01                   643               250000.0        17.15               2.43                0.81                
544               2.5        0.01                   644               250000.0        17.15               2.43                0.81                
545               2.5        0.01                   645               250000.0        17.15               2.43                0.81                
546               2.5        0.01                   646               250000.0        17.15               2.43                0.81                
547               2.5        0.01                   647               250000.0        17.15               2.43                0.81                
548               2.5        0.01                   648               250000.0        17.15               2.43                0.81                
549               2.5        0.01                   649               250000.0        17.15               2.43                0.81                
550               2.5        0.01                   650               250000.0        17.15               2.43                0.81                
551               2.5        0.01                   651               250000.0        17.15               2.43                0.81                
552               2.5        0.01                   652               250000.0        17.15               2.43                0.81                
553               2.5        0.01                   653               250000.0        17.15               2.43                0.81                
554               2.5        0.01                   654               250000.0        17.15               2.43                0.81                
555               2.5        0.01                   655               250000.0        17.15               2.43                0.81                
556               2.5        0.01                   656               250000.0        17.15               2.43                0.81                
557               2.5        0.01                   657               250000.0        17.15               2.43                0.81                
558               2.5        0.01                   658               250000.0        17.15               2.43                0.81                
559               2.5        0.01                   659               250000.0        17.15               2.43                0.81                
560               2.5        0.01                   660               250000.0        17.15               2.43                0.81                
561               2.5        0.01                   661               250000.0        17.15               2.43                0.81                
562               2.5        0.01                   662               250000.0        17.15               2.43                0.81                
563               2.5        0.01                   663               250000.0        17.15               2.43                0.81                
564               2.5        0.01                   664               250000.0        17.15               2.43                0.81                
565               2.5        0.01                   665               250000.0        17.15               2.43                0.81                
566               2.5        0.01                   666               250000.0        17.15               2.43                0.81                
567               2.5        0.01                   667               250000.0        17.15               2.43                0.81                
568               2.5        0.01                   668               250000.0        17.15               2.43                0.81                
569               2.5        0.01                   669               250000.0        17.15               2.43                0.81                
570               2.5        0.01                   670               250000.0        17.15               2.43                0.81                
571               2.5        0.01                   671               250000.0        17.15               2.43                0.81                
572               2.5        0.01                   672               250000.0        17.15               2.43                0.81                
573               2.5        0.01                   673               250000.0        17.15               2.43                0.81                
574               2.5        0.01                   674               250000.0        17.15               2.43                0.81                
575               2.5        0.01                   675               250000.0        17.15               2.43                0.81                
576               2.5        0.01                   676               250000.0        17.15               2.43                0.81                
577               2.5        0.01                   677               250000.0        17.15               2.43                0.81                
578               2.5        0.01                   678               250000.0        17.15               2.43                0.81                
579               2.5        0.01                   679               250000.0        17.15               2.43                0.81                
580               2.5        0.01                   680               250000.0        17.15               2.43                0.81                
581               2.5        0.01                   681               250000.0        17.15               2.43                0.81                
582               2.5        0.01                   682               250000.0        17.15               2.43                0.81                
583               2.5        0.01                   683               250000.0        17.15               2.43                0.81                
584               2.5        0.01                   684               250000.0        17.15               2.43                0.81                
585               2.5        0.01                   685               250000.0        17.15               2.43                0.81                
586               2.5        0.01                   686               250000.0        17.15               2.43                0.81                
587               2.5        0.01                   687               250000.0        17.15               2.43                0.81                
588               2.5        0.01                   688               250000.0        17.15               2.43                0.81                
589               2.5        0.01                   689               250000.0        17.15               2.43                0.81                
590               2.5        0.01                   690               250000.0        17.15               2.43                0.81                
591               2.5        0.01                   691               250000.0        17.15               2.43                0.81                
592               2.5        0.01                   692               250000.0        17.15               2.43                0.81                
593               2.5        0.01                   693               250000.0        17.15               2.43                0.81                
594               2.5        0.01                   694               250000.0        17.15               2.43                0.81                
595               2.5        0.01                   695               250000.0        17.15               2.43                0.81                
596               2.5        0.01                   696               250000.0        17.15               2.43                0.81                
597               2.5        0.01                   697               250000.0        17.15               2.43                0.81                
598               2.5        0.01                   698               250000.0        17.15               2.43                0.81                
599               2.5        0.01                   699               250000.0        17.15               2.43                0.81                
600               2.5        0.01                   700               250000.0        17.15               2.43                0.81                
601               2.5        0.01                   701               250000.0        17.15               2.43                0.81                
602               2.5        0.01                   702               250000.0        17.15               2.43                0.81                
603               2.5        0.01                   703               250000.0        17.15               2.43                0.81                
604               2.5        0.01                   704               250000.0        17.15               2.43                0.81                
605               2.5        0.01                   705               250000.0        17.15               2.43                0.81                
606               2.5        0.01                   706               250000.0        17.15               2.43                0.81                
607               2.5        0.01                   707               250000.0        17.15               2.43                0.81                
608               2.5        0.01                   708               250000.0        17.15               2.43                0.81                
609               2.5        0.01                   709               250000.0        17.15               2.43                0.81                
610               2.5        0.01                   710               250000.0        17.15               2.43                0.81                
611               2.5        0.01                   711               250000.0        17.15               2.43                0.81                
612               2.5        0.01                   712               250000.0        17.15               2.43                0.81                
613               2.5        0.01                   713               250000.0        17.15               2.43                0.81                
614               2.5        0.01                   714               250000.0        17.15               2.43                0.81                
615               2.5        0.01                   715               250000.0        17.15               2.43                0.81                
616               2.5        0.01                   716               250000.0        17.15               2.43                0.81                
617               2.5        0.01                   717               250000.0        17.15               2.43                0.81                
618               2.5        0.01                   718               250000.0        17.15               2.43                0.81                
619               2.5        0.01                   719               250000.0        17.15               2.43                0.81                
620               2.5        0.01                   720               250000.0        17.15               2.43                0.81                
621               2.5        0.01                   721               250000.0        17.15               2.43                0.81                
622               2.5        0.01                   722               250000.0        17.15               2.43                0.81                
623               2.5        0.01                   723               250000.0        17.15               2.43                0.81                
624               2.5        0.01                   724               250000.0        17.15               2.43                0.81                
625               2.5        0.01                   725               250000.0        17.15               2.43                0.81                
626               2.5        0.01                   726               250000.0        17.15               2.43                0.81                
627               2.5        0.01                   727               250000.0        17.15               2.43                0.81                
628               2.5        0.01                   728               250000.0        17.15               2.43                0.81                
629               2.5        0.01                   729               250000.0        17.15               2.43                0.81                
630               2.5        0.01                   730               250000.0        17.15               2.43                0.81                
631               2.5        0.01                   731               250000.0        17.15               2.43                0.81                
632               2.5        0.01                   732               250000.0        17.15               2.43                0.81                
633               2.5        0.01                   733               250000.0        17.15               2.43                0.81                
634               2.5        0.01                   734               250000.0        17.15               2.43                0.81                
635               2.5        0.01                   735               250000.0        17.15               2.43                0.81                
636               2.5        0.01                   736               250000.0        17.15               2.43                0.81                
637               2.5        0.01                   737               250000.0        17.15               2.43                0.81                
638               2.5        0.01                   738               250000.0        17.15               2.43                0.81                
639               2.5        0.01                   739               250000.0        17.15               2.43                0.81                
640               2.5        0.01                   740               250000.0        17.15               2.43                0.81                
641               2.5        0.01                   741               250000.0        17.15               2.43                0.81                
642               2.5        0.01                   742               250000.0        17.15               2.43                0.81                
643               2.5        0.01                   743               250000.0        17.15               2.43                0.81                
644               2.5        0.01                   744               250000.0        17.15               2.43                0.81                
645               2.5        0.01                   745               250000.0        17.15               2.43                0.81                
646               2.5        0.01                   746               250000.0        17.15               2.43                0.81                
647               2.5        0.01                   747               250000.0        17.15               2.43                0.81                
648               2.5        0.01                   748               250000.0        17.15               2.43                0.81                
649               2.5        0.01                   749               250000.0        17.15               2.43                0.81                
650               2.5        0.01                   750               250000.0        17.15               2.43                0.81                
651               2.5        0.01                   751               250000.0        17.15               2.43                0.81                
652               2.5        0.01                   752               250000.0        17.15               2.43                0.81                
653               2.5        0.01                   753               250000.0        17.15               2.43                0.81                
654               2.5        0.01                   754               250000.0        17.15               2.43                0.81                
655               2.5        0.01                   755               250000.0        17.15               2.43                0.81                
656               2.5        0.01                   756               250000.0        17.15               2.43                0.81                
657               2.5        0.01                   757               250000.0        17.15               2.43                0.81                
658               2.5        0.01                   758               250000.0        17.15               2.43                0.81                
659               2.5        0.01                   759               250000.0        17.15               2.43                0.81                
660               2.5        0.01                   760               250000.0        17.15               2.43                0.81                
661               2.5        0.01                   761               250000.0        17.15               2.43                0.81                
662               2.5        0.01                   762               250000.0        17.15               2.43                0.81                
663               2.5        0.01                   763               250000.0        17.15               2.43                0.81                
664               2.5        0.01                   764               250000.0        17.15               2.43                0.81                
665               2.5        0.01                   765               250000.0        17.15               2.43                0.81                
666               2.5        0.01                   766               250000.0        17.15               2.43                0.81                
667               2.5        0.01                   767               250000.0        17.15               2.43                0.81                
668               2.5        0.01                   768               250000.0        17.15               2.43                0.81                
669               2.5        0.01                   769               250000.0        17.15               2.43                0.81                
670               2.5        0.01                   770               250000.0        17.15               2.43                0.81                
671               2.5        0.01                   771               250000.0        17.15               2.43                0.81                
672               2.5        0.01                   772               250000.0        17.15               2.43                0.81                
673               2.5        0.01                   773               250000.0        17.15               2.43                0.81                
674               2.5        0.01                   774               250000.0        17.15               2.43                0.81                
675               2.5        0.01                   775               250000.0        17.15               2.43                0.81                
676               2.5        0.01                   776               250000.0        17.15               2.43                0.81                
677               2.5        0.01                   777               250000.0        17.15               2.43                0.81                
678               2.5        0.01                   778               250000.0        17.15               2.43                0.81                
679               2.5        0.01                   779               250000.0        17.15               2.43                0.81                
680               2.5        0.01                   780               250000.0        17.15               2.43                0.81                
681               2.5        0.01                   781               250000.0        17.15               2.43                0.81                
682               2.5        0.01                   782               250000.0        17.15               2.43                0.81                
683               2.5        0.01                   783               250000.0        17.15               2.43                0.81                
684               2.5        0.01                   784               250000.0        17.15               2.43                0.81                
685               2.5        0.01                   785               250000.0        17.15               2.43                0.81                
686               2.5        0.01                   786               250000.0        17.15               2.43                0.81                
687               2.5        0.01                   787               250000.0        17.15               2.43                0.81                
688               2.5        0.01                   788               250000.0        17.15               2.43                0.81                
689               2.5        0.01                   789               250000.0        17.15               2.43                0.81                
690               2.5        0.01                   790               250000.0        17.15               2.43                0.81                
691               2.5        0.01                   791               250000.0        17.15               2.43                0.81                
692               2.5        0.01                   792               250000.0        17.15               2.43                0.81                
693               2.5        0.01                   793               250000.0        17.15               2.43                0.81                
694               2.5        0.01                   794               250000.0        17.15               2.43                0.81                
695               2.5        0.01                   795               250000.0        17.15               2.43                0.81                
696               2.5        0.01                   796               250000.0        17.15               2.43                0.81                
697               2.5        0.01                   797               250000.0        17.15               2.43                0.81                
698               2.5        0.01                   798               250000.0        17.15               2.43                0.81                
699               2.5        0.01                   799               250000.0        17.15               2.43                0.81                
700               2.5        0.01                   800               250000.0        17.15               2.43                0.81                
701               2.5        0.01                   801               250000.0        17.15               2.43                0.81                
702               2.5        0.01                   802               250000.0        17.15               2.43                0.81                
703               2.5        0.01                   803               250000.0        17.15               2.43                0.81                
704               2.5        0.01                   804               250000.0        17.15               2.43                0.81                
705               2.5        0.01                   805               250000.0        17.15               2.43                0.81                
706               2.5        0.01                   806               250000.0        17.15               2.43                0.81                
707               2.5        0.01                   807               250000.0        17.15               2.43                0.81                
708               2.5        0.01                   808               250000.0        17.15               2.43                0.81                
709               2.5        0.01                   809               250000.0        17.15               2.43                0.81                
710               2.5        0.01                   810               250000.0        17.15               2.43                0.81                
711               2.5        0.01                   811               250000.0        17.15               2.43                0.81                
712               2.5        0.01                   812               250000.0        17.15               2.43                0.81                
713               2.5        0.01                   813               250000.0        17.15               2.43                0.81                
714               2.5        0.01                   814               250000.0        17.15               2.43                0.81                
715               2.5        0.01                   815               250000.0        17.15               2.43                0.81                
716               2.5        0.01                   816               250000.0        17.15               2.43                0.81                
717               2.5        0.01                   817               250000.0        17.15               2.43                0.81                
718               2.5        0.01                   818               250000.0        17.15               2.43                0.81                
719               2.5        0.01                   819               250000.0        17.15               2.43                0.81                
720               2.5        0.01                   820               250000.0        17.15               2.43                0.81                
721               2.5        0.01                   821               250000.0        17.15               2.43                0.81                
722               2.5        0.01                   822               250000.0        17.15               2.43                0.81                
723               2.5        0.01                   823               250000.0        17.15               2.43                0.81                
724               2.5        0.01                   824               250000.0        17.15               2.43                0.81                
725               2.5        0.01                   825               250000.0        17.15               2.43                0.81                
726               2.5        0.01                   826               250000.0        17.15               2.43                0.81                
727               2.5        0.01                   827               250000.0        17.15               2.43                0.81                
728               2.5        0.01                   828               250000.0        17.15               2.43                0.81                
729               2.5        0.01                   829               250000.0        17.15               2.43                0.81                
730               2.5        0.01                   830               250000.0        17.15               2.43                0.81                
731               2.5        0.01                   831               250000.0        17.15               2.43                0.81                
732               2.5        0.01                   832               250000.0        17.15               2.43                0.81                
733               2.5        0.01                   833               250000.0        17.15               2.43                0.81                
734               2.5        0.01                   834               250000.0        17.15               2.43                0.81                
735               2.5        0.01                   835               250000.0        17.15               2.43                0.81                
736               2.5        0.01                   836               250000.0        17.15               2.43                0.81                
737               2.5        0.01                   837               250000.0        17.15               2.43                0.81                
738               2.5        0.01                   838               250000.0        17.15               2.43                0.81                
739               2.5        0.01                   839               250000.0        17.15               2.43                0.81                
740               2.5        0.01                   840               250000.0        17.15               2.43                0.81                
741               2.5        0.01                   841               250000.0        17.15               2.43                0.81                
742               2.5        0.01                   842               250000.0        17.15               2.43                0.81                
743               2.5        0.01                   843               250000.0        17.15               2.43                0.81                
744               2.5        0.01                   844               250000.0        17.15               2.43                0.81                
745               2.5        0.01                   845               250000.0        17.15               2.43                0.81                
746               2.5        0.01                   846               250000.0        17.15               2.43                0.81                
747               2.5        0.01                   847               250000.0        17.15               2.43                0.81                
748               2.5        0.01                   848               250000.0        17.15               2.43                0.81                
749               2.5        0.01                   849               250000.0        17.15               2.43                0.81                
750               2.5        0.01                   850               250000.0        17.15               2.43                0.81                
751               2.5        0.01                   851               250000.0        17.15               2.43                0.81                
752               2.5        0.01                   852               250000.0        17.15               2.43                0.81                
753               2.5        0.01                   853               250000.0        17.15               2.43                0.81                
754               2.5        0.01                   854               250000.0        17.15               2.43                0.81                
755               2.5        0.01                   855               250000.0        17.15               2.43                0.81                
756               2.5        0.01                   856               250000.0        17.15               2.43                0.81                
757               2.5        0.01                   857               250000.0        17.15               2.43                0.81                
758               2.5        0.01                   858               250000.0        17.15               2.43                0.81                
759               2.5        0.01                   859               250000.0        17.15               2.43                0.81                
760               2.5        0.01                   860               250000.0        17.15               2.43                0.81                
761               2.5        0.01                   861               250000.0        17.15               2.43                0.81                
762               2.5        0.01                   862               250000.0        17.15               2.43                0.81                
763               2.5        0.01                   863               250000.0        17.15               2.43                0.81                
764               2.5        0.01                   864               250000.0        17.15               2.43                0.81                
765               2.5        0.01                   865               250000.0        17.15               2.43                0.81                
766               2.5        0.01                   866               250000.0        17.15               2.43                0.81                
767               2.5        0.01                   867               250000.0        17.15               2.43                0.81                
768               2.5        0.01                   868               250000.0        17.15               2.43                0.81                
769               2.5        0.01                   869               250000.0        17.15               2.43                0.81                
770               2.5        0.01                   870               250000.0        17.15               2.43                0.81                
771               2.5        0.01                   871               250000.0        17.15               2.43                0.81                
772               2.5        0.01                   872               250000.0        17.15               2.43                0.81                
773               2.5        0.01                   873               250000.0        17.15               2.43                0.81                
774               2.5        0.01                   874               250000.0        17.15               2.43                0.81                
775               2.5        0.01                   875               250000.0        17.15               2.43                0.81                
776               2.5        0.01                   876               250000.0        17.15               2.43                0.81                
777               2.5        0.01                   877               250000.0        17.15               2.43                0.81                
778               2.5        0.01                   878               250000.0        17.15               2.43                0.81                
779               2.5        0.01                   879               250000.0        17.15               2.43                0.81                
780               2.5        0.01                   880               250000.0        17.15               2.43                0.81                
781               2.5        0.01                   881               250000.0        17.15               2.43                0.81                
782               2.5        0.01                   882               250000.0        17.15               2.43                0.81                
783               2.5        0.01                   883               250000.0        17.15               2.43                0.81                
784               2.5        0.01                   884               250000.0        17.15               2.43                0.81                
785               2.5        0.01                   885               250000.0        17.15               2.43                0.81                
786               2.5        0.01                   886               250000.0        17.15               2.43                0.81                
787               2.5        0.01                   887               250000.0        17.15               2.43                0.81                
788               2.5        0.01                   888               250000.0        17.15               2.43                0.81                
789               2.5        0.01                   889               250000.0        17.15               2.43                0.81                
790               2.5        0.01                   890               250000.0        17.15               2.43                0.81                
791               2.5        0.01                   891               250000.0        17.15               2.43                0.81                
792               2.5        0.01                   892               250000.0        17.15               2.43                0.81                
793               2.5        0.01                   893               250000.0        17.15               2.43                0.81                
794               2.5        0.01                   894               250000.0        17.15               2.43                0.81                
795               2.5        0.01                   895               250000.0        17.15               2.43                0.81                
796               2.5        0.01                   896               250000.0        17.15               2.43                0.81                
797               2.5        0.01                   897               250000.0        17.15               2.43                0.81                
798               2.5        0.01                   898               250000.0        17.15               2.43                0.81                
799               2.5        0.01                   899               250000.0        17.15               2.43                0.81                
800               2.5        0.01                   900               250000.0        17.15               2.43                0.81                
801               2.5        0.01                   901               250000.0        17.15               2.43                0.81                
802               2.5        0.01                   902               250000.0        17.15               2.43                0.81                
803               2.5        0.01                   903               250000.0        17.15               2.43                0.81                
804               2.5        0.01                   904               250000.0        17.15               2.43                0.81                
805               2.5        0.01                   905               250000.0        17.15               2.43                0.81                
806               2.5        0.01                   906               250000.0        17.15               2.43                0.81                
807               2.5        0.01                   907               250000.0        17.15               2.43                0.81                
808               2.5        0.01                   908               250000.0        17.15               2.43                0.81                
809               2.5        0.01                   909               250000.0        17.15               2.43                0.81                
810               2.5        0.01                   910               250000.0        17.15               2.43                0.81                
811               2.5        0.01                   911               250000.0        17.15               2.43                0.81                
812               2.5        0.01                   912               250000.0        17.15               2.43                0.81                
813               2.5        0.01                   913               250000.0        17.15               2.43                0.81                
814               2.5        0.01                   914               250000.0        17.15               2.43                0.81                
815               2.5        0.01                   915               250000.0        17.15               2.43                0.81                
816               2.5        0.01                   916               250000.0        17.15               2.43                0.81                
817               2.5        0.01                   917               250000.0        17.15               2.43                0.81                
818               2.5        0.01                   918               250000.0        17.15               2.43                0.81                
819               2.5        0.01                   919               250000.0        17.15               2.43                0.81                
820               2.5        0.01                   920               250000.0        17.15               2.43                0.81                
821               2.5        0.01                   921               250000.0        17.15               2.43                0.81                
822               2.5        0.01                   922               250000.0        17.15               2.43                0.81                
823               2.5        0.01                   923               250000.0        17.15               2.43                0.81                
824               2.5        0.01                   924               250000.0        17.15               2.43                0.81                
825               2.5        0.01                   925               250000.0        17.15               2.43                0.81                
826               2.5        0.01                   926               250000.0        17.15               2.43                0.81                
827               2.5        0.01                   927               250000.0        17.15               2.43                0.81                
828               2.5        0.01                   928               250000.0        17.15               2.43                0.81                
829               2.5        0.01                   929               250000.0        17.15               2.43                0.81                
830               2.5        0.01                   930               250000.0        17.15               2.43                0.81                
831               2.5        0.01                   931               250000.0        17.15               2.43                0.81                
832               2.5        0.01                   932               250000.0        17.15               2.43                0.81                
833               2.5        0.01                   933               250000.0        17.15               2.43                0.81                
834               2.5        0.01                   934               250000.0        17.15               2.43                0.81                
835               2.5        0.01                   935               250000.0        17.15               2.43                0.81                
836               2.5        0.01                   936               250000.0        17.15               2.43                0.81                
837               2.5        0.01                   937               250000.0        17.15               2.43                0.81                
838               2.5        0.01                   938               250000.0        17.15               2.43                0.81                
839               2.5        0.01                   939               250000.0        17.15               2.43                0.81                
840               2.5        0.01                   940               250000.0        17.15               2.43                0.81                
841               2.5        0.01                   941               250000.0        17.15               2.43                0.81                
842               2.5        0.01                   942               250000.0        17.15               2.43                0.81                
843               2.5        0.01                   943               250000.0        17.15               2.43                0.81                
844               2.5        0.01                   944               250000.0        17.15               2.43                0.81                
845               2.5        0.01                   945               250000.0        17.15               2.43                0.81                
846               2.5        0.01                   946               250000.0        17.15               2.43                0.81                
847               2.5        0.01                   947               250000.0        17.15               2.43                0.81                
848               2.5        0.01                   948               250000.0        17.15               2.43                0.81                
849               2.5        0.01                   949               250000.0        17.15               2.43                0.81                
850               2.5        0.01                   950               250000.0        17.15               2.43                0.81                
851               2.5        0.01                   951               250000.0        17.15               2.43                0.81                
852               2.5        0.01                   952               250000.0        17.15               2.43                0.81                
853               2.5        0.01                   953               250000.0        17.15               2.43                0.81                
854               2.5        0.01                   954               250000.0        17.15               2.43                0.81                
855               2.5        0.01                   955               250000.0        17.15               2.43                0.81                
856               2.5        0.01                   956               250000.0        17.15               2.43                0.81                
857               2.5        0.01                   957               250000.0        17.15               2.43                0.81                
858               2.5        0.01                   958               250000.0        17.15               2.43                0.81                
859               2.5        0.01                   959               250000.0        17.15               2.43                0.81                
860               2.5        0.01                   960               250000.0        17.15               2.43                0.81                
861               2.5        0.01                   961               250000.0        17.15               2.43                0.81                
862               2.5        0.01                   962               250000.0        17.15               2.43                0.81                
863               2.5        0.01                   963               250000.0        17.15               2.43                0.81                
864               2.5        0.01                   964               250000.0        17.15               2.43                0.81                
865               2.5        0.01                   965               250000.0        17.15               2.43                0.81                
866               2.5        0.01                   966               250000.0        17.15               2.43                0.81                
867               2.5        0.01                   967               250000.0        17.15               2.43                0.81                
868               2.5        0.01                   968               250000.0        17.15               2.43                0.81                
869               2.5        0.01                   969               250000.0        17.15               2.43                0.81                
870               2.5        0.01                   970               250000.0        17.15               2.43                0.81                
871               2.5        0.01                   971               250000.0        17.15               2.43                0.81                
872               2.5        0.01                   972               250000.0        17.15               2.43                0.81                
873               2.5        0.01                   973               250000.0        17.15               2.43                0.81                
874               2.5        0.01                   974               250000.0        17.15               2.43                0.81                
875               2.5        0.01                   975               250000.0        17.15               2.43                0.81                
876               2.5        0.01                   976               250000.0        17.15               2.43                0.81                
877               2.5        0.01                   977               250000.0        17.15               2.43                0.81                
878               2.5        0.01                   978               250000.0        17.15               2.43                0.81                
879               2.5        0.01                   979               250000.0        17.15               2.43                0.81                
880               2.5        0.01                   980               250000.0        17.15               2.43                0.81                
881               2.5        0.01                   981               250000.0        17.15               2.43                0.81                
882               2.5        0.01                   982               250000.0        17.15               2.43                0.81                
883               2.5        0.01                   983               250000.0        17.15               2.43                0.81                
884               2.5        0.01                   984               250000.0        17.15               2.43                0.81                
885               2.5        0.01                   985               250000.0        17.15               2.43                0.81                
886               2.5        0.01                   986               250000.0        17.15               2.43                0.81                
887               2.5        0.01                   987               250000.0        17.15               2.43                0.81                
888               2.5        0.01                   988               250000.0        17.15               2.43                0.81                
889               2.5        0.01                   989               250000.0        17.15               2.43                0.81                
890               2.5        0.01                   990               250000.0        17.15               2.43                0.81                
891               2.5        0.01                   991               250000.0        17.15               2.43                0.81                
892               2.5        0.01                   992               250000.0        17.15               2.43                0.81                
893               2.5        0.01                   993               250000.0        17.15               2.43                0.81                
894               2.5        0.01                   994               250000.0        17.15               2.43                0.81                
895               2.5        0.01                   995               250000.0        17.15               2.43                0.81                
896               2.5        0.01                   996               250000.0        17.15               2.43                0.81                
897               2.5        0.01                   997               250000.0        17.15               2.43                0.81                
898               2.5        0.01                   998               250000.0        17.15               2.43                0.81                
899               2.5        0.01                   999               250000.0        17.15               2.43                0.81                
