,Simulation Number,ExitSlit.openingHeight,SU.photonEnergy,SU.numberRays,SU.electronSigmaX,SU.electronSigmaY,SU.electronSigmaYs,PG.cFactor,SourcePhotonFlux,SourceBandwidth,NumberRaysSurvived,PercentageRaysSurvived,PhotonEnergy,Bandwidth,HorizontalFocusFWHM,VerticalFocusFWHM,HorizontalCenter,VerticalCenter,PhotonFlux1,PhotonFlux3,PhotonFlux5,PhotonFlux7,PhotonFlux9,EnergyPerMilPerBw,FluxPerMilPerBwPerc,FluxPerMilPerBwAbs1,FluxPerMilPerBwAbs3,FluxPerMilPerBwAbs5,FluxPerMilPerBwAbs7,FluxPerMilPerBwAbs9,AXUVCurrentAmp1,AXUVCurrentAmp3,AXUVCurrentAmp5,AXUVCurrentAmp7,AXUVCurrentAmp9,GaAsPCurrentAmp1,GaAsPCurrentAmp3,GaAsPCurrentAmp5,GaAsPCurrentAmp7,GaAsPCurrentAmp9
0,0,0.02,500,100000.0,17.15,2.43,0.81,1.1608960446595802,,,,,500.0,,,,,,,,,,,,,,,,,,,,,,,,,,,
1,1,0.02,510,100000.0,17.15,2.43,0.81,1.1645847270410128,,,,,510.0,,,,,,,,,,,,,,,,,,,,,,,,,,,
2,2,0.02,520,100000.0,17.15,2.43,0.81,1.1681172274392402,,,,,520.0,,,,,,,,,,,,,,,,,,,,,,,,,,,
3,3,0.02,530,100000.0,17.15,2.43,0.81,1.1728457270970696,,,,,530.0,,,,,,,,,,,,,,,,,,,,,,,,,,,
4,4,0.02,540,100000.0,17.15,2.43,0.81,1.1769739648369482,,,,,540.0,,,,,,,,,,,,,,,,,,,,,,,,,,,
5,5,0.02,550,100000.0,17.15,2.43,0.81,1.1788947702347103,,,,,550.0,,,,,,,,,,,,,,,,,,,,,,,,,,,
6,6,0.02,560,100000.0,17.15,2.43,0.81,1.1830246093806902,,,,,560.0,,,,,,,,,,,,,,,,,,,,,,,,,,,
7,7,0.02,570,100000.0,17.15,2.43,0.81,1.1896419454232,,,,,570.0,,,,,,,,,,,,,,,,,,,,,,,,,,,
8,8,0.02,580,100000.0,17.15,2.43,0.81,1.190508908610878,,,,,580.0,,,,,,,,,,,,,,,,,,,,,,,,,,,
9,9,0.02,590,100000.0,17.15,2.43,0.81,1.1920445871133745,,,,,590.0,,,,,,,,,,,,,,,,,,,,,,,,,,,
10,10,0.02,600,100000.0,17.15,2.43,0.81,1.1937004579368051,,,,,600.0,,,,,,,,,,,,,,,,,,,,,,,,,,,
11,11,0.02,610,100000.0,17.15,2.43,0.81,1.1960764897163916,,,,,610.0,,,,,,,,,,,,,,,,,,,,,,,,,,,
12,12,0.02,620,100000.0,17.15,2.43,0.81,1.198607556732719,,,,,620.0,,,,,,,,,,,,,,,,,,,,,,,,,,,
13,13,0.02,630,100000.0,17.15,2.43,0.81,1.2012994108941464,,,,,630.0,,,,,,,,,,,,,,,,,,,,,,,,,,,
14,14,0.02,640,100000.0,17.15,2.43,0.81,1.2041583707096004,,,,,640.0,,,,,,,,,,,,,,,,,,,,,,,,,,,
15,15,0.02,650,100000.0,17.15,2.43,0.81,1.2071913574109248,,,,,650.0,,,,,,,,,,,,,,,,,,,,,,,,,,,
16,16,0.02,660,100000.0,17.15,2.43,0.81,1.2097180783032273,,,,,660.0,,,,,,,,,,,,,,,,,,,,,,,,,,,
17,17,0.02,670,100000.0,17.15,2.43,0.81,1.2123951833932685,,,,,670.0,,,,,,,,,,,,,,,,,,,,,,,,,,,
18,18,0.02,680,100000.0,17.15,2.43,0.81,1.2152282360391085,,,,,680.0,,,,,,,,,,,,,,,,,,,,,,,,,,,
19,19,0.02,690,100000.0,17.15,2.43,0.81,1.2182232968231954,,,,,690.0,,,,,,,,,,,,,,,,,,,,,,,,,,,
20,20,0.02,700,100000.0,17.15,2.43,0.81,1.2213869551635184,,,,,700.0,,,,,,,,,,,,,,,,,,,,,,,,,,,
21,21,0.02,710,100000.0,17.15,2.43,0.81,1.223941831892816,,,,,710.0,,,,,,,,,,,,,,,,,,,,,,,,,,,
22,22,0.02,720,100000.0,17.15,2.43,0.81,1.2266374169211949,,,,,720.0,,,,,,,,,,,,,,,,,,,,,,,,,,,
23,23,0.02,730,100000.0,17.15,2.43,0.81,1.229478621587225,,,,,730.0,,,,,,,,,,,,,,,,,,,,,,,,,,,
24,24,0.02,740,100000.0,17.15,2.43,0.81,1.2324707631906469,,,,,740.0,,,,,,,,,,,,,,,,,,,,,,,,,,,
25,25,0.02,750,100000.0,17.15,2.43,0.81,1.2347562230259803,,,,,750.0,,,,,,,,,,,,,,,,,,,,,,,,,,,
26,26,0.02,760,100000.0,17.15,2.43,0.81,1.2380444696053936,,,,,760.0,,,,,,,,,,,,,,,,,,,,,,,,,,,
27,27,0.02,770,100000.0,17.15,2.43,0.81,1.240594508554498,,,,,770.0,,,,,,,,,,,,,,,,,,,,,,,,,,,
28,28,0.02,780,100000.0,17.15,2.43,0.81,1.2432735686752114,,,,,780.0,,,,,,,,,,,,,,,,,,,,,,,,,,,
29,29,0.02,790,100000.0,17.15,2.43,0.81,1.2460858129743697,,,,,790.0,,,,,,,,,,,,,,,,,,,,,,,,,,,
30,30,0.02,800,100000.0,17.15,2.43,0.81,1.2490357206608476,,,,,800.0,,,,,,,,,,,,,,,,,,,,,,,,,,,
31,31,0.02,810,100000.0,17.15,2.43,0.81,1.2511385861979998,,,,,810.0,,,,,,,,,,,,,,,,,,,,,,,,,,,
32,32,0.02,820,100000.0,17.15,2.43,0.81,1.2543539389756433,,,,,820.0,,,,,,,,,,,,,,,,,,,,,,,,,,,
33,33,0.02,830,100000.0,17.15,2.43,0.81,1.2566873064569206,,,,,830.0,,,,,,,,,,,,,,,,,,,,,,,,,,,
34,34,0.02,840,100000.0,17.15,2.43,0.81,1.2601856033545715,,,,,840.0,,,,,,,,,,,,,,,,,,,,,,,,,,,
35,35,0.02,850,100000.0,17.15,2.43,0.81,1.262764156886772,,0.085,2.0,6.1034077091432405e-05,850.0,0.0454377774948438,0.0087875842507849,0.0041864495454453,0.0020751282306393,0.0017810734912192,899564622.8214391,792992540.5124416,686239108.4824321,620232279.1509641,562795224.8600982,1.8706900884323765,0.0001141758430715,1682806623.8164754,1483443285.7374344,1283740698.532756,1160262377.1335316,1052815448.9628564,3.335264420298467e-08,2.9401331920299738e-08,2.54432958374922e-08,2.2995998291758704e-08,2.0866437405046265e-08,1.852023023185043e-08,1.6326124938492167e-08,1.4128286018332213e-08,1.2769337872662525e-08,1.1586824196246774e-08
36,36,0.02,860,100000.0,17.15,2.43,0.81,1.2654602043467365,,0.086,2.0,6.43314734393824e-05,860.0,0.0199437814456389,0.0094046671903365,0.0028041243823675,0.0009108756488623,0.0007688684703335,935075703.4058272,832941149.2514845,721611941.6443508,652566561.4503335,593200516.5845451,4.312121060612869,0.0002774051014782,4032159633.92366,3591743071.938413,3111678051.1543493,2813946013.081705,2557952440.730651,3.5082295684985526e-08,3.125039778041369e-08,2.7073533634096e-08,2.448307979722897e-08,2.2255776561732745e-08,1.943135579165096e-08,1.7308947035690212e-08,1.4995468634810497e-08,1.356066999398058e-08,1.232701293762822e-08
37,37,0.02,870,100000.0,17.15,2.43,0.81,1.2682772400742597,,0.087,15.0,0.0005087127248313,870.0,0.0151024416488873,0.02107294355981,0.0059151775689827,0.0011095931114344,0.0003433460264562,7290781263.968858,6562645284.082064,5692821014.370414,5151003530.430428,4690840035.670122,5.76065791364335,0.0029305199840709,41999696784.92487,37805154490.18155,32794394427.388084,29673169250.77888,27022324773.11814,2.767273292305897e-07,2.49090356218306e-07,2.1607549288029645e-07,1.95510384720745e-07,1.7804451785353437e-07,1.528795791118178e-07,1.376113769657193e-07,1.1937212887416808e-07,1.0801081848764885e-07,9.836170149256805e-08
38,38,0.02,880,100000.0,17.15,2.43,0.81,1.2712189973769052,,0.088,62.0,0.0022010048631627,880.0,0.0292852127207611,0.0168045692239472,0.0058564435278816,0.0008819182634751,-9.412534726390876e-05,31096616331.69749,28290266622.040115,24570632862.771866,22243373754.651684,20295465843.22362,3.0049295130307936,0.006613864471642,93443140170.51318,85010257104.07832,73833019843.18747,66839770264.72742,60986444293.01106,1.1941700289956422e-06,1.086400788818297e-06,9.43559680101564e-07,8.541884428267418e-07,7.793850229864999e-07,6.577744567841165e-07,5.984128485587696e-07,5.197329031479701e-07,4.705053094023688e-07,4.2930198185579466e-07
39,39,0.02,890,100000.0,17.15,2.43,0.81,1.273117706303165,,0.089,135.0,0.0049850055435182,890.0,0.0240879482857963,0.0152920669813132,0.0066216966651392,0.0014099249774716,-1.4270396598017657e-05,69415807002.22916,63838922436.66592,55513423916.75259,50278165864.96195,45966736116.7822,3.6947937177563497,0.0184185671651719,256477087624.82355,235871649567.3281,205110649938.7625,185767451378.1732,169837607830.05078,2.6959928944810694e-06,2.479396101741675e-06,2.1560477777500195e-06,1.9527191827522104e-06,1.7852705213000188e-06,1.4807568272565551e-06,1.3617924263238644e-06,1.1841954306816455e-06,1.0725185023648733e-06,9.80548397707743e-07
40,40,0.02,900,100000.0,17.15,2.43,0.81,1.27629455732646,,0.09,273.0,0.0105903799626904,900.0,0.0283538191997649,0.0182143833633508,0.0058085895095096,0.0003957530706579,7.794223136393846e-05,145218505498.5372,135123043972.4148,117646315611.96307,106600125636.32788,97653893635.9691,3.174175562237696,0.0336157252723839,460949031338.13727,428904264072.4086,373430060002.79626,338367513726.3,309970602736.65234,5.704250739946743e-06,5.30769629474852e-06,4.621202239877812e-06,4.187302737016284e-06,3.8358905644933e-06,3.123153240794909e-06,2.906034401330285e-06,2.5301697645881936e-06,2.292604008747325e-06,2.1002011647096207e-06
41,41,0.02,910,100000.0,17.15,2.43,0.81,1.2796077230682912,,0.091,596.0,0.0240933296923227,910.0,0.0340955231334874,0.0162522938650412,0.0052902888607864,-0.0001712173898168,8.55642261869296e-05,325094188608.0837,306250863895.4567,266990255699.2419,242034068285.03287,222164593092.90823,2.6689721006398948,0.0643044247603282,867667319475.1392,817375011533.8396,712589543603.9883,645982175657.1239,592951100714.9867,1.29122128296907e-05,1.2163786596203856e-05,1.060441904483933e-05,9.61319983944655e-06,8.824016576609863e-06,7.0469971930314265e-06,6.638534473578311e-06,5.7874906670433065e-06,5.24652073026996e-06,4.815814366353037e-06
42,42,0.02,920,100000.0,17.15,2.43,0.81,1.281815020120052,,0.092,1147.0,0.0486605598417914,920.0,0.0333533484374584,0.0166371276668518,0.0056621674120738,0.0001106376500581,-2.747380772127553e-05,645917175034.8213,616121948898.8163,537876408275.4013,487864039525.8812,448699022301.15857,2.7583437438826035,0.1342225508134303,1781661598823.6238,1699476123213.807,1483648025748.498,1345696721291.5095,1237666141050.6416,2.594241362490868e-05,2.47457275630676e-05,2.1603098356702567e-05,1.959441735763862e-05,1.802140596277108e-05,1.41086940147182e-05,1.3457880342470568e-05,1.1748772064598172e-05,1.0656357688714462e-05,9.80088075535224e-06
43,43,0.02,930,100000.0,17.15,2.43,0.81,1.2841168225857662,,0.093,1804.0,0.0797222479851327,930.0,0.0252450000871249,0.0139809263242677,0.0062384860042702,0.0002263874214842,6.81771937965896e-05,1040754235642.5876,1005475717335.5604,878997571552.7941,797703638910.4932,735118848670.9087,3.6838977888310818,0.2936886130730735,3834032227400.311,3704069771815.816,3238137210231.2285,2938658671524.873,2708102701146.811,4.22564290336694e-05,4.082405993614324e-05,3.5688827612750665e-05,3.238815279642737e-05,2.984710164642821e-05,2.290104972841408e-05,2.2124771261869888e-05,1.934171047101913e-05,1.7552895849563172e-05,1.6175762474137458e-05
44,44,0.02,940,100000.0,17.15,2.43,0.81,1.2878064410377517,,0.094,2984.0,0.1376124259996604,940.0,0.0239453861117908,0.0157677529488811,0.0067054461295145,0.0001083025633167,2.007863109515081e-05,1766333805512.4497,1728803015541.942,1513441905037.7043,1374226482983.7854,1268924180142.8684,3.925599677581051,0.540211295135413,6933919417420.183,6786588560412.597,5941167054453.663,5394663038524.489,4981288352443.644,7.249534209459101e-05,7.095497217725093e-05,6.211594224352548e-05,5.640214702817903e-05,5.20802422761009e-05,3.914477962534599e-05,3.831303734765435e-05,3.354029100477814e-05,3.045505479419157e-05,2.812138749649001e-05
45,45,0.02,950,100000.0,17.15,2.43,0.81,1.2903273184414836,,0.095,4230.0,0.203169852664156,950.0,0.0300533591587282,0.0179686528364162,0.0062270008053462,6.408925992418828e-05,5.2000089863736505e-05,2563269181851.5366,2542355171013.541,2228766341864.8467,2024683431272.874,1873429211416.1824,3.161044311161795,0.6422289069636103,8102607465268.148,8036497350285.128,7045229165860.758,6400114042328.662,5921992751111.45,0.000106326918193,0.0001054593845234,9.245141250894883e-05,8.398585333446024e-05,7.771168003462932e-05,5.719884904373337e-05,5.673215699387328e-05,4.973448377746889e-05,4.518041365560836e-05,4.18052054058992e-05
46,46,0.02,960,100000.0,17.15,2.43,0.81,1.2929505959884064,,0.096,5509.0,0.2751608340307743,960.0,0.0303136434099542,0.0168690453860913,0.005959131035441,9.092454518832112e-05,-3.266859496509712e-05,3408426354645.9834,3429565742890.0474,3010376845803.4907,2736183868630.8765,2537258050597.769,3.16689085180952,0.8714043280683366,10794114241594.834,10861060376837.81,9533534893474.271,8665195662435.903,8035219309118.132,0.0001429045827374,0.0001437908907112,0.0001262156204271,0.0001147195724227,0.0001063792393588,7.656442927877116e-05,7.703928923694598e-05,6.762293244176936e-05,6.146365932710973e-05,5.699513334421536e-05
47,47,0.02,970,100000.0,17.15,2.43,0.81,1.2956789482995912,,0.097,6861.0,0.3562480657770992,970.0,0.0283915222942141,0.0158472197719503,0.0062463019668562,0.0001539542589995,-6.922850054371543e-05,4329212420683.892,4422054092144.597,3886656090466.207,3534841444801.408,3282884970035.45,3.416512823610287,1.2171260851138206,14790809751399.451,15108004512510.36,13278810374040.818,12076831125593.123,11216018598563.588,0.0001833875181288,0.0001873203359381,0.0001646406193527,0.0001497375819315,0.0001390645846069,9.787357363859525e-05,9.997251110930594e-05,8.786838900782016e-05,7.991466595530926e-05,7.421850734943719e-05
48,48,0.02,980,100000.0,17.15,2.43,0.81,1.2985152133703606,,0.098,7989.0,0.4310211411726588,980.0,0.0278557196972997,0.0177163723224453,0.0056985788168106,8.315359826213418e-05,-2.360601803032593e-05,5136672599867.312,5328215662286.192,4689301298548.915,4267491979517.973,3964847618204.048,3.518128451353563,1.5163877398944114,18071474018881.465,18745347116436.723,16497564315394.146,15013584949065.316,13948843210885.072,0.0002198754612923,0.0002280744691885,0.0002007257161345,0.0001826701525773,0.0001697154494582,0.0001168490510639,0.0001212062734966,0.0001066722467191,9.707692646066012e-05,9.01923711883796e-05
49,49,0.02,990,100000.0,17.15,2.43,0.81,1.3014623997885304,,0.099,8790.0,0.4917744926318869,990.0,0.0287744774825569,0.0165738821825153,0.0065230085827358,0.0001346796510616,1.4090722588300546e-05,5745232923979.556,6054154695769.843,5335291200192.331,4858499681801.917,4515619279879.315,3.4405490094481763,1.691974243496518,19766755445646.91,20829615941576.96,18356330853939.297,16715906267627.863,15536209440433.867,0.0002484434592396,0.0002618022898795,0.0002307161814613,0.0002100980906489,0.0001952707730647,0.0001314716660635,0.00013854091122,0.0001220907197854,0.00011118000892,0.0001033336677363
50,50,0.02,1000,100000.0,17.15,2.43,0.81,1.3030784300337173,,0.1,9097.0,0.5289729355951096,1000.0,0.0297485434679174,0.016922507021639,0.0067083602504665,5.4860796731810734e-05,1.635991137989455e-05,6055611034793.257,6485116824542.673,5722748055575.724,5214755053681.746,4848492991285.075,3.36150911414691,1.778147344140007,20355991685186.133,21799779312007.66,19237069746784.3,17529446640994.848,16298253380082.195,0.0002645006684765,0.0002832608840601,0.000249961676456,0.0002277732485979,0.0002117754310721,0.0001393706063515,0.0001492557330555,0.0001317097253968,0.0001200182061943,0.000111588641378
51,51,0.02,1010,100000.0,17.15,2.43,0.81,1.306227946338567,,0.1009999999999999,9688.0,0.5853180615183996,1010.0,0.0296215386869107,0.0167894171433148,0.0067535241473949,0.0002270710996202,3.74901783863326e-05,6563214526203.088,7146042523500.986,6314466912874.774,5757774450015.7,5355118828234.55,3.409681079282696,1.9957479197217125,22378468389268.01,24365725984130.887,21530318358585.73,19632174600995.863,18259247345941.867,0.0002895706656897,0.0003152851826366,0.0002785958588031,0.0002540344481695,0.0002362691814732,0.0001518893446315,0.0001653774550977,0.0001461326972118,0.0001332494289586,0.0001239309618781
52,52,0.02,1020,100000.0,17.15,2.43,0.81,1.309497373164899,,0.102,10196.0,0.6353360335916174,1020.0,0.0323610634500255,0.0165050331920599,0.0061730338335928,-3.4256308956031457e-06,1.3085000743148772e-05,6969651263097.714,7723555978844.602,6834682944836.939,6236292003666.493,5802002710633.74,3.1519359726084497,2.002538498971789,21967894532693.605,24344153926175.367,21542483035205.004,19656393102046.848,18287541056818.22,0.0003106042876883,0.0003442022437954,0.0003045893901315,0.0002779219450866,0.0002585677318812,0.000162207511796,0.0001797534410623,0.0001590663395551,0.0001451397452415,0.0001350323549341
53,53,0.02,1030,100000.0,17.15,2.43,0.81,1.3113648498030146,,0.103,10310.0,0.6657393719133073,1030.0,0.0307616333100213,0.0182637191116436,0.0064757133087476,8.630880432132314e-05,1.78805970603565e-05,7137066403439.372,8057418600242.533,7141439373845.308,6520301395775.526,6068403481527.33,3.3483267602193685,2.2291129543089614,23897230428098.65,26978870317481.36,23911872561930.496,21832099648170.89,20318997769006.344,0.0003211952501977,0.0003626146145993,0.0003213920505698,0.0002934384689445,0.0002731013366515,0.0001670165096855,0.0001885539317722,0.0001671188428029,0.000152583417284,0.0001420084263696
54,54,0.02,1040,100000.0,17.15,2.43,0.81,1.3148529848069055,,0.104,10138.0,0.6769358619316628,1040.0,0.029930562039226,0.0159684640955324,0.0058670618459902,0.0001635316937029,1.7914312996483574e-05,7088194640040.825,8156588183091.734,7240893295354.89,6615020323277.947,6159025526127.965,3.4747092240934485,2.3521552835735977,24629415297919.6,28341772196920.47,25159998724046.043,22985272134859.51,21400822807063.844,0.0003220810702786,0.0003706278940185,0.0003290195572744,0.0003005804628446,0.000279860477042,0.0001667555465644,0.0001918903740155,0.0001703479066814,0.000155623735741,0.0001448960870955
55,55,0.02,1050,100000.0,17.15,2.43,0.81,1.3168912269425,,0.105,10238.0,0.7095755431488421,1050.0,0.0300333298830537,0.0160684985121724,0.0062875436263561,4.7854903066795415e-05,1.802306613337171e-05,7252916841023.77,8511779398628.158,7568389875779.727,6918314725016.907,6443236575637.367,3.4961158289426337,2.480758288233233,25357037373907.81,29758166688011.715,26459967644322.68,24187229619738.51,22526301381707.93,0.0003327714035098,0.0003905293330852,0.000347245635994,0.0003174195087892,0.0002956224268687,0.0001715156558254,0.0002012850081969,0.0001789759046657,0.0001636030459575,0.00015236848445
56,56,0.02,1060,100000.0,17.15,2.43,0.81,1.3190065159908224,,0.106,10472.0,0.7465083300344608,1060.0,0.0334685686166267,0.0170404416088593,0.0064533142975514,6.247830529014049e-05,-1.8243682411001898e-05,7444161773406.558,8914733983583.855,7939636349234.992,7261931122175.23,6765160898248.817,3.167150684398873,2.364304368378103,23576782055420.51,28234305837341.504,25146024697357.777,22999630123654.76,21426283968957.24,0.0003447987391403,0.0004129127134625,0.0003677481341457,0.0003363581785117,0.0003133487716683,0.0001769163366805,0.0002118656373765,0.000188691678155,0.0001725854824852,0.0001607793489185
57,57,0.02,1070,100000.0,17.15,2.43,0.81,1.3228273082050117,,0.107,10281.0,0.7619633592800977,1070.0,0.0309373468828653,0.0159290530888935,0.0069760035340565,0.0001992134849669,3.84452411905423e-05,7408159654393.106,9058390731968.336,8080860171755.412,7395394839537.453,6891501863965.255,3.4586029760445323,2.635328742043036,25621883027697.03,31329377143759.9,27948487039033.0,25577734601048.613,23834968856126.67,0.0003464317796702,0.0004236024287574,0.0003778896380705,0.000345834851724,0.0003222710317694,0.0001769091629805,0.0002163171957819,0.0001929734611349,0.0001766043352207,0.0001645712138115
58,58,0.02,1080,100000.0,17.15,2.43,0.81,1.325125563662994,,0.108,10367.0,0.7925207950928947,1080.0,0.0349739223402139,0.0173885794259316,0.0064989846940822,0.0001142067981626,-1.2676513103340884e-05,7502172667325.712,9379015248010.916,8380851723964.903,7673821915674.167,7153606613222.503,3.0880150916278235,2.447316175675741,23166822416699.56,28962540630465.18,25880196604298.684,23696877886066.16,22090445181199.688,0.0003540939475292,0.0004426787652554,0.0003955665914649,0.0003621955952295,0.0003376420294589,0.000179981591232,0.0002250081627524,0.000201061625218,0.000184099558949,0.000171619283958
59,59,0.02,1090,100000.0,17.15,2.43,0.81,1.327506224353894,,0.109,10358.0,0.8143839732227852,1090.0,0.0324671696041605,0.0166187848205475,0.0067691296201358,-8.201945413951717e-06,2.087401190720133e-06,7492527085323.203,9593666088599.186,8587309385462.604,7866863401645.781,7336497955122.702,3.3572375211306427,2.734080431510987,25154193058934.668,32208215757843.84,28829637274432.37,26410928985614.656,24630366208636.168,0.0003569392889357,0.0004570362326296,0.0004090940307607,0.0003747724361569,0.0003495061590781,0.0001805558735649,0.0002311893893196,0.000206938077101,0.0001895766778717,0.0001767958636798
60,60,0.02,1100,100000.0,17.15,2.43,0.81,1.3299710154832407,,0.11,10465.0,0.8456619000900462,1100.0,0.0317791639110964,0.0144655051219884,0.0061972374456915,5.8775387319620304e-05,8.254517619903314e-06,7555365146370.885,9916348434282.66,8891426681767.498,8149633049503.87,7603265118616.269,3.461387477270628,2.9271635109765706,26152046303855.145,34324324290678.195,30776672971339.95,28209037781903.53,26317846667946.93,0.0003632483065702,0.0004767601176554,0.0004274837314377,0.000391819633737,0.0003655512506987,0.0001828505186694,0.0002399896523051,0.0002151850968121,0.0001972326421289,0.000184009765721
61,61,0.02,1110,100000.0,17.15,2.43,0.81,1.3325217561720653,,0.111,10516.0,0.874004921140773,1110.0,0.032436592635122,0.0156777262631701,0.0067393985559212,-5.1620116316904e-05,5.57718265396787e-05,7576124208042.264,10201388068141.332,9161744975803.408,8402753292117.249,7842586965853.998,3.4220610422504856,2.990898191371047,25925959503592.24,34909772684865.39,31352050560730.96,28754734688596.45,26837811326310.406,0.0003676115894305,0.0004949956440981,0.0004445496853044,0.0004077216012415,0.0003805409970317,0.0001841081546726,0.0002479049551922,0.0002226404840731,0.0002041961510001,0.0001905834928908
62,62,0.02,1120,100000.0,17.15,2.43,0.81,1.3351603627416246,,0.112,10690.0,0.91501166594921,1120.0,0.0334797229979813,0.0162499302146291,0.0070354531562241,9.414566356916992e-05,-3.666137957455777e-05,7688210623175.475,10630484450747.39,9562426167032.783,8775865105272.471,8194311968128.933,3.3453084425684523,3.0609962511485165,25719435905953.38,35562249381677.91,31989264988012.258,29357975627509.875,27412501008021.43,0.0003763835105716,0.0005204252657424,0.0004681374778522,0.0004296306486022,0.000401160173212,0.0002355254642118,0.0003256609252498,0.0002929413581871,0.0002688453535013,0.000251029690104
63,63,0.02,1130,100000.0,17.15,2.43,0.81,1.3378888522403134,,0.113,10535.0,0.9299198760510816,1130.0,0.0337970868988577,0.0163512326926533,0.0064480898404419,0.0002216222752255,3.550476522287327e-05,7566137015443.399,10753344535770.594,9688579238259.646,8897145189054.217,8310904417375.778,3.3434834291537454,3.1091716960174964,25297253733841.78,35953629263329.95,32393604135164.14,29747457506377.74,27787371200776.58,0.0003737555859357,0.0005311987583006,0.0004786009826004,0.0004395053521371,0.0004105459554634,0.000233703795701,0.0003321506641185,0.000299262059134,0.0002748161442677,0.0002567082652726
64,64,0.02,1140,100000.0,17.15,2.43,0.81,1.3407093462251414,,0.114,10721.0,0.9765765640775208,1140.0,0.0339000392041271,0.0169807216111521,0.0065115568644754,4.506523123730905e-05,1.3757632375567378e-06,7681260551191.117,11240002684834.262,10143548213416.549,9320746577824.83,8709974978441.165,3.362827969417843,3.284058983957864,25830757821931.41,37798195404892.31,34111007641215.56,31344067287764.984,29290147470431.523,0.0003828004107042,0.0005601525446763,0.0005055100521869,0.0004645052194601,0.0004340670358401,0.0002391805844387,0.000349993388889,0.0003158517763846,0.0002902312190859,0.0002712128942777
65,65,0.02,1150,100000.0,17.15,2.43,0.81,1.3436240748108517,,0.115,10813.0,1.011249571459658,1150.0,0.0330065479020049,0.0163861816523641,0.0065532844616525,9.181456371704184e-05,2.53666144543268e-06,7669755584347.342,11582513213951.396,10471451699568.9,9628073800666.252,9000672838351.678,3.484157153951092,3.523352428831142,26722633788260.13,40355296275121.8,36484183351306.3,33545722211360.4,31359758660116.28,0.0003856223171097,0.0005823491419508,0.000526486851306,0.0004840832393529,0.0004525385818754,0.0002458412585533,0.0003712581964853,0.0003356449676123,0.0003086118918092,0.0002885015974854
66,66,0.02,1160,100000.0,17.15,2.43,0.81,1.346635381001531,,0.1159999999999999,10715.0,1.0254084354014492,1160.0,0.0344879603819663,0.0171517810038039,0.0063219965114638,7.839161355363657e-05,1.747898819590615e-05,7488937591111.953,11686284665081.455,10584756996683.396,9738946802895.834,9107888034024.145,3.36349261351669,3.44895369831048,25188986270792.523,39306732150454.84,35601751974213.71,32756875634972.12,30634314127177.258,0.0003797635229764,0.0005926107115892,0.0005367523174021,0.0004938613392021,0.0004618603913565,0.0002421151904741,0.000377814209719,0.0003422021381798,0.0003148573387764,0.0002944553909478
67,67,0.02,1170,100000.0,17.15,2.43,0.81,1.349745725320319,,0.117,10639.0,1.0358891074389238,1170.0,0.0342763703099535,0.015827746041653,0.0064555450043856,0.0001465726018258,9.801528627172538e-06,7274331123991.158,11746733542650.232,10657040441357.838,9813909873678.398,9181786255281.084,3.413430271116665,3.5359352368520462,24830422060757.53,40096655861223.81,36377064443045.35,33499097040824.57,31341387146699.38,0.0003721153950726,0.0006008992879936,0.0005451564888298,0.0005020264939283,0.0004696904721023,0.0002371706163087,0.0003829877945392,0.0003474596916778,0.0003199704568661,0.0002993608440229
68,68,0.02,1180,100000.0,17.15,2.43,0.81,1.3510128674021782,,0.118,10619.0,1.0684325610392509,1180.0,0.034079556375218,0.017221119432308,0.0064495519273493,0.000268402131189,-1.3608702774498053e-05,7202563763279.481,12054918735954.14,10954810625308.848,10096385520913.33,9449928504044.752,3.4624863862901405,3.699433197267515,24938778976741.89,41739992011075.16,37930882654518.47,34958597416899.297,32720248796670.105,0.0003715932608982,0.0006219350095578,0.0005651784470877,0.0005208907470044,0.0004875388630331,0.0002367839019037,0.0003963048144029,0.0003601388185831,0.000331918138782,0.0003106658986217
69,69,0.02,1190,100000.0,17.15,2.43,0.81,1.3542942215086209,,0.119,10750.0,1.1115048510502965,1190.0,0.0351790528739002,0.0159125901470168,0.0063827931510952,0.0001727341429146,-2.1834340662742384e-05,7180521018390.509,12477592267299.645,11357913879756.225,10476527087712.195,9809757226238.943,3.382694822016872,3.759881704294472,24289511268292.887,42207886753832.26,38420356469964.93,35438893932323.55,33183414974441.062,0.000373568113181,0.0006491493567666,0.000590897853633,0.0005450435207728,0.0005103546787739,0.0002379980782019,0.0004135692901111,0.0003764575953251,0.0003472440658163,0.0003251440057751
70,70,0.02,1200,100000.0,17.15,2.43,0.81,1.3556821406148387,,0.12,10901.0,1.1447963118280249,1200.0,0.0350638893869472,0.0175264015317735,0.0059120539290395,6.321143514358271e-05,4.6931354929093945e-06,7066396108595.574,12786118532683.775,11658425011619.943,10762632417527.377,10081811951526.783,3.4223242799947537,3.9178642136174937,24183498974507.08,43758243901294.58,39898910983765.055,36833218239162.58,34503229828051.4,0.0003707472466691,0.0006708395862229,0.0006116737453054,0.0005646748744889,0.0005289547833184,0.0002361029529122,0.0004272107444104,0.0003895321645217,0.0003596018756712,0.0003368542515704
71,71,0.02,1210,100000.0,17.15,2.43,0.81,1.3591415205063846,,0.121,11139.0,1.2126660587457987,1210.0,0.0379768002567288,0.0174045450580749,0.0063927849742987,0.000110128402633,-2.025798476719632e-05,7127189024206.575,13475084939956.39,12307569788728.88,11371373996759.676,10656462067194.588,3.1861557367135136,3.863742919790693,22708334196117.37,42933719184143.92,39213834087360.445,36230968494090.71,33953147748461.98,0.0003770944137581,0.0007129569930748,0.0006511846112829,0.0006016511693977,0.0005638256965426,0.0002400252251909,0.0004538058814203,0.0004144870018262,0.0003829583577806,0.0003588819798001
72,72,0.02,1220,100000.0,17.15,2.43,0.81,1.3627116538175832,,0.122,11040.0,1.224197011361282,1220.0,0.0363494094540328,0.0159398585102418,0.0067746504766889,0.0001585464102479,-2.54510422723042e-05,6833412835759.43,13533085812701.729,12382188623831.184,11449769730798.56,10734302317351.877,3.3563131239939428,4.108788495586033,22935073182328.04,45421273521307.05,41558502181933.1,38429012414187.805,36027679744646.69,0.0003645389524154,0.0007219433456873,0.0006605469591887,0.0006108056345171,0.0005726379213035,0.0002319249262914,0.000459310743408,0.0004202494789838,0.0003886033325798,0.0003643204842994
73,73,0.02,1230,100000.0,17.15,2.43,0.81,1.3642994265946342,,0.123,11059.0,1.2618977392763149,1230.0,0.0398508857999786,0.0162959023590997,0.0059384723215144,-1.2930977500716694e-05,-3.130784187481e-06,6671175373478.797,13877024863061.986,12719900135920.48,11771073126036.43,11040481156280.506,3.0865060470014933,3.894855002973859,20590623130849.75,42831521154230.89,39260048686773.67,36331488383208.21,34076511850665.82,0.0003587749342837,0.0007463045722185,0.0006840745565621,0.0006330467647473,0.0005937556246913,0.0002281570542992,0.0004746001923111,0.0004350260311743,0.0004025757411587,0.0003775891829613
74,74,0.02,1240,100000.0,17.15,2.43,0.81,1.368060425888088,,0.124,10876.0,1.2546110191088862,1240.0,0.0366387956371454,0.0153995455622016,0.0064436293810644,8.193026875429825e-05,-2.100615524885069e-05,6262124024423.684,13724483919606.031,12603088032532.725,11671975804572.965,10952471865578.682,3.3843907214647984,4.246093892119609,21193474444921.32,46449016034407.484,42653774199107.79,39502526614158.37,37067444158968.74,0.0003395266654392,0.0007441290274552,0.0006833279630415,0.0006328439054476,0.0005938330566966,0.0002157805444516,0.0004729188692112,0.0004342777605211,0.0004021934545075,0.0003774007562017
75,75,0.02,1250,100000.0,17.15,2.43,0.81,1.3697809117111592,,0.125,11116.0,1.3240416182864263,1250.0,0.0370036819081178,0.0165098774798745,0.0062572572499352,6.250634030262007e-05,-7.135521907677568e-06,6217637658940.088,14407585105683.61,13254785390288.523,12285058094485.912,11532986002553.633,3.378042225916376,4.4726684954422,21003442557347.457,48669430860483.08,44775224743854.1,41499444991009.18,38958913707528.67,0.0003398706784003,0.0007875524423554,0.0007245377022205,0.0006715301305403,0.0006304201035314,0.0002158354881901,0.0005001366009894,0.00046011897645,0.0004264564223126,0.0004003494254079
76,76,0.02,1260,100000.0,17.15,2.43,0.81,1.371557861674653,,0.126,11011.0,1.3343545867381068,1260.0,0.0405756545233089,0.0162139403128426,0.0061726487383835,-3.966808662110767e-06,2.8911821078156524e-05,5854637877381.299,14442794261004.52,13311908750566.47,12347641820763.234,11597017739521.736,3.105310351250615,4.143585110436579,18180467603456.074,44849358519680.32,41337608038037.7,38343259959551.06,36012339230173.86,0.0003225766647641,0.0007957637176141,0.0007334546074988,0.0006803257860972,0.0006389681790702,0.0002047119127457,0.0005050034008057,0.0004654611198335,0.0004317447855816,0.0004054986377169
77,77,0.02,1270,100000.0,17.15,2.43,0.81,1.3756001957185624,,0.127,11130.0,1.3755603070619795,1270.0,0.0360289718189505,0.0161068984024425,0.0065113788581432,-9.429360483813871e-06,8.894304071549337e-06,5611117985573.093,14809407172421.22,13675446572542.385,12694817910761.88,11928121318595.65,3.524941001319396,4.84876892615027,19778859850587.29,52202286547301.09,48205142334907.45,44748484157928.375,42045923904629.78,0.0003115901067155,0.0008223788509017,0.0007594090639116,0.000704953928561,0.0006623786211827,0.0001976003206605,0.0005215259443103,0.0004815925515839,0.0004470588742463,0.0004200589977777
78,78,0.02,1280,100000.0,17.15,2.43,0.81,1.3775173822042546,,0.128,11137.0,1.4154373809644898,1280.0,0.0370386919889824,0.0154599178425895,0.0063908198874599,0.0001706875949205,8.539537254334825e-06,5337166985340.902,15157036102439.162,14022972952319.877,13027281445150.068,12245722193453.572,3.455845580024125,4.891533016807055,18444424936141.04,52380376220880.47,48461229096072.49,45020273001952.16,42319324916449.86,0.0002987110571194,0.0008483104031394,0.0007848390515135,0.0007291120968411,0.0006853697161142,0.0001892753355867,0.0005375235780834,0.0004973055778025,0.0004619947387979,0.0004342778076897
79,79,0.02,1290,100000.0,17.15,2.43,0.81,1.379493967137617,,0.129,11247.0,1.4584471282175604,1290.0,0.0378093330928095,0.0164911148191551,0.0063517744515696,0.000112498477425,2.438578028951653e-06,5049460464294.33,15533427105613.414,14397731112088.863,13386082493520.73,12588774653496.436,3.4118560008278176,4.9760115862991805,17228031986045.426,52997816483708.6,49122985293085.75,45671385883094.9,42951086344600.95,0.0002848061158181,0.0008761361873367,0.0008120792119523,0.000755018914983,0.0007100481402568,0.0001803076078049,0.0005546721480899,0.0005141183841315,0.0004779941400379,0.000449523639014
80,80,0.02,1300,100000.0,17.15,2.43,0.81,1.3815308090691876,,0.13,11045.0,1.4546001090609162,1300.0,0.0403862643800039,0.015826601331843,0.0064606417656016,3.0814544219652253e-05,8.54984941453235e-06,4585459060378.446,15406016400029.184,14308033456288.514,13313822693592.418,12526596868926.842,3.218916183403328,4.682235831436429,14760208377785.6,49590675511831.016,46056360445123.35,42856079331367.125,40322065384358.07,0.0002606589395597,0.000875750027379,0.0008133355415006,0.0007568199517437,0.00071207035395,0.0001648502856416,0.0005538564777709,0.0005143832648337,0.0004786407304308,0.0004503394414319
81,81,0.02,1310,100000.0,17.15,2.43,0.81,1.385961926303437,,0.131,11070.0,1.4876728259460226,1310.0,0.038351638163931,0.0167718515806404,0.0067922174103618,2.7136146012571773e-05,4.702203696851968e-06,4214437349299.202,15666476999767.896,14580454063095.287,13578743475268.717,12781779111796.248,3.415760219682164,5.081533658768572,14395507446078.96,53512928918372.76,49803334973624.055,46381731796091.62,43659492626838.05,0.0002413846270367,0.000897307610516,0.000835104943874,0.0007777313215846,0.0007320846718199,0.0001545204587945,0.0005744043660063,0.0005345858211978,0.0004978585509167,0.0004686382092957
82,82,0.02,1320,100000.0,17.15,2.43,0.81,1.3881502111197048,,0.132,11130.0,1.530913257030715,1320.0,0.0385544257110268,0.0159156077150229,0.0064578610845224,0.0001355446048755,-3.0666293441141084e-05,3847839399384.6704,16029404874907.465,14949813478425.969,13934531580834.574,13122661934758.486,3.4237314540583865,5.24143587153103,13173968781838.426,54880377660057.52,51184146638393.01,47708094070873.27,44928470427007.31,0.000222069839438,0.0009251028947381,0.0008627965811967,0.0008042017531437,0.0007573464290941,0.0001419552644943,0.0005913600263745,0.0005515315235898,0.0005140755397636,0.000484123881604
83,83,0.02,1330,100000.0,17.15,2.43,0.81,1.3904023170715278,,0.133,11082.0,1.555513789736528,1330.0,0.0390664295728129,0.0167207849917417,0.0063668945346977,0.0001859479952592,1.358725734221776e-05,3412717680931.7573,16193067969019.996,15134736695326.26,14118934055573.658,13301871554305.355,3.404457521568781,5.295680621372482,11618452377838.889,55128612044404.63,51525568179366.52,48067311242031.35,45285656663996.68,0.0001984352776464,0.0009415592612112,0.0008800217184749,0.0008209570381529,0.0007734482667126,0.0001291619741477,0.0006128630674824,0.0005728081407662,0.0005343628058274,0.0005034392382978
84,84,0.02,1340,100000.0,17.15,2.43,0.81,1.392719296782896,,0.134,11326.0,1.6197590651576297,1340.0,0.0434513191300993,0.0175030661830493,0.0062787960323916,0.0001146438208791,8.148101602368954e-06,3035343342875.79,16764072956856.04,15702233727715.242,14660355743737.1,13818292158803.809,3.0839109762993653,4.995192760000012,9360728651931.855,51698908599131.695,48424290945319.13,45211231994564.28,42614382862246.51,0.0001778260644354,0.0009821258358872,0.0009199178185885,0.0008588792339593,0.0008095468071468,0.000115723824702,0.0006391377913491,0.0005986546950618,0.0005589326301883,0.0005268285787901
85,85,0.02,1350,100000.0,17.15,2.43,0.81,1.3951022498612913,,0.135,11367.0,1.6552906412893234,1350.0,0.0389175230909586,0.017281883803287,0.006329312590879,-2.4436004194758508e-05,6.662424980400119e-06,2558177042077.2363,17031874665827.168,15987827345130.955,14938741873950.822,14087723076872.334,3.4688744112639416,5.741995348773214,8873994880744.605,59081434204142.46,55459765169230.695,51820619423025.16,48868542094334.97,0.0001509619779445,0.0010050772270123,0.0009434663822554,0.0008815582284579,0.0008313382949811,9.8238776749867e-05,0.0006540558004418,0.0006139624331857,0.0005736755915404,0.0005409948801428
86,86,0.02,1360,100000.0,17.15,2.43,0.81,1.397552324180963,,0.136,11235.0,1.66592303831941,1360.0,0.0394777852980041,0.0167722149655057,0.0065125909983458,0.000120837224411,-4.416240349400929e-05,2027365662557.455,17040692639792.54,16030313953945.404,14991211740008.59,14144304313697.33,3.4449754203125376,5.73906391914275,6984224875496.074,58704767289186.08,55224037551235.0,51644355965030.336,48726780698107.9,0.0001205241859361,0.0010130464603056,0.0009529807943787,0.0008912075529984,0.0008408600355256,7.887569543822992e-05,0.0006629768410979,0.0006236675428425,0.0005832407410724,0.0005502913755703
87,87,0.02,1370,100000.0,17.15,2.43,0.81,1.400070717244602,,0.137,11367.0,1.7167645465507166,1370.0,0.0404189817541009,0.0170005804991655,0.0062723481523181,2.034920788713347e-05,-5.672803922308494e-06,1525293540107.4165,17457097211636.217,16456937949183.094,15403908363084.885,14541024575237.123,3.389496569544328,5.818967541248978,5169977221742.212,59170771113042.8,55780734723959.96,52211494554251.4,49286752915425.99,9.133336378535364e-05,0.0010453170936227,0.0009854283526303,0.0009223737787172,0.0008707049839392,5.9755911370925294e-05,0.0006839108186996,0.0006447279160829,0.000603473730601,0.0005696688230247
88,88,0.02,1380,100000.0,17.15,2.43,0.81,1.402658677626453,,0.138,11705.0,1.801195928415836,1380.0,0.0443613020333941,0.0156641760469627,0.0059053543132505,0.0001258067925547,-2.741354942785739e-05,998504447052.432,18206455376902.844,17200622734245.973,16114463741978.666,15218871209092.94,3.11081942311154,5.603195278945404,3106167027953.9526,56636995012482.89,53508031291306.29,50129186801573.89,47343160155079.31,6.021503427684153e-05,0.0010979443685165,0.0010372874057628,0.0009717863445081,0.0009177774362603,3.938593894920408e-05,0.0007181523748571,0.0006784773757384,0.0006356339093073,0.0006003073237045
89,89,0.02,1390,100000.0,17.15,2.43,0.81,1.405317506500382,,0.139,11580.0,1.815776157076287,1390.0,0.0454674747898025,0.017503683512056,0.0065038823115743,0.0002669930989283,5.100180496027489e-07,425799508834.3893,18241921039592.76,17273649759255.271,16197508765623.477,15303970943136.428,3.0571304133911363,5.551064513708398,1301724628464.6194,55767931608818.69,52807800029285.77,49517896668557.055,46786235015916.6,2.5861161917626983e-05,0.0011079328742884,0.0010491243979011,0.000983764396527,0.0009294948968507,1.6908615097623312e-05,0.0007243916798872,0.0006859413621916,0.0006432075086418,0.0006077248770226
90,90,0.02,1400,100000.0,17.15,2.43,0.81,1.4080485592561638,,0.14,11585.0,1.8467340376618149,1400.0,0.0417826420170968,0.0154361102113807,0.0063376738896159,4.620918555192881e-05,-1.571627691014271e-05,433059131831.6956,18439115677404.14,17500818498731.336,16425369745261.771,15526151680048.898,3.350673706624732,6.18780318312237,1451039846442.1958,61783460073689.93,58639532388110.8,55036054527037.984,52023068199407.25,2.6490331236801665e-05,0.0011279251402507,0.0010705292761883,0.0010047438173132,0.0009497384320189,1.731052487425383e-05,0.0007370604777293,0.0006995542448457,0.0006565656988724,0.0006206215620535
91,91,0.02,1410,100000.0,17.15,2.43,0.81,1.4108532472080475,,0.141,11490.0,1.857089821437487,1410.0,0.0413036127479244,0.0172616902775682,0.0066196263899159,0.000103377375811,2.9943386026908973e-05,435487563127.0906,18428057951920.82,17531242354001.535,16467569720820.523,15574256521248.594,3.413744963679606,6.339631025032879,1486643475370.21,62908690023765.61,59847190293019.33,56216083198493.84,53166539762466.64,2.682423767975402e-05,0.0011350923616028,0.0010798522197702,0.0010143343727827,0.0009593099642423,1.7520843081466827e-05,0.0007414106372024,0.0007053293189408,0.0006625348906402,0.0006265944833415
92,92,0.02,1420,100000.0,17.15,2.43,0.81,1.4137330393995524,,0.142,11700.0,1.912780232200856,1420.0,0.0418346612459572,0.0148570338987997,0.0059878707210674,7.198627693178794e-05,-1.065379825245356e-05,448546964451.1008,18862788930554.28,17987224556189.99,16909995327433.426,16001169079235.934,3.3943145652630897,6.492577802306681,1522509494640.9167,64026239208463.75,61054298299733.59,57397843438438.07,54313001266887.92,2.78174473518437e-05,0.0011698098071552,0.0011155101065278,0.0010487037969734,0.0009923413013713,1.8161560817694863e-05,0.0007637498757188,0.0007282984806697,0.0006846817232214,0.0006478835627443
93,93,0.02,1430,100000.0,17.15,2.43,0.81,1.4166894645090022,,0.143,11470.0,1.889098264161101,1430.0,0.0460656826098784,0.0176950177068495,0.005879767013665,0.000149477653194,2.070183864098745e-05,442993542945.7781,18512820304578.32,17695487174119.66,16649866667556.309,15763428544802.53,3.104263128173744,5.864258086932328,1375168521385.6309,57468665470008.68,54931448369691.06,51685567185104.09,48933830005231.984,2.7662454248824303e-05,0.0011560214654297,0.0011049836101666,0.0010396904927272,0.0009843374195153,1.804924880399689e-05,0.00075428300268,0.000720981729417,0.0006783791565848,0.0006422622820125
94,94,0.02,1440,100000.0,17.15,2.43,0.81,1.416960964851457,,0.144,11598.0,1.954990632845918,1440.0,0.0431054269083688,0.0167764650054353,0.0059959601298109,0.0002321678952959,-1.2637932869190622e-05,458445303402.3678,19038062392538.49,18239841348285.336,17178081248908.436,16271748415160.203,3.340646650040316,6.530932908476914,1531503767037.8362,63599439354892.24,60932864897416.25,57385899578286.33,54358161833403.766,2.8823290080561525e-05,0.0011969576105142,0.001146772001596,0.0010800172129371,0.0010230344191713,1.879374847407579e-05,0.000780456367169,0.0007477336728343,0.000704207319528,0.0006670526334949
95,95,0.02,1450,100000.0,17.15,2.43,0.81,1.4200359308950157,,0.145,11630.0,2.0014727044170164,1450.0,0.0381479658667558,0.0159293051375695,0.0064030590905858,0.0001604827012382,-1.6804505425566277e-06,469345349185.7904,19367357467195.44,18598911007038.363,17532721793193.656,16615709498978.46,3.800989035862609,7.607575805067364,1783976526288.2966,73615113386441.67,70694256816737.22,66641683304758.5,63156129628695.336,2.9705884039013896e-05,0.0012258020156387,0.0011771653742504,0.0011096839488884,0.0010516442539781,1.935684204997692e-05,0.0007987527309438,0.0007670602964093,0.0007230882910543,0.0006852686723709
96,96,0.02,1460,100000.0,17.15,2.43,0.81,1.4231914230394322,,0.146,11591.0,2.026435864561839,1460.0,0.0479241499265299,0.0159986732566623,0.0060041289929331,0.0001016336545322,2.6301072517962604e-05,475199210239.7513,19484020290717.844,18755350706050.742,17696938586194.41,16779494129902.377,3.046480745591213,6.173497843563126,1447685244315.5532,59357692662380.42,57137814802794.15,53913382658751.45,51118405787508.37,3.0273806755472715e-05,0.0012412803986002,0.0011948585996589,0.0011274296913322,0.0010689814961749,1.971461922094563e-05,0.0008083347628689,0.0007781044024432,0.0007341939929303,0.0006961319176524
97,97,0.02,1470,100000.0,17.15,2.43,0.81,1.4264291957747344,,0.147,11673.0,2.056614844941662,1470.0,0.0439304108278975,0.0166102193797845,0.0062239610422646,0.0001662874131579,5.245193696917932e-06,482276181138.81976,19647350060384.62,18958009223233.21,17904927896773.76,16985284891287.904,3.346201349581947,6.881847369714057,1613793208197.9463,65743989287767.98,63437316048169.98,59913493892351.82,56836183226261.445,3.092715556162634e-05,0.0012599350236547,0.001215729333763,0.0011481978833697,0.0010892234960701,2.0124860464310083e-05,0.0008198625474826,0.0007910971041484,0.0007471531658379,0.00070877746352
98,98,0.02,1480,100000.0,17.15,2.43,0.81,1.4268520068151267,,0.148,11666.0,2.092628713014138,1480.0,0.0429144444838129,0.017348802463126,0.0062556200551468,0.0001328623113899,5.174696868833032e-05,490721433201.8153,19860478173958.68,19211986844742.105,18160557522132.25,17237845766956.086,3.448722260772233,7.216895226103007,1692361930521.1548,68493273188112.375,66256806705125.4,62630718994612.12,59448542424259.87,3.167349237714657e-05,0.0012818896047498,0.0012400328938282,0.0011721686507331,0.0011126124508883,2.059423257422184e-05,0.0008334897945685,0.0008062743921983,0.0007621487874455,0.0007234251059444
99,99,0.02,1490,100000.0,17.15,2.43,0.81,1.4302164716300223,,0.149,11569.0,2.1215416266017115,1490.0,0.0479706055766655,0.0169675468828362,0.0064484321259029,0.0001124319713382,7.873615207464296e-06,497501511438.1014,20002151352669.742,19398352009162.59,18352765930789.484,17430520920084.092,3.10606877292536,6.5896541968488505,1545273909161.0557,62128057707854.25,60252615421873.84,57004953154433.65,54140396725695.41,3.231976418612214e-05,0.0012994228159522,0.0012601975031658,0.0011922718894493,0.001132359023694,2.0999599486644777e-05,0.0008442932486036,0.0008188068046584,0.0007746724887421,0.0007357444143381
100,100,0.02,1500,100000.0,17.15,2.43,0.81,1.433667712731317,,0.15,11781.0,2.177060395972442,1500.0,0.0431292517050678,0.0167120610346843,0.0062463489214166,3.767449218956406e-05,1.3557545070095314e-05,510520662855.53766,20389385456313.17,19824841166283.85,18772796519506.496,17839818880210.297,3.477917980718741,7.57163749626322,1775548992873.725,70912610294316.78,68949171557111.72,65290246563565.85,62045426856249.07,3.3372179921043753e-05,0.0013328319291165,0.0012959282835032,0.0012271572703167,0.0011661695377796,2.168046131672312e-05,0.000865883234157,0.0008419085323827,0.0007972309807625,0.0007576098898061
101,101,0.02,1510,100000.0,17.15,2.43,0.81,1.4342052755410806,,0.151,11617.0,2.171827675815679,1510.0,0.0479838167202615,0.0169967004156064,0.0060427736420954,0.0001415720893095,-9.958427993784865e-06,509293589978.7767,20204501910355.06,19696238132217.61,18667575352869.02,17749385990211.24,3.146894313978969,6.83451216396652,1602693102450.149,63581432178473.56,61981979785051.35,58744886733717.47,55855441849213.72,3.3501592661144075e-05,0.0013290624626754,0.0012956286115636,0.0012279626481634,0.0011675636825789,2.1758639265963587e-05,0.0008632004746696,0.0008414858322353,0.0007975380921055,0.0007583101271104
102,102,0.02,1520,100000.0,17.15,2.43,0.81,1.4377897538046622,,0.152,11846.0,2.259146213992252,1520.0,0.0440391625647862,0.016261541044187,0.0059046378633431,0.0002026411936746,-1.6719772473669967e-06,529769787181.1831,20875486713130.58,20401914522059.363,19355591282776.43,18413536232759.176,3.4514734419936355,7.797383159174729,1828486350826.4736,72051187979061.2,70416666138712.17,66805309266586.375,63553831280555.84,3.506383046946691e-05,0.0013816841669502,0.001350339882273,0.0012810869698453,0.0012187352477087,2.276777892683567e-05,0.000897160385464,0.0008768077960693,0.0008318402332251,0.0007913537773443
103,103,0.02,1530,100000.0,17.15,2.43,0.81,1.4414659808654335,,0.153,11737.0,2.2418777184075,1530.0,0.0448268353561616,0.0152263815559492,0.0064346312582546,0.0002399537302417,-3.5362005715717055e-05,525720324966.5587,20575659608622.348,20160359196979.293,19145602871630.65,18223699165997.69,3.413134092210005,7.651829271262618,1794353964111.084,70227485279897.3,68810009286409.54,65346509877076.35,62199928909645.75,3.5010552956354545e-05,0.0013702441890284,0.0013425870938694,0.0012750089950606,0.0012136144531836,2.286874037420977e-05,0.0008950375233212,0.0008769720294832,0.0008328303103116,0.0007927276635374
104,104,0.02,1540,100000.0,17.15,2.43,0.81,1.442122696067739,,0.154,11865.0,2.31912222574674,1540.0,0.0446311362061351,0.0160480947920422,0.0065593278308333,0.0001199155458974,4.660833369958948e-06,543834161937.6106,21139508163397.383,20766433389658.785,19741094448238.977,18800822960554.2,3.450505926820449,8.00214498496016,1876502998973.1567,72941998207871.95,71654701489939.72,68116763395570.86,64872351054494.25,3.6432093218853216e-05,0.0014161606348259,0.0013911679148283,0.001322479247383,0.0012594893491973,2.378914647636592e-05,0.0009247136192137,0.000908394066195,0.0008635422713419,0.0008224116147675
105,105,0.02,1550,100000.0,17.15,2.43,0.81,1.4459394609371756,,0.155,11763.0,2.3223110439489627,1550.0,0.045868397166032,0.0171193033254933,0.0062548444697622,6.746020445032509e-05,-1.2727625794722296e-05,544581939806.0317,21023284313446.945,20706309220677.285,19703196753072.8,18775825751413.24,3.3792329703377013,7.847630047091702,1840269246043.004,71042575496783.33,69971442812520.24,66581692089034.33,63447889424491.28,3.670015142752423e-05,0.0014167890291811,0.0013954276268777,0.0013278264510601,0.0012653296003519,2.395325045770575e-05,0.0009247019737432,0.0009107599326452,0.0008666383736704,0.0008258482771831
106,106,0.02,1560,100000.0,17.15,2.43,0.81,1.446672484143814,,0.156,11882.0,2.377985433366009,1560.0,0.0454248842909237,0.0153900177858773,0.0062775578531918,7.372624957188371e-05,-2.912699967649151e-05,557637584124.3291,21378516171497.4,21111911890640.27,20108764707998.043,19173884202158.527,3.4342409988520344,8.166575069938471,1915061853900.5715,73418976730777.6,72503393378988.58,69058344196475.74,65847739234294.14,3.78001412673601e-05,0.0014491686973325,0.0014310966021837,0.0013630970514084,0.0012997250402763,2.4660371566612084e-05,0.000945420766715,0.0009336307424871,0.0008892686281601,0.0008479254667579
107,107,0.02,1570,100000.0,17.15,2.43,0.81,1.4506344231815702,,0.157,11912.0,2.4196240906429813,1570.0,0.0465731417461938,0.0158372894203169,0.0067722883577128,0.0001682707737048,3.2168493819718286e-05,567401849255.7792,21601258384908.73,21389188470824.727,20392910207529.92,19456149627324.8,3.37104163716485,8.156653555844628,1912735258845.5647,72818741430683.67,72103844920316.52,68745349412547.45,65587490492621.29,3.868573920396104e-05,0.00147278449912,0.0014583254673068,0.001390398721705,0.0013265299212245,2.5226044416889887e-05,0.0009603675141227,0.0009509391256196,0.0009066457209463,0.0008649984051414
108,108,0.02,1580,100000.0,17.15,2.43,0.81,1.4514455275971354,,0.158,11972.0,2.4579934774879724,1580.0,0.0450799951231601,0.0171255415078558,0.0062573241193535,0.0001139490391183,-1.7238064828111337e-06,576399470470.9296,21788372188144.07,21634509955705.184,20647254676195.53,19709460333365.87,3.5048805921193704,8.614973634803595,2020211317361.4429,76365642816099.61,75826374063764.39,72366162195143.64,69079305003560.62,3.951887328940797e-05,0.0014938457854276,0.0014832967436965,0.0014156089363788,0.0013513122503053,2.5760409667354755e-05,0.0009737645891534,0.0009668881877287,0.0009227658355245,0.000880853988459
109,109,0.02,1590,100000.0,17.15,2.43,0.81,1.4555575920956088,,0.159,12230.0,2.550169039838876,1590.0,0.0473718930149971,0.0162957866277918,0.0065493258868627,1.456226037912802e-05,-6.685157117269596e-06,598014639842.2163,22444184707540.863,22348432106144.92,21349906793535.445,20391284141687.266,3.356420651158344,8.559440029259846,2007188686861.434,75332125050802.44,75010739042074.95,71659268062128.19,68441727196796.78,4.123444486187485e-05,0.0015475766563791,0.0015409743006848,0.0014721237505431,0.0014060245779686,2.6864022849233463e-05,0.0010082380106528,0.0010039366108201,0.0009590808413684,0.0009160175798572
110,110,0.02,1600,100000.0,17.15,2.43,0.81,1.45644872329798,,0.16,12110.0,2.5532078511651792,1600.0,0.0474926762581162,0.0176311805917712,0.0058666664555912,8.966364206966774e-05,5.030194999953548e-06,598727241098.2346,22309478712893.22,22277288427252.44,21303635530157.73,20358226945890.86,3.368940489485614,8.601605307862933,2017076444693.858,75159306135183.38,75050858978520.02,71770680310792.72,68585655052148.77,4.151099405306496e-05,0.0015467621558009,0.0015445303369291,0.0014770249741416,0.0014114778477954,2.703240585584733e-05,0.0010072681541816,0.0010058147697249,0.0009618545513311,0.0009191695575723
111,111,0.02,1610,100000.0,17.15,2.43,0.81,1.4607161966797657,,0.161,11898.0,2.530104524022727,1610.0,0.0511802763735431,0.0164518053512008,0.0060492677233907,5.382946245934637e-05,-2.4065913135099344e-05,593309510883.3295,21947616104137.14,21977717436747.64,21039801203181.76,20117173846656.586,3.145743075416967,7.959058786525635,1866399285440.261,69041561381499.31,69136252440119.61,66185808943058.6,63283460325079.26,4.135573699367342e-05,0.0015298251967838,0.0015319233643873,0.0014665473399583,0.0014022370034481,2.692150150342943e-05,0.0009958761305958,0.0009972419827459,0.0009546839033138,0.0009128195588019
112,112,0.02,1620,100000.0,17.15,2.43,0.81,1.461689480167371,,0.162,12193.0,2.6351009353725523,1620.0,0.0475680924300832,0.0173802454505253,0.006802156960155,0.0001281282798377,-1.7812054540625263e-05,617931169344.8635,22691787573011.29,22787711354925.188,21838916420504.742,20892817944130.805,3.405644240161864,8.974216322796673,2104453727695.82,77280155647002.45,77606837922372.08,74375579918868.34,71153505092179.52,4.33025911405827e-05,0.0015901661030707,0.0015968881273267,0.0015303996879022,0.0014641002074203,2.8176151080427864e-05,0.0010346900539424,0.0010390639439571,0.0009958012138299,0.0009526614355994
113,113,0.02,1630,100000.0,17.15,2.43,0.81,1.4661179968295197,,0.163,11831.0,2.5490808575678714,1630.0,0.0517367667534927,0.0159860415259968,0.0067727582220937,8.735033508512392e-05,-5.410393707595762e-07,597759461099.6658,21789848432551.453,21945106236801.42,21053388934536.184,20153531061416.6,3.150564100316455,8.031042638657217,1883279498765.1167,68650314222933.38,69139463887297.3,66330051367149.4,63494991456711.695,4.21132543999554e-05,0.0015351349331859,0.0015460731312964,0.0014832500058639,0.0014198533622294,2.7387620263066624e-05,0.0009983482208088,0.0010054616871149,0.000964605763544,0.0009233768624165
114,114,0.02,1640,100000.0,17.15,2.43,0.81,1.4671757464714366,,0.1639999999999999,12162.0,2.6893107554840823,1640.0,0.0487573265727405,0.0154745033832674,0.0064962772462001,6.134622455552399e-05,-1.824312443749865e-05,630643372161.0173,22818493249535.45,23048193780834.72,22134848081458.33,21201661277256.5,3.3635970535695803,9.045757733279242,2121230188453.9824,76752216661034.8,77524836691316.39,74452709788003.52,71313845402960.23,4.465947945812584e-05,0.0016159085713546,0.0016321749853248,0.0015674957302972,0.001501411412674,2.903086894016615e-05,0.0010504204375752,0.0010609944106225,0.0010189496980858,0.0009759916254169
115,115,0.02,1650,100000.0,17.15,2.43,0.81,1.4682654262167942,,0.165,12269.0,2.727121923512424,1650.0,0.0479641518058997,0.0163424086714396,0.0060479014401657,0.0001431120803384,-2.57698441067028e-05,639510091063.6632,22966868559978.164,23266626892206.95,22368252056844.76,21437068005822.312,3.4400691722375973,9.381488058008388,2199958949602.9663,79007616516013.78,80038805913835.39,76948334337591.89,73744996789990.25,4.551449775258815e-05,0.001634572310999,0.001655906376136,0.001591968246001,0.0015256950550229,2.9576003397540685e-05,0.0010621696077242,0.0010760328032802,0.0010344848471897,0.0009914195335353
116,116,0.02,1660,100000.0,17.15,2.43,0.81,1.472916039858722,,0.166,12237.0,2.747019554742339,1660.0,0.0527160052431554,0.0174293515380671,0.0061495329049576,0.0001068983163079,-1.6958626098445217e-05,644176085587.0785,22960733133303.527,23329994412865.258,22453080098673.523,21530335454689.38,3.1489487724708263,8.650223854859245,2028477493964.493,72302172415146.38,73464957268143.3,70703599014907.14,67797923400929.23,4.607646743173752e-05,0.0016423296301993,0.0016687420595058,0.0016060183497278,0.0015400164994766,2.99279920083942e-05,0.0010667403728502,0.0010838960060241,0.0010431551508847,0.0010002850491395
117,117,0.02,1670,100000.0,17.15,2.43,0.81,1.474093410753626,,0.1669999999999999,12299.0,2.8125141466605066,1670.0,0.0538204395734283,0.0174849653400167,0.0067757712190329,3.47777997233648e-05,-1.1779807708745928e-05,659534567391.8888,23330316355836.91,23777302381554.934,22908163813924.08,21979015753017.57,3.102910368692893,8.72697930776833,2046476647671.6736,72391880525411.73,73778838099273.02,71081979025940.36,68198915873702.66,4.740627171344039e-05,0.0016769451837816,0.0017090738121128,0.0016466015458649,0.0015798158948694,3.077895694867435e-05,0.0010887720495908,0.0011096318563734,0.0010690711642154,0.0010257099674267
118,118,0.02,1680,100000.0,17.15,2.43,0.81,1.475303596328748,,0.168,12221.0,2.8044202667197804,1680.0,0.0496279556189165,0.016249344656909,0.0059554799255927,3.443471525420141e-05,-7.549028048618717e-06,657636552545.7886,23085809984435.39,23600262259662.28,22762225548580.188,21851303226262.887,3.3851888095096947,9.493492104061994,2226223898402.5376,78149825617777.86,79891343702902.73,77054431206589.31,73970787154748.22,4.749979442032991e-05,0.0016674426384034,0.0017046005141597,0.00164407077119,0.0015782766439088,3.0825461116226e-05,0.0010821033825704,0.0011062173533416,0.0010669359783155,0.001024238229053
119,119,0.02,1690,100000.0,17.15,2.43,0.81,1.4801873372952423,,0.1689999999999999,12172.0,2.823534367672204,1690.0,0.0502141053543709,0.0185676080195996,0.0059503450236317,3.63063111843909e-05,-2.318519258530073e-06,662118809219.1317,23064537713872.4,23651760829576.016,22836807882426.06,21935334806509.19,3.3655881909541785,9.50285392459084,2228419245316.552,77625735759626.23,79602086943293.64,76859290928182.45,73825303789413.5,4.804724746132386e-05,0.0016736989429833,0.0017163113170201,0.0016571735227514,0.0015917573174492,3.116997341231755e-05,0.0010857885583354,0.0011134327343484,0.001075067925282,0.0010326300857024
120,120,0.02,1700,100000.0,17.15,2.43,0.81,1.4814888250827187,,0.17,12410.0,2.934760990014199,1700.0,0.0495728213250004,0.016009513250256,0.006524137837545,8.332921024508819e-05,-2.028159214018913e-05,688201452158.3296,23787457369604.65,24468298738634.586,23652679557119.387,22731969657126.246,3.4292984634761177,10.064171353725342,2360048182448.593,81574291007588.88,83909099268274.2,81112097662322.5,77954708616968.77,5.017172908211072e-05,0.0017341693525306,0.00178380451184,0.0017243436890231,0.0016572214713631,3.25352299803016e-05,0.0011245695482616,0.001156756824897,0.0011181978280165,0.0010746705901017
121,121,0.02,1710,100000.0,17.15,2.43,0.81,1.4828241535162892,,0.171,12433.0,2.958108151935009,1710.0,0.05565615471005,0.0168259691209186,0.0065752394849142,7.296768229860434e-05,-3.537084146400719e-05,693676361628.7596,23789564268454.33,24546292505151.984,23755771465066.39,22844817587390.566,3.0724364787839344,9.08859939419325,2131276557938.317,73091925072773.92,75416924511729.66,72988098830924.45,70189250906663.57,5.079992291582142e-05,0.0017421784824855,0.0017975958762715,0.0017397037379184,0.0016729919551252,3.293090595732934e-05,0.0011293622603065,0.00116528642866,0.0011277580141596,0.001084512290164
122,122,0.02,1720,100000.0,17.15,2.43,0.81,1.484193543188678,,0.172,12384.0,2.9373704964143044,1720.0,0.0506925872791725,0.015745458622543,0.006308207654294,0.0002052542577143,7.665375477656966e-06,688813381409.1544,23436969153423.86,24258368869028.77,23503834882455.773,22616794050461.348,3.3930010132007493,9.96650107047972,2337144501027.495,79521660083921.86,82308670151212.12,79748535570275.55,76738805128568.03,5.067234890452007e-05,0.0017241335755951,0.0017845595982343,0.0017290525328087,0.0016637976412161,3.283378369635796e-05,0.0011171739638789,0.0011563277627428,0.001120361263869,0.0010780785388326
123,123,0.02,1730,100000.0,17.15,2.43,0.81,1.4893837308043654,,0.173,12397.0,3.0051960480809528,1730.0,0.0506466725671543,0.0149089481235612,0.0062095341214479,8.968772750246972e-05,6.829230318875151e-06,704718473274.9834,23788031714517.17,24699990293188.92,23959181833416.168,23068937682391.85,3.415821637060413,10.265213684643363,2407192609048.8687,81255673433527.08,84370761278656.9,81840291712847.73,78799376479512.4,5.2063725492654856e-05,0.001757430236559,0.0018248046036307,0.0017700745947621,0.001704304462634,3.3727301469039054e-05,0.0011384774877009,0.0011821231463243,0.0011466686049704,0.0011040621826879
124,124,0.02,1740,100000.0,17.15,2.43,0.81,1.490849401637075,,0.174,12300.0,3.0214601003271087,1740.0,0.0509280460651098,0.0158533319998569,0.0062697712250835,6.706168020764772e-05,-7.362684290781424e-06,708532393526.7069,23725632768215.0,24714506579118.47,24001005598694.004,23123315937176.48,3.416585034060541,10.32307535978866,2420761171870.441,81060641839499.73,84439213302406.95,82001476530901.19,79002775168810.73,5.256708341597809e-05,0.0017602403619342,0.001833606396544,0.0017806706861968,0.0017155535707736,3.404327134522224e-05,0.0011399593886528,0.0011874723884512,0.001153190388498,0.0011110195187158
125,125,0.02,1750,100000.0,17.15,2.43,0.81,1.4923503504315625,,0.175,12503.0,3.0891704328656915,1750.0,0.0513280796367325,0.0164168545732176,0.0060172630084159,9.543710285292046e-05,-8.496776940381849e-06,724410466507.0046,24061896956389.848,25146524021930.805,24449052142789.99,23569455411015.26,3.4094398473221363,10.53234076898166,2469833910326.199,82037590285274.78,85735561022014.2,83357572604884.84,80358640457997.78,5.396664360138764e-05,0.0017925470123038,0.0018733488297717,0.0018213890389295,0.0017558614333366,3.49566650987065e-05,0.0011611147442414,0.0012134537796917,0.0011797970449783,0.0011373518156557
126,126,0.02,1760,100000.0,17.15,2.43,0.81,1.493886850126298,,0.176,12526.0,3.096222319320489,1760.0,0.0503940811590837,0.0162469085354922,0.0068205611886262,5.808162881851697e-05,-2.923586878180365e-05,726064133880.6548,23920956166677.707,25081819974649.406,24414847533376.51,23551045208979.258,3.492473638806992,10.813474830112654,2535759847661.417,83543308827179.45,87597595074765.7,85268211405809.38,82251404558711.77,5.431088478847556e-05,0.0017893299417708,0.0018761646132383,0.0018262738918479,0.0017616599461491,3.5185197057529734e-05,0.0011592137901518,0.0012154694567444,0.00118314785362,0.0011412878393535
127,127,0.02,1770,100000.0,17.15,2.43,0.81,1.4994039506586678,,0.177,12585.0,3.1479848341732484,1770.0,0.0525009401339957,0.0148540748246673,0.0063653533820036,-2.112721466093405e-05,-2.253122089939897e-05,738202443613.6267,24121722454481.863,25376987445519.312,24731492703609.68,23871349317150.41,3.3713681992789266,10.613015961744034,2488752243028.976,81323207994872.56,85555168467324.36,83378968021648.45,80479107961719.61,5.543001696038303e-05,0.0018112477089894,0.0019055028287671,0.0018570340316215,0.0017924477343093,3.592383333642965e-05,0.0011738578553066,0.0012349439851633,0.0012035316730956,0.0011616737140385
128,128,0.02,1780,100000.0,17.15,2.43,0.81,1.5010424235222162,,0.178,12432.0,3.163583140561392,1780.0,0.052435206669088,0.0159916602781257,0.0064559444244891,0.0001020008357414,4.358765659222924e-07,741860246461.6465,24041115896113.363,25377966248180.566,24762062860714.613,23915847086874.65,3.3946657466868664,10.73930732405982,2518367567492.028,81611552644665.17,86149712743273.97,84058926610574.89,81186306908814.27,5.591995139987131e-05,0.0018121715497244,0.001912940673118,0.0018665150994895,0.0018027290357765,3.62507266884756e-05,0.0011747602406149,0.0012400849388547,0.0012099890475166,0.0011686390265615
129,129,0.02,1790,100000.0,17.15,2.43,0.81,1.502717870241521,,0.179,12563.0,3.2347417749575693,1790.0,0.0519030459149689,0.0156662515289871,0.0063092289011725,-5.208696439537806e-06,-1.889029712625885e-05,758546946227.55,24377242377068.586,25821223277773.09,25224993676279.56,24378342703366.41,3.448737869705176,11.155776458013507,2616029579404.1675,84070718944778.27,89050630560168.84,86994390954458.9,84074513681750.62,5.739021318578242e-05,0.001844335599608,0.0019535844366639,0.0019084748437671,0.0018444188481942,3.721705972649731e-05,0.0011960357760671,0.0012668827074175,0.0012376295243419,0.0011960897620594
130,130,0.02,1800,100000.0,17.15,2.43,0.81,1.504430619946115,,0.18,12500.0,3.244026521493889,1800.0,0.0525693371910165,0.0164223873637345,0.006395520968676,-2.951121083344468e-06,1.9917922892914945e-07,760724219290.3169,24242757898659.938,25766997105941.547,25202579320367.902,24372577970587.37,3.424049257953357,11.107706603702162,2604757198568.1567,83008397193649.45,88227467320285.47,86294873020416.36,83452907514600.05,5.775800852764392e-05,0.001840632100225,0.0019563600064753,0.0019135065696507,0.0018504886929709,3.747299189631424e-05,0.0011941892307941,0.0012692726868142,0.0012414696767764,0.0012005841192175
131,131,0.02,1810,100000.0,17.15,2.43,0.81,1.5061810140465293,,0.181,12423.0,3.240818484481528,1810.0,0.0539812576739677,0.014512414624647,0.0058495540629995,0.0001614420244059,-2.6316479763500693e-05,759971934610.9183,24014693178399.445,25612865651353.55,25081793696759.48,24271949847671.848,3.35301561688672,10.866514989961711,2548197765146.022,80521641261916.31,85880338522209.89,84099645964765.42,81384226891534.94,5.7906850230117286e-05,0.0018298244683413,0.0019515988784459,0.0019111332997376,0.0018494264072286,3.758404471731395e-05,0.0011876350443804,0.0012666718916032,0.001240407984766,0.0012003575486222
132,132,0.02,1820,100000.0,17.15,2.43,0.81,1.5079694063994111,,0.182,12759.0,3.3397361049049508,1820.0,0.0532668179462234,0.0163193807580174,0.0068012172043228,5.770360581127539e-05,-3.501217343177139e-06,783168116600.2109,24537359449181.496,26262055236654.297,25748562115274.19,24933926783256.64,3.41676125996003,11.411080941729043,2675898480835.4604,83838299187677.52,89731172939530.84,87976689535143.34,85193275091711.06,5.9880680342628327e-05,0.0018761154169643,0.0020079848776189,0.0019687234255657,0.0019064367761498,3.888156905831534e-05,0.0012181944281307,0.001303819566519,0.0012783264216416,0.0012378826149444
133,133,0.02,1830,100000.0,17.15,2.43,0.81,1.5139788773686675,,0.183,12787.0,3.356748656768114,1830.0,0.053418977102865,0.0161956961094936,0.0062662825885132,4.482169581805136e-05,1.682957363217791e-05,787157560012.1229,24450960659644.043,26262581261281.89,25780432967448.44,24981676316467.28,3.425748861637883,11.49937788972786,2696604115141.184,83762850645728.23,89969007859508.83,88317288890768.23,85580949202943.84,6.03848497266436e-05,0.0018756951087174,0.0020146691125876,0.0019776822960363,0.0019164076506694,3.922940171000588e-05,0.0012185572579623,0.0013088426035375,0.0012848138829059,0.0012450064197985
134,134,0.02,1840,100000.0,17.15,2.43,0.81,1.5158783679339198,,0.184,12668.0,3.3764944121534786,1840.0,0.0537275235121796,0.0156060737360727,0.006540494948289,8.887408495615136e-05,1.5557138279670714e-05,791787939649.9907,24382155994472.445,26283032175861.715,25832208011861.53,25048898983799.805,3.4246879061583475,11.563439578513256,2711626581161.359,83501274760336.03,90011182429844.33,88467250367588.97,85784661412401.31,6.180257490351996e-05,0.0019031358608768,0.0020515077123533,0.0020163188786155,0.0019551781205221,3.960880529709511e-05,0.0012197054553967,0.0013147958587638,0.001292243599957,0.0012530589480745
135,135,0.02,1850,100000.0,17.15,2.43,0.81,1.517817603130994,,0.185,12751.0,3.441613722503154,1850.0,0.0539253590668522,0.0170837735989741,0.0069373555963774,5.340358585189567e-05,-1.0741615410357342e-05,807058417926.9896,24635655965066.76,26653307336435.727,26228607685471.23,25450726478809.367,3.4306679306604546,11.80703382751252,2768749432551.685,84516754870138.45,91438646725147.06,89981643252420.48,87312991142862.17,6.334404161297772e-05,0.0019335923917658,0.0020919529138662,0.002058619276838,0.0019975652831863,4.052230412760286e-05,0.0012369532628922,0.0013382592906567,0.0013169351732979,0.0012778778533675
136,136,0.02,1860,100000.0,17.15,2.43,0.81,1.519796999868974,,0.186,12737.0,3.4747550504539872,1860.0,0.0546187687800738,0.0164760354489604,0.0061001934593737,3.5403729723700194e-05,4.486778102350038e-06,814830059331.46,24654064127745.613,26772030883486.875,26378395982968.457,25613756615717.02,3.405422790633408,11.833010040684544,2774840854540.5254,83957511862362.45,91170084122167.66,89829590860753.52,87225670532899.97,6.43239985105068e-05,0.0019462315682513,0.002113427278426,0.0020823531047813,0.0020219912404184,4.10617848887049e-05,0.0012423938786406,0.0013491247169666,0.0013292882474787,0.0012907557254443
137,137,0.02,1870,100000.0,17.15,2.43,0.81,1.521816988780577,,0.187,12927.0,3.559802729104685,1870.0,0.0550152506280028,0.0157576757800662,0.0070491142230937,5.8320753698735385e-05,-2.200763903255723e-05,834773739975.0488,25033314996256.93,27285986837681.656,26918732247023.707,26156617623123.92,3.3990574952469044,12.099974147963668,2837443937697.4805,85089676968903.84,92746638075830.22,91498318606790.48,88907847182186.64,6.627768765231885e-05,0.0019875448313379,0.0021663979427134,0.002137239400844,0.0020767305556573,4.221828673607424e-05,0.0012660480557258,0.0013799758677416,0.0013614021406691,0.0013228585543334
138,138,0.02,1880,100000.0,17.15,2.43,0.81,1.523878014455014,,0.188,12711.0,3.530255835726032,1880.0,0.0584305188999678,0.0166836604296185,0.0062209310800634,3.1044511669080826e-05,-6.669247196393539e-05,827844993477.7544,24603216485797.89,26919369006018.484,26590878623861.41,25856153332873.9,3.217496670222167,11.35858639648088,2663588509974.766,79160767119809.83,86612980141346.28,85556063430555.9,83192087253275.56,6.608903150826569e-05,0.0019641391351583,0.0021490436500045,0.0021228194034516,0.0020641643613983,4.201597685022937e-05,0.0012486977422739,0.0013662504380538,0.0013495784228807,0.0013122885907737
139,139,0.02,1890,100000.0,17.15,2.43,0.81,1.5259805356815233,,0.189,12821.0,3.5894136535514587,1890.0,0.0558168129541627,0.0160454659807453,0.0063873098706919,6.368580831546664e-05,-1.5980359553926884e-05,841717501757.817,24789458055208.49,27227978491379.184,26930297919013.883,26204310253046.867,3.386076524204427,12.154029307949438,2850119872714.143,83939001968491.81,92196018771202.14,91188049573404.23,88729799780811.38,6.757942658569888e-05,0.0019902845755763,0.0021860673797235,0.002162167339218,0.0021038795763144,4.286887509143592e-05,0.0012625330692706,0.0013867275024003,0.0013715665591536,0.0013345918324724
140,140,0.02,1900,100000.0,17.15,2.43,0.81,1.5281250257039851,,0.19,12729.0,3.591375675672381,1900.0,0.0552323796271139,0.015181239141997,0.0064444987648866,0.0002034328215601,3.6645384561544514e-05,842177595945.1732,24576841016059.152,27100295334597.234,26838324912538.41,26132240799551.71,3.440011118165328,12.354372253821506,2897100293521.1426,84544606344625.12,93225317256578.44,92324136092065.62,89895198893031.48,6.799976203716747e-05,0.0019844025164807,0.0021881532384168,0.0021670010177373,0.0021099898221267,4.303961139364627e-05,0.0012560031182347,0.001384964626784,0.001371576589372,0.0013354920556817
141,141,0.02,1910,100000.0,17.15,2.43,0.81,1.5303119724869625,,0.191,13017.0,3.7009604348655407,1910.0,0.0560195900702638,0.0181179138527921,0.0065861887559931,1.5683362695246323e-05,-7.656963118929833e-06,867875221975.9692,25093693378550.41,27780210724064.93,27546832159356.62,26840592739777.76,3.4095215577342506,12.618504386995587,2959039278750.4653,85557488537340.84,94717227342099.6,93921518094613.56,91513579568637.66,7.047003224307767e-05,0.0020375663882397,0.0022557071522184,0.0022367571988571,0.0021794117263643,4.450254193100957e-05,0.0012867438930221,0.0014245020036235,0.0014125349153846,0.001376320666392
142,142,0.02,1920,100000.0,17.15,2.43,0.81,1.532541878993534,,0.192,12642.0,3.622298917587807,1920.0,0.0567957295384076,0.0152981056859229,0.0064022037575586,0.0002246018060244,6.82621795132612e-06,849429096174.3407,24334118999035.56,27045749952059.973,26853270082918.19,26182976358342.86,3.3805358529669327,12.245311361068897,2871525514170.656,82262361726603.53,91429127383317.44,90778442284709.28,88512490316763.61,6.934380053585946e-05,0.001986534605048,0.0022079006929066,0.0021921874500791,0.0021374675040038,4.370143160113086e-05,0.0012519418534161,0.0013914498537364,0.0013815471486445,0.0013470618743713
143,143,0.02,1930,100000.0,17.15,2.43,0.81,1.534815263474804,,0.193,12904.0,3.726647990191242,1930.0,0.0621579103967633,0.0156813553124954,0.0064130109629818,-2.076263192653944e-06,-3.509471702881598e-05,873898953699.8463,24806365799422.465,27676709177226.28,27515658137714.69,26847593100553.11,3.104994984034242,11.571223316805098,2713451867790.7954,77023641379325.33,85936043169862.08,85435980500005.1,83361641910609.73,7.17373066158766e-05,0.0020363245222398,0.0022719475334754,0.0022587270487119,0.0022038863989922,4.510748869342698e-05,0.00128041446907,0.0014285711648898,0.0014202582954063,0.0013857752055907
144,144,0.02,1940,100000.0,17.15,2.43,0.81,1.5371326597720596,,0.194,13028.0,3.792879046417256,1940.0,0.0570810664589771,0.0157111740800844,0.0066655981816273,9.778736536960408e-05,2.273914520301677e-05,889430136384.8467,25014409826028.15,28017795511407.64,27891513010787.105,27233495829632.984,3.3986751130416137,12.890763621835337,3022884069320.3867,85015852143145.48,95223384326910.16,94794191134838.5,92557804517296.2,7.341542532776315e-05,0.0020647417504484,0.0023126474919962,0.0023022238700441,0.0022479097544647,4.605701972321398e-05,0.0012953115928865,0.0014508347622612,0.0014442955239513,0.0014102216725595
145,145,0.02,1950,100000.0,17.15,2.43,0.81,1.5394946176312805,,0.195,12765.0,3.7450321769374737,1950.0,0.0596774566201929,0.016580497996192,0.0063593640730013,0.0001822664911693,-2.79906015047044e-06,878210045491.8376,24468970234916.047,27515463390823.73,27427930008728.285,26799858031239.75,3.2675655271477866,12.23713803942012,2869608870244.018,79953963624416.95,89908579639352.56,89622558577542.83,87570292235333.75,7.2873926689631e-05,0.0020304367414419,0.0022832349416489,0.0022759714159099,0.002223853962371,4.56198791462e-05,0.0012710757189342,0.0014293301710504,0.0014247831240963,0.0013921570252999
146,146,0.02,1960,100000.0,17.15,2.43,0.81,1.5419017030307858,,0.196,12920.0,3.816665277692669,1960.0,0.0586249912648781,0.0153138613367416,0.0061626113556572,0.000166907351054,-6.081756779468688e-06,895008007618.9309,24702718539863.336,27890027666189.79,27838686766935.81,27220659714640.004,3.3432840802386985,12.760196262509712,2992266023558.528,82588205632942.44,93244285493789.16,93072638282648.22,91006398277550.8,7.467397841958465e-05,0.002061043315197,0.0023269728386088,0.0023226892688862,0.0022711248824528,4.6636861425612576e-05,0.0012872033004983,0.0014532868358183,0.0014506115766211,0.0014184075720202
147,147,0.02,1970,100000.0,17.15,2.43,0.81,1.5443544985222362,,0.1969999999999999,12873.0,3.8288743515893247,1970.0,0.0572338305150879,0.0160890144533049,0.0058258772822034,6.641732300455257e-05,2.131777231416599e-05,897871035447.6965,24546708349770.324,27827021535654.168,27813504311788.184,27215629195698.688,3.4420201867856304,13.179062810836198,3090490229141.088,84490265659048.84,95781169863840.12,95734643306424.12,93676745087667.23,7.532056582538853e-05,0.0020591731875319,0.0023343519554071,0.0023332180231275,0.0022830635017554,4.692934683822712e-05,0.0012829915927834,0.001454444896388,0.0014537383868091,0.0014224890340834
148,148,0.02,1980,100000.0,17.15,2.43,0.81,1.5468536035854068,,0.198,13016.0,3.897174472066091,1980.0,0.0576450567568826,0.0158152725574473,0.0058692865709201,9.541520497167876e-05,6.066118239996176e-06,913887413699.4984,24745352883788.15,28168466232620.977,28193373430082.16,27607356988148.62,3.434813167676502,13.38606619338533,3139032522348.86,84995663924037.25,96753418729057.44,96838970298867.05,94826113307638.78,7.707939741195874e-05,0.0020870808159043,0.0023757941850192,0.0023778949161845,0.002328468921756,4.791021828044552e-05,0.0012972662062274,0.0014767216897835,0.0014780274406334,0.0014473057398767
149,149,0.02,1990,100000.0,17.15,2.43,0.81,1.5493996349971195,,0.199,13355.0,4.02357083677581,1990.0,0.0592258206509086,0.0156680643436377,0.006649380113816,1.3542868143277837e-05,-2.9094587606833487e-06,943527361223.9274,25300931916438.57,28922085473590.38,28987720058331.5,28405192583496.0,3.360020980932528,13.519282429834966,3170271729796.3,85011662076379.02,97178814003587.56,97399347585392.52,95442043047975.58,7.998723198446692e-05,0.0021448784569407,0.0024518605981386,0.0024574247491867,0.0024080411677646,4.9610768470020265e-05,0.0013303256767816,0.0015207263139027,0.0015241773873119,0.0014935480310588
150,150,0.02,2000,100000.0,17.15,2.43,0.81,1.551993227214839,,0.2,12997.0,3.937269840501702,2000.0,0.0671984335072011,0.0176038256673321,0.006227662985858,0.0001532491903593,-1.7636441005535948e-05,923289777597.6492,24516570750319.0,28145207227693.4,28248497372888.47,27700233442829.69,2.9762598555004653,11.718338166557936,2747950300057.836,72967685318711.34,83767450396525.4,84074868709138.3,82443092783885.45,7.86915488401147e-05,0.0020895356706002,0.0023988026326208,0.0024076060025947,0.0023608777284642,4.868824400803917e-05,0.001292843057396,0.0014841935331768,0.0014896403776182,0.0014607285357943
151,151,0.02,2010,100000.0,17.15,2.43,0.81,1.5546350327754337,,0.201,13056.0,3.9725998722014055,2010.0,0.0591807774931112,0.0154574865580346,0.0063358811364703,9.624906098816948e-05,-2.3183741259410123e-06,931574670031.2296,24492709815640.605,28239823505276.77,28382657569586.33,27852235073979.43,3.396373087923639,13.492431295033745,3163975138685.4126,83186380468164.9,95912976561035.42,96398094333095.16,94596581643786.6,7.98186548121477e-05,0.0020985705312524,0.0024196286103915,0.0024318668380305,0.0023864194772945,4.9264641770911575e-05,0.0012952526661399,0.0014934119973599,0.0015009655185507,0.0014729150840831
152,152,0.02,2020,100000.0,17.15,2.43,0.81,1.5573257227094102,,0.2019999999999999,13083.0,3.99216887953382,2020.0,0.0593196263548634,0.0174217397036991,0.006335954141747,7.993579926426098e-05,-2.2552847891655816e-05,936163602250.6808,24368305773769.42,28220217570774.684,28402515932290.125,27892400435637.57,3.405281058103608,13.59445706622722,3187900182030.283,82980930069493.78,96097772349321.64,96718549506713.48,94981462868517.44,8.06381732129309e-05,0.0020990088240631,0.0024308003292456,0.0024465029338085,0.00240256319755,4.96456788894612e-05,0.0012922752824573,0.0014965459630572,0.0015062134249155,0.0014791614971515
153,153,0.02,2030,100000.0,17.15,2.43,0.81,1.5600659869712787,,0.203,12931.0,3.94852405710137,2030.0,0.0589816083838741,0.0163173457084081,0.0063600226795562,0.0001775717314704,-4.122840135958881e-05,925928891390.2712,23859520689900.324,27754799048532.44,27973359270947.47,27491489951392.73,3.441750836613355,13.589835976916598,3186816536586.9424,82118525295658.1,95525102845322.08,96277332673669.4,94618858539953.58,8.015744519253591e-05,0.0020655130645607,0.0024027263910321,0.0024216470978082,0.002379931784752,4.923765594753985e-05,0.0012687657569887,0.0014759030192835,0.0014875252865387,0.0014619011635758
154,154,0.02,2040,100000.0,17.15,2.43,0.81,1.5578150440698002,,0.204,12470.0,3.8139969186704734,2040.0,0.0636866784798257,0.016813046228001,0.0060082742515638,6.917421656807277e-05,-7.85135604133509e-06,894382277428.2263,22812503123341.688,26657753617392.258,26905699519596.51,26462144536397.8,3.2031816522606325,12.21692495166385,2864868901165.1733,73072591446826.45,85389627277715.38,86183843042409.25,84763055858458.34,7.783418258334149e-05,0.0019852724926425,0.0023199078455401,0.0023414854942816,0.0023028848417203,4.768817995543681e-05,0.0012163554462506,0.0014213829855499,0.0014346033825792,0.0014109531712627
155,155,0.02,2050,100000.0,17.15,2.43,0.81,1.5606069692808129,,0.205,12669.0,3.927755546462637,2050.0,0.0609992189251897,0.0161442143495863,0.0063585899331758,8.160369040870537e-05,5.993921675430474e-05,921058675645.4884,23251821865615.496,27296914575608.18,27590186519434.53,27155951838781.68,3.360698769789406,13.2000032330305,3095400758145.6523,78142369139136.42,91736707233292.94,92722305894123.9,91262973937053.95,8.057283464589007e-05,0.0020340345820867,0.0023878932391599,0.002413548229945,0.0023755620298831,4.9238676127739136e-05,0.0012430141059347,0.001459259840458,0.0014749378017446,0.0014517241440597
156,156,0.02,2060,100000.0,17.15,2.43,0.81,1.5634497295942005,,0.206,12876.0,4.042228549063432,2060.0,0.0593551395691065,0.017195460527475,0.0060420896211047,0.0001001887861036,-2.477825824588345e-06,947902594755.3748,23689362958988.367,27931978430972.32,28272833807693.8,27849150776017.92,3.470634581865593,14.029098190183928,3289823525598.131,82217122307830.88,96941690282456.4,98124674740320.77,96654225758836.8,8.335062203067234e-05,0.002083044343445,0.0024561044453831,0.002486076414897,0.0024488212745172,5.080245006352967e-05,0.0012696216735976,0.0014970029064866,0.0015152709103412,0.001492563792354
157,157,0.02,2070,100000.0,17.15,2.43,0.81,1.566344075009539,,0.207,13092.0,4.155252617516495,2070.0,0.0591995597583263,0.0164037835264629,0.0058522298370987,0.000150475571934,1.1954364598984727e-05,974406738807.618,24105935990134.58,28547997424132.64,28938511012038.77,28526837605427.973,3.4966476244932827,14.529454194208547,3407157008541.904,84289963816091.19,99822287377133.72,101187775786618.06,99748298947325.36,8.610356596265716e-05,0.0021301238660952,0.0025226471466305,0.0025571549257092,0.0025207773567644,5.2352557370764535e-05,0.0012951546275673,0.0015338160271718,0.0015547973937825,0.0015326791604214
158,158,0.02,2080,100000.0,17.15,2.43,0.81,1.5692907762790194,,0.208,13223.0,4.233436593251101,2080.0,0.0671296701666506,0.0164186962680151,0.0063223721527901,4.324326993388843e-05,-6.874297415284247e-06,992740881117.3832,24309079826822.355,28917061317293.9,29355805331359.227,28960691027321.34,3.0984808875663514,13.117222372912543,3075988646447.992,75321219237733.83,89598961816219.4,90958401758334.95,89734147638869.5,8.817391715321137e-05,0.0021590999539663,0.002568374706233,0.0026073433626906,0.0025722498387178,5.346889221656962e-05,0.0013092838160158,0.0015574690880605,0.0015810997824793,0.0015598189784572
159,159,0.02,2090,100000.0,17.15,2.43,0.81,1.5722906254273268,,0.209,13126.0,4.221284885640417,2090.0,0.0623846897642579,0.0162969142361198,0.0063976411846411,7.51340055218472e-05,-1.602318848042517e-05,989891305682.6776,23989595416639.09,28666453325635.76,29144703254220.56,28774291270711.684,3.3501809625050414,14.142068261182793,3316315007247.365,80369485863022.48,96037806194084.23,97640030000148.44,96399082824713.28,8.83700355728767e-05,0.0021416102840556,0.0025591249115857,0.0026018194609358,0.0025687518706141,5.344321740187114e-05,0.0012951736780334,0.001547672444871,0.0015734926685249,0.0015534945050405
160,160,0.02,2100,100000.0,17.15,2.43,0.81,1.5753444362910587,,0.21,13019.0,4.187526768123561,2100.0,0.0617422040008932,0.0164779054886669,0.0066007007068273,0.0001398560470113,-6.3149030977579225e-06,981975027124.9752,23550037373479.5,28270940528368.727,28785805121133.348,28441277109552.44,3.401239126432251,14.24277988672425,3339931883436.836,80099308543620.28,96156229066126.95,97907406663852.6,96735584510711.72,8.810589916255298e-05,0.0021129836918327,0.0025365580250198,0.0025827533015182,0.0025518411607727,5.314091506031134e-05,0.001274442324053,0.0015299204234263,0.0015577830215942,0.0015391384193451
161,161,0.02,2110,100000.0,17.15,2.43,0.81,1.5784530450786916,,0.211,12981.0,4.1519249217661365,2110.0,0.0613170394503868,0.0172206146336773,0.0064431781699358,9.987340026227052e-05,-1.2277289959838266e-05,973626394154.1588,23104213412376.508,27865734204987.125,28416316957071.703,28097444946326.7,3.4411315662219075,14.287319908872876,3350376518630.689,79504638086056.38,95889657588730.72,97784285276746.3,96687004734987.02,8.777940125921597e-05,0.0020830105182855,0.002512295762367,0.0025619347456688,0.0025331861472849,5.281086532152456e-05,0.0012532050386131,0.0015114766249362,0.0015413410079719,0.0015240449415183
162,162,0.02,2120,100000.0,17.15,2.43,0.81,1.5762260242817332,,0.212,13043.0,4.218410602879628,2120.0,0.0604682620978564,0.0147261287027567,0.0068172681474405,0.000191977240824,-1.1471605348887612e-05,989217286375.2728,23224648923765.312,28144464309449.465,28744416084036.41,28443713814582.484,3.505971440967129,14.789627099968904,3468167554942.7085,81424955853209.16,98673688090248.48,100777101877907.88,99722848308968.4,8.963458983217434e-05,0.0021044232737843,0.0025502157606521,0.0026045783683166,0.0025773312458135,5.377788395309863e-05,0.0012625865842379,0.0015300478028459,0.0015626636268469,0.0015463162257513
163,163,0.02,2130,100000.0,17.15,2.43,0.81,1.5793903381641194,,0.213,13002.0,4.263781897174875,2130.0,0.0697274257731805,0.0152322056535485,0.0059440654433669,9.120530056350742e-05,-4.259585568760621e-05,999856854887.508,23222221404902.77,28277881857291.33,28925129792674.75,28644864790536.723,3.0547520955796803,13.024796685489653,3054314822747.324,70938129500642.03,86381918862115.31,88359100849087.42,87502960746488.66,9.104989570268071e-05,0.0021146835435146,0.0025750668020261,0.0026340070960516,0.0026084853435236,5.447772113697704e-05,0.0012652748197838,0.0015407351108666,0.001576000751501,0.0015607303669892
164,164,0.02,2140,100000.0,17.15,2.43,0.81,1.5826110186001665,,0.214,13163.0,4.358249632005625,2140.0,0.0623533580069306,0.0162350651409823,0.0068078449125916,0.000136365016563,-4.851376178063649e-05,1022009538705.3192,23478920189626.95,28731360287327.293,29434696827784.96,29172418260107.047,3.432052528369261,14.957741668789309,3507590421331.093,80580887400189.25,98607537717609.8,101021425669582.05,100121271848245.98,9.35111274086006e-05,0.002148258126876,0.002628842286398,0.0026931956905053,0.0026691979061111,5.580604243323646e-05,0.0012820483241758,0.0015688537637235,0.0016072589129272,0.0015929373940736
165,165,0.02,2150,100000.0,17.15,2.43,0.81,1.5858889725268213,,0.215,13304.0,4.422206816404112,2150.0,0.0625845568647491,0.0155950380829074,0.0062986841684728,0.0001385526844268,8.233784807805093e-06,1037007498446.7642,23561879910569.04,28977410530695.71,29733429442213.78,29491852964395.6,3.4353522781128616,15.19183826102009,3562486072209.2104,80943357827395.02,99547613280437.14,102144804570417.14,101314904267005.98,9.535178596362898e-05,0.0021664909207487,0.0026644434595136,0.0027339586303716,0.002711745918659,5.804655436839224e-05,0.0013188775831408,0.0016220122210732,0.0016643304231274,0.0016508081658874
166,166,0.02,2160,100000.0,17.15,2.43,0.81,1.5892251316496036,,0.216,13210.0,4.374214753742513,2160.0,0.0633326474762725,0.0153579738892561,0.005960856030481,5.269725936706495e-05,-2.433840383899943e-05,1025753359752.6194,23047420472954.77,28490007902324.844,29278972063185.484,29064301877328.52,3.410563249877151,14.918536086184648,3498396712210.3003,78604685269525.8,97166973940378.72,99857786112880.2,99125639866152.14,9.478406162410216e-05,0.0021296816643252,0.0026326003605158,0.0027055040726326,0.0026856676159136,5.75112476523276e-05,0.0012922072289259,0.0015973585506778,0.0016415936612067,0.0016295576779901
167,167,0.02,2170,100000.0,17.15,2.43,0.81,1.5870146840822026,,0.217,13320.0,4.416451125880591,2170.0,0.0627904891380239,0.0173981188827382,0.0064132093443287,6.26844505544271e-05,-1.4419754633641486e-05,1035657789018.9988,23008708592191.54,28591629661256.89,29428635520965.934,29236411596986.6,3.4559374035611943,15.262978636930685,3579168490360.2456,79516656631394.58,98810882375107.38,101703522232675.77,101039208383936.23,9.616753097097758e-05,0.0021365075603184,0.0026549179276333,0.0027326393408162,0.0027147901049406,5.817648517127281e-05,0.0012924788558696,0.0016060908696358,0.0016531083878758,0.0016423105042684
168,168,0.02,2180,100000.0,17.15,2.43,0.81,1.5904092771148983,,0.218,13290.0,4.480725440456268,2180.0,0.0651156802414334,0.0170379173345927,0.0059317528646416,2.8621183419116185e-05,-1.1115345118783869e-05,1050730115786.995,23078508823032.89,28831739124790.453,29721938203646.496,29551792672144.496,3.347887931013051,15.00096662428668,3517726673395.226,77264261154410.03,96525431446002.77,99505718198303.84,98936090026872.48,9.802405191736152e-05,0.0021530257037982,0.002689752440111,0.0027728003316785,0.002756927221959,5.915773531441573e-05,0.0012993558439902,0.0016232716338592,0.0016733912227934,0.0016638117654558
169,169,0.02,2190,100000.0,17.15,2.43,0.81,1.5938638443057251,,0.219,13468.0,4.587620081510133,2190.0,0.0650752380029189,0.0168665133134688,0.0058147468506931,7.975157556895043e-05,-3.024414638424476e-05,1075796909114.1262,23357704722862.65,29339370706797.844,30292797216602.707,30144061954503.65,3.3653353675045627,15.438880112980216,3620417386493.861,78606509807578.03,98736821899914.12,101945421853676.86,101444877815739.84,0.0001008455945152,0.0021895597573592,0.002750283307716,0.0028396578563815,0.0028257153586808,6.070472012516371e-05,0.0013180210093141,0.001655552523265,0.0017093521660668,0.001700959380791
170,170,0.02,2200,100000.0,17.15,2.43,0.81,1.5973793955693123,,0.22,13374.0,4.5630671212762,2200.0,0.0670976877136126,0.0164364989203356,0.0064364315735948,0.0001196220793243,-1.1444074323573836e-05,1070039239939.2688,22970197054993.133,29003116499259.82,29993205888192.12,29870327207637.688,3.2788015130865187,14.96139138155575,3508446278974.823,75314716859806.98,95095462261997.69,98341768848519.8,97938874044791.86,0.0001007902878488,0.0021636335254852,0.0027318927674463,0.0028251523328733,0.0028135780119314,6.0512997938068e-05,0.0012990135643106,0.0016401880075135,0.0016961796711036,0.001689230620017
171,171,0.02,2210,100000.0,17.15,2.43,0.81,1.6009569683792826,,0.221,13300.0,4.491282002269514,2210.0,0.0696879722531775,0.0168043539014333,0.0064298568954017,0.0001063990383494,-1.718730861662783e-07,1053205629532.2012,22358231095589.125,28370435981437.664,29386058086907.85,29289655472998.66,3.1712789575380853,14.24310810616683,3340008850896.122,70904187801215.48,89970566644114.62,93191387656002.77,92885668075060.86,9.96817131056684e-05,0.0021161174182202,0.0026851486365872,0.0027812732190073,0.0027721490960128,5.968793946978221e-05,0.0012670998966058,0.0016078273967672,0.0016653853788513,0.001659921988586
172,172,0.02,2220,100000.0,17.15,2.43,0.81,1.598759473979193,,0.222,13415.0,4.610609960054769,2220.0,0.064122448922717,0.0168567280272241,0.0059674782866428,5.783177668356742e-05,-1.2074736894356644e-05,1081188035632.8434,22695000019206.363,28943107135316.66,30027913877568.777,29954145006933.75,3.46212603744382,15.962512791203428,3743209249537.204,78572950486282.36,100204684817705.84,103960422485651.48,103705025357873.12,0.0001027970141626,0.0021577913938246,0.0027518478710851,0.0028549889440268,0.0028479751597548,6.134330592746995e-05,0.0012876449639837,0.0016421434727161,0.0017036920930014,0.0016995066726581
173,173,0.02,2230,100000.0,17.15,2.43,0.81,1.6023986443879417,,0.223,13392.0,4.66253550982282,2230.0,0.071918388639915,0.0175718254359554,0.0064963348030365,8.972645831712321e-05,5.251628414987297e-06,1093364577053.4512,22690435638109.65,29085933070836.28,30225633161800.133,30176512288383.46,3.1007368799171604,14.457295809230978,3390235867264.664,70357070604473.27,90187825359544.22,93721735463640.8,93569424559863.98,0.0001044503429507,0.0021676427367809,0.002778611771455,0.0028874885979597,0.0028827960258917,6.204331807187652e-05,0.0012875759330694,0.0016504904537829,0.0017151630952186,0.0017123757157504
174,174,0.02,2240,100000.0,17.15,2.43,0.81,1.6061018261539863,,0.224,13615.0,4.749628907999618,2240.0,0.0719618758730575,0.0153210992046381,0.0059029149760364,0.0001357535197967,7.692924578643724e-06,1113787978925.9104,22849260183606.902,29442683427153.984,30647310990761.254,30623061958612.39,3.112759322660533,14.784451662553776,3466953914868.8604,71124247652418.5,91647987322016.31,95397703000968.69,95322221600081.84,0.0001069065305659,0.0021931778565105,0.002826045167756,0.0029416709025332,0.0029393433680781,6.306947337304203e-05,0.0012938645720825,0.0016672244390988,0.001735437804196,0.0017340646759917
175,175,0.02,2250,100000.0,17.15,2.43,0.81,1.609870143718051,,0.225,13604.0,4.68542804588105,2250.0,0.0669051053400835,0.0154538612327884,0.0059066976190272,0.0001433046246141,2.551206829878175e-05,1098732876759.1064,22278969055111.832,28860669961345.93,30092480555888.1,30093582765893.77,3.362972061045395,15.756963612336492,3695007967092.908,74923550481236.02,97057626743058.42,101200171357003.48,101203878058457.95,0.0001059560472046,0.0021484671541259,0.0027831719369345,0.0029019613026333,0.0029020675939966,6.19835541040441e-05,0.0012568384117922,0.0016281363158119,0.0016976272723927,0.0016976894521044
176,176,0.02,2260,100000.0,17.15,2.43,0.81,1.6076841543385003,,0.226,13618.0,4.780196147473025,2260.0,0.0672553951976624,0.0149398251974958,0.007121079444722,0.0001703796648852,6.937648086512918e-06,1120955996582.4243,22462861574161.05,29256651522001.93,30557722047996.32,30584376146819.24,3.3603252101305765,16.063013623722668,3766776694762.965,75482520039326.78,98311863673388.2,102683883762044.95,102773450202272.95,0.0001085836280201,0.0021759096814447,0.0028340036323157,0.0029600344118051,0.0029626163140034,6.306682175651225e-05,0.001263797411636,0.0016460271699833,0.0017192275303951,0.0017207271336843
177,177,0.02,2270,100000.0,17.15,2.43,0.81,1.611516692150145,,0.2269999999999999,13511.0,4.798041354127509,2270.0,0.0669456739078668,0.0163740477866746,0.0060890359882675,4.236133660462563e-05,-1.7945225008479068e-05,1125140697542.901,22278998239131.16,29177411911937.55,30527850245116.8,30580228749056.26,3.390809095631868,16.269242264793398,3815137311094.052,75543829870812.3,98935033697995.44,103514112281229.58,103691717788803.1,0.0001094998840809,0.0021682156995582,0.0028395766228314,0.002971002711377,0.0029761002428433,6.326986692737533e-05,0.0012528115434303,0.0016407289977021,0.00171666799255,0.0017196133850519
178,178,0.02,2280,100000.0,17.15,2.43,0.81,1.6154165370006153,,0.228,13456.0,4.767398528786681,2280.0,0.0672570330120834,0.0166808057412255,0.0062532096597592,3.74782223507021e-05,-2.1360659088392284e-05,1117954955000.4766,21870701950487.39,28803813969108.707,30189854132204.387,30267359366484.668,3.38998004802022,16.1613858935478,3789844992036.958,74141243248349.16,97644354662164.6,102343003160813.66,102605744358640.94,0.0001093043607549,0.0021383357936438,0.0028161979685444,0.0029517134768662,0.0029592912956775,6.290328680105761e-05,0.0012305853927105,0.0016206865607231,0.0016986740337488,0.0017030349733007
179,179,0.02,2290,100000.0,17.15,2.43,0.81,1.6132424043939848,,0.229,13475.0,4.755859234680384,2290.0,0.0661323684780654,0.0164308697546064,0.0065376422701082,8.33181488473902e-05,2.9676353376933786e-05,1115248990532.55,21552397831870.848,28547293168862.23,29974097871963.6,30076815127187.973,3.462752132882612,16.46836170857896,3861830820661.768,74630611561045.34,98852200308502.9,103792871337374.12,104148555731986.14,0.0001095425897356,0.0021169312804216,0.0028039876746876,0.0029441320581855,0.0029542212080016,6.281182009600179e-05,0.0012138503121231,0.0016078090704158,0.0016881679867512,0.001693953114387
180,180,0.02,2300,100000.0,17.15,2.43,0.81,1.617208300284999,,0.23,13691.0,4.923786065999714,2300.0,0.0688033219767021,0.0160918316021456,0.006470006899482,8.108931997594724e-05,1.4283295387747382e-05,1154627832476.9329,22038664466103.07,29363666342761.457,30884746139101.63,31017386751455.227,3.342861847250364,16.459536584053403,3859761328960.523,73672210608088.25,98158679912606.88,103243439530415.8,103686838772848.56,0.0001139099767412,0.0021742276481913,0.0028968767736761,0.0030469391222088,0.0030600248011117,6.511658963759441e-05,0.0012428963080868,0.0016559983725622,0.0017417814501204,0.0017492618728861
181,181,0.02,2310,100000.0,17.15,2.43,0.81,1.621243803737892,,0.231,13578.0,4.906349179008154,2310.0,0.0679710712411179,0.014830211963359,0.0062296087210045,0.0001749683741909,-2.040259980517793e-06,1150538882477.412,21686853677086.785,29072445790325.41,30628174337732.195,30786548563162.605,3.3985046253068414,16.674250378229633,3910111713694.8496,73702872529932.12,98802841487403.31,104089992151487.16,104628227689141.8,0.0001140256367581,0.0021493035459048,0.0028812621579723,0.0030354446379759,0.0030511405194239,6.497649982929983e-05,0.0012247616014619,0.0016418617377492,0.0017297212592608,0.0017386654183748
182,182,0.02,2320,100000.0,17.15,2.43,0.81,1.625350200911189,,0.2319999999999999,13759.0,4.895837781078605,2320.0,0.0740268842232581,0.0163036982584443,0.0062522531226761,1.6562438832896174e-05,-3.532883396088186e-05,1148073959662.9329,21367214120975.152,28823328591667.395,30415673801278.81,30599799450607.887,3.133996553202346,15.343538730938167,3598059832405.0005,66964775406672.62,90332212458104.23,95322616856534.69,95899666006888.16,0.000114299512085,0.0021272690039589,0.002869582022103,0.0030281121228841,0.003046443234485,6.485121106144273e-05,0.0012069690293831,0.0016281422901886,0.001718089034823,0.0017284897335288
183,183,0.02,2330,100000.0,17.15,2.43,0.81,1.6231839407654165,,0.233,13821.0,5.029985865192333,2330.0,0.0696167082060128,0.0167276133721797,0.0063611514397919,3.043086982650581e-05,7.949878307504654e-06,1179531685387.602,21672022413276.406,29421148864908.21,31098169330193.08,31314143683340.773,3.346897691722167,16.834848081607344,3947771875136.9214,72534041789945.88,98469575223775.52,104082391148008.3,104805235212029.5,0.0001179639578091,0.0021674004770446,0.0029423840040853,0.0031101013904537,0.0031317008013031,6.652294742530692e-05,0.0012222535650873,0.0016592869554744,0.0017538671567741,0.0017660476269705
184,184,0.02,2340,100000.0,17.15,2.43,0.81,1.6273595083979884,,0.234,13775.0,5.058625356898561,2340.0,0.0753138596737699,0.0163166579635119,0.0059187791193046,2.4514203632620653e-05,-5.929673898046652e-06,1186247646192.7124,21513156843071.863,29395621200155.19,31123468204544.32,31367628455983.44,3.1069978489164702,15.71713810235814,3685668885002.984,66841332034826.92,91332131836445.56,96700548762339.34,97459154138351.6,0.0001191492284123,0.0021608270809151,0.0029525585116568,0.0031261071277895,0.0031506311010605,6.675187925230501e-05,0.0012105766047533,0.0016541343312225,0.0017513627935706,0.001765102045804
185,185,0.02,2350,100000.0,17.15,2.43,0.81,1.6316084778397386,,0.235,13879.0,5.034924903290074,2350.0,0.0685833474749415,0.015564186964028,0.0062702922295261,4.633497500252068e-05,2.3688631191408267e-05,1180689889821.5225,21134116000478.33,29065758157492.76,30826594534218.824,31096440756469.58,3.4264877503370985,17.252108504990638,4045619444420.305,72415789589842.28,99593464280909.52,105626948556109.36,106551573331126.31,0.000119124467349,0.0021323044545003,0.0029325591660067,0.0031102169043126,0.0031374427557143,6.635959880518665e-05,0.0011878237215243,0.0016336144375652,0.0017325806407389,0.0017477471016377
186,186,0.02,2360,100000.0,17.15,2.43,0.81,1.6294514836276903,,0.236,13685.0,5.047538653607586,2360.0,0.067009822185355,0.0153495117888339,0.006427437882809,0.000202411531506,-7.010908713580142e-06,1183647814270.979,20926822300564.89,28945953871984.56,30752389119628.0,31049808489914.76,3.521871754072164,17.776783811727995,4168655803850.2153,73701584362846.95,101943937336418.2,108305970610653.95,109353443489980.84,0.0001199579398517,0.0021208491753649,0.0029335558699656,0.0031166308084484,0.0031467730640259,6.655427498192148e-05,0.0011766755863503,0.0016275761678287,0.0017291486007426,0.0017458719286754
187,187,0.02,2370,100000.0,17.15,2.43,0.81,1.6337718093863978,,0.237,13694.0,5.104500911393028,2370.0,0.0695227239843916,0.0162460003051878,0.0063621473944963,2.69406666568582e-05,1.6497010161353192e-05,1197005463721.6653,20899807928794.6,29077818393250.54,30946314743191.645,31274268332675.48,3.4089573367868646,17.401025832528504,4080540557727.934,71246553576300.64,99125042349427.48,105494666690318.69,106612646485315.16,0.0001218302616226,0.0021271657857861,0.0029595171698304,0.0031496912384152,0.0031830700932474,6.734283725958465e-05,0.0011758111443613,0.0016359012980877,0.0017410218254602,0.0017594723053241
188,188,0.02,2380,100000.0,17.15,2.43,0.81,1.6381681933555177,,0.238,13789.0,5.072871567077456,2380.0,0.0695947706581137,0.0176225922640237,0.0064671385799366,0.0001426727756117,-3.962877076518055e-05,1189588382479.6636,20508759044016.727,28704053610422.168,30603880767410.902,30955319904221.8,3.419797173686825,17.34819184756774,4068150988254.6353,70135796214552.51,98162041410276.84,104659064952240.4,105860915519029.22,0.0001216089041051,0.0020965636085819,0.0029343498594545,0.0031285648517604,0.0031644916722613,6.698773995707156e-05,0.0011548830149291,0.001616373955301,0.0017233564455725,0.0017431465795837
189,189,0.02,2390,100000.0,17.15,2.43,0.81,1.6360194049840426,,0.239,13901.0,5.202886902468924,2390.0,0.0684609832469504,0.015746666081551,0.006410264966935,7.224128286563158e-05,4.440726399128671e-05,1220076978628.9626,20766139608667.406,29241175519583.973,31233702781496.566,31620320812663.934,3.491039547852915,18.16348393952497,4259336983818.604,72495414630092.78,102082100164576.16,109038091636088.12,110387790472806.4,0.0001252777727412,0.00213227178627,0.0030024903392132,0.0032070834770816,0.0032467815016281,6.879021315890453e-05,0.0011708336401634,0.0016486719545102,0.001761014353779,0.0017828125986775
190,190,0.02,2400,100000.0,17.15,2.43,0.81,1.640489486653004,,0.24,13698.0,5.169995516790524,2400.0,0.0691101123297812,0.0160732728321075,0.0060831420248205,8.169271157198814e-05,-7.684669018944322e-08,1212363948687.378,20368307554664.527,28859025486726.445,30882686685138.863,31292866833160.715,3.4727189973988515,17.953941647625346,4210199316368.144,70733408589946.05,100219286054172.56,107246892742198.3,108671333134589.66,0.0001250346291147,0.0021006429492976,0.0029763154473976,0.0031850215275078,0.0032273246022022,6.842516684561989e-05,0.0011495762838376,0.0016287878207441,0.0017430021664365,0.0017661525125809
191,191,0.02,2410,100000.0,17.15,2.43,0.81,1.6383519134983031,,0.241,14063.0,5.210162838195508,2410.0,0.0704836085369606,0.0154556116853723,0.0065179095207188,0.0001780199165003,-1.716067871987005e-05,1221783185556.8467,20257930834801.43,28884413058358.8,30967866680196.543,31407441919354.527,3.4192346987118687,17.814769562297194,4177563462358.692,69266620034458.14,98762587381066.6,105886404298011.14,107389415208434.69,0.0001265310877386,0.0020979647241529,0.0029913459656104,0.0032071139153911,0.0032526374860304,6.898481644393265e-05,0.0011438114852888,0.001630883414076,0.0017485202152457,0.0017733396902108
192,192,0.02,2420,100000.0,17.15,2.43,0.81,1.642896816147776,,0.242,13630.0,5.178665457303389,2420.0,0.0698371788421354,0.0160560289994713,0.0062302805786703,3.038018573296884e-05,2.8706766554049765e-05,1214397049737.6443,19868463501824.02,28512170700209.84,30626832610153.92,31089800286508.258,3.465202976584043,17.945126957380666,4208132271505.766,68848258866672.01,98800458779239.48,106128191524046.6,107732468494211.84,0.0001263162626254,0.0020666305589282,0.0029657111263296,0.0031856689969767,0.0032338248670903,6.864839937239725e-05,0.0011231402593441,0.0016117585938016,0.0017312978790483,0.0017574688829632
193,193,0.02,2430,100000.0,17.15,2.43,0.81,1.6475219722801833,,0.243,13928.0,5.3091241780600456,2430.0,0.0718378207020578,0.0162484080552379,0.0064432190783219,8.103238437777902e-05,1.8008461239277882e-05,1244989619755.0808,20095254582602.99,29027833303403.16,31240673893626.64,31742010523258.9,3.3826193170283525,17.958746001208183,4211325937283.32,67974596331715.39,98190109663570.44,105675306989564.8,107371137957292.8,0.0001300577205619,0.0020992488320012,0.0030323898066189,0.003263553985472,0.003315926068138,7.050569825320426e-05,0.0011380255171935,0.0016438913412279,0.0017692079450462,0.0017975994180121
194,194,0.02,2440,100000.0,17.15,2.43,0.81,1.645390927128208,,0.244,13823.0,5.225452704881905,2440.0,0.070315433106316,0.0159764117944936,0.0065564391765705,5.683976104647193e-05,-2.738763432542833e-05,1225368659294.8066,19509141776263.785,28370945663041.11,30593111312330.28,31112961681093.785,3.470077466934963,18.13272568574505,4252124173307.214,67698233277052.5,98449379260955.16,106160466208350.4,107964387259174.48,0.000128563542919,0.0020468651348653,0.0029766301453347,0.0032097758902162,0.0032643176843849,6.948779703729701e-05,0.0011063179018313,0.001608850119542,0.0017348639476662,0.0017643434489088
195,195,0.02,2450,100000.0,17.15,2.43,0.81,1.6500934958333653,,0.245,13838.0,5.337480379732904,2450.0,0.0700062814589728,0.0151929550201198,0.0063764058072545,0.0001491458280599,-2.4062641672994024e-05,1251639149047.366,19652206538899.297,28776001987046.44,31090453287561.41,31648664026915.508,3.499685955232207,18.679505121278712,4380343950939.8574,68776551213508.414,100706970001800.48,108806822712281.66,110760384996858.98,0.000131857992782,0.0020703255486446,0.0030315014237056,0.0032753248157031,0.0033341313396893,7.105167201490505e-05,0.0011155948057663,0.0016335243721323,0.0017649085932346,0.0017965964853862
196,196,0.02,2460,100000.0,17.15,2.43,0.81,1.6548793842607046,,0.246,13972.0,5.352054574057113,2460.0,0.0795827587467101,0.0155968101356247,0.0064678060181932,0.0001341255148259,1.5439057433259326e-05,1255056797616.393,19429927507304.816,28657227860124.54,31016375041365.96,31603399687814.72,3.0911217941432483,16.543852537312002,3879533419999.665,60060272376453.32,88582981598160.05,95875392865687.0,97689957544024.0,0.0001327824346864,0.0020556464736104,0.0030318759229528,0.0032814688554032,0.0033435748588322,7.132828266411258e-05,0.001104255491876,0.001628668003758,0.0017627447382209,0.0017961069414233
197,197,0.02,2470,100000.0,17.15,2.43,0.81,1.6527538557416488,,0.247,14009.0,5.410252726927772,2470.0,0.0792891651603895,0.016680612698433,0.0064081860099345,4.525767567821103e-05,2.0845767629265536e-05,1268704264464.5625,19362267515839.703,28769352020692.93,31192946014248.777,31813940395961.047,3.115179728533625,16.85390962116916,3952241806164.168,60316943263788.95,89621702217910.47,97171633096831.52,99106142206274.86,0.000134797047826,0.0020571984925544,0.0030566806062523,0.0033141821569373,0.0033801614491302,7.22069084633567e-05,0.0011019821697764,0.001637376042702,0.0017753122304699,0.0018106554430155
198,198,0.02,2480,100000.0,17.15,2.43,0.81,1.657619925655453,,0.248,14153.0,5.524210828449252,2480.0,0.0718034448814251,0.0157150677459502,0.006493182227588,0.000173449916187,-2.111603224517561e-05,1295427439271.3496,19485285799147.074,29171635166491.48,31685888799164.0,32348130911240.85,3.453873284346492,19.07992419747848,4474242224308.702,67299708059530.16,100755131362247.56,109439044814206.3,111726345152877.72,0.0001382244422214,0.0020791151086221,0.0031126660415995,0.0033809414350672,0.0034516038618326,7.382025935534577e-05,0.0011103739257793,0.0016623529875368,0.0018056283649315,0.0018433663987167
199,199,0.02,2490,100000.0,17.15,2.43,0.81,1.6555039524215385,,0.249,13991.0,5.374307633239929,2490.0,0.0737232519722965,0.0169158184778793,0.0063702170605599,7.54379628432171e-05,-1.4102251383850496e-05,1260275139994.7634,18679451945018.28,28181874480681.92,30666437886867.02,31338112769416.258,3.377496154043344,18.151703361913647,4256574438368.75,63089777103936.68,95184172672235.44,103575776021102.44,105844355353680.05,0.0001350158609148,0.0020011680035086,0.0030191820218086,0.0032853583960288,0.0033573163039843,7.189411851923395e-05,0.0010655948763815,0.0016076735624704,0.0017494088790883,0.0017877254911359
200,200,0.02,2500,100000.0,17.15,2.43,0.81,1.660451553044291,,0.25,14174.0,5.5803050689348215,2500.0,0.072486198212573,0.0156615316916656,0.0065955667079963,0.0001220680024506,-1.6348333488518003e-05,1308581538665.2156,19107727891563.05,29056322446814.07,31676132094174.004,32402005825025.04,3.4489324335489333,19.246095141346824,4513209310645.83,65901262456639.4,100213292886472.95,109248839348977.02,111752328801970.31,0.0001407802479331,0.0020556538438997,0.0031259468036363,0.0034077920236669,0.0034858832092583,7.473765141728342e-05,0.0010913089206444,0.0016595078215097,0.0018091342791806,0.0018505914572519
201,201,0.02,2510,100000.0,17.15,2.43,0.81,1.6654873291803611,,0.251,14080.0,5.512650176591983,2510.0,0.0799983468859864,0.0162319375784798,0.0063681794055474,0.0001295735601322,-8.964243648352516e-07,1292716466410.82,18591848197223.45,28500777578925.64,31128352707065.21,31873534594527.06,3.1375648344049543,17.296297338451268,4055981725866.8223,58333129110203.445,89423037484834.25,97667224806642.1,100005281291977.88,0.0001396557334178,0.0020085287555637,0.0030790177886535,0.0033628819933462,0.00344338605261,7.392950087561449e-05,0.001063254080295,0.001629938440273,0.0017802075230795,0.0018228239253867
202,202,0.02,2520,100000.0,17.15,2.43,0.81,1.6633752724132642,,0.252,14110.0,5.567892912539671,2520.0,0.0793032194101215,0.0159250090873009,0.0067340682519585,1.632763907476514e-05,5.725863674581857e-06,1305670887990.5527,18516606479285.69,28581079513047.81,31276576133751.207,32055949269345.688,3.1776767938860884,17.692964099020138,4149000081220.2217,58839790710746.93,90821433112825.14,99386850172432.69,101863446099189.5,0.0001416435666174,0.002008743709844,0.0031005715737716,0.0033929881074275,0.0034775371248459,7.476185199551961e-05,0.0010602486474935,0.0016365337207718,0.0017908760755451,0.0018355024661222
203,203,0.02,2530,100000.0,17.15,2.43,0.81,1.6684956345265751,,0.253,14308.0,5.698813408025696,2530.0,0.0746011820156127,0.0162981224941297,0.006454128695988,4.62375827353002e-05,2.3463332394856525e-05,1336371744182.026,18688794637234.37,29042985677432.76,31845259828746.035,32669482043962.6,3.391367176287522,19.326768735765576,4532127268537.028,63380564697094.93,98495428327834.1,107998968903556.9,110794209070209.34,0.0001455493927328,0.0020354685903828,0.0031631834082853,0.0034683898770469,0.0035581590924048,7.660002775302365e-05,0.0010712305121049,0.0016647265393086,0.0018253512148128,0.0018725951383955
204,204,0.02,2540,100000.0,17.15,2.43,0.81,1.6663921477695516,,0.254,14230.0,5.606603152963308,2540.0,0.0742845284612485,0.0149629377185905,0.0059850387431056,8.887405923566815e-05,-1.808245244895216e-05,1314748439369.8955,18127455818527.76,28366318409883.6,31165944922055.258,32002924870036.38,3.4192853513568746,19.170576031798703,4495500079456.796,61982944137660.91,96992537010839.8,106565258933178.72,109427132208689.98,0.0001437870528502,0.0019825035495526,0.0031022735621761,0.0034084538421539,0.0034999898930145,7.543756071274281e-05,0.0010401161225436,0.001627600994353,0.0017882378041493,0.0018362619917052
205,205,0.02,2550,100000.0,17.15,2.43,0.81,1.6715985960079354,,0.255,14410.0,5.796109241243399,2550.0,0.0752826892257871,0.0167631875130394,0.0059361593977786,3.7830414668797016e-05,-7.324846401605415e-06,1359187617071.5771,18472478012677.42,29111392775741.688,32049786076296.816,32942032523178.44,3.387232876806596,19.63277177950217,4603884982293.259,62570584840627.93,98607066699622.28,108560089092250.84,111582335591342.14,0.0001492601197659,0.0020285678341348,0.0031968875508313,0.0035195692251282,0.0036175518802448,7.806487950557562e-05,0.0010609659417998,0.0016720115315456,0.0018407780182813,0.0018920241527297
206,206,0.02,2560,100000.0,17.15,2.43,0.81,1.676898522415793,,0.256,14256.0,5.638179379472561,2560.0,0.0826338766300978,0.0163539708347568,0.0063484566292346,1.949656233135221e-05,-6.1408931626209085e-06,1322153064486.3157,17708746819900.7,28110279739758.023,31011544289941.12,31905720303262.53,3.0980030278133763,17.467096788960937,4096034197011.341,54861751266832.87,87085731746451.38,96073858107406.2,98844018104074.05,0.0001457679527872,0.0019523970708849,0.00309917061799,0.0034190363017251,0.0035176195977098,7.60255688024378e-05,0.0010182766170756,0.00161637866584,0.0017832052561938,0.0018346215723891
207,207,0.02,2570,100000.0,17.15,2.43,0.81,1.67479739021763,,0.257,14101.0,5.698950256703276,2570.0,0.0752694485427127,0.0171218486376795,0.0063575067037431,8.244547030734308e-05,-6.591494852449187e-05,1336403835196.9185,17636411921116.51,28203125895631.69,31179059690414.6,32109397489903.41,3.414399932187114,19.458495370025407,4563017164270.958,60217763667484.24,96296751145509.5,106457779292609.58,109634324612095.3,0.0001479366609751,0.0019523079943933,0.0031220175849372,0.0034514462331411,0.0035544323695248,7.695075920981852e-05,0.0010155128646926,0.001623949208017,0.0017953048707557,0.0018488741573042
208,208,0.02,2580,100000.0,17.15,2.43,0.81,1.680186770372758,,0.258,14244.0,5.735607796452016,2580.0,0.0826585972299653,0.0163330432368826,0.0059050890418686,0.0001429867196574,-9.694254192054425e-06,1345000028267.9978,17484954261311.973,28173046775670.465,31211800003090.004,32176066009395.543,3.1212724223012813,17.9023944402019,4198111496227.345,54575305541032.33,87935753953104.25,97420530600027.88,100430267493271.95,0.0001494953689631,0.0019434346718674,0.00313140515541,0.0034691594493679,0.0035763366236145,7.754306829947178e-05,0.0010080572297414,0.0016242560925022,0.0017994488390499,0.0018550415105848
209,209,0.02,2590,100000.0,17.15,2.43,0.81,1.6780932551811467,,0.259,14383.0,5.826721500343671,2590.0,0.0753613146753195,0.0156194206364723,0.0065920330193422,0.0001024463775659,2.1587146350544505e-05,1366366191830.5908,17493604623614.82,28405742525719.41,31537139320499.062,32545456738755.387,3.436776562562026,20.025139888957373,4695895303960.503,60121610365166.1,97624190154563.92,108386101266944.48,111851462937630.86,0.0001524815199591,0.0019522229388584,0.0031699780203765,0.0035194305651759,0.0036319551383512,7.8852626186979e-05,0.001009551227406,0.0016392877768318,0.0018199998453667,0.0018781895729338
210,210,0.02,2600,100000.0,17.15,2.43,0.81,1.6835737534763071,,0.26,14253.0,5.8135788375967605,2600.0,0.0841293914500056,0.0157598370787385,0.0069273420064652,0.0001202212515533,-2.3569046693749552e-05,1363284237416.4404,17185644286618.746,28127304933223.523,31295909593983.383,32330621301952.44,3.090477602640291,17.966735188776365,4213199401768.0576,53111848754738.31,86926805918761.06,96719307654461.05,99917061013129.12,0.0001527306677947,0.0019253321180861,0.0031511418879596,0.0035061251647651,0.0036220453857989,7.874929887974263e-05,0.000992718467084,0.0016247569524208,0.0018077895061711,0.0018675590093377
211,211,0.02,2610,100000.0,17.15,2.43,0.81,1.6814874915512652,,0.261,14289.0,5.795559049977588,2610.0,0.0780127349103168,0.0156854867761496,0.0065174509663836,-1.6956374376063938e-05,1.778610249113782e-05,1359058597219.7444,16864705824785.275,27826419858539.48,31029336875682.184,32089421161388.72,3.3456076152187824,19.389666492055152,4546876792386.933,56422688235826.18,93096282183004.84,103811985746471.3,107358611805504.84,0.0001528656008202,0.0018969258528194,0.0031298888797394,0.0034901498980683,0.0036093871565545,7.857692269380283e-05,0.0009750695728343,0.0016088448625708,0.001794028461987,0.001855319535924
212,212,0.02,2620,100000.0,17.15,2.43,0.81,1.6870608307458617,,0.262,14340.0,5.905883875005211,2620.0,0.0761824100163721,0.0165833142521114,0.00650937601573,0.000206393353225,2.805237541564317e-07,1384929768688.722,16912978831360.322,28144240264421.168,31447218620555.85,32556606594507.934,3.439114093971224,20.311008471887803,4762931486657.69,58165663869968.24,96791253357483.23,108150572774147.94,111965884591048.72,0.0001564014741564,0.0019099992515191,0.003178356596766,0.0035513651750244,0.0036766494446389,8.015150088771404e-05,0.0009788226583497,0.0016288212944354,0.0018199780437733,0.0018841828238202
213,213,0.02,2630,100000.0,17.15,2.43,0.81,1.684981463897114,,0.263,14229.0,5.776447218242329,2630.0,0.0754175125171059,0.0162727461697457,0.0059990699541022,-1.884030445633813e-05,4.418650130088896e-06,1354576872677.8262,16275517422943.885,27324749994916.55,30588995136928.188,31702554669927.297,3.4872537057006125,20.14393696759956,4723753218902.097,56756858445355.945,95288335677115.56,106671586644910.84,110554851252880.22,0.0001535803922496,0.0018452997392018,0.0030980492189019,0.0034681456375112,0.0035943997566541,7.848797528611147e-05,0.0009430490325258,0.0015832724930999,0.0017724119928225,0.0018369347488716
214,214,0.02,2640,100000.0,17.15,2.43,0.81,1.690649426807136,,0.264,14354.0,5.957736896512671,2640.0,0.0766629315212412,0.0159032287540901,0.0063635346134871,0.0001114567959989,3.534234622511344e-05,1397089302232.2212,16511152915087.666,27973291941524.387,31374696090576.17,32552583420537.77,3.443646032852952,20.51633702845752,4811081033173.288,56858566233870.09,96330115820267.9,108043347724279.66,112099574755249.69,0.0001590026862849,0.0018791337554198,0.0031836394107584,0.003570753102042,0.0037048084192688,8.10517666782051e-05,0.000957890173179,0.0016228631398459,0.0018201947027079,0.0018885295248905
215,215,0.02,2650,100000.0,17.15,2.43,0.81,1.6885766020884576,,0.265,14250.0,5.792323095182231,2650.0,0.0793477806155351,0.0164557161130581,0.0069982221337192,2.345339244854221e-05,1.1671265934677192e-05,1358299765820.2332,15785208083357.662,26993404118696.31,30334119069142.18,31507866719700.58,3.3397279412767444,19.34478328588269,4536351680539.491,52718300494857.11,90150625965384.8,101307705029229.84,105227702853807.69,0.0001552024464287,0.0018036540781144,0.0030843282624958,0.0034660460144804,0.0036001611129592,7.886362540614706e-05,0.000916497792733,0.0015672517690291,0.0017612155015352,0.0018293639304493
216,216,0.02,2660,100000.0,17.15,2.43,0.81,1.6943410333662732,,0.266,14552.0,6.080930466389809,2660.0,0.0772421809983825,0.0166377859698869,0.0064353720679616,5.0005180443494605e-05,-1.0845051244845754e-05,1425978194368.4102,16290869600421.443,28125025115604.1,31667624791508.56,32929842438299.8,3.443714257700337,20.940986947190947,4910661439116.276,56101099913308.32,96854549988785.92,109054251002022.7,113400967908598.62,0.000163574698898,0.0018687341084175,0.0032262362306473,0.0036326096784257,0.0037773993199034,8.282336713897289e-05,0.0009462028797196,0.0016335518243841,0.0018393123575694,0.0019126242188463
217,217,0.02,2670,100000.0,17.15,2.43,0.81,1.7002108839550167,,0.267,14118.0,5.788954390357459,2670.0,0.0776135629380405,0.0168432330279684,0.0064886754807263,0.0001212913621377,2.821434450882205e-05,1357509804538.824,15241298216287.95,26571496953366.86,29978560380361.99,31207887600181.668,3.440120384798569,19.914700004937867,4669997151157.929,52431900684646.24,91409148323890.4,103129856671398.0,107358890299887.44,0.0001563292990747,0.0017551707244947,0.0030599436410679,0.0034522972253031,0.003593865162393,7.888004535432276e-05,0.0008856173933623,0.0015439747674793,0.0017419470522819,0.0018133788655406
218,218,0.02,2680,100000.0,17.15,2.43,0.81,1.6981372107867072,,0.268,14524.0,6.108145246995777,2680.0,0.0794271949348512,0.0162208539211402,0.0063994793958774,0.0001411013687944,-3.920685827373094e-05,1432360060420.5098,15799564894134.377,27822290912133.94,31458430878101.43,32780033055108.37,3.374159193457885,20.609854440126885,4833010866209.755,53310247140177.96,93876838664236.5,106145753759105.31,110605049894747.28,0.0001655667565853,0.0018262745431574,0.0032159836024354,0.0036362856740241,0.0037890499069774,8.32796528030344e-05,0.0009186113988938,0.0016176314820362,0.0018290423432271,0.0019058823595653
219,219,0.02,2690,100000.0,17.15,2.43,0.81,1.7041076151063972,,0.269,14467.0,5.99694673838246,2690.0,0.0786724964191307,0.0158592479701855,0.0064440433316625,1.005651930600559e-05,-1.3227730202419711e-05,1406284010150.687,15263152885963.352,27105385839163.28,30715797842289.21,32037386849227.84,3.4192381358650694,20.50498898662895,4808419917364.489,52188354421224.88,92679768948604.12,105024627355877.3,109543454888341.88,0.0001631894653342,0.0017711825924183,0.0031453912515846,0.0035643544198875,0.003717715619956,8.181920851252273e-05,0.0008880276526797,0.0015770222798375,0.0017870801702548,0.0018639717268295
220,220,0.02,2700,100000.0,17.15,2.43,0.81,1.702039589771001,,0.27,14272.0,6.040881681478587,2700.0,0.0797366381038955,0.0156424385174799,0.0066055705939843,1.74999414350889e-05,3.030984188603036e-05,1416586754306.7285,15133936316249.451,27092022852821.8,30769649800865.44,32125143765973.6,3.3861472770923005,20.455315056975472,4796771380860.749,51245737248956.36,91737579414004.88,104190565890284.14,108780468089350.2,0.000165020635754,0.0017629783596207,0.0031559964975266,0.0035844096075512,0.0037423134388576,8.247237529803677e-05,0.000881083824775,0.0015772726022659,0.0017913806538506,0.0018702962632651
221,221,0.02,2710,100000.0,17.15,2.43,0.81,1.7081125894856282,,0.271,14425.0,6.033738992370011,2710.0,0.0800755863933773,0.0154049286701345,0.0062647804349516,0.0001549791017667,-4.617642761601693e-05,1414911793710.7676,14875289309577.05,26848297096290.27,30562291726082.773,31940377033603.79,3.384302409834281,20.41999741218889,4788489393158.297,50342477457383.73,90862756562921.88,103432037538640.23,108095894965840.84,0.0001654605552341,0.0017395244278627,0.0031396544748507,0.0035739710282313,0.0037351250741273,8.242332659793361e-05,0.0008665351680944,0.0015640027668171,0.0017803553293691,0.0018606333904373
222,222,0.02,2720,100000.0,17.15,2.43,0.81,1.7060498731520604,,0.272,14645.0,6.239533121225287,2720.0,0.086172011423514,0.0167779520566923,0.0065509153447138,5.301791847621823e-06,-4.1467943913625804e-06,1463170516927.3298,15133680062178.707,27545105553200.977,31427879045750.605,32878415490632.523,3.1564773237471218,19.69494480791672,4618464557456.471,47769117941111.02,86945501058899.8,99201387541379.12,103779972936917.64,0.0001717353365059,0.001776271191897,0.0032330257591602,0.0036887548793174,0.0038590073287715,8.528921021528671e-05,0.0008821525620025,0.0016056230430768,0.0018319525657082,0.0019165053272224
223,223,0.02,2730,100000.0,17.15,2.43,0.81,1.7122275800092472,,0.273,14446.0,6.0835190971823,2730.0,0.0806985137069205,0.0165148230044193,0.0058537256973332,-1.0844285469773e-05,3.801046807573149e-05,1426585228289.2493,14512536691647.182,26642925582538.31,30469665744796.77,31911079583776.21,3.3829619339889807,20.58031353046273,4826083522893.511,49095359193460.8,90132003055828.28,103077719356015.48,107953967504407.86,0.0001680817979036,0.001709882600004,0.0031390979974579,0.0035899686176127,0.003759797538293,8.3202217910256e-05,0.0008464094652774,0.0015538857799217,0.0017770713720282,0.0018611384336741
224,224,0.02,2740,100000.0,17.15,2.43,0.81,1.7101698377971126,,0.274,14352.0,6.151180112886232,2740.0,0.089873223496852,0.0152995623648803,0.0065870102990404,0.0001180189596961,4.17195521193514e-06,1442451736471.8215,14428506609323.29,26723435944810.6,30634245762701.0,32119139739852.668,3.048738982969688,18.75334260142414,4397658840033.961,43988750565879.695,81472780923837.45,93395819270620.52,97922873424339.7,0.0001705990680518,0.0017064624893105,0.0031605863489603,0.0036231186426867,0.0037987373634056,8.414526183450517e-05,0.000841685330486,0.0015589086676784,0.0017870453240328,0.0018736664492633
225,225,0.02,2750,100000.0,17.15,2.43,0.81,1.7164544359148088,,0.275,14646.0,6.198024588631212,2750.0,0.0913384901100471,0.0162677410729311,0.0059260605382753,0.0001228863968809,-1.6192382086859453e-05,1453436766034.0193,14291079346629.092,26709492688705.883,30691910070845.508,32215770039819.902,3.0107789133438976,18.66088173583784,4375976767053.973,43027280345755.35,80416377373268.67,92406555651548.86,96994561113025.86,0.0001725256357399,0.0016963775840173,0.0031704662453143,0.0036431865635915,0.0038240715639367,8.469318963907065e-05,0.0008327552471056,0.0015563884045816,0.0017884477816729,0.0018772446006001
226,226,0.02,2760,100000.0,17.15,2.43,0.81,1.714401336629182,,0.276,14582.0,6.289420383984665,2760.0,0.0900304189863163,0.0158026310273681,0.0064920838260921,-1.3789661018482682e-05,1.743834358674238e-05,1474869080044.4038,14250860237668.55,26882686787710.76,30966270152786.668,32540666475281.645,3.065630518080217,19.281039070179187,4521403661957.019,43687872053492.6,82412385024397.94,94931142811499.34,99757660225293.22,0.0001757323957322,0.0016980068568088,0.003203103934338,0.0036896677233731,0.0038772589077891,8.575518240114915e-05,0.0008286058305715,0.0015630741332265,0.0018005110969954,0.0018920532180108
227,227,0.02,2770,100000.0,17.15,2.43,0.81,1.7207950848981397,,0.2769999999999999,14661.0,6.22491025381284,2770.0,0.0805091447159611,0.0152709751834265,0.0066272539755117,0.0001261910780925,1.8177875612393395e-05,1459741454519.1108,13856309488638.77,26388553442103.902,30472257902187.97,32058283470867.82,3.440602939917756,21.41744451999264,5022390739938.272,47674059163020.84,90792534553079.5,104842940124199.95,110299824358584.6,0.0001745860156709,0.0016572235158741,0.0031560879431867,0.0036445016199078,0.0038341912967549,8.491657821673332e-05,0.0008060539658201,0.0015350839393206,0.0017726425892618,0.0018649054100782
228,228,0.02,2780,100000.0,17.15,2.43,0.81,1.7187463007699086,,0.278,14579.0,6.329575852838439,2780.0,0.08305065891318,0.0163579845532675,0.0065179966332034,2.034130319448366e-05,2.1738450653825293e-05,1484285537490.6138,13836732405550.207,26610178662035.01,30805258906245.65,32446196667901.348,3.347354538037044,21.187334454848443,4968429929661.959,46316449009322.71,89073702302339.4,103116123195227.44,108608923658341.98,0.0001781888199922,0.0016611029061578,0.0031945580656858,0.0036981784133936,0.0038951733689091,8.640417835715863e-05,0.0008054727102378,0.0015490487275901,0.0017932554199602,0.0018887787377113
229,229,0.02,2790,100000.0,17.15,2.43,0.81,1.725251535377289,,0.279,14714.0,6.255745909836964,2790.0,0.0807332510094056,0.0153312901148011,0.0068211824463597,9.82596086817175e-05,-1.4291004065902763e-05,1466972415856.768,13425725806756.863,26080308662999.52,30268670513402.6,31918383232935.89,3.455825158923623,21.61876410304813,5069600182164.787,46396961019800.53,90128986830087.48,104603233087386.3,110304351808545.8,0.0001767438663203,0.0016175591726157,0.003142209449954,0.0036468319356854,0.0038455927311963,8.545354233185771e-05,0.0007820704848724,0.0015192206317389,0.0017631995592333,0.0018592980231105
230,230,0.02,2800,100000.0,17.15,2.43,0.81,1.7232067418091286,,0.28,14579.0,6.371192199299431,2800.0,0.0826862610124408,0.0147024905704694,0.0066268291636632,7.256977231146018e-05,-1.5142398165457142e-06,1494044570735.7163,13419272547245.012,26348377284805.58,30646723281529.016,32355311002345.34,3.3862941263950948,21.574730722621908,5059274354454.837,45441603807230.73,89223355239579.06,103778819041497.5,109564599604928.6,0.0001806708640327,0.0016227571876305,0.0031862396766133,0.003706027305678,0.0039126423062222,8.708583415339918e-05,0.0007821912186549,0.0015358112196785,0.0017863559851672,0.0018859472489126
231,231,0.02,2810,100000.0,17.15,2.43,0.81,1.7211740830578872,,0.281,14638.0,6.258711642731641,2810.0,0.0834956149169556,0.0147379404691113,0.0059721494872785,4.3106368378377766e-05,2.606500813083918e-05,1467667880220.57,12932631857616.56,25678376694475.06,29928317774739.684,31634669690416.41,3.3654462007313946,21.063357319504547,4939357291423.817,43524076750673.445,86419195287370.67,100722143349279.52,106464778921004.56,0.0001781414924308,0.0015697273008581,0.003116770768921,0.0036326169334277,0.003839729237899,8.55997643852727e-05,0.0007542784405195,0.0014976569457342,0.0017455290699557,0.0018450497611888
232,232,0.02,2820,100000.0,17.15,2.43,0.81,1.727784754206512,,0.282,14524.0,6.386221652097471,2820.0,0.0817118313570972,0.0161980638440543,0.0063574571532333,7.225366762623111e-05,-1.5059824953431358e-05,1497568977416.857,12941293798780.889,25992522682191.137,30357089009333.035,32126702323789.16,3.4511526093155696,22.03982551830377,5168339084042.235,44662379861582.055,89704162477338.08,104766946945784.7,110874152553449.52,0.0001824447415361,0.0015766025057049,0.0031665981027488,0.0036983213071425,0.0039139084678299,8.739467762722602e-05,0.0007552241109952,0.0015168637804228,0.001771569822612,0.0018748403814136
233,233,0.02,2830,100000.0,17.15,2.43,0.81,1.725755650598546,,0.283,14718.0,6.365278277117588,2830.0,0.0843108821190981,0.0175855309471696,0.0069255323810799,0.0001436526788659,1.0804990661556864e-05,1492657755984.0745,12644871766906.977,25698961779739.168,30077163047752.94,31869377067950.9,3.3566248257281,21.365851087640685,5010292080051.741,42444090490948.31,86261773105310.1,100957752173559.36,106973542246773.8,0.000182491266296,0.0015459529497919,0.0031419366287252,0.003677212374485,0.0038963271747185,8.715537158912991e-05,0.0007383263129967,0.0015005466285815,0.0017561871174183,0.0018608333956903
234,234,0.02,2840,100000.0,17.15,2.43,0.81,1.732482517830678,,0.284,14721.0,6.50625247747451,2840.0,0.091017598892904,0.015681894740228,0.0059913582079031,0.0001029055333477,1.188722753439132e-06,1525716205967.7725,12665315907239.885,26055193180285.227,30561431332659.715,32419867483562.625,3.120275676950881,20.30130135356513,4760655167411.022,39519277166259.695,81299385538700.47,95360090840102.69,101158923958931.23,0.0001872198649579,0.0015541545174185,0.0031972195940414,0.0037501778015089,0.0039782255628449,8.913247373828809e-05,0.0007399088592449,0.001522146656635,0.0017854014822729,0.0018939714841951
235,235,0.02,2850,100000.0,17.15,2.43,0.81,1.730456653737963,,0.285,14779.0,6.467515960098045,2850.0,0.0834796859367088,0.0171168036918932,0.0060169150990491,-1.967290426213446e-05,-1.3482528267262253e-05,1516632492642.9917,12331849006783.62,25688402030958.15,30203160898326.2,32072440316008.87,3.4140042191351347,22.08012677509855,5177789728760.61,42100984538896.7,87700312916530.69,103113718738102.95,109495446556814.08,0.0001867812828998,0.0015187321840904,0.0031636620672869,0.0037196784109437,0.0039498900208272,8.864633946524547e-05,0.0007207898278537,0.0015014730449218,0.0017653582307541,0.0018746165900594
236,236,0.02,2860,100000.0,17.15,2.43,0.81,1.7373023006418744,,0.286,14530.0,6.443514236596121,2860.0,0.0853078036889201,0.014972191563704,0.0063705569729641,0.000100872475571,3.839759811413654e-06,1511004088481.7903,12028980800435.045,25382189444512.09,29915411988811.55,31799580891870.867,3.352565505530019,21.602303564003748,5065740185758.878,40327946098221.41,85095452786499.36,100293378317408.78,106610177988397.78,0.0001867687511137,0.0014868508552656,0.0031373838490723,0.0036977160940832,0.0039306101514814,8.835867845257474e-05,0.0007034162612529,0.0014842691245153,0.0017493574563068,0.0018595376176477
237,237,0.02,2870,100000.0,17.15,2.43,0.81,1.7352793627869607,,0.287,14893.0,6.593549085508292,2870.0,0.0818286168960185,0.0162695352026048,0.0064028592937814,5.8957527573750486e-05,-1.066337700166948e-05,1546187260551.6946,12089015652034.254,25757414229364.254,30432229721410.81,32382605630187.457,3.507330453412129,23.125755503670927,5422989665610.832,42400172748155.625,90339763327800.14,106735886067137.84,113576498887591.52,0.0001917858358257,0.0014994962319821,0.0031948958206565,0.0037747501625902,0.004016670713472,9.045627855238892e-05,0.0007072412217744,0.0015068807613181,0.0017803705404143,0.0018944729851746
238,238,0.02,2880,100000.0,17.15,2.43,0.81,1.7422464615252664,,0.288,14748.0,6.543414680804286,2880.0,0.0844477555292542,0.0162454125069448,0.0064741082907603,1.0064611622156073e-05,3.825306389039827e-05,1534430742648.6052,11780773103240.22,25347416997491.98,30022451793127.47,31981298725903.977,3.410392593563149,22.31561296402732,5233011240064.406,40177061337738.4,86444643194203.33,102388347235888.6,109068784307353.5,0.0001910119850871,0.0014665170566297,0.0031553463463365,0.0037373130991171,0.003981158083913,8.980526639326504e-05,0.0006894905305591,0.001483502299955,0.0017571169594835,0.0018717619321969
239,239,0.02,2890,100000.0,17.15,2.43,0.81,1.7402261387477802,,0.289,14750.0,6.600744326781202,2890.0,0.0862244537852348,0.0157984623360462,0.0068849930130479,0.0001607216679016,5.40504736905045e-06,1547874544630.192,11665771111989.238,25353470922609.785,30105543553906.99,32107085828137.992,3.351717376138239,22.12382945551845,5188038007319.078,39100367742105.84,84977669036726.81,100905273447716.6,107613877467331.92,0.0001933832379656,0.0014574595847119,0.0031675282197073,0.003761226976287,0.0040112890548054,9.062762637256312e-05,0.0006830276713012,0.0014844387085459,0.0017626712464596,0.0018798609928942
240,240,0.02,2900,100000.0,17.15,2.43,0.81,1.747317453281164,,0.29,14851.0,6.563201444761822,2900.0,0.0829060420051064,0.0162115810789815,0.0064022281352831,6.95308988825112e-05,2.7968136290234995e-06,1539070738796.6472,11382442796199.28,24994471725196.82,29755388779819.246,31770934758672.2,3.497935650843614,22.95765631730069,5383570406407.013,39815052450513.54,87429053721568.66,104082435217641.8,111132685352986.05,0.0001929701304581,0.0014271413366171,0.0031338302704098,0.0037307585089709,0.0039834695512117,9.014541730880252e-05,0.0006666847923177,0.0014639594056882,0.0017428126408534,0.0018608658458093
241,241,0.02,2910,100000.0,17.15,2.43,0.81,1.7452994363073877,,0.291,14859.0,6.708322590869701,2910.0,0.085072799948648,0.0154118737274457,0.0062156365101592,0.0001361846004293,-5.614878113617301e-07,1573101647558.9448,11412348934130.623,25327586497579.48,30230439640164.04,32316501214763.36,3.4205997707334728,22.94648671633508,5380951134980.575,39037078147617.61,86635536566852.56,103406234902317.2,110541816646127.56,0.0001979170851064,0.0014358251030793,0.0031865468453107,0.0038033909025215,0.0040658451608575,9.216942420149083e-05,0.0006686596709612,0.0014839658120743,0.0017712283369072,0.0018934525393152
242,242,0.02,2920,100000.0,17.15,2.43,0.81,1.7432929151274017,,0.292,14770.0,6.527401005402232,2920.0,0.0861349625970433,0.0163028651253535,0.0065200521244511,5.942323432076233e-05,-7.522385292598783e-06,1530675535766.8235,10888767410704.96,24430883306118.08,29237184857636.44,31292235275659.98,3.39002875482787,22.12807710260592,5189034080561.087,36913234626922.43,82821396913584.47,99114897377605.5,106081577387326.34,0.0001932625843957,0.0013748121541795,0.0030846352061458,0.0036914772425716,0.0039509472253148,8.97120246491829e-05,0.0006381844796774,0.0014318802085392,0.0017135748153882,0.0018340201543573
243,243,0.02,2930,100000.0,17.15,2.43,0.81,1.7505018069954814,,0.293,14924.0,6.774019433103637,2930.0,0.0858764753252216,0.0168277442895738,0.0063281486638623,0.0002203211210077,8.323599138497302e-06,1588507557062.8027,11076220309118.531,25132235091921.6,30157153385432.605,32316051081965.64,3.411877337657181,23.112123388655647,5419792934639.748,37790705059579.73,85748103354799.83,102892508204009.05,110258402329130.4,0.000201281128955,0.00140347719371,0.0031845266520596,0.0038212382764567,0.004094794019849,9.312881773940488e-05,0.0006493612811743,0.0014734178196716,0.0017680117596445,0.0018945806193295
244,244,0.02,2940,100000.0,17.15,2.43,0.81,1.7484971878729925,,0.294,14961.0,6.719952595715567,2940.0,0.0872607796532065,0.0157244798915493,0.0064621507030763,2.906300315154802e-05,-3.55394077049114e-05,1575828883695.3003,10765656102253.195,24711715166059.28,29733256495533.164,31900917120274.6,3.3692112443691244,22.64093984711237,5309300394147.852,36271769592722.55,83258988605133.92,100177622116461.64,107480928667316.7,0.0002003560868748,0.0013687810596728,0.0031419290519834,0.0037803843952402,0.0040559879236052,9.240934771005768e-05,0.0006313168062684,0.0014491379761597,0.0017436098972909,0.0018707252880936
245,245,0.02,2950,100000.0,17.15,2.43,0.81,1.7558359025148185,,0.295,14993.0,6.810276426122509,2950.0,0.087671622761718,0.0152076628377483,0.0064193550098003,0.0001616739400247,9.21119592270542e-06,1597009821925.7285,10685213376416.422,24820985757801.98,29947245439981.47,32170385458732.105,3.3648287861829367,22.91541416048007,5373664620632.577,35953913555472.945,83518367379288.8,100767353523335.31,108247839054142.77,0.0002037623889508,0.0013633257442355,0.0031669081083213,0.003820967278705,0.0041046175825251,9.367395691879264e-05,0.0006267501951137,0.0014558958364793,0.0017565809180801,0.0018869810693389
246,246,0.02,2960,100000.0,17.15,2.43,0.81,1.7538328821918012,,0.296,14852.0,6.764247100404783,2960.0,0.0864846455847327,0.015817430832958,0.0065661426099698,8.986084455715264e-05,3.278258183363497e-06,1586215945044.9216,10389370396441.717,24431848938684.38,29560432758704.688,31794712520010.8,3.4225728509229527,23.151128482779715,5428939629211.843,35558377057044.05,83619782875391.9,101172734621476.16,108819719873889.05,0.0002030938180094,0.0013302204577624,0.0031281727418565,0.0037848195699528,0.0040708893252358,9.306157567380794e-05,0.000609533135997,0.001433390179919,0.0017342786514775,0.0018653614310529
247,247,0.02,2970,100000.0,17.15,2.43,0.81,1.7613044782525276,,0.297,15163.0,6.843520005763203,2970.0,0.0857734435471684,0.0155262870031144,0.0065466308952787,6.83314194569338e-06,-3.132524079071778e-05,1604805441351.471,10284883116251.896,24494204471081.69,29720297015069.33,32007233345566.203,3.462610193989403,23.696442134726087,5556815680593.267,35612541122323.31,84813882095228.3,102909803412771.88,110828572463755.1,0.0002061986697931,0.0013214868063774,0.0031472178803955,0.003818709453778,0.0041125539392833,9.416988084167396e-05,0.0006035162846359,0.0014373183545607,0.0017439851313884,0.0018781824092553
248,248,0.02,2980,100000.0,17.15,2.43,0.81,1.7593027546125992,,0.298,15076.0,6.936669098272781,2980.0,0.0870647597848801,0.0171531119927349,0.0064060983295505,0.0001972569943324,-3.957074323643831e-06,1626648903544.967,10195549652074.316,24600582470265.805,29935722778050.566,32280619722782.227,3.4227395875931803,23.742411928692533,5567595597278.399,34896711411426.64,84201387498829.6,102462183435648.58,110488155037207.92,0.0002097012535103,0.0013143706288477,0.0031714114643036,0.0038591970139436,0.0041614920129389,9.5466779166787e-05,0.00059836900575,0.0014437893567228,0.0017569046580501,0.0018945248650313
249,249,0.02,2990,100000.0,17.15,2.43,0.81,1.757312149740715,,0.299,15196.0,6.853439586528311,2990.0,0.0872075244778898,0.0155620345444578,0.0065201615343575,0.0001051616883746,3.926402434856705e-05,1607131583040.889,9846646127838.178,24088477224294.05,29389702842139.246,31732975104838.39,3.428603228793716,23.49772509471364,5510216534710.348,33760242706695.12,82589830787938.48,100765630057846.44,108799780903679.52,0.0002079035055894,0.0012737925568005,0.0031161598167133,0.0038019427367312,0.0041050756743865,9.43307341018999e-05,0.0005779497879838,0.0014138753565312,0.0017250312752177,0.0018625698533114
250,250,0.02,3000,100000.0,17.15,2.43,0.81,1.7649096688313315,,0.3,15125.0,6.991467020478808,3000.0,0.0895651550490583,0.0151672686055797,0.0063464293176315,0.0001236762594021,-1.6379163997777445e-06,1639499016302.2808,9813820847846.951,24364825515760.78,29791008339461.457,32208518263255.37,3.349516894552107,23.41803690279765,5491529653706.05,32871558729971.05,81610394697855.0,99785485738768.88,107882976071263.95,0.0002128236309717,0.0012739336625255,0.0031628019185716,0.0038671755835593,0.0041809929355529,9.62339326099269e-05,0.0005760433917475,0.0014301460101053,0.0017486475200134,0.0018905484816956
251,251,0.02,3010,100000.0,17.15,2.43,0.81,1.7629199733189227,,0.301,15183.0,6.976717284171476,3010.0,0.0979710816332044,0.0161135960034866,0.0064904506574402,4.037590994271187e-05,-7.081418950779866e-06,1636040203138.211,9562468951095.28,24105073397875.59,29537961522790.06,31977358671457.14,3.0723351726065338,21.43481390149196,5026463859899.863,29379109695407.934,74058864838555.27,90750518113566.34,98245163773372.31,0.0002131141169557,0.0012456277801244,0.0031399787251486,0.0038476784216717,0.0041654395428504,9.602978277248138e-05,0.0005612831606343,0.0014148826891127,0.0017337740375416,0.001876958036219
252,252,0.02,3020,100000.0,17.15,2.43,0.81,1.7706565996139254,,0.302,15087.0,6.947283422920247,3020.0,0.0879313256577916,0.018155709041544,0.0068453780506115,1.2929688894260214e-05,1.3564519789278355e-05,1629137962674.798,9292451308076.918,23795906027267.234,29225587285849.6,31679928897682.57,3.4344984309154416,23.86043401514445,5595271776551.373,31914909436948.32,81727001912860.62,100375233675832.72,108804666090603.56,0.0002129121668225,0.0012144311828857,0.0031098888061338,0.0038194942713593,0.0041402523671562,9.562183929817508e-05,0.0005454180714125,0.001396694665661,0.001715388429261,0.0018594453873373
253,253,0.02,3030,100000.0,17.15,2.43,0.81,1.7686675156566432,,0.303,15174.0,7.069008384914593,3030.0,0.0883286800444693,0.0151713535500246,0.0067257062070717,1.4896969520831272e-06,2.712533330464364e-05,1657682466262.4722,9221567481470.717,24001733250850.84,29555102283920.48,32069631229695.426,3.4303693867886813,24.24930995856352,5686463185283.145,31633382786643.145,82334810973586.69,101384918098169.05,110010681215949.42,0.000217384152152,0.0012092922916608,0.0031475246551168,0.0038757789760805,0.0042055277392267,9.729211221035508e-05,0.0005412289726303,0.0014087012272922,0.0017346375957507,0.0018822194380683
254,254,0.02,3040,100000.0,17.15,2.43,0.81,1.7666892874892075,,0.304,15202.0,6.918740815303952,3040.0,0.0888057111897069,0.016456882576569,0.0064132834087936,0.0001635555255497,-1.1635989765902156e-05,1622444721188.7766,8796811234708.688,23284903956188.42,28748169833098.938,31226065803703.05,3.4232032594232,23.68425611005281,5553958057807.384,30113272891185.4,79708959118180.36,98410828675115.98,106893170238199.58,0.0002134890618576,0.0011575266345353,0.0030639393972146,0.0037828221372603,0.0041088755794741,9.521668600538611e-05,0.0005162599392416,0.0013665250715213,0.0016871486741453,0.0018325693713843
255,255,0.02,3050,100000.0,17.15,2.43,0.81,1.774557867131724,,0.305,14987.0,7.027678342331043,3050.0,0.0908065846078898,0.0182477879939928,0.006423688861978,4.576970268156365e-05,-1.407671135644934e-05,1647990571276.63,8737360217290.699,23441659249552.82,29019331921370.137,31555114200252.56,3.358787265450129,23.60447652190118,5535249744385.827,29346934231486.57,78735546568419.23,97469762509368.44,105986915735632.84,0.000217587990876,0.0011536137938994,0.0030950562629499,0.0038314892326392,0.0041662944074855,9.670625139524387e-05,0.00051271977427,0.0013755873559111,0.001702892514692,0.001851695549624
256,256,0.02,3060,100000.0,17.15,2.43,0.81,1.7725798736533844,,0.306,15291.0,7.114172869899174,3060.0,0.0905392009917704,0.016037247045191,0.0063091432556835,0.0001709122281522,-1.891185374739603e-05,1668273537991.3562,8660576814570.332,23517716928094.67,29192773398189.44,31782991677519.508,3.3797514960156727,24.04413639995585,5638349985789.6455,29270597445402.73,79484038970601.08,98664319565377.31,107418613669950.23,0.0002209881812873,0.001147225005712,0.0031152789837019,0.0038670264516497,0.0042101402238526,9.78844201528669e-05,0.0005081514034588,0.0013798804766738,0.0017128592114314,0.0018648378939242
257,257,0.02,3070,100000.0,17.15,2.43,0.81,1.780594237426178,,0.307,15307.0,7.1472173699285,3070.0,0.0909889940612629,0.0169988087628291,0.0064519012581699,0.000180630535596,-9.93509393101146e-06,1676022473248.2332,8515627859427.785,23413512006752.945,29143797422209.8,31769381209332.176,3.374034444136142,24.11495758586689,5654957553885.785,28732021711154.67,78997995968979.56,98332176335461.95,107190986469178.28,0.0002227649150782,0.0011318363251222,0.0031119564905117,0.0038735850273144,0.0042225588380508,9.832408222788078e-05,0.0004995704456454,0.0013735568087782,0.0017097247679623,0.0018637549914837
258,258,0.02,3080,100000.0,17.15,2.43,0.81,1.7786161840067751,,0.308,15115.0,7.140196006654778,3080.0,0.0903324456057816,0.0165990831319252,0.0069407740831575,0.0001354139593711,-1.4242360884039991e-05,1674375963560.5454,8322267776911.127,23177278499731.426,28930775145252.336,31577090905829.49,3.4096276031774635,24.345409396387627,5708998503452.898,28375833933190.523,79025888539215.81,98643169516572.86,107666120780560.28,0.0002232957662551,0.0011098625402352,0.0030909355335595,0.0038582252403325,0.0042111394712885,9.82119331534874e-05,0.0004881496297004,0.0013594828020911,0.0016969589963546,0.001852180877364
259,259,0.02,3090,100000.0,17.15,2.43,0.81,1.7766487401845403,,0.309,15267.0,7.05717758596051,3090.0,0.0922473892137532,0.0163935109853073,0.0065033302429273,2.2340766306134128e-05,-6.909505691257463e-06,1654908143907.7395,8042662021966.311,22697045307687.715,28412151846699.76,31050739415607.527,3.349688296153221,23.63934516356677,5543426440856.406,26940410844896.555,76028027024420.94,95171852509418.3,104010298407364.05,0.0002214406622741,0.0010761759866536,0.0030370560221741,0.0038017854614635,0.0041548507242566,9.70518152868166e-05,0.0004716605884403,0.001331064480447,0.0016662259612885,0.0018209654942942
260,260,0.02,3100,100000.0,17.15,2.43,0.81,1.7848015520508829,,0.31,15446.0,7.337210416865361,3100.0,0.0926730766650507,0.0167251988796994,0.0064276110760256,0.0001960394982216,-3.732492657365254e-05,1720575842754.9272,8171700611804.995,23378561160425.81,29350082776519.28,32117325541564.8,3.3450923521233267,24.54364645137592,5755485092847.654,27335093220390.395,78203446141387.81,98178737429921.2,107435420039743.56,0.0002309640813385,0.0010969404997326,0.0031382562554116,0.0039398524245442,0.0043113174115489,0.0001009461024233,0.0004794332841564,0.0013716190654126,0.0017219679530945,0.0018843219538012
261,261,0.02,3110,100000.0,17.15,2.43,0.81,1.7828336803569562,,0.311,15464.0,7.31333396831694,3110.0,0.0915240113699837,0.0160320007186864,0.0062828645948037,8.698494298733818e-05,1.451656116520364e-05,1714976815570.3225,7955628385898.394,23084080797577.08,29065710082581.668,31847824384869.48,3.3980153988529787,24.850821441295523,5827517627983.801,27033347762834.61,78440062018533.28,98765730439208.8,108219397679751.88,0.0002309807444888,0.0010714995974101,0.003109067201408,0.0039146997749581,0.0042894073668982,0.0001006252825508,0.0004667919396532,0.0013544452214124,0.0017054138942558,0.0018686528577303
262,262,0.02,3120,100000.0,17.15,2.43,0.81,1.7911394397627125,,0.312,15348.0,7.220194780246665,3120.0,0.0933401859988407,0.0173708089904367,0.0058745534846774,0.0001067724564197,-1.4130448789703236e-05,1693135675967.843,7667242155040.372,22574471447273.47,28509085252042.28,31279340356606.78,3.3426117235707555,24.13430771891688,5659495160086.008,25628613514893.85,75457692913069.58,95294802591754.64,104554689781553.69,0.0002287977177367,0.0010360938767682,0.0030505455762113,0.0038525049900095,0.0042268565877399,9.935134439046367e-05,0.0004499053600267,0.0013246452242574,0.0016728818530822,0.0018354373841301
263,263,0.02,3130,100000.0,17.15,2.43,0.81,1.7891708476413954,,0.313,15506.0,7.428153215420843,3130.0,0.0918364170988752,0.0156767396355096,0.0058631838889966,0.0001385503123107,-3.959849583243937e-06,1741901929016.1875,7695621545851.614,23002837099808.312,29138385337729.68,32012681691911.68,3.40823400877029,25.3168844111537,5936809394415.543,26228479071196.867,78399051701769.64,99310435868703.88,109106710454311.42,0.0002361595433528,0.001043339145454,0.0031186253455602,0.0039504564871131,0.004340141177828,0.0001022209922224,0.0004516064062399,0.0013498881843489,0.0017099439476853,0.0018786178669063
264,264,0.02,3140,100000.0,17.15,2.43,0.81,1.787212634683398,,0.314,15392.0,7.256172296476789,3140.0,0.0915468637167578,0.0166106870627082,0.0069095102845858,-1.7489760259696775e-05,1.2637468480326953e-05,1701572403523.807,7329448825340.101,22253566296603.12,28276369819230.84,31107808757658.17,3.429937272034824,24.88821581199226,5836286607912.185,25139549709505.867,76328336476417.0,96986174760820.44,106697832709223.06,0.000231420314689,0.0009968329000544,0.0030265696038837,0.0038456937761082,0.0042307802342552,9.986222378537764e-05,0.0004301521682555,0.0013060217789921,0.001659489284663,0.0018256613431181
265,265,0.02,3150,100000.0,17.15,2.43,0.81,1.7956638370369866,,0.315,15246.0,7.299366347393795,3150.0,0.0928470660660423,0.0150768484698747,0.0064003786618513,9.628550880007654e-05,1.5784521687396407e-05,1711701408463.8447,7183960743411.976,22168050132604.75,28256189323278.12,31128314043008.875,3.392675863079398,24.764384022576955,5807248053294.296,24372850215483.74,75209008616422.19,95864091499687.48,105608279712071.69,0.0002335652086162,0.0009802663486921,0.0030248764347773,0.003855615658992,0.0042475230360723,0.0001004643417594,0.0004216459037447,0.0013011022562994,0.0016584314571207,0.0018270041520967
266,266,0.02,3160,100000.0,17.15,2.43,0.81,1.793704543205999,,0.316,15352.0,7.383532142119313,3160.0,0.0926542682523177,0.0164507484626603,0.0063981914040348,0.000117960667921,5.528302714561188e-06,1731438287326.979,7075496877714.96,22203161021084.715,28391323369802.95,31320671069112.17,3.410528256933219,25.18174500667258,5905119204064.719,24131182033289.64,75724508055647.64,96829410604441.42,106820033707317.84,0.0002370346714099,0.0009686386686413,0.0030396226163044,0.0038867847933776,0.0042878137959319,0.0001016305065169,0.0004153115573362,0.0013032624479699,0.001666489990362,0.0018384343747644
267,267,0.02,3170,100000.0,17.15,2.43,0.81,1.7917554769326751,,0.317,15240.0,7.152030105358818,3170.0,0.1035841691336827,0.0164646046348232,0.0059397231935328,0.0001636670795048,-1.1606252075851516e-05,1677151059706.6426,6668351914349.22,21293421120494.99,27316449269886.703,30177300649215.133,3.0603131989299346,21.88745213057384,5132607524619.564,20407245378592.613,65164537705424.24,83596890248534.25,92351991484869.95,0.0002303207986186,0.0009157553993087,0.0029241956050473,0.0037513295983997,0.0041442062988033,9.84356226039155e-05,0.0003913799944447,0.0012497569334809,0.0016032614806205,0.0017711710347847
268,268,0.02,3180,100000.0,17.15,2.43,0.81,1.8003557159727106,,0.318,15305.0,7.412215860886964,3180.0,0.0951513376976436,0.0158379651010146,0.0063446576679637,5.4921191497539815e-05,-1.354920092742144e-05,1738164619377.9932,6718899670477.773,21846704813911.004,28118785784600.543,31107912311869.3,3.342044449343303,24.77195487521167,5809023418237.137,22454861349414.79,73012658559772.89,93974231953697.6,103964025672541.0,0.0002394704126122,0.0009256762325341,0.0030098641737849,0.0038739813012675,0.004285799235458,0.0001020079591172,0.0003943131940771,0.0012821212367681,0.0016502119067226,0.0018256352775532
269,269,0.02,3190,100000.0,17.15,2.43,0.81,1.7984052132716832,,0.319,15331.0,7.387289660117834,3190.0,0.103575115973399,0.0166391034987948,0.0064945710852099,4.6651741158510966e-05,-2.4710970472221507e-05,1732319425297.632,6504908668910.499,21552626135646.53,27833453683126.184,30836646249456.51,3.079890348198384,22.75204212354263,5335353877970.747,20034405425289.44,66379725213505.97,85723985355687.08,94973489154508.98,0.0002394421891563,0.000899112224455,0.0029790164034562,0.0038471560061877,0.0042622590131962,0.0001016526915273,0.000381708745326,0.0012647104362952,0.0016332700771424,0.0018094977422509
270,270,0.02,3200,100000.0,17.15,2.43,0.81,1.8071700299965687,,0.32,15436.0,7.378739011052709,3200.0,0.094256507774844,0.0150477776023325,0.0064129401545804,0.0001712806023919,-1.0073590648092796e-05,1730314298091.8604,6306204574905.311,21320652102103.934,27610685072602.75,30634491619325.984,3.3949910468187765,25.050752879336383,5874401550204.382,21409508071211.137,72383422998980.78,93738028618019.2,104003824771456.56,0.0002399413868104,0.0008744766617729,0.0029565188467342,0.0038287530042451,0.0042480619916744,0.0001015228178373,0.000370004258191,0.0012509476930991,0.0016200031139314,0.0017974190675283
271,271,0.02,3210,100000.0,17.15,2.43,0.81,1.805217800516276,,0.321,15513.0,7.5739838051261295,3210.0,0.095841450539865,0.0173016636602754,0.0058061294198523,3.823763769696024e-05,5.71993531983508e-06,1776099202302.0771,6276836263217.227,21683631301090.016,28145682371042.57,31274227770778.344,3.3492815289401405,25.3674040590007,5948656251835.665,21022891756575.11,72624585797089.05,94267814084749.05,104746193404534.69,0.0002470417335497,0.0008730596295879,0.0030160262778859,0.0039148478620289,0.0043500044557811,0.0001041966250804,0.0003682368383263,0.0012720917830115,0.0016511944320716,0.0018347336576063
272,272,0.02,3220,100000.0,17.15,2.43,0.81,1.8032755915953984,,0.322,15249.0,7.357065994883031,3220.0,0.1050092941632101,0.0153370645140533,0.0063066008450308,0.0001357915369571,-8.122484706528733e-06,1725231975800.0708,5906455311567.375,20867201867883.445,27155452941555.4,30212565516014.83,3.0663952421157425,22.55967216264085,5290243122139.279,18111526465159.457,63987088523946.53,83269351697483.42,92643667150418.05,0.0002407407543948,0.0008241932258685,0.0029118321421411,0.0037893015656939,0.0042158943936549,0.000101200277797,0.000346466403771,0.0012240479283354,0.0015929100665518,0.0017722370475791
273,273,0.02,3230,100000.0,17.15,2.43,0.81,1.8121972644823925,,0.3229999999999999,15384.0,7.463362922822718,3230.0,0.1057243477303018,0.0155767294251068,0.0062371985119382,0.000118061882314,1.9703051792031908e-06,1750158605401.9275,5810136485486.228,20970460254428.89,27368139254576.465,30480714156463.902,3.055114615830582,22.80142914876374,5346935135385.098,17750632896779.508,64067159624000.016,83612802244743.27,93122075320367.0,0.0002449956020291,0.0008133307928432,0.0029355456808335,0.0038311234949769,0.0042668366695401,0.0001026458894282,0.0003407614746523,0.0012299065569781,0.0016051270936882,0.00178767798835
274,274,0.02,3240,100000.0,17.15,2.43,0.81,1.810252978548184,,0.324,15476.0,7.604600520840108,3240.0,0.1053126260262615,0.0168000160423501,0.0064312731605317,0.0001526993978326,9.267287208009906e-06,1783278822137.0056,5775625383071.304,21165319639848.16,27702994124845.25,30892923438116.105,3.07655418182436,23.395965533494348,5486353917604.425,17769024424938.94,65116252647624.125,85229762423848.34,95043752792315.9,0.0002504325545332,0.000811092803186,0.0029723254709923,0.0038904356967519,0.0043384094722411,0.0001045715069392,0.0003386827916796,0.0012411347805601,0.0016245041473063,0.0018115616680808
275,275,0.02,3250,100000.0,17.15,2.43,0.81,1.8083185752307271,,0.325,15449.0,7.465953090581975,3250.0,0.1056042889958916,0.0172407681009858,0.0064146847345415,2.28174307576768e-05,-3.806755643024738e-06,1750765999741.473,5528494925805.426,20581127022087.8,27018186300538.137,30169136162741.312,3.0775265198996173,22.97666863259254,5388028794342.949,17014089749296.664,63338964219897.81,83149184859494.64,92846316623298.95,0.0002466072714953,0.0007787260258252,0.0028989914014583,0.0038056948817331,0.0042495275516909,0.0001026336584756,0.0003240922317336,0.0012065098146419,0.0015838640376904,0.0017685794777201
276,276,0.02,3260,100000.0,17.15,2.43,0.81,1.817401133170114,,0.326,15275.0,7.495414578257409,3260.0,0.0973056135303522,0.0163752085440746,0.0064222576910812,6.2816895329411e-05,2.7209990443834126e-06,1757674718601.3623,5407922326581.092,20463254394163.52,26944368327287.934,30127007363697.18,3.3502692000221725,25.11165660293298,5888683473387.784,18117995606856.88,68557410928984.414,90270887320965.7,100933584859435.86,0.0002483605583459,0.0007641428725731,0.0028914708922671,0.0038072564230594,0.0042569653479993,0.0001030072621604,0.0003169273967147,0.0011992342995712,0.0015790553181795,0.0017655715888615
277,277,0.02,3270,100000.0,17.15,2.43,0.81,1.81546430629344,,0.327,15571.0,7.696302204575307,3270.0,0.0970173870450707,0.0173155611627707,0.0068960841749249,0.0001288811099094,-1.3210234847612688e-05,1804782866972.9097,5406657356248.049,20807274419413.23,27481244530398.8,30768953996577.43,3.37052986026193,25.940616394120795,6083074544421.327,18223300063438.87,70131539741296.5,92626355286868.95,103707678214489.88,0.0002558275968425,0.0007663925581916,0.0029494268307684,0.0038954607089356,0.0043614928434602,0.0001057351596747,0.0003167548791221,0.0012190167157469,0.0016100184856902,0.0018026325068737
278,278,0.02,3280,100000.0,17.15,2.43,0.81,1.8135372289613303,,0.3279999999999999,15824.0,7.668326557940468,3280.0,0.0970940481211073,0.0171825492212839,0.00643159641321,0.0001003898719765,-2.883650201628822e-05,1798222577837.0398,5241331017323.32,20527960259129.137,27196754456792.02,30492212646154.09,3.3781679345666897,25.904894889820643,6074697851662.942,17706096377171.45,69346897109449.37,91875203830218.52,103007815015226.64,0.0002556960806697,0.0007452847134388,0.0029189484366933,0.003867209547499,0.0043358032318495,0.0001053181160954,0.0003069737391692,0.0012022794777576,0.0015928567345346,0.0017858647928543
279,279,0.02,3290,100000.0,17.15,2.43,0.81,1.8227848572822096,,0.3289999999999999,15370.0,7.612937084548009,3290.0,0.1067281261666721,0.0165170964707967,0.005906186181933,-9.17664421408917e-07,1.0126250015858511e-05,1785233746326.508,5058850889156.661,20177474107777.81,26817044371349.227,30108256051344.938,3.082598859519154,23.467631174418766,5503159510401.2,15594407981391.78,62199058672613.13,82666190394795.67,92811675765986.58,0.0002546042593051,0.0007214769417277,0.0028776460563946,0.0038245600795804,0.0042939420379519,0.0001045255539612,0.0002961960542616,0.0011813924439838,0.0015701397222003,0.0017628403838158
280,280,0.02,3300,100000.0,17.15,2.43,0.81,1.820855013114182,,0.33,15608.0,7.761160467417025,3300.0,0.1067263170234582,0.0153942218149444,0.0064210541063969,8.381857271100369e-05,-1.2228347365525105e-05,1819992129609.292,5009909409154.761,20364181575761.293,27152338474316.88,30527567683309.184,3.0920208736095205,23.997670168686465,5627453654556.976,15490744467999.258,62966474506228.336,83955597329898.67,94391876497319.42,0.0002603695731201,0.0007167217665454,0.0029133165894298,0.0038844359064837,0.00436729897717,0.0001065282259818,0.0002932412470385,0.0011919612736476,0.0015892873391426,0.0017868470835319
281,281,0.02,3310,100000.0,17.15,2.43,0.81,1.8189347901145143,,0.331,15632.0,7.608112710542956,3310.0,0.1059881985365791,0.0160304733199316,0.0064061288231953,8.085830585600386e-05,-9.356549554438457e-06,1784102430622.3232,4766585937833.561,19760524549850.723,26433754791117.31,29761970178495.11,3.122989206064897,23.7600538735508,5571732633347.663,14885996433634.934,61711904875364.23,82552330888425.61,92946311618665.6,0.0002560275260615,0.0006840286658865,0.0028357330427563,0.0037933745997575,0.0042709899749763,0.0001043844468276,0.0002788838958107,0.0011561507841461,0.001546588819167,0.0017413163842282
282,282,0.02,3320,100000.0,17.15,2.43,0.81,1.828351836950889,,0.332,15557.0,7.768033774179623,3320.0,0.0969683800976781,0.0165601238357871,0.0063422552118622,7.849451913368462e-05,8.174033707663503e-06,1821603920045.1216,4719211112325.304,19969557783447.133,26802389783947.645,30220519129365.6,3.42379649598735,26.596166816747587,6236801118527.31,16157618470203.94,68371701965383.21,91765928226367.12,103468907502040.6,0.0002622183102363,0.0006793263617329,0.0028746005871648,0.0038581808493636,0.0043502176150194,0.0001065346441568,0.000275998240353,0.0011678991843501,0.0015675103828915,0.0017674161854038
283,283,0.02,3330,100000.0,17.15,2.43,0.81,1.826428506699268,,0.3329999999999999,15555.0,7.781591439783851,3330.0,0.0988730165336164,0.0167253444336772,0.0066033914003688,1.4228620812568816e-05,1.762422029805883e-05,1824783192629.313,4579622526524.339,19797721656096.934,26661844585550.023,30105929983630.69,3.367956310777483,26.208059997512056,6145790069416.578,15423968589186.367,66677861590667.7,89795927728871.66,101395456880194.05,0.000263447685066,0.000661169479181,0.0028582376037588,0.0038492250827521,0.0043464547421215,0.0001066697371304,0.0002677069435065,0.0011572979044123,0.0015585478674069,0.0017598757213414
284,284,0.02,3340,100000.0,17.15,2.43,0.81,1.8245146737703968,,0.3339999999999999,15751.0,7.704442458634124,3340.0,0.0985570304610519,0.0163710623004606,0.0067074427793032,7.806354988110456e-05,5.1053269132210245e-06,1806691756549.702,4387859290637.615,19396801116595.0,26212044606852.645,29641776481841.12,3.388900806340662,26.10959126047041,6122699150580.312,14870019888151.178,65733834944458.24,88830019104000.31,100453040220681.0,0.0002616384142783,0.0006354335446083,0.0028089729572411,0.0037959312987776,0.0042926123767307,0.0001055618905375,0.0002563750681062,0.0011333217129182,0.001531524662977,0.001731917994849
285,285,0.02,3350,100000.0,17.15,2.43,0.81,1.8341056568034912,,0.335,15575.0,7.821886600578985,3350.0,0.1004554816590825,0.0145048676549074,0.0064634555469755,6.659865516679472e-05,-1.9738213960532224e-05,1834232407835.772,4306155889379.901,19484720375835.28,26423319098179.98,29925426602561.43,3.3348105495815057,26.08450995324102,6116817584035.019,14360214088046.623,64977851064981.18,88116763283569.08,99795628334948.88,0.0002664417289011,0.0006255148557963,0.0028303624785582,0.0038382676010691,0.0043469858934071,0.0001071187827052,0.0002514785885577,0.0011379035279799,0.0015431162183906,0.0017476385521852
286,286,0.02,3360,100000.0,17.15,2.43,0.81,1.832188378667728,,0.336,15684.0,7.891357637933433,3360.0,0.0989046079830586,0.0156078256008757,0.0060022880366126,8.579219661483376e-05,-1.5887506953647734e-05,1850523366095.39,4194491238041.573,19448171460217.8,26468034843392.47,30021519063305.89,3.397212797785451,26.80862115948943,6286621661900.271,14249579314073.771,66069576978177.68,89917546702204.14,101989488770822.69,0.0002695906520301,0.0006110680083895,0.0028332769641359,0.0038559549704263,0.0043736388567133,0.0001080174977436,0.0002448380042868,0.0011352155046036,0.0015449742199193,0.0017523957962902
287,287,0.02,3370,100000.0,17.15,2.43,0.81,1.830280478382876,,0.337,15817.0,7.786093030677798,3370.0,0.1088318907095526,0.0166441783326012,0.0063942955768911,6.008409024939365e-05,1.831930109139055e-05,1825838815693.944,3990629357922.525,18981939031695.2,25927539554693.195,29453624948202.152,3.096518840230164,24.10978376127857,5653744292019.827,12357058991182.7,58777931835744.49,80285114711920.28,91203704565181.16,0.0002668058882732,0.0005831420613135,0.002773789811548,0.0037887354361023,0.0043039946897977,0.0001065240861774,0.0002328234792532,0.0011074546623976,0.0015126786845327,0.0017183994858972
288,288,0.02,3380,100000.0,17.15,2.43,0.81,1.8400500919812228,,0.3379999999999999,15637.0,7.891755128004265,3380.0,0.1092476618632645,0.016632025766721,0.0069108780456019,7.553858953117065e-05,4.214819762524326e-05,1850616577517.0,3894866816375.4136,19029920294980.41,26089416553637.727,29683626449291.715,3.0938877247830185,24.416204317525832,5725599912459.808,12050280632848.607,58876436804239.15,80717725622050.64,91837807498508.16,0.0002712390837809,0.0005708584476963,0.0027891558996843,0.0038238441870455,0.0043506362902059,0.0001079164816671,0.0002271244775885,0.0011097069320516,0.0015213729723497,0.0017309650029327
289,289,0.02,3390,100000.0,17.15,2.43,0.81,1.8381384106044016,,0.3389999999999999,15871.0,8.036941494167598,3390.0,0.100374447840295,0.01629716594396,0.0064283150985434,0.0001733768206332,3.7666932722095937e-06,1884662780382.302,3813845621840.848,19166546223032.0,26375918553439.668,30056898240237.73,3.3773535724886887,27.14359306720952,6365172574260.633,12880705135844.531,64732203358626.695,89080802754130.16,101512772649595.88,0.0002770668478642,0.0005606786506762,0.0028177001221317,0.0038775597890482,0.0044187056372549,0.0001098320335896,0.0002222585519298,0.001116964143654,0.0015371029781427,0.0017516185343534
290,290,0.02,3400,100000.0,17.15,2.43,0.81,1.8362359918314088,,0.34,15768.0,7.825542160921344,3400.0,0.1006183308063555,0.0157679304027095,0.0059573361845859,0.0001429436261386,5.815343193180064e-06,1835089636736.056,3564868285817.3003,18454543142321.152,25493758930173.48,29098019378000.727,3.379105946950613,26.443336054082067,6200962304682.246,12046067624700.877,62359856480474.06,86146112411074.52,98325290324686.44,0.000270554847737,0.000525583261419,0.0027208295496717,0.0037586502193248,0.0042900412299574,0.0001068751826827,0.0002076170785664,0.0010747881902763,0.0014847504385555,0.0016946617072404
291,291,0.02,3410,100000.0,17.15,2.43,0.81,1.8461891146121363,,0.341,15960.0,8.08564828075465,3410.0,0.1109871074431794,0.0149315433805169,0.0059153296416237,4.798701543428028e-05,5.456112696912193e-06,1896084521836.9656,3529756526148.951,18853171570048.65,26146479655752.105,29891310297729.28,3.072428932113374,24.84257971268336,5825584942624.245,10844926074256.035,57925029793914.805,80333200567246.5,91838926577521.86,0.0002803801335575,0.0005219564818072,0.0027878792859255,0.003866364275173,0.0044201244601518,0.0001103555269495,0.0002054381737526,0.0010972884696447,0.0015217721082874,0.0017397279821279
292,292,0.02,3420,100000.0,17.15,2.43,0.81,1.8442825805473604,,0.342,15628.0,7.968407404603641,3420.0,0.1091500108400396,0.0159345013976658,0.006611389745535,0.0001070281805521,5.870743372181447e-06,1868591536379.554,3374979748033.4404,18372397287332.3,25575538039229.62,29286539368057.8,3.1333024831413376,24.96743070752641,5854862500914.943,10574832425064.904,57566278041657.48,80135896845993.9,91763586524552.05,0.0002771352028983,0.000500551179345,0.0027248534261362,0.0037931681620842,0.0043435554918981,0.0001086845386661,0.0001963019256917,0.0010686099580831,0.0014875725908071,0.0017034188362603
293,293,0.02,3430,100000.0,17.15,2.43,0.81,1.842385197923146,,0.343,16010.0,8.02303128814742,3430.0,0.1018417199193209,0.0171226070912254,0.0064125146455694,2.5301357365114e-05,-1.1015421996465243e-05,1881400837070.5696,3295502678374.868,18314518272829.816,25559373487656.727,29314774917744.062,3.367971399851897,27.02133991859744,6336504210911.098,11099158768901.88,61682773744955.78,86083238904560.69,98731323516057.77,0.0002798715505288,0.0004902291028024,0.0027244128551507,0.0038021358062513,0.00436077806918,0.0001093580195983,0.0001915538886701,0.0010645469103397,0.0014856602653245,0.0017039461590581
294,294,0.02,3440,100000.0,17.15,2.43,0.81,1.852526900760176,,0.344,15894.0,8.069407589982205,3440.0,0.1018294649852578,0.0167127290879552,0.0067857283941984,5.471210868559852e-05,1.2564907890153726e-05,1892276079850.8271,3211346101344.5054,18235498043683.58,25529130558972.008,29319741520937.586,3.3781970675167745,27.260049057075488,6392481503884.202,10848559982343.434,61603106015879.74,86242433990572.11,99047864826381.14,0.000282278699805,0.0004790498658013,0.0027202651520462,0.0038082866755407,0.0043737478919055,0.0001099182750141,0.0001865402346368,0.0010592611249111,0.0014829326563563,0.0017031211492647
295,295,0.02,3450,100000.0,17.15,2.43,0.81,1.85062506995104,,0.345,15972.0,8.19973079530782,3450.0,0.1016350859249541,0.0163037640090542,0.0060001299438712,3.724441733864869e-05,-2.711541729164877e-05,1922836871499.684,3158337552059.547,18342135115587.96,25760572438567.97,29626975888485.81,3.394497056407693,27.833962048007912,6527064100257.855,10720967523608.012,62262323658095.51,87444187314096.12,100568682443726.8,0.0002876820390018,0.0004725294174975,0.0027442280247021,0.0038541251807816,0.0044325906993925,0.0001116147120728,0.0001833316916931,0.0010647040110746,0.0014953212714921,0.0017197539907813
296,296,0.02,3460,100000.0,17.15,2.43,0.81,1.8487322833690567,,0.346,15894.0,8.051358612278449,3460.0,0.0992879459190589,0.0167731892035685,0.0063970281028026,0.0001295985470451,3.055750795132788e-05,1888043594579.2964,2998213136699.2124,17825766663179.453,25116852856506.074,28927604010805.65,3.484813758581172,28.057485267338947,6579480295190.984,10448214389928.229,62119476925105.336,87527554406611.17,100807312459643.4,0.0002833057396813,0.0004498895008852,0.002674801590598,0.0037688476036304,0.0043406604990582,0.0001095178307257,0.0001739143098853,0.0010340011753857,0.0014569278206284,0.0016779741995641
297,297,0.02,3470,100000.0,17.15,2.43,0.81,1.859067837874533,,0.347,16018.0,8.127640123185024,3470.0,0.1141492915967319,0.0153317692963957,0.0064765159875455,2.6823647425538213e-05,1.729837276650272e-05,1905931608886.888,2922668632568.234,17808434860695.395,25175548418859.28,29036848950260.91,3.0398786987297832,24.70704008141167,5793800899091.036,8884558119589.879,54135481790744.82,76530613367330.6,88268498602132.4,0.0002868270381854,0.0004398376015006,0.0026800230406985,0.0037887130650475,0.0043698070506878,0.0001104660553269,0.000169395204614,0.0010321606197388,0.0014591517930431,0.0016829492452429
298,298,0.02,3480,100000.0,17.15,2.43,0.81,1.8571702711474096,,0.348,16145.0,8.339354265863605,3480.0,0.1031915250923702,0.0167985964820748,0.00638962933605,0.0001337080281689,-3.290799095846217e-06,1955578575345.016,2892141791377.281,18081250348560.64,25647397313989.64,29624100754629.64,3.3723699663174207,28.123387864679483,6594934454267.338,9753372115572.203,60976665628952.3,86492512415908.75,99903427664074.23,0.0002951248139725,0.0004364656163262,0.0027287196294672,0.0038705595656442,0.0044707010674684,0.0001132519806193,0.000167490475829,0.0010471261241384,0.0014852988165043,0.0017155987117202
299,299,0.02,3490,100000.0,17.15,2.43,0.81,1.8552816452567584,,0.349,16097.0,8.246780003549238,3490.0,0.1045002771238614,0.0157663006449392,0.0063573260734029,1.5755974348391216e-05,1.4634072230446212e-05,1933869910832.2964,2754561998756.6426,17691583016199.793,25180789823590.496,29128004984953.887,3.339704062089131,27.54180467700881,6458553196758.565,9199421896523.914,59084651663989.53,84096386060457.83,97278916568802.95,0.0002926981246236,0.0004169128061197,0.0026776843372245,0.00381120256157,0.0044086276876065,0.0001119034065614,0.0001593927644868,0.0010237236723567,0.0014570867178727,0.0016854923725207
300,300,0.02,3500,100000.0,17.15,2.43,0.81,1.8658165327664669,,0.35,16050.0,8.103983031147884,3500.0,0.1144629934597105,0.0165166667250891,0.006352711215217,0.0001549764237843,1.4641984895409688e-05,1900384020804.1787,2603217328330.096,17199567130336.758,24566023436623.64,28459293548723.742,3.0577568297057973,24.78000946131233,5810912218677.741,7960005564909.831,52592093860770.57,75116925942048.61,87021599217212.17,0.0002884540699407,0.0003951352069248,0.0026106750454921,0.0037288092117068,0.0043197579867543,0.0001098760975736,0.0001505124006735,0.000994441805208,0.0014203543907805,0.0016454548557574
301,301,0.02,3510,100000.0,17.15,2.43,0.81,1.863922795333515,,0.351,15954.0,8.276556110429532,3510.0,0.104441286383917,0.0159153017095826,0.0064074299654248,6.716315979868998e-05,-3.3759072998195167e-06,1940852407895.725,2552797171602.0684,17376197711042.04,24906597850059.85,28897484145636.19,3.360739915724082,27.81535248505058,6522700157744.361,8579287351350.61,58396881231012.414,83704597559583.75,97116928432243.38,0.0002954492746479,0.0003886035175085,0.0026451187060809,0.0037914455724777,0.0043989644422454,0.0001121244848522,0.0001474769882726,0.0010038358450728,0.001438872653067,0.0016694291179352
302,302,0.02,3520,100000.0,17.15,2.43,0.81,1.8620378990487645,,0.352,15867.0,8.218637789063566,3520.0,0.1132857812799557,0.0164413168599873,0.0064345223155771,0.000155001484872,-8.46352618303325e-07,1927270561535.406,2429818501625.226,17066296664766.084,24551026743483.92,28528591963711.73,3.10718605656367,25.536836742125583,5988388216028.449,7549898168230.332,53028159033940.25,76284607971675.02,88643643163039.47,0.0002941849949212,0.0003708955856155,0.0026050563412586,0.0037475504591786,0.0043546992567919,0.0001112492314972,0.0001402581694436,0.0009851301765056,0.001417176660191,0.0016467765320575
303,303,0.02,3530,100000.0,17.15,2.43,0.81,1.8601617792683764,,0.353,15878.0,8.049324242442813,3530.0,0.1045538334783486,0.0160657625755652,0.0066182426818548,3.476978265937687e-05,-1.6579751468004117e-05,1887566534852.84,2276812372193.925,16530285743142.793,23867703626108.69,27777632094492.3,3.376251145043862,27.176540190376866,6372898674643.376,7687090378669.771,55810396168188.086,80583361697217.03,93784262165636.77,0.0002889429754441,0.0003485275507922,0.0025304061390013,0.003653595873527,0.0042521158963015,0.0001088580849064,0.0001313063301091,0.0009533201695036,0.0013764773108017,0.0016019672828533
304,304,0.02,3540,100000.0,17.15,2.43,0.81,1.870887481113771,,0.354,16032.0,8.325852808066738,3540.0,0.1050166385366537,0.015423948564413,0.0060443938786817,6.15391055670851e-05,2.2595151338722946e-05,1952412483491.65,2248544807765.586,16907410400698.492,24504018254048.684,28563066620574.07,3.370894411902586,28.065570705035626,6581376330330.854,7579607127409.589,56993095239458.21,82600458201731.67,96283081658094.42,0.0002997271261506,0.0003451882627011,0.0025955629626934,0.0037617660369056,0.0043848960937414,0.0001124953175357,0.0001295580540903,0.0009741816946039,0.0014118877735616,0.0016457645484471
305,305,0.02,3550,100000.0,17.15,2.43,0.81,1.8690058871334967,,0.355,15984.0,8.358410534130735,3550.0,0.1027913322213862,0.0155654389378247,0.0063651275834736,-8.289727970275815e-05,1.581829338619038e-06,1960047270253.6567,2150435430345.9023,16782018759595.08,24415478928260.49,28505255017695.844,3.453598589766506,28.86659483336342,6769216488423.72,7426740769626.537,57958356321572.62,84321263595114.28,98445708530048.98,0.0003017157433269,0.0003310227432726,0.0025833046689343,0.0037583452630561,0.0043878963211309,0.0001128266581235,0.0001237860161836,0.0009660272596214,0.0014054339075223,0.0016408546423421
306,306,0.02,3560,100000.0,17.15,2.43,0.81,1.8671329748191288,,0.356,16085.0,8.286472286506429,3560.0,0.1053999304954231,0.0157064349278307,0.0067163579377368,9.354137833044268e-05,-3.62051296343597e-05,1943177751185.7576,2025945202165.9143,16447722358712.02,24022568453124.312,28091872323419.867,3.3776113354786204,27.98848272603356,6563299199254.869,6842855479894.119,55554013481590.88,81138899514583.78,94883426394401.06,0.000299961558129,0.0003127380802681,0.0025389774164417,0.0037082799342792,0.0043364441506971,0.0001117481698776,0.0001165079563495,0.0009458748028174,0.0013814886768642,0.0016155060023014
307,307,0.02,3570,100000.0,17.15,2.43,0.81,1.8780694036287089,,0.357,15899.0,8.212851219585259,3570.0,0.1126843327137976,0.0170372605597311,0.0060118723612141,7.683920483038921e-05,4.705906552609179e-06,1925913610992.7432,1902905214973.222,16113420788892.14,23627990057024.848,27675736615977.79,3.1681422909671912,26.01948127818953,6101568359735.445,6028674487258.68,51049609853439.11,74856834550212.72,87680671606748.45,0.0002981316558222,0.0002945699533844,0.0024943594527462,0.0036576156683478,0.0042842073166343,0.000110648443383,0.0001093265548052,0.0009257554013278,0.0013574857694332,0.001590038700884
308,308,0.02,3580,100000.0,17.15,2.43,0.81,1.876190687961922,,0.358,16142.0,8.487728830020432,3580.0,0.1050413462162396,0.0178437336351268,0.0067705946158109,0.0001375746737524,8.37889162322096e-06,1990372410639.7915,1858037819164.3447,16458254253052.465,24231587009309.613,28429893332901.223,3.408181757905274,28.92772256452231,6783550941380.481,6332530600774.018,56092721912220.3,82585652810223.44,96894243836386.72,0.0003089729385677,0.0002884301459808,0.0025548762397814,0.0037615596982772,0.0044132784594866,0.0001142414929338,0.0001066458785572,0.0009446551443852,0.0013908214670288,0.0016317918400287
309,309,0.02,3590,100000.0,17.15,2.43,0.81,1.8743205625562929,,0.359,16065.0,8.391814272590139,3590.0,0.1172888374230751,0.0159118930554034,0.0064661869210817,2.483660777870771e-06,-1.1552557367938225e-05,1967880446922.388,1745322008647.1472,16079997379330.367,23772663340391.305,27938441644559.33,3.0608198349263462,25.685831576561903,6023327504703.767,5342116222400.68,49217974924218.055,72763839481296.12,85514536342599.44,0.0003062894515594,0.0002716494905262,0.0025027605645934,0.003700080473904,0.0043484602848306,0.0001128410637362,0.0001000792463414,0.000922049920257,0.0013631583277171,0.0016020299806506
310,310,0.02,3600,100000.0,17.15,2.43,0.81,1.8724589658581048,,0.36,15875.0,8.090806247999554,3600.0,0.1054239850163867,0.0163405923748636,0.0068376931990741,-1.7099087552427434e-06,-7.399796289342172e-06,1897294065155.8955,1620359811221.1128,15317844357440.809,22741497674769.23,26772232131094.145,3.4147826981122265,27.62834518944717,6478846946925.363,5533176648074.249,52307109884164.86,77657272788961.39,91421355071104.5,0.0002961256520767,0.0002529023383928,0.0023907768079085,0.003549444944682,0.0041785534688418,0.0001086882137197,9.282378346047632e-05,0.0008774966262862,0.001302767349024,0.0015336716332266
311,311,0.02,3610,100000.0,17.15,2.43,0.81,1.883597625804449,,0.361,16204.0,8.525266604743477,3610.0,0.1062222565078627,0.0151876689260439,0.0065236632384936,4.8125537904230886e-05,-2.1499626411866035e-06,1999175018812.3447,1641662576955.284,15945052424223.54,23774630214430.81,28036958785624.44,3.398534467899184,28.97341240425056,6794265208796.755,5579246852442.729,54189810256183.14,80798900245300.47,95284570808013.5,0.0003128821949794,0.0002569294762389,0.0024954908672864,0.0037208640645854,0.0043879425877409,0.0001143984034157,9.39405384640417e-05,0.0009124206347853,0.0013604510424238,0.0016043534415583
312,312,0.02,3620,100000.0,17.15,2.43,0.81,1.8817298694928413,,0.362,16092.0,8.499245211657769,3620.0,0.1053233454181281,0.0161488940463263,0.0065293078850579,-4.977078548635923e-06,8.28765531075295e-08,1993073002133.7468,1571144976238.4058,15701650061089.94,23514596552995.48,27779020726040.848,3.4370347672007475,29.21220128743223,6850261201902.858,5400079907644.193,53967117162385.87,80820485889344.3,95477460034192.56,0.0003127912591164,0.0002465742172243,0.0024642042150772,0.003690361695509,0.004359616963663,0.000113923737461,8.980639825767689e-05,0.0008975038332012,0.0013440906185263,0.0015878444295471
313,313,0.02,3630,100000.0,17.15,2.43,0.81,1.8798705549712225,,0.363,16118.0,8.379026941870217,3630.0,0.1071989114880125,0.0163984999110767,0.0065734323219391,1.1154614176408563e-05,-8.919337111242513e-06,1964881817868.566,1484341546285.965,15287577414484.096,22997176927591.152,27216174312918.6,3.386228413714745,28.373299109842296,6653538641258.019,5026319519690.815,51767229017789.84,77873693947434.33,92160182771018.36,0.0003091730896585,0.0002335603382353,0.0024054920248375,0.0036185933319092,0.0042824502850455,0.0001121876082543,8.475050580447151e-05,0.0008728650906823,0.0013130551937759,0.0015539446058448
314,314,0.02,3640,100000.0,17.15,2.43,0.81,1.8912322811644893,,0.364,16289.0,8.504471871308201,3640.0,0.1065020698952139,0.0170647370255124,0.0065358008604257,-5.627855381770444e-05,2.9576262223553607e-05,1994298653821.7727,1441016978090.4482,15321598775841.465,23153892154445.348,27451168074437.773,3.4177739489770955,29.066362411565663,6816061985512.147,4925070287751.232,52365761152750.32,79134769422888.47,93821887113805.16,0.0003146546500499,0.0002273594740126,0.0024173973601093,0.0036531538639862,0.0043311655791233,0.0001137408906175,8.218556140976794e-05,0.0008738371693277,0.0013205365755342,0.0015656232326569
315,315,0.02,3650,100000.0,17.15,2.43,0.81,1.8893664784185795,,0.365,16104.0,8.55819758319963,3650.0,0.1184500953263523,0.0173271079589933,0.0065139602623992,7.312453486111548e-05,-2.9211031309454103e-06,2006897333260.3127,1384159209211.5024,15222306143231.936,23111395917479.934,27455016876841.68,3.0814664943439367,26.37179910460492,6184186890029.854,4265240226022.8447,46907026347015.086,71216992157231.67,84601714607634.95,0.0003175005936553,0.0002189804945947,0.0024082404003337,0.003656331493591,0.0043435127511249,0.0001143319518186,7.885486785703517e-05,0.0008672072774689,0.0013166448331494,0.0015640987781089
316,316,0.02,3660,100000.0,17.15,2.43,0.81,1.887509033740641,,0.366,16238.0,8.582145212565772,3660.0,0.1074787482457395,0.0159377481275418,0.0065036136522075,3.42023974490475e-05,1.2029562380678814e-05,2012513052346.673,1321886628208.785,15073018076993.35,22986770792284.96,27370412904543.363,3.40532436387496,29.224988186663065,6853259729772.489,4501452741319.896,51328515694713.15,78277410625777.3,93205133913159.12,0.000319249524193,0.0002096938832772,0.0023910671504079,0.0036464437483347,0.0043418308698936,0.0001145243246578,7.522344920609037e-05,0.0008577470907876,0.001308088113009,0.0015575442106291
317,317,0.02,3670,100000.0,17.15,2.43,0.81,1.8856598884175413,,0.367,16104.0,8.320025887358604,3670.0,0.119490386893176,0.0167475887613447,0.0059983322290639,0.0001312335029856,-1.3350076284786752e-05,1951046070585.5923,1217387537635.1443,14454682902929.717,22120368362828.41,26377956328182.742,3.071376782201707,25.55393433775037,5992397602202.462,3739055818034.289,44395777462146.3,67939985803340.375,81016642628311.08,0.0003102986137935,0.0001936159638016,0.0022989042315432,0.0035180715325339,0.0041952075897861,0.0001108986827517,6.919707143645611e-05,0.0008216132451695,0.0012573356162136,0.0014993395874042
318,318,0.02,3680,100000.0,17.15,2.43,0.81,1.8972362390166708,,0.368,16126.0,8.554051744538885,3680.0,0.1098082719690864,0.0161151581757149,0.0064450590987682,0.0001222370870374,-2.7058751903706445e-06,2005925134094.3684,1185701017327.0603,14698852158483.02,22574019473956.9,26959015593536.57,3.351295794032715,28.66715763341137,6722448465034.967,3973634832348.489,49260201415832.84,75652216517484.36,90347635569881.48,0.0003198841550924,0.0001890833120704,0.0023440206334857,0.0035998707148793,0.0042991444589259,0.0001138869566801,6.731850461452768e-05,0.0008345314142428,0.001281646226088,0.0015306055988109
319,319,0.02,3690,100000.0,17.15,2.43,0.81,1.895380253594432,,0.369,16082.0,8.596120885670745,3690.0,0.1088455492290449,0.0168894428548748,0.0066684106167696,2.290651952693771e-05,1.4631245456840642e-05,2015790347689.7896,1125278874509.8328,14607930545340.27,22515659332226.96,26929909283560.4,3.390124838485668,29.141922929137813,6833780926882.817,3814835862698.981,49522708180631.54,76330895957064.25,91295754360363.9,0.0003223070476894,0.0001799221393664,0.0023356788925579,0.0036000547846993,0.0043058543095399,0.0001143042844572,6.380832049978356e-05,0.0008283346779096,0.0012767380953103,0.0015270457141959
320,320,0.02,3700,100000.0,17.15,2.43,0.81,1.8935324879692648,,0.37,16341.0,8.63019856622716,3700.0,0.1214098345863021,0.0163521735238056,0.0064171461722705,7.247093573176437e-05,2.064478020200688e-05,2023781563780.269,1063223714583.975,14501982769820.943,22434866891661.81,26874335032580.96,3.047529067647248,26.300780990144865,6167533142188.972,3240205175606.5444,44195214029548.87,68370908981136.22,81900317185481.22,0.0003244496988609,0.0001704544700833,0.0023249366565857,0.0035967250306345,0.0043084540666148,0.0001146144407004,6.021439940330487e-05,0.0008213023944669,0.001270571768711,0.0015219957203298
321,321,0.02,3710,100000.0,17.15,2.43,0.81,1.9053452797214097,,0.371,16065.0,8.393108634429838,3710.0,0.1200022575430921,0.0160329502706547,0.0064340194714905,0.0001197977146863,2.4479625710982627e-05,1968183974773.797,969325921133.6986,13944225826214.717,21653153526810.69,25978166712479.137,3.0916085046714725,25.948206034834858,6084854315168.774,2996776261575.452,43110087155385.01,66943073596445.04,80314321144073.86,0.0003163306804989,0.0001557921069308,0.0022411453914742,0.0034801405142381,0.0041752657574698,0.0001113270307519,5.482829756459241e-05,0.0007887317838497,0.0012247743704111,0.0014694114988986
322,322,0.02,3720,100000.0,17.15,2.43,0.81,1.9034903442667048,,0.372,16437.0,8.812104554767284,3720.0,0.1104227984310455,0.0163988834701198,0.0065692837398283,4.7976836080899015e-05,-1.5388352720226286e-05,2066438518092.928,949797920184.973,14473029507709.338,22560473954417.72,27109279382217.062,3.3688695204758705,29.68683044580209,6961561739540.592,3199745263922.5293,48757747977469.88,76003293072527.58,91327625032816.02,0.0003329929341029,0.0001530536686565,0.0023322332210386,0.0036354715376517,0.0043684815221268,0.0001167393647976,5.365695853891934e-05,0.0008176252313507,0.0012745094402342,0.0015314852232444
323,323,0.02,3730,100000.0,17.15,2.43,0.81,1.9016435520358448,,0.373,16364.0,8.781406329121474,3730.0,0.121731642076611,0.0163003416687833,0.006970784276794,9.958557732737924e-05,2.6795153958485826e-05,2059239784178.985,878807636316.2812,14255881591588.553,22308850410962.32,26849663401385.44,3.064117049906013,26.90725685521368,6309751732547.607,2692769462024.32,43681689846227.75,68356928908032.41,82270511412422.61,0.0003327003170025,0.0001419842319641,0.0023032462567558,0.0036043211969362,0.0043379559746683,0.000116187298984,4.958445654295757e-05,0.0008043513870938,0.0012587194034435,0.0015149230765672
324,324,0.02,3740,100000.0,17.15,2.43,0.81,1.8998048469297,,0.374,16463.0,8.689598811639692,3740.0,0.1107176327009256,0.0162852284507516,0.0065721829556185,-4.490315802668817e-05,1.1665438949480245e-05,2037710921329.508,802645978428.0062,13941853798761.943,21904394767498.188,26405506501594.04,3.3779623974643864,29.353138034770097,6883310869153.589,2711307933605.816,47095057883163.85,73992221863824.55,89196808048386.05,0.0003300802264146,0.000130017248039,0.0022583822908174,0.0035482008309674,0.0042773169998785,0.0001148290799595,4.523070386056297e-05,0.0007856513050424,0.001234356390739,0.001488003026192
325,325,0.02,3750,100000.0,17.15,2.43,0.81,1.9118457264473587,,0.375,16407.0,8.70340475184137,3750.0,0.1205424357804076,0.0143519603650259,0.0064069831907825,1.3948008147980694e-05,-3.4211861404645633e-05,2040948414306.8013,736840873405.0128,13798756400041.545,21767702285420.52,26283749549791.246,3.11093763430447,27.07574938908768,6349263231741.061,2292266003569.43,42927070591488.91,67717964252050.1,81767105645078.77,0.0003314273121113,0.0001196547587457,0.0022407644956072,0.0035348326340461,0.0042681884580865,0.0001148574748897,4.146684037755989e-05,0.0007765459948023,0.0012250105397717,0.0014791579653669
326,326,0.02,3760,100000.0,17.15,2.43,0.81,1.9099995020850549,,0.376,16376.0,8.84904884486347,3760.0,0.1112192461109771,0.0151633687494407,0.0060599163654383,4.343868654376126e-05,-4.579567963280862e-06,2075101954120.484,712715620862.5366,13861653528374.656,21957602559399.42,26557136517571.56,3.380709842474733,29.9160665263696,7015317600433.671,2409484714335.468,46862228516350.81,74232283089710.02,89781972812899.34,0.0003378470612174,0.000116037131339,0.002256813887567,0.0035749142259465,0.0043237637114636,0.0001166233141942,4.0055505522476935e-05,0.0007790421918696,0.0012340446102668,0.0014925441470658
327,327,0.02,3770,100000.0,17.15,2.43,0.81,1.9081612921502549,,0.377,16218.0,8.734505650367518,3770.0,0.1110832864501389,0.0175700294746915,0.006367471119858,0.0001297727928307,8.929449752638344e-06,2048241575011.183,668475531186.4907,13516387987300.492,21501273840867.65,26049082885569.605,3.393849894504344,29.6436010800474,6951424453271.115,2268705610996.007,45872591944779.56,72972095956537.69,88406677203125.31,0.0003343237099007,0.0001091117484825,0.0022062089899467,0.0035095399516201,0.0042518549257396,0.0001149554417804,3.751749839690256e-05,0.0007585933081879,0.0012067367752778,0.0014619778582852
328,328,0.02,3780,100000.0,17.15,2.43,0.81,1.9063310420304307,,0.378,16532.0,8.73183186692284,3780.0,0.1126169191948065,0.0164309431674538,0.0064506625750253,6.890842254271463e-05,-7.585159344221268e-06,2047614572793.406,633267008247.3126,13346462588003.04,21322637847432.81,25876864366716.266,3.356511638771876,29.30849528912568,6872842145299.97,2125568083632.3503,44797557013065.62,71569682104225.92,86855996421804.38,0.0003350458922504,0.0001036198475192,0.0021838472560214,0.0034889682451223,0.0042341645862394,0.0001147624492939,3.549265271364028e-05,0.0007480278546369,0.0011950677521512,0.0014503180306641
329,329,0.02,3790,100000.0,17.15,2.43,0.81,1.9186070635912644,,0.379,16304.0,8.74481409894498,3790.0,0.1120667810728264,0.0158421753319356,0.0066220021630276,0.0001071690552154,-2.6597986319603007e-05,2050658906202.598,599152597335.363,13200271430599.416,21182029835107.24,25750848693898.8,3.3819120739597888,29.57419238575582,6935148114459.74,2026281403072.832,44642157330690.63,71635762450325.66,87087106112607.98,0.0003363943548941,9.82862390493841e-05,0.0021653999984555,0.0034747442591144,0.0042242228135354,0.0001147751497167,3.353450388768876e-05,0.0007388177161822,0.0011855558417231,0.0014412721224564
330,330,0.02,3800,100000.0,17.15,2.43,0.81,1.9167689464386204,,0.38,16434.0,8.937889033224973,3800.0,0.1135899225482717,0.0175863430936849,0.0068764782398448,9.234371128076136e-05,2.595516404413237e-06,2095934978291.256,576551236650.2709,13322017358102.592,21473589192229.426,26151275986264.92,3.345367189932834,29.90052071901132,7011672108608.155,1928775590405.017,44567039773512.1,71837040733780.62,87485620659329.08,0.0003446904349008,9.48176821141687e-05,0.0021908942808256,0.0035314744370483,0.004300751114076,0.0001171482775589,3.2225228834700155e-05,0.0007446086845619,0.0012002252039946,0.0014616755622154
331,331,0.02,3810,100000.0,17.15,2.43,0.81,1.9149387201237864,,0.381,16619.0,8.982907851382588,3810.0,0.113649911637367,0.0149651431767869,0.0064313111744655,0.0001089576702974,5.628906930993239e-06,2106491891149.2168,543444843050.6401,13218563500651.008,21404747126499.79,26114028930237.777,3.352400318758636,30.11430314435444,7061804087351.114,1821844665070.7024,44313916493113.695,71757281089825.88,87544678909801.34,0.0003472996622988,8.95983560452165e-05,0.002179359274603,0.0035290244789741,0.0043054490106708,0.0001175737184833,3.033234130002149e-05,0.0007377933284765,0.0011947046762593,0.0014575529575074
332,332,0.02,3820,100000.0,17.15,2.43,0.81,1.913116331454547,,0.382,16419.0,8.6860915946902,3820.0,0.1135541078756432,0.016765849811018,0.0059358153786402,2.8415124172114243e-05,3.2762345391207865e-05,2036888478954.852,490667627270.0096,12616871941526.885,20526331482595.035,25087776344298.48,3.3640350591133217,29.220316651207373,6852164254708.129,1650623100508.2605,42443599547639.59,69051298742431.22,84396159177413.9,0.0003366182333485,8.108822429871877e-05,0.002085076913745,0.0033922021319221,0.0041460310856071,0.0001135300745178,2.7348346688107374e-05,0.0007032267237521,0.0011440763531605,0.0013983176532655
333,333,0.02,3830,100000.0,17.15,2.43,0.81,1.9256348534933585,,0.383,16568.0,8.950332426534802,3830.0,0.112571479883627,0.016210230228312,0.0059948503395978,2.0168189714165005e-05,1.8746720997426736e-05,2098852954022.411,469714488049.3234,12830755221616.855,20974406473709.34,25682620762204.984,3.402282713134213,30.45156129160395,7140891122881.125,1598101482798.9,43653856686963.56,71360860563751.61,87379536647231.84,0.0003477279134538,7.782004858196078e-05,0.0021257381241019,0.0034749392924632,0.0042549737048285,0.0001168089799519,2.614135979014781e-05,0.0007140792910615,0.0011673037982947,0.0014293334499578
334,334,0.02,3840,100000.0,17.15,2.43,0.81,1.923804251120696,,0.384,16476.0,9.00506369941307,3840.0,0.1136200694245417,0.0156204541452581,0.0068667494376353,0.000105391295093,2.6095493255084686e-06,2111687437512.3647,436487577506.0039,12738239733225.65,20925227040245.01,25670286066614.727,3.3796846098129274,30.434275195291413,7136837533295.837,1475190348071.5686,43051232782490.26,70720667784757.38,86757470748833.02,0.0003507157593677,7.249324378230498e-05,0.0021156073297995,0.0034753281953544,0.0042634026755618,0.0001173479134604,2.4255912859945425e-05,0.0007078726838542,0.0011628291612852,0.0014265153328747
335,335,0.02,3850,100000.0,17.15,2.43,0.81,1.92198142099036,,0.385,16367.0,8.881364484577915,3850.0,0.1152655724008582,0.0160501889565251,0.0068792755291424,0.0002491414072764,-4.051669266997424e-06,2082679971633.5208,394888377176.8604,12394632351161.838,20462784462472.5,25150605753425.1,3.340112680489612,29.664758134988784,6956385782654.869,1318971675986.396,41399468686122.43,68348005861230.2,84005857199010.17,0.0003467474964578,6.574536560168994e-05,0.0020635948853483,0.0034068696965251,0.0041873498080251,0.0001155635195766,2.1911523291145537e-05,0.0006877520108069,0.0011354367569809,0.0013955540745271
336,336,0.02,3860,100000.0,17.15,2.43,0.81,1.920166311267474,,0.386,16388.0,8.699709339349463,3860.0,0.1139468953197138,0.0164652206052217,0.00679828419112,-5.0226432794321726e-05,-1.9068289125594608e-05,2040081840077.449,351936401553.7546,11975940618345.637,19872827408064.043,24472547171224.51,3.3875429331966944,29.47063889337856,6910864820497.271,1192199670018.0957,40569013010060.016,67320056048824.93,82901804227204.36,0.0003404491950108,5.873120492041597e-05,0.0019985469518513,0.0033163807258874,0.0040839827210036,0.0001130314392135,1.949915792483459e-05,0.0006635311277395,0.0011010608687593,0.001355909931476
337,337,0.02,3870,100000.0,17.15,2.43,0.81,1.9329350113489463,,0.387,16593.0,9.009545165038984,3870.0,0.1149560643812037,0.0153617256068861,0.0064039578260599,-5.464553536746143e-05,7.9711023641257e-06,2112738341201.6416,328353262361.1544,12231397163088.184,20403062072744.934,25174656590787.68,3.366503560148652,30.33066587342381,7112541147317.884,1105402426725.2505,41177042095128.48,68686981105829.74,84750571038406.44,0.0003534351288316,5.492946065384094e-05,0.00204616224727,0.0034131812404837,0.0042114102924814,0.000116881178649,1.816520085313106e-05,0.0006766669061979,0.0011287407894326,0.0013927155469442
338,338,0.02,3880,100000.0,17.15,2.43,0.81,1.9311113418241657,,0.388,16488.0,9.055905933407931,3880.0,0.1245474633133199,0.0171118867031115,0.0066586875487876,1.658577850813471e-05,-6.2241748945351565e-06,2123609941384.1604,293739853710.28845,12122395877568.922,20329611192734.43,25133858576365.023,3.115278221475466,28.21166653007619,6615635801302.866,915081369043.051,37764635869494.43,63332394999789.445,78298962244594.31,0.0003561189769813,4.925873351947966e-05,0.0020328663632404,0.003409176138847,0.0042148248740892,0.0001173064249429,1.6225942170693885e-05,0.0006696309404228,0.0011229906034178,0.0013883731833975
339,339,0.02,3890,100000.0,17.15,2.43,0.81,1.9292953307405591,,0.389,16516.0,9.00933287831891,3890.0,0.1148174884019681,0.0160296691069354,0.0065332724852916,2.3167213710780243e-05,1.169554846514557e-05,2112688559965.7844,256112869028.81448,11888995762612.2,20047537273674.496,24849164307420.188,3.3879856232191536,30.523490266540104,7157758467503.655,867706718191.0336,40279746718243.57,67920768064159.305,84188611422550.14,0.0003551479578749,4.305318074073223e-05,0.0019985683864091,0.0033700385651178,0.0041772034581485,0.0001165213048099,1.4125416421215989e-05,0.000655714867487,0.0011056836514476,0.0013705082251139
340,340,0.02,3900,100000.0,17.15,2.43,0.81,1.927486927561049,,0.39,16653.0,8.89320317251834,3900.0,0.113816766986929,0.0166118323078636,0.0064299677196277,8.545394216780018e-05,4.596657644882334e-06,2085456143955.551,224830184882.4537,11566895701128.045,19613892062672.543,24376551701726.824,3.426560166172956,30.473095740634303,7145940951178.744,770394155671.517,39634664055762.56,67208181245569.65,83527721049792.72,0.0003513670849353,3.788040659430443e-05,0.0019488429119147,0.0033046372604251,0.0041070717008539,0.0001148404229143,1.238078949329576e-05,0.0006369576257807,0.0010800839260045,0.0013423506961456
341,341,0.02,3910,100000.0,17.15,2.43,0.81,1.9405138183462285,,0.391,16479.0,8.976314827418127,3910.0,0.1155576520172871,0.0149928228835876,0.0063545292351271,6.498856987150954e-05,7.497468595526409e-06,2104945827029.551,211756674055.50748,11504564718061.922,19620322755158.68,24450631459442.805,3.383592459472154,30.372191163900062,7122278827934.564,716498285577.1178,38926758429543.7,66387176126764.81,82730972235503.3,0.0003554942235329,3.5762570919701984e-05,0.001942950858409,0.003313582380005,0.0041293500925057,0.0001157266267172,1.164205047875262e-05,0.0006325029602072,0.0010786946335637,0.0013442574452864
342,342,0.02,3920,100000.0,17.15,2.43,0.81,1.9386965093121085,,0.392,16364.0,9.031416943435872,3920.0,0.1287904462596998,0.0165662596204782,0.0059430431157844,0.000180568223279,6.644717275461603e-06,2117867273235.712,197788747769.854,11423214987522.145,19584846111535.95,24446048782208.83,3.043704027622908,27.488960125877536,6446161149518.282,602010408205.596,34768885465923.52,59610474990056.81,74406537137875.1,0.0003585247315131,3.348281480461265e-05,0.0019337874182081,0.0033154351939799,0.0041383674921267,0.0001162494455155,1.0856597364729638e-05,0.0006270187112695,0.0010750095295135,0.0013418402804986
343,343,0.02,3930,100000.0,17.15,2.43,0.81,1.936886749524311,,0.393,16776.0,9.210695978369086,3930.0,0.1150599892412174,0.0163301780031097,0.0065653634304807,9.407364108418932e-05,2.1150133214110813e-05,2159908206927.5508,186144079127.772,11511657692931.049,19815540288466.297,24773571464051.684,3.41560956672867,31.46014129994674,7377403134837.51,635795497458.7164,39319328144880.98,67682148979182.87,84616847694651.31,0.00036650642148,3.158606467719389e-05,0.0019533684129756,0.0033624219480836,0.0042037309712736,0.0001183660519916,1.020096116923075e-05,0.0006308552690438,0.0010859198851617,0.0013576270688389
344,344,0.02,3940,100000.0,17.15,2.43,0.81,1.9350844896869648,,0.3939999999999999,16618.0,8.94860795274236,3940.0,0.1163977713958956,0.0160900036912968,0.0063725252611584,0.0001211155283768,-4.911008534220682e-06,2098448564918.0835,165719568523.6002,11049717147351.602,19098115385670.36,23915388347648.977,3.384944533516153,30.290541572214423,7103131998684.283,560951547570.616,37402679654827.51,64646061275185.625,80952263054290.31,0.000356877650618,2.818349292180293e-05,0.0018791964508763,0.0032479664567504,0.0040672274507047,0.0001148129935776,9.067060339091005e-06,0.0006045662138606,0.0010449204406426,0.0013084892213561
345,345,0.02,3950,100000.0,17.15,2.43,0.81,1.948377935962774,,0.395,16638.0,9.070295352335894,3950.0,0.1277379187299629,0.0156332116378442,0.0065059122656834,9.16086070329652e-05,2.540186170664584e-05,2126984260122.767,152639558285.3764,11063769834255.783,19202153434356.96,24085259629913.297,3.0922689513599098,28.04779269769238,6577207387608.863,472002566835.1608,34212151943461.543,59378222864311.09,74478100539023.16,0.0003625679745326,2.601909967960821e-05,0.0018859418448495,0.0032732192747673,0.0041055986938085,0.0001161842060481,8.337770158156792e-06,0.0006043464158112,0.0010488967845281,0.0013156311591147
346,346,0.02,3960,100000.0,17.15,2.43,0.81,1.9465664237436828,,0.396,16706.0,9.260524541784688,3960.0,0.1168421684160421,0.0166526852674493,0.0065050391794929,5.4700372936661846e-05,1.161003840993647e-06,2171593005048.5093,140185702080.85715,11156744481771.238,19445943800917.28,24431794753933.76,3.389187357341361,31.385652699366062,7359935558001.342,475115609172.4636,37812297346707.08,65905946881639.45,82803929897191.27,0.0003710265047754,2.3951362406141434e-05,0.0019061803478466,0.0033224276113165,0.0041742828383911,0.0001184274880186,7.645005539696303e-06,0.0006084313314557,0.0010604815318247,0.0013323841409362
347,347,0.02,3970,100000.0,17.15,2.43,0.81,1.944762356005392,,0.397,16585.0,9.172862491693436,3970.0,0.1182575728562369,0.0146547032782209,0.0063859716768563,1.381949266139417e-05,-1.202599558608094e-05,2151036254302.1104,123351739734.24825,10913385603510.994,19104437017754.92,24043420231589.41,3.357078878006603,30.794022921723048,7221198375144.055,414101520027.2126,36637096297088.1,64135101988512.5,80715658214505.44,0.0003683192192289,2.1121362496136176e-05,0.0018686852239658,0.0032712286053357,0.0041169244588881,0.0001171071724512,6.71554160388109e-06,0.000594148856088,0.001040087816255,0.0013089769889966
348,348,0.02,3980,100000.0,17.15,2.43,0.81,1.942965684639614,,0.398,16738.0,9.106076819779965,3980.0,0.116287193412063,0.0156263641742871,0.0062927688084312,7.346777455566407e-05,3.926517555380656e-05,2135375014238.401,107059609167.2712,10697183640253.377,18809060410589.312,23712410896366.4,3.422560888452171,31.166102370619832,7308451005910.351,366418031068.8779,36611762343721.62,64375154509817.12,81157170104810.72,0.0003664768667773,1.8373760985501286e-05,0.001835869726714,0.0032280444794643,0.0040695662312675,0.0001160574051316,5.818678382724951e-06,0.0005813907942287,0.0010222704347768,0.001288767012678
349,349,0.02,3990,100000.0,17.15,2.43,0.81,1.956534421487116,,0.3989999999999999,16545.0,8.994857609750158,3990.0,0.1291563338500054,0.0162028103635522,0.0057560505543702,0.00012572377587,2.521111922763153e-05,2109294109486.412,90545997461.658,10431457316256.297,18424959065565.84,23268744298198.37,3.089279388058312,27.78762821232062,6516198815789.186,279721883629.48035,32225686074520.656,56919846267070.67,71883652146423.6,0.0003628294607521,1.557523689300852e-05,0.0017943633445398,0.0031693626469982,0.0040025646059147,0.0001144427382934,4.912701289222397e-06,0.0005659734857715,0.0009996722405493,0.0012624786662795
350,350,0.02,4000,100000.0,17.15,2.43,0.81,1.9547281502217368,,0.4,16507.0,9.17816295546945,4000.0,0.1305607514368603,0.0170766511075549,0.0069301467810951,0.0001430593562702,1.603864091663577e-05,2152279213057.5864,76875329802.32326,10506212578472.305,18642921144341.28,23585746967011.6,3.0637078570541285,28.119209959994897,6593954735618.804,235523551929.0052,32187966024546.52,57116463988358.91,72259838297324.03,0.0003710548528231,1.3253375311379704e-05,0.0018112804037612,0.0032140562058303,0.0040662037789864,0.000116574456231,4.163818390718761e-06,0.0005690507118932,0.0010097613644993,0.0012774809192052
351,351,0.02,4010,100000.0,17.15,2.43,0.81,1.9529292229344333,,0.401,16688.0,9.299094398984534,4010.0,0.1180157115209112,0.014331349971221,0.0059095324574443,8.845033581148209e-05,2.895055136922484e-05,2180637636561.8733,62167905582.57535,10504999986953.588,18728966341702.684,23737252715141.58,3.397852665820233,31.596952693303603,7409485406579.696,211237383712.21423,35694442210111.766,63638268212211.89,80655687417392.39,0.0003767576397218,1.0741002072526964e-05,0.0018149916033746,0.0032358797422459,0.0041011817628434,0.000117904489418,3.361344885094328e-06,0.0005679928838387,0.0010126529859071,0.00128344508718
352,352,0.02,4020,100000.0,17.15,2.43,0.81,1.95113759265352,,0.402,16750.0,9.217875379220503,4020.0,0.1200228417837934,0.0170147303924572,0.0064429776241456,0.0001132515433538,1.3227174595797817e-05,2161591776427.208,47926239242.60179,10274825728695.254,18407186118728.363,23372060704682.5,3.34936245489133,30.87400570902833,7239954338767.144,160522346323.30994,34414115526243.336,61652338086265.64,78281502617704.58,0.000374300892061,8.298900050075654e-06,0.0017791872072989,0.0031873854534924,0.0040471023559897,0.0001166712604401,2.586804225279685e-06,0.0005545806019633,0.0009935222871631,0.0012614998869058
353,353,0.02,4030,100000.0,17.15,2.43,0.81,1.9649907448379336,,0.403,16840.0,9.078466252036156,4030.0,0.1196022649892256,0.0155709496104589,0.0069068795414199,0.000138885336439,-2.647535094171598e-05,2128900336102.4785,42519834544.88045,9983102227091.086,17972992489146.277,22863105372720.465,3.369501405649,30.58990479737284,7173332674983.93,143270642266.93756,33638076986921.08,60560023455897.29,77037265690882.81,0.000369447095673,7.3788467758263166e-06,0.0017324569220362,0.0031190139637186,0.0039676389424047,0.0001147052269617,2.290970220228206e-06,0.0005378899083819,0.0009683854841334,0.0012318649428316
354,354,0.02,4040,100000.0,17.15,2.43,0.81,1.96318916563474,,0.4039999999999999,16951.0,9.42811958891038,4040.0,0.117708916767242,0.0158330068770158,0.0063596659395946,7.911895540294743e-05,-2.684313426579734e-05,2210894043599.4844,39295580408.47424,10226017286204.842,18503406553258.41,23582198620156.133,3.432195377338072,32.35914847004873,7588220316226.427,134870109427.78175,35097689258291.47,63507306437100.49,80938713091568.12,0.0003845280716246,6.83445405336629e-06,0.0017785523095728,0.0032181909671381,0.0041015160298295,0.0001189144992066,2.1135405737038576e-06,0.0005500135693918,0.0009952188031205,0.0012683852250746
355,355,0.02,4050,100000.0,17.15,2.43,0.81,1.961394834013073,,0.405,16663.0,9.3460641957367,4050.0,0.1321078402506827,0.0169884312191184,0.0060341148366048,6.1442521212211e-05,7.275261463308446e-08,2191652053900.256,34134007157.40857,9996669833286.793,18181966584298.363,23216892175395.445,3.065677246948308,28.65201635338824,6718897834869.541,104643849089.63812,30646563253161.85,55740041262257.93,71175498086962.02,0.0003819827290346,5.94921131922846e-06,0.0017423181829347,0.0031689324054548,0.0040464688804399,0.0001176643806821,1.832570459909299e-06,0.0005366964900858,0.0009761448373696,0.0012464575452663
356,356,0.02,4060,100000.0,17.15,2.43,0.81,1.95960770408936,,0.406,16519.0,9.196751992759324,4060.0,0.1210603078502572,0.0168878326086863,0.0067813989194106,9.532280944534892e-05,-1.4812772118144393e-05,2156638342302.0613,28846107865.65409,9698858031381.29,17733655058883.254,22688473178142.395,3.353700376362766,30.84315061943197,7232718820256.796,96741202805.64508,32527063830132.465,59473365645264.25,76090341036632.69,0.0003766960645676,5.038496765055954e-06,0.0016940817473,0.0030975050104831,0.0039629540055988,0.0001155736157672,1.5458544538755588e-06,0.0005197589551819,0.0009503413695858,0.0012158686183042
357,357,0.02,4070,100000.0,17.15,2.43,0.81,1.95782773037931,,0.407,16987.0,9.26698506372528,4070.0,0.1187367358952542,0.0170158535635239,0.006352580783253,0.0001543934513455,-1.891562309814669e-05,2173107997443.578,24287603633.71629,9633765314744.434,17710039318289.387,22703028765516.89,3.427751293071105,31.764920035054946,7448873748220.384,83251864761.06947,33022151514758.8,60705610173606.56,77820336207631.02,0.0003803943329512,4.251453123407022e-06,0.001686354168786,0.0031000753763487,0.003974079288002,0.0001162428620878,1.2991809716583863e-06,0.0005153248040067,0.0009473370216608,0.0012144196445229
358,358,0.02,4080,100000.0,17.15,2.43,0.81,1.9719573768742,,0.408,16788.0,9.287692030061894,4080.0,0.1220173603919647,0.015155374851631,0.0062895652797255,6.005149311477191e-05,3.5571410628868163e-06,2177963781049.5144,19552401792.37775,9515820661644.871,17590214010931.203,22594693718172.062,3.343786479967716,31.056059040224863,7282645844932.732,65379056764.24925,31818872474205.56,58817919789490.445,75551831373835.22,0.0003820529037201,3.429832922144323e-06,0.0016692412181941,0.0030856308991039,0.0039635040852405,0.0001162895530439,1.0439751501632645e-06,0.0005080849099592,0.0009392066769323,0.0012064143841662
359,359,0.02,4090,100000.0,17.15,2.43,0.81,1.9701671021307143,,0.409,16563.0,9.317949872433122,4090.0,0.1196638480651017,0.0168654620501087,0.0060139839745176,8.4896829742322e-05,-4.25275046906225e-06,2185059245085.5671,14811024900.387934,9406896150572.78,17487602695525.545,22508720783665.18,3.417907802676445,31.84789357393716,7468331043088.263,50622717572.67104,32151903752009.72,59771013703142.38,76932732394754.69,0.0003840795233952,2.6034128811523304e-06,0.0016535003333511,0.0030738892429255,0.0039564779629072,0.0001164545090968,7.893656146279917e-07,0.0005013481789125,0.0009320160044941,0.0011996205755769
360,360,0.02,4100,100000.0,17.15,2.43,0.81,1.9683839376893304,,0.41,16959.0,9.53186773911841,4100.0,0.1222761105509562,0.0156372316020961,0.0064867258014856,4.7623919433756304e-05,1.4869467041615944e-05,2235222984823.267,10235662044.287508,9479718094023.22,17725487478281.543,22862220694037.44,3.353067072158305,31.960991852205964,7494852589342.299,34320861362.44101,31786130594412.543,59434748401380.18,76658559405593.11,0.0003937255528443,1.80297076599446e-06,0.0016698142747817,0.003122273439477,0.0040270883679739,0.0001189100196207,5.445196218819163e-07,0.000504304703474,0.000942965457201,0.0012162308323422
361,361,0.02,4110,100000.0,17.15,2.43,0.81,1.966607839094845,,0.411,16938.0,9.385177122225327,4110.0,0.1205491264854572,0.0154626052916895,0.0059256837862828,0.0001212576847005,1.0795659320158085e-05,2200824035161.84,5238397129.15623,9192894936536.465,17291629958250.3,22349648437059.973,3.4093984086195936,31.99780794512806,7503485963132.528,17859782835.862698,31342241367234.54,58954055662097.45,76198855814519.67,0.0003884814126216,9.246627100099308e-07,0.0016226962055898,0.0030522553031904,0.0039450782332934,0.0001168593611865,2.781484263958791e-07,0.0004881243627728,0.0009181510191232,0.0011867216994047
362,362,0.02,4120,100000.0,17.15,2.43,0.81,1.9810411405171136,,0.412,16752.0,9.134730556487076,4120.0,0.1198734390400204,0.0176479416898396,0.0063147126973358,0.0002023801665136,-3.6055327892075246e-06,2142094315496.2195,4048266987.127609,8810405287342.854,16673424069472.064,21596795639865.95,3.436958206083096,31.39568714647626,7362288635848.684,13913724441.823524,30280994751250.92,57305861679075.41,74227283999536.89,0.0003789073849559,7.160834360090377e-07,0.00155844100966,0.0029493022163972,0.0038201797652563,0.000113526934457,2.1455046941095842e-07,0.0004669347639646,0.0008836598406597,0.0011445891926197
363,363,0.02,4130,100000.0,17.15,2.43,0.81,1.979254389063113,,0.413,16955.0,9.519027255480305,4130.0,0.1346813550499064,0.0148390358163965,0.0069009050787153,6.757224379487231e-05,-2.0030159609558256e-05,2232211891410.131,3371830728.8414674,9038112577908.793,17211504014754.232,22342342855871.867,3.0664972137157527,29.190070556214657,6845071545432.336,10339709535.113516,27715347037406.613,52779029105101.34,68512732115413.13,0.0003956290822048,5.976109623531768e-07,0.0016018820604901,0.0030505041044385,0.0039598752396179,0.0001180745878842,1.783556145612278e-07,0.0004780780095269,0.0009104159202942,0.0011818156400057
364,364,0.02,4140,100000.0,17.15,2.43,0.81,1.977474660291654,,0.414,16916.0,9.572092419867664,4140.0,0.1338571420301377,0.016753168078312,0.0063827656357303,3.83200608862057e-06,-4.675574130056207e-06,2244655672458.968,2539160946.6055737,8944754853107.502,17143172837340.02,22313377618743.86,3.092849538852312,29.605041626639416,6942382261446.942,7853242762.780848,27664780922580.52,53021254204432.56,69011919678369.44,0.0003986638526904,4.509696957065564e-07,0.0015886402867325,0.0030447268213679,0.0039629851460823,0.000118504016158,1.3405208359407725e-07,0.0004722280511206,0.0009050541051093,0.0011780091237669
365,365,0.02,4150,100000.0,17.15,2.43,0.81,1.9757019107331075,,0.415,16971.0,9.536622826657329,4150.0,0.1214185929129598,0.0151822493011685,0.0065021089114973,5.587437079463832e-05,6.350044240297961e-06,2236338052851.144,1681440629.0927064,8768400549316.858,16915978041581.629,22085142705473.43,3.4179279305064663,32.59548952193761,7643642292894.369,5747042889.664324,29969761143378.33,57817593820155.92,75485426102258.78,0.0003979972880742,2.992431352601395e-07,0.0015604973652921,0.0030105079046924,0.0039304553675615,0.0001178368950167,8.859829695007212e-08,0.0004620236612604,0.0008913349777551,0.0011637080713697
366,366,0.02,4160,100000.0,17.15,2.43,0.81,1.9739360972879385,,0.416,17013.0,9.379596120101612,4160.0,0.1231478678128041,0.0154345526076798,0.0063832976332884,7.035800713256982e-05,1.2629852195402372e-05,2199515290163.828,819411211.3997588,8483171834378.143,16476469982505.266,21578340842399.76,3.37805280260603,31.684770960821897,7430078790312.734,2768014339.1557574,28656602390109.617,55658385601456.03,72892774758256.64,0.0003921966631775,1.4610961984141817e-07,0.0015126385806377,0.0029379275411182,0.0038476446665963,0.0001156732504595,4.309311179126679e-08,0.0004461328660354,0.0008665031097983,0.0011348122179133
367,367,0.02,4170,100000.0,17.15,2.43,0.81,1.9886655267326885,,0.417,16910.0,9.391097447342236,4170.0,0.1236300479458805,0.0154432477908368,0.0059107291625112,0.0001352705320013,1.4818088721801388e-05,2202212351401.7544,91976408.39926986,8352549958394.003,16335500695186.02,21461469215274.48,3.372966418184544,31.67585631978396,7427988306989.339,310233336.79596406,28172870515871.684,55099095269092.72,72388814948022.2,0.0003934743822612,1.6433637952521637e-08,0.0014923694497912,0.0029187017504804,0.0038345704202971,0.0001155895628491,4.8276510812129895e-09,0.0004384080389667,0.0008574165806837,0.0011264680461512
368,368,0.02,4180,100000.0,17.15,2.43,0.81,1.986888708103831,,0.418,16975.0,9.618820814630071,4180.0,0.1244644788484947,0.0165326273220782,0.0065058217965992,9.823497808399614e-05,1.3747823015718104e-05,2255613481030.752,94206731.05848692,8410646065358.996,16566536786248.482,21835078528571.57,3.358387902052065,32.30373145586022,7575225026399.224,316382745.8786951,28246211994343.46,55636856721837.41,73330663570711.6,0.0004038159832863,1.6865559660155888e-08,0.0015057337347551,0.0029658593541174,0.0039090712040436,0.0001181623796318,4.935105953580154e-09,0.0004405994030812,0.0008678532139413,0.0011438506021012
369,369,0.02,4190,100000.0,17.15,2.43,0.81,1.9851187856606425,,0.419,17116.0,9.720632185200444,4190.0,0.1253654954616649,0.0152772576069642,0.0068669744147186,-4.570722727555696e-05,-2.1292039334583068e-05,2279488247429.5044,95203871.62185316,8369200223144.567,16599830703589.816,21917833451671.42,3.3422274482863936,32.48856370407307,7618568188605.136,318192992.9176917,27971770705998.383,55480409814445.12,73254384569145.94,0.00040889817878,1.7077819884741892e-08,0.0015012802689149,0.0029777036799419,0.0039316553578635,0.000119172415191,4.977290551732866e-09,0.0004375446133291,0.000867844753725,0.001145871732893
370,370,0.02,4200,100000.0,17.15,2.43,0.81,1.983355717236288,,0.42,16833.0,9.456068231708953,4200.0,0.1236242106178906,0.0162040000016176,0.0058448022060284,-3.897246472681905e-05,-3.890860582613361e-05,2217448000335.749,92612732.26135749,8035241073942.564,16011829512350.39,21176978644221.22,3.3973927752564226,32.12597789273977,7533541815847.478,314641827.4814933,27298869972056.125,54398473903896.78,71946514247636.72,0.0003985097303347,1.6643941573127845e-08,0.0014440572013714,0.002877573616232,0.0038058308684286,0.0001156957560881,4.832086290519638e-09,0.0004192401766621,0.0008354201413086,0.0011049127445305
371,371,0.02,4210,100000.0,17.15,2.43,0.81,1.981599461018687,,0.421,17151.0,9.421454478909562,4210.0,0.1253828610497294,0.0164960108056786,0.0068857864366246,6.534345642249417e-05,-1.4849124084259806e-05,2209331075304.2925,92273725.16644023,7900040116293.012,15817509254078.96,20955666263884.703,3.3577156915650765,31.634565541200708,7418305619411.566,309828934.9105197,26526088662470.64,53110699023896.73,70363169441446.57,0.0003978324272114,1.661565369769258e-08,0.001422553717577,0.0028482458647004,0.0037734695658712,0.0001150384701657,4.804634442659403e-09,0.0004113500866326,0.0008236076913785,0.0010911482734518
372,372,0.02,4220,100000.0,17.15,2.43,0.81,1.9966354096423216,,0.422,17012.0,9.560931168911331,4220.0,0.1250407487641496,0.0175006725682848,0.006293493824381,5.792920124847313e-05,-7.14328990022338e-06,2242038359109.707,93639759.86831756,7909639330697.568,15913955811438.52,21119974014424.234,3.3748998160269457,32.26718484300514,7566654845684.705,316024808.3523923,26694240322010.715,53708006540284.8,71277796415774.22,0.0004045142130178,1.6894721544977323e-08,0.0014270770685578,0.0028712360272112,0.0038105189559716,0.000116505233246,4.865894475102372e-09,0.0004110163286772,0.0008269524587503,0.0010974778770856
373,373,0.02,4230,100000.0,17.15,2.43,0.81,1.9948677957932583,,0.423,16891.0,9.634291066187505,4230.0,0.126368159051708,0.0172652885178381,0.0064869049474173,6.729472259862154e-06,1.452552239572353e-05,2259241255020.9697,94358246.70224042,7862151125471.051,15897286690182.002,21134982212522.55,3.347362208757939,32.24946182313029,7562498797524.052,315851229.095738,26317467556945.49,53213976688505.805,70746440740969.23,0.0004084001858592,1.705702098211175e-08,0.00142123112074,0.0028737324198992,0.0038205440187242,0.000117160509613,4.893262392963882e-09,0.0004077181356651,0.0008244069578434,0.0010960251726894
374,374,0.02,4240,100000.0,17.15,2.43,0.81,1.993106957317769,,0.424,17210.0,9.805740087096336,4240.0,0.12543073816596,0.0165204070608828,0.0063397621262849,0.0002177575721054,1.9444578167835303e-05,2299446050424.092,96037418.41302152,7891960625432.799,16038945519033.938,21361434559741.543,3.3803516283145574,33.146849470245435,7772936200772.554,324640243.7115838,26677601950776.133,54217275601714.84,72209160097157.19,0.000416416312139,1.7391818170959002e-08,0.0014291881901657,0.0029045597927394,0.0038684316162698,0.0001190035476995,4.970237723535853e-09,0.0004084337236606,0.0008300657533463,0.001105521260693
375,375,0.02,4250,100000.0,17.15,2.43,0.81,1.9913528532868687,,0.425,16911.0,9.508354244399854,4250.0,0.1259283611425417,0.0164508704618255,0.0063275213894447,0.0001339282694659,2.440779682405415e-07,2229709070311.7656,93124821.46965218,7545851507930.566,15415559703756.32,20568469961924.19,3.3749347338756444,32.090075001418974,7525122587832.749,314290194.5638975,25466756350782.777,52026507886340.95,69417243697175.805,0.0004045574870381,1.689652890427188e-08,0.001369116161502,0.0027969927458591,0.0037319346415236,0.0001151575395582,4.8096074304201315e-09,0.0003897197643833,0.0007961657195706,0.0010622975099445
376,376,0.02,4260,100000.0,17.15,2.43,0.81,1.989605443111692,,0.426,17034.0,9.347224234954314,4260.0,0.1371780166355165,0.0154958691544055,0.0063580080626915,5.497529412491231e-05,-2.005268069055357e-05,2191924083096.7864,91546714.15714256,7313023740757.847,15019685260648.484,20077252029403.09,3.105453850757199,29.027373494329893,6806919084420.359,284294096.00346696,22710257736415.28,46642939429841.984,62348979627332.62,0.0003984580375538,1.6641782600436438e-08,0.0013293950784144,0.0027303474421336,0.003649735182346,0.0001129741306616,4.718416356929314e-09,0.0003769211287886,0.0007741307731495,0.0010348032176787
377,377,0.02,4270,100000.0,17.15,2.43,0.81,2.0049587893323046,,0.427,16911.0,9.58153794339028,4270.0,0.1254482428885239,0.0165742629744652,0.0068922392018288,-7.991828836603545e-05,-6.431533898529875e-06,2246870647725.02,93841582.61756438,7388759056779.34,15258179543051.443,20434305464900.285,3.403794187690947,32.6135831608521,7647885251219.815,319417433.4773854,25149815131714.36,51935702843383.42,69554170170928.94,0.0004092054413826,1.7090652848196223e-08,0.0013456584223756,0.0027788560507176,0.0037215444492007,0.0001155619321979,4.8264970744002665e-09,0.0003800215530925,0.000784764673304,0.001050985211382
378,378,0.02,4280,100000.0,17.15,2.43,0.81,2.003199668271318,,0.428,17246.0,9.890105736613004,4280.0,0.1396905304827669,0.0180628851106417,0.0064594147011404,1.770782662666598e-05,2.6285801452427867e-06,2319229795235.75,96863695.58438778,7515659364483.324,15607100386228.309,20941433022177.395,3.063915632082167,30.302449569354103,7105924424013.538,296782191.0822541,23027346212245.184,47818838844840.54,64162783994851.02,0.0004231183913428,1.7671733581286553e-08,0.0013711507616508,0.0028473466590126,0.0038205379522802,0.0001190325290102,4.971448141264e-09,0.0003857349294027,0.0008010213706748,0.0010748015305983
379,379,0.02,4290,100000.0,17.15,2.43,0.81,2.00144720719573,,0.429,17214.0,9.845899497685268,4290.0,0.1400634189940319,0.0151507953622844,0.0068810324417939,0.0002439668886884,-1.0521951059444108e-05,2308863432207.196,96430739.68032952,7371512327712.87,15395517551349.404,20697557646991.363,3.062898243389871,30.15698827605342,7071813750734.526,295357543.1756672,22578192159678.527,47154903664106.016,63394512959430.445,0.0004220050310326,1.7625233577544054e-08,0.0013473362024017,0.0028139325052285,0.0037830186641959,0.0001182492257371,4.938733120977266e-09,0.0003775345103154,0.0007884866661553,0.0010600324524461
380,380,0.02,4300,100000.0,17.15,2.43,0.81,1.9997013663530192,,0.43,17295.0,9.752522399681643,4300.0,0.1405657218419946,0.0166198613310849,0.0060279069825019,0.0001534916509997,-5.668822722440309e-06,2286966502725.3457,95516204.38248204,7192096475682.597,15109030607455.598,20352417608910.45,3.059067277322056,29.833622144216488,6995984392818.767,292190495.2804563,22001106984103.91,46219541123324.8,62259414721811.14,0.0004187723364894,1.7490218608009117e-08,0.0013169633406481,0.0027666535745212,0.0037267836958419,0.0001168799447393,4.8815444723962044e-09,0.00036756631006,0.0007721768816288,0.0010401505411672
381,381,0.02,4310,100000.0,17.15,2.43,0.81,2.015402157416677,,0.431,17153.0,9.46414154974146,4310.0,0.126566971268403,0.014952752827949,0.006317569574043,0.0001374087333547,-1.532523660066639e-05,2219341193414.372,92691802.33816785,6873159671910.628,14525934343392.844,19606153229110.05,3.4053117940699087,32.228352840081655,7557548740999.147,315644487.7157597,23405251693282.93,49465335539440.79,66765064827430.28,0.0004071198271064,1.7003546211855578e-08,0.0012608244219529,0.0026646627819055,0.0035965870126426,0.0001131823206414,4.727111506876737e-09,0.0003505185070752,0.0007407959458191,0.000999877769091
382,382,0.02,4320,100000.0,17.15,2.43,0.81,2.0136442430326498,,0.432,17189.0,9.793050722496144,4320.0,0.140995658483007,0.0147517313362267,0.0065540918208427,7.36624714576618e-05,-3.909916672147639e-05,2296470394425.3457,95913138.77612723,7002063385647.552,14889695150771.816,20138063795778.56,3.063924128217504,30.005164397513788,7036211051216.983,293870580.10925007,21453790954593.88,45620896234252.93,61701499559469.28,0.0004219757517604,1.762401071531621e-08,0.0012866270639522,0.0027359770541709,0.0037003632312662,0.0001168669381345,4.8810012455854235e-09,0.0003563336633866,0.0007577337318398,0.0010248222060619
383,383,0.02,4330,100000.0,17.15,2.43,0.81,2.011892917376526,,0.433,17385.0,10.01935741439903,4330.0,0.1288904794373593,0.016231231026492,0.0063698687384912,0.0001601534756103,2.683433960524156e-05,2349539313676.5728,98129586.5166241,7051371788196.144,15089458090493.297,20450512498824.805,3.359441301562058,33.659443113044134,7893139410008.851,329660585.84915423,23688669617935.63,50692148727392.93,68702296326663.13,0.0004324983213886,1.8063490659620093e-08,0.001298001886638,0.0027776361335241,0.0037644879044138,0.0001193089546829,4.982993186205389e-09,0.0003580667036442,0.0007662384966405,0.0010384713525597
384,384,0.02,4340,100000.0,17.15,2.43,0.81,2.010148141497687,,0.434,17279.0,9.930538425362078,4340.0,0.1295453263319359,0.0177250937194392,0.0059839158555543,3.799243107834012e-05,-1.949477757008396e-05,2328711260747.407,97259693.3379962,6877358890417.945,14812651724639.826,20117659710084.934,3.3501787543300114,33.26907885170584,7801598990725.02,325837358.273607,23040381640580.824,49625031103178.15,67397756147567.41,0.0004294114346164,1.7934565418481338e-08,0.0012681763502783,0.0027314343923902,0.0037096712086414,0.0001179960609433,4.928159577309732e-09,0.000348476546853,0.000750558725375,0.0010193640754014
385,385,0.02,4350,100000.0,17.15,2.43,0.81,2.008409876762558,,0.435,17173.0,9.730511806912231,4350.0,0.1263194900093367,0.0137638558085024,0.0063909854910563,0.0001635719456205,2.4230475422046844e-05,2281805018720.9185,95300632.6368984,6629572828243.497,14374125753351.322,19563926797805.44,3.443649115174923,33.50846837407245,7857735833719.989,328181939.2556656,22829922603968.44,49499445431941.36,67371299206609.67,0.0004214611292094,1.7602517268561918e-08,0.0012245162173998,0.0026549749964186,0.0036135579562345,0.000115365034568,4.81827355462351e-09,0.0003351824070096,0.0007267367285176,0.0009891261842259
386,386,0.02,4360,100000.0,17.15,2.43,0.81,2.006678084851031,,0.436,17261.0,9.541567185292797,4360.0,0.1295727342931059,0.0139985512183612,0.0067384511376642,0.0001602953282481,-3.0703731295134346e-05,2237497504951.16,93450109.01275764,6393704665184.744,13957573201879.744,19038411728282.93,3.3649054515877266,32.10647143848229,7528967552324.095,314450781.2684955,21514211683722.023,46965914157939.91,64062455414070.94,0.0004139929155485,1.7290603901416024e-08,0.0011829950333525,0.0025824996054929,0.0035225816169018,0.0001128766555657,4.714345264863545e-09,0.000322547845387,0.0007041277942681,0.0009604445316323
387,387,0.02,4370,100000.0,17.15,2.43,0.81,2.0227009486419942,,0.437,17298.0,9.87833855325746,4370.0,0.1254253252263879,0.0163325233885601,0.0068508245613837,0.0001295468286708,-3.187107921142353e-06,2316470390738.8745,96748447.79060358,6508453442391.422,14307917958326.25,19559608336417.16,3.4841448424489365,34.41756232229648,8070918364578.523,337085605.3845717,22676394493627.1,49850858560684.93,68148508505649.06,0.0004293446279951,1.79317752093142e-08,0.0012063048736641,0.0026518913160995,0.0036252622949566,0.0001166030106632,4.869978193755434e-09,0.0003276127634431,0.0007202105051431,0.0009845622152296
388,388,0.02,4380,100000.0,17.15,2.43,0.81,2.020956734227788,,0.438,17232.0,9.965297342650564,4380.0,0.1439923823700155,0.0163208279395837,0.0064785127225268,5.381903138345472e-05,-4.464460951282546e-08,2336862226851.5576,97600122.17391963,6453852595049.414,14290327299886.094,19579696285344.688,3.0418275799790337,30.31271629956626,7108331972248.289,296882743.437952,19631506820740.56,43468711707720.83,59558060168374.51,0.0004338528851644,1.8120064636677592e-08,0.0011981975388257,0.0026530873997451,0.0036350913744221,0.0001173706926058,4.902040782011122e-09,0.0003241496825756,0.0007177426180624,0.0009834052207344
389,389,0.02,4390,100000.0,17.15,2.43,0.81,2.01921896433524,,0.439,17195.0,9.92818838966407,4390.0,0.1418782385062513,0.0162217176323637,0.0063401125830645,0.0001117846446821,2.9906711254119404e-05,2328160177376.2246,97236677.0883699,6318341683347.222,14094104316031.477,19355256596650.973,3.0942024980149228,30.71982531606132,7203799036616.38,300869969.1455046,19550228619924.785,43610012781947.5,59889083311077.26,0.0004329293842932,1.8081494199435436e-08,0.0011749173451666,0.0026208471234054,0.0035991764667448,0.0001166749027087,4.872980797993907e-09,0.000316641401373,0.0007063209249173,0.0009699816628864
390,390,0.02,4400,100000.0,17.15,2.43,0.81,2.0174876013949903,,0.44,17349.0,9.890309890538614,4400.0,0.1296405291323026,0.0178235682539212,0.0065266445420173,6.605333125371253e-05,-1.4843460848984608e-05,2319277669331.3047,96865695.06793518,6183183020320.89,13897869021017.78,19130461150252.99,3.394000340363968,33.567715134793175,7871629199108.998,328762202.0301644,20985725275501.81,47169372187668.19,64928791655278.31,0.0004319984613816,1.804261377727917e-08,0.0011517058032943,0.0025886758247857,0.0035633205509255,0.0001159731613194,4.843672247176533e-09,0.0003091838857269,0.0006949490469746,0.0009565995854794
391,391,0.02,4410,100000.0,17.15,2.43,0.81,2.0157626081393945,,0.441,17298.0,9.637031863950238,4410.0,0.1460194207202221,0.0173602313670251,0.006456470493061,2.5483483463088387e-05,1.2349587004549772e-05,2259883972096.3306,94385090.07552862,5916631001667.349,13403148089018.867,18496006878863.75,3.020146209489285,29.10524525463677,6825180012212.322,285056772.02391255,17869090692632.434,40479466896273.89,55860645065888.1,0.0004216367326326,1.7609851426032634e-08,0.0011038924982605,0.0025006857152953,0.0034508833212007,0.0001127458758133,4.708883188553641e-09,0.0002951814130211,0.0006686846265609,0.0009227679475387
392,392,0.02,4420,100000.0,17.15,2.43,0.81,2.0321387106159494,,0.442,17231.0,9.831203895239456,4420.0,0.1307173443474312,0.0165697146562612,0.0064589108905091,0.0001616804790773,-8.839257425916644e-06,2305417313433.6523,96286810.94997522,5925453466059.543,13531590413355.309,18738380777121.66,3.3813416437318096,33.24265913899156,7795403568093.518,325578603.60728323,20035982562782.12,45754930170600.44,63360867257785.09,0.0004308299054661,1.7993808503776337e-08,0.0011073320833287,0.0025287455701066,0.0035017759135209,0.0001147561841856,4.792844639291538e-09,0.0002949498233452,0.0006735586103005,0.0009327357191556
393,393,0.02,4430,100000.0,17.15,2.43,0.81,2.030400935163084,,0.443,17095.0,9.910361160149684,4430.0,0.1441628360898903,0.0166169509729951,0.0064952241609025,4.997797031425778e-05,-3.454313658586324e-05,2323979692055.1006,97062077.202506,5861885286395.104,13497790221363.486,18757912841252.133,3.0729140187265376,30.45368773966696,7141389774951.9,298263417.72229815,18013069472730.34,41477548793057.84,57641453331934.22,0.0004349679657763,1.816663648960817e-08,0.0010971405332645,0.0025263156881848,0.0035108272325536,0.000115417034196,4.82044534292697e-09,0.0002911219133567,0.0006703479040184,0.0009315841593827
394,394,0.02,4440,100000.0,17.15,2.43,0.81,2.028669503715728,,0.444,17414.0,10.107557267175956,4440.0,0.1320452375457534,0.014756203062339,0.0064640250391818,5.9059740244861466e-05,-5.0208164814866817e-05,2370222179152.7617,98993415.8747213,5865032956411.339,13620776811676.645,18997201312236.66,3.362484011179537,33.98649970296069,7969834180344.281,332863778.09079695,19721079540974.18,45799644249107.72,63877785669554.7,0.0004443377163175,1.8557968416263932e-08,0.0010994983393963,0.0025534420005868,0.0035613425280329,0.0001174464568265,4.90520510941918e-09,0.0002906172028764,0.0006749206845781,0.0009413269369285
395,395,0.02,4450,100000.0,17.15,2.43,0.81,2.0269443797177584,,0.445,17294.0,9.937278877781134,4450.0,0.143743765012914,0.0176137209263355,0.0057659989970494,0.0001112012622944,3.1367877478859485e-06,2330291896839.6763,97325709.32898843,5654646839786.39,13248173124933.396,18545463000937.9,3.095786450007211,30.763693299777696,7214086078797.871,301299612.1780228,17505579066186.8,41013514847518.49,57412793067413.62,0.0004375369624925,1.827393181514737e-08,0.001061719780944,0.0024874846947372,0.0034821069242239,0.0001152041476623,4.811554039252919e-09,0.0002795524330632,0.0006549585032719,0.0009168440489896
396,396,0.02,4460,100000.0,17.15,2.43,0.81,2.025225526903006,,0.446,17191.0,9.681293280324851,4460.0,0.1440181135194507,0.014871607545406,0.0064516502313943,4.465833523931568e-05,-4.28199932212659e-06,2270263274236.1777,94818586.3875016,5400276705200.54,12767446400261.342,17939422771079.176,3.0968326768130066,29.981345384320186,7030625492623.084,293637296.6940319,16723753364497.111,39538645211787.92,55555390640641.33,0.0004269480691154,1.7831681829068475e-08,0.0010155816455913,0.0024010592295558,0.0033737064771638,0.0001119807077265,4.6769255926398045e-09,0.0002663685812259,0.0006297541346799,0.0008848618047558
397,397,0.02,4470,100000.0,17.15,2.43,0.81,2.041967988366289,,0.447,17161.0,9.739108138115242,4470.0,0.1450169932668359,0.0167818334443423,0.006427544300027,-5.139862020945849e-06,1.4255900991516526e-05,2283820858388.0244,95384825.10470068,5323171273482.668,12703406340675.584,17917480708698.8,3.082397379302339,30.019801401668506,7039643428691.265,294013934.9279413,16408129182960.47,39156946412711.13,55228795580193.41,0.000430117243045,1.7964043831059132e-08,0.0010025251078681,0.0023924617784554,0.0033744404148135,0.0001123886105772,4.693961842190898e-09,0.0002619574215264,0.0006251445611345,0.0008817332386205
398,398,0.02,4480,100000.0,17.15,2.43,0.81,2.0402359901827163,,0.448,17235.0,9.996131351043283,4480.0,0.1323499522104612,0.0147122493974154,0.0063075490782265,4.80873797967289e-05,4.736970088882474e-07,2344092801819.6504,97902110.45211792,5382431015471.903,12915583522337.934,18257858762646.688,3.384965332572212,33.83655808311974,7934672870491.58,331395249.86607474,18219342392333.84,43718802473054.8,61802218958558.805,0.0004421531658788,1.846672966574725e-08,0.0010152579760358,0.0024361945649684,0.0034438781808497,0.0001150881686691,4.80671012343591e-09,0.0002642617767,0.0006341177506818,0.0008964079951024
399,399,0.02,4490,100000.0,17.15,2.43,0.81,2.038510240029526,,0.449,17252.0,10.062868839986434,4490.0,0.1474785304899342,0.0156027153227152,0.0071173035976941,6.163192176660608e-05,3.162007976507895e-05,2359742742976.819,98555737.41882712,5339575846234.931,12884344725002.717,18246390554683.85,3.044510943446412,30.6365143058046,7184262604711.179,300054021.11105025,16256397097224.38,39226528514406.83,55551335722132.24,0.0004457931066629,1.861875346122466e-08,0.0010087311898045,0.0024340585766692,0.0034470347053583,0.0001155858412959,4.827495648836772e-09,0.0002615451909693,0.0006311060089149,0.0008937518333954
400,400,0.02,4500,100000.0,17.15,2.43,0.81,2.036790702315149,,0.45,17341.0,10.052734827196836,4500.0,0.1320703134479117,0.0154991601074285,0.0063223751139307,-1.0699402919801407e-05,-3.127515958837389e-05,2357366316977.6577,98456484.8975658,5255487802751.531,12754020069197.98,18094785739927.93,3.407275929404673,34.25244140139582,8032197508627.319,335468411.0852707,17906897087595.145,43456465584922.4,61653927899391.34,0.000446013092704,1.8627941279075523e-08,0.0009943369223917,0.0024130572726453,0.0034235287454301,0.0001152002774237,4.8113923969645915e-09,0.0002568262931873,0.0006232661592125,0.0008842598293486
401,401,0.02,4510,100000.0,17.15,2.43,0.81,2.035077341727108,,0.451,17553.0,10.01246913356316,4510.0,0.1331539286129555,0.0151614046152293,0.0058802653400571,2.633589235484935e-05,-3.530288809047761e-06,2347924011820.561,98062122.69411758,5156041780889.988,12586055338080.47,17889612260097.39,3.387057405650733,33.91280772768449,7952553412142.011,332142038.8849418,17463809497808.03,42629691940775.4,60593143689783.02,0.0004448575016707,1.8579677489823567e-08,0.0009769071970001,0.0023846602809122,0.0033895169416982,0.0001144681064285,4.780812939708144e-09,0.0002513719934519,0.0006136067073305,0.000872170491824
402,402,0.02,4520,100000.0,17.15,2.43,0.81,2.0521999273376843,,0.452,17436.0,9.769653190770008,4520.0,0.1337917228447622,0.0144951423246832,0.0070112842352068,-8.953236505476274e-06,1.590364089907275e-05,2290983673235.567,95683983.35040145,4954506531810.877,12166781737932.115,17326287196046.068,3.378385376832713,33.00565347642444,7739825740221.533,323257370.14810103,16738232416492.023,41104077506545.17,58534875297925.9,0.0004347163354702,1.815612703452308e-08,0.0009401223364156,0.0023086584305991,0.0032876795086596,0.0001114291669861,4.653890240778281e-09,0.0002409779441542,0.0005917695397826,0.0008427182488349
403,403,0.02,4530,100000.0,17.15,2.43,0.81,2.05047305406465,,0.453,17283.0,9.98819235443128,4530.0,0.1350592860781034,0.0145920872459368,0.0064888112874318,0.0001094567100071,-2.939738941522712e-05,2342231107114.136,97824355.91929996,4987129433256.528,12322346917867.352,17581488053010.732,3.3540825896120507,33.50122207769416,7856036577219.279,328110969.02893656,16727244004227.535,41330169260378.6,58969762978075.56,0.0004450838682609,1.8589131794235432e-08,0.0009476822560037,0.0023415613496038,0.0033409327920932,0.0001136496451037,4.746629527277224e-09,0.0002419852970335,0.0005979044295875,0.0008530882676573
404,404,0.02,4540,100000.0,17.15,2.43,0.81,2.048752337202054,,0.4539999999999999,17512.0,10.245374785997232,4540.0,0.1332251158110011,0.0165578834728403,0.0060223676222377,0.0001546787593346,-1.0416066013329194e-05,2402540387316.3506,100343200.65405688,5035322218910.508,12520032694020.918,17898405078667.996,3.407765849827173,34.91383831440175,8187295084727.209,341946132.4512507,17159199100479.217,42665339853404.19,60993573593458.04,0.000457219958483,1.9096001165812577e-08,0.0009582564472311,0.0023826483245765,0.0034061895775756,0.0001162981921352,4.857247308198672e-09,0.0002437415304105,0.0006060489869288,0.0008663963210535
405,405,0.02,4550,100000.0,17.15,2.43,0.81,2.047037742076985,,0.455,17475.0,10.215874195336374,4550.0,0.1493490940629271,0.0154165023533954,0.0057593253703156,-1.891620687611513e-05,1.9192566272030025e-05,2395622498806.38,100054271.86912446,4940835420636.735,12364728835936.348,17711476791073.266,3.046553464919506,31.1232069269838,7298392024377.701,304820688.64287937,15052519270337.871,37669807477912.01,53958960986685.67,0.0004565059599554,1.906618068999252e-08,0.0009415176296779,0.0023562027863946,0.0033750704540324,0.0001156876616426,4.831748222295572e-09,0.0002385992353384,0.0005971085037763,0.0008553097723946
406,406,0.02,4560,100000.0,17.15,2.43,0.81,2.0453292342855085,,0.456,17633.0,10.194345249609563,4560.0,0.1508887489490007,0.0173359244656153,0.0069068033200879,0.0001049470063348,-1.4479094947048072e-05,2390573961033.443,99843417.37467606,4850603602267.481,12219669102058.154,17539045409743.137,3.022094113551996,30.80827077036181,7224539495649.847,301736203.9249236,14658980593586.664,36928990062883.16,53004645890105.88,0.000456195806503,1.9053226988872325e-08,0.0009256459153458,0.002331892630004,0.0033469949461559,0.0001151700861416,4.8101314442270315e-09,0.0002336863212843,0.000588703953965,0.00084497422109
407,407,0.02,4570,100000.0,17.15,2.43,0.81,2.0436267796900447,,0.457,17877.0,10.124667052950246,4570.0,0.1356789056790148,0.0165753329687977,0.0064371399707287,-2.17949193458166e-06,-1.845329857002066e-05,2374234423916.8325,99160989.1165947,4738175868774.474,12017958936884.414,17284983553052.264,3.368246506064525,34.10237442616628,7997006802935.991,333998655.1298725,15959344315118.863,40479448199187.86,58220085459951.06,0.0004537236255589,1.894997521843984e-08,0.0009054802306208,0.0022966695477634,0.003303214428371,0.0001141069358015,4.765728482902215e-09,0.0002277191856998,0.0005775893294541,0.0008307252597936
408,408,0.02,4580,100000.0,17.15,2.43,0.81,2.061124000338705,,0.458,17646.0,10.085036814702375,4580.0,0.1370666049260762,0.0168645023329177,0.0063941331273389,0.0001802726632798,-2.2757166577925582e-05,2364941133047.7075,98772850.5631951,4640665941462.951,11853191633455.115,17083668692383.35,3.341441193841577,33.69855745405536,7902311722975.984,330043671.70501834,15506512343661.91,39606742802525.26,57084074310671.4,0.0004525374536022,1.890043420290243e-08,0.0008880031383538,0.0022681381299122,0.0032690031139477,0.0001133867342871,4.735648936496818e-09,0.0002224960057851,0.0005682994267453,0.0008190738346949
409,409,0.02,4590,100000.0,17.15,2.43,0.81,2.0594076767000606,,0.4589999999999999,17575.0,10.268125965562806,4590.0,0.1357816171503145,0.0146708090635849,0.0061260469827205,9.786485239920372e-05,-1.943233063360857e-07,2407875538924.478,100566025.70672213,4644517889686.591,11948517254018.834,17257730735291.738,3.380428143611461,34.71066199613612,8139650238093.919,339956223.59015715,15700458987803.465,40391103999912.4,58338518672448.7,0.00046138721358,1.927004848530076e-08,0.0008899634274711,0.0022895257637391,0.0033068554283448,0.0001151641719002,4.8098844332234315e-09,0.0002221385814984,0.000571475175004,0.0008254049002444
410,410,0.02,4600,100000.0,17.15,2.43,0.81,2.0576973882359955,,0.46,17667.0,10.39021539922443,4600.0,0.1516759747100877,0.0151405510979953,0.0058269019487614,0.000176415355576,-7.327056497572711e-06,2436505511118.129,101761769.62000407,4618388731597.907,11969298019263.207,17325225462551.6,3.032780906002024,31.51124687201605,7389387391487.764,308621151.8645252,14006561161685.04,36300258491069.305,52543612975006.58,0.0004674952677444,1.9525154167544977e-08,0.0008861358477435,0.0022965637289533,0.0033242120238964,0.0001162504836141,4.855254739946089e-09,0.0002203524355338,0.0005710788163262,0.0008266206784905
411,411,0.02,4610,100000.0,17.15,2.43,0.81,2.0559931014083284,,0.461,17308.0,10.130758579264828,4610.0,0.1373127874703641,0.015635662961035,0.006006451752465,6.324597731529959e-05,-1.600197301171163e-05,2375662886837.6025,99220649.52531973,4423740097628.96,11552149490073.557,16758329193904.16,3.3572983878103595,34.011979445461776,7975809179960.787,333113326.6888526,14851815497861.75,38784012858768.22,56262711585089.72,0.0004564437536699,1.9063582615964027e-08,0.0008499474174595,0.0022195516482663,0.0032198317046089,0.0001130713453324,4.722476572220278e-09,0.000210551020101,0.0005498326768334,0.0007976244600935
412,412,0.02,4620,100000.0,17.15,2.43,0.81,2.054294782935562,,0.462,17404.0,10.04210719553275,4620.0,0.1369338849926862,0.0174477309373145,0.0064116638480942,0.0001410350719724,1.0502189632496169e-05,2354874137352.43,98352397.87304775,4306401702549.087,11333834759956.266,16478593252208.096,3.37389098413936,33.88097492876894,7945088620796.317,331830268.452363,14529329878312.754,38239122912341.73,55596977204924.586,0.0004530126542035,1.892028117385733e-08,0.0008284325834635,0.0021803163428024,0.0031700255857904,0.0001118094218053,4.669771757616873e-09,0.0002044679487476,0.0005381304636401,0.0007824035919667
413,413,0.02,4630,100000.0,17.15,2.43,0.81,2.052602399790543,,0.463,17527.0,9.877073457591464,4630.0,0.1518351668391915,0.0147387427120503,0.0068046482849153,0.0001199724087919,-1.6279073018123328e-05,2316173725805.1987,96736057.4436508,4158294220264.655,11032273885765.854,16076879808025.562,3.049359444445192,30.11874723138546,7062846225759.891,294983010.3841892,12680133753345.88,33641368567266.16,49024185279812.95,0.0004461542029118,1.863383481159244e-08,0.0008009936485528,0.0021250976586817,0.0030968175729414,0.0001097000395859,4.581672442236596e-09,0.0001969476794813,0.0005225173174652,0.0007614430349974
414,414,0.02,4640,100000.0,17.15,2.43,0.81,2.070488894600847,,0.4639999999999999,17630.0,10.197271615085008,4640.0,0.1365879259374196,0.015859675430519,0.0067706282539344,9.477044166839912e-05,9.768435465730378e-06,2391260193737.434,99872078.19814256,4213256736777.46,11270885254063.22,16462920313395.633,3.3970791840897445,34.64093913811449,8123300227887.847,339273357.9186933,14312766757732.594,38288089682842.22,55925843905964.52,0.0004612215370793,1.926312893030086e-08,0.0008126446270196,0.0021739060578763,0.0031753355120641,0.0001129770146196,4.718536806757216e-09,0.0001990587093758,0.0005325020553845,0.0007778039352635
415,415,0.02,4650,100000.0,17.15,2.43,0.81,2.068782283462565,,0.465,17811.0,10.477251476804668,4650.0,0.1529642339837664,0.0167794421870121,0.0064830203721501,8.893728296246984e-05,-6.884554101402138e-05,2456915471310.695,102614200.96382491,4246902799982.918,11458037871702.846,16776076456063.2,3.039926314077765,31.85007246354864,7468841992702.156,311939609.7079953,12910271574998.611,34831590833889.074,50998036265766.98,0.0004744853010503,1.981709611295157e-08,0.0008201718687971,0.0022128032537077,0.0032398353873576,0.0001157911950095,4.836072340826396e-09,0.0002001509437511,0.0005400022561303,0.0007906344207207
416,416,0.02,4660,100000.0,17.15,2.43,0.81,2.067081592201494,,0.466,17593.0,10.38227559755341,4660.0,0.1389666047880382,0.0162602324538635,0.006419443865487,0.0001350190857672,-7.49591524362743e-06,2434643627626.2744,101684007.20243809,4127113841078.091,11232975133359.02,16486405127747.44,3.353323632758938,34.81513012309227,8164148013865.138,340979384.4255657,13839548378373.68,37667800980886.3,55284251934113.63,0.0004707408231078,1.966070627513283e-08,0.0007979816612845,0.0021719071736931,0.0031876632094581,0.000114457814952,4.780383111472283e-09,0.0001940244670505,0.0005280862359426,0.0007750612393222
417,417,0.02,4670,100000.0,17.15,2.43,0.81,2.06538678835234,,0.467,17431.0,10.2123118717502,4670.0,0.138324838848348,0.0171079810952389,0.0059768768881583,7.884512815050737e-05,-2.569555556397543e-05,2394787133925.422,100019382.47192146,3979590481877.5054,10929872954670.863,16081169041682.531,3.376110927640364,34.47789770668727,8085067012218.164,337676530.1392951,13435538913400.229,36900463519985.17,54291810530856.32,0.0004636160467387,1.936313672392178e-08,0.0007704242188002,0.0021159561193631,0.0031132153302587,0.0001123016203785,4.690328656665141e-09,0.0001866197012782,0.0005125476189316,0.0007541135140486
418,418,0.02,4680,100000.0,17.15,2.43,0.81,2.063697839695049,,0.468,17681.0,10.189971453316634,4680.0,0.1536289522227889,0.0166514743087413,0.006365568016717,0.0002570105148333,-1.826300991533806e-05,2389548305802.7505,99800580.4137831,3891099493470.6426,10787011569719.607,15910941704019.98,3.046300799613069,31.041718186272814,7279282914680.975,304022587.9163559,11853459498333.629,32860481970272.28,48469514435553.0,0.0004631803258859,1.9344938642760985e-08,0.0007542349016606,0.0020909104545263,0.0030841122339836,0.0001117755228856,4.668355953699492e-09,0.0001820133451275,0.0005045823328415,0.0007442636017241
419,419,0.02,4690,100000.0,17.15,2.43,0.81,2.0820094219590546,,0.469,17667.0,9.944939878339104,4690.0,0.1375275401069302,0.0162132665919366,0.0068071215833412,8.930386835642695e-05,1.165364367093959e-05,2332088401470.5195,97400741.16845316,3719666064156.44,10411532471866.96,15396540890301.062,3.4102260509810884,33.91449304855271,7952948619885.608,332158544.9175252,12684902112936.582,35505679266196.23,52505684839100.24,0.0004525878627191,1.8902539562779165e-08,0.0007218747423743,0.0020205637256728,0.0029880031693549,0.0001088146512286,4.544693791615391e-09,0.0001735586717909,0.0004857994551012,0.0007183986790766
420,420,0.02,4700,100000.0,17.15,2.43,0.81,2.0803058642518506,,0.47,17431.0,10.142798040466396,4700.0,0.1538557841295187,0.0172202706671897,0.006558596649111,-2.730834331686752e-06,8.856197909001722e-06,2378486140489.3696,99338564.00832789,3714254268331.253,10500273101763.186,15568437583133.104,3.0548087786179363,30.984308493765543,7265820341788.02,303460317.3879397,11346336544917.451,32076326449151.97,47558599798320.42,0.0004621107915709,1.9300269051795456e-08,0.0007216342154851,0.0020400747484569,0.0030247571733104,0.0001107024370265,4.623538030864116e-09,0.0001728734055838,0.000488716668145,0.0007246054336029
421,421,0.02,4710,100000.0,17.15,2.43,0.81,2.078608148453966,,0.471,17662.0,10.429947283948506,4710.0,0.1407954222995613,0.0150148528228539,0.0058815580128965,7.665555487420354e-05,-1.2817068558417255e-05,2445822638085.9243,102150903.69899166,3737743026666.74,10675790140677.826,15879735299458.053,3.345279216520859,34.89108587840113,8181959638485.0625,341723295.0930605,12503794063804.02,35713498877547.83,53122148461129.67,0.0004757615363227,1.9870398664159043e-08,0.0007270659519851,0.0020766552078213,0.0030889268685409,0.0001135479404868,4.742381787325517e-09,0.0001735256744042,0.0004956262832255,0.0007372207659915
422,422,0.02,4720,100000.0,17.15,2.43,0.81,2.0769162428781858,,0.472,17668.0,10.45409329570199,4720.0,0.140320029855502,0.0154711007060632,0.0063982065366237,3.976706760913856e-05,5.043985641640332e-07,2451484877842.1167,102387389.73810528,3664542880593.119,10578470872354.287,15799824955669.455,3.363739307111418,35.164844538962726,8246156044386.761,344404487.41460097,12326566930046.377,35583218282471.33,53146492248865.27,0.0004774119326259,1.9939328222339643e-08,0.0007136476813002,0.002060093565759,0.0030769208635207,0.0001135230510332,4.741342267886661e-09,0.0001696971872872,0.0004898664884903,0.0007316562916502
423,423,0.02,4730,100000.0,17.15,2.43,0.81,2.07523011607404,,0.473,17630.0,10.348421446042474,4730.0,0.1414937931385793,0.0161788130146935,0.0065065859099127,8.336832393708223e-05,-2.484576894298128e-05,2426704829096.9604,101352439.64254,3546475145295.5635,10350740915263.598,15524623871030.703,3.342902819325387,34.59376722754269,8112238414858.761,338811356.2265531,11855521761875.951,34601520987741.32,51897308907434.75,0.0004731460415051,1.9761161324100712e-08,0.0006914729208815,0.0020181325853812,0.0030269088528448,0.000112088500598,4.6814276113303045e-09,0.0001638102321625,0.0004780964769012,0.0007170760082508
424,424,0.02,4740,100000.0,17.15,2.43,0.81,2.073549736825884,,0.474,17530.0,10.117151787308996,4740.0,0.1554680644694599,0.0179463696085318,0.0062482553691008,2.961923166787824e-05,-1.2427924012517662e-05,2372472094123.9595,99087384.6049043,3388002356090.546,10001318238346.557,15064762337445.947,3.048857664868609,30.84575577337617,7233329728856.714,302103332.0444463,10329536951959.568,30492595769773.11,45930316121946.016,0.000463063515894,1.9340060019900972e-08,0.0006612766012103,0.0019520758952212,0.0029403683319877,0.00010930431851,4.565144970094922e-09,0.0001560917363622,0.0004607798241134,0.000694062360054
425,425,0.02,4750,100000.0,17.15,2.43,0.81,2.0922824048653323,,0.475,17482.0,9.86694728844778,4750.0,0.1391872815893293,0.0146461959666353,0.0065739406204784,0.0001060623827625,-1.4798366570955757e-06,2313799139141.0044,96636881.74305756,3226958560161.032,9638797933007.057,14582079717064.28,3.412668130134782,33.67261655300554,7896228581679.8,329789606.52013624,11012538635527.178,32894018518782.188,49763798721510.086,0.0004521241659433,1.888317305436592e-08,0.0006305586007297,0.0018834536682275,0.002849387623268,0.0001063287718806,4.4408699010632685e-09,0.0001482922760266,0.0004429431791573,0.0006701077036259
426,426,0.02,4760,100000.0,17.15,2.43,0.81,2.090587048593766,,0.476,17693.0,10.320716237827712,4760.0,0.1392472565366915,0.0167926121749156,0.0059198066704659,0.0001014261091336,1.2048483383816968e-05,2420207957770.5986,101081094.83328462,3294553521020.611,9961597106353.828,15137507476587.615,3.418379735722652,35.280127245533976,8273189839077.718,345533566.24275976,11262034994510.568,34052521683793.33,51745748807317.24,0.0004734325301774,1.9773126654833226e-08,0.000644468920224,0.0019486524319233,0.0029611457322135,0.0001109352577772,4.6332618962470724e-09,0.0001510127024174,0.0004566104905646,0.0006938590911693
427,427,0.02,4770,100000.0,17.15,2.43,0.81,2.0888974289726074,,0.477,17639.0,10.44453798944022,4770.0,0.1419233924661966,0.0164861038901085,0.0065256111927721,8.703869631383559e-05,1.5023344532174535e-05,2449244158523.732,102293805.06857751,3259840118022.9614,9959187482572.252,15202551864996.477,3.360968137184375,35.10375939012034,8231831576983.221,343806219.4668386,10956218768990.527,33472511801170.81,51095292422146.055,0.000479613639577,2.0031283522464186e-08,0.0006383454168924,0.0019502188620614,0.0029769801452644,0.0001119764529324,4.6767478892132275e-09,0.0001490359106391,0.0004553218936979,0.0006950421122531
428,428,0.02,4780,100000.0,17.15,2.43,0.81,2.08721351528544,,0.478,17812.0,10.572817367193943,4780.0,0.158004032804456,0.0150249209188482,0.0064134782007736,1.2118963076236708e-05,-1.1048799704293364e-07,2479325672606.9805,103550173.2942975,3246789301989.514,9958085474194.535,15271270976901.746,3.0252392392513627,31.985301968673408,7500553311653.914,313264047.48118734,9822314397960.22,30125590924352.32,46199248192563.66,0.0004860283823472,2.029919819492244e-08,0.0006364761877406,0.0019521082799943,0.0029936652579756,0.000113059955065,4.722000852480358e-09,0.0001480571336973,0.0004540995596847,0.0006963866141145
429,429,0.02,4790,100000.0,17.15,2.43,0.81,2.0855352770428066,,0.479,17682.0,10.41885527196557,4790.0,0.1573143078157954,0.0161621434748605,0.0063943979008666,7.807519773270639e-05,2.2697713611894653e-05,2443221561275.9263,102042268.5336308,3147194368314.0894,9702736649990.81,14932609978460.83,3.044859724780259,31.72395279592244,7439266930643.812,310704393.6832644,9582765378134.82,29543472045706.35,45467702709267.2,0.0004794652834879,2.002508736239184e-08,0.0006176150636159,0.001904094762518,0.0029304211251306,0.0001111252313394,4.64119622916333e-09,0.0001431440798461,0.0004413103060097,0.0006791810307584
430,430,0.02,4800,100000.0,17.15,2.43,0.81,2.083862683979663,,0.48,17948.0,10.407158510081755,4800.0,0.1542409114808833,0.0160408636039319,0.0069687149375345,1.7796910618199068e-05,-2.252332458621356e-05,2440478670614.172,101927710.44774072,3091404927771.3994,9598258073541.293,14799696678994.002,3.112014804577261,32.38723135695667,7594805753206.338,317200543.91003364,9620497902167.695,29869921223013.73,46056875168282.27,0.0004794388793395,2.002398458103056e-08,0.0006073151681274,0.0018856047175501,0.0029074419193988,0.0001107139499713,4.624018874284503e-09,0.0001402436557367,0.0004354314081749,0.0006713981553862
431,431,0.02,4810,100000.0,17.15,2.43,0.81,2.082195706053437,,0.481,17717.0,10.020439957130392,4810.0,0.1435594339891395,0.0169869891372807,0.0068453790853835,0.0001003269205091,2.5295801187194595e-05,2349793169947.077,98140188.94013506,2926217275555.754,9151489146905.918,14137923062095.188,3.3505286739733764,33.57377140219393,7873049393814.477,328821517.1130873,9804374888025.809,30662326796264.43,47369516609979.41,0.0004620600234174,1.9298148696589883e-08,0.0005754072486721,0.0017995359521872,0.0027800613027114,0.0001063221151342,4.44059187899637e-09,0.0001324038277319,0.0004140814158332,0.0006397047632923
432,432,0.02,4820,100000.0,17.15,2.43,0.81,2.101345512421525,,0.482,17768.0,10.35186973527107,4820.0,0.1572954766070324,0.0164263707463908,0.0067334394183992,2.41054997768778e-05,1.0059166667167848e-06,2427513452921.066,101386212.18724486,2971024382658.56,9361089467455.994,14490008019789.438,3.0642966371128977,31.72119961762192,7438621310332.34,310677429.0549891,9104100024561.049,28685154974838.367,44401682846779.69,0.000477829072261,1.9956750250425173e-08,0.0005848131645665,0.0018426265321844,0.0028521972064952,0.0001095532352626,4.5755410923782446e-09,0.0001340817834697,0.0004224642444346,0.0006539313945469
433,433,0.02,4830,100000.0,17.15,2.43,0.81,2.099663205914465,,0.483,17770.0,10.535921695001488,4830.0,0.1586708349868786,0.0156222763120225,0.0065832195132661,3.6821450456130105e-05,4.374606977324704e-05,2470673637477.849,103188817.08084457,2970945190769.8706,9432782101138.877,14630048147195.186,3.044037677371157,32.07174260541671,7520823640970.22,314110647.0774512,9043669098108.123,28713744118299.0,44534417781816.23,0.0004868174247526,2.0332152912696472e-08,0.0005853900996524,0.0018586196983171,0.0028826803568824,0.0001112086997071,4.644682323801156e-09,0.0001337266673164,0.0004245835695073,0.0006585202539185
434,434,0.02,4840,100000.0,17.15,2.43,0.81,2.0979865061654563,,0.484,17652.0,10.514248862152812,4840.0,0.1592869101605174,0.0169664500635597,0.0059298415758881,0.0001371357062094,-4.140693194021994e-05,2465591358174.835,102976553.35592468,2912039879285.0312,9318829701469.645,14482609185854.084,3.038542209854288,31.94798897256373,7491803414066.197,312898603.99728924,8848356089986.55,28315657394359.344,44006019320041.07,0.0004863056234505,2.031077729669324e-08,0.0005743617507066,0.0018380171851175,0.0028565051000709,0.0001106897192421,4.623006866769833e-09,0.0001307324815165,0.0004183575027147,0.0006501790896373
435,435,0.02,4850,100000.0,17.15,2.43,0.81,2.096315383594756,,0.485,18060.0,10.700439348772234,4850.0,0.1608315852627129,0.0162215752546302,0.0068859345945563,-7.168568641115898e-05,-3.064972239564059e-05,2509253027287.089,104800102.98187526,2909878586924.7583,9387628153381.584,14619650651395.28,3.01557681725122,32.267996834560286,7566845257704.388,316032760.99768347,8774962407746.04,28309113828312.387,44086679580659.305,0.0004953549229148,2.0688725437221112e-08,0.0005744429387721,0.0018532239553774,0.0028860843616453,0.0001123545293154,4.692538422667235e-09,0.0001302929738227,0.0004203412454191,0.0006546107346813
436,436,0.02,4860,100000.0,17.15,2.43,0.81,2.094649808838003,,0.486,17865.0,10.438783876127946,4860.0,0.1440729309570088,0.0165256134595032,0.0063475253173433,0.0001112113941588,-1.383125017469029e-05,2447894818952.0034,102237449.28279711,2786308941324.9087,9064204405297.557,14145657461877.057,3.3732915459672426,35.213061399521564,8257462898187.807,344876723.34691423,9399032396224.252,30576204091309.285,47717426728298.32,0.0004837047930816,2.020215242405727e-08,0.0005505755310606,0.001791089667076,0.0027951864036912,0.0001093205497948,4.565822877147412e-09,0.00012443378817,0.0004047983603578,0.0006317310037056
437,437,0.02,4870,100000.0,17.15,2.43,0.81,2.092989752743823,,0.487,17816.0,10.17928503725772,4870.0,0.1593690568433885,0.01539469146227,0.0062618398925148,-4.320649421746556e-06,-3.662182644272256e-05,2387042341236.9355,99695917.65490212,2665931752511.925,8747339755196.107,13680403085354.926,3.0558002265055344,31.105861522516538,7294324527030.128,304650807.7515269,8146554853174.235,26730122805249.13,41804578846914.59,0.000472129355147,1.9718698952283364e-08,0.0005272904537283,0.0017301225900052,0.002705825437304,0.0001063206596145,4.440531088549335e-09,0.0001187426035633,0.0003896130858588,0.0006093354335198
438,438,0.02,4880,100000.0,17.15,2.43,0.81,2.1125952907434584,,0.488,17819.0,10.314980338846572,4880.0,0.1597705097437938,0.0175829503361128,0.0062456604359581,0.0001015918380253,-6.32305144473375e-05,2418862889459.521,101024917.43866332,2649676656236.12,8771189601404.211,13747649757767.447,3.054380941655324,31.50587936052235,7388128710042.491,308568582.45695585,8093121880356.609,26790554354174.38,41990559412677.33,0.0004788759379402,2.0000473075422923e-08,0.0005245714420286,0.0017364819087214,0.0027216998123013,0.0001074534396582,4.487842166367403e-09,0.0001177069076281,0.0003896436200136,0.0006107135134143
439,439,0.02,4890,100000.0,17.15,2.43,0.81,2.110919528566684,,0.489,17859.0,10.57553645808587,4890.0,0.1611083278703518,0.0159519734762447,0.0059630801292547,0.0001897453262027,-4.6782355239899255e-06,2479963299421.1367,103576804.070493,2663505726828.5376,8897649712761.861,13976886672734.137,3.035224848174897,32.09913104036177,7527246228964.836,314378889.4093032,8084338765326.116,27006367498531.03,42422993729207.2,0.0004913761023232,2.0522548171230727e-08,0.0005277429157399,0.0017629665877373,0.0027693587632786,0.0001098743647537,4.588953212786952e-09,0.0001180061817131,0.0003942089022928,0.0006192436576624
440,440,0.02,4900,100000.0,17.15,2.43,0.81,2.10924927884681,,0.49,17856.0,10.665441674291207,4900.0,0.1604383893700287,0.0164561917251749,0.0059750972447951,-3.9632347284360994e-05,-5.508734737363736e-06,2501046072621.288,104457335.75800808,2632595719819.3667,8877382440483.0,13976675870195.98,3.054131881552883,32.57366544829554,7638524547625.304,319026479.4006065,8040294519139.989,27112696736216.87,42686611373296.43,0.0004960170347266,2.0716378840565844e-08,0.0005221064645203,0.0017605964809947,0.0027719078814105,0.0001105141651991,4.615674771685213e-09,0.0001163269727285,0.0003922664681402,0.0006175898488885
441,441,0.02,4910,100000.0,17.15,2.43,0.81,2.107584512866436,,0.491,17998.0,10.7309685784501,4910.0,0.1441974938106796,0.0150376434123914,0.0071152578943451,0.0001159350772484,-2.460326445728953e-05,2516412131646.5483,105099106.25734028,2594887858860.0728,8835426161156.836,13942783469612.678,3.405052244837528,36.53950864733248,8568514777799.467,357867947.6919743,8835728728913.137,30085087684143.3,47475906152488.22,0.0004995089094457,2.0862218588960986e-08,0.0005150863756426,0.0017538359598353,0.0027676486208111,0.0001108961964624,4.631630482528348e-09,0.000114354556702,0.0003893699060955,0.0006144469085305
442,442,0.02,4920,100000.0,17.15,2.43,0.81,2.105925202114501,,0.492,17684.0,10.433799726222109,4920.0,0.1448917455609262,0.0156031294562169,0.006400221403944,1.2777081353092325e-05,-1.7923923214418346e-05,2446726035799.0845,102188634.51861934,2470638560037.153,8496924546082.458,13440224497516.828,3.395638572061489,35.42941280352439,8308197302426.471,346995668.997718,8389395592084.611,28852484732573.65,45638144720933.88,0.0004861060271803,2.0302441066970743e-08,0.0004908568746341,0.0016881359718717,0.0026702516094191,0.000107537997899,4.491373780057284e-09,0.0001085889962305,0.0003734550745019,0.0005907219740296
443,443,0.02,4930,100000.0,17.15,2.43,0.81,2.10427131828418,,0.493,17960.0,10.400275092007153,4930.0,0.144613959317212,0.0169171980444636,0.0058180282233018,0.0001558688631036,1.0183128551174182e-05,2438864509075.677,101860294.25111803,2410478530839.105,8376099378217.336,13280967646015.305,3.409076152313901,35.45532979366585,8314274836614.641,347249499.99916327,8217504875148.242,28554760639692.01,45275830081683.25,0.0004849125284903,2.0252594047054307e-08,0.0004792686247682,0.0016653961354814,0.0026406172126668,0.0001069053801543,4.464952209944115e-09,0.0001056611069349,0.0003671586038941,0.0005821589882224
444,444,0.02,4940,100000.0,17.15,2.43,0.81,2.124351438212875,,0.494,17984.0,10.254589242353278,4940.0,0.1617541518871803,0.0160850215020291,0.0068048052340775,0.0001059994297702,6.7767857247345575e-06,2404701177331.844,100433447.039608,2325222672077.082,8166554150453.287,12980482982623.955,3.054017434708898,31.317694331925225,7343999320836.465,306725498.28687567,7101270580103.819,24940798756978.65,39642621339875.72,0.0004785378005086,1.9986350610584372e-08,0.0004627215030614,0.0016251519722001,0.0025831283465072,0.0001051263061471,4.3906483684646605e-09,0.000101651744836,0.0003570171960992,0.000567467692382
445,445,0.02,4950,100000.0,17.15,2.43,0.81,2.1226814641006047,,0.495,18010.0,10.598794693811518,4950.0,0.146368140011873,0.0156517653390693,0.0059254830691837,-5.7189168763160094e-05,-2.641149355511385e-05,2485417355698.801,103804595.23119,2350052603057.4155,8345363589848.114,13297897846239.268,3.381883516179456,35.843889066371446,8405391986064.104,351055049.516042,7947604160434.494,28223047561031.54,44971941526034.86,0.0004950102719763,2.067433093277644e-08,0.0004680502353179,0.0016621114722965,0.0026484871904861,0.0001083629201932,4.525827037837379e-09,0.0001024610865017,0.0003638535663223,0.0005797815162697
446,446,0.02,4960,100000.0,17.15,2.43,0.81,2.121016912799301,,0.496,18040.0,10.775843164103838,4960.0,0.1466127822332055,0.0160264933270476,0.0063438428449087,8.364890562642991e-05,-1.1423458152027806e-05,2526935221982.35,105538607.94923298,2335201792179.6,8387868285215.106,13399769851979.225,3.3830610977087354,36.45533580349031,8548776245918.477,357043558.859384,7900130338422.521,28376670888416.105,45332240104481.25,0.0005036533447083,2.1035312827606842e-08,0.0004654382047346,0.0016718188420784,0.002670760550394,0.0001098777365554,4.589094037631284e-09,0.0001015406667701,0.0003647263980839,0.0005826569549119
447,447,0.02,4970,100000.0,17.15,2.43,0.81,2.1193577564086583,,0.497,18003.0,10.787180887682744,4970.0,0.1484198756525074,0.0176306482066284,0.0058073327517761,7.46575183035587e-05,8.245905576833876e-06,2529593918161.6035,105649649.6139648,2283494363580.954,8299690422113.038,13293477922396.78,3.3486081147488385,36.122041455758016,8470618721375.255,353779274.017694,7646527755870.417,27792410697390.93,44514648044172.38,0.0005045753337879,2.1073820124174404e-08,0.000455486124644,0.0016555301762101,0.0026516355102444,0.0001096957046223,4.5814913904954814e-09,9.902361063399354e-05,0.0003599156301192,0.0005764709572983
448,448,0.02,4980,100000.0,17.15,2.43,0.81,2.117703967226822,,0.498,18031.0,10.738152007185125,4980.0,0.1636837315663797,0.0143415149177919,0.0065580043570917,5.209372367752649e-05,1.497338473645922e-06,2518096645684.912,105169460.75837111,2219197428706.06,8165405242195.519,13113214445154.217,3.042452632490498,32.67031884234351,7661189768529.555,319973102.7419124,6751803058982.896,24842858674469.48,39896333809071.88,0.0005026898675072,2.099507276062392e-08,0.0004430203516296,0.0016300670930865,0.0026178026341146,0.0001089024389959,4.5483602879606925e-09,9.597566996242012e-05,0.0003531367820173,0.0005671192321398
449,449,0.02,4990,100000.0,17.15,2.43,0.81,2.116055517747752,,0.499,17911.0,10.515184567918114,4990.0,0.1491822590669471,0.0161134490538417,0.0059626082021476,0.0001276849788993,-1.2444085723986091e-05,2465810781176.798,102985717.65819,2120319269131.0127,7901301239293.874,12723576328070.54,3.3449017538745567,35.17225930354397,8247894806681.062,344477107.6189096,7092259642090.345,26429076373205.285,42559112775319.945,0.0004926293225483,2.057488948843892e-08,0.0004236056769286,0.0015785528664557,0.0025419658453673,0.0001063516464496,4.441825267924064e-09,9.145042555270711e-05,0.0003407870556445,0.0005487741807068
450,450,0.02,5000,100000.0,17.15,2.43,0.81,2.114412380660032,,0.5,17945.0,10.300031942050635,5000.0,0.162523990324189,0.0146923032086398,0.0059639200463259,2.7599610601419068e-05,2.2696706924865896e-06,2415357490410.8745,100878512.84044394,2025216796761.228,7647009198741.445,12348283927732.477,3.0764688893168475,31.687727828688573,7430772175827.471,310349606.35417587,6230516469357.839,23525785896247.81,37989111340120.21,0.0004828780771158,2.0167624252763265e-08,0.0004048811807135,0.0015287894699792,0.0024686679393741,0.0001038934933333,4.339159376148205e-09,8.711209359617126e-05,0.0003289262572366,0.00053114553809
451,451,0.02,5010,100000.0,17.15,2.43,0.81,2.1349651521228017,,0.501,17916.0,10.363344650796094,5010.0,0.1488740120157672,0.0160863866109249,0.0063413651384867,-2.932504569359266e-05,2.065748430697649e-05,2430204320611.684,101498597.50989696,1985629257084.575,7600822411715.552,12308526754442.986,3.36526162771068,34.87536608806482,8178273347651.201,341569335.4665069,6682161945726.384,25578756001189.688,41421412780377.25,0.000486213228177,2.0306918365738763e-08,0.0003972666836535,0.0015207035763438,0.0024625783423323,0.0001042482667764,4.353976651634027e-09,8.517736832082494e-05,0.0003260518285545,0.0005279978188824
452,452,0.02,5020,100000.0,17.15,2.43,0.81,2.133305558235601,,0.502,17928.0,10.631536417535113,5020.0,0.1479992426429817,0.0168429912706039,0.0058334804476318,5.767791956310153e-06,-1.589772466193088e-05,2493095289911.9834,104125267.67333888,1983632246334.3528,7701919720413.261,12508404330937.938,3.39190924923159,36.06120670817983,8456352973068.17,353183458.4999132,6728300563415.527,26124212736508.93,42427372343236.87,0.0004991698769321,2.0848058740613813e-08,0.0003971647085805,0.0015420855891617,0.0025044444453275,0.0001066564829908,4.454556905811288e-09,8.48612725704536e-05,0.0003294938917823,0.0005351189018583
453,453,0.02,5030,100000.0,17.15,2.43,0.81,2.1316512748390832,,0.503,17885.0,10.719632805208407,5030.0,0.1670859788073357,0.0163250529346597,0.0070273805992203,9.475608447035824e-05,2.4839626832462114e-06,2513753892821.372,104988083.69421114,1946244049167.9448,7669344671642.426,12497797421521.145,3.010426150598797,32.27066292161612,7567470455118.982,316058872.6543084,5859023981062.471,23087995757467.902,37623696182633.46,0.0005036604998396,2.1035611664944533e-08,0.0003899531507094,0.0015366444510709,0.0025040824060755,0.0001072457205374,4.479166682063003e-09,8.303372338509609e-05,0.0003272016396311,0.0005332006818287
454,454,0.02,5040,100000.0,17.15,2.43,0.81,2.130002274998483,,0.504,18026.0,10.806132471832989,5040.0,0.1647077264296967,0.016539511977949,0.0064620953209925,0.0001507038525908,-4.712109446216387e-06,2534038064644.8354,105835261.42913228,1907689274697.2,7634057206411.415,12501125845562.094,3.0599657400718567,33.06639514648695,7754069661851.189,323852274.06469315,5837463823275.96,23359953509367.6,38253016799746.83,0.0005080383492879,2.1218454554057252e-08,0.0003824643850436,0.0015305191645015,0.0025062967393549,0.0001078158081232,4.5029766514262735e-09,8.116652376665502e-05,0.0003248065048636,0.0005318858482416
455,455,0.02,5050,100000.0,17.15,2.43,0.81,2.1283585319675447,,0.505,17993.0,10.696045719971464,5050.0,0.1514219298060197,0.0173716081253053,0.0063548890675117,-3.5594849345153003e-06,-7.980959812908964e-06,2508222721333.3086,104757071.78140052,1834548030148.9617,7460102190269.89,12277245195778.268,3.3350519349933934,35.67186797516863,8365053040177.046,349370274.94880164,6118312957786.613,24879828244908.047,40945250346568.66,0.0005032110767595,2.1016841303979645e-08,0.0003680553890874,0.0014966797102876,0.0024631169002905,0.00010642447721,4.444867078016493e-09,7.784030236416859e-05,0.0003165338822505,0.0005209263876077
456,456,0.02,5060,100000.0,17.15,2.43,0.81,2.1267200191866475,,0.506,17850.0,10.43878067080052,5060.0,0.1653619002627238,0.0157624623164908,0.0064259430167357,0.0001180379622416,-1.4742061058383088e-05,2447894067302.7217,102237417.88982028,1738007823330.6543,7186799063745.139,11887743998721.508,3.0599551601431587,31.942200779218712,7490446082726.788,312841914.431668,5318226007369.814,21991282880018.96,36375963591348.75,0.0004914451130282,2.0525430434963017e-08,0.0003489266396735,0.001442839102137,0.002386612137812,0.0001035803657333,4.3260814583892e-09,7.354218811696685e-05,0.0003041027328012,0.0005030188550963
457,457,0.02,5070,100000.0,17.15,2.43,0.81,2.125086710281257,,0.507,18097.0,10.325128529992202,5070.0,0.1671591601925683,0.0149554700671667,0.0065004002387229,0.000167235746928,1.1300620308905577e-05,2421242640283.1714,101124308.82274364,1667240932010.5708,7015704728944.117,11665137350322.943,3.033037492028154,31.316501941475888,7343719705276.096,306713820.01481485,5056804255032.023,21278895475886.723,35380798933187.445,0.0004864257974989,2.0315796420915814e-08,0.0003349474300854,0.001409449722641,0.002343517185829,0.0001021718365787,4.267253592545437e-09,7.035439786522224e-05,0.0002960494025358,0.0004922466204733
458,458,0.02,5080,100000.0,17.15,2.43,0.81,2.146132496161223,,0.508,18050.0,10.50504487745476,5080.0,0.1669571978509338,0.0153849790731716,0.0065364693246112,9.71807652272728e-05,-1.3185655289912735e-05,2463433023763.1416,102886409.52979194,1661478785760.919,7043488046717.657,11773600896308.736,3.042696011546402,31.96365814974756,7495477836115.804,313052067.9186276,5055374874703.706,21431192987122.57,35823488488737.734,0.0004951761991091,2.0681260955544418e-08,0.0003339748806228,0.0014158158983013,0.0023666188142418,0.000103668060606,4.329744074949057e-09,6.991961291271274e-05,0.000296409416721,0.0004954656203339
459,459,0.02,5090,100000.0,17.15,2.43,0.81,2.1444823579328576,,0.509,18164.0,10.809371200752528,5090.0,0.1674714502560164,0.0152263204001127,0.0063758455750367,6.696920087701403e-05,5.298404352621174e-05,2534797546576.468,105866981.54017024,1678230150936.0486,7150332017429.735,12017127734617.545,3.03932401147708,32.853181439416,7704071047543.051,321764059.01764023,5100685194524.736,21732175790607.543,36523944872810.266,0.0005098420608686,2.1293787395083626e-08,0.0003375545001298,0.0014381977040276,0.0024170913287389,0.0001063767147145,4.442872255499518e-09,7.042953400071547e-05,0.0003000747851283,0.0005043174238671
460,460,0.02,5100,100000.0,17.15,2.43,0.81,2.1428374237900423,,0.51,17826.0,10.704855488493148,5100.0,0.166613649300416,0.0145074545560616,0.0059606947121411,0.0001367638668599,-8.42814973171152e-06,2510288612051.643,104843354.6543019,1630925868714.802,6984932731666.121,11804328465490.346,3.0609737085851503,32.76728120448097,7683927442450.787,320922752.11668664,4992221204787.405,21380695447865.85,36132739080369.24,0.0005052274807669,2.1101057341713936e-08,0.0003282445548342,0.001405806467991,0.0023757710982449,0.0001050580520061,4.387797702979451e-09,6.825585468981313e-05,0.0002923263176433,0.000494022778047
461,461,0.02,5110,100000.0,17.15,2.43,0.81,2.141197667707164,,0.511,17784.0,10.670722480151408,5110.0,0.1686473512636439,0.0163871514403841,0.0065331747811694,0.0001446807823869,3.7717951372221264e-06,2502284421595.5054,104509055.97060288,1594747175895.267,6866705046265.331,11670391991160.98,3.0299912579187867,32.33219583053624,7581899922260.749,316661525.964272,4832070001553.334,20806056260890.773,35361185709703.19,0.0005039279632437,2.1046782396626106e-08,0.000321161611087,0.0013828662554488,0.002350267146135,0.0001044322059357,4.3616589549453755e-09,6.655636907268594e-05,0.0002865801942028,0.0004870608509781
462,462,0.02,5120,100000.0,17.15,2.43,0.81,2.139563063838088,,0.512,18154.0,10.79386461412064,5120.0,0.1523396861994115,0.0145986259863832,0.0062322013650749,0.000164726294047,-3.4834544788152984e-05,2531161252011.29,105715110.03069754,1581814962346.0457,6848884907677.117,11707661467248.443,3.36091016578435,36.27720930969802,8507005583124.1875,355298987.9791824,5316337987338.613,23018486910499.03,39348398442837.016,0.0005099934405821,2.130010983821408e-08,0.0003187134973601,0.0013799541121458,0.0023589293444296,0.0001053447835392,4.399773176902101e-09,6.58337965133991e-05,0.0002850447783645,0.0004872629359501
463,463,0.02,5130,100000.0,17.15,2.43,0.81,2.13793358651488,,0.513,18172.0,10.623256774263892,5130.0,0.1526662678043067,0.0176541061652368,0.0059028487933497,0.000110263930484,3.018770473196107e-06,2491153713564.883,104044176.84714057,1525972193587.8877,6665861275458.262,11426740769201.76,3.360270787896528,35.69701941088285,8370951051852.03,349616608.1101867,5127679785255.765,22399098920093.09,38396943207614.97,0.0005022371375101,2.0976164284750743e-08,0.0003076485815605,0.0013438926180251,0.0023037251951753,0.0001033922567906,4.31822500216403e-09,6.333359039054576e-05,0.0002766583358425,0.0004742527566469
464,464,0.02,5140,100000.0,17.15,2.43,0.81,2.13630921024577,,0.514,18203.0,10.376628875430232,5140.0,0.1535250543383881,0.0160048891566818,0.0063581607042218,-2.2721733915483587e-05,-4.99584744841558e-05,2433319471288.3896,101628703.2059637,1460420848808.6414,6443206126392.387,11067815614364.5,3.3479877419035504,34.740826277222844,8146723762008.758,340251652.55912054,4889471099831.709,21571775129719.57,37054911006541.06,0.0004908522464422,2.0500669090212956e-08,0.0002945979197746,0.0012997315965894,0.0022326136052502,0.0001007126969615,4.206311957533368e-09,6.044538093657718e-05,0.0002666779573027,0.0004580859904128
465,465,0.02,5150,100000.0,17.15,2.43,0.81,2.1578694906072515,,0.515,18145.0,10.561090714851584,5150.0,0.1710832633270911,0.0164061079946948,0.0065829883211733,6.097383021502777e-05,-9.065364346931916e-06,2476575772632.6963,103435322.4612564,1455722135191.164,6488636233811.371,11169256080491.346,3.0102301650359595,31.791313845527423,7455063096776.181,311364127.8030956,4382058683262.997,19532288520964.31,33622031574506.36,0.0004998551207235,2.0876678261692668e-08,0.0002938130024798,0.0013096219723313,0.0022543262791317,0.0001022187274594,4.269212011674676e-09,6.0083792241733344e-05,0.0002678133841478,0.0004610023064235
466,466,0.02,5160,100000.0,17.15,2.43,0.81,2.156227905515004,,0.516,17829.0,10.615792186649475,5160.0,0.1545688016703934,0.0162068834489223,0.0063312663452087,-7.747221910926318e-05,5.054770969207742e-06,2489403267769.3022,103971068.67604496,1432443161125.9585,6452777761504.071,11131305542454.592,3.338319210757239,35.43890299409854,8310422752116.109,347088615.92420113,4781952523104.613,21541431963976.133,37159851133184.695,0.000502678856103,2.0994612864280344e-08,0.0002892495960739,0.0013029929645536,0.0022477161532888,0.0001024639753932,4.2794549040577635e-09,5.895943928175532e-05,0.0002655966875006,0.000458165148236
467,467,0.02,5170,100000.0,17.15,2.43,0.81,2.15459142370749,,0.517,17998.0,10.820588318090111,5170.0,0.1716769244894749,0.0164796277189899,0.0063979567553834,-1.8494423047168e-05,1.0836681225633111e-05,2537427960592.132,105976841.98737456,1428663874601.1145,6506455808191.451,11248396577700.549,3.011470537100028,32.58588291401713,7641389543337.016,319146137.25988376,4302379165780.426,19593999967311.902,33874214883361.984,0.0005126337006295,2.1410381509450904e-08,0.0002886313465315,0.001314491907056,0.0022725008368041,0.0001041478905335,4.349784391835993e-09,5.863903572122111e-05,0.0002670553244454,0.0004616867133358
468,468,0.02,5180,100000.0,17.15,2.43,0.81,2.152960020016001,,0.518,18135.0,10.901493409535965,5180.0,0.1543139688092196,0.0170572496043807,0.0071540911427183,0.0001113795519704,-1.3557680550017814e-06,2556400204536.184,106769226.45299524,1407697581565.317,6483768216916.7,11234120048663.607,3.35679267403465,36.59405321316734,8581305478487.741,358402157.16976094,4725348929054.75,21764665650684.684,37710611878579.78,0.000516744255698,2.158206072625473e-08,0.0002845484199786,0.0013106124680416,0.0022708365429905,0.000104633276217,4.37005674742122e-09,5.761696060761776e-05,0.0002653801660493,0.0004598117243231
469,469,0.02,5190,100000.0,17.15,2.43,0.81,2.1513336694430585,,0.519,18206.0,10.853561405027692,5190.0,0.1719784178703776,0.01652577002901,0.0061505073524369,5.335166600659011e-05,-2.818732838123328e-06,2545160149478.9937,106299780.40084122,1369998974390.7314,6384237755806.48,11086777777971.943,3.017820529033924,32.75410042122284,7680836548776.756,320793659.52545655,4134411029671.769,19266483761706.258,33457905579200.84,0.0005146823486379,2.149594423266448e-08,0.0002770412266258,0.0012910207175348,0.0022419684776069,0.0001038811197018,4.3386425857563744e-09,5.591672786453984e-05,0.0002605736879275,0.0004525086131405
470,470,0.02,5200,100000.0,17.15,2.43,0.81,2.149712347160856,,0.52,17891.0,10.496731016875014,5200.0,0.1888918001523052,0.0163803408383048,0.0067335684979827,0.0001489743025974,3.945235833971809e-05,2461483423457.1904,102804983.57927388,1294484509937.7087,6105656986836.942,10627552426884.629,2.752898747223115,28.896437666293235,6776214632745.764,283011710.503676,3563584785707.246,16808255470037.477,29256575762018.668,0.0004980025563235,2.0799305060269482e-08,0.0002618975975734,0.0012352846899164,0.0021501458127302,0.0001001849220354,4.184269195799404e-09,5.268685885441682e-05,0.0002485065564009,0.0004325523792556
471,471,0.02,5210,100000.0,17.15,2.43,0.81,2.148096028510085,,0.521,18323.0,10.4949561821998,5210.0,0.1548361381019276,0.0155061452059734,0.0065538337239313,0.0001027451142464,-2.309734273153386e-05,2461067224725.853,102787600.84846485,1263797505634.0127,6035948779738.837,10531043934854.328,3.364847550363398,35.3139276008462,8281116022398.435,345864606.92268765,4252485940987.981,20310047465623.168,35435357386963.91,0.0004981568681502,2.0805749964448185e-08,0.0002558115442997,0.0012217664394619,0.0021316410263939,9.98892856234327e-05,4.171921805526225e-09,5.1294750806540834e-05,0.0002449858360674,0.000427431825085
472,472,0.02,5220,100000.0,17.15,2.43,0.81,2.1701934780522643,,0.522,18112.0,10.473966852123494,5220.0,0.1553161729198109,0.0158153202120368,0.0060397535083626,0.0001323345507267,1.197261951947272e-05,2456145226822.9595,102582031.3496975,1230862788287.281,5955338729883.146,10415460311614.674,3.36088631458558,35.20181185272486,8254824879463.9795,344766545.2855873,4136789900287.371,20015216435985.74,35005178021415.016,0.0004973958667515,2.0773966392174865e-08,0.0002492629738447,0.0012060202454645,0.0021092429115087,9.94129167151543e-05,4.152026039693906e-09,4.98193911839913e-05,0.000241043398696,0.0004215676162797
473,473,0.02,5230,100000.0,17.15,2.43,0.81,2.1685595631218515,,0.523,18217.0,10.815669774691331,5230.0,0.1727957463499478,0.0173507665384371,0.00634224452802,3.968743366570369e-05,1.192184339653948e-05,2536274562165.117,105928669.7733269,1239619285321.4346,6078851341950.642,10657648704181.936,3.0266948755834218,32.73573228306076,7676529220377.748,320613761.980297,3751949338556.7695,18398828206115.41,32257450718715.76,0.0005137992791145,2.145906242920124e-08,0.0002511224552246,0.0012314555702803,0.0021590297450249,0.0001023671686459,4.275411725879699e-09,5.003256285036817e-05,0.0002453499356016,0.0004301558429617
474,474,0.02,5240,100000.0,17.15,2.43,0.81,2.16693065599338,,0.524,18048.0,10.850153678589727,5240.0,0.1726520542470098,0.0168000737357074,0.0064074917343093,7.669562861315455e-05,-3.127669520714825e-05,2544361037629.2915,106266405.1281078,1212072290020.0083,6027232573945.276,10593711774359.428,3.035005880962898,32.93028022387105,7722150712497.762,322519164.51259303,3678646528362.892,18292686307855.06,32151977536406.76,0.0005156753456385,2.15374172076093e-08,0.0002456553090741,0.0012215621898177,0.0021470679278788,0.0001024052578937,4.2770025407754894e-09,4.878339732834292e-05,0.0002425836180449,0.0004263749406085
475,475,0.02,5250,100000.0,17.15,2.43,0.81,2.1653067323060635,,0.525,17980.0,10.834229485892113,5250.0,0.1719661362194529,0.0160211577137487,0.0064159530571192,-1.4075885851070456e-05,-1.5454693322764578e-05,2540626814441.7,106110443.58482732,1178840317623.4111,5947490788244.733,10480390644667.951,3.052926649058548,33.07610791949591,7756347307121.791,323947400.96354294,3598913020657.1543,18157253122462.57,31995863891650.684,0.0005151318533692,2.15147180038313e-08,0.0002390190460841,0.0012059000303507,0.0021249807433871,0.0001019654331936,4.258633060549206e-09,4.731153862085285e-05,0.0002386964001133,0.0004206196541924
476,476,0.02,5260,100000.0,17.15,2.43,0.81,2.163687767862611,,0.526,18168.0,10.882035093492734,5260.0,0.1716161742269832,0.0158537372205035,0.006429874307575,9.069682394664752e-05,-9.784287240459152e-06,2551837229424.046,106578651.70566784,1152450039828.001,5902525092334.823,10428430228486.814,3.0649791744238573,33.353210936904794,7821327964704.175,326661347.9160456,3532235371636.768,18091116484520.49,31962921472244.312,0.000517616186819,2.1618477329237185e-08,0.0002337636539811,0.001197271712972,0.0021153090123215,0.000102126186289,4.265346987272146e-09,4.61218004421482e-05,0.000236222894707,0.000417352563062
477,477,0.02,5270,100000.0,17.15,2.43,0.81,2.162073738628105,,0.527,18292.0,10.808742201859785,5270.0,0.1567340509700443,0.0152727091288806,0.006437516589187,6.54876237140001e-05,1.7304192936131087e-05,2534650046336.12,105860821.12501474,1113308950418.3872,5792041135706.434,10260649171450.26,3.362383583773525,36.343137340773445,8522465706411.374,355944687.11553514,3743371738554.92,19475064031240.28,34500238332943.777,0.0005142941130999,2.147972939744431e-08,0.0002258963678592,0.0011752362671258,0.0020819408474509,0.0001011527436266,4.2246907082274176e-09,4.442990266119877e-05,0.0002311486167181,0.000409481702053
478,478,0.02,5280,100000.0,17.15,2.43,0.81,2.160464620728199,,0.528,18267.0,10.56676051282558,5280.0,0.1919681056306217,0.0163922244619265,0.0064142558358148,-1.560814573949803e-05,-7.775438165936898e-06,2477905340257.599,103490852.46261376,1057708062398.7032,5593225592409.899,9935578430142.22,2.7504568962927576,29.063419323975115,6815371831472.165,284647128.85901225,2909180434488.963,15383925903164.951,27327380211842.234,0.0005029797228774,2.1007178703035577e-08,0.0002146997705954,0.0011353456537484,0.0020167818375582,9.86105387675042e-05,4.1185143568824564e-09,4.209247229800396e-05,0.0002225875945117,0.0003953955488312
479,479,0.02,5290,100000.0,17.15,2.43,0.81,2.183123192914991,,0.529,18123.0,10.31486521915253,5290.0,0.1732911347526169,0.0165900260189253,0.0065359759407523,6.840404675689675e-05,3.489071812021973e-06,2418835893891.269,101023789.95637988,1002548630303.4532,5392394336068.023,9605643235129.123,3.0526662587510778,31.48784101807197,7383898718737.879,308391914.9309969,3060446376484.4604,16461180243595.275,29322822997479.223,0.0004911608316361,2.051355729230222e-08,0.0002035742152905,0.0010949617926963,0.0019504902055081,9.598936044649664e-05,4.009039642699309e-09,3.978525458563647e-05,0.0002139923939865,0.0003811914454989
480,480,0.02,5300,100000.0,17.15,2.43,0.81,2.1814960823275507,,0.53,18263.0,10.749602470423694,5300.0,0.1728220214463363,0.0158003182959906,0.0064727626593013,6.193288935544185e-05,-5.532886051463257e-06,2520781779314.3564,105281606.59532966,1013595323587.3618,5549323653027.113,9913479551179.104,3.066738807731008,32.96622306372945,7730579308444.558,322871188.6861663,3108432114180.031,17018326203397.85,30402052459248.74,0.0005120586365286,2.1386363693652532e-08,0.0002058965371961,0.0011272610452611,0.0020137732126943,9.975471825318588e-05,4.1663015376192e-09,4.0110935725148665e-05,0.000219602990646,0.0003923054219336
481,481,0.02,5310,100000.0,17.15,2.43,0.81,2.179873889112677,,0.531,18232.0,10.920490093852068,5310.0,0.1726778583142731,0.0158668671717331,0.0064716033173605,3.398268134338214e-05,-2.102978174977796e-05,2560854927008.31,106955279.97918716,998005057506.0446,5566081466075.311,9972523475393.713,3.0750902587266378,33.58149270812524,7874860040055.37,328897139.5833786,3068955630496.7554,17116202895607.07,30666409794105.92,0.0005203307172352,2.173185093646928e-08,0.0002027809861073,0.0011309516719934,0.0020262804573076,0.0001010526058531,4.220508408210434e-09,3.938177467685976e-05,0.0002196403359696,0.0003935207236815
482,482,0.02,5320,100000.0,17.15,2.43,0.81,2.1782565896718724,,0.532,18259.0,11.00369330526075,5320.0,0.175546067720461,0.0165054891063339,0.0064389092304788,0.0001169567546509,1.4921458710581e-05,2580366080083.646,107770172.2317238,973663805389.1608,5536484581744.45,9949201503148.46,3.030543531440164,33.347171568209404,7819911732745.105,326602198.3390429,2950730547219.536,16778557536123.846,30151488258361.32,0.0005244687122751,2.1904676196258264e-08,0.0001979006801177,0.0011253104594463,0.0020222110888827,0.0001015340515815,4.240616209764922e-09,3.831240528331697e-05,0.0002178534725914,0.0003914881482953
483,483,0.02,5330,100000.0,17.15,2.43,0.81,2.176644160563192,,0.533,18055.0,10.850202678116348,5330.0,0.1755331998565452,0.0162258794974858,0.0065119823236761,4.777545311078344e-05,2.452571877790876e-05,2544372528018.284,106266885.02947152,928582708744.8806,5388255642142.5,9712502539723.035,3.0364626203794782,32.9462348556416,7725892073647.955,322675424.17615384,2819606685034.554,16361236846414.523,29491650912209.742,0.0005173210503068,2.1606150817504654e-08,0.0001887991545635,0.0010955385020941,0.0019747430691174,9.983392985646202e-05,4.169609846542383e-09,3.6434940241617695e-05,0.0002114198018972,0.0003810909316949
484,484,0.02,5340,100000.0,17.15,2.43,0.81,2.17503657849964,,0.534,18273.0,10.865378866809412,5340.0,0.1778465316638176,0.0159193436379581,0.0064682486442499,-1.2158639176402728e-05,2.586273562471973e-05,2547931344266.8066,106415520.62153137,898338009384.2955,5324692430753.504,9628033016032.564,3.0025887769878894,32.62426464320333,7650390058831.181,319522047.9155334,2697339624918.9272,15987861733492.836,28909023878408.24,0.0005181882002187,2.1642367731096336e-08,0.0001827004315945,0.0010829148884325,0.0019581112777824,9.969095535566944e-05,4.163638450974101e-09,3.5148582236858305e-05,0.0002083351565148,0.000376708662784
485,485,0.02,5350,100000.0,17.15,2.43,0.81,2.173433820347859,,0.535,18297.0,10.68315551770118,5350.0,0.1756324855814455,0.0158687861582571,0.0063533143465853,0.0001329606536868,1.4726589120422344e-05,2505199968900.9263,104630825.14036536,852257483554.6193,5165484619863.486,9370151264418.982,3.0461335112854515,32.54231802874364,7631173577740.383,318719462.7735152,2596090080899.535,15734755802595.756,28542731772360.41,0.0005096143025169,2.1284274963118467e-08,0.0001733684370262,0.00105077633498,0.0019061005749534,9.774120619411012e-05,4.0822062834333245e-09,3.3251107881472185e-05,0.0002015330926034,0.000365579553798
486,486,0.02,5360,100000.0,17.15,2.43,0.81,2.171835863127181,,0.536,18187.0,10.340911633686424,5360.0,0.1760775909633594,0.0162276669718112,0.0064350864133951,-6.807365343227142e-05,-5.555986201883589e-05,2424943778099.4663,101278888.54032482,794933780261.501,4932336155986.367,8976649212119.023,3.044112524867166,31.478898622649425,7381801727011.29,308304333.1102285,2419867876934.0386,15014586269293.271,27325930297950.496,0.0004934399017399,2.0608743699961843e-08,0.0001617571714299,0.0010036568641875,0.0018266142684155,9.434257372895104e-05,3.940260840517469e-09,3.092694331772596e-05,0.000191892814858,0.0003492370411973
487,487,0.02,5370,100000.0,17.15,2.43,0.81,2.195057681662745,,0.537,18118.0,10.431526378410505,5370.0,0.1599697410119915,0.0172985730218503,0.006518301273009,5.635625750968572e-05,-2.3419738940452173e-05,2446192935737.2627,102166369.35015246,771615597568.5371,4907296177604.123,8961170160298.361,3.356884849615064,35.01743285804611,8211588005211.812,342960737.41170365,2590224709204.4966,16473228191173.195,30081616345928.164,0.0004978926922689,2.0794716537662512e-08,0.0001570529297413,0.0009988201952238,0.0018239367270702,9.489837095847216e-05,3.963473966598193e-09,2.993429591984852e-05,0.0001903751769788,0.0003476424274104
488,488,0.02,5380,100000.0,17.15,2.43,0.81,2.1934413562002613,,0.538,18270.0,10.803828780663409,5380.0,0.1597424319743368,0.0156892220658526,0.0065075170429715,0.0001317327688642,2.776751860808093e-05,2533497849065.5693,105812699.07781744,768500599732.7513,5011741150455.711,9193853305190.686,3.36792168086205,36.3864491867177,8532622334285.301,356368883.3347131,2588249831595.4214,16879151679488.3,30964177877216.93,0.0005157492843054,2.1540505289924173e-08,0.0001564452223421,0.001020250288519,0.0018716113234159,9.800632676406972e-05,4.093279165574835e-09,2.972882764576694e-05,0.0001938751757889,0.0003556568210949
489,489,0.02,5390,100000.0,17.15,2.43,0.81,2.191829839611644,,0.539,18070.0,10.82573391980288,5390.0,0.1607679531953181,0.0158541721208047,0.0065877398168735,4.725382083436978e-05,-1.3155388195756571e-05,2538634604193.7754,106027238.0105494,754113247874.8414,4951062285170.658,9136691790178.473,3.35265822128845,36.294985827708366,8511174176597.612,355473091.19657576,2528283980270.122,16599219674488.59,30632204845720.547,0.0005169224952882,2.1589504984447143e-08,0.0001535542378479,0.0010081464526442,0.0018604337587836,9.792707661394248e-05,4.089969246724744e-09,2.908969478247596e-05,0.0001909857586118,0.0003524451748419
490,490,0.02,5400,100000.0,17.15,2.43,0.81,2.1902231091679063,,0.54,18363.0,11.03255364598726,5400.0,0.1613985023559507,0.0178392316222249,0.0067756392403412,6.836728832788826e-05,-5.862403256541885e-06,2587133829984.0127,108052830.40879925,752270025160.8292,4973455911430.618,9233992754496.965,3.345755952611478,36.91223203356735,8655918411871.544,361518400.5367586,2516911914653.031,16639969720719.738,30894686224729.484,0.0005269248140081,2.2007256411068324e-08,0.0001532157859395,0.0010129500456203,0.0018806989643615,9.951624719618775e-05,4.156341684603254e-09,2.893669006007705e-05,0.0001913081040358,0.000355193185182
491,491,0.02,5410,100000.0,17.15,2.43,0.81,2.188621142288353,,0.541,18388.0,10.98683178758213,5410.0,0.1761634383501586,0.0163677072753743,0.0064229066238077,0.0001600908619679,1.5931139674680964e-05,2576412054188.0093,107605030.52757938,732969617654.6215,4880950056540.935,9118794225577.63,3.0710118119099072,33.74069019513196,7912191850758.444,330456319.77112246,2250958353588.4307,14989455276979.54,28003924777124.76,0.0005248418990712,2.1920262513873625e-08,0.0001493135251661,0.0009943002295702,0.0018575931093056,9.88194973971214e-05,4.1272416098396885e-09,2.8113394791120764e-05,0.0001872111375289,0.0003497556459474
492,492,0.02,5420,100000.0,17.15,2.43,0.81,2.187023916539372,,0.542,18443.0,10.875899701546,5420.0,0.1775318525615148,0.0165617306292653,0.0063035964107985,8.58567602739499e-05,-2.0993425350399418e-07,2550398480012.537,106518561.67694151,709549549703.9534,4760499357324.714,8950569746176.201,3.052973267499684,33.20383104882773,7786298380950.103,325198321.2922188,2166235807212.608,14533677277861.775,27325850163967.37,0.000519617114264,2.170204698124596e-08,0.0001445633269992,0.0009699021379971,0.001823585317736,9.754188788690492e-05,4.073881662960967e-09,2.713725057861808e-05,0.0001820688407074,0.0003423212009995
493,493,0.02,5430,100000.0,17.15,2.43,0.81,2.185431409633304,,0.543,18394.0,10.622671413450425,5430.0,0.1619682022792403,0.0137028850932849,0.0062243016900562,0.0002006509957077,1.0517023900642697e-05,2491016446454.124,104038443.82333344,677382382523.7161,4580147021743.759,8667789231996.193,3.3525098899587955,35.61261097137512,8351157272787.465,348789911.85364795,2270931136694.61,15354988187861.271,29058849124345.6,0.0005076315107358,2.12014627554221e-08,0.0001380402938229,0.000933364753713,0.0017663644689464,9.500099906578991e-05,3.96776027654732e-09,2.5833632363576303e-05,0.0001746750984134,0.000330567322389
494,494,0.02,5440,100000.0,17.15,2.43,0.81,2.183843599427047,,0.544,18279.0,10.247870402044107,5440.0,0.178525824290773,0.015575326560881,0.0063591919398919,0.0001118353824457,-5.533761568807595e-06,2403125609279.344,100367642.71762,638387854353.51,4351486155559.25,8290206425803.905,3.047178200471226,31.2270872903631,7322751969590.148,305838092.92181623,1945281553231.616,13259753752872.488,25261736298116.14,0.0004898056994653,2.0456959575966088e-08,0.0001301163819004,0.000886921063097,0.0016897120739024,9.139027690526572e-05,3.816956810277921e-09,2.427773336401739e-05,0.0001654859501186,0.000315274514961
495,495,0.02,5450,100000.0,17.15,2.43,0.81,2.207654841212306,,0.545,18341.0,10.574293641435272,5450.0,0.1608563271693128,0.0154932908595426,0.0069958223255633,0.0001477658261308,1.6348901666008535e-06,2479671858916.572,103564631.92421705,643147126626.2072,4420898124363.664,8480230835933.772,3.3881166478850924,35.82694032617233,8401417506487.41,350889053.5545317,2179057486761.714,14978518533760.512,28732011273135.73,0.0005054919986972,2.111210505433317e-08,0.0001311083663451,0.000901219498413,0.0017287322995,9.403275119799818e-05,3.927320960482704e-09,2.4389071289526745e-05,0.0001676468650096,0.0003215826454736
496,496,0.02,5460,100000.0,17.15,2.43,0.81,2.2060482782466675,,0.546,18174.0,10.73679425815826,5460.0,0.1586157266192458,0.016965839388488,0.0065539052406315,9.577454894734852e-05,5.1016740380741305e-06,2517778253538.1123,105156162.964402,637216187797.7307,4418577992203.114,8535371298475.198,3.442281617576693,36.95906950656117,8666901799288.595,361977126.74726,2193477569678.4265,15209989798389.713,29381151719932.883,0.0005132988803437,2.1438163045144843e-08,0.0001299091193888,0.0009008144910784,0.0017401042068214,9.520666178383054e-05,3.976349874246637e-09,2.409553978377074e-05,0.0001670830462841,0.0003227544789821
497,497,0.02,5470,100000.0,17.15,2.43,0.81,2.2044464217435324,,0.547,18403.0,10.998240856105264,5470.0,0.1780424992994085,0.0165474198380787,0.0064010462892212,0.0001670656659632,-5.521469003112222e-08,2579087480756.6846,107716770.94469497,636533134072.9285,4454203516185.006,8666201811639.031,3.072300165142746,33.7898971984919,7923730893046.351,330938253.1620297,1955620852931.088,13684650198354.592,26625173257058.96,0.0005258794647646,2.196359692070299e-08,0.0001297899766288,0.0009082181889995,0.0017670504022259,9.72457088631116e-05,4.061511610257207e-09,2.400078178799076e-05,0.0001679478426318,0.0003267632232763
498,498,0.02,5480,100000.0,17.15,2.43,0.81,2.202849249789439,,0.548,18365.0,10.994899669959732,5480.0,0.1810752782603231,0.0149413566772649,0.0063014600138046,9.29510163500395e-05,4.304698029776618e-06,2578303972605.557,107684047.3675856,620145077547.1195,4380903046539.764,8586582201605.803,3.02636563789877,33.27458655331066,7802890546751.351,325891300.7031246,1876785753200.671,13258214443013.98,25986137321932.97,0.0005257979457215,2.1960192240498493e-08,0.0001264672479614,0.0008934050626885,0.0017510764170335,9.693856040295658e-05,4.048683414015167e-09,2.331609139074716e-05,0.0001647123221732,0.0003228366112953
499,499,0.02,5490,100000.0,17.15,2.43,0.81,2.201256740611648,,0.5489999999999999,18291.0,10.880680096689003,5490.0,0.1799106511034551,0.0164486162351002,0.0067483824750793,9.305279714500752e-05,-1.975081186402226e-06,2551519482673.572,106565380.8669721,597676308251.518,4286184851409.797,8421194119135.225,3.0515147192942176,33.202555470978126,7785999257944.37,325185828.2827598,1823818052002.935,13079356163692.896,25697397808575.043,0.0005203875336599,2.1734223900491072e-08,0.0001218972859466,0.0008741760267879,0.0017175194890286,9.56581856265843e-05,3.99520797452779e-09,2.240728774660496e-05,0.0001606919598028,0.0003157162450516
500,500,0.02,5500,100000.0,17.15,2.43,0.81,2.199668872577446,,0.55,18310.0,10.74061455539206,5500.0,0.1816103723094784,0.0139640860073738,0.0069117363606168,6.688676948860079e-05,-6.323569057829288e-06,2518674113239.438,105193578.95550984,574162361983.862,4183292786867.4897,8237582849835.361,3.028461386901166,32.52753645259349,7627707298133.173,318574692.01670057,1738828543080.096,12668940675130.36,24947201582125.656,0.0005137143597489,2.1455515732970883e-08,0.0001171074291144,0.0008532336773351,0.0016801556729146,9.41585055773212e-05,3.932573149783727e-09,2.1464575221925884e-05,0.0001563888694981,0.0003079550810613
501,501,0.02,5510,100000.0,17.15,2.43,0.81,2.19808562419252,,0.551,18403.0,10.561928672236878,5510.0,0.1635864834988751,0.0170367038981387,0.0070330507198421,3.274971216639386e-05,-3.016406978449228e-05,2476772273639.548,103443529.41588798,549053380834.9882,4066774828847.34,8026583377646.394,3.368248942179803,35.57520507764039,8342385590706.672,348423558.53041,1849348469197.693,13697910015348.502,27035530971075.457,0.0005052118562432,2.1100404776315983e-08,0.0001119958748975,0.0008295404797898,0.0016372619843457,9.232885341174916e-05,3.8561568883354864e-09,2.04675535388832e-05,0.0001516007995678,0.0002992141215239
502,502,0.02,5520,100000.0,17.15,2.43,0.81,2.196506974100088,,0.552,18302.0,10.185516616349304,5520.0,0.1808664922155003,0.0149818115443556,0.0062975939846344,8.11943205257934e-05,1.8665032259323832e-05,2388503646533.912,99756949.74052508,514483381999.5303,3876590296492.517,7669207870979.45,3.0519749304492425,31.08594136677227,7289653250508.097,304455709.7461676,1570190383995.3074,11831256400517.955,23406230158633.29,0.0004872672141833,2.035093857446461e-08,0.0001049572960268,0.000790844660021,0.0015645584463344,8.878601604851392e-05,3.708188661744756e-09,1.9124496576419804e-05,0.0001441015209574,0.0002850815882572
503,503,0.02,5530,100000.0,17.15,2.43,0.81,2.220935345818111,,0.553,18297.0,10.477837407771071,5530.0,0.1821566643402548,0.0134803843011381,0.0065950166136985,0.0001441387114365,-1.6819731300844323e-05,2457052872122.317,102619939.57170989,513815788987.20935,3941297934568.094,7815945092178.332,3.035848301256978,31.80912489522863,7459239787931.114,311538569.2238692,1559866790155.8335,11965182639406.186,23728023630807.406,0.0005012888940677,2.0936560462684663e-08,0.0001048288995073,0.0008041051559076,0.0015946121940664,9.10738053398539e-05,3.803739230270913e-09,1.9045238984354663e-05,0.0001460892457593,0.0002897079952769
504,504,0.02,5540,100000.0,17.15,2.43,0.81,2.219337548350787,,0.5539999999999999,18261.0,10.729424539245604,5540.0,0.2009968252496037,0.0147390061927033,0.0063864463062596,6.019837666895216e-05,1.407505437505856e-05,2516050054453.0938,105083983.93737143,510349548215.23456,3988266993742.512,7928488558271.948,2.756262440026237,29.57310986061847,6934894262315.03,289639037.9748973,1406657291030.01,10992710515648.842,21852995219342.742,0.0005133158073252,2.1438870008286933e-08,0.0001041197451125,0.000813672402144,0.0016175427424248,9.299553713290756e-05,3.884001239572267e-09,1.8862991329530105e-05,0.0001474100368774,0.0002930442702535
505,505,0.02,5550,100000.0,17.15,2.43,0.81,2.2177443606827376,,0.555,18202.0,10.830993780192188,5550.0,0.1652414891541411,0.0159624424900713,0.0060485144792448,5.41364721899952e-05,2.510295432437872e-06,2539868041455.068,106078753.08320227,499227470496.51263,3977903503845.525,7927703759706.135,3.3587206387512216,36.378282347717615,8530707210539.779,356288897.3135463,1676765608588.2034,13360666597326.762,26626942235630.65,0.0005182070146322,2.1643153523703573e-08,0.000101856936221,0.000811608109389,0.0016174823381189,9.360601031396748e-05,3.909497931833678e-09,1.8398865999959926e-05,0.0001466043394111,0.0002921729427612
506,506,0.02,5560,100000.0,17.15,2.43,0.81,2.216155761666081,,0.556,18272.0,10.902611111894316,5560.0,0.1632912333507192,0.014753519863341,0.0059943601590243,-1.0064734921306236e-05,-7.200648734898466e-05,2556662305739.217,106780173.22989292,486469743562.2381,3955770160108.839,7903783115973.333,3.404959277916747,37.12294685896277,8705331038426.769,363582141.5366813,1656409666768.023,13469236307968.805,26912059651375.137,0.0005216624118478,2.1787469772441875e-08,9.925948340850468e-05,0.0008071369448384,0.0016126911065826,9.39548687228688e-05,3.924068163205872e-09,1.7877292903108897e-05,0.0001453707301337,0.0002904563905089
507,507,0.02,5570,100000.0,17.15,2.43,0.81,2.2145717302868846,,0.557,18272.0,10.842866903716931,5570.0,0.1663574466210775,0.0169658908286343,0.0063856892727976,7.161768920666291e-05,1.5151706081968916e-05,2542652288921.6206,106195038.45500363,467833233879.4304,3885922452893.216,7784549568520.476,3.3482120056141085,36.304217142300914,8513338919869.563,355563502.69169515,1566404850300.382,13010892209662.49,26064322323618.387,0.0005187838815381,2.1667246634475065e-08,9.545321711583278e-05,0.0007928547455157,0.0015883016560222,9.317498951671444e-05,3.891496150646913e-09,1.7143656194049996e-05,0.0001423988586204,0.0002852632770904
508,508,0.02,5580,100000.0,17.15,2.43,0.81,2.212992245664049,,0.558,18417.0,10.786637120544604,5580.0,0.1664650565517149,0.0162894434119661,0.0063233752158102,8.187911175932176e-05,-2.0535789861576944e-05,2529466404767.709,105644323.95861384,449519181013.478,3817849492967.665,7668651230532.988,3.352054848980565,36.1573992641153,8478910127435.036,354125568.3927452,1506812950426.0012,12797640905580.252,25705739542448.875,0.0005160929238055,2.15548575511802e-08,9.171644580795932e-05,0.0007789647270117,0.001564652777262,9.242963651659368e-05,3.860366140910527e-09,1.6425952299662283e-05,0.0001395086490355,0.0002802214113121
509,509,0.02,5590,100000.0,17.15,2.43,0.81,2.2114172870486306,,0.5589999999999999,18467.0,10.592217081947394,5590.0,0.2027366098336642,0.0164401080424267,0.0064242459370544,6.812577916547215e-05,7.289368568453757e-06,2483874905716.664,103740174.10059278,425815416437.053,3701978670695.391,7456262983149.635,2.7572721101464253,29.205624744670104,6848719002625.139,286039888.749299,1174088971812.2715,10207362541065.34,20558945969355.68,0.0005068091698441,2.116711731110431e-08,8.688326341018096e-05,0.000755350735481,0.0015213739000836,9.050570993414554e-05,3.780012465223972e-09,1.5515566616032888e-05,0.0001348901295235,0.0002716861357198
510,510,0.02,5600,100000.0,17.15,2.43,0.81,2.209846833822088,,0.56,18449.0,10.272286545374802,5600.0,0.1862389197067386,0.0167027170798955,0.005924231999005,1.921060356399793e-05,-6.701652897460131e-09,2408851194890.391,100606774.4254008,397823632359.589,3544527013038.223,7159124650643.199,3.0068902938322704,30.88763870875132,7243151277202.185,302513533.5135104,1196212018799.1455,10658003871730.922,21526702424354.38,0.0004914944822487,2.052749236308719e-08,8.117069274666327e-05,0.0007232142329028,0.0014607254574237,8.752329720120307e-05,3.6554506302284974e-09,1.4454540024110869e-05,0.000128786988527,0.0002601199259745
511,511,0.02,5610,100000.0,17.15,2.43,0.81,2.2349216867099795,,0.561,18163.0,10.232671344140911,5610.0,0.1661648106382927,0.0148135374054944,0.0064467515830228,0.0001432160114806,4.8713233618983816e-06,2399561430201.044,100218783.14451613,381217444727.71387,3485397524725.372,7059865680441.369,3.376166095847959,34.54719806204351,8101317945549.203,338355257.81965417,1287053412035.5007,11767280953530.2,23835279151546.73,0.0004895458962765,2.0446108776684933e-08,7.77739770720736e-05,0.0007110724625119,0.0014403166464607,8.693574926774197e-05,3.630911421442495e-09,1.381145061519059e-05,0.0001262754274569,0.0002557778704616
512,512,0.02,5620,100000.0,17.15,2.43,0.81,2.233331680238201,,0.562,18105.0,10.520375553571409,5620.0,0.1673683022490877,0.0153935535283604,0.0064497706629861,7.617000357768887e-05,9.453992152754606e-07,2467028067312.496,103036558.17167838,376440101562.4763,3536655647375.589,7184698297824.947,3.3578640187411195,35.32599053498112,8283944780453.073,345982751.2996051,1264034672247.8918,11875608745000.07,24125239899776.96,0.0005032964875479,2.102040852471132e-08,7.679725391004077e-05,0.000721510382705,0.0014657447417395,8.912448266526843e-05,3.72232487515411e-09,1.3599370737101168e-05,0.0001277661203428,0.0002595562358547
513,513,0.02,5630,100000.0,17.15,2.43,0.81,2.231746192339633,,0.5630000000000001,18617.0,10.999352839105777,5630.0,0.1682107317392365,0.0176113780960364,0.0059907801727991,3.975099718772383e-05,-2.043622021497042e-05,2579348240770.3047,107727661.70620196,377377626314.8674,3648808339347.7417,7434789023172.932,3.346992157865251,36.81474769407991,8633058334261.741,360563638.9158187,1263079955829.6643,12212532897350.22,24884180555942.45,0.0005261932344628,2.1976701655986442e-08,7.69859419002753e-05,0.0007443656624833,0.0015167148126085,9.29156681989728e-05,3.880665476932791e-09,1.359424592544218e-05,0.0001314407491092,0.0002678228472942
514,514,0.02,5640,100000.0,17.15,2.43,0.81,2.2301652025855385,,0.564,18364.0,10.91499129300206,5640.0,0.1674789189000876,0.0159209192852691,0.0062428864419059,1.1273847050753786e-05,-8.64121932279486e-06,2559565458208.9834,106901424.72366218,358406276498.79626,3572331866244.8096,7301339192733.565,3.367588014682993,36.75719385868296,8619561959861.155,359999956.65194094,1206964681124.5051,12030141977236.148,24587902356584.76,0.000522136666836,2.1807277249433548e-08,7.311282389126457e-05,0.0007287352028802,0.0014894313006555,9.194006566960554e-05,3.839918990055935e-09,1.2874019881779353e-05,0.0001283188227606,0.0002622654570927
515,515,0.02,5650,100000.0,17.15,2.43,0.81,2.228588690674746,,0.565,18309.0,10.853414524902774,5650.0,0.2045632637182279,0.0166648925400332,0.0065745871742569,0.0001353794639256,8.651202728958032e-06,2545125706089.7007,106298341.85689776,340398047493.7324,3503960898724.8955,7184152597657.77,2.761981744572912,29.976932784063944,7029590737862.995,293594079.6871223,940173193065.952,9677876035975.455,19842498324956.824,0.0005191439422749,2.1682284736209092e-08,6.943294938076025e-05,0.0007147230764236,0.0014653929637067,9.116220541070936e-05,3.807431299754743e-09,1.219249668210076e-05,0.0001255061007149,0.0002573244980562
516,516,0.02,5660,100000.0,17.15,2.43,0.81,2.227016636432704,,0.5660000000000001,18755.0,11.002932270924772,5660.0,0.2038767632293456,0.0164137365616262,0.0064324804056548,0.0001543920337342,3.949338990734388e-05,2580187617531.859,107762718.6614372,328880891941.8452,3503349861439.2715,7206079091730.3,2.776186903474103,30.546196470353927,7163083072297.995,299169448.2306463,913034825011.8324,9725954003615.52,20005422399860.22,0.0005262445028942,2.197884290552756e-08,6.707720024519282e-05,0.0007145288946318,0.0014697223890531,9.215679866031826e-05,3.848970942768261e-09,1.1746669093351808e-05,0.0001251294695097,0.000257380190291
517,517,0.02,5670,100000.0,17.15,2.43,0.81,2.225449019810519,,0.5670000000000001,18487.0,10.627819293534298,5670.0,0.169397560638572,0.0169348640494114,0.0062295420572335,-6.21821098857957e-05,1.1838562096488852e-05,2492223624333.793,104088862.16087492,302014654538.91486,3336697864337.521,6885992217680.202,3.3471556370859186,35.57296525828381,8341860353067.554,348401621.73963165,1010890053422.4852,11168447065869.88,23048487668338.05,0.0005082735399803,2.1228277401140042e-08,6.159401431300718e-05,0.0006804988199263,0.0014043553742866,8.876119875039552e-05,3.7071521559120404e-09,1.0756331219766288e-05,0.0001188373705371,0.0002452464208506
518,518,0.02,5680,100000.0,17.15,2.43,0.81,2.2238858208837056,,0.5680000000000001,18335.0,10.233089193027276,5680.0,0.1889100127527854,0.0161454984107431,0.0063473615030555,0.0001203667068074,3.168952797404287e-05,2399659415764.8965,100222875.55650917,275724872623.4975,3167307026107.192,6558585471287.955,3.006722575067028,30.76806028934956,7215110137852.47,301342382.4738895,829028199024.5508,9523213537564.906,19719846997028.12,0.0004893415878878,2.043757574317144e-08,5.622616530635997e-05,0.0006458812610245,0.0013374350575476,8.522153341566297e-05,3.559316410545856e-09,9.792096449788423e-06,0.0001124837799021,0.0002329216834809
519,519,0.02,5690,100000.0,17.15,2.43,0.81,2.249638276094136,,0.569,18287.0,9.941897838049254,5690.0,0.1695489824796823,0.0162034652183262,0.0063768785942455,3.221273016129995e-05,-2.371604586844851e-05,2331375043022.5503,97370947.4258544,258313431205.64062,3033010403845.721,6302341575449.513,3.3559623400758856,33.36463473337516,7824006844976.476,326773232.57867634,866890147061.913,10178668692364.594,21150420981503.09,0.0004753400426699,1.985279478852481e-08,5.2667080647955466e-05,0.0006183952681045,0.0012849735705803,8.256045112409166e-05,3.448175088739248e-09,9.14759445314326e-06,0.0001074073036661,0.0002231833806253
520,520,0.02,5700,100000.0,17.15,2.43,0.81,2.2480551056091693,,0.57,18433.0,10.426460696482142,5700.0,0.1691550189189001,0.0145980251167626,0.0061960513201816,3.528318342127621e-05,-8.92103274475816e-06,2445005033325.062,102116756.0613461,264276808149.9493,3134516821567.2725,6536507740562.914,3.369690143650312,35.13394184209324,8238909361970.864,344101826.4014612,890530955618.2488,10562350438741.342,22026005707268.824,0.000498468496482,2.0818765264585816e-08,5.387868794463592e-05,0.0006390407651306,0.0013326120565284,8.633827702788816e-05,3.6059577194504766e-09,9.332170675765984e-06,0.0001106863904165,0.0002308178545269
521,521,0.02,5710,100000.0,17.15,2.43,0.81,2.246476367622929,,0.5710000000000001,18403.0,10.643937405106154,5710.0,0.1697491385766625,0.0152586729511042,0.0068159812356531,0.0001181172197652,-2.6218371483547982e-05,2496003321497.393,104246722.94560967,263024230287.5484,3152609973140.489,6598317792899.052,3.3637873204412383,35.803941682866295,8396024324632.146,350663804.8419925,884757570810.0714,10604709453946.568,22195337727995.65,0.0005087993243047,2.125023702447901e-08,5.361633516007755e-05,0.0006426457089679,0.0013450381278181,8.788867876651055e-05,3.6707109588025764e-09,9.261547003744712e-06,0.0001110089569268,0.0002323384059246
522,522,0.02,5720,100000.0,17.15,2.43,0.81,2.244902042382723,,0.5720000000000001,18578.0,10.848779817438764,5720.0,0.1858318028098438,0.0147845267874366,0.0069316961048583,0.0001134794519747,-2.6594175793034324e-06,2544038867189.39,106252949.53199524,261191033235.5308,3165084785960.5186,6649338576340.215,3.07805225667057,33.393111199189526,7830684576209.942,327052131.0848622,803959649272.7435,9742296367979.465,20467011610270.68,0.0005185201554807,2.165623199478939e-08,5.323535615361081e-05,0.0006451003074253,0.0013552529078523,8.932626647856203e-05,3.730752468618492e-09,9.170936866378894e-06,0.0001111324243761,0.0002334715075452
523,523,0.02,5730,100000.0,17.15,2.43,0.81,2.243332110257481,,0.5730000000000001,18311.0,10.687931730505158,5730.0,0.2097235269147859,0.0158538405671381,0.0064703111503503,5.849703389581976e-05,8.077531931829077e-06,2506319990803.4595,104677603.36856753,250525651736.5969,3070675520128.7896,6475915509108.282,2.732168433505409,29.201229693547027,6847688363136.779,285996843.6185996,684478277458.0995,8389602725633.682,17693291932033.758,0.0005107360471627,2.133112514248199e-08,5.105193333266453e-05,0.0006257400024835,0.0013196573067358,8.77532296069276e-05,3.665053862559697e-09,8.77159944457816e-06,0.0001075128854076,0.0002267398028468
524,524,0.02,5740,100000.0,17.15,2.43,0.81,2.241766551736876,,0.574,18550.0,10.727599868801056,5740.0,0.2094907247810624,0.0166104421774479,0.0069641314498625,2.83285633523544e-05,5.17384935511782e-06,2515622169233.848,105066113.11503756,244637398155.17923,3034413537637.384,6424835563732.965,2.7399781092928293,29.39338880576752,6892749674952.484,287878849.9636871,670301115659.545,8314226667668.243,17603908800434.38,0.0005125546158268,2.1407078496410153e-08,4.984453912111007e-05,0.0006182576557262,0.0013090515596476,8.783075617836399e-05,3.668291795355637e-09,8.5413016041359e-06,0.0001059439047834,0.0002243175357514
525,525,0.02,5750,100000.0,17.15,2.43,0.81,2.2402053474302512,,0.575,18341.0,10.419393527858178,5750.0,0.1879477702332224,0.0149342814775357,0.006393467245072,6.445083038774914e-05,1.6496180125352997e-05,2443347782282.7427,102047540.211843,230986719200.2613,2900944645476.308,6167291447118.376,3.0593605834561832,31.87668186264777,7475081896790.903,312200222.1627723,706671664023.1412,8875035703158.488,18867968360000.4,0.0004977507093157,2.0788786554534004e-08,4.705584860171899e-05,0.0005909708251284,0.0012563801660244,8.506441702030542e-05,3.552754372268108e-09,8.041733047861903e-06,0.0001009955139685,0.0002147123939324
526,526,0.02,5760,100000.0,17.15,2.43,0.81,2.238648478065668,,0.5760000000000001,18461.0,10.207846783871355,5760.0,0.1896701139139622,0.0142015062763232,0.0064076515950261,-2.2056431653565063e-06,-2.4618618897506856e-05,2393740070817.8325,99975651.40123606,219809215651.7912,2796696576652.189,5989236409661.021,3.036851658460457,30.999716434909963,7269433503986.386,303611222.7635082,667527981097.0343,8493152637016.883,18188422523590.824,0.0004875429662353,2.0362455485326112e-08,4.476945442456711e-05,0.0005696147886998,0.0012198526148468,8.310068184736255e-05,3.4707380725504e-09,7.630860142119373e-06,9.708965282959002e-05,0.0002079213342565
527,527,0.02,5770,100000.0,17.15,2.43,0.81,2.237095924489215,,0.5770000000000001,18044.0,9.606389413925326,5770.0,0.1716747422942717,0.0138842513168601,0.0068190639283823,8.611866752566302e-05,1.3617210156165266e-06,2252698317565.489,94084977.91998464,200752343321.90228,2589234553783.941,5586885108441.428,3.361006938405364,32.28714147322686,7571334675471.699,316220263.58878386,674730018806.0494,8702435300426.743,18777559613545.246,0.0004587174786038,1.9158545780155772e-08,4.087924602881004e-05,0.0005272464300987,0.0011376587047676,7.798068802389543e-05,3.256899183394592e-09,6.949357458378848e-06,8.963041805683144e-05,0.0001933987970202
528,528,0.02,5780,100000.0,17.15,2.43,0.81,2.2635342908510423,,0.5780000000000001,18424.0,9.894594165081864,5780.0,0.1726208699783455,0.0157355123127504,0.0059155275238321,5.567701047784813e-06,-4.965456159356241e-06,2320282331711.697,96907655.25281176,200486538482.6934,2622957089103.352,5703556408469.203,3.348378443884029,33.1308458133408,7769183343228.417,324483503.8958598,671304803744.3763,8782652976386.465,19097665331594.89,0.0004723745330575,1.972893892010919e-08,4.081603936975261e-05,0.0005339945545683,0.0011611581738979,8.009120766682303e-05,3.345046003790468e-09,6.920368598494792e-06,9.053889608751496e-05,0.0001968746279307
529,529,0.02,5790,100000.0,17.15,2.43,0.81,2.261961369260056,,0.579,18365.0,10.21622893850462,5790.0,0.1734155132098749,0.0162791645609668,0.0064386705446986,8.673006931180761e-05,7.574106784558346e-06,2395705686079.333,100057746.22371425,200510508356.9008,2662832294514.592,5836358036771.276,3.338801640538752,34.10996193999869,7998786074929.693,334072967.24034727,669464814247.2793,8890668833404.889,19486441787943.465,0.0004876400048439,2.0366508347300087e-08,4.08134212122034e-05,0.0005420129695149,0.0011879763352651,8.24626767891826e-05,3.444091498819849e-09,6.901779855324961e-06,9.165745196594356e-05,0.0002008935025737
530,530,0.02,5800,100000.0,17.15,2.43,0.81,2.2603927798662564,,0.58,18492.0,10.484239369564548,5800.0,0.1730012553507549,0.0160481710684112,0.0066332934207882,4.180324036272711e-06,1.1402075354533531e-05,2458554132162.886,102682640.38551518,199107253910.6484,2686110885249.7886,5935489169006.727,3.3525768285557644,35.1492179754342,8242491615239.318,344251440.8514025,667522365858.2089,9005393112819.854,19899183454155.66,0.0005002917125866,2.0894912720997715e-08,4.0516378201425774e-05,0.0005465972855342,0.001207813975928,8.438924716092766e-05,3.524555593578361e-09,6.834306002047415e-06,9.220007500814488e-05,0.00020373416064
531,531,0.02,5810,100000.0,17.15,2.43,0.81,2.25882850366865,,0.581,18454.0,10.53353672507987,5810.0,0.1911443467033677,0.0159425254633502,0.0065571906990576,3.966992500579268e-05,-2.040999992811743e-05,2470114362031.229,103165458.68543224,193348727830.66635,2651944487683.621,5909165616527.195,3.039587672983285,32.0176083824695,7508129165689.097,313580456.49790627,587700409701.0938,8060817774199.108,17961426965612.74,0.0005025450088163,2.09890226709902e-08,3.933681760887685e-05,0.0005395383656842,0.001202220323278,8.454692006856642e-05,3.5311408748466504e-09,6.61792817714554e-06,9.077059024995368e-05,0.0002022585515601
532,532,0.02,5820,100000.0,17.15,2.43,0.81,2.2572685217816804,,0.5820000000000001,18353.0,10.440656221906888,5820.0,0.1914997100593609,0.0162706347964166,0.0064211999925065,5.025618845548834e-05,-1.2683711165877918e-05,2448333884037.165,102255787.03735606,185008150622.49448,2582176728972.287,5803306679732.251,3.0391690923166,31.73091969312242,7440900668037.208,310772627.474441,562271053198.5393,7847671705591.753,17637230294276.727,0.0004979894198088,2.0798756407710625e-08,3.763052996533655e-05,0.0005252129619611,0.0011803885676113,8.356573193793378e-05,3.49016110277238e-09,6.314637730601929e-06,8.81340121772351e-05,0.0001980765668906
533,533,0.02,5830,100000.0,17.15,2.43,0.81,2.25571281543406,,0.5830000000000001,18378.0,10.324094785169638,5830.0,0.1743560628092382,0.0164164991811812,0.0063595385054026,0.0001660722942339,-3.927922999921242e-06,2421000227122.2803,101114184.32595144,176381061666.84802,2507482689321.235,5685363318761.74,3.3437323062167126,34.521009265615206,8095176672786.768,338098764.74743533,589771054100.242,8384350875562.577,19010333001523.098,0.0004923260905235,2.056222486391416e-08,3.586823229506888e-05,0.0005099128598415,0.0011561554867176,8.239907652876582e-05,3.4414352047877716e-09,6.003153752607024e-06,8.534251905359291e-05,0.0001935021244311
534,534,0.02,5840,100000.0,17.15,2.43,0.81,2.2541613659679136,,0.584,18396.0,10.110320249569456,5840.0,0.1930844698999863,0.0165310039423923,0.0063087410186241,0.0001514057230618,1.8249597115475654e-07,2370870098524.0376,99020476.52428325,166303093999.56882,2410645407804.508,5515586546138.573,3.0245829729470204,30.57950247788925,7170893331065.028,299495647.2684472,502997506459.5036,7291197054258.44,16682349153266.393,0.0004819605268861,2.0129302346792204e-08,3.380679812728822e-05,0.0004900462204168,0.0011212318209748,8.046530905068939e-05,3.3606705195840162e-09,5.644185171971995e-06,8.181524912367452e-05,0.0001871943031831
535,535,0.02,5850,100000.0,17.15,2.43,0.81,2.252614154837579,,0.585,18273.0,9.72385946628732,5850.0,0.1753804212421528,0.0150414067421641,0.0063858533447958,9.922553056615605e-05,-2.6029522685859168e-05,2280245044844.377,95235479.61281802,153766124938.45306,2275300454751.616,5254692820362.851,3.335606083373888,32.43496478962076,7605999243166.068,317668045.14954567,512903221761.5333,7589506038372.863,17527585337863.418,0.0004634339801026,1.935553262739878e-08,3.1251223392109914e-05,0.0004624290481669,0.0010679568029161,7.717074544155628e-05,3.223071560147557e-09,5.203934775338916e-06,7.70034047848036e-05,0.0001778355194458
536,536,0.02,5860,100000.0,17.15,2.43,0.81,2.251071163609536,,0.586,18115.0,9.217632378623184,5860.0,0.1942879218704547,0.0161283629758856,0.0064012860150734,0.0001122703594531,-1.0123908331617512e-05,2161534792787.1367,90277491.51623549,139902617927.57016,2115897086754.8943,4933674431158.886,3.0161421994658366,27.801689996328044,6519496304138.926,272289751.82403684,421966189747.09,6381846493088.264,14880663650243.922,0.0004391857701868,1.8342795024351656e-08,2.8425746007287977e-05,0.0004299129927418,0.0010024356823356,7.294694828450495e-05,3.04666273560103e-09,4.72139938199659e-06,7.140677812723223e-05,0.0001665004397723
537,537,0.02,5870,100000.0,17.15,2.43,0.81,2.278229842317157,,0.5870000000000001,18327.0,9.560523827905271,5870.0,0.1950494053135116,0.0174049893309719,0.0065194977522621,0.0001185847910929,7.629212636438346e-06,2241942837643.7866,93635770.37050425,139030602237.75027,2167914162081.6223,5067981850149.6,3.009493923124188,28.772338361964923,6747113345880.773,281796281.91708446,418411752562.8056,6524324496639.508,15252060580528.898,0.0004553939558207,1.9019737327540682e-08,2.8240548719667235e-05,0.0004403569036522,0.0010294322691977,7.544945523713293e-05,3.1511810856822173e-09,4.678880756457295e-06,7.295812354512518e-05,0.0001705558515253
538,538,0.02,5880,100000.0,17.15,2.43,0.81,2.2766660734228883,,0.5880000000000001,18288.0,9.81252136758374,5880.0,0.1752692946629395,0.0151125179255914,0.0069494844837636,9.448753245280548e-05,-2.700349903262313e-05,2301036260698.387,96103834.27411516,136458703339.48315,2197839617541.8152,5151044082261.398,3.354837486684609,32.919414522863654,7719602705611.527,322412745.83692664,457796773347.6723,7373394738649.845,17280915782735.455,0.0004672397209943,1.9514481140379786e-08,2.770878823797629e-05,0.000446285000906,0.0010459515310267,7.722271945533461e-05,3.225242278659049e-09,4.579550676887351e-06,7.375944268767796e-05,0.0001728689107862
539,539,0.02,5890,100000.0,17.15,2.43,0.81,2.2751065423809465,,0.589,18273.0,9.903708157628897,5890.0,0.1934109300073032,0.0158987462290891,0.0059918856592226,0.0001290509947836,-2.590468012970662e-05,2322419562963.976,96996917.6958174,131432359793.38792,2190794291356.6323,5147922447554.583,3.045329444296448,30.1600540601462,7072532677104.283,295387569.46507186,400254835212.1688,6671690361864.924,15677119806492.61,0.0004714413427084,1.968996379738508e-08,2.668021281101277e-05,0.0004447219696156,0.0010450064706382,7.772241387787121e-05,3.2461122452872956e-09,4.398533506912863e-06,7.331742435754662e-05,0.0001722810836855
540,540,0.02,5900,100000.0,17.15,2.43,0.81,2.273551230893544,,0.59,18200.0,9.818409276150712,5900.0,0.2123166190940537,0.0166219915585919,0.0065860064355432,9.38037483969394e-05,-1.1858803214502594e-05,2302416975257.342,96161500.45062009,124060128323.29465,2144692327576.0952,5053033693018.496,2.778868665663129,27.284069884151418,6398114387833.507,267220180.44537896,344746803255.7504,5959818306589.334,14041716996069.14,0.0004672385479997,1.951443214971928e-08,2.517601062073267e-05,0.000435230863832,0.0010254320355919,7.68381576618112e-05,3.209180879060891e-09,4.14023689109762e-06,7.157444067400074e-05,0.0001686340066751
541,541,0.02,5910,100000.0,17.15,2.43,0.81,2.272000120772465,,0.591,18336.0,9.713896279126814,5910.0,0.1763122739193932,0.0153198064924592,0.0062894656578323,0.0001748090059005,-5.799379578392076e-06,2277908677455.238,95137900.15776804,116565755248.38068,2094919788402.6265,4949233671473.324,3.352007134059167,32.56104962714388,7635566137565.238,318902920.0482472,390729243179.5668,7022186076007.325,16589866574904.426,0.0004621210051412,1.930069562624105e-08,2.364778031427057e-05,0.0004249979149245,0.0010040546671499,7.580558905451325e-05,3.166055177824745e-09,3.879143983093834e-06,6.971597683153301e-05,0.0001647035184279
542,542,0.02,5920,100000.0,17.15,2.43,0.81,2.270453193937367,,0.5920000000000001,18260.0,9.36776215300346,5920.0,0.2136081935859692,0.0169409165248606,0.0063367069760475,0.0001771861228112,-4.095222194136284e-06,2196740224879.312,91747862.5265159,106458368606.9769,1994288663292.4355,4724647778275.73,2.7714292699251835,25.962090224531146,6088110157652.555,254272711.65905803,295041838785.86005,5527029974128.625,13094027142800.348,0.0004454707559447,1.860529033570473e-08,2.158839238380996e-05,0.0004044161746333,0.0009580980006303,7.289857453920502e-05,3.04464238395298e-09,3.532808855286581e-06,6.618024249166845e-05,0.0001567868992133
543,543,0.02,5930,100000.0,17.15,2.43,0.81,2.2689104324157943,,0.5930000000000001,18137.0,8.866060182623952,5930.0,0.1939099014498424,0.0175237032420807,0.0064029014855904,7.37942897633843e-05,-5.5864024653977365e-06,2079091112825.317,86834193.428619,95121911313.9408,1862890554739.2136,4425966091613.273,3.0581213004916514,27.11348749592321,6358112817793.993,265549496.5350719,290894343132.64014,5696945285932.697,13535141180016.336,0.00042147581721,1.7603130719638296e-08,1.9283226722634297e-05,0.0003776473835553,0.0008972370974505,6.880295428809329e-05,2.8735869266421562e-09,3.1478507486069025e-06,6.164827163695916e-05,0.0001464676275144
544,544,0.02,5940,100000.0,17.15,2.43,0.81,2.26737181834206,,0.594,17884.0,8.162222989797417,5940.0,0.1945933734259597,0.0164235614081849,0.0059394143195749,0.0001266741728778,7.224358889324424e-06,1914041291107.4944,79940811.9620759,82382989261.47739,1692364611756.965,4032584627844.956,3.0525191559311207,24.915342031338,5842647706348.762,244020859.8549244,251475652843.5276,5165975396208.07,12309541824410.098,0.0003878877694298,1.620031050659354e-08,1.669522705286564e-05,0.0003429641446954,0.0008172186585519,6.316571868785437e-05,2.638145197564374e-09,2.718740054632792e-06,5.585011539728417e-05,0.0001330802566124
545,545,0.02,5950,100000.0,17.15,2.43,0.81,2.295312739726749,,0.595,17593.0,7.64632784542831,5950.0,0.1768055823358736,0.0146138097426007,0.0060948479911728,3.962254687773149e-05,2.8196309961732343e-05,1793063879752.9385,74888134.91812485,72316222830.25957,1564189923896.7256,3738336674355.56,3.365278359083096,25.732021624674367,6034159070986.138,252019419.7920607,243364219701.3034,5263934500385.485,12580543509175.436,0.0003632308700283,1.5170503799818227e-08,1.4649497339390064e-05,0.0003168666065733,0.0007572955420149,5.900866602557846e-05,2.464523987439298e-09,2.379883890031892e-06,5.1476560239735984e-05,0.0001230264369268
546,546,0.02,5960,100000.0,17.15,2.43,0.81,2.293752886612021,,0.596,17029.0,7.761853437114242,5960.0,0.1950639140031853,0.0149822154707818,0.0064318255509161,0.000122764354364,7.223244040632768e-06,1820154631003.2896,76019592.5630969,68475667456.87362,1566293870596.4238,3754855523455.269,3.055408803036052,23.71563531963449,5561316482454.288,232270932.32050028,209221157141.50092,4785668080361.725,11472618620493.771,0.0003685737409066,1.5393651251340722e-08,1.3866037800176178e-05,0.0003171679929889,0.0007603426232423,5.973399727620656e-05,2.49481777962971e-09,2.2472405715885144e-06,5.140277216357927e-05,0.0001232271839931
547,547,0.02,5970,100000.0,17.15,2.43,0.81,2.2921972003649644,,0.597,16900.0,7.382057097864811,5970.0,0.1776552880228337,0.0175635917265551,0.0060214134856127,-9.938125999098154e-06,1.1499270648499422e-05,1731092389449.298,72299867.21648796,60433304931.46348,1469177924732.6453,3533119240534.612,3.3604403597784755,24.806962609854075,5817232732010.78,242959391.8009108,203082516966.48944,4937084793967.164,11872836491802.385,0.0003503986118988,1.4634558656450332e-08,1.2232591564441505e-05,0.0002973832642303,0.0007151554042418,5.665320140428618e-05,2.3661469277338117e-09,1.977791720809318e-06,4.80815659383081e-05,0.0001156278643123
548,548,0.02,5980,100000.0,17.15,2.43,0.81,2.290645663241448,,0.5980000000000001,16423.0,6.515323914169724,5980.0,0.178511331878326,0.017640109335851,0.0064345349390196,0.0001127798985262,-1.367738508775312e-05,1527843457872.8003,63811082.41537827,49942882854.94624,1278609210639.082,3084748408027.167,3.349927389526168,21.825862031712,5118164646436.464,213762492.7385873,167305031187.68127,4283248015220.2944,10333683181847.45,0.000309146605279,1.2911649689138315e-08,1.01055331375061e-05,0.000258716097458,0.0006241735654052,4.986287797919775e-05,2.0825459570501604e-09,1.629941772433128e-06,4.172883990480312e-05,0.0001006742102231
549,549,0.02,5990,100000.0,17.15,2.43,0.81,2.2890982576018,,0.599,5190.0,1.5032722505451288,5990.0,0.1960544316671075,0.015479196809681,0.0061596348976681,-1.8945515775450336e-05,-8.172898115101623e-05,352517342752.8327,14723048.421838991,11189220643.97153,290842264325.8942,704000327422.5338,3.055273960943038,4.592908563298771,1077037058093.562,44982946.46894816,34186134476.772514,888602796936.6171,2150913868869.441,7.129603445499687e-05,2.9777115626961166e-09,2.263000890473909e-06,5.8822354487357024e-05,0.0001423828717426,1.1472429049457003e-05,4.791512584664471e-10,3.641453182253442e-07,9.465256988510049e-06,2.2911195642401112e-05
550,550,0.02,6000,100000.0,17.15,2.43,0.81,2.287554965910078,,0.6,6133.0,1.227955349286549,6000.0,0.2139573857675714,0.0147610483450335,0.0070063636494699,9.498346957983036e-05,-1.4096304027145783e-05,287955529407.69574,12026594.69091246,8867111053.697226,234169992868.337,568743943719.2991,2.8042967427719403,3.4435511862736496,807512753181.1709,33726140.31836412,24866010645.6802,656682148255.606,1594926788843.2983,5.821671354654183e-05,2.431447729103756e-09,1.7926867570846168e-06,4.73427526259108e-05,0.000114984432912,9.345018446530312e-06,3.9029897938301854e-10,2.877642826816954e-07,7.5995168680376e-06,1.845744256532135e-05
551,551,0.02,6010,100000.0,17.15,2.43,0.81,2.286015770733267,,0.601,7132.0,1.0184237920118218,6010.0,0.1793420027970569,0.0162270012597768,0.0061774730723535,0.0002015264939915,-2.945941580166536e-05,238820379226.77225,9974442.618963784,7127776084.712018,191387738305.7475,466453190488.20526,3.35113911201321,3.412879802015622,800320313572.6636,33425744.78094101,23886169219.15083,641366935396.1393,1563149530568.3728,4.826222132737668e-05,2.015693798210351e-09,1.4404227482015089e-06,3.867675537307149e-05,9.42635933796353e-05,7.729202572516492e-06,3.228136886790044e-10,2.306839367253703e-07,6.194088645409317e-06,1.5096329766969065e-05
552,552,0.02,6020,100000.0,17.15,2.43,0.81,2.2844806547404937,,0.602,8257.0,0.8851631244235539,6020.0,0.1789572444176883,0.0147853117292817,0.0067412368544224,0.00018716020933,4.234336078321725e-05,207570752677.32343,8669287.640604287,5998418663.323058,163889517174.91226,400860519449.1796,3.3639319936941185,2.9776285538866407,698253895886.4174,29162894.05676576,20178272453.124344,551313190255.769,1348467526383.9387,4.193082133712486e-05,1.7512599751633295e-09,1.2117247638836173e-06,3.3106889940182085e-05,8.097677830488924e-05,6.699483030339877e-06,2.79806979953726e-10,1.9360292105448002e-07,5.28964232678177e-06,1.293803781575051e-05
553,553,0.02,6030,100000.0,17.15,2.43,0.81,2.313243484334953,,0.6030000000000001,9175.0,1.1526823843172838,6030.0,0.1781987264348572,0.0168275152897401,0.0065134877623085,1.2501047002054947e-05,-3.0811513894854142e-06,270304019122.40305,11289371.272003476,7555163506.591137,210224018849.05112,516076320247.6698,3.3838625677295973,3.9005187727725583,914671652215.1648,38201680.86053444,25565634983.03044,711369188220.9855,1746331342177.722,5.457659164929008e-05,2.2794163693524397e-09,1.5254492881074155e-06,4.244594833938377e-05,0.000104200028847,8.700301725788561e-06,3.6337208998879807e-10,2.431787818339608e-07,6.766500919715759e-06,1.6610998660941755e-05
554,554,0.02,6040,100000.0,17.15,2.43,0.81,2.3116866502588485,,0.604,9231.0,1.3849958030402445,6040.0,0.1777632030098175,0.0158275769804244,0.0064300703061652,-1.5974759019925894e-05,-3.258687817039432e-05,324781515812.9373,13564648.894976154,8770088710.862253,248751374618.17084,612956426767.1462,3.397778560316796,4.705909045698886,1103535671216.389,46089673.19357488,29798819393.844124,845202087526.9523,2082690205277.8013,6.554650294159973e-05,2.7375797433263443e-09,1.7699549312274155e-06,5.020231113622824e-05,0.0001237051626217,1.0425168064459238e-05,4.3541192334035727e-10,2.8151124463504225e-07,7.984675113571814e-06,1.967530002205672e-05
555,555,0.02,6050,100000.0,17.15,2.43,0.81,2.310133916227808,,0.605,9134.0,1.5494032636035908,6050.0,0.1950342375330365,0.0156781218413403,0.0063702437374613,-7.715333073516235e-05,1.932607797261656e-05,363335065315.04205,15174855.563733568,9466865167.356058,273982146464.3052,677740911616.8564,3.102019459006628,4.806279073546714,1127072442746.7043,47072697.24631652,29366399964.930527,849897949752.6786,2102365496000.38,7.329371348789185e-05,3.061145543285342e-09,1.909702006336938e-06,5.526900885919267e-05,0.0001367171873488,1.1630313530899689e-05,4.857453762116481e-10,3.030332620267077e-07,8.770136905134072e-06,2.1694408405054888e-05
556,556,0.02,6060,100000.0,17.15,2.43,0.81,2.308585265019038,,0.606,9288.0,1.6850148889460472,6060.0,0.1969059811972329,0.0151896919512668,0.0067263412938234,2.856264083698819e-05,3.0418584877628045e-05,395135991457.8481,16503035.822337586,9921032833.68926,293288774709.08435,728384840321.0511,3.077610930431787,5.185820240160659,1216074846317.6746,50789923.432133496,30533079090.13472,902628738817.624,2241685146132.8794,7.967553307588356e-05,3.327685163945431e-09,2.000484888180225e-06,5.913897993423318e-05,0.0001468720938906,1.2613232359773106e-05,5.267974316913336e-10,3.166917088938734e-07,9.362142512683408e-06,2.325095014607325e-05
557,557,0.02,6070,100000.0,17.15,2.43,0.81,2.3070406795100484,,0.607,9151.0,1.7142150699654897,6070.0,0.1952387775563693,0.0165372593592527,0.0065161206433189,8.139273182279176e-05,-3.7908470582810393e-07,401983433906.90735,16789022.395242006,9712048895.791222,293616603665.9953,732181533336.7095,3.109013524860588,5.329517837042546,1249771932786.477,52197297.69599469,30194891371.12225,912857991921.2102,2276362289796.993,8.101409085338216e-05,3.3835906431472277e-09,1.9573264598718085e-06,5.917428480639114e-05,0.000147560860124,1.279655923608738e-05,5.344541627217047e-10,3.09168981892798e-07,9.346858463776456e-06,2.330793652825576e-05
558,558,0.02,6080,100000.0,17.15,2.43,0.81,2.30550014267716,,0.6080000000000001,9247.0,1.7451217494896618,6080.0,0.1795867423052186,0.0170890486695298,0.0062424735338936,2.266087658898492e-05,4.620994349456972e-05,409231050255.3257,17091722.41450175,9499377185.34181,294070010825.7905,736397648533.7396,3.385550582384678,5.9081979553168935,1385472420521.8115,57864890.77437365,32160621962.12569,995588896413.1237,2493111487860.1094,8.24352158654456e-05,3.4429445807512763e-09,1.913547880524616e-06,5.9237256818252607e-05,0.0001483394260572,1.2991585642254552e-05,5.425995299797062e-10,3.015704017924555e-07,9.3356448101344e-06,2.3377925774967367e-05
559,559,0.02,6090,100000.0,17.15,2.43,0.81,2.3039636375958352,,0.609,9493.0,1.771234482728886,6090.0,0.1976944245507184,0.0174813997195663,0.0062048296380082,9.624185674346833e-05,-2.189175257735539e-05,415354486199.92377,17347470.52384671,9247940105.41099,293557438232.0112,738297270992.978,3.08051176144202,5.456308656318005,1279504379906.5725,53439086.97997854,28488388263.829903,904307141132.4996,2274333426734.415,8.362800956751957e-05,3.492762156521477e-09,1.8619922242585376e-06,5.9105234369050775e-05,0.000148649727627,1.3150163404091235e-05,5.492226028983777e-10,2.927906826047075e-07,9.294057027180546e-06,2.33745633595472e-05
560,560,0.02,6100,100000.0,17.15,2.43,0.81,2.302431147438875,,0.61,9551.0,1.7357758677841817,6100.0,0.2017810214892961,0.016051136622448,0.0065108542353629,2.210293564674097e-05,-4.1067025729956047e-05,407039440995.39056,17000188.849078275,8677104434.094076,282866194909.0864,714580448588.2188,3.023079155302813,5.24738784417601,1230512449459.2744,51392916.54585985,26231573543.095413,855126897569.4818,2160233258913.9773,8.191735980992049e-05,3.4213160851955705e-09,1.74628159938926e-06,5.692728893732225e-05,0.0001438104955553,1.2851996634031145e-05,5.367695310605586e-10,2.7397373755084497e-07,8.931309889682029e-06,2.2562397141519888e-05
561,561,0.02,6110,100000.0,17.15,2.43,0.81,2.300902655476677,,0.611,9659.0,1.6859646140708506,6110.0,0.201215087530727,0.0167494870068254,0.0062273742526749,5.2754806725873925e-05,-3.1630872329079014e-05,395358701999.6145,16512337.43020991,8053467717.946842,270072521776.33185,685393979486.26,3.0365516199509432,5.119518580036808,1200527107018.6316,50140564.9728805,24454770445.15411,820089153504.1569,2081234198713.6265,7.951899545128819e-05,3.3211472982938873e-09,1.619804141382313e-06,5.432002766609399e-05,0.0001378541574055,1.2448968601946086e-05,5.199368805435393e-10,2.535858354715167e-07,8.503984677300043e-06,2.1581536178241623e-05
562,562,0.02,6120,100000.0,17.15,2.43,0.81,2.2993781450756914,,0.612,9599.0,1.5657190438979738,6120.0,0.1788787478135418,0.0155826674440986,0.0064766428589507,0.000157759871236,1.2100297900835642e-05,367161115794.0749,15334652.315936755,7131170005.751236,246467747051.812,628449445240.4146,3.4213119640010645,5.356813297152446,1256172718182.2483,52464629.43231106,24397957258.002243,843243051728.7526,2150121605770.8623,7.381363681615698e-05,3.0828603794347183e-09,1.4336419904933965e-06,4.954958459703124e-05,0.0001263427337831,1.1529486701189964e-05,4.81534297447567e-10,2.239309289803625e-07,7.739508596274879e-06,1.973438692057297e-05
563,563,0.02,6130,100000.0,17.15,2.43,0.81,2.2978575996983155,,0.613,9597.0,1.444261172678629,6130.0,0.1815282809211567,0.0170732091658495,0.0062551778756142,1.1199777655296753e-05,4.479608115592855e-05,338679244993.1385,14145093.925214492,6257058733.655855,223342543820.4526,572262739975.0564,3.3768842898162226,4.877102864410017,1143680621704.149,47766345.454031706,21129363338.139847,754201927474.8777,1932465056268.954,6.805257276861957e-05,2.8422468984898077e-09,1.2572631806778367e-06,4.487737273648959e-05,0.0001149877128009,1.0605899364394264e-05,4.4296024893337915e-10,1.959427281928737e-07,6.994076485541729e-06,1.7920676037561538e-05
564,564,0.02,6140,100000.0,17.15,2.43,0.81,2.327406124820812,,0.614,9962.0,1.699073978738136,6140.0,0.2023805112276022,0.0163598971835258,0.0061715781603417,-4.776026765532314e-05,-1.3925847150098333e-05,398432848014.09296,16640730.547761306,6983455075.542907,258034475386.49893,664479996958.5399,3.0338889662625665,5.154801796957471,1208801021386.5269,50486128.79940147,21187027300.079945,782847947790.449,2015958531074.698,8.001731602486954e-05,3.341959885490713e-09,1.4024881093775451e-06,5.182109423262861e-05,0.0001334475964365,1.2442938590356672e-05,5.196850343452162e-10,2.180912118230309e-07,8.058339435195215e-06,2.075151142252973e-05
565,565,0.02,6150,100000.0,17.15,2.43,0.81,2.325863479916027,,0.615,9744.0,1.8775818331303544,6150.0,0.2031481627000175,0.0169184018430659,0.0065206191080324,-5.658842437704494e-05,-4.707439101761826e-05,440292939869.0682,18389036.473678693,7299939911.263307,279936259499.98444,724624662577.8542,3.027347093993417,5.684091906262012,1332919552018.4417,55669996.12993014,22099451876.689533,847464221700.6648,2193690366491.028,8.837286914008206e-05,3.690933391718395e-09,1.4651986804521e-06,5.6187070443856886e-05,0.0001454421697079,1.3713172389739035e-05,5.727369312797614e-10,2.273607532013999e-07,8.718772973746918e-06,2.256884454868065e-05
566,566,0.02,6160,100000.0,17.15,2.43,0.81,2.324324822308006,,0.616,9777.0,2.022283660972928,6160.0,0.1975503692437996,0.0156782480862927,0.0060529615422653,-1.615129655976556e-05,1.5308702053799008e-07,474225518498.1516,19806246.175568856,7413169567.888097,295901289106.6912,772198281818.6576,3.1181920963143623,6.305868928151457,1478726263651.5166,61759680.28231537,23115686755.22681,922677060981.7156,2407862579154.4688,9.513244140005795e-05,3.9732500258941054e-09,1.4871256227190066e-06,5.9359547194535104e-05,0.000154907538563,1.4730336850516296e-05,6.152192712748683e-10,2.302669945109958e-07,9.191250772095596e-06,2.398593150913088e-05
567,567,0.02,6170,100000.0,17.15,2.43,0.81,2.322790135550586,,0.617,9808.0,2.0987681228380657,6170.0,0.2048082891633384,0.0160625089717215,0.0064358926720408,0.0001774561920576,3.854726549189645e-05,492161124805.5264,20555334.995076016,7227183069.2881155,301271230541.96106,793947592516.1804,3.012573380308503,6.322692978302004,1482671503411.8196,61924455.02948982,21772419329.15368,907601689383.498,2391825382574.268,9.86766364758476e-05,4.121274957972076e-09,1.4490256961159646e-06,6.040386003377925e-05,0.0001591837998146,1.524646185080169e-05,6.367754685149327e-10,2.2388800212166586e-07,9.33296047105936e-06,2.4595383647208915e-05
568,568,0.02,6180,100000.0,17.15,2.43,0.81,2.3212594032918408,,0.618,9809.0,2.113338332248514,6180.0,0.1834838514005241,0.0159370128684677,0.0070788422381283,3.427653217236905e-05,-4.993155481167279e-06,495577838912.27655,20698035.62604195,6807759738.276023,297501029838.04126,791951753193.4929,3.3681438191036066,7.118027441437557,1669177435017.107,69713960.76143943,22929513884.41677,1002026254825.9564,2667407402546.928,9.930190340816864e-05,4.14738951803669e-09,1.3641116427644975e-06,5.9612065369285496e-05,0.0001586881218743,1.53112543651779e-05,6.394815575801807e-10,2.103309164076888e-07,9.191520653446616e-06,2.4467951925995167e-05
569,569,0.02,6190,100000.0,17.15,2.43,0.81,2.3197326092727617,,0.619,9869.0,2.0971416479929545,6190.0,0.2003384629570064,0.015894633162687,0.0064211260961681,2.326724072539725e-05,1.6570383948226417e-06,491779716454.3479,20539405.300443,6289587508.374069,289404191750.293,778432115704.293,3.089771134626506,6.479687729191692,1519486772495.452,63462061.61970344,19433385932.08165,894192717909.9698,2405177081369.365,9.848570436808577e-05,4.113300590963888e-09,1.2595770732736922e-06,5.795720058789783e-05,0.0001558918203674,1.5152827605731316e-05,6.328647913455543e-10,1.937961897100745e-07,8.917187267473012e-06,2.39852260216731e-05
570,570,0.02,6200,100000.0,17.15,2.43,0.81,2.3182097373270403,,0.62,9801.0,2.020874706498725,6200.0,0.2191951034283192,0.0167992344940712,0.0056926357752175,9.737087366453708e-05,-1.3184815874659364e-05,473895118673.9511,19792446.87544852,5611803106.538422,273274160711.3556,742943645307.2828,2.828530338054523,5.716105416738674,1340426720225.219,55983536.45153857,15873155338.032543,772964254178.4567,2101438640216.4685,9.485025667552755e-05,3.961464451514358e-09,1.1232041523388466e-06,5.469590899942355e-05,0.0001487004036885,1.4562389948926663e-05,6.082048919393933e-10,1.7244588925642922e-07,8.397480232292505e-06,2.283002007557165e-05
571,571,0.02,6210,100000.0,17.15,2.43,0.81,2.3166907713798968,,0.621,9927.0,1.959162679621896,6210.0,0.2015812360932614,0.015802483339318,0.0065430321091761,9.421624553892451e-05,-3.425355149190261e-05,459423648371.33466,19188039.28421685,5005096256.160421,259495036251.06696,713296236799.7634,3.0806438735830297,6.035482506329706,1415320647734.3162,59111515.66699314,15418919118.23396,799411793652.0557,2197411681947.021,9.190097368523687e-05,3.8382862954081455e-09,1.0011962182619247e-06,5.190818231168542e-05,0.0001426844676374,1.4079404747381612e-05,5.880327935857378e-10,1.5338517344481526e-07,7.952432701858267e-06,2.185953304382544e-05
572,572,0.02,6220,100000.0,17.15,2.43,0.81,2.315175695447904,,0.622,9988.0,1.8640453600689904,6220.0,0.1859549645159859,0.0158694306020782,0.0063319667178825,4.19205363946402e-06,4.8246014012020695e-05,437118636936.1782,18256460.25651569,4347896921.41945,241726306682.8509,672043692567.0361,3.344895908635603,6.235037698405945,1462116340276.194,61065959.21818782,14543262623.62525,808549334233.0627,2247916197691.8423,8.7383960754474e-05,3.649631179655941e-09,8.691838367012668e-07,4.832327041590373e-05,0.0001343475997001,1.3359616525247354e-05,5.579705085214182e-10,1.3288437200619357e-07,7.387858783561155e-06,2.05396093011191e-05
573,573,0.02,6230,100000.0,17.15,2.43,0.81,2.313664493637853,,0.623,9877.0,1.7233689434122854,6230.0,0.2048029370325821,0.0164340542003175,0.0063806459789141,-1.0048461229674004e-05,-1.0540495732249832e-05,404130017230.18097,16878675.431779925,3636825493.896337,218703563408.863,615203398656.0507,3.041948562978308,5.2423996808944455,1229342725169.7476,51344062.47468021,11063036084.960836,665284990429.826,1871417094481.1443,8.074163456546156e-05,3.3722113813822195e-09,7.266058508078637e-07,4.369505466569908e-05,0.0001229122457622,1.231880244986598e-05,5.14500431530863e-10,1.1085871599195687e-07,6.666582233066349e-06,1.875279937499297e-05
574,574,0.02,6240,100000.0,17.15,2.43,0.81,2.34406794071432,,0.624,9797.0,1.647062738432035,6240.0,0.2274740546718021,0.0160345854539856,0.0063092948137755,0.0001238830217248,-3.2902499713253407e-06,386236212162.31226,16131332.460203351,3109809355.7893944,204451538965.464,582112632777.4818,2.743169988772137,4.518173073691611,1059511585780.6827,44250987.08373563,8530735695.604279,560845325848.338,1596833904320.3235,7.712443043648007e-05,3.2211371927287237e-09,6.209730413120935e-07,4.082529808972644e-05,0.0001162374314969,1.1742379331528837e-05,4.904258557483726e-10,9.454463345107225e-08,6.21574945551308e-06,1.769742746150283e-05
575,575,0.02,6250,100000.0,17.15,2.43,0.81,2.3425342024549995,,0.625,9924.0,1.9517195886125047,6250.0,0.1816959890338694,0.0161469851126967,0.0064816693632764,0.0001997465529463,1.344739917297296e-05,457678243529.6323,19115141.65087087,3251346421.450424,236855468518.2501,682852399610.1083,3.43981176097121,6.713547995027186,1574327004833.8748,65752489.06329625,11184019659.496824,814738226259.4229,2348883715186.2627,9.133492602235112e-05,3.814645055278921e-09,6.488433502672797e-07,4.726721665480052e-05,0.0001362710032305,1.3877195791757344e-05,5.79587443857021e-10,9.858360434468821e-08,7.181660385749504e-06,2.0704668793475807e-05
576,576,0.02,6260,100000.0,17.15,2.43,0.81,2.341004361946401,,0.626,9907.0,2.1469874094407,6260.0,0.2233565313690633,0.0173611822870727,0.0064080186912551,8.087243467946065e-05,-1.7112899639819958e-05,503468547513.844,21027594.68806221,3433489399.2299414,254800810733.63284,743544004868.6117,2.8026939537560622,6.01734863122984,1411068254023.3977,58933912.49426505,9623019979.507292,714128691655.2957,2083926286796.8264,0.0001004013793172,4.193309633403758e-09,6.847042844208164e-07,5.081221652303465e-05,0.0001482770751827,1.5224927121835572e-05,6.358760606876654e-10,1.0382898025111181e-07,7.705195872037087e-06,2.2484827189112715e-05
577,577,0.02,6270,100000.0,17.15,2.43,0.81,2.3394784033737257,,0.627,9861.0,2.256810683523944,6270.0,0.1868627111944079,0.0161686758171645,0.0063143812542933,5.2211838943725686e-05,-8.858546462560231e-06,529222105286.3648,22103203.834433503,3476731613.884035,264313177332.7853,773560645243.6155,3.3554045961994143,7.572512940248183,1775754284488.1987,74165191.7367907,11665841236.978298,886877650058.4987,2595608944489.412,0.0001054771225458,4.405300376177587e-09,6.929333503522113e-07,5.267919294662991e-05,0.000154175251109,1.5961049225848006e-05,6.666205378164405e-10,1.0485632380045409e-07,7.971540856491833e-06,2.3330165944657875e-05
578,578,0.02,6280,100000.0,17.15,2.43,0.81,2.337956311010492,,0.628,10010.0,2.3463321278400056,6280.0,0.205585924697516,0.0147957551409267,0.0068013999186683,0.0001530692466972,2.283607453316845e-05,550214883978.4813,22979976.860065013,3477003909.553881,271136799026.61945,795910312338.421,3.0546838307340005,7.167302812444567,1680732509518.2512,70196563.74508208,10621147621.913143,828237195903.5887,2431254361814.6226,0.0001095924187488,4.5771776086424655e-09,6.925535450659853e-07,5.40053322481946e-05,0.0001585303102047,1.6550055916694932e-05,6.912206722733906e-10,1.0458570060771777e-07,8.155593960885517e-06,2.3940392303873338e-05
579,579,0.02,6290,100000.0,17.15,2.43,0.81,2.3364380692188496,,0.629,9868.0,2.3160193569517107,6290.0,0.2252965694988233,0.0159499940813471,0.0068571167664582,-2.769817972561024e-05,4.513004201282285e-06,543106539205.17615,22683093.581985053,3296221906.0551887,264020269096.74496,777400115087.4418,2.791875621538414,6.466037981684556,1516285906705.0283,63328375.99261853,9202641582.696363,737111752883.2142,2170404429493.786,0.0001081080025156,4.515180284172362e-09,6.561290288154329e-07,5.255452080814371e-05,0.000154745280218,1.6292943635528934e-05,6.804822599845216e-10,9.88851244622265e-08,7.920485305380115e-06,2.332164196717276e-05
580,580,0.02,6300,100000.0,17.15,2.43,0.81,2.334923662448145,,0.63,9897.0,2.285907837674755,6300.0,0.2038601091671807,0.0156282228452816,0.0064357833834375,1.1004247751678812e-05,-8.12990153478647e-06,536045387934.73,22388181.362186547,3119270926.327389,257020960575.3496,759172127721.0874,3.090354471866549,7.064265508432972,1656570261727.532,69187416.38959253,9639652856.139158,794285874877.4675,2346110979819.3057,0.0001066286028256,4.453392477928328e-09,6.204763779245274e-07,5.112586833111066e-05,0.0001510123304948,1.60386027231819e-05,6.698595951848337e-10,9.33293118444444e-08,7.690126938841536e-06,2.271460669019656e-05
581,581,0.02,6310,100000.0,17.15,2.43,0.81,2.3334130752344744,,0.631,9919.0,2.2235497771491004,6310.0,0.2243485110466281,0.0156439687847524,0.0063500538032186,6.936914623261752e-05,6.82832046054066e-06,521422422741.464,21777446.517398287,2903741860.578408,246540221977.68167,730563249998.4686,2.812588312069761,6.2539301145148825,1466546611853.74,61250991.54155875,8167030418.330533,693416146789.5121,2054773658173.392,0.0001036525355985,4.329095665894168e-09,5.772291206621794e-07,4.9009244751421656e-05,0.0001452272283944,1.55602732552209e-05,6.498819456786074e-10,8.665338282858348e-08,7.357246361224586e-06,2.180144793242789e-05
582,582,0.02,6320,100000.0,17.15,2.43,0.81,2.331906292200604,,0.632,9976.0,2.1452263692989675,6320.0,0.1874208836525213,0.016527698145972,0.0061929277671917,8.51457743310448e-05,1.1042889308873152e-05,503055583600.6079,21010347.060914088,2675616215.516583,234508799247.529,697208613746.7242,3.3720895328384497,7.233895385482079,1696348467895.5476,70848771.40541148,9022417434.236296,790784667301.106,2351049868620.135,9.993578035625464e-05,4.173863679356749e-09,5.315313121418167e-07,4.658693913199167e-05,0.0001385057420239,1.4973006432044286e-05,6.25354477592502e-10,7.963736038445071e-08,6.9799478903944935e-06,2.0751800394277083e-05
583,583,0.02,6330,100000.0,17.15,2.43,0.81,2.330403298054593,,0.633,9963.0,2.033698112358175,6330.0,0.2300313003324845,0.0158157007785163,0.0065598405218718,7.453091536488508e-05,-2.9866729175410805e-05,476902207347.992,19918039.31243597,2417213129.7369256,219143759246.39328,653736694238.8987,2.751799425056804,5.596329296326334,1312339219988.5251,54810449.12822012,6651685700.64983,603039670699.0118,1798952259345.1377,9.467730825754132e-05,3.954241181553773e-09,4.798787447030732e-07,4.35056515302467e-05,0.0001297834850962,1.4156966978054931e-05,5.912722157060553e-10,7.175560508915005e-08,6.505339910985574e-06,1.9406345053734737e-05
584,584,0.02,6340,100000.0,17.15,2.43,0.81,2.3289040775899053,,0.634,10014.0,1.9211077975966544,6340.0,0.2300634302737307,0.0172233388310759,0.0062900885863483,0.0001614102876438,-2.016887463600648e-05,450499778536.41547,18815329.76966163,2170694899.627231,204013965154.26825,610719555296.5881,2.755761744687816,5.294115376038324,1241470055680.9868,51850565.99291934,5981917963.781681,562213880554.2056,1682997587219.093,8.937111408295864e-05,3.732625549375253e-09,4.3062711849524297e-07,4.047272878480455e-05,0.0001211558576708,1.333786648911699e-05,5.570621082917348e-10,6.426737623245001e-08,6.0402050318056684e-06,1.808146480627037e-05
585,585,0.02,6350,100000.0,17.15,2.43,0.81,2.360182032288035,,0.635,10004.0,1.8502427441958875,6350.0,0.1866628200150444,0.0172351897013561,0.0063616289287441,-5.4353230638494976e-05,-2.9825134243263685e-05,433881923513.9356,18121277.436654523,1982084627.019346,193601469994.944,581618588926.8896,3.401855816540332,6.294259041354326,1476003745197.5896,61645973.05102427,6742766117.300937,658604286793.0588,1978582579748.92,8.601596562636359e-05,3.592496236011108e-09,3.92943134771467e-07,3.838098912586687e-05,0.0001153043762404,1.2812010054965953e-05,5.350994732551665e-10,5.8528569168080744e-08,5.716817976980653e-06,1.7174495653417285e-05
586,586,0.02,6360,100000.0,17.15,2.43,0.81,2.3586598596140207,,0.636,10043.0,2.157092698423215,6360.0,0.2295553596122772,0.0159985356750324,0.0063425931905067,-1.9584157382895543e-06,-4.537247910800571e-06,505838237780.2439,21126565.888356965,2184260727.3022203,222343250023.6905,670412933532.9645,2.770573516881568,5.976383903709958,1401462025419.985,58532703.95293532,6051654925.028005,616018320173.0142,1857428319021.3145,0.0001002122467495,4.185410425012306e-09,4.327266280429383e-07,4.404869970339725e-05,0.0001328163458225,1.4897531631455152e-05,6.222022379465744e-10,6.432904997282307e-08,6.548270480310137e-06,1.974445017694163e-05
587,587,0.02,6370,100000.0,17.15,2.43,0.81,2.357141485545342,,0.637,9968.0,2.349769509363063,6370.0,0.2104923653332662,0.0172947659288105,0.0066021000607889,0.0002144292021894,-2.3590097540872304e-05,551020949945.6383,23013642.57470184,2241522568.9213624,238537179436.17163,721948303529.5398,3.0262380252673635,7.110961839848338,1667520551444.4353,69644760.25947462,6783380832.564812,721870282849.7668,2184787408418.3577,0.0001090820266312,4.5558608478757165e-09,4.4373961567494e-07,4.722165094154107e-05,0.0001429194009407,1.6186241922113307e-05,6.760258140092866e-10,6.584473163500863e-08,7.007030302846632e-06,2.120723340435836e-05
588,588,0.02,6380,100000.0,17.15,2.43,0.81,2.3556268949394177,,0.638,9803.0,2.4370767109657883,6380.0,0.2062790620675514,0.0157929850605316,0.006919484810207,6.331651471667899e-05,1.0140448861379327e-05,571494488721.4773,23868729.30719893,2181844504.656657,243597642817.9984,740115041800.5133,3.0928975224401127,7.537628521342585,1767573888254.8362,73823533.73802927,6748221462.80215,753422545944.0387,2289099979105.4683,0.0001130556082096,4.721819304075627e-09,4.316222857105305e-07,4.81895804959517e-05,0.0001464128838461,1.6744343454890255e-05,6.993351803718344e-10,6.392634482419464e-08,7.137221227227133e-06,2.1684794342921407e-05
589,589,0.02,6390,100000.0,17.15,2.43,0.81,2.3541160727373893,,0.639,9921.0,2.527933944799861,6390.0,0.2080111137165659,0.0173445656197054,0.0059776610293929,3.144451708266816e-05,3.382411887425491e-05,592800510055.5675,24758585.055369843,2114893237.275617,248734961476.28595,758726958946.705,3.071951246175701,7.76568983197779,1821054265598.792,76057166.21439047,6496848915.777392,764101674874.5415,2330772227043.43,0.000117187232528,4.894378487760577e-09,4.180807562824385e-07,4.917094583074527e-05,0.0001499882524646,1.732359739198164e-05,7.235279865973053e-10,6.180419609651343e-08,7.268860699059331e-06,2.217251865387772e-05
590,590,0.02,6400,100000.0,17.15,2.43,0.81,2.3526090039634027,,0.64,9722.0,2.486422442673602,6400.0,0.2319874659742709,0.0158118269800898,0.006771635452052,-1.0342847993919196e-06,1.5243960317863756e-05,583066062806.9596,24352021.403545257,1934306335.5247536,240770922398.382,737434796557.1793,2.7587697348743,6.8594669829601616,1608545007504.158,67181619.63111183,5336305776.421303,664231533750.425,2034412798185.1328,0.000115186181913,4.8108036914970675e-09,3.8212713044322107e-07,4.7564907367840126e-05,0.0001456821174195,1.6995096255001314e-05,7.098079860191168e-10,5.6380785053143854e-08,7.017944041995635e-06,2.1494606098221672e-05
591,591,0.02,6410,100000.0,17.15,2.43,0.81,2.351105673723938,,0.6409999999999999,9922.0,2.506814511316393,6410.0,0.19060394371445,0.0153890585480241,0.0057985789294524,-2.137775125235193e-05,4.173757377656946e-06,587848002903.6943,24551741.32383276,1803116070.9414625,238834223290.17737,734577311498.0631,3.36299442450311,8.43040322482052,1976929556220.412,82567369.18389216,6063869293.308092,803198161305.3972,2470379402934.47,0.0001160406476801,4.846490845967718e-09,3.559334312288556e-07,4.7145652995131705e-05,0.0001450048763903,1.7090020623909086e-05,7.137725458019853e-10,5.242050783106922e-08,6.943430583352905e-06,2.1355760913275173e-05
592,592,0.02,6420,100000.0,17.15,2.43,0.81,2.3496060672070844,,0.642,9913.0,2.4431494934123807,6420.0,0.2017340487163892,0.0167354714680364,0.0063938800914969,1.096321983391774e-05,-1.0491652256752902e-05,572918556205.2032,23928206.138480857,1614003206.6004946,228956588296.1625,707242122625.6699,3.182407749633604,7.775097881348974,1823260453176.3345,76149308.64993185,5136416312.6189,728633220923.3779,2250732811911.2515,0.0001130107283463,4.719944876010637e-09,3.183692969197394e-07,4.516270335950716e-05,0.0001395066480732,1.6612883809420617e-05,6.938447080147785e-10,4.680115078989093e-08,6.63903997796704e-06,2.050785592655858e-05
593,593,0.02,6430,100000.0,17.15,2.43,0.81,2.348110169682327,,0.643,10064.0,2.394162680431484,6430.0,0.1903947384271305,0.0155202673132598,0.0064752434054693,0.0001096898921093,-5.002358368943216e-06,561431148561.183,23448429.29214596,1441195474.7914236,220630271451.6347,684556171452.7064,3.377194166771024,8.085552238654087,1896061999964.3835,79189898.62537812,4867196950.642391,745111265759.5682,2311879109057.185,0.000110662795559,4.621882386802604e-09,2.8407173452377936e-07,4.348807985869421e-05,0.0001349317718553,1.6237643808582947e-05,6.781726373614558e-10,4.168208129915416e-08,6.381042039444664e-06,1.9798650836354414e-05
594,594,0.02,6440,100000.0,17.15,2.43,0.81,2.3466179664996374,,0.644,10026.0,2.280818188133784,6440.0,0.1871217703710499,0.0167999943362265,0.0067599348086702,4.763150988819788e-05,-1.2309188891148393e-05,534851865117.37225,22338333.33458228,1239169496.5220149,206626458000.99808,644045292915.264,3.4416091656411285,7.849684781442222,1840751081248.201,76879812.74944513,4264737097.0130687,711127511720.1967,2216552183185.198,0.000105344932386,4.3997793935566846e-09,2.440680033850666e-07,4.069734381969268e-05,0.0001268517738473,1.542898293737768e-05,6.443985453674926e-10,3.5746580063175814e-08,5.960596387204477e-06,1.8578908448056683e-05
595,595,0.02,6450,100000.0,17.15,2.43,0.81,2.345129443089185,,0.645,9971.0,2.1501789737142194,6450.0,0.2113008827172962,0.0159933379831928,0.0063366990879947,-5.320503864059401e-05,-3.2996718140810064e-06,504216969335.9845,21058852.868557066,1042059809.1729964,191436546176.8572,599517575125.6779,3.0525191930360216,6.56346258572515,1539131976352.548,64282552.56459212,3180907567.7920256,584363731453.3833,1830038904633.5464,9.923599719066684e-05,4.144636914649854e-09,2.0508997234222645e-07,3.767702737893905e-05,0.0001179923089047,1.4508118657453884e-05,6.05938226571869e-10,2.9983773413170273e-08,5.50831149329345e-06,1.7250256627829873e-05
596,596,0.02,6460,100000.0,17.15,2.43,0.81,2.3436445849605776,,0.6459999999999999,10119.0,2.0505751866802187,6460.0,0.2129106686670638,0.017449054911345,0.005765677861333,-4.378399549046555e-06,-2.015712758810194e-05,480859881276.5113,20083333.378346063,873497555.5624088,179369051860.9002,564461161068.1985,3.034136354201083,6.221724720929123,1458994447057.8794,60935571.91677984,2650310688.637685,544230161069.7367,1712652129331.574,9.45667817585622e-05,3.949624991656113e-09,1.7178362329630028e-07,3.527504506414839e-05,0.0001110079620038,1.380081942999816e-05,5.763975500955306e-10,2.506963568027325e-08,5.147944323179655e-06,1.620020064570489e-05
597,597,0.02,6470,100000.0,17.15,2.43,0.81,2.375818766807716,,0.647,10010.0,2.2327066224676773,6470.0,0.2128364662603417,0.0164858645357591,0.0059314133309601,6.977554110809034e-05,-4.293233688366578e-06,523569702968.6704,21867128.660448432,820106764.7128643,191816890638.48883,606664730140.3597,3.0398926056618008,6.787188352251626,1591595668603.006,66473722.721952416,2493036489.903858,583102747492.9805,1844195627269.4912,0.0001028867590674,4.297112658024857e-09,1.6115930053283888e-07,3.7693965293050814e-05,0.0001192157750358,1.498843676440786e-05,6.259989324972733e-10,2.347752040132357e-08,5.491217920706091e-06,1.7367230940498958e-05
598,598,0.02,6480,100000.0,17.15,2.43,0.81,2.374310562048481,,0.648,9955.0,2.4662211514598,6480.0,0.2341659040994272,0.0162640255071356,0.0058917683313221,5.894718493162441e-05,-9.976855932664198e-06,578328860017.3229,24154169.957397275,761207221.6873958,208030640472.56595,661353385450.1903,2.767268798128945,6.824696841720343,1600391409383.4202,66841080.86780904,2106464993.485953,575676700434.5123,1830142588093.257,0.000113564957988,4.743092531066908e-09,1.4947631378547793e-07,4.08504444076875e-05,0.000129868271543,1.651410353473051e-05,6.897191045592778e-10,2.1736170783442632e-08,5.940287218343816e-06,1.8884857795341283e-05
599,599,0.02,6490,100000.0,17.15,2.43,0.81,2.372806048715088,,0.649,9770.0,2.5737282857280306,6490.0,0.2364021755292924,0.015550984263539,0.0063448471457442,0.0001096521262979,3.876235695338155e-06,603539283003.2231,25207094.83042033,643410143.2797099,213083325198.55612,681039829444.8428,2.745321605213328,7.065711868757824,1656909433223.7097,69201582.04261412,1766367767.3591905,584982256378.2938,1869673357785.7268,0.0001184159525081,4.945696541001313e-09,1.2623871737188045e-07,4.1807493940466295e-05,0.0001336217581371,1.7189917224706104e-05,7.179447731290897e-10,1.832551321179775e-08,6.069007975589804e-06,1.9397276406981265e-05
600,600,0.02,6500,100000.0,17.15,2.43,0.81,2.371305212368107,,0.65,9970.0,2.7082338720197066,6500.0,0.2341537140200671,0.01547594291436,0.0068069800695408,0.0002707494989362,4.309186724271258e-05,635080842988.6212,26524442.54256101,599173384.0186142,219993648181.4901,707010642101.2798,2.7759542603039584,7.51793335493259,1762955371731.692,73630639.27820978,1663277908.0272117,610692304909.2177,1962629204021.285,0.0001245120869458,5.200304390395538e-09,1.1747217588156348e-07,4.313130926923809e-05,0.0001386144323401,1.804214628723194e-05,7.535385106061817e-10,1.7022043674010376e-08,6.249846183477774e-06,2.0085615197260208e-05
601,601,0.02,6510,100000.0,17.15,2.43,0.81,2.369808038646438,,0.6509999999999999,9926.0,2.7190496005692992,6510.0,0.2113034804351627,0.0152398163778616,0.0057678981265984,1.863366420831667e-06,1.107589431232118e-05,637617131333.5007,26630371.78797572,573241555.5362575,216629727002.4301,700174767195.456,3.0808768443345893,8.377056952991166,1964419855476.429,82044895.7975955,1766086634.661996,667409509716.3104,2157152227239.8423,0.0001249090457776,5.216883557978388e-09,1.1229788564864717e-07,4.243771247229104e-05,0.0001371640719016,1.8068118642051333e-05,7.54623257911517e-10,1.624391178813199e-08,6.138623660705664e-06,1.984081064039236e-05
602,602,0.02,6520,100000.0,17.15,2.43,0.81,2.36831451326648,,0.652,10009.0,2.7191285052032184,6520.0,0.2360830768038795,0.01703967399431,0.0059867951985766,0.000186553546311,2.307210085042545e-05,637635634470.1547,26631144.57996032,544932653.4532671,212393392281.1437,690535379959.1202,2.7617396758245136,7.509525076485131,1760983630435.7632,73548288.59909537,1504962129.694218,586575258345.7947,1907078956393.6584,0.0001248181310676,5.2130864634383294e-09,1.0667138360025341e-07,4.157632485153317e-05,0.0001351733355275,1.802279389899644e-05,7.527302492399623e-10,1.5402540841655514e-08,6.003306790989777e-06,1.9518007087715457e-05
603,603,0.02,6530,100000.0,17.15,2.43,0.81,2.3668246220219653,,0.653,9870.0,2.624586429126355,6530.0,0.2167276465697796,0.0171445953353816,0.006270752445738,0.0001208727090572,1.1981850852857864e-05,615465517630.1302,25705199.486863524,498645071.094233,200913523615.7452,657202133346.8728,3.0129981584502383,7.907874077651195,1854396471209.205,77449718.71651581,1502416680.927212,605352076661.9886,1980148817503.696,0.0001203733187491,5.027446839356768e-09,9.75254670913826e-08,3.929485393809939e-05,0.0001285362048951,1.7352674241468876e-05,7.247423945456128e-10,1.4058993124635634e-08,5.664634047142291e-06,1.852941262197591e-05
604,604,0.02,6540,100000.0,17.15,2.43,0.81,2.365338350782923,,0.654,9823.0,2.529225384136297,6540.0,0.2144214092031688,0.0152102166473816,0.0062018620899325,6.100145629497747e-05,-2.3048174800314977e-05,593103352579.9617,24771233.41223089,454180139.89772505,189667265823.9425,624338446101.2554,3.050068565589554,7.714310839445283,1809005891849.919,75553960.3615271,1385280567.817117,578498165410.9249,1904275068742.467,0.0001159101153858,4.841039104855176e-09,8.876036898541606e-08,3.706665047656888e-05,0.0001220143858782,1.6680494887882217e-05,6.966685157011446e-10,1.2773405290640724e-08,5.334220156087109e-06,1.7558953617778236e-05
605,605,0.02,6550,100000.0,17.15,2.43,0.81,2.363855685495657,,0.655,9993.0,2.467845760389472,6550.0,0.2375855163409141,0.0161377146672669,0.005770273391142,9.042771270174046e-05,1.916136999478888e-05,578709830811.3312,24170081.37725449,417450137.6008114,181213844045.74863,600419882729.5151,2.7569020624141625,6.803609066537782,1595446326103.11,66634547.19767105,1150869145.306753,499588820387.7229,1655298813011.4695,0.0001130029045455,4.719618111381729e-09,8.151421583022335e-08,3.538507492143867e-05,0.0001172421602035,1.6234825333733503e-05,6.780549224673174e-10,1.1710929568952972e-08,5.083679159230119e-06,1.6843867866126404e-05
606,606,0.02,6560,100000.0,17.15,2.43,0.81,2.3623766121816283,,0.6559999999999999,10122.0,2.376501629650526,6560.0,0.2159936690804897,0.0152808393548525,0.0063198041270875,-2.953159731012064e-05,3.120062732224918e-06,557289632153.0483,23275456.96079725,377242413.0663375,170798422275.41473,569753590923.3551,3.0371260546323806,7.217735018287925,1692558861788.5183,70690496.76911195,1145732761.6361642,518736338382.7656,1730413475713.681,0.000108734522447,4.541347176319239e-09,7.36049466290687e-08,3.3325014156614314e-05,0.0001111664044102,1.5594759082739343e-05,6.513222620739836e-10,1.05564579136924e-08,4.77949004148274e-06,1.594354079879099e-05
607,607,0.02,6570,100000.0,17.15,2.43,0.81,2.360901116937624,,0.657,10011.0,2.2153195221341284,6570.0,0.2122740240065468,0.0160783504427818,0.0067925670383137,0.0001487774503808,2.4340474092606936e-05,519492427940.45306,21696839.39978165,328579310.3406196,155757780582.83813,523241116279.3634,3.095056039356644,6.85653806608591,1607858176497.1455,67152933.8192454,1016971378.8773756,482079059469.70026,1619460576980.156,0.0001012682282445,4.22951397623337e-09,6.405222252789307e-08,3.0362934330833183e-05,0.0001019989858184,1.4500228265123664e-05,6.056086807190666e-10,9.171404137736576e-09,4.347557829618804e-06,1.460486277697691e-05
608,608,0.02,6580,100000.0,17.15,2.43,0.81,2.394050340338338,,0.6579999999999999,9904.0,2.0973699902899146,6580.0,0.192493313594241,0.0161660423465942,0.0057547908319616,5.215705761338294e-05,2.7581731895297045e-06,491833262722.985,20541641.684899423,289236276.9325206,144192320729.83893,487931452650.9288,3.4183005513999616,7.169440994297747,1681233913162.8218,70217505.09815215,988696524.9233072,492892689458.44855,1667896353642.0544,9.579940964045035e-05,4.0011062602071255e-09,5.6337516546422816e-08,2.808581738479375e-05,9.503941406926292e-05,1.3693492069921318e-05,5.719149737006797e-10,8.052840189338303e-09,4.014564589483033e-06,1.3584858902281877e-05
609,609,0.02,6590,100000.0,17.15,2.43,0.81,2.392551042932321,,0.659,10001.0,2.4311522821671407,6590.0,0.218205986599969,0.0159397206100323,0.0066120308327431,0.000154122647045,6.770599863464888e-05,570105210168.1945,23810705.45154497,309940631.14001715,163346260764.08328,558361101012.2596,3.020082126381465,7.342279553884492,1721764555385.913,71910285.95074469,936046160.3453563,493319122544.854,1686296381233.8015,0.0001109551683016,4.634093468427942e-09,6.032134819731654e-08,3.179081953868989e-05,0.0001086695031564,1.5833638889355634e-05,6.612991867051134e-10,8.608039258511917e-09,4.5366463255124025e-06,1.5507467543899263e-05
610,610,0.02,6600,100000.0,17.15,2.43,0.81,2.391055350942581,,0.66,9945.0,2.633303887614219,6600.0,0.2348116655493868,0.0153464296206042,0.0063953105541298,0.0001728854878913,-1.467877394024113e-05,617509761645.5344,25790578.275293663,308280869.28353107,172819879136.40665,598810966504.0486,2.8107632491588683,7.401593791173223,1735673744030.1208,72491209.59075055,866504537.8008982,485755765000.6893,1683115857842.8818,0.0001200762080129,5.015037873257405e-09,5.994593136124706e-08,3.3605227066626435e-05,0.0001164401838487,1.7108092668862777e-05,7.145273330441023e-10,8.540913856464155e-09,4.787970475816511e-06,1.6590043012086255e-05
611,611,0.02,6610,100000.0,17.15,2.43,0.81,2.389563250505564,,0.6609999999999999,10057.0,2.796309647253114,6610.0,0.1975194579608796,0.0152797771219521,0.006353740473927,5.659839360655812e-05,3.065468991919524e-06,655734612280.8553,27387056.685197,298234408.81609005,179154662627.82343,629530116917.9193,3.346505740871952,9.35786628778817,2194419644486.326,91650942.42259732,998043161.228598,599542106987.9888,2106726150317.608,0.0001273967569033,5.320783953568657e-09,5.7941270399034584e-08,3.480634173559686e-05,0.0001223057221112,1.812215050735903e-05,7.568799235354981e-10,8.242128357750286e-09,4.951191685525938e-06,1.7397952333215484e-05
612,612,0.02,6620,100000.0,17.15,2.43,0.81,2.388074727831341,,0.662,9817.0,2.792532894062497,6620.0,0.2405979345730884,0.0152641347664935,0.0065002024528478,-2.5260734430136504e-05,5.148407417892113e-06,654848963657.6555,27350067.164448094,268741406.5571908,174555539600.98938,622340220022.2754,2.7514783166141386,7.683593706444689,1801802724161.2795,75253116.76091927,739436152.918495,480285782257.00287,1712355620948.1628,0.0001271185041762,5.309162600861376e-09,5.216776311434375e-08,3.388451432497426e-05,0.000120807945417,1.805299607312338e-05,7.539916568877201e-10,7.408712277964221e-09,4.812179060889552e-06,1.715678907920271e-05
613,613,0.02,6630,100000.0,17.15,2.43,0.81,2.386589769203438,,0.6629999999999999,9866.0,2.8169412957983804,6630.0,0.2412143662068047,0.0164227636558695,0.0060326124663595,3.7565111297366326e-05,3.930833169033732e-05,660572733864.7202,27589123.051049337,241745900.1723404,171686021867.81003,621384791597.3671,2.748592508920377,7.742623743699888,1815645267897.624,75831256.9457967,664460970.2759081,471894913592.2027,1707933583341.5728,0.0001281215692744,5.3510560745153635e-09,4.688789365333544e-08,3.32994103699929e-05,0.0001205208609761,1.816569341348789e-05,7.586985129710036e-10,6.647991479765987e-09,4.721350847143378e-06,1.708802836883894e-05
614,614,0.02,6640,100000.0,17.15,2.43,0.81,2.385108360977854,,0.664,9844.0,2.780537191463755,6640.0,0.2177474348627583,0.0157991260157856,0.0062904199482554,9.970779458367232e-05,9.103205403763652e-07,652035971398.2505,27232581.253196016,209656511.7989486,165128840034.382,607042057829.806,3.0494044644820053,8.47898252530783,1988321402184.6863,83043154.85286489,639327503.087438,503544622015.5793,1851116761274.5544,0.0001263513537036,5.277122209696108e-09,4.062718199699856e-08,3.199862183848345e-05,0.0001176324453348,1.7886639291329036e-05,7.470436896344416e-10,5.751293741638693e-09,4.529811433496151e-06,1.665236704622854e-05
615,615,0.02,6650,100000.0,17.15,2.43,0.81,2.3836304895832447,,0.665,9838.0,2.717535839320735,6650.0,0.2435869929067848,0.0151422042949049,0.0059850525452611,0.0001293033408292,-1.899411329636067e-05,637262154320.7123,26615546.01030728,176597172.97233072,157147218187.07162,587118330465.3209,2.7300308282654493,7.418956618261829,1739745326982.3987,72661261.11925635,482115726.3989888,429016750226.8624,1602851142010.068,0.0001233825067892,5.153126957332129e-09,3.41915830800518e-08,3.0425810764729205e-05,0.0001136739894305,1.743823955321502e-05,7.283160690157267e-10,4.832459900266136e-09,4.300225295488626e-06,1.606608838030155e-05
616,616,0.02,6660,100000.0,17.15,2.43,0.81,2.3821561415199457,,0.6659999999999999,9878.0,2.642705782825048,6660.0,0.2190699541106369,0.0151724558388975,0.0063444741411811,0.0001556559666822,-3.890139610106424e-05,619714506072.4738,25882660.43698852,144204962.85081038,148696633233.44296,564951941005.3542,3.0401247980526347,8.03415538432353,1884009437623.868,78686517.83406465,438401083.5650076,452056322079.9275,1717524405558.3467,0.0001198811302997,5.006890363139213e-09,2.7895835537167e-08,2.8764730031531328e-05,0.000109287545457,1.6916329487348502e-05,7.06518255859664e-10,3.936358825542606e-09,4.058967825972058e-06,1.542147728497095e-05
617,617,0.02,6670,100000.0,17.15,2.43,0.81,2.380685303359783,,0.667,9835.0,2.526607025266397,6670.0,0.244220187090832,0.0152775945468925,0.0068473963024116,9.408546240496904e-05,5.01236542456215e-05,592489347424.9701,24745589.20545909,111549768.5227288,138221893743.018,534396666473.9045,2.731141958186793,6.900522458554576,1618172516531.048,67583716.95908353,304658253.23844904,377503613541.5931,1459513158122.0342,0.000114514371975,4.7827452414640466e-09,2.155996853252535e-08,2.6715068252233347e-05,0.0001032864116675,1.6133968739702534e-05,6.738426005827145e-10,3.0375912851237717e-09,3.763895034542781e-06,1.455205760063569e-05
618,618,0.02,6680,100000.0,17.15,2.43,0.81,2.379217961744984,,0.6679999999999999,9829.0,2.405208312272152,6680.0,0.2420959189876157,0.014019663705021,0.0069397003890514,8.940061994327797e-06,-1.7093127318554547e-05,564021349227.8197,23556610.21039346,81134624.96284513,128882958780.26984,503259580439.0258,2.759236928872688,6.636539596852875,1556268535461.9993,64998268.81157705,223869653.4077181,355618619368.89703,1388612419156.3352,0.0001089100037251,4.548676232341182e-09,1.5666733748711336e-08,2.488672377399031e-05,9.717717752238328e-05,1.5321629280258928e-05,6.399148706646307e-10,2.204020552015373e-09,3.501103136747696e-06,1.367103698074888e-05
619,619,0.02,6690,100000.0,17.15,2.43,0.81,2.377754103388791,,0.669,9886.0,2.285969341995617,6690.0,0.1955888702468655,0.0172252125146975,0.006384929741601,3.1226162375839454e-05,-1.7465706771244892e-05,536059810697.9721,22388783.73550507,53299091.7378232,120717618292.89468,473120691859.7488,3.420440023788732,7.8190210305158,1833560431655.9548,76579491.97287174,182306346.61163777,412907373185.4678,1618280950519.7004,0.0001034186423549,4.319327007355006e-09,1.0282658009938493e-08,2.3289289633415182e-05,9.127619464417492e-05,1.4526559112514671e-05,6.067084006309963e-10,1.444339589205022e-09,3.271298431737388e-06,1.2820986689350556e-05
620,620,0.02,6700,100000.0,17.15,2.43,0.81,2.4119063706834747,,0.67,9896.0,2.173417675629981,6700.0,0.2391402369621573,0.0143394628276562,0.0062890405233731,0.0001508919448403,-4.921553628500928e-05,509666444935.2305,21286452.715120032,33981860.93479569,113085495178.79688,444892069693.45264,2.8017033373853515,6.089271555344831,1427934179728.3628,59638325.61304727,95207093.19158198,316832009252.3103,1246455596436.4226,9.823845642720044e-05,4.102974167368875e-09,6.550020308247589e-09,2.179728448099506e-05,8.575316393242538e-05,1.3777747754520722e-05,5.754339509926477e-10,9.186272960314579e-10,3.057025713094639e-06,1.2026710361522834e-05
621,621,0.02,6710,100000.0,17.15,2.43,0.81,2.4104182735439736,,0.6709999999999999,9807.0,2.4712873597842164,6710.0,0.2169398891437595,0.0158674532302323,0.0063092085609299,2.3561070103983467e-05,5.959024190079608e-05,579516885869.3988,24203788.40172661,36135719.94286609,126664110819.85864,500254754039.8742,3.093022692361332,7.643747883158306,1792458878600.6228,74862866.76765244,111768601.78809874,391774969073.5933,1547299306206.9675,0.0001116009855214,4.661066320668457e-09,6.958868768939715e-09,2.4392455064503203e-05,9.633700919494088e-05,1.5627646398583678e-05,6.526958158964966e-10,9.744603951930838e-10,3.415710540192721e-06,1.3490209855778804e-05
622,622,0.02,6720,100000.0,17.15,2.43,0.81,2.4089336881413352,,0.672,9757.0,2.680032860177589,6720.0,0.2233580716165306,0.017034639231478,0.005873769970485,0.0001666323127541,-2.2463497104776835e-05,628467705711.6445,26248241.832579304,36473187.056226894,135281148732.69373,536426192763.8218,3.0086219635425326,8.063205726146007,1890821742781.2383,78971036.881874,109734031.65775944,407009835330.4464,1613903625368.7346,0.0001209103774,5.0498773401120405e-09,7.017046018232636e-09,2.6026627302771462e-05,0.0001032025875393,1.690629117738515e-05,7.060990012422605e-10,9.811583235475416e-10,3.6391726583568376e-06,1.443029980318887e-05
623,623,0.02,6730,100000.0,17.15,2.43,0.81,2.4074526012169564,,0.6729999999999999,9686.0,2.7981692953879675,6730.0,0.2207870344027469,0.0159349741475561,0.0059240645755736,6.632123867266859e-05,5.020823142987047e-05,656170699768.4784,27405270.07902976,35246405.082632035,139070526220.8965,553719540354.127,3.048186238927202,8.529341140390228,2000130497421.5083,83536367.12898189,107437606.94453277,423912864266.90137,1687840283132.5454,0.0001261308293288,5.267911908088562e-09,6.775155162371021e-09,2.673249630565729e-05,0.0001064374024397,1.7608868153508265e-05,7.354424507269081e-10,9.458656111956832e-10,3.732069355012096e-06,1.4859508941129676e-05
624,624,0.02,6740,100000.0,17.15,2.43,0.81,2.405974999581545,,0.674,9909.0,2.9351698839563487,6740.0,0.2444855989215284,0.0148724864547108,0.0062248567125434,0.0002358063132795,1.1154089305821996e-05,688297337787.7638,28747053.84346848,33998788.25166455,143599251164.64145,574166631578.8158,2.756808593116076,8.091701558346378,1897504015432.2256,79250125.06244443,93728151.60772271,395875649575.7172,1582867503816.9917,0.0001321832801691,5.5206952920120905e-09,6.529258659239144e-09,2.7577355027677728e-05,0.0001102651783743,1.8426483528747186e-05,7.6959053168678e-10,9.101852895874983e-10,3.844311304225323e-06,1.5371077873913853e-05
625,625,0.02,6750,100000.0,17.15,2.43,0.81,2.404500870114869,,0.675,9930.0,2.9605581000130528,6750.0,0.2424448738065621,0.0177016759514482,0.0063300738586703,0.0001109731148155,4.2393056776215e-05,694250874453.0608,28995706.03152784,31293839.256663024,142541333618.54132,572411883277.8186,2.7841380574561367,8.242602477556373,1932890280986.9688,80728048.6651871,87126368.8383904,396854751687.9328,1593673708773.9148,0.0001332090932235,5.563538844482417e-09,6.004492186123174e-09,2.735005816615722e-05,0.0001098312882671,1.854153979256632e-05,7.74395909289529e-10,8.357727547649231e-10,3.806888700652761e-06,1.5287553969442046e-05
626,626,0.02,6760,100000.0,17.15,2.43,0.81,2.403030199764657,,0.6759999999999999,9949.0,2.943970638051644,6760.0,0.2235342602934906,0.0158944395956561,0.0064115860252408,-4.798443792279695e-05,1.7905463403719645e-05,690361114623.1106,28833248.4290778,28136281.74208236,139455585280.66113,562521328557.028,3.024144930233252,8.902993879819432,2087752064817.657,87195922.05895151,85088193.78593278,421733901219.2223,1701146023903.8096,0.0001323299952118,5.526822913025867e-09,5.393226746614821e-09,2.673116509832126e-05,0.000107825373037,1.8393786541808272e-05,7.682249270382522e-10,7.496551434919351e-10,3.715615224237821e-06,1.4987659390898715e-05
627,627,0.02,6770,100000.0,17.15,2.43,0.81,2.401562975547088,,0.677,9816.0,2.851064176965521,6770.0,0.2460347376945719,0.0150167066162775,0.0063625308518741,1.9999135390157872e-05,2.070657109432341e-05,668574549498.4147,27923322.549200315,24360240.658247814,132839677603.1204,538296640005.7159,2.751643960294864,7.845113522960223,1839679121134.1724,76835041.84387243,67030709.07859698,365527496564.1432,1481200698318.7468,0.0001280316433051,5.347300275185225e-09,4.664972133810679e-09,2.54387221775306e-05,0.0001030834982535,1.7770438696122565e-05,7.421905185067137e-10,6.474852558550939e-10,3.530824421943591e-06,1.430770502515668e-05
628,628,0.02,6780,100000.0,17.15,2.43,0.81,2.400099184545418,,0.6779999999999999,9813.0,2.772024762061627,6780.0,0.2452883749501779,0.0172806335843734,0.0068259277292689,1.9999890563193827e-05,3.962326303294233e-05,650039806703.4515,27149210.519631576,20876863.35668388,127003458945.5529,517080479773.4998,2.764093488481518,7.662135594724072,1796770796962.795,75042956.01472756,57705602.064128295,351049433886.03253,1429258787162.83,0.0001243695520971,5.194351357096665e-09,3.9942879160444965e-09,2.429907082759457e-05,9.893096854133209e-05,1.7236308757721436e-05,7.198823367723825e-10,5.535661954818146e-10,3.367595044349035e-06,1.3710789262530024e-05
629,629,0.02,6790,100000.0,17.15,2.43,0.81,2.398638813910296,,0.679,9789.0,2.667791285179752,6790.0,0.2465422000359467,0.0150710088942585,0.0065379439050651,0.0001348705266926,-4.673726959352524e-05,625597056374.6519,26128347.84705049,17389397.10074651,120155327026.3772,491580805795.6205,2.7540924024406346,7.347343709810891,1722952099950.654,71959884.29388787,47892006.43818916,330918873276.1153,1353858962427.3638,0.000119576908507,4.994184400503617e-09,3.323817343640986e-09,2.296654435960764e-05,9.396098085737267e-05,1.6548435519380272e-05,6.911529956367182e-10,4.599882843282856e-10,3.1783760191084857e-06,1.300340720018042e-05
630,630,0.02,6800,100000.0,17.15,2.43,0.81,2.3971818508585567,,0.68,9795.0,2.556144137808014,6800.0,0.2462616358589002,0.0158813516631948,0.0067005678684574,2.1767464811642684e-05,-2.7945039732830898e-05,599415800315.9792,25034875.68569169,14072292.228102272,113141002527.16684,465205145844.9846,2.761290842677653,7.058257400293434,1655161360368.81,69128572.97847389,38857691.66494271,312415214209.6351,1284566709188.278,0.0001144605358495,4.780496751005084e-09,2.6871532385553503e-09,2.1604668694069272e-05,8.8832543695587e-05,1.5817974073244717e-05,6.606449384791419e-10,3.7135349701810477e-10,2.9856761260751365e-06,1.2276291235294331e-05
631,631,0.02,6810,100000.0,17.15,2.43,0.81,2.395728282673427,,0.6809999999999999,9897.0,2.4551132139095824,6810.0,0.2464984785074193,0.0165210358616829,0.0064250874455613,3.95328998498147e-05,1.903316666929925e-05,575724048661.7971,24045378.81703045,11029074.210523937,106761802858.4165,441244408439.2575,2.762694537197732,6.78272786426997,1590549684171.308,66430036.70266009,30469963.071762867,294950249538.3284,1219023516764.1812,0.0001098343560625,4.5872822314554335e-09,2.1040831396470387e-09,2.0367594329755064e-05,8.417886239034278e-05,1.5157034712340272e-05,6.330405030817084e-10,2.903614345144182e-10,2.810708282272289e-06,1.1616601444537955e-05
632,632,0.02,6820,100000.0,17.15,2.43,0.81,2.394278096703791,,0.682,9912.0,2.3198178646894205,6820.0,0.2220098637562841,0.0144160751586022,0.0064818005410093,0.0001178139143266,-3.7998649176546272e-06,543997289269.6691,22720296.166768186,8071327.586750149,99076195283.04362,411662019201.4223,3.071935581874324,7.126331042007145,1671124629350.6755,69795286.22541799,24794598.406701595,304355689606.7107,1264599204491.08,0.000103684390698,4.330426108726535e-09,1.5383728916734151e-09,1.8883650972583664e-05,7.846165132866298e-05,1.4288157035761784e-05,5.967514286066134e-10,2.1199443144540004e-10,2.6022486961477893e-06,1.08123545687246e-05
633,633,0.02,6830,100000.0,17.15,2.43,0.81,2.4294642941085653,,0.6829999999999999,9777.0,2.4218899185759586,6830.0,0.2029646961636899,0.0157892780901288,0.0057927762715368,5.896438209196596e-06,2.15038279725024e-05,567933185906.0623,23719989.86253294,5973106.854428234,101554029987.92596,424276957469.8983,3.3651172490075028,8.149943540197334,1911161760176.275,79820547.03269269,20100204.9060014,341741218018.59485,1427741707938.3772,0.0001081317737542,4.51617310085089e-09,1.1372510975262396e-09,1.9335403647828565e-05,8.078031203811823e-05,1.4881424223050116e-05,6.21529504650545e-10,1.5651196168180489e-10,2.660997172404444e-06,1.1117232711276842e-05
634,634,0.02,6840,100000.0,17.15,2.43,0.81,2.427989451307532,,0.684,9789.0,2.698450603768463,6840.0,0.2265618395804267,0.015064385254419,0.0063350216696199,-4.012170204438531e-05,-4.260756050977471e-05,632786666583.7046,26428625.213308327,3921674.812205796,111054321905.7957,466599978478.0653,3.0190432831350145,8.146739170178803,1910410335406.9287,79789163.4327312,11839706.000429677,335277804612.8062,1408685530935.1455,0.0001203647099381,5.0270872884186465e-09,7.459563801988422e-10,2.112405641499097e-05,8.875372069684246e-05,1.6541496205249175e-05,6.908631720008973e-10,1.0251538543715892e-10,2.9030394308067206e-06,1.219725727634828e-05
635,635,0.02,6850,100000.0,17.15,2.43,0.81,2.4265180202523147,,0.685,9757.0,2.8729899333534017,6850.0,0.2051657914589668,0.0169013468854871,0.0064219603210862,5.865517176878247e-05,-5.4594555106828125e-06,673716139371.3727,28138063.407263216,1265013.006720236,116005489408.43922,490257982879.1285,3.338763227187413,9.592233141559957,2249378671695.8096,93946331.3884382,4223578.908751309,387314862188.7759,1636855325071.9106,0.0001280268639632,5.347100663779405e-09,2.4039152197579243e-10,2.2044624053900072e-05,9.3164150913082e-05,1.756999375067148e-05,7.338188434715413e-10,3.2990556888441846e-11,3.025333081454262e-06,1.278554749102558e-05
636,636,0.02,6860,100000.0,17.15,2.43,0.81,2.425049988309812,,0.686,9793.0,2.992798569544428,6860.0,0.2205255003245838,0.0162561483320867,0.0064039565387166,4.065921967578297e-05,-1.1951937993029683e-05,701811264558.1682,29311469.190118123,917790.1846190166,118518069436.8514,503908300407.4138,3.1107513597760823,9.309852219746242,2183160345530.493,91180692.64019468,2855017.064792748,368680245658.7216,1567533430694.8171,0.0001332365296204,5.564684738177128e-09,1.742394077919514e-10,2.250026049242898e-05,9.566531143595028e-05,1.8259739574141423e-05,7.626263939835442e-10,2.3879083453294184e-11,3.0836055105347326e-06,1.311069627883548e-05
637,637,0.02,6870,100000.0,17.15,2.43,0.81,2.4235853429114327,,0.687,9579.0,2.9760673218519496,6870.0,0.2015014584048913,0.0157224850236868,0.0068719650480295,2.833234962319516e-05,-3.446626996223469e-05,697887786974.2822,29147603.350217994,808931.2692046637,115543443081.13248,494334897235.954,3.409404604008184,10.146617628960342,2379381833991.2007,99375973.0580376,2757973.993552564,393934346803.7707,1685387674558.1743,0.000132354496903,5.527846237390213e-09,1.5341390573530108e-10,2.191282691125175e-05,9.37506685837348e-05,1.81149337770462e-05,7.565785134856734e-10,2.099726724744134e-11,2.999138054645099e-06,1.2831352108820094e-05
638,638,0.02,6880,100000.0,17.15,2.43,0.81,2.4221240715532475,,0.688,9674.0,3.0090741560456387,6880.0,0.225693281156964,0.0171246971537243,0.006010511789284,5.9179374924426144e-05,-1.894805559773056e-05,705627889592.7023,29470872.284310985,713024.4988147044,114487213936.61575,492986209490.4332,3.048384942932852,9.172816349457902,2151025433947.8784,89838563.32659069,2173573.1461289874,349001099122.7116,1502811738084.177,0.000133690519163,5.5836458195417525e-09,1.3509190442785215e-10,2.169111410484036e-05,9.340274563839052e-05,1.827284635962892e-05,7.631738048878706e-10,1.846438797226823e-11,2.96474572683526e-06,1.2766305578757964e-05
639,639,0.02,6890,100000.0,17.15,2.43,0.81,2.4206661617950345,,0.6890000000000001,9590.0,2.951391570996444,6890.0,0.2261227991966734,0.0171796088237311,0.0063896319435192,-5.518551370825692e-05,-1.0445906281391547e-05,692101323398.6661,28905929.046339173,596488.1857488289,109999665365.42886,476835604321.62085,3.0470169414484065,8.992940117674191,2108844457594.598,88076855.51250103,1817509.6073505057,335170843922.11725,1452926164653.7676,0.0001309974403586,5.471168148711978e-09,1.1290026892822859e-10,2.082018068166986e-05,9.02530330837673e-05,1.7881052176832862e-05,7.468103412362517e-10,1.541080187488013e-11,2.841939018660716e-06,1.231947119935671e-05
640,640,0.02,6900,100000.0,17.15,2.43,0.81,2.4192116012605243,,0.69,9601.0,2.895897982754208,6900.0,0.2245519915195473,0.0159473939470659,0.0067600194846731,-6.497366125543358e-05,2.384396624417245e-05,679088076955.8618,28362424.84309472,484338.9261038109,105681626113.67587,461295593853.2348,3.072785038915744,8.898471995633413,2086691682976.036,87151634.72523364,1488269.405896308,324736919610.3906,1417462199309.9734,0.0001284131098088,5.363232398581766e-09,9.158674671664015e-11,1.998401491562406e-05,8.722933557209683e-05,1.7504300162541063e-05,7.31075120647877e-10,1.2484409947128168e-11,2.7240691862116965e-06,1.1890440743210806e-05
641,641,0.02,6910,100000.0,17.15,2.43,0.81,2.41776037763586,,0.6910000000000001,9499.0,2.7855648746025867,6910.0,0.2517697265666356,0.0153428940248259,0.0067858066076138,0.0001795538134555,-2.11099834564496e-05,653214963094.3065,27281822.38185773,368797.4893802852,99491125210.0368,437396506375.2474,2.744571436062285,7.645181788132681,1792795129317.1133,74876910.43297148,1012191.0550446148,273060500393.16333,1200465957630.9392,0.0001233886459312,5.153383361409274e-09,6.966377901374116e-11,1.879331600686044e-05,8.262174889723243e-05,1.679837685658204e-05,7.015919101636011e-10,9.484166102111968e-12,2.5585596007271794e-06,1.1248290019319424e-05
642,642,0.02,6920,100000.0,17.15,2.43,0.81,2.4163124786705823,,0.6920000000000001,9720.0,2.74967738327356,6920.0,0.2520650511569329,0.0140329699414352,0.006309686984912,2.0081786834689952e-05,5.532346199597425e-05,644799346377.6497,26930340.29178124,268208.7307995456,96073170509.13232,425519011365.5613,2.7453230696752504,7.548752754465178,1770182520922.0842,73932484.47723195,736319.6161523114,263751891375.56485,1168187158487.2805,0.0001216749923406,5.081811833622361e-09,5.0611551405977935e-11,1.812920926721179e-05,8.029633209086236e-05,1.6543624524451123e-05,6.909520622280352e-10,6.881434606679177e-12,2.464950482201277e-06,1.0917546352357016e-05
643,643,0.02,6930,100000.0,17.15,2.43,0.81,2.414867892176176,,0.693,9745.0,2.6391561703463315,6930.0,0.2065145682008733,0.0146231641243162,0.0063589977952581,0.0001383425989004,1.938473381085447e-05,618882121946.2147,25847895.53237197,165442.99459144377,90161270873.39873,402424151980.1886,3.355695465154449,8.85620439266557,2076779930080.076,86737665.82176659,555176.30669208,302553767802.426,1350412901868.544,0.000116671389162,4.872834053106549e-09,3.1189241572237576e-11,1.6997163673654945e-05,7.586482656221255e-05,1.5841354628430662e-05,6.616214380846476e-10,4.234798607319224e-12,2.307833131718148e-06,1.0300739795998942e-05
644,644,0.02,6940,100000.0,17.15,2.43,0.81,2.413426606025882,,0.6940000000000001,9524.0,2.452237066773056,6940.0,0.2474345097507466,0.0167424830440755,0.006244394229103,4.650302763213096e-05,2.936707631150445e-05,575049592158.2815,24017209.831975307,68255.04024141752,81870472302.59589,368355232027.75824,2.804782569331584,6.877991780753878,1612889072586.7842,67363051.50070348,191440.5471381537,229628873657.2652,1033156334113.5476,0.0001082959827094,4.523031363141672e-09,1.2854102948020817e-11,1.541822370418983e-05,6.937035063168495e-05,1.468487925367107e-05,6.13320713903857e-10,1.7430097126715114e-12,2.090703161256608e-06,9.406583673042118e-06
645,645,0.02,6950,100000.0,17.15,2.43,0.81,2.41198860815461,,0.695,9631.0,2.340681066671515,6950.0,0.2522490784140245,0.016509726926685,0.0061341630026038,-2.739661984410547e-05,-5.3445401257993873e-05,548889710134.4702,22924630.366980817,1026.3886477354592,76327628636.21089,346284350004.6176,2.755213237525784,6.449075459719331,1512308195304.1829,63162245.05249112,2827.919589086926,210298892807.4404,954087225080.734,0.0001032616781764,4.312771326480812e-09,1.930927329652681e-13,1.4359385644649748e-05,6.514587985069649e-05,1.3984700622290597e-05,5.840774323868406e-10,2.6150495619933584e-14,1.944687641211713e-06,8.822688557620585e-06
646,646,0.02,6960,100000.0,17.15,2.43,0.81,2.4482712325799225,,0.6960000000000001,9496.0,2.461393837078212,6960.0,0.2250089615872639,0.0156875925767793,0.0059814999310378,-2.000882878250456e-05,-2.547477162120495e-05,577196854794.8408,24106891.24034401,1079.321197558796,78351759281.25656,358554918314.8052,3.0932101330109667,7.613608358181071,1785391159993.4612,74567680.2600254,3338.5672650624,242358455748.01883,1109085706572.275,0.0001084729634501,4.530423044907655e-09,2.0283750308270445e-13,1.4724694790293356e-05,6.738344851698907e-05,1.4672270599498234e-05,6.127941076822416e-10,2.7436207496289863e-14,1.991691750520639e-06,9.11442039677384e-06
647,647,0.02,6970,100000.0,17.15,2.43,0.81,2.4468081351465014,,0.6970000000000001,9576.0,2.7480383927244256,6970.0,0.2505186018579479,0.0150582855546258,0.0060977248927136,-0.0001155894614526,-4.2583286561604485e-06,644415003093.8778,26914288.018343028,1205.0148352096608,85341407470.9039,394072230401.5228,2.7822285244718925,7.64567080258179,1792909803205.43,74881699.84048606,3352.626646932116,237439298184.1276,1096399000125.3766,0.0001209842652278,5.052963299111226e-09,2.262328371105037e-13,1.6022233229839772e-05,7.398421671272536e-05,1.6343618949276817e-05,6.825987376938896e-10,3.0561522001099724e-14,2.164424226008015e-06,9.994438896134532e-06
648,648,0.02,6980,100000.0,17.15,2.43,0.81,2.445348356539299,,0.698,9359.0,2.860212520091946,6980.0,0.2231506283360431,0.0161163814129082,0.0065234729671822,-5.110414731571484e-05,5.059168937765036e-05,670719835961.5614,28012921.42178052,1254.2031900603183,86602973504.44165,403664856476.3195,3.127932039469232,8.946550381286631,2097966064411.716,87622514.43432125,3923.0623421941873,270888215537.848,1262636237780.0288,0.000125788438066,5.2536117800364705e-09,2.352163330147021e-13,1.624173341075978e-05,7.570429421623424e-05,1.6972085223855902e-05,7.088469197545616e-10,3.1736713734161243e-14,2.191426238124488e-06,1.0214450175265555e-05
649,649,0.02,6990,100000.0,17.15,2.43,0.81,2.4438918847014435,,0.6990000000000001,9702.0,3.072519295803424,6990.0,0.2291277876765889,0.0162976672633466,0.0063947611406671,4.807312483300332e-05,-2.3488085070128984e-05,720505774865.903,30092253.98309873,1347.2997112098014,90644323817.58543,426652670148.0712,3.0506993808478176,9.37333271335048,2198046521280.6875,91802420.5945546,4110.206394804185,276528582547.67706,1301589036657.7888,0.0001349801015092,5.6375058174042e-09,2.5240415570060666e-13,1.6981376773016563e-05,7.992943670227211e-05,1.8189927956998472e-05,7.597106797903754e-10,3.40140017447498e-14,2.28841152627762e-06,1.0771296502236704e-05
650,650,0.02,7000,100000.0,17.15,2.43,0.81,2.44243870763696,,0.7,9450.0,3.040764699841364,7000.0,0.2308030425429024,0.0167086437897152,0.006630942411546,0.0002235010744865,2.935613631806808e-05,713059322112.7997,29781249.47024631,1333.3753208804378,87345198536.52898,415340020331.2839,3.032888961461077,9.222301692549374,2162629746902.828,90323222.77682856,4043.9792921829007,264908288478.0649,1259680162915.77,0.0001334483033979,5.573529567076859e-09,2.4953979121535664e-13,1.63465621908145e-05,7.773044868448121e-05,1.7960603862160678e-05,7.501328538422244e-10,3.3585180356321783e-14,2.200058903273419e-06,1.046162267561223e-05
651,651,0.02,7010,100000.0,17.15,2.43,0.81,2.440988813409772,,0.7010000000000001,9422.0,3.035721852733128,7010.0,0.2313597607326301,0.0160608486536218,0.0058675206296505,6.595556318235087e-05,5.484419928303729e-05,711876774465.9185,29731859.825668253,1331.1640324234766,84841948741.76942,407759483578.3594,3.029913230287732,9.19797380506969,2156924857288.8423,90084955.44685256,4033.31151352306,257063742976.0808,1235475854069.3645,0.0001330895084491,5.558544331559912e-09,2.4886886761170333e-13,1.586169637628646e-05,7.623300995545252e-05,1.7889767253694637e-05,7.471743304165681e-10,3.345272042961662e-14,2.132114392239961e-06,1.0247169901246452e-05
652,652,0.02,7020,100000.0,17.15,2.43,0.81,2.439542190143873,,0.7020000000000001,9405.0,3.000171870871472,7020.0,0.2332814522205808,0.0170096027660141,0.005771635123808,4.4784962884489e-05,-2.2134517574560102e-06,703540303719.3602,29383683.3033152,1315.5753653771403,81517625427.26607,396173369488.4339,3.0092405260587083,9.028238778967808,2117121993667.951,88422570.60121071,3958.8827045773833,245306142023.8029,1192180958809.826,0.0001313862470644,5.4874068390142734e-09,2.456838777728975e-13,1.522342759593093e-05,7.398543044196518e-05,1.763988375441875e-05,7.367378315171738e-10,3.2985454269989864e-14,2.043893475428838e-06,9.933264871148069e-06
653,653,0.02,7030,100000.0,17.15,2.43,0.81,2.4380988260230354,,0.703,9387.0,2.937859033166069,7030.0,0.2543765601667473,0.0155025509533562,0.0063207591096696,-3.101390855481319e-05,-5.176246675109707e-05,688927943277.4432,28773391.370828483,1288.2511860433217,77542156739.64468,381275383581.8166,2.763619413436418,8.119124257997294,1903934638500.3647,79518702.98282549,3560.235987131813,214297009725.4116,1053700051932.1252,0.0001285225151578,5.367801763137874e-09,2.40328882288744e-13,1.4465827830311592e-05,7.112858716774252e-05,1.723437938556246e-05,7.198017556596962e-10,3.2227187038674373e-14,1.939812371767301e-06,9.53807241402401e-06
654,654,0.02,7040,100000.0,17.15,2.43,0.81,2.4366587092898424,,0.7040000000000001,9486.0,2.8903762572363094,7040.0,0.2048249634990497,0.0146208089672158,0.0064279839423029,-1.4170358901436883e-05,3.5065853173030336e-05,677793232321.9146,28308345.06337241,1267.4299887981217,74043412394.08594,368551302562.5295,3.437081047024164,9.934457452515558,2329630272614.8984,97298076.28993738,4356.259592928072,254493209396.7068,1266740696893.738,0.0001263117039791,5.275466220773896e-09,2.361948068010367e-13,1.379852902320448e-05,6.868221872166268e-05,1.691750903096286e-05,7.065675200394467e-10,3.163465974446573e-14,1.848100627338996e-06,9.19892629809182e-06
655,655,0.02,7050,100000.0,17.15,2.43,0.81,2.4352218282455627,,0.705,9414.0,2.7734419894720848,7050.0,0.2083783209654939,0.015429940450578,0.006430683215475,2.0359665928306733e-05,2.947540574637305e-05,650372146531.2039,27163090.8448896,1216.1543123835093,68893246225.17096,348341464369.2817,3.383269414656352,9.383301456304569,2200384191503.421,91900054.46304694,4114.577688589553,233084412830.01007,1178533022257.196,0.0001210725525484,5.0566506595289425e-09,2.263979287526487e-13,1.2825089786390857e-05,6.484685802520148e-05,1.61967437405821e-05,6.76464427271902e-10,3.0286874755843294e-14,1.715704247971484e-06,8.675029308527853e-06
656,656,0.02,7060,100000.0,17.15,2.43,0.81,2.433788171250274,,0.7060000000000001,9282.0,2.6268774453305044,7060.0,0.2541431338131588,0.0154071803286106,0.0064901349318596,-3.0168677125160777e-06,-2.3181356634831307e-05,616002760930.0033,25727637.69956696,1151.8857597774263,63211761148.89327,326460449510.88403,2.77796212475698,7.297366049506516,1711232338609.278,71470403.08886681,3199.895012708608,175599878310.81027,906894763972.3744,0.0001145443953398,4.7839991810589054e-09,2.1419069235188171e-13,1.1754091732047612e-05,6.0704622062307664e-05,1.530654602702496e-05,6.392849116788165e-10,2.8622261973775896e-14,1.5706970696269114e-06,8.111947240134877e-06
657,657,0.02,7070,100000.0,17.15,2.43,0.81,2.4323577267215515,,0.7070000000000001,9313.0,2.515644916182141,7070.0,0.2338366293761282,0.0163358589110376,0.0067783396275022,-5.496548129355971e-06,-1.7053894309107567e-05,589918732844.712,24638226.309087887,1103.1102957458688,58580764316.90593,309311192035.3538,3.023478408349722,7.605998087151448,1783606551437.0146,74493145.26556128,3335.2301612159104,177117676056.7889,935195710579.8068,0.0001095822102637,4.5767512465787185e-09,2.049117236700804e-13,1.0881854186640057e-05,5.745707365332508e-05,1.462491791798535e-05,6.10816401231337e-10,2.7347661010816955e-14,1.4522998203095188e-06,7.668260970146275e-06
658,658,0.02,7080,100000.0,17.15,2.43,0.81,2.430930483134777,,0.708,9373.0,2.400561036401513,7080.0,0.2561240739087225,0.015209546473908,0.006316435213279,0.0002104837466912,-3.105146841611172e-05,562931563036.1549,23511094.79051642,1052.6460144620637,54035903670.7626,291987575612.4421,2.764285251265826,6.63583546768811,1556103417172.8618,64991372.570537336,2909.813852581236,149370651555.90997,807136948818.3387,0.0001044552204986,4.362620168716999e-09,1.9532458076193637e-13,1.0026675715841467e-05,5.417999024424161e-05,1.3924057984455473e-05,5.815446648177266e-10,2.603709776624189e-14,1.336572872013263e-06,7.222284555586554e-06
659,659,0.02,7090,100000.0,17.15,2.43,0.81,2.468376626451226,,0.7090000000000001,9474.0,2.3918227313794267,7090.0,0.2549275877936452,0.0146754422280548,0.0063947705551108,-0.000107196265115,1.7706739085069214e-05,560882430508.4756,23425511.831130102,1048.8142677098788,51981044912.754524,287762785941.7968,2.781181927528025,6.65209415436318,1559916079198.1658,65150610.14783299,2916.943286688255,144568742685.37546,800320659676.441,0.0001039607666703,4.341969077906015e-09,1.9439998373103813e-13,9.634798644975244e-06,5.333745223320879e-05,1.3842198693439017e-05,5.7812577400231e-10,2.588402612824311e-14,1.2828569996792806e-06,7.101790754923138e-06
660,660,0.02,7100,100000.0,17.15,2.43,0.81,2.466923813806859,,0.71,9278.0,2.6418981699661703,7100.0,0.2084566797711886,0.0170603268550363,0.007004041987747,4.513138889413101e-05,3.902639870045595e-05,619525120857.067,25874750.67664868,1158.4723475301655,55363447508.81459,314357117403.6391,3.4059834435592453,8.998261426474246,2110092304508.2104,88128972.41088876,3945.737635508957,188566985593.38385,1070695137241.8048,0.0001147033335742,4.790637309280825e-09,2.1448789668364734e-13,1.0250386584226988e-05,5.820233608785834e-05,1.5255181401426888e-05,6.371396445440293e-10,2.8526213409491214e-14,1.363269069036182e-06,7.740727033292599e-06
661,661,0.02,7110,100000.0,17.15,2.43,0.81,2.465474233643515,,0.7110000000000001,9424.0,2.897597020671688,7110.0,0.2576748763385694,0.0165985725946532,0.0063206492446356,2.556816642853585e-05,1.704950516941104e-05,679486501347.5107,28379065.220458508,1270.596293564535,59668179108.30657,340951954179.8166,2.7592911272645315,7.995313749527529,1874901074264.2056,78306102.86287262,3505.9450791678214,164641877193.5812,940785701991.871,0.0001256648496533,5.248450053324564e-09,2.3498523058840325e-13,1.1035087145753128e-05,6.305596354900871e-05,1.6694282219990802e-05,6.972443499470783e-10,3.121723988684847e-14,1.4659855929611516e-06,8.376837707956453e-06
662,662,0.02,7120,100000.0,17.15,2.43,0.81,2.4640278744357498,,0.7120000000000001,9370.0,3.017514949262125,7120.0,0.2509644590018069,0.0157526662144353,0.0063346978518466,9.140145273804832e-05,-5.76927376767894e-05,707607255601.9684,29553541.413073253,1323.180305251442,61137028420.16847,351073283286.20953,2.8370551066550567,8.560856196212086,2007520778011.7344,83845025.58570117,3753.935442039,173449118685.1543,996014251157.298,0.0001307267042089,5.459860729306577e-09,2.444505748214147e-13,1.1294743188717106e-05,6.485893537196126e-05,1.7346418736733984e-05,7.244811305226976e-10,3.243669345866888e-14,1.498724733105886e-06,8.606277184060127e-06
663,663,0.02,7130,100000.0,17.15,2.43,0.81,2.4625847247157733,,0.713,9344.0,3.083960202306372,7130.0,0.2582085405556427,0.0161243700493598,0.0063498324727679,3.162163477639971e-05,-1.34521745000728e-05,723188667440.8442,30204306.221388604,1352.316548711344,61460689166.58028,354726958053.36694,2.761333914306959,8.515843897001535,1996965393846.86,83404175.12723303,3734.1975488351727,169713485392.3564,979519579591.7042,0.0001334624807304,5.574121689869056e-09,2.4956630192031666e-13,1.1342401247247888e-05,6.546388506240088e-05,1.7688815964231543e-05,7.38781507691615e-10,3.307695437234768e-14,1.5032962609185336e-06,8.676435570764735e-06
664,664,0.02,7140,100000.0,17.15,2.43,0.81,2.4611447730719327,,0.7140000000000001,9350.0,3.11267768624304,7140.0,0.2307362005567483,0.015283347481155,0.0059617489529163,5.263008712954696e-05,2.6694495907995728e-06,729922917423.9929,30485565.25906433,1364.909165417573,61000914038.39347,353915261765.5743,3.094442910463005,9.632003398751165,2258704797007.1484,94335841.28736892,4223.633490352386,188763845977.86987,1095170572675.14,0.0001345518456372,5.619619514590334e-09,2.5160334461383114e-13,1.1244729235784054e-05,6.523969933402541e-05,1.7813773146293196e-05,7.44000401683563e-10,3.3310616309806246e-14,1.4887276703565442e-06,8.637304070891034e-06
665,665,0.02,7150,100000.0,17.15,2.43,0.81,2.459708008149041,,0.715,9293.0,3.0830551695701303,7150.0,0.2127665803673153,0.0162376108359171,0.0062461734874973,3.5685087405538334e-05,1.2997918462834898e-05,722976437264.1956,30195442.330769856,1351.919691856502,59398116841.89131,346471432448.5406,3.360490161404298,10.360576564407085,2429555204353.461,101471486.87180296,4543.112823492505,199606787253.11865,1164313839950.9744,0.0001331184397235,5.559752659497226e-09,2.489229672441836e-13,1.0936711390523702e-05,6.379424573067597e-05,1.760471707991281e-05,7.352690792352495e-10,3.2919694838131206e-14,1.446363931358634e-06,8.436694794106744e-06
666,666,0.02,7160,100000.0,17.15,2.43,0.81,2.4582744186475742,,0.7160000000000001,9494.0,3.109157608033408,7160.0,0.2138967600458272,0.0169587614255581,0.00627825260294,7.3393005406371e-05,-1.3668757735474467e-05,729097459083.8342,30451089.6130792,1363.3656111226496,58870083370.62057,345294585327.64795,3.347409282153678,10.407623036809758,2440587602131.888,101932260.02251476,4563.742701641079,197062263515.97617,1155842300003.1738,0.000134098675525,5.600692657108549e-09,2.507559454913313e-13,1.0827633685580366e-05,6.350803446301851e-05,1.7714082370012883e-05,7.398367707117532e-10,3.3124200934970784e-14,1.4303019342120489e-06,8.389244332437168e-06
667,667,0.02,7170,100000.0,17.15,2.43,0.81,2.456843993323478,,0.7170000000000001,9305.0,2.984465582187015,7170.0,0.2135466393383467,0.0174300391009847,0.0062678545212744,9.080362942314376e-05,2.2853352295409578e-06,699857179022.8551,29229855.91193963,1308.6881577890065,55519534757.32225,327501247928.5759,3.3575803497613173,10.020582993290091,2349826711926.5264,98141589.83628318,4394.025642557705,186411298929.07565,1099611754567.296,0.0001285788696777,5.370155435494446e-09,2.404342616361359e-13,1.0200136882350183e-05,6.01690481127709e-05,1.696617294780395e-05,7.085999908349332e-10,3.1725658156128075e-14,1.3459232210627655e-06,7.93939532167946e-06
668,668,0.02,7180,100000.0,17.15,2.43,0.81,2.455416720988046,,0.718,9212.0,2.874105362413464,7180.0,0.258624050790786,0.0150470405702103,0.0062117292742055,0.0001362205546749,3.610641383980604e-05,673977707485.9573,28148987.919477463,1260.2952014183038,52513536178.90495,311591348185.01,2.77623058568836,7.979179213623188,1871117525594.6367,78148081.2182255,3498.870085173768,145789685302.52817,865049431067.0961,0.0001236790686121,5.165512997812502e-09,2.312719470635881e-13,9.63655796326286e-06,5.7178935301680574e-05,1.6302848919984162e-05,6.808959587305964e-10,3.048528465421345e-14,1.2702500944315694e-06,7.537084116896018e-06
669,669,0.02,7190,100000.0,17.15,2.43,0.81,2.4539925905075,,0.7190000000000001,9137.0,2.755816233374673,7190.0,0.2598529406068337,0.0154602636677328,0.0058082430624282,2.8721132041447737e-05,-1.3725108316657862e-05,646238906726.3608,26990464.18967155,1208.425418334794,49438481106.262924,295124117003.45306,2.7669496382104497,7.625204729910536,1788110509164.0208,74681255.1247438,3343.6522740657697,136793787410.64836,816593568769.8829,0.0001184562146699,4.9473781086474124e-09,2.2150554427628042e-13,9.062121252568211e-06,5.409653518873212e-05,1.559729698671608e-05,6.514282587970033e-10,2.916594767025587e-14,1.19322229652299e-06,7.122967145638487e-06
670,670,0.02,7200,100000.0,17.15,2.43,0.81,2.4525715908021164,,0.72,9109.0,2.6401120624647003,7200.0,0.2590317070480523,0.0163823621119747,0.0067862931513131,-0.0001270849093095,-2.663913426709813e-06,619106278647.9723,25857257.53977928,1157.689139390771,46487385996.71466,279243045126.20526,2.7795825005563297,7.33840928833456,1720856978114.4548,71872380.56994869,3217.8924729347045,129215524613.07544,776179081634.8617,0.000113362081055,4.734619282956821e-09,2.119798402671601e-13,8.512119810683563e-06,5.113108008659293e-05,1.4909457539373771e-05,6.227003289578963e-10,2.7879731901984643e-14,1.119519752162937e-06,6.724794220415112e-06
671,671,0.02,7210,100000.0,17.15,2.43,0.81,2.4511537108465093,,0.7210000000000001,9326.0,2.58193376840663,7210.0,0.2591714367144959,0.0169220232195225,0.0067750973133143,0.0001542736089889,-4.403711499048496e-05,605463468691.3547,25287459.327774536,1132.1779574463071,44606868203.83364,269676317980.412,2.7819423665666365,7.182790937999455,1684364474960.872,70348254.44676666,3149.653826312761,124093736496.099,750223974249.4042,0.0001107312185991,4.624740106439162e-09,2.0706029576001357e-13,8.158003132340404e-06,4.932021312837094e-05,1.4548674769834845e-05,6.076320711972812e-10,2.7205091200735943e-14,1.0718579262942888e-06,6.480049162839937e-06
672,672,0.02,7220,100000.0,17.15,2.43,0.81,2.449738939669379,,0.722,9156.0,2.406161411297284,7220.0,0.2369126460134794,0.0143573470115353,0.0063588082103895,4.346178730379143e-05,8.955965163310957e-06,564244850949.213,23565944.8622456,1055.1017788538588,40772304988.079865,248136470700.5409,3.0475367699828104,7.332865375442204,1719556930541.1973,71818083.48708095,3215.461467131407,124255098648.12694,756205018433.6609,0.0001030749247209,4.304971482802533e-09,1.927435159494497e-13,7.448188956047895e-06,4.532898792954676e-05,1.3528326451007782e-05,5.650167559111738e-10,2.5297105112012412e-14,9.775561994245731e-07,5.9493164614452e-06
673,673,0.02,7230,100000.0,17.15,2.43,0.81,2.4883915651624817,,0.723,9132.0,2.4003841626441704,7230.0,0.2641251693448794,0.0154101431779496,0.0062693036291717,4.7607246503542994e-05,-2.8135123170447627e-06,562890086140.058,23509362.488937005,1052.5684553194687,39878499350.22581,244367448454.1994,2.737338519434884,6.570664029847335,1540820714999.2002,64353083.50832481,2881.2361770880566,109160952368.63206,668916429549.6984,0.000102715564876,4.289962654140228e-09,1.920715360261885e-13,7.276984775581615e-06,4.459190368302725e-05,1.3465690141095789e-05,5.624007217138255e-10,2.5179979219063976e-14,9.539900040243677e-07,5.845859471462936e-06
674,674,0.02,7240,100000.0,17.15,2.43,0.81,2.486950769935965,,0.7240000000000001,9018.0,2.659927861381232,7240.0,0.2643951575500978,0.0131524032000237,0.0063805344721351,4.7843258530858094e-05,6.920572953605443e-06,623753083493.8988,26051333.474367782,1166.37836721567,43308429068.09799,267273548404.4788,2.738325492450882,7.283748270900583,1708038969526.1868,71337030.5652003,3193.9236167899057,118592575355.17352,731881971053.7892,0.0001136897917748,4.748306271397204e-09,2.1259263835079377e-13,7.893710529280353e-06,4.87152286203027e-05,1.4888414030578651e-05,6.218214371662571e-10,2.7840381886604443e-14,1.0337324817186216e-06,6.379574471645411e-06
675,675,0.02,7250,100000.0,17.15,2.43,0.81,2.4855131159395008,,0.725,9040.0,2.871515671237861,7250.0,0.2569533011064777,0.0163979309195397,0.0063781973662365,-3.3075502652491846e-06,2.5244841716441978e-06,673370424905.2784,28123624.48410361,1259.159621837802,45801334289.95551,284738145869.1824,2.821524366015326,8.10205143379248,1899931061224.337,79351491.74256356,3552.749553718003,129229580695.12276,803395616503.9244,0.0001225900625969,5.120030162366074e-09,2.2923557547452764e-13,8.338335379699483e-06,5.18378381865552e-05,1.603787966072889e-05,6.69829396150016e-10,2.9989809088399226e-14,1.0908650877359972e-06,6.781699862911843e-06
676,676,0.02,7260,100000.0,17.15,2.43,0.81,2.4840785921928004,,0.7260000000000001,9053.0,3.0088315059963064,7260.0,0.2638291088032929,0.0161031662332877,0.0062800289736934,5.836050503504145e-05,-6.624629418560273e-05,705570988156.1338,29468495.769727822,1319.3726153793802,46993896290.18897,294376728267.09576,2.751781269675193,8.279646181809241,1941577029634.2664,81090854.70463969,3630.6248507233513,129316923600.40056,810060367073.6582,0.000128301210078,5.358558855028767e-09,2.399150559454885e-13,8.545382196154816e-06,5.352954003137475e-05,1.676844731378044e-05,7.003418890881265e-10,3.1355923868199253e-14,1.1168467627482982e-06,6.996093576990344e-06
677,677,0.02,7270,100000.0,17.15,2.43,0.81,2.482647187768678,,0.727,9135.0,3.111876825152488,7270.0,0.2639849160013909,0.0153729734833611,0.0062733925662776,1.765900289300967e-05,-1.829671308220579e-05,729735115498.2584,30477721.625543468,1364.557987829366,47571500934.87116,300344616352.5041,2.7539452291894184,8.569938336453808,2009650539898.418,83933976.0672286,3757.9179605349946,131009308044.9684,827132623316.7048,0.000132546503244,5.535865470245891e-09,2.478534826120913e-13,8.640719034995367e-06,5.455353294672099e-05,1.7304746790600786e-05,7.227406825891005e-10,3.2358769584982715e-14,1.128098073730068e-06,7.122293316461108e-06
678,678,0.02,7280,100000.0,17.15,2.43,0.81,2.481218891792837,,0.728,9027.0,3.104496366134778,7280.0,0.2365167959524114,0.0160628373938261,0.0060228822483623,0.0002380490773098,2.8870423135955063e-05,728004397858.6055,30405437.40992401,1361.3216565501002,46429297998.97921,295528229435.7424,3.078005505141705,9.555656905655267,2240801544376.16,93588103.73398767,4190.1555531298345,142909634840.72278,909637517127.996,0.000132082866778,5.516501480699018e-09,2.4698651207744737e-13,8.423733153583495e-06,5.361810433085646e-05,1.7225980735852666e-05,7.194509822044393e-10,3.221148210094411e-14,1.0986062656518674e-06,6.992764881826283e-06
679,679,0.02,7290,100000.0,17.15,2.43,0.81,2.479793693443625,,0.7290000000000001,8772.0,3.010887501050905,7290.0,0.2656902928829368,0.0179059908303683,0.00581535860581,2.173190802415871e-05,3.167194780294239e-05,706053118996.4374,29488632.185292568,1320.274169210822,44030991726.32415,282636953965.9,2.743796139820576,8.261261502817494,1937265822410.7024,80910795.15859453,3622.5631689854713,120812065131.15993,775498183262.2822,0.0001279463122572,5.343736384849621e-09,2.392514197219276e-13,7.979007336471907e-06,5.121761379505174e-05,1.666980958646016e-05,6.962222391888734e-10,3.1171477627559834e-14,1.0395651945056132e-06,6.673016629974596e-06
680,680,0.02,7300,100000.0,17.15,2.43,0.81,2.4783715819516576,,0.73,8968.0,3.04447594920548,7300.0,0.2647213933578314,0.0162086702472166,0.0057818748645034,0.0001485980727314,-3.0148494792166096e-06,713929610088.6849,29817597.446518462,1335.0027037266027,43512710714.19718,281765244479.8987,2.757616189384582,8.395496165721022,1968743850861.58,82225489.44707169,3681.425068668668,119991355509.4781,777000399783.6732,0.0001292254533952,5.397160300866729e-09,2.4164333182867693e-13,7.876056254062286e-06,5.100116447673351e-05,1.6818763724632374e-05,7.024433770535157e-10,3.1450012337958626e-14,1.0250730466683592e-06,6.637829564362819e-06
681,681,0.02,7310,100000.0,17.15,2.43,0.81,2.4769525465990787,,0.7310000000000001,9039.0,3.0125056408806845,7310.0,0.2658865929533931,0.0161230283678431,0.0069177562996174,0.0001374487368438,3.365578028440613e-06,706432572786.5205,29504480.246785425,1320.9837235261805,42056904582.37028,274823954579.16025,2.7492924403606014,8.282258985016934,1942189731986.472,81116444.49925587,3631.7705649299264,115626729833.27774,755571420754.4905,0.0001277209339934,5.334323358343453e-09,2.3882997678513416e-13,7.60376480510286e-06,4.9687363684491885e-05,1.660557174894682e-05,6.935393164570794e-10,3.105135698044e-14,9.885995825849407e-07,6.460077114072486e-06
682,682,0.02,7320,100000.0,17.15,2.43,0.81,2.4755365767199136,,0.732,9127.0,2.9671466181386035,7320.0,0.2666191697535396,0.015330451206053,0.0062784649942844,0.0001315336676652,9.576758557547264e-06,695795881953.5026,29060233.978049483,1301.0937920537776,40439822230.65924,266763470302.416,2.745489008448471,8.146268426554588,1910299946027.0515,79784552.96967563,3572.138705044187,111027087437.88506,732396175570.8531,0.0001256516914603,5.247900495363952e-09,2.349606256092601e-13,7.302906207741113e-06,4.817401501317919e-05,1.6319675245300915e-05,6.815987179210113e-10,3.051674880624499e-14,9.485034086852532e-07,6.256853935987841e-06
683,683,0.02,7330,100000.0,17.15,2.43,0.81,2.4741236616994104,,0.733,9158.0,2.887273658242055,7330.0,0.2366201366367022,0.0161626446767007,0.0068195574742442,7.957426193835303e-05,-2.078276561031873e-05,677065672857.762,28277958.20882269,1266.0694991391413,38393866623.84528,255765538642.4236,3.097792142371302,8.94417365137788,2097408721248.1133,87599236.74159499,3922.0201461292017,118936218342.59969,792308475895.8635,0.0001221182360298,5.100324109495653e-09,2.2835328997486665e-13,6.924869262210826e-06,4.6130881638727966e-05,1.5845929614334422e-05,6.618125144681931e-10,2.963087477989614e-14,8.985635109452755e-07,5.985893075916725e-06
684,684,0.02,7340,100000.0,17.15,2.43,0.81,2.472713790973559,,0.7340000000000001,8937.0,2.717369811179001,7340.0,0.2679417552462837,0.0156065271008309,0.0062882536968183,0.0001067087758383,2.877816275964203e-05,637223220721.4756,26613919.93068713,1191.5666622019917,35233534591.50652,237122531017.7213,2.739401327446445,7.44396646790665,1745610136724.1091,72906207.58667772,3264.179296177065,96518791430.6032,649573776237.4066,0.0001147966350821,4.7945340895304805e-09,2.146623645353396e-13,6.347369464309797e-06,4.271794840148002e-05,1.4881195793657636e-05,6.215199641922512e-10,2.7826884245283045e-14,8.228154745603534e-07,5.537567835596367e-06
685,685,0.02,7350,100000.0,17.15,2.43,0.81,2.471306954029141,,0.735,8863.0,2.584689625506384,7350.0,0.2399482869632265,0.0143242510605151,0.0063483893665404,5.0453399229990165e-06,-9.761559559837313e-08,606109717181.2471,25314450.192209523,1133.386400784549,32656175845.444702,222127734053.8484,3.063160022111944,7.917317930418646,1856611054683.1724,77542211.8105202,3471.743912488576,100031092324.8239,680412794756.0619,0.0001090618923259,4.555019929383097e-09,2.039387624090758e-13,5.876071993031748e-06,3.9969118341561536e-05,1.412392119955276e-05,5.898920436179942e-10,2.6410829194046413e-14,7.609732054202902e-07,5.176149669076504e-06
686,686,0.02,7360,100000.0,17.15,2.43,0.81,2.469903140403237,,0.7360000000000001,8920.0,2.4806960301761407,7360.0,0.2672674948571512,0.0174883353690375,0.0064061084004767,-0.0001173067087895,-3.706700393223681e-05,581723219076.305,24295936.91954512,1087.7852092322378,30519732285.95857,209911133335.2394,2.753795407830557,6.83132933612255,1601946729320.7383,66906039.51798426,2995.537913889739,84045098617.29071,578052315031.0902,0.0001045555905018,4.366812167912565e-09,1.9551226624766802e-13,5.485441403189693e-06,3.772822156494972e-05,1.3526339362850556e-05,5.649337642633616e-10,2.529338938426426e-14,7.096506424803245e-07,4.880893752258123e-06
687,687,0.02,7370,100000.0,17.15,2.43,0.81,2.468502339683013,,0.737,8775.0,2.312937156288054,7370.0,0.2426331392798602,0.0163923862385232,0.0062731256194975,-2.318518074519242e-05,4.066291216428839e-06,542383763149.5487,22652906.5086852,1014.2229430323116,27688898136.6398,192658101826.47464,3.037507581146706,7.025564146940868,1647494792457.6333,68808375.25513886,3080.709878433571,84105238003.64227,585200444867.2507,9.736121497603217e-05,4.066335776013898e-09,1.8205924420891306e-13,4.970327187297341e-06,3.45833119337494e-05,1.2583857498153748e-05,5.255705771297132e-10,2.353100858396767e-14,6.42410728538528e-07,4.469864815220674e-06
688,688,0.02,7380,100000.0,17.15,2.43,0.81,2.5084087633492334,,0.738,8865.0,2.562899696755507,7380.0,0.2177251829161832,0.0177878970539216,0.0063727341649138,3.760488460622858e-05,1.943036219305433e-05,600999978889.1664,25101039.630023435,1123.8315170272897,29831481631.35749,210090866028.49496,3.3895941209708607,8.687189744760467,2037145995146.3296,85082336.36018401,3809.332703077465,101116614757.49956,712122764359.8632,0.0001077595286651,4.500626114058986e-09,2.0150342567029461e-13,5.348796194503802e-06,3.766937353631156e-05,1.391319598135878e-05,5.810910082790102e-10,2.6016786515248723e-14,6.906011063736211e-07,4.863619793049767e-06
689,689,0.02,7390,100000.0,17.15,2.43,0.81,2.506981496889886,,0.7390000000000001,8999.0,2.8509020293946707,7390.0,0.2682616744787083,0.0147139527235383,0.006280326089225,0.0001722637021938,1.656662568424331e-05,668536525893.0503,27921734.475891404,1250.1205398895631,32238461970.16153,229930725537.22,2.7547729336888707,7.853587747175112,1841666326712.564,76918038.39583305,3443.798227136286,88809642459.15897,633406939333.3779,0.0001197225754456,5.0002682469728966e-09,2.2387355792297485e-13,5.773314614814795e-06,4.117635696664565e-05,1.5443200272881576e-05,6.449923389023544e-10,2.8877796672318e-14,7.447087861501935e-07,5.311402003977127e-06
690,690,0.02,7400,100000.0,17.15,2.43,0.81,2.505557276618137,,0.74,8794.0,2.9524787496152176,7400.0,0.2669813986467488,0.0158273811489578,0.0062926235792168,-2.4892669066182365e-05,8.61801469947607e-06,692356266784.7686,28916576.87373144,1294.661931706273,32408136119.60673,234219988622.7577,2.7717286812895767,8.183470031206486,1919023722317.921,80148905.48563632,3588.4516086840445,89826560389.85068,649194260197.0157,0.0001238358927677,5.17206283056565e-09,2.315651982032915e-13,5.796568416934494e-06,4.189294267509725e-05,1.595892154728264e-05,6.665316743457832e-10,2.9842162466880326e-14,7.470126676664303e-07,5.398807814067226e-06
691,691,0.02,7410,100000.0,17.15,2.43,0.81,2.5041360921045857,,0.7410000000000001,8710.0,3.026734596138089,7410.0,0.2664995906834519,0.0146032717846809,0.006822762494393,8.00755352350547e-05,9.507551082481522e-06,709769262794.3818,29643838.634576444,1327.223120406552,32219618451.9933,236109442443.4079,2.7804920754274605,8.41581155898409,1973507810581.7693,82424458.4086902,3690.333368614524,89586393779.06377,656500433647.4918,0.0001268017558151,5.295933460358137e-09,2.3711117238789495e-13,5.756101884890786e-06,4.218144323198627e-05,1.6325063215079185e-05,6.818237489487654e-10,3.05268239650841e-14,7.410680281133835e-07,5.430640315967546e-06
692,692,0.02,7420,100000.0,17.15,2.43,0.81,2.502717932969474,,0.742,8776.0,3.1031643470437307,7420.0,0.2439393418035251,0.0157988557949055,0.0063145363007023,4.715515199610955e-05,-8.875608458674332e-06,727692039381.7549,30392391.6149463,1360.737566178676,32004278250.5116,237969275990.9225,3.041739780529642,9.439018439924208,2213449824162.2266,92445746.60061768,4139.009585906765,97348686301.72076,723840613325.4264,0.0001298504055315,5.423261713329171e-09,2.4281195234784985e-13,5.710889063872696e-06,4.246357706168669e-05,1.6701331379011103e-05,6.975387613050522e-10,3.1230421363310745e-14,7.345333295963957e-07,5.461656196932413e-06
693,693,0.02,7430,100000.0,17.15,2.43,0.81,2.501302788882137,,0.743,8744.0,3.106328520606239,7430.0,0.2434896462336837,0.0171982323706108,0.0059537739015942,-6.571706644327485e-05,9.833224445154611e-06,728434038082.163,30423381.530817505,1362.125056285836,31006926954.41153,234105444175.4891,3.05146445236083,9.478851057984544,2222790573097.3755,92835867.26190062,4156.476188926223,94616535378.33565,714364441005.6477,0.0001298284739324,5.422345730041151e-09,2.4277094166051095e-13,5.526350770792616e-06,4.1724508970789616e-05,1.6681720996875486e-05,6.96719724705324e-10,3.1193751203112584e-14,7.100833807626774e-07,5.361201563105191e-06
694,694,0.02,7440,100000.0,17.15,2.43,0.81,2.4998906495605,,0.7440000000000001,8956.0,3.165323240030544,7440.0,0.2450631575102306,0.0177594892382274,0.0068687865664715,7.882530635242602e-05,-2.490545652930466e-05,742268299787.1624,31001175.81285914,1387.9942407533931,30546257767.765217,234367055121.10184,3.035952068678215,9.60976963860596,2253490980253.097,94118083.84050676,4213.883986528713,92736974460.42482,711527145824.9304,0.0001321271304052,5.518350171382772e-09,2.47069282229053e-13,5.437372692100587e-06,4.171840083102736e-05,1.6961364000227647e-05,7.083991429348807e-10,3.171666573176897e-14,6.980039387272886e-07,5.35545561181889e-06
695,695,0.02,7450,100000.0,17.15,2.43,0.81,2.498481504771513,,0.745,8780.0,3.062978932382528,7450.0,0.2447430933298164,0.0143777835894709,0.00674077139109,-6.507155743263887e-05,-1.7367513285060612e-05,718268559643.7028,29998815.663754474,1343.1162618497383,28542995376.52361,222740098995.1793,3.044008269504202,9.323733199489563,2186415435280.3032,91316642.9558008,4088.457007976174,86885113962.55806,678022703291.5105,0.0001277011257594,5.333496058370582e-09,2.387929366546355e-13,5.074665448166753e-06,3.96010113648327e-05,1.6377456347339094e-05,6.840119721357741e-10,3.0624795771037074e-14,6.508173781589458e-07,5.078763645042584e-06
696,696,0.02,7460,100000.0,17.15,2.43,0.81,2.4970753443302214,,0.7460000000000001,8755.0,2.9948946617129506,7460.0,0.243027392489239,0.015351755216622,0.0067782235226884,9.10997708973691e-05,1.1022698162563923e-05,702302798171.6869,29331998.316816635,1313.2613091611288,26915502214.339912,213829837615.82825,3.069612821661789,9.19316705312052,2155797673956.7625,90037878.11826238,4031.203752793349,82620170698.60408,656374811199.4047,0.0001247111943381,5.208620201911254e-09,2.33201956150509e-13,4.779511680860238e-06,3.797076489461903e-05,1.597885871340751e-05,6.673643592286272e-10,2.9879443692235366e-14,6.123840147055859e-07,4.865076392788228e-06
697,697,0.02,7470,100000.0,17.15,2.43,0.81,2.4956721580996013,,0.747,8845.0,2.949684822702862,7470.0,0.2685787950231315,0.0175256876246851,0.0066717055874829,-0.0001175262347875,6.78593554386034e-05,691701090923.821,28889213.153551828,1293.4367947552048,25531150138.56277,206702539222.6636,2.781306692271309,8.20397813747458,1923832873237.789,80349761.87842605,3597.444413282604,71009958741.7682,574903155649.467,0.000122678667256,5.1237307765697074e-09,2.294012605192788e-13,4.528151702535823e-06,3.666033256707295e-05,1.570368710103903e-05,6.55871690693289e-10,2.9364890378701984e-14,5.796335994933321e-07,4.692766921341239e-06
698,698,0.02,7480,100000.0,17.15,2.43,0.81,2.4942719359908416,,0.748,8711.0,2.816883834316902,7480.0,0.2475155582269508,0.0156003377729502,0.0057384803056228,6.439772938792237e-05,-1.641068944715834e-05,660559259147.3135,27588560.27329974,1235.2035613479616,23447672485.528896,193672516155.6956,3.0220322526721626,8.512713799336506,1996231385944.4104,83373518.95070174,3732.825001009058,70859622501.36198,585284590278.6825,0.0001170114303422,4.8870360288764005e-09,2.1880389000023497e-13,4.153519396986208e-06,3.430713871546391e-05,1.4964382282386056e-05,6.249942860285245e-10,2.7982437658107836e-14,5.311861575577261e-07,4.387478533094157e-06
699,699,0.02,7490,100000.0,17.15,2.43,0.81,2.492874667961755,,0.7490000000000001,8630.0,2.692042838382198,7490.0,0.2720319065683725,0.0155860928464668,0.0063369585332257,6.08038058246632e-05,-5.229719348135906e-05,631284045600.6255,26365867.55911525,1180.460784630594,21515881581.16316,181530371295.89212,2.753353492421105,7.41214555080685,1738148131664.2063,72594553.52460228,3250.225824028804,59240827694.01451,499817281788.0446,0.0001116872468854,4.664669066082833e-09,2.0884800750227922e-13,3.806605908799501e-06,3.2116489458953134e-05,1.4270563096802334e-05,5.960166096805205e-10,2.6685040161824406e-14,4.863797015417742e-07,4.103605398579739e-06
700,700,0.02,7500,100000.0,17.15,2.43,0.81,2.491480344018054,,0.75,8711.0,2.607564020789079,7500.0,0.247085238773252,0.0151476363416194,0.0059577963052981,3.476444390657841e-05,-5.9997604702362993e-05,611473762875.039,25538482.01960824,1143.416823116011,19976086807.599537,172386651875.51086,3.0353897453512726,7.914973089050103,1856061189382.249,77519246.4341567,3470.71569954847,60635209048.03448,523260675338.3655,0.0001080549684566,4.512965292386311e-09,2.020558791822951e-13,3.5300213368662745e-06,3.0462851166625305e-05,1.3793211663829084e-05,5.760798082539106e-10,2.5792423516371223e-14,4.5060705835804194e-07,3.8885815249994e-06
701,701,0.02,7510,100000.0,17.15,2.43,0.81,2.4900889542119966,,0.7510000000000001,8682.0,2.480269798600665,7510.0,0.2739969191734417,0.016080308622271,0.0062287773776675,9.00862063424282e-05,-2.974803597783768e-05,581623267771.856,24291762.40749492,1087.5983066863917,18178509703.667885,160692354347.04694,2.740906730869527,6.798188185356969,1594175129466.2092,66581455.08738615,2981.005519279031,49825599603.96031,440442755629.092,0.0001026511216534,4.287271153408573e-09,1.919510313222033e-13,3.20833865230161e-06,2.8360712730865588e-05,1.309126419891479e-05,5.467626505934815e-10,2.4479826657672223e-14,4.0916463707672883e-07,3.616887738280781e-06
702,702,0.02,7520,100000.0,17.15,2.43,0.81,2.4887004886423187,,0.752,8682.0,2.353062086539054,7520.0,0.2721607932635379,0.0175111491538429,0.0063197612978076,8.410624439312162e-05,1.4349306851002235e-06,551793059293.4082,23045890.075563498,1031.8177249473754,16465953452.976938,149340106115.8406,2.763072487343265,6.501681112326598,1524644220840.5874,63677464.81412671,2850.987167755214,45496622963.79542,412637538465.6029,9.726340940275076e-05,4.0622508814095574e-09,1.8187635404309691e-13,2.902419203957294e-06,2.632386840819542e-05,1.2392826069134067e-05,5.175920619236634e-10,2.3173792031195264e-14,3.69812004280204e-07,3.354058064103937e-06
703,703,0.02,7530,100000.0,17.15,2.43,0.81,2.529942727629489,,0.753,8588.0,2.5264556064522607,7530.0,0.2750492183604365,0.0166433110484768,0.006652080909582,0.0001328233833704,-1.1796737075315655e-05,592453839713.0552,24744106.20959344,1107.8507834293164,16841591497.178469,157004844625.6628,2.737691837441385,6.916656891442377,1621956041043.2375,67741737.59478664,3032.9540468974824,46107087571.34772,429830881570.42993,0.0001043050092627,4.356346527586613e-09,1.950436953590698e-13,2.96506198350056e-06,2.7641633280498264e-05,1.3277124470987055e-05,5.545251900590501e-10,2.4827373477730592e-14,3.774267151443501e-07,3.5185405594679503e-06
704,704,0.02,7540,100000.0,17.15,2.43,0.81,2.528527322434917,,0.754,8558.0,2.762303918628586,7540.0,0.2670008239037997,0.0167232767458926,0.0063742379414556,0.0002885626835114,-1.986059212224758e-05,647760268918.4033,27054004.57904837,1211.2702683186349,18009551102.44766,168984687786.84772,2.8239613233241023,7.800639429473734,1829249946211.5908,76399462.57226576,3420.580389824233,50858275763.741135,477206222544.0568,0.0001138961256183,4.756923898960562e-09,2.1297846943988225e-13,3.1666315350271995e-06,2.9712691795512385e-05,1.4485091804584692e-05,6.049764995057675e-10,2.7086195122858802e-14,4.027261528619238e-07,3.778803414801456e-06
705,705,0.02,7550,100000.0,17.15,2.43,0.81,2.527114875574344,,0.755,8616.0,2.952614635643658,7550.0,0.2709409753388172,0.0170817238831244,0.0062181651922849,1.7344684421184148e-05,4.080006799337188e-05,692388132058.4377,28917907.741493985,1294.721517729744,18904346161.398968,178591227187.89255,2.7865847868003617,8.227711024968709,1929398235355.162,80582201.77854355,3607.851284448778,52678563417.76218,497659596737.7885,0.0001215946446029,5.0784560735223505e-09,2.2737420749842257e-13,3.3199114001449405e-06,3.136353122424431e-05,1.544985031994586e-05,6.452700811665233e-10,2.8890231834952066e-14,4.2182889201429364e-07,3.985059247485062e-06
706,706,0.02,7560,100000.0,17.15,2.43,0.81,2.5257053771233093,,0.7560000000000001,8571.0,3.046567303233007,7560.0,0.2499708984505559,0.0179972778618311,0.0065553324723035,-3.391526953621481e-06,-3.1749813597022584e-06,714420032608.1401,29838080.16786408,1335.9197624676735,19148891553.78103,182173479851.874,3.024352053323264,9.213892079120264,2160657692553.702,90240859.02290387,4040.291676694236,57912989489.54217,550956737851.0593,0.000125301153776,5.233260128286026e-09,2.343051425621219e-13,3.358497936378754e-06,3.195115782169892e-05,1.5907355890569638e-05,6.643780110543243e-10,2.974573798726987e-14,4.263713487202782e-07,4.056294960330117e-06
707,707,0.02,7570,100000.0,17.15,2.43,0.81,2.524298817203652,,0.757,8530.0,3.0922093054587534,7570.0,0.2701219995387873,0.0172198270927349,0.0061171582004294,-5.769312965460489e-05,-4.040502448568248e-05,725123082130.0776,30285097.93766303,1355.9337804436634,19073427557.882923,182770685245.5272,2.802437421952005,8.66572307412583,2032112060882.507,84872091.78798838,3799.9195680041767,53452087153.10176,512203407967.8767,0.0001270211701873,5.305097402196078e-09,2.375214632288116e-13,3.341128075483711e-06,3.201628370129235e-05,1.611049886590403e-05,6.728623705444094e-10,3.0125602356925023e-14,4.237658965944391e-07,4.060727054390415e-06
708,708,0.02,7580,100000.0,17.15,2.43,0.81,2.5228951859825623,,0.758,8539.0,3.117477850478934,7580.0,0.2755406776977906,0.0154821122686781,0.0063851485454551,2.486217614520527e-05,-3.367841681591133e-05,731048555937.31,30532578.06759068,1367.0140374350126,18863986362.27132,182114788760.9599,2.750954981795335,8.576041223411636,2011081666890.0288,83993747.74209356,3760.594076466002,51893977259.80954,500989585400.5677,0.0001278998185813,5.341794555161114e-09,2.391644795219673e-13,3.300328567589116e-06,3.1861698179042004e-05,1.620684313299614e-05,6.768862330258601e-10,3.030575997364097e-14,4.182015891465994e-07,4.037359474519921e-06
709,709,0.02,7590,100000.0,17.15,2.43,0.81,2.5214944736733504,,0.759,8497.0,3.094122692103732,7590.0,0.249192634460087,0.0162888318056016,0.0064093393318057,7.28424429445451e-06,-1.6113054394506538e-05,725571771298.3252,30303837.64646396,1356.7728004874866,18360096933.85284,178617105226.92365,3.0458364134417004,9.42419156326581,2209972921585.832,92300532.17062534,4132.508000492057,55921851795.44827,544038483163.7119,0.0001267826390019,5.295135037889698e-09,2.370754251699647e-13,3.208147882380156e-06,3.1210624320510004e-05,1.6050413250032634e-05,6.703528672529621e-10,3.0013246098675095e-14,4.061447189044953e-07,3.951198855609759e-06
710,710,0.02,7600,100000.0,17.15,2.43,0.81,2.5200966705344725,,0.76,8545.0,3.0797003564728387,7600.0,0.2249735834457169,0.0148498492488063,0.006196414414391,7.200453058307219e-05,-1.4044387476630632e-05,722189733592.8806,30162585.29129498,1350.4486063133395,17913640373.949436,175661141345.61472,3.37817439878837,10.40376490017596,2439682869091.2627,101894473.43232337,4562.050908727159,60515401300.37771,593413970555.7009,0.0001260325696079,5.263808045799003e-09,2.356728433819547e-13,3.1261897287418016e-06,3.0655413659655314e-05,1.5940900260745817e-05,6.657790070522153e-10,2.980846381380401e-14,3.954079395276694e-07,3.877369898279071e-06
711,711,0.02,7610,100000.0,17.15,2.43,0.81,2.5187017668693867,,0.7610000000000001,8312.0,2.946051068878318,7610.0,0.2755017675153794,0.0173673439168768,0.0057783414276804,-4.183364369370512e-05,1.7288722635125527e-05,690848975651.9656,28853624.168594245,1291.8433937031425,16791029336.875397,166006756905.30106,2.762232732163936,8.13767869308224,1908285653527.785,79700425.12004745,3568.3721069165617,46380730841.04212,458549297684.204,0.0001204101294402,5.028984254746465e-09,2.2515923991283694e-13,2.9265586070828194e-06,2.8933813020513776e-05,1.5216183683671304e-05,6.35510886984549e-10,2.845329017181179e-14,3.698281326779045e-07,3.6563552886762447e-06
712,712,0.02,7620,100000.0,17.15,2.43,0.81,2.517309753026559,,0.762,8329.0,2.886974652634991,7620.0,0.27500791708826,0.0159125102955437,0.0059766082653637,0.0002092126058658,4.616563894761526e-05,676995556042.9054,28275029.747907106,1265.9383851804434,16116030083.29772,160687352843.14398,2.7708293203626084,7.999314014664688,1875839136438.8696,78345281.45962596,3507.6991954304663,44654768682.64717,445237228669.2353,0.0001178530827373,4.92218802699115e-09,2.2037772614208893e-13,2.805518898685116e-06,2.7972857015719675e-05,1.4878925106931282e-05,6.214251279201918e-10,2.7822638206351242e-14,3.5419612801009485e-07,3.5315668873203907e-06
713,713,0.02,7630,100000.0,17.15,2.43,0.81,2.515920619398848,,0.763,8469.0,2.856208331561682,7630.0,0.2730785712446959,0.0157492584649287,0.0065087871412465,5.102338972976764e-06,9.270138101756613e-06,669780853751.2146,27973704.39931512,1252.447353389798,15609594662.970797,157005617247.29425,2.7940676433241736,7.980439281809422,1871413011584.309,78160422.32604146,3499.422625073431,43614263373.21241,438684314970.8047,0.0001164471945019,4.8634704603485205e-09,2.1774880507073986e-13,2.7138630428664664e-06,2.7296784533466967e-05,1.468845041522078e-05,6.1346986510308e-10,2.74664627167348e-14,3.423220534367592e-07,3.4431698232816675e-06
714,714,0.02,7640,100000.0,17.15,2.43,0.81,2.514534356423117,,0.764,8515.0,2.780634442890601,7640.0,0.2479983681605517,0.0166122509492157,0.0062688455899896,0.0001586840575863,-3.696459378961125e-05,652058776857.846,27233533.733670548,1219.3082032075283,14870740204.00118,150934131584.15955,3.080665432062012,8.566204407414084,2008774933538.603,83897405.96621354,3756.280632651076,45811775295.64122,464977561689.6194,0.0001132193174819,4.7286566968779245e-09,2.117128815173545e-13,2.582060262206905e-06,2.6207237704906355e-05,1.4268869028356732e-05,5.959458561352914e-10,2.6681872362193718e-14,3.254133704757578e-07,3.3028607725537124e-06
715,715,0.02,7650,100000.0,17.15,2.43,0.81,2.513150954580949,,0.765,8308.0,2.614327746391008,7650.0,0.2516163710461114,0.0156221072951532,0.0059300680196141,0.0001273537617148,-1.490943112319838e-05,613059856528.6914,25604725.948153533,1146.382716792457,13674993057.78158,140104398823.35892,3.0403427122784685,7.948452311247293,1863912066987.4905,77847141.936356,3485.396338481938,41576665483.68488,425965387920.7553,0.0001063166172211,4.440362256135596e-09,1.988052735670266e-13,2.371512319625844e-06,2.429685385867895e-05,1.338624400824694e-05,5.590826175555245e-10,2.5031420032478825e-14,2.985953034326267e-07,3.059198297369606e-06
716,716,0.02,7660,100000.0,17.15,2.43,0.81,2.511770404397004,,0.7660000000000001,8371.0,2.5256655710468743,7660.0,0.2533629521858529,0.0161801302362433,0.0057534005797037,0.000208689607869,2.056973203859677e-05,592268576410.4921,24736368.602833085,1107.5043529040545,12915264921.296951,133611508478.0738,3.0233307332087973,7.635922342753362,1790623789375.6636,74786223.42492642,3348.351947297349,39047117364.09057,403951779892.14825,0.000102583589448,4.2844506398886975e-09,1.9182475041772452e-13,2.236982151456346e-06,2.314211605537822e-05,1.2904157664589404e-05,5.389480604135974e-10,2.412994940691877e-14,2.8139364717679505e-07,2.9110846664431355e-06
717,717,0.02,7670,100000.0,17.15,2.43,0.81,2.510392696439745,,0.767,8418.0,2.422279305692534,7670.0,0.2764782116328206,0.015438371672097,0.0068165877851889,-5.419722331014861e-05,3.964036443129818e-05,568024497184.8992,23723803.51995268,1062.169475546176,12102747609.942911,126472105265.4251,2.774178823966864,6.719835955585386,1575801531584.7727,65814073.34900326,2946.648066524191,33575186131.3192,350856236249.85046,9.825457395963046e-05,4.103647323499449e-09,1.8372976836374402e-13,2.0934842001520105e-06,2.1876631874535e-05,1.2349043200979604e-05,5.157634503641543e-10,2.309192086835632e-14,2.631177947895571e-07,2.7495460132121475e-06
718,718,0.02,7680,100000.0,17.15,2.43,0.81,2.5530592756829544,,0.768,8456.0,2.333800088191304,7680.0,0.2534457486262909,0.0150495960293474,0.0062599255214332,0.0001298016232033,-2.26332024740088e-05,547276120680.8608,22857238.06374564,1023.3713386718867,11387194929.260744,120243316693.35118,3.0302342973305354,7.071961070350318,1658374870997.1494,69262786.723011,3101.0549293486147,34505868625.03426,364365422268.97,9.454659996784008e-05,3.9487820899148216e-09,1.7679609418293338e-13,1.967234679257008e-06,2.077305464756808e-05,1.1872168944037207e-05,4.958465784132215e-10,2.2200196511557846e-14,2.4702466796957626e-07,2.6084620107283964e-06
719,719,0.02,7690,100000.0,17.15,2.43,0.81,2.5516541194597138,,0.769,8317.0,2.591665424898577,7690.0,0.2251644259440581,0.0147131967511044,0.0061321318724626,6.090486821010538e-05,-3.858051189758987e-05,607745542138.7164,25382771.17145667,1136.4452888180265,12341695533.455282,131742292082.33151,3.4152819512930392,8.851268149446318,2075622381045.161,86689320.25567722,3881.28108353221,42150370003.76375,449937072370.7627,0.0001048603523402,4.37954068580228e-09,1.9608215139108642e-13,2.1294348578193405e-06,2.273080131078167e-05,1.3155163715913836e-05,5.494314432139024e-10,2.4599314667071287e-14,2.671463861391997e-07,2.851672781595223e-06
720,720,0.02,7700,100000.0,17.15,2.43,0.81,2.5502518403709007,,0.77,8371.0,2.8277744772157987,7700.0,0.2771171877011511,0.0149718696785977,0.0065461618086417,0.000167063772378,1.2000325040005882e-05,663113114907.1049,27695223.229851533,1239.9791082591278,13134707702.701187,141794743208.20453,2.778607874840242,7.857276430664068,1842531322990.724,76954165.36192387,3445.415714846193,36496202256.4503,393991990089.2671,0.0001142677452051,4.772444761362023e-09,2.1367337429622699e-13,2.263374678280711e-06,2.44340900882602e-05,1.4322375918907816e-05,5.981805959479023e-10,2.6781926824908643e-14,2.836925059601847e-07,3.0625809833928635e-06
721,721,0.02,7710,100000.0,17.15,2.43,0.81,2.548852428955274,,0.7710000000000001,8285.0,2.948561730688106,7710.0,0.2541153601232508,0.0158640803850136,0.0063892201572861,0.0002773908188442,2.223395486761927e-05,691437725846.3608,28878213.590359308,1292.9443189067345,13350241768.574688,145818473155.7488,3.034055082801961,8.946098705949595,2097860146545.1804,87618090.72607034,3922.8642825588977,40505368894.57908,442421279644.621,0.0001189873605034,4.969561657870023e-09,2.2249875300959826e-13,2.297401444476891e-06,2.5093445996461383e-05,1.4901626952636164e-05,6.223732809130853e-10,2.7865089205675724e-14,2.8771979764235e-07,3.142629348304883e-06
722,722,0.02,7720,100000.0,17.15,2.43,0.81,2.547455875794496,,0.772,8208.0,3.01533859919778,7720.0,0.2776008285709395,0.0177087805280733,0.006467199285287,8.870009133412521e-05,6.98625009550318e-06,707096901511.8794,29532226.240543056,1322.2259757482266,13299253714.73727,147041846209.87802,2.780971526541101,8.385570787249355,1966416349609.9736,82128280.29032019,3677.072790208842,36984845904.93031,408919187519.70624,0.0001215250684696,5.0755501944216966e-09,2.2724410457973397e-13,2.285673596961344e-06,2.5271317679873905e-05,1.5205992566038711e-05,6.350852502847896e-10,2.843423343372271e-14,2.859980756354088e-07,3.1621086382690773e-06
723,723,0.02,7730,100000.0,17.15,2.43,0.81,2.5460621715135843,,0.773,8259.0,3.085463875577113,7730.0,0.2547226890765159,0.0172422542583994,0.0066652166439307,0.0001075773893118,4.277661836177221e-06,723541278822.833,30219033.197402246,1352.975909440564,13246991862.52538,148334111754.2371,3.0346727368593345,9.363373103778208,2195710992835.9893,91704876.17840376,4105.839106006743,40200285050.603226,450145484886.8291,0.0001241987217578,5.187216549665893e-09,2.322436652060949e-13,2.27389853850414e-06,2.546213687066974e-05,1.5525570750996345e-05,6.484325796812714e-10,2.90318241974921e-14,2.8425069228133214e-07,3.1829168759706857e-06
724,724,0.02,7740,100000.0,17.15,2.43,0.81,2.5446713067796773,,0.774,8116.0,3.048977431132199,7740.0,0.2783403493376681,0.0161727251704159,0.0059729198503693,0.0001105920690488,3.3166549640239823e-05,714985207600.5006,29861684.96050876,1336.9766035514692,12733066275.120531,144477810440.01935,2.780768227969072,8.47849956828718,1988208148763.3435,83038424.77180463,3717.822060693928,35407706142.479675,401759304918.14417,0.0001225696176564,5.119176270051203e-09,2.2919734474346053e-13,2.1828242715301814e-06,2.4767771133196708e-05,1.5308471168103353e-05,6.393653160784828e-10,2.862586186444912e-14,2.7262630874336334e-07,3.093398817262732e-06
725,725,0.02,7750,100000.0,17.15,2.43,0.81,2.5432832723029457,,0.775,8106.0,3.0356812884718374,7750.0,0.2768144970214052,0.0165097103079229,0.0063276089486067,1.724965951024281e-06,-9.502828355723148e-06,711867262146.6459,29731462.539293177,1331.1462449949008,12321820945.778336,141754721021.52884,2.7997088604072333,8.49902380070705,1993021081265.803,83239439.10412484,3726.8219366100416,34497511278.24705,396871948448.52985,0.0001218745673019,5.090147173368138e-09,2.278976450400172e-13,2.109545804381845e-06,2.426898412971506e-05,1.5208222990418223e-05,6.35178404981476e-10,2.843840418464133e-14,2.632414925590435e-07,3.02842611519875e-06
726,726,0.02,7760,100000.0,17.15,2.43,0.81,2.541898058835,,0.7760000000000001,8072.0,2.9924465436548173,7760.0,0.2578765316775389,0.0169451282427844,0.006225501996878,-5.450776114809431e-05,2.843407967747492e-05,701728714487.0547,29308021.44855528,1312.1878093926373,11795679159.619743,137672590178.3619,3.009192015077772,9.004846244713153,2111636444385.2349,88193464.12072062,3948.625078306718,35495463539.54702,414283259059.8012,0.0001199797414761,5.0110089041253835e-09,2.2435444195006954e-13,2.016794392034078e-06,2.3538899630216545e-05,1.4958756163003794e-05,6.247593085733866e-10,2.7971917174742692e-14,2.514485793199394e-07,2.9347676164465385e-06
727,727,0.02,7770,100000.0,17.15,2.43,0.81,2.540515657169849,,0.777,8037.0,2.932159720399491,7770.0,0.2580932846331052,0.0153767443562814,0.0063654958766255,-3.852797812602993e-06,1.7714982095228556e-05,687591454433.6807,28717572.30159262,1285.752037395177,11214451747.181032,132877325577.09004,3.0105393912303886,8.827382339641751,2070021158645.9907,86455382.63445131,3870.807155932908,33761548735.94096,400032422851.17474,0.0001174144956027,4.903870234257118e-09,2.195575962550282e-13,1.915002268957948e-06,2.269039857763488e-05,1.4625420053913947e-05,6.10837373168585e-10,2.7348599972883876e-14,2.385370941120261e-07,2.826368317515308e-06
728,728,0.02,7780,100000.0,17.15,2.43,0.81,2.5391360581431344,,0.778,8025.0,2.866546474779552,7780.0,0.2823555509867219,0.0151156939023379,0.0064562767465094,0.0001399633232193,-5.95163870091481e-05,672205148335.8047,28074956.173990924,1256.9806291908333,10627605545.733397,127927487961.1251,2.7553911983709725,7.898456926328915,1852188149224.13,77357487.13646539,3463.473362195229,29283210780.47234,352490274357.7927,0.0001146331860342,4.787707565113664e-09,2.1435672527081293e-13,1.8123578592613964e-06,2.181586315225939e-05,1.4267024966801185e-05,5.958688380590653e-10,2.667842408504188e-14,2.2556255933724e-07,2.7151601995314776e-06
729,729,0.02,7790,100000.0,17.15,2.43,0.81,2.5377592526316546,,0.779,8125.0,2.828257818680293,7790.0,0.2557017601666302,0.0159958377349343,0.0062408154027852,0.0001407640471778,-5.9100941650704304e-05,663226458480.5287,27699957.07615479,1240.1910534913084,10154239286.663652,124268723325.41458,3.046517941418776,8.616338187567445,2020531304984.5657,84388416.20903556,3778.264295248324,30935072168.28021,378586895168.0815,0.0001129576781556,4.7177292104763965e-09,2.1122363271328362e-13,1.7294233042006614e-06,2.116487705627525e-05,1.4045055011780238e-05,5.865981611316659e-10,2.626335446765728e-14,2.1503492142142602e-07,2.631621572136641e-06
730,730,0.02,7800,100000.0,17.15,2.43,0.81,2.536385231553545,,0.78,8022.0,2.709009111589036,7800.0,0.2848346484752255,0.0149165630538966,0.0065172170604936,5.808256807287469e-05,-2.4492887166350395e-05,635262636667.6288,26532035.23890301,1187.900495431792,9408663805.108091,117161333968.4327,2.738430890256819,7.418434233162596,1739622827676.629,72656144.87959448,3252.983411241799,25764975599.949265,320838216082.8517,0.0001080560376799,4.513009948987648e-09,2.020578785614748e-13,1.600382065559491e-06,1.992874881535333e-05,1.342292271947186e-05,5.606145207441677e-10,2.51000068762832e-14,1.9880244777489437e-07,2.475586380804761e-06
731,731,0.02,7810,100000.0,17.15,2.43,0.81,2.535013985867806,,0.7810000000000001,8090.0,2.6385522917469424,7810.0,0.2794132989438367,0.015491374855993,0.0063449216971901,-5.081048697215964e-06,-8.159673722108519e-06,618740512414.658,25841981.14536956,1157.0051799310345,8854777020.329037,112294932369.49352,2.795142546729619,7.375129772432822,1729467931635.4966,72232020.99120706,3233.9944052117926,24750363991.325413,313880343248.09644,0.0001051096293542,4.3899518545645045e-09,1.965482834619701e-13,1.5042207709803946e-06,1.9076298517537825e-05,1.3045065725256858e-05,5.448331501627533e-10,2.439343846705813e-14,1.8668754654822882e-07,2.36754300709438e-06
732,732,0.02,7820,100000.0,17.15,2.43,0.81,2.533645506574314,,0.782,7960.0,2.495806963036796,7820.0,0.2808465853431698,0.0150306026416754,0.0062508757108661,0.0001376297503755,-2.7950643709413848e-05,585266732832.1287,24443933.39598238,1094.4113532916351,8083278430.306926,104498981318.52654,2.784438340400204,6.949420598117448,1629639130258.5415,68062625.33796228,3047.320932274501,22507390377.476578,290970970116.0699,9.928653288924336e-05,4.146747561267588e-09,1.85659465551954e-13,1.3712733779348048e-06,1.7727543637014235e-05,1.231225495225924e-05,5.142269722917996e-10,2.302312919644212e-14,1.700479102962835e-07,2.1983448367534555e-06
733,733,0.02,7830,100000.0,17.15,2.43,0.81,2.532279784713044,,0.7829999999999999,7987.0,2.395626340071958,7830.0,0.2840669831739433,0.0153032878459185,0.0064225672589903,0.0001722533799438,-3.324459778987878e-05,561774376746.8741,23462764.37466476,1050.4821501215536,7478101837.926091,98652699411.82349,2.7563921412174253,6.603285617067809,1548470477202.4011,64672579.33356211,2895.540743084234,20612581137.283066,271925525368.6352,9.517642020115057e-05,3.975086820682596e-09,1.7797381773221545e-13,1.2669480707806427e-06,1.6713846629263797e-05,1.1791949638372271e-05,4.924961823378168e-10,2.2050191541263287e-14,1.5696942387099406e-07,2.0707738040495688e-06
734,734,0.02,7840,100000.0,17.15,2.43,0.81,2.530916811364804,,0.784,7954.0,2.269918844373862,7840.0,0.2853553263703361,0.0159131347204711,0.0067474995617714,0.0001584852238844,-1.761560298632458e-05,532295969005.67065,22231585.161797605,995.3594132579384,6819710827.780631,91910957732.32132,2.7474517822124667,6.23649257445263,1462457508709.1416,61080208.274189055,2734.701993897478,18736826667.95955,252520924626.52094,9.006331424741377e-05,3.761535606563627e-09,1.6841263666307436e-13,1.1538801627715391e-06,1.5551133112072536e-05,1.1148563514738933e-05,4.656248659418042e-10,2.084710064483165e-14,1.4283403170925618e-07,1.9250101628486194e-06
735,735,0.02,7850,100000.0,17.15,2.43,0.81,2.575042010828953,,0.785,7940.0,2.4447746000813666,7850.0,0.2519893970893463,0.0160860191438886,0.0064729689980782,0.0001183516062281,1.6771940095152002e-05,573299643719.0804,23944122.433196902,1072.0336621356792,7058568487.266293,97305392708.89156,3.1152104376902314,7.615987351973435,1785949034037.7705,74590980.12522781,3339.6104538403506,21988926226.683304,303126775010.28595,9.687240641313396e-05,4.0459204623037696e-09,1.8114520346336561e-13,1.1927105182860645e-06,1.644202582708081e-05,1.198052027879502e-05,5.003719215800357e-10,2.2402806576765955e-14,1.4750632383507065e-07,2.0334379121927747e-06
736,736,0.02,7860,100000.0,17.15,2.43,0.81,2.5736511322876114,,0.786,8007.0,2.7044920669166936,7860.0,0.2831891779969737,0.0153423268271039,0.0062071062666548,3.3590709055123544e-05,-7.164634919666289e-06,634203389691.9647,26487795.3033821,1185.9197713429703,7491516524.580398,105777810802.09282,2.7755297909314867,7.506398301065154,1760250401599.7788,73517664.96063213,3291.5556550170704,20792927293.22841,293589465100.723,0.000107020504057,4.469760412514357e-09,2.0012149692541817e-13,1.264177845220324e-06,1.784978575341294e-05,1.3223700566559454e-05,5.522939161999286e-10,2.472747419375829e-14,1.562047332459069e-07,2.2055607386653107e-06
737,737,0.02,7870,100000.0,17.15,2.43,0.81,2.572263037828264,,0.787,7872.0,2.8269104252150736,7870.0,0.2576077952599007,0.015739032553559,0.0064582358557691,-0.0001160325143489,2.0116173114842108e-05,662910494712.9348,27686760.70455643,1239.6002214568098,7499363980.853815,108616725343.09074,3.055031774974026,8.636301174037385,2025212625311.767,84583933.69852215,3787.018064815393,22910795253.604107,331827547216.7688,0.0001117228928667,4.666157836830189e-09,2.0891466320706941e-13,1.2638970800489569e-06,1.8305600629079257e-05,1.3791485254598248e-05,5.760077039809604e-10,2.5789195241540856e-14,1.5602010917868868e-07,2.2597107421276656e-06
738,738,0.02,7880,100000.0,17.15,2.43,0.81,2.570877718495419,,0.7879999999999999,7747.0,2.8926966012835424,7880.0,0.2304070606169261,0.0146113998808527,0.0063122479387838,-0.0001199808689547,2.176639253761787e-05,678337353000.9907,28331070.512971018,1268.4474596628334,7334921227.945621,109149931332.00908,3.420034081811952,9.893120964731317,2319936866229.493,96893226.72857852,4338.133543034682,25085680586.98,373296485182.9053,0.0001141683611916,4.768293942476181e-09,2.1348753254807082e-13,1.2345124919914403e-06,1.8370606792066848e-05,1.408107230710929e-05,5.881024399822103e-10,2.6330704506044444e-14,1.5225986851634029e-07,2.265757692101896e-06
739,739,0.02,7890,100000.0,17.15,2.43,0.81,2.5694951653741853,,0.789,7966.0,3.0431996077771046,7890.0,0.2575404909894132,0.0161264744696391,0.0061362027524229,6.003504074932082e-05,4.4902413819352826e-05,713630308023.7311,29805096.958568964,1334.4430280102604,7359947755.134987,112730624769.14632,3.0635959299791566,9.323133932500104,2186274907171.2744,91310773.73490602,4088.194229401295,22547905987.490776,345361083226.7642,0.0001199540863226,5.009937404877735e-09,2.2430646845404197e-13,1.2371332865533836e-06,1.894888563829383e-05,1.4780325108268764e-05,6.173070537756259e-10,2.7638262515888492e-14,1.524352586733894e-07,2.334815751254262e-06
740,740,0.02,7900,100000.0,17.15,2.43,0.81,2.568115369589147,,0.79,7650.0,2.9542479015128444,7900.0,0.3092044177037678,0.016456669392846,0.0062571563859399,3.697041040288763e-05,2.0606428370637995e-05,692771132904.762,28933903.9474168,1295.4377048133822,6798642935.255713,107398650144.0111,2.554944091247936,7.547938220051853,1769991512602.1594,73924506.92718786,3309.7709094927377,17370152595.936104,274397546593.4453,0.0001162885583263,4.8568449477557815e-09,2.174521655698295e-13,1.141220163435299e-06,1.8027936786397632e-05,1.4316056078476293e-05,5.979166449151247e-10,2.6770109127555882e-14,1.404933734905461e-07,2.219383899221575e-06
741,741,0.02,7910,100000.0,17.15,2.43,0.81,2.566738322304418,,0.791,7767.0,3.003530769887177,7910.0,0.2858084379704451,0.0152508753539527,0.0064971605922521,0.0001488273500082,5.46603162566437e-06,704327965538.543,29416580.36027501,1317.0482425955272,6560107207.907783,107119402480.7096,2.767587988713601,8.312535682471466,1949289617539.5583,81412974.47412552,3645.046896763738,18155673913.27909,296462371663.7898,0.0001180746565701,4.93144215969208e-09,2.207920550362444e-13,1.099746770731508e-06,1.7957666426372384e-05,1.4522330893904244e-05,6.06531807142423e-10,2.7155829837855063e-14,1.3526091854080973e-07,2.2086634126371966e-06
742,742,0.02,7920,100000.0,17.15,2.43,0.81,2.565364014723224,,0.792,7907.0,3.039291994426004,7920.0,0.2857553890798954,0.0143330905198553,0.0064211913869943,0.0001739725585723,2.619676196210273e-06,712713972692.8977,29766825.793408275,1332.7295395558024,6282073040.263275,106299276004.09064,2.771601272508501,8.423705559276012,1975358953650.2249,82501772.24754927,3693.794887742531,17411401632.385044,294619208639.67004,0.0001193240604184,4.983624084170578e-09,2.2312836031333454e-13,1.051757776232481e-06,1.7796846586887128e-05,1.4662452815331144e-05,6.123840634258133e-10,2.7417848867900667e-14,1.2923922227495573e-07,2.18686342408139e-06
743,743,0.02,7930,100000.0,17.15,2.43,0.81,2.563992438088217,,0.7929999999999999,7778.0,2.953924585029512,7930.0,0.25927311111991,0.0179076375328218,0.0062082345818427,-1.8735530744232664e-05,-5.193341662528119e-06,692695315189.4205,28930737.38577904,1295.295930535441,5759484512.249725,101276876516.07529,3.05855087160677,9.03472861420268,2118643860030.5288,88486132.04750107,3961.728497327876,17615676374.947094,309760478941.85333,0.0001158108938243,4.8368950708548604e-09,2.1655896350519259e-13,9.629212652443234e-07,1.6932358767079863e-05,1.4218438633473403e-05,5.938396075745776e-10,2.6587570749586732e-14,1.1822063077685145e-07,2.078834694211706e-06
744,744,0.02,7940,100000.0,17.15,2.43,0.81,2.5626235836804505,,0.794,7627.0,2.847220513743923,7940.0,0.2898569392364152,0.0160528654027219,0.0061941883611233,4.1148108235703033e-05,-4.109590261392968e-05,667673210472.95,27885677.71160798,1248.5061952767103,5217801078.418417,95655367751.17336,2.739282358020044,7.799340922691495,1828945446371.1555,76386744.99684049,3420.010994600221,14293030441.769527,262027061330.70865,0.0001114794594979,4.655990730588057e-09,2.0845945837889155e-13,8.712011128585779e-07,1.5971299323848256e-05,1.3673954351550644e-05,5.710989719364051e-10,2.5569419970810053e-14,1.0686062079864705e-07,1.959022934563773e-06
745,745,0.02,7950,100000.0,17.15,2.43,0.81,2.561257442819848,,0.795,7510.0,2.7431301209124355,7950.0,0.2888441289105685,0.0152334077769632,0.0062941909399001,7.376794938682153e-05,-9.777546811101112e-06,643264013353.9661,26866216.4042164,1202.862558020103,4705608156.148707,90267006925.65086,2.752349521517007,7.550052875752232,1770487399363.898,73945217.86511736,3310.6981860173537,12951478357.02242,248446353320.58752,0.0001072606183511,4.4797888960799795e-09,2.00570495296209e-13,7.846334165576825e-07,1.5051510388505702e-05,1.314413304972933e-05,5.489707423840043e-10,2.4578688026892588e-14,9.615202840559893e-08,1.8444705819081995e-06
746,746,0.02,7960,100000.0,17.15,2.43,0.81,2.5598940068645804,,0.796,7604.0,2.705979583812904,7960.0,0.2641213992128541,0.0171704769850808,0.0063192753105067,0.0001123228429646,-9.230803352175298e-06,634552212404.126,26502364.04386358,1186.5720475019584,4382914515.445659,87178790096.4371,3.0137656485702147,8.155188315427656,1912391659967.785,79871914.36129847,3576.050076315028,13209077207.269894,262736442876.5554,0.0001056659162649,4.413185432403058e-09,1.97588504401546e-13,7.298448719147878e-07,1.4517050849929858e-05,1.2936738791205089e-05,5.403088261026122e-10,2.4190874029609512e-14,8.935532667308847e-08,1.7773308698081382e-06
747,747,0.02,7970,100000.0,17.15,2.43,0.81,2.55853326721118,,0.797,7633.0,2.6353658422739503,7970.0,0.2603464362164231,0.0162546712278292,0.0059148354939854,3.920772413420625e-05,-1.6569375851615015e-05,617993290013.2413,25810773.05923107,1155.6079218371272,4182575132.283744,83086787533.31195,3.061305587979943,8.067660179324713,1891866312051.6453,79014663.79630624,3537.6689886338863,12804140624.606174,254354046963.0301,0.0001027694921583,4.2922149518068465e-09,1.9217237659457853e-13,6.955433484555464e-07,1.3816957397195623e-05,1.257062489729284e-05,5.250179114886397e-10,2.3506264466792792e-14,8.507791903623645e-08,1.69007148925509e-06
748,748,0.02,7980,100000.0,17.15,2.43,0.81,2.557175215294021,,0.7979999999999999,7661.0,2.5554173849218027,7980.0,0.2627147645671357,0.0161270865755921,0.006285440154431,-1.495267002731135e-05,-4.68614557572244e-06,599245376764.1627,25027757.86792414,1120.5505232882106,3972331989.8465934,78804293380.04375,3.037514854998088,7.762118267420342,1820216733710.07,76022186.31111483,3403.68886026382,12066017428.14314,239369211779.51035,9.95163385901952e-05,4.1563455017158714e-09,1.8608918751300894e-13,6.596829122468394e-07,1.3086984141149092e-05,1.2161739223594315e-05,5.079406138843614e-10,2.2741674411710483e-14,8.061883769704692e-08,1.5993402752023167e-06
749,749,0.02,7990,100000.0,17.15,2.43,0.81,2.5558198425848664,,0.799,7624.0,2.4460979933480007,7990.0,0.2603336395104634,0.0159947432434859,0.0065478702013206,9.201468271655314e-05,1.6966797724908933e-05,573609979440.1061,23957083.74685032,1072.6139700830984,3722606361.3019705,73746551022.9848,3.069138515876994,7.507413564993777,1760488480991.04,73527608.45554905,3292.000848249771,11425194562.920588,226338380157.73065,9.513613545470872e-05,3.973404309780032e-09,1.778984878332187e-13,6.174132175647825e-07,1.2231240945787707e-05,1.161461803514912e-05,4.850898466364628e-10,2.171859278640892e-14,7.5376392551506e-08,1.4932411433595712e-06
750,750,0.02,8000,100000.0,17.15,2.43,0.81,2.5544671405937187,,0.8,7557.0,2.321094473620635,8000.0,0.291345717772856,0.0179156220138799,0.006756129879077,5.765824403318673e-05,-5.112939093478206e-05,544296654064.0389,22732799.2746405,1017.7999266826484,3456655346.3058653,68377514450.837326,2.745878697361565,6.373443869678557,1494572587439.6216,62421509.25963179,2794.755136854047,9491556279.54224,187756360309.0868,9.015015486396271e-05,3.765162544723458e-09,1.6857502306118405e-13,5.725150291740637e-07,1.1325154161668947e-05,1.0995714292779891e-05,4.5924104811721216e-10,2.0561282376903985e-14,6.983029256710731e-08,1.3813416035869587e-06
