,Simulation Number,ExitSlit.openingHeight,SU.photonEnergy,SU.numberRays,SU.electronSigmaX,SU.electronSigmaY,SU.electronSigmaYs,SourcePhotonFlux,SourceBandwidth,NumberRaysSurvived,PercentageRaysSurvived,PhotonEnergy,Bandwidth,HorizontalFocusFWHM,VerticalFocusFWHM,HorizontalCenter,VerticalCenter,PhotonFlux1,PhotonFlux3,PhotonFlux5,PhotonFlux7,PhotonFlux9,EnergyPerMilPerBw,FluxPerMilPerBwPerc,FluxPerMilPerBwAbs1,FluxPerMilPerBwAbs3,FluxPerMilPerBwAbs5,FluxPerMilPerBwAbs7,FluxPerMilPerBwAbs9,AXUVCurrentAmp1,AXUVCurrentAmp3,AXUVCurrentAmp5,AXUVCurrentAmp7,AXUVCurrentAmp9,GaAsPCurrentAmp1,GaAsPCurrentAmp3,GaAsPCurrentAmp5,GaAsPCurrentAmp7,GaAsPCurrentAmp9
0,0,0.03,300,500000.0,17.15,2.43,0.81,,0.2999999999999999,3454.05,0.6908100000000001,300.0,0.0289603666606069,0.0030612163542385,0.0019490784910128,4.6927367083487366e-05,-0.0039689190985526,21397210408789.297,13643497500000.0,10742095500000.0,9001254300000.0,7764704400000.0,10.386332071081029,7.177144490388078,222305512072952.84,141748603685164.56,111604596825534.64,93518192709756.66,80671104071962.0,0.0002734894028336,0.0001743849741414,0.0001373005745772,0.0001150499348386,9.92449169291442e-05,0.0001490689666834,9.505080500769826e-05,7.48374692592257e-05,6.270946781014219e-05,5.409473662210271e-05
1,1,0.03,310,500000.0,17.15,2.43,0.81,,0.3099999999999999,3648.75,0.7297499999999999,310.0,0.0296066947981415,0.0034479876711057,0.0020183415842797,-5.951371278117306e-06,-0.003817831419253,22567367146204.305,14412562500000.0,11347612500000.0,9508642500000.0,8202390000000.0,10.503113205065883,7.663421885123364,236989729740097.44,151352582231186.4,119166210313668.3,99854387163157.4,86136861988786.6,0.0002986659416293,0.0001907418584749,0.0001501790328752,0.0001258413375153,0.0001085538475573,0.0001623738498402,0.0001036994366257,8.164689820410981e-05,6.841537515109652e-05,5.90167932999482e-05
2,2,0.03,320,500000.0,17.15,2.43,0.81,,0.32,3853.55,0.77071,320.0,0.0315715084776087,0.003096016171282,0.0018790875766786,-1.2812537635568213e-06,-0.0037081102155665,23795152015437.52,15221522500000.0,11984540500000.0,10042351300000.0,8662780400000.0,10.171249549472098,7.84001873846687,242055296655937.8,154840370084720.7,121912291383159.84,102155444162223.31,88121810620367.62,0.0003255980928841,0.0002082818673979,0.0001639890145841,0.0001374133028959,0.0001185361108634,0.0001766686862632,0.0001130132045913,8.898001677952008e-05,7.456010409242101e-05,6.431738833452128e-05
3,3,0.03,330,500000.0,17.15,2.43,0.81,,0.33,4011.75,0.80235,330.0,0.0331802018898513,0.002917831294204,0.0018899660673345,-5.479224121954311e-05,-0.0036367408533203,24733272459723.543,15846412500000.0,12476542500000.0,10454620500000.0,9018414000000.0,9.960914969426636,7.992786418088895,246385946520808.16,157857531757255.7,124287828801282.3,104146007027698.31,89838919339319.19,0.0003494816071687,0.0002239101080286,0.0001762937812579,0.0001477239851955,0.0001274303602147,0.000189310844015,0.0001212899639491,9.549665516000888e-05,8.002066988648975e-05,6.902780733109321e-05
4,4,0.03,340,500000.0,17.15,2.43,0.81,,0.3399999999999999,4178.3,0.8356600000000001,340.0,0.0345010422206115,0.0030069341018246,0.0018683597590882,-1.2979813433852488e-05,-0.003507401952191,25716364125519.504,16504285000000.0,12994513000000.0,10888649800000.0,9392818400000.0,9.877154545548596,8.254928968454895,254034845730422.84,163034847126984.16,128364145459473.6,107561724458967.28,92785401605433.0,0.0003747062066422,0.000240479485961,0.0001893395446427,0.0001586555798517,0.0001368602239089,0.0002027368945454,0.0001301127745454,0.0001024432224902,8.584149125711495e-05,7.404899169071157e-05
5,5,0.03,350,500000.0,17.15,2.43,0.81,,0.3499999999999998,4429.25,0.8858499999999999,350.0,0.0361556427776491,0.0027720804805038,0.0018884940226557,1.917342051781053e-05,-0.0034155477634654,27213670784295.8,17495537500000.0,13774967500000.0,11542625500000.0,9956954000000.0,9.69709075721833,8.592126343881942,263953601241156.25,169694495291668.4,133607564647364.2,111955406260781.7,96575500105233.02,0.0004087959175518,0.0002628129208318,0.0002069235908321,0.0001733899928322,0.0001495704926657,0.0002207880346291,0.0001419435610147,0.0001117580948748,9.364681519102366e-05,8.078205700284769e-05
6,6,0.03,360,500000.0,17.15,2.43,0.81,,0.3600000000000001,4598.65,0.9197299999999998,360.0,0.0367822634135876,0.0027851127922098,0.0018085890837072,5.484632568565349e-07,-0.0033276319262578,28204110491462.8,18164667500000.0,14301801500000.0,11984081900000.0,10337765200000.0,9.818689357284894,9.032331816489968,276982249733984.9,178388553375676.84,140452759746418.95,117691283568864.28,101523409617347.23,0.000436136878509,0.0002808910206546,0.0002211572339838,0.0001853169619812,0.0001598589909953,0.0002352793367379,0.0001515300729926,0.0001193059562043,9.997148613136388e-05,8.623787445255474e-05
7,7,0.03,370,500000.0,17.15,2.43,0.81,,0.37,4806.2,0.96124,370.0,0.0381279883386695,0.002910519875621,0.0017777065360476,2.9026295077241568e-05,-0.0032740869079181,29419945926038.938,18984490000000.0,14947282000000.0,12524957200000.0,10804337600000.0,9.73329679736064,9.35860729140378,286431817710595.6,184832494005224.7,145526343381328.8,121942653006991.23,105190745955378.48,0.0004682030827814,0.0003021282488206,0.0002378781908436,0.0001993281560573,0.0001719453932528,0.0002521399878817,0.0001627042106255,0.0001281038215304,0.0001073435880734,9.259723176866842e-05
8,8,0.03,380,500000.0,17.15,2.43,0.81,,0.3799999999999999,5068.1,1.0136200000000002,380.0,0.0400882487491002,0.0029078463306892,0.0017597103234055,3.015729541601913e-05,-0.0031595519577232,30958667451696.46,20018995000000.0,15761791000000.0,13207468600000.0,11393088800000.0,9.4962729774676,9.625335571937502,293983507707619.9,190100377545765.6,149673968143628.2,125418122502345.66,108188771828577.5,0.0005063839766669,0.0003274462091365,0.0002578120785859,0.0002160316002556,0.0001863541969971,0.0002723963947426,0.0001761413689035,0.0001386834575417,0.0001162087107247,0.0001002445056443
9,9,0.03,390,500000.0,17.15,2.43,0.81,,0.3899999999999999,5387.9,1.07758,390.0,0.0428855924036099,0.0027637197775074,0.001838211789498,-2.285553957955677e-06,-0.0031092439240251,32846668362627.023,21282205000000.0,16756369000000.0,14040867400000.0,12111999200000.0,9.108369442523829,9.816812156781676,299234927608171.3,193882040096438.2,152651429037955.1,127913062402865.28,110340968642226.06,0.0005519788305515,0.0003576413442534,0.0002815859697792,0.0002359527450948,0.0002035386688308,0.0002964688054536,0.0001920897980918,0.0001512403220419,0.0001267306364119,0.0001093209787621
10,10,0.03,400,500000.0,17.15,2.43,0.81,,0.4000000000000001,5707.35,1.1414700000000002,400.0,0.0434588958502871,0.0027425651301984,0.0018258768931417,5.238607995423874e-06,-0.0030558773631297,34726936606859.133,22544032500000.0,17749858500000.0,14873354100000.0,12830122800000.0,9.223077053865026,10.526088606385304,320235145691191.6,207890249976109.7,163680677829291.44,137154934541200.48,118313235935770.78,0.0005990738230272,0.0003889067408715,0.0003062025225595,0.0002565799915724,0.0002213322413871,0.0003222857729494,0.0002092214761674,0.0001647288078178,0.0001380332068081,0.0001190708552972
11,11,0.03,410,500000.0,17.15,2.43,0.81,,0.41,6057.6,1.2115200000000002,410.0,0.0456295482530634,0.0027335352484078,0.0017412017684705,-1.8049109037238768e-06,-0.0029739143387027,36784474394976.2,23927520000000.0,18839136000000.0,15786105600000.0,13617484800000.0,9.01434938206222,10.920677208178123,331576343056679.5,215683374861517.97,169816530587169.8,142296424022560.97,122748411819922.1,0.0006511333245146,0.0004235484100628,0.0003334773557709,0.0002794347231958,0.0002410472976762,0.0003518328317756,0.0002288597909153,0.0001801908733536,0.0001509895228165,0.0001302472936652
12,12,0.03,420,500000.0,17.15,2.43,0.81,,0.42,6314.4,1.26288,420.0,0.0477360848928128,0.0027378992817118,0.0016619070216557,1.4313645248127788e-05,-0.0028845824234516,38256730343965.22,24941880000000.0,19637784000000.0,16455326400000.0,14194771200000.0,8.81904490493234,11.13648251132584,337360167566259.1,219945529598685.4,173172303051116.84,145108367122575.72,125174063427302.48,0.0006940715218424,0.0004525072700558,0.0003562778759173,0.0002985402394342,0.0002575281881228,0.0003767799632047,0.0002456456823195,0.0001934071068388,0.0001620639615505,0.0001398003781909
13,13,0.03,430,500000.0,17.15,2.43,0.81,,0.4299999999999999,6601.65,1.3203299999999998,430.0,0.049354580955375,0.0026954693838035,0.0015928861919616,-3.1780729732817166e-05,-0.0028297020901704,39909402368225.78,26076517500000.0,20531131500000.0,17203899900000.0,14840509200000.0,8.731166530504565,11.526873344119288,348420945019830.56,227655748546355.9,179242880501054.94,150195159673874.3,129562056387900.78,0.0007418443796345,0.0004847158012874,0.0003816369979756,0.0003197897159885,0.00027585851172,0.0004043739341402,0.0002642150306552,0.0002080275304652,0.0001743150303512,0.0001503684528893
14,14,0.03,440,500000.0,17.15,2.43,0.81,,0.4400000000000001,6842.7,1.36854,440.0,0.050710685722376,0.0026159233191449,0.0017021072585593,-8.686470618252191e-06,-0.0027802187251899,41275355164137.92,27028665000000.0,21280797000000.0,17832076200000.0,15382389600000.0,8.690086539133523,11.89184774051907,358659768108915.9,234863992875251.6,184918232365071.56,154950776058963.47,133664368603434.3,0.0007856014260484,0.0005144415519562,0.0004050413231858,0.0003394011859235,0.0002927758503285,0.0004298911628482,0.0002815090065459,0.0002216438000905,0.0001857246762173,0.0001602106953709
15,15,0.03,450,500000.0,17.15,2.43,0.81,,0.45,7096.7,1.41934,450.0,0.0520450221084785,0.0026836025200926,0.0015749278657659,-1.2047448961983006e-05,-0.0027182896363988,42709604653793.11,28031965000000.0,22070737000000.0,18494000200000.0,15953381600000.0,8.666700395208297,12.301479057450612,370165927262411.4,242954211384649.6,191287999343357.0,160288272118581.44,138268624605744.88,0.0008316826829013,0.0005458655037239,0.0004297827130586,0.0003601330386594,0.0003106596588282,0.0004569118278652,0.0002998889001812,0.0002361150581174,0.000197850752879,0.0001706709487613
16,16,0.03,460,500000.0,17.15,2.43,0.81,,0.4600000000000001,7381.3,1.47626,460.0,0.0534662152699695,0.0026604321860396,0.0015363392159706,-5.586670987607831e-06,-0.0026689707693049,44317818932441.47,29156135000000.0,22955843000000.0,19235667800000.0,16593162400000.0,8.62298587118827,12.73039877716159,382170828948844.8,251425375848941.3,197957700984862.72,165877096066415.53,143089682255296.25,0.0008828957206037,0.0005808459766507,0.0004573243006034,0.0003832112949751,0.0003305675330407,0.0004868624055222,0.0003203006457395,0.0002521860780379,0.000211317337417,0.0001822875573727
17,17,0.03,470,500000.0,17.15,2.43,0.81,,0.4699999999999999,7634.45,1.52689,470.0,0.0552936906032413,0.0025796185512029,0.001710345023573,-4.98562101536959e-06,-0.0026324630012859,45728093955400.71,30156077500000.0,23743139500000.0,19895376700000.0,17162243600000.0,8.519166818891984,13.008726374952662,389592087127386.2,256922345905315.1,202285695130513.9,169503704665633.16,146218084454467.9,0.0009313117662274,0.0006141675143163,0.0004835597391199,0.0004051950740021,0.0003495312840969,0.0005155615656158,0.0003399948080909,0.0002676921147247,0.000224310498705,0.0001934957793894
18,18,0.03,480,500000.0,17.15,2.43,0.81,,0.4800000000000002,7840.3,1.5680599999999998,480.0,0.0573739287225492,0.0025520925367332,0.0015381396264276,1.463328306823388e-05,-0.002582404292156,46836207631795.68,30969185000000.0,24383333000000.0,20431821800000.0,17624994400000.0,8.37908322923854,13.138412811393133,392429773341997.9,259483653025014.38,204302319217163.2,171193518932452.5,147675760000058.75,0.0009747155399247,0.0006445044849833,0.0005074453033666,0.0004252097943965,0.000366796476517,0.0005415247819884,0.0003580687251053,0.0002819224645765,0.0002362347082593,0.0002037818972244
19,19,0.03,490,500000.0,17.15,2.43,0.81,,0.4900000000000001,8086.55,1.6173099999999998,490.0,0.0584569685188256,0.002421778165867,0.0015364649830254,-2.4945566697450985e-05,-0.0025188739948501,48177789846818.66,31941872500000.0,25149170500000.0,21073549300000.0,18178564400000.0,8.398641312490689,13.582629812310032,404610794878289.6,268256938793123.2,211209893581421.0,176981666454399.72,152668759090364.72,0.0010238262347476,0.0006787967475561,0.0005344450341517,0.0004478340061091,0.0003863126806344,0.0005708390682125,0.0003784662765319,0.0002979823088643,0.0002496919282638,0.0002153904277578
20,20,0.03,500,500000.0,17.15,2.43,0.81,,0.5,8278.5,1.6557000000000002,500.0,0.0611826036850913,0.0023909182466754,0.0015752908339458,9.05979570886546e-06,-0.0024704275238879,49186897599176.91,32700075000000.0,25746135000000.0,21573771000000.0,18610068000000.0,8.190897932505823,13.56019323605306,402840995425978.9,267813816412048.0,210861004820625.03,176689317865771.4,152416571973236.4,0.0010673120969039,0.0007095626542981,0.0005586683176879,0.0004681317157217,0.0004038219865473,0.00059682406957,0.0003967762308528,0.0003123985007473,0.0002617718626841,0.0002258108777106
21,21,0.03,510,500000.0,17.15,2.43,0.81,,0.5099999999999999,8434.85,1.68697,510.0,0.0635512015277356,0.0024547500286722,0.001494772382057,-1.978823537239608e-05,-0.0024331372773346,49977960533611.67,33317657500000.0,26232383500000.0,21981219100000.0,18961542800000.0,8.036123984540234,13.55749166869251,401652538902697.3,267760460456677.0,210818995448168.5,176654116443063.4,152386206356103.78,0.0011066162240797,0.0007377223869116,0.000580839651467,0.0004867100102004,0.0004198480824752,0.0006205959918344,0.0004137184567166,0.0003257378228832,0.0002729494425831,0.0002354529343541
22,22,0.03,520,500000.0,17.15,2.43,0.81,,0.5199999999999998,8584.0,1.7168000000000003,520.0,0.0641732481071698,0.0024053230540474,0.0014894882431046,2.258651666350779e-05,-0.0023807725775814,50720115898355.766,33906800000000.0,26696240000000.0,22369904000000.0,19296832000000.0,8.113228121392853,13.930383451391847,411550945458487.6,275125073164989.03,216617462669143.2,181512896371635.8,156577509993644.38,0.0011455344839969,0.0007657988936741,0.0006029454580573,0.0005052333966873,0.0004358268134125,0.0006439782822674,0.0004305045923976,0.0003389542486979,0.000284024042478,0.0002450061579012
23,23,0.03,530,500000.0,17.15,2.43,0.81,,0.53,8635.05,1.72701,530.0,0.066475341686339,0.0023433740654481,0.0014662046752698,-9.477624106861104e-06,-0.0023491697970083,50874572117730.14,34108447500000.0,26855005500000.0,22502940300000.0,19411592400000.0,7.985090716680918,13.789247023288826,406206126273445.44,272337628709954.2,214422791212141.2,179673888713453.34,154991136541766.34,0.0011713787380348,0.000785341449092,0.0006183321282724,0.0005181265357807,0.0004469487538123,0.0006606066350489,0.0004428984027143,0.0003487124132763,0.0002922008196135,0.0002520596479244
24,24,0.03,540,500000.0,17.15,2.43,0.81,,0.5399999999999998,8733.3,1.74666,540.0,0.0694205673343333,0.002407357688053,0.0014219163454132,4.677149299039116e-06,-0.0022921871872195,51299225156427.484,34496535000000.0,27160563000000.0,22758979800000.0,19632458400000.0,7.787679962068831,13.601972898611674,399488549744944.5,268638964747580.5,211510678573411.5,177233706868910.1,152886175380395.2,0.0012041080165829,0.0008097111449767,0.0006375194078171,0.0005342043655213,0.0004608178870652,0.0006812944678375,0.0004581413926506,0.0003607138559856,0.0003022573339867,0.0002607346457414
25,25,0.03,550,500000.0,17.15,2.43,0.81,,0.55,8888.45,1.7776900000000002,550.0,0.0695697225962078,0.0024469709849739,0.0015347907729838,5.737131214053421e-06,-0.0022742693727979,52053344587373.44,35109377500000.0,27643079500000.0,23163300700000.0,19981235600000.0,7.919656422727629,14.079768111355804,412276055561270.8,278075420199277.1,218940394131582.75,183459378490966.1,158256593571639.25,0.0012390682718871,0.0008357371855892,0.000658010796755,0.0005513749634545,0.0004756296691656,0.0007065879436743,0.0004765853769448,0.0003752355752653,0.0003144256942577,0.0002712313740181
26,26,0.03,560,500000.0,17.15,2.43,0.81,,0.5600000000000003,9235.8,1.8471600000000008,560.0,0.0736849276898396,0.0023100004161241,0.0013415047358679,8.205524229657027e-07,-0.0022226929597313,53923764104708.14,36481410000000.0,28723338000000.0,24068494800000.0,20762078400000.0,7.611216448621914,14.060387636307004,410462020680923.0,277692655817063.3,218639027744573.97,183206850901080.3,158038757032090.75,0.001307848669023,0.0008848077337467,0.0006966460891018,0.0005837491023149,0.0005035564013829,0.0007475778767983,0.0005057639332716,0.0003982090715125,0.0003336761544571,0.0002878372967074
27,27,0.03,570,500000.0,17.15,2.43,0.81,,0.5700000000000001,9562.3,1.91246,570.0,0.0745565178406763,0.0022966636758293,0.0014023533625362,1.36737365969837e-06,-0.0022004555123438,55657957153417.98,37771085000000.0,29738753000000.0,24919353800000.0,21496050400000.0,7.657207968195664,14.6461168234138,426243133253254.6,289260807262422.5,227747116604084.6,190838902209081.8,164622353095171.06,0.0013744721826482,0.0009327562184476,0.0007343979340182,0.0006153829633606,0.0005308445516633,0.0007874038649199,0.0005343548314078,0.0004207198799185,0.000352538909025,0.0003041087749379
28,28,0.03,580,500000.0,17.15,2.43,0.81,,0.58,9920.65,1.98413,580.0,0.0761714876148687,0.0023061159680897,0.0015081999928895,3.7773085181810368e-06,-0.0021603557198655,57558800138898.266,39186567500000.0,30853221500000.0,25853213900000.0,22301621200000.0,7.6210893329120655,15.121303059042564,438662819782545.4,298645735416090.6,235136262568111.84,197030578859324.62,169963446383638.4,0.0014469389024552,0.0009850894881861,0.0007756021033566,0.000649909672459,0.0005606281441626,0.0008285537453957,0.0005640871107975,0.0004441293454633,0.0003721546862628,0.0003210298291323
29,29,0.03,590,500000.0,17.15,2.43,0.81,,0.59,10197.25,2.0394499999999995,590.0,0.0789884367230399,0.0022236781894644,0.0014081352459625,-2.559745074994431e-06,-0.0021220284242655,58973189659875.88,40279137500000.0,31713447500000.0,26574033500000.0,22923418000000.0,7.482054842339497,15.259821095214855,441256379721925.4,301381466630493.5,237290218030591.03,198835468870649.6,171520389110215.06,0.0015087236673173,0.001030469750676,0.0008113318796461,0.0006798491570282,0.0005864546834226,0.000862618750446,0.0005891751736626,0.0004638822253393,0.0003887064563455,0.0003353077950363
30,30,0.03,600,500000.0,17.15,2.43,0.81,,0.5999999999999999,10519.55,2.10391,600.0,0.0806291298754785,0.0022808786036632,0.0013429166321598,-5.031975054414831e-06,-0.0021004173536439,60632814498273.1,41552222500000.0,32715800500000.0,27413947300000.0,23647948400000.0,7.45408983202758,15.680381951160095,451894658092199.6,309687543535411.9,243829939340539.5,204315376823616.03,176247493131039.47,0.0015784060151821,0.0010816960829033,0.0008516645108428,0.0007136455676065,0.0006156083023712,0.0009008463446809,0.0006173582417745,0.0004860719321313,0.0004073001463454,0.0003513471715212
31,31,0.03,610,500000.0,17.15,2.43,0.81,,0.6099999999999999,10817.3,2.16346,610.0,0.0815606812037912,0.002281090415923,0.0014450132058571,4.328925380831319e-06,-0.0020720644199521,62138894648817.766,42728335000000.0,33641803000000.0,28189883800000.0,24317290400000.0,7.486355558191319,16.19699552764454,465210079557595.7,319890661670979.6,251863280454872.5,211046851725208.25,182054229730724.56,0.0016449979275903,0.001131143753387,0.0008905967273502,0.0007462685117282,0.0006437496601554,0.0009373711302781,0.0006445609935646,0.0005074897949331,0.0004252470757542,0.0003668286363375
32,32,0.03,620,500000.0,17.15,2.43,0.81,,0.6199999999999998,11051.85,2.21037,620.0,0.0854249633403298,0.0023041257415473,0.0015832645886871,4.089075606512256e-06,-0.0020462660669481,63266714789457.83,43654807500000.0,34371253500000.0,28801121100000.0,24844558800000.0,7.268927524037276,16.0676860712656,459900248373487.3,317336799907495.6,249852518408180.16,209361949508590.8,180600791441025.38,0.0017028768665154,0.0011750058787044,0.000925131210828,0.0007752064101022,0.000668712206412,0.0009686443448328,0.0006683764527739,0.0005262407007916,0.0004409592496022,0.0003803823457812
33,33,0.03,630,500000.0,17.15,2.43,0.81,,0.6300000000000002,11391.9,2.2783799999999994,630.0,0.0864749138541753,0.0022595931387733,0.0012521175175799,-1.0802954391590391e-05,-0.0020159790347397,64984590293373.484,44998005000000.0,35428809000000.0,29687291400000.0,25608991200000.0,7.2942745651354,16.62006296990119,474042074960760.4,328246243655548.5,258441979181963.5,216559420497812.5,186809507781689.38,0.0017779823992586,0.0012311481926802,0.0009693343998064,0.0008122461240821,0.000700663579024,0.00100944427468,0.0006989807631965,0.0005503367527952,0.0004611503465544,0.0003977996849786
34,34,0.03,640,500000.0,17.15,2.43,0.81,,0.6400000000000001,11681.4,2.33628,640.0,0.0894503861816872,0.0022393427728344,0.0013985414057126,-6.516720004937788e-06,-0.0019677474436686,66398694859841.086,46141530000000.0,36329154000000.0,30441728400000.0,26259787200000.0,7.168314812884505,16.748386127851496,476000727608851.0,330780626025066.9,260437404288090.7,218231471245904.9,188251860077050.72,0.0018464616452385,0.0012831361456345,0.001010266686816,0.0008465450115249,0.0007302506469332,0.0010469611490914,0.0007275502835049,0.0005728307295443,0.000479998997168,0.0004140589967896
35,35,0.03,650,500000.0,17.15,2.43,0.81,,0.6500000000000001,11993.95,2.39879,650.0,0.092149791584768,0.0021754769395143,0.0012586530038545,-1.2636442236171053e-05,-0.0019499529103076,67918678046745.125,47376102500000.0,37301184500000.0,31256233700000.0,26962399600000.0,7.064937687927061,16.946347590714268,479814208864451.2,334690364916606.8,263515705035606.9,220810909107006.9,190476946919628.3,0.0019185954784002,0.0013383001356146,0.0010536996004459,0.0008829392793447,0.0007616452417371,0.0010893813413628,0.0007598887901568,0.0005982921866804,0.0005013342245945,0.0004324632912082
36,36,0.03,660,500000.0,17.15,2.43,0.81,,0.66,12261.2,2.4522400000000006,660.0,0.0941765064940966,0.0020853781282217,0.0012547337652956,-4.356020206797005e-06,-0.0019236542071197,69169734859779.95,48431740000000.0,38132332000000.0,31952687200000.0,27563177600000.0,7.016771172237975,17.208337635517466,485391377526798.2,339864668301470.0,267589650232296.6,224224639390792.56,193421715023216.3,0.0019845084099406,0.0013895267277357,0.0010940324362678,0.0009167358613871,0.0007907990085949,0.0011279225055365,0.0007897565263049,0.0006218083029894,0.0005210393690001,0.0004494614357299
37,37,0.03,670,500000.0,17.15,2.43,0.81,,0.67,12485.7,2.4971400000000004,670.0,0.096226746977436,0.0021745705249657,0.0012836433758127,5.188779181087337e-06,-0.0019158736888353,70161089050846.84,49318515000000.0,38830527000000.0,32537734200000.0,28067853600000.0,6.979164837529344,17.42677108471743,489632634911771.9,344178728923169.2,270986290367356.0,227070827233868.1,195876906992223.9,0.0020440525484141,0.001436831121545,0.0011312771615202,0.0009479447855054,0.0008177205977805,0.0011625833116679,0.0008172176810666,0.0006434296172448,0.0005391567789518,0.0004650899612753
38,38,0.03,680,500000.0,17.15,2.43,0.81,,0.6799999999999998,12740.65,2.54813,680.0,0.0980436844710822,0.0022149058012668,0.0012123508015473,-5.592742861987349e-06,-0.0018758530451567,71306635981772.9,50325567500000.0,39623421500000.0,33202133900000.0,28640981200000.0,6.945264823778463,17.696073209447444,495205288055504.5,349497445886586.94,275173938406907.7,230579833919100.2,198903862874189.2,0.0021088213792657,0.0014883275757786,0.001171822471056,0.0009819194082225,0.0008470279469241,0.0012000625385064,0.0008469594372852,0.0006668465442929,0.0005587788084975,0.0004820164088651
39,39,0.03,690,500000.0,17.15,2.43,0.81,,0.6899999999999997,12968.7,2.5937399999999995,690.0,0.0993818836729303,0.0021380838473509,0.0011327271044085,7.019930246423883e-06,-0.0018502712908051,72290745572981.03,51226365000000.0,40332657000000.0,33796432200000.0,29153637600000.0,6.957532301911823,18.0439336470148,502906774160902.3,356367689528542.2,280583168211080.16,235112455420602.8,202813814192446.28,0.0021702445957434,0.0015378696252149,0.0012108289960553,0.0010146046185595,0.0008752230170843,0.0012350805309472,0.0008751975869279,0.0006890796190748,0.000577408838363,0.0004980871330161
40,40,0.03,700,500000.0,17.15,2.43,0.81,,0.6999999999999997,13121.4,2.62428,700.0,0.1000323281057944,0.0020630087369002,0.001296556416675,5.321015631182423e-07,-0.001830846586209,72835769094386.62,51819607322840.39,40807554000000.0,34194368400000.0,29496907200000.0,7.005154731627289,18.38177391627469,510178273854543.6,362970531436654.6,285836584398071.44,239514514129059.2,206611138818927.47,0.0022186234799388,0.0015784579329241,0.0012430238410189,0.0010415820352717,0.0008984944034117,0.0012627757557656,0.0008984122034296,0.0007074929047089,0.0005928381060036,0.0005113968005741
41,41,0.03,710,500000.0,17.15,2.43,0.81,,0.7100000000000003,13311.5,2.662300000000001,710.0,0.103846045118837,0.002141617581739,0.0012882646488953,5.588448304743507e-06,-0.0018112899608806,73577926997717.28,52489568559174.586,41398765000000.0,34689769000000.0,29924252000000.0,6.84761354912767,18.231876377993977,503873969564454.5,359457358338696.1,283505677677806.4,237561349205261.6,204926290488652.28,0.0022738335390256,0.001622124274343,0.0012793769024528,0.0010720437967177,0.0009247714716121,0.0012933526515129,0.0009226615296579,0.0007277074071925,0.0006097766891137,0.0005260084409545
42,42,0.03,720,500000.0,17.15,2.43,0.81,,0.7200000000000002,13492.9,2.6985799999999998,720.0,0.106902812936687,0.0021222887659345,0.0013400238699616,3.736480969623461e-06,-0.00178915883266,74263259312800.48,53121511899329.52,41962919000000.0,35162497400000.0,30332039200000.0,6.746445971560938,18.20427268217387,500970370638338.6,358350868940234.6,283076440207803.6,237201673048725.44,204616024947634.25,0.0023275940029348,0.0016649594115295,0.0013152215444603,0.0011020795321104,0.0009506810392111,0.0013223538381086,0.0009458975514437,0.0007472043041386,0.0006261139603168,0.0005401013748243
43,43,0.03,730,500000.0,17.15,2.43,0.81,,0.7300000000000002,13656.75,2.73135,730.0,0.1091239295304092,0.0020794339985271,0.0013094040285573,-1.2769851123807123e-05,-0.0017596346777533,74833260756642.4,53673694885822.58,42472492500000.0,35589490500000.0,30700374000000.0,6.697262657539324,18.291966474759995,501161512423334.9,359455004824707.0,284440078682517.94,238344323166122.75,205601703176302.3,0.0023788227979403,0.0017061959849551,0.0013501287051076,0.0011313297123827,0.0009759129675504,0.0013493268221183,0.0009677963437562,0.0007658262215626,0.0006417180493222,0.0005535618476118
44,44,0.03,740,500000.0,17.15,2.43,0.81,,0.7400000000000001,13842.65,2.76853,740.0,0.1125738054615453,0.0020466243916705,0.0012076865655283,-1.368094820265848e-05,-0.001741642302148,75514655985898.67,54311645348210.7,43050641500000.0,36073945900000.0,31118277200000.0,6.582968746401802,18.226575020452465,497149585690110.7,357559888613585.75,283423241568035.9,237492272516495.7,204866703229885.7,0.0024333665313759,0.0017501256984998,0.0013872537564088,0.0011624383566564,0.001002748052864,0.0013783241004009,0.0009913181585551,0.0007857777532383,0.0006584362781154,0.0005679834049131
45,45,0.03,750,500000.0,17.15,2.43,0.81,,0.75,14021.75,2.8043500000000003,750.0,0.1131495691256418,0.0020202000943307,0.0011124846633791,8.927695729642379e-06,-0.0017209871352029,76150062974730.88,54935838727149.73,43607642500000.0,36540680500000.0,31520894000000.0,6.637730611864474,18.613985836566847,505449103594527.4,364638837515675.7,289447479758614.44,242540235450465.97,209221200803011.3,0.0024878253011748,0.001794755830629,0.0014246632517177,0.0011937853485454,0.0010297887427206,0.0014065059940328,0.0010146752798168,0.0008054413636169,0.000674913245526,0.0005821968441835
46,46,0.03,760,500000.0,17.15,2.43,0.81,,0.7599999999999999,14237.6,2.8475200000000003,760.0,0.1156204119493963,0.001973967233632,0.0011813216032919,-1.2038570569202329e-05,-0.0017061150992699,76958465795522.11,55701803732039.38,44278936000000.0,37103185600000.0,32006124800000.0,6.579439339140049,18.736374142809023,506378395446378.9,366511854228523.6,291350617920680.2,244134955080801.5,210596845365173.4,0.0025480401219876,0.0018442471443418,0.0014660441099059,0.0012284601126735,0.0010597000511474,0.0014379223288886,0.0010407544708399,0.0008273251047259,0.0006932505539922,0.0005980150596218
47,47,0.03,770,500000.0,17.15,2.43,0.81,,0.7699999999999998,14468.7,2.89374,770.0,0.1179353619035793,0.0020547906138498,0.0011720019445482,-7.85035306129104e-06,-0.0016855688016698,77835590759341.5,56503482430598.36,44997657000000.0,37705432200000.0,32525637600000.0,6.537414945177514,18.918252370813,508861663251205.3,369399856397553.94,294178824366142.2,246504828391693.4,212641156647938.2,0.0026111821163597,0.0018955452306002,0.0015095546406241,0.001264919419121,0.0010911507498788,0.0014707577885106,0.0010676727195367,0.0008502621211176,0.000712470446184,0.0006145946135923
48,48,0.03,780,500000.0,17.15,2.43,0.81,,0.7799999999999998,14812.75,2.96255,780.0,0.1207006879853679,0.0020137661676604,0.0013008552781292,3.5214097151190607e-06,-0.0016668903949677,79305550709015.38,57740927443031.17,46067652500000.0,38602026500000.0,33299062000000.0,6.470013396658547,19.16967516082232,513159827021298.3,373622326228255.7,298088448750787.1,249780867345514.84,215467148807642.9,0.0026955428884049,0.00196257569549,0.0015658088490868,0.0013120571899422,0.0011318129558672,0.001515625342024,0.0011034992143958,0.0008804087601981,0.000737731584912,0.0006363854961174
49,49,0.03,790,500000.0,17.15,2.43,0.81,,0.7899999999999997,15083.2,3.01664,790.0,0.1228848002399672,0.0020108205751746,0.0010312491124525,2.9588923017561773e-06,-0.0016430763052522,80359549337811.9,58699442138604.336,46908752000000.0,39306819200000.0,33907033600000.0,6.436404998580718,19.415624311903294,517208158685429.0,377799908468178.8,301912958050096.1,252985584784099.84,218231617265792.9,0.0027671988361854,0.0020213282591699,0.0016153132391974,0.001353539003649,0.0011675961934777,0.0015537843123713,0.0011349773995932,0.0009069996480956,0.0007600132099476,0.0006556061765012
50,50,0.03,800,500000.0,17.15,2.43,0.81,,0.8000000000000002,15309.05,3.0618100000000004,800.0,0.1260068433005301,0.0019660418091852,0.0011135721424982,-1.0614048750060607e-05,-0.0016256739307959,81160229298697.05,59486288488135.95,47611145500000.0,39895384300000.0,34414744400000.0,6.356702681259234,19.46178961961685,515878943530495.5,378112826010738.0,302630828585042.06,253587118743607.6,218750515324493.5,0.0028303553215664,0.0020745053906019,0.0016603755336354,0.001391298598281,0.00120016855293,0.0015871291406078,0.0011632843172319,0.0009310599180623,0.0007801743236239,0.0006729976513839
51,51,0.03,810,500000.0,17.15,2.43,0.81,,0.8100000000000003,15636.75,3.12735,810.0,0.1281011755880058,0.0019949284148712,0.0011020858764214,3.189254392385882e-06,-0.0016097173910131,82486305289439.08,60657101087945.6,48630292500000.0,40749370500000.0,35151414000000.0,6.328665668801725,19.79271666836242,522048401878239.4,383893333255927.6,307776744193035.6,257899098188762.25,222470135352393.6,0.0029127720639247,0.0021419350631315,0.0017172421162209,0.0014389495031742,0.0012412734010497,0.0016308280701122,0.0011992451687434,0.0009614644005266,0.000805651520184,0.0006949749107343
52,52,0.03,820,500000.0,17.15,2.43,0.81,,0.8200000000000001,15932.65,3.1865300000000003,820.0,0.1282443789259957,0.0019412856641187,0.0010813247560122,2.3967360052516924e-06,-0.0015915899855993,83619175679329.6,61686747970335.88,49550541500000.0,41520485900000.0,35816597200000.0,6.401134359990818,20.39686469030081,535243356204328.3,394854669981336.6,317171245934177.5,265771146914619.5,229260759118981.03,0.0029897795141342,0.0022055918857958,0.0017716653230244,0.0014845530005792,0.0012806121048742,0.0016708463349583,0.0012326009665174,0.0009900999380569,0.0008296464432721,0.0007156735243575
53,53,0.03,830,500000.0,17.15,2.43,0.81,,0.8299999999999998,16188.95,3.2377899999999995,830.0,0.132315316068383,0.0019616388972878,0.0013143478045658,3.647620942388601e-06,-0.0015769067040816,84512107227932.97,62558978499427.17,50347634500000.0,42188403700000.0,36392759600000.0,6.279252591353612,20.32949593381337,530636187105483.1,392796475073313.1,316123661770797.9,264893332017588.16,228503534296062.25,0.0030593427922043,0.0022646383605571,0.0018225870560378,0.0015272224656059,0.0013174198398627,0.0017061468454519,0.0012629528161405,0.0010164278302333,0.0008517076931151,0.0007347041036542
54,54,0.03,840,500000.0,17.15,2.43,0.81,,0.8400000000000001,16438.2,3.28764,840.0,0.1351631134049398,0.001911088439313,0.0011572139786663,8.892043222407626e-06,-0.0015550587533381,85354113747486.02,63405059039544.914,51122802000000.0,42837949200000.0,36953073600000.0,6.21798754871588,20.44341372334417,530754419683796.1,394269401180932.1,317895083398001.8,266377680815174.6,229783970250388.5,0.0031272800063283,0.0023230909997033,0.001873082731959,0.0015695349194486,0.0013539196081813,0.0017403863073266,0.0012928409858969,0.0010424034728565,0.0008734737782199,0.0007534800665535
55,55,0.03,850,500000.0,17.15,2.43,0.81,,0.8499999999999999,16698.55,3.3397099999999997,850.0,0.1368547611701444,0.001993999806862,0.0011499657235851,-9.819191000063053e-06,-0.001547562342954,86239521543016.75,64290532363884.16,51932490500000.0,43516421300000.0,37538340400000.0,6.217525878413439,20.763500202057617,536164613988574.2,399704310173009.4,322872428141996.06,270548407632810.8,233381742271127.7,0.0031974535295067,0.0023836633824345,0.0019254713161003,0.0016134335208223,0.0013917876265574,0.00177549867296,0.0013236130355736,0.0010691857551675,0.0008959157806966,0.0007728390924812
56,56,0.03,860,500000.0,17.15,2.43,0.81,,0.8599999999999998,16889.0,3.3778000000000006,860.0,0.1402854892268294,0.0019110749462555,0.0011792970238014,1.0199437241256442e-06,-0.001528348130552,86730697366278.45,64905825305621.81,52524790000000.0,44012734000000.0,37966472000000.0,6.140605045249527,20.740089460096616,532536687285564.7,398529404736810.6,322508391104502.4,270243365665058.9,233118605531485.97,0.0032539739391005,0.0024351454612242,0.0019706321176564,0.0016512756587179,0.0014244311898687,0.0018023086606183,0.0013487765534603,0.0010914922488674,0.000914607331366,0.000788962885998
57,57,0.03,870,500000.0,17.15,2.43,0.81,,0.8699999999999998,17117.5,3.4235000000000007,870.0,0.1396014712958219,0.0018841643263596,0.001071109946398,5.4625190508571525e-06,-0.0015152141695255,87401049469903.11,65667325771720.61,53235425000000.0,44608205000000.0,38480140000000.0,6.236899986207713,21.35106917542087,545087148601221.8,409542168867213.25,332009125677794.5,278204431355733.97,239986017531730.56,0.0033173754795367,0.0024924549263779,0.0020205923682705,0.0016931394571424,0.0014605439369363,0.001832702857638,0.0013769708295862,0.0011162876889558,0.0009353844750543,0.0008068857635925
58,58,0.03,880,500000.0,17.15,2.43,0.81,,0.8800000000000002,17382.3,3.4764600000000003,880.0,0.1447318622806221,0.001982271372319,0.0011071402837026,1.0386725091665953e-06,-0.001491669004227,88242249684641.34,66564721284633.766,54058953000000.0,45298273800000.0,39075410400000.0,6.0842155907646,21.15177687287698,536891083484415.9,404998801141913.9,328910130373237.06,275607652653587.03,237745972051137.2,0.0033886725404633,0.0025562136503427,0.0020759680340423,0.0017395410600367,0.0015005711062788,0.0018665534935566,0.0014080172876993,0.001143487705048,0.0009581765142621,0.0008265467398546
59,59,0.03,890,500000.0,17.15,2.43,0.81,,0.8900000000000002,17567.85,3.51357,890.0,0.1477566422073039,0.0018439155964422,0.0011168850726808,5.166229128732056e-07,-0.001485600366594,88664131500632.06,67139499503473.52,54636013500000.0,45781817100000.0,39492526800000.0,6.032364183324757,21.194721617901,534843929293813.4,405002035405961.44,329577921158360.5,276167222681250.1,238228670985207.25,0.0034435653613212,0.0026075849495571,0.0021219706366597,0.0017780885785,0.0015338231482993,0.001891356215856,0.0014321993298322,0.0011654787792297,0.000976603761631,0.0008424425388129
60,60,0.03,900,500000.0,17.15,2.43,0.81,,0.9,17831.25,3.56625,900.0,0.1491596394570365,0.0018956883790008,0.0010048867239462,3.909327221663673e-06,-0.001465201446153,89446201106125.61,68003905765953.58,55455187500000.0,46468237500000.0,40084650000000.0,6.042441212236888,21.546805140721524,540421974289934.6,410870495996352.25,335052819938219.8,280754870983601.5,242186089781710.0,0.0035134885674069,0.0026712251889178,0.0021783056728533,0.0018252940782816,0.0015745437789628,0.0019236817780375,0.0014625313623116,0.0011926513633019,0.0009993728143938,0.0008620836863996
61,61,0.03,910,500000.0,17.15,2.43,0.81,,0.91,18053.4,3.6106800000000008,910.0,0.1489725669107144,0.0018370779544419,0.0011720696675039,-3.079481116084069e-06,-0.0014617139637035,90006446869637.14,68707297328880.88,56146074000000.0,47047160400000.0,40584043200000.0,6.11599076139817,22.082135704565665,550459906184183.2,420198927490192.8,343377210205996.06,287730228230490.6,248203205319318.1,0.0035749097915313,0.0027289421870682,0.0022300308108968,0.0018686367502241,0.0016119322388733,0.0019510504975827,0.0014893533885992,0.0012170664371817,0.0010198312332139,0.0008797316240464
62,62,0.03,920,500000.0,17.15,2.43,0.81,,0.9200000000000004,18292.85,3.65857,920.0,0.1539584315046795,0.0018684128486016,0.0011288250118324,-1.1566104632658078e-06,-0.0014427037388898,90638774973125.28,69478893486691.21,56890763500000.0,47671167100000.0,41122326800000.0,5.981847709802485,21.88542939160918,542197773943449.4,415620151482714.6,340318427039522.7,285167144972667.6,245992226361687.2,0.0036403871606,0.0027905283567285,0.0022849426756213,0.0019146497146846,0.0016516241590985,0.0019798122598237,0.0015176194202175,0.0012426583554492,0.0010412757795178,0.0008982302196301
63,63,0.03,930,500000.0,17.15,2.43,0.81,,0.93,18425.5,3.6851,930.0,0.1574227209971695,0.0018073077957373,0.0009779985435638,-4.641934214848425e-06,-0.0014310035249891,90720619642240.02,69842006136420.44,57303305000000.0,48016853000000.0,41420524000000.0,5.917553146995084,21.80284846559597,536747421444391.7,413219363470624.5,339034293640017.3,284091115506715.44,245064016753298.62,0.0036834146761226,0.0028357067161494,0.0023266136790037,0.0019495676036925,0.0016817451930548,0.001996242100842,0.001536823200796,0.0012609180846592,0.0010565763757626,0.0009114288920623
64,64,0.03,940,500000.0,17.15,2.43,0.81,,0.9399999999999998,18668.25,3.73365,940.0,0.1625931037981444,0.0017784997568556,0.0010329007923116,-4.303268738443775e-06,-0.001416108517531,91311548574437.86,70620493338105.83,58058257500000.0,48649459500000.0,41966226000000.0,5.787041274407794,21.606285235109024,528411437536678.0,408674225625656.1,335977735405945.4,281529896613470.56,242854646042625.44,0.0037476845715298,0.0028984650621853,0.0023828753238729,0.0019967116057919,0.0017224127742978,0.0020236098267724,0.0015650629796734,0.0012866637598037,0.0010781497614303,0.0009300386276651
65,65,0.03,950,500000.0,17.15,2.43,0.81,,0.9499999999999996,18833.5,3.7666999999999993,950.0,0.1611785045921408,0.0018322690873367,0.0009836100766784,7.538047851615968e-06,-0.0014010022434485,91510196834839.78,71107981071853.3,58572185000000.0,49080101000000.0,42337708000000.0,5.899263593229835,22.22153729762639,539861749562886.5,419499469972947.0,345544904978090.3,289546630988071.8,249770079225320.62,0.0037959326634814,0.0029496287552744,0.0024296316465612,0.0020358906980509,0.0017562096274821,0.0020420320939283,0.0015867606507856,0.0013070268201627,0.0010952128274418,0.0009447576500725
66,66,0.03,960,500000.0,17.15,2.43,0.81,,0.9600000000000004,19035.15,3.80703,960.0,0.16524946547907,0.0017570423395989,0.001163762814257,-4.573058738066334e-07,-0.0013967052048255,91873832808336.44,71730219673966.05,59199316500000.0,49605600900000.0,42791017200000.0,5.812227251534134,22.12733220776804,533991804569703.6,416912501362486.1,344080015830793.0,288319138667217.6,248711214015312.75,0.0038519804671928,0.0030074222076701,0.0024820409017318,0.0020798066205508,0.0017940925874897,0.0020637874616346,0.0016112958767297,0.0013298107131865,0.0011143044111138,0.0009612265219432
67,67,0.03,970,500000.0,17.15,2.43,0.81,,0.97,19289.5,3.8579,970.0,0.1676264465252018,0.0017497704834425,0.001034890948786,-2.292688200673741e-06,-0.0013823164773927,92470850598977.95,72545189559968.23,59990345000000.0,50268437000000.0,43362796000000.0,5.791544328674418,22.34319109396109,535548844074261.2,420148535028383.6,347436621511094.94,291131779954313.06,251137467896122.62,0.0039171096593904,0.0030730490844084,0.0025412198368191,0.0021293951430066,0.0018368688724017,0.0020905540606604,0.0016400805187105,0.001356244249164,0.0011364541843477,0.0009803334637043
68,68,0.03,980,500000.0,17.15,2.43,0.81,,0.9800000000000002,19447.4,3.88948,980.0,0.1688182281464889,0.0017538973405105,0.0012068556908518,-1.1371858108661148e-06,-0.0013663934244291,92577663385567.6,72978384294837.17,60481414000000.0,50679924400000.0,43717755200000.0,5.809014794055686,22.59248512709384,537747843706494.4,423903211169731.6,351313143726309.06,294380081206032.7,253939532828534.8,0.0039627903173721,0.003123842448438,0.0025889091711244,0.0021693560450001,0.0018713401339832,0.0021059570969352,0.0016601126093288,0.0013758314736839,0.0011528671448296,0.0009944916890165
69,69,0.03,990,500000.0,17.15,2.43,0.81,,0.99,19603.55,3.9207100000000006,990.0,0.1722139270532863,0.001790051631173,0.0011557009659044,-4.256833780779766e-06,-0.0013612051134898,92665646618787.9,73402417755679.12,60967040500000.0,51086851300000.0,44068780400000.0,5.754668543811208,22.562381239810534,533259957213528.4,422406485898592.5,350845028279053.8,293987827554731.3,253601165135470.44,0.0040071784909816,0.0031741707995265,0.0026364226902278,0.0022091696240301,0.0019056843111357,0.0021205244607199,0.0016797122559045,0.0013951459402188,0.0011690515499068,0.0010084527567883
70,70,0.03,1000,500000.0,17.15,2.43,0.81,,1.0,19818.8,3.96376,1000.0,0.1774020564745001,0.0017683308733193,0.0012358540759886,3.4526813028124204e-06,-0.0013391147065236,93020578478666.6,74044673936775.22,61636468000000.0,51647792800000.0,44552662400000.0,5.642416011026919,22.36604769167081,524881096373308.5,417807008644350.1,347792041605481.2,291429601422470.7,251394376054379.97,0.0040630095044608,0.0032341683838143,0.0026921952045571,0.0022559037630468,0.0019459983343551,0.0021408796488506,0.0017041469546803,0.0014185706230422,0.0011886800783434,0.0010253848104819
71,71,0.03,1010,500000.0,17.15,2.43,0.81,,1.0100000000000002,19992.3,3.99846,1010.0,0.1762856239729728,0.0017602080316394,0.0010445382663347,1.2288460518289652e-05,-0.0013326058969147,93162155002890.56,74522838222060.16,62176053000000.0,52099933800000.0,44942690400000.0,5.735267867599901,22.93161013436457,534295258125260.3,427396715789230.4,356586537589369.06,298798880050770.4,257751297910257.8,0.0041103375691247,0.0032879662529536,0.0027432230022787,0.0022986621041602,0.0019828827360522,0.0021560073362467,0.0017246465146679,0.0014389107508591,0.0012057239282118,0.0010400872565695
72,72,0.03,1020,500000.0,17.15,2.43,0.81,,1.0199999999999998,20200.75,4.0401500000000015,1020.0,0.1815887689891326,0.0017014365381015,0.00114063842314,2.0390795734438258e-07,-0.0013247568380321,93419835119064.0,75127982616833.78,62824332500000.0,52643154500000.0,45411286000000.0,5.624099808148349,22.721326979923,525382131888852.3,422510911322364.7,353316634537802.6,296058890548396.6,255387715254334.44,0.0041632787994364,0.0033480977232988,0.0027997824150796,0.0023460556185522,0.0020237655527649,0.0021741975939736,0.0017484839149783,0.0014621360912316,0.0012251854192121,0.0010568752196427
73,73,0.03,1030,500000.0,17.15,2.43,0.81,,1.03,20363.2,4.072640000000001,1030.0,0.1823823450951181,0.0017336514343324,0.0011734649214426,6.03787985695053e-06,-0.001314730128969,93451681293507.69,75558894202127.0,63329552000000.0,53066499200000.0,45776473600000.0,5.653822900041892,23.028727225813277,528422172669773.0,427247476836859.4,358096708361396.4,300064315752346.9,258842894018141.1,0.0042056826233259,0.0034004388576547,0.0028500717451288,0.002388195166497,0.0020601161681831,0.0021868892275354,0.0017681750556862,0.001481992759643,0.0012418241580803,0.0010712282069702
74,74,0.03,1040,500000.0,17.15,2.43,0.81,,1.0399999999999996,20522.1,4.104419999999999,1040.0,0.1856213375534252,0.0017518969128341,0.0011241705932648,-1.1315906325811872e-06,-0.0013010344069485,93455882614177.56,75970990807839.72,63823731000000.0,53480592600000.0,46133680800000.0,5.606437180220806,23.01064628933909,523942544499060.7,425916840316008.5,357815549799222.9,299828721150088.4,258639664292171.3,0.0042465496822239,0.0034520522181053,0.0029000918616895,0.0024301091291199,0.002096272188128,0.0021986256834643,0.0017872793762798,0.0015015052050862,0.001258174458024,0.0010853323797536
75,75,0.03,1050,500000.0,17.15,2.43,0.81,,1.0500000000000005,20776.5,4.1553,1050.0,0.18860172291146,0.0017440593944351,0.0013275477950407,-6.658812469653305e-06,-0.0012877429495756,93880381181004.8,76731777039198.6,64614915000000.0,54143559000000.0,46705572000000.0,5.572814769496925,23.156986601002497,523184061104020.3,427616954917294.4,360091141645588.9,301735535411062.5,260284529395268.1,0.0043073299877011,0.0035205341104581,0.0029645998187379,0.0024841630635469,0.0021429004477565,0.0022200661472266,0.0018145390813105,0.0015280017357497,0.0012803770171588,0.0011044848559374
76,76,0.03,1060,500000.0,17.15,2.43,0.81,,1.06,20832.25,4.16645,1060.0,0.1918878074850795,0.0017404978818795,0.0012111812542501,-1.4547755373666644e-06,-0.0012799717333227,93368082447856.84,76756207366289.2,64788297500000.0,54288843500000.0,46830898000000.0,5.531020076706593,23.043098419399637,516384431128799.0,424510276288266.9,358320180421664.2,300251572404777.2,259004426234051.84,0.0043246235216138,0.003555194570816,0.0030008648346214,0.0025145510479175,0.0021691138740286,0.0022189656286846,0.0018241714027821,0.0015397446485396,0.0012902168984226,0.0011129729806807
77,77,0.03,1070,500000.0,17.15,2.43,0.81,,1.07,21004.4,4.20088,1070.0,0.1959341894705403,0.0017203762132831,0.0011713059777343,4.418243867011865e-06,-0.001270311970199,93359982140874.95,77206652444592.36,65323684000000.0,54737466400000.0,47217891200000.0,5.467797500948041,22.967924901212125,510437112840671.7,422120268901130.9,357151232213848.56,299272061462794.0,258159475889624.3,0.0043658433770208,0.0036104564772575,0.0030547667920893,0.0025597177685481,0.0022080758034137,0.0022294654903433,0.0018437189393461,0.0015599499468662,0.0013071477689818,0.0011275779680242
78,78,0.03,1080,500000.0,17.15,2.43,0.81,,1.0799999999999996,21134.15,4.22683,1080.0,0.1969536324615546,0.0016668594858226,0.0011880215372015,-1.779536559384666e-06,-0.0012659455415585,93152216884357.05,77496032800388.22,65727206500000.0,55075594900000.0,47509569200000.0,5.486937661465829,23.192087058250024,511114552430780.6,425211030340847.2,360636953755788.0,302192894368997.8,260679058534730.25,0.0043966778239238,0.0036577238873287,0.0031022487806786,0.0025995049268323,0.002242397189378,0.0022347771725728,0.0018591759902211,0.0015768348367439,0.0013212963294388,0.0011397828659165
79,79,0.03,1090,500000.0,17.15,2.43,0.81,,1.09,21323.15,4.26463,1090.0,0.201094119586753,0.0017809163409544,0.0011453799768453,2.571987397480244e-06,-0.0012549450053293,93193774037693.34,77999846170327.23,66314996500000.0,55568128900000.0,47934441200000.0,5.425939811456657,23.13911952226801,505652747410542.9,423213212694588.0,359813308571267.44,301502727375152.2,260083703430292.4,0.0044396929179499,0.0037158637282306,0.0031592048219427,0.0026472307929204,0.0022835667008769,0.0022457954560014,0.0018796502438808,0.0015980672458249,0.0013390878593632,0.0011551302792972
80,80,0.03,1100,500000.0,17.15,2.43,0.81,,1.1,21417.7,4.28354,1100.0,0.2018957063137577,0.0016441857928039,0.0012354706260436,-6.142692052628155e-06,-0.0012429850720891,92803456400341.52,78155646237271.22,66609047000000.0,55814526200000.0,48146989600000.0,5.457151499971125,23.3790503386047,506510194554058.4,426564194014143.6,363544232765303.1,304629025912019.25,262780525805916.8,0.0044618225232277,0.0037575822736015,0.0032024426425807,0.0026834615841046,0.0023148202766949,0.0022459748547392,0.0018914771390363,0.0016120331123743,0.0013507904472178,0.0011652252207773
81,81,0.03,1110,500000.0,17.15,2.43,0.81,,1.11,21644.1,4.32882,1110.0,0.2053558481542381,0.0015887654389973,0.0012873384106853,7.136297554580391e-07,-0.001234774270994,92943636852678.78,78787872385271.52,67313151000000.0,56404524600000.0,48655936800000.0,5.413154622354615,23.43308491034038,503129290255696.4,426500271092152.2,364384470355793.0,305333096381735.1,263387874392225.97,0.0045098466092463,0.0038229752047432,0.0032661943956014,0.0027368818633238,0.0023609019296823,0.0022586326464062,0.0019146319934987,0.001635783637583,0.0013706920127142,0.001182392802986
82,82,0.03,1120,500000.0,17.15,2.43,0.81,,1.1200000000000006,21699.25,4.339849999999999,1120.0,0.2090403735783752,0.0016761332896393,0.0011229043212665,2.970413441339226e-08,-0.0012252722875707,92337501692422.6,78793189963443.7,67484667500000.0,56548245500000.0,48779914000000.0,5.365276933998397,23.28597383177809,495447687846704.0,422774095789271.6,362096893084149.3,303416239028068.56,261734345869185.8,0.004520468383065,0.0038573939894652,0.0033037747414,0.0027683720180348,0.002388066115327,0.0028287249161353,0.0024137999792738,0.0020673676124596,0.001732334404524,0.0014943544671412
83,83,0.03,1130,500000.0,17.15,2.43,0.81,,1.1299999999999994,21819.05,4.363809999999999,1130.0,0.2140613880845194,0.0016247621144313,0.0011536695506262,5.492233654082585e-06,-0.0012158490473482,91999677362518.69,79031685556344.38,67857245500000.0,56860444300000.0,49049224400000.0,5.283594944268545,23.05488712734777,486052824789640.2,417540312246766.1,358503494830257.9,300405179269341.44,259136931311388.9,0.004544643223926,0.003904044280762,0.0033520440483794,0.0028088189035616,0.0024229565983141,0.0028416976535068,0.0024411406848003,0.0020959831690599,0.0017563125847492,0.0015150386379571
84,84,0.03,1140,500000.0,17.15,2.43,0.81,,1.14,22002.4,4.40048,1140.0,0.2129283980363879,0.0016391658949909,0.0011550581893479,-5.387013116425133e-06,-0.0012053077963166,91918034012209.16,79497637881218.53,68427464000000.0,57338254400000.0,49461395200000.0,5.357711209867625,23.57637326884193,492467612626338.9,425923077636720.7,366612604330492.0,307200143693010.4,264998435541783.3,0.0045807925582665,0.0039618143699383,0.0034101253496197,0.0028574876723823,0.0024649394810113,0.0028621616138368,0.0024754129043284,0.0021307076777445,0.0017854097132483,0.0015401385400545
85,85,0.03,1150,500000.0,17.15,2.43,0.81,,1.1499999999999997,22091.2,4.41824,1150.0,0.2140145510787761,0.0016157031471793,0.0011247166301466,4.823961812941967e-06,-0.0011983546970476,91410434014643.22,79617712297674.4,68703632000000.0,57569667200000.0,49661017600000.0,5.3762974219187925,23.754209371814973,491458723010137.8,428056377114843.4,369377955731722.8,309517348114749.06,266997313339200.25,0.0045959617598074,0.0040030436904483,0.0034543022231061,0.0028945053355031,0.0024968718320072,0.0029300094241503,0.0025520133437294,0.0022021806526058,0.0018452999294826,0.0015918013205974
86,86,0.03,1160,500000.0,17.15,2.43,0.81,,1.16,22200.6,4.440119999999999,1160.0,0.2214301724538813,0.0016261600935798,0.0011845937307793,3.673534655186785e-06,-0.0011923394501817,90963154322730.1,79809967281294.25,69043866000000.0,57854763600000.0,49906948800000.0,5.244740065242279,23.287962671855333,477092182729735.9,418594889077046.56,362127819547350.3,303442153614275.0,261756700431653.9,0.004612735454979,0.0040471580881309,0.0035012098142185,0.0029338111819464,0.0025307780264833,0.0029408125207388,0.0025802332033019,0.0022321682567495,0.001870427806138,0.0016134772479655
87,87,0.03,1170,500000.0,17.15,2.43,0.81,,1.1700000000000004,22293.45,4.458689999999999,1170.0,0.2227965210869001,0.0016244368353412,0.0012284694537321,1.1792224344504374e-06,-0.0011812479207234,90439865082688.72,79940885406370.06,69266743728801.23,58096730700000.0,50115675600000.0,5.255649876381058,23.433632594899095,475326737288300.3,420147024781675.2,364046709590879.6,305340232711535.25,263394030366665.8,0.0046264138313099,0.004089342875435,0.0035433115799513,0.0029719141909226,0.0025636466236354,0.0029486805281382,0.0026063742132341,0.0022583569567902,0.0018941724250357,0.0016339599430085
88,88,0.03,1180,500000.0,17.15,2.43,0.81,,1.18,22431.7,4.48634,1180.0,0.2279146626788815,0.0015624749175004,0.0012275405248332,-5.731652398686884e-06,-0.0011757482437745,90091385876483.98,80232497920525.78,69573752252018.2,58457010200000.0,50426461600000.0,5.179694987312894,23.23786215733434,466645685917909.2,415579676800196.2,360370650597353.0,302789343910066.5,261193570648438.1,0.004647977158822,0.0041393393397357,0.0035894354179907,0.0030159026364089,0.0026015921437633,0.0029617495348682,0.0026376391159441,0.0022872334171211,0.001921771111469,0.0016577672519502
89,89,0.03,1190,500000.0,17.15,2.43,0.81,,1.1900000000000002,22478.95,4.495790000000001,1190.0,0.2273057123133298,0.001561261185688,0.0012229530490656,2.780836258037379e-06,-0.0011647020655336,89369907881447.77,80195589721997.1,69597503478725.336,58580143700000.0,50532679600000.0,5.239437652012695,23.55490953715872,468238083961152.6,420170840092783.8,364644011053332.94,306920471269178.06,264757183197663.97,0.0046494882163747,0.0041721923884298,0.0036208247270736,0.0030476442720294,0.0026289732630552,0.0029621619754875,0.0026580795718332,0.0023068064327314,0.0019416364892858,0.0016749036177722
90,90,0.03,1200,500000.0,17.15,2.43,0.81,,1.1999999999999995,22637.5,4.5275,1200.0,0.2358747763587985,0.0015532409112689,0.0013195543719302,-1.6528755016665343e-06,-0.0011567039525253,89054968485915.5,80553747383019.78,69965934363159.44,58993325000000.0,50889100000000.0,5.088837339751279,23.03962523433029,453184560832818.9,409923390596508.0,356043933052886.6,300206316803323.6,258965387633872.44,0.0046723795073132,0.0042263523855969,0.0036708496278918,0.0030951580522075,0.002669959824007,0.0029755112376805,0.0026914678052282,0.0023377070082881,0.0019710893672754,0.0017003103981716
91,91,0.03,1210,500000.0,17.15,2.43,0.81,,1.2100000000000004,22637.55,4.52751,1210.0,0.2371095351786038,0.0015598780882546,0.0011802862689764,1.7813018090510946e-06,-0.0011505275621372,88098648986619.72,80346441729522.42,69847325884931.52,58993455300000.0,50889212400000.0,5.108430972015801,23.128603671885,450048423181846.3,410446582604638.4,356812269422613.06,301365705844661.6,259965505271987.3,0.0046612357662553,0.0042510720900825,0.0036955714683159,0.0031213010299522,0.0026925114026603,0.0029669338066114,0.002705859589793,0.0023522766223223,0.0019867464360886,0.0017138165726505
92,92,0.03,1220,500000.0,17.15,2.43,0.81,,1.2199999999999998,22781.1,4.556220000000001,1220.0,0.2355669073142735,0.0015507653372361,0.0011856421703828,-4.4628991086453584e-06,-0.0011426972444944,87694721438028.16,80647138035021.72,70170727999533.664,59367546600000.0,51211912800000.0,5.185350862815408,23.624763057239942,454711803939247.0,418168904776747.4,363846965805649.4,307830662635836.5,265542336763376.9,0.0046782102375104,0.0043022460256969,0.0037433657661249,0.0031670533838945,0.0027319785138123,0.0029763446603479,0.0027371508196477,0.0023815831576787,0.0020149249284717,0.0017381240365327
93,93,0.03,1230,500000.0,17.15,2.43,0.81,,1.2300000000000002,22945.2,4.58904,1230.0,0.2399621918966431,0.0015249923259826,0.0012565677981702,8.449816722231166e-06,-0.0011339770212168,87356900805633.8,81009010156393.73,70555814551092.97,59795191200000.0,51580809600000.0,5.13300839242511,23.55732029365246,448436817316724.7,415850635192962.6,362190332173971.5,306951883426291.6,264784280100653.7,0.0046980426373393,0.0043566539130111,0.0037944824280197,0.0032157775192883,0.0027740091570837,0.0029876434128481,0.0027705428345449,0.0024130390688964,0.0020450211427046,0.0017640857746738
94,94,0.03,1240,500000.0,17.15,2.43,0.81,,1.2399999999999995,22970.4,4.59408,1240.0,0.2422128075792216,0.0014971367491569,0.0012570627767514,-1.1018155764415495e-06,-0.0011267353915639,86482261892957.73,80876094645814.16,70495707452183.66,59860862400000.0,51637459200000.0,5.121662800163092,23.529487607207905,442935976181010.6,414222883948050.0,361057681811703.1,306589223521918.9,264471440705016.8,0.0046889895322475,0.0043850282462855,0.0038222130998471,0.0032456014799003,0.0027997360425233,0.0029800095756476,0.0027868320186146,0.0024291441811453,0.0020626882236188,0.0017793258352629
95,95,0.03,1250,500000.0,17.15,2.43,0.81,,1.25,23048.2,4.609640000000001,1250.0,0.2460181574192006,0.0015596851657796,0.0012153899419087,-1.052575668180644e-06,-0.0011238172352968,85770901827167.28,80927382649494.03,70592519928219.47,60063609200000.0,51812353600000.0,5.086518077311256,23.446651494483667,436268438209743.75,411632174604396.5,359064528439174.25,305509868973122.1,263540362797996.38,0.0046884389522272,0.0044236808175369,0.0038587529467075,0.0032832179560392,0.0028321849444267,0.0029774016248369,0.0028092664931976,0.0024505080284586,0.0020850134931076,0.0017985841644305
96,96,0.03,1260,500000.0,17.15,2.43,0.81,,1.2600000000000005,23163.2,4.63264,1260.0,0.2460170566882197,0.0015445941322683,0.0013708085273054,-3.076786954713798e-06,-0.00111352515778,85178895499272.64,81107425795768.17,70802081901903.69,60363299200000.0,52070873600000.0,5.1259241543997245,23.747206231208093,436632416498530.1,415761804771040.6,362935958875154.0,309426097192641.44,266918598038779.0,0.0046931551692724,0.0044688268427129,0.0039010268297738,0.0033258746549165,0.0028689816670193,0.0029783455421886,0.0028359834750297,0.0024756492059939,0.0021106491464855,0.0018206981125477
97,97,0.03,1270,500000.0,17.15,2.43,0.81,,1.2699999999999998,23159.65,4.63193,1270.0,0.2507976541653534,0.0015454745286406,0.0013080940407175,9.76006488355865e-07,-0.0011028563391352,84146033285846.28,80867078107543.84,70649978086240.25,60354047900000.0,52062893200000.0,5.06636496950188,23.467367602893844,426320323373690.0,409707713398445.4,357943450545710.94,305779799865706.75,263773211856526.8,0.0046727000855522,0.004490616943378,0.0039232527756405,0.0033515111024631,0.0028910963002061,0.002963274556398,0.0028478033443632,0.0024879994254969,0.0021254194349263,0.0018334393283631
98,98,0.03,1280,500000.0,17.15,2.43,0.81,,1.2800000000000002,23326.9,4.66538,1280.0,0.2550002398285869,0.0014989268410104,0.0012962834092419,-5.138105009344555e-06,-0.0010975992880167,83726530944879.1,81215753527719.28,71022267086105.88,60789901400000.0,52438871200000.0,5.022863498225785,23.43289210340317,420534825849898.2,407923896769744.6,356724880195782.8,305330584107343.25,263385707242251.5,0.004686014253663,0.0045454908301817,0.0039749808350719,0.0034022948427984,0.0029349036095974,0.0029692470341719,0.0028802057432545,0.0025187076727736,0.002155830803003,0.0018596729259979
99,99,0.03,1290,500000.0,17.15,2.43,0.81,,1.2899999999999996,23345.7,4.6691400000000005,1290.0,0.2581692942373934,0.0014863348702433,0.0012396971359287,4.894159249020894e-06,-0.0010916208799507,82766009054413.22,81045703398947.38,70941477659822.66,60838894200000.0,52481133600000.0,5.000324579613864,23.34708410482568,413854580161260.6,405252541922062.9,354728417962299.4,304212505885878.6,262421225338240.6,0.004668274111114,0.0045712432351981,0.0040013317948652,0.0034315129844661,0.0029601079006446,0.0029554328042939,0.0028940036279248,0.0025331989865923,0.0021724529882483,0.0018740116337614
100,100,0.03,1300,500000.0,17.15,2.43,0.81,,1.3000000000000005,23445.7,4.68914,1300.0,0.2583232567954042,0.0014789085357458,0.0014175999454099,-7.283690248979544e-06,-0.0010834242208335,82053026255356.14,81156344495438.6,71106731408814.84,61099494200000.0,52705933600000.0,5.036892969465801,23.619742016546528,413310609584791.7,408793919564831.9,358172852914622.4,307765238475601.2,265485900265982.9,0.0046642777810835,0.0046133061959957,0.0040420391852879,0.0034731810176702,0.0029960517757953,0.0029498605565649,0.0029176242543091,0.0025563340179111,0.002196567222344,0.0018948131680081
101,101,0.03,1310,500000.0,17.15,2.43,0.81,,1.3099999999999998,23452.15,4.69043,1310.0,0.2629709002053005,0.001544964421076,0.0013516761989094,2.726742537724453e-06,-0.0010780769858487,80989222975390.86,80942092204035.1,70990583076798.12,61116302900000.0,52720433200000.0,4.985598194525501,23.38362271811868,403762860609822.3,403527895334613.5,353915741458055.75,304688604017086.4,262831919351653.84,0.0046387101673642,0.0046360107219287,0.0040660315954077,0.0035004758070105,0.0030195969355947,0.002969433605093,0.0029677055764596,0.0026028379491608,0.0022408018867578,0.0019329710826675
102,102,0.03,1320,500000.0,17.15,2.43,0.81,,1.32,23505.9,4.701179999999999,1320.0,0.2649586070014493,0.0014717609151295,0.0013739410511721,1.5915158851271416e-06,-0.0010719429097425,80085975993630.58,80891627375172.42,71019971210982.22,61256375400000.0,52841263200000.0,4.985657317963763,23.439079271496023,399291569318731.7,403308375013716.6,354090406041372.2,305411202907593.1,263455251011615.3,0.0046219911966674,0.0046684876468495,0.0040987660779815,0.0035352809817922,0.0030496207394739,0.002954547922734,0.0029842701754287,0.0026200830521279,0.0022598825130966,0.0019494305024717
103,103,0.03,1330,500000.0,17.15,2.43,0.81,,1.3299999999999994,23602.75,4.72055,1330.0,0.2676442597938716,0.0014654595905489,0.0013263207227158,4.658653685353197e-06,-0.001065815557014,79322596973074.7,80988153069905.94,71178726163057.48,61508766500000.0,53058982000000.0,4.972819026046979,23.47519025187922,394469512072971.8,402752285531211.0,353970223504504.3,305881728981986.25,263861138431122.4,0.0046122776700632,0.004709122799784,0.0041387456007882,0.0035764778394406,0.0030851581669464,0.0030021420397045,0.0030651787552003,0.0026939189373649,0.0023279375709635,0.002008136477178
104,104,0.03,1340,500000.0,17.15,2.43,0.81,,1.34,23646.1,4.72922,1340.0,0.2743066893150058,0.0014813731215071,0.0014150035065666,-1.770989777511401e-06,-0.0010591786747453,78372924110596.4,80899697735799.34,71175346208971.4,61621736600000.0,53156432800000.0,4.890887023177632,23.12866566403136,383289666978166.9,395647075258181.8,348089280259531.44,301366513602328.6,259966202063712.5,0.0045914900156509,0.004739521443642,0.0041698187886651,0.0036101190756479,0.0031141779286479,0.0029880028407498,0.0030843372171396,0.0027135919589225,0.0023493563128116,0.0020266128132005
105,105,0.03,1350,500000.0,17.15,2.43,0.81,,1.3500000000000003,23760.0,4.752,1350.0,0.2786496240462724,0.0014826077102106,0.0012110971440674,2.637129397666113e-06,-0.0010523665218529,77630335743707.08,81051035586206.89,71379411275964.38,61918560000000.0,53412480000000.0,4.8488140485408815,23.040612581949624,376399513989358.4,392985166310522.9,346091195609667.8,300219181942803.6,258976485421113.7,0.0045810859997621,0.0047829467801869,0.0042122092933765,0.0036539098488238,0.0031519529317559,0.0029811498956892,0.003112511159053,0.0027411027202332,0.0023777883596257,0.0020511389994008
106,106,0.03,1360,500000.0,17.15,2.43,0.81,,1.3599999999999997,23740.8,4.74816,1360.0,0.2791402591428891,0.0013956478525415,0.0012999681187805,-1.3008970885549086e-06,-0.0010491817939154,76426741916704.8,80746785472904.62,71180835988130.56,61868524800000.0,53369318400000.0,4.875339023849053,23.147714002444296,372587352580053.0,393647959787269.4,347013081679669.9,301614713451849.25,260180305387473.9,0.0045434679216393,0.004800288751959,0.004231605807559,0.0036780013217664,0.0031727348316696,0.0029734213862306,0.0031414948848164,0.0027693267396843,0.0024070265218862,0.0020763605607061
107,107,0.03,1370,500000.0,17.15,2.43,0.81,,1.3700000000000006,23775.85,4.755170000000001,1370.0,0.2806376278984089,0.0014082713897789,0.0014635757614253,2.149296664614009e-07,-0.0010379689695296,75397028838558.36,80619860296097.97,71144821657270.03,61959865100000.0,53448110800000.0,4.886146978676569,23.23157688991588,368355258115729.4,393871614121698.4,347580926581009.9,302707446875603.8,261122924242654.44,0.0045147141072673,0.0048274531000959,0.004260095323953,0.0037101074320888,0.0032004303558463,0.0029538040084996,0.0031584171176983,0.0027872167197093,0.002427380769743,0.0020939186379057
108,108,0.03,1380,500000.0,17.15,2.43,0.81,,1.3799999999999994,23778.9,4.755780000000001,1380.0,0.2857956591793936,0.0014830382878938,0.0012959558235556,-2.321176013755201e-06,-0.0010336740565333,74264007742105.28,80384034140593.27,71012827148367.97,61967813400000.0,53454967200000.0,4.832148445578003,22.98083853720295,358857888936601.6,388431026993255.2,343147562495940.9,299440326139754.4,258304625158161.03,0.0044785076169937,0.0048475771794258,0.0042824444432442,0.0037369828636786,0.0032236137672868,0.0029293386561153,0.0031707426747052,0.0028010960621481,0.0024443161195654,0.0021085274891723
109,109,0.03,1390,500000.0,17.15,2.43,0.81,,1.3900000000000003,23863.6,4.77272,1390.0,0.2882385859411783,0.0014369657910718,0.0013485163056747,1.7893709756692871e-06,-0.0010237978918119,73381771371167.05,80423315543858.27,71120892400853.28,62188541600000.0,53645372800000.0,4.82776185114829,23.04301741991175,354292193133010.75,388289248278588.56,343376515385887.0,300250516981449.94,259003515799808.1,0.0044568813064792,0.0048845532746751,0.0043195656076248,0.0037770544830857,0.0032581805364454,0.0029140102361635,0.003193631883532,0.0028242301131287,0.0024695240167735,0.0021302724442467
110,110,0.03,1400,500000.0,17.15,2.43,0.81,,1.3999999999999997,23875.9,4.775179999999999,1400.0,0.2928481445675288,0.0015312251734604,0.0013770408502584,3.490963194564764e-06,-0.0010231950065137,72261242229508.83,80217595714553.05,71010412628537.58,62220595400000.0,53673023200000.0,4.783715278932317,22.84362097815562,345685069233325.7,383746864470485.0,339701320492368.4,297652381345367.6,256762299794469.1,0.0044202375646621,0.0049069296206971,0.0043437240171694,0.0038060487835124,0.0032831917365065,0.0028884739729827,0.0032065105753485,0.0028384749882494,0.002487122624125,0.0021454534378484
111,111,0.03,1410,500000.0,17.15,2.43,0.81,,1.41,23914.0,4.7828,1410.0,0.2920141085381715,0.0014288931054296,0.0013958591083501,1.966546668053922e-06,-0.0010152489683897,71179265892660.72,80097680374668.2,70976355228253.14,62319884000000.0,53758672000000.0,4.831926960507962,23.110281436041408,343935114826087.7,387028505442977.4,342954659327042.4,301126967111619.5,259759563341105.3,0.004384349193499,0.0049336867407623,0.0043718507334953,0.003838647810254,0.0033113124625675,0.002863734475915,0.0032225464235002,0.0028555708308155,0.0025072975691398,0.0021628568439855
112,112,0.03,1420,500000.0,17.15,2.43,0.81,,1.4200000000000006,23950.35,4.790070000000001,1420.0,0.2949537590842055,0.0014245679237963,0.0012627516312341,-6.282176955145419e-07,-0.0010093560221896,70088353294386.48,79965123410580.2,70936645051599.89,62414612100000.0,53840386800000.0,4.818370553935875,23.079802949884453,337703913119500.4,385292760059745.06,341791203409725.06,300729832436994.4,259416985156701.25,0.0043466553834109,0.0049591810596234,0.004399263723597,0.0038707545110736,0.0033390084961218,0.0028378608971877,0.0032377689901277,0.0028722080303996,0.0025271529257903,0.0021799845653018
113,113,0.03,1430,500000.0,17.15,2.43,0.81,,1.43,23934.5,4.7869,1430.0,0.2992254219085907,0.0013684745833201,0.0013217751688005,-1.912776480508462e-06,-0.0010044840966539,68843656148492.33,79658064080015.17,70740399323489.33,62373307000000.0,53804756000000.0,4.78190973884489,22.88966222401389,329191759908321.9,380903336232300.8,338261473209494.9,298252298778901.0,257279803397916.16,0.0042988989768695,0.0049741979048056,0.0044173399161014,0.0038948620780383,0.0033598042791366,0.0028049534766086,0.0032455737577215,0.0028822340375286,0.0025413267409833,0.0021922112485535
114,114,0.03,1440,500000.0,17.15,2.43,0.81,,1.4400000000000004,23979.85,4.79597,1440.0,0.3053163521233614,0.0013046656608084,0.0012769013373056,-3.7454686479594624e-06,-0.0009958156801411,67773513787654.1,79554375465566.94,70721905295002.28,62491489100000.0,53906702800000.0,4.721389165046406,22.64449028101088,319997138071024.2,375621257439458.7,333918164022554.5,295057708361571.75,254524070758562.3,0.0042610440835206,0.0050017282851502,0.0044464148203493,0.0039289535840541,0.0033892124547021,0.0027783431564823,0.0032612940113376,0.0028992110724168,0.0025618090515915,0.0022098797958472
115,115,0.03,1450,500000.0,17.15,2.43,0.81,,1.4499999999999995,23960.3,4.79206,1450.0,0.3087229307689995,0.0014119029394878,0.0013536665000616,-2.866358717833315e-06,-0.0009978787659391,66518654836980.85,79235103843230.95,70511842640345.3,62440541800000.0,53862754400000.0,4.699666583877273,22.522334893501515,312632859543435.94,372399248773725.0,331400552977996.25,293466023662324.7,253151044202957.03,0.004210109784717,0.0050149613939276,0.0044628472924786,0.0039519971749197,0.0034090904256406,0.0027433766996733,0.0032678312303884,0.0029080646117187,0.002575186282839,0.0022214193261021
116,116,0.03,1460,500000.0,17.15,2.43,0.81,,1.4600000000000004,24005.65,4.801129999999999,1460.0,0.3088018518993294,0.0013490168427253,0.0014012582698392,3.61170226925132e-06,-0.0009867641032818,66591673100000.0,79130178217026.92,70492607585052.28,62558723900000.0,53964701200000.0,4.73181088187004,22.719102509426296,315113951805742.75,374446563725999.1,333573300010948.1,296029905697824.6,255362712205951.6,0.0042423964508187,0.0050411946658323,0.0044909156701723,0.0039854668892695,0.0034379622283491,0.0027626928878728,0.0032828786303057,0.0029245311997249,0.0025953776733225,0.0022388369185069
117,117,0.03,1470,500000.0,17.15,2.43,0.81,,1.4699999999999995,23980.6,4.79612,1470.0,0.3093143766202161,0.0013871520036877,0.0013064600716793,-4.163503983044075e-06,-0.000988752058115,66522184400000.0,78782227192346.56,70266513758655.17,62493443600000.0,53908388800000.0,4.757266097862066,22.81564014949005,316452928873426.9,374775223679964.06,334265091881910.25,297287791147855.4,256447795280268.16,0.0042658999670683,0.0050521056008107,0.0045060143684797,0.0040075469769936,0.0034570090576675,0.0027758983984442,0.0032874966488489,0.0029321451898521,0.0026077834269451,0.0022495384281552
118,118,0.03,1480,500000.0,17.15,2.43,0.81,,1.4800000000000002,24006.6,4.8013200000000005,1480.0,0.3178006691573728,0.0013940343558844,0.0014248053442838,-4.353376763953958e-06,-0.0009782697724065,66594308400000.0,78598977729530.72,70186117716336.75,62561199600000.0,53966836800000.0,4.661174667351544,22.381743719345245,310434785387318.44,366395527926670.1,327178296673174.4,291634120663068.44,251570799405440.44,0.0042983130076595,0.0050731513920728,0.004530145443139,0.0040379970071957,0.0034832760062071,0.0027947804650811,0.0032985835097859,0.0029455188502791,0.0026255219509738,0.0022648401173403
119,119,0.03,1490,500000.0,17.15,2.43,0.81,,1.489999999999999,24036.4,4.80728,1490.0,0.3219802242523314,0.0014602256685221,0.0013347662679522,5.331981866782379e-07,-0.0009776915922263,66676973600000.0,78427545206931.4,70116380088753.54,62638858400000.0,54033827200000.0,4.630264686149348,22.25890736907656,308731045209091.9,363139127312149.7,324656356494843.1,290033563019067.6,250190118828420.6,0.0043316130983541,0.005094979027214,0.0045550512268844,0.0040692803656492,0.0035102618042898,0.0028144431893967,0.0033104362503452,0.0029596209568508,0.0026439938542061,0.00228077443755
120,120,0.03,1500,500000.0,17.15,2.43,0.81,,1.5,23953.75,4.790750000000001,1500.0,0.3229235855530078,0.0013613902546534,0.0012866293206806,-3.381289634650919e-07,-0.000971570877524,66447702500000.0,77889794898014.44,69718960411681.54,62423472500000.0,53848030000000.0,4.647387173552845,22.26514555437827,308817568839226.7,361995015520526.4,324020832117314.9,290114846573548.8,250260236031211.72,0.0043436139700332,0.0050915710929515,0.0045574525382631,0.0040805544361596,0.0035199870961192,0.0028218580528718,0.0033077734323394,0.0029607797180881,0.0026509596560144,0.0022867833103301
121,121,0.03,1510,500000.0,17.15,2.43,0.81,,1.510000000000001,24020.6,4.804120000000001,1510.0,0.3269062408494619,0.0013058077504299,0.0013801975311631,-6.177396463474822e-07,-0.0009625867608493,66633144400000.0,77838346730252.7,69756773400478.6,62597683600000.0,53998308800000.0,4.620635866728635,22.19777435840997,307883130351146.25,359657555837453.6,322316077848712.6,289236999890081.9,249502983788528.0,0.0043831622964526,0.005120246232988,0.0045886362086668,0.0041177076224064,0.0035520363527128,0.0028467795014205,0.0033255013235747,0.0029802308504252,0.0026743718027043,0.0023069792066305
122,122,0.03,1520,500000.0,17.15,2.43,0.81,,1.5199999999999998,24005.8,4.801159999999999,1520.0,0.328656834424396,0.0013499431411192,0.0013875492036614,-3.198700727664557e-06,-0.0009618325744908,66592089200000.0,77522873098642.84,69559668095396.8,62559114800000.0,53965038400000.0,4.628590914206244,22.221038617250663,308205805621266.6,358796365221147.6,321940545816209.1,289540133182776.2,249764474057897.44,0.0044075252738371,0.005131000192178,0.0046039401804829,0.0041405951202666,0.0035717796739675,0.0028619109693833,0.0033316804377886,0.0029894478389315,0.0026885868731841,0.0023192414777122
123,123,0.03,1530,500000.0,17.15,2.43,0.81,,1.5300000000000005,23967.35,4.793469999999999,1530.0,0.3309469184466479,0.0013183074449661,0.0014141530773035,1.8667869176715808e-06,-0.0009560377587255,66485428900000.0,77135191792200.64,69298489898875.23,62458914100000.0,53878602800000.0,4.625691846291323,22.174028520585544,307553775580521.44,356818326335847.06,320566664952772.9,288927591623229.6,249236080571381.44,0.0044276234316743,0.0051368486033161,0.0046149603414216,0.0041594760861367,0.0035880668617173,0.0028921042995223,0.0033553670859556,0.003014471951266,0.0027169516238482,0.0023437096125905
124,124,0.03,1540,500000.0,17.15,2.43,0.81,,1.5399999999999996,23945.9,4.78918,1540.0,0.3407448961307523,0.0013335038038087,0.0013521115141713,6.360717218863092e-07,-0.0009515569456458,66425926600000.0,76802880925201.86,69086839298687.766,62403015400000.0,53830383200000.0,4.523504384656988,21.662854879841696,300463797183404.4,347401781481675.2,312499879694314.56,282266999084337.25,243490488849420.62,0.0044499513260027,0.0051451157598746,0.0046282090123909,0.0041804517503832,0.0036061609880512,0.002905694802411,0.0033596178982704,0.0030220921278831,0.002729719053743,0.002354723113129
125,125,0.03,1550,500000.0,17.15,2.43,0.81,,1.5500000000000005,23932.35,4.78647,1550.0,0.3411864056574131,0.0012965105001303,0.0014299274825085,-4.862559192027307e-06,-0.0009453340422928,66388338900000.0,76496292936333.95,68898199865548.83,62367704100000.0,53799922800000.0,4.546770623234157,21.762504586338224,301845938612511.2,347803480616161.8,313257450807057.06,283565434759987.0,244610551550441.7,0.004474004575913,0.0051551939739456,0.0046431476759035,0.0042030482785974,0.0036256533116987,0.0029200683917449,0.0033646632946414,0.0030304637683217,0.0027432221445159,0.0023663712129208
126,126,0.03,1560,500000.0,17.15,2.43,0.81,,1.5599999999999996,23887.85,4.777570000000002,1560.0,0.344252727461469,0.0012534431605053,0.0013690013981048,2.231688118956329e-06,-0.0009442608141012,66264895900000.0,76091415992853.45,68620822045303.06,62251737100000.0,53699886800000.0,4.534876977095775,21.66527985354002,300497431568600.06,345058643188336.56,311181063467716.6,282298596491626.44,243517745553789.8,0.0044918464920549,0.0051579490974948,0.0046515458086779,0.004219809646105,0.0036401120815211,0.0029304282947192,0.0033649858704556,0.0030346142674383,0.0027529546272669,0.0023747666930529
127,127,0.03,1570,500000.0,17.15,2.43,0.81,,1.57,23868.2,4.773639999999999,1570.0,0.3469645467702548,0.0013254668422922,0.0014611103440447,-2.243497367604036e-06,-0.0009387289460776,66210386800000.0,75766400568424.67,68407935493822.23,62200529200000.0,53655713600000.0,4.527757831103925,21.61340092970601,299777870895022.4,343044216255534.1,309727615949557.6,281622614114069.4,242934626449895.7,0.0045142569762466,0.0051657907295462,0.0046640869349764,0.0042408628983773,0.0036582731372034,0.0029436389050669,0.0033684884681885,0.0030413394342974,0.0027653651718112,0.0023854723354688
128,128,0.03,1580,500000.0,17.15,2.43,0.81,,1.5799999999999994,23814.6,4.76292,1580.0,0.3530634089738555,0.0012122643131007,0.0014142396058398,1.907356812427332e-06,-0.0009325708572706,66061700400000.0,75329920698970.1,68092955744121.17,62060847600000.0,53535220800000.0,4.477545148402058,21.325679185575098,295787170303926.6,337285052426043.06,304881990248984.0,277873599788043.6,239700634045864.1,0.0045292962626378,0.0051647403294307,0.0046685623908616,0.0042549913700195,0.0036704607059876,0.0029524254493773,0.0033666401806881,0.0030432061882299,0.0027736195822197,0.0023925927938717
129,129,0.03,1590,500000.0,17.15,2.43,0.81,,1.59,23741.75,4.74835,1590.0,0.3555902653453699,0.0012433847611653,0.0013862201395286,2.1692941550582668e-06,-0.0009267671565104,65859614500000.0,74827793724946.86,67723791350139.52,61871000500000.0,53371454000000.0,4.4736517302138745,21.24349185466307,294647232024176.8,334769683468640.06,302987313469645.2,276802698866259.72,238776848446412.84,0.0045411674928912,0.0051595434775662,0.0046697066496586,0.0042661436504955,0.0036800809387237,0.0029585466155752,0.0033614153006606,0.0030422891967107,0.0027793700361172,0.0023975532775102
130,130,0.03,1600,500000.0,17.15,2.43,0.81,,1.6000000000000003,23749.25,4.74985,1600.0,0.3542878793829231,0.0012335161975275,0.0014227531985593,9.296844525488948e-07,-0.0009200136778512,65880419500000.0,74579656794261.9,67584269638302.1,61890545500000.0,53388314000000.0,4.51979842343953,21.468049902807067,297761852151934.0,337080074906247.3,305462798454653.94,279728690233576.1,241300880907551.5,0.0045676253130917,0.0051707613703821,0.0046857567560984,0.0042909991225368,0.0037015218831399,0.0029744867372507,0.0033672554256162,0.0030514152036616,0.0027943447863285,0.0024104708671015
131,131,0.03,1610,500000.0,17.15,2.43,0.81,,1.61,23705.35,4.741070000000001,1610.0,0.3579986017624719,0.001314513061097,0.0014221749861882,9.671204499282473e-07,-0.000918049275357,65758640900000.0,74170525232156.3,67298723351733.766,61776142100000.0,53289626800000.0,4.500481747675677,21.337546230464504,295951766216542.6,333810091620450.3,302883024458373.3,278028227382952.38,239834019630421.03,0.0045836060407542,0.0051699436431027,0.0046909551454865,0.0043060120195405,0.0037144723790971,0.0029838074687478,0.0033654978892463,0.0030536889240072,0.0028031010322843,0.0024180242212491
132,132,0.03,1620,500000.0,17.15,2.43,0.81,,1.6200000000000006,23573.1,4.71462,1620.0,0.3599560365196339,0.0012540048585157,0.0014139525506013,-1.580201184079756e-06,-0.0009127040186574,65391779400000.0,73486975395880.34,66762381007206.85,61431498600000.0,52992328800000.0,4.506427118198201,21.244388935658076,294659674537577.5,331137162065069.3,300835695854107.94,276814387831624.7,238786931636796.8,0.004582441585388,0.0051497263895906,0.0046784888540124,0.004304918086345,0.0037135287252891,0.0029817053212347,0.0033508264737531,0.0030442014047332,0.0028011261957958,0.0024163206784915
133,133,0.03,1630,500000.0,17.15,2.43,0.81,,1.6299999999999994,23535.6,4.70712,1630.0,0.370166562770703,0.001190170813374,0.0015032653537553,-6.842543243393249e-07,-0.0009132639219972,65287754400000.0,73100742524374.69,66494634839428.04,61333773600000.0,52908028800000.0,4.406283907795043,20.74249647175072,287698426063182.5,322127307970521.2,293016691426432.3,270274729026911.84,233145660342478.1,0.004599642480256,0.0051500818758957,0.0046846694288591,0.0043210772543429,0.0037274680229327,0.0029912972386017,0.003349265896223,0.0030465930311889,0.002810137203964,0.0024240937968193
134,134,0.03,1640,500000.0,17.15,2.43,0.81,,1.64,23488.1,4.697620000000001,1640.0,0.3706172000950346,0.0012717062311881,0.00144597209518,-2.4881331794266028e-06,-0.0009043811647973,65155989400000.0,72681724239819.56,66199219295100.11,61102698787342.88,52801248800000.0,4.429137484613447,20.80646440469713,288585661293149.25,321918271011239.5,293206283156628.25,270633028501620.1,233864659908795.8,0.0046140698509397,0.0051470103610961,0.0046879469518925,0.0043270330614568,0.0037391597061689,0.0029993734532664,0.0033458111254243,0.0030473972202575,0.0028127853533246,0.0024306386167783
135,135,0.03,1650,500000.0,17.15,2.43,0.81,,1.6499999999999992,23330.65,4.666130000000001,1650.0,0.3710394731769043,0.0011687434905418,0.0014508932099032,-1.1897158411411955e-06,-0.0008990420137803,64719223100000.0,71918708228293.66,65595325704899.92,60581860488773.29,52447301200000.0,4.451124933310668,20.770259582185844,288083500404917.7,320130437582567.25,291983279991941.6,269666933480976.6,233457717703768.9,0.0046061242433794,0.0051185179558016,0.0046684772392101,0.0043116644937966,0.003732720727872,0.0029931286293044,0.0033260897499973,0.0030336465413455,0.0028017842668676,0.0024255779230989
136,136,0.03,1660,500000.0,17.15,2.43,0.81,,1.6599999999999997,23330.9,4.66618,1660.0,0.3789071410415886,0.0012092478745111,0.0013753628777648,-1.195875882793512e-06,-0.0008976062462577,64719916600000.0,71643674177041.53,65435892768198.29,60471265658257.48,52447863200000.0,4.384047771718524,20.455921092335984,283723625550700.1,314076470631349.6,286862371162883.4,265098097085625.0,229924553077856.44,0.0046292701578434,0.0051245109742003,0.004680482323793,0.0043253737060407,0.0037514777630973,0.0030068442311444,0.0033285173979539,0.0030401080071824,0.0028094547373772,0.0024366928015907
137,137,0.03,1670,500000.0,17.15,2.43,0.81,,1.6700000000000006,23177.7,4.635540000000001,1670.0,0.3802297584172948,0.0012329686042577,0.0014260602001856,3.965892122767419e-07,-0.0008937241489143,64294939800000.0,70899239567988.8,64846667077251.19,59963673671781.54,52103469600000.0,4.396870503528372,20.380662696216227,282679791596519.1,311716323676078.1,285105521401020.44,263636902524961.8,229078648705470.44,0.0046214156719809,0.0050961219948297,0.0046610729310697,0.0043100913091814,0.003745112628195,0.0030004965349237,0.0033087039713267,0.0030262443743145,0.0027983663354091,0.0024315487420722
138,138,0.03,1680,500000.0,17.15,2.43,0.81,,1.6800000000000002,23067.0,4.613399999999999,1680.0,0.3816057647746447,0.0012345756743336,0.0014363956056849,9.295864336159044e-07,-0.0008863403846237,63987858000000.0,70287929669622.04,64377171439664.586,59565469284464.81,51854616000000.0,4.4054197109897375,20.32465172596182,281902919439090.5,309658319476734.5,283618066634958.9,262419781094252.38,228449085399810.9,0.0046217170998651,0.005076758882415,0.0046498364437148,0.0043022966631185,0.0037453568999627,0.0029993089968219,0.003294612859616,0.0030175573229679,0.0027920179469801,0.0024305863824281
139,139,0.03,1690,500000.0,17.15,2.43,0.81,,1.6900000000000002,22937.35,4.587469999999999,1690.0,0.3865580252237464,0.0012616986011675,0.0014154632354533,3.3497576510659368e-06,-0.0008836000452318,63628208900000.0,69621718118572.1,63856453511100.98,59116037605830.89,51563162800000.0,4.374991430989832,20.07015266115911,278373017410276.9,304594582890335.9,279371586161436.8,258632296117870.84,225588515911428.4,0.0046172382599197,0.0050521626520029,0.0046338010356007,0.0042898084878906,0.0037417273281541,0.0029953681304195,0.0032775191890939,0.0030061129972931,0.0027829526887907,0.0024273927747596
140,140,0.03,1700,500000.0,17.15,2.43,0.81,,1.6999999999999995,22902.7,4.580539999999999,1700.0,0.3882443258251328,0.0012787276272836,0.0014491246168182,-1.6493392876918236e-06,-0.0008828271784487,63532089800000.0,69245802244921.45,63601348967517.33,58912268950937.11,51485269600000.0,4.382563829670395,20.07376331785036,278423097218584.4,303462876651928.4,278726618667220.25,258177189466450.7,225629099692638.1,0.0046316595053225,0.0050482044456748,0.0046367086841323,0.0042948621920937,0.0037534140475721,0.0030035262876728,0.0032736462472483,0.0030068005657731,0.0027851208580988,0.0024340039995271
141,141,0.03,1710,500000.0,17.15,2.43,0.81,,1.7100000000000004,22643.85,4.52877,1710.0,0.3918907492050379,0.0011523203510069,0.0014939566225094,-3.359463602001108e-06,-0.0008777390288872,62814039900000.0,68195167570671.81,62725668622475.39,58133260914452.31,50903374800000.0,4.366884650933006,19.775883255331333,274291500751445.6,297789393688653.44,273905607878225.97,253851836391763.2,222280927789924.2,0.0046000535140896,0.004994129031134,0.0045935818302691,0.0042572665534766,0.0037278011174021,0.0029819716443701,0.0032374299806628,0.0029777763936877,0.0027597609693253,0.0024165365019985
142,142,0.03,1720,500000.0,17.15,2.43,0.81,,1.7199999999999995,22605.9,4.52118,1720.0,0.3973017861051972,0.0011897958806857,0.0014700994943067,-2.845279295161176e-06,-0.0008718657031975,62708766600000.0,67813271143592.79,62463958630805.69,57922849950187.4,50818063200000.0,4.331846294337746,19.584939256707163,271643107490528.38,293754903840563.1,270582643362528.9,250911376642775.6,220134717245388.53,0.0046131515244762,0.0049886628635395,0.0045951422999686,0.0042610770078471,0.0037384155108228,0.0029891493603065,0.0032324666398264,0.0029774800575249,0.0027610182636845,0.0024223531946536
143,143,0.03,1730,500000.0,17.15,2.43,0.81,,1.73,22417.65,4.48353,1730.0,0.3997561312849939,0.0012130586695767,0.0014242995727024,-3.633166994780757e-06,-0.000869211462201,62186561100000.0,66983181877981.65,61787730016724.734,57326014729094.17,50394877200000.0,4.331629185733477,19.422361858840468,269388158982117.3,290166809833030.0,267660448535231.7,248332586598882.1,218307347293366.9,0.0045942658937212,0.0049486342790378,0.0045648007486668,0.0042351747649998,0.00372311093334,0.0029762025164395,0.0032057652157964,0.0029571147577232,0.0027435803857979,0.0024118613038775
144,144,0.03,1740,500000.0,17.15,2.43,0.81,,1.7399999999999995,22284.5,4.4569,1740.0,0.4072415630524801,0.0011653290549232,0.0014779387413977,-5.412741119326735e-06,-0.0008656297189893,61817203000000.0,66321534229357.8,61265448097560.98,56869669695260.95,50095556000000.0,4.27610832655175,19.058689491018487,264344023240426.44,283605539151716.4,261984597325388.56,243187277295600.62,214219669879047.84,0.0045863112206752,0.0049204943259645,0.0045453756950074,0.0042192462871454,0.0037166646085356,0.0029701673977907,0.0031865896413899,0.002943656906483,0.0027324503642131,0.0024069705516342
145,145,0.03,1750,500000.0,17.15,2.43,0.81,,1.75,22117.65,4.423530000000001,1750.0,0.4109984504193448,0.0011336855725529,0.0014649565039043,-2.55674199608739e-06,-0.0008589660249497,61354361100000.0,65563142398845.8,60652607368641.11,56328882515536.89,49720477200000.0,4.261306378781877,18.84914321723956,261437616423112.7,279371692030599.03,258447367326663.5,240023504712846.1,211864369761772.62,0.0045707359183255,0.0048842788761546,0.0045184571409373,0.0041963511955289,0.0037040426620027,0.0029606748555958,0.0031637709801547,0.0029268114986966,0.0027181687351571,0.0023992779651692
146,146,0.03,1760,500000.0,17.15,2.43,0.81,,1.7600000000000005,21869.55,4.373909999999999,1760.0,0.4110919160098206,0.0011412080405709,0.0013988132688921,1.692268806344574e-06,-0.0008598487791898,60666131700000.0,64568814059751.4,59819848695470.375,55583326424595.08,49162748400000.0,4.284973681495777,18.742017460778108,259951782180992.38,276674609338005.5,256325495666717.0,238172178754910.44,210660276259145.97,0.004537934234144,0.0048298617955201,0.0044746307646394,0.0041577313858923,0.0036774607636466,0.0029398915315838,0.003129016212825,0.0028988805066739,0.0026935778839666,0.0023824355310023
147,147,0.03,1770,500000.0,17.15,2.43,0.81,,1.77,21772.1,4.354419999999999,1770.0,0.4227118951243255,0.0011038666043288,0.0014322899806364,-1.4119636492500951e-06,-0.0008562787776072,60395805400000.0,64023406154010.7,59401571453658.54,55222456657228.57,48943680800000.0,4.189140662832221,18.241192062282696,253005333903861.03,268201792233372.3,248840367646574.0,231333550285821.7,205030998780057.6,0.0045349897533123,0.0048073784091071,0.0044603348873131,0.0041465342408244,0.0036750746090289,0.0029390973521954,0.0031156306677182,0.0028907140192834,0.002687341862039,0.0023817919422261
148,148,0.03,1780,500000.0,17.15,2.43,0.81,,1.7800000000000005,21492.15,4.29843,1780.0,0.4165390703155481,0.0011418264852543,0.0015173362070449,2.603318367683529e-06,-0.0008566014282862,59619224100000.0,62946121814185.17,58487311353320.016,54403083420172.734,48314353200000.0,4.276266934817322,18.37972076534197,254926727015293.1,269152258430618.7,250086764467407.2,232622953505438.1,206588061402443.7,0.0044939786571275,0.004744753596716,0.004408657323244,0.0041007963364653,0.0036418399499721,0.002913271345292,0.0030758389721903,0.0028579608473771,0.0026583865593031,0.0023608630080088
149,149,0.03,1790,500000.0,17.15,2.43,0.81,,1.7899999999999996,21266.65,4.25333,1790.0,0.4241122022848572,0.0011121947044159,0.0014328334443572,-8.389560683428182e-07,-0.0008431857569895,58993687100000.0,62034285336279.2,57717928761041.766,53726146071420.34,47807429200000.0,4.223514354308519,17.965364756439065,249179609171809.8,262022594877725.2,243791016257445.44,226930384223841.6,201930699862375.03,0.0044633496926222,0.0046933955478725,0.0043668282532961,0.0040648175989944,0.0036170187847926,0.0028944438932963,0.0030436266521574,0.002831850569925,0.002635999257737,0.0023456055775523
150,150,0.03,1800,500000.0,17.15,2.43,0.81,,1.8,20878.5,4.175700000000001,1800.0,0.4261228007552745,0.0011282546969532,0.0015206303230983,-1.6274809819017284e-06,-0.0008394516097157,57916959000000.0,60655256837039.125,56511605588117.83,52641366796353.17,46934868000000.0,4.226812334601086,17.64915619459004,244793796418963.84,256367579553099.84,238853881704087.6,222495798281855.2,198376515627192.1,0.0043973468005762,0.0046052521436853,0.0042906453018076,0.0039967973087106,0.0035635312212312,0.0028529678433149,0.0029878553755572,0.0027837406573262,0.002593094134969,0.0023119941282523
151,151,0.03,1810,500000.0,17.15,2.43,0.81,,1.81,20492.7,4.098540000000001,1810.0,0.429934989436947,0.0010737671512095,0.0015310585635665,-2.424452353662484e-06,-0.0008394608602086,56846749800000.0,59292204309710.1,55317310266899.65,51566374944299.43,46067589600000.0,4.2133886191503045,17.2670323131192,239493738182963.3,249796368397485.44,233050252981158.38,217247669275800.28,194081443199459.8,0.0043314970945904,0.0045178310387654,0.0042149598621667,0.003929153452671,0.0035101677969139,0.0028113285362451,0.0029322673070882,0.0027356908433428,0.0025501901498619,0.0022782503783269
152,152,0.03,1820,500000.0,17.15,2.43,0.81,,1.82,13283.15,2.65663,1820.0,0.4297524078105993,0.0010214604192785,0.0014703058979353,6.259922575794819e-06,-0.0008520933317068,36847458100000.0,38275555614354.06,35758827804310.2,33358487054337.81,29860521200000.0,4.238232798414456,11.259628300319354,156171044525429.44,162223768159596.3,151557089068352.7,141383694715808.7,126558222095589.52,0.0028173399978319,0.0029265316885334,0.0027341038172906,0.0025505748480746,0.00228312195931,0.0018293479476129,0.0019002480148519,0.0017753012453485,0.0016561326879784,0.0014824708674238
153,153,0.03,1830,500000.0,17.15,2.43,0.81,,1.829999999999999,1761.35,0.35227,1830.0,0.4146299180232972,0.0009944667732659,0.0017087742221184,2.4115178504081635e-05,-0.0008423528207036,4885984900000.0,5054530181874.473,4728734948726.909,4414245360762.291,3959514800000.0,4.42440585982906,1.557876752704188,21607750560007.09,22353124212064.363,20912329310816.945,19521532427580.79,17510534700395.074,0.0003748162743283,0.0003877458097036,0.0003627532323662,0.0003386279396999,0.0003037444068817,0.0002435017766813,0.0002519015315777,0.0002356649447422,0.0002199917949097,0.0001973294859335
154,154,0.03,1840,500000.0,17.15,2.43,0.81,,1.8400000000000003,1724.9,0.34498,1840.0,0.4288046181482627,0.0010934310429505,0.0015637640976769,1.57750605504678e-05,-0.000822658585773,4784872600000.0,4929530487481.591,4618248301573.176,4313367326127.784,3877575200000.0,4.29920815939434,1.483063544997863,20570091369120.363,21191973331611.957,19853776154592.945,18543097679764.12,16669634245775.98,0.0003734806157769,0.0003847718081263,0.0003604748472263,0.0003366775293106,0.0003026620130737,0.0002393609168492,0.000246597357079,0.0002310256176312,0.0002157740956131,0.0001939738071654
155,155,0.03,1850,500000.0,17.15,2.43,0.81,,1.8500000000000008,3158.75,0.63175,1850.0,0.4383641684573376,0.0011131067911844,0.0016167404240646,5.966824112611082e-06,-0.000821771292624,8762372500000.0,8988371356607.309,8434149613459.4,7881472676763.028,7100870000000.0,4.224316626113724,2.668886275344742,37017452639031.58,37972205700595.25,35630844713202.94,33296009903470.41,29998281734874.9,0.0006877371896994,0.0007054752872886,0.000661975777983,0.0006185975167581,0.0005573299215732,0.0004399576479684,0.0004513050228257,0.0004234776171124,0.0003957277759415,0.0003565338113313
156,156,0.03,1860,500000.0,17.15,2.43,0.81,,1.86,5319.3,1.06386,1860.0,0.4436784644264548,0.0010064535328868,0.0015872972195506,-1.4005341956389858e-07,-0.00081653901425,14755738200000.0,15070796870665.416,14164131959733.035,13242929671773.152,11957786400000.0,4.19519156782083,4.46310600112679,61903280235628.586,63225014527503.3,59421373442216.35,55556745145593.22,50165311452665.125,0.0011648417619459,0.0011897130013295,0.0011181394115822,0.001045418217856,0.0009439669361407,0.0007435868877241,0.0007594636600818,0.0007137740354632,0.0006673518278458,0.0006025895182422
157,157,0.03,1870,500000.0,17.15,2.43,0.81,,1.8700000000000003,7649.35,1.5298699999999998,1870.0,0.4468419470356366,0.0010831325131898,0.0014891318430715,6.344357707902167e-07,-0.0008238589899122,21219296900000.0,21578141437474.89,20312630736802.8,19001568502725.094,17195738800000.0,4.190894553571617,6.41157324155302,88928520860340.4,90432412063090.62,85128749303948.84,79634183400948.39,72066083235055.95,0.0016847270880634,0.0017132179054329,0.0016127414302837,0.001508648346036,0.0013652727087117,0.0010731558959782,0.001091304288592,0.0010273016839699,0.0009609953321089,0.0008696663497329
158,158,0.03,1880,500000.0,17.15,2.43,0.81,,1.88,7900.9,1.58018,1880.0,0.4548710225243553,0.0010004507468508,0.0015112180373708,-2.2128451791526263e-06,-0.0008170923156119,21917096600000.0,22190421830365.52,20922861305228.027,19582794534376.727,17761223200000.0,4.136335997495875,6.536809132780219,90665542671661.6,91796220734966.12,86552640119422.12,81009119314047.98,73473734652449.67,0.0017496991576672,0.0017715194258381,0.0016703267531222,0.0015633457171315,0.0014179249121975,0.0011123679319497,0.0011262401261915,0.0010619070758016,0.0009938940844017,0.0009014430825605
159,159,0.03,1890,500000.0,17.15,2.43,0.81,,1.89,8205.65,1.6411299999999998,1890.0,0.4628400971936457,0.0010051508922102,0.0014837878857521,3.2220391938650968e-06,-0.0008121006445002,22762473100000.0,22945267164747.625,21669907688431.59,20294464054531.0,18446301200000.0,4.086542757990506,6.706619231452388,93020808740244.66,93767812445028.38,88555945992720.45,82935077001905.3,75382400161524.83,0.0018275429423267,0.0018422190278935,0.0017398235544477,0.0016293925703161,0.0014810081234139,0.0011592982373043,0.0011686079830476,0.0011036536177497,0.0010336019422008,0.0009394745628911
160,160,0.03,1900,500000.0,17.15,2.43,0.81,,1.8999999999999992,8435.8,1.6871599999999998,1900.0,0.4609633783365779,0.0009031328755688,0.0016114736657916,-7.214780167815795e-06,-0.0008090749846256,23400909200000.0,23484921590842.145,22216036544668.67,20818973237307.9,18963678400000.0,4.127640205732046,6.963570611486087,96584724381312.05,96931476447428.48,91694290515514.69,85928062659518.16,78270533673103.64,0.0018894545102063,0.0018962379043656,0.0017937845956956,0.001680981817625,0.0015311801510251,0.0011959069477449,0.0012002004134836,0.0011353538543333,0.0010639567260665,0.0009691416072568
161,161,0.03,1910,500000.0,17.15,2.43,0.81,,1.9099999999999997,8549.25,1.70985,1910.0,0.4567009572315328,0.000959310923202,0.0015325038843827,-7.286793460953639e-06,-0.000810015118811,23715619500000.0,23695455677801.58,22452516763537.09,21053653980127.188,19218714000000.0,4.184849693472618,7.155545007867301,99247409259119.44,99163025753390.05,93961455239573.44,88107359496367.86,80428325888428.47,0.0019256690691369,0.0019240318001327,0.0018231072165676,0.0017095218727827,0.0015605277820547,0.0012160795981888,0.0012150456461642,0.0011513107453984,0.0010795804458137,0.0009854891624832
162,162,0.03,1920,500000.0,17.15,2.43,0.81,,1.920000000000001,8679.55,1.73591,1920.0,0.4696093975725944,0.0009825116737495,0.0014902026303488,-4.173059540482562e-06,-0.0008022186555757,24077071700000.0,23948928693887.68,22731526863825.27,21328538334022.254,19511628400000.0,4.093098549105006,7.105732644439712,98556511778378.78,98031974249538.62,93048690597001.84,87305730768441.75,79868434923502.38,0.0019655503501962,0.0019550892968888,0.0018557057579259,0.0017411717053453,0.0015928468591352,0.0012387172829279,0.0012321245810273,0.0011694916867137,0.0010973107271157,0.0010038343374268
163,163,0.03,1930,500000.0,17.15,2.43,0.81,,1.93,8713.45,1.7426899999999996,1930.0,0.4638949785399859,0.0009710049030478,0.0015533202045218,3.144164018342084e-06,-0.0008014216883982,24171110300000.0,23933728981650.324,22756872297709.69,21365665692474.832,19587835600000.0,4.163157269401731,7.255527672951321,100634168823834.84,99645853791139.52,94746120483764.77,88953961222465.14,81552131043972.84,0.0019841771677332,0.0019646908228335,0.0018680840830939,0.0017538816179424,0.0016079416990138,0.0012476248883795,0.0012353721272472,0.0011746270613103,0.001102818031273,0.0010110529016139
164,164,0.03,1940,500000.0,17.15,2.43,0.81,,1.94,8707.2,1.7414399999999997,1940.0,0.4762585926989345,0.0009796564374613,0.0015590143727547,-6.924935632886617e-07,-0.0008004018844243,24153772800000.0,23807901926703.176,22677156879842.258,21303952082884.71,19573785600000.0,4.075753937979728,7.096852627427234,98433345942415.78,97023825880910.8,92415725138556.66,86819533440143.97,79768623532282.12,0.0019937029687229,0.0019651540628192,0.001871819999629,0.0017584728011177,0.0016156612378115,0.0012507455557568,0.0012328354569402,0.0011742825197339,0.0011031743822532,0.001013581834658
165,165,0.03,1950,500000.0,17.15,2.43,0.81,,1.95,8761.55,1.75231,1950.0,0.4748743477560423,0.0010835145599608,0.0015489682076149,-2.866120702167475e-06,-0.0007941737349537,24304539700000.0,23847171839691.84,22754918783740.324,21389466556018.28,19695964400000.0,4.110521025317555,7.203671724940354,99914926824922.72,98034707044633.62,93544501284444.2,87931185373105.38,80969270188329.58,0.0020167922849607,0.0019788398701673,0.0018882046405493,0.0017748993258903,0.0016343724068463,0.0012625341391956,0.0012387755103576,0.001182036860344,0.0011111064879025,0.0010231350918931
166,166,0.03,1960,500000.0,17.15,2.43,0.81,,1.9600000000000004,8725.85,1.74517,1960.0,0.4786426003424594,0.0010375660434441,0.0015640778770471,3.17941710533055e-06,-0.0007930004093992,24205507900000.0,23641111077257.1,22598672996875.48,21255042015371.598,19615710800000.0,4.098581317780346,7.153384524150792,99217443349971.48,96904002540601.05,92631089052753.23,87123597479290.84,80404042051454.86,0.0020195591091618,0.0019724693001291,0.0018854946607342,0.0017733903331052,0.0016366145917072,0.0012612947683809,0.0012318853148484,0.0011775662027447,0.0011075526035834,0.0010221307279453
167,167,0.03,1970,500000.0,17.15,2.43,0.81,,1.9699999999999995,8699.35,1.7398700000000002,1970.0,0.4809266883882855,0.0010052732619283,0.0015332985556607,3.105661343758314e-06,-0.0007946334938174,24131996900000.0,23460752262409.266,22466289173487.69,21143364440968.344,19556138800000.0,4.099525703270888,7.1327704219138965,98931525751945.7,96179691478766.98,92102790959564.44,86679329205219.36,80172339542312.17,0.0020243838917224,0.0019680745511662,0.0018846510754187,0.0017736736237983,0.0016405245092256,0.0012613157209758,0.0012262315372043,0.0011742535789282,0.0011051077983403,0.0010221477075536
168,168,0.03,1980,500000.0,17.15,2.43,0.81,,1.98,8604.0,1.7208,1980.0,0.4927774724739152,0.0009664419885065,0.0015714377259847,-3.149696254315e-06,-0.0007875134429629,23867496000000.0,23096236639246.145,22155297509696.09,20865010250888.773,19341792000000.0,4.020221980447598,6.917859494881762,95950711194010.05,92850139429826.23,89067430985228.62,83880293627915.06,77756740722471.0,0.0020130403174774,0.0019479905029334,0.0018686295006701,0.0017598036618344,0.0016313318794842,0.0012512448754914,0.0012108118814807,0.0011614834867467,0.0010938406422483,0.0010139864744429
169,169,0.03,1990,500000.0,17.15,2.43,0.81,,1.99,8573.15,1.71463,1990.0,0.491869517600378,0.0009818041047102,0.0015204442166332,-3.2572400439901087e-06,-0.0007783653712277,23781918100000.0,22906437148643.83,22011343023328.51,20743754550059.25,19272441200000.0,4.048622170287919,6.941718541031028,96281636164100.38,92737231626474.98,89113422708125.64,83981561952574.66,78024916401188.75,0.0020161045437333,0.001941885924505,0.0018660046046918,0.0017585451949925,0.0016338150736526,0.0012504557696149,0.0012044228885744,0.0011573587447723,0.0010907088087481,0.0010133469971501
170,170,0.03,2000,500000.0,17.15,2.43,0.81,,2.0,8489.2,1.69784,2000.0,0.4976995972653071,0.0010040963221912,0.0015054164633927,-5.025501672823601e-06,-0.0007807914586835,23549040800000.0,22575496670236.223,21731919554500.72,20494358588998.867,19083721600000.0,4.022069862867123,6.827815020428735,94701794333346.58,90786714448168.14,87394293194275.67,82417477152157.53,76744640829619.02,0.0020070735528695,0.0019240988494836,0.001852201172921,0.001746724440131,0.0016264965201336,0.0012418218769939,0.0011904835482344,0.0011459988269182,0.0010807379827876,0.0010063502449467
171,171,0.03,2010,500000.0,17.15,2.43,0.81,,2.009999999999999,8425.45,1.68509,2010.0,0.4996869161754261,0.0009614915699601,0.0015284900868161,9.847693673140502e-07,-0.0007837998542247,23372198300000.0,22299817638740.16,21505318547264.832,20293973881875.715,18940411600000.0,4.025093478452565,6.782968235593375,94079769427680.14,89763131169907.45,86565045547961.5,81689037508218.88,76240562968069.55,0.0020025634963284,0.0019106803820897,0.001842606559592,0.0017388168100253,0.0016228416509539,0.0012359964409611,0.0011792855289767,0.0011372698812911,0.00107321010925,0.0010016294157464
172,172,0.03,2020,500000.0,17.15,2.43,0.81,,2.0200000000000005,8265.2,1.6530399999999996,2020.0,0.5038083427941956,0.000961474313119,0.0015957100876295,5.748210093057603e-07,-0.0007776612598397,22927664800000.0,21771552052913.383,21034094322662.805,19862390054194.387,18580169600000.0,4.012519679409296,6.633783184948905,92010572775241.3,87370998837811.9,84411521335424.28,79709377361958.02,74563722998825.69,0.0019749165648669,0.0018753326676409,0.0018118103900751,0.0017108834884866,0.0016004370720334,0.0012158766711388,0.0011545668722277,0.0011154587616555,0.0010533221289922,0.0009853247140303
173,173,0.03,2030,500000.0,17.15,2.43,0.81,,2.03,8087.5,1.6175000000000002,2030.0,0.5069018518177814,0.0010406359827317,0.0016091821164559,2.0614887285297978e-06,-0.0007757230791064,22434725000000.0,21201578661417.324,20521004804630.97,19390735924062.96,18180700000000.0,4.008330495984725,6.4818524266950535,89903293158260.4,84961671775130.72,82234389360814.88,77705031656748.34,72856021276052.39,0.0019421688385777,0.0018354156516231,0.0017764985337622,0.0016786514240226,0.0015738989001884,0.0011930001116705,0.0011274257077215,0.0010912351733091,0.0010311314323122,0.0009667859592773
174,174,0.03,2040,500000.0,17.15,2.43,0.81,,2.04,7900.9,1.5801799999999997,2040.0,0.5122001207954441,0.0009768459707484,0.0015420027544258,7.756054793327478e-07,-0.0007651796740213,21917096600000.0,20612863308976.37,19987615259508.69,18899752761317.54,17761223200000.0,3.9860078786865776,6.299276530561847,87370965478892.84,82171731112856.97,79679223699909.5,75342536295098.69,70803868203515.16,0.0019073491744116,0.0017938474485089,0.0017394348420985,0.0016447629211016,0.0015456816669348,0.0011686126538272,0.001099071347547,0.0010657333194439,0.001007728835355,0.0009470227994966
175,175,0.03,2050,500000.0,17.15,2.43,0.81,,2.05,7704.25,1.54085,2050.0,0.5162153740670874,0.0009782940063957,0.0015419634252866,1.156690032178309e-06,-0.0007676245551833,21371589500000.0,20002756596850.39,19430590579354.12,18386843292227.81,17319154000000.0,3.974727930675705,6.125521399039049,84960981804671.6,79519300109534.7,77244701554207.23,73095370767640.6,68850860525198.89,0.0018695546683782,0.0017498112143729,0.0016997589873686,0.0016084535365852,0.0015150536750231,0.0011424991713888,0.0010693230298754,0.001038735730747,0.0009829382707273,0.0009258609002458
176,176,0.03,2060,500000.0,17.15,2.43,0.81,,2.06,7427.25,1.4854500000000002,2060.0,0.5181434666873883,0.000970382439618,0.001578244943496,3.5261666162662896e-06,-0.0007700043826339,20603191500000.0,19190002209448.816,18674578833287.33,17684688463797.395,16696458000000.0,3.978309507616455,5.90964452894768,81966769616504.34,76344603700941.19,74294067543531.34,70355934179019.42,66424404505371.92,0.0018116722507603,0.001687408210271,0.0016420861916903,0.0015550435161078,0.0014681467987415,0.0011042195823909,0.001028480283057,0.0010008563790041,0.0009478036114068,0.0008948398057731
177,177,0.03,2070,500000.0,17.15,2.43,0.81,,2.07,6935.1,1.38702,2070.0,0.5214638828165334,0.0010555823911601,0.0014750799455549,-4.701509327324334e-06,-0.0007720535234215,19237967400000.0,17831048577637.793,17383552669831.637,16474060662958.355,15590104800000.0,3.974152568585545,5.511609643091204,76446025749675.0,70855344037530.94,69077126880814.88,65463073070922.375,61950492388345.14,0.0016999652496659,0.001575642702622,0.0015360996741501,0.001455732306102,0.0013776214424113,0.0010336102490812,0.0009580198457822,0.0009339769546018,0.0008851121114395,0.0008376192645762
178,178,0.03,2080,500000.0,17.15,2.43,0.81,,2.079999999999999,6427.45,1.2854900000000005,2080.0,0.524852534935917,0.0010598584487355,0.0016233901164448,5.279751030924649e-06,-0.0007627447109012,17829746300000.0,16444606371939.123,16061400993265.25,15232205631852.082,14448907600000.0,3.9646113361195474,5.095993789215713,70681433856421.95,65190403610684.586,63671284652375.984,60384153354732.29,57278970190784.63,0.0015836142169842,0.0014605879413613,0.0014265521522097,0.0013529041293553,0.0012833326459194,0.0009603077714402,0.0008857043185885,0.0008650649277073,0.0008204045754954,0.0007782162473675
179,179,0.03,2090,500000.0,17.15,2.43,0.81,,2.0900000000000007,5923.45,1.18469,2090.0,0.5338870471144446,0.0010450640008718,0.001524970293463,-1.107464397378111e-06,-0.000762624151399,16431650300000.0,15080005601360.389,14756188652111.51,14004659318614.049,13315915600000.0,3.9177181290656153,4.640868535752592,64368846590888.45,59073954801953.46,57805444144218.11,54861426014983.05,52163362341859.13,0.0014668939035994,0.0013462292514149,0.001317321314594,0.0012502304395111,0.0011887445909486,0.0008871279646695,0.0008141540522159,0.0007966715068922,0.0007560972081552,0.0007189126404387
180,180,0.03,2100,500000.0,17.15,2.43,0.81,,2.1000000000000005,2153.8,0.43076,2100.0,0.5183823019444844,0.0011038575833576,0.0016135158239908,7.613072859199657e-06,-0.0007591124478811,5974641200000.0,5455861944293.291,5348788414683.962,5080126161963.951,4837940209575.186,4.057060239727371,1.748311798754807,24249084648729.176,22143531919364.15,21708956018281.63,20618545148399.46,19635592789652.25,0.0005360636681777,0.0004895171557631,0.0004799101806954,0.0004558049553148,0.0004340752671757,0.0003233258400211,0.0002952513945403,0.0002894569647585,0.0002749179413034,0.0002618117188749
181,181,0.03,2110,500000.0,17.15,2.43,0.81,,2.11,115.75,0.0231499999999999,2110.0,0.399800958915871,0.001332786831859,0.0016799454539213,-4.10981599088127e-06,-0.0008222571425037,321090500000.0,291742256974.8674,286561665789.4737,272369821472.9645,259455303101.82065,7.65885857231955,0.1746768398928603,2422767769313.9736,2201322484301.54,2162232665854.828,2055149014992.657,1957703345108.869,2.894861109893e-05,2.6302656535430164e-05,2.5835589090306394e-05,2.45560925561667e-05,2.3391756115642208e-05,1.7416400431761592e-05,1.5824510442819655e-05,1.5543507888841664e-05,1.4773722287954858e-05,1.4073220643293355e-05
182,182,0.03,2120,500000.0,17.15,2.43,0.81,,,,,2120.0,,,,,,,,,,,,,,,,,,,,,,,,,,,
183,183,0.03,2130,500000.0,17.15,2.43,0.81,,2.13,541.8,0.1083599999999999,2130.0,0.4951682099322852,0.0011028754680786,0.0015957862588397,1.857546833681795e-05,-0.0007618554523929,1502953200000.0,1351838846299.2852,1333061829473.684,1268817405386.1035,1209337787457.8557,4.327941678076976,0.4698982140146989,6517488228383.875,5862187703135.153,5780762023263.67,5502168998723.6455,5244238339488.131,0.0001368633234217,0.0001231024074702,0.0001213925172842,0.0001155422317318,0.0001101258433935,8.188918734846213e-05,7.365564313614761e-05,7.263256760147571e-05,6.913217671757996e-05,6.589139877722809e-05
184,184,0.03,2140,500000.0,17.15,2.43,0.81,,2.14,767.6,0.15352,2140.0,0.5178727951329847,0.00102907342025,0.0016846463224598,2.61479483689755e-06,-0.0007557163556692,2129322400000.0,1905495408070.0945,1882769280000.0,1793268467668.502,1709716939716.7903,4.1493343448566735,0.6374470109231687,8841390041504.348,7912013758481.666,7817650141961.742,7446024130393.808,7099100786524.068,0.0001948272796872,0.000174347711183,0.0001722683315128,0.0001640792476069,0.0001564345072404,0.0001162700069892,0.0001040481067659,0.0001028071640747,9.792004126268492e-05,9.335777453459626e-05
185,185,0.03,2150,500000.0,17.15,2.43,0.81,,2.1499999999999995,1086.45,0.2172899999999999,2150.0,0.5366145143663971,0.0010734473539882,0.0016612641379735,8.961634028376898e-06,-0.0007244775496908,3013812300000.0,2683232895342.4023,2656553231052.632,2532023695491.742,2414780546662.1714,4.017890140779921,0.873159192200078,12110717995815.082,10782316109263.42,10675106416597.28,10174696325588.045,9703565886437.502,0.0002771169791872,0.0002467205387718,0.0002442673707448,0.0002328170064622,0.0002220366180372,0.0001686983168299,0.0001501941156411,0.0001487007198981,0.0001417301719828,0.0001351674799839
186,186,0.03,2160,500000.0,17.15,2.43,0.81,,2.1599999999999997,1445.4,0.28908,2160.0,0.5362133974149856,0.0010649909055124,0.0016087973368812,1.348758796867661e-05,-0.0007482641253256,4009539600000.0,3551410788379.0635,3523215751578.948,3360401664157.12,3206097598833.82,4.0365372260243975,1.1668929328146365,16184804978139.004,14335533936907.38,14221722572639.688,13564511392429.385,12941651549720.35,0.0003704988581487,0.0003281657679379,0.0003255604241873,0.0003105156959895,0.0002962573307622,0.0002248041624382,0.0001991181051698,0.00019753728486,0.000188408734401,0.0001797573181222
187,187,0.03,2170,500000.0,17.15,2.43,0.81,,2.170000000000001,1355.9,0.27118,2170.0,0.5287887931900059,0.0010587638008856,0.0016816737258912,5.77026016329647e-06,-0.0007374330749568,3761266600000.0,3314258619317.309,3294708546315.788,3144657507930.368,3001864212698.412,4.114597918928292,1.115478710460223,15471689714083.293,13632955715051.812,13552537947439.385,12935314189045.004,12347944615965.477,0.0003492579557463,0.0003077503706324,0.0003059350197793,0.000292001809375,0.0002787425274122,0.0002112833726547,0.0001861733860979,0.0001850751907827,0.0001766463042315,0.0001686251102515
188,188,0.03,2180,500000.0,17.15,2.43,0.81,,2.18,1262.6,0.2525199999999999,2180.0,0.5421254876086777,0.0011356543535224,0.0016507966263534,4.737062272697531e-06,-0.0007326649529484,3502452400000.0,3070127960531.226,3058362753684.2104,2921133776402.321,2789987711175.8994,4.035587594232726,1.0195124314832475,14140637424672.645,12395190963115.377,12347690667536.79,11793648816203.754,11264165829357.363,0.0003267485824735,0.0002864164432658,0.0002853188510016,0.0002725165717184,0.0002602817756339,0.0001971935028009,0.000172852966277,0.0001721905668825,0.0001644643626045,0.0001570806357106
189,189,0.03,2190,500000.0,17.15,2.43,0.81,,2.19,1155.05,0.2310099999999999,2190.0,0.5476008281326358,0.0010236307937742,0.0016794463059322,-7.360434302456125e-06,-0.0007253554962738,3204108700000.0,2793904311458.677,2788959832413.793,2665776478434.164,2547468574570.781,4.015539637035597,0.92749261488942,12864322568516.262,11217374207114.982,11197522392048.082,10702947910019.535,10227948095655.066,0.0003003543178134,0.0002619016088637,0.0002614381115952,0.0002498908590782,0.0002388006330329,0.0001808004096648,0.0001576535290691,0.0001573745236044,0.0001504235731378,0.0001437477329938
190,190,0.03,2200,500000.0,17.15,2.43,0.81,,2.2,256.3,0.0512599999999999,2200.0,0.513758336162914,0.0010061692717714,0.0016404265659764,-2.29085957406644e-05,-0.0007413823407516,710976200000.0,616690656810.449,616864125517.2412,590063528256.2279,564191604211.2083,4.310091178215244,0.2209581211953553,3064689140979.579,2658267828473.79,2659015571734.4043,2543490608454.9087,2431968725335.587,6.69690355054114e-05,5.808799013496434e-05,5.810432968611142e-05,5.5579898981484405e-05,5.31429428640163e-05,4.020721831384171e-05,3.487517004153465e-05,3.48849800663493e-05,3.336934921258103e-05,3.190623680702198e-05
