,Simulation Number,PG.orderDiffraction,PG.cFactor,PG.lineDensity,SU.numberRays,SU.photonEnergy,SU.electronSigmaX,SU.electronSigmaY,SU.electronSigmaYs,SourcePhotonFlux,SourceBandwidth,NumberRaysSurvived,PercentageRaysSurvived,PhotonEnergy,Bandwidth,HorizontalFocusFWHM,VerticalFocusFWHM,HorizontalCenter,VerticalCenter,PhotonFlux1,PhotonFlux3,PhotonFlux5,EnergyPerMilPerBw,FluxPerMilPerBwPerc,FluxPerMilPerBwAbs1,FluxPerMilPerBwAbs3,FluxPerMilPerBwAbs5,AXUVCurrentAmp1,AXUVCurrentAmp3,AXUVCurrentAmp5,GaAsPCurrentAmp1,GaAsPCurrentAmp3,GaAsPCurrentAmp5
0,0,2,25,3000,1000000.0,150,17.15,2.43,0.81,,0.00045,2016.5,0.2016499999999999,150.0,0.0001121918688368,0.0115488208915815,0.0008816736196649,-4.210761819636565e-05,-1.98036253293531e-07,4859765000000.0,3145740000000.0,2540790000000.0,4.029487947657086,0.8134882521041075,19605066875708.992,12690416732824.078,10249951976511.754,2.965730130592018e-05,1.9197257276861195e-05,1.5505477031310966e-05,1.9251778696837164e-05,1.2461732268492108e-05,1.0065245293782088e-05
1,1,2,25,3000,1000000.0,155,17.15,2.43,0.81,,0.0004649999999999,1872.0,0.1872,155.0,0.0001079755637362,0.01166198485248,0.0008207199798741,5.002909416921552e-05,5.490553817316631e-06,4511520000000.0,2920320000000.0,2358720000000.0,4.306530550191688,0.8061829979439429,19429010250449.02,12576454767925.508,10157905774093.68,2.855514651879237e-05,1.8483829281873903e-05,1.4929246727667382e-05,1.8369081936776272e-05,1.189036009185518e-05,9.60375238188303e-06
2,2,2,25,3000,1000000.0,160,17.15,2.43,0.81,,0.0004799999999999,1763.0,0.1763,160.0,0.0001038296395847,0.0113343148157521,0.0008048471562558,-6.333229850654203e-05,-6.002082463706713e-06,4248830000000.001,2750280000000.0,2221380000000.0,4.650821570349929,0.8207318163115893,19779636773109.305,12803416334460.793,10341220885526.027,2.7750177132512597e-05,1.7962770260049647e-05,1.4508391363886252e-05,1.7794208798204176e-05,1.1518243039501458e-05,9.303196301135791e-06
3,3,2,25,3000,1000000.0,165,17.15,2.43,0.81,,0.000495,1597.5,0.15975,165.0,0.0001065001843727,0.0119460405457708,0.0007724017521821,-7.064560722173584e-05,-7.123990833748328e-06,3849975000000.0,2492100000000.0,2012850000000.0,4.677060997228102,0.7483981127277632,18036394516739.094,11675010558553.104,9429816220369.816,2.5869874257116506e-05,1.6745644747345123e-05,1.352532844977875e-05,1.651733043884901e-05,1.0691715968715545e-05,8.635616743962554e-06
4,4,2,25,3000,1000000.0,170,17.15,2.43,0.81,,0.0005099999999999,1490.5,0.14905,170.0,0.000126921718177,0.0115249485133825,0.0007788503528503,-0.0002635313490592,3.0469801348049184e-06,3586116503905.451,2325180000000.0,1878030000000.0,4.034766601787161,0.6006198440653902,14450806678134.951,9369669567420.086,7567810035223.916,2.487006489973847e-05,1.612534825363234e-05,1.302431974331843e-05,1.577022007188037e-05,1.0225155894071187e-05,8.258779760595958e-06
5,5,2,25,3000,1000000.0,175,17.15,2.43,0.81,,0.000525,1380.5,0.1380499999999999,175.0,0.0001222574363594,0.010856526134757,0.0009260153678295,0.0001920307317475,-2.243665486020752e-06,3313200000000.0,2153580000000.0,1739430000000.0,4.294218319081319,0.5928177737527294,14227626570065.504,9247957270542.578,7469503949284.39,2.3796227088218717e-05,1.546754760734216e-05,1.2493019221314824e-05,1.4875643446109917e-05,9.669168239971444e-06,7.809712809207705e-06
6,6,2,25,3000,1000000.0,180,17.15,2.43,0.81,,0.0005399999999999,1370.5,0.1370499999999999,180.0,0.000125681809635,0.0118201841110115,0.0007506680460499,-8.619371848830549e-05,3.5423867434267683e-06,3289200000000.0,2137980000000.0,1726830000000.0,4.29657319773483,0.588842603857701,14132222492584.828,9185944620180.137,7419416808607.035,2.442213572118237e-05,1.5874388218768538e-05,1.2821621253620745e-05,1.5084267730618423e-05,9.804774024901974e-06,7.91924055857467e-06
7,7,2,25,3000,1000000.0,185,17.15,2.43,0.81,,0.0005549999999999,1278.0,0.1278,185.0,0.0001290648137199,0.0119468572458631,0.0009624196440651,-0.0001634050173707,7.011274136978895e-06,3067200000000.0,1993680000000.0,1610280000000.0,4.389004193041541,0.5601029741795464,13442471380309.111,8737606397200.922,7057297474662.283,2.3445495462666496e-05,1.523957205073322e-05,1.230888511789991e-05,1.4327655429976806e-05,9.312976029484924e-06,7.522019100737823e-06
8,8,2,25,3000,1000000.0,190,17.15,2.43,0.81,,0.00057,1316.0,0.1315999999999999,190.0,0.0001516339903985,0.0115035791087203,0.00074557696411,-5.616633117716876e-05,4.114223365396364e-06,3158399999999.9995,2052960000000.0,1658160000000.0,3.7590619560626326,0.4947199558646162,11873278940750.787,7717631311488.013,6233471443894.164,2.48326231834196e-05,1.614120506922274e-05,1.3037127171295288e-05,1.5033127713045465e-05,9.771533013479552e-06,7.892392049348869e-06
9,9,2,25,3000,1000000.0,195,17.15,2.43,0.81,,0.000585,1286.0,0.1286,195.0,0.0001167667473964,0.0119408121417071,0.0007505110550761,2.1382581360590154e-06,2.11714594203414e-05,3086400000000.0,2006160000000.0,1620360000000.0,5.009995756108873,0.6442648463377167,15462356312105.203,10050531602868.385,8117737063855.23,2.496876455401242e-05,1.6229696960108072e-05,1.3108601390856524e-05,1.49502650833517e-05,9.717672304178608e-06,7.848889168759641e-06
10,10,2,25,3000,1000000.0,200,17.15,2.43,0.81,,0.0006,1306.0,0.1306,200.0,0.0001396139131344,0.0111925301468849,0.0008365541817446,-9.730282535898631e-05,5.53547206368032e-06,3125125430148.729,2037360000000.0,1645560000000.0,4.2975668473422814,0.5612663415316783,13430533820882.004,8755754927894.183,7071955903299.148,2.5974370035775105e-05,1.693344594286197e-05,1.367701403077313e-05,1.5410420626691894e-05,1.0046500618857656e-05,8.114481269077335e-06
11,11,2,25,3000,1000000.0,205,17.15,2.43,0.81,,0.0006149999999999,1344.5,0.13445,205.0,0.0001221742761856,0.0102995786516511,0.0009102230697648,-1.2806634548721272e-06,4.830297567187954e-06,3213355000000.0,2097420000000.0,1694070000000.0,5.033793248255272,0.6767948182176026,16175396155400.7,10557999164194.6,8527614709541.793,2.7409152486433512e-05,1.7890492836333172e-05,1.445001344473064e-05,1.6107971136180783e-05,1.0513989528218416e-05,8.492068465099491e-06
12,12,2,25,3000,1000000.0,210,17.15,2.43,0.81,,0.00063,1346.0,0.1346,210.0,0.0001564994224736,0.0113695663896885,0.0009580786833901,-6.437571999170179e-05,-5.423173733671577e-06,3216940000000.0,2099760000000.0,1695960000000.0,4.040914084729686,0.5444049840854415,13011279119642.057,8492717751732.889,6859502799476.564,2.8166358723278158e-05,1.8384736237788256e-05,1.4849210038213587e-05,1.6397565550707498e-05,1.0703013497532928e-05,8.64474167108429e-06
13,13,2,25,3000,1000000.0,215,17.15,2.43,0.81,,0.0006449999999999,1363.0,0.1363,215.0,0.0001500985327567,0.0116959031520127,0.000925411820536,1.344493330245822e-05,2.8728620125786026e-06,3252604107885.367,2126280000000.0,1717380000000.0,4.297201100740095,0.585718634147644,13977335550210.076,9137210692703.246,7380054790260.314,2.920149989162785e-05,1.9089493565799416e-05,1.541843711083799e-05,1.689493328148768e-05,1.1044491596955114e-05,8.920550905232976e-06
14,14,2,25,3000,1000000.0,220,17.15,2.43,0.81,,0.0006599999999999,1427.0,0.1427,220.0,0.0001641519826307,0.0110832576852089,0.0007051981958905,5.241291340316765e-05,1.918256925066755e-05,3396260000000.0,2226120000000.0,1798020000000.0,4.03978231582944,0.5770605439031065,13734040944893.934,9002144484888.46,7270962853179.141,3.125778535443097e-05,2.048829628273627e-05,1.654823930528699e-05,1.7983426438272752e-05,1.1787455984750203e-05,9.520637526144398e-06
15,15,2,25,3000,1000000.0,225,17.15,2.43,0.81,,0.0006749999999999,1460.0,0.146,225.0,0.0001677906552117,0.0117537722589424,0.0008624132253081,-0.0001048166726901,-2.90365339470726e-06,3474800000000.0,2277600000000.0,1839600000000.0,4.040807173655489,0.5900655361606066,14043559760622.438,9205022364105.465,7434825755623.644,3.275381532746864e-05,2.146888735750045e-05,1.7340255173365748e-05,1.8750421571510667e-05,1.229019229057002e-05,9.926693773152706e-06
16,16,2,25,3000,1000000.0,230,17.15,2.43,0.81,,0.00069,1484.0,0.1484,230.0,0.0001829411474147,0.0119603492983979,0.0008155500795236,-2.2982539902227534e-06,5.067731089219898e-06,3531920000000.0005,2315040000000.0,1869840000000.0,3.830783879687002,0.5699155184809115,13563989339845.691,8890682088302.217,7180935532859.484,3.406980562403138e-05,2.233146923255838e-05,1.803695591860485e-05,1.9429426455864715e-05,1.2735254315608809e-05,1.0286166947222498e-05
17,17,2,25,3000,1000000.0,235,17.15,2.43,0.81,,0.0007049999999999,1563.0,0.1563,235.0,0.0001636631068606,0.0109610223722934,0.0009005506200618,-0.0002328971076276,-1.738562807589959e-06,3719940000000.0,2438280000000.0,1969380000000.0,4.394759412243603,0.6873959376150094,16360023315237.225,10723376626794.148,8661188813949.119,3.67336008332121e-05,2.4077486260424745e-05,1.944720044111229e-05,2.08356811193198e-05,1.3657001069806258e-05,1.1030654710228133e-05
18,18,2,25,3000,1000000.0,240,17.15,2.43,0.81,,0.0007199999999999,1654.5,0.1654499999999999,240.0,0.0001791103260443,0.0116076236853882,0.0007713937510423,-6.700709451093459e-05,3.5869570161308e-06,3924672849947.731,2581020000000.0,2084670000000.0,4.0383690758046935,0.667013829589248,15822369704010.783,10405415741592.27,8404374252824.527,3.962816610365933e-05,2.606104844591798e-05,2.104930836016452e-05,2.238934378036494e-05,1.4724117472560073e-05,1.1892556420144673e-05
19,19,2,25,3000,1000000.0,245,17.15,2.43,0.81,,0.000735,1793.5,0.17935,245.0,0.0001709593359464,0.0117349869973269,0.0009265741385439,-5.990717962097456e-05,-5.085292062951638e-06,4250595000000.0,2797860000000.0,2259810000000.0,4.390432022113593,0.7858739839288484,18625213419113.707,12259634149290.035,9902012197503.488,4.385325509324659e-05,2.886543373226357e-05,2.3314388783751348e-05,2.4670305752890372e-05,1.623868226772531e-05,1.3115858754701212e-05
20,20,2,25,3000,1000000.0,250,17.15,2.43,0.81,,0.00075,1772.5,0.1772499999999999,250.0,0.0001622442825919,0.0118237529741916,0.0008014806723306,2.657235188089156e-06,3.6392847399978745e-06,4200825000000.0,2765100000000.0,2233350000000.0,4.650179481451643,0.8224735203346609,19492622431931.465,12830586917220.71,10363166356216.729,4.429830008265953e-05,2.9158374737953106e-05,2.3550994980654437e-05,2.481290608387478e-05,1.63325457767277e-05,1.319167158889545e-05
21,21,2,25,3000,1000000.0,255,17.15,2.43,0.81,,0.000765,1882.0,0.1881999999999999,255.0,0.0001520240403749,0.0114368173244292,0.0008346357626478,-1.5910240023768478e-05,-7.374852730780725e-06,4452018448043.82,2935920000000.0,2371320000000.0,5.167928761771879,0.9764582113940724,23098884011000.445,15232748097747.527,12303373463565.312,4.7951594625097766e-05,3.162207150187697e-05,2.5540903905362167e-05,2.673347073137729e-05,1.7629606055238137e-05,1.423929719846157e-05
22,22,2,25,3000,1000000.0,260,17.15,2.43,0.81,,0.00078,1949.0,0.1949,260.0,0.0001812981006707,0.0119953571376924,0.0007615242508972,3.555166376985779e-05,4.98308073294619e-06,4599640000000.0,3040440000000.0,2455740000000.0,4.302306879608663,0.8385136139062311,19788921288187.05,13080812376937.203,10565271535218.512,5.054365064460104e-05,3.3410209748126115e-05,2.698516941194802e-05,2.808648873094091e-05,1.8565645093333826e-05,1.4995328729231164e-05
23,23,2,25,3000,1000000.0,265,17.15,2.43,0.81,,0.0007949999999999,2035.0,0.2034999999999999,265.0,0.0001977957575433,0.0115880152606147,0.0008052008975532,5.322753441098713e-06,4.2442252187289283e-07,4802600000000.0,3174600000000.0,2564100000000.0,4.035884811686632,0.8207074662217795,19368696202834.0,12803036473059.76,10340914074394.422,5.3870344660075705e-05,3.56092108769992e-05,2.8761285708345503e-05,2.9791879904469463e-05,1.969293756397134e-05,1.5905834186284547e-05
24,24,2,25,3000,1000000.0,270,17.15,2.43,0.81,,0.0008099999999999,2115.5,0.21155,270.0,0.0002287000123146,0.0116940055364829,0.000751099053321,-3.807569264118849e-05,-3.074242141465795e-06,4990541689826.468,3300180000000.0005,2665530000000.0,3.5531969540825905,0.7522735636044007,17746407853094.227,11735467592228.652,9478646901415.45,5.710375093897603e-05,3.7761964228845646e-05,3.0500048030990707e-05,3.145768606132302e-05,2.080255668387512e-05,1.6802065013899134e-05
25,25,2,25,3000,1000000.0,275,17.15,2.43,0.81,,0.0008249999999999,2089.5,0.20895,275.0,0.0001899881764586,0.0119349488958431,0.0010283096632144,-3.51188529210764e-05,1.0017925681279051e-05,4910720364441.288,3259620000000.0,2632770000000.0,4.342378186082634,0.9073435176299232,21324289493032.098,14154558875026.8,11432528322137.031,5.730885856563028e-05,3.804026450179541e-05,3.072482902068091e-05,3.145226243377444e-05,2.0877267705314395e-05,1.6862408531215474e-05
26,26,2,25,3000,1000000.0,280,17.15,2.43,0.81,,0.0008399999999999,2237.5,0.22375,280.0,0.0001816229671475,0.0117554108864783,0.0008673050709642,-2.06680820512924e-05,-9.15971488025893e-06,5258125000000.0,3490500000000.0,2819250000000.0,4.65304840356619,1.0409930612235527,24463336938753.49,16239491755087.422,13116512571416.762,6.253071168136083e-05,4.150974903103102e-05,3.352710498660198e-05,3.42276822330135e-05,2.272135501425577e-05,1.8351863665360428e-05
27,27,2,25,3000,1000000.0,285,17.15,2.43,0.81,,0.000855,2289.5,0.22895,285.0,0.0001844921879125,0.0111868480544695,0.0007800360044734,-6.186838924950757e-05,-9.505207503491232e-06,5380325000000.0,3571620000000.0,2884770000000.0,4.661837425601836,1.065627095310513,25042236739797.05,16623782686844.004,13426901400912.465,6.516827482653441e-05,4.326064201250795e-05,3.494128777933334e-05,3.562834202466683e-05,2.3651154705736287e-05,1.910285572386392e-05
28,28,2,25,3000,1000000.0,290,17.15,2.43,0.81,,0.0008699999999999,2401.0,0.2400999999999999,290.0,0.0002021252983297,0.0111468625926406,0.0008520841165923,-9.581032254064352e-06,1.6586239317007472e-06,5627097215804.543,3745560000000.0,3025260000000.0,4.304268503432702,1.0334439329789613,24220281041049.61,16121725354471.797,13021393555534.914,6.943928236770861e-05,4.622081127987194e-05,3.7332193726050414e-05,3.791767832054975e-05,2.5239112416864886e-05,2.038543695208318e-05
29,29,2,25,3000,1000000.0,295,17.15,2.43,0.81,,0.0008849999999999,2468.0,0.2467999999999999,295.0,0.0002058411286611,0.0119700378799266,0.0008641768104839,-1.5890509983502658e-05,1.2107020867753802e-06,5775120000000.0,3850080000000.0,3109680000000.0,4.299435054724588,1.0610964518180648,24829656972542.72,16553104648361.809,13369815292907.615,7.254649162615219e-05,4.8364327750768135e-05,3.906349549100503e-05,3.956347493680252e-05,2.6375649957868343e-05,2.1303409581355203e-05
30,30,2,25,3000,1000000.0,300,17.15,2.43,0.81,,0.0009,2408.5,0.24085,300.0,0.000238326544121,0.0111574846814306,0.0008542783837007,-2.973885466690656e-05,-4.6549517446882405e-07,5626142122504.259,3757260000000.0,3034710000000.0,3.776352936514305,0.9095576282947098,21246836144463.1,14189099001397.473,11460426116513.344,7.191078743185522e-05,4.802358690966536e-05,3.8788281734729705e-05,3.919591276589818e-05,2.6175882512766565e-05,2.114205895261915e-05
31,31,2,25,3000,1000000.0,305,17.15,2.43,0.81,,0.000915,2530.0,0.253,305.0,0.0002284062571504,0.0122525657881665,0.000831597100924,9.955740749687676e-05,8.040172198161632e-06,5894900000000.0,3946800000000.0,3187800000000.0,4.023458757163455,1.0175907134411275,23709863623178.277,15874415129681.588,12821642989358.207,7.668811262545686e-05,5.134483077069215e-05,4.147082485325135e-05,4.173040778980826e-05,2.7939672168283644e-05,2.256665828976756e-05
32,32,2,25,3000,1000000.0,310,17.15,2.43,0.81,,0.0009299999999999,2586.0,0.2586,310.0,0.0002161046886044,0.01249554015823,0.0008915308663987,3.625784816938191e-05,2.102384005261808e-05,6025380000000.0,4034160000000.0,3258360000000.0,4.303469874194824,1.1128774844358906,25930045387356.246,17360888757199.89,14022256303892.22,7.974238996141003e-05,5.338975465227453e-05,4.312249414222173e-05,4.335304783284407e-05,2.902607494387843e-05,2.344413745467104e-05
33,33,2,25,3000,1000000.0,315,17.15,2.43,0.81,,0.0009449999999999,2577.5,0.25775,315.0,0.0002186271795209,0.0112988306026605,0.0008419459292226,6.414456544030215e-05,-1.0826354568165345e-05,6004056505585.548,4020900000000.0,3247650000000.0,4.322435734607904,1.114113683966782,25952285207304.125,17380173469881.797,14037832417981.451,8.082361633290477e-05,5.4127351834654766e-05,4.371824571260577e-05,4.387775516374016e-05,2.9384811014645264e-05,2.373388581952118e-05
34,34,2,25,3000,1000000.0,320,17.15,2.43,0.81,,0.0009599999999999,2719.0,0.2719,320.0,0.0002693563770037,0.0115097288898912,0.0008606309620287,7.07892343658082e-05,-9.374675589943135e-06,6309612408052.506,4241640000000.001,3425940000000.0005,3.5800102403236056,0.9731657603973496,22582930330617.76,15181385862198.656,12261888581006.604,8.63368204400567e-05,5.8039969393998726e-05,4.687843681822973e-05,4.684613631542904e-05,3.149233784746972e-05,2.5436119030648617e-05
35,35,2,25,3000,1000000.0,325,17.15,2.43,0.81,,0.0009749999999999,2797.0,0.2797,325.0,0.0002752490969725,0.0120927339897465,0.0008914274608022,-3.2075923124176784e-05,-3.044356609069979e-06,6489040000000.0,4363320000000.0,3524220000000.0,3.5538137094272697,0.9935556332066826,23050490690395.03,15499467878024.248,12518800978404.2,9.021653905934753e-05,6.0662845229561264e-05,4.899691345464564e-05,4.89116858937879e-05,3.2888892238926345e-05,2.656410526990205e-05
36,36,2,25,3000,1000000.0,330,17.15,2.43,0.81,,0.00099,2832.0,0.2832,330.0,0.0002458018055619,0.012183670763631,0.0008781310178651,4.663361717954522e-05,-1.076388082735321e-06,6550045029581.904,4417920000000.0,3568320000000.0,4.045235142192752,1.1472115467087811,26533500315673.805,17896500128656.99,14454865488530.645,9.255226002519676e-05,6.242529307262137e-05,5.042042902019419e-05,5.013467404711789e-05,3.38151841958224e-05,2.731226415816424e-05
37,37,2,25,3000,1000000.0,335,17.15,2.43,0.81,,0.0010049999999999,2875.5,0.28755,335.0,0.0002503407905009,0.011814460589838,0.0007712133598076,0.0001351814963733,3.064180649898438e-07,6642405000000.0,4485780000000.0,3623130000000.0,4.032842983744725,1.1575377205769124,26739121345326.67,18057588440999.84,14584975279269.098,9.532573589598826e-05,6.437582164404403e-05,5.199585594326633e-05,5.159249694168819e-05,3.484168624633488e-05,2.814136196819356e-05
38,38,2,25,3000,1000000.0,340,17.15,2.43,0.81,,0.0010199999999999,3028.5,0.3028499999999999,340.0,0.0002708781338185,0.0120303464147042,0.0009733674389741,4.62194073939949e-06,5.227903287370817e-06,6981220807437.656,4724460000000.0,3815910000000.0,3.825621094116904,1.1617777586214713,26781004002332.84,18123733034494.957,14638399758630.54,0.0001017214857325,6.883883259673149e-05,5.56005955588985e-05,5.503698033392978e-05,3.724563644103874e-05,3.008301404853129e-05
39,39,2,25,3000,1000000.0,345,17.15,2.43,0.81,,0.001035,2990.5,0.29905,345.0,0.0002750957563079,0.012264489887991,0.0008652192117424,1.8123536426912576e-05,-1.0349234160197195e-05,6878150000000.0,4665180000000.0,3768030000000.0,3.762330363177943,1.125152447004255,25878506281097.875,17552378173266.389,14176920832253.62,0.0001017771294705,6.903144433657293e-05,5.575616657953967e-05,5.5002538953950966e-05,3.730606989920153e-05,3.013182568781661e-05
40,40,2,25,3000,1000000.0,350,17.15,2.43,0.81,,0.00105,3110.0,0.3109999999999999,350.0,0.0002613212899689,0.0119472890903687,0.0008511874247863,-3.759264867005887e-05,3.268752772188628e-06,7153000000000.0,4851600000000.0,3918600000000.0,4.035379045425984,1.255082233151673,28866891362488.49,19579282837166.11,15814036137711.086,0.0001074503039823,7.287933661413891e-05,5.886407957295836e-05,5.8033215152080605e-05,3.936165897271554e-05,3.1792109170270246e-05
41,41,2,25,3000,1000000.0,355,17.15,2.43,0.81,,0.001065,3093.0,0.3093,355.0,0.0002476896545999,0.0122641074031054,0.0008844705230791,1.490159320444294e-05,7.7138025562443e-06,7109670541516.801,4825080000000.0,3897180000000.0,4.299741945691679,1.329930720866531,30570220719052.637,20746919245517.883,16757127082918.29,0.000108333214953,7.352189187295055e-05,5.938306651276776e-05,5.848403781910075e-05,3.969103203198263e-05,3.205814125660135e-05
42,42,2,25,3000,1000000.0,360,17.15,2.43,0.81,,0.0010799999999999,3178.5,0.3178499999999999,360.0,0.0002686772743061,0.0114758424057402,0.0008123650225195,1.227485840316517e-05,-7.525453662145134e-07,7278765000000.0,4958460000000.0,4004910000000.001,4.035844626131468,1.282065555003923,29359301209589.84,20000222658061.2,16154025993049.43,0.000112555857681,7.667560610595959e-05,6.19302972394289e-05,6.071962460896768e-05,4.1363587069864446e-05,3.340905109489052e-05
43,43,2,25,3000,1000000.0,365,17.15,2.43,0.81,,0.0010949999999999,3258.0,0.3258,365.0,0.0002912087364279,0.0120167728198161,0.0008729454673067,0.0001188765321392,-1.1936020701955406e-05,7460819999999.999,5082480000000.0,4105080000000.0,3.820360687130137,1.2440022763649,28487652128756.207,19406435511292.44,15674428682197.738,0.0001170432670512,7.973253126638172e-05,6.439935217669292e-05,6.307867904428549e-05,4.297062851925125e-05,3.4707046111702935e-05
44,44,2,25,3000,1000000.0,370,17.15,2.43,0.81,,0.0011099999999999,3377.5,0.33775,370.0,0.0003117297910363,0.0121308519680857,0.0008711997366747,-3.0529168151633166e-05,2.479758980897237e-06,7707761476619.44,5264025982594.728,4255650000000.0,3.574544007972003,1.208511277598709,27579323966056.17,18835336093377.81,15227242097743.734,0.0001226650006009,8.377422579527194e-05,6.772644838464824e-05,6.605841119479127e-05,4.511468004726328e-05,3.647251909051173e-05
45,45,2,25,3000,1000000.0,375,17.15,2.43,0.81,,0.001125,3516.5,0.35165,375.0,0.0002990345030866,0.0121284427725397,0.0007964017914305,2.3065277173702976e-05,6.073294305862667e-06,8017620000000.0,5470294895923.434,4430790000000.0,3.762107929512138,1.3229429667346602,30163099641550.246,20579804232977.152,16669081380856.717,0.0001293734991009,8.826948543328857e-05,7.149588108210004e-05,6.961733830003385e-05,4.749880517790195e-05,3.847273958686082e-05
46,46,2,25,3000,1000000.0,380,17.15,2.43,0.81,,0.00114,3600.5,0.36005,380.0,0.0003029656862736,0.0120708303352266,0.0008753263259196,1.580251088861985e-05,-1.7964901433274551e-06,8188963343501.209,5590347730674.645,4536630000000.0,3.7628057536277817,1.35480982141331,30813742438464.14,21035572866639.684,17070603749807.703,0.0001339450358814,9.14400634080071e-05,7.420463893193375e-05,7.205232896185062e-05,4.91878589273899e-05,3.991650022436716e-05
47,47,2,25,3000,1000000.0,385,17.15,2.43,0.81,,0.001155,3664.5,0.3664499999999999,385.0,0.0003069242495712,0.0122131023740824,0.0008212013397346,-5.144575717261879e-05,-9.623216165547758e-06,8318415000000.0,5679975000000.0,4617270000000.0,3.7631442426616433,1.3790047860791064,31303408643995.715,21374574184226.15,17375460304596.738,0.0001379451031509,9.419159025725924e-05,7.656864756396559e-05,7.412397636848061e-05,5.061328782869821e-05,4.11437049446192e-05
48,48,2,25,3000,1000000.0,390,17.15,2.43,0.81,,0.00117,3818.0,0.3818,390.0,0.0003109347856024,0.0114498395828638,0.0009277275354411,2.786252595018446e-07,8.857207409070587e-06,8654266521236.375,5917900000000.0,4810680000000.0,3.7628478263528695,1.4366662021845271,32564935085797.17,22268326133860.164,18101994147525.04,0.0001454324639849,9.944861029001771e-05,8.084209610674666e-05,7.811203344287431e-05,5.341402435171898e-05,4.342043269881671e-05
49,49,2,25,3000,1000000.0,395,17.15,2.43,0.81,,0.0011849999999999,3910.5,0.39105,395.0,0.0002956636814701,0.0119109857948981,0.0008193834990495,2.8900791707557092e-05,-6.578468568618864e-06,8837730000000.0,6061275000000.0,4927230000000.0,4.026195821391875,1.574782837537966,35590092128358.03,24409133981838.477,19842263752978.37,0.0001504587115016,0.0001031907092157,8.388406039475224e-05,8.087789700061772e-05,5.546935413759181e-05,4.509121691184881e-05
50,50,2,25,3000,1000000.0,400,17.15,2.43,0.81,,0.0012,4032.5,0.40325,400.0,0.0002990020569484,0.0120750389265916,0.0008557635868675,-5.800897938546761e-05,-1.3481391780128449e-05,9109445718940.416,6250375000000.0,5080950000000.0,4.03062350961568,1.6272882961988089,36760556486770.2,25222968591081.53,20503832532104.992,0.0001571469011011,0.0001078251182646,8.765138646031644e-05,8.454085046161942e-05,5.800704395278046e-05,4.715411314871185e-05
51,51,2,25,3000,1000000.0,405,17.15,2.43,0.81,,0.001215,4128.0,0.4128,405.0,0.0003417862270395,0.0115793871731643,0.0008923207493012,1.054124890603896e-05,-2.812063983301288e-06,9288659144414.473,6398400000000.0,5201280000000.0,3.5663267161831644,1.472907873578806,33142779042630.46,22830072040471.49,18558639207092.957,0.0001623258718616,0.0001118165541841,9.089603759490338e-05,8.750379546605065e-05,6.027611479818939e-05,4.899864815852815e-05
52,52,2,25,3000,1000000.0,410,17.15,2.43,0.81,,0.0012299999999999,4225.5,0.4225499999999998,410.0,0.0003064527411424,0.0119808243527251,0.0009508261977419,4.748909392377923e-05,-1.277842199855206e-05,9507375000000.0,6549525000000.0,5324130000000.0,4.0305391096346295,1.7027783553038114,38312512994335.766,26393064507209.08,21455007276828.023,0.0001682929766695,0.0001159351617057,9.424406693498255e-05,9.093528517183002e-05,6.264430756281622e-05,5.0923759696224806e-05
53,53,2,25,3000,1000000.0,415,17.15,2.43,0.81,,0.0012449999999999,4364.5,0.4364499999999999,415.0,0.0003310053352265,0.0124935482126279,0.0007685798456489,-4.152323957740281e-06,-9.070667243739688e-06,9787239059016.44,6764975000000.0,5499270000000.0,3.7612797078792286,1.641574138664078,36811727639372.98,25444399149293.207,20683834147167.383,0.0001754117648245,0.0001212452456293,9.856065128581722e-05,9.498162483821336e-05,6.565164226758602e-05,5.336843177881185e-05
54,54,2,25,3000,1000000.0,420,17.15,2.43,0.81,,0.00126,4489.0,0.4488999999999999,420.0,0.0002936873093801,0.0120971096570342,0.0008150928379085,-1.2187724453765392e-05,-9.536273515154066e-06,10026710559673.176,6953757056667.359,5656140000000.0,4.290277322457909,1.9259045420171883,43017347757554.63,29833531520427.14,24266397229416.57,0.0001819092796131,0.0001261583177508,0.0001026163412883,9.875030097377456e-05,6.848563127036085e-05,5.570575953356444e-05
55,55,2,25,3000,1000000.0,425,17.15,2.43,0.81,,0.001275,4583.5,0.4583499999999999,425.0,0.0003391267800907,0.0121820936972802,0.000951069951453,5.81218607169017e-05,-1.1239433970197648e-05,10221205000000.0,7086626605946.346,5775210000000.0,3.821384614498064,1.755101417026585,39138761599692.84,27135918835027.227,22114277854534.973,0.0001877359612844,0.0001301622125895,0.0001060750274521,0.0001020944881967,7.078475741130433e-05,5.768567494530049e-05
56,56,2,25,3000,1000000.0,430,17.15,2.43,0.81,,0.0012899999999999,4722.5,0.47225,430.0,0.0003216715596181,0.0115207388220497,0.0008633194174555,1.786758917594181e-05,2.778227659325751e-06,10511922577771.512,7287609741284.034,5950350000000.0,4.027476106007072,1.9020676414208924,42338565980520.66,29352094594388.656,23966052281903.24,0.0001953978316067,0.0001354636252795,0.0001106063594646,0.0001065099258798,7.384022928663594e-05,6.029071587720872e-05
57,57,2,25,3000,1000000.0,435,17.15,2.43,0.81,,0.0013049999999999,4795.0,0.4795,435.0,0.000369174085705,0.0113946764351539,0.0008610192191106,4.871445627330719e-05,-4.417314440703047e-06,10644900000000.0,7385348486777.373,6041700000000.0,3.5472605078945096,1.7021878048357266,37788569267353.125,26217414241197.977,21447566340930.15,0.0002002075484673,0.0001389024335705,0.0001136313112923,0.0001093423067796,7.586083851573869e-05,6.20591470911797e-05
58,58,2,25,3000,1000000.0,440,17.15,2.43,0.81,,0.0013199999999999,4780.5,0.47805,440.0,0.0003070964995969,0.0116024085530359,0.0009235056575428,4.710070763764651e-05,-8.789877623909743e-06,10604242297125.203,7361970000000.0,6023430000000.0,4.298330309463182,2.05477221384305,45579546953230.98,31643492093182.97,25890129894422.438,0.0002018324939338,0.000140121728996,0.0001146450509967,0.0001104453258877,7.667640488056367e-05,6.273524035682482e-05
59,59,2,25,3000,1000000.0,445,17.15,2.43,0.81,,0.0013349999999999,4911.5,0.49115,445.0,0.0003331386073454,0.0119623020837878,0.0007857697172626,-2.2276465988188796e-05,-2.739374406470262e-06,10854415000000.0,7563710000000.0,6188490000000.0,4.024615929280672,1.977784368447337,43709034542686.14,30457879274088.99,24920083042436.445,0.0002090268645285,0.0001456567291285,0.0001191736874687,0.0001145657244785,7.983312927467703e-05,6.531801486109938e-05
60,60,2,25,3000,1000000.0,450,17.15,2.43,0.81,,0.0013499999999999,4939.0,0.4939,450.0,0.0003810694530556,0.0120502115420653,0.0009376747131375,-4.266294301542239e-06,6.476531503492265e-06,10915190000000.0,7606060000000.0,6223140000000.0,3.5562855194257894,1.7569776997027913,38829207163431.69,27057456575422.99,22137919016255.17,0.0002125511246746,0.0001481125484158,0.0001211829941584,0.0001167718468673,8.137042722881641e-05,6.657580409630434e-05
61,61,2,25,3000,1000000.0,455,17.15,2.43,0.81,,0.001365,4950.5,0.49505,455.0,0.0003178364106303,0.0111951892279687,0.00094698533948,1.107403672363481e-05,6.218966236413476e-06,10899450414891.094,7615959479845.758,6237630000000.0,4.294663471156058,2.126084979108607,46809731961698.88,32708164936066.8,26788670736768.445,0.0002146903035931,0.0001500142292171,0.0001228647892716,0.0001181500072887,8.255697615954912e-05,6.761588905046507e-05
62,62,2,25,3000,1000000.0,460,17.15,2.43,0.81,,0.00138,5194.0,0.5194,460.0,0.0003445644743464,0.011968428259725,0.0008490902399482,4.162472060949709e-05,7.567249393803756e-07,11389608608372.06,7975247697704.175,6544440000000.0,4.022663144168864,2.0907817520945557,45847489106436.97,32103393058902.586,26343850076391.39,0.0002269027885828,0.0001588821885343,0.0001303777624651,0.0001251228598023,8.761370420009991e-05,7.18952754884793e-05
63,63,2,25,3000,1000000.0,465,17.15,2.43,0.81,,0.0013949999999999,5207.0,0.5206999999999999,465.0,0.0003480564559196,0.0120034477629268,0.0008433694937748,8.671564471427898e-06,8.252495208709752e-06,11403330000000.0,7979852904322.585,6560820000000.0,4.026054241275667,2.0952061905039594,45885015572036.7,32109539474645.05,26399598000349.883,0.0002297389028336,0.0001607673066562,0.0001321785468358,0.0001268988794428,8.880163879125816e-05,7.301031420001101e-05
64,64,2,25,3000,1000000.0,470,17.15,2.43,0.81,,0.0014099999999999,5299.5,0.5299499999999999,470.0,0.0003520840190844,0.0122343419507409,0.0008789713938927,-2.8830405736521143e-05,-7.818540319205592e-07,11580175732859.504,8108235000000.0,6677370000000.0,4.022504738494561,2.133157102108417,46612574975399.2,32637303662258.797,26877779486566.062,0.0002358452535876,0.0001651346908576,0.0001359932748239,0.0001305607344308,9.14163257068832e-05,7.528403293508029e-05
65,65,2,25,3000,1000000.0,475,17.15,2.43,0.81,,0.0014249999999999,5370.5,0.53705,475.0,0.0004030092055415,0.0114378648370975,0.0009887462733955,1.0114193681671707e-05,2.093708696469939e-06,11687806443066.297,8216865000000.0,6766830000000.0,3.5482785563079986,1.9052991042421972,41464979325072.89,29151076294905.625,24006768713451.69,0.0002406140779574,0.0001691586359943,0.0001393071119953,0.0001334337197784,9.380775316636336e-05,7.725344378406395e-05
66,66,2,25,3000,1000000.0,480,17.15,2.43,0.81,,0.0014399999999999,5569.5,0.5569500000000001,480.0,0.0003837515830582,0.0120150499188582,0.0009189501280736,8.771154257366254e-06,5.99034289540265e-06,12085815000000.0,8521335000000.0,7017570000000.0,3.81200094725232,2.1196389851831543,45996165978474.44,32430476473302.258,26707451213307.742,0.0002515197597927,0.0001773388168124,0.0001460437314925,0.0001397373669635,9.852450297434947e-05,8.113782597887604e-05
67,67,2,25,3000,1000000.0,485,17.15,2.43,0.81,,0.001455,5584.5,0.55845,485.0,0.0003874516895336,0.0123025251621602,0.0009552413016035,3.210255611242769e-06,9.005309903207198e-06,12110563903028.58,8544285000000.0,7036470000000.0,3.814574366164989,2.1327928669199645,46251811812620.22,32631730863875.457,26873190123191.55,0.0002546884074582,0.0001796886054971,0.0001479788515859,0.0001417371045783,9.999882964070537e-05,8.235197735120784e-05
68,68,2,25,3000,1000000.0,490,17.15,2.43,0.81,,0.00147,5629.5,0.5629500000000001,490.0,0.0004160824090319,0.0120674676183638,0.0009000264591302,-2.480175350092972e-05,-1.0227683352298147e-05,12158345053257.045,8600629639319.596,7093170000000.0,3.5456021227547647,1.9957955362537343,43104309060348.31,30491337140288.867,25147023756797.05,0.0002583769964586,0.0001827719845198,0.0001507369590139,0.0001440592933646,0.0001019053681158,8.404409098772251e-05
69,69,2,25,3000,1000000.0,495,17.15,2.43,0.81,,0.001485,5717.5,0.57175,495.0,0.0003944936499919,0.0116334028029481,0.0008124192530109,6.106035713400079e-05,7.391027903457059e-07,12297819277424.645,8718212696878.0,7204050000000.0,3.764321956264911,2.1522388836064987,46292688819307.2,32817973522995.555,27118209933441.883,0.0002640857328937,0.0001872165737388,0.0001547011531992,0.0001474447287245,0.0001045270284963,8.637297182586927e-05
70,70,2,25,3000,1000000.0,500,17.15,2.43,0.81,,0.0015,5771.0,0.5771,500.0,0.0004243725395553,0.0117265001716883,0.0008606249780203,-2.200737508783548e-05,3.417154049870761e-06,12407650000000.0,8782771839342.658,7271460000000.0,3.547186207107159,2.045392829384065,43975945831757.41,31128432753955.59,25771949650239.22,0.0002692350114671,0.0001905783671266,0.0001577842392784,0.0001505519666466,0.000106568413279,8.823045487196411e-05
71,71,2,25,3000,1000000.0,505,17.15,2.43,0.81,,0.0015149999999999,5783.0,0.5783,505.0,0.0004028882824513,0.0122751116124006,0.0009641832773475,8.21071170193679e-07,-2.566455144428029e-06,12394206214878.32,8790160000000.001,7286580000000.0,3.760353731479707,2.1746408125904684,46607205039835.41,33054540351375.12,27400474238639.902,0.000271712951441,0.0001927029674859,0.0001597406177843,0.0001521259874692,0.0001078900695074,8.943518919695164e-05
72,72,2,25,3000,1000000.0,510,17.15,2.43,0.81,,0.00153,5715.0,0.5715,510.0,0.0004322691581535,0.0117839934051158,0.0008765781557641,9.23552444204518e-05,-5.893846588527435e-07,12197905325795.531,8686800000000.0,7200900000000.0,3.551718942333572,2.031643506515365,43362721169276.79,30880981299033.547,25598708182093.6,0.0002700870501555,0.0001923438594271,0.000159442936104,0.0001514661877583,0.0001078674120413,8.941640735010344e-05
73,73,2,25,3000,1000000.0,515,17.15,2.43,0.81,,0.001545,5859.5,0.58595,515.0,0.0004360872156893,0.0120044951237095,0.0008939980726795,1.598003976063068e-05,-2.8601837419432368e-06,12480735000000.0,8906440000000.0,7382970000000.0,3.554030335273259,2.083131361453887,44370697998967.805,31663596694099.09,26247455154318.98,0.0002790999899372,0.0001991699458706,0.000165101402498,0.0001567018094979,0.0001118247654633,9.269684505514376e-05
74,74,2,25,3000,1000000.0,520,17.15,2.43,0.81,,0.00156,5789.0,0.5789,520.0,0.0004670443486815,0.0117676761577408,0.000890790718501,3.301687475290711e-05,-3.223093304562933e-06,12311304804560.9,8799280000000.0,7294140000000.0,3.3401560610746155,1.93357867935272,41120878364331.766,29390395926161.344,24363091359844.28,0.0002780558353786,0.000198735324157,0.0001647411239723,0.0001563129890397,0.000111721850773,9.26115341934927e-05
75,75,2,25,3000,1000000.0,525,17.15,2.43,0.81,,0.0015749999999999,5794.0,0.5794,525.0,0.0004196562600781,0.0122070834413141,0.0009907196789026,-1.475935892437362e-06,-1.90637186283803e-06,12270676784766.611,8790279766681.652,7300440000000.0,3.753071670087075,2.174534910468166,46052839219099.53,32990628625183.32,27399139871898.89,0.0002798236685326,0.0002004558000252,0.0001664811109065,0.0001575461237993,0.0001128604826484,9.37320772280088e-05
76,76,2,25,3000,1000000.0,530,17.15,2.43,0.81,,0.0015899999999999,5754.5,0.57545,530.0,0.0003965298412822,0.0115573765344855,0.0008304387079263,5.456983153395958e-06,-8.739827418022589e-06,12141995000000.0,8713382362089.343,7250670000000.0,4.028412594019076,2.3171228171644787,48891291442170.49,35085545374708.023,29195747496272.426,0.0002795674575386,0.0002006242099039,0.000166945495971,0.000157663880517,0.0001131433241107,9.414999500077262e-05
77,77,2,25,3000,1000000.0,535,17.15,2.43,0.81,,0.0016049999999999,5737.0,0.5737,535.0,0.000426295782347,0.0123323378717928,0.0009949280437429,4.3334464425477793e-05,1.513120195766126e-06,12105070000000.0,8669965144262.127,7228620000000.0,3.7650252889014215,2.160122447883656,45578583650345.13,32644563936708.164,27217542843334.06,0.0002814193059614,0.0002015598070567,0.0001680513391049,0.0001589545173417,0.0001138473486626,9.492070703821058e-05
78,78,2,25,3000,1000000.0,540,17.15,2.43,0.81,,0.0016199999999999,5838.0,0.5838,540.0,0.0004585897094102,0.0122762207609698,0.0009115159090658,3.466449465117153e-05,2.781849892960018e-07,12267289726945.168,8805383229305.525,7355880000000.0,3.645887205029223,2.129947304229012,44756219054647.33,32125731880717.13,26837336033285.55,0.0002879408384223,0.0002066821185536,0.0001726590226267,0.0001629193540612,0.0001169424852523,9.76919307220635e-05
79,79,2,25,3000,1000000.0,545,17.15,2.43,0.81,,0.0016349999999999,5835.5,0.58355,545.0,0.0004345739113772,0.0124013102020918,0.0008911508070391,-6.201198248835001e-05,-7.889490784292722e-07,12210407976804.27,8784403057413.011,7352730000000.0,3.823299294318489,2.229420285660669,46649183856876.53,33560322806299.68,28090695599324.445,0.0002878947193187,0.0002071170150416,0.0001733612950195,0.0001639362720956,0.0001179389167465,9.871735229613876e-05
80,80,2,25,3000,1000000.0,550,17.15,2.43,0.81,,0.0016499999999999,5928.5,0.59285,550.0,0.0004943817371554,0.0120732296500853,0.0008915088124232,8.8817058552389e-05,4.97664979309116e-06,12352553553375.049,8906915822973.107,7469910000000.0,3.3375030953998026,1.978641179432069,41226737171034.5,29726896228505.81,24930878860844.07,0.0002940379202547,0.0002120185913911,0.0001778123682199,0.0001676773218626,0.0001209051865105,0.0001013988320668
81,81,2,25,3000,1000000.0,555,17.15,2.43,0.81,,0.0016649999999999,6013.0,0.6013,555.0,0.0004710197969188,0.0114116439578333,0.0008359044513163,-7.557413125112123e-06,1.159368741576019e-07,12507040000000.0,9019500000000.0,7576379999999.999,3.5473674432896267,2.132674291788486,44359625269200.52,31990114376827.29,26871696076534.92,0.0003005441250813,0.0002167385517413,0.0001820603834627,0.0001715644523761,0.0001237243646943,0.0001039284663432
82,82,2,25,3000,1000000.0,560,17.15,2.43,0.81,,0.0016799999999999,6232.5,0.6232500000000001,560.0,0.0004751691264459,0.0120605832131701,0.0009079775331799,4.094833790458517e-05,-2.8532377109902567e-06,12938007797240.309,9348750000000.0,7852950000000.001,3.5478148853426896,2.210394441796735,45885440068901.41,33155916626951.03,27850969966638.867,0.0003137940490313,0.0002267414088672,0.0001904627834485,0.0001793674562531,0.0001296073965116,0.0001088702130697
83,83,2,25,3000,1000000.0,565,17.15,2.43,0.81,,0.001695,6300.0,0.63,565.0,0.0005074712046279,0.0115888462598996,0.0009280578577931,3.050373502122625e-06,-1.1273299807658854e-05,13022392707833.28,9450000000000.0,7938000000000.0,3.3400940045545173,2.1042154582423107,43495111173213.88,31563231873634.664,26513114773853.12,0.0003187078512924,0.0002312777123439,0.0001942732783689,0.0001823651254766,0.0001323374647362,0.0001111634703784
84,84,2,25,3000,1000000.0,570,17.15,2.43,0.81,,0.00171,6449.0,0.6449,570.0,0.0004833916681263,0.0119130241183156,0.0009940438298664,5.823119983277472e-05,1.449527184986448e-07,13273326745261.55,9673500000000.0,8125740000000.0,3.5506886720387145,2.288324560613301,47098278170611.59,34324868409199.52,28832889463727.598,0.0003277845489778,0.0002388868966605,0.0002006649931948,0.0001877803159529,0.0001368528720216,0.0001149564124981
85,85,2,25,3000,1000000.0,575,17.15,2.43,0.81,,0.001725,6587.5,0.65875,575.0,0.000458987358911,0.0120179416870092,0.0009843766229855,4.423201145609631e-05,-2.3744983217023623e-06,13504375000000.0,9865729604897.469,8300250000000.0,3.758273448924779,2.475763553789533,50753152852685.42,37078123396353.03,31194620777748.11,0.0003365151621057,0.0002458438541053,0.0002068337093917,0.0001927071144394,0.0001407837300134,0.0001184443727774
86,86,2,25,3000,1000000.0,580,17.15,2.43,0.81,,0.0017399999999999,6724.0,0.6724000000000001,580.0,0.000491572814667,0.0117650682665965,0.0008960487596012,6.115235080686618e-05,-5.073145548035295e-07,13784200000000.0,10050328281923.703,8472240000000.001,3.552239517613822,2.3891389119596957,48977347695173.75,35710336669115.03,30103150290692.16,0.0003465133944955,0.0002526496545874,0.0002129789644216,0.0001984223178683,0.000144673570685,0.0001219571319581
87,87,2,25,3000,1000000.0,585,17.15,2.43,0.81,,0.0017549999999999,6857.5,0.6857500000000001,585.0,0.0004967762760088,0.012098313838339,0.0010003679814954,1.936790101011086e-05,4.439126300055221e-06,14000665232788.168,10229646618334.611,8638828078137.822,3.54514864437515,2.43149405732326,49642776977173.61,36271709749905.35,30631074202303.21,0.0003550547016229,0.000259422253685,0.0002190793419209,0.0002031521215369,0.0001484339764243,0.0001253509188661
88,88,2,25,3000,1000000.0,590,17.15,2.43,0.81,,0.0017699999999999,6944.5,0.69445,590.0,0.0004996992770429,0.0123220617316058,0.000985527948112,2.5060765669903955e-05,-4.563325224501864e-08,14116849324331.832,10347305000000.0,8736139509843.363,3.5548772494244307,2.4684822797005594,50179555622889.97,36780385967538.336,31053359598301.21,0.0003611543619466,0.0002647173069065,0.0002234985171313,0.0002064914411891,0.0001513531718576,0.0001277861650551
89,89,2,25,3000,1000000.0,595,17.15,2.43,0.81,,0.001785,7050.0,0.705,595.0,0.0005341975242458,0.0118292510374884,0.0010117621190239,-2.1480613030579537e-05,1.0057062058499128e-06,14268937167561.896,10504500000000.0,8856383210628.008,3.341463472018819,2.355727747040325,47679051356596.53,35100343430900.85,29593230734324.09,0.000368274886796,0.0002711164470709,0.0002285792898248,0.0002103449230799,0.0001548516346064,0.0001305559918955
90,90,2,25,3000,1000000.0,600,17.15,2.43,0.81,,0.0018,7211.0,0.7211000000000001,600.0,0.0005096521961149,0.0121697974518335,0.0009748387073881,2.882990988617363e-05,-7.890427200728388e-06,14530997510709.123,10744390000000.0,9045875814806.62,3.543941617572677,2.552924814074199,51444382357980.51,38038579729705.56,32025295843369.14,0.0003782739440233,0.0002797001911554,0.0002354841172528,0.0002158929302624,0.0001596337649409,0.0001343982500175
91,91,2,25,3000,1000000.0,605,17.15,2.43,0.81,,0.001815,7255.0,0.7255,605.0,0.0005434756986914,0.0121208406345118,0.0009068736747717,5.851197012431136e-05,-3.0392806257857617e-06,14555475966422.3,10809582785681.191,9088234432246.676,3.33961594763322,2.422889969160738,48609671558104.47,36099834186408.75,30351195097548.867,0.0003821110920394,0.0002837737145975,0.0002385847904683,0.0002179010766913,0.0001618236142203,0.0001360543669322
92,92,2,25,3000,1000000.0,610,17.15,2.43,0.81,,0.00183,7390.5,0.73905,610.0,0.0005482505061422,0.0119419104301611,0.000866864572213,5.754590423717192e-06,-9.03281445295484e-06,14781000000000.0,10989675629400.604,9244896169728.645,3.33789120720827,2.466884963693582,49337699273871.64,36682586517878.57,30858663624940.105,0.0003912962164056,0.000290928793269,0.0002447393878816,0.0002229727895055,0.0001657803011195,0.0001394601371797
93,93,2,25,3000,1000000.0,615,17.15,2.43,0.81,,0.001845,7457.0,0.7457,615.0,0.0005531754918024,0.011614469824589,0.0008952337206353,1.080650687910797e-06,4.783720772826327e-06,14903363023684.553,11066569735740.309,9321250000000.0,3.335288898672964,2.4871350046044203,49707222559384.5,36910356672462.92,31089187557555.25,0.0003978722147334,0.0002954420826537,0.000248847617527,0.0002264857573925,0.0001681781772578,0.0001416546294108
94,94,2,25,3000,1000000.0,620,17.15,2.43,0.81,,0.0018599999999999,7538.0,0.7538,620.0,0.0005572621340092,0.0119121067976842,0.0009936011740115,6.007773150747227e-05,9.157259680934703e-06,14998557092872.338,11164547592620.062,9422500000000.0,3.3377474586099227,2.5159746486335948,50061010097838.14,37264153232283.51,31449683107919.938,0.0004036987852073,0.0003005031932486,0.0002536145163872,0.0002296352443304,0.0001709346838096,0.0001442630831956
95,95,2,25,3000,1000000.0,625,17.15,2.43,0.81,,0.0018749999999999,7807.0,0.7807,625.0,0.0005304537894516,0.0121096345931741,0.0008954215925505,7.140556841366645e-05,-4.0936337090615e-06,15464723183458.377,11539940460437.695,9758750000000.0,3.547166501779481,2.766645288442811,54803898466232.13,40895250293045.36,34583066105535.137,0.0004196648038369,0.0003131583276446,0.0002648223221237,0.0002384851286625,0.0001779601324134,0.0001504919759459
96,96,2,25,3000,1000000.0,630,17.15,2.43,0.81,,0.0018899999999999,7697.5,0.76975,630.0,0.000533940840512,0.0113660129854026,0.0009332727043961,1.3826822617298436e-05,-8.03461414143877e-06,15179714075674.08,11355382037888.691,9621875000000.0,3.552356741335453,2.73532713387353,53941518409396.91,40351652619340.09,34191589173419.13,0.0004153179135312,0.0003106839530583,0.0002632550935634,0.0002357955231508,0.0001763899000239,0.0001494623046261
97,97,2,25,3000,1000000.0,635,17.15,2.43,0.81,,0.0019049999999999,7909.0,0.7908999999999999,635.0,0.0005707859895664,0.0121636845509347,0.0009809931840308,-2.1220799158895865e-05,8.452527259697099e-07,15526825734818.604,11644063260146.984,9886250000000.0,3.3375045425923746,2.6396296943283803,51820799428864.92,38862075033660.53,32995371179104.76,0.0004283128307692,0.0003212054918235,0.0002727156081682,0.0002429920222668,0.0001822274898494,0.0001547180293746
98,98,2,25,3000,1000000.0,640,17.15,2.43,0.81,,0.0019199999999999,7911.5,0.79115,640.0,0.0005430026029671,0.0118760201804001,0.0009848753445935,6.002004256935293e-05,3.051645953215382e-06,15461738388893.035,11629905000000.0,9889375000000.0,3.5487795014433967,2.806836404122209,54855046680097.14,41260495140596.48,35085455051527.617,0.0004299709047604,0.0003234125846237,0.0002750107012107,0.0002437975539241,0.0001833779824788,0.0001559336585703
99,99,2,25,3000,1000000.0,645,17.15,2.43,0.81,,0.0019349999999999,8049.5,0.80495,645.0,0.0005471565999641,0.0121780428027939,0.000910708198709,5.580994381396005e-05,2.748152727665313e-07,15660220794142.926,11832765000000.0,10050042234547.066,3.548713918186376,2.8562558040355315,55568167632459.97,41986960319322.31,35661210588517.64,0.0004388441622077,0.0003315879074302,0.0002816309183981,0.0002490364412485,0.0001881703792345,0.0001598206554932
100,100,2,25,3000,1000000.0,650,17.15,2.43,0.81,,0.0019499999999999,8171.0,0.8170999999999999,650.0,0.0005841659294105,0.0119291371142587,0.0009099393943162,5.73685123038822e-05,8.009408988793039e-08,15851740000000.0,12011370000000.0,10187280369110.133,3.338092870019904,2.7275550951557825,52914568846022.18,40095059898790.0,34006080622380.16,0.00044778664078,0.0003393022484261,0.0002877745947869,0.0002542539148398,0.0001926563169147,0.0001633988392074
101,101,2,25,3000,1000000.0,655,17.15,2.43,0.81,,0.0019649999999999,8340.0,0.8340000000000001,655.0,0.0005882889853409,0.0119769306733812,0.0008274764146839,-5.003107922574045e-06,-8.095415412564204e-06,16161212780625.93,12259800000000.0,10383225601075.943,3.340201053497019,2.785728568731943,53981717204251.14,40950209960359.56,34682072173268.777,0.0004601253182574,0.0003490483327795,0.000295620449349,0.0002613581644949,0.0001982647508308,0.0001679169021205
102,102,2,25,3000,1000000.0,660,17.15,2.43,0.81,,0.00198,8446.0,0.8446,660.0,0.0005932772539835,0.0120259230776388,0.0008488049951973,4.304793154986363e-05,1.171422869080871e-06,16291894712993.336,12394583750597.268,10500249793454.79,3.3373967836913634,2.818750326394121,54372227728899.625,41365423860425.44,35043313441298.24,0.0004674212231309,0.0003556057535949,0.0003012565259043,0.000265665247118,0.0002021133952211,0.0001712232680926
103,103,2,25,3000,1000000.0,665,17.15,2.43,0.81,,0.001995,8479.5,0.84795,665.0,0.000564326907181,0.0119133577115081,0.0008258296849379,4.589684484229611e-06,-2.778332533425054e-06,16281494418378.943,12418738448929.465,10526893578744.152,3.5470777990463143,3.0083915962113945,57764149987633.64,44059706805008.24,37347742409936.44,0.0004707136850258,0.0003590376895666,0.0003043426322544,0.0002676244334193,0.0002041310063913,0.0001730341120589
104,104,2,25,3000,1000000.0,670,17.15,2.43,0.81,,0.0020099999999999,8501.5,0.85015,670.0,0.0006025544217322,0.0119629929997862,0.0008046926592488,-2.3728666004234157e-05,-1.6485462499958009e-06,16248521141352.238,12425887029788.234,10541860000000.0,3.3357990676177374,2.8359542275565843,54202272801694.31,41450622658670.2,35165832421701.65,0.000473379639573,0.0003620121408197,0.00030712345104,0.0002692412528621,0.0002058994392608,0.0001746807336621
105,105,2,25,3000,1000000.0,675,17.15,2.43,0.81,,0.002025,8670.5,0.8670500000000001,675.0,0.0005733896259698,0.0117612200294731,0.0009670006335017,1.4686750952491717e-05,2.2260845291563443e-06,16494812272758.318,12647329170144.045,10751420000000.0,3.5438792471381,3.072085032562401,58443533704016.41,44811338037586.48,38093854403773.766,0.0004841590831125,0.0003712269769175,0.0003155778655301,0.000275445147013,0.0002111964286095,0.0001795368394334
106,106,2,25,3000,1000000.0,680,17.15,2.43,0.81,,0.0020399999999999,8771.0,0.8771,680.0,0.0005764856037444,0.0122724982948912,0.0009530049963034,1.4274827489991372e-05,-1.304806116913821e-06,16608404851538.27,12768058180476.56,10876040000000.0,3.550130579984083,3.113880009209433,58963151125369.94,45329154172396.44,38612112114196.97,0.0004911767151009,0.0003776023604532,0.0003216478432612,0.0002795128982353,0.0002148813795644,0.0001830394603755
107,107,2,25,3000,1000000.0,685,17.15,2.43,0.81,,0.002055,8804.0,0.8804000000000001,685.0,0.0006153564548867,0.0121585684109258,0.0008324243964801,3.864064284838061e-05,1.328856454477255e-06,16593000820210.398,12790132863120.762,10916960000000.0,3.339527829060348,2.940120211339721,55412786322441.125,42713003335508.55,36457490620612.55,0.0004944022431006,0.0003810926333095,0.0003252798918243,0.0002813558052876,0.0002168732570094,0.0001851111866608
108,108,2,25,3000,1000000.0,690,17.15,2.43,0.81,,0.00207,8719.5,0.87195,690.0,0.0006199619494963,0.0121124120185843,0.0008529492875601,7.502679848976005e-06,-5.499325218158642e-06,16356598471904.8,12643275000000.0,10812180000000.0,3.338916189664549,2.9113978763449557,54613872418522.59,42215269207001.85,36101333666677.45,0.000491042375577,0.0003795644798482,0.0003245930724219,0.0002794509333808,0.0002160091540921,0.0001847250697063
109,109,2,25,3000,1000000.0,695,17.15,2.43,0.81,,0.002085,8809.0,0.8809,695.0,0.0006247289173301,0.0126196892039838,0.0008741650461003,9.068396239461208e-06,-3.026954463433185e-06,16446552552997.98,12773050000000.0,10923160000000.0,3.337447863694999,2.939964986279124,54889645420380.98,42629492301047.31,36455565829861.14,0.0004973939931223,0.000386296053436,0.0003303497284556,0.0002830481042213,0.0002198264697707,0.0001879895327694
110,110,2,25,3000,1000000.0,700,17.15,2.43,0.81,,0.0021,8852.0,0.8852,700.0,0.000629442566435,0.011955361808527,0.0009908260450525,-6.4206889859632505e-06,2.5585472926279293e-07,16448518464253.637,12835400000000.0,10968211872886.623,3.336285774712039,2.953275169468082,54876865290349.67,42822489957287.19,36593027313218.57,0.0005010322500708,0.0003909743820717,0.0003340986536792,0.0002851729389718,0.0002225312114786,0.0001901592062442
111,111,2,25,3000,1000000.0,705,17.15,2.43,0.81,,0.002115,8911.0,0.8911,705.0,0.0006336704376508,0.0122283758773892,0.0008492391172485,-3.357527283059932e-07,3.373462557826252e-06,16479311998310.516,12920950000000.0,11025549136892.344,3.33769740558296,2.9742197528146264,55002912420794.76,43126186415812.09,36799916988635.92,0.0005056115842095,0.0003964353608732,0.0003382814383546,0.0002876763924137,0.0002255587055418,0.0001924710327959
112,112,2,25,3000,1000000.0,710,17.15,2.43,0.81,,0.00213,8977.0,0.8976999999999999,710.0,0.0006378778280691,0.0117453864343402,0.0008961426584222,5.185157581883668e-05,3.8473732932148095e-06,16521944887054.23,12998860816780.594,11091326294345.28,3.33919853065822,2.997588907178213,55169877150989.81,43405637730127.03,37036021684107.66,0.0005105899819015,0.0004017134880035,0.0003427635263649,0.0002904227137098,0.0002284939490691,0.0001949633111031
113,113,2,25,3000,1000000.0,715,17.15,2.43,0.81,,0.0021449999999999,8999.5,0.89995,715.0,0.0006426491016781,0.0123188945011244,0.0009363130945996,1.594357760803211e-05,4.497864892741245e-06,16483734921478.217,13004900835660.71,11103201428378.078,3.337748292246842,3.003769975666445,55017887709295.8,43406556660566.81,37059240051490.48,0.0005129965392315,0.0004047304299373,0.000345546924546,0.0002916205496628,0.0002300750617547,0.000196431313594
114,114,2,25,3000,1000000.0,720,17.15,2.43,0.81,,0.0021599999999999,9077.5,0.90775,720.0,0.0006471921475963,0.0118449875291603,0.0009375718710863,-7.95607524360449e-06,5.991353287246628e-06,16546290493822.98,13090845814456.412,11183372278251.969,3.337494148594457,3.029610849598676,55223157478047.39,43690629038722.72,37324446146288.31,0.000518601619167,0.0004102994467658,0.0003505145140183,0.0002946282043561,0.0002330995214459,0.0001991344763478
115,115,2,25,3000,1000000.0,725,17.15,2.43,0.81,,0.002175,9073.0,0.9073,725.0,0.0006522493485476,0.012356180358553,0.0009434300653345,-1.389835988337689e-05,-1.9030527418666604e-06,16457816828196.955,13057599121336.793,11161774052086.008,3.3346142972567483,3.025494079977572,54880444597228.2,43542035534359.97,37220193228957.88,0.0005194681304392,0.0004121449809772,0.000352305895718,0.0002948911629891,0.0002339660618983,0.0001999966681852
116,116,2,25,3000,1000000.0,730,17.15,2.43,0.81,,0.0021899999999999,9148.5,0.91485,730.0,0.000656558641026,0.0121087848725508,0.0009888883565119,2.713380929739114e-05,-8.543940961566504e-08,16513829468664.477,13139276729139.54,11238467688624.514,3.335574276470012,3.051543772218928,55082990075518.93,43826942202838.55,37486665665962.5,0.0005249467098474,0.0004176753854595,0.0003572518807987,0.0002977626901815,0.0002369157555691,0.0002026420570003
117,117,2,25,3000,1000000.0,735,17.15,2.43,0.81,,0.002205,9170.5,0.91705,735.0,0.0006592267330915,0.0124353114157947,0.0008543218625799,1.0519322986979276e-05,3.969122148470024e-06,16472407008307.455,13143828924438.607,11249266769879.482,3.344827962838105,3.067374960869456,55097376154553.016,43963853369799.58,37626867911312.52,0.0005272940582015,0.0004207437862832,0.0003600974359053,0.000298827306109,0.0002384432941383,0.0002040738844572
118,118,2,25,3000,1000000.0,740,17.15,2.43,0.81,,0.0022199999999999,9162.5,0.91625,740.0,0.000702005018752,0.0118046506167878,0.0008805370868058,4.838620207233606e-05,-7.325665036944738e-07,16376973774168.188,13105341646059.367,11223240685841.549,3.171109603652101,2.905021438797358,51924103592448.2,41551212490659.01,35583907017901.734,0.0005277277549237,0.0004223034499385,0.0003616550708196,0.000298919161451,0.0002392040061484,0.0002048511367751
119,119,2,25,3000,1000000.0,745,17.15,2.43,0.81,,0.0022349999999999,9333.0,0.9333,745.0,0.0006688653633659,0.0119099747579338,0.0009079179915884,2.8717525233344945e-05,-8.303285636363076e-06,16599152702980.557,13321687934482.402,11415573554868.707,3.341492933361764,3.1186473342520022,55466520227142.65,44514782561459.99,38145449518749.55,0.000538620178034,0.0004322708547465,0.0003704200070031,0.0003047712483769,0.0002445948618541,0.000209597361113
120,120,2,25,3000,1000000.0,750,17.15,2.43,0.81,,0.00225,9291.0,0.9291,750.0,0.0006727540530278,0.0121264334251757,0.0010268731184019,1.8389239334074423e-05,3.2389714300929506e-06,16442253385182.758,13234338143475.426,11347761618058.691,3.3444617738894813,3.107339434120717,54990487923348.66,44261738023581.05,37952154950807.55,0.0005371690105307,0.0004323663039985,0.0003707317809372,0.0003036915143371,0.0002444407161164,0.0002095952926519
121,121,2,25,3000,1000000.0,755,17.15,2.43,0.81,,0.0022649999999999,9414.0,0.9414,755.0,0.0006778192550313,0.0118768141423821,0.0009628515098331,5.550440015615423e-05,-3.823584861889154e-06,16576637427981.488,13381779697778.965,11481332627122.104,3.3415988125949783,3.145783815374802,55392519369322.66,44716577431680.67,38366040320092.81,0.0005451697376646,0.0004400977797227,0.0003775961876202,0.0003079387866641,0.0002485889566834,0.0002132849713245
122,122,2,25,3000,1000000.0,760,17.15,2.43,0.81,,0.00228,9395.5,0.93955,760.0,0.0006828957274933,0.0122588854512456,0.0009420472808147,-2.9534892580220783e-05,-1.7363734688464662e-06,16460937515844.938,13341610000000.0,11442145026099.363,3.33872480793502,3.1369091042484736,54958719342152.34,44544109280328.33,38202297806931.5,0.00054500994533,0.0004417312276239,0.0003788412919452,0.0003075626490705,0.0002492799034389,0.0002137895506794
123,123,2,25,3000,1000000.0,765,17.15,2.43,0.81,,0.0022949999999999,9605.5,0.96055,765.0,0.000688153930298,0.0122815452458231,0.000858786371156,2.5319218417713555e-05,-5.425529568847976e-07,16743875258440.877,13639810000000.0,11680893294123.21,3.3350100153928004,3.203447445298049,55841054001396.734,45488953723232.3,38955939599040.266,0.0005580660802418,0.000454608935175,0.0003893190933257,0.0003146082400848,0.0002562845549764,0.0002194775836035
124,124,2,25,3000,1000000.0,770,17.15,2.43,0.81,,0.00231,9629.0,0.9629,770.0,0.0007295297394875,0.0121885657745029,0.0009151989725381,1.6255280436017964e-05,-3.423780960744507e-06,16699648542754.148,13673180000000.0,11692432640777.031,3.1752625955648397,3.058130480814525,53037391450292.16,43425452827566.24,37134681331011.43,0.0005602298794025,0.0004586997123225,0.0003922507777031,0.0003155515095348,0.0002583642750381,0.0002209366718398
125,125,2,25,3000,1000000.0,775,17.15,2.43,0.81,,0.002325,9688.0,0.9688,775.0,0.0006962503522345,0.0120513257966773,0.0010040378527548,5.247700461533388e-05,-9.11547308830071e-06,16716260327779.049,13753860874493.234,11746933428149.045,3.339317164904513,3.235118312593986,55820685285390.52,45928331114722.33,39226589027897.83,0.0005644909059483,0.00046445372548,0.0003966818512602,0.0003176564994057,0.000261362482579,0.00022322515194
126,126,2,25,3000,1000000.0,780,17.15,2.43,0.81,,0.00234,9799.0,0.9799,780.0,0.0007009759075913,0.0123631386968836,0.001003312285125,5.3014569797764165e-05,3.701015600315871e-06,16787903516087.348,13882547169453.023,11864184660170.176,3.338205239760514,3.271125168964629,56041773370367.5,46343044652858.91,39605299572534.67,0.0005706096676644,0.0004718585390431,0.0004032557406326,0.0003208372148097,0.0002653123282513,0.0002267389706349
127,127,2,25,3000,1000000.0,785,17.15,2.43,0.81,,0.002355,9913.0,0.9913,785.0,0.0007055107565747,0.0122966097593867,0.0009745380190832,-5.048334068990586e-06,-1.2188247337260672e-07,16829951685573.482,14014820110724.422,11994730000000.0,3.3380093063089893,3.308958072243523,56178356184249.83,46781450758017.17,40038392674146.63,0.0005758327759696,0.0004795137217174,0.0004103968212117,0.0003235163557992,0.000269402052609,0.0002305705572359
128,128,2,25,3000,1000000.0,790,17.15,2.43,0.81,,0.0023699999999999,10009.5,1.00095,790.0,0.0007097159812019,0.0122332958487116,0.000884465128456,4.594975128211552e-05,-6.990932560166913e-07,16905229653809.62,14121731083686.217,12111495000000.0,3.3393640707282306,3.342535063953855,56452692823868.47,47157581608420.25,40444674273841.65,0.0005821353181912,0.0004862849299393,0.0004170620062536,0.0003268694367946,0.0002730493687703,0.0002341806429408
129,129,2,25,3000,1000000.0,795,17.15,2.43,0.81,,0.002385,10246.5,1.02465,795.0,0.0007147818877797,0.0121880146166481,0.0010121275806394,1.5563542248359112e-05,5.397267919163132e-07,17214849257672.574,14425880545049.926,12398265000000.0,3.336683491090806,3.418907911495044,57440086197483.38,48134247914657.33,41368785729090.03,0.000596549018276,0.0004999024242446,0.0004296391274399,0.0003347398283152,0.0002805088040369,0.0002410821631595
130,130,2,25,3000,1000000.0,800,17.15,2.43,0.81,,0.0024,10355.5,1.03555,800.0,0.0007190793640461,0.0120903581352344,0.0009991457251394,2.085539429003628e-05,1.027126291137292e-05,17306359559324.986,14548800503305.465,12530155000000.0,3.3376009938939344,3.4562526835331457,57761722436489.3,48558090658816.95,41820657470751.06,0.000603536329295,0.0005073701156682,0.0004369725318761,0.0003384345733345,0.000284509117818,0.0002450334887995
131,131,2,25,3000,1000000.0,805,17.15,2.43,0.81,,0.002415,10521.0,1.0521,805.0,0.0007636769650502,0.012057273173524,0.0008532597461473,9.564179471947222e-06,5.476475680058451e-06,17489865472399.312,14750289740891.805,12730410000000.0,3.1713015505971507,3.336138447563011,55459188903313.52,46772178231426.09,40367275215512.43,0.0006138156265324,0.0005176688381696,0.0004467801426201,0.0003438963912701,0.0002900291840487,0.0002503130778963
132,132,2,25,3000,1000000.0,810,17.15,2.43,0.81,,0.00243,10511.5,1.05115,810.0,0.0007276326616078,0.0123208182170757,0.0009482625325325,3.4843566767241935e-05,-7.168850369709734e-07,17381074548527.385,14705971488474.65,12718915000000.0,3.3395976193846098,3.5104250715144163,58045911492186.31,49112125780447.69,42476143365324.44,0.0006137638024675,0.0005193000556176,0.0004491327398582,0.0003436393976307,0.0002907502162633,0.0002514643313284
133,133,2,25,3000,1000000.0,815,17.15,2.43,0.81,,0.0024449999999999,10636.5,1.06365,815.0,0.0007328443005575,0.0122333778819477,0.0010190839205163,1.6180900602698873e-05,4.514833556799277e-06,17493661802864.695,14849483092345.549,12852810875040.133,3.336315780757862,3.54867215469673,58364377871957.64,49542563024910.95,42881034232913.3,0.0006216212401901,0.0005276627729555,0.0004567128555534,0.000347698728211,0.0002951438323195,0.0002554585795443
134,134,2,25,3000,1000000.0,820,17.15,2.43,0.81,,0.0024599999999999,10753.5,1.0753499999999998,820.0,0.000736909972602,0.0124885810189651,0.0008474983158394,2.71637685155134e-05,2.5272280372676485e-06,17590950004788.225,14981112318670.594,12975162131433.531,3.338264140626264,3.5898093005101024,58723351403726.22,50011006959176.24,43314602403911.81,0.0006289593449253,0.0005356453510265,0.0004639231805141,0.0003514956241215,0.0002993468472738,0.0002592647190871
135,135,2,25,3000,1000000.0,825,17.15,2.43,0.81,,0.0024749999999999,10775.5,1.07755,825.0,0.0007409558686503,0.0124173992178421,0.0009349981871054,-2.7906971387251777e-06,5.005473092218647e-06,17499141773033.863,14979983487025.82,12982640530270.73,3.340284517237412,3.5993249550316357,58452134634418.19,50037426004189.0,43365729704244.43,0.0006296075219558,0.0005389698766107,0.0004671068009348,0.0003514593160473,0.0003008635977144,0.0002607482138517
136,136,2,25,3000,1000000.0,830,17.15,2.43,0.81,,0.0024899999999999,10793.5,1.07935,830.0,0.0007456720414324,0.0122398609575188,0.0008802695675809,2.7334119639307023e-05,-2.0047056452473883e-06,17357460827085.57,14973175826304.41,12985228832753.236,3.3392707937198773,3.604227623762553,57961031909351.2,49999290247482.32,43361023263896.96,0.0006283410083373,0.0005420297640557,0.0004700659767891,0.0003504157925599,0.0003022813835838,0.000262148323325
137,137,2,25,3000,1000000.0,835,17.15,2.43,0.81,,0.002505,10819.5,1.08195,835.0,0.0007499599063862,0.0123528188864492,0.0009285139995757,1.2644856757904154e-05,5.526151720153242e-06,17303549827793.082,14977336318538.107,12997363759684.59,3.34018176281925,3.613935988994432,57797422672045.67,50027390120466.05,43413873703198.95,0.0006301397085417,0.000545426483954,0.0004733222427102,0.0003510663192119,0.0003038704997111,0.000263699454735
138,138,2,25,3000,1000000.0,840,17.15,2.43,0.81,,0.00252,10995.5,1.09955,840.0,0.0007557552626735,0.0116593007606731,0.001083681751255,1.7104611280665365e-05,-1.8483697066188723e-06,17487744660334.52,15188544741110.61,13189334847779.137,3.3344128516027,3.666360394668346,58311467795664.91,50644971935297.3,43978768512497.375,0.0006407315574013,0.0005564914238887,0.000483242592012,0.0003565783770294,0.0003096972616205,0.0002689329988209
139,139,2,25,3000,1000000.0,845,17.15,2.43,0.81,,0.002535,11213.0,1.1213000000000002,845.0,0.0008021567558671,0.0120488957042349,0.001005577707353,5.010813476801303e-05,-2.6823021210205534e-06,17734462581394.04,15473940000000.0,13430389782101.686,3.169065554814436,3.5550126566214857,56226022416156.2,49059174661376.5,42580224434791.19,0.0006536867322267,0.0005703645783934,0.0004950399578729,0.0003633545304705,0.0003170395594128,0.0002751700510187
140,140,2,25,3000,1000000.0,850,17.15,2.43,0.81,,0.00255,11146.0,1.1145999999999998,850.0,0.0007643106947625,0.0117314126031533,0.0008463456337435,-2.154301451311919e-05,-3.827377174829068e-06,17529883452294.986,15381480000000.0,13330418055319.797,3.3363411744972025,3.718715898143372,58486144165305.75,51318279394378.54,44475181725475.67,0.0006499454857065,0.0005702903568464,0.0004942443035182,0.0003609051192517,0.0003166738038375,0.0002744465547087
141,141,2,25,3000,1000000.0,855,17.15,2.43,0.81,,0.0025649999999999,11311.0,1.1311,855.0,0.0007684785814489,0.011880042252753,0.000905503503639,3.629923433428362e-05,9.711163539669985e-06,17620362152843.258,15609180000000.0,13507740801645.229,3.3377642282281013,3.775340643388426,58812544767794.48,52099700878760.28,45085600608971.25,0.0006571913296692,0.0005821797344609,0.000503801798241,0.0003644561638331,0.0003228572610503,0.0002793914989894
142,142,2,25,3000,1000000.0,860,17.15,2.43,0.81,,0.0025799999999999,11378.0,1.1378,860.0,0.0008150471770135,0.0123191604638234,0.0008646032604038,6.664469399521601e-05,2.543002002799871e-06,17579652681367.184,15696468739438.256,13567620181195.896,3.174438917818048,3.613024573910841,55823270468093.91,49843318051690.766,43083270455395.88,0.0006595557676888,0.000588902219918,0.0005090317941152,0.0003653142571249,0.0003261807227346,0.0002819421508082
143,143,2,25,3000,1000000.0,865,17.15,2.43,0.81,,0.0025949999999999,11365.0,1.1365,865.0,0.000777242182437,0.0122082052450756,0.0008990917041147,-4.696806168096096e-06,3.428641487454436e-06,17459016983869.207,15645018167810.775,13532008543884.805,3.338729420611161,3.794476068549207,58291088539978.75,52234621231654.695,45179835089462.65,0.0006589590348057,0.00059049292872,0.0005107412002233,0.0003644443629299,0.0003265784485153,0.0002824708995641
144,144,2,25,3000,1000000.0,870,17.15,2.43,0.81,,0.0026099999999999,11474.5,1.14745,870.0,0.0008244676363915,0.0121987449784783,0.0009979634425071,1.217613097506854e-05,-1.3630256319249566e-06,17525714065119.469,15761916068266.805,13642083676072.564,3.17427001794924,3.642175766854606,55629204814851.25,50030649477569.89,43301988386765.7,0.0006652022424629,0.0005982559041626,0.0005177960007491,0.0003674947434166,0.0003305098599543,0.0002860593309681
145,145,2,25,3000,1000000.0,875,17.15,2.43,0.81,,0.0026249999999999,11548.0,1.1548,875.0,0.0007863730259032,0.0117786238638784,0.0010471909682038,-1.630169047844713e-05,-3.4793463625610383e-06,17518652969662.867,15828822980899.41,13709034421640.188,3.338110747293325,3.8548415494998327,58479071145414.84,52838244290309.016,45762171364792.19,0.0006688048131857,0.0006042926368268,0.0005233660499583,0.0003689488985367,0.0003333604937576,0.0002887170125822
146,146,2,25,3000,1000000.0,880,17.15,2.43,0.81,,0.0026399999999999,11700.0,1.17,880.0,0.0008344488335864,0.0118232843315068,0.0009137202779544,2.0792023657415027e-05,-6.816197437926925e-06,17546108134793.545,16002664682141.086,13868776247591.676,3.172517321440403,3.714977988366024,55712312395083.8,50811578674663.69,44036067081518.48,0.0006738043855507,0.0006145331808335,0.0005325877502896,0.0003711459029474,0.0003384980525248,0.0002933607523472
147,147,2,25,3000,1000000.0,885,17.15,2.43,0.81,,0.0026549999999999,11731.5,1.17315,885.0,0.0008392948922163,0.011931578325636,0.0009681690647541,7.62992505059919e-05,-7.158967337528974e-06,17489555305452.004,16011151455466.64,13885356835864.18,3.1725288326409657,3.720820897146432,55470743606805.66,50781764414505.2,44039488453495.72,0.0006754735413869,0.000618375309516,0.0005362738498227,0.0003715091600991,0.0003401052414173,0.000294949595097
148,148,2,25,3000,1000000.0,890,17.15,2.43,0.81,,0.0026699999999999,11679.5,1.16795,890.0,0.0008447715960073,0.0116226654495433,0.0010319160289278,7.777322887330762e-05,3.0750582211645747e-06,17308701384766.918,15905737883449.178,13803143429499.32,3.1692837748144305,3.703578569030782,54886027232652.22,50437219016022.44,43769875586071.09,0.0006722407757144,0.0006177520390115,0.0005360908158315,0.0003692239398097,0.0003392963502205,0.0002944444464957
149,149,2,25,3000,1000000.0,895,17.15,2.43,0.81,,0.0026849999999999,11869.5,1.18695,895.0,0.0008028095438703,0.0121489234545227,0.0008851295713755,7.209288836353438e-06,4.194799875457418e-07,17485263189009.045,16129485259317.598,14006687867646.451,3.3445082256716807,3.969715523393637,58478891875843.57,53944536853500.086,46844910282257.42,0.0006829885155521,0.0006300307335839,0.0005471125513591,0.0003745130052477,0.0003454738960614,0.0003000061657737
150,150,2,25,3000,1000000.0,900,17.15,2.43,0.81,,0.0026999999999999,11914.0,1.1913999999999998,900.0,0.0008542561672015,0.0118883755321669,0.0010245030611919,4.162799198394117e-05,-7.735284047320948e-07,17377240597339.184,16154820854655.254,14038119145898.602,3.1695536282391794,3.776391039065623,55080792072753.94,51206077482986.86,44496749494634.06,0.0006825861290564,0.0006345689104671,0.000551423878455,0.0003737249953188,0.0003474349287197,0.000301911916492
151,151,2,25,3000,1000000.0,905,17.15,2.43,0.81,,0.0027149999999999,11893.0,1.1893000000000002,905.0,0.0008582853912457,0.0121341768583251,0.0010260771386253,2.081143833039435e-05,-1.3237318067933136e-07,17190509272130.867,16091272242247.637,13992331003401.809,3.1720060162193,3.772899230797513,54534649970436.44,51047463773084.56,44388846279154.86,0.0006789777053559,0.0006355608743373,0.0005526584842179,0.0003711662516909,0.0003474322434865,0.0003021132747574
152,152,2,25,3000,1000000.0,910,17.15,2.43,0.81,,0.00273,12043.5,1.2043499999999998,910.0,0.0008180487577646,0.0123245416193173,0.0009958135178949,6.674875702067963e-05,-9.126052400150288e-07,17301494345835.229,16259381845403.344,14148086588804.906,3.3372128643911,4.019193579782531,57739075015921.22,54261305371592.79,47215426399246.08,0.0006871872370945,0.0006457962222146,0.0005619390058915,0.0003750407923696,0.0003524511425921,0.0003066850468934
153,153,2,25,3000,1000000.0,915,17.15,2.43,0.81,,0.0027449999999999,11964.0,1.1964,915.0,0.0008677500305793,0.0119075959629309,0.0009716846266714,7.082683955747762e-05,-3.114376395909296e-06,17081437447929.977,16116769520683.371,14033524330214.707,3.172243648262429,3.795473822439577,54189358645317.05,51129034451726.67,44520122226595.47,0.0006822247477246,0.0006436963548238,0.0005604925010001,0.0003716838482997,0.0003506931390211,0.0003053627274732
154,154,2,25,3000,1000000.0,920,17.15,2.43,0.81,,0.00276,12155.5,1.21555,920.0,0.0008734218484391,0.0117356008908271,0.0010161620858335,2.7346824644466176e-05,-6.093163819110851e-06,17233800975372.863,16338892472277.61,14236641282875.725,3.168976209520852,3.851517318290422,54605966777688.25,51770414477941.85,45109350051650.88,0.0006921729449419,0.000656230122176,0.0005717959686857,0.0003764359179007,0.0003568885351566,0.0003109693060051
155,155,2,25,3000,1000000.0,925,17.15,2.43,0.81,,0.0027749999999999,12224.0,1.2224,925.0,0.0008317081376957,0.0125574495012883,0.0009947744230108,3.776288904608493e-05,-4.040359829512925e-06,17114621830009.434,16394917428175.64,14295239337228.082,3.336508377705618,4.078544375691902,57103030601177.05,54701732875179.08,47696145286339.36,0.0006911727945812,0.000662107583113,0.0005773122316143,0.0003752087498028,0.0003594304643389,0.0003133986209645
156,156,2,25,3000,1000000.0,930,17.15,2.43,0.81,,0.0027899999999999,12184.5,1.2184499999999998,930.0,0.000882482664565,0.0118450305547298,0.0009929056555318,9.402023618898526e-06,-4.853051733352144e-07,16951009081801.094,16306006400882.137,14227486451527.47,3.170270872564118,3.863440606814821,53747972270603.77,51702808702983.66,45112272879263.766,0.0006882404008396,0.0006620521720729,0.000577660653185,0.0003729947845846,0.0003588019636814,0.0003130656245041
157,157,2,25,3000,1000000.0,935,17.15,2.43,0.81,,0.0028049999999999,12180.0,1.218,935.0,0.0008409269105981,0.0120305345690992,0.0009445975108675,6.385252698016931e-05,4.371237694040434e-07,16836989337854.148,16264064116369.402,14200679904648.73,3.335605674359279,4.062788245324081,56161841025025.234,54250778746455.51,47368107875383.23,0.0006873367741106,0.0006639482355993,0.0005797146580056,0.0003718055078096,0.0003591537950457,0.0003135887834364
158,158,2,25,3000,1000000.0,940,17.15,2.43,0.81,,0.0028199999999999,12135.0,1.2135,940.0,0.0008909588688083,0.0119113405480437,0.0010220622089811,3.980121234695173e-05,2.1509112390313845e-06,16588541845663.184,16168187796501.004,14126741936524.717,3.174300251956512,3.853258886983359,52674038969012.766,51339277555239.71,44857020116221.15,0.0006808407404074,0.0006635882196778,0.0005798014996792,0.000367628594792,0.0003583128773621,0.0003130711749973
159,159,2,25,3000,1000000.0,945,17.15,2.43,0.81,,0.002835,12327.5,1.23275,945.0,0.0008959411726436,0.0119993033685615,0.0010415776971041,1.2016987423167263e-06,-2.9973092886458117e-06,16699479550503.496,16388311993332.684,14329024325272.016,3.173079127316935,3.91043463078525,52972803204525.64,51985741438930.34,45453427659223.64,0.0006890143664517,0.0006761757078207,0.0005912102582292,0.0003713619746954,0.0003644422501529,0.0003186479406618
160,160,2,25,3000,1000000.0,950,17.15,2.43,0.81,,0.0028499999999999,12437.0,1.2437,950.0,0.0009491638886629,0.0120342303817724,0.0010351938824203,1.2862553370665174e-05,-4.453808521352907e-06,16737780505166.129,16497204565560.04,14434296245394.36,3.033422402845458,3.775173047769061,50806478927858.48,50076225809628.5,43814397482613.92,0.0006942995418139,0.0006843202160253,0.0005987487568314,0.0003735002890919,0.0003681318841852,0.0003220984896312
161,161,2,25,3000,1000000.0,955,17.15,2.43,0.81,,0.002865,12572.0,1.2572,955.0,0.0009545963988557,0.012237484326273,0.0009324137489627,3.9827293821266366e-05,3.6212125493987497e-07,16769992216890.102,16639200857861.51,14583520000000.0,3.001268393800946,3.7731942625941386,50331242774831.445,49938702840466.53,43769053446092.01,0.0006993226152454,0.0006938685068556,0.0006081449063292,0.0003754599154797,0.0003725316545736,0.0003265074375576
162,162,2,25,3000,1000000.0,960,17.15,2.43,0.81,,0.0028799999999999,12445.5,1.24455,960.0,0.0009105051367441,0.0117925492639429,0.0010188288442193,2.962867107479525e-05,-4.736374516551036e-06,16404547516068.502,16435073528568.633,14436780000000.0,3.1719123686339605,3.948381875984009,52044046519756.83,52140891447241.93,45801229761414.5,0.0006877910137574,0.0006890708733246,0.0006052887189888,0.0003684999138773,0.000369185628187,0.0003242974048174
163,163,2,25,3000,1000000.0,965,17.15,2.43,0.81,,0.002895,12525.0,1.2525,965.0,0.0009640586679324,0.0119773520305343,0.0009122714608743,7.252724888396089e-05,-6.765747297411546e-06,16389299441218.06,16503121005175.82,14529000000000.0,3.002929285535749,3.761168680744153,49215903998121.36,49557702083192.22,43629556696632.17,0.0006906292669814,0.0006954255978779,0.0006122380432404,0.0003693371577449,0.0003719021565158,0.0003274148223432
164,164,2,25,3000,1000000.0,970,17.15,2.43,0.81,,0.00291,12615.5,1.26155,970.0,0.0009196410385356,0.0120034084297308,0.0010289017722442,4.1678719944083e-05,-2.6425559842800603e-06,16284496768470.225,16585160921820.502,14633980000000.0,3.1737008035785106,4.007145740092241,51725537517594.48,52680557200758.86,46482890585070.01,0.0006898191070688,0.0007025553850601,0.0006199024237586,0.000368155160514,0.0003749524881325,0.0003308407580816
165,165,2,25,3000,1000000.0,975,17.15,2.43,0.81,,0.0029249999999999,12590.0,1.259,975.0,0.0009246274164524,0.0121191694773622,0.0008834227046828,1.1323135373114814e-05,-5.952348401515949e-06,16134952569164.363,16514507965462.906,14604400000000.0,3.1721161672586016,3.994839183079044,51196616950293.625,52400955925101.016,46340134523716.91,0.0006871082773398,0.0007032716749939,0.0006219295707605,0.0003659026396582,0.0003745100601515,0.0003311933200744
166,166,2,25,3000,1000000.0,980,17.15,2.43,0.81,,0.00294,12616.5,1.26165,980.0,0.0008808328235545,0.0117703692868285,0.0008624089626764,6.914116528039763e-05,1.5508105618700927e-06,16057290926887.246,16527615000000.0,14634841322556.342,3.337750687031225,4.211083987662205,53595371701698.95,55165200238374.88,48847577343474.16,0.0006873329341148,0.0007074651735211,0.0006264449260051,0.0003652713251596,0.0003759702592589,0.000332913435257
167,167,2,25,3000,1000000.0,985,17.15,2.43,0.81,,0.0029549999999999,12560.5,1.25605,985.0,0.000984149187559,0.0118568911651657,0.0009182908703553,1.4718358630879924e-05,2.464392096168136e-06,15797949406353.797,16454255000000.0,14547657390452.508,3.0025936859651887,3.771408283456264,47434829228729.484,49405448513277.06,43680709834191.58,0.0006796570415233,0.0007078925236507,0.0006258671634378,0.0003604397800656,0.0003754137895237,0.0003319136107737
168,168,2,25,3000,1000000.0,990,17.15,2.43,0.81,,0.00297,12759.5,1.27595,990.0,0.0009399136674232,0.0120363708832264,0.0010574425158212,4.772949254477441e-05,2.7147117315655947e-06,15885921309858.324,16714945000000.0,14755563177921.676,3.1685410277684505,4.042261574368972,50327245804529.57,52953626624233.53,46746225198704.11,0.000686961398372,0.0007228112091795,0.0006380808589415,0.0003635272179905,0.0003824982722874,0.000337660544033
169,169,2,25,3000,1000000.0,995,17.15,2.43,0.81,,0.002985,12626.0,1.2626,995.0,0.001043101555865,0.0118252949446857,0.0009608073555335,2.221937096286488e-05,-1.288871707954757e-06,15559768923140.62,16539048666987.566,14578837625994.59,2.8681756509574914,3.6212081802010263,44626296932135.7,47434926600378.8,41812930515661.42,0.0006762805320734,0.0007188433637895,0.000633645918228,0.0003570838694407,0.0003795575322519,0.0003345723048429
170,170,2,25,3000,1000000.0,1000,17.15,2.43,0.81,,0.003,12732.0,1.2732,1000.0,0.0010981078494864,0.012383071207185,0.000835120329463,7.620880049952623e-05,5.159897348378739e-06,15499076633580.396,16640352275024.752,14678703709838.871,2.7319787351026985,3.478378754395223,42343432983812.03,45461394768377.56,40102176505156.97,0.0006769781128273,0.0007268274456765,0.0006411453644089,0.0003567130873994,0.0003829796816784,0.0003378321072375
171,171,2,25,3000,1000000.0,1005,17.15,2.43,0.81,,0.003015,12729.0,1.2729,1005.0,0.0009537424051017,0.0120710538919873,0.0009615008872467,5.772188365028562e-05,4.244236586913672e-06,15363526159272.96,16598892308460.434,14652721603101.008,3.1700977412470195,4.034798274150404,48698820671143.95,52614645328764.69,46445734806974.86,0.0006744622202977,0.0007286950693991,0.0006432577419648,0.0003545693676975,0.0003830799446218,0.0003381649616109
172,172,2,25,3000,1000000.0,1010,17.15,2.43,0.81,,0.0030299999999999,12792.0,1.2792,1010.0,0.000908189719496,0.0118883731931818,0.0010011323418084,2.4262056155376772e-05,5.172311023524842e-06,15217847800703.885,16643320828745.768,14702607844440.686,3.3363075276361807,4.267809276242788,50771475928936.0,55527297545658.2,49052475096516.52,0.0006714152494058,0.0007343074757691,0.0006486827337263,0.0003521793962278,0.000385168438892,0.0003402554435713
173,173,2,25,3000,1000000.0,1015,17.15,2.43,0.81,,0.003045,12846.5,1.28465,1015.0,0.001065051498358,0.0118429035927069,0.0008777882336215,7.414871344103399e-05,2.5080694937269016e-06,15169027197588.6,16676343637604.41,14742516615572.426,2.865474780015173,3.680921321905373,43463975124871.664,47782904967951.64,42241889813415.93,0.0006726731190154,0.0007395153256937,0.0006537594339279,0.0003520394346024,0.0003870209017986,0.0003421410711682
174,174,2,25,3000,1000000.0,1020,17.15,2.43,0.81,,0.00306,12665.0,1.2665000000000002,1020.0,0.001018955442646,0.0118653760122237,0.0010244037686563,3.5437297953928904e-05,-2.139384474366516e-06,14842662513204.62,16403383792302.717,14511818836840.516,3.0334747989733697,3.8397397710860575,44999574860450.01,49731326591151.35,43996532126815.91,0.0006614670437991,0.0007310209860087,0.0006467229109072,0.0003454392858137,0.0003817625831686,0.0003377394271679
175,175,2,25,3000,1000000.0,1025,17.15,2.43,0.81,,0.003075,12943.5,1.29435,1025.0,0.0010219697367119,0.0121155549517723,0.0009206261986028,2.834357909515367e-05,-4.886334893770496e-06,14965169729427.965,16725918108301.797,14808026930864.848,3.008899354159256,3.8945791043903086,45028807758245.08,50326736328145.91,44555979651713.35,0.000670171280941,0.0007490212383969,0.000663134101109,0.00034924468623,0.0003903355676719,0.0003455774182759
176,176,2,25,3000,1000000.0,1030,17.15,2.43,0.81,,0.00309,12767.5,1.2767499999999998,1030.0,0.0010292163066196,0.0118101073595672,0.0009116273184955,2.024899094915672e-05,-2.550789366486684e-06,14609194632123.562,16460833836922.557,14584082377316.482,3.002285360058642,3.833185419609012,43861172395603.12,49420347177049.695,43785777894737.63,0.0006574695623948,0.0007408003994702,0.0006563394150051,0.0003418738959185,0.0003852046287016,0.0003412862369406
177,177,2,25,3000,1000000.0,1035,17.15,2.43,0.81,,0.003105,12913.0,1.2913,1035.0,0.0010343080605252,0.0119906384627705,0.0009488876473664,3.160502492173817e-05,1.5252277738858585e-07,14602054683129.934,16610342098309.234,14727435378203.688,3.0323246304193407,3.920188863740341,44329599749503.19,50426452502678.88,44710236320831.42,0.0006603624913416,0.0007511851673003,0.0006660327007718,0.0003426136022658,0.0003897348191514,0.0003455554575407
178,178,2,25,3000,1000000.0,1040,17.15,2.43,0.81,,0.00312,12960.5,1.29605,1040.0,0.0009348099058569,0.0120918387569635,0.0010060423271721,-1.6784431604443056e-05,-4.3796535794204045e-06,14471098915185.23,16633221130183.447,14758676633571.266,3.337577868651789,4.325678879462641,48298543219807.484,55514812962668.31,49258358707347.73,0.0006575534763649,0.00075579832889,0.0006706207444113,0.0003404443770996,0.0003913100615242,0.0003472098769263
179,179,2,25,3000,1000000.0,1045,17.15,2.43,0.81,,0.0031349999999999,12907.5,1.29075,1045.0,0.0010419618984087,0.0123519952340026,0.0009242313735016,3.5554663369951505e-05,5.94020983602689e-06,14268129338594.0,16527136888626.943,14675483951072.646,3.0087476927259225,3.8835433262729966,42929226009139.39,49726013686792.5,44154853967084.75,0.0006514954770116,0.0007546437711191,0.0006700956509567,0.0003365374865961,0.0003898199250327,0.0003461456205135
180,180,2,25,3000,1000000.0,1050,17.15,2.43,0.81,,0.0031499999999999,12956.0,1.2956,1050.0,0.0009965795003381,0.0119452442631185,0.0008590754214145,6.460542953518376e-05,2.1842491399964257e-06,14107264196309.29,16551029246205.246,14707702029599.535,3.169420762334652,4.105921613368254,44707719179625.234,52452322248752.88,46610583240439.09,0.0006472560225338,0.0007593785166045,0.0006748047377451,0.0003336060130798,0.0003913957236753,0.0003478050575492
181,181,2,25,3000,1000000.0,1055,17.15,2.43,0.81,,0.0031649999999999,12970.0,1.2970000000000002,1055.0,0.001053793266692,0.0120263695048453,0.0009263968206358,3.8355213594374495e-05,1.0186598837420277e-07,14007759729911.936,16530664193731.996,14700644981491.443,3.0034354040126368,3.8954557190043904,42071401503720.0,49648782091298.69,44152437599232.09,0.0006458457945357,0.0007621675525749,0.0006777921610109,0.0003320771113421,0.0003918867342005,0.0003485031021695
182,182,2,25,3000,1000000.0,1060,17.15,2.43,0.81,,0.0031799999999999,12976.5,1.29765,1060.0,0.0010582955367225,0.0121656782401309,0.0009212501398208,3.127955180753002e-05,-1.892732768702e-06,13785327606100.334,16500679703960.93,14685050900972.145,3.004832333281077,3.8992136975906377,41422523968312.55,49581687143097.36,44126036776392.95,0.0006385089042798,0.0007642786024893,0.0006801822943927,0.0003276191106867,0.0003921515806375,0.0003490017396784
183,183,2,25,3000,1000000.0,1065,17.15,2.43,0.81,,0.0031949999999999,12974.0,1.2974,1065.0,0.0010633991098529,0.0119887015043815,0.0010017574907445,4.076911332174151e-05,1.187136057019764e-06,13652769708778.066,16459239182664.035,14659264763825.885,3.0045173847485485,3.898066705555775,41020045506712.03,49452144486451.14,44044081936023.28,0.0006353752556836,0.0007659832786397,0.0006822157185777,0.0003252487042427,0.0003921069739821,0.0003492263453708
184,184,2,25,3000,1000000.0,1070,17.15,2.43,0.81,,0.0032099999999999,12903.0,1.2903,1070.0,0.0010693701559602,0.0121899068704881,0.0010880122019742,4.054595333687179e-05,2.060791356462012e-06,13379643879997.238,16331114087694.312,14556210936192.488,3.032171847532812,3.913291869862298,40578510127292.914,49529889161565.36,44146866552431.78,0.0006256795286468,0.0007637007274866,0.0006806999707261,0.0003195100686557,0.0003899920977108,0.0003476068569017
185,185,2,25,3000,1000000.0,1075,17.15,2.43,0.81,,0.0032249999999999,13079.0,1.3079,1075.0,0.0011275510591985,0.0118591505245808,0.0009249419744386,2.827375186259309e-05,-2.450664960373256e-06,13330720780467.863,16515303160020.88,14731618460229.61,2.8668142679442297,3.7482928536340423,38204331703661.234,47330983110563.49,42219145345165.52,0.000626304756643,0.0007759230049795,0.0006921218189651,0.0003190751576552,0.0003952991774629,0.0003526061013595
186,186,2,25,3000,1000000.0,1080,17.15,2.43,0.81,,0.0032399999999999,13095.5,1.30955,1080.0,0.0010245613755159,0.012273876559868,0.0010180165168042,5.705803414099469e-05,-1.2133582915591316e-06,13165606251093.98,16497518393676.78,14727031481021.03,3.17093654628684,4.154275965056007,41765157202329.68,52334957921362.92,46718455132090.28,0.0006214015187052,0.000778663951297,0.000695098999149,0.0003158507365375,0.0003957852936131,0.0003533102579233
187,187,2,25,3000,1000000.0,1085,17.15,2.43,0.81,,0.0032549999999999,13054.0,1.3054,1085.0,0.0011380034353578,0.0123748851811841,0.0010141885522943,6.609180861145942e-05,-8.238383268038485e-06,12976793982432.95,16406739786284.81,14657262681392.758,2.8666689324424723,3.741459025644291,37193307008962.98,47024011532704.59,42009765397990.02,0.0006153705138281,0.0007780214362807,0.0006950597566528,0.0003120171671659,0.000394487612077,0.0003524227622359
188,188,2,25,3000,1000000.0,1090,17.15,2.43,0.81,,0.0032699999999999,12974.0,1.2974,1090.0,0.0009805667356204,0.0118639794529013,0.0010788674513192,6.529160421542834e-05,3.352114530296418e-06,12713612908839.969,16267931300433.986,14544480387524.229,3.3348061807179104,4.326580266925334,42397461640753.97,54250432054998.21,48503053674537.43,0.0006056685414425,0.0007749940393552,0.0006928899192947,0.0003063742658225,0.000392026683867,0.0003504947438976
189,189,2,25,3000,1000000.0,1095,17.15,2.43,0.81,,0.0032849999999999,13081.0,1.3081,1095.0,0.0011488297657251,0.0116654787349241,0.0009610802560065,4.886334134278862e-05,2.2347064033912005e-06,12633296220461.59,16363520077590.75,14641286303441.246,2.865824340215429,3.747011677085506,36187683249101.57,46872793218374.48,41939508253609.375,0.0006045808856419,0.0007830950282559,0.0007006755549619,0.0003050898118732,0.0003951734507712,0.000353582090212
190,190,2,25,3000,1000000.0,1100,17.15,2.43,0.81,,0.0032999999999999,12997.5,1.29975,1100.0,0.0010434964973455,0.0119566088383664,0.0010168734164549,3.959622644481547e-05,2.147013326386294e-06,12368663265265.766,16220735875925.646,14524827958396.443,3.171433740162775,4.122417132459801,39229689825241.61,51447308694765.32,46068397477764.66,0.0005946629843301,0.0007798636762226,0.0006983274874074,0.0002993391384118,0.0003925647418295,0.0003515213724717
191,191,2,25,3000,1000000.0,1105,17.15,2.43,0.81,,0.003315,13144.5,1.31445,1105.0,0.001159941804417,0.0120118861418235,0.0010797847424994,7.356850878206712e-05,-2.794244783143949e-06,12322479194501.854,16365425858001.049,14665843161006.752,2.8643584228264656,3.764518764960599,35290961359153.09,46869757494782.11,42002238033838.48,0.0005951354582705,0.0007903965642026,0.0007083122765135,0.000298834348717,0.0003968804735279,0.000355663630689
192,192,2,25,3000,1000000.0,1110,17.15,2.43,0.81,,0.0033299999999999,13070.0,1.307,1110.0,0.0011633256799541,0.011953469677035,0.0010172434273534,2.7732410252748106e-05,5.877186138797794e-06,12067627567878.89,16234125711454.582,14559593689112.863,2.868787808475461,3.748913916972857,34613999184442.605,46564911866533.26,41761792966017.9,0.0005855500291527,0.0007877184417684,0.0007064661600763,0.0002932566285595,0.0003945071180706,0.0003538141473499
193,193,2,25,3000,1000000.0,1115,17.15,2.43,0.81,,0.0033449999999999,12903.0,1.2903,1115.0,0.0011692225407386,0.0119609807177494,0.0009996324596506,5.971939896228359e-05,-3.616245785332277e-06,11730784538462.355,15988644373369.889,14350729275965.066,2.8671465619403183,3.698513754913556,33625101117128.027,45829823403340.125,41134906316513.56,0.000571769592363,0.0007793017292088,0.0006994681899858,0.0003179367350504,0.0004333365235107,0.0003889444901688
194,194,2,25,3000,1000000.0,1120,17.15,2.43,0.81,,0.0033599999999999,13089.5,1.30895,1120.0,0.0011192886249773,0.0116478120557305,0.0009269500864839,1.5838194546826304e-05,-3.3136413614534874e-06,11715050433737.826,16181142075822.477,14534993405616.977,3.032090743923269,3.9712602457247104,35542621233937.93,49092422366123.39,44098125584321.41,0.0005735212034231,0.0007921628787325,0.0007115741376349,0.0003588861995214,0.0004957032508186,0.000445274100433
195,195,2,25,3000,1000000.0,1125,17.15,2.43,0.81,,0.0033749999999999,13000.5,1.30005,1125.0,0.0011795296954914,0.0119657074834573,0.0009928281474771,3.059359826419988e-05,-6.080336033815006e-07,11451366443280.443,16032781200223.66,14413161128590.234,2.8676300694236403,3.728876953121792,32845457030191.7,45986130004198.57,41340644093712.56,0.0005631563227049,0.0007884615472024,0.0007088117265249,0.0003522538152927,0.000493182047357,0.000443361150228
196,196,2,25,3000,1000000.0,1130,17.15,2.43,0.81,,0.00339,12956.5,1.29565,1130.0,0.001185539895573,0.0123710848181874,0.000943884321167,6.48047174459218e-05,-2.419980467958259e-06,11225707418107.469,15940308508889.168,14341453982574.355,2.86593564955034,3.711525767622137,32157220192253.188,45662691139264.89,41082604099480.44,0.0005545327615709,0.0007874268381046,0.0007084458721124,0.0003467410684853,0.0004923662624097,0.0004429806418729
197,197,2,25,3000,1000000.0,1135,17.15,2.43,0.81,,0.0034049999999999,12818.5,1.28185,1135.0,0.0011329789564341,0.0125028960991598,0.0011537983552888,2.2595701486458805e-05,-1.3712198158513571e-06,10915324558604.896,15732724665310.664,14166020973896.918,3.036328958579624,3.892654980245128,33147086245695.902,47776314717983.31,43018630958611.984,0.0005415464671461,0.000780554111363,0.0007028245995565,0.0003385132085571,0.0004879135821574,0.0004393259391065
198,198,2,25,3000,1000000.0,1140,17.15,2.43,0.81,,0.00342,12804.0,1.2804000000000002,1140.0,0.0012520116986251,0.012098025331801,0.0009475900463397,6.821374551190388e-05,-1.7461337936527098e-06,10721228015493.62,15677167671572.23,14127340515776.512,2.731606759396983,3.497540865093119,29286108331904.195,42823753967698.07,38590245836468.33,0.0005342990854474,0.0007812814294428,0.0007040448264392,0.0003338396823746,0.0004881586949225,0.000439899875627
199,199,2,25,3000,1000000.0,1145,17.15,2.43,0.81,,0.0034349999999999,12996.5,1.2996500000000002,1145.0,0.0011439877849852,0.0121203814737543,0.0009874448200727,6.303074246676499e-05,3.709108441482587e-06,10686939348946.977,15874535727906.84,14316739305394.73,3.002654876749969,3.902397943800529,32089170269573.844,47665721989283.02,42988199920979.2,0.0005349262106801,0.0007945872027497,0.000716612947437,0.0003375912128158,0.000501462916022,0.000452253468263
200,200,2,25,3000,1000000.0,1150,17.15,2.43,0.81,,0.00345,12831.5,1.28315,1150.0,0.0012051505314047,0.012206883221841,0.0010023189942414,5.372318246485651e-05,2.0259086546255307e-06,10368647048094.39,15635155648221.764,14112273087404.225,2.8692417774315464,3.683494775167368,29764920100697.7,44883306035267.47,40511619205228.17,0.0005213180075958,0.0007861091377856,0.0007095411826102,0.0003323497354988,0.0005011589091679,0.0004523454416117
201,201,2,25,3000,1000000.0,1155,17.15,2.43,0.81,,0.0034649999999999,12784.5,1.27845,1155.0,0.0012109041282428,0.0121836219068373,0.0009798780468356,3.477836443450611e-05,-3.1178721654033787e-06,10140832260472.02,15540183778642.906,14037960229671.38,2.8682133712435025,3.667026984018841,29087336649505.008,44574502915949.32,40265617711125.41,0.000512024368096,0.0007846449457971,0.000708795642343,0.0003264428300486,0.0005002529813998,0.000451895007015
202,202,2,25,3000,1000000.0,1160,17.15,2.43,0.81,,0.0034799999999999,12783.5,1.27835,1160.0,0.0012157515182025,0.0123078303199476,0.0008823085374567,1.0430990045107049e-05,3.443469879372317e-06,9947771609983.39,15501268710059.184,14014242389783.469,2.8689166036552667,3.667008794600214,28535663926532.97,44466138919113.03,40200532008444.56,0.000504450831164,0.0007860682966463,0.0007106612916771,0.0003216085845077,0.000501151542614,0.0004530764109423
203,203,2,25,3000,1000000.0,1165,17.15,2.43,0.81,,0.003495,12745.0,1.2745,1165.0,0.0011055286889813,0.0116914377008759,0.001003761674262,6.329342286839456e-05,5.6941367645945445e-06,9726121442579.414,15416997611055.57,13949484098709.96,3.170324519059384,4.038659251865328,30820314122274.688,48853668134856.98,44203384083172.42,0.0004953913379251,0.0007852510498063,0.000710504555369,0.0003157698357724,0.0005005307441911,0.000452886212553
204,204,2,25,3000,1000000.0,1170,17.15,2.43,0.81,,0.0035099999999999,12586.5,1.25865,1170.0,0.0012858853041279,0.0116692376253857,0.0010291704237128,7.988572722007233e-05,4.079082237589381e-06,9415858026915.916,15188149189553.12,13753733621467.42,2.7296370790082034,3.435654572235016,25701851731370.477,41458097331963.41,37542666985974.66,0.0004816643166101,0.0007769434797177,0.000703566545575,0.0003069924661463,0.0004951909175532,0.0004484235627921
205,205,2,25,3000,1000000.0,1175,17.15,2.43,0.81,,0.003525,12575.5,1.2575500000000002,1175.0,0.0012914375209902,0.011665462562122,0.0010024680346797,3.154459635509288e-05,1.6792987322394645e-06,9218489957700.535,15137789119919.078,13719461766532.79,2.7295167157659783,3.4325149506317603,25162104570041.613,41318983319655.7,37447622462919.66,0.0004735485740749,0.0007776195977083,0.0007047609300902,0.000301802269378,0.0004955930017521,0.0004491586707568
206,206,2,25,3000,1000000.0,1180,17.15,2.43,0.81,,0.0035399999999999,12542.0,1.2542,1180.0,0.0012363799381773,0.0122464118405414,0.00104341269018,6.114670639736958e-05,-2.686279395381179e-07,9005296947032.223,15060475854585.992,13660721879973.049,2.8700791950091435,3.599583057452318,25845410873755.598,43223914625528.19,39206588288725.2,0.0004645995187108,0.0007769971245538,0.0007047812912789,0.0002960486597551,0.0004951123453508,0.0004490955076375
207,207,2,25,3000,1000000.0,1185,17.15,2.43,0.81,,0.003555,12472.5,1.2472500000000002,1185.0,0.0012424705828379,0.0123494860812654,0.0010049051056334,3.1439095370292584e-05,-9.767012901917589e-07,8767800949316.025,14940237424820.178,13562953113149.09,2.867434300183749,3.5764007644170857,25141046315807.32,42840069390017.75,38890804475140.9,0.0004542633948344,0.0007740598824567,0.0007027022124219,0.0002894198581029,0.0004931682893478,0.0004477049591062
208,208,2,25,3000,1000000.0,1190,17.15,2.43,0.81,,0.00357,12488.0,1.2488,1190.0,0.0012480822618954,0.0124666202553507,0.0009967383763505,2.2529860836406e-05,-2.299430480188985e-06,8590873959511.565,14921975859457.898,13557711327103.914,2.866765862649019,3.5798819955647607,24627094021317.75,42776195321528.94,38865316048177.234,0.0004469420209775,0.0007763189262275,0.0007053427775711,0.0002847441692882,0.0004945882852275,0.0004493697925822
209,209,2,25,3000,1000000.0,1195,17.15,2.43,0.81,,0.0035849999999999,12429.0,1.2429,1195.0,0.0013137067662682,0.0119446774347079,0.0009315011394753,3.046082776770016e-05,7.702284495838471e-07,8363350412372.669,14814822144016.137,13471664906413.629,2.728920083218397,3.391775788397796,22822921746377.297,40428477799898.19,36763107940286.44,0.0004369652582146,0.0007740393818711,0.0007038625962275,0.0002783154157708,0.0004930073692097,0.0004483098082327
210,210,2,25,3000,1000000.0,1200,17.15,2.43,0.81,,0.0036,12312.5,1.2312500000000002,1200.0,0.0012577372739315,0.0121202621816722,0.0010579808968673,3.636017446048284e-05,2.381617640613704e-06,8091696450042.206,14639648512932.38,13323605367786.115,2.868558395413211,3.531865565127036,23211195171869.844,41994128299199.27,38219031879655.24,0.0004245409022693,0.0007680873382927,0.000699039500461,0.0002703603642598,0.0004891410261159,0.0004451692945636
211,211,2,25,3000,1000000.0,1205,17.15,2.43,0.81,,0.0036149999999999,12446.5,1.24465,1205.0,0.0013246365201666,0.0119460132923591,0.0009008257835436,2.7946917417453827e-05,-3.286181748824117e-06,7988277270246.434,14762269508252.752,13446585982076.502,2.729050684395893,3.3967183846500437,21800448532140.05,40287046348644.91,36696473559713.02,0.0004209074657317,0.0007778334723447,0.0007085092613824,0.0002679604872714,0.0004951887368003,0.0004510551662141
212,212,2,25,3000,1000000.0,1210,17.15,2.43,0.81,,0.00363,12310.5,1.23105,1210.0,0.0012692902646449,0.012160323749923,0.0009187823327048,2.517698272609896e-06,-1.933380800577968e-06,7710601424077.547,14564660771893.8,13277875276364.367,2.866380431808289,3.527666923915564,22095311812854.56,41736137494870.47,38048756291220.34,0.0004079623416552,0.0007706056618829,0.0007025227724827,0.0002596730403649,0.0004904999670599,0.0004471643718781
213,213,2,25,3000,1000000.0,1215,17.15,2.43,0.81,,0.003645,12182.0,1.2182,1215.0,0.0013352453198648,0.0123577357315588,0.0008744648044122,5.851554103731432e-05,1.5817277057964812e-06,7439895340435.885,14376705387729.629,13117721917728.23,2.7298364725448327,3.3254914836665668,20309726312584.227,39246110105137.19,35809286260475.695,0.0003952371223685,0.0007637483333541,0.0006968660747975,0.0002515288143304,0.0004860492647658,0.0004434854107086
214,214,2,25,3000,1000000.0,1220,17.15,2.43,0.81,,0.00366,12381.5,1.23815,1220.0,0.0013369168854069,0.0120379679671491,0.0010023407876758,5.024423172057614e-05,6.807847019558049e-06,7373101519046.709,14575633017529.424,13310637212611.848,2.73765259288444,3.389582025117926,20184737211428.668,39902518823190.32,36439443232835.19,0.0003933294780231,0.0007775596350914,0.0007100764818533,0.0002502418729036,0.0004946946269003,0.0004517608739037
215,215,2,25,3000,1000000.0,1225,17.15,2.43,0.81,,0.003675,12299.5,1.22995,1225.0,0.0013454010494342,0.0120305401105894,0.0010234420186451,3.66030797535316e-05,-1.304806377755661e-06,7128397285280.006,14442829346436.168,13200720165379.793,2.7315280837894065,3.3596435221282457,19471420596485.66,39451000491855.766,36058143819704.8,0.0003818338586132,0.0007736327028279,0.0007070989053358,0.0002428618931228,0.0004920619231435,0.0004497437168055
216,216,2,25,3000,1000000.0,1230,17.15,2.43,0.81,,0.00369,12070.0,1.207,1230.0,0.0013513985028339,0.0120849671417467,0.0010008472279421,8.210624207159257e-06,6.344199612112669e-07,6803167198762.779,14137740747064.912,12933046553111.646,2.7305054546149474,3.295704860488301,18575999340246.125,38602999914188.34,35313591040606.06,0.0003658734372896,0.0007603258381743,0.0006955375428485,0.0002326712312414,0.0004835167871797,0.0004423157299093
217,217,2,25,3000,1000000.0,1235,17.15,2.43,0.81,,0.0037049999999999,12173.0,1.2173,1235.0,0.0012952481769161,0.0124706148422575,0.0009269109874463,1.2333684881636337e-05,-2.6412065895213656e-06,6667367143431.205,14222486571721.46,13021871701891.156,2.867022336052205,3.490904437776584,19120300295153.023,40786446635537.92,37343390875124.58,0.000360040922981,0.0007680208817378,0.0007031871210375,0.0002288823980497,0.000488240224775,0.0004470246137805
218,218,2,25,3000,1000000.0,1240,17.15,2.43,0.81,,0.0037199999999999,12063.5,1.20635,1240.0,0.0013625795351117,0.0120869691959423,0.0011072324979043,7.004684455598427e-05,1.916488343501259e-06,6574607500000.0,14058974352808.78,12883390042548.25,2.7301162248673214,3.2934776527606324,17949453207545.45,38382656651643.88,35173172957211.023,0.0003564692350934,0.0007622647943233,0.0006985256829214,0.0002265481137666,0.0004844447552378,0.0004439364194835
219,219,2,25,3000,1000000.0,1245,17.15,2.43,0.81,,0.0037349999999999,12023.5,1.20235,1245.0,0.001306418931108,0.0119393181865502,0.0010137649022251,1.5391660523724735e-05,-6.395771328099251e-06,6552807500000.0,13976899311727.854,12819396450797.014,2.865413103200724,3.446582411887128,18783874144784.848,40065318202285.95,36747291835426.67,0.0003567590817616,0.0007609541046836,0.0006979353668674,0.000226630565417,0.0004833947271906,0.0004433621872686
220,220,2,25,3000,1000000.0,1250,17.15,2.43,0.81,,0.0037499999999999,11752.0,1.1752,1250.0,0.0013100625435526,0.0122429714456834,0.0009192088270948,9.698731199583662e-05,-1.6824511043453257e-06,6404840000000.0,13626632243689.672,12509129884245.965,2.86913417830032,3.372692202856069,18381172505565.58,39106906330394.2,35899799885219.71,0.0003501035980627,0.0007448637246198,0.0006837784208675,0.0002223339223043,0.0004730270536874,0.0004342347212075
221,221,2,25,3000,1000000.0,1255,17.15,2.43,0.81,,0.0037649999999999,11768.0,1.1768,1255.0,0.0012527648284503,0.0118052403244215,0.0010284593811135,9.216037348484986e-05,-4.369827899365636e-06,6413560000000.0,13610479542253.168,12505337778480.84,3.0354695437982304,3.571203255550987,19463057742752.883,41303355583705.5,37949611647073.02,0.0003519309908837,0.0007468472348754,0.0006862048403252,0.0002234429082319,0.000474177388432,0.0004356752009253
222,222,2,25,3000,1000000.0,1260,17.15,2.43,0.81,,0.0037799999999999,11946.5,1.19465,1260.0,0.0013838843682378,0.0122432923286826,0.0009979050499643,7.385608436463238e-06,2.970709075724015e-06,6510842500000.0,13781695366593.234,12673883141436.22,2.7314455335886136,3.2630837932576835,17783806673254.375,37643516338965.3,34617622463870.008,0.0003587319835046,0.0007593387361029,0.0006983009092961,0.0002276566116771,0.0004818875698998,0.0004431520640794
223,223,2,25,3000,1000000.0,1265,17.15,2.43,0.81,,0.0037949999999999,11777.0,1.1777,1265.0,0.0013898430258904,0.0121667169518948,0.0010348730200357,1.2147090710609436e-05,3.163438560379976e-06,6418465000000.0,13551425645383.045,12473223998801.02,2.7305246398873875,3.215736092006121,17525761701433.36,37002469683277.234,34058416062343.004,0.000355045544369,0.0007496143229326,0.0006899722292934,0.0002252262890007,0.0004755244920364,0.0004376900011334
224,224,2,25,3000,1000000.0,1270,17.15,2.43,0.81,,0.0038099999999999,11706.5,1.1706500000000002,1270.0,0.0013960956184746,0.0119079045924625,0.0009479377928382,6.692906824459625e-05,-5.374621428832076e-07,6380042500000.0,13435779895758.254,12377842130113.545,2.729039580223412,3.194752658038777,17411401986311.34,36666803514968.31,33779647243808.656,0.000354289132493,0.0007461001715326,0.0006873519965445,0.0002246786553177,0.0004731524845053,0.0004358963009305
225,225,2,25,3000,1000000.0,1275,17.15,2.43,0.81,,0.0038249999999999,11706.5,1.17065,1275.0,0.0014004823029835,0.011582143686909,0.0010094625480435,5.533286531261769e-05,2.137429699162762e-06,6380042500000.0,13401256287053.934,12357128028422.371,2.731203849533644,3.197296647958063,17425266731371.443,36601709994468.42,33749971403633.43,0.0003556970046108,0.0007471402767815,0.0006889285495046,0.0002254663022005,0.0004735911555266,0.0004366923829092
226,226,2,25,3000,1000000.0,1280,17.15,2.43,0.81,,0.0038399999999999,11596.5,1.15965,1280.0,0.0014060221174076,0.0122361504985309,0.0010190336673847,4.589194020274801e-05,-7.10577311292124e-07,6320092500000.0,13241132320034.28,12220494947365.852,2.73110991703372,3.167132497529553,17260872111536.06,36162997865622.77,33375524238949.76,0.0003537235235383,0.0007410809224517,0.0006839577952641,0.0002241334461076,0.0004695786679161,0.0004333831578722
227,227,2,25,3000,1000000.0,1285,17.15,2.43,0.81,,0.0038549999999999,11537.0,1.1537,1285.0,0.0014115873639184,0.0125111689029998,0.0009666841933574,8.830908820540822e-06,1.4497424054010318e-07,6287665000000.0,13139170215378.355,12137379138212.682,2.7309691594871954,3.150736126963546,17171511891951.324,35882862335022.95,33146987030788.22,0.0003532573711562,0.0007381927519132,0.0006819095239792,0.0002237499688625,0.0004675644975633,0.0004319152188052
228,228,2,25,3000,1000000.0,1290,17.15,2.43,0.81,,0.0038699999999999,11451.0,1.1451000000000002,1290.0,0.0014179102499837,0.0122891641776988,0.0010288922149,2.662984205609638e-05,-4.2345458928227145e-06,6240795000000.0,13007457099523.133,12026641739039.656,2.7293688083301264,3.1254017625335093,17033439605807.623,35502165177651.39,32825157006858.445,0.0003520012872931,0.0007336632021148,0.0006783420019333,0.0002228481290639,0.0004644740739776,0.0004294508328615
229,229,2,25,3000,1000000.0,1295,17.15,2.43,0.81,,0.0038849999999999,11252.5,1.12525,1295.0,0.001358561925258,0.0119424134743548,0.000937855942529,2.11846829739302e-05,2.103612432020224e-06,6132612500000.0,12748791636114.04,11798252231246.115,2.866188450710391,3.22518540341819,17577260448629.14,36540516948246.97,33816086098254.68,0.0003472401353132,0.0007218607294697,0.0006680393879832,0.000219725782238,0.0004567773057298,0.0004227203660026
230,230,2,25,3000,1000000.0,1300,17.15,2.43,0.81,,0.0038999999999999,11269.5,1.12695,1300.0,0.0014293120195816,0.0117390675843688,0.0009143704943969,6.831763641605521e-05,-4.974238942315702e-06,6141877500000.0,12734817363145.742,11796135720191.186,2.7285860112004627,3.0749712677659837,16758593409324.61,34747945775695.92,32186679453618.96,0.0003491330431644,0.0007239065807057,0.0006705475258291,0.0002208045578248,0.0004578251058978,0.0004240788800718
231,231,2,25,3000,1000000.0,1305,17.15,2.43,0.81,,0.0039149999999999,11305.0,1.1305,1305.0,0.0013673339248043,0.01163942359597,0.0009363098165499,5.848993590969178e-05,3.928999790065769e-06,6161225000000.0,12708537452364.734,11813290836738.973,2.869369929573652,3.2426021902242628,17672181936722.234,36451774770088.42,33883947581570.984,0.0003515670128008,0.0007251646465103,0.0006740807827696,0.0002236777140035,0.0004613719845767,0.000428870864028
232,232,2,25,3000,1000000.0,1310,17.15,2.43,0.81,,0.0039299999999999,11141.0,1.1141,1310.0,0.0014397835116142,0.0117620827082962,0.0009199994324223,6.49394000241258e-05,9.287880833150087e-06,6071845000000.0,12458464788039.648,11622203491634.664,2.7295771890653864,3.041017451247423,16573545109298.451,34006291029692.21,31723654645013.68,0.0003477688524646,0.0007135666346569,0.000665669227623,0.000222621478828,0.0004567840343487,0.0004261228882733
233,233,2,25,3000,1000000.0,1315,17.15,2.43,0.81,,0.003945,11149.0,1.1149,1315.0,0.0013794251849503,0.0119690257839893,0.0009896333651258,1.2926035098118654e-05,-3.884858585256906e-06,6076205000000.0,12401651882844.229,11610821229461.783,2.8663207682665486,3.1950906657246616,17413244128199.402,35540767934740.57,33274398180689.83,0.0003493596912033,0.0007130498842949,0.0006675799976041,0.0002234708157181,0.0004561082554838,0.0004270230664215
234,234,2,25,3000,1000000.0,1320,17.15,2.43,0.81,,0.00396,11019.5,1.10195,1320.0,0.0014480503180038,0.0121712043318488,0.0009794722498319,5.956337925137881e-05,1.6575365522600114e-06,6005627500000.0,12212125849260.426,11456458374449.523,2.7347126060901044,3.0135247726830343,16423710011122.54,33396745563654.555,31330206559839.96,0.0003466019748285,0.0007047967820528,0.0006611850463794,0.0002215608167933,0.0004505322013303,0.0004226539649689
235,235,2,25,3000,1000000.0,1325,17.15,2.43,0.81,,0.0039749999999999,10839.5,1.08395,1325.0,0.0014548911667588,0.0117358728023331,0.0010125436502899,8.59958125156939e-05,-6.642343664628712e-06,5907527500000.0,11980677947071.371,11250140813548.488,2.7321635518185023,2.961532613085634,16140352741316.707,32733215062620.69,30737265483767.33,0.0003422067013393,0.0006940074811461,0.0006516894889457,0.0002207266290539,0.0004476415314254,0.000420346017544
236,236,2,25,3000,1000000.0,1330,17.15,2.43,0.81,,0.00399,10824.5,1.08245,1330.0,0.0013953846962522,0.0119058682631576,0.0009989734571315,1.3801539923069716e-05,4.134798115946137e-06,5899352500000.0,11932176248656.688,11215419113295.246,2.865989453472431,3.1021737089272534,16906846713653.531,34196206244047.297,32142065044911.742,0.0003430227052805,0.0006938062061384,0.000652129772733,0.0002232742600862,0.0004516000396887,0.0004244727542689
237,237,2,25,3000,1000000.0,1335,17.15,2.43,0.81,,0.004005,10884.5,1.08845,1335.0,0.0014679047276331,0.0121125755017899,0.0009671078912611,6.611790337427041e-05,-4.781614964246795e-06,5932052500000.0,11966216630608.076,11258326359276.111,2.728378735003674,2.9697047337678217,16184890799034.629,32648380884016.75,30716987535895.367,0.0003462080926091,0.0006983756525133,0.0006570615642421,0.0002253339904883,0.0004545467769245,0.0004276569711336
238,238,2,25,3000,1000000.0,1340,17.15,2.43,0.81,,0.0040199999999999,10650.0,1.065,1340.0,0.001471757087188,0.0121462859696518,0.0009741141170062,4.837246673508506e-05,-5.490994951294177e-06,5804250000000.0,11677003828221.074,10996927820826.602,2.731433771893429,2.9089766063240434,15853922504466.031,31894958655635.12,30037376311942.367,0.0003400428939684,0.0006840990954265,0.0006442567361772,0.0002212896314031,0.0004451910019451,0.0004192627995068
239,239,2,25,3000,1000000.0,1345,17.15,2.43,0.81,,0.0040349999999999,10673.0,1.0673,1345.0,0.0014099782442826,0.0120044237212269,0.0009797314686807,-1.1513069582906997e-08,6.633400601587261e-06,5816785000000.0,11670746072783.68,11001791682615.336,2.8682591963425894,3.059844259378957,16676151213615.316,33458882576104.8,31541056050720.223,0.0003420362810695,0.0006862585748042,0.0006469229844706,0.0002225685675803,0.0004465596091334,0.0004209633011392
240,240,2,25,3000,1000000.0,1350,17.15,2.43,0.81,,0.00405,10476.0,1.0476,1350.0,0.0014157339933262,0.011993217225995,0.001052357073982,7.970727984750705e-05,2.77789116762804e-06,5709420000000.0,11424435158481.455,10780186128370.94,2.8673519907495564,3.003230588965641,16367606709862.746,32751253464686.938,30904338235458.85,0.0003369216914777,0.0006741735618984,0.0006361554316929,0.0002192523924363,0.0004387196494093,0.0004139792832817
241,241,2,25,3000,1000000.0,1355,17.15,2.43,0.81,,0.004065,10461.0,1.0461,1355.0,0.0014874110091795,0.011774693115577,0.0010659195201422,5.74155674599632e-06,8.817233907052632e-07,5701245000000.0,11377226642488.0,10746240339809.176,2.732939226788819,2.85892237591834,15581126948754.955,31093210805948.984,29368766814335.883,0.0003376977206148,0.0006738990350506,0.0006365242798605,0.0002203647980333,0.0004397531155478,0.0004153642023978
242,242,2,25,3000,1000000.0,1360,17.15,2.43,0.81,,0.0040799999999999,10361.5,1.03615,1360.0,0.0014250891920255,0.0117074782047935,0.000994308059311,8.58758732798119e-05,-2.4983317224023173e-06,5647017500000.0,11238454862690.023,10625693090003.55,2.8696535650908706,2.9731908614941776,16203890195143.27,32248295415784.188,30490000089022.234,0.0003357076622753,0.0006681111594822,0.0006316832889753,0.0002197000968746,0.000437237820151,0.0004133980107613
243,243,2,25,3000,1000000.0,1365,17.15,2.43,0.81,,0.004095,10222.0,1.0222,1365.0,0.0014998285241744,0.0114885628538654,0.0009938879954064,4.3175044462475496e-05,-4.6048994247035525e-06,5570990000000.0,11057002481228.996,10464548836447.04,2.730312126919364,2.7909249485269285,15210540969471.76,30189066797873.363,28571483489256.973,0.0003323689805917,0.0006596681457131,0.0006243219659562,0.0002174948807992,0.0004316721869275,0.0004085424317402
244,244,2,25,3000,1000000.0,1370,17.15,2.43,0.81,,0.00411,10189.0,1.0189,1370.0,0.0015037842949823,0.0121101932777486,0.0010844637722543,5.741152171562376e-05,-7.0035958208447e-06,5553005000000.0,10991258379944.12,10412736858142.648,2.733106317468539,2.784750643973382,15176891009654.934,30040154923571.715,28459000560641.98,0.0003325095218925,0.0006581478080629,0.0006235063995608,0.000217548206884,0.0004306008281924,0.0004079362853526
245,245,2,25,3000,1000000.0,1375,17.15,2.43,0.81,,0.004125,10224.0,1.0224,1375.0,0.0015787651506116,0.0117245957781805,0.0010223890072619,6.628474520629773e-05,-1.5566533700867918e-06,5572080000000.0,10998862431853.29,10430414530290.016,2.617781305827529,2.6772759207325185,14591153767992.225,28801828583969.406,27313280188971.094,0.0003348448741726,0.0006609583328014,0.0006267984022059,0.0002190403559944,0.0004323690152702,0.0004100231353254
246,246,2,25,3000,1000000.0,1380,17.15,2.43,0.81,,0.00414,9994.0,0.9994,1380.0,0.0015151603906815,0.0124197066349404,0.0009920507195807,8.206047544717252e-06,5.620505531367905e-07,5446730000000.0,10721957588047.348,10178087031121.27,2.732389617300818,2.730810940292299,14882919624593.031,29297217413237.68,27811118086685.15,0.0003284662723484,0.0006465900533392,0.0006137918176135,0.0002148458886548,0.0004229268765154,0.0004014739399616
247,247,2,25,3000,1000000.0,1385,17.15,2.43,0.81,,0.004155,9961.0,0.9961,1385.0,0.0015219838297752,0.0124031921734362,0.0010066760562011,5.4374414450348096e-05,2.4084687775995283e-06,5428745000000.0,10657177750816.01,10126853582899.225,2.7299897711868173,2.7193451796173465,14820431228914.54,29094011590208.566,27646230775371.61,0.0003285558019298,0.0006449884056497,0.0006128923904062,0.0002148542966941,0.0004217808039234,0.0004007920807254
248,248,2,25,3000,1000000.0,1390,17.15,2.43,0.81,,0.00417,10041.0,1.0041,1390.0,0.0015263494639156,0.0122210621411832,0.0010004883484612,1.4249139260073097e-05,5.09322723291237e-06,5472345000000.0,10713157301211.598,10190418453303.938,2.7320100644988745,2.743185342727703,14950360117865.98,29268176559127.508,27840062282009.03,0.0003323658134352,0.0006506693640254,0.0006189205392713,0.000217308318508,0.000425422410144,0.0004046643073457
249,249,2,25,3000,1000000.0,1395,17.15,2.43,0.81,,0.0041849999999999,9776.5,0.97765,1395.0,0.0015312023978139,0.0118442605871281,0.0010152089056486,6.434288547995126e-05,1.2306431228429965e-06,5328192500000.0,10402119688397.623,9904683341893.396,2.733149011645585,2.672088262630539,14562881031336.438,28430810541446.664,27071230095581.81,0.0003247866096577,0.0006340741605805,0.0006037523085637,0.0002122807000069,0.0004144312070198,0.00039461282849
250,250,2,25,3000,1000000.0,1400,17.15,2.43,0.81,,0.0042,9809.0,0.9809,1400.0,0.0015387502220391,0.0119173850467353,0.0009595876074427,4.1685112883089606e-05,4.893172282677886e-06,5345905000000.0,10407771943069.848,9920252823220.275,2.729487884411568,2.677354626267154,14591582713155.988,28407887002662.39,27077209491271.89,0.0003270102944405,0.0006366459126328,0.0006068242508323,0.0002136900360153,0.0004160263157228,0.0003965388803346
251,251,2,25,3000,1000000.0,1405,17.15,2.43,0.81,,0.004215,9547.5,0.95475,1405.0,0.0016140763010525,0.0115511573148001,0.0009996276588852,6.548536316842457e-05,-2.7637532914305725e-06,5203387500000.0,10102152612755.049,9636443781804.283,2.6163572434652123,2.498553546755815,13617116829819.19,26437045551681.21,25218298810306.48,0.0003193823709084,0.0006200671106545,0.0005914820416812,0.000208667602386,0.000405119158364,0.0003864431813846
252,252,2,25,3000,1000000.0,1410,17.15,2.43,0.81,,0.00423,9450.0,0.945,1410.0,0.001619232277676,0.0122216353051133,0.0009288419743016,-5.033652250648825e-06,3.154082243166049e-06,5150250000000.0,9971119295007.797,9511281236074.346,2.617239554029944,2.4732461246741404,13479191379474.064,26096330322795.32,24892845987097.09,0.0003172341573158,0.0006141798217653,0.0005858556939798,0.0002072084939288,0.0004011651108011,0.0003826645813816
253,253,2,25,3000,1000000.0,1415,17.15,2.43,0.81,,0.004245,9485.0,0.9485,1415.0,0.0015518438375465,0.012053246609235,0.0009765396627698,0.0001012290530169,6.259074289445149e-06,5169325000000.0,9980076996153.762,9519654870659.516,2.735456772127256,2.594588267563098,14140506058218.885,27300148322189.684,26040679850989.008,0.0003195030510427,0.0006168436014205,0.000588386061246,0.000208638225738,0.0004028041489376,0.0003842211317441
254,254,2,25,3000,1000000.0,1420,17.15,2.43,0.81,,0.00426,9303.5,0.93035,1420.0,0.0015604115671976,0.0120378648173403,0.0010403969567496,1.3667708504344425e-05,-1.6570608034889517e-06,5070407500000.0,9761666455191.465,9311152251557.832,2.7300502796188475,2.5399038816422514,13842476154950.27,26649857065446.07,25419929861120.79,0.0003144504474714,0.0006053873154972,0.0005774478662667,0.0002052996040101,0.0003952475728488,0.0003770063589805
255,255,2,25,3000,1000000.0,1425,17.15,2.43,0.81,,0.0042749999999999,9187.0,0.9187,1425.0,0.0015656605819458,0.0118595635786924,0.0009235228840467,9.874734572313856e-05,-1.123303042290398e-06,5006915000000.0,9612336067308.504,9168546774593.377,2.730477119465349,2.508487667898371,13671257790046.123,26246246309500.5,25034490602608.992,0.0003115947695785,0.0005982034130807,0.0005705851246925,0.0002033628343743,0.0003904184328289,0.0003723933118848
256,256,2,25,3000,1000000.0,1430,17.15,2.43,0.81,,0.0042899999999999,9278.5,0.92785,1430.0,0.0015710162545019,0.0119392572566407,0.0009186506937293,6.718802592933837e-05,5.682213549186869e-06,5056782500000.0,9680709307459.92,9233594282332.29,2.730716521648783,2.5336969852498807,13808648569611.852,26435290173402.664,25214344986976.195,0.0003157676150814,0.0006045058276312,0.0005765860100097,0.0002060326317246,0.0003944290693891,0.0003762118956604
257,257,2,25,3000,1000000.0,1435,17.15,2.43,0.81,,0.004305,9083.5,0.90835,1435.0,0.0015773164144547,0.0119928803618191,0.0009743880567296,2.64035696626822e-05,1.8187450945407847e-06,4950507500000.0,9450468423875.828,9018564450833.29,2.7293202232832545,2.4791751234844,13511504422989.984,25793324403311.258,24614521534702.09,0.0003102122180977,0.0005921919665474,0.0005651276929385,0.0002023212450267,0.0003862291972296,0.0003685778050122
258,258,2,25,3000,1000000.0,1440,17.15,2.43,0.81,,0.0043199999999999,8969.0,0.8969,1440.0,0.0015826362052848,0.012131733084511,0.001074960808038,-4.058564160563278e-07,-1.1808793174195337e-07,4888105000000.0,9304892259498.158,8887425740878.916,2.729623311452037,2.448206942500475,13342727836627.588,25398931685720.062,24259401716776.887,0.0003073240522121,0.0005850155008098,0.0005587686214639,0.0002003855535285,0.0003814496591098,0.0003643358165444
259,259,2,25,3000,1000000.0,1445,17.15,2.43,0.81,,0.0043349999999999,8921.5,0.89215,1445.0,0.0015867327832665,0.0116597926410981,0.0010435462811166,6.288032996384021e-05,-1.5034431535152002e-06,4862217500000.0,9229302995053.182,8822992973344.793,2.7320293704516567,2.437384597085268,13283746054114.71,25214774378720.58,24104721373560.664,0.0003066903634894,0.0005821496653137,0.0005565211597507,0.0001999246512679,0.0003794904655606,0.0003627838107479
260,260,2,25,3000,1000000.0,1450,17.15,2.43,0.81,,0.00435,8958.5,0.89585,1450.0,0.0015932615433484,0.0122772760755104,0.0009730646701907,2.500339646810469e-05,2.188572965380807e-07,4882382500000.0,9241160052638.44,8842147633541.988,2.7302485533505347,2.445894267990078,13330123760545.93,25230675227244.8,24141271656641.605,0.0003090165666511,0.0005848930417353,0.0005596386812258,0.0002013602713737,0.0003811259146549,0.0003646697584666
261,261,2,25,3000,1000000.0,1455,17.15,2.43,0.81,,0.0043649999999999,8746.0,0.8745999999999999,1455.0,0.0015963874152475,0.0119175021800483,0.0010811533171755,2.6164627697838316e-05,5.219099276777995e-06,4766570000000.0,8996162419343.707,8615384374933.512,2.734302109750176,2.391439003098875,13033342566888.871,24598414918626.664,23557244707185.715,0.0003026935059628,0.0005712870980437,0.0005471063892203,0.0001971657197694,0.0003721197503807,0.00035636914204
262,262,2,25,3000,1000000.0,1460,17.15,2.43,0.81,,0.0043799999999999,8615.0,0.8614999999999999,1460.0,0.0016028361948201,0.0118292865344495,0.0010328802214191,8.396902080034762e-05,3.017126503532163e-06,4695175000000.0,8836008958526.867,8469572556248.236,2.7326562334888505,2.354177666317871,12830268281432.398,24145716714507.938,23144374411118.234,0.0002991183856584,0.0005629210275099,0.0005395762394889,0.0001947890175448,0.000366580053789,0.0003513776839535
263,263,2,25,3000,1000000.0,1465,17.15,2.43,0.81,,0.004395,8505.5,0.85055,1465.0,0.0016097941531825,0.0120380466295503,0.0009838770650271,5.6895722204437736e-05,-9.812470119042852e-06,4635497500000.0,8698616315588.625,8345365839113.57,2.7301641643161654,2.3221386563790176,12655655677265.645,23748625246531.73,22784194481959.363,0.0002963060716424,0.0005560250715691,0.000533444914641,0.0001928720918862,0.0003619288599128,0.0003472309427297
264,264,2,25,3000,1000000.0,1470,17.15,2.43,0.81,,0.00441,8476.0,0.8476,1470.0,0.0016135466672721,0.0115759009442829,0.0010512365470481,0.0001372320292444,7.706348756249579e-07,4619420000000.0,8641379971476.329,8299923497303.342,2.733110447173537,2.316568970472209,12625300889073.535,23617688419044.46,22684456384079.87,0.0002962317579257,0.0005541499105634,0.000532253167769,0.0001927633720299,0.0003605953869303,0.0003463467796673
265,265,2,25,3000,1000000.0,1475,17.15,2.43,0.81,,0.0044249999999999,8419.5,0.84195,1475.0,0.0017657428580832,0.0118433720530492,0.0009702525125671,3.703938284217233e-05,5.489829813064974e-07,4588627500000.0,8534117717304.242,8228209431967.781,2.506030818080886,2.109940517707168,11499175821504.066,21386639057690.867,20620027874207.617,0.0002952037675175,0.0005490320804175,0.0005293518430598,0.0001920237151171,0.0003571335850044,0.0003443320129797
266,266,2,25,3000,1000000.0,1480,17.15,2.43,0.81,,0.0044399999999999,8226.0,0.8226,1480.0,0.0016998539650785,0.0118714083234164,0.0010893767500568,7.475663012837554e-05,6.988038249862777e-07,4483170000000.0,8289464980978.322,8023094600597.371,2.616710496745271,2.152139255917336,11729158944749.48,21687433741934.72,20990538346564.58,0.0002893650882415,0.00053504144739,0.0005178486376987,0.000188146348219,0.0003478861084592,0.0003367072742097
267,267,2,25,3000,1000000.0,1485,17.15,2.43,0.81,,0.004455,8197.0,0.8197000000000001,1485.0,0.0017059954133173,0.0122178753761382,0.0009690823384274,4.907438271007122e-05,-2.3541581870668744e-06,4467365000000.0,8211893738311.252,7978855230029.868,2.616273409422168,2.144864855751856,11689513463847.611,21487620200649.664,20877840883277.973,0.0002892659522554,0.0005317275982672,0.0005166381426238,0.0001880239735179,0.0003456249692569,0.0003358167654702
268,268,2,25,3000,1000000.0,1490,17.15,2.43,0.81,,0.0044699999999999,8190.0,0.8190000000000001,1490.0,0.001784468509868,0.0116281266185036,0.0010053135426894,9.880970780683912e-05,7.328531275436126e-06,4463550000000.0,8178301188332.197,7956100449442.975,2.522461396221188,2.067409220603192,11267380252287.396,20644560788312.61,20083657422739.44,0.0002899707440404,0.0005312964076951,0.0005168613249511,0.0001884069899961,0.0003452070908079,0.0003358279705138
269,269,2,25,3000,1000000.0,1495,17.15,2.43,0.81,,0.0044849999999999,8173.5,0.81735,1495.0,0.0015687994791732,0.012197747704807,0.0011271535114897,2.244837579501088e-05,6.086316965901721e-06,4454557500000.0,8144951654003.84,7924162721465.68,2.865507748314249,2.3406681914233305,12756641643257.148,23324927212586.57,22692647734504.49,0.0002902936308309,0.0005307884315295,0.0005164001065671,0.0001885986007175,0.0003448437886047,0.0003354959501874
270,270,2,25,3000,1000000.0,1500,17.15,2.43,0.81,,0.0045,7877.0,0.7877,1500.0,0.0016458732160344,0.0117190662233224,0.0009056070266416,-2.7348967238545947e-05,-4.188757831072544e-06,4292965000000.0,7833226248657.129,7621375778421.074,2.7341130745851348,2.1536731294519478,11737518555513.111,21417048227308.03,20837821789312.41,0.0002806264482486,0.0005120494717495,0.0004982010371543,0.0001823108610255,0.0003326563859711,0.0003236596572214
271,271,2,25,3000,1000000.0,1505,17.15,2.43,0.81,,0.004515,7926.0,0.7926,1505.0,0.0016531245279338,0.0120487765831267,0.000990968390132,5.309020422395126e-05,-9.878221621406203e-06,4319670000000.001,7862776785135.841,7653358413006.242,2.7311919473727704,2.1647410331159325,11797838630481.83,21474735731787.69,20902774410519.36,0.0002832717017112,0.0005156185912583,0.0005018855286302,0.0001839958257017,0.0003349140343797,0.0003259938839291
272,272,2,25,3000,1000000.0,1510,17.15,2.43,0.81,,0.0045299999999999,7772.5,0.77725,1510.0,0.0016583971964791,0.011865808775639,0.0010190887261238,4.428266391372092e-05,3.37874317144289e-06,4236012500000.0,7685287160979.135,7490010119721.699,2.7315578751115384,2.1230710285367707,11570737105525.398,20992486995767.656,20459084578486.16,0.0002786470673789,0.0005055421175863,0.0004926966940016,0.0001809759041291,0.0003283398697361,0.0003199970144925
273,273,2,25,3000,1000000.0,1515,17.15,2.43,0.81,,0.0045449999999999,7706.5,0.77065,1515.0,0.0017352240379295,0.0118144070292166,0.0009827284435776,8.492805744914615e-05,7.097489092624163e-07,4200042500000.0,7595027785721.826,7411408893556.332,2.6251095723702664,2.023307154729729,11027023993277.02,19940406227498.938,19458323027262.79,0.0002771244165656,0.0005011300823546,0.0004890146624841,0.0001799700695662,0.0003254437732366,0.0003175757802825
274,274,2,25,3000,1000000.0,1520,17.15,2.43,0.81,,0.00456,7635.0,0.7635000000000001,1520.0,0.0016650170110778,0.0123969795230361,0.0009467738319651,6.273351565098736e-05,-4.988426854687594e-07,4161075000000.0,7499794017298.814,7326926934550.056,2.7387308201740352,2.0910469250821304,11396205741697.611,20540171864599.93,20066729583225.062,0.0002754087377218,0.0004963882658874,0.0004849467261283,0.0001788294425056,0.000322316704943,0.0003148874411024
275,275,2,25,3000,1000000.0,1525,17.15,2.43,0.81,,0.0045749999999999,7606.0,0.7605999999999999,1525.0,0.0017519965043675,0.0123841449195306,0.0009637003987966,7.596270406663391e-05,-7.554085540173707e-06,4145270000000.0,7444591824518.129,7282946936111.422,2.6161702356846908,1.9893740353297404,10842088492547.084,19471572021199.61,19048784558748.82,0.0002751942645384,0.0004942281134733,0.0004834969075008,0.0001792277925502,0.000321879578205,0.00031489058677
276,276,2,25,3000,1000000.0,1530,17.15,2.43,0.81,,0.0045899999999999,7472.0,0.7472,1530.0,0.0016030534225137,0.0123012298339767,0.001063674155139,3.3873654355736675e-05,-2.0603115729999152e-06,4072240000000.0,7286992502048.161,7138772754976.056,2.869643913229316,2.143373964378809,11681388105864.512,20903038018621.02,20477863571510.258,0.0002711924333152,0.0004852801475798,0.0004754093949046,0.0001771417137189,0.0003169828742093,0.0003105353416465
277,277,2,25,3000,1000000.0,1535,17.15,2.43,0.81,,0.004605,7363.5,0.7363500000000001,1535.0,0.001685393194748,0.0116886064419558,0.0010758410508076,4.087175810287888e-05,-3.8131196036140176e-06,4013107500000.001,7155119989834.396,7019476266419.463,2.732301804445195,2.011910275349772,10964911000656.256,19549751380333.234,19179135503474.12,0.0002680587744358,0.0004779320502668,0.0004688716176075,0.0001750568166947,0.0003121153690722,0.000306198418573
278,278,2,25,3000,1000000.0,1540,17.15,2.43,0.81,,0.00462,7416.0,0.7416,1540.0,0.0017670319939497,0.0118743757371591,0.0010169549760237,2.545127693104993e-05,-7.862260057401437e-06,4041720000000.0,7181025563028.512,7053776742943.775,2.6193437373072816,1.9430541770579537,10589645264965.848,18814889045041.12,18481486467652.58,0.0002707595993599,0.0004810653891014,0.0004725408402596,0.0001767985092254,0.0003141223573758,0.0003085560633991
279,279,2,25,3000,1000000.0,1545,17.15,2.43,0.81,,0.0046349999999999,7255.0,0.7255,1545.0,0.0016977172756469,0.0122291628436787,0.0010761285668816,1.155963965935089e-05,9.80134285834622e-07,3953975000000.0,7001591723628.046,6885235685500.252,2.730136684976322,1.9807115191770095,10794877779514.7,19115276884306.664,18797609420425.867,0.0002656827376137,0.0004704637881593,0.0004626453799125,0.0001734359305023,0.0003071156432665,0.0003020118381736
280,280,2,25,3000,1000000.0,1550,17.15,2.43,0.81,,0.00465,7284.0,0.7283999999999999,1550.0,0.0017002731153752,0.0120319462495376,0.000972426356773,3.5910042185711576e-05,-5.107541608894384e-06,3969780000000.0,7005949622276.604,6898559890634.638,2.757042748463199,2.0083288709031653,10945392346422.25,19316654165995.64,19020561499198.41,0.0002675291200179,0.0004721409089011,0.000464903762156,0.0001746094162355,0.0003081542991605,0.0003034307985253
281,281,2,25,3000,1000000.0,1555,17.15,2.43,0.81,,0.004665,7084.5,0.70845,1555.0,0.0017094784722075,0.0119542494100161,0.0010024169906716,1.2103515995489537e-05,-1.4611470157080326e-06,3861052500000.0,6791083051834.588,6695827319153.058,2.7289024691829638,1.933290905540367,10536435435195.0,18532202841246.56,18272259243683.17,0.0002609449860437,0.0004589678778476,0.0004525301239359,0.0001702858346251,0.0002995103655002,0.0002953092566206
282,282,2,25,3000,1000000.0,1560,17.15,2.43,0.81,,0.00468,7035.0,0.7035,1560.0,0.0017921417216939,0.0119303104030139,0.0010179233301093,9.514526028776004e-05,-1.1109992074101882e-06,3834075000000.0,6720811429086.682,6635350042567.896,2.6164418607526923,1.841424847415388,10035765418413.867,17591853817076.818,17368156986045.889,0.0002598974329487,0.0004555783696855,0.0004497852657497,0.0001695540559065,0.0002972140181882,0.0002934346647046
283,283,2,25,3000,1000000.0,1565,17.15,2.43,0.81,,0.0046949999999999,6945.5,0.69455,1565.0,0.0017971733419698,0.0122009482545957,0.0010752459486065,2.487992972635181e-05,1.1785631916839656e-06,3785297500000.0,6612777157629.486,6537415668682.611,2.6174693151063626,1.8183478344166244,9909995697570.604,17312402309488.588,17115104202476.908,0.0002573279762094,0.0004495426219728,0.0004444194792252,0.0001678423204316,0.0002932144336433,0.0002898728608407
284,284,2,25,3000,1000000.0,1570,17.15,2.43,0.81,,0.00471,6797.5,0.6797500000000001,1570.0,0.0017183306176775,0.0119811036486328,0.0009947164034345,8.45882199794949e-05,-3.3681216559014246e-06,3704637500000.0,6449815774575.593,6384880746152.044,2.7410927583557907,1.863381865427841,10155431166581.73,17680720485023.29,17502715697387.418,0.0002525840202286,0.0004397516350996,0.0004353243326893,0.0001647039928509,0.0002867515138055,0.0002838645758913
285,285,2,25,3000,1000000.0,1575,17.15,2.43,0.81,,0.004725,6799.5,0.67995,1575.0,0.001888150249897,0.011801689624575,0.0011017763257115,5.581116993483371e-05,-3.797782950138855e-06,3705727500000.0,6428176837251.769,6373124186728.339,2.5024492569036942,1.7015389429048091,9273387238831.21,16086172836918.234,15948406488251.797,0.0002533601186793,0.000439493634213,0.0004357296914864,0.0001651831702256,0.0002865366189899,0.0002840826416419
286,286,2,25,3000,1000000.0,1580,17.15,2.43,0.81,,0.0047399999999999,6683.5,0.66835,1580.0,0.0018054654962042,0.0120954749190201,0.0010773939712906,0.00010417923524,-2.5555272987639e-06,3642507500000.0,6294859469746.916,6250206764019.79,2.6306354154744795,1.7602640750384315,9593439208959.451,16579060345643.703,16461456464825.686,0.0002497361634121,0.0004315856736583,0.0004285242124495,0.0001627907210597,0.0002813294720874,0.0002793338561106
287,287,2,25,3000,1000000.0,1585,17.15,2.43,0.81,,0.004755,6778.5,0.6778500000000001,1585.0,0.0018139566586796,0.0121014928262849,0.0010571599321547,9.312497686849736e-05,-9.061449089564646e-06,3694282500000.001,6360346926612.274,6324654740754.924,2.6259106581863967,1.7796723172124165,9699214128807.67,16698876378489.248,16605167748097.38,0.0002540218081159,0.0004373425222741,0.0004348882991368,0.0001655285396157,0.0002849860394304,0.000283386791024
288,288,2,25,3000,1000000.0,1590,17.15,2.43,0.81,,0.00477,6479.5,0.64795,1590.0,0.0017389922878692,0.0120850853006965,0.0009789272210627,4.983454688521882e-05,-2.317101611898682e-06,3531327500000.0,6057523935458.414,6031915616197.643,2.742996811074261,1.7773002885363427,9686286572523.07,16615539838422.78,16545297268454.266,0.0002434929170402,0.0004176798025914,0.0004159140517917,0.0001586343482713,0.0002721161834012,0.0002709658060895
289,289,2,25,3000,1000000.0,1595,17.15,2.43,0.81,,0.004785,6444.5,0.64445,1595.0,0.0018311520358337,0.0114106454880472,0.0011100994384087,1.3261997634408258e-05,1.0478752419523685e-05,3512252500000.0,6003897299033.758,5985649364955.48,2.617771310918477,1.687337574367667,9195989780303.787,15719763372339.531,15671985538799.516,0.0002428315124243,0.0004150998430678,0.0004138382101326,0.0001581764405203,0.0002703891887074,0.0002695673818301
290,290,2,25,3000,1000000.0,1600,17.15,2.43,0.81,,0.0048,6448.0,0.6448,1600.0,0.0019134002540112,0.0121724071626905,0.0009934108452481,6.043979146090469e-05,7.681644732516327e-06,3514160000000.0,5986240650216.995,5975208785968.886,2.5086390473143587,1.6176014893324693,8815928116861.957,15017605135380.86,14989929639044.238,0.0002436439581301,0.0004150384064295,0.0004142735445362,0.0001586635663814,0.0002702774747823,0.0002697793884899
291,291,2,25,3000,1000000.0,1605,17.15,2.43,0.81,,0.004815,6345.0,0.6345,1605.0,0.0019186491600748,0.0120325173006612,0.0010267291649311,7.696608433069081e-05,8.444422343955955e-06,3458025000000.0,5870033543564.656,5867053619088.787,2.509579042173355,1.5923343545352209,8678222232216.952,14731372850578.602,14723894464263.633,0.000240394520216,0.0004080722080834,0.0004078650500916,0.0001565177540905,0.0002656905218079,0.0002655556439264
292,292,2,25,3000,1000000.0,1610,17.15,2.43,0.81,,0.00483,6317.0,0.6316999999999999,1610.0,0.0018469721435394,0.0118668026811038,0.0011312754652918,7.816274514419567e-05,-6.291073293456154e-06,3442765000000.0,5823637152686.48,5828867361786.256,2.6196838928981334,1.6551175750538376,9020390784043.414,15258515437941.871,15272219112157.871,0.0002399726976549,0.0004059277695961,0.0004062923333659,0.0001562159402863,0.0002642483450636,0.0002644856665284
293,293,2,25,3000,1000000.0,1615,17.15,2.43,0.81,,0.0048449999999999,6293.0,0.6293,1615.0,0.0017676950792519,0.012341242579974,0.0011018185421817,-5.819195828216913e-06,8.225177378685984e-07,3429685000000.0,5781097047356.578,5794473225767.695,2.7408813502604694,1.7248447491492758,9400403882863.557,15845375633966.912,15882038324410.418,0.0002397146577773,0.0004040644258247,0.0004049993414306,0.0001560029111087,0.0002629594172031,0.0002635678470652
294,294,2,25,3000,1000000.0,1620,17.15,2.43,0.81,,0.00486,6257.0,0.6256999999999999,1620.0,0.0017721229368134,0.0114090803410561,0.0010016058538432,1.935764256670303e-05,-1.7574970089898815e-06,3410065000000.0,5727727720180.957,5749146504712.762,2.742492081459289,1.7159522371987244,9351939692733.049,15708018532059.55,15766758521248.342,0.0002389661790557,0.0004013803865801,0.0004028813448022,0.0001554906297022,0.0002611703853075,0.000262147029534
295,295,2,25,3000,1000000.0,1625,17.15,2.43,0.81,,0.0048749999999999,6050.0,0.605,1625.0,0.0018651988184501,0.0115574950325775,0.0009997034283924,4.90660893580894e-05,-5.532713816978041e-07,3297250000000.0,5517603311482.488,5547172085233.137,2.6184878828625617,1.5845785961736163,8635953349146.207,14451365470333.578,14528810174466.438,0.0002316963624694,0.0003877196502601,0.0003897974354813,0.0001507076598204,0.0002521935197183,0.0002535450219386
296,296,2,25,3000,1000000.0,1630,17.15,2.43,0.81,,0.0048899999999999,6098.5,0.60985,1630.0,0.0018696263754236,0.0120021287315852,0.0010596527486319,2.063491939104385e-05,7.088911116431607e-06,3323682500000.0,5540253253441.893,5579738633678.803,2.620335467785238,1.5976681184831525,8707291245733.18,14514201838725.377,14617644542916.074,0.0002341595504145,0.0003903210402946,0.0003931028580176,0.0001522815783082,0.0002538384787541,0.0002556475853768
297,297,2,25,3000,1000000.0,1635,17.15,2.43,0.81,,0.004905,6091.0,0.6091,1635.0,0.0019595022699832,0.0113623290787214,0.0010251414662613,5.270055153043136e-05,4.236484475128594e-06,3319595000000.0,5511884248502.743,5559943275604.704,2.503186697728057,1.5246913648607263,8309567938490.959,13797278472835.309,13917579217583.242,0.0002344672335605,0.0003893114224634,0.000392705892913,0.0001524529783623,0.0002531342438076,0.000255341362995
298,298,2,25,3000,1000000.0,1640,17.15,2.43,0.81,,0.0049199999999999,5951.0,0.5951,1640.0,0.0018826285594286,0.0114755831455442,0.001054172531984,0.000111001174508,7.828239017897566e-06,3243295000000.0,5364440561713.661,5419513404821.283,2.6184281803332894,1.5581690526802046,8492021337107.113,14045883495554.762,14190082453332.293,0.0002296763477158,0.0003798868483295,0.0003837868726761,0.0001493009777564,0.0002469452273013,0.0002494804358851
299,299,2,25,3000,1000000.0,1645,17.15,2.43,0.81,,0.0049349999999999,5989.0,0.5989,1645.0,0.0018865871727484,0.0118586036530131,0.000999712631138,-2.005596294179322e-06,7.481710276724619e-06,3264005000000.0,5379266750014.599,5441402852622.393,2.6210652022566205,1.5698730382854424,8555808058655.661,14100460572037.527,14263335496379.01,0.0002317272099935,0.0003818996833007,0.0003863110202003,0.0001506030572742,0.0002482024440666,0.0002510694393746
300,300,2,25,3000,1000000.0,1650,17.15,2.43,0.81,,0.0049499999999999,5889.0,0.5889,1650.0,0.0018957245844148,0.0116629558996547,0.0010368497866943,3.3636541586622135e-05,4.1055222630174126e-07,3209505000000.0,5270343689030.249,5338041815386.232,2.616017067823912,1.539680008041375,8391256043825.494,13779322148933.443,13956319010424.64,0.0002284233042616,0.0003750950131072,0.0003799131485251,0.0001484328896617,0.0002437423662755,0.0002468732629464
301,301,2,25,3000,1000000.0,1655,17.15,2.43,0.81,,0.004965,5882.5,0.58825,1655.0,0.0019023532563551,0.0120622768638872,0.0010238033852309,3.92575691357708e-05,-6.633236657984623e-06,3205962500000.0,5245443671899.838,5319659319563.928,2.614896134235273,1.5372606752104967,8378070679897.207,13707801582394.172,13901747688028.312,0.0002287520968655,0.0003742733232024,0.0003795687641264,0.0001486071968257,0.0002431440418245,0.0002465841879149
302,302,2,25,3000,1000000.0,1660,17.15,2.43,0.81,,0.0049799999999999,5860.0,0.586,1660.0,0.0020739750934808,0.011704690100011,0.0011573674209644,5.3602559249338e-05,-4.662127978116818e-06,3193700000000.0,5205016888161.445,5286869307662.58,2.4050360015325563,1.4090335527878224,7679232862693.633,12515432488475.66,12712246149659.902,0.0002284381822442,0.0003723031582435,0.0003781578778236,0.0001483771754583,0.0002418216188364,0.0002456244277446
303,303,2,25,3000,1000000.0,1665,17.15,2.43,0.81,,0.0049949999999999,5829.5,0.58295,1665.0,0.0019923679680004,0.0120325300603934,0.0010022029274877,0.0001012424235352,-3.633143308153273e-07,3177077500000.0,5157295826176.469,5246974294167.316,2.5070670899197074,1.461496189224352,7965154231272.719,12929699282373.389,13154529438002.69,0.0002278319946172,0.0003698357987518,0.0003762667480241,0.0001479351513189,0.0002401406130137,0.0002443163366882
304,304,2,25,3000,1000000.0,1670,17.15,2.43,0.81,,0.00501,5631.0,0.5630999999999999,1670.0,0.0018311977310076,0.0118752863570309,0.0010603775941027,5.347655715124585e-05,-2.2831670867211154e-06,3068895000000.0,4961757386194.693,5056353298652.527,2.735917568248923,1.5405630311838558,8396068519952.016,13574675899262.977,13833477116868.451,0.000220587179843,0.0003566430486824,0.0003634424489726,0.0001432182508014,0.0002315537722053,0.0002359683452407
305,305,2,25,3000,1000000.0,1675,17.15,2.43,0.81,,0.0050249999999999,5586.0,0.5586,1675.0,0.0019209571580631,0.0114257998762717,0.0010795842687482,7.945854592648572e-05,3.0067898883552955e-06,3044370000000.0,4902983636408.141,5004084576402.857,2.620996669190813,1.4644939206438945,7981491867509.225,12854260165657.389,13119318726333.443,0.0002193488051208,0.0003532631060525,0.0003605474934247,0.000142385699553,0.0002293133735279,0.0002340418815827
306,306,2,25,3000,1000000.0,1680,17.15,2.43,0.81,,0.00504,5618.5,0.56185,1680.0,0.0020135178612008,0.0117554460461293,0.001044873863728,4.376936548237144e-05,8.315161248742078e-06,3062082500000.0,4913283313371.385,5021268918445.91,2.5202681090429984,1.4151697504578808,7712675139995.453,12375420344420.492,12647411021267.264,0.0002211681949323,0.0003548767878101,0.0003626763756242,0.0001435292863102,0.0002303007993442,0.0002353624189538
307,307,2,25,3000,1000000.0,1685,17.15,2.43,0.81,,0.005055,5516.5,0.55165,1685.0,0.0018405317332508,0.0122323533122133,0.0011044425997897,4.9871040663407805e-05,-2.9081297596073317e-06,3006492500000.0,4806190471497.269,4918397812574.582,2.746490336504882,1.5150937824733928,8257261114479.988,13200089369615.473,13508264199333.79,0.0002176694627045,0.0003479672400934,0.0003560910294073,0.0001412281216824,0.0002257678183922,0.0002310386886901
308,308,2,25,3000,1000000.0,1690,17.15,2.43,0.81,,0.00507,5415.0,0.5414999999999999,1690.0,0.0019370756664329,0.0118566287277308,0.0009124857988571,6.798096963116099e-05,5.782950635625617e-06,2951175000000.0,4700193404451.277,4817101264552.043,2.622457743069863,1.421646852408614,7747975345626.947,12339824855309.115,12646753186489.32,0.0002141546706608,0.000341073765728,0.0003495572898421,0.0001389298189452,0.0002212667899017,0.000226770356392
309,309,2,25,3000,1000000.0,1695,17.15,2.43,0.81,,0.0050849999999999,5432.5,0.54325,1695.0,0.0019389807125662,0.0120007211445828,0.000943764900343,8.47186621433284e-06,4.895984428517726e-06,2960712500000.0,4697760135377.72,4822095143427.162,2.6270664644549075,1.4268858629463246,7776527953057.469,12339010629881.783,12665585623448.406,0.0002153537630451,0.0003417016421004,0.000350745415132,0.0001396737092136,0.0002216201617361,0.0002274857538053
310,310,2,25,3000,1000000.0,1700,17.15,2.43,0.81,,0.0051,5325.0,0.5325,1700.0,0.0019407787417548,0.0117664525114713,0.0009615670007023,6.614552890360923e-05,-1.2291481606807369e-06,2902125000000.0,4587524946296.588,4716309409584.105,2.6315247452087407,1.4012869268236543,7637013751188.917,12072185415441.87,12411084917381.4,0.0002115726853027,0.0003344428554185,0.0003438315877174,0.0001372000945514,0.0002168786170096,0.0002229669972619
311,311,2,25,3000,1000000.0,1705,17.15,2.43,0.81,,0.005115,5408.0,0.5408,1705.0,0.0018659754081226,0.0118125635737839,0.0010888311946216,2.3285783092761004e-05,-1.5376600880101108e-06,2947360000000.0,4641486325534.1,4779295671157.793,2.741194408031124,1.482444847256498,8079324417547.913,12723275678438.465,13101039647232.166,0.0002153494341998,0.0003391311051416,0.0003492001719021,0.0001396287286431,0.0002198865542888,0.0002264151574199
312,312,2,25,3000,1000000.0,1710,17.15,2.43,0.81,,0.0051299999999999,5412.0,0.5412,1710.0,0.0021338042952265,0.0116159524726453,0.0010648622314539,4.842630522839479e-05,6.949802936532196e-07,2949540000000.0,4626388191760.752,4772296700754.498,2.408176806819961,1.3033151270618486,7103067442487.076,11141244852147.268,11492620992092.922,0.0002160033308404,0.0003388037657334,0.0003494890671501,0.0001400235466137,0.0002196285802606,0.0002265552965996
313,313,2,25,3000,1000000.0,1715,17.15,2.43,0.81,,0.0051449999999999,5286.0,0.5286,1715.0,0.001969499150391,0.0123956427218665,0.001044561360144,1.7270308470959987e-05,5.785604453747098e-06,2880870000000.0,4499971906627.519,4650830523512.306,2.61731508243241,1.3836154600153232,7540704257083.512,11778718690208.977,12173592535457.406,0.0002114488270207,0.0003302869554275,0.0003413596097251,0.0001370426749501,0.0002140631778888,0.000221239506011
314,314,2,25,3000,1000000.0,1720,17.15,2.43,0.81,,0.0051599999999999,5116.0,0.5116,1720.0,0.0018848406755295,0.0117951694778756,0.0010849748464722,6.722348770988031e-05,-1.1148589092399938e-05,2788220000000.0,4337145932588.829,4490394820945.928,2.7376337417600785,1.4005794497584398,7633158001183.497,11873568146574.115,12293109279747.06,0.0002051145643737,0.0003190608340046,0.0003303345423117,0.0001329065532822,0.0002067394671091,0.0002140444077327
315,315,2,25,3000,1000000.0,1725,17.15,2.43,0.81,,0.005175,5161.0,0.5161,1725.0,0.0019780160982918,0.0116581057271315,0.0011885085584776,3.844811309257294e-05,-3.5891220914177743e-06,2812745000000.0,4357365441864.1816,4518933466359.348,2.6210487445310804,1.3514233653960002,7365257341408.201,11409892403999.852,11832963133322.93,0.0002073647715791,0.0003212392483282,0.0003331505721396,0.0001343451928909,0.000208120928411,0.0002158379050355
316,316,2,25,3000,1000000.0,1730,17.15,2.43,0.81,,0.0051899999999999,5062.5,0.5062500000000001,1730.0,0.0019793413177921,0.0114212266695372,0.0010366143460764,0.0001114987041654,-8.034752204466816e-06,2759062500000.0,4257780391426.095,4421938170909.99,2.6268583584369694,1.32934871346397,7244950488378.636,11180394835663.006,11611452481020.082,0.0002038361105385,0.0003145595268377,0.0003266872996897,0.0001320466771318,0.0002037741996221,0.000211630668733
317,317,2,25,3000,1000000.0,1735,17.15,2.43,0.81,,0.0052049999999999,5139.5,0.5139499999999999,1735.0,0.0021636473032913,0.0117700198403747,0.0010651837743714,4.761158663836059e-05,7.406184698256038e-07,2801027500000.0,4305868140669.799,4478282383923.746,2.409363708177524,1.2389206591402813,6752117592314.533,10379665327385.477,10795284683154.232,0.0002073865761775,0.0003188041713853,0.0003315696296298,0.0001343183327618,0.0002064803111526,0.0002147481320499
318,318,2,25,3000,1000000.0,1740,17.15,2.43,0.81,,0.0052199999999999,4990.5,0.49905,1740.0,0.0020842293979512,0.0119454168948867,0.0010094252522032,2.057903507442469e-05,-1.4707808226372649e-06,2719822500000.0,4164846876367.127,4337855298468.751,2.504523102849257,1.2498764291205964,6811826538707.251,10430906605886.814,10864208176519.352,0.0002017877199975,0.0003089962507924,0.0003218320057125,0.0001306809063696,0.0002001108398413,0.000208423476938
319,319,2,25,3000,1000000.0,1745,17.15,2.43,0.81,,0.005235,4920.0,0.492,1745.0,0.0020866158598664,0.0119194516651986,0.001083090461002,0.0001299938108332,1.192615658508756e-05,2681400000000.0,4088847425030.465,4266128239117.8174,2.508847171624891,1.2343523293376162,6727220194890.009,10258289315838.35,10703059612211.508,0.0001993438286483,0.0003039779594483,0.0003171575806261,0.0001291127172222,0.0001968830466744,0.0002054193365297
320,320,2,25,3000,1000000.0,1750,17.15,2.43,0.81,,0.0052499999999999,4844.5,0.48445,1750.0,0.0020059133557879,0.0122882425205286,0.0010346541327399,3.277430532842456e-05,1.0360774091911316e-05,2640252500000.0,4008957496354.3,4190375665003.6094,2.663610507083982,1.2916334461639805,7039402281593.693,10688623359564.51,11172317805573.934,0.0001966917545686,0.0002986566186185,0.0003121717873011,0.0001274062519603,0.0001934535613085,0.0002022079546498
321,321,2,25,3000,1000000.0,1755,17.15,2.43,0.81,,0.005265,4767.5,0.47675,1755.0,0.0019273773144732,0.0119392988929104,0.0009442445391053,0.0001079764265726,3.4327327616816725e-06,2598287500000.0,3928365964910.212,4113649438341.3774,2.731691473569159,1.302334384898443,7097722397696.515,10731087724315.297,11237225193435.018,0.0001939577880163,0.0002932459064181,0.0003070770058107,0.0001256467820477,0.0001899660996701,0.0001989259519587
322,322,2,25,3000,1000000.0,1760,17.15,2.43,0.81,,0.0052799999999999,4708.5,0.47085,1760.0,0.0021081497676504,0.0116085592745884,0.0011138863920199,0.0001281831090511,1.147232570983839e-05,2566132500000.0,3863695913756.372,4052743333183.047,2.522070254684893,1.1879475099152217,6474313929037.959,9748047020954.656,10225010833557.004,0.0001919512616806,0.0002890113060786,0.0003031523883011,0.0001243552373336,0.0001872353911345,0.0001963966627017
323,323,2,25,3000,1000000.0,1765,17.15,2.43,0.81,,0.0052949999999999,4751.5,0.47515,1765.0,0.0019372233283547,0.0117549693681725,0.0010159830806197,5.584674683847486e-05,1.29711607550472e-05,2589567500000.0,3883567026211.671,4079665577791.854,2.733294567745876,1.298722478153164,7078037505934.744,10614912748301.664,11150906848839.309,0.0001940714649083,0.0002910484248225,0.0003057447527505,0.0001257541653919,0.0001885931647368,0.000198116071434
324,324,2,25,3000,1000000.0,1770,17.15,2.43,0.81,,0.0053099999999999,4535.5,0.45355,1770.0,0.0021176712176611,0.0117129898469916,0.0010095773642147,7.772094926091088e-05,-2.1893089402950675e-06,2471847500000.0,3692309594933.6665,3884576253714.451,2.524845686546441,1.145279900693149,6241775458777.66,9323620254027.094,9809121609721.2,0.0001856056560551,0.0002772475020107,0.0002916843875146,0.0001202898180455,0.0001796823021413,0.0001890387537027
325,325,2,25,3000,1000000.0,1775,17.15,2.43,0.81,,0.005325,4567.5,0.45675,1775.0,0.001943869420188,0.0119169352408752,0.0010110094472682,-1.4006505882884809e-05,-8.8242390758714e-06,2489287500000.0,3703543612033.1934,3902285279684.4697,2.7393851520480013,1.2511894649926991,6818982584210.211,10145232075570.754,10689651300136.396,0.0001872874542375,0.0002786448952784,0.0002935976964255,0.000121387801179,0.000180599876726,0.0001902913302197
326,326,2,25,3000,1000000.0,1780,17.15,2.43,0.81,,0.0053399999999999,4474.0,0.4474,1780.0,0.0021225002819846,0.0113834582300485,0.0009698530371705,9.98800657279758e-05,-3.998938014417444e-06,2438330000000.0,3613215739390.776,3812902822306.5273,2.5159143254742604,1.1256844126949883,6134980049187.686,9091060879607.494,9593485190413.916,0.00018379647076,0.0002723570234523,0.0002874090390107,0.000119148094035,0.0001765584513523,0.0001863160868376
327,327,2,25,3000,1000000.0,1785,17.15,2.43,0.81,,0.0053549999999999,4376.5,0.4376499999999999,1785.0,0.0020419704134155,0.0120437081970735,0.000976121565806,7.322909974653556e-05,-3.616210641322321e-06,2385192500000.0,3520277059820.341,3720516982212.674,2.628039888248616,1.1499377703724978,6267160848530.113,9249627677969.275,9775763745364.234,0.0001801187466027,0.0002658351020763,0.0002809562983071,0.0001167883828195,0.0001723665762378,0.0001821711084556
328,328,2,25,3000,1000000.0,1790,17.15,2.43,0.81,,0.0053699999999999,4366.0,0.4366,1790.0,0.0021417485886558,0.0112723980563004,0.0011783890606621,9.285994490210829e-05,-1.619929899333292e-06,2379470000000.0,3497667963753.255,3702320244267.6553,2.5248632111114544,1.101934079407668,6005540732771.789,8827758881612.77,9344280462756.416,0.0001800261555969,0.0002646268778632,0.0002801104785369,0.000116745413778,0.0001716082546476,0.000181649236534
329,329,2,25,3000,1000000.0,1795,17.15,2.43,0.81,,0.005385,4293.5,0.42935,1795.0,0.0021485967899934,0.011972902418625,0.0010537807328693,-1.4303310764696837e-05,-1.3655238074157902e-06,2339957500000.0,3424827985295.8,3631724422753.138,2.523114450996763,1.0834537292569997,5904822824450.648,8642465710335.324,9164563571598.027,0.0001773562639897,0.0002595836446942,0.0002752652881344,0.0001150356543262,0.0001683694375831,0.0001785407620883
330,330,2,25,3000,1000000.0,1800,17.15,2.43,0.81,,0.0053999999999999,4222.0,0.4222,1800.0,0.0019720643471145,0.0118444011026998,0.0011400092886251,7.53052618036703e-05,-6.8323118857904414e-06,2300990000000.0,3352852742993.2397,3562280234346.3564,2.738248605536795,1.1560774981135609,6300622364718.906,9180856491385.156,9754315539797.549,0.0001747027328326,0.0002545654422602,0.0002704662306468,0.0001133459109582,0.0001651602781687,0.0001754765984426
331,331,2,25,3000,1000000.0,1805,17.15,2.43,0.81,,0.005415,4214.0,0.4213999999999999,1805.0,0.0021609207159371,0.0117045935015686,0.0009794144836905,7.982031210787292e-05,9.961294846702602e-07,2296630000000.0,3331586639272.304,3546582525490.74,2.505877513002898,1.05598010175109,5755091554543.442,8348574272262.316,8887329321633.484,0.0001746900230099,0.0002534125856903,0.0002697659540215,0.0001133544909824,0.0001644367214826,0.0001750482476081
332,332,2,25,3000,1000000.0,1810,17.15,2.43,0.81,,0.0054299999999999,4070.5,0.4070499999999999,1810.0,0.0019767752290817,0.0122459314521272,0.0011304828205672,2.770986411073733e-05,3.5169732479221e-06,2218422500000.0,3204049045494.546,3417167126779.8926,2.746900664378358,1.1181298094566654,6093807461538.826,8801235103128.922,9386651340985.094,0.0001690350045891,0.000244135842072,0.0002603745954421,0.0001097110125317,0.0001584546969671,0.0001689943486731
333,333,2,25,3000,1000000.0,1815,17.15,2.43,0.81,,0.005445,4074.5,0.40745,1815.0,0.0020787434650628,0.0114822488804264,0.0010792927699727,-1.1882111178930048e-05,-5.739176806601225e-06,2220602500000.0,3193979808399.1426,3411873545902.4424,2.6671870812886724,1.0883702734652687,5931617990385.713,8531679169247.566,9113711484066.16,0.0001695006256082,0.0002437994083604,0.0002604314372007,0.0001100315883358,0.00015826275591,0.0001690594626713
334,334,2,25,3000,1000000.0,1820,17.15,2.43,0.81,,0.00546,4000.0,0.4,1820.0,0.0021775677898858,0.0118529744749842,0.0010584775082364,2.591268479206398e-05,7.529163988231835e-06,2180000000000.0,3122603524902.045,3340995933089.1963,2.507400978979393,1.0029488657331556,5466071318245.697,7829529158587.146,8377120203777.236,0.0001666818150279,0.0002387528546528,0.0002554510395083,0.0001082294066247,0.0001550263883599,0.000165868810722
335,335,2,25,3000,1000000.0,1825,17.15,2.43,0.81,,0.005475,3804.0,0.3803999999999999,1825.0,0.0021698816098023,0.0118820246732923,0.0011353302927186,9.988015174105092e-05,1.7436395138063552e-05,2073180000000.0,2957255668960.4893,3169209933256.2324,2.539697826093893,0.9671251683679012,5270832167605.061,7518497336357.369,8057367745251.468,0.0001587680273077,0.0002264722063716,0.0002427040629502,0.0001031230181133,0.0001470982403438,0.0001576411567505
336,336,2,25,3000,1000000.0,1830,17.15,2.43,0.81,,0.0054899999999999,3813.0,0.3813,1830.0,0.0021904028079688,0.0119694349330121,0.0009365411235989,7.688473808660875e-05,4.151446135486281e-06,2078085000000.0,2950899543184.507,3168611739999.8086,2.506390613831905,0.955683379524612,5208474418409.136,7396080902355.635,7941750789625.961,0.0001594151626292,0.0002263709764418,0.0002430722303664,0.0001035650743813,0.0001470633447052,0.0001579134205476
337,337,2,25,3000,1000000.0,1835,17.15,2.43,0.81,,0.0055049999999999,3739.0,0.3739,1835.0,0.0023712033292895,0.0117305600506848,0.0009857835192997,3.094162985504743e-05,-1.2331174451387448e-05,2037755000000.0,2880398660931.696,3099178357697.7344,2.334900033511482,0.8721734486499122,4753345295142.021,6718928145470.41,7229262038551.496,0.0001565687237865,0.0002213123473324,0.000238122051106,0.0001017460685994,0.0001438196641641,0.0001547434376479
338,338,2,25,3000,1000000.0,1840,17.15,2.43,0.81,,0.00552,3589.0,0.3589,1840.0,0.0022048319359555,0.011245232010453,0.0010383909383977,8.242991822082245e-05,9.295349851615932e-06,1956005000000.0,2752142670649.492,2967225806755.869,2.5035923153379165,0.8985403175066127,4897044730411.039,6890251181690.977,7428732288983.653,0.0001526749012842,0.0002148169920637,0.0002316051887058,9.784819561585177e-05,0.0001376745940835,0.000148434023009
339,339,2,25,3000,1000000.0,1845,17.15,2.43,0.81,,0.005535,3530.5,0.35305,1845.0,0.0024833800355281,0.0122081893491175,0.0010001192616009,4.189346122636079e-05,4.456539627520173e-06,1924122500000.0,2695292794654.174,2911364111019.453,2.231911977063513,0.7878477018710548,4293769975197.249,6014672805942.229,6496846124278.553,0.0001505944451987,0.0002109512897745,0.0002278624479837,9.64312920669764e-05,0.0001350800516532,0.000145908902839
340,340,2,25,3000,1000000.0,1850,17.15,2.43,0.81,,0.0055499999999999,3440.0,0.344,1850.0,0.0022997642047357,0.0112591241432319,0.0010397688083589,3.346947541732477e-05,-2.631117577454969e-06,1874800000000.0,2615042920170.9297,2829430563144.769,2.417429082085925,0.8315055871816556,4531705450140.022,6320996508261.512,6839207330806.435,0.0001471484672956,0.0002052483238827,0.0002220750857084,9.413347793777992e-05,0.0001313009841221,0.0001420653613677
341,341,2,25,3000,1000000.0,1855,17.15,2.43,0.81,,0.005565,3355.5,0.3355499999999999,1855.0,0.0020276537860581,0.0115926297988238,0.0010590047429121,8.528354414512146e-06,-1.7548513441224814e-05,1828747500000.0,2539921867974.591,2752803655157.038,2.767051431483806,0.9274735634823692,5054730920978.914,7020445197011.443,7608858934930.084,0.0001439327189307,0.0001999061435923,0.0002166611381664,9.1988385428718e-05,0.0001277613840894,0.0001384696157561
342,342,2,25,3000,1000000.0,1860,17.15,2.43,0.81,,0.0055799999999999,3362.5,0.33625,1860.0,0.0020419267402757,0.0117536126591431,0.0010793597882327,6.169670304799749e-05,-4.231914098102184e-06,1832562500000.0,2534312500036.8643,2751406581119.149,2.7327145251529155,0.9188661578765278,5007820560427.077,6925483984438.159,7518734257097.832,0.0001446654381124,0.0002000627144404,0.0002172004711888,9.234844285426326e-05,0.0001277117768613,0.0001386518131988
343,343,2,25,3000,1000000.0,1865,17.15,2.43,0.81,,0.005595,3216.0,0.3216,1865.0,0.0022314371148013,0.0119635597840975,0.0010872009236152,-1.9889614916221687e-06,-6.62177664693147e-06,1752720000000.0,2413462886458.5703,2624702469645.9663,2.5241603582492957,0.8127998387154367,4429759120999.13,6099696035010.008,6633575074640.08,0.0001387449592426,0.0001910492319454,0.0002077709144502,8.848367359302114e-05,0.0001218403751165,0.0001325045167527
344,344,2,25,3000,1000000.0,1870,17.15,2.43,0.81,,0.0056099999999999,3132.0,0.3132,1870.0,0.0022326156419012,0.0121597690464532,0.0009153225312996,5.343744917935361e-05,-7.599396891726237e-06,1706940000000.0,2340264446377.742,2549496467681.157,2.5127580865102304,0.7869937971992285,4289116194735.795,5880503202762.354,6406251296444.489,0.0001355241914588,0.0001858076129772,0.0002024197964836,8.632768247289206e-05,0.0001183577665468,0.0001289395769784
345,345,2,25,3000,1000000.0,1875,17.15,2.43,0.81,,0.005625,3026.5,0.30265,1875.0,0.0022384520279956,0.0117748463770923,0.0010927157435443,9.762174213770538e-06,1.174987490658854e-05,1649442500000.0,2251615711934.2305,2457191508327.789,2.5128987845054738,0.760522680876585,4144848610777.3887,5658036733996.569,6174623734811.268,0.0001313191887246,0.0001792607796942,0.0001956275501659,8.356706243556195e-05,0.0001140754593021,0.0001244907150097
346,346,2,25,3000,1000000.0,1880,17.15,2.43,0.81,,0.0056399999999999,2921.0,0.2921,1880.0,0.0024387603911008,0.0119767899787268,0.0010399925927781,-3.3740662976253704e-06,1.6145913014525583e-06,1591945000000.0,2163651466920.289,2365334576379.825,2.312658859420143,0.6755418731218589,3681703208514.131,5003893066573.742,5470327114986.395,0.0001270891339481,0.0001727299568116,0.0001888308470517,8.07966766650933e-05,0.0001098127435235,0.0001200488540574
347,347,2,25,3000,1000000.0,1885,17.15,2.43,0.81,,0.005655,2953.0,0.2953,1885.0,0.0021554559502873,0.0113861624309595,0.0012149206871987,0.0001178476789939,1.0115051647707851e-05,1609385000000.0,2177775050930.293,2384976916688.136,2.628117666565763,0.7771758080295523,4235608153761.061,5731507229642.228,6276824796339.088,0.0001288668653078,0.0001743790604231,0.0001909701526267,8.182384373299981e-05,0.0001107217511365,0.0001212562429361
348,348,2,25,3000,1000000.0,1890,17.15,2.43,0.81,,0.00567,2768.5,0.27685,1890.0,0.0023443300466396,0.0119842163310955,0.0010548191481283,6.91807326548037e-05,4.794134167103714e-07,1508832500000.0,2032729174207.8,2230087835471.314,2.421848402961836,0.6699256289304321,3651094677670.855,4918827417288.777,5396398756540.458,0.0001211404478947,0.0001632028224553,0.0001790482636301,7.684520262596322e-05,0.0001035273864233,0.0001135789105751
349,349,2,25,3000,1000000.0,1895,17.15,2.43,0.81,,0.005685,2714.0,0.2714,1895.0,0.0023504180770714,0.0122805717094493,0.0010520479639175,4.03265487113196e-05,-7.200804319035503e-07,1479130000000.0,1983660158026.7007,2180424103914.0469,2.423372998375624,0.6569493842930219,3580374144396.969,4801637138770.229,5277922890803.232,0.0001190788574718,0.0001596965684087,0.0001755372489898,7.546158123778768e-05,0.0001012014712452,0.0001112398846959
350,350,2,25,3000,1000000.0,1900,17.15,2.43,0.81,,0.0056999999999999,2609.5,0.26095,1900.0,0.0022732564144689,0.0112952777562895,0.0010584294868504,3.701891742276844e-05,1.3296597599384692e-05,1422177500000.0,1898046403903.4229,2090928049833.671,2.525560498218106,0.658970088724859,3591386983550.481,4793086059337.567,5280164945453.881,0.0001148305678519,0.0001532535470217,0.0001688273477114,7.268059281972659e-05,9.69999439838213e-05,0.0001068571892082
351,351,2,25,3000,1000000.0,1905,17.15,2.43,0.81,,0.0057149999999999,2550.5,0.25505,1905.0,0.0023654505482681,0.0112606936290981,0.0010604028678924,0.0001358426701258,-2.2481451060630752e-06,1390022500000.0,1846106150786.0813,2038237192752.2896,2.450536660941657,0.6251402312471281,3407014260296.8486,4524897965140.783,4995820701876.744,0.0001125381221929,0.0001494632781687,0.0001650184700292,7.115694716042304e-05,9.4504425521182e-05,0.0001043398478981
352,352,2,25,3000,1000000.0,1910,17.15,2.43,0.81,,0.00573,2523.5,0.2523499999999999,1910.0,0.0020947355201314,0.0117404044754881,0.0010954099211804,-4.758994324863508e-05,1.4746293489524014e-05,1375307500000.0,1817632525001.5483,2011301808207.4656,2.735441335675392,0.6902696367622116,3761969520354.0537,4971890401426.592,5501646794414.689,0.000111672693741,0.0001475887540046,0.0001633143794014,7.052244163329351e-05,9.32037988996625e-05,0.0001031346912426
353,353,2,25,3000,1000000.0,1915,17.15,2.43,0.81,,0.0057449999999999,2451.0,0.2450999999999999,1915.0,0.0021824580554721,0.0120693018665186,0.0010727354403116,-2.015457019328136e-05,-1.0450366221650416e-05,1335795000000.0,1757403321894.571,1948312917233.5083,2.638224518604985,0.6463176784608888,3522431347611.844,4634193533767.252,5137613551945.014,0.0001087564790833,0.000143082581997,0.0001586258767482,6.86099725723443e-05,9.026489372525968e-05,0.0001000705166688
354,354,2,25,3000,1000000.0,1920,17.15,2.43,0.81,,0.0057599999999999,2493.5,0.2493499999999999,1920.0,0.0024692235771226,0.0116356675871444,0.0009904529320813,7.816561558436428e-05,2.559677749196016e-06,1358957500000.0,1779787519909.6514,1976801860004.3523,2.3327206959332494,0.5816701542141658,3170102340467.203,4151791783333.8457,4611376149025.793,0.0001109395454442,0.0001452943292531,0.0001613777471202,6.991565099731955e-05,9.156651557637978e-05,0.0001017025101483
355,355,2,25,3000,1000000.0,1925,17.15,2.43,0.81,,0.0057749999999999,2291.0,0.2291,1925.0,0.0022016015926737,0.0119008040207046,0.0009736337224317,-6.24762850741815e-05,-6.060721744590107e-06,1248595000000.0,1627816910108.5625,1811398951790.7664,2.6282479119962683,0.6020850258784862,3281363391037.75,4277975497372.986,4760437297098.238,0.0001022224166172,0.0001332692973796,0.0001482991508935,6.434265719851176e-05,8.388473878964423e-05,9.334509733325605e-05
356,356,2,25,3000,1000000.0,1930,17.15,2.43,0.81,,0.00579,2280.0,0.2279999999999999,1930.0,0.0024009022403105,0.0118309890950893,0.0010203178977176,-5.2929005115228303e-05,6.288953049882423e-06,1242600000000.0,1612604753574.7715,1797860505544.5557,2.4470767448923647,0.5575798937215688,3038810420782.55,3943666610145.253,4396714340384.821,0.0001020035289245,0.0001323767709843,0.000147584191276,6.413849703463975e-05,8.323679800837072e-05,9.27990268015173e-05
357,357,2,25,3000,1000000.0,1935,17.15,2.43,0.81,,0.0058049999999999,2166.0,0.2165999999999999,1935.0,0.0022163300593546,0.0113608566672887,0.000963845908697,0.0001321698271716,-3.929779798813578e-06,1180470000000.0,1524947950844.1255,1703368339155.869,2.624411068129529,0.5680964267285011,3096125525670.331,3999619029646.804,4467578332765.054,9.716171685869476e-05,0.0001255148890053,0.0001402002526748,6.102954101310061e-05,7.883882988037418e-05,8.806304939128497e-05
358,358,2,25,3000,1000000.0,1940,17.15,2.43,0.81,,0.00582,2117.5,0.21175,1940.0,0.0023058422056009,0.0122516135868908,0.0011176507098573,8.288086495787498e-05,-2.577218181206285e-05,1154037500000.0,1483932841373.5098,1660731198919.2231,2.541185637712391,0.5389836078013509,2937460662517.3623,3777168720559.169,4227187216914.975,9.525667103102211e-05,0.0001224869230876,0.0001370802296167,5.9759081376381946e-05,7.68419253488082e-05,8.599700690879648e-05
359,359,2,25,3000,1000000.0,1945,17.15,2.43,0.81,,0.0058349999999999,2045.0,0.2045,1945.0,0.0024246127204605,0.0120457663389925,0.0010584488399949,4.063154987241497e-05,6.333488027352838e-06,1114525000000.0,1426491198251.0796,1599528021481.251,2.4425446803109967,0.5008046735984201,2729385471111.3887,3493366547340.592,3917120335987.503,9.223927391925248e-05,0.0001180579281567,0.0001323786396132,5.780416522959072e-05,7.398410347211792e-05,8.295855368256662e-05
360,360,2,25,3000,1000000.0,1950,17.15,2.43,0.81,,0.0058499999999999,2052.0,0.2051999999999999,1950.0,0.0024290211845254,0.0114718033231775,0.0011713003528577,7.234304541195615e-05,-1.2310935588897852e-05,1118340000000.0,1424717397673.5325,1600646058921.62,2.4123874016607623,0.4952776138327703,2699262995388.5986,3438745775369.3047,3863373102600.039,9.27999259316596e-05,0.0001182231423159,0.0001328217140678,5.809377370055999e-05,7.400898661202937e-05,8.31478529979128e-05
361,361,2,25,3000,1000000.0,1955,17.15,2.43,0.81,,0.0058649999999999,1980.5,0.19805,1955.0,0.0021288022470571,0.0120286135522354,0.0009998998566534,1.04181561669663e-05,4.255206028730639e-06,1079372500000.0,1368649756240.541,1540667760391.6875,2.774921155050983,0.5499369206367178,2997156217470.1123,3800409151108.8994,4278061519182.395,8.981972381358599e-05,0.0001138918613388,0.0001282062983139,5.615648152001999e-05,7.12067008782434e-05,8.015627655413343e-05
362,362,2,25,3000,1000000.0,1960,17.15,2.43,0.81,,0.00588,1932.0,0.1931999999999999,1960.0,0.0023369048279846,0.0121509867849463,0.001049531140048,6.903015057659803e-05,-1.1123195222880596e-05,1052940000000.0,1328865835925.1785,1498836391665.133,2.5161596254921053,0.4861136432743641,2649319355845.285,3343580812238.209,3771246475282.297,8.785085515189569e-05,0.0001108724144472,0.0001250537150649,5.486634359856182e-05,6.924422051613664e-05,7.810100524543447e-05
363,363,2,25,3000,1000000.0,1965,17.15,2.43,0.81,,0.0058949999999999,1908.0,0.1908,1965.0,0.0023294073256464,0.0111220534804459,0.0008296290495421,5.947206538138392e-05,8.481406227873731e-06,1039860000000.0,1306168633954.1182,1476165949232.054,2.552551133352617,0.4869322594837432,2653780814186.4004,3333415325985.707,3767257971868.5977,8.700378194722013e-05,0.0001092854913303,0.0001235089534791,5.426762761132885e-05,6.816559250766467e-05,7.703731658631824e-05
364,364,2,25,3000,1000000.0,1970,17.15,2.43,0.81,,0.0059099999999999,1848.5,0.18485,1970.0,0.0022479161314094,0.0118926518867336,0.0009074532249593,0.0001009032386886,-1.4625507636975585e-05,1007432500000.0,1259439892327.6328,1426207454962.983,2.6359146339962582,0.4867998893937672,2653059397196.0312,3316717339914.4707,3755897383438.174,8.451145313207508e-05,0.000105651838146,0.0001196416280859,5.265583512784596e-05,6.582759571865697e-05,7.454409561596992e-05
365,365,2,25,3000,1000000.0,1975,17.15,2.43,0.81,,0.0059249999999999,1833.5,0.18335,1975.0,0.0023467043872642,0.0114973696156117,0.0011704335490247,2.023893682565304e-05,-4.4972494142331405e-06,999257500000.0,1243272047488.4028,1410741059984.004,2.540310435693596,0.465458419339752,2536748385401.6494,3156211846377.144,3581354261673.5264,8.404158655232619e-05,0.0001045641943013,0.0001186490137882,5.230701382454708e-05,6.508017020202383e-05,7.384648314117182e-05
366,366,2,25,3000,1000000.0,1980,17.15,2.43,0.81,,0.00594,1800.0,0.18,1980.0,0.0024405654014571,0.0118921291083779,0.000878635060495,0.0001427905886515,-1.0042597490071972e-05,981000000000.0,1214716930886.1328,1381143281853.8284,2.438008802964039,0.4386606032214266,2390700287556.7754,2960269231365.507,3365850806406.785,8.273982957598207e-05,0.0001024520610036,0.0001164888478701,5.142857142857143e-05,6.368109729416162e-05,7.240593876035796e-05
367,367,2,25,3000,1000000.0,1985,17.15,2.43,0.81,,0.0059549999999999,1738.5,0.1738499999999999,1985.0,0.002858163216274,0.0114894037360524,0.0009579610522401,0.0001402477753445,2.131828745856227e-05,947482500000.0,1167574396002.7344,1330262771172.6567,2.0868860914845966,0.3626749652801808,1976578560776.985,2435720468980.844,2775110752652.0586,8.0117698917409e-05,9.872833949188796e-05,0.0001124850244535,4.97449702837222e-05,6.130029170268677e-05,6.98417986839079e-05
368,368,2,25,3000,1000000.0,1990,17.15,2.43,0.81,,0.00597,1735.5,0.1735499999999999,1990.0,0.002564775739529,0.0121128699733546,0.0011056731044996,-5.0164524877353165e-05,-1.8229623824611923e-05,945847500000.0,1159929625415.9702,1324282157267.5283,2.327783822351303,0.4039608681162733,2201586731233.689,2699891549621.5444,3082444078828.476,8.018392101135125e-05,9.833266511047542e-05,0.0001122655987302,4.973276161231637e-05,6.098922241468722e-05,6.963089592648924e-05
369,369,2,25,3000,1000000.0,1995,17.15,2.43,0.81,,0.0059849999999999,1763.0,0.1763,1995.0,0.0022549568523117,0.011557466354927,0.0010156146146524,6.704646887942061e-05,3.2699202061111464e-07,960835000000.0,1172590195769.9326,1341522702321.532,2.698582325962533,0.4758639424128457,2593458486150.009,3165022083912.255,3620999897691.768,8.168371035928901e-05,9.96857087027566e-05,0.0001140472108705,5.059436205139817e-05,6.174468342920878e-05,7.064010501431115e-05
370,370,2,25,3000,1000000.0,2000,17.15,2.43,0.81,,0.006,1642.0,0.1642,2000.0,0.0024798702954739,0.0109826708269215,0.0010613431392432,1.7417022459667236e-05,-3.628171765042004e-07,894890000000.0,1086785178622.5107,1246126462550.4297,2.423827835104353,0.3978693619753796,2168388022765.8188,2633364955072.091,3019461270375.008,7.62710492958777e-05,9.262618414860682e-05,0.0001062067660316,4.7190626104106346e-05,5.730991855966582e-05,6.571253223597316e-05
371,371,2,25,3000,1000000.0,2005,17.15,2.43,0.81,,0.0060149999999999,1666.5,0.1666499999999999,2005.0,0.0020577111052943,0.0125308161551231,0.0010733719763873,3.6181550907130486e-05,6.249811950603436e-06,908242500000.0,1097594817180.9556,1261476014921.3296,2.931989459051258,0.4881572494618703,2660457009567.1934,3215114713343.293,3695161486385.344,7.761375612530544e-05,9.379483614242002e-05,0.0001077992846403,4.796265931576404e-05,5.796201596291574e-05,6.661628842371879e-05
372,372,2,25,3000,1000000.0,2010,17.15,2.43,0.81,,0.00603,1636.0,0.1636,2010.0,0.002481216025103,0.0115540246111364,0.0009957254643269,6.591092935652869e-05,3.5207747776640964e-06,891620000000.0,1072199668240.8828,1235204373952.1252,2.4347151214055547,0.3984756173140494,2171692114361.5703,2611524600771.424,3008550277625.839,7.63952813371593e-05,9.18676064970179e-05,0.000105834083642,4.715171130008038e-05,5.670134049587949e-05,6.532154958074869e-05
373,373,2,25,3000,1000000.0,2015,17.15,2.43,0.81,,0.0060449999999999,1571.0,0.1571,2015.0,0.0025954928285045,0.0119366897085594,0.001062733126668,9.375941796933949e-05,1.0906644997757346e-05,856195000000.0,1024503710551.29,1183070600812.89,2.329053675100575,0.3659066267549999,1994191115814.7505,2386204308248.2705,2755527515954.524,7.355445682278818e-05,8.801361131813564e-05,0.0001016358603189,4.534150636145791e-05,5.425462833735136e-05,6.265185287558498e-05
374,374,2,25,3000,1000000.0,2020,17.15,2.43,0.81,,0.0060599999999999,1552.5,0.15525,2020.0,0.0023933699100098,0.0120431128870682,0.0009951728395745,-5.622901765450001e-05,-1.2282042053883015e-05,846112500000.0,1007402863701.271,1166117037497.523,2.5490508300144867,0.395688013593081,2156499674082.292,2567582853629.226,2972100059159.0547,7.2881455942736e-05,8.677449798629644e-05,0.0001004456351755,4.487018014625946e-05,5.342356716646273e-05,6.184033629586638e-05
375,375,2,25,3000,1000000.0,2025,17.15,2.43,0.81,,0.006075,1531.5,0.15315,2025.0,0.0023064338755602,0.0114239673441813,0.0010824846213921,8.94239984497781e-06,-5.675174827909095e-06,834667500000.0,988807929130.9602,1147362552028.6863,2.6789954081745817,0.4097148743619777,2232946065272.779,2645310587345.8613,3069484191002.752,7.207584107399013e-05,8.538629232927411e-05,9.907792139293152e-05,4.432388442523272e-05,5.250930264992274e-05,6.092913064179397e-05
376,376,2,25,3000,1000000.0,2030,17.15,2.43,0.81,,0.00609,1480.5,0.14805,2030.0,0.0025250121913131,0.0099910435242544,0.0010421595330291,6.578401427937298e-05,2.5061835096920188e-06,806872500000.0,951077169169.3691,1106034614616.4111,2.415623552505018,0.3572854866317184,1947205902142.8665,2295211544822.663,2669166602598.782,6.985076154066532e-05,8.233452565358296e-05,9.57491550663737e-05,4.290665397520912e-05,5.057495329345286e-05,5.881504759915616e-05
377,377,2,25,3000,1000000.0,2035,17.15,2.43,0.81,,0.0061049999999999,1525.0,0.1525,2035.0,0.0022196696387481,0.0115560826911886,0.0011188533531152,8.193128619633176e-05,9.299115234656083e-06,831125000000.0,974716977585.09,1136041042241.9624,2.7746664410944835,0.423266348781883,2306801600861.2617,2705343581627.2373,3153101272236.8545,7.213923891562781e-05,8.460260601128529e-05,9.86050668241862e-05,4.425573946821227e-05,5.190172430771432e-05,6.049190722292871e-05
378,378,2,25,3000,1000000.0,2040,17.15,2.43,0.81,,0.00612,1461.0,0.1460999999999999,2040.0,0.0022239139630073,0.0112304580547664,0.0010153891650245,8.982606669414992e-06,-1.6595074881979733e-05,796245000000.0,929071328029.873,1085262348617.2205,2.775010270309458,0.404922572588283,2206828020606.1426,2574962027815.666,3007852307565.2764,6.92937240318318e-05,8.085301912148836e-05,9.444564133805462e-05,4.24555313839657e-05,4.953778915423641e-05,5.786584493661464e-05
379,379,2,25,3000,1000000.0,2045,17.15,2.43,0.81,,0.0061349999999999,1414.5,0.14145,2045.0,0.0020109170341129,0.0110957980526905,0.0009801890684975,-1.8648060552960614e-05,1.0921206314481364e-05,770902500000.0,894912647930.5593,1047717663267.7112,3.0807182478360278,0.4363894771158321,2378322650281.285,2760908183066.536,3232329185142.581,6.726238401369376e-05,7.808245294809242e-05,9.141491667836424e-05,4.115782364498356e-05,4.777861913950367e-05,5.593674792143848e-05
380,380,2,25,3000,1000000.0,2050,17.15,2.43,0.81,,0.00615,1337.0,0.1337,2050.0,0.0023315131929848,0.0113511163604513,0.0011795387046884,0.0001342426992536,-1.643456308556004e-05,728665000000.0,841543385566.3232,987474628050.328,2.641041803875216,0.3530608243103026,1924181492491.1497,2222258798810.239,2607618595100.66,6.374252380403716e-05,7.361695605880808e-05,8.638280277546028e-05,3.895354431733134e-05,4.498788546810239e-05,5.278919213355757e-05
381,381,2,25,3000,1000000.0,2055,17.15,2.43,0.81,,0.0061649999999999,1340.5,0.13405,2055.0,0.0022276396516644,0.0105983737036342,0.0011143389359117,0.0001225268644825,1.6379400758821507e-06,730572500000.0,839397725594.1041,987213289831.4492,2.7897660527603816,0.3740055215818599,2038330092621.136,2341957360503.169,2754369424662.103,6.407448301107361e-05,7.361894310025802e-05,8.65830306610381e-05,3.910506201056616e-05,4.493010633562807e-05,5.284217092282261e-05
382,382,2,25,3000,1000000.0,2060,17.15,2.43,0.81,,0.00618,1279.5,0.1279499999999999,2060.0,0.0027464187598979,0.0116243112233979,0.0010543089379141,0.000149440560668,-1.926873521980939e-05,697327500000.0,797049823364.5549,939572927715.0134,2.2528493180368803,0.2882945362859299,1571205222758.318,1795897688344.4058,2117028069577.2827,6.131714503755884e-05,7.008589166697867e-05,8.261818081470364e-05,3.737298082385603e-05,4.271755776770792e-05,5.035602498124261e-05
383,383,2,25,3000,1000000.0,2065,17.15,2.43,0.81,,0.0061949999999999,1203.0,0.1202999999999999,2065.0,0.0023306980710913,0.0111483142429167,0.0009286027548908,0.0001157659334294,1.3627640441556088e-06,655635000000.0,745492476918.6398,880842438296.3423,2.662551388377273,0.3201288365289479,1744702159082.7668,1983820775370.3064,2343998877282.874,5.779281023039276e-05,6.571355288650607e-05,7.764435986385253e-05,3.518204502159856e-05,4.000388918562098e-05,4.726690661889095e-05
384,384,2,25,3000,1000000.0,2070,17.15,2.43,0.81,,0.00621,1125.0,0.1124999999999999,2070.0,0.0025545197975133,0.0116815818807159,0.0010752296107699,5.140159468548431e-05,1.1855974447296604e-05,613125000000.0,693506852126.7693,821341698186.523,2.435156117790745,0.2737938148005164,1492176290662.815,1687803436747.4297,1998918016010.8672,5.417886266412328e-05,6.128181447177114e-05,7.25779556637968e-05,3.294174851174486e-05,3.726047431426196e-05,4.4128736658707255e-05
385,385,2,25,3000,1000000.0,2075,17.15,2.43,0.81,,0.006225,1072.0,0.1071999999999999,2075.0,0.0028654241421008,0.0112750676160119,0.0009784635246112,0.0002113795260849,6.673669415651208e-06,584240000000.0,657357449384.5029,780371153827.7516,2.172607486993916,0.2328742339089683,1269164574803.8772,1428000115949.3423,1695227001980.3667,5.175858663868465e-05,5.823615722400479e-05,6.913410238211007e-05,3.1428410047580496e-05,3.536166552630392e-05,4.197902336677066e-05
386,386,2,25,3000,1000000.0,2080,17.15,2.43,0.81,,0.00624,979.0,0.0979,2080.0,0.0028815992027375,0.0120384718536337,0.0010724091873839,0.0001255122034507,1.444662592076954e-05,533555000000.0,597153401146.0186,710592291001.4114,2.165473961211863,0.2119842934591663,1155314399352.457,1293024942070.244,1538655819667.6665,4.738964140746305e-05,5.303836632691428e-05,6.311385678601928e-05,2.8737201549009788e-05,3.216260300139597e-05,3.827240656667105e-05
387,387,2,25,3000,1000000.0,2085,17.15,2.43,0.81,,0.0062549999999999,872.0,0.0872,2085.0,0.0029872550758227,0.011470635367018,0.0010521531604136,0.0001283919501888,1.1483755008360646e-05,475240000000.0,529058628668.1589,631076409386.3113,2.0973595719095117,0.1831795610799613,998328607885.7892,1111384488360.0872,1325691510083.744,4.231773858861756e-05,4.711001756171962e-05,5.619418929773024e-05,2.5627005311547897e-05,2.8529139565270505e-05,3.403038148164206e-05
388,388,2,25,3000,1000000.0,2090,17.15,2.43,0.81,,0.0062699999999999,777.0,0.0776999999999999,2090.0,0.0021399068987193,0.0116136402002577,0.0011450659321689,5.598835895800763e-05,-9.518271478001288e-06,423465000000.0,468899768576.20605,560673980925.2964,2.937362763275565,0.228262431004274,1244030248973.2937,1377505805309.4766,1647114618878.4058,3.780376380622965e-05,4.185983753096629e-05,5.005274756402163e-05,2.2862441489447857e-05,2.5315418094740185e-05,3.027021379230962e-05
389,389,2,25,3000,1000000.0,2095,17.15,2.43,0.81,,0.006285,419.0,0.0419,2095.0,0.00252793636173,0.0112578528853996,0.0011054640515559,0.0001676424174498,1.4155909498651089e-05,228355000000.0,251496621570.2755,301455747606.6378,2.5172243967095804,0.1060025165898664,577713715414.7722,636259541773.2339,762650784887.4277,2.043714286198806e-05,2.2508254184664523e-05,2.697945821376485e-05,1.2343179914056376e-05,1.3594044570161644e-05,1.6294464885091638e-05
390,390,2,25,3000,1000000.0,2100,17.15,2.43,0.81,,0.0062999999999999,126.0,0.0126,2100.0,0.0013911602422922,0.0089859042284673,0.0006925884416127,-4.068785591723552e-05,4.447272760876338e-06,68670000000.0,75243373493.7485,90385022423.92412,5.112309930603571,0.0626876397922978,341647636868.0236,374351547169.3208,449684422883.3115,6.161289165577227e-06,6.751072985124702e-06,8.109629523678149e-06,3.716170509830237e-06,4.071897562801956e-06,4.8913085024338365e-06
