,Simulation Number,ExitSlit.openingHeight,SU.photonEnergy,SU.numberRays,SU.electronSigmaX,SU.electronSigmaY,SU.electronSigmaYs,PG.cFactor,SourcePhotonFlux,NumberRaysSurvived,PercentageRaysSurvived,PhotonEnergy,Bandwidth,HorizontalFocusFWHM,VerticalFocusFWHM,HorizontalCenter,VerticalCenter,PhotonFlux1,PhotonFlux3,PhotonFlux5,EnergyPerMilPerBw,FluxPerMilPerBwPerc,FluxPerMilPerBwAbs1,FluxPerMilPerBwAbs3,FluxPerMilPerBwAbs5,AXUVCurrentAmp1,AXUVCurrentAmp3,AXUVCurrentAmp5,GaAsPCurrentAmp1,GaAsPCurrentAmp3,GaAsPCurrentAmp5
0,0,0.02,500,100000.0,17.15,2.43,0.81,1.17577026432641,,296.0,0.0041271697570406,500.0,0.0319704921794823,0.0004071510370421,0.000455441491442,5.708432286831325e-06,-1.6352516010842754e-05,88734149776.37474,62810587971.44969,52002338938.71264,15.63942141375241,0.0645465470764534,1387750762143.7488,982321254531.0698,813286493163.3132,1.9254524291525423e-06,1.3629341070029268e-06,1.1284046794103271e-06,1.0766825915904837e-06,7.621312291474511e-07,6.309860769320973e-07
1,1,0.02,510,100000.0,17.15,2.43,0.81,1.17662360156545,,291.0,0.0046078681935931,510.0,0.0330355481193578,0.0003903429326687,0.0003174242144421,6.077548514094571e-06,2.162854518514019e-05,98348801363.41805,70039596542.6155,58059139239.27336,15.437915489016982,0.07113587975722,1518300483894.566,1081265372309.744,896312084940.9718,2.177647467914618e-06,1.5508226633204317e-06,1.2855503656471995e-06,1.2212357462408584e-06,8.697092162217783e-07,7.209431660785792e-07
2,2,0.02,520,100000.0,17.15,2.43,0.81,1.17747901516844,,306.0,0.0057825533170675,520.0,0.0291836304497792,0.0004504361818812,0.0002975449573378,2.339711801304051e-06,1.8211895910323288e-07,122975948238.11208,87894810419.4265,72860171795.05092,17.818208083975165,0.1030347382601901,2191211035030.84,1566128021554.8896,1298237702078.3955,2.7774618987721257e-06,1.985140106966856e-06,1.6455766676172618e-06,1.561389174766471e-06,1.1159743630625782e-06,9.250840114860849e-07
3,3,0.02,530,100000.0,17.15,2.43,0.81,1.17837189466193,,326.0,0.0066653305874756,530.0,0.0267407784040187,0.0002466666864662,0.000383032293641,-3.10303602403963e-06,7.40749861243626e-07,140638475395.73544,100925491317.06422,83983165402.19273,19.81991668276748,0.1321062969068682,2787442864734.9194,2000334829071.585,1664539341026.5398,3.238177992867985e-06,2.323793001756447e-06,1.9336987066415457e-06,1.8261914768462465e-06,1.310518131835005e-06,1.0905219245622136e-06
4,4,0.02,540,100000.0,17.15,2.43,0.81,1.1791362468331,,323.0,0.0075567045453387,540.0,0.024958277955875,0.0002258852108966,0.0003636849828543,-3.1124410520947062e-06,9.843291199034296e-06,158787742443.63464,113976840480.20328,95214477271.26823,21.63610810628413,0.1634976764701979,3435548761463.2803,2466015242242.3794,2060070723524.493,3.727104903211984e-06,2.675292402731713e-06,2.234897603764854e-06,2.1088273781405376e-06,1.5137029973452127e-06,1.264523907040657e-06
5,5,0.02,550,100000.0,17.15,2.43,0.81,1.18000708146274,,322.0,0.0079852875533614,550.0,0.0377810211864471,0.0004366967601528,0.0004354750298031,-8.36617727158059e-06,-1.1547264293982336e-05,166380521450.6135,119970117331.57642,100614623172.35394,14.557573689863558,0.1162464119928092,2422096701575.23,1746473823636.001,1464704791109.3962,3.960491430929252e-06,2.855746679459234e-06,2.395012044835818e-06,2.2584998418676817e-06,1.6285108897356053e-06,1.3657735205006469e-06
6,6,0.02,560,100000.0,17.15,2.43,0.81,1.18089388467086,,334.0,0.0092392938998916,560.0,0.0343655577066783,0.0003380146642633,0.0004206970885513,-2.4445568480138715e-06,-1.7762914597119874e-07,191797924617.3979,138589408498.37503,116415103138.63504,16.295385187104745,0.1505578529556019,3125421059727.7783,2258367794334.029,1897028947240.584,4.651801753771599e-06,3.361300466587165e-06,2.8234923919332187e-06,2.659011062013272e-06,1.921349102239597e-06,1.6139332458812617e-06
7,7,0.02,570,100000.0,17.15,2.43,0.81,1.18169303123046,,293.0,0.0085189816014177,570.0,0.0366731564138262,0.000322585508645,0.0004276449940754,2.198225820851956e-05,7.902454498645887e-06,175337612548.43988,127784724021.26578,107339168177.86324,15.54270359409538,0.1324080059543876,2725220540736.74,1986120089315.814,1668340875025.2834,4.329958973440298e-06,3.155641304809103e-06,2.6507386960396467e-06,2.480535054600241e-06,1.8077951602631629e-06,1.5185479346210568e-06
8,8,0.02,580,100000.0,17.15,2.43,0.81,1.18256256858225,,231.0,0.0074220695036684,580.0,0.0433553846128234,0.0002453728597426,0.0004685463737264,1.901103402969213e-05,-1.5128192448515276e-05,152152424825.20355,110937291854.7332,93518075746.22269,13.377807743595728,0.0992910188796817,2035465887033.475,1484097762027.789,1251066837883.9895,3.824875814840153e-06,2.788791339122615e-06,2.3508992813163863e-06,2.190220455529856e-06,1.5969323274371763e-06,1.346184279984204e-06
9,9,0.02,590,100000.0,17.15,2.43,0.81,1.18333929872482,,277.0,0.0093503403695772,590.0,0.037723321865883,0.0003717044923667,0.0003416917081688,-6.014803718631083e-06,7.855925572688614e-06,190074657827.8329,139320071506.70032,117626723209.94572,15.640192083232105,0.1462411194237869,2972804158581.9243,2178992679414.425,1839704545124.727,4.8627204408655e-06,3.564255052623175e-06,3.0092695043182896e-06,2.7802797300360407e-06,2.037876985937315e-06,1.720561793920976e-06
10,10,0.02,600,100000.0,17.15,2.43,0.81,1.18413280440169,,274.0,0.0093327611147562,600.0,0.038466214269647,0.0003009993579125,0.0003922394609923,1.2261954343884316e-05,-1.0129602830398964e-05,188065911144.8706,139058140609.86832,117075298922.95294,15.598103722763506,0.1455733758877421,2933471588753.717,2169043300727.358,1826152655973.7625,4.895770843859453e-06,3.61999038663988e-06,3.0477284879214327e-06,2.7941716051922266e-06,2.06604325897006e-06,1.739435253994086e-06
11,11,0.02,610,100000.0,17.15,2.43,0.81,1.184814908884,,374.0,0.0134546521527689,610.0,0.0467720096992252,0.0003938710547385,0.0004198090983959,-1.748001256346554e-05,6.361278901614583e-06,269093043055.3782,200070716278.1231,168306423316.64243,13.041988230197951,0.1754754150178196,3509508300356.3936,2609319926906.555,2195050391962.3647,7.123678344405709e-06,5.296455875326721e-06,4.455562319232476e-06,4.059294123984067e-06,3.018085765977727e-06,2.5389183883784795e-06
12,12,0.02,620,100000.0,17.15,2.43,0.81,1.18564428721044,,327.0,0.0120609449443062,620.0,0.0440094244282818,0.0003226207527429,0.0005241593012831,1.334036930750763e-05,2.028238204997061e-06,239979797480.98584,178634908255.0774,150761811803.828,14.087891583548382,0.1699132847705323,3380809369154.026,2516589220534.642,2123916059631.6536,6.459258188470577e-06,4.808108874184383e-06,4.057881028421542e-06,3.674208064662103e-06,2.734987809100821e-06,2.308237070733357e-06
13,13,0.02,630,100000.0,17.15,2.43,0.81,1.18623535979449,,341.0,0.0132250308246319,630.0,0.0469772984492919,0.0004022088412414,0.0003024054505708,2.3302303051153374e-07,1.1406005517161876e-05,260801801311.9701,195096170804.22183,165312885307.8992,13.410732860256568,0.1773573554577975,3497543286868.542,2616382628714.4053,2216966943222.4688,7.1355533724881245e-06,5.337843268483934e-06,4.522970740004556e-06,4.051189427710847e-06,3.030544806718929e-06,2.5679033267973024e-06
14,14,0.02,640,100000.0,17.15,2.43,0.81,1.18691311580508,,330.0,0.0129768503393349,640.0,0.0422164158007944,0.0004244537182173,0.0003962486861874,2.525017140173243e-06,1.5793758620299974e-06,253611407518.9475,190759699988.2242,162210629241.68726,15.159979544922797,0.1967287857018427,3844743750346.323,2891913149817.0884,2459109821273.034,7.052604539399404e-06,5.304780014561869e-06,4.510867359321317e-06,3.998893219199935e-06,3.0078602466749536e-06,2.5577042913902663e-06
15,15,0.02,650,100000.0,17.15,2.43,0.81,1.18740617352132,,358.0,0.0140930285176483,650.0,0.0479593838257415,0.0005481177252079,0.0004919142548187,3.312619664098348e-06,-8.54828322428518e-06,273404753242.3786,207167519209.4312,175706318393.27948,13.553134926873728,0.1910047170279677,3705491510342.574,2807769340311.126,2381371440688.352,7.723252843392496e-06,5.8521555050448296e-06,4.963426228109117e-06,4.385274351441046e-06,3.322862524030072e-06,2.8182407302666804e-06
16,16,0.02,660,100000.0,17.15,2.43,0.81,1.18810554884438,,355.0,0.0139717629659231,660.0,0.0451327464668338,0.0004212398818465,0.0003221503893839,5.4534196265438815e-06,1.9063570673780584e-05,269508040724.27048,205036924253.64343,173699977737.54843,14.623528406032328,0.2043164726145271,3941158489185.487,2998363286108.6543,2540106558572.2227,7.732297578531825e-06,5.88259448087512e-06,4.983524475342769e-06,4.394757116999301e-06,3.3434530550175127e-06,2.832454316885122e-06
17,17,0.02,670,100000.0,17.15,2.43,0.81,1.18943277689967,,371.0,0.0145425832149596,670.0,0.0575695433859664,0.0003702119708371,0.0004417628588072,-7.069132984731438e-06,9.404764283652012e-06,277945622323.2914,212556014997.80423,180328031865.49973,11.638098212940214,0.1692480117255563,3234758450455.2534,2473747778295.639,2098675345396.8984,8.097586073938445e-06,6.192544471796266e-06,5.253623882862768e-06,4.605614685229015e-06,3.522095782350487e-06,2.988071640690111e-06
18,18,0.02,680,100000.0,17.15,2.43,0.81,1.19165789569026,,376.0,0.0143062003394428,680.0,0.0434672685939858,0.0003522441115678,0.0003976504297507,2.981679861101807e-06,6.066010333208426e-08,270896325532.6437,208257209298.32443,177396884209.0919,15.643955141319482,0.2238055563529742,4237889964580.9575,3257966440119.37,2775188898776.88,8.011483853954653e-06,6.158995573242387e-06,5.246332783542105e-06,4.5590782346525564e-06,3.504886632384611e-06,2.985519541849202e-06
19,19,0.02,690,100000.0,17.15,2.43,0.81,1.1933953170949,,401.0,0.0147927080231296,690.0,0.0528786636496079,0.0003733891045667,0.0004298828336022,1.1078538935678589e-06,9.217058297192657e-06,277491123856.2485,214494266335.37952,183429579486.8073,13.048741257384558,0.193026219489855,3620909876421.038,2798880182602.8984,2393525121674.2026,8.330576855205452e-06,6.439344602724851e-06,5.506749867157804e-06,4.7409095295542975e-06,3.664614194401952e-06,3.1338769662471865e-06
20,20,0.02,700,100000.0,17.15,2.43,0.81,1.19462031821519,,399.0,0.014289449182374,700.0,0.0638414175848538,0.0002808982187842,0.0003635425244336,7.873827851027903e-06,5.38709029004691e-06,265522219521.34387,207197013144.4237,177055700609.04333,10.964668807198802,0.1566790777220291,2911363198003.872,2271846626969.423,1941357117604.7075,8.087974329098482e-06,6.311351744494104e-06,5.3932283480003695e-06,4.603439019009379e-06,3.5922372773573743e-06,3.069668226602761e-06
21,21,0.02,710,100000.0,17.15,2.43,0.81,1.19557065892945,,420.0,0.0145387887189506,710.0,0.0540150998035642,0.000339981762995,0.0003304014503027,9.907779547496074e-06,2.997150518836271e-06,267582784826.81067,210524329956.7996,179630666822.3544,13.144472611955631,0.1911047101272559,3517234586586.8296,2767231289267.4624,2361150380313.7646,8.269310314001918e-06,6.505990339351888e-06,5.5512604326416445e-06,4.70356964889374e-06,3.700596244931816e-06,3.1575474970223643e-06
22,22,0.02,720,100000.0,17.15,2.43,0.81,1.19668353378915,,406.0,0.0132995733128777,720.0,0.0380823191877652,0.0003542951444138,0.0004198646265383,-2.3545664699060378e-06,-1.0976496778990285e-06,242422036330.236,191795828848.1878,163849164968.12692,18.90641156726912,0.2514472067223363,4583330791834.905,3626170877089.3447,3097799747840.7803,7.598105485309046e-06,6.011355078486534e-06,5.1354375945086354e-06,4.31663938736066e-06,3.415173973746175e-06,2.917547306318689e-06
23,23,0.02,730,100000.0,17.15,2.43,0.81,1.19757869607337,,402.0,0.0120606142281993,730.0,0.0539785838714124,0.0003750006413327,0.0004193342090431,8.085371766182034e-06,1.6666599280312487e-05,217704461553.07733,173217191744.77695,148158521406.33295,13.523882022155368,0.1631063239368967,2944209453740.677,2342568865365.428,2003678364076.227,6.920456640796887e-06,5.506281572544027e-06,4.709708822881086e-06,3.925453285053423e-06,3.1232983904488657e-06,2.6714627271033373e-06
24,24,0.02,740,100000.0,17.15,2.43,0.81,1.19860065465315,,478.0,0.0130774394148817,740.0,0.0596515413051292,0.0003271398519999,0.0004172665328403,7.344024687536092e-07,-5.402466633247784e-07,233745028464.71097,187049725934.6988,160186903255.36533,12.405379371754291,0.1622305971527403,2899695754366.2456,2320422811602.605,1987179305269.3096,7.532144875926727e-06,6.027446418845406e-06,5.161825132582985e-06,4.266408975523724e-06,3.414107392309873e-06,2.9237962676635885e-06
25,25,0.02,750,100000.0,17.15,2.43,0.81,1.19963845879841,,479.0,0.0118696490575428,750.0,0.0449836838135979,0.0003650178969023,0.000359961090856,1.0120537652131124e-07,-2.7634252677615046e-06,210056804862.03336,169074318450.0123,144972498111.08734,16.672711890556307,0.197899238978425,3502216588115.4893,2818927399609.224,2417084693060.3774,6.862563383475407e-06,5.523664075739875e-06,4.736256736845783e-06,3.879788716968994e-06,3.122834480332247e-06,2.6776693228845143e-06
26,26,0.02,760,100000.0,17.15,2.43,0.81,1.20065872263705,,468.0,0.0103692033280851,760.0,0.0601786313183083,0.0003785695437879,0.0003671817518996,-9.71610581344579e-06,-2.0268124237647988e-05,181668679764.4636,147242687258.80972,126279525608.07085,12.629067550241585,0.1309533692725777,2294306028508.616,1859537843670.604,1594792659116.7886,6.014920907835014e-06,4.8751007563168885e-06,4.181025368799159e-06,3.394369266496705e-06,2.7511404442179225e-06,2.3594564636433607e-06
27,27,0.02,770,100000.0,17.15,2.43,0.81,1.20181115118366,,462.0,0.0083810788519226,770.0,0.0661162139697353,0.0004161184183651,0.0003653701934441,-1.4348197221031971e-05,4.951618800747911e-06,145353693256.01596,119011319697.3017,101770900335.59718,11.646159901903443,0.0976073844599525,1692812353991.7864,1386024859331.327,1185240178669.044,4.876239271446657e-06,3.992520986945454e-06,3.4141496496607484e-06,2.746559438420168e-06,2.248801912571529e-06,1.9230321611500143e-06
28,28,0.02,780,100000.0,17.15,2.43,0.81,1.20295231364558,,502.0,0.00660253117869,780.0,0.0437774158965567,0.0004573935551804,0.0005274176021844,-3.955473471931293e-06,-1.088496703412458e-05,113116293897.13924,93540106670.01596,79940452218.09326,17.81740616767082,0.1176399797454306,2015438952546.9536,1666642073506.9287,1424331506397.0493,3.844747547317711e-06,3.179365972000576e-06,2.717122768152818e-06,2.1617896867698656e-06,1.787664985580894e-06,1.5277590805612822e-06
29,29,0.02,790,100000.0,17.15,2.43,0.81,1.20410472404016,,446.0,0.0040316350142004,790.0,0.0654395030323939,0.0004303857980596,0.0003764686169823,6.4889262448879e-08,-4.052269085718966e-06,68091029317.5472,56879629849.75515,48782783671.825615,12.07221881879104,0.0486707800889277,822009805518.1458,686663337878.0826,588916439076.0254,2.34472963866575e-06,1.9586626209319026e-06,1.6798459338677165e-06,1.3165675273025024e-06,1.099790594674936e-06,9.432348066619284e-07
30,30,0.02,800,100000.0,17.15,2.43,0.81,1.20514112000624,,523.0,0.0030590454137433,800.0,0.0670772381035931,0.0004622687109022,0.0003742801494013,-9.722538413189991e-06,1.590672670061826e-05,51123499433.67853,42977588194.77857,37014449506.29406,11.926549491565106,0.0364838565239548,609726946177.7676,512574332633.13086,441454663939.85376,1.7828642172347755e-06,1.4987863699534916e-06,1.290829819484967e-06,9.997457673810003e-07,8.404483723911212e-07,7.238361934487901e-07
31,31,0.02,810,100000.0,17.15,2.43,0.81,1.20653239223348,,527.0,0.0018439855892563,810.0,0.0781903609340588,0.0003499961601856,0.0004252517237468,-4.5852377181184165e-06,-1.4812993796164482e-06,30490844306.972496,25798030253.304893,22312225630.00137,10.359333175135314,0.0191024610892543,315864814967.1059,267250390656.2059,231139779179.9776,1.0766984797196444e-06,9.109849394082844e-07,7.878935451285805e-07,6.028312772981193e-07,5.100501439974553e-07,4.4113266725191217e-07
32,32,0.02,820,100000.0,17.15,2.43,0.81,1.20811897847302,,510.0,0.0007494665315485,820.0,0.0687995444072839,0.0003935906952779,0.0002130214086585,-6.806546463695e-06,1.0314526737934469e-05,12260034674.04385,10441105024.609394,9043055525.10897,11.918683576532295,0.0089326544407286,146123473917.24292,124444226977.6608,107781317368.78592,4.383540044881493e-07,3.7331869937601243e-07,3.233318426604985e-07,2.449753161899822e-07,2.086301607443031e-07,1.806948712206564e-07
33,33,0.02,830,100000.0,17.15,2.43,0.81,1.2098506842126,,543.0,8.381402262462661e-05,830.0,0.0622995892452991,0.0004194861408764,0.0003557775362902,-1.081249248368943e-07,5.617209509656487e-07,1347846958.3243804,1162701716.2814562,1008333036.7112924,13.32272026276046,0.0011166307775245,17956987982.768276,15490349715.04932,13433738979.80432,4.87921318282013e-08,4.2089864184734535e-08,3.650170974537859e-08,2.7210596345621492e-08,2.3472848216705252e-08,2.035642331234351e-08
34,34,0.02,840,100000.0,17.15,2.43,0.81,1.21147483348648,,509.0,2.845290894001299e-05,840.0,0.0725429802855615,0.0003419787148727,0.0003934304557196,2.993493871049851e-06,5.345255867880581e-06,452528040.0042713,393031949.84323895,341298661.6372151,11.57934229739922,0.0003294659719731,5239977074.380625,4551051481.049106,3952014028.741549,1.6580125194610522e-08,1.4400254476653596e-08,1.2504804207590384e-08,9.227131182391672e-09,8.013994801384065e-09,6.959143400863221e-09
35,35,0.02,850,100000.0,17.15,2.43,0.81,1.21322571296527,,573.0,0.0055326487248421,850.0,0.0570332981499177,0.0004368837438321,0.0004909611748693,3.910937420968551e-06,2.7629775118191307e-06,87014792148.72643,76350552402.82098,66169496191.79721,14.903574360467276,0.0824562416810286,1296831425249.1482,1137896135198.196,986162006889.106,3.2261977953630683e-06,2.8308058636250924e-06,2.453328652091546e-06,1.7914599388274403e-06,1.571904644709318e-06,1.3622971298648854e-06
36,36,0.02,860,100000.0,17.15,2.43,0.81,1.22040172983306,,542.0,0.0052060388834745,860.0,0.0734946880900224,0.0003775602574776,0.0004689914131419,8.33937720135418e-06,-7.243181661495499e-06,80436241358.03703,71819675330.24937,62079063297.1694,11.701525951734087,0.0609185991007137,941226765711.0172,840399794722.0294,726419770231.1708,3.017817694153908e-06,2.6945402139723344e-06,2.329090624968384e-06,1.6715066156443422e-06,1.4924499258187391e-06,1.2900349797840782e-06
37,37,0.02,870,100000.0,17.15,2.43,0.81,1.22372713714585,,557.0,0.0050516167664266,870.0,0.0746639138651517,0.0003704510669171,0.0003584922486347,2.046587080838941e-05,-1.707155716598653e-05,77156469575.97911,69391397866.10878,60058894615.92553,11.652215306731462,0.0588625262094981,899043795806.5841,808563508370.9656,699819171149.0592,2.928534403321135e-06,2.633805007697121e-06,2.279582516861736e-06,1.6178854045208736e-06,1.4550604819512135e-06,1.259368262243745e-06
38,38,0.02,880,100000.0,17.15,2.43,0.81,1.22027554950736,,594.0,0.0059529993492326,880.0,0.0877845189780828,0.0004055055544142,0.0004195404357867,-6.886467005657071e-06,-1.2351435022855896e-05,89275188297.42883,81422096101.51646,70564799979.97139,10.024546585710745,0.0596761193010884,894943284035.6738,816219595475.8689,707380124710.5836,3.4283393749519377e-06,3.126765491952359e-06,2.709824385370812e-06,1.888402836510007e-06,1.7222894755532246e-06,1.492629374199562e-06
39,39,0.02,890,100000.0,17.15,2.43,0.81,1.21702969464689,,650.0,0.0069976662558738,890.0,0.0626493526912099,0.00036347010473,0.0003166201004898,5.346668817572516e-06,-7.644056061154288e-06,103703510949.25258,95297782663.45808,82700279122.90213,14.206052604991584,0.0994092149431177,1473217531867.403,1353805313656.1406,1174844515667.435,4.027669499584532e-06,3.70120518677012e-06,3.211939391265528e-06,2.2121716721329684e-06,2.0328632395903047e-06,1.764137135556568e-06
40,40,0.02,900,100000.0,17.15,2.43,0.81,1.21534946177801,,607.0,0.0068983441206003,900.0,0.071241346897068,0.0003969945118111,0.0003917081160341,7.882361053407846e-06,-8.01401913574893e-06,100616237625.4093,93538285598.5086,81282337312.73874,12.633113201808928,0.0871475621805774,1271096319861.9023,1181679750669.0928,1026848968579.446,3.952252820362344e-06,3.674227558029904e-06,3.1928081835648773e-06,2.163911049336292e-06,2.011688515884944e-06,1.7481049975426312e-06
41,41,0.02,910,100000.0,17.15,2.43,0.81,1.21559007975785,,660.0,0.0081340359508637,910.0,0.0685247838193845,0.0003057727647484,0.0003510957748014,-1.765610704361212e-05,3.8071490025818494e-06,116852224862.11617,109813921592.00575,95554485780.1074,13.27986677635568,0.1080189137815581,1551781978689.6597,1458314248931.005,1268950841042.9995,4.641180463737767e-06,4.36163049647233e-06,3.795268880403851e-06,2.532980685162373e-06,2.380412890577876e-06,2.0713141503915345e-06
42,42,0.02,920,100000.0,17.15,2.43,0.81,1.21587072513883,,610.0,0.0082248156457089,920.0,0.0781789582214287,0.000435043677354,0.0004703180681777,4.488829099646664e-06,5.354339109713652e-06,116609630124.04346,110554381505.93988,96329850656.69228,11.767872339693438,0.0967885805362162,1372247240878.6138,1300989848155.6655,1133597385029.6887,4.683472392822596e-06,4.440271297815281e-06,3.86896172876479e-06,2.5470906397571824e-06,2.4148265457868324e-06,2.1041217665802187e-06
43,43,0.02,930,100000.0,17.15,2.43,0.81,1.21614745395122,,616.0,0.0092717843164436,930.0,0.0808924590689912,0.0003876815021335,0.0004532607383885,-1.4355929059214817e-05,4.772234188671601e-06,128988551153.1347,124080409053.73917,108263930193.0212,11.496745317222034,0.106595342922366,1482948521445.0564,1426520861747.5703,1244682832470.67,5.237159140258448e-06,5.037880048992278e-06,4.395703545018883e-06,2.8383004586382145e-06,2.7303003156236817e-06,2.3822700539989747e-06
44,44,0.02,940,100000.0,17.15,2.43,0.81,1.21641984515278,,624.0,0.0101057648461947,940.0,0.0616155157122193,0.000412474482269,0.0004368417994531,-4.058928019612789e-06,-1.1866394273314771e-05,138145779178.84885,134645161813.3946,117644443389.69608,15.255897627966828,0.1541725139458526,2107537864888.2288,2054132804726.1765,1794771584852.3423,5.66989404224698e-06,5.526218790910642e-06,4.828461156349448e-06,3.0615312152500345e-06,2.9839519406555534e-06,2.607188854260813e-06
45,45,0.02,950,100000.0,17.15,2.43,0.81,1.21696884226858,,646.0,0.0110944433718717,950.0,0.0735700077018464,0.0003480285573015,0.0003258082455371,5.508999433349986e-06,2.797257840757064e-06,149309606806.613,147163545748.00192,128761343014.673,12.9128707427899,0.143261113224182,1928015653350.577,1900303844294.597,1662678579016.5051,6.193508844393797e-06,6.104488128102364e-06,5.341146720788763e-06,3.331814590905222e-06,3.2839256593020804e-06,2.8732841146417023e-06
46,46,0.02,960,100000.0,17.15,2.43,0.81,1.21747564218327,,677.0,0.0122319955091878,960.0,0.0739366735425619,0.0004379140658516,0.0004757854883828,6.400258696085746e-06,-1.762521644543524e-06,161231249485.2024,161531272825.21686,141891147906.57904,12.984084271080604,0.1588212604947745,2093440130447.489,2097335658777.528,1842326621739.3845,6.759918517971537e-06,6.772497551741126e-06,5.949048967445691e-06,3.621782404631083e-06,3.6285219123711295e-06,3.1873403233045065e-06
47,47,0.02,970,100000.0,17.15,2.43,0.81,1.21811891168984,,680.0,0.013054293010857,970.0,0.1054188243348335,0.0004265511779353,0.0003643880867806,6.399839386509723e-06,5.015242057280547e-06,168509050255.61017,171620268959.3443,151429798925.94174,9.201392693576864,0.1201176763299115,1550517943823.548,1579145488872.2068,1393365045426.974,7.138124329725414e-06,7.269917048813997e-06,6.41463903760092e-06,3.8096035343899454e-06,3.879941060784088e-06,3.423480794207492e-06
48,48,0.02,980,100000.0,17.15,2.43,0.81,1.21860384648691,,660.0,0.0134966036157381,980.0,0.0956818882759762,0.0003192412240563,0.0004366360527506,-1.2207598415304035e-06,1.0557795317190322e-05,171774177293.85016,176805507366.16998,156557406816.2868,10.242272781797285,0.1382358958601818,1759357980712.4224,1810890235768.3816,1603503666623.219,7.352800034708535e-06,7.568166305199226e-06,6.701445609624147e-06,3.90751974626535e-06,4.021972465045871e-06,3.5613685840114924e-06
49,49,0.02,990,100000.0,17.15,2.43,0.81,1.21910049382016,,693.0,0.0149459991942135,990.0,0.0790184229632586,0.0003973259841035,0.0003947978115352,1.7440274148004746e-06,2.075768103366113e-06,186081717227.5425,195792589444.1979,172841126507.61,12.528723845328097,0.1872542964967981,2331366447808.3115,2453031284108.056,2165478743129.263,8.046807873760274e-06,8.466739096334443e-06,7.474239588999088e-06,4.258221330900253e-06,4.480441137502984e-06,3.955228824826199e-06
50,50,0.02,1000,100000.0,17.15,2.43,0.81,1.21985929056978,,740.0,0.0160699342986785,1000.0,0.0748362942543963,0.0003683782471929,0.0004594518755251,-1.6030899839577106e-05,6.359142932837343e-06,195624523399.16824,210029349486.73737,185270031579.3904,13.362500240867476,0.2147345009368167,2614032741040.9707,2806517233105.768,2475670841605.129,8.544607127537272e-06,9.17378989828646e-06,8.092337324815409e-06,4.502321613248612e-06,4.833850394519118e-06,4.264011755648264e-06
51,51,0.02,1010,100000.0,17.15,2.43,0.81,1.22050059246538,,742.0,0.0151545224311714,1010.0,0.0952971299200271,0.0003196310000021,0.0003727334438805,-2.9136886977346835e-06,-1.2967307580281445e-05,180283939845.15387,197171340547.5387,174179956516.0212,10.59843041283181,0.1606141514264698,1910726791000.0195,2089706732197.852,1846034148445.1216,7.954172496679362e-06,8.699248837493111e-06,7.684863226211467e-06,4.172225265737584e-06,4.563042328775152e-06,4.030963689751825e-06
52,52,0.02,1020,100000.0,17.15,2.43,0.81,1.22113579614298,,746.0,0.0170862211678731,1020.0,0.0762561845892833,0.0004109091354237,0.0004024020613109,-3.1238390739849547e-06,-5.221570412541772e-06,200240832546.9513,221296362713.6121,195777454555.36087,13.375964264324685,0.228544683753819,2678414220406.644,2960052239482.3096,2618712235892.9565,8.923783818091069e-06,9.862128894830196e-06,8.724872238525798e-06,4.660285856681244e-06,5.15031972336329e-06,4.556407856062393e-06
53,53,0.02,1030,100000.0,17.15,2.43,0.81,1.22175151083902,,713.0,0.0179953156733861,1030.0,0.1050817970108255,0.0003622654746799,0.0003969597410344,-4.949432825326334e-06,9.185606521892271e-06,205911156560.80096,232009321435.34625,205557208683.35907,9.8018879510967,0.1763880678751457,2018318084489.701,2274129372319.241,2014848727054.487,9.266788581115428e-06,1.0441305689789392e-05,9.250859574626554e-06,4.8185852183644125e-06,5.4293157566768825e-06,4.810302383967292e-06
54,54,0.02,1040,100000.0,17.15,2.43,0.81,1.22238215795596,,770.0,0.0205517405310769,1040.0,0.0559462929998062,0.0004126195596496,0.0003846099116373,-2.751065629769802e-07,8.728557976652043e-06,229471293626.3543,263756525491.73047,234031474677.07684,18.589256664487166,0.3820415796341339,4265700774352.199,4903037749299.131,4350471150340.611,1.0426965342047796e-05,1.1984854866070128e-05,1.06341757909799e-05,5.398498903140798e-06,6.205086880635443e-06,5.505780872974177e-06
55,55,0.02,1050,100000.0,17.15,2.43,0.81,1.22318836533182,,799.0,0.0227837802190931,1050.0,0.0839333669266579,0.0003808655642705,0.0004361761504231,1.1880672631881087e-06,1.2194391199267515e-06,248083364419.1052,291058206811.7656,258642366911.32,12.509923507745174,0.285023347758133,3103503912427.077,3641115903516.663,3235596225922.775,1.1382323991121889e-05,1.3354054666115062e-05,1.1866782058960785e-05,5.866630195877363e-06,6.882891437876368e-06,6.116327562745227e-06
56,56,0.02,1060,100000.0,17.15,2.43,0.81,1.22388822314828,,739.0,0.0224708790986335,1060.0,0.1159857177872254,0.0003434989887397,0.000343838757505,1.6038763990140524e-05,1.105503195989276e-06,238714930814.73148,285735582532.2566,254295074444.5921,9.139056258155495,0.2053626282526226,2181629182377.5283,2611353563719.1265,2324016991520.968,1.105679990095494e-05,1.3234702789051471e-05,1.1778441106871817e-05,5.673247352247684e-06,6.790729978688191e-06,6.043521671889406e-06
57,57,0.02,1070,100000.0,17.15,2.43,0.81,1.2245971197151,,847.0,0.0272516358901801,1070.0,0.1085671747277956,0.0003823791972473,0.0004300743673007,-3.757855928371734e-06,-2.838464157054916e-06,282583262309.5111,344919456559.5886,307432814363.9279,9.855649303601671,0.2685825662830605,2785041532390.221,3399405201840.1763,3029950002790.148,1.3214594046829654e-05,1.612965523873014e-05,1.4376647099657008e-05,6.748176435135368e-06,8.236784195044564e-06,7.341591488195434e-06
58,58,0.02,1080,100000.0,17.15,2.43,0.81,1.2252878876884,,816.0,0.027521048929666,1080.0,0.0976867634894915,0.000352560291754,0.0003795395750493,-1.4940798691164811e-05,2.486053543772397e-06,276683817971.87976,346706128769.7644,309498189437.5263,11.055745542395604,0.3042657140262072,3058945887195.6064,3833094737667.559,3421733228253.442,1.3059158948688816e-05,1.6364131727245026e-05,1.4607959655258324e-05,6.637809609958011e-06,8.317686557343866e-06,7.425045928496661e-06
59,59,0.02,1090,100000.0,17.15,2.43,0.81,1.225923815419,,883.0,0.0310550760206314,1090.0,0.0941851998734364,0.0003649889599652,0.0004690707384218,-1.634141960111775e-06,-7.824769119172313e-06,304318032511.8748,389395593674.57,348142395649.10425,11.572943535340087,0.3593986412724615,3521855407045.715,4506453218506.029,4029032287105.1113,1.4497520115463677e-05,1.855056174480792e-05,1.6585285276420994e-05,7.333494770992476e-06,9.383704693702436e-06,8.389579864787918e-06
60,60,0.02,1100,100000.0,17.15,2.43,0.81,1.22668718395639,,863.0,0.03173068888888,1100.0,0.0920125780492071,0.0003526594361661,0.0004317380629808,4.700073583407256e-06,7.795527029212293e-07,301955149868.41095,395995478844.156,354593419590.21674,11.954887291732378,0.3793368093555857,3609839783835.011,4734081317617.479,4239124365591.009,1.451745808771991e-05,1.903874720981544e-05,1.7048210998638737e-05,7.307741545076609e-06,9.583650464888737e-06,8.581662094782821e-06
61,61,0.02,1110,100000.0,17.15,2.43,0.81,1.22741865002142,,859.0,0.0331715700017008,1110.0,0.1066360440124754,0.0003684318378039,0.0003772882048549,6.241663405796675e-07,1.402263198323359e-05,306275556711.8206,412020992696.1953,369521485275.2328,10.409238361000533,0.345290778956319,3188095273961.477,4288824722710.756,3846437219740.847,1.4861219419692138e-05,1.999223981082787e-05,1.7930062496410207e-05,7.442833039577273e-06,1.0012563491392436e-05,8.979778696567537e-06
62,62,0.02,1120,100000.0,17.15,2.43,0.81,1.22816432589286,,821.0,0.0331187315401328,1120.0,0.1197492341598263,0.0002996717164453,0.0004342068036083,-5.545493186635823e-06,1.381190008557755e-06,296411329916.4064,409411284175.7996,367760834667.6574,9.35287818630359,0.3097554617797534,2772299061748.3936,3829173868994.376,3439622288339.934,1.451109268401774e-05,2.004311067405293e-05,1.800407413211609e-05,9.080450510262795e-06,1.2542161952277363e-05,1.12662159700656e-05
63,63,0.02,1130,100000.0,17.15,2.43,0.81,1.22887045718098,,885.0,0.0372133777509507,1130.0,0.0782427383624053,0.000442933480339,0.0004009902965432,-6.769715757835205e-07,-1.5893449385323182e-06,322422329079.36847,457834077110.3213,411912124841.9072,14.442234815019594,0.5374443397392571,4656498986169.76,6612147247945.047,5948931630120.49,1.592716947603118e-05,2.2616302533573576e-05,2.03478283911726e-05,9.959021621051136e-06,1.4141636796108136e-05,1.2723193734711372e-05
64,64,0.02,1140,100000.0,17.15,2.43,0.81,1.22959507691401,,909.0,0.0401114183959525,1140.0,0.1106860028046412,0.0004199445936658,0.0004384417933513,2.820093574039281e-06,-4.816158366009111e-06,335866653114.5523,491122642719.412,442570810879.72815,10.299405264567,0.4131237537965235,3459226775280.5186,5058271131972.37,4558216139518.358,1.673812415257584e-05,2.447540323443468e-05,2.20557924108188e-05,1.0458281144096738e-05,1.5292672333384565e-05,1.378085595408138e-05
65,65,0.02,1150,100000.0,17.15,2.43,0.81,1.23040421769492,,906.0,0.0415774180567801,1150.0,0.1156506186559909,0.0004063741810555,0.0003726190424649,1.729653054500036e-05,-4.74773011865069e-07,335971299537.71533,506619960853.3243,457274580435.9991,9.943742743138603,0.4134351490805471,3340812171681.0034,5037698559264.408,4547020790832.217,1.689206775695677e-05,2.547199334448047e-05,2.2990991215283143e-05,1.076900120320903e-05,1.6238860210696978e-05,1.4657176115007344e-05
66,66,0.02,1160,100000.0,17.15,2.43,0.81,1.23117903184959,,896.0,0.0426294060366797,1160.0,0.0975684012896636,0.0003523927609565,0.0003938911206518,4.130387793369609e-06,-3.98109164734954e-06,331730429946.5231,516924064555.7105,467335885423.02905,11.88909508270164,0.5068250616891814,3943974623459.709,6145759354039.444,5556200777352.952,1.6822027854056158e-05,2.6213184644501523e-05,2.369857140646856e-05,1.0724749038886923e-05,1.6712005785586462e-05,1.5108834268945342e-05
67,67,0.02,1170,100000.0,17.15,2.43,0.81,1.2319261619573,,922.0,0.0454434258174974,1170.0,0.1004134813731525,0.0003585907013617,0.0003566308180555,-8.424860865895023e-06,-1.319895129708744e-05,339958563345.0451,548366528423.7404,496577105264.1917,11.651821886864903,0.5294987035544381,3961136629010.945,6389469117911.863,5786027983633.326,1.7390439471507465e-05,2.805146258685273e-05,2.540219610020064e-05,1.1083930689114746e-05,1.7878815975317005e-05,1.6190285552428223e-05
68,68,0.02,1180,100000.0,17.15,2.43,0.81,1.23270341452702,,905.0,0.0461771570062533,1180.0,0.0742178081050042,0.0004007660067013,0.0004691590932654,9.813075606983628e-06,2.387024277327238e-06,331557176695.13666,554496857061.1578,502960691333.34015,15.899149141275124,0.7341775061624989,5271477001136.087,8816028228783.664,7996647043707.618,1.7105633009523894e-05,2.8607493393346066e-05,2.594864961127153e-05,1.0899924607724187e-05,1.8229054781534728e-05,1.6534806065208777e-05
69,69,0.02,1190,100000.0,17.15,2.43,0.81,1.23347773841695,,892.0,0.0470571433900377,1190.0,0.107952331440174,0.0003067865336709,0.0005113862090021,2.854507741730598e-06,3.853497705682724e-06,323720361754.0654,562288242858.0972,510880177738.8434,11.023383970724938,0.5187289601538468,3568493846757.043,6198319203249.039,5631628362247.474,1.684161976951724e-05,2.925316385961661e-05,2.6578648481177697e-05,1.072969827328236e-05,1.8637021025773422e-05,1.6933102790435803e-05
70,70,0.02,1200,100000.0,17.15,2.43,0.81,1.23422873606346,,939.0,0.0511192958820011,1200.0,0.1340251902481668,0.0003706414669359,0.0004240450290313,-2.174698157919411e-06,1.3659369255359897e-05,335952751282.8799,607811999139.9703,553172243663.6566,8.953540731992456,0.4576986978702715,3007966642636.196,5442069491693.489,4952850215450.206,1.7626178271770386e-05,3.188961129698068e-05,2.9022868675961025e-05,1.1224878339382476e-05,2.0308259770190763e-05,1.848263219198767e-05
71,71,0.02,1210,100000.0,17.15,2.43,0.81,1.23521015912391,,916.0,0.0520072184030481,1210.0,0.0885863513440199,0.0003500566820564,0.000447888623516,-7.621596746681422e-07,1.423198560370457e-06,325743822168.7623,615301972893.2119,560940140064.4285,13.658989016276736,0.7103660249343398,4449331289123.126,8404402889441.787,7661875211928.762,1.7234869909984255e-05,3.2555182129216496e-05,2.967893689259312e-05,1.0970206347138678e-05,2.072177321276413e-05,1.8891007798488844e-05
72,72,0.02,1220,100000.0,17.15,2.43,0.81,1.23598529338285,,918.0,0.0542550652326056,1220.0,0.1373471981830789,0.0004573056253723,0.0003787472841316,-2.869128850179816e-06,-5.286167455899212e-06,323085332053.8734,638696377799.6044,583264943874.1709,8.882598379428048,0.4819259545109063,2869837246918.7085,5673283410389.33,5180908245233.901,1.7235485593873824e-05,3.407224385101112e-05,3.1115168471587e-05,1.0965463908507475e-05,2.167725174873673e-05,1.97959178477449e-05
73,73,0.02,1230,100000.0,17.15,2.43,0.81,1.23678336528058,,975.0,0.0592256571412713,1230.0,0.1374636158157045,0.0003519799794361,0.00038260557014,1.7390137281962726e-05,-2.495407813828399e-06,333821083669.1532,693717469956.7922,634604955216.8118,8.947822248827231,0.5299406526700814,2986971719582.466,6207260612079.522,5678332337504.998,1.7952853980133137e-05,3.730803430602043e-05,3.412897103697564e-05,1.1416824000121522e-05,2.372543451496242e-05,2.170376119950518e-05
74,74,0.02,1240,100000.0,17.15,2.43,0.81,1.2375610899281,,991.0,0.061434505184479,1240.0,0.1475172101600037,0.0004034523855902,0.0004678725415961,1.7739024546358963e-06,-4.470592131315816e-06,334818053255.411,715966454815.0117,656098721235.6254,8.405798880381758,0.5164060948965016,2814413217185.9336,6018270024274.923,5515033896382.323,1.81535301292805e-05,3.881904957832022e-05,3.557307554932702e-05,1.1537175172821252e-05,2.467080352075104e-05,2.2607878529731275e-05
75,75,0.02,1250,100000.0,17.15,2.43,0.81,1.23833604842222,,1028.0,0.0661938521405628,1250.0,0.1287823382999704,0.0003553786909304,0.0003646162207529,-7.024463064601717e-06,9.14646272801969e-06,360756494166.0677,767528318509.7181,704584320936.7544,9.706299920478203,0.6424973817680913,3501610730636.098,7449860056915.645,6838906738278.607,1.9719797314541147e-05,4.195490065721415e-05,3.851423390726388e-05,1.252309290235696e-05,2.66435354410069e-05,2.4458533806943183e-05
76,76,0.02,1260,100000.0,17.15,2.43,0.81,1.23915559600907,,942.0,0.062320648708414,1260.0,0.1457078824043947,0.0003881194755184,0.0003577312367057,4.462348773117324e-07,2.3674148455795005e-06,339647535460.8563,718942113211.2618,661151482885.3114,8.647438829033433,0.5389139974916916,2937081286329.7188,6217007945610.416,5717267004975.475,1.871377384545204e-05,3.961200571160185e-05,3.642787901143741e-05,1.187603710080828e-05,2.513836350452324e-05,2.31176697023473e-05
77,77,0.02,1270,100000.0,17.15,2.43,0.81,1.23991243430684,,1019.0,0.069339614979235,1270.0,0.1383417788758834,0.0003225044550244,0.0004047494875553,8.359291221658185e-06,-1.2143311377942375e-05,377900901636.8311,795824375276.6621,733160899992.1649,9.180162423235938,0.6365489278740216,3469191656913.417,7305797025410.028,6730536144293.915,2.0985155288427787e-05,4.419279770215058e-05,4.071304215231739e-05,1.330810357817149e-05,2.802563627221371e-05,2.5818888376026628e-05
78,78,0.02,1280,100000.0,17.15,2.43,0.81,1.24074079328274,,1027.0,0.0721565379120012,1280.0,0.1159404407035253,0.0003289276733863,0.0004121755141058,-1.8891825032810845e-06,1.322801427243286e-05,393253131620.40656,823898819685.5759,760392020845.1025,11.040151238282116,0.7966190913793305,4341574048017.352,9095967574370.885,8394842910512.9,2.200962776403644e-05,4.611204559716599e-05,4.255769118629362e-05,1.3946185057057674e-05,2.92184460433428e-05,2.6966264184393253e-05
79,79,0.02,1290,100000.0,17.15,2.43,0.81,1.24155651007879,,1071.0,0.0772903443911447,1290.0,0.1456001224480587,0.0004455126061599,0.0004555313247703,3.5761749272800765e-06,-7.088949302266992e-06,421232376931.739,877958989498.8945,811757297947.1586,8.85988265882258,0.6847833819655287,3732069431712.1313,7778613626218.651,7192074407254.704,2.375888631649129e-05,4.951976382723798e-05,4.5785771499786856e-05,1.5041488640540305e-05,3.135041580516465e-05,2.898646648409583e-05
80,80,0.02,1300,100000.0,17.15,2.43,0.81,1.24231942993718,,1045.0,0.0777792010715236,1300.0,0.136477742881425,0.000320142389139,0.0004982383063826,-7.627564422924712e-06,-7.112227074314828e-06,423896645839.8038,878924460088.9506,814139058563.1416,9.525362689574006,0.7408750999115657,4037769294518.033,8372074259085.268,7754969812562.256,2.4096267948890924e-05,4.996217711319516e-05,4.6279471883835225e-05,1.523936474605545e-05,3.159791558385494e-05,2.926883755561177e-05
81,81,0.02,1310,100000.0,17.15,2.43,0.81,1.24314995045508,,1041.0,0.0797109511625312,1310.0,0.1149940002533185,0.0003153753727149,0.0004043279029125,6.004231721227676e-06,5.416177472892775e-06,434424683835.7954,891370683313.4763,831538367222.5931,11.391898682663628,0.9080590795423048,4948921983505.561,10154404513003.768,9472800830147.322,2.4881954954370268e-05,5.10538328393776e-05,4.762689820793821e-05,1.5927986560087532e-05,3.268170707638606e-05,3.0487981991200257e-05
82,82,0.02,1320,100000.0,17.15,2.43,0.81,1.24399008048548,,1043.0,0.0810697877417433,1320.0,0.138413876435834,0.0004196602951931,0.000409641958134,-2.896842546319884e-06,2.2988221949155856e-06,441830343192.5013,898438631947.9104,842844637859.0144,9.536616082072712,0.7731314415481308,4213566356437.3135,8568064306189.849,8037885728095.029,2.549929536750281e-05,5.185146832623362e-05,4.864297959798364e-05,1.630009382396891e-05,3.3145378585844845e-05,3.1094393782152086e-05
83,83,0.02,1330,100000.0,17.15,2.43,0.81,1.24478593786844,,1043.0,0.0839058248136405,1330.0,0.1363614781978412,0.0003770075370376,0.0004414941594856,-1.0795377048140252e-05,-3.412631251022624e-06,457286745234.3412,924919478927.6836,869360239578.4628,9.753487697385896,0.8183744300588597,4460140643820.785,9021190758793.734,8479294401324.992,2.658931407119952e-05,5.378020415434405e-05,5.054966646653872e-05,1.730704508494214e-05,3.50056573661223e-05,3.29028930277217e-05
84,84,0.02,1340,100000.0,17.15,2.43,0.81,1.24561914540455,,1085.0,0.0893875153651338,1340.0,0.1190564958101276,0.0004301091442043,0.0004321070058222,8.135754642229029e-06,-7.573978587785774e-06,487161958739.9795,980073576632.712,922993478453.9023,11.255160761131789,1.0060708554727191,5483086162326.32,11030885662738.588,10388439981474.9,2.8540459539357347e-05,5.741776375935986e-05,5.407371728087778e-05,1.8573267912859693e-05,3.736574415661599e-05,3.518953984314818e-05
85,85,0.02,1350,100000.0,17.15,2.43,0.81,1.24636834168605,,1101.0,0.0922677796892565,1350.0,0.1271975805232159,0.0003554399932624,0.0004097204157621,1.429843198012976e-07,3.4326945817584684e-06,502859399306.448,1006211594384.2716,949469109108.1604,10.613409425296418,0.9792757226051284,5337052688197.949,10679335619680.562,10077104391636.342,2.967450973826735e-05,5.9378100116047125e-05,5.602963843029206e-05,1.9310740207771304e-05,3.864040469364033e-05,3.646138727163026e-05
86,86,0.02,1360,100000.0,17.15,2.43,0.81,1.24722718437682,,1088.0,0.0938769268542699,1360.0,0.1171456750919333,0.0004192528316433,0.0003900839842558,-3.367581293435797e-06,7.372343217209447e-06,511629251355.7713,1018222849104.6335,962705605352.6855,11.60947682390069,1.0898620066136675,5939747936044.488,11821034568246.371,11176508413581.287,3.041567693466238e-05,6.053199097547781e-05,5.723156484505713e-05,1.9905197050797808e-05,3.961447942889176e-05,3.745455273652354e-05
87,87,0.02,1370,100000.0,17.15,2.43,0.81,1.24809630082086,,1081.0,0.096041177831675,1370.0,0.1283862634486468,0.000337094599321,0.0004488299371352,4.873051457564851e-07,5.6712486758882e-07,523424419182.6289,1036032388519.0906,981501140747.1932,10.670923533404228,1.0248480646998814,5585421952614.354,11055422396017.355,10473523620862.318,3.134223782785955e-05,6.203679524359565e-05,5.877150750752537e-05,2.0506022204652183e-05,4.058829199617207e-05,3.84519396658698e-05
88,88,0.02,1380,100000.0,17.15,2.43,0.81,1.24884567323607,,1151.0,0.1048882302653153,1380.0,0.1366769832743557,0.0003315154871501,0.0004324202649838,-5.123933358376871e-06,2.3586317227161408e-06,571640854945.9683,1125282325785.526,1068202457655.2604,10.096798794789647,1.0590353569304545,5771742695270.977,11361749230789.393,10785425287044.977,3.447292976633783e-05,6.786040264349605e-05,6.441818841387724e-05,2.254833404121081e-05,4.438668361952706e-05,4.2135172163525294e-05
89,89,0.02,1390,100000.0,17.15,2.43,0.81,1.24968323318255,,1166.0,0.1087578596927592,1390.0,0.121804716573024,0.0004338041845785,0.0004631347731657,7.496534098695727e-06,1.221131388137735e-05,592730335325.5381,1160382490420.9053,1103762673394.0193,11.411709161251329,1.2411130638139476,6764066197786.014,13241947496491.877,12595818611817.787,3.5999795343364355e-05,7.047645393791644e-05,6.703761893341617e-05,2.35374839302663e-05,4.607910645613227e-05,4.3830718017107954e-05
90,90,0.02,1400,100000.0,17.15,2.43,0.81,1.25043238280315,,1147.0,0.1091429610038522,1400.0,0.1449902745314375,0.0003378165324286,0.0004118625048671,5.0050811969006185e-06,1.7435030001074931e-06,594829137470.9949,1158053876357.8958,1103808509565.7927,9.655820050857582,1.0538647912709638,5743563112426.753,11181959839309.916,10658176338972.604,3.63858413844315e-05,7.083843410720465e-05,6.752023197553114e-05,2.3776902097804897e-05,4.629049235754327e-05,4.412216082462767e-05
91,91,0.02,1410,100000.0,17.15,2.43,0.81,1.2512710931248,,1133.0,0.109784755302244,1410.0,0.1376015468729292,0.0003760233047968,0.0003492811909364,-2.9029322058635167e-06,-7.972394941012742e-06,598326916397.23,1158388245388.2695,1104966860437.2986,10.246977828687427,1.124961953509969,6131042646629.332,11869978667505.73,11322570920335.355,3.685447019516778e-05,7.135193803608117e-05,6.806140106456201e-05,2.407231090214722e-05,4.660509367736064e-05,4.445580680404655e-05
92,92,0.02,1420,100000.0,17.15,2.43,0.81,1.25210187482514,,1157.0,0.1142439888233165,1420.0,0.1445648586134211,0.0004136619413563,0.0004013044288157,5.753952015801223e-06,-2.7496725586962203e-06,622629739087.0751,1198701255875.571,1143379560121.644,9.822580768381629,1.1221708075191146,6115830900979.175,11774339902998.29,11230938078211.508,3.861350395703115e-05,7.433961595685434e-05,7.090874141970797e-05,2.521013131183091e-05,4.853513118179787e-05,4.629516876626248e-05
93,93,0.02,1430,100000.0,17.15,2.43,0.81,1.2528606408531,,1164.0,0.1172535122710883,1430.0,0.1616336203751416,0.000431028679488,0.0003694934079851,4.580735179026529e-07,1.3573715816562124e-06,639031641877.4312,1223362793097.042,1166860333555.7468,8.847169275062074,1.037361671157886,5653621107810.479,10823297715342.27,10323410891323.086,3.990393051654295e-05,7.639212316442942e-05,7.286386247779807e-05,2.6036589655854525e-05,4.984447241223953e-05,4.754234641844501e-05
94,94,0.02,1440,100000.0,17.15,2.43,0.81,1.2537017293449,,1161.0,0.1194659582886809,1440.0,0.1587899957680747,0.0003450316450635,0.0004157518597608,-4.992601963198568e-06,-4.931772534559942e-06,651089472673.3113,1239400011767.0613,1183793993593.0315,9.068581386595874,1.0833867656685712,5904457872893.713,11239599877257.477,10735332175861.76,4.0935179398689765e-05,7.792333305606914e-05,7.442728155295593e-05,2.6691105117072635e-05,5.080861753200899e-05,4.852907510578767e-05
95,95,0.02,1450,100000.0,17.15,2.43,0.81,1.25445082841514,,1202.0,0.1265072608876153,1450.0,0.1647023850744062,0.000404220967454,0.0004097363432095,-5.87027838238303e-06,2.849861406447824e-06,689464571837.5037,1304988386095.15,1248641935015.133,8.80375836297055,1.1137393560158406,6069879490286.332,11488802417664.62,10992741877745.207,4.363770655348667e-05,8.259554235884625e-05,7.902925338912136e-05,2.84350464732752e-05,5.382061228585599e-05,5.149675980596087e-05
96,96,0.02,1460,100000.0,17.15,2.43,0.81,1.25529326238378,,1174.0,0.126516522433662,1460.0,0.1311434701033249,0.0003722908287651,0.000393340125547,-6.45217056147686e-06,9.359866523333946e-07,689515047263.4583,1297621736071.391,1243808318416.841,11.132845568671463,1.4084889061393189,7676264538459.287,14446222394234.162,13847125925963.637,4.392735687694626e-05,8.266838166609423e-05,7.92400573511118e-05,2.8605953694773803e-05,5.383451375384859e-05,5.1601953145210575e-05
97,97,0.02,1470,100000.0,17.15,2.43,0.81,1.25608149875268,,1227.0,0.1354824129012251,1470.0,0.1278401347706221,0.0003924604853079,0.0004785959687964,5.451299003419456e-06,5.837767152287062e-06,738379150311.6772,1381258859523.2815,1326679639346.6638,11.498736313424224,1.5578765410576525,8490427148764.207,15882731406239.287,15255139345236.035,4.735039327720303e-05,8.85766481738291e-05,8.507662039130705e-05,3.0811758803201324e-05,5.763842980459525e-05,5.536089831276086e-05
98,98,0.02,1480,100000.0,17.15,2.43,0.81,1.25688263441476,,1262.0,0.1427821393094613,1480.0,0.1515206133999527,0.0004315842351402,0.0004049078820061,-8.787876309414795e-06,-2.030725218283545e-06,778162659236.5641,1438837276580.2913,1392602250128.228,9.76764789153409,1.3946456619747862,7600818857762.585,14054055890850.137,13602448432210.615,5.022631453999071e-05,9.286939275174825e-05,8.988516451388293e-05,3.265735242157638e-05,6.038405397745902e-05,5.8443696733194335e-05
99,99,0.02,1490,100000.0,17.15,2.43,0.81,1.25768349177669,,1265.0,0.1465249678303514,1490.0,0.1372704104910553,0.0003766962452362,0.0004090664151698,-2.030038075662096e-06,-1.573064574341098e-05,798561074675.4154,1463156677078.5107,1423403372905.588,10.85448782931329,1.5904534800050714,8667971466027.638,15881816343727.172,15450314587407.19,5.187784364135919e-05,9.50527338777968e-05,9.247019415289404e-05,3.370736037632077e-05,6.1760021825947e-05,6.008203000741159e-05
100,100,0.02,1500,100000.0,17.15,2.43,0.81,1.25848494585637,,1165.0,0.1373924609040998,1500.0,0.15885321400674,0.0003659196616339,0.0003595105970333,7.538587192197102e-06,-4.113215851021048e-06,748788911927.3442,1366289489807.7864,1329338039446.707,9.442679579252053,1.2973529849223295,7070573767826.697,12901433864754.688,12552513159006.38,4.894751595743538e-05,8.931285645337114e-05,8.689738037274402e-05,3.179908321169314e-05,5.8022698367460935e-05,5.645346807290401e-05
101,101,0.02,1510,100000.0,17.15,2.43,0.81,1.25928548443795,,1213.0,0.1451122544758654,1510.0,0.1283167636470352,0.0004405873024931,0.0003861085505571,-3.182928071686526e-06,5.119643377183373e-06,790861786893.4664,1434839943678.4888,1398381800604.519,11.767753153076724,1.7076451901584373,9306666286363.482,16884842271382.965,16455811843268.936,5.2023292570545705e-05,9.438450487676231e-05,9.198626959071298e-05,3.3788126669662975e-05,6.130091827819148e-05,5.974331064467216e-05
102,102,0.02,1520,100000.0,17.15,2.43,0.81,1.2600864681475,,1256.0,0.1515560689993355,1520.0,0.1355042927430076,0.0003601649886208,0.0004701975851639,1.227222003265751e-06,-2.0399852629203183e-06,825980576046.3785,1488722068849.434,1454407654283.9006,11.217356802730778,1.7000585015848315,9265318833637.33,16699526626383.637,16314609594725.225,5.466911022552843e-05,9.853392832392294e-05,9.626276291566728e-05,3.5497953277680395e-05,6.398042275573026e-05,6.250570104880012e-05
103,103,0.02,1530,100000.0,17.15,2.43,0.81,1.26088685337121,,1255.0,0.1556246373150323,1530.0,0.15648782150447,0.0004378024531332,0.0003839331768464,3.533141462546354e-06,-7.514281840530453e-06,848154273366.9263,1517713550921.5808,1486842774180.384,9.777118661954765,1.5215605457527444,8292504974352.457,14838865482217.018,14537038234831.623,5.648316926829878e-05,0.0001010727341585,9.901688257254784e-05,3.689455962376684e-05,6.602026878198676e-05,6.467739549952516e-05
104,104,0.02,1540,100000.0,17.15,2.43,0.81,1.26168753417693,,1342.0,0.1702578389796656,1540.0,0.1455117455191157,0.0003249959524515,0.0004267821525332,-8.862451204454586e-06,-1.2705255565014656e-05,927905222439.1776,1648632543175.527,1619418534113.581,10.58333809759496,1.801896273687684,9820334691597.877,17448035603124.424,17138853868035.645,6.216146746228691e-05,0.0001104438424438,0.0001084867614512,4.058971428742805e-05,7.211676610305624e-05,7.083884649193727e-05
105,105,0.02,1550,100000.0,17.15,2.43,0.81,1.26248794694978,,1302.0,0.1677329650640677,1550.0,0.1600934761067947,0.0003755333738385,0.0004259743629458,5.126370813593744e-07,4.842892274065886e-06,914144659599.1692,1613301349854.3936,1588572082822.898,9.6818436184497,1.6239643374091912,8850605638880.092,15619731378724.049,15380306482526.229,6.160550870618592e-05,0.0001087226724025,0.0001070561319273,4.020834035324824e-05,7.096050836827446e-05,6.987280001156348e-05
106,106,0.02,1560,100000.0,17.15,2.43,0.81,1.2634870605769,,1273.0,0.165588736433432,1560.0,0.1809038598328243,0.0004335089518789,0.0004677232998227,-3.13369758900532e-06,-2.611820754372707e-06,902458613562.2046,1581934146908.0771,1561818378596.0732,8.623364926771695,1.4279321020285,7782229956055.326,13641595438909.615,13468129827972.814,6.117425376585007e-05,0.0001072333284756,0.0001058697566764,3.990937011335244e-05,6.995777359218832e-05,6.906819524409174e-05
107,107,0.02,1570,100000.0,17.15,2.43,0.81,1.2642888534796,,1205.0,0.1613440081120722,1570.0,0.1490669928630268,0.0003651331633515,0.0003443957566581,2.750487679126107e-06,1.073226709378735e-05,879324844210.794,1530914495997.7876,1515501656346.8474,10.532177310658072,1.6993037014486,9261205172894.87,16123862919305.44,15961532159240.996,5.995280354359185e-05,0.0001043785088353,0.0001033276537915,3.909378794945889e-05,6.806272684016537e-05,6.737748942309492e-05
108,108,0.02,1580,100000.0,17.15,2.43,0.81,1.26509115522965,,1306.0,0.178016106101292,1580.0,0.1764764235042548,0.0003888897487568,0.0004049176828572,-4.185718068919259e-06,3.988896847146414e-06,970187778252.0416,1676646025673.9585,1664752705107.7432,8.953037287510002,1.5937848357022042,8686127354577.013,15011074385814.4,14904593043312.766,6.651763202410569e-05,0.0001149535439122,0.0001141381187557,4.335957248818084e-05,7.493256101227054e-05,7.440102546134341e-05
109,109,0.02,1590,100000.0,17.15,2.43,0.81,1.26589288992069,,1320.0,0.1816253711042065,1590.0,0.1738810722438302,0.0004045728931583,0.0003625837996072,-3.322227268956943e-06,-7.516594974018455e-06,989858272517.9258,1697970572961.2595,1690792364011.352,9.144181016841054,1.6608152706277974,9051443224921.496,15526550280427.076,15460911438412.416,6.825293837284703e-05,0.0001170788627956,0.0001165839092586,4.44664285433554e-05,7.627626019555718e-05,7.595380058269928e-05
110,110,0.02,1600,100000.0,17.15,2.43,0.81,1.266694990595,,1295.0,0.1830756479647439,1600.0,0.1248698537758628,0.0003264038021979,0.0003430213510477,-8.259470757745472e-06,3.023861440651681e-08,997762281407.8542,1699650877654.104,1696518641774.0144,12.813340863455696,2.3458106811702826,12784668212378.04,21778206044253.668,21738071638257.33,6.917691610944825e-05,0.0001178402996081,0.0001176231352367,4.504875189777431e-05,7.673887069797522e-05,7.65974509232686e-05
111,111,0.02,1610,100000.0,17.15,2.43,0.81,1.26742532522346,,1290.0,0.1839846182169177,1610.0,0.1664816903894461,0.0003746239211446,0.0004115475592804,-3.1162557299028613e-06,-1.617734115103862e-06,1002716169282.2017,1696152696170.4602,1697676011073.7642,9.670733137282364,1.779266144140591,9697000485566.225,16403040084746.496,16417771656660.396,6.98928053831466e-05,0.0001182277437277,0.0001183339240759,4.5498385519985554e-05,7.696316428842526e-05,7.703228491384461e-05
112,112,0.02,1620,100000.0,17.15,2.43,0.81,1.26822702873633,,1361.0,0.197621805538073,1620.0,0.165532609308002,0.0003222789625313,0.0005096104916588,-2.727510119797677e-07,-1.1630316550481723e-06,1077038840182.4978,1809052091565.6565,1815817025034.741,9.78659133552175,1.9340438497890693,10540538981350.428,17704453524823.953,17770659164097.88,7.547535203378193e-05,0.000126772441591,0.0001272465059572,4.911033879816232e-05,8.248835399961956e-05,8.279681843211623e-05
113,113,0.02,1630,100000.0,17.15,2.43,0.81,1.26902888811467,,1383.0,0.2042602566022217,1630.0,0.1697458860312508,0.0003364940726794,0.0004026383016793,3.20493397443318e-06,3.140774715853452e-06,1113218398482.1086,1855626057537.648,1868851102875.4,9.602589129611724,1.961427319660196,10689778892148.068,17818814608735.277,17945809285334.195,7.842828540386976e-05,0.0001307322716206,0.0001316640004095,5.100446710019329e-05,8.501945200599509e-05,8.562538556831102e-05
114,114,0.02,1640,100000.0,17.15,2.43,0.81,1.26983031425198,,1379.0,0.2056639460358773,1640.0,0.175313701001869,0.0004270878741768,0.0003919680783161,-4.238448271787511e-06,9.160855580131244e-06,1120868505895.5315,1853927094936.901,1872960027608.6008,9.354659622310498,1.9239162117468669,10485343354020.426,17342856937713.633,17520903544471.732,7.937513692210963e-05,0.0001312872261377,0.0001326350574212,5.159776211126959e-05,8.534318585369104e-05,8.621934280440271e-05
115,115,0.02,1650,100000.0,17.15,2.43,0.81,1.27055805381929,,1384.0,0.2109945195952546,1650.0,0.2070245290665298,0.0003338294734811,0.0004334988696147,3.603872657543616e-06,6.743879343697071e-06,1149920131794.1377,1888289412071.3523,1912544690807.9453,7.970070056141767,1.681641102636156,9164944009367.05,15049798900479.428,15243115171241.318,8.184083095100042e-05,0.0001343912244746,0.0001361174940753,5.318139963714529e-05,8.732943365142731e-05,8.845118953354108e-05
116,116,0.02,1660,100000.0,17.15,2.43,0.81,1.27135901229813,,1510.0,0.2318887128924608,1660.0,0.2080727748361823,0.0003142342377509,0.0004527357549152,-5.006106733928315e-06,-1.3465562634410293e-05,1263793485263.912,2059700796551.672,2092090988028.211,7.977977903677853,1.8500030275683503,10082516500247.51,16432247443076.906,16690655674972.633,9.039630726299777e-05,0.0001473257682097,0.0001496425657997,5.871500382192657e-05,9.569232754535228e-05,9.719715427417564e-05
117,117,0.02,1670,100000.0,17.15,2.43,0.81,1.272159837589,,1508.0,0.2370301321669954,1670.0,0.2024105559958116,0.0003912116220965,0.0003750562090949,-4.828984512647518e-06,-2.88666190825537e-06,1291814220310.1252,2088591740419.6309,2128410745271.9443,8.250557841630338,1.95563081565308,10658187945309.283,17232046961883.54,17560575964613.71,9.285350451528296e-05,0.0001501245763907,0.0001529867016783,6.0285989906250445e-05,9.746975888761164e-05,9.93280199957973e-05
118,118,0.02,1680,100000.0,17.15,2.43,0.81,1.27296098866863,,1353.0,0.2146269529441889,1680.0,0.1571541286921274,0.0004075085045843,0.0004666857045446,-2.6797734987493924e-06,6.895407121538267e-06,1169716893545.8298,1876876437662.061,1918126987415.5183,10.690142307945353,2.2943926700940707,12504440052012.686,20064076213036.96,20505050460182.4,8.448635003381345e-05,0.0001355630927085,0.0001385425387649,5.482825198722379e-05,8.797500903066723e-05,8.990855000025868e-05
119,119,0.02,1690,100000.0,17.15,2.43,0.81,1.27368491854199,,1426.0,0.2307762444408444,1690.0,0.193185143719802,0.0003464953185165,0.0003763730617515,-5.631560582991336e-06,-5.855713010975395e-06,1257730532202.6023,2003126467266.6536,2052950210387.005,8.748084699779998,2.0188501330656403,11002733225207.74,17523520000019.775,17959382324896.688,9.126834833716556e-05,0.0001453586754053,0.0001489741801785,5.9209052367579736e-05,9.429938835274378e-05,9.664489602710666e-05
120,120,0.02,1700,100000.0,17.15,2.43,0.81,1.27448555561608,,1471.0,0.2415729778823216,1700.0,0.1872541859399916,0.0003803412219575,0.0004232779255448,6.026252236549217e-06,2.415089529359088e-06,1316572729458.653,2081168192274.7505,2139592316784.3127,9.07856874582654,2.193136886838692,11952596033270.87,18894028505193.87,19424435935968.668,9.59816781730618e-05,0.0001517227352392,0.0001559820103942,6.224194442541795e-05,9.838875746482686e-05,0.0001011508009353
121,121,0.02,1710,100000.0,17.15,2.43,0.81,1.27528577565715,,1495.0,0.247693166553202,1710.0,0.1600233989906883,0.0003622628491098,0.0004146608589438,-5.192356152278241e-06,1.0826582995502264e-05,1349927757714.951,2117377570069.407,2184156100408.8696,10.685937249086331,2.646833634815006,14425243309741.78,22626163846384.58,23339755031178.285,9.88591075423551e-05,0.0001550616732717,0.0001599520578679,6.408513609159209e-05,0.0001005182899304,0.0001036884678754
122,122,0.02,1720,100000.0,17.15,2.43,0.81,1.276086046278,,1483.0,0.2508140101943522,1720.0,0.1665513779041703,0.0003865613507029,0.0003736292130314,-4.029351618391664e-08,-1.932808170355295e-06,1366936355559.2192,2126303682859.1235,2201434582481.232,10.327143621649574,2.590192305598955,14116548065514.305,21958643516128.6,22734531106949.848,0.0001005582612194,0.0001564208898996,0.0001619478718978,6.515798594577474e-05,0.0001013548764876,0.000104936153759
123,123,0.02,1730,100000.0,17.15,2.43,0.81,1.27688630008345,,1580.0,0.2675500105146469,1730.0,0.1891915112478273,0.0003342362618023,0.0004467079096734,-3.413566059343677e-06,-1.4250137900686986e-06,1458147557304.826,2250210742706.3887,2336967119253.5044,9.144173481091466,2.446523711013777,13333554225025.086,20576317400322.89,21369632758060.61,0.0001077261304056,0.0001662427747415,0.0001726522280829,6.97858565038252e-05,0.0001076934108672,0.0001118455064587
124,124,0.02,1740,100000.0,17.15,2.43,0.81,1.27768646892401,,1518.0,0.262816921074979,1740.0,0.1809823567348303,0.0003548377257051,0.0004532055862294,-3.0775951972229702e-06,6.570478335801561e-06,1432352219858.6355,2193351834075.8489,2284464028879.554,9.614196827757048,2.526773608879938,13770916168395.662,21087316245327.125,21963286819578.89,0.0001062683644534,0.0001627280698466,0.0001694878205485,6.882106693790983e-05,0.0001053852615987,0.0001097629826442
125,125,0.02,1750,100000.0,17.15,2.43,0.81,1.27848648389625,,1526.0,0.2676967049781099,1750.0,0.1996488760382817,0.0004117844275684,0.0003575360295207,8.536021222734248e-07,4.565188178913778e-07,1458947042130.6987,2215264139067.6826,2315511937541.3813,8.765388690014191,2.34646567016919,12788237902422.084,19417651229977.89,20296362148918.07,0.0001086876552676,0.0001650312575582,0.0001724994506092,7.040196892022422e-05,0.0001068982989546,0.0001117357894109
126,126,0.02,1760,100000.0,17.15,2.43,0.81,1.2792868307211,,1579.0,0.2767817578026537,1760.0,0.1720173290232196,0.0003141849963995,0.000434492665151,-8.559383436228057e-07,1.3355242595760374e-06,1508460580024.463,2271212799457.1924,2382341347948.1567,10.231527311776988,2.831900114359495,15433855623259.248,23237975788503.73,24374990567507.168,0.0001128355264317,0.0001698907450808,0.000178203357579,7.310026798596897e-05,0.0001100633761942,0.0001154486854182
127,127,0.02,1770,100000.0,17.15,2.43,0.81,1.28016843760962,,1550.0,0.2789801088573327,1770.0,0.1898065610830599,0.0004066077981179,0.0004000774825614,-3.364738123993188e-06,-6.950332503823662e-07,1520441593272.4636,2271151874610.448,2389415733934.2246,9.32528354078046,2.6015686173324264,14178548964461.729,21179135194917.496,22281979215738.69,0.000114166654461,0.0001705358577695,0.0001794160339121,7.399066593050127e-05,0.0001105231798283,0.0001162783642073
128,128,0.02,1780,100000.0,17.15,2.43,0.81,1.28096914587123,,1523.0,0.2777907794947455,1780.0,0.2103723127361263,0.0003672300770168,0.0004069227080865,-4.72174941546444e-06,1.088989417813929e-05,1513959748246.363,2243446617630.86,2367432380747.084,8.4611894828227,2.3504404218860606,12809900299279.03,18982226926372.39,20031293961271.133,0.0001141192777845,0.0001691065486046,0.000178452349085,7.3979083409303e-05,0.0001096251896011,0.0001156837080801
129,129,0.02,1790,100000.0,17.15,2.43,0.81,1.2817699952141,,1531.0,0.2799401791937307,1790.0,0.2067641267781255,0.0003284857062044,0.0005264810754541,-8.77610022055701e-06,-1.4060343339265145e-05,1525673976605.8328,2242642685600.6816,2373862099433.9546,8.657207746297372,2.4235002878158403,13208076568596.332,19415023629959.363,20551017355861.37,0.0001154295791511,0.000169674062319,0.0001796018725508,7.485508944817325e-05,0.0001100321703096,0.0001164702698712
130,130,0.02,1800,100000.0,17.15,2.43,0.81,1.28257035434233,,1544.0,0.287772783941939,1800.0,0.1920742576830889,0.0003686765006728,0.0003512068141184,-3.4247699375989327e-06,-3.3555469727436054e-07,1568361672483.5676,2285314467073.735,2428060872143.993,9.371375538360237,2.696826828039312,14697706212814.25,21416540094195.555,22754270262859.832,0.000119077905707,0.0001735125675382,0.0001843505925048,7.725691223331171e-05,0.0001125737400408,0.0001196053748236
131,131,0.02,1810,100000.0,17.15,2.43,0.81,1.28337129179016,,1566.0,0.2973277059169524,1810.0,0.2127538093641305,0.0003600195100907,0.0004009340573265,-7.281314649385095e-06,2.8928351077150026e-06,1620435997247.3906,2340382145540.5835,2496053218376.8315,8.507485743308898,2.5295112191792133,13785836144526.713,19910767737081.203,21235137169881.188,0.0001234708024423,0.0001783278463466,0.0001901893652914,8.013787905637768e-05,0.0001157424678565,0.0001234411055249
132,132,0.02,1820,100000.0,17.15,2.43,0.81,1.28418710389317,,1544.0,0.2958836895357296,1820.0,0.1817008035270646,0.0003633885991956,0.0004159151732301,-7.412520488535452e-06,-8.801129746216174e-06,1612566107969.7266,2309818629763.229,2471365508515.748,10.01646643642337,2.9637090453197485,16152214296992.63,23136220779248.8,24754349668182.36,0.0001232960760224,0.0001766076888047,0.0001889594901636,8.00582903710445e-05,0.0001146744494083,0.0001226946892384
133,133,0.02,1830,100000.0,17.15,2.43,0.81,1.28505838495462,,1592.0,0.3052204333572784,1830.0,0.2126734829084853,0.0003788353239087,0.0004518731245244,2.0522887426499842e-07,7.983734937536972e-06,1663451361797.1672,2362116017216.2866,2536388797334.649,8.604739880935039,2.6263424353856486,14313566272851.787,20325393896736.41,21824965837982.32,0.000127607566277,0.0001812039012041,0.0001945728074733,8.290106709512183e-05,0.0001177202669864,0.0001264054619787
134,134,0.02,1840,100000.0,17.15,2.43,0.81,1.28585885107582,,1644.0,0.3210194620310753,1840.0,0.2121268201726707,0.0003739925849077,0.0004360676006896,5.675313733087561e-06,-7.538171351373976e-07,1749556068069.3604,2461664417845.269,2654046342183.038,8.674056389956936,2.7845409159311867,15175747991824.969,21352615973540.37,23021347633654.613,0.0001365606427303,0.0001921438707925,0.0002071601367566,8.752068854085304e-05,0.0001231435612372,0.0001327673731219
135,135,0.02,1850,100000.0,17.15,2.43,0.81,1.28689382385114,,1621.0,0.3218430571762396,1850.0,0.1953913342899795,0.0003889117850032,0.0003936642214598,9.470916410834347e-06,-1.694528799464882e-06,1754044661610.506,2446608744403.759,2647187739855.82,9.468178344360052,3.047267464238706,16607607680100.947,23164927930885.605,25064045631958.297,0.0001376706760849,0.0001920283373219,0.0002077712921717,8.807036721548602e-05,0.0001228439248259,0.0001329149715739
136,136,0.02,1860,100000.0,17.15,2.43,0.81,1.28769614424958,,1666.0,0.3341820331415915,1860.0,0.1870422007532397,0.0003294132982404,0.0004002946452975,-2.590675406736177e-06,1.0633066390597004e-05,1821292080621.674,2518726256887.6406,2734485190416.513,9.944279913888808,3.323199679752453,18111438254650.87,25046918924952.11,27192486153885.348,0.0001437757330371,0.0001988323112789,0.000215864669327,9.17804918676514e-05,0.0001269263382829,0.0001377990924418
137,137,0.02,1870,100000.0,17.15,2.43,0.81,1.28835108195056,,1637.0,0.3302219997773399,1870.0,0.190072423996753,0.0004078802672231,0.0005121594784071,2.053211019256793e-06,4.293324526596941e-06,1799709898786.5024,2467454679088.976,2688058180022.145,9.838355089489175,3.248841292170685,17706185042330.24,24275695300098.902,26446070876263.887,0.0001428897494309,0.0001959060074431,0.0002134210408344,9.101947618883023e-05,0.0001247903523572,0.0001359472699881
138,138,0.02,1880,100000.0,17.15,2.43,0.81,1.2891523913895,,1651.0,0.3338454893008742,1880.0,0.1981343467659826,0.0003553561119792,0.0003864495365516,1.20226145804275e-05,-6.645292243920377e-06,1819457916689.765,2472869848170.3467,2703376511509.0684,9.48851135951949,3.167696717555687,17263947110678.498,23463853644977.57,25651018738511.965,0.0001452520852713,0.0001974156691157,0.0002158176190656,9.234373863451764e-05,0.0001255066384564,0.0001372056433509
139,139,0.02,1890,100000.0,17.15,2.43,0.81,1.28995378710095,,1708.0,0.3506222967632971,1890.0,0.2204243155106269,0.0003567992347508,0.0003794877626255,-2.458756268390875e-06,-1.590635143331991e-06,1910891517359.9688,2574391084553.0034,2824339963362.2607,8.574371641448426,3.0063658782267293,16384694036335.676,22073785909388.934,24216940487662.85,0.0001534207768532,0.0002066915241017,0.0002267593044085,9.732216521566256e-05,0.000131114357976,0.0001438443145738
140,140,0.02,1900,100000.0,17.15,2.43,0.81,1.29084637328192,,1610.0,0.336360251487562,1900.0,0.2058114439034852,0.0003250243799033,0.0004426409154167,4.130123544967296e-06,2.106922680540796e-06,1833163370607.213,2446550548963.4727,2695171813314.624,9.231750985095852,3.1051940830173894,16923307752444.771,22585945440480.336,24881155042569.85,0.0001480147104087,0.0001975412976341,0.0002176156701829,9.368408690978474e-05,0.0001250313299585,0.0001377371566789
141,141,0.02,1910,100000.0,17.15,2.43,0.81,1.29164824012589,,1717.0,0.363683215455017,1910.0,0.1900368152432747,0.000339414965024,0.000407108099391,1.7441662357285294e-06,-2.365281181475389e-06,1982073524229.8428,2619546032130.71,2898659436732.241,10.050684113785648,3.655265116024223,19921194882332.01,26328229690466.355,29133510352039.6,0.0001609410910967,0.0002127028041268,0.0002353663508253,0.0001016359355456,0.0001343239836594,0.0001486362438521
142,142,0.02,1920,100000.0,17.15,2.43,0.81,1.29245061579877,,1670.0,0.3576530183800141,1920.0,0.1997408448464739,0.0004104802487908,0.0005065451341447,2.534308673757596e-06,-8.261173871926815e-07,1949208950171.077,2552822853702.6924,2835408670422.229,9.61245558701708,3.4379237547404893,18736684463335.668,24538896302739.33,27255239915476.83,0.0001591251786077,0.0002084016659752,0.0002314707774491,0.0001002829100108,0.0001313376405792,0.0001458761168292
143,143,0.02,1930,100000.0,17.15,2.43,0.81,1.29326685540874,,1699.0,0.3672095754705801,1930.0,0.2418798758003504,0.0004077504793137,0.0003663111700867,-3.784640118331891e-06,4.351049504805291e-06,2001292186314.6616,2597210118254.524,2895577162264.644,7.979167318545497,2.930026643651819,15968645207902.416,20723574094972.184,23104294661468.76,0.0001642836515478,0.0002132018327865,0.000237694422038,0.0001032994309974,0.0001340585493867,0.0001494591720871
144,144,0.02,1940,100000.0,17.15,2.43,0.81,1.29414859932067,,1676.0,0.3651208863241572,1940.0,0.2267050733453288,0.000402037585497,0.0004173293567271,-8.356645555884638e-07,1.5016728821013196e-06,1989908830466.657,2558747930520.996,2863601640120.741,8.557373557515813,3.12447581792708,17028393207702.586,21896161880988.68,24504908954428.145,0.000164251240402,0.0002112044104883,0.000236367673838,0.0001030426859884,0.0001324986629998,0.0001482847857556
145,145,0.02,1950,100000.0,17.15,2.43,0.81,1.29519742122294,,1681.0,0.3686409690961978,1950.0,0.2308761411477462,0.0003849208162202,0.0004494938400113,3.111031958869035e-07,-4.605810567310833e-06,2009093281574.278,2559499035899.532,2875554163454.56,8.446087111063253,3.1135737376932635,16968976870428.283,21617751817889.863,24287180957117.84,0.0001667146911671,0.0002123873964569,0.0002386136714961,0.0001043652292174,0.0001329568447684,0.0001493747812252
146,146,0.02,1960,100000.0,17.15,2.43,0.81,1.29600119569745,,1687.0,0.3718935860800466,1960.0,0.2121062666765283,0.0003471247611118,0.0004018837429284,2.1356193439715374e-06,-7.072253795440563e-06,2026820044136.2544,2557953836135.991,2885132715546.7065,9.240651069442888,3.4365388639295342,18729136808415.96,23637158851475.586,26660504713401.34,0.0001691054325188,0.0002134199782927,0.0002407177771644,0.0001056130500826,0.0001332892416307,0.0001503377997783
147,147,0.02,1970,100000.0,17.15,2.43,0.81,1.29690183422233,,1721.0,0.3813718472650325,1970.0,0.2257582802440083,0.0003301486670555,0.0004452290955175,1.8220768013694848e-06,-3.062547718735763e-07,2078476567594.4272,2598403669225.1177,2942468875750.032,8.726147266318415,3.327906902462568,18137092618420.992,22674053075000.5,25676416736353.164,0.0001743591506412,0.0002179747724139,0.0002468376992855,0.0001086364788314,0.0001358116947808,0.000153795074102
148,148,0.02,1980,100000.0,17.15,2.43,0.81,1.29770587029687,,1776.0,0.3975438479274953,1980.0,0.2076827898663396,0.0003799815762585,0.000477491567797,-4.474366626304285e-06,-2.6631663883216733e-06,2166613971204.8496,2682795793595.2817,3050361193374.3345,9.533770233317298,3.7900917038095736,20655999785762.18,25577158679047.555,29081442746258.465,0.0001827372790361,0.0002262732586638,0.0002572745823496,0.0001135839565507,0.0001406446025475,0.0001599140861533
149,149,0.02,1990,100000.0,17.15,2.43,0.81,1.29851063884867,,1850.0,0.4193988270521101,1990.0,0.2280850757101689,0.0004061271535033,0.0004184592366277,-3.0990680602236348e-06,6.4381421815930415e-06,2285723607434.0,2803071877628.645,3200244214601.206,8.72481460614601,3.659177012064754,19942514715752.91,24456282460011.523,27921537466786.867,0.0001937714919078,0.0002376295269849,0.0002712996855419,0.0001201835890882,0.0001473858158659,0.0001682691793613
150,150,0.02,2000,100000.0,17.15,2.43,0.81,1.29941365924252,,1747.0,0.4006878736078302,2000.0,0.2437148802519004,0.0004064444811075,0.0004446626637928,8.422913279662435e-06,-1.234044774388879e-06,2183748911162.675,2652019745985.139,3040851172507.7905,8.20631057870913,3.288169135948405,17920521790918.81,21763297696423.35,24954169145230.742,0.000186119881609,0.0002260303822589,0.0002591702999025,0.0001151565872586,0.0001398501181748,0.0001603545359988
151,151,0.02,2010,100000.0,17.15,2.43,0.81,1.30021834112426,,1795.0,0.4161833609599975,2010.0,0.2648072919657807,0.0003674213961634,0.0003926288660994,2.92059681529107e-06,6.295493990692828e-06,2268199317231.9863,2727577393329.3696,3142246380341.596,7.590425418722,3.1590087618799183,17216597752245.557,20703472777858.742,23850986797232.05,0.0001943425730341,0.0002337027459369,0.0002692321799161,0.0001199496190946,0.0001442429979126,0.000166172017406
152,152,0.02,2020,100000.0,17.15,2.43,0.81,1.30109146940227,,1756.0,0.4113129807409036,2020.0,0.2534926621628983,0.0003721857844792,0.0004098642103797,-1.103608007551447e-06,3.296862389723397e-06,2241655745037.925,2668971817558.081,3089462638234.1914,7.968672476609664,3.27761842890232,17863020437517.64,21268162263421.95,24618915892810.684,0.0001930891393529,0.0002298967949696,0.0002661165449691,0.0001188772144434,0.0001415382071049,0.0001638372499315
153,153,0.02,2030,100000.0,17.15,2.43,0.81,1.30192977717907,,1733.0,0.4098614572161789,2030.0,0.2475119629762048,0.0003846161946568,0.000466730054445,-9.74911343203138e-07,2.587342336926083e-06,2233744941828.175,2632960989400.8506,3061945010997.752,8.201623774424023,3.3615294717242867,18320335620897.363,21594555447801.01,25112920998178.188,0.0001933747714469,0.0002279348102909,0.0002650718556077,0.0001187827336882,0.0001400116450894,0.0001628235131052
154,154,0.02,2040,100000.0,17.15,2.43,0.81,1.30273523472302,,1639.0,0.3911889951227056,2040.0,0.2103449666433334,0.000352633334263,0.0004784135125763,-1.3766916109076948e-05,9.106450493951764e-07,2131980023418.7456,2487628194451.223,2905836328542.6274,9.698354244240502,3.793889451148469,20676697508759.16,24125899457748.36,28181830089989.64,0.0001855369080925,0.0002164874148033,0.0002528822418121,0.0001136765000649,0.0001326395479797,0.0001549382733243
155,155,0.02,2050,100000.0,17.15,2.43,0.81,1.30364324447937,,1680.0,0.4044406054481029,2050.0,0.2198907638230594,0.0002591382064274,0.0004419572650941,2.869420806807004e-06,-1.5703757997864854e-06,2204201299692.161,2545656816524.2344,2987096757167.6504,9.322810855528171,3.770523266887961,20549351804539.387,23732677003541.426,27848138074235.57,0.0001928202312647,0.000222690248913,0.0002613067543366,0.0001178339195815,0.0001360877160549,0.0001596865581721
156,156,0.02,2060,100000.0,17.15,2.43,0.81,1.30444932808101,,1771.0,0.4297690040899752,2060.0,0.2394894549884156,0.0003926768860131,0.0004543604536811,2.938924293267403e-06,8.449921831381814e-06,2342241072290.3647,2677196629913.837,3155914977834.9634,8.601631333202725,3.696714531619661,20147094197327.15,23028258417011.6,27146017158269.004,0.0002059570797689,0.0002354102685617,0.0002775047541106,0.0001255314478197,0.0001434832532941,0.0001691399664409
157,157,0.02,2070,100000.0,17.15,2.43,0.81,1.30525570824403,,1800.0,0.4399783399832597,2070.0,0.2746329906804021,0.0003639597036003,0.0004031681807698,-2.342061744217051e-06,-2.5530811285366465e-06,2397881952908.7656,2712248831695.5728,3212200506019.004,7.537331894728244,3.316262774945411,18073632123452.49,20443119625578.457,24211421326279.246,0.0002118891205079,0.0002396681866884,0.0002838464751318,0.0001288324962341,0.0001457226812069,0.0001725838960058
158,158,0.02,2080,100000.0,17.15,2.43,0.81,1.30616741790999,,1833.0,0.4508617236491059,2080.0,0.2468337071495625,0.0003403060078511,0.0004176060040488,8.005044697389348e-07,-2.977179492228568e-06,2457196393887.627,2750087964490.4995,3272511390527.716,8.426725928236687,3.799288176723405,20706120563142.55,23174237555303.742,27576556585009.8,0.000218244896916,0.00024425913444,0.0002906600843379,0.0001323442719431,0.0001481193730975,0.000176257029549
159,159,0.02,2090,100000.0,17.15,2.43,0.81,1.30697409968417,,1782.0,0.4401241025167662,2090.0,0.2273430950708643,0.0003910752062143,0.0004367511903038,-3.863690251903907e-06,-7.655561955506296e-09,2398676358716.376,2656037191955.24,3175883303207.833,9.193153631292532,4.046128491271376,22051400277429.0,24417357956071.324,29196383121446.406,0.0002141357479661,0.0002371109835883,0.0002835189266423,0.0001295020790461,0.0001433967267539,0.0001714626856928
160,160,0.02,2100,100000.0,17.15,2.43,0.81,1.30778091275259,,1778.0,0.4441869990210994,2100.0,0.256207605380041,0.0004245596380528,0.0005120425769973,-2.6277363179182453e-06,7.190643572190616e-06,2420819144664.992,2652549862572.372,3186337449756.956,8.196477996369397,3.640768963749797,19842190852436.387,21741566582847.12,26116744795940.664,0.0002172035352824,0.0002379951467805,0.000285888254071,0.000131005922747,0.0001435463459319,0.000172432987697
161,161,0.02,2110,100000.0,17.15,2.43,0.81,1.30869521201282,,1740.0,0.4397581256194431,2110.0,0.2594195432875494,0.0003865054979394,0.0004265497203324,1.1050405064770806e-05,-9.765636159081582e-06,2396681784625.965,2600164184735.284,3135892153012.014,8.13354296002751,3.5767916067469154,19493514256770.684,21148547099669.336,25505913544536.38,0.0002160780493693,0.0002344234469013,0.0002827231649199,0.0001299993916623,0.0001410365633043,0.0001700952019685
162,162,0.02,2120,100000.0,17.15,2.43,0.81,1.30950266291593,,1805.0,0.4614610581292871,2120.0,0.2152721331767679,0.0003579240484218,0.0003642217966545,-3.202071326313749e-06,2.626877896157971e-06,2514962766804.6147,2699596216886.469,3271057826584.7275,9.848000150856446,4.544468570071595,24767353706890.19,26585623951149.44,32213377969666.56,0.0002278848733747,0.0002446148110692,0.0002963958784804,0.000136723627541,0.0001467610544938,0.0001778280369993
163,163,0.02,2130,100000.0,17.15,2.43,0.81,1.31031008129603,,1747.0,0.4516302850810372,2130.0,0.2388115861631377,0.0003587593422173,0.0004177414911437,-1.4074598001981686e-06,-2.8977268248153955e-06,2461385053691.653,2612783744789.239,3182193262236.1865,8.919165247472323,4.028165143400805,21953500031534.387,23303849975684.773,28382507555277.57,0.0002241409371024,0.0002379277456506,0.0002897798452009,0.0001341098457346,0.000142358882218,0.0001733834561384
164,164,0.02,2140,100000.0,17.15,2.43,0.81,1.3112278617373,,1838.0,0.4801264438744102,2140.0,0.2172641107899835,0.0003773443472233,0.0004573924921758,3.8106502125276977e-07,-1.9152631488356982e-06,2616689119115.536,2746489469875.935,3362588104356.095,9.849763001440271,4.729131682887255,25773767671735.54,27052270364229.293,33120695899369.848,0.0002394200252928,0.0002512964087099,0.000307667778764,0.0001428822907083,0.0001499699387272,0.0001836115293746
165,165,0.02,2150,100000.0,17.15,2.43,0.81,1.3120355962641,,1820.0,0.4798464740110423,2150.0,0.2492092015600064,0.0003465446772742,0.0004509957906079,-1.14901140344827e-06,3.4004403020301048e-06,2615163283360.1807,2714389146021.493,3340249570254.3345,8.62728978922677,4.139774585631934,22561771491694.043,23417821763459.203,28817301010924.324,0.0002404616071035,0.0002495853243694,0.0003071325545524,0.0001463839151955,0.0001519380885649,0.0001869706618073
166,166,0.02,2160,100000.0,17.15,2.43,0.81,1.31284381804785,,1845.0,0.4901351312487704,2160.0,0.2479011683462886,0.0003968975749031,0.0004852431328883,-3.217165605830056e-07,3.670636332584717e-08,2671236465305.799,2743680760494.7275,3391055050924.536,8.713149737893675,4.270620790372705,23274883307531.24,23906101299168.55,29546770428146.137,0.0002468338410328,0.0002535280082751,0.000313348201945,0.0001497690847741,0.0001538308426635,0.000190127387819
167,167,0.02,2170,100000.0,17.15,2.43,0.81,1.31376464441493,,1924.0,0.5137904308670449,2170.0,0.2072531393282588,0.0003697432656448,0.0004048261114564,1.939579630941455e-06,1.7904899520555228e-06,2800157848225.3945,2844192303566.988,3532897705328.021,10.47028772173644,5.379533639852896,29318458337198.28,29779511754294.71,36990455466246.82,0.0002600127855436,0.0002641016698187,0.000328052425325,0.0001572945651177,0.0001597681329944,0.0001984551008497
168,168,0.02,2180,100000.0,17.15,2.43,0.81,1.31457355675456,,1930.0,0.516409190764554,2180.0,0.2588243700165549,0.000267480048041,0.0004014799993869,2.9052177753320182e-06,-2.662056854655344e-06,2814430089666.82,2825184303792.452,3528974395979.4287,8.422699917556308,4.349559648477929,23705100084204.71,23795679602634.062,29723492354074.254,0.0002625620386074,0.0002635653139756,0.0003292228558114,0.0001584567795325,0.0001590622584687,0.0001986867323131
169,169,0.02,2190,100000.0,17.15,2.43,0.81,1.315382107129,,1854.0,0.4948818432964616,2190.0,0.2412952217800921,0.0003611871628231,0.000402747159581,-3.555893736386069e-06,-2.1886560788098605e-06,2697106045965.716,2677736211616.7603,3360847339887.5337,9.076018927535532,4.491556976652358,24478985522755.355,24303184539581.008,30503114069376.7,0.000252827704162,0.0002510119688276,0.0003150470550662,0.0001521914278439,0.0001510984330946,0.0001896448069545
170,170,0.02,2200,100000.0,17.15,2.43,0.81,1.31630553599908,,1968.0,0.5331546269306221,2200.0,0.2505829850811096,0.0002870477566243,0.0003559556501685,5.50138307522401e-06,-6.102868888910258e-06,2905692716771.8906,2852945704755.285,3598124408297.612,8.779526667734027,4.680845265163184,25510606695139.35,25047512896496.28,31589829196473.6,0.000273696135985,0.0002687277326537,0.0003389184071874,0.0001643231115418,0.0001613401556741,0.0002034815984062
171,171,0.02,2210,100000.0,17.15,2.43,0.81,1.31711516242917,,1934.0,0.5317911138241237,2210.0,0.2398297404065488,0.0003723146763968,0.0004535083934985,-2.042574661340738e-06,2.1989816623612665e-06,2898261570341.474,2811146284043.408,3566338709452.869,9.214870500437955,4.900386247172962,26707105047092.645,25904348965247.383,32863349368307.223,0.0002743089006163,0.0002660637861464,0.0003375397378299,0.000164252123543,0.0001593150706165,0.0002021138161909
172,172,0.02,2220,100000.0,17.15,2.43,0.81,1.31795480027411,,1953.0,0.54352639621797,2220.0,0.2943020858697309,0.000382377328707,0.0004150298826385,8.651093762404654e-06,8.706425646902735e-06,2962218859387.937,2839334698975.7886,3621956706035.6855,7.543269676255896,4.099966182835661,22344815696454.35,21417867335525.227,27321396189350.68,0.0002816413463759,0.0002699577868452,0.0003443677903712,0.0001680672479965,0.0001610951761668,0.0002054987578033
173,173,0.02,2230,100000.0,17.15,2.43,0.81,1.31885197962638,,1943.0,0.5447717648420805,2230.0,0.2623053949341738,0.0003877276006595,0.0004460896917407,1.7783229515287217e-06,-4.54032834189582e-06,2969006118389.3384,2813708696634.094,3608421748200.732,8.50154073483553,4.631399349993189,25241126457462.883,23920859100395.74,30677144480794.96,0.0002836324806904,0.0002687967440092,0.0003447165721486,0.0001684771894266,0.0001596647882057,0.0002047610311872
174,174,0.02,2240,100000.0,17.15,2.43,0.81,1.31966185534058,,2022.0,0.5678457989207839,2240.0,0.2648080206090526,0.0003954894813179,0.0004389269879698,1.4810299520932595e-06,4.587144550706024e-06,3094759604118.2725,2899391859023.381,3739152873881.346,8.458958285508308,4.803383925672049,26178442394912.668,24525834788821.16,31629338183300.816,0.0002970493652938,0.0002782970639512,0.0003589012168975,0.0001752441776541,0.0001641812634995,0.0002117336576431
175,175,0.02,2250,100000.0,17.15,2.43,0.81,1.32059219216227,,1970.0,0.5502327584211137,2250.0,0.2560596734374485,0.0003975892912106,0.0004690127686992,9.73097934019381e-07,-4.777617619509869e-06,2998768533395.07,2777006786433.27,3601755032511.986,8.78701425255719,4.834903090470185,26350221843062.504,24401598211837.188,31648672804902.406,0.0002891855399991,0.0002677999979567,0.0003473344015792,0.0001691715389307,0.0001566611448834,0.0002031882204032
176,176,0.02,2260,100000.0,17.15,2.43,0.81,1.32140264665985,,1974.0,0.5582650185135692,2260.0,0.2361670847913046,0.00036440653245,0.0003535965502273,6.606231049017692e-07,7.645981522103262e-06,3042544350898.952,2784617802292.861,3630923618025.119,9.569496113300923,5.342314924857469,29115616340473.207,26647389236070.09,34746109450383.902,0.0002947220988514,0.0002697375316643,0.000351716624659,0.0001711785322969,0.000156667161898,0.0002042817142935
177,177,0.02,2270,100000.0,17.15,2.43,0.81,1.32221884773407,,1942.0,0.5573780931298745,2270.0,0.2179763554822784,0.0003561672676191,0.000426741811973,-5.164386964826136e-07,1.7585298087960037e-07,3037710607557.816,2747318598154.4272,3601485001963.4893,10.413973547624304,5.8045207178797895,31634637912444.85,28610503208076.49,37505769542613.445,0.0002956332129176,0.0002673719550704,0.0003505003339542,0.0001708191218429,0.0001544895518328,0.0002025217622229
178,178,0.02,2280,100000.0,17.15,2.43,0.81,1.32314625583204,,1899.0,0.5502074963306531,2280.0,0.2541501174900986,0.0003806216349453,0.0004369400475382,4.658904306335545e-06,1.2603308706816233e-06,2998630855002.06,2679522391166.177,3531786773730.515,8.971075923617567,4.935953223325823,26900945067125.74,24038198810185.06,31683927293164.79,0.0002931812478489,0.0002619814696333,0.0003453088104297,0.000168722125913,0.000150767045405,0.0001987208834796
179,179,0.02,2290,100000.0,17.15,2.43,0.81,1.32395837186324,,1989.0,0.5775561682577519,2290.0,0.2743821357271372,0.0003918996543848,0.0004866945773499,-6.769375310939332e-06,-2.0203600483689274e-06,3147681117004.748,2778645639557.683,3682811144778.961,8.346024401083165,4.820297873275291,26270623409350.34,23190644309711.76,30736831678906.234,0.0003091732376768,0.0002729256353503,0.0003617350687884,0.0001772802143012,0.0001564958063213,0.0002074192158317
180,180,0.02,2300,100000.0,17.15,2.43,0.81,1.32489377407417,,1952.0,0.5623996461068859,2300.0,0.2459989954795673,0.0003799463575123,0.0003652035090964,1.649783996407545e-06,-6.989851788128853e-06,3065078071282.528,2672555603058.903,3562281599720.035,9.349631674374203,5.258229544897783,28657351019692.92,24987410517885.77,33306020877782.848,0.0003023857229051,0.0002636613617143,0.0003514374093161,0.0001728586695738,0.0001507219050096,0.000200899045197
181,181,0.02,2310,100000.0,17.15,2.43,0.81,1.3257059739536,,1961.0,0.5742458178647357,2310.0,0.2475323954795385,0.0002980780471716,0.0004769269159132,1.5340425544440213e-06,-4.407893416698572e-06,3129639707362.8096,2694979159235.8496,3613331301834.3247,9.332111845501649,5.358926199125281,29206147785232.78,25149846935284.94,33720011843569.992,0.0003101669712258,0.0002670893781703,0.000358103849235,0.0001767459031661,0.000152198518057,0.000204062308795
182,182,0.02,2320,100000.0,17.15,2.43,0.81,1.32634611282785,,2000.0,0.594187469130868,2320.0,0.2682124314724206,0.0003824304093736,0.0003516240576684,-4.62133666665191e-06,-5.4683926445903405e-06,3238321706763.2305,2753520511665.3687,3715679795122.6406,8.649860065261583,5.139638460513944,28011029609801.0,23817567112732.914,32140110275130.67,0.0003223996049575,0.0002741339513456,0.0003699242405701,0.0001829229578134,0.0001555380107362,0.0002098874663971
183,183,0.02,2330,100000.0,17.15,2.43,0.81,1.32745767815731,,2026.0,0.6056654002238057,2330.0,0.2662836544900528,0.0002910378908265,0.0004884190832839,-2.2202231962771706e-06,-5.419036319694012e-06,3300876431219.7407,2770987017785.847,3763878332938.861,8.750067684259749,5.29961324597257,28882892190550.504,24246323957831.24,32934190168533.785,0.0003301178365018,0.0002771240482177,0.0003764222617891,0.0001861620438108,0.0001562774667132,0.0002122743149329
184,184,0.02,2340,100000.0,17.15,2.43,0.81,1.32809735468001,,1999.0,0.5944593210467269,2340.0,0.2565468662969579,0.0003692057292823,0.0004275794425205,5.055588068261016e-06,4.180464423571129e-06,3239803299704.6616,2684655590942.6777,3670315197103.104,9.12114045194146,5.422146960232957,29550700933269.61,24487120710078.062,33477460415672.613,0.0003254127117608,0.0002696524989872,0.0003686542394148,0.0001823084407014,0.0001510694722268,0.0002065339709134
185,185,0.02,2350,100000.0,17.15,2.43,0.81,1.32890918261099,,2062.0,0.6184442012556453,2350.0,0.2266523150274224,0.0003720149060567,0.000382048945856,-3.473369216859872e-06,1.32524661688439e-06,3370520896843.2666,2756497384991.89,3792139210334.66,10.368303538905728,6.4122172004946325,34946583742695.75,28580201591795.8,39318050394536.02,0.0003400651686667,0.0002781139108304,0.0003826039059357,0.0001894370540539,0.0001549264223845,0.0002131337269681
186,186,0.02,2360,100000.0,17.15,2.43,0.81,1.32985216725563,,2048.0,0.6244358884135249,2360.0,0.3069479512278121,0.0003498932601582,0.0004240467137205,-5.917717752665812e-06,6.030687283076325e-07,3403175591853.711,2749609486664.2715,3802360615373.2793,7.688599941976623,4.801037735424349,26165655658062.703,21140647339625.293,29234829606733.195,0.0003448981428685,0.0002786618497835,0.0003853539376275,0.0001913541185318,0.0001546053341728,0.0002137995364202
187,187,0.02,2370,100000.0,17.15,2.43,0.81,1.33066499138617,,2119.0,0.6501554757863537,2370.0,0.2349324264569077,0.0002896406898506,0.0004096385115568,4.925063882877147e-06,1.2764224171667296e-06,3543347343035.628,2827645955763.567,3932620554158.514,10.088007159091406,6.558773094255215,35745313363690.93,28525312645118.723,39672304304341.11,0.0003606390671599,0.0002877955506533,0.0004002589841871,0.0001993466786144,0.0001590817312016,0.000221246965038
188,188,0.02,2380,100000.0,17.15,2.43,0.81,1.33157712394971,,2096.0,0.6377097970476993,2380.0,0.2862440656317631,0.000394716104048,0.0004050804643944,1.4821964969886617e-06,4.798008548970356e-06,3475518393909.961,2735904061910.8574,3832514939839.92,8.314582853437166,5.302290944001696,28897485644809.24,22747901001813.11,31865763004334.77,0.0003552943096161,0.0002796852252475,0.0003917892513618,0.0001957123369866,0.0001540633991942,0.0002158154181334
189,189,0.02,2390,100000.0,17.15,2.43,0.81,1.33242460601584,,2124.0,0.6551057849795014,2390.0,0.2811597857730703,0.000353278171795,0.0004022974979233,-4.918480209109987e-06,8.490370427403214e-08,3570326528138.283,2773782584304.0425,3911559375690.947,8.50050441398834,5.568729616847548,30349576411819.137,23578551101320.496,33250227738638.367,0.0003666019138455,0.0002848126063493,0.0004016397777478,0.0002013016614685,0.0001563910298882,0.0002205410051584
190,190,0.02,2400,100000.0,17.15,2.43,0.81,1.33329262758449,,2174.0,0.6796250660539113,2400.0,0.2967734642729738,0.0003838238231553,0.0004351230908093,9.68873662988485e-07,-8.250143227576135e-06,3703956609993.816,2841523124314.8955,4029771829586.877,8.086976394198327,5.49611186608346,29953809670154.85,22979330429903.24,32588669659874.48,0.000381999845417,0.0002930545653014,0.000415602119046,0.0002090493117204,0.000160374031319,0.0002274381468434
191,191,0.02,2410,100000.0,17.15,2.43,0.81,1.33418690330805,,2098.0,0.6557963154522009,2410.0,0.2346199860749038,0.0003224309572917,0.0004452653711162,4.1651668513641484e-06,-6.089969465063989e-07,3574089919214.4946,2704016960863.182,3860631913500.525,10.271929686461547,6.736293640965564,36712800343262.32,27775472092986.06,39656139560786.9,0.000370142174569,0.0002800351251894,0.0003998172189209,0.0002018017107665,0.0001526752994406,0.0002179805607564
192,192,0.02,2420,100000.0,17.15,2.43,0.81,1.3350018813911,,2072.0,0.6442817785400412,2420.0,0.2369709664558286,0.0004154409537913,0.0003630386188784,-2.887824775489428e-06,-1.503628139134874e-05,3511335693043.2246,2618907006741.1484,3765485922487.948,10.212221506262406,6.579548234899601,35858537880202.83,26744858457143.26,38453976319159.76,0.0003652337607904,0.0002724072372594,0.0003916693545987,0.0001984915683372,0.0001480436519149,0.0002128583740333
193,193,0.02,2430,100000.0,17.15,2.43,0.81,1.33595387436252,,2177.0,0.6903166280268586,2430.0,0.252830358861047,0.0003923369614975,0.0004537876205552,4.331174220800247e-06,-2.078333717163423e-06,3762225622746.3794,2769387580271.747,4007405455349.8633,9.61118756049191,6.634762588092463,36159456105103.93,26617103461688.6,38515925462306.02,0.0003930205368541,0.0002893038064955,0.0004186332244221,0.0002130606876626,0.0001568347253523,0.0002269456028627
194,194,0.02,2440,100000.0,17.15,2.43,0.81,1.33684287774441,,2098.0,0.6692587898118711,2440.0,0.2582961102903027,0.000380576695344,0.0004132178493104,7.76226715034458e-06,-8.359702263379974e-07,3647460404474.6978,2649381840485.733,3859108247986.68,9.446522432171545,6.322168170885821,34455816531327.727,25027444987536.406,36455152632784.4,0.0003826851851476,0.0002779685226765,0.0004048909078145,0.0002068389674937,0.0001502402613364,0.0002188410227787
195,195,0.02,2450,100000.0,17.15,2.43,0.81,1.33772361511608,,2157.0,0.6784887266820151,2450.0,0.2493434695111318,0.0003422086365541,0.0004407782622878,3.2884437928746e-06,-5.334135812386809e-06,3697763560416.9824,2649902975286.996,3885918121508.386,9.825803758981628,6.666697081058802,36333499091770.48,26037426615511.56,38182268885411.93,0.0003895529164536,0.0002791626385722,0.0004093746700135,0.0002099105671817,0.0001504267721369,0.0002205915179757
196,196,0.02,2460,100000.0,17.15,2.43,0.81,1.33854070982281,,2107.0,0.6775968045113535,2460.0,0.2837121008969916,0.0003151830202229,0.0004086169834078,1.3554603811346166e-06,1.6524012816394287e-06,3692902584586.877,2610450330896.4785,3854432337437.088,8.670761635553786,5.875280376930883,32020278054273.312,22634592580655.875,33420864038287.4,0.0003907015181883,0.000276180290185,0.0004077910346934,0.0002098776723927,0.0001483589742204,0.0002190578464628
197,197,0.02,2470,100000.0,17.15,2.43,0.81,1.33949736724061,,2203.0,0.7152163979258156,2470.0,0.3137607194621523,0.0003556186507899,0.0004139162814342,-1.2051589929693992e-06,3.3444181675510737e-07,3897929368695.695,2717414471590.33,4040585195062.501,7.872241000192971,5.630355851761936,30685439392102.55,21392141617771.12,31808460437343.73,0.0004141464533947,0.0002887193325899,0.0004293033223262,0.0002218463648349,0.0001546586572639,0.000229965464364
198,198,0.02,2480,100000.0,17.15,2.43,0.81,1.34037504045888,,2178.0,0.6989117020282082,2480.0,0.2873589699347576,0.0004309165186801,0.0004653897133048,2.0003040761246978e-06,8.335674801062632e-06,3809068776053.735,2618364543182.844,3921265287138.0337,8.63032046837815,6.031831967603055,32873484223436.656,22597325110706.496,33841776069528.098,0.0004064345026143,0.0002793842152343,0.000418406072533,0.0002170607449142,0.0001492081638886,0.0002234542913962
199,199,0.02,2490,100000.0,17.15,2.43,0.81,1.34127561580435,,2220.0,0.7251636485369142,2490.0,0.3028657001586907,0.0003621569845969,0.0003954386939884,-3.961955426033815e-06,7.617181419247426e-07,3952141884526.183,2678218796350.4727,4040323492615.5854,8.221465813709937,5.961908145791408,32492399394563.18,22018884275830.785,33217381470868.168,0.0004234010670077,0.0002869230734085,0.0004328481435668,0.0002254553375163,0.0001527826531324,0.0002304857779193
200,200,0.02,2500,100000.0,17.15,2.43,0.81,1.3422067252821,,2173.0,0.71726393677136,2500.0,0.2767447295495913,0.0003850684308578,0.0004044638925793,-2.449559288977516e-06,-1.474853525262606e-05,3909088455403.912,2610968596711.4663,3968387823471.366,9.0335957041307,6.479472417945631,35313124677803.69,23586434698872.86,35848811194435.51,0.0004205488352722,0.0002808940792223,0.0004269283993208,0.0002232616628821,0.0001491215144617,0.0002266484564207
201,201,0.02,2510,100000.0,17.15,2.43,0.81,1.34305723027778,,2219.0,0.7229851588115177,2510.0,0.2865967751899916,0.0003690943616709,0.0004649065745608,-7.935344930437236e-06,-5.191041373017914e-07,3940269115522.772,2593415977482.1323,3970828757348.2144,8.757949206986236,6.3318672982761495,34508676775605.02,22713005403375.08,34776316566495.938,0.0004256781649265,0.0002801738972185,0.0004289796075112,0.000225341083366,0.000148315546185,0.0002270887667334
202,202,0.02,2520,100000.0,17.15,2.43,0.81,1.34388853234001,,2291.0,0.7616142452613283,2520.0,0.3214783355283543,0.0003225531416957,0.0004350808091095,4.632915387619426e-07,2.754910261619161e-06,4150797636674.2393,2691552240256.647,4150646430112.347,7.838786386206532,5.970131377295463,32537216006260.28,21098503058687.5,32536030730321.41,0.0004502924795011,0.000291988634007,0.000450276076105,0.0002376719289912,0.0001541165021561,0.0002376632710034
203,203,0.02,2530,100000.0,17.15,2.43,0.81,1.34484269675661,,2201.0,0.7380161223841958,2530.0,0.2547571689210599,0.0004146752839146,0.0004163288889904,3.274587194816266e-06,-7.054975125038301e-06,4022187866993.866,2568979021435.5903,3990699842848.853,9.931025732131433,7.3292571021253075,39944451206582.92,25512596767182.668,39631742828544.81,0.0004380719691559,0.0002797973977982,0.0004346424871928,0.0002305493988337,0.0001472523384272,0.0002287445241543
204,204,0.02,2540,100000.0,17.15,2.43,0.81,1.34571264364512,,2215.0,0.7323337880267682,2540.0,0.2931718300969805,0.0003771784238852,0.0004366584872459,8.654875250762739e-07,4.354908279168317e-06,3991219144745.887,2510323920767.781,3930407184262.4014,8.66386105090579,6.344838182347415,34579368093793.41,21749097642297.09,34052501717931.32,0.0004364984364443,0.0002745407923357,0.0004298477553603,0.0002290079436747,0.000144037222263,0.0002255186784862
205,205,0.02,2550,100000.0,17.15,2.43,0.81,1.34663252605795,,2202.0,0.7454274585674425,2550.0,0.3467435303077764,0.0003829942272891,0.0003901733318556,4.021277767645627e-06,-1.910776537882563e-06,4062579649192.5615,2515637440170.421,3971662187422.523,7.354138656131723,5.481976888392857,29876774041741.07,18500346543569.547,29208154421620.65,0.0004461349686981,0.0002762564497287,0.0004361508053183,0.0002333340789841,0.000144485522955,0.0002281122386665
206,206,0.02,2560,100000.0,17.15,2.43,0.81,1.34753244663371,,2151.0,0.7298437702033554,2560.0,0.2767776360669813,0.0003924935145633,0.0004317348696204,2.951370679396126e-06,-2.1136361517764183e-06,3977648547608.287,2426600945167.665,3860220204711.791,9.24930220655714,6.750545594183879,36790473488302.13,22444365476572.934,35704343257237.23,0.0004385374895434,0.000267533813981,0.0004255909634543,0.00022872010923,0.0001395327984847,0.0002219678225228
207,207,0.02,2570,100000.0,17.15,2.43,0.81,1.34842556558974,,2189.0,0.7390070711029424,2570.0,0.2940494091626533,0.0003673340576016,0.0004762467987139,-1.711632029783812e-07,-1.0374337192847244e-06,4027588537511.036,2422197346498.547,3879917764201.273,8.740027763764033,6.458942319057656,35201235638864.23,21170072057712.867,33910588980240.395,0.0004458442757562,0.0002681313673506,0.0004294974795621,0.0002319104357408,0.0001394712585074,0.0002234074833996
208,208,0.02,2580,100000.0,17.15,2.43,0.81,1.34924811240484,,2302.0,0.7916495162541657,2580.0,0.3516776039396063,0.0003878544830493,0.0004612025006979,-7.891477921857765e-06,1.3570120902349912e-06,4314489863585.2026,2557385424403.6177,4125482601651.698,7.336264723991534,5.807750419860398,31652239788239.168,18761656474702.38,30265632479938.17,0.0004795511081698,0.0002842507580423,0.0004585431455188,0.0002487425837456,0.0001474405267395,0.0002378457787544
209,209,0.02,2590,100000.0,17.15,2.43,0.81,1.35022318030645,,2202.0,0.7513170744172627,2590.0,0.280463773426618,0.0003943856539021,0.0004035772781838,2.9504264241256784e-06,-3.3163745306128845e-06,4094678055574.0815,2391009127509.966,3886052966280.737,9.234704248453182,6.938190979056512,37813140835857.984,22080262147906.617,35886549837426.81,0.0004569512458593,0.0002668279617708,0.0004336694412397,0.0002363027715429,0.0001379844949827,0.0002242630736365
210,210,0.02,2600,100000.0,17.15,2.43,0.81,1.35104631264484,,2262.0,0.7803170245746548,2600.0,0.2539130214240686,0.0003734307308147,0.0004770370403498,-1.3668129123748483e-06,3.586904853191068e-06,4252727783931.8687,2441876532653.439,4008270700020.0737,10.239726916791929,7.99023324016808,43546771158916.04,25004148858893.96,41043597376783.97,0.0004764391288057,0.0002735668932923,0.0004490522547787,0.0002456562777735,0.000141053537934,0.0002315353604799
211,211,0.02,2610,100000.0,17.15,2.43,0.81,1.35202507217289,,2312.0,0.8050544460352637,2610.0,0.3028773346832167,0.000323282154583,0.0004280237807729,-2.0474775602776945e-06,6.494723513027218e-06,4387546730892.1865,2478676941586.703,4106849817456.405,8.617349999892966,6.937435930455811,37809025820984.17,21359626742316.875,35390162274018.375,0.0004935070264938,0.000278799192831,0.0004619345082753,0.0002536755376067,0.0001433100874534,0.0002374464362916
212,212,0.02,2620,100000.0,17.15,2.43,0.81,1.35284861707109,,2222.0,0.7640462607196871,2620.0,0.3522530584878041,0.0003742231995866,0.0004111056230266,-8.203231460632617e-06,-3.4629670388474e-06,4164052120922.2944,2316365686455.9946,3870304593089.735,7.437834638675568,5.682849743531432,30971531102246.305,17228744938561.906,28786685564707.98,0.0004702504812162,0.000261589443911,0.0004370772854185,0.0002409905793147,0.0001340574739396,0.0002239902188848
213,213,0.02,2630,100000.0,17.15,2.43,0.81,1.35383093621598,,2316.0,0.8146124051412229,2630.0,0.3579785822166741,0.0003466747928901,0.0004353697561,-2.400399040179584e-06,1.345502279722184e-06,4439637608019.665,2431230131375.4976,4094738063687.804,7.346808246779794,5.98480113602066,32617166191312.6,17861781579009.027,30083255374704.684,0.000503361085693,0.0002756501197954,0.0004642567658322,0.0002572450289725,0.0001408722785064,0.0002372605840453
214,214,0.02,2640,100000.0,17.15,2.43,0.81,1.35465559010075,,2266.0,0.7920429264006621,2640.0,0.3315999895153254,0.0003854697969889,0.0004141182974085,1.0751243958067823e-06,-8.309184710236531e-06,4316633948883.609,2326498486764.688,3950457497940.447,7.96139952796346,6.305770180373028,34366447483033.01,18522183954336.09,31451170459342.78,0.0004912759638805,0.0002647787141755,0.0004496014343703,0.0002504283778432,0.0001349711949158,0.0002291847478064
215,215,0.02,2650,100000.0,17.15,2.43,0.81,1.35564133790432,,2403.0,0.8483946277655626,2650.0,0.2866372052549195,0.0003315614221955,0.0004020087260373,-1.6868545732085812e-06,-1.0031865672259515e-05,4623750721322.316,2451989989520.526,4198495533739.108,9.245136191037147,7.843523877436892,42747205132031.06,22668981392177.01,38815663006879.25,0.0005283203617372,0.0002801699997073,0.0004797297287045,0.0002684574893065,0.0001423638764425,0.000243766941123
216,216,0.02,2660,100000.0,17.15,2.43,0.81,1.35646694133815,,2305.0,0.8206600869862721,2660.0,0.3175580269730744,0.0003206747175981,0.0004293016820047,5.63117196294268e-06,-1.5040852543692875e-06,4472597474075.184,2333109484117.9146,4029297511231.811,8.376421863288437,6.87419509496,37464363267532.01,19543109292210.902,33751095766775.832,0.0005130539779663,0.0002676322000349,0.0004622028091125,0.0002597764707224,0.0001355111769181,0.0002340288150287
217,217,0.02,2670,100000.0,17.15,2.43,0.81,1.3574559834824,,2196.0,0.775284853135381,2670.0,0.3186524392772298,0.0003757187852755,0.0004957517508615,5.124845548400892e-06,-1.5724260638549063e-06,4225302449587.826,2167527485767.6565,3776332785563.535,8.379035183462321,6.496139061626776,35403957885865.93,18161789064368.82,31642025274699.137,0.0004865810678598,0.0002496100222939,0.0004348782273735,0.0002455172314371,0.0001259472792111,0.0002194292081002
218,218,0.02,2680,100000.0,17.15,2.43,0.81,1.35828237364387,,2326.0,0.8377374464960476,2680.0,0.3007161401033045,0.000381253194532,0.0005036607222066,3.797528797430802e-06,7.825114418113248e-06,4565669083403.46,2302602039395.313,4049294724296.795,8.912059057020832,7.465965597450606,40689512506105.805,20520925359907.64,36087553722215.92,0.0005277465091837,0.0002661581831997,0.0004680587042919,0.0002654551370049,0.0001338768817165,0.0002354323246332
219,219,0.02,2690,100000.0,17.15,2.43,0.81,1.35927457241784,,2342.0,0.8303066022251899,2690.0,0.3834670444280164,0.0003493747445852,0.00049021829061,8.313783558374322e-06,1.7899918878597663e-06,4525170982127.285,2242998613118.8267,3983993173338.421,7.014944410705314,5.824554658451317,31743822888559.68,15734510584317.686,27947490643598.49,0.0005251145769909,0.0002602843677224,0.0004623146613056,0.0002632796117064,0.0001305002189425,0.000231793269218
220,220,0.02,2700,100000.0,17.15,2.43,0.81,1.36010248136541,,2315.0,0.8398688890156322,2700.0,0.3575538469040111,0.0003905481377115,0.0004272978257942,2.1179593674524604e-06,-7.605388277455465e-07,4577285445135.195,2229201138531.68,4000152962281.722,7.551310168744575,6.342110482035952,34564502127095.934,16833389225571.258,30206395740611.7,0.000533215880981,0.0002596834877819,0.0004659847220384,0.0002664853401528,0.0001297820358356,0.000232885218891
221,221,0.02,2710,100000.0,17.15,2.43,0.81,1.36109770020853,,2305.0,0.8341931105456776,2710.0,0.3743440422799722,0.000387275326454,0.0004169428175435,4.525262110403736e-06,1.2862905089667729e-06,4546352452473.942,2176126145337.535,3941716688516.563,7.239329851477078,6.038999087069841,32912545024530.64,15753694964521.762,28535387289243.33,0.0005316529301827,0.0002544773758106,0.0004609464948674,0.0002648401792148,0.0001267665990153,0.0002296181312631
222,222,0.02,2720,100000.0,17.15,2.43,0.81,1.36192697936982,,2262.0,0.8244158821223188,2720.0,0.3490539803278807,0.0003559993758867,0.0004238460342968,4.323621762866602e-06,-4.711359007720282e-06,4493066557566.638,2116582241165.4893,3863424086243.4897,7.792490999372053,6.424253341177541,35012180709417.6,16493448063712.805,30105697418809.6,0.0005273604739026,0.0002484276160733,0.0004534580404951,0.0002619039228211,0.0001233770265435,0.000225201632503
223,223,0.02,2730,100000.0,17.15,2.43,0.81,1.36276562632542,,2460.0,0.9030571272276536,2730.0,0.3438876828568027,0.0003390809216264,0.0004250998663216,3.048366679614132e-06,1.8814238305231093e-06,4921661343390.712,2278113554257.402,4196802326202.932,7.938638503481357,7.169044081052714,39071290241737.29,18085119977130.58,33316896538294.723,0.0005798754051743,0.0002684097763211,0.000494471740241,0.0002870442869118,0.0001328655986385,0.0002447685947861
224,224,0.02,2740,100000.0,17.15,2.43,0.81,1.36375557594781,,2346.0,0.8566843218696188,2740.0,0.3093028107764439,0.0003676229067746,0.0004486069868558,1.71277351835091e-07,2.6908384071110945e-06,4668929554189.423,2120707817888.83,3950404686284.308,8.858632720219285,7.589051764613074,41360332117141.26,18786571665574.83,34995184212025.77,0.0005521952732314,0.0002508165564186,0.0004672151870786,0.0002723614869673,0.0001237112550103,0.0002304464186044
225,225,0.02,2750,100000.0,17.15,2.43,0.81,1.36458533419973,,2435.0,0.9031308077280517,2750.0,0.325853019792703,0.0003585085458981,0.000439670147007,-9.711858766375646e-07,-1.9872133598241258e-07,4922062902117.882,2197778001547.3853,4132621140860.265,8.439387800516503,7.621871121010734,41539197609508.51,18547900854502.547,34876792440332.71,0.000584257981623,0.0002608803188368,0.0004905497825988,0.0002868134455701,0.0001280666854035,0.0002408118978195
226,226,0.02,2760,100000.0,17.15,2.43,0.81,1.36558889687475,,2440.0,0.8923684887176286,2760.0,0.2974353281251751,0.0003743712530099,0.0004346582539613,1.931354740997657e-06,-9.765091811899258e-06,4863408263511.076,2134743925617.1667,4051793954470.067,9.279328106036074,8.280579998298427,45129160990726.43,19808989308169.16,37597925521581.14,0.000579480848256,0.0002543572642476,0.0004827760431529,0.0002827793113108,0.000124123121976,0.0002355885917731
227,227,0.02,2770,100000.0,17.15,2.43,0.81,1.36641963307448,,2340.0,0.8751032667369444,2770.0,0.3528336831595879,0.0003078023802832,0.000433517751293,1.214565858422454e-06,-2.363514487596158e-06,4769312803716.347,2057311500126.524,3939378572087.1953,7.850724384347168,6.870194554993593,37442560324715.086,16151385560241.152,30926975415059.68,0.0005704128750414,0.0002460557769933,0.0004711522078044,0.0002774420925589,0.0001196786269074,0.0002291628751148
228,228,0.02,2780,100000.0,17.15,2.43,0.81,1.36742666329226,,2351.0,0.8613193457694343,2780.0,0.3417955220643307,0.0003193794201518,0.0004750839501513,2.684005610414289e-06,5.588747537050627e-08,4694190434443.417,1989344801169.8416,3843799247120.751,8.133517909215804,7.005556324369734,38180281967815.055,16180371567920.264,31263610015886.85,0.0005635386407837,0.000238821300703,0.0004614489832526,0.0002732612137593,0.000115805011012,0.0002237576984539
229,229,0.02,2790,100000.0,17.15,2.43,0.81,1.36825915849898,,2379.0,0.896097196726846,2790.0,0.3528289130808844,0.0003115728762412,0.0003791102764687,3.981573929910013e-06,6.705374247947755e-06,4883729722161.311,2032671392559.6643,3964627048521.868,7.907515219310855,7.085902221099327,38618167104991.336,16073379972523.336,31350348725078.145,0.000588401843026,0.0002449004473407,0.0004776664547334,0.0002844852432391,0.0001184064328772,0.0002309460093856
230,230,0.02,2800,100000.0,17.15,2.43,0.81,1.36926953155921,,2383.0,0.8850688281528184,2800.0,0.3448244682504082,0.0003738705731234,0.0004236297774314,-4.866603432100379e-06,6.416139984282347e-06,4823625113432.86,1971113244509.827,3884512196347.762,8.120073422303276,7.186823868392806,39168190082740.8,16005584269094.225,31542524244176.39,0.0005833082453389,0.0002383615187709,0.0004697438005576,0.0002811625736437,0.000114893520897,0.0002264229538556
231,231,0.02,2810,100000.0,17.15,2.43,0.81,1.37010270270469,,2329.0,0.8831912370964742,2810.0,0.3814255163206326,0.0003796996174912,0.0004009078886887,-2.086165478764294e-06,9.25288739937348e-07,4813392242175.784,1930467503819.2368,3845016268804.932,7.367100206368646,6.506558345076416,35460742980666.47,14221947545774.664,28326620147403.62,0.0005842363175158,0.0002343148384278,0.0004666975040994,0.0002807346589626,0.0001125919328939,0.0002242554266553
232,232,0.02,2820,100000.0,17.15,2.43,0.81,1.37100225690137,,2432.0,0.91414228670243,2820.0,0.335083265645153,0.000364011163246,0.0004322948824012,2.65818797591995e-06,8.912886334896958e-06,4982075462528.243,1960376831697.8176,3947412548980.525,8.415818660984186,7.693255715225066,41928243647976.61,16498175922763.549,33220708192313.453,0.0006069526571271,0.0002388273593844,0.0004809024980454,0.0002907424536218,0.0001144030784676,0.0002303619081205
233,233,0.02,2830,100000.0,17.15,2.43,0.81,1.37195092545958,,2609.0,0.99605700030618,2830.0,0.3937702739258384,0.0003444946103405,0.000470064415957,-3.868567305181484e-06,9.310769141813864e-07,5428510651668.682,2094918151969.337,4265883857822.079,7.186931536972733,7.158593468122945,39014334401270.055,15056033333765.07,30658615230844.41,0.0006636858174305,0.0002561231901999,0.0005215438997751,0.0003169674100609,0.0001223209870124,0.0002490823440899
234,234,0.02,2840,100000.0,17.15,2.43,0.81,1.37278537649863,,2493.0,0.9467159329506128,2840.0,0.3554019716571019,0.0003415669115414,0.0004233794829546,3.2211381003440946e-07,-3.627320846851021e-06,5159601834580.84,1952056642207.129,4021063987040.782,7.990951729272007,7.565161321541061,41230129202398.78,15598790400681.965,32132128220756.934,0.0006331321348811,0.0002395358845339,0.0004934227307126,0.0003014243889014,0.0001140393191844,0.0002349109086099
235,235,0.02,2850,100000.0,17.15,2.43,0.81,1.3738045156753,,2555.0,0.9823166201143284,2850.0,0.3447194622967799,0.000358216071354,0.0004249545068485,-1.070213888828884e-06,-8.305425407462726e-06,5353625579623.09,1984905084203.01,4137510440606.3066,8.267592380804842,8.121393403995187,44261594051773.766,16410386150777.598,34207249794257.188,0.0006593271994224,0.0002444515199696,0.0005095562121059,0.0003129164862306,0.0001160166162561,0.0002418352216757
236,236,0.02,2860,100000.0,17.15,2.43,0.81,1.37464021604122,,2524.0,0.9670973012994352,2860.0,0.373413653692296,0.0003650450770285,0.0004231172409654,-4.317516827420849e-06,-9.326053509681936e-07,5270680292081.923,1914312905689.8896,4039182128189.2383,7.659066484903428,7.407062528023057,40368490777725.664,14661849817587.531,30936364464435.094,0.0006514862422783,0.0002366200286035,0.0004992660227418,0.0003082124983674,0.0001119428860456,0.0002361984309616
237,237,0.02,2870,100000.0,17.15,2.43,0.81,1.37566321948265,,2549.0,0.9873647212386168,2870.0,0.3520984536116884,0.0003928405328877,0.0004573064761924,-1.2739291755927431e-06,1.8794373989820768e-06,5381137730750.461,1919489584082.8003,4088889211242.5,8.151129238315763,8.048137448169582,43862349092524.22,15646007671459.88,33329064401992.613,0.0006674650760072,0.000238089475728,0.000507177270816,0.0003148116052436,0.0001122955083941,0.0002392114531651
238,238,0.02,2880,100000.0,17.15,2.43,0.81,1.37649904869742,,2560.0,0.988626022955832,2880.0,0.3292634558429199,0.0004191633277768,0.0004372602836156,-4.770675980931822e-06,5.583918211289508e-06,5388011825109.284,1886955160576.396,4059125990376.252,8.74679515413319,8.647309306840038,47127835722278.21,16504810254596.238,35504343542639.09,0.0006707209428108,0.0002348956137114,0.0005052959977863,0.0003153428980761,0.0001104373799075,0.0002375675100593
239,239,0.02,2890,100000.0,17.15,2.43,0.81,1.37752579557062,,2506.0,0.9784923464650936,2890.0,0.350431922896405,0.0003356899082535,0.0003893671655165,-1.2331408037991927e-06,1.2687920864408778e-06,5332783288234.761,1832984853394.976,3982890957860.58,8.246965562136714,8.069592684111973,43979280128410.25,15116562961866.576,32846764567221.902,0.0006662496668258,0.0002290034081387,0.000497601276904,0.0003122329862252,0.0001073207560757,0.0002331971637261
240,240,0.02,2900,100000.0,17.15,2.43,0.81,1.37836355581004,,2449.0,0.9522022918978694,2900.0,0.3679679775418663,0.0003454042538246,0.0004000636579252,3.2376744539889816e-06,-3.473137380637142e-07,5189502490843.389,1746528566524.56,3842181415996.255,7.88112057840698,7.504421077482589,40899094872280.11,13764602226412.355,30280695023580.96,0.0006506646818935,0.0002189813871678,0.000481736303861,0.0003039560533961,0.0001022964978167,0.0002250416685797
241,241,0.02,2910,100000.0,17.15,2.43,0.81,1.37934440695512,,2518.0,0.9912900097315178,2910.0,0.3891573067689933,0.0003267416835934,0.0003483883971341,3.03832797870348e-06,-5.082015191303247e-06,5402530553036.772,1777294892140.8306,3967828664837.3647,7.477695906985496,7.412565248404983,40398480603807.17,13290070740467.72,29670216166674.09,0.0006797101134022,0.0002236073078767,0.0004992055565925,0.0003165390685827,0.0001041332879531,0.0002324786093357
242,242,0.02,2920,100000.0,17.15,2.43,0.81,1.38023250093147,,2498.0,0.9759922809850102,2920.0,0.371724763012935,0.0003114872942467,0.0004499695968387,1.3968934650816218e-06,4.837401215824729e-06,5319157931368.306,1714922415762.5232,3875510534512.911,7.855274360342768,7.666687140714004,41783444916891.33,13471186082516.43,30443198534997.56,0.0006715951124877,0.0002165255342259,0.0004893206719854,0.0003117528282783,0.0001005106297444,0.0002271414734711
243,243,0.02,2930,100000.0,17.15,2.43,0.81,1.38107949769723,,2489.0,0.9876282337895436,2930.0,0.4081909798460401,0.0003924234636893,0.0003658391457479,2.1251726318550035e-06,3.735854841888656e-06,5382573874153.013,1700417197583.7017,3890147671442.645,7.178012608473431,7.089207914625689,38636183134710.01,12205616083920.867,27923529034438.86,0.0006820304639132,0.0002154612936541,0.0004929238842007,0.0003155620752738,9.96897009212411e-05,0.0002280661819091
244,244,0.02,2940,100000.0,17.15,2.43,0.81,1.38210761710983,,2546.0,0.9977960319193906,2940.0,0.3568855438684295,0.0003702736647482,0.0004106692851608,-2.747432129358595e-07,5.960528447929539e-06,5437988373960.679,1682612625993.572,3894886329567.357,8.237935244258223,8.21977909792975,44797796083717.14,13861253854106.33,32085821366722.484,0.0006914037953934,0.0002139329244173,0.0004952087069152,0.0003188931004451,9.867133216403104e-05,0.000228402911537
245,245,0.02,2950,100000.0,17.15,2.43,0.81,1.38294720866426,,2620.0,1.0479382236189931,2950.0,0.3868811198049116,0.000392675512337,0.0004473250546173,1.0709483617287825e-06,5.159549723443663e-06,5711263318723.513,1730083177012.0337,4053530299229.564,7.625081320813911,7.990614174284096,43548847249848.32,13192024916488.848,30908498168008.57,0.0007286997498533,0.0002207412104745,0.0005171896917075,0.0003349989628898,0.0001014794867034,0.0002377632356457
246,246,0.02,2960,100000.0,17.15,2.43,0.81,1.38358167460871,,2483.0,0.9739604759666244,2960.0,0.363853377817577,0.0003889900930418,0.0005054771849805,6.686594311900482e-07,5.631779747569512e-06,5308084594018.102,1573482211448.4563,3733619278583.831,8.135145034943273,7.923309730290869,43182038030085.234,12800506000036.47,30373534336539.73,0.0006796295106501,0.0002014634330787,0.0004780402042042,0.0003114195880279,9.231450128182536e-05,0.0002190474090974
247,247,0.02,2970,100000.0,17.15,2.43,0.81,1.38442202842275,,2573.0,1.037122899996196,2970.0,0.37391258106436,0.0003402605215183,0.0004731774684776,1.4375842689478213e-06,-6.433623440491237e-07,5652319804979.268,1638821746692.3967,3942716132059.2007,7.943033078870344,8.237901501523723,44896563183304.29,13017215344349.783,31317124657541.965,0.0007262567754321,0.000210569365911,0.0005065927624957,0.0003316777652907,9.616595546735028e-05,0.0002313583309113
248,248,0.02,2980,100000.0,17.15,2.43,0.81,1.38546266886296,,2605.0,1.03085386697078,2980.0,0.3583980872463144,0.0003923464855057,0.0004720560376157,2.410555626792726e-06,2.786726308872172e-06,5618153574990.75,1592434982338.3054,3886050983629.268,8.314776518190374,8.571319526774385,46713691420920.39,13240740997891.443,32311645467171.24,0.0007242705199147,0.0002052905277852,0.0005009745868922,0.0003297251333707,9.345879031735062e-05,0.0002280693579767
249,249,0.02,2990,100000.0,17.15,2.43,0.81,1.38630433603133,,2691.0,1.092287945120019,2990.0,0.3447841396300646,0.0003900600154815,0.0003795028898612,3.328609042223905e-06,-3.2609773383004785e-06,5952969300904.104,1648680963685.7483,4081382185334.22,8.672092640943735,9.47242225066687,51624701266134.445,14297514052443.203,35394124414315.75,0.0007700944959234,0.0002132784618048,0.0005279802058123,0.0003494100733045,9.676947876914918e-05,0.0002395570977234
250,250,0.02,3000,100000.0,17.15,2.43,0.81,1.38719560853008,,2678.0,1.0733757291171258,3000.0,0.3548322754936635,0.0004029552987573,0.0004556779122695,4.59061014609909e-06,5.093688173194125e-06,5849897723688.335,1585012696441.8518,3972730109425.729,8.454698761058937,9.075068447117296,49459123036789.26,13400804880869.61,33588236334183.24,0.0007593761642972,0.0002057507530281,0.0005157007344021,0.0003433723702903,9.303574049058216e-05,0.0002331879664619
251,251,0.02,3010,100000.0,17.15,2.43,0.81,1.38819192301866,,2676.0,1.092258179585112,3010.0,0.3341881264232142,0.000353180214166,0.0004499290968482,7.1819443674186896e-06,2.360314010627473e-06,5952807078738.86,1580684402923.781,4003963011402.924,9.006902884958127,9.837863348824255,53616355251092.2,14237070908902.518,36063305998670.63,0.000775425458103,0.0002059033513165,0.0005215648367698,0.0003494087550912,9.278059277116482e-05,0.0002350184900569
252,252,0.02,3020,100000.0,17.15,2.43,0.81,1.38903383961997,,2658.0,1.0790334056605817,3020.0,0.3887313039003857,0.0003685468997287,0.0004145211109627,-9.255268059011766e-06,7.832581163746907e-07,5880732060850.171,1524907083397.3245,3919415493176.8047,7.768862372796943,8.382862024227434,45686598032039.52,11846793262217.004,30449399548298.65,0.0007685533295918,0.0001992902251176,0.0005122287150928,0.0003451680759774,8.950403428931371e-05,0.0002300490977547
253,253,0.02,3030,100000.0,17.15,2.43,0.81,1.39008454437937,,2630.0,1.076925728079868,3030.0,0.3692542531566687,0.0003908842688353,0.0004510292624664,-2.4410447348133743e-06,-5.1608967280245445e-06,5869245218035.28,1484206669024.523,3877459442446.535,8.20572809682552,8.836959705099254,48161430392790.92,12178996365510.342,31817377891184.95,0.000769677499438,0.0001946349888659,0.0005084799112948,0.0003444756616329,8.711053215859205e-05,0.0002275744763206
254,254,0.02,3040,100000.0,17.15,2.43,0.81,1.39092846385091,,2624.0,1.0782572958540104,3040.0,0.381840725445727,0.0003907654378129,0.0003964844144232,1.5049412404847045e-07,-3.013433472679669e-06,5876502262404.356,1454243431450.1255,3847911076655.417,7.961434696237217,8.584475046683036,46785389004422.55,11577864111922.1,30634892753719.938,0.0007732583666,0.0001913563290252,0.000506326604006,0.000344875275824,8.534542864814846e-05,0.0002258230039998
255,255,0.02,3050,100000.0,17.15,2.43,0.81,1.39198300301531,,2735.0,1.1193803176413937,3050.0,0.346496384439888,0.0004051472882748,0.0004300434237506,2.337454861783968e-06,-2.511786211396451e-06,6100622731145.594,1476694489431.3303,3959011870918.158,8.80240065110731,9.853234036843311,53700125500796.04,12998456535256.92,34848808670311.566,0.0008054792705122,0.0001949713746506,0.0005227174559502,0.0003579925551689,8.665437231130028e-05,0.0002323200168367
256,256,0.02,3060,100000.0,17.15,2.43,0.81,1.39282774789582,,2583.0,1.0729497571936726,3060.0,0.3277453251930637,0.00038117379594,0.0004341901826325,-1.885213401533298e-06,-8.192595875778523e-07,5847576176705.516,1383800182010.7966,3760623177429.3657,9.33651760920604,10.01761430183207,54595997944984.78,12919874766966.328,35111124517657.645,0.0007746003247077,0.0001833053624142,0.000498151686496,0.0003431011703546,8.119320683264371e-05,0.0002206511167103
257,257,0.02,3070,100000.0,17.15,2.43,0.81,1.39387537759758,,2611.0,1.0621398151942745,3070.0,0.366981007326558,0.0003678575298981,0.0004215734453092,-2.9032057160471425e-06,-3.9821497559228506e-06,5788661992808.794,1338535055714.623,3688905687913.157,8.36555554295528,8.885389618391958,48425373420236.16,11197589354773.42,30859745424961.17,0.0007693875337755,0.0001779085022873,0.0004903029496419,0.0003395926288907,7.852533780642988e-05,0.0002164101448391
258,258,0.02,3080,100000.0,17.15,2.43,0.81,1.39473250024411,,2623.0,1.0988390082585977,3080.0,0.4026390077401629,0.0002933405822026,0.0003383707418477,3.3339924286468e-06,-3.254135028983673e-06,5988672595009.356,1352378938302.851,3781366498388.164,7.649532064184979,8.405604227051365,45810543037429.94,10345066051476.098,28925684275855.133,0.0007986529101327,0.000180354053013,0.0005042852669443,0.0003512706377655,7.93249262873697e-05,0.0002217992385526
259,259,0.02,3090,100000.0,17.15,2.43,0.81,1.39557884296765,,2669.0,1.1034628229272343,3090.0,0.3665085986026497,0.0003245183642339,0.0004088331836675,-2.5785194586556632e-06,-5.867613538990487e-06,6013872384953.428,1325526995296.6616,3762132074361.317,8.430907246872053,9.303192710471114,50702400272067.57,11175395150571.162,31718186569422.613,0.0008047068283871,0.0001773666875598,0.0005034049902867,0.0003526825546249,7.773531212521034e-05,0.000220629615311
260,260,0.02,3100,100000.0,17.15,2.43,0.81,1.39664356222928,,2682.0,1.1288961027147826,3100.0,0.3721853190550064,0.0003722674277735,0.0004088511153496,-3.279978173916228e-06,-3.1298463004992293e-06,6152483759795.565,1322785833295.2463,3812887884809.806,8.329183987888145,9.402783342721298,51245169217831.08,11017726582088.045,31758244717770.54,0.0008258878941694,0.0001775661422198,0.0005118287294747,0.0003609659279999,7.760778158909011e-05,0.0002237019498847
261,261,0.02,3110,100000.0,17.15,2.43,0.81,1.39749037919015,,2615.0,1.0981395340221358,3110.0,0.3914264558197828,0.000355678817964,0.0004772043133103,-1.1597877549286866e-06,-1.455487894700876e-06,5984860460420.64,1254361130432.796,3674030547754.776,7.945298417519021,8.725046301881152,47551502345252.266,9966273504625.064,29191269096992.566,0.0008060677627003,0.000168942964788,0.0004948348592764,0.0003511582602105,7.359892100267532e-05,0.0002155716384103
262,262,0.02,3120,100000.0,17.15,2.43,0.81,1.39855963496376,,2648.0,1.1126078139326028,3120.0,0.368907426160149,0.0003307332566456,0.000405272790391,8.269913723699194e-07,-5.372694940644451e-06,6063712585932.685,1238075880882.7625,3687000157729.852,8.457406326771949,9.409776364769504,51283281187993.78,10470910788001.629,31182458460793.625,0.0008194048594953,0.0001673043335815,0.0004982336816577,0.0003558120037045,7.264893473631241e-05,0.0002163491252577
263,263,0.02,3130,100000.0,17.15,2.43,0.81,1.39940786910615,,2730.0,1.1603217595103026,3130.0,0.3809946626570308,0.0003590446037,0.000442493336966,-5.849741230851724e-07,5.263511965935801e-06,6323753589331.149,1256951983124.0264,3808159945237.103,8.215338183930433,9.532435656550335,51951774328199.32,10326285622325.896,31285321808620.8,0.0008573472105721,0.0001704121233269,0.0005162938846905,0.00037110032184,7.376240691315869e-05,0.0002234763517161
264,264,0.02,3140,100000.0,17.15,2.43,0.81,1.4002952084712,,2779.0,1.1552050022114295,3140.0,0.3581564756095758,0.0003817483759433,0.0004331737681148,4.971000800725906e-06,-1.453797524166618e-06,6295867262052.291,1217341489997.199,3754573361162.4346,8.76711776509353,10.127818297212734,55196609719809.4,10672576203139.871,32916786814994.105,0.0008562618787229,0.0001655630698498,0.000510636248545,0.0003694931253845,7.144358244502083e-05,0.0002203491573056
265,265,0.02,3150,100000.0,17.15,2.43,0.81,1.40133109277338,,2659.0,1.1389353568051197,3150.0,0.3689213381740046,0.0003433325584495,0.0004737959794582,1.8993592761073344e-06,-6.529983992940607e-06,6207197694587.9,1167777767980.3,3665419534208.003,8.538405546263842,9.72469196738082,52999571222225.47,9970960170926.604,31296838480265.445,0.0008469850040959,0.0001593456993416,0.0005001541004407,0.0003643170634049,6.854000598549704e-05,0.0002151332930823
266,266,0.02,3160,100000.0,17.15,2.43,0.81,1.40218130528617,,2610.0,1.106014077210836,3160.0,0.3596478861536525,0.0003517224065829,0.0004342460766653,-4.8688733093100215e-08,2.544892584046889e-06,6027776720799.056,1107276116375.111,3525909656386.6387,8.786371675350129,9.7178507605438,52962286644963.7,9728939505709.97,30979952734719.07,0.0008252053132963,0.0001515865926762,0.0004826985997363,0.0003538133618679,6.499396102362627e-05,0.0002069608757842
267,267,0.02,3170,100000.0,17.15,2.43,0.81,1.40326093603049,,2591.0,1.1110653493032814,3170.0,0.4029624538056851,0.0003442433613768,0.0004047158554067,1.3942388360099674e-06,-3.842047530590829e-06,6055306153702.884,1084485765892.5364,3510557187338.313,7.866737881064782,8.740459871702598,47635506300779.16,8531365256022.368,27616633209278.54,0.0008315666863335,0.0001489309065186,0.0004820998861757,0.0003553990130151,6.365081484633138e-05,0.0002060421930525
268,268,0.02,3180,100000.0,17.15,2.43,0.81,1.40411224770544,,2704.0,1.1639095881401005,3180.0,0.3838201746302729,0.0003346892647969,0.000363386259098,-1.382400889371296e-06,4.2086092327318e-06,6343307255363.548,1105860429882.2146,3644573792674.3374,8.285129886836295,9.643142114274868,52555124522798.04,9162197298286.768,30195767254466.46,0.0008739301150382,0.0001523566010279,0.0005021202135848,0.0003722707388927,6.489981688912319e-05,0.0002138897146438
269,269,0.02,3190,100000.0,17.15,2.43,0.81,1.40500559311992,,2652.0,1.126845700318877,3190.0,0.429379868012802,0.0003181823054547,0.0004599452252672,1.3658821366275088e-06,2.6512696381879093e-06,6141309066737.879,1041934236871.763,3494219219418.2173,7.429318972879487,8.371696140886705,45625743967832.54,7740861794484.098,25959669142223.91,0.0008488552779305,0.0001440167506005,0.0004829729939361,0.0003603726812841,6.114081388557748e-05,0.0002050411623014
270,270,0.02,3200,100000.0,17.15,2.43,0.81,1.40604835471862,,2686.0,1.1680587721841362,3200.0,0.3559131531146704,0.0003302340646733,0.000446719420408,-4.282778163341932e-06,-5.404447417286785e-06,6365920308403.542,1050564400846.6154,3584813374336.4414,8.99095740631143,10.501966668775996,57235718344829.17,9445579780599.006,32230904358234.496,0.0008827573977789,0.0001456809780459,0.0004971033837283,0.0003735079624259,6.163981792852539e-05,0.0002103319354089
271,271,0.02,3210,100000.0,17.15,2.43,0.81,1.40690115714451,,2840.0,1.2188361358544022,3210.0,0.3913693775825777,0.0003510570528585,0.000426428550121,7.574205523373261e-06,-6.215711163363185e-06,6642656940406.492,1066759907709.4648,3701830766981.603,8.201970271224656,9.996857751772144,54482874747158.19,8749533049567.389,30362305899887.88,0.0009239424711229,0.0001483780954016,0.0005148961774194,0.0003896980719659,6.258253030594109e-05,0.0002171715814287
272,272,0.02,3220,100000.0,17.15,2.43,0.81,1.40799052369918,,2812.0,1.2252935423590916,3220.0,0.3840198403368049,0.0003450104381344,0.0003930588434788,1.329835390494029e-06,2.0291223691978545e-07,6677849805857.049,1042780915202.434,3685774873168.992,8.38498343516808,10.274066055899402,55993660004651.73,8743700700481.819,30905161257280.723,0.0009318344562053,0.0001455107879495,0.0005143170518184,0.0003917155866103,6.116842243836026e-05,0.0002162036446657
273,273,0.02,3230,100000.0,17.15,2.43,0.81,1.40884523113251,,2670.0,1.166392639146591,3230.0,0.4015473630197448,0.0003839926290291,0.0004220868966458,1.6916449466567137e-07,2.7279501305247146e-06,6356839883348.922,964446744906.9128,3475573946250.0503,8.043882982344913,9.382325900763634,51133676159161.81,7757896758734.659,27957110120122.13,0.0008898609585535,0.0001350078845221,0.0004865275231227,0.000372825343809,5.6564298590765214e-05,0.000203840599295
274,274,0.02,3240,100000.0,17.15,2.43,0.81,1.40993166845321,,2834.0,1.2213874057614251,3240.0,0.4098481075625386,0.0003488236995076,0.0004397194079428,1.8804075308600328e-06,-1.6549200084794407e-06,6656561361399.768,981415645169.9164,3604865742544.14,7.905367720907701,9.655516572229567,52622565318651.14,7758451562120.0625,28497789279314.41,0.0009348059571215,0.0001378238916022,0.0005062448594397,0.0003903408956324,5.755023369044615e-05,0.0002113894015518
275,275,0.02,3250,100000.0,17.15,2.43,0.81,1.41079503857806,,2792.0,1.2327010559371017,3250.0,0.3899859070934326,0.0003790325463473,0.0003722490787459,-3.062488818567954e-06,-5.036255213125663e-06,6718220754857.204,962151077361.3333,3603358096858.469,8.333634474697483,10.272880016753422,55987196091306.15,8018215388165.732,30029069260660.05,0.0009463069821457,0.0001355255082571,0.0005075574397824,0.0003938365119153,5.640336006667292e-05,0.0002112365812068
276,276,0.02,3260,100000.0,17.15,2.43,0.81,1.41165075360548,,2749.0,1.2001888348071923,3260.0,0.3576697940043232,0.0003260542890052,0.0005337246317068,4.939791446759943e-06,8.699977743757856e-06,6541029149699.199,909166266598.4062,3474341470033.2583,9.114552178148418,10.939183758481308,59618551483723.125,8286643375523.568,31667066613323.01,0.0009242515890933,0.0001284657731103,0.0004909266647861,0.000383332306764,5.328103486945347e-05,0.0002036112819119
277,277,0.02,3270,100000.0,17.15,2.43,0.81,1.4127503589355,,2787.0,1.2301025483679875,3270.0,0.3926118141130246,0.0004089515044954,0.0004280747629621,6.828952336263354e-06,5.549602133973864e-07,6704058888605.531,904002438903.4946,3526110891902.135,8.328837499165617,10.245324232666482,55837017068032.32,7529289412476.602,29368404622690.82,0.0009502989561504,0.0001281421581047,0.0004998254871449,0.0003927645535802,5.296196233521168e-05,0.0002065810270083
278,278,0.02,3280,100000.0,17.15,2.43,0.81,1.41360767287236,,2782.0,1.2363097003059311,3280.0,0.3879671373711062,0.0003506189890824,0.0003976704377242,-1.636696903616189e-06,-2.5906211902121905e-06,6737887866667.326,881584089938.1411,3508902939786.709,8.454324307531612,10.452163150933558,56964289172587.9,7453197800697.163,29665403416607.902,0.0009580858013536,0.0001253557815124,0.0004989442020204,0.0003946239277194,5.163252684975818e-05,0.0002055090686407
279,279,0.02,3290,100000.0,17.15,2.43,0.81,1.41459744470657,,2731.0,1.1885773387114789,3290.0,0.4663364028838259,0.000338732630499,0.000449576324663,3.478255762563058e-06,4.81219058380004e-06,6477746495977.56,822050026750.0358,3339779088808.018,7.054992875646483,8.38540465676434,45700455379365.66,5799557082146.503,23562117677773.67,0.0009238352411657,0.0001172381143943,0.0004763084850364,0.0003792724859173,4.81310834543389e-05,0.0001955442866147
280,280,0.02,3300,100000.0,17.15,2.43,0.81,1.4155721082738,,2817.0,1.2618260691595944,3300.0,0.3895393266525389,0.0003484148645611,0.0003892293089299,3.413456048118686e-06,-2.8714684075975163e-06,6876952076919.79,845917329078.1558,3509876810815.428,8.471545166846614,10.68961653759002,58258410129865.62,7166226860703.847,29734079932890.445,0.0009838224284078,0.0001210176298478,0.0005021258675072,0.0004025234466665,4.95134407055568e-05,0.0002054409708635
281,281,0.02,3310,100000.0,17.15,2.43,0.81,1.41643111237549,,2787.0,1.242249608855135,3310.0,0.4428425136320584,0.0003187564245766,0.0004210539359509,-5.831085018564844e-06,-5.97752702534322e-07,6770260368260.485,807785831212.6405,3420252982707.725,7.474440457065415,9.285120734200508,50603908001392.77,6037747097459.976,25564477267349.28,0.0009715658603042,0.0001159212634898,0.0004908232255263,0.0003961150835794,4.726201573356817e-05,0.0002001125100682
282,282,0.02,3320,100000.0,17.15,2.43,0.81,1.41754270316262,,2865.0,1.2736709537103623,3320.0,0.4147231291462958,0.0004225136673314,0.0004914411295908,-2.3332149375944907e-06,-1.6673724623606674e-06,6941506697721.475,802676068353.8966,3470704713169.023,8.005340832651877,10.196170093100225,55569127007396.21,6425695505385.918,27784174158409.3,0.0009992238909576,0.0001155445264444,0.000499604944413,0.000405966927177,4.694368977488912e-05,0.0002029806191797
283,283,0.02,3330,100000.0,17.15,2.43,0.81,1.41840300891481,,2803.0,1.267082257011909,3330.0,0.3999672377585739,0.0003949364493817,0.0004506413158349,-3.8318082515304415e-06,-5.623662735132401e-06,6905598300714.903,773113574211.4991,3416877763957.146,8.32568192000275,10.549323838360328,57493814919063.79,6436697706921.383,28447837422237.44,0.0009969753632473,0.0001116159893634,0.0004933016375337,0.0004036744520887,4.519321641398032e-05,0.0001997374013308
284,284,0.02,3340,100000.0,17.15,2.43,0.81,1.41926341830284,,2823.0,1.258748661398131,3340.0,0.4276394315311336,0.0003600580036799,0.000440468655475,6.850185040779892e-06,-3.787003208100684e-06,6860180204619.813,743189283157.0973,3358768224968.6367,7.810318117862423,9.831227475952891,53580189743943.27,5804544723243.063,26233048321173.152,0.000993465910216,0.0001076259217151,0.0004864043847676,0.0004008285249558,4.342327099953826e-05,0.0001962470479093
285,285,0.02,3350,100000.0,17.15,2.43,0.81,1.42038073524617,,2896.0,1.3084030241953646,3350.0,0.4545962180636707,0.000356090026906,0.0004567075142654,-3.929653077381455e-07,4.095443003400279e-06,7130796481864.737,747039010596.2653,3454220378154.3794,7.369177012226705,9.64185348862838,52548101513024.68,5505062704122.579,25454761405860.29,0.0010358238873951,0.0001085153466319,0.0005017621788981,0.0004164369987102,4.362691941683521e-05,0.0002017257358025
286,286,0.02,3360,100000.0,17.15,2.43,0.81,1.42124346131435,,2817.0,1.2804118669349185,3360.0,0.4536517822798487,0.0003651748934975,0.0004206242579754,-2.860320888266036e-06,3.469812172132882e-06,6978244674795.305,707416705379.9174,3344072894511.405,7.406561885669575,9.483449731599189,51684801037215.59,5239525607352.839,24768082843388.902,0.001016614848735,0.0001030589153071,0.0004871761192455,0.000407329376232,4.129284924321097e-05,0.0001951979601855
287,287,0.02,3370,100000.0,17.15,2.43,0.81,1.42225871849266,,2802.0,1.248821441169542,3370.0,0.4590480480319456,0.0003641533437154,0.0004121467270063,4.398573231685055e-06,4.02170668114754e-06,6806076854374.004,667129643958.0992,3226211974691.0327,7.341279446559106,9.16794717848028,49965312122717.53,4897585143379.889,23684523660042.145,0.0009945573317748,9.74862160447797e-05,0.0004714393977533,0.0003970838559974,3.892204233674147e-05,0.0001882254224549
288,288,0.02,3380,100000.0,17.15,2.43,0.81,1.42323023053009,,2901.0,1.326091072711712,3380.0,0.4100463292097629,0.0003357470550174,0.0004496291334669,-2.746590923327968e-06,3.682631040645102e-06,7227196346278.831,684161225007.0438,3388287472909.567,8.242970999189046,10.930930254646135,59573569887821.44,5639521136502.714,27929555376109.098,0.0010592675647053,0.0001002753709676,0.0004966106977014,0.0004214452693676,3.989603961880525e-05,0.0001975839119758
289,289,0.02,3390,100000.0,17.15,2.43,0.81,1.42409390255334,,2863.0,1.3069638987885526,3390.0,0.4287551706647718,0.0003390098053572,0.0004707627300974,-1.6671743733933195e-06,1.333381618373793e-06,7122953248397.611,651101063587.3822,3306206963637.3486,7.90661018675042,10.333654075876616,56318414713527.55,5148002301964.029,26140889658200.234,0.0010471550797102,9.571925609558576e-05,0.0004860499986189,0.0004151026107053,3.794405801960326e-05,0.0001926750175493
290,290,0.02,3400,100000.0,17.15,2.43,0.81,1.42522230999383,,2941.0,1.322165469987801,3400.0,0.4668852944469108,0.0003522058636759,0.000447731307696,-4.899584473456223e-06,-2.563673954600392e-07,7205801811433.515,636058506921.5255,3311909014763.897,7.282302613595407,9.628409057697764,52474829364452.8,4631970527354.218,24118323674205.312,0.0010623811354433,9.377673387012566e-05,0.0004882884308595,0.0004196641785534,3.704389571131281e-05,0.0001928847909637
291,291,0.02,3410,100000.0,17.15,2.43,0.81,1.42608801864174,,2925.0,1.349460589558107,3410.0,0.4736713601878364,0.0003742100304969,0.0004436491778126,6.464442085797776e-06,3.1116389435966097e-06,7354560213091.684,626713824007.9232,3346851605656.3413,7.199084189189209,9.714880394221716,52946098148508.36,4511765581561.749,24094266477843.08,0.0010875425388767,9.267419445386976e-05,0.0004949097413031,0.0004280486225434,3.647587093215552e-05,0.0001947927786502
292,292,0.02,3420,100000.0,17.15,2.43,0.81,1.42695357121555,,2935.0,1.3454443085243355,3420.0,0.4229505535013231,0.0004180265178171,0.0003964608809962,2.16513540386323e-06,-2.4669995741057328e-06,7332671481457.629,602628936347.9583,3298826425982.5586,8.086051600330395,10.879332104098625,59292359967337.5,4872888675161.812,26674480701028.46,0.001087525742912,8.937731403341572e-05,0.0004892567011527,0.0004264966428654,3.50512386782815e-05,0.0001918725528117
293,293,0.02,3430,100000.0,17.15,2.43,0.81,1.42808959195544,,2788.0,1.2719813044967387,3430.0,0.4257990504497684,0.0004091491482524,0.0004629568667485,-1.1886865375649078e-06,8.523454217726216e-06,6932298109507.227,548717615722.4634,3082694846763.351,8.055443046143283,10.246372954132516,55842732600022.22,4420163501867.841,24832472766741.57,0.0010312278927531,8.16255881728397e-05,0.0004585724474931,0.000402945708104,3.189467687680886e-05,0.0001791842529383
294,294,0.02,3440,100000.0,17.15,2.43,0.81,1.42895576997403,,2766.0,1.286352382731077,3440.0,0.4524198434760365,0.0004308373928152,0.0004284181621375,1.9673990258354622e-06,-8.764804525689073e-06,7010620485884.37,534235968371.9235,3081872898734.7964,7.60355685013672,9.780853471404573,53305651419154.92,4062093556903.763,23433195790425.67,0.0010458034409747,7.969420326499869e-05,0.0004597358092102,0.0004072319672549,3.1032626115834374e-05,0.0001790194128905
295,295,0.02,3450,100000.0,17.15,2.43,0.81,1.4298542301886,,2976.0,1.3706613296295933,3450.0,0.43205375582329,0.0003730505892977,0.0004035013087131,5.980214613899877e-07,6.227989228255848e-07,7470104246481.284,548231178421.01056,3249907162533.33,7.985117484804484,10.94489174897063,59649660031889.93,4377690368524.5786,25950890507536.223,0.0011176272168673,8.202269552358878e-05,0.0004862294524002,0.0004336163649571,3.182311824564927e-05,0.0001886470233571
296,296,0.02,3460,100000.0,17.15,2.43,0.81,1.43046370146932,,2886.0,1.3322420788925349,3460.0,0.4379464446501515,0.0003590502321914,0.0004305448422464,-3.716417595048505e-08,-3.447869800355913e-06,7260719329964.313,512964807358.6805,3125809863523.405,7.900509393937382,10.525391059289136,57363381273125.8,4052683279296.535,24695490190428.785,0.0010894893880098,7.69716730039975e-05,0.0004690357140223,0.000421165185385,2.9755029545852607e-05,0.0001813156838629
297,297,0.02,3470,100000.0,17.15,2.43,0.81,1.43133062975146,,2972.0,1.3926160166785315,3470.0,0.4837711458967533,0.0003549712074656,0.0004602118686992,5.374434530007165e-06,2.883585590663387e-07,7589757290897.996,515676020055.4189,3232965141083.7656,7.172813073768086,9.988974371170606,54439910322879.8,3698847698482.202,23189454631002.12,0.0011421960757376,7.76050015677946e-05,0.0004865346750377,0.0004398954007087,2.9888111145556645e-05,0.0001873797068477
298,298,0.02,3480,100000.0,17.15,2.43,0.81,1.43235160782337,,2997.0,1.3881323135409636,3480.0,0.4432210225004382,0.0003640770520043,0.0004265817165326,-1.3568011011178269e-06,-1.1900550663298337e-06,7565321108798.252,494349803744.1475,3188168912868.8286,7.851613130549463,10.899077899938233,59399974554663.375,3881443410162.0986,25032268898690.5,0.0011417153025838,7.460446524967969e-05,0.000481140348532,0.0004381248651396,2.8628915809708848e-05,0.0001846340763207
299,299,0.02,3490,100000.0,17.15,2.43,0.81,1.43334420882694,,3009.0,1.402591377115887,3490.0,0.4248212743864314,0.0003066489596532,0.0004142227158419,2.6957008625470755e-06,-6.285224851600525e-06,7644123005281.586,479880064562.951,3186632043846.0337,8.215219459149264,11.5225959745174,62798148061119.84,3942320044455.36,26178881575752.523,0.0011569653447245,7.263156335133387e-05,0.0004823081521021,0.0004423272732433,2.77682659338806e-05,0.0001843945030463
300,300,0.02,3500,100000.0,17.15,2.43,0.81,1.43421228863291,,3019.0,1.4253404775226923,3500.0,0.4644089388148131,0.0003548325619124,0.0004636430112537,3.6141322291091455e-06,-3.160627661578388e-06,7768105602498.673,468327174394.145,3203008083180.419,7.536461311300585,10.742023364280472,58544027335328.57,3529529630852.196,24139346498672.28,0.001179099409509,7.108609525178894e-05,0.0004861757979083,0.0004491350799619,2.707766522280943e-05,0.0001851910060408
301,301,0.02,3510,100000.0,17.15,2.43,0.81,1.43534393733411,,2997.0,1.3976145970062346,3510.0,0.4436885321183581,0.0004059203162078,0.0003701092973879,9.968596457454536e-07,4.254401597381566e-07,7616999553683.979,440743191655.3612,3106080641133.1943,7.910954973845648,11.056466147705752,60257740504996.35,3486699544214.585,24572064097138.324,0.0011595095969043,6.7092817439835e-05,0.0004728279536803,0.0004400397204868,2.5462061471268367e-05,0.0001794405851675
302,302,0.02,3520,100000.0,17.15,2.43,0.81,1.43623651060153,,2995.0,1.407566660532122,3520.0,0.426248877342914,0.0003531344285998,0.000441707763226,-4.838074140531048e-08,-2.344646993973899e-06,7671238299900.064,425617257677.4623,3093329552880.4136,8.258086266273462,11.623806908204717,63349747649715.695,3514784030315.2246,25544982297699.57,0.0011709633537379,6.496763520763378e-05,0.000472176121488,0.0004428124325296,2.456821256630795e-05,0.0001785584973868
303,303,0.02,3530,100000.0,17.15,2.43,0.81,1.43710675988374,,2884.0,1.3721854907387456,3530.0,0.4614597897398198,0.0003896249372235,0.0004432039840719,3.78781785966199e-06,3.808484368782018e-07,7478410924526.163,397113053144.2288,2981582114528.0283,7.649637256564183,10.496721252871914,57207130828151.93,3037770806400.0444,22808021626799.02,0.0011447725228371,6.078886494569927e-05,0.0004564115710866,0.0004312883685718,2.290195638587916e-05,0.000171951193765
304,304,0.02,3540,100000.0,17.15,2.43,0.81,1.43826584558474,,2966.0,1.3943554152157431,3540.0,0.4479485320730418,0.0003686502309661,0.0004430078632477,1.8005374937122894e-06,2.817013497661504e-06,7599237012925.8,385762035326.1531,2995213051926.3545,7.902693605484955,11.019163623598772,60054441748613.305,3048559169810.851,23670251032523.48,0.0011666066930429,5.92207575007718e-05,0.0004598140033694,0.0004378575675103,2.2227077026081245e-05,0.000172580049663
305,305,0.02,3550,100000.0,17.15,2.43,0.81,1.43913732984838,,2902.0,1.3731042956393542,3550.0,0.4460826001277382,0.0004028471398613,0.0004077483773697,1.5982913622891638e-07,4.629536005788561e-07,7483418411234.48,363685271282.64,2915548540179.9,7.958167386451382,10.927393823753404,59554296339456.06,2894268264854.2285,23202423306075.617,0.0011519442325899,5.598312531917099e-05,0.0004487988164144,0.0004307697592264,2.093490008649681e-05,0.0001678284005583
306,306,0.02,3560,100000.0,17.15,2.43,0.81,1.4400107973697,,3096.0,1.4840794220653726,3560.0,0.4344245678566949,0.0003997552170543,0.0004313975140573,-3.213057319862074e-06,3.5324359282651782e-06,8088232850256.28,376012001737.9809,3114420838962.0044,8.194748325500663,12.161657358880204,66281032605897.12,3081323721610.472,25521894954988.258,0.0012485522370728,5.804365856273739e-05,0.0004807622601454,0.0004651376941759,2.162367957363496e-05,0.0001791039593626
307,307,0.02,3570,100000.0,17.15,2.43,0.81,1.44117660858237,,3050.0,1.4457881662298335,3570.0,0.4548152664033296,0.0003649806421965,0.000403535363746,3.499816509176338e-06,-2.396254233918834e-07,7879545505952.595,350107827838.89166,2998249023559.1523,7.84934074054174,11.348483955380969,61849237556826.28,2748115636638.386,23534278210912.348,0.0012197545805832,5.419673334990441e-05,0.0004641293051043,0.0004526991448751,2.011455028174056e-05,0.0001722567333436
308,308,0.02,3580,100000.0,17.15,2.43,0.81,1.44205115588889,,3051.0,1.4493577590824636,3580.0,0.4714942696637081,0.0003770249206636,0.0004432753760568,-1.0222654310970628e-06,2.823189100857078e-07,7898999786999.427,335420003908.8131,2969747580807.082,7.592881250822888,11.004801354671914,59976167382961.93,2546804258830.167,22548940725986.723,0.0012261912207426,5.206849919547748e-05,0.0004610050018485,0.0004533792387429,1.9252116740353744e-05,0.0001704547327195
309,309,0.02,3590,100000.0,17.15,2.43,0.81,1.44292497813681,,3003.0,1.4491723652912991,3590.0,0.4270206047267493,0.0003585075112467,0.0003755731664881,5.591534176071439e-07,-3.170162625564973e-06,7897989390837.58,319991437325.5462,2933467690964.609,8.407088464260976,12.183320274966274,66399095498566.2,2690196321401.8887,24661922384990.844,0.0012292773388368,4.980485577537559e-05,0.0004565776399872,0.0004528819449543,1.8348764138992524e-05,0.0001682092096611
310,310,0.02,3600,100000.0,17.15,2.43,0.81,1.44409865044327,,3073.0,1.4697687797836898,3600.0,0.4729083355437069,0.0002744137120245,0.0004062914647456,-7.469233269838665e-07,-6.448716347065338e-06,8010239849821.109,308935388624.2198,2938749459781.703,7.612468906603323,11.188569135999645,60977701791198.06,2351761040051.287,22371138886885.527,0.0012502213243493,4.821798322465739e-05,0.0004586738113243,0.0004588738650126,1.7697644324640375e-05,0.0001683489318917
311,311,0.02,3610,100000.0,17.15,2.43,0.81,1.44497470086693,,2982.0,1.4191914456231185,3610.0,0.5209303812480357,0.000364921956942,0.0003669735088086,6.457366227640581e-06,-1.3748572396088851e-06,7734593378645.995,283934915338.3612,2803541070843.344,6.929908736271488,9.834867197465412,53600026226186.49,1967643050335.8147,19428283759333.21,0.0012105075997907,4.4437419788861605e-05,0.0004387700304906,0.0004425951331229,1.6247552456910438e-05,0.0001604264856238
312,312,0.02,3620,100000.0,17.15,2.43,0.81,1.44584992211973,,3039.0,1.4758866944082982,3620.0,0.4336773046370581,0.0003633290803631,0.0004805311777275,4.838057487163206e-06,3.334609841591207e-06,8043582484525.226,281349923029.0339,2884201538473.1206,8.347220297888441,12.31955137294842,67141554982568.89,2348489788317.302,24075065625143.9,0.0012623533058991,4.415482853982868e-05,0.0004526442482532,0.0004597699021723,1.608191708559308e-05,0.0001648605036052
313,313,0.02,3630,100000.0,17.15,2.43,0.81,1.44703129214889,,3139.0,1.515891418658181,3630.0,0.4553296712697374,0.0002972419135186,0.0003972070529613,2.3471101306528714e-06,-3.18581183345347e-06,8261608231687.084,274670344288.6085,2930191842379.165,7.972245669554855,12.085058797913046,65863570448626.09,2189739462810.0005,23360209226372.254,0.0012999595799152,4.321922988397308e-05,0.0004610640991036,0.0004717077940355,1.5682678064353797e-05,0.0001673033011621
314,314,0.02,3640,100000.0,17.15,2.43,0.81,1.44790993423811,,3043.0,1.4463582001099604,3640.0,0.4618293412331695,0.0003850257024386,0.0004294306097429,-5.635857741366388e-06,-2.758788867151372e-06,7882652190599.284,248443712490.7677,2765074394997.235,7.8816993097071935,11.399760427396014,62128694329308.27,1958158637239.576,21793484950338.74,0.0012437019709888,3.919872746295437e-05,0.0004362654081186,0.0004495715217323,1.4169497167783622e-05,0.0001577005649119
315,315,0.02,3650,100000.0,17.15,2.43,0.81,1.44878765070246,,3075.0,1.501429140708072,3650.0,0.4798527010493671,0.0003760153136416,0.0003755002927027,-1.9996009883064493e-08,6.075492228579017e-06,8182788816858.993,244619966763.60925,2838476284668.869,7.606500894999627,11.42062210257447,62242390459030.87,1860701996122.1729,21590872399768.973,0.0012945556626399,3.87000288356668e-05,0.0004490602934804,0.0004661694453653,1.393587892633041e-05,0.0001617065947712
316,316,0.02,3660,100000.0,17.15,2.43,0.81,1.44997656113508,,2982.0,1.4543949235321518,3660.0,0.4212381222660042,0.0003742785587653,0.0004379824721991,2.154727732424737e-06,1.5456719489054202e-06,7926452333250.228,224373017677.2777,2718676063541.1143,8.68867228899282,12.636760869345638,68870346737933.73,1949503621090.259,23621685376037.77,0.0012573911672166,3.559280226863857e-05,0.0004312697692611,0.000451063708302,1.2768199585568476e-05,0.0001547093271158
317,317,0.02,3670,100000.0,17.15,2.43,0.81,1.45085619837007,,3111.0,1.489034886624234,3670.0,0.489732345655284,0.0003344009666023,0.000459353223698,2.7134743055350587e-06,-2.335706319862178e-06,8115240132102.075,217421524800.55893,2748844857650.34,7.4938893306901635,11.158662649898783,60814711441948.375,1629332844965.2954,20599539150468.4,0.0012906654545772,3.457919255297465e-05,0.0004371822694102,0.0004612753406658,1.2358375881416747e-05,0.0001562460663529
318,318,0.02,3680,100000.0,17.15,2.43,0.81,1.45173617503807,,3149.0,1.5429053257590364,3680.0,0.5003521276962601,0.0003452201196646,0.0004657947334094,-1.7009269220176148e-06,-6.868469083153247e-07,8408834025386.748,213124632020.33588,2810070788198.317,7.354820328122902,11.34779145426165,61845463425725.984,1567493376006.8794,20667565756505.33,0.0013409537184635,3.398690792814182e-05,0.000448120971493,0.0004774138875387,1.2100210183232892e-05,0.0001595425495618
319,319,0.02,3690,100000.0,17.15,2.43,0.81,1.45293245546904,,3039.0,1.496332912241935,3690.0,0.4451615858033619,0.0003986362370039,0.0003939845443439,5.918149672215811e-06,-1.1315761349132651e-06,8155014371718.547,195217966068.1608,2688180835520.9185,8.2891249327833,12.40329045060887,67597932955818.34,1618186109862.836,22282666787546.69,0.0013039146700081,3.121362614494019e-05,0.0004298163396531,0.0004624256106626,1.1069727538979252e-05,0.0001524318177474
320,320,0.02,3700,100000.0,17.15,2.43,0.81,1.45381420065885,,3062.0,1.486408647492702,3700.0,0.4439988726799129,0.0003337624734012,0.0004410945784797,1.919270299493488e-06,2.9914577160730845e-06,8100927128835.225,183349418900.78067,2637407166789.5874,8.333354491797099,12.386770179229355,67507897476799.99,1527915703565.2085,21978448860063.867,0.0012987287830291,2.9394310538915624e-05,0.0004228252576035,0.0004587862883246,1.0383774353994136e-05,0.0001493663904894
321,321,0.02,3710,100000.0,17.15,2.43,0.81,1.45469620088515,,3121.0,1.5293843533479743,3710.0,0.447666751566885,0.0004018724242611,0.0004883792959631,-4.668608807546443e-06,1.4767902756096077e-06,8335144725746.461,180467353695.06097,2681186967144.541,8.287414660603169,12.6746423116331,69076800598400.4,1495607792772.7058,22220108179331.816,0.0013396420441111,2.900509379910305e-05,0.0004309260255811,0.0004714635039705,1.020783366394942e-05,0.0001516568510712
322,322,0.02,3720,100000.0,17.15,2.43,0.81,1.455899680618,,3201.0,1.5890424925923636,3720.0,0.4725236180829597,0.0003489445981249,0.0004090557966777,-5.101498543855255e-07,-1.3753056911643566e-06,8660281584628.382,187507014125.89893,2752033725966.302,7.872622357147214,12.509931453639576,68179126422335.69,1476171911529.4702,21665722238665.457,0.0013955472421624,3.021551827067345e-05,0.000443472078717,0.000489245512173,1.0592838612186615e-05,0.0001554707126576
323,323,0.02,3730,100000.0,17.15,2.43,0.81,1.45678329258985,,3126.0,1.53875138485232,3730.0,0.4753066338535063,0.0003615585359185,0.0004028339660187,-3.5558499671083186e-06,3.78512498761004e-06,8386195047445.144,181572663412.57376,2632262493955.8564,7.847565622552659,12.075452469422364,65811215958351.86,1424903391391.8386,20656852657102.703,0.0013549125129412,2.9335720463682707e-05,0.000425280519977,0.0004731694476778,1.024476969284049e-05,0.0001485186289326
324,324,0.02,3740,100000.0,17.15,2.43,0.81,1.45766707298689,,3087.0,1.5045462117485442,3740.0,0.4851404769033252,0.0003805007245795,0.0004484249195811,4.184319947506368e-06,-1.6399788725800695e-06,8199776854029.566,177536452986.32822,2541802785626.6567,7.709107316446977,11.598708208923286,63212959738631.92,1368647568652.9478,19595030451639.77,0.0013282473839626,2.875838372616413e-05,0.0004117359485091,0.00046207380162,1.0004533686453445e-05,0.0001432356632419
325,325,0.02,3750,100000.0,17.15,2.43,0.81,1.45887898904736,,3108.0,1.5514780953284144,3750.0,0.4134027403197251,0.0003473034952906,0.0004694722764139,3.480208473594747e-06,3.937347538637416e-06,8455555619539.859,183074415248.7529,2588617235603.356,9.071057432032877,14.073546907265026,76700830644594.4,1660678535057.273,23481495613708.223,0.0013730881445838,2.9729247901081213e-05,0.0004203626345805,0.000475849247557,1.0302791048023732e-05,0.0001456783704347
326,326,0.02,3760,100000.0,17.15,2.43,0.81,1.45976422504962,,3034.0,1.5127509330697877,3760.0,0.4681202464694252,0.0003504889892418,0.0004280437988259,2.3098218822869488e-06,4.328967751226901e-06,8244492585230.343,178504610102.23492,2497234156128.0005,8.032124285069948,12.150603506772066,66220789111907.76,1433771213799.1035,20058095110941.87,0.0013422846938284,2.9062310802158184e-05,0.0004065743464529,0.0004633507511425,1.0032181400885447e-05,0.0001403476696787
327,327,0.02,3770,100000.0,17.15,2.43,0.81,1.4606509656109,,3125.0,1.531365518788682,3770.0,0.4529004248970523,0.0003730405739835,0.0003840520258088,2.4916385825920887e-06,-4.720248042709244e-06,8345942077398.316,180701131217.06448,2500866144904.281,8.324125553330955,12.747278846438782,69472669713091.36,1504178903879.7764,20817523782258.0,0.0013622642719365,2.9494896163029e-05,0.00040820324015,0.0004684073745431,1.0141664256164628e-05,0.0001403585280313
328,328,0.02,3780,100000.0,17.15,2.43,0.81,1.46187118148225,,3151.0,1.5744884404492807,3780.0,0.4822383286455078,0.000388180980603,0.0003973817458899,6.990141538156674e-06,-3.850891002764111e-06,8580962000448.58,185789635973.0152,2541981947586.082,7.838447869992242,12.341545562367072,67261423314900.54,1456302376359.3145,19925192982614.85,0.001404080683937,3.0400279028362583e-05,0.0004159379509355,0.0004809363195373,1.0412933156954589e-05,0.0001424702081349
329,329,0.02,3790,100000.0,17.15,2.43,0.81,1.46276641926811,,3166.0,1.595230104455682,3790.0,0.4837748916734199,0.0004034353131708,0.0004288589020854,8.106367441889903e-06,3.148381257757118e-06,8694004069283.466,188237152325.77045,2541596757097.488,7.83422220795721,12.497387111128605,68110759755650.89,1474691679113.1753,19911433758125.168,0.0014261825218653,3.087881423488246e-05,0.0004169288217161,0.0004866024357694,1.0535612370787662e-05,0.0001422528863446
330,330,0.02,3800,100000.0,17.15,2.43,0.81,1.46375114566509,,3242.0,1.6162185426015014,3800.0,0.4565056270366767,0.0003764033464825,0.0004139055337628,7.341379229327382e-07,-3.05706698322864e-06,8808391057178.184,190713788026.9772,2540718665488.968,8.324103307700737,13.453570116436422,73321957134578.5,1587521273739.498,21149204647333.715,0.0014485984420902,3.13641497553492e-05,0.0004178380678975,0.0004923281738709,1.0659582480142704e-05,0.0001420086111958
331,331,0.02,3810,100000.0,17.15,2.43,0.81,1.46474671629238,,3155.0,1.5648538058144814,3810.0,0.4909308487603994,0.0003415773795201,0.0004857707045985,3.322377310165709e-06,-4.788615062390619e-06,8528453241688.925,184652749086.10883,2426745096162.509,7.760767141890251,12.144465998026936,66187339689246.81,1433046987767.1785,18833403604041.297,0.0014060955768286,3.044390423225255e-05,0.0004001001646025,0.0004760151058496,1.0306382108303802e-05,0.0001354486319011
332,332,0.02,3820,100000.0,17.15,2.43,0.81,1.46574158875061,,3223.0,1.6324883421350789,3820.0,0.5452011086026687,0.0003621193054693,0.0004428618904791,-1.9641969199774914e-06,1.5379752687155063e-06,8897061464636.178,192633624371.93927,2496967504617.8145,7.0065888343303735,11.438174590178145,62338051516470.88,1349704601641.021,17495224637540.951,0.0014703373027846,3.1834826005244564e-05,0.0004126513546605,0.0004958956081819,1.0736822342288744e-05,0.0001391735039973
333,333,0.02,3830,100000.0,17.15,2.43,0.81,1.46673863640263,,3075.0,1.5542967212731231,3830.0,0.563847178323158,0.0003814871449242,0.0003996708795004,1.704245789586693e-07,-4.164562100428068e-08,8470917130938.522,183407013110.2285,2344366131472.8765,6.792620673194024,10.557748041197508,57539726824526.414,1245814268861.3057,15924389850178.56,0.001403421013052,3.0385996245897275e-05,0.0003884033618012,0.0004714380716507,1.0207283019227168e-05,0.0001304727022093
334,334,0.02,3840,100000.0,17.15,2.43,0.81,1.46773784697341,,3137.0,1.558651092997754,3840.0,0.4745111142342466,0.0003606308963617,0.0004342909822687,5.481854373133123e-06,8.026581487088665e-06,8494648456837.759,183920828973.7349,2321194563993.9863,8.092539636709857,12.613445749885466,68743279336875.79,1488386598486.4849,18784359013636.79,0.0014108182068894,3.054615567210088e-05,0.0003855113686287,0.0004720534176991,1.0220606107981335e-05,0.0001289903675997
335,335,0.02,3850,100000.0,17.15,2.43,0.81,1.46873626454312,,3134.0,1.584458500307444,3850.0,0.5448182594841455,0.0003856014575795,0.000452046848515,2.1164496871877314e-06,5.522984791644933e-06,8635298826675.57,186966103036.2784,2331591556626.957,7.06657666658479,11.196697467444512,61022001197572.6,1321210301158.4526,16476370490066.162,0.0014376996418543,3.1128175731893004e-05,0.0003881890381787,0.000479154521385,1.037435477494269e-05,0.0001293750985119
336,336,0.02,3860,100000.0,17.15,2.43,0.81,1.46973531897488,,3134.0,1.5997191355034988,3860.0,0.4669255204862566,0.0003551155750397,0.0003726223856879,1.328406119081657e-06,1.889429607039057e-07,8718469288494.068,188766857989.41287,2325741889182.2163,8.266843063065375,13.224627038190038,72074217358135.7,1560505990506.4246,19226543203066.566,0.0014549395973655,3.150144449341913e-05,0.0003881201912689,0.0004830498032275,1.0458692987312888e-05,0.0001288585329319
337,337,0.02,3870,100000.0,17.15,2.43,0.81,1.47073646321198,,3162.0,1.5999454078243058,3870.0,0.5292493391443713,0.0003683130324145,0.0004531996111077,1.3410445832898102e-06,4.984969176376022e-06,8719702472642.467,188793558123.26807,2297760579437.7983,7.312243424349977,11.699190287682224,63760587067868.11,1380504453946.502,16801784687724.633,0.0014586989343123,3.1582839311717895e-05,0.0003843870727294,0.0004823924868481,1.0444461183133835e-05,0.0001271170023947
338,338,0.02,3880,100000.0,17.15,2.43,0.81,1.47173670547976,,3102.0,1.5469029543055584,3880.0,0.5078312837731573,0.0003782324387049,0.0003876345435467,-2.382693485711051e-06,-1.872636925832359e-06,8430621100965.293,182534548608.05588,2194211982327.2925,7.640332771884045,11.818853336705004,64412750685042.27,1394624693731.1904,16764509717035.863,0.0014137738307234,3.061014899548103e-05,0.0003679585931479,0.0004657004104802,1.008305475902226e-05,0.000121206422233
339,339,0.02,3890,100000.0,17.15,2.43,0.81,1.47273898751857,,3290.0,1.6844964136702554,3890.0,0.5522331481151923,0.0003935214654215,0.0004734449636789,2.1613329578664e-06,3.2837578986793384e-06,9180505454502.89,198770576813.0901,2359575728706.6816,7.044126223275121,11.865805360547542,64668639214984.1,1400165032544.61,16621149266386.238,0.0015432647415289,3.341380541292037e-05,0.0003966502765154,0.0005063332545289,1.0962811749433443e-05,0.0001301378953418
340,340,0.02,3900,100000.0,17.15,2.43,0.81,1.47374179461199,,3223.0,1.6537564727180922,3900.0,0.5024747856004979,0.0003651045941363,0.0004400238642486,-1.67702315614669e-06,2.442238843460376e-06,9012972776313.602,195143263780.7349,2281652982867.0176,7.761583489884344,12.835768934938114,69954940695412.71,1514620734322.6973,17709240121466.01,0.0015185464245766,3.287861983487047e-05,0.0003844232158742,0.0004963200057442,1.074601113354561e-05,0.0001256444515775
341,341,0.02,3910,100000.0,17.15,2.43,0.81,1.47474509520611,,3284.0,1.6628286310202731,3910.0,0.5363375447391263,0.0003683298080836,0.0004351197854858,5.787572655872289e-06,-1.5296695569737144e-06,9062416039060.49,196213778460.39227,2258862083081.6924,7.290185142458781,12.122328580319069,66066690762738.94,1430434772477.6504,16467522796945.645,0.0015305080595277,3.313760569252749e-05,0.0003814884031605,0.0004982374485091,1.0787526408088005e-05,0.0001241887015513
342,342,0.02,3920,100000.0,17.15,2.43,0.81,1.47575037044348,,3229.0,1.639491749170081,3920.0,0.544760285762095,0.0003576949373827,0.0004137555409866,2.801783238894627e-06,-4.014489423380572e-06,8935230032976.941,193460026402.06955,2193109956499.9587,7.195825581367586,11.79749666911916,64296356846699.41,1392104606956.0608,15781236727734.355,0.0015126070406133,3.275002399860106e-05,0.0003712622449335,0.0004904535567521,1.0618994439770426e-05,0.0001203795061284
343,343,0.02,3930,100000.0,17.15,2.43,0.81,1.47675608714604,,3202.0,1.6546568605130263,3930.0,0.5049206764242626,0.0003329088531957,0.0004226131233876,-4.908847730093193e-06,-3.775704278996157e-06,9017879889795.994,195249509540.5371,2184117607697.372,7.783400806303669,12.878857542272987,70189773605387.8,1519705189988.2126,16999862748813.768,0.001530208958485,3.3131129743345535e-05,0.0003706144205208,0.0004941926867383,1.0699951749564992e-05,0.0001196927617013
344,344,0.02,3940,100000.0,17.15,2.43,0.81,1.47776221296867,,3097.0,1.5961023299801584,3940.0,0.4953544609134042,0.0004138430029668,0.0004385006737584,3.2881469732240325e-06,9.598545255475169e-06,8698757698391.863,188340074937.6587,2078584398731.6648,7.953900309557875,12.695238816515229,69189051550007.99,1498038180348.7969,16532853092513.96,0.0014793749356533,3.2030503193962955e-05,0.0003534994039082,0.0004759375228231,1.030470232901602e-05,0.0001137261599888
345,345,0.02,3950,100000.0,17.15,2.43,0.81,1.47877024617299,,3239.0,1.6423326090497383,3950.0,0.5298820238640474,0.0003858493405934,0.0004271888498677,4.110623549743179e-07,-8.853625754837525e-06,8950712719321.076,193795247867.8692,2111505069847.074,7.454489531831066,12.242751241946078,66722994268606.13,1444644646549.6372,15740192439583.236,0.0015257479061367,3.303454182094256e-05,0.0003599293754744,0.0004889229649489,1.0585855020913813e-05,0.0001153386720842
346,346,0.02,3960,100000.0,17.15,2.43,0.81,1.47977863496802,,3159.0,1.6251676025823916,3960.0,0.5320800959871121,0.0003147116856647,0.000417948436117,4.713588838977742e-06,3.979198727576348e-06,8857163434074.033,191769777104.7222,2066430799024.9312,7.442488508526952,12.095291206649746,65919337076241.12,1427244362384.67,15379387475409.22,0.0015132865060487,3.276473536032157e-05,0.0003530590653682,0.0004830240353644,1.04581350776152e-05,0.0001126924834091
347,347,0.02,3970,100000.0,17.15,2.43,0.81,1.48078734621102,,3322.0,1.729814444276424,3970.0,0.5315770835436524,0.0003780840256229,0.0004260643926097,9.71796532425676e-07,-4.932175317717504e-06,9427488721306.51,204118104424.61804,2175004174709.432,7.468343017224875,12.918847626006558,70407719561735.73,1524424019868.7737,16243677240626.137,0.0016142569787823,3.49508850451951e-05,0.0003724232159483,0.0005132533425507,1.111264117816312e-05,0.0001184120390628
348,348,0.02,3980,100000.0,17.15,2.43,0.81,1.48179634647912,,3345.0,1.731871211566758,3980.0,0.5574883293083985,0.0003540578580095,0.0004634082950856,3.714715624224832e-06,4.28174952700258e-06,9438698103038.83,204360802964.87744,2150133174369.87,7.139162903979453,12.364110708087347,67384403359076.05,1458965063554.3071,15350150997076.965,0.0016198861952557,3.507276532847339e-05,0.0003690096885291,0.0005129922390003,1.1106987926979691e-05,0.0001168595095666
349,349,0.02,3990,100000.0,17.15,2.43,0.81,1.4828071570477,,3279.0,1.6672530993439574,3990.0,0.5055761502167115,0.0003055243714533,0.0004480028998433,1.9351040881500323e-06,-4.294266893498761e-06,9086529391424.568,196735865722.58698,2040407976192.302,7.891986198893512,13.157938450084943,71710764552962.95,1552636737110.0234,16102871588221.889,0.0015630160556423,3.384144854418282e-05,0.0003509800375332,0.0004930025170324,1.0674182937582712e-05,0.0001107052236011
350,350,0.02,4000,100000.0,17.15,2.43,0.81,1.48319437300648,,3278.0,1.7037986021254772,4000.0,0.4921281027704935,0.0003873031586783,0.0004623163319102,7.283157928148503e-07,-8.554305479040054e-07,9285702381583.85,201048235050.80627,2054984975503.012,8.127965010495286,13.848415423006658,75473864055386.28,1634113019914.7854,16702845977981.994,0.0016008633590172,3.466089474569374e-05,0.0003542812396333,0.0005029439021152,1.088942760543183e-05,0.0001113046832534
351,351,0.02,4010,100000.0,17.15,2.43,0.81,1.48420475439885,,3257.0,1.7080028398495977,4010.0,0.5027365285873202,0.0003740011053765,0.0004271640923352,-2.9724875050211183e-08,2.0018780931156097e-06,9308615477180.309,201544335102.25253,2029833828052.232,7.976345007728046,13.623619924819664,74248728590267.16,1607587151128.7205,16190654920901.928,0.0016082873823044,3.482163506640826e-05,0.0003507026519501,0.0005033057930505,1.0897263042195438e-05,0.0001097507064389
352,352,0.02,4020,100000.0,17.15,2.43,0.81,1.48521530770648,,3289.0,1.712163527643788,4020.0,0.539148738905169,0.0003691419301815,0.0003748653821022,1.8542615161688684e-06,1.6173451684750062e-06,9331291225658.645,202035296261.96692,2004483091013.7583,7.4561984660546115,12.766231068452264,69575959323064.84,1506415266077.3672,14945823748449.191,0.0016158049211391,3.498440012741682e-05,0.0003470959768026,0.0005036536133716,1.0904793830798338e-05,0.0001081913668019
353,353,0.02,4030,100000.0,17.15,2.43,0.81,1.48622757457007,,3255.0,1.6626827814436054,4030.0,0.567176885023855,0.0002537114185698,0.000421425593035,2.800955287009217e-06,3.414222623026103e-06,9061621158867.648,196196568210.34543,1917134562154.025,7.105367137503324,11.813971595362014,64386145194722.97,1394048648252.7178,13621944916101.031,0.0015725440794294,3.40477433711323e-05,0.0003326974889294,0.0004882404751609,1.0571078177795793e-05,0.0001032952794166
354,354,0.02,4040,100000.0,17.15,2.43,0.81,1.48723995589556,,3191.0,1.672718643718984,4040.0,0.5815877820677997,0.0003599643108503,0.0004222718799185,-1.96260777940503e-06,9.139927221103752e-07,9116316608268.465,197380799958.8401,1904011667208.8145,6.9465008113410285,11.619541415739189,63326500715778.57,1371105887057.224,13226218591068.812,0.0015855484598393,3.4329306102944366e-05,0.0003311537867959,0.0004903275338859,1.061626587129296e-05,0.0001024086136308
355,355,0.02,4050,100000.0,17.15,2.43,0.81,1.48825400503234,,3218.0,1.699544716714393,4050.0,0.5574509549260256,0.0003596291349564,0.000401126071663,3.0654835475879872e-06,2.8765479372850697e-07,9262518706093.44,200546276572.2984,1910488547674.1204,7.265213135274725,12.347554599860167,67294172569237.92,1457011442783.4998,13880106491353.951,0.0016143630859612,3.4953182411637406e-05,0.0003329787809753,0.0004972817309982,1.0766833808770304e-05,0.0001025694071111
356,356,0.02,4060,100000.0,17.15,2.43,0.81,1.48926811018473,,3387.0,1.7745301820021275,4060.0,0.4873429431299882,0.000339740716476,0.0003907356614832,2.2457559342013022e-06,-3.2453011212856854e-06,9671189491911.594,209394561476.25104,1969644163054.9355,8.330889073563709,14.783414103950546,80569606866530.45,1744442864266.1643,16408887036802.898,0.0016892489342473,3.657456408095138e-05,0.0003440341341744,0.0005182762062727,1.122139308994234e-05,0.0001055526525862
357,357,0.02,4070,100000.0,17.15,2.43,0.81,1.49028223560492,,3351.0,1.7221089296754133,4070.0,0.5448970606862531,0.000360387858786,0.0004340965985609,1.2191467989631258e-06,6.775331739252167e-06,9385493666731.002,203208853701.6988,1880987166871.429,7.469300705851064,12.862949443976984,70103074469674.56,1517828034389.2844,14049658773209.56,0.0016428951561424,3.557094099537791e-05,0.0003292596868051,0.00050204437479,1.0869951600958504e-05,0.0001006168731994
358,358,0.02,4080,100000.0,17.15,2.43,0.81,1.4912979522915,,3283.0,1.7318917991675928,4080.0,0.5838346283217106,0.0003920367132668,0.0003438415684372,-2.014981388508177e-06,-3.886671521815329e-06,9438810305463.38,204363232301.776,1861027583065.6853,6.988280245946282,12.102945248239257,65961051602903.94,1428147539292.232,13005382295899.084,0.0016557322560839,3.584888187484509e-05,0.0003264567566275,0.0005039730418106,1.091170989608389e-05,9.936715556072387e-05
359,359,0.02,4090,100000.0,17.15,2.43,0.81,1.49231524247742,,3287.0,1.7465991560710643,4090.0,0.5897524967058416,0.000397274711493,0.0003978254629622,8.266967675291181e-07,-1.1045965523371765e-07,9518965400587.3,206098700416.3856,1847020083876.8188,6.935112649535796,12.112861900936982,66015097360106.56,1429317704310.5642,12809292347640.793,0.0016731993434487,3.622706835356949e-05,0.0003246605761891,0.0005073210007134,1.0984197813613116e-05,9.843843714701216e-05
360,360,0.02,4100,100000.0,17.15,2.43,0.81,1.49333246877473,,3366.0,1.7748366204556856,4100.0,0.6379150008879151,0.0003856281246957,0.0004422990283381,-3.924502766692702e-06,-2.747005876300007e-06,9672859581483.486,209430721213.7709,1851757144621.956,6.427188566334389,11.407209634104351,62169292505868.71,1346050736824.3137,11901592347542.248,0.0017038353722041,3.689038053579551e-05,0.0003261795849676,0.0005145794985255,1.1141354280002284e-05,9.851029624111353e-05
361,361,0.02,4110,100000.0,17.15,2.43,0.81,1.49435122001166,,3294.0,1.7049285315323226,4110.0,0.5627100027713823,0.0003470677356989,0.0004505457092765,-1.2811486942103337e-06,-6.259520266748722e-07,9291860496851.158,201181566720.8141,1754684946965.7888,7.303939826478987,12.452695402759268,67867189945038.01,1469418057525.5938,12816113267066.596,0.0016401652444851,3.55118346512372e-05,0.0003097305718278,0.0004933792363897,1.0682339430089264e-05,9.317026655015844e-05
362,362,0.02,4120,100000.0,17.15,2.43,0.81,1.49536984590391,,3334.0,1.7667901168971905,4120.0,0.5769037559593926,0.0003274151114705,0.0004138217629295,2.871122143527148e-06,-2.0026036154966817e-06,9629006137089.69,208481233793.8685,1792902677248.3071,7.1415725022424725,12.61765971606674,68766245452563.74,1488883846495.8755,12804144459033.422,0.0017032403796301,3.687749812777133e-05,0.0003171401277722,0.0005103190558435,1.1049109832943012e-05,9.502044016240248e-05
363,363,0.02,4130,100000.0,17.15,2.43,0.81,1.49639158535862,,3253.0,1.7390656713737132,4130.0,0.537876399288507,0.0003213094794705,0.0004415600423281,2.651840061593444e-06,-7.340770028059323e-07,9477907908986.738,205209749222.09818,1738920045018.6072,7.678343956832998,13.35314438832807,72774636916388.0,1575671037822.7124,13352026219084.389,0.0016798297785637,3.637062639826191e-05,0.0003081998371596,0.0005013413263609,1.085472963497142e-05,9.198153117511186e-05
364,364,0.02,4140,100000.0,17.15,2.43,0.81,1.49741314953109,,3360.0,1.785048625866154,4140.0,0.5518405968750812,0.000365859500576,0.0004712836726107,7.642372474446515e-07,1.3753721380144884e-06,9728515010970.54,210635737852.2061,1758367257151.4414,7.502166428935566,13.391731874990624,72984938718698.9,1580224361248.8936,13191563806341.057,0.0017278406317799,3.741012744037407e-05,0.0003122962126359,0.0005136057677794,1.1120271669352438e-05,9.283097822525245e-05
365,365,0.02,4150,100000.0,17.15,2.43,0.81,1.49843450056669,,3304.0,1.725597632814241,4150.0,0.6383627625073132,0.0003755918971063,0.0004419038035882,2.3596059293005875e-06,4.116237816214819e-06,9404507098837.615,203620520672.08044,1674798436054.4006,6.501005766219732,11.2181201611005,61138754877997.73,1323738179009.8591,10887874290045.447,0.0016737041684016,3.623799850851344e-05,0.0002980610354372,0.0004955413222419,1.0729151564136863e-05,8.824830719662775e-05
366,366,0.02,4160,100000.0,17.15,2.43,0.81,1.49945725730592,,3433.0,1.8243460119690065,4160.0,0.5483158869064937,0.0003948398478843,0.0004645585707883,2.362050999706509e-07,1.0247332086901782e-06,9942685765231.084,215272829412.3428,1744815043753.9336,7.586867532637113,13.84107152650365,75433839819444.89,1633246440127.431,13237680605913.52,0.001772885234117,3.838540506895622e-05,0.0003111188365374,0.0005228891955903,1.1321270656818744e-05,9.176041124349502e-05
367,367,0.02,4170,100000.0,17.15,2.43,0.81,1.50047973695248,,3385.0,1.820303066763172,4170.0,0.5564775356433529,0.0004078199522451,0.0004181778707083,-2.3478253131971258e-06,-2.626340240945465e-06,9920651713859.287,214795761878.0543,1715180821688.671,7.493563949852879,13.640557438903144,74341038042022.14,1609585777790.571,12852817172885.262,0.001772545822956,3.837805635024137e-05,0.0003064553306363,0.0005207144506539,1.127418443617753e-05,9.00262870926239e-05
368,368,0.02,4180,100000.0,17.15,2.43,0.81,1.50150524007057,,3379.0,1.8101688288372269,4180.0,0.5555438727951696,0.0003552276521709,0.0004707604398819,-3.947368227022195e-06,-1.833331940243166e-06,9865420117162.889,213599921802.7928,1680007460485.2793,7.524158225287773,13.619996682655156,74228981920470.61,1607159608553.3083,12640641952355.14,0.0017661777421744,3.8240178637905215e-05,0.000300766895698,0.0005168090751875,1.1189627682960054e-05,8.800873066227739e-05
369,369,0.02,4190,100000.0,17.15,2.43,0.81,1.50253041380156,,3364.0,1.7756414637355764,4190.0,0.53322109250621,0.0003323633064046,0.0004399674042571,-1.1307291741919224e-06,-4.840268897012834e-06,9677245977358.89,209525692720.798,1622827067982.2607,7.8579037080218335,13.9528196420051,76042867048927.8,1646432717756.6018,12752018834976.008,0.0017359195688817,3.758504754642995e-05,0.0002911052659829,0.0005059296869902,1.0954073956852934e-05,8.484194702340647e-05
370,370,0.02,4200,100000.0,17.15,2.43,0.81,1.50355521895399,,3350.0,1.7803833569893843,4200.0,0.5273987956716155,0.0003919324838989,0.0004455271287396,4.22738229316222e-06,1.878857519094542e-06,9703089295592.145,210085236124.7473,1601958001044.6355,7.963613179380727,14.17828436607076,77271649795085.66,1673037555196.35,12757373849933.465,0.0017437953440237,3.775556891647858e-05,0.0002878966500712,0.000506260463503,1.096123572355226e-05,8.358245249682438e-05
371,371,0.02,4210,100000.0,17.15,2.43,0.81,1.50458299346498,,3397.0,1.835922639719652,4210.0,0.5291750475662411,0.0003908605370522,0.000434141084312,-4.654275583690149e-06,4.159156119066075e-06,10005778386472.102,216638871486.9189,1627078392721.7412,7.955779508808,14.6061957168383,79603766656768.72,1723531094586.9192,12944676936039.885,0.0018017322736845,3.900998317335451e-05,0.0002929866661793,0.0005209945450294,1.1280248864857548e-05,8.472094166001e-05
372,372,0.02,4220,100000.0,17.15,2.43,0.81,1.50561034569257,,3345.0,1.807449533608936,4220.0,0.557657354276671,0.0003558490570647,0.000448942341968,-5.454143964482113e-06,-9.026615668067566e-07,9850599958168.7,213279044965.8544,1577537929857.881,7.567370837373245,13.677640890656132,74543142854075.92,1613961625097.4236,11937814525256.69,0.0017772700782046,3.848034297764103e-05,0.0002846233703404,0.0005118763651284,1.1082827722047504e-05,8.197514718058424e-05
373,373,0.02,4230,100000.0,17.15,2.43,0.81,1.50664063868267,,3293.0,1.7585682077117009,4230.0,0.4993737211198095,0.0003632911320463,0.0004880832768609,2.895915922747484e-06,-6.720897125759473e-07,9584196732028.77,207511048509.9807,1511255552784.8542,8.470609928200728,14.896145319660896,81183991992151.88,1757745147719.9856,12801256289467.87,0.0017325231282727,3.751150993324581e-05,0.0002731877559629,0.00049702056868,1.0761179285183588e-05,7.837120994771923e-05
374,374,0.02,4240,100000.0,17.15,2.43,0.81,1.50767045479915,,3337.0,1.7657573576857823,4240.0,0.5880033533439928,0.0003661247643392,0.0004348093935098,6.614471072461791e-06,3.57449611496274e-06,9623377599387.514,208359368206.9224,1494312936888.0796,7.210843230547908,12.732599489458686,69392667217549.84,1502446739756.125,10775256325279.572,0.0017427377387347,3.773267030654952e-05,0.0002706113858361,0.0004980399844423,1.0783251039302488e-05,7.733538294154894e-05
375,375,0.02,4250,100000.0,17.15,2.43,0.81,1.50870146793132,,3431.0,1.859903491112044,4250.0,0.6244032029171649,0.0003579682637225,0.0004662265621968,-4.3756516175837093e-07,3.435707426974773e-06,10136474026560.645,219468611951.2212,1549632797256.8591,6.8064993583382005,12.659431918825108,68993903957596.84,1493812966421.3623,10547574640188.645,0.0018391576346054,3.982029374008194e-05,0.0002811647306984,0.0005235173611827,1.1334871306342043e-05,8.003371494825545e-05
376,376,0.02,4260,100000.0,17.15,2.43,0.81,1.5097319357879,,3323.0,1.8101028725464776,4260.0,0.5460545402365824,0.0003493296157882,0.0004110844997046,-5.447323226580183e-06,2.5659156058769184e-06,9865060655378.305,213592138960.4844,1484723760879.5388,7.80141851426475,14.121370062607898,76961466841213.03,1666321667387.732,11582951436694.424,0.0017933160821601,3.8827761044936e-05,0.0002698999115123,0.0005084558630748,1.100876914547389e-05,7.652426352332434e-05
377,377,0.02,4270,100000.0,17.15,2.43,0.81,1.51076527197642,,3381.0,1.827466918924383,4270.0,0.5467502528699697,0.0003845134355059,0.0004441281872332,2.001223117699124e-06,-9.295014635853034e-06,9959694708137.889,215641096433.0772,1476331176144.765,7.80978148173899,14.272117301906256,77783039295389.08,1684109841624.938,11529823880369.328,0.0018138833551485,3.927307080872185e-05,0.0002688729550021,0.0005122509236299,1.1090937429052985e-05,7.593124395128143e-05
378,378,0.02,4280,100000.0,17.15,2.43,0.81,1.51179800642081,,3367.0,1.7889109591418233,4280.0,0.5910805458006507,0.0003767479716924,0.0004455362814145,-7.224490341101954e-06,-3.858289924348167e-06,9749564727322.938,211091493178.7352,1423025733115.3684,7.240975921822139,12.953461181429692,70596363438791.83,1528508419408.704,10304095069621.682,0.0017787026331723,3.8511359764099504e-05,0.0002596156535553,0.0005003882533013,1.0834094291661628e-05,7.303560527178035e-05
379,379,0.02,4290,100000.0,17.15,2.43,0.81,1.51283183788022,,3365.0,1.8227493869911044,4290.0,0.5503931302064302,0.0003704842198139,0.0004471203154356,3.48459895350495e-06,-4.38804334210672e-06,9933984159101.52,215084427664.95032,1427366163206.7908,7.79442868117012,14.20729010054872,77429731047990.52,1676460231864.7488,11125503761030.762,0.0018156947850883,3.9312290759711134e-05,0.0002608884066491,0.0005087723764481,1.1015622095575524e-05,7.31030433797408e-05
380,380,0.02,4300,100000.0,17.15,2.43,0.81,1.5138667440428,,3391.0,1.85883075701523,4300.0,0.5629386082218844,0.0003531229205588,0.0004481408919853,-5.181539755682481e-06,4.706064002749968e-06,10130627625733.002,219342029327.79712,1432596725472.2366,7.638488348813231,14.198657079876511,77382681085326.97,1675441535425.4282,10942873396067.666,0.0018550453606896,4.016428487364721e-05,0.0002623264823766,0.0005177457543253,1.1209908075300873e-05,7.321568807736761e-05
381,381,0.02,4310,100000.0,17.15,2.43,0.81,1.51490270238743,,3388.0,1.852442605726495,4310.0,0.6552431285217608,0.0003538631889434,0.0004225312408888,-6.977873303226505e-07,3.385114122284585e-06,10095812201209.398,218588227475.7264,1404728330691.4968,6.577711100493995,12.184832290715187,66407335984397.77,1437810210304.392,9239897133967.855,0.0018519934339305,4.009820645941471e-05,0.0002576858199269,0.0005148678612752,1.1147597730363866e-05,7.16385622950956e-05
382,382,0.02,4320,100000.0,17.15,2.43,0.81,1.51593969018288,,3442.0,1.858115164522936,4320.0,0.6155610328405601,0.0003500134877132,0.0004002599943631,-9.422316115375492e-07,1.4921611629696634e-06,10126727646649.998,219257589413.7064,1386390394451.6318,7.017988094641052,13.04023010309396,71069254061862.08,1538747152165.0872,9729671282786.264,0.001860783192303,4.028851682417634e-05,0.0002547488225201,0.000515347228625,1.1157976693165314e-05,7.055314139995988e-05
383,383,0.02,4330,100000.0,17.15,2.43,0.81,1.51697768448707,,3481.0,1.871537438458431,4330.0,0.5781034557649036,0.0003930468315643,0.0004123830433537,-2.5072732241003323e-06,-1.4487355859468266e-06,10199879039598.447,220841417738.0948,1373886255657.9033,7.490008850182127,14.017831977500832,76397184277379.55,1654104173345.098,10290420214021.28,0.001877572568084,4.065202991447978e-05,0.0002529021310229,0.0005179470286041,1.1214265940419888e-05,6.97655630028032e-05
384,384,0.02,4340,100000.0,17.15,2.43,0.81,1.51801666214643,,3393.0,1.864711488954127,4340.0,0.5846736637922731,0.0003666379534936,0.0004030935625388,2.574273661589555e-06,1.1858477046064358e-06,10162677614799.992,220035955696.58698,1346438628671.2473,7.422944231573846,13.841649390481514,75436989178124.25,1633314628076.8184,9994538851863.436,0.0018739850009208,4.057435414837803e-05,0.0002482815937323,0.0005149440153429,1.1149246570727216e-05,6.822419643136719e-05
385,385,0.02,4350,100000.0,17.15,2.43,0.81,1.51905659979505,,3458.0,1.9083319991478545,4350.0,0.5985560133922263,0.0003337219846234,0.0004564174597721,1.2211934531328774e-06,-4.4360799143539066e-07,10400409395355.809,225183175899.4468,1355980664240.933,7.267490264356427,13.868784224966868,75584874026069.44,1636516538546.0903,9854576276026.545,0.0019210091362077,4.159249138945309e-05,0.0002504566066111,0.0005258309012263,1.1384962632056568e-05,6.855658345927163e-05
386,386,0.02,4360,100000.0,17.15,2.43,0.81,1.52009568747829,,3462.0,1.8961384148692983,4360.0,0.5463403653229761,0.0003398596403192,0.0004639451777891,2.5062441419749e-06,4.465920264699969e-06,10333954361037.676,223744332954.5772,1325843596658.0205,7.980373182608483,15.131892156536706,82468812253125.06,1785563274471.3315,10580726683102.844,0.00191203962713,4.139828917455831e-05,0.0002453141757374,0.0005213244727475,1.128739225398296e-05,6.688579123006787e-05
387,387,0.02,4370,100000.0,17.15,2.43,0.81,1.52113746751033,,3395.0,1.8291673169910203,4370.0,0.5717137499768796,0.0003545037849172,0.0004576913159382,3.422571437820248e-06,3.885271775922221e-06,9968961877601.062,215841743404.94043,1258300754122.2825,7.643685323602458,13.98157937529755,76199607595371.66,1649826366285.1108,9618055006962.396,0.001847690454386,4.000504103074377e-05,0.0002332188968805,0.0005018026445589,1.0864717808798842e-05,6.333845527965864e-05
388,388,0.02,4380,100000.0,17.15,2.43,0.81,1.52218013613689,,3384.0,1.8507024515325827,4380.0,0.5785077378968708,0.0003339978610426,0.0004196650509858,-2.737110910254148e-06,-7.386425655141748e-07,10086328360852.576,218382889280.8448,1252157030590.999,7.571203828531697,14.012045486516486,76365647901514.86,1653421367408.9456,9480336103933.451,0.0018725890682772,4.0544130285635216e-05,0.0002324706754889,0.0005065935560771,1.0968447636166807e-05,6.289054452719971e-05
389,389,0.02,4390,100000.0,17.15,2.43,0.81,1.52322186278456,,3468.0,1.92319083439522,4390.0,0.5779600790838231,0.0004092205427202,0.0004149593129832,-1.2212241387388573e-06,-8.135086053599509e-07,10481390047453.95,226936518458.636,1279422776158.2446,7.595680322694583,14.607942777602346,79613288137932.81,1723737247757.0771,9718086405272.451,0.0019490504922625,4.219962533706001e-05,0.0002379130611868,0.0005252710599222,1.13728412973996e-05,6.411780829438564e-05
390,390,0.02,4400,100000.0,17.15,2.43,0.81,1.52426622902487,,3488.0,1.9332018657893817,4400.0,0.5956667662649124,0.0003333141428856,0.0003739286161444,-3.253695522723822e-06,4.6358499639742e-06,10535950168552.129,228117820163.14703,1264319037126.3403,7.386680354168319,14.279944242667964,77825696122540.39,1685033420634.8198,9339120592942.145,0.0019624706097914,4.249018934961349e-05,0.0002354974076439,0.0005268396556,1.1406803552441546e-05,6.322100953707998e-05
391,391,0.02,4410,100000.0,17.15,2.43,0.81,1.52531141053088,,3535.0,1.9385221867859963,4410.0,0.6155612106122135,0.00037494321558,0.0003663707913607,7.98917033470377e-07,-3.736908476575125e-06,10564945917983.68,228745618040.7476,1247217440436.0017,7.164194110954432,13.887949234526742,75689323328170.73,1638778009674.1553,8935307841851.262,0.0019711495511725,4.2678100374012e-05,0.0002326989761249,0.0005270863881293,1.141214565124052e-05,6.222382404933143e-05
392,392,0.02,4420,100000.0,17.15,2.43,0.81,1.5263117233302,,3553.0,1.912349980206112,4420.0,0.5438693591668198,0.0003662473403853,0.0004537114194947,-6.343073304553608e-09,7.024760925827078e-06,10422307392123.309,225657297664.3212,1210075384497.7302,8.126951675989277,15.541575876714118,84701588528091.94,1833905953452.2656,9834224174117.195,0.0019476915013707,4.2170201314082406e-05,0.0002261354855245,0.0005187886027229,1.1232487178221732e-05,6.023362143276058e-05
393,393,0.02,4430,100000.0,17.15,2.43,0.81,1.52730880463685,,3503.0,1.9384363225191128,4430.0,0.5938510549331113,0.0004169881148495,0.0003794483093995,-2.967125344405381e-06,-2.0488610633159576e-06,10564477957729.164,228735486057.2553,1206001916651.5437,7.459782993058714,14.460314311855353,78808712999611.67,1706317088798.932,8996512587433.396,0.0019773019112307,4.2811307435822216e-05,0.000225721507895,0.0005246692636253,1.135981157941225e-05,5.989431186966023e-05
394,394,0.02,4440,100000.0,17.15,2.43,0.81,1.52830626747888,,3516.0,1.9635033899548668,4440.0,0.570935219171588,0.0003806083370997,0.000508602434137,2.645028387467264e-06,4.10504576894043e-06,10701093475254.023,231693400014.6743,1200751486707.717,7.776714154089713,15.269604604265146,83219345093245.05,1801813343303.287,9337901082224.168,0.0020060986175542,4.343479575622065e-05,0.0002251009117041,0.0005302479758615,1.1480598376451184e-05,5.949822294439491e-05
395,395,0.02,4450,100000.0,17.15,2.43,0.81,1.52930408515429,,3561.0,1.981930864936908,4450.0,0.587211562761695,0.0003278181888451,0.0004417085400105,5.2645031287071485e-06,-7.473865007384817e-07,10801523213906.148,233867842062.55515,1190978942969.7788,7.5781886498817475,15.01944598551519,81855980621057.78,1772294626290.7925,9025463107861.738,0.0020281002837948,4.39111621078509e-05,0.0002236188993345,0.0005340018892055,1.1561875766286252e-05,5.887919629068243e-05
396,396,0.02,4460,100000.0,17.15,2.43,0.81,1.53030223075496,,3533.0,1.942023033328586,4460.0,0.6288170057796378,0.0003740351296779,0.0004557788696699,2.1081469637098483e-06,8.504186468454796e-06,10584025531640.797,229158717932.7732,1146987949512.7202,7.092683497753493,13.774154720746845,75069143228070.3,1625350257048.1274,8135222501630.987,0.0019904428334298,4.309582648527112e-05,0.0002157037449799,0.0005220569275288,1.1303250907963182e-05,5.657516632448543e-05
397,397,0.02,4470,100000.0,17.15,2.43,0.81,1.53129881834037,,3506.0,1.9112802056347589,4470.0,0.5259410284070327,0.0003425176227536,0.0004048335723447,-1.180535910954688e-06,6.339490384106665e-06,10416477120709.436,225531064264.90155,1109892019187.2305,8.49905171600457,16.244069311465665,88530177747487.88,1916800178752.9485,9433029670253.008,0.0019617591305142,4.247478484416119e-05,0.0002090285206114,0.000512602985653,1.1098560056341502e-05,5.461865429116695e-05
398,398,0.02,4480,100000.0,17.15,2.43,0.81,1.532297531686,,3467.0,1.935627472695697,4480.0,0.606746526796087,0.0004297399796458,0.000399025399287,3.382323351668541e-06,5.555081551989361e-06,10549169726191.549,228404041778.09225,1104850614555.6863,7.383643419693808,14.29198305174814,77891307632027.36,1686454000106.2805,8157822969908.755,0.0019898311142837,4.308258192394078e-05,0.0002084018161182,0.0005179336858272,1.1213977050937865e-05,5.424496580660094e-05
399,399,0.02,4490,100000.0,17.15,2.43,0.81,1.53329649098086,,3479.0,1.9551306571502365,4490.0,0.6065454605577543,0.0003875187243404,0.0004063560338978,-2.098739398085186e-06,-1.5036977233449669e-06,10655462081468.79,230705417543.7279,1096609714326.9004,7.402577864272829,14.47300692438153,78877887737879.34,1707814817077.0205,8117738797022.863,0.0020129870335929,4.358393944293094e-05,0.0002071670959902,0.000521930008154,1.1300502928839749e-05,5.371456561567928e-05
400,400,0.02,4500,100000.0,17.15,2.43,0.81,1.53429754702107,,3455.0,1.9323483527650696,4500.0,0.6362465397196502,0.0003799573198962,0.0003897019021954,1.6349452582401591e-06,-1.776703695948131e-07,10531298522569.629,228017105626.27823,1064683877574.334,7.07273001749108,13.666978198850948,74485031183737.66,1612703427464.412,7530221620058.789,0.0019925189353951,4.314077694983892e-05,0.0002014379121178,0.0005146457309985,1.1142788304188896e-05,5.202919766089048e-05
401,401,0.02,4510,100000.0,17.15,2.43,0.81,1.53529692139643,,3455.0,1.90692608265766,4510.0,0.6164275295459447,0.0003101233310486,0.0004057103196922,2.663362634979124e-07,-4.576050261435618e-06,10392747150484.244,225017277753.60385,1031781130361.624,7.316350720614356,13.95174001901068,76036983103608.19,1646305322243.2605,7548872616637.562,0.0019690975983825,4.2633672772319046e-05,0.0001954899620315,0.000506676570842,1.0970245020066882e-05,5.0302323093353226e-05
402,402,0.02,4520,100000.0,17.15,2.43,0.81,1.53629834964715,,3460.0,1.9036806544607272,4520.0,0.6194355542520498,0.0003265748797846,0.0004677086948376,5.541901486970704e-06,-1.2100412259407129e-06,10375059566810.965,224634317226.3658,1012227306372.24,7.296965711724066,13.891092461672356,75706453916114.34,1639148910477.338,7386187947069.047,0.0019686774409875,4.262457578651947e-05,0.0001920710961102,0.0005046235197865,1.092579363941468e-05,4.923284564067315e-05
403,403,0.02,4530,100000.0,17.15,2.43,0.81,1.53729992492241,,3555.0,1.999060202340085,4530.0,0.5726905978899595,0.0003980360940996,0.000392213173038,-8.282316605378008e-07,1.859462454078988e-06,10894878102753.465,235889103876.13004,1044548648169.5056,7.91003033171923,15.812626835442854,86178816253163.55,1865889966582.2568,8262411489977.107,0.0020703057334851,4.482496817453978e-05,0.0001984909821673,0.0005286408442216,1.144580176479853e-05,5.068354817658138e-05
404,404,0.02,4540,100000.0,17.15,2.43,0.81,1.5383035237109,,3448.0,1.9499111020678608,4540.0,0.611142539730281,0.0003742112324394,0.0004642414613496,-1.7288953300303273e-06,-6.265886529305139e-06,10627015506269.842,230089510044.0076,1000925520689.9828,7.428708860626302,14.485321881365111,78945004253439.88,1709267982001.0835,7435584284376.67,0.0020223941350692,4.378761613544338e-05,0.0001904830101631,0.00051441494915,1.11377915595801e-05,4.845114327018642e-05
405,405,0.02,4550,100000.0,17.15,2.43,0.81,1.53930531389456,,3488.0,1.96252733681942,4550.0,0.620357616149704,0.0003678475038357,0.0004366438370924,4.705915027356411e-06,-2.915380370067134e-06,10695773985665.836,231578225744.6915,989344143702.7004,7.334479148075776,14.394115829430715,78447931270397.4,1698505667872.8247,7256323992258.34,0.0020381694416483,4.412917323201947e-05,0.00018852782451,0.0005165125483988,1.1183207469920766e-05,4.7776688773737296e-05
406,406,0.02,4560,100000.0,17.15,2.43,0.81,1.54030908324773,,3476.0,1.9302081377231497,4560.0,0.6276551835617283,0.0003186160998106,0.0004729222598377,8.94604740259381e-08,4.640887752591283e-07,10519634350591.166,227764560251.33167,955291334400.5122,7.2651355703358655,14.023223799524205,76426569707406.9,1654740408343.8562,6940321053586.776,0.0020074731654025,4.346455660871644e-05,0.0001822992753396,0.0005068018032842,1.0972956474778589e-05,4.602283261953915e-05
407,407,0.02,4570,100000.0,17.15,2.43,0.81,1.54208371439964,,3583.0,1.9825221574725336,4570.0,0.6306108607595888,0.0003495297022186,0.0004535007555675,1.0941230491562322e-06,2.830904766967668e-06,10804745758225.309,233937614581.75897,963136855343.5488,7.246941472741692,14.36722204361704,78301360137712.86,1695332201146.8103,6979796420915.18,0.0020648207141133,4.4706209956949445e-05,0.0001840584659685,0.000519281675881,1.1243162890636318e-05,4.628885598394532e-05
408,408,0.02,4580,100000.0,17.15,2.43,0.81,1.54309022742337,,3436.0,1.9435820166233628,4580.0,0.6859155619331432,0.0003591163564182,0.0004088195643608,-3.999464737023114e-06,-9.215854331996434e-07,10592521990597.326,229342677961.5568,927711623118.428,6.6772067207398,12.977698903706532,70728459025200.6,1531368470637.3706,6194522284794.795,0.0020269058125237,4.388530016106511e-05,0.0001775199601108,0.0005078568170663,1.099579897501387e-05,4.447898928041634e-05
409,409,0.02,4590,100000.0,17.15,2.43,0.81,1.54409867372624,,3477.0,1.9790182003648096,4590.0,0.6270849554712186,0.0003884587112486,0.000369048010004,3.0662976204837244e-06,-2.815795308318879e-06,10785649191988.213,233524147643.04752,927817498936.9324,7.3195823946228735,14.485586778028502,78946447940255.34,1709299239807.363,6791236630641.795,0.0020667017654766,4.474693730756889e-05,0.0001777845755003,0.0005158573761485,1.116902208908694e-05,4.4375771177668674e-05
410,410,0.02,4600,100000.0,17.15,2.43,0.81,1.5451051452317,,3569.0,2.022548825049389,4600.0,0.5806698839533055,0.0003977836744148,0.0004353351697442,5.26142847339523e-06,5.0140654816889855e-06,11022891096519.17,238660761355.82788,931047573908.0796,7.9218849248429555,16.022399046917585,87322074805700.84,1890643087536.2751,7375651740054.022,0.002114975484755,4.579212976166808e-05,0.0001786412273072,0.000525923875382,1.1386975650472965e-05,4.442211611701264e-05
411,411,0.02,4610,100000.0,17.15,2.43,0.81,1.54611350370685,,3569.0,1.99789033641762,4610.0,0.6496932565132738,0.0003957224929594,0.0004890944197386,1.4340427226280253e-06,7.388994482815081e-08,10888502333476.027,235751059697.2791,902727607527.8002,7.0956562251247774,14.17634300271832,77261069364814.84,1672808474320.7617,6405444767946.633,0.0020920429849168,4.529560958168566e-05,0.0001734439595804,0.0005182459238314,1.1220737433414996e-05,4.296595515189216e-05
412,412,0.02,4620,100000.0,17.15,2.43,0.81,1.54712373924501,,3637.0,2.016317705799612,4620.0,0.6688331251207273,0.0003561543511107,0.0004740450638621,-3.930552820923572e-06,5.648930348525523e-06,10988931496607.885,237925489284.35425,893928496531.8842,6.907552611372336,13.927820634052386,75906622455585.5,1643482834818.1816,6174858120598.962,0.0021139664940803,4.577028372504147e-05,0.0001719671189464,0.0005217544570238,1.1296702005287095e-05,4.2443724166459376e-05
413,413,0.02,4630,100000.0,17.15,2.43,0.81,1.54813190264418,,3549.0,2.0164388481502136,4630.0,0.5817523287296353,0.0003701127237116,0.0004057809095604,4.389489700902931e-06,2.4794670847088355e-06,10989591722418.664,237939784081.7252,877204204753.7675,7.958713306933327,16.048258693390416,87463009878977.75,1893694525820.0688,6981416777271.676,0.0021168759841352,4.583327818861654e-05,0.0001689719291789,0.0005204957786848,1.1269449887121878e-05,4.154668318455635e-05
414,414,0.02,4640,100000.0,17.15,2.43,0.81,1.54914387208222,,3625.0,2.0761916576965693,4640.0,0.5601516891438223,0.0003812458922859,0.0003848716545076,2.624053705052912e-07,4.019207183300539e-06,11315244534446.305,244990615608.1952,886299134006.1838,8.283470513303499,17.198072376496246,93729494451904.52,2029372540426.557,7341632742506.649,0.0021824619881493,4.725330543148958e-05,0.0001709476241728,0.0005345978453288,1.1574779036478255e-05,4.187391672483494e-05
415,415,0.02,4650,100000.0,17.15,2.43,0.81,1.55015370800875,,3612.0,2.06275874939462,4650.0,0.6498136565678578,0.0003515529810282,0.0004454179168227,9.125602730843638e-07,4.482078562336363e-07,11242035184200.678,243405532428.5652,863775015088.0427,7.155897622343086,14.760890430260355,80446852844918.95,1741785070770.7222,6181085576707.888,0.0021710883060818,4.7007049562872014e-05,0.0001668142648209,0.0005298223335391,1.147138263442586e-05,4.070858048816092e-05
416,416,0.02,4660,100000.0,17.15,2.43,0.81,1.55116533905378,,3547.0,2.003717101228286,4660.0,0.5936443208565834,0.0004361283700483,0.0003924097067555,1.749457953414482e-07,8.394302057015018e-07,10920258201694.16,236438617944.93777,823211815604.4586,7.8498182097926525,15.728814988494747,85722041687296.38,1856000168642.3804,6462063100648.35,0.0021114430367076,4.571564740027588e-05,0.0001591688423194,0.0005133847427586,1.1115486173490688e-05,3.870095178925672e-05
417,417,0.02,4670,100000.0,17.15,2.43,0.81,1.5521767576442,,3575.0,1.9844058191587344,4670.0,0.6534519421002187,0.0003439855162216,0.000399305422113,-2.460661773050907e-06,3.628294362868343e-06,10815011714415.104,234159886660.73065,799827878882.9719,7.146661749891579,14.181877164043994,77291230544039.77,1673461505357.1912,5716099308509.85,0.0020937196903392,4.5331912561473866e-05,0.0001548417535847,0.0005071612932676,1.0980739927629624e-05,3.750728636799621e-05
418,418,0.02,4680,100000.0,17.15,2.43,0.81,1.55318993615132,,3621.0,2.0595857197366594,4680.0,0.6880024182719353,0.0003559724540876,0.0004456353753765,1.2389859519250556e-06,3.354596451725285e-06,11224742172564.793,243031114928.9258,814094259867.6956,6.802301671780191,14.009923384539286,76354082445739.11,1653170959375.6355,5537714744884.683,0.0021757583744381,4.710816296948676e-05,0.0001578007206097,0.0005250579879673,1.1368227996357291e-05,3.80807583399692e-05
419,419,0.02,4690,100000.0,17.15,2.43,0.81,1.55420084231418,,3647.0,2.0982689437232778,4690.0,0.6242574238767702,0.0003173173651596,0.0003987460229967,3.5156726813817497e-06,6.512973596514359e-06,11435565743291.863,247595735359.3468,813669650183.2085,7.51292627146364,15.764139871894876,85914562301827.08,1860168504883.596,6113040091154.057,0.0022192976284594,4.805084773545136e-05,0.0001579086829228,0.0005335805868998,1.1552753991594094e-05,3.796561877509808e-05
420,420,0.02,4700,100000.0,17.15,2.43,0.81,1.55521345874571,,3619.0,2.0818616628804856,4700.0,0.6681649209722309,0.0003364265435089,0.0004701888902373,1.2166912868836947e-06,-5.507165921301916e-07,11346146062698.646,245659676219.8973,791835440624.4923,7.034191488474345,14.644213589214958,79810964061221.52,1728017203527.3652,5569922116713.137,0.0022044175280477,4.772867308433709e-05,0.0001538439497426,0.0005280863313086,1.1433795797141187e-05,3.685458221045418e-05
421,421,0.02,4710,100000.0,17.15,2.43,0.81,1.55622777412061,,3649.0,2.0814349727593746,4710.0,0.5983999506161126,0.0003746861409123,0.0004020692727671,2.322680010606972e-07,1.3906785170311032e-06,11343820601538.592,245609326785.6062,776212677158.2042,7.870989954378478,16.38295376128108,89287097998981.89,1933188543831.1672,6109562184373.45,0.0022066005249594,4.777593797159804e-05,0.0001509889270168,0.0005266397679451,1.140247570963817e-05,3.603587173436417e-05
422,422,0.02,4720,100000.0,17.15,2.43,0.81,1.5572417456313,,3657.0,2.05457857801473,4720.0,0.6015861989899349,0.0003718504998631,0.0004567149842394,2.653662083852517e-07,-1.24276424662293e-06,11197453250180.28,242440272205.73816,751655418483.6835,7.84592467035463,16.120068752427905,87854374700732.1,1902168112786.493,5897431791486.866,0.0021806366602444,4.721378457043021e-05,0.0001463803710357,0.0005185302459957,1.1226893399541469e-05,3.480756385780165e-05
423,423,0.02,4730,100000.0,17.15,2.43,0.81,1.55825737918479,,3639.0,2.063862473777542,4730.0,0.571032354117051,0.000352553770965,0.0004094291150537,-5.982091060046106e-07,9.070199355220493e-08,11248050482087.604,243535771905.75,740444246141.0232,8.283243437779777,17.09547529239776,93170340343567.8,2017266084502.936,6133279942889.425,0.0021930852473024,4.748331361131812e-05,0.0001443678933738,0.0005195428377076,1.1248817403579229e-05,3.420081599180703e-05
424,424,0.02,4740,100000.0,17.15,2.43,0.81,1.55927261778023,,3631.0,2.0948063341211376,4740.0,0.5967125439883603,0.0003972159048317,0.0004614004950174,3.034245581049785e-06,6.820409421261978e-06,11416694520960.2,247187147426.29425,736856586069.3833,7.943523305741769,16.640142936106734,90688779001781.69,1963536866460.5947,5853237464431.463,0.0022283316705214,4.8246447178261934e-05,0.0001438210389492,0.0005259889114571,1.138838377099931e-05,3.3948389605688193e-05
425,425,0.02,4750,100000.0,17.15,2.43,0.81,1.56028948085293,,3677.0,2.1297405590605405,4750.0,0.6290389922196482,0.0003501131226276,0.0004646596048772,-3.4114952022952245e-06,-1.2546833933446234e-06,11607086046879.943,251309385969.14377,734824637587.9875,7.551201211293739,16.082099489319358,87647442216790.5,1897687739739.684,5548808693442.894,0.0022680638129747,4.9106702739636977e-05,0.0001435872158321,0.0005333942707473,1.1548719990494088e-05,3.3768273114406985e-05
426,426,0.02,4760,100000.0,17.15,2.43,0.81,1.56130589714653,,3635.0,2.0946765560460374,4760.0,0.7080601704665241,0.0003221144816802,0.0003882751540415,1.0055759249742032e-06,6.569969731939039e-06,11415987230450.904,247171833613.43243,708642064834.1602,6.72259251196653,14.08165693066693,76745030272134.77,1661635517818.698,4763911838718.625,0.0022331550896828,4.835088084083973e-05,0.0001386220571118,0.0005232754822267,1.1329634294083004e-05,3.2482080674820785e-05
427,427,0.02,4770,100000.0,17.15,2.43,0.81,1.56314920192325,,3648.0,2.076880095531615,4770.0,0.6552764761127037,0.0003611317766861,0.0004514024414195,2.710059451518312e-06,1.1802462112206622e-06,11318996520647.3,245071851272.73056,688656636459.7196,7.279370119154999,15.11837890848062,82395165051219.36,1783968711200.7126,5012986541802.67,0.0022164981383072,4.799023492114883e-05,0.0001348534872204,0.0005174907028872,1.120438586067799e-05,3.148454071873212e-05
428,428,0.02,4780,100000.0,17.15,2.43,0.81,1.56416950654452,,3621.0,2.033810041816269,4780.0,0.6742421510525674,0.000334276271395,0.0004038910175576,3.957837695308248e-06,-3.407076694483156e-06,11084264727898.664,239989584934.3197,660700190907.2599,7.089441074750201,14.418576448691676,78581241645369.64,1701392020945.618,4683995071513.228,0.0021728760020239,4.704575564015213e-05,0.0001295187028275,0.0005054545620653,1.0943786848386393e-05,3.0128649382664284e-05
429,429,0.02,4790,100000.0,17.15,2.43,0.81,1.56519136657115,,3605.0,2.077810189542895,4790.0,0.7090470998600722,0.000378016657063,0.0004429240038349,-1.0088741402468768e-06,-1.0940772586811904e-05,11324065533008.775,245181602366.0616,661022974157.1261,6.755545577924639,14.03674143773326,76500240835646.25,1656335489652.525,4465570829973.766,0.0022222693091266,4.811518871136668e-05,0.0001297211733555,0.0005150533304076,1.1151613392312524e-05,3.0065358004435783e-05
430,430,0.02,4800,100000.0,17.15,2.43,0.81,1.56621058572968,,3635.0,2.115986645281264,4800.0,0.6003637357862317,0.0003970846590043,0.0004670728596154,5.116563785702007e-06,6.32383746783507e-07,11532127216782.889,249686424143.18912,659340246685.9894,7.99515312781835,16.917637245442354,92201122987660.8,1996281194962.1973,5271526235588.01,0.0022655187344145,4.905159828640785e-05,0.0001295292406284,0.0005231626775173,1.13271919168896e-05,2.9911412037598585e-05
431,431,0.02,4810,100000.0,17.15,2.43,0.81,1.5672334053583,,3630.0,2.111888446115972,4810.0,0.6565785132979727,0.0004040046046923,0.0004646722764997,5.47853649362965e-07,-5.332505083532717e-06,11509792031332.049,249202836641.68472,644610460352.3304,7.3258565465987076,15.471391798664866,84319085302723.52,1825624232242.4543,4722323760978.126,0.0022632693138889,4.9002895236494646e-05,0.0001267552941317,0.0005207885737253,1.1275789302677506e-05,2.916697029290161e-05
432,432,0.02,4820,100000.0,17.15,2.43,0.81,1.56825562177366,,3643.0,2.102131954422837,4820.0,0.6280205099192244,0.0004253767851334,0.0004837304426788,5.384261885734275e-06,1.301059889989033e-06,11456619151604.465,248051570621.8948,628241851516.5034,7.674908580007913,16.13367057330864,87928504624532.06,1903773127650.419,4821698776524.069,0.0022551082853411,4.882619773766084e-05,0.0001236624335508,0.0005170351133256,1.1194521719712017e-05,2.835243910934068e-05
433,433,0.02,4830,100000.0,17.15,2.43,0.81,1.56927720053429,,3738.0,2.1260022034008514,4830.0,0.6622032864670473,0.0003628562906383,0.0004676752326453,3.936514472072783e-06,-8.636970636627188e-07,11586712008534.64,250868260001.30048,622365759618.167,7.293832722831634,15.506704439977286,84511539197876.2,1829791123917.32,4539431743072.953,0.002283026465245,4.9430664752095525e-05,0.0001226299142693,0.0005215351622342,1.12919539713097e-05,2.8013609656682384e-05
434,434,0.02,4840,100000.0,17.15,2.43,0.81,1.57030022715821,,3687.0,2.108137742435789,4840.0,0.663670265967994,0.0003630487269875,0.0004628483675404,1.5978012961190943e-06,-9.991340124789129e-07,11489350696275.053,248760253607.4232,604453266059.8065,7.292778128217985,15.374180819306565,83789285465220.78,1814153336678.1743,4408143558250.884,0.0022661240415483,4.906470401884557e-05,0.0001192204950846,0.0005158003975916,1.116778842492068e-05,2.713619274066688e-05
435,435,0.02,4850,100000.0,17.15,2.43,0.81,1.57132468816069,,3659.0,2.131986051951073,4850.0,0.6742628742922534,0.000356060810062,0.0004195518539491,6.716893323910331e-07,-2.074482204400149e-06,11619323983133.35,251574354130.22665,598464816922.1869,7.193040259099019,15.33546150352164,83578265194192.95,1809584457415.554,4304781521775.6143,0.0022937859488052,4.966362237780084e-05,0.0001181437224663,0.0005202678497911,1.126451491290947e-05,2.6796912103297847e-05
436,436,0.02,4860,100000.0,17.15,2.43,0.81,1.57234843546247,,3586.0,2.101571850565516,4860.0,0.7030820895324723,0.0003832773786867,0.0004182188339111,-3.1495090236161465e-06,-1.640621091106849e-06,11453566585582.06,247985478366.73083,577940032467.2391,6.91242185280491,14.526951185088729,79171883958733.56,1714180239840.4695,3994965310037.323,0.0022632283921812,4.900200922520892e-05,0.0001142011338288,0.000511504900682,1.1074785005592684e-05,2.58102274691848e-05
437,437,0.02,4870,100000.0,17.15,2.43,0.81,1.57337571707852,,3675.0,2.146891894527148,4870.0,0.6974871563716079,0.0003386877194112,0.0003690661315683,2.926141158214796e-06,1.3506718056629796e-06,11700560825172.955,253333243554.20343,578246767836.6674,6.982207422046574,14.990044520299085,81695742635630.02,1768825253395.2915,4037438874163.621,0.0023142355465657,5.010638431096473e-05,0.00011437051991,0.0005211517715047,1.1283653034414566e-05,2.5755545561254328e-05
438,438,0.02,4880,100000.0,17.15,2.43,0.81,1.57440009418299,,3736.0,2.160828346252836,4880.0,0.7024327777162398,0.0003964279874818,0.0004606503837038,1.2316490370622977e-06,4.888647668715158e-06,11776514487077.955,254977744857.83463,569765085019.2764,6.947284003269225,15.01188820373302,81814790710344.95,1771402808040.496,3958319860775.749,0.0023314630379592,5.047938320719157e-05,0.0001127996095533,0.0005231495320947,1.132690730039957e-05,2.5310743510638287e-05
439,439,0.02,4890,100000.0,17.15,2.43,0.81,1.57542797761448,,3626.0,2.0643421540033056,4890.0,0.6724393640834023,0.0003479444478925,0.0004581549372554,-1.7288580715019995e-06,4.162126375311529e-06,11250664739318.016,243592374172.39005,532634880486.2938,7.272031146876011,15.011960441721154,81815184407380.28,1771411332123.096,3873337440808.91,0.0022291893551173,4.826501723006425e-05,0.000105535453527,0.0004984588447655,1.079231994171212e-05,2.359830048807509e-05
440,440,0.02,4900,100000.0,17.15,2.43,0.81,1.57645288509541,,3634.0,2.102760818468888,4900.0,0.7366278956715178,0.0003707971026862,0.0003864115121113,1.3812442463736984e-06,2.9093517733658428e-06,11460046460655.44,248125776579.3288,530641183246.3688,6.651933803746474,13.9874257695668,76231470444139.06,1650516240808.8823,3529790024496.548,0.0022728002996306,4.920925419383869e-05,0.0001052387915196,0.0005063871000245,1.0963977578513048e-05,2.34475358245932e-05
441,441,0.02,4910,100000.0,17.15,2.43,0.81,1.5774790998375,,3614.0,2.1231697007250885,4910.0,0.6900640136173024,0.0004030254937254,0.0004343054962117,1.0120792960152312e-06,-9.54662971077924e-07,11571274868951.732,250534024685.5604,523943074040.366,7.1152819203857245,15.10695098547999,82332882870865.95,1782620216286.639,3728002682030.736,0.0022969031256834,4.9731113546907705e-05,0.0001040029295019,0.0005099364905494,1.104082676785949e-05,2.3089736908828204e-05
442,442,0.02,4920,100000.0,17.15,2.43,0.81,1.57850660727466,,3696.0,2.179297766101431,4920.0,0.6647087282290158,0.0004038231005205,0.0004683079831088,3.2527024869718866e-06,2.1869784705924564e-06,11877172825252.8,257157136399.96887,526225526102.94446,7.401738221654409,16.130591571719037,87911724065868.73,1903409805462.846,3894983589766.364,0.0023597105731262,5.109098121631173e-05,0.0001045484439827,0.0005220230494305,1.1302517400513748e-05,2.3128555748584508e-05
443,443,0.02,4930,100000.0,17.15,2.43,0.81,1.57953539270924,,3794.0,2.2271717224409966,4930.0,0.6528820483827076,0.0003816828779566,0.0004536442875684,7.163947797368337e-07,7.988579126117779e-07,12138085887303.432,262806263248.0376,525962814386.5875,7.551134254973608,16.817672685032782,91656316133428.69,1984485376833.868,3971615824556.887,0.0024133812668731,5.225302559468477e-05,0.0001045756979393,0.0005320618186454,1.1519870568836498e-05,2.305509568482366e-05
444,444,0.02,4940,100000.0,17.15,2.43,0.81,1.58056324910895,,3829.0,2.223676451954786,4940.0,0.7383865237188729,0.0003153103515008,0.0004146143982026,1.868093682506368e-07,-3.588802432074733e-06,12119036663153.584,262393821330.6648,513652196439.6796,6.690262946728447,14.87698017202568,81079541937539.97,1755483660299.0305,3436468257346.0693,0.0024116997170951,5.221661772793183e-05,0.0001022172711635,0.0005298078490869,1.1471069026101875e-05,2.245532982022172e-05
445,445,0.02,4950,100000.0,17.15,2.43,0.81,1.58247310910813,,3684.0,2.1049518218692147,4950.0,0.661000841940222,0.0003819801520431,0.0004391024327661,2.166486967509448e-06,1.035768691038439e-06,11471987429187.22,248384314980.5673,475798804286.2375,7.488644016655664,15.763234866189334,85909630020731.88,1860061714210.3416,3563087868850.052,0.0022848281816372,4.946967439141143e-05,9.47628755290146e-05,0.0005001727598774,1.082942856248427e-05,2.0744583495686376e-05
446,446,0.02,4960,100000.0,17.15,2.43,0.81,1.58350413155677,,3650.0,2.129170506735401,4960.0,0.6393395059185423,0.0003403587556141,0.0004484276666291,-2.462365169057671e-07,-1.312530913188636e-06,11603979261707.94,251242119794.77737,470724239639.3102,7.758006433333011,16.51811848891615,90023745764593.05,1949137981692.106,3651881679447.559,0.0023128345025405,5.007604977977753e-05,9.38218897212792e-05,0.000504571294595,1.0924662892149102e-05,2.0468318120477705e-05
447,447,0.02,4970,100000.0,17.15,2.43,0.81,1.58453856906118,,3791.0,2.241697777577913,4970.0,0.7561627792001673,0.0003264602622559,0.0003778350566409,-6.849554165444706e-07,7.895342397273057e-06,12217252887799.629,264520337754.19376,484495731240.9685,6.572658872811787,14.733914787959936,80299835594381.64,1738601944979.2722,3184425166780.3867,0.0024369620790016,5.276358262792484e-05,9.664183391435432e-05,0.000529800516381,1.1470910262930072e-05,2.101013140623712e-05
448,448,0.02,4980,100000.0,17.15,2.43,0.81,1.58557197542434,,3618.0,2.145446672494607,4980.0,0.6664875978040072,0.0003675273977452,0.00044237876607,-5.527255412170076e-06,-1.4732477884774806e-06,11692684365095.607,253162707354.3636,453063535534.1304,7.47200700569444,16.030792567223525,87367819491368.22,1891633522932.376,3385293911535.715,0.0023342209538965,5.053909588253103e-05,9.044547556993588e-05,0.0005056842627352,1.094876018399237e-05,1.959405494795677e-05
449,449,0.02,4990,100000.0,17.15,2.43,0.81,1.58660654670593,,3735.0,2.2041098516852,4990.0,0.6744297518116582,0.0003653460157161,0.0004419804856983,4.358318662231444e-06,2.9305235732191427e-06,12012398691684.34,260084962498.8536,454531507842.8676,7.398843225103615,16.307863243525176,88877854677212.2,1924327862735.971,3363007367399.3315,0.0023998839954951,5.1960791095124566e-05,9.080808247527696e-05,0.0005181007352319,1.121759390043556e-05,1.960417019479318e-05
450,450,0.02,5000,100000.0,17.15,2.43,0.81,1.58764002600254,,3800.0,2.218146385128553,5000.0,0.6704309568176541,0.0003580849580495,0.000458008695694,1.4491930393643869e-06,-2.1314030347812687e-06,12088897798950.611,261741273445.1692,447027942092.3884,7.457889509955781,16.54269065719657,90157664081721.31,1952037497549.196,3333884999987.944,0.0024168114851664,5.232729454121783e-05,8.9369790580327e-05,0.0005199883776496,1.1258463956451592e-05,1.922833150205556e-05
451,451,0.02,5010,100000.0,17.15,2.43,0.81,1.58867462374292,,3673.0,2.109472798237407,5010.0,0.7226143129992124,0.0003899420001682,0.0004145079326488,8.762688721746156e-07,5.854736766337884e-07,11496626750393.87,248917790192.01404,415421755357.1912,6.933159100054334,14.625310527416756,79707942374421.33,1725786642235.1772,2880185123515.255,0.002300140756909,4.98012127183968e-05,8.311381516939489e-05,0.0004931698138871,1.0677805144713345e-05,1.7820311489818038e-05
452,452,0.02,5020,100000.0,17.15,2.43,0.81,1.58971032383046,,3624.0,2.1226169018243413,5020.0,0.6892306506833847,0.0003956113591327,0.0004311796573403,2.7146955794425787e-06,1.4747201322216056e-06,11568262114942.66,250468794415.27228,408244813948.2741,7.283483395613033,15.46004495968517,84257245030284.17,1824285305242.85,2973444323737.3867,0.0023162082891902,5.014909690356889e-05,8.173915949436576e-05,0.0004948989140082,1.071524254182983e-05,1.746501877853579e-05
453,453,0.02,5030,100000.0,17.15,2.43,0.81,1.59074484667151,,3700.0,2.1980008320050506,5030.0,0.7418651346315528,0.0003638191152014,0.0004261765683778,-3.4491186161947726e-06,1.6256477376497888e-06,11979104534427.523,259364098176.596,413353292267.8111,6.780208106825439,14.902903059969704,81220821676834.89,1758542561076.4253,2802621343217.1978,0.0024001561149923,5.196668285671594e-05,8.28202499809169e-05,0.000511071390424,1.106539891193368e-05,1.763512800214218e-05
454,454,0.02,5040,100000.0,17.15,2.43,0.81,1.59178269516596,,3839.0,2.2885269737039464,5040.0,0.704328724307743,0.0003622544411692,0.000463992958234,4.1137307671683965e-06,-1.1642228607823443e-06,12472472006686.508,270046182897.06567,420658867179.1234,7.155749618125568,16.37612601815208,89249886798928.81,1932382870141.9448,3010129528178.1465,0.0025005520549296,5.41403931159071e-05,8.433607982324627e-05,0.0005306667123346,1.1489664597337647e-05,1.7897787859591523e-05
455,455,0.02,5050,100000.0,17.15,2.43,0.81,1.59281931861216,,3819.0,2.267297072392122,5050.0,0.68003087566467,0.0003857292563234,0.0003872436339249,-2.8891209701114234e-06,1.2568184274695131e-06,12356769044537.066,267541054542.2704,407128054019.3298,7.426133401757783,16.837250520998772,91763015339443.31,1986795561477.855,3023387240745.592,0.0024790713373593,5.367530601989004e-05,8.167988619973541e-05,0.0005243006031261,1.1351829572272284e-05,1.7274538635669817e-05
456,456,0.02,5060,100000.0,17.15,2.43,0.81,1.59385696366851,,3794.0,2.229943134431005,5060.0,0.7575877994440816,0.0003623336657512,0.0004309060983827,3.044125124423316e-06,-3.196546574258258e-06,12153190082648.977,263133289862.8585,390950712378.1152,6.679093834025615,14.893999439405874,81172296944762.03,1757491933849.8936,2611196492452.592,0.002439903733417,5.282727349416783e-05,7.848820731235649e-05,0.0005142509597952,1.1134240964374028e-05,1.6542716579419925e-05
457,457,0.02,5070,100000.0,17.15,2.43,0.81,1.59489332028164,,3771.0,2.182892638186888,5070.0,0.671267421084849,0.0003370805793818,0.000440535044774,2.2603961178164514e-06,6.695408203572613e-07,11896764878118.54,257581331306.0528,373431821933.0274,7.55287660438856,16.487118736853766,89854797115853.05,1945480010948.7449,2820484471212.157,0.0023900509792853,5.174789276250956e-05,7.502216786253862e-05,0.0005020208618167,1.0869442512730228e-05,1.5758112982583888e-05
458,458,0.02,5080,100000.0,17.15,2.43,0.81,1.59593295038997,,3750.0,2.198180839427865,5080.0,0.7270739948007758,0.0003975369033393,0.0004048158038779,7.754241211076029e-07,-1.6716905902168237e-06,11980085574881.863,259385339052.4881,366927401068.9799,6.986909222894103,15.358489980587654,83703770394202.7,1812301817709.343,2563688442661.419,0.0024081244274749,5.21392077875314e-05,7.37563043353159e-05,0.0005041550654968,1.0915650959381218e-05,1.5441317740365357e-05
459,459,0.02,5090,100000.0,17.15,2.43,0.81,1.59697124291797,,3831.0,2.2833357603312527,5090.0,0.6853511318358869,0.0003509489865641,0.0004157257822625,1.979021161152696e-06,-3.4768691469032427e-06,12444179893805.328,269433619719.08783,372253172034.7227,7.426849921973782,16.95799201345611,92421056473335.8,2001043057587.821,2764668441680.573,0.0025029874008858,5.419312170725407e-05,7.487395774522169e-05,0.0005222393307931,1.1307200189650535e-05,1.562218234612849e-05
460,460,0.02,5100,100000.0,17.15,2.43,0.81,1.59801278952994,,3718.0,2.2281061721670063,5100.0,0.7026180528946497,0.000345988265236,0.000479212267141,-1.7012689378821336e-06,-2.4727768116949534e-06,12143178638310.184,262916528315.7068,354575505273.37115,7.258566697779813,16.172857260409085,88142072069229.52,1908397156728.272,2573709954425.742,0.0024439690012069,5.29152921362236e-05,7.136282593599366e-05,0.0005082039916762,1.100331578308244e-05,1.483933428781639e-05
461,461,0.02,5110,100000.0,17.15,2.43,0.81,1.59905294879362,,3675.0,2.197116791935781,5110.0,0.7550055075917044,0.0003228369291595,0.0004223264731553,1.6057603201240683e-06,-2.1085402116568064e-06,11974286516050.008,259259781448.42212,341441577573.16,6.768162547978937,14.870443584715384,81043917536698.84,1754712342996.4153,2310932097653.5063,0.0024114676026644,5.221159213108434e-05,6.876195098695019e-05,0.0004997438119286,1.0820141249096844e-05,1.4249977674963948e-05
462,462,0.02,5120,100000.0,17.15,2.43,0.81,1.60009401134903,,3689.0,2.1870470466692504,5120.0,0.7445790931760712,0.0004464691176759,0.0004487447176133,4.550404306497412e-06,-8.064373103886767e-07,11919406404347.414,258071551506.9716,332136943800.03784,6.876368201744915,15.03894076743656,81962227182529.25,1774595010557.5142,2283895918971.3184,0.0024015929751687,5.199779285686417e-05,6.692092911046711e-05,0.00049607558056,1.0740718991941346e-05,1.3823257772378112e-05
463,463,0.02,5130,100000.0,17.15,2.43,0.81,1.60113362100295,,3689.0,2.1576391168339986,5130.0,0.7041756722765058,0.0003539107617029,0.0003891125327607,5.1879840113261595e-09,-3.194638998113036e-06,11759133186745.293,254601415786.4118,320035215128.51105,7.285113931038538,15.718646788201047,85666624995695.7,1854800321007.724,2331493004155.632,0.0023707382483675,5.132974556098551e-05,6.452173925412424e-05,0.0004880482932301,1.056691717452382e-05,1.3282666165654433e-05
464,464,0.02,5140,100000.0,17.15,2.43,0.81,1.60217408315186,,3711.0,2.1667625356793017,5140.0,0.6803768797635712,0.0003850224519966,0.0004779744372087,3.1608613789498043e-06,2.943088739104166e-06,11808855819452.195,255677979210.1576,313720492601.14294,7.554636485863737,16.36910330824548,89211613029937.88,1931554190372.9668,2370044279767.74,0.0023820971620389,5.1575681673503885e-05,6.328409005279154e-05,0.0004887569148401,1.0582259807547602e-05,1.2984582285548734e-05
465,465,0.02,5150,100000.0,17.15,2.43,0.81,1.60415791703261,,3704.0,2.2096715191784355,5150.0,0.7711167153520364,0.0003774241043723,0.0004394142012771,4.306123112945961e-06,3.267938234452632e-07,12042709779522.473,260741239263.0554,312113364365.0236,6.678625813018307,14.757569246276477,80428752392206.78,1741393171060.6245,2084488371836.2344,0.0024306182016322,5.262622895277157e-05,6.299482743396188e-05,0.0004970534245021,1.0761890658945169e-05,1.288223493140322e-05
466,466,0.02,5160,100000.0,17.15,2.43,0.81,1.60520308304591,,3739.0,2.2506583085345104,5160.0,0.7142105826787883,0.0003707919190627,0.0004383163330916,2.476418860847558e-06,3.78278198225629e-07,12266087781513.08,265577680407.0722,309937829331.7057,7.224759930952573,16.260465965765626,88619539513422.66,1918734983960.3435,2239226410442.1245,0.0024768598381395,5.362742401843465e-05,6.258495581197945e-05,0.0005048728475972,1.093119192962751e-05,1.2757058098722624e-05
467,467,0.02,5170,100000.0,17.15,2.43,0.81,1.6062490536883,,3765.0,2.267301006625969,5170.0,0.738482960683541,0.0003703504619413,0.0004090860474221,1.947511806583774e-06,4.027193808076525e-06,12356790486111.531,267541518781.86432,304205927679.78546,7.000838577527421,15.873008354053836,86507895529593.42,1873014985778.3528,2129696594013.159,0.0024964284043444,5.4051110405989054e-05,6.145837946215246e-05,0.0005071803743319,1.0981153058930471e-05,1.248603158304303e-05
468,468,0.02,5180,100000.0,17.15,2.43,0.81,1.60729581042874,,3738.0,2.237763182494601,5180.0,0.7676494432516847,0.0003324720148834,0.0004304332829086,-1.986037025700795e-06,2.2300867163357e-07,12195809344595.574,264056055534.3629,292323576176.1246,6.747871760393713,15.10013898560408,82295757471542.23,1781816400301.2815,1972562004576.172,0.0024652299789468,5.3375621562518485e-05,5.90895465139158e-05,0.0004991735979287,1.0807795331301692e-05,1.1964782914870849e-05
469,469,0.02,5190,100000.0,17.15,2.43,0.81,1.60834333459219,,3688.0,2.1833819131644714,5190.0,0.7691839941808212,0.000397176229613,0.0004187903505905,-4.471245630865814e-06,2.7000599822970304e-06,11899431426746.37,257639065753.4076,277492856457.60645,6.747410293589554,14.732173595723207,80290346096691.48,1738396484295.3384,1872358156059.6223,0.0024063033186447,5.209977827524468e-05,5.611461232452623e-05,0.0004856772021512,1.0515579789696114e-05,1.1325915441501931e-05
470,470,0.02,5200,100000.0,17.15,2.43,0.81,1.6093916073593,,3624.0,2.111666017583618,5200.0,0.6831166276233489,0.00039860961428,0.0003705734647619,1.1775895598447662e-06,-4.732202172827051e-06,11508579795830.72,249176590074.8669,261632904396.0664,7.612170147419003,16.07436102036919,87605267561012.1,1896774600403.5645,1991594184426.2668,0.0023283935627435,5.041292484472259e-05,5.2933062220100406e-05,0.0004684111047005,1.0141745019205472e-05,1.0648729899633952e-05
471,471,0.02,5210,100000.0,17.15,2.43,0.81,1.61044060976595,,3658.0,2.1744142214237225,5210.0,0.7043836565699166,0.0003441161105872,0.0004098011163926,9.85947794703688e-06,-3.4050295730296267e-06,11850557506759.29,256580878127.99927,262481791733.7805,7.39653731514831,16.083135927349723,87653090804055.98,1897810039427.268,1941456367105.8948,0.0023987303370222,5.193581280158301e-05,5.313024609927904e-05,0.0004809879680232,1.0414051417751852e-05,1.065355647421074e-05
472,472,0.02,5220,100000.0,17.15,2.43,0.81,1.61148790978604,,3693.0,2.227570345666703,5220.0,0.6906013162642921,0.00041684368803,0.0004486053331097,-3.959051668099757e-07,-1.3812036780668114e-06,12140258383883.53,262853300788.67093,261920239847.0976,7.558630250282224,16.83738059938797,91763724266664.44,1986810910727.7805,1979758248069.4475,0.002458533101176,5.323062494289536e-05,5.304167005101942e-05,0.000491379126298,1.063903429416028e-05,1.0601268485908469e-05
473,473,0.02,5230,100000.0,17.15,2.43,0.81,1.61253830623567,,3791.0,2.2973636051982456,5230.0,0.6593991564377575,0.0003571878294279,0.0004442355130681,3.650257234780461e-06,1.782773118512236e-06,12520631648330.438,271088905413.39297,263622374303.64368,7.9314629825336675,18.22145439204997,99306926436672.36,2150131618261.8967,2090911103156.9849,0.0025364334015474,5.491727364818322e-05,5.340470148470242e-05,0.000505348131712,1.094148248477445e-05,1.0640124082685783e-05
474,474,0.02,5240,100000.0,17.15,2.43,0.81,1.61358694609894,,3806.0,2.300825947450137,5240.0,0.707209937792868,0.0003141194648405,0.0004192630021903,2.5267101960337018e-06,-3.105705040994015e-06,12539501413603.248,271497461799.11612,257505639523.22852,7.409398143291821,17.04773550307469,92910158491757.06,2011632789362.8127,1907961807370.5825,0.0025414285276198,5.502542500167713e-05,5.218964907148331e-05,0.000504688940417,1.0927210086094992e-05,1.0364068241295525e-05
475,475,0.02,5250,100000.0,17.15,2.43,0.81,1.61463622269755,,3802.0,2.2801286595446792,5250.0,0.7982145122605289,0.0003831741693886,0.0003812044412753,1.9226317757750942e-06,-1.919506582557804e-06,12426701194518.502,269055181826.27216,248733820281.8713,6.577179341342839,14.996815115161002,81732642377627.47,1769624183588.9983,1635966944251.206,0.0025196103501745,5.455303143497099e-05,5.043271727633522e-05,0.0004987328179269,1.079825183768508e-05,9.982674980359291e-06
476,476,0.02,5260,100000.0,17.15,2.43,0.81,1.61568611629009,,3752.0,2.221611757158106,5260.0,0.7565948076598943,0.0003579968796247,0.0004512864056566,2.405329039064064e-06,4.701779212323984e-06,12107784076511.678,262150187344.6565,236060692414.7955,6.952202085907631,15.445093892191505,84175761712443.69,1822521079278.5967,1641141638206.941,0.0024559501492684,5.317470047957411e-05,4.78826917550684e-05,0.0004845613967411,1.0491421067056864e-05,9.447302504684238e-06
477,477,0.02,5270,100000.0,17.15,2.43,0.81,1.61673660698881,,3791.0,2.226350785940993,5270.0,0.703599664903777,0.0003833181984298,0.0005091591682241,3.097002355547048e-07,-3.087631573655641e-06,12133611783378.414,262709392741.03723,230261170294.90103,7.49005473264504,16.67548924076534,90881416362171.12,1967707730410.3103,1724668768311.7092,0.0024619750248567,5.3305147327172826e-05,4.672122864825008e-05,0.0004842278419316,1.048419914640987e-05,9.189256386568617e-06
478,478,0.02,5280,100000.0,17.15,2.43,0.81,1.61778767475916,,3922.0,2.3585759463182168,5280.0,0.7201129751374538,0.0004062396735635,0.0004716229094963,2.000091793775035e-06,4.026953007050442e-06,12854238907434.28,278311961665.5496,237259185698.86465,7.332182841160672,17.293510083168723,94249629953269.56,2040634189813.9087,1739627730288.9688,0.0026092286167759,5.6493390234781015e-05,4.816025759101061e-05,0.0005115463466318,1.107568236744174e-05,9.441949112903616e-06
479,479,0.02,5290,100000.0,17.15,2.43,0.81,1.61883929941956,,3790.0,2.304458280917639,5290.0,0.7529135823515389,0.0003436060703887,0.0004209839503781,-6.373674184611073e-06,-1.979658053979753e-06,12559297631001.13,271926077148.28137,225291050532.5245,7.026038743354843,16.19121316417223,88242111744738.66,1910563153372.323,1582903649572.631,0.0025502495166322,5.521641155277199e-05,4.574685699811283e-05,0.0004984046045875,1.0791145567216212e-05,8.940475833665009e-06
480,480,0.02,5300,100000.0,17.15,2.43,0.81,1.61989146064109,,3707.0,2.259291424811975,5300.0,0.6874984990472512,0.0003467659154548,0.000440214868447,1.7142055750296286e-06,1.1194224422816318e-06,12313138265225.266,266596388127.81308,214479061356.57288,7.709107739645749,17.417121009133268,94923309499776.31,2055220279077.7256,1653442191895.9111,0.0025012275331484,5.415501814890125e-05,4.356817262939034e-05,0.0004872669457306,1.054999992591208e-05,8.487564656490075e-06
481,481,0.02,5310,100000.0,17.15,2.43,0.81,1.62094413794722,,3769.0,2.2877539178766506,5310.0,0.7546574352163589,0.0003452394556681,0.000467433401945,-2.8630393999592104e-06,9.808682783640127e-07,12468258852427.746,269954962309.4448,211192928574.6205,7.036305152784498,16.0973346806584,87730474009588.28,1899485492317.692,1486017891561.251,0.0025333797720972,5.485115836834466e-05,4.291151632264596e-05,0.000492003679787,1.0652556736673988e-05,8.333777733808198e-06
482,482,0.02,5320,100000.0,17.15,2.43,0.81,1.62199731071351,,3800.0,2.2855341458901868,5320.0,0.805211893228261,0.0003707545903842,0.0004611354075841,1.3807947633429437e-06,-3.0624507760856245e-06,12456161095101.52,269693029215.04205,205245327101.25052,6.606956559808152,15.10042481785469,82297315257308.08,1781850128506.8535,1356046960261.5774,0.0025317596676932,5.481608087849509e-05,4.171685298304264e-05,0.0004901337499744,1.0612070182933762e-05,8.076136866633505e-06
483,483,0.02,5330,100000.0,17.15,2.43,0.81,1.6230534572135,,3747.0,2.2230123140315223,5330.0,0.7994177166037844,0.0003376368888133,0.0004389385503907,-8.491502929291001e-07,-2.954745749803352e-06,12115417111471.797,262315453055.71964,194045156798.2911,6.667352861084651,14.82160751218448,80777760941405.42,1748949686437.7686,1293767531358.7058,0.0024633029306809,5.333389831566164e-05,3.945320239722347e-05,0.000475374454318,1.029251112101403e-05,7.613779177169122e-06
484,484,0.02,5340,100000.0,17.15,2.43,0.81,1.62511154282261,,3784.0,2.244258386242356,5340.0,0.8113789607432409,0.0003633620870383,0.0004472724268487,4.641873611698265e-06,1.4917350046953574e-07,12231208205020.842,264822489576.598,190529204332.93933,6.581388301107097,14.770335887876936,80498330588929.3,1742899634769.4785,1253946676416.0503,0.0024875347526618,5.385855060809159e-05,3.874907607088609e-05,0.0004785611016781,1.0361506421655509e-05,7.454690035445993e-06
485,485,0.02,5350,100000.0,17.15,2.43,0.81,1.6261692650852,,3712.0,2.2482237781713748,5350.0,0.809088411348057,0.0003305013878339,0.0004474034434492,4.334492157155983e-06,3.047695229954357e-07,12252819591033.992,265290405824.22223,185535162092.94647,6.612379963626144,14.866109864528267,81020298761679.06,1754200964014.3357,1226828988371.528,0.0024925004739204,5.396606530690229e-05,3.774204590296743e-05,0.0004780478129384,1.035039301407955e-05,7.238715774988695e-06
486,486,0.02,5360,100000.0,17.15,2.43,0.81,1.62722740485192,,3769.0,2.3043713629501164,5360.0,0.700475386076505,0.0003454094420839,0.0004891116570606,1.808571184839302e-06,-1.4678310783540624e-07,12558823928078.137,271915820828.1137,184711240584.69727,7.651946244710144,17.63292579714374,96099445594433.38,2080685244062.9607,1413400483747.8262,0.002555533411128,5.533081514001938e-05,3.75859833236259e-05,0.0004886017494856,1.0578900264091949e-05,7.186201177449745e-06
487,487,0.02,5370,100000.0,17.15,2.43,0.81,1.62828594070926,,3880.0,2.3757552264632262,5370.0,0.7859925110042241,0.0003652035352777,0.000365271227998,4.6305810218341376e-06,1.3411962774389154e-06,12947865984224.582,280339116722.6607,185136287138.6037,6.832126165094136,16.23145944457855,88461453972953.11,1915312214460.2693,1264874471468.0354,0.0026353799652682,5.705960291773562e-05,3.768222984109412e-05,0.0005023035474187,1.0875563045029944e-05,7.18223480988765e-06
488,488,0.02,5380,100000.0,17.15,2.43,0.81,1.62934485109385,,3727.0,2.271948820825856,5380.0,0.6961691118831368,0.0003678311046861,0.0004137896789032,-6.37365876222172e-08,-1.041127866641202e-06,12382121073500.91,268089960857.45093,171981509522.9903,7.7280073306428445,17.557637142187577,95689122424922.3,2071801182778.134,1329074366328.6912,0.0025206534452738,5.45756158793242e-05,3.501062394150517e-05,0.0004789923955962,1.0370844528505456e-05,6.652966382389032e-06
489,489,0.02,5390,100000.0,17.15,2.43,0.81,1.630404114292,,3775.0,2.2799384565931367,5390.0,0.7153495074699094,0.0004073664110964,0.0003859831772831,-6.607184131768319e-08,-6.920645070173559e-07,12425664588432.596,269032737877.9901,167549964646.2057,7.534778375767212,17.17883098081804,93624628845458.31,2027102055736.5288,1262451850476.7915,0.0025301418069604,5.47810519672164e-05,3.41169011354732e-05,0.0004793163246575,1.0377858038456673e-05,6.46319017217648e-06
490,490,0.02,5400,100000.0,17.15,2.43,0.81,1.63146370843972,,3757.0,2.23833014801656,5400.0,0.7983814998433445,0.0003435434947177,0.0003710868306928,-4.209771952554598e-06,2.856937344969153e-07,12198899306690.252,264122957465.95407,159739475523.7569,6.763683779069992,15.139357314342938,82509497363169.03,1786444163092.4668,1080427299477.1824,0.0024845652257275,5.379425626345828e-05,3.253434068798454e-05,0.0004692407732666,1.015970848540622e-05,6.144511331023725e-06
491,491,0.02,5410,100000.0,17.15,2.43,0.81,1.63252361152239,,3822.0,2.2761855558955264,5410.0,0.7735889887808298,0.0003848562739328,0.0004544502053907,5.6975306372733e-06,2.064738077177644e-07,12405211279630.62,268589895595.6721,157607920305.41495,6.993377721839239,15.918225357372036,86754328197677.61,1878350592169.901,1102211718649.3032,0.002527070402344,5.471455183056751e-05,3.2106370589011586e-05,0.0004758077194078,1.0301891906446102e-05,6.045125990258284e-06
492,492,0.02,5420,100000.0,17.15,2.43,0.81,1.63358637842757,,3746.0,2.278464789492317,5420.0,0.7435264961477515,0.0003463736855186,0.0004409727889745,-8.226850418165361e-07,-4.001765597976139e-06,12417633102733.129,268858845160.09332,153076107581.59552,7.289585546824888,16.609063998432607,90519398791457.69,1959869551815.047,1115861381391.0105,0.0025299633486294,5.477718809876644e-05,3.1187661813510825e-05,0.0004749216192763,1.0282706619194522e-05,5.854509654434232e-06
493,493,0.02,5430,100000.0,17.15,2.43,0.81,1.63464684081556,,3816.0,2.34382451351133,5430.0,0.869530654985283,0.000351660907404,0.0004255124994746,-5.26130736818133e-06,3.700151826924923e-06,12773843598636.748,276571292594.3369,152905211430.03537,6.244748208551547,14.63659393190908,79769436928904.48,1727118083965.2712,954854545155.9088,0.0026031163034307,5.6361050239418174e-05,3.1159771581635014e-05,0.0004871617389391,1.0547722054095558e-05,5.831413866775818e-06
494,494,0.02,5440,100000.0,17.15,2.43,0.81,1.63571013845086,,3871.0,2.382283808696069,5440.0,0.7617327765556183,0.0003548648893436,0.0004052653501017,9.899051191454815e-06,2.9315688342926324e-06,12983446757393.574,281109489426.1361,150777325850.6693,7.141612081599584,17.01334682998292,92722740223406.9,2007574925937.984,1076793171926.4174,0.0026462895638584,5.729581074042084e-05,3.0731474570717604e-05,0.0004937572924865,1.0690524864847428e-05,5.734024683237599e-06
495,495,0.02,5450,100000.0,17.15,2.43,0.81,1.63677367170429,,3738.0,2.2915934833525204,5450.0,0.7795723047156571,0.0003327020567365,0.0003631306783471,4.408865035619706e-06,-4.397009261153516e-06,12489184484271.238,270408031035.59744,140708993936.35776,6.991012850293399,16.020559489766082,87312049219225.17,1890426019792.3984,983698384760.9332,0.0025459751072916,5.512386470833371e-05,2.86841463816304e-05,0.0004736079788349,1.0254264495875945e-05,5.33588900908817e-06
496,496,0.02,5460,100000.0,17.15,2.43,0.81,1.63783741784768,,3697.0,2.247092758730198,5460.0,0.6864693827610608,0.000351065383425,0.0003862998076799,-9.73672903083532e-07,-1.228186050197602e-06,12246655535079.578,265156945530.16336,133841380767.25084,7.953741473566142,17.87279487006253,97406732041840.78,2108989794667.379,1064539741087.841,0.0024967228806897,5.4057486224108144e-05,2.72862118794404e-05,0.0004630920891754,1.002658101333931e-05,5.061045806350097e-06
497,497,0.02,5470,100000.0,17.15,2.43,0.81,1.63890135400087,,3782.0,2.2695008852044976,5470.0,0.8239908490750167,0.0003612741146192,0.0003881548549377,6.485733299533958e-06,-3.711405033031877e-06,12368779824364.512,267801104454.1307,130999649306.45764,6.638423237515841,15.06590741390431,82109195405778.48,1777777074840.7085,869631116062.4143,0.0025220111230659,5.460501147188619e-05,2.671100766284331e-05,0.0004663706720949,1.0097566845357826e-05,4.939403510999918e-06
498,498,0.02,5480,100000.0,17.15,2.43,0.81,1.63996545713164,,3823.0,2.27372756122908,5480.0,0.7840988696007116,0.000376142431063,0.0003878690796978,-1.201653354243057e-07,9.71259493602627e-08,12391815208698.488,268299852225.03143,127232385608.42734,6.988914552052081,15.890887640075809,86605337638413.16,1875124741528.9453,889216271271.0396,0.0025270841024653,5.471484845704802e-05,2.5946718343903416e-05,0.0004659050057223,1.0087484527566012e-05,4.783657950559919e-06
499,499,0.02,5490,100000.0,17.15,2.43,0.81,1.64102970405558,,3819.0,2.3261037373834377,5490.0,0.8407014382719353,0.0003808165763188,0.0004482787867658,1.858144526730995e-06,-3.150249482026379e-07,12677265368739.736,274480241011.24567,126129619193.9002,6.530261220064895,15.19006503008308,82785854413952.78,1792427673549.8037,823659360923.4794,0.0025855537861219,5.5980797571081495e-05,2.572438968210478e-05,0.0004752792256203,1.029044928866116e-05,4.728684459511955e-06
500,500,0.02,5500,100000.0,17.15,2.43,0.81,1.642094071436,,3688.0,2.273089154072593,5500.0,0.8044970367354836,0.0003399046893931,0.0004132603160848,-4.232334723567964e-07,-2.2159487675263342e-06,12388335889695.63,268224520180.56595,119313297937.80106,6.836569619097783,15.54013225223337,84693720774671.84,1833735605763.537,815693667835.9327,0.0025267524712616,5.47076681851147e-05,2.433540494082646e-05,0.0004631274795862,1.0027347264435551e-05,4.460426924734519e-06
501,501,0.02,5510,100000.0,17.15,2.43,0.81,1.64315853578386,,3672.0,2.27159136169118,5510.0,0.7267444649360186,0.0003748886512488,0.0004214378572973,2.3212509829758e-06,6.272360470121584e-07,12380172921216.932,268047780679.55923,115582015068.19003,7.581757090485843,17.222653913188495,93863463826877.31,2032273161756.243,876314762275.8915,0.0025253069120275,5.4676369838393895e-05,2.357641233407569e-05,0.0004615067695244,9.99225666126358e-06,4.3086540655528055e-06
502,502,0.02,5520,100000.0,17.15,2.43,0.81,1.6452904916716,,3830.0,2.363890412413233,5520.0,0.7718078561483708,0.00037433903475,0.0004254727341506,1.2416507409089726e-06,-8.221189780383167e-07,12883202747652.12,278939068664.7615,116513818432.05066,7.152039145529048,16.906636765320247,92141170370995.34,1994983138307.7888,833311390421.0902,0.0026282406232528,5.690502633831883e-05,2.3769427274536325e-05,0.000478897424992,1.0368788284232336e-05,4.331078902974919e-06
503,503,0.02,5530,100000.0,17.15,2.43,0.81,1.64636106025239,,3656.0,2.240586564812536,5530.0,0.6889522275068884,0.0003746895842638,0.0004241598127365,2.222586050144196e-06,-6.630444457206189e-07,12211196778228.32,264389214647.87924,106878450046.74393,8.02668135642933,17.984474407246818,98015385519495.16,2122167980055.125,857879262394.263,0.0024913331730278,5.39407916362e-05,2.1805383445953167e-05,0.0004526236170841,9.79992418640925e-06,3.961586364307543e-06
504,504,0.02,5540,100000.0,17.15,2.43,0.81,1.64743167618473,,3708.0,2.2470452282435938,5540.0,0.7500436011014244,0.0002894384631913,0.0004233146815778,1.660217011315407e-06,1.766631129220925e-06,12246396493927.586,265151336932.74405,103767140199.35188,7.38623726922624,16.597209210489815,90454790197169.48,1958470686837.7976,766448718261.4772,0.0024984673464581,5.409525630863498e-05,2.1170212115211103e-05,0.0004526381412324,9.800238654206304e-06,3.835329477052879e-06
505,505,0.02,5550,100000.0,17.15,2.43,0.81,1.64850231535038,,3790.0,2.262015287834656,5550.0,0.7997762760569458,0.0003443387525382,0.0004519238910155,-1.522933918678736e-06,2.5763278233275223e-06,12327983318698.877,266917803964.4894,101016272569.797,6.9394406487806695,15.69712083656312,85549308559268.98,1852260258714.448,700996428059.1571,0.0025152674578949,5.445900184066215e-05,2.061026013291825e-05,0.0004543438142634,9.837168822584892e-06,3.722921859605692e-06
506,506,0.02,5560,100000.0,17.15,2.43,0.81,1.64957565182227,,3812.0,2.314962308964729,5560.0,0.8448278030791698,0.0003438741704616,0.00042748317778,-1.6862079975436454e-06,2.2675977007368096e-06,12616544583857.771,273165552457.838,99936419608.7686,6.5812228003568265,15.23528272972536,83032290877003.2,1797763362107.592,657703843315.255,0.0025742848643039,5.5736809906030326e-05,2.0391067513108e-05,0.0004636458195717,1.0038570038433534e-05,3.672566832114562e-06
507,507,0.02,5570,100000.0,17.15,2.43,0.81,1.65064897951052,,3840.0,2.369682226300227,5570.0,0.8406868915935775,0.0003577139695681,0.0004421916476087,2.3142980347364137e-06,4.317470458201336e-06,12914768133336.238,279622502703.4268,99028095445.37096,6.625534495300263,15.70041133325208,85567241766223.84,1852648537323.7456,656114062377.1923,0.0026350333352967,5.705209790183801e-05,2.020495683201188e-05,0.0004732591202805,1.0246711228092887e-05,3.628864943580599e-06
508,508,0.02,5580,100000.0,17.15,2.43,0.81,1.65172227387316,,3806.0,2.3648777604151383,5580.0,0.870897812160365,0.0003445473204674,0.0004121818817509,3.474355940355608e-06,1.891147530632179e-06,12888583794262.504,279055575728.9863,95563378585.70547,6.4071810975826775,15.15220008462553,82579490461209.14,1787959609985.8127,612291872895.4695,0.0026296877798244,5.693635926959271e-05,1.949801877980055e-05,0.0004709638021172,1.0197014431163264e-05,3.4919967034650336e-06
509,509,0.02,5590,100000.0,17.15,2.43,0.81,1.65279551021382,,3812.0,2.369351673829036,5590.0,0.708316028720219,0.0003817193840703,0.0004445278371438,-4.664075048278933e-06,6.726283516566255e-06,12912966622368.244,279583497511.82623,92578051037.14508,7.891957506736049,18.69882272837268,101908583869631.12,2206461081947.9766,730622044841.5902,0.0026347582477064,5.704614187694765e-05,1.8889600713764896e-05,0.000470513715817,1.0187269443377384e-05,3.3732947718713137e-06
510,510,0.02,5600,100000.0,17.15,2.43,0.81,1.65386866368164,,3656.0,2.26166522056064,5600.0,0.8143277486278748,0.0004516133866502,0.0004520248709354,1.1222754642187793e-06,-9.54742215493917e-07,12326075452055.486,266876496026.1555,85488975882.92508,6.876837992363496,15.553105314758572,84764423965434.2,1835266427141.512,587893837279.9457,0.0025149739781839,5.445264760104698e-05,1.7442903915641546e-05,0.0004478561263572,9.696701451405238e-06,3.1061599236594583e-06
511,511,0.02,5610,100000.0,17.15,2.43,0.81,1.65494170927134,,3883.0,2.380655453073278,5610.0,0.7827309046515438,0.0003718068478096,0.0004234166281011,8.352782771337535e-07,2.564367645918412e-06,12974572219249.363,280917343462.6468,86953680727.33301,7.16721413024756,17.062667402517704,92991537343721.5,2013394753497.089,623215649185.9761,0.0026470039507782,5.731127820033729e-05,1.7739832383720833e-05,0.0004700667976707,1.0177593050486175e-05,3.150318758451355e-06
512,512,0.02,5620,100000.0,17.15,2.43,0.81,1.65601737046599,,3676.0,2.224969988090142,5620.0,0.924386276002224,0.000373632752124,0.0004707207629468,-6.486901413760928e-06,-6.33256789263171e-06,12126086435091.271,262546458594.63675,78525181094.78178,6.079709474166274,13.527171116327256,73723082583983.55,1596206191726.6162,477410287462.5671,0.0024738335130223,5.356189991498016e-05,1.601986144897219e-05,0.0004380700789752,9.484820058547536e-06,2.8368206401854646e-06
513,513,0.02,5630,100000.0,17.15,2.43,0.81,1.65709289017178,,3726.0,2.238607852373548,5630.0,0.8480416826441797,0.0003595695434944,0.0004359653404441,4.923961248769347e-06,-4.623150120456342e-06,12200412795435.838,264155726580.0787,76312943237.73743,6.638824618202439,14.861724920838803,80996400818571.47,1753683540658.9788,506628246254.1766,0.0024889135050235,5.388840249408756e-05,1.5568023657654778e-05,0.0004394945549704,9.51566192413135e-06,2.7490154299781856e-06
514,514,0.02,5640,100000.0,17.15,2.43,0.81,1.65817100850774,,3693.0,2.271244349072993,5640.0,0.8646878689014557,0.0003478679387902,0.0004203204931666,5.213612602799614e-07,1.084184642761853e-06,12378281702447.809,268006833190.6131,74692679999.38713,6.522584857314291,14.814383998524155,80738392791956.64,1748097311825.85,487189343516.2245,0.0025250984414347,5.467185616317359e-05,1.5236878137596207e-05,0.0004446301730436,9.626855122779256e-06,2.68297490972852e-06
515,515,0.02,5650,100000.0,17.15,2.43,0.81,1.65924617724698,,3674.0,2.287027175161332,5650.0,0.8325430294917169,0.0003597918519063,0.0004171730286201,1.2645672633345766e-06,2.663397098317848e-07,12464298104629.256,269869206669.0371,72583266461.35487,6.786436015744953,15.5207635905023,84588161568237.55,1831450103679.2715,492581693653.75146,0.0025424146399704,5.5046775691103785e-05,1.4805226713864389e-05,0.0004464506021827,9.666269918819036e-06,2.599812901460309e-06
516,516,0.02,5660,100000.0,17.15,2.43,0.81,1.66032391025481,,3867.0,2.4176218623715267,5660.0,0.7993238517201462,0.0003552688958078,0.0004088440620832,4.652798109132991e-06,-1.844752818731685e-06,13176039149924.82,285279379759.84015,73990107778.7387,7.080984744568389,17.119143525587795,93299332214453.5,2020058936019.36,523922824430.2196,0.0026873310008362,5.818441433003321e-05,1.5090719458749984e-05,0.0004706098032675,1.0189349868912562e-05,2.6427114908578064e-06
517,517,0.02,5670,100000.0,17.15,2.43,0.81,1.66140141611748,,3774.0,2.3559154592949523,5670.0,0.9076761571714088,0.0003931843149792,0.0004172633627891,5.022940173613167e-06,2.264202420818533e-06,12839739253157.49,277998024196.8044,69433657886.45639,6.246721317071302,14.716747320795603,80206272898336.05,1736576183853.881,433732710841.5631,0.0026185851297237,5.6695971616037496e-05,1.4160563579909937e-05,0.0004572906847624,9.900972624214616e-06,2.472897956448104e-06
518,518,0.02,5680,100000.0,17.15,2.43,0.81,1.66248146836303,,3786.0,2.349096198589545,5680.0,0.881814872727773,0.0004102403322315,0.0004416435140554,3.124234683115585e-06,4.628770547960537e-07,12802574282313.02,277193351433.5663,66805976014.35658,6.441261284729413,15.131142398079875,82464726069535.31,1785474802973.425,430314746889.83685,0.0026107171656117,5.652561936553932e-05,1.3623159256891149e-05,0.0004546707773773,9.844248023949453e-06,2.3725482374167314e-06
519,519,0.02,5690,100000.0,17.15,2.43,0.81,1.66356125834534,,3851.0,2.365606086173486,5690.0,0.8388945431361208,0.0003712248387047,0.0005019978517638,-3.73712532415951e-07,-2.643765848770424e-06,12892553169645.496,279141518168.4713,64847720199.6692,6.782735740214165,16.045280947957053,87446781166365.92,1893343151858.932,439844949469.7044,0.0026286404635429,5.691368343083885e-05,1.3221689997501954e-05,0.0004565610363776,9.88517473257944e-06,2.2964374822819e-06
520,520,0.02,5700,100000.0,17.15,2.43,0.81,1.66576883018961,,3704.0,2.2442233211294336,5700.0,0.824017584939611,0.0002977564030834,0.0004204843889783,-1.3753597144983124e-06,-1.8393386551581307e-06,12231017100155.412,264818351893.2732,59243442272.00547,6.917328105828871,15.524029055005244,84605958349778.58,1831835428490.619,409806328314.19366,0.0024935640709375,5.3989093645988114e-05,1.2078089489897025e-05,0.0004319029729316,9.35129372586058e-06,2.0920107162356403e-06
521,521,0.02,5710,100000.0,17.15,2.43,0.81,1.6668514497279,,3750.0,2.275668693662762,5710.0,0.8246432201922289,0.0003282651909672,0.0004773650657779,-9.898684970196442e-07,4.6657284771470576e-06,12402394380462.053,268528905852.206,57979665863.53294,6.924206566166841,15.757200111080016,85876740605386.08,1859349613107.442,401463183076.4343,0.0025281736711608,5.473843911871098e-05,1.1818900464075055e-05,0.0004367101783286,9.45537633812469e-06,2.041566284860806e-06
522,522,0.02,5720,100000.0,17.15,2.43,0.81,1.66793373203937,,3699.0,2.2914043518221194,5720.0,0.8372819689084281,0.0003530953237936,0.0004213690738857,1.68855611347241e-07,-2.879989883413583e-06,12488153717430.55,270385713515.01007,56272224131.90534,6.831629262788513,15.654025022788938,85314436374199.7,1847174952689.0945,384430973061.7185,0.0025453067917877,5.510939475797311e-05,1.1469275403939406e-05,0.0004384839245875,9.493780385565112e-06,1.9758297536158447e-06
523,523,0.02,5730,100000.0,17.15,2.43,0.81,1.6690184998339,,3751.0,2.34792550255961,5730.0,0.8818696147163791,0.0003450482014514,0.0004146236562719,-5.931747967881108e-06,-2.40709259990438e-06,12796193988949.871,277055209302.034,55523569548.895454,6.497559167908108,15.255784874721446,83144027567231.88,1800182615217.1309,360767678357.4091,0.0026075990139427,5.645810709087028e-05,1.131455222789745e-05,0.0004480303206802,9.700472998215536e-06,1.944034506806325e-06
524,524,0.02,5740,100000.0,17.15,2.43,0.81,1.67010289386714,,3648.0,2.2910057685726586,5740.0,0.7605609364900374,0.0003474221959781,0.0004593266810542,1.2516554424342058e-06,-1.5337355643071169e-06,12485981438720.988,270338680691.5737,52150587189.079056,7.547061286752252,17.290360943720803,94232467143278.38,2040262591359.0544,393583677656.0965,0.0025440018369268,5.50811406894255e-05,1.062561163148914e-05,0.000435937162903,9.438639490378491e-06,1.8207923129241304e-06
525,525,0.02,5750,100000.0,17.15,2.43,0.81,1.67118688703001,,3756.0,2.3540914234854826,5750.0,0.7963281602569623,0.0003357444405106,0.0003784872345317,2.421178339384109e-06,4.197013142396899e-06,12829798257995.88,277782787971.2869,51503854399.37997,7.220641297106167,16.99804974958272,92639371135225.84,2005769870450.7607,371890858036.30615,0.0026136439640732,5.658898857993518e-05,1.0492194457816517e-05,0.0004466655615783,9.670924085549704e-06,1.7930911761930117e-06
526,526,0.02,5760,100000.0,17.15,2.43,0.81,1.67227332759446,,3734.0,2.3255954203856684,5760.0,0.760580127909634,0.0004071672488759,0.0003909853596505,-1.6391543085306905e-06,4.489085988354336e-06,12674495041101.893,274420259605.50888,48936255833.02483,7.573166571983269,17.612121497622123,95986062162040.56,2078230336719.4104,370602416832.68494,0.0025814669617669,5.58923121997255e-05,9.967050147233936e-06,0.0004400056601077,9.526728053709171e-06,1.6988629117914006e-06
527,527,0.02,5770,100000.0,17.15,2.43,0.81,1.67335932998223,,3721.0,2.294267058442596,5770.0,0.8174017067303794,0.0003562612945818,0.0004437819551996,-2.7033403224291704e-06,-2.920374374965426e-07,12503755468512.148,270723512896.22635,46490807551.2252,7.058952718706812,16.195122689632846,88263418658499.0,1911024477376.6755,328176412358.5963,0.0025461426134477,5.512749144712548e-05,9.466933877415154e-06,0.0004328371210268,9.371519317646016e-06,1.6093522738317846e-06
528,528,0.02,5780,100000.0,17.15,2.43,0.81,1.67444486664753,,3641.0,2.2144344506497435,5780.0,0.8671550863200537,0.0003623442490032,0.00037899408659,2.746496174787476e-06,-2.954923072534505e-06,12068667756041.102,261303265176.6697,43149019264.20818,6.665474366907756,14.760256068003324,80443395570618.11,1741710216024.3918,287608681862.7886,0.0024569989686043,5.319740886152576e-05,8.784490382161818e-06,0.0004165847243244,9.019632563354784e-06,1.4894123078375654e-06
529,529,0.02,5790,100000.0,17.15,2.43,0.81,1.67553281157109,,3754.0,2.285762076498899,5790.0,0.7123092360998271,0.0003712404576755,0.0004623423445708,-2.0579473282948365e-06,-6.324980191109222e-07,12457403316918.998,269719925026.8701,42810505619.69757,8.128492102253965,18.579798986452925,101259904476168.44,2192416280401.4448,347984856823.2107,0.0025356738305143,5.490082789003468e-05,8.71397321009278e-06,0.0004287967546784,9.284039826066022e-06,1.4735820466645175e-06
530,530,0.02,5800,100000.0,17.15,2.43,0.81,1.67662025268967,,3716.0,2.310214195295816,5800.0,0.7557999342043331,0.0003499941925049,0.0004490522747054,-4.015288884827469e-06,-7.896511715900427e-07,12590667364362.191,272605275044.90625,41551591859.453575,7.673988495521554,17.728557156890673,96620636505054.16,2091969744513.1,318866437900.0538,0.0025620776276276,5.547250643303872e-05,8.455342422654296e-06,0.000432171464615,9.357106940288885e-06,1.4262478541697212e-06
531,531,0.02,5810,100000.0,17.15,2.43,0.81,1.67771008122563,,3759.0,2.3623242735994285,5810.0,0.7996442771454895,0.000381648513598,0.00038870247765,3.541357987893489e-06,-3.436293833494294e-07,12874667291116.885,278754264284.73254,40733236360.46411,7.265730733095602,17.16401207622911,93543865815448.66,2025353424995.035,295956727282.6713,0.0026193523209999,5.671258236293402e-05,8.287180925928543e-06,0.0004406733077234,9.541183543369624e-06,1.394214669425351e-06
532,532,0.02,5820,100000.0,17.15,2.43,0.81,1.67879936738647,,3796.0,2.3946555129762994,5820.0,0.883646137541291,0.0003495876825495,0.0003815799921244,2.8826079471365136e-06,4.635083572474049e-07,13050872545720.832,282569350531.2033,39647990501.4768,6.5863469014801685,15.772031918003853,85957573953121.0,1861099766324.4543,261135419389.31683,0.0026545384554848,5.747441059581769e-05,8.064373864671222e-06,0.0004454481162975,9.6445647198371e-06,1.3532522535941266e-06
533,533,0.02,5830,100000.0,17.15,2.43,0.81,1.67989101971152,,3863.0,2.4334318985984766,5830.0,0.8774612982679173,0.0003737470000319,0.0004549051642893,-3.462244519990024e-07,-1.3689527511526694e-06,13262203847361.695,287144964034.62024,38653786008.724205,6.644167681820552,16.168129576579226,88116306192356.78,1907839290036.3484,256822235779.1728,0.0026969551257165,5.839278987789874e-05,7.860497961303484e-06,0.0004513809364891,9.773018441416006e-06,1.315586936249607e-06
534,534,0.02,5840,100000.0,17.15,2.43,0.81,1.68097914497167,,3721.0,2.330790524977151,5840.0,0.8606478559722746,0.0003354404926614,0.0004045415969294,3.766145907209169e-07,-1.7884559724584573e-06,12702808361125.473,275033281947.30383,35456177080.6457,6.785585950716797,15.815779440348782,86195997949900.88,1866261973961.1567,240590937064.5564,0.0025822807476769,5.5909931784565294e-05,7.207682022644029e-06,0.0004311224816686,9.33439501594474e-06,1.203352409871055e-06
535,535,0.02,5850,100000.0,17.15,2.43,0.81,1.6820695970425,,3692.0,2.291175311082975,5850.0,0.8310610405978878,0.0004022088454251,0.000478587709008,-1.304186466987159e-06,-3.7113008487188265e-06,12486905445402.213,270358686707.79105,33472230056.361786,7.039194131626423,16.12802780430262,87897751533449.28,1903107280907.709,235617525385.1914,0.0025378221094315,5.494734108493971e-05,6.802851664124024e-06,0.0004225965992815,9.149797929399436e-06,1.1328067353467244e-06
536,536,0.02,5860,100000.0,17.15,2.43,0.81,1.68315941041203,,3752.0,2.2987858111304806,5860.0,0.7727855491184528,0.0003441190772309,0.0004432403829669,4.837910500040196e-07,-2.095606199792018e-06,12528382670661.12,271256725713.3967,32200431563.34585,7.58295753160076,17.43159518004884,95002193731266.16,2056928231245.763,244174505044.06824,0.0025455465305352,5.511458543177181e-05,6.542560121488253e-06,0.0004228047986157,9.154305731495991e-06,1.0866923002249577e-06
537,537,0.02,5870,100000.0,17.15,2.43,0.81,1.68425152837438,,3754.0,2.2785191023782345,5870.0,0.848907230808436,0.0003476812212346,0.0003781114342014,-1.4239004744639132e-06,-2.4984077675845226e-06,12417929107961.377,268865254080.63165,30558354614.61684,6.914772058673419,15.755440224278656,85867149222318.66,1859141946464.881,211304056648.18643,0.0025223880665571,5.461317281720101e-05,6.20715647056755e-06,0.0004179080619886,9.048284644891606e-06,1.0283987485778606e-06
538,538,0.02,5880,100000.0,17.15,2.43,0.81,1.68534296749524,,3663.0,2.2770428842619697,5880.0,0.7326348317028533,0.0003403672483405,0.0004132826641291,3.581099025859394e-06,7.679862158685683e-06,12409883719227.734,268691060342.9124,29249215891.262875,8.025826435706305,18.275150975746648,99599572817819.23,2156467815138.1047,234749130123.77853,0.0025199040560903,5.455939057223103e-05,5.9392351636346975e-06,0.0004164753877595,9.017265276262776e-06,9.816029549981836e-07
539,539,0.02,5890,100000.0,17.15,2.43,0.81,1.68763420793944,,3653.0,2.3008127743045828,5890.0,0.8649042665920206,0.000357744126427,0.0004642750661544,-1.7422572160023711e-06,6.931887557788517e-07,12539429619959.977,271495907367.9408,28251746632.010693,6.810002248235342,15.668540165782805,85393543903516.27,1848887739562.3704,192394458080.56808,0.0025454511454802,5.51125202140674e-05,5.734985003767534e-06,0.0004196462836676,9.085919536291208e-06,9.454768550534938e-07
540,540,0.02,5900,100000.0,17.15,2.43,0.81,1.68872777614473,,3646.0,2.3094750189601387,5900.0,0.8596456461837079,0.0003369804163909,0.0004823913609188,-6.892690229067496e-06,-8.49492751260143e-06,12586638853332.756,272518052237.2964,27104462293.086464,6.863293062894382,15.85060387655699,86385791127235.61,1870371257433.7249,186025868029.62268,0.0025542562121575,5.5303162024694485e-05,5.500415321042859e-06,0.0004200516896104,9.09469713285042e-06,9.045524635180452e-07
541,541,0.02,5910,100000.0,17.15,2.43,0.81,1.68982661204537,,3640.0,2.30614447000026,5910.0,0.8478027089768148,0.0003654142458685,0.0004510095642192,-9.295738295657971e-07,1.5607431197122358e-07,12568487361501.418,272125047460.0307,25922822116.36153,6.970961448250838,16.076044194468675,87614440859854.27,1896973214947.304,180706993603.02048,0.0025497782549785,5.520620808944363e-05,5.2589819473772784e-06,0.0004182615384859,9.05593789749298e-06,8.626749702193737e-07
542,542,0.02,5920,100000.0,17.15,2.43,0.81,1.69092469073647,,3763.0,2.3742925528413963,5920.0,0.8407816993440065,0.0003508290351436,0.000414928545113,4.292158984985724e-06,-3.360491606514015e-06,12939894412985.61,280166521235.2848,25512543172.824,7.041066670003515,16.717552158649113,91110659264637.69,1972671154720.596,179635517401.19675,0.0026240447007403,5.681417884171829e-05,5.17361669102001e-06,0.0004294089245105,9.297294145365889e-06,8.466308437862627e-07
543,543,0.02,5930,100000.0,17.15,2.43,0.81,1.69202198241605,,3547.0,2.220651417748979,5930.0,0.8969722011897829,0.0003187888929313,0.0004592601396756,2.6439565500527813e-06,-1.491737694553421e-06,12102550226731.936,262036867294.37952,22805045985.91468,6.611130191252515,14.681015632127975,80011535195097.47,1732359844591.1013,150767128030.38248,0.002453443341502,5.3120424641696765e-05,4.6230659801938245e-06,0.0004005073201855,8.671534638879066e-06,7.546829125610248e-07
544,544,0.02,5940,100000.0,17.15,2.43,0.81,1.69312149967812,,3586.0,2.2201123937675047,5940.0,0.8494190138917475,0.0003239379375264,0.0004089364299843,3.7453799816268047e-06,3.177382846128772e-06,12099612546032.902,261973262464.5656,21785970028.96596,6.99301511133469,15.52527951847759,84612773375702.88,1831982983180.356,152349617627.64362,0.0024520326407017,5.3089881028037024e-05,4.415009936651938e-06,0.0003993021079877,8.645440136247746e-06,7.189638283066725e-07
545,545,0.02,5950,100000.0,17.15,2.43,0.81,1.69422018789828,,3417.0,2.0848837788275194,5950.0,0.8623622137074562,0.0004109606460761,0.0004334951966828,1.2689381320623166e-05,1.8048436723958048e-06,11362616594609.98,246016285901.64728,19507166227.607533,6.899652959537546,14.384974534879118,78398111215091.19,1697426995115.7356,134592677194.50316,0.0023017881058577,4.983688009013055e-05,3.951674583739464e-06,0.0003739369552748,8.09624967383973e-06,6.419692404873729e-07
546,546,0.02,5960,100000.0,17.15,2.43,0.81,1.69532107747228,,3153.0,1.9484999596522936,5960.0,0.8898869144313721,0.000385069533901,0.0003863349400304,7.952768094244686e-06,1.7243126820242423e-06,10619324780105.0,229922995238.97064,17407126014.297783,6.6974802116383225,13.050039922149306,71122717575713.72,1539904710813.6182,116583882022.25406,0.0021503690914151,4.6558450052658366e-05,3.524870603980575e-06,0.0003485059492666,7.545633396966645e-06,5.712686165303988e-07
547,547,0.02,5970,100000.0,17.15,2.43,0.81,1.69642109546972,,3037.0,1.910692948306232,5970.0,0.8786126786835666,0.0003508868274,0.0004560403955982,2.70499025629132e-06,-2.551574496590641e-06,10413276568268.96,225461767900.1353,16291770445.80357,6.794802926068521,12.982782035969672,70756162096034.7,1531968280244.4211,110699369495.98274,0.0021078006448871,4.563678460489708e-05,3.2976944410233174e-06,0.0003407937428968,7.3786535159317695e-06,5.331783317423799e-07
548,548,0.02,5980,100000.0,17.15,2.43,0.81,1.69752021135639,,2866.0,1.81987093399773,5980.0,0.8893422439641654,0.0003383716145843,0.0004097129601383,4.165449016366888e-06,5.846741786327817e-06,9918296590287.629,214744770211.7321,14776724294.454191,6.724070559545977,12.236940569467576,66691326103598.29,1443958987197.174,99359736794.86723,0.0020068860492469,4.345184473598862e-05,2.9899490875426964e-06,0.0003236946888076,7.008435464093161e-06,4.822549042115014e-07
549,549,0.02,5990,100000.0,17.15,2.43,0.81,1.6986214823262,,292.0,0.1859884201961845,5990.0,0.7473002080523656,0.0001426665830661,0.00044522002515,4.126861072502883e-06,-8.439615799160243e-06,1013636890069.2056,21946633583.149773,1440649223.8829973,8.015520316274637,1.4907939606743412,8124827085675.159,175913687359.57227,11547553122.659454,0.000205006341177,4.438669405302228e-06,2.9136886117839466e-07,3.298809985466387e-05,7.142377583211624e-07,4.6884916007498127e-08
550,550,0.02,6000,100000.0,17.15,2.43,0.81,1.69972180784833,,420.0,0.2670859855433687,6000.0,0.7563547402996846,0.000398199661964,0.0004991185891093,7.005278665321203e-06,3.581337860234777e-06,1455618621211.36,31516146294.11752,1970525233.426345,7.932785610126098,2.1187358627847828,11547110452177.066,250010831808.6044,15631754216.114883,0.0002942861784192,6.371700743755575e-06,3.983861788887328e-07,4.72391792382426e-05,1.0227932385527754e-06,6.394943932349614e-08
551,551,0.02,6010,100000.0,17.15,2.43,0.81,1.70082426307364,,596.0,0.3769461068607644,6010.0,0.8961581591574941,0.0002733439188162,0.0005088028055881,-7.906765390768533e-06,-9.599241262762658e-06,2054356282391.166,44479640609.5702,2642696102.186112,6.706405491693772,2.5279534411236178,13777346254123.717,298298506052.58685,17722991652.578667,0.0004151563526825,8.988706351658792e-06,5.340515101669516e-07,6.648735721018906e-05,1.439542779963726e-06,8.552843596316684e-08
552,552,0.02,6020,100000.0,17.15,2.43,0.81,1.70192572900666,,702.0,0.4400768958445939,6020.0,0.9155801145352598,0.0003103733252732,0.0004717152052161,-9.968719688423536e-06,-9.66926646471794e-07,2398419082353.0366,51929073709.66208,2938896608.897942,6.575066348023184,2.8935347884102933,15769764596836.098,341437105032.4146,19323440193.48432,0.0004844983252049,1.0490055481501884e-05,5.936787675841208e-07,7.7410558735344e-05,1.6760451249120352e-06,9.485482759626837e-08
553,553,0.02,6030,100000.0,17.15,2.43,0.81,1.70302929882373,,922.0,0.5710489031580763,6030.0,0.8334372675481063,0.0002863028824425,0.0004305194813122,5.6074204584091866e-06,1.5435061576421876e-05,3112216522211.516,67383770572.65301,3623579715.677748,7.235097630970703,4.131594566407417,22517190386920.42,487528158836.0752,26216953016.53357,0.0006283819634216,1.360533425390097e-05,7.31630373433853e-07,0.0001001732155782,2.168887970318765e-06,1.166325123695899e-07
554,554,0.02,6040,100000.0,17.15,2.43,0.81,1.70413183499473,,863.0,0.5263252915694335,6040.0,0.7602837993963476,0.0004144930417596,0.0003983296984277,1.2556247259383403e-05,-1.175605019462109e-05,2868472839053.4126,62106384405.19315,3168836423.2175403,7.944401820472378,4.181339604504863,22788300844551.504,493398073331.57385,25174509849.388603,0.0005789072167863,1.2534137904731578e-05,6.395257606208977e-07,9.207516431659304e-05,1.9935540163959594e-06,1.017165407277984e-07
555,555,0.02,6050,100000.0,17.15,2.43,0.81,1.70523644878924,,944.0,0.5892372785441741,6050.0,0.7044649720937741,0.0004019256313276,0.000412962194609,-1.0425958669809298e-06,-1.0324178807320363e-05,3211343168065.749,69529998868.21254,3374533202.359956,8.588077817437117,5.060415601072237,27579265025843.69,597129040926.5239,28980753739.39258,0.0006478077360009,1.4025928962957255e-05,6.807272220606923e-07,0.0001027947243889,2.225647243651641e-06,1.080184185631709e-07
556,556,0.02,6060,100000.0,17.15,2.43,0.81,1.70760246617569,,923.0,0.5850141313926196,6060.0,0.83703275523294,0.000376455916263,0.0004384359289435,1.0422990874667022e-06,-1.536894101640567e-05,3188327016089.777,69031667504.32912,3178511711.4122944,7.239860043844457,4.235420434953798,23083041370498.2,499779611324.54816,23011979938.34553,0.0006428967750822,1.391959990086428e-05,6.409176093029466e-07,0.0001017753643359,2.203576695714864e-06,1.0146204760135137e-07
557,557,0.02,6070,100000.0,17.15,2.43,0.81,1.70871175498269,,907.0,0.5792606617775418,6070.0,0.7992041827965295,0.0003407812243624,0.0003692815378993,1.6849334510574505e-06,-6.214023926085965e-06,3156970606687.6025,68352758089.74992,2984046197.7358418,7.59505534463071,4.39951678516784,23977366479164.73,519142980649.8052,22663996022.73856,0.0006362428945538,1.377553423070826e-05,6.013924191464227e-07,0.0001004975776798,2.1759108561871657e-06,9.499278007906949e-08
558,558,0.02,6080,100000.0,17.15,2.43,0.81,1.70982310133047,,959.0,0.6137040148414835,6080.0,0.7621794500619217,0.0003617705608799,0.0004459396100572,-1.2871646003411305e-06,7.250439449229151e-06,3344686880886.085,72417073751.29506,3000761281.165294,7.977124021785215,4.895593039058029,26680982062866.254,577679978608.8473,23937444899.62665,0.0006737513804393,1.4587644567310577e-05,6.044712487461426e-07,0.0001061815471539,2.298976617278737e-06,9.52631701624236e-08
559,559,0.02,6090,100000.0,17.15,2.43,0.81,1.71093331264808,,1025.0,0.6544164448727466,6090.0,0.9032903684046688,0.0004054482000755,0.0004051040202753,1.966228699794736e-06,-1.1469454762007087e-05,3566569624556.469,77221140494.9841,3028447524.271651,6.742018085231831,4.412087506605178,24045876910998.22,520626325779.41095,20417847978.81504,0.0007180977420382,1.5547804323030537e-05,6.097515422347374e-07,0.0001129179409715,2.4448288136956547e-06,9.58809429729354e-08
560,560,0.02,6100,100000.0,17.15,2.43,0.81,1.7120423565671,,968.0,0.6143664222153041,6100.0,0.967790132558548,0.0002722395073764,0.0003902754387855,5.511594799094503e-06,-2.8427944949986813e-06,3348297001073.408,72495237821.4059,2692990908.4570355,6.303019419999067,3.872363490218408,21104381021690.324,456938891845.7722,16973973993.885624,0.0006738503018691,1.4589786352397025e-05,5.419688683569556e-07,0.0001057202262323,2.2889883844807727e-06,8.50293770213738e-08
561,561,0.02,6110,100000.0,17.15,2.43,0.81,1.713153407462,,932.0,0.5861127204054088,6110.0,0.9690267241676338,0.0002885545404806,0.0003625631160094,-3.644665281343382e-06,4.245084731342804e-06,3194314326209.478,69161301007.83824,2434324161.9743085,6.305295661735558,3.6956139932602494,20141096263268.363,436082451204.7095,15349133577.754654,0.0006424764779202,1.3910499888915624e-05,4.896186955894668e-07,0.0001005818729943,2.1777359657487947e-06,7.665146841615854e-08
562,562,0.02,6120,100000.0,17.15,2.43,0.81,1.71426324443028,,1050.0,0.652231281665213,6120.0,0.8406174961637589,0.0002917275975503,0.0005049718921479,8.340404774746394e-07,-8.711991026392712e-06,3554660485075.411,76963291236.49513,2558907449.6405907,7.280362385899919,4.748480089942713,25879216490187.785,560320650613.2401,18629773545.36245,0.0007146247430985,1.5472609116628156e-05,5.14439729614138e-07,0.0001116224159556,2.41677891427004e-06,8.035406839419792e-08
563,563,0.02,6130,100000.0,17.15,2.43,0.81,1.71537506027559,,1010.0,0.6176713846229639,6130.0,0.9295029557524686,0.0004018720895875,0.0004207441722958,-4.625342945693309e-06,4.14488391652671e-06,3366309046195.1533,72885223385.50974,2292324622.972013,6.594922546574936,4.073494940824143,22200547427491.586,480672403017.2489,15117703340.107018,0.0006764098914077,1.4645204988277273e-05,4.606086452603902e-07,0.0001054175462512,2.2824349463569065e-06,7.178522044436691e-08
564,564,0.02,6140,100000.0,17.15,2.43,0.81,1.71648561514854,,1028.0,0.6438248076469392,6140.0,0.8838637674489291,0.0003180433491449,0.0004279186084503,8.30762676345164e-06,9.924013054302953e-07,3508845201675.8184,75971327302.33882,2257234659.300974,6.946771919072672,4.472504094564122,24375147315374.46,527755483158.5664,15680494345.989576,0.0007046817971567,1.5257330654035392e-05,4.533207037919377e-07,0.0001095801854318,2.372561813019625e-06,7.049276280733066e-08
565,565,0.02,6150,100000.0,17.15,2.43,0.81,1.71759812034631,,968.0,0.6156266417647263,6150.0,0.8129007385377918,0.0003046162227296,0.000492743256911,7.071278898945616e-06,1.3545367375796916e-05,3355165197617.7583,72643943728.2377,2032009005.034289,7.565499338901248,4.657522951281033,25383500084481.63,549587708251.1618,15373162784.228298,0.0006734279569429,1.4580642003535431e-05,4.078522493382802e-07,0.0001044985158396,2.2625366732250205e-06,6.32880686022895e-08
566,566,0.02,6160,100000.0,17.15,2.43,0.81,1.71871257084265,,1008.0,0.6461177864753326,6160.0,0.8563961840636694,0.000416608587093,0.0004264951200709,1.2849689913839342e-06,4.041318887543234e-06,3521341936290.5625,76241898804.08925,2014421906.6333456,7.192932563956907,4.647481666490175,25328775082371.457,548402836645.8407,14489600929.77115,0.0007064020014457,1.5294575444145865e-05,4.041049384999234e-07,0.0001093795058766,2.3682168244845046e-06,6.257173451513476e-08
567,567,0.02,6170,100000.0,17.15,2.43,0.81,1.71982569825891,,1030.0,0.6617900216227297,6170.0,0.9175628101074836,0.0003757537625779,0.000427278294461,1.1185845131497625e-07,-7.735714315986128e-06,3606755617843.877,78091222551.4821,1943841083.568979,6.724335306568544,4.450098007932481,24253034143232.027,525111564936.0328,13071039228.60134,0.0007231422699219,1.5657025293722645e-05,3.897335451798367e-07,0.0001117322339393,2.4191566247417424e-06,6.021747234986544e-08
568,568,0.02,6180,100000.0,17.15,2.43,0.81,1.72094074179651,,1057.0,0.6778688115878153,6180.0,0.9895336080935522,0.0003688700158711,0.0004277090496062,-1.5507573235804985e-06,9.870195086321742e-07,3694385023153.593,79988519767.36221,1877696608.0982485,6.245366452895385,4.233539135354604,23072788287682.59,499557617971.84326,11726903404.932253,0.0007402660811609,1.602777937192426e-05,3.762453293239847e-07,0.0001141408359513,2.47130617289151e-06,5.8012865244995616e-08
569,569,0.02,6190,100000.0,17.15,2.43,0.81,1.72205441394641,,1038.0,0.6621005422129091,6190.0,0.8111551413758207,0.0003619567392214,0.0004028378630218,2.154143704584269e-06,-9.466247359882516e-06,3608447955060.355,78127863981.12328,1834018501.9297583,7.631092603938853,5.052550550744836,27536400501559.355,596200964987.8906,13995565025.563194,0.0007226417166855,1.5646187627319933e-05,3.6728762481081537e-07,0.0001111843127274,2.407293376484518e-06,5.651019197340777e-08
570,570,0.02,6200,100000.0,17.15,2.43,0.81,1.72316997258232,,1062.0,0.6716415741912162,6200.0,0.9214352558365136,0.0003511777395707,0.0003492353463703,1.729278028283579e-06,6.961752321118712e-06,3660446579342.128,79253705754.5635,1860447160.5096688,6.72863335837026,4.519229900971332,24629802960293.76,533269128314.6171,12518266825.690588,0.0007326395312303,1.5862654070676528e-05,3.723690828455422e-07,0.0001124823792757,2.435398303584355e-06,5.7169943228209006e-08
571,571,0.02,6210,100000.0,17.15,2.43,0.81,1.72428741222392,,1027.0,0.6420230307771574,6210.0,0.8703202332362707,0.0003896115063519,0.000389493943171,-5.385557892265689e-06,-5.260153393989645e-07,3499025517735.508,75758717631.70457,1778403795.2527258,7.135304641727359,4.581029911600118,24966613018220.645,540561529568.8139,12689452855.132326,0.0006999288198797,1.5154422155193916e-05,3.557436387278572e-07,0.0001072304324347,2.321686427027896e-06,5.450060510904468e-08
572,572,0.02,6220,100000.0,17.15,2.43,0.81,1.7254034165603,,1072.0,0.6603555961871793,6220.0,0.8255280621579004,0.0003781097923564,0.0003771213385597,-4.090148151506362e-06,3.9038891128444905e-06,3598937999220.127,77921960350.08716,1829185001.4384863,7.534571246119902,4.975496287246287,27116454765492.26,587108561895.0618,13782124715.672213,0.0007194601883963,1.557730316160797e-05,3.656705911665599e-07,0.0001099940096462,2.3815216767449022e-06,5.5905212242232025e-08
573,573,0.02,6230,100000.0,17.15,2.43,0.81,1.72784786302655,,1068.0,0.6672762565337391,6230.0,0.919891161020132,0.0002279079714307,0.0003950105943005,2.1485275969765744e-06,1.0779295315269326e-06,3636655598108.878,78738598270.98122,1848355230.598457,6.772540343893635,4.519155367897066,24629396755039.01,533260333411.8539,12518060369.074877,0.0007265719071189,1.573128165872224e-05,3.692851711411916e-07,0.0001108535371817,2.4001316307249512e-06,5.634207302633997e-08
574,574,0.02,6240,100000.0,17.15,2.43,0.81,1.72896805375016,,1031.0,0.6557927857106126,6240.0,0.9652845145019456,0.0003468572984936,0.000413154024712,2.8140708340016675e-06,1.622995863620645e-05,3574070682122.839,77383548713.8523,1816546016.418397,6.46441531616161,4.239316928175972,23104277258559.05,500239397524.7648,11742907891.047443,0.0007136776848427,1.5452104002100667e-05,3.627315939476173e-07,0.0001086591375578,2.352619859051525e-06,5.522675431841292e-08
575,575,0.02,6250,100000.0,17.15,2.43,0.81,1.73009007495967,,1131.0,0.7265211622131852,6250.0,0.9960054901330296,0.0002904454535178,0.0004114096119988,5.279938782574509e-06,3.66209669856398e-06,3959540334061.8594,85729497141.15585,2012463619.330523,6.275065812303134,4.558968106918697,24846376182706.902,537958236616.4064,12628341656.164791,0.0007901715421406,1.7108301279376575e-05,4.016101232531619e-07,0.0001200566494867,2.5993916769602693e-06,6.101961817949106e-08
576,576,0.02,6260,100000.0,17.15,2.43,0.81,1.73121056259185,,1072.0,0.6914157895996083,6260.0,0.8673313484032406,0.0003625101523778,0.0004786796899667,-2.639326390273723e-06,-6.940762206343076e-06,3768216053317.865,81587063172.75377,1915221737.1909149,7.217541498441948,4.990322154113179,27197255739916.83,588858014185.3551,13823192366.893503,0.0007514552620749,1.6270040536669546e-05,3.819323075133445e-07,0.0001139511396975,2.467198987947932e-06,5.7916450818777727e-08
577,577,0.02,6270,100000.0,17.15,2.43,0.81,1.7323328494487,,1106.0,0.7130772191401781,6270.0,0.8071846504553832,0.0003176370359025,0.0003923385717347,8.987841661272545e-06,-4.239878425125869e-06,3886270844313.97,84143111858.54102,1975223897.018293,7.767739384616273,5.53899799938781,30187539096663.56,653601763927.7616,15343024458.304232,0.0007745569619963,1.6770224131296568e-05,3.936739054550127e-07,0.0001172078029837,2.5377102297408705e-06,5.9571672342222136e-08
578,578,0.02,6280,100000.0,17.15,2.43,0.81,1.73345355195881,,1109.0,0.7121744763742361,6280.0,0.972005842314502,0.0003608412998043,0.0004263733598891,-4.928318351886029e-06,1.1226837892346828e-06,3881350896239.587,84036588212.15987,1972723299.556634,6.460866516034834,4.601264227980943,25076890042496.14,542949178901.7513,12745501911.507212,0.0007730918321517,1.6738502053927536e-05,3.929292431303328e-07,0.0001167481582842,2.5277582894575168e-06,5.9338054760994254e-08
579,579,0.02,6290,100000.0,17.15,2.43,0.81,1.73457602196547,,1090.0,0.6950091258864717,6290.0,0.8341372539252916,0.0003765325913715,0.0004580903136681,7.1060045876155855e-06,3.6790662668021015e-06,3787799736081.271,82011076854.60365,1925175278.7055264,7.540725426661444,5.240872987333861,28562757780969.543,618423012505.3956,14517218174.914797,0.0007539799907332,1.632470438651893e-05,3.832155182259104e-07,0.0001136322307828,2.4602941710784582e-06,5.775436316853668e-08
580,580,0.02,6300,100000.0,17.15,2.43,0.81,1.73570025312257,,1057.0,0.667217959593935,6300.0,0.8673348943675592,0.0003001512044359,0.0003876921243957,2.851535648254916e-06,5.010898715689138e-06,3636337879786.946,78731719232.08434,1848193748.0752,7.263630278122058,4.846424573413327,26413013925102.63,571878099662.7726,13424596068.354914,0.0007233298452906,1.5661086558586184e-05,3.6763737090918417e-07,0.0001088000753926,2.3556713571244363e-06,5.529838694266685e-08
581,581,0.02,6310,100000.0,17.15,2.43,0.81,1.73682623902021,,1054.0,0.6567076512097361,6310.0,0.9655794481113844,0.000396737242288,0.0003942715716017,3.8063431239791753e-06,3.5492144194728787e-06,3579056699093.061,77491502842.74886,1819080193.850969,6.534936107372606,4.29154254187836,23388906853237.062,506402019941.6465,11887572841.003056,0.0007114736262423,1.540438310029414e-05,3.616113659984303e-07,0.0001068061092214,2.312499245527773e-06,5.4284939916202825e-08
582,582,0.02,6320,100000.0,17.15,2.43,0.81,1.73795055690221,,1084.0,0.6698632043566263,6320.0,0.9307371442928344,0.0003453564781086,0.0003436257200761,-4.96767013471733e-06,-1.1083005065372605e-06,3650754463743.613,79043858114.08191,1855521076.067855,6.790316727717878,4.5485833218254985,24789779103948.965,536732831975.4089,12599575801.45663,0.000725249869233,1.5702657719174354e-05,3.686132362890929e-07,0.0001086614915914,2.352670827117551e-06,5.5227950772166233e-08
583,583,0.02,6330,100000.0,17.15,2.43,0.81,1.7390765969679,,1072.0,0.6783258538507545,6330.0,0.930578943094588,0.0003287647757731,0.0003884704892151,-3.42440688945068e-07,-2.474714911248304e-06,3696875903486.612,80042450754.38904,1878962615.16659,6.802217100410569,4.614119722714204,25146952488792.41,544466127280.27606,12781111631.918344,0.0007339245952553,1.5890477475254385e-05,3.730222254784292e-07,0.0001097427298117,2.3760811225300465e-06,5.5777497537357874e-08
584,584,0.02,6340,100000.0,17.15,2.43,0.81,1.74020435253577,,1036.0,0.6648400710926861,6340.0,0.8191644180133153,0.0003358834311111,0.0002803310173272,1.1687440376987392e-05,1.4069844809286672e-07,3623378387455.139,78451128388.93695,1841606996.9267404,7.739593982092304,5.145592213282773,28043477562391.11,607179881167.3671,14253290430.79328,0.0007188135902819,1.5563303422618163e-05,3.65341953225867e-07,0.0001072767168242,2.3226885477539363e-06,5.452412946846105e-08
585,585,0.02,6350,100000.0,17.15,2.43,0.81,1.74133037124227,,1078.0,0.6968806070760355,6350.0,0.9578381537667155,0.0003333538830979,0.000436077141977,1.002707113330083e-05,-8.619835936469739e-06,3797999308564.3936,82231911634.9722,1930359281.6006184,6.629512486037972,4.619978685888299,25178883838091.23,545157484934.8194,12797340959.91059,0.0007529435089819,1.6302263130251736e-05,3.826887192440449e-07,0.0001121503402031,2.428209200728541e-06,5.70011820848988e-08
586,586,0.02,6360,100000.0,17.15,2.43,0.81,1.74245461683311,,1055.0,0.6836041334786982,6360.0,0.9735330338407948,0.000393033838294,0.00040240957433,4.024607324264441e-07,5.641955574093052e-06,3725642527458.905,80665287750.48639,1893583449.735994,6.532906207515577,4.465921687086294,24339273194620.305,526978759076.1827,12370603073.229036,0.0007380917067496,1.5980701173661497e-05,3.751401885681556e-07,0.0001097245586728,2.3756876923673262e-06,5.576826193099573e-08
587,587,0.02,6370,100000.0,17.15,2.43,0.81,1.74358051810431,,1090.0,0.7051634504140538,6370.0,0.9701253460498264,0.0003526688866721,0.0004174837917305,6.764371504124472e-07,8.114836236876142e-06,3843140804756.5938,83209287148.85835,1953302757.6469293,6.566161811911707,4.630217319264655,25234684389992.37,546365643673.2293,12825701974.363094,0.0007608015405831,1.6472400328223277e-05,3.866826178743939e-07,0.0001128922717233,2.4442730391483114e-06,5.737827388509172e-08
588,588,0.02,6380,100000.0,17.15,2.43,0.81,1.74470806795702,,1094.0,0.7043171132858618,6380.0,0.9040793128406222,0.0003349656510497,0.0004951184611832,-2.156051570372119e-06,-2.476777729302672e-06,3838528267407.946,83109419367.73169,1950958403.801837,7.056902983383178,4.970297537994826,27088121582071.8,586495109483.3894,13767724180.245665,0.0007593549132429,1.6441078855534807e-05,3.859473595748425e-07,0.0001124658888917,2.43504126407774e-06,5.716156187707913e-08
589,589,0.02,6390,100000.0,17.15,2.43,0.81,1.74583725922556,,1142.0,0.729504653124015,6390.0,0.9893449916971804,0.0003385150743301,0.000452640238686,4.219166925977039e-06,2.984547978313566e-06,3975800359525.882,86081549068.63377,2020727889.1535213,6.458818767595133,4.711738344645366,25678973978317.246,555985124668.1532,13051515214.667662,0.0007859524971954,1.701695315028713e-05,3.994657646296216e-07,0.0001161860753676,2.515588420805067e-06,5.9052372251102e-08
590,590,0.02,6400,100000.0,17.15,2.43,0.81,1.74696458987926,,1076.0,0.6800744144282045,6400.0,0.9830008148301204,0.0003177073046249,0.000394608738214,2.7015479057735265e-06,-7.964593437166527e-07,3706405558633.7134,80248780902.52812,1883806127.9661264,6.510676190137271,4.427744297539258,24131206421588.96,522473827109.6323,12264851704.183744,0.000732209833762,1.5853350529160486e-05,3.721506861506318e-07,0.0001080335887254,2.3390758659821243e-06,5.4908814820088855e-08
591,591,0.02,6410,100000.0,17.15,2.43,0.81,1.74809352760542,,1049.0,0.6540884500459307,6410.0,1.0265056736516271,0.0003614618069653,0.00033499058916,-6.294363847850536e-06,-6.836403904792327e-06,3564782052750.3223,77182437105.41983,1811825006.627228,6.24448569991578,4.084445972791891,22260230551715.805,481964624789.4432,11313915344.63354,0.0007036846535098,1.5235741121864405e-05,3.576525670132576e-07,0.000103635971374,2.2438613985583063e-06,5.2673695542428026e-08
592,592,0.02,6420,100000.0,17.15,2.43,0.81,1.74922406495991,,1070.0,0.6665279809441853,6420.0,0.9987516561013764,0.0003402752155932,0.0003317772273072,-4.688018405668162e-06,9.8837127321166e-07,3632577496145.81,78650301751.41386,1846282507.2153933,6.428024385021246,4.284458114808199,23350296725704.688,505566057547.3675,11867948978.018711,0.0007165420358056,1.5514121142214652e-05,3.64187420033344e-07,0.0001053336241575,2.28061791753891e-06,5.3536539250701536e-08
593,593,0.02,6430,100000.0,17.15,2.43,0.81,1.75176443815605,,1050.0,0.6685702201679917,6430.0,0.9843647498146312,0.000422750892151,0.0004169769641219,-8.166343051861304e-06,3.251144764393237e-07,3643707699915.555,78891285979.82303,1851939509.865337,6.532131510408976,4.367188602080406,23801177881338.21,515328255045.4879,12097112427.762722,0.0007182053958103,1.5550135175343397e-05,3.650328342008577e-07,0.0001053828736176,2.281684236124672e-06,5.356157062767239e-08
594,594,0.02,6440,100000.0,17.15,2.43,0.81,1.75289859354994,,1066.0,0.6876932288965513,6440.0,0.8593490720122645,0.000367988069085,0.00035401364433,-2.432527761676508e-06,7.016722887363446e-06,3747928097486.2046,81147801009.79305,1904910244.043447,7.494044282749967,5.153603510298065,28087139131124.45,608125214215.1715,14275481723.52564,0.0007381954850822,1.598294811737808e-05,3.751929346198074e-07,0.0001081172609427,2.340887484632892e-06,5.495134180028059e-08
595,595,0.02,6450,100000.0,17.15,2.43,0.81,1.75403431588114,,1037.0,0.6735439053246426,6450.0,0.7520148837957095,0.0003829124820114,0.0004214427570736,-2.5544568628423864e-06,8.252249918967679e-06,3670814284019.302,79478180828.30782,1865716617.74926,8.576957902009013,5.776957721124204,31484419580126.902,681681011092.656,16002172887.514046,0.0007224606431951,1.5642267137069925e-05,3.671955929634212e-07,0.0001056224055135,2.286870431302984e-06,5.3683314361942935e-08
596,596,0.02,6460,100000.0,17.15,2.43,0.81,1.75517159735242,,1046.0,0.680812932262984,6460.0,0.8006005317456584,0.0003900873350646,0.0003508277329229,-4.575492041024702e-06,1.696332364467878e-06,3710430480833.263,80335926007.0321,1885851822.3684657,8.068942929521146,5.493440696109964,29939251793799.3,648226002140.9757,15216830728.224598,0.0007297000294135,1.57990098111562e-05,3.708750608212091e-07,0.0001064904415348,2.305664605709123e-06,5.412449964249383e-08
597,597,0.02,6470,100000.0,17.15,2.43,0.81,1.75630685568602,,1027.0,0.6673527719069992,6470.0,0.957785299958232,0.000308553434596,0.0003845230516206,2.163816128919386e-06,-5.418964506768668e-06,3637072606893.1455,78747627085.0259,1848567178.182388,6.755167364003342,4.508079665063328,24569034174595.133,531953400477.4726,12487380672.225416,0.0007147216710488,1.5474707740140332e-05,3.6326220712024336e-07,0.00010411991463,2.254339436026744e-06,5.2919663032153234e-08
598,598,0.02,6480,100000.0,17.15,2.43,0.81,1.75744363720894,,1055.0,0.6821995987886867,6480.0,0.7905762883183343,0.0002838429783089,0.0004114582012895,-2.0365107735066705e-06,-2.292285380137752e-06,3717987813398.343,80499552657.06503,1889692888.6446624,8.196552433647943,5.591684781685061,30474682060183.586,659818804238.8372,15488966845.26762,0.0007300917505934,1.5807491113766055e-05,3.7107415580620324e-07,0.0001061666465849,2.298653999453604e-06,5.3959928631241376e-08
599,599,0.02,6490,100000.0,17.15,2.43,0.81,1.75858193383823,,1032.0,0.6621857669149717,6490.0,0.8891617542885797,0.0004053318150813,0.0004680154236813,3.373049283007209e-07,4.027645900629661e-06,3608912429686.596,78137920495.96666,1834254574.354472,7.299009396993985,4.833300135268047,26341485737210.85,570329415961.6296,13388241374.69249,0.0007080778582519,1.5330860050225547e-05,3.598854435519048e-07,0.0001027885138293,2.2255127764884203e-06,5.2242969414177313e-08
600,600,0.02,6500,100000.0,17.15,2.43,0.81,1.75971452816092,,1056.0,0.6705214477433568,6500.0,0.9056273092392076,0.0003753176372855,0.000440642919059,9.845893437475417e-06,-3.4228996796409927e-06,3654341890201.2944,79121530833.7161,1857344410.2490983,7.177345397700595,4.812564027020322,26228473947260.76,567882555188.398,13330802354.846292,0.0007164595502856,1.5512335217193318e-05,3.641454962002161e-07,0.0001038169733735,2.2477803409308872e-06,5.276569105405559e-08
601,601,0.02,6510,100000.0,17.15,2.43,0.81,1.76085219547323,,1123.0,0.7036321089261315,6510.0,0.856733311701646,0.0003655135296956,0.0004614749072697,4.018875749001761e-07,-6.321494015532687e-06,3834794993647.417,83028588853.28352,1949060941.725384,7.59863064863186,5.346640508247574,29139190769949.285,630903579973.2139,14810194207.84578,0.0007512354356092,1.6265280991173425e-05,3.818205791995795e-07,0.0001086663571417,2.3527761729767185e-06,5.5230423721572106e-08
602,602,0.02,6520,100000.0,17.15,2.43,0.81,1.76199133287253,,1071.0,0.6662431913883908,6520.0,0.9224749426703056,0.000334798870411,0.00038097318255,-7.080245344049227e-06,3.933676257358154e-06,3631025393066.73,78616696583.83012,1845493640.1458428,7.067942659912727,4.708968674290406,25663879274882.72,555658303566.2681,13043843227.784428,0.0007107786624853,1.5389336178580943e-05,3.6125814588702724e-07,0.0001026310619475,2.2221037265705504e-06,5.2162943411868e-08
603,603,0.02,6530,100000.0,17.15,2.43,0.81,1.7631282969213,,1080.0,0.6877828073115588,6530.0,0.919826308336269,0.0003503007020282,0.000402215503342,1.0687248389772109e-05,6.91392225288209e-06,3748416299847.996,81158371262.76395,1905158376.253018,7.099166376107576,4.882684579731095,26610630959534.465,576156780408.2692,13525036285.85513,0.0007331187485588,1.5873029785310224e-05,3.72612648350079e-07,0.0001056843074216,2.288210692799969e-06,5.3714776432677224e-08
604,604,0.02,6540,100000.0,17.15,2.43,0.81,1.76426669375802,,1111.0,0.7177151517442659,6540.0,1.0004554796250886,0.000360548429743,0.0004623114979931,1.6749558863788058e-06,-2.0785508071473874e-06,3911547577006.2495,84690387905.82338,1988070970.3316169,6.537022519433653,4.691720109491008,25569874596725.992,553622972919.9388,12996064703.29009,0.0007644332627958,1.655103211190973e-05,3.88528465677881e-07,0.0001100087346971,2.3818404943603705e-06,5.591269635066293e-08
605,605,0.02,6550,100000.0,17.15,2.43,0.81,1.76540651472192,,1030.0,0.6706121198957543,6550.0,1.078865014755138,0.0004091778941072,0.0004254483603304,6.798779741242998e-06,-2.766727385775228e-06,3654836053431.861,79132230147.699,1857595572.11124,6.071195108209719,4.071417021817253,22189222768904.027,480427208574.4359,11277825150.433792,0.0007136686948907,1.5451909357267165e-05,3.627270247426276e-07,0.0001025308743549,2.2199345273184523e-06,5.2112022378577224e-08
606,606,0.02,6560,100000.0,17.15,2.43,0.81,1.7665440855632,,1088.0,0.7105045482036524,6560.0,0.9740669210041232,0.0003628724098057,0.0004209184774837,8.053348262824199e-06,-6.124162905293377e-06,3872249787709.905,83839536688.03098,1968097598.524117,6.734650216062753,4.784999609073297,26078247869449.465,564629953870.6489,13254448917.13303,0.0007555267623332,1.635819412024386e-05,3.840016755345381e-07,0.0001083580225855,2.3461003055216766e-06,5.5073710561822416e-08
607,607,0.02,6570,100000.0,17.15,2.43,0.81,1.76768671827679,,1109.0,0.7236550104208876,6570.0,0.922929117032254,0.0004050323213,0.0004322388196847,-3.449721313907019e-06,-2.3135929548156057e-06,3943919806793.837,85391291229.66473,2004524378.8658588,7.118639859501145,5.151439401709848,28075344739318.664,607869849401.762,14269487142.736277,0.000768815385348,1.6645911095609416e-05,3.907557096172719e-07,0.0001100838710673,2.383467300173467e-06,5.5950884927800886e-08
608,608,0.02,6580,100000.0,17.15,2.43,0.81,1.76882706269645,,980.0,0.6369718620784699,6580.0,1.02718963829102,0.0003372627482496,0.0003565680939102,3.6669067768042763e-07,5.410264980345008e-06,3471496648327.6606,75162679725.25945,1764412057.9573617,6.405827857597388,4.080332098607943,22237809937413.29,481479187635.73737,11302519913.144005,0.0006761790116377,1.4640206123532682e-05,3.436726352727588e-07,9.665249471223228e-05,2.092659518540075e-06,4.9124295477593295e-08
609,609,0.02,6590,100000.0,17.15,2.43,0.81,1.76996877531212,,1079.0,0.6966158437320239,6590.0,0.9395203388612572,0.0003327785706239,0.0004563989734014,5.7182247088245777e-08,-1.3016522449011955e-05,3796556348339.53,82200669560.37881,1929625887.1377065,7.014217497395947,4.886215040068404,26629871968372.8,576573374728.0715,13534815660.989475,0.0007388944024427,1.5998080640044137e-05,3.755481641773073e-07,0.0001054424712676,2.2829746072629333e-06,5.359186154337565e-08
610,610,0.02,6600,100000.0,17.15,2.43,0.81,1.77259284131932,,1029.0,0.6581248281090015,6600.0,0.8014072181431402,0.0003683384151112,0.0003838808919671,-3.956257159884312e-06,2.1676371380795496e-06,3586780313194.0586,77658729716.86218,1823005773.8619344,8.235513544901922,5.419995936127931,29538977851897.227,639559520463.0958,15013388743.074368,0.0006974577662321,1.5100920443191944e-05,3.544877087088278e-07,9.937165983814916e-05,2.151533185486532e-06,5.050632986269232e-08
611,611,0.02,6610,100000.0,17.15,2.43,0.81,1.77374138198766,,1051.0,0.6641143071457892,6610.0,0.9330289768158764,0.0003352926941719,0.000367247501835,1.4415847759270286e-08,1.7875455952844126e-06,3619422973944.5513,78365488243.20312,1839596630.793836,7.084453070855071,4.704886642657775,25641632202484.87,555176623833.6174,13032536000.162037,0.0007031850082433,1.522492311426014e-05,3.57398618868649e-07,0.000100027856781,2.1657407523239625e-06,5.083984647404558e-08
612,612,0.02,6620,100000.0,17.15,2.43,0.81,1.77488753521596,,1056.0,0.6573363173106842,6620.0,0.9993826025965972,0.0003126656673978,0.0004044829554806,-3.95335570225709e-06,-3.2643982472638983e-06,3582482929343.229,77565685442.66074,1820821598.9505951,6.62408969577808,4.3542547261584135,23730688257563.355,513802057686.6929,12061285591.458803,0.0006954273374296,1.5056958865448624e-05,3.534557292990905e-07,9.8762545021413e-05,2.1383450114727954e-06,5.0196743065929184e-08
613,613,0.02,6630,100000.0,17.15,2.43,0.81,1.7760350086535,,1000.0,0.6321257425533447,6630.0,1.04144205443572,0.0003739201184144,0.0003739352065827,1.3198365000766742e-06,1.7032998190545423e-06,3445085296915.729,74590837621.29468,1750988306.8727648,6.3661727234476855,4.024221660032217,21932008047175.586,474858155883.8016,11147093998.28924,0.000668192481913,1.446728676435538e-05,3.396134265869865e-07,9.473954960409004e-05,2.051241624455527e-06,4.8152027963913646e-08
614,614,0.02,6640,100000.0,17.15,2.43,0.81,1.77718003434402,,1043.0,0.6715213490547219,6640.0,0.987593190784537,0.0003548979587193,0.0004057272208057,8.544250639022943e-06,-6.697028508373099e-06,3659791352348.2334,79239519188.45718,1860114136.88158,6.723416141341792,4.514917477490133,24606300252321.227,532760262343.8356,12506321412.64767,0.0007091933757129,1.5355012538371604e-05,3.604524129770284e-07,0.0001003953319639,2.173697095733701e-06,5.102661826425722e-08
615,615,0.02,6650,100000.0,17.15,2.43,0.81,1.77833010926413,,1019.0,0.663269253571284,6650.0,1.0207108211998277,0.0002878111799701,0.0003912743054881,-7.638748616191478e-06,1.1511304495336086e-05,3614817431963.4976,78265771921.4115,1837255832.3924563,6.515067599835028,4.321244023909036,23550779930304.24,509906794821.2661,11969845946.22803,0.0006998771750642,1.5153303973867164e-05,3.557173898950174e-07,9.891698713367049e-05,2.141688895738186e-06,5.027523933215913e-08
616,616,0.02,6660,100000.0,17.15,2.43,0.81,1.77947769639619,,979.0,0.6407450691148691,6660.0,0.9283012285886798,0.000266492503654,0.0004679177722475,2.2207913571110755e-06,1.1676228533445675e-06,3492060626676.0366,75607918155.55455,1774863841.4481874,7.174395330840366,4.596958432116704,25053423455036.043,542441094989.7711,12733574856.963272,0.0006755242468898,1.4626029565688277e-05,3.433398465843774e-07,9.532268096325656e-05,2.0638672208558297e-06,4.8448408489581764e-08
617,617,0.02,6670,100000.0,17.15,2.43,0.81,1.78062275472535,,1012.0,0.6632390465345004,6670.0,0.8769231632222727,0.0002690922013509,0.0004295734720718,-8.139927170598025e-06,4.431364997545331e-06,3614652803613.0273,78262207491.07104,1837172158.900566,7.606139602346623,5.044688777668678,27493553838294.297,595273275764.904,13973787914.14224,0.0006986280808464,1.512625936511612e-05,3.550825291641665e-07,9.842994746121725e-05,2.1311438165914928e-06,5.002769806744436e-08
618,618,0.02,6680,100000.0,17.15,2.43,0.81,1.78177284335096,,998.0,0.6527588400982798,6680.0,0.9270418500645974,0.0002900741733714,0.0004198400942981,2.0840629863529754e-06,-3.8537125004775725e-06,3557535678535.625,77025543131.59702,1808141987.072235,7.205715685364721,4.703594612856657,25634590640068.78,555024164317.0854,13028957077.61294,0.0006869442522558,1.4873288397465653e-05,3.491441428896598e-07,9.664038939738904e-05,2.092397421815029e-06,4.911814286803077e-08
619,619,0.02,6690,100000.0,17.15,2.43,0.81,1.7829241730651,,999.0,0.6502372269401525,6690.0,0.994550813117712,0.0003607142960947,0.000512330876682,1.2030211105780414e-05,9.161733195415196e-07,3543792886823.831,76727992778.93799,1801157118.6242225,6.726654799092897,4.373921363145834,23837871429144.8,516122720851.2083,12115762175.913958,0.0006836816374377,1.480264829681827e-05,3.474858964592086e-07,9.603241247637543e-05,2.0792338848095967e-06,4.880913441459816e-08
620,620,0.02,6700,100000.0,17.15,2.43,0.81,1.7840729127297,,1060.0,0.6847832702168334,6700.0,0.9646707658312152,0.0003544768112327,0.0004203324032504,-3.159254381375358e-06,6.076477543127068e-06,3732068822681.7417,80804425885.58633,1896849658.5006285,6.945374771699336,4.756076449045763,25920616647299.41,561217020987.4,13174331763.856766,0.0007193580901071,1.5575092593146704e-05,3.656186990086133e-07,0.0001008885386754,2.184375699761741e-06,5.127729396898325e-08
621,621,0.02,6710,100000.0,17.15,2.43,0.81,1.78522668397861,,1034.0,0.6612898750140849,6710.0,0.855587942091006,0.0003367127144078,0.0004542380136792,-5.900060596906806e-07,1.2227681732672102e-07,3604029818826.762,78032205251.66202,1831772953.789015,7.842560267505827,5.186205699089356,28264821060036.992,611972272492.5441,14365789786.477518,0.0006940492838724,1.5027122109531584e-05,3.527553240966313e-07,9.718871872746294e-05,2.104269506392776e-06,4.9396835022949047e-08
622,622,0.02,6720,100000.0,17.15,2.43,0.81,1.78637782384419,,968.0,0.6112382634452409,6720.0,1.0104608490200917,0.0003333245584134,0.0004125101673512,8.620561736536435e-07,8.760358835401865e-06,3331248535776.563,72126115086.53844,1693129989.7433174,6.650430846991066,4.064997802077482,22154238021322.28,479669740645.1429,11260043911.754623,0.00064089612563,1.3876283087034954e-05,3.257398656871764e-07,8.961328834916614e-05,1.94025101379846e-06,4.554657040865876e-08
623,623,0.02,6730,100000.0,17.15,2.43,0.81,1.78753014313729,,1086.0,0.6750805511249455,6730.0,0.9189233311280988,0.000321868792115,0.0003952222786978,-6.050122273153117e-06,-1.733279382906516e-06,3679189003630.9526,79659505032.74356,1869973126.6160989,7.323788364082611,4.944147085147352,26945601614053.062,583409356047.3875,13695287425.858164,0.0007072232278114,1.5312356125091956e-05,3.5945107175004e-07,9.87339942177149e-05,2.1377268472826345e-06,5.0182231923499134e-08
624,624,0.02,6740,100000.0,17.15,2.43,0.81,1.78867976819407,,991.0,0.6305124801731271,6740.0,0.9818632166279712,0.0003359690586479,0.0003836248749985,-3.5618420252854203e-06,-7.337199926326277e-06,3436293016943.543,74400472660.429,1746519570.0795622,6.864499948523677,4.328152887691967,23588433237921.22,510722040747.652,11988983498.906748,0.0006599189880087,1.4288154235785386e-05,3.354083663824196e-07,9.199337728106031e-05,1.9917832145257098e-06,4.675626698505268e-08
625,625,0.02,6750,100000.0,17.15,2.43,0.81,1.78983440448888,,1014.0,0.6561788878546879,6750.0,1.101423854535824,0.000313473576587,0.000438722810109,1.5654983532741445e-05,5.140409574361247e-06,3576174938808.0493,77429108766.85318,1817615519.3574853,6.128430914404583,4.021346981708287,21916341050310.168,474518943841.57794,11139131139.331957,0.0006861770554953,1.4856677531826365e-05,3.487542098572799e-07,9.550983999166864e-05,2.067919471379248e-06,4.8543533353563696e-08
626,626,0.02,6760,100000.0,17.15,2.43,0.81,1.79099018877146,,998.0,0.6523765444097579,6760.0,0.8953432756688926,0.0002918396789663,0.0003894978296842,2.921670488098017e-07,-7.383264462879767e-07,3555452167033.1807,76980432240.35143,1807083028.0150287,7.55017676873682,4.925558230071359,26844292353888.902,581215871148.4203,13643796297.297665,0.0006815171919064,1.4755785072470146e-05,3.463858021249348e-07,9.473046328184471e-05,2.051044893074803e-06,4.8147409778111923e-08
627,627,0.02,6770,100000.0,17.15,2.43,0.81,1.79214321531887,,1037.0,0.6812950533508585,6770.0,1.0760198985026364,0.0004232982270553,0.0003727667259715,9.532263355199969e-06,8.472482367101812e-07,3713058040762.179,80392816295.4013,1887187297.7818785,6.2917052086313365,4.286507635782361,23361466615013.867,505807901022.31866,11873626151.117142,0.0007110484881647,1.539517827586123e-05,3.61395286645217e-07,9.869156751182274e-05,2.136808250714694e-06,5.0160668258302567e-08
628,628,0.02,6780,100000.0,17.15,2.43,0.81,1.79485799913256,,992.0,0.6524707096835897,6780.0,0.9653212999892276,0.0004660466225389,0.0004036952820499,3.567500366115692e-06,-2.8965863919819422e-06,3555965367775.5635,76991543742.66357,1807343865.8235435,7.023568215137966,4.582672537842172,24975565331239.84,540755359465.3763,12694002929.822817,0.0006803488271063,1.4730488366705513e-05,3.457919726760531e-07,9.428917487618626e-05,2.041490391814676e-06,4.79231219095479e-08
629,629,0.02,6790,100000.0,17.15,2.43,0.81,1.79601748694475,,1043.0,0.6846111449587,6790.0,1.0247046948188654,0.0003673661069158,0.0004844850280992,9.536242874172711e-06,8.068817584416026e-06,3731130740024.915,80784115105.1266,1896372871.535599,6.626299298062894,4.536438349285868,24723589003607.98,535299725215.7325,12565934227.521854,0.0007131700422526,1.5441112841432704e-05,3.624735811082084e-07,9.8696718337343e-05,2.1369197731755e-06,5.016328620081471e-08
630,630,0.02,6800,100000.0,17.15,2.43,0.81,1.79717806739436,,980.0,0.6401771978521839,6800.0,1.0740059612671755,0.0003824804013157,0.0003788257243436,3.4758511267497017e-06,1.397265794706399e-05,3488965728294.4023,75540909346.5577,1773290838.0505493,6.331435993127038,4.053240952460526,22090163190909.867,478282432390.3421,11227477438.315657,0.0006662301637875,1.442479987650121e-05,3.386160648975284e-07,9.207026141704629e-05,1.9934478618736625e-06,4.6795343876186825e-08
631,631,0.02,6810,100000.0,17.15,2.43,0.81,1.79833578017,,1014.0,0.6575446976297282,6810.0,0.9795858203160606,0.0003711720956816,0.0004274075051116,6.491467852034016e-06,4.090438178711504e-06,3583618602082.0186,77590274320.30792,1821398812.4343472,6.951917697014818,4.571196620030365,24913021579165.49,539401201163.5831,12662214637.484112,0.0006836685777643,1.4802365536915993e-05,3.474792587903161e-07,9.434560128901862e-05,2.0427121013035225e-06,4.7951801022125074e-08
632,632,0.02,6820,100000.0,17.15,2.43,0.81,1.79949454191591,,1007.0,0.6466211764462519,6820.0,0.8712938333328566,0.0003508846647298,0.0003672430503306,-7.2026085949403945e-06,3.429647355651328e-06,3524085411632.073,76301298820.65773,1791140658.756118,7.827439767262287,5.061388310869316,27584566294237.773,597243820682.5793,14020045621.108006,0.0006716810099612,1.4542818197326391e-05,3.413864949711365e-07,9.256054535940075e-05,2.00406318392831e-06,4.7044534063401864e-08
633,633,0.02,6830,100000.0,17.15,2.43,0.81,1.8006543413666,,1029.0,0.6525965084163622,6830.0,1.0227969732368365,0.0003307878037656,0.0003772483596799,6.70035281259311e-06,-1.177826462269346e-05,3556650970869.174,77006387993.13074,1807692328.3133235,6.677767121646009,4.357887507603766,23750486916440.527,514230725897.2445,12071348396.062431,0.0006771694059248,1.466164952277627e-05,3.441760099838159e-07,9.31941172382585e-05,2.017780886993487e-06,4.736655133027084e-08
634,634,0.02,6840,100000.0,17.15,2.43,0.81,1.80181516717552,,953.0,0.5952467250176313,6840.0,0.9289076002223736,0.0003005139295261,0.0003752290228375,-2.8554828356296476e-08,1.2120463611012887e-05,3244094651346.091,70239113552.08049,1648833428.2988389,7.363488035152854,4.383092137631249,23887852150090.312,517204872240.4874,12141165221.238562,0.0006170713327909,1.3360443535657413e-05,3.136307507946698e-07,8.480295524307182e-05,1.83610068232706e-06,4.310168550886402e-08
635,635,0.02,6850,100000.0,17.15,2.43,0.81,1.80297700791476,,941.0,0.5978809509284954,6850.0,0.9413357671155608,0.0003738467568843,0.0004348297622811,9.499045002140876e-07,-1.0072769775337046e-06,3258451182560.3,70549952209.56245,1656130234.071932,7.276893367166697,4.3507159261668855,23711401797609.527,513384479287.6925,12051483115.482271,0.0006192063124238,1.3406668782755716e-05,3.1471586888333333e-07,8.497787653992078e-05,1.8398879691212208e-06,4.3190590461574426e-08
636,636,0.02,6860,100000.0,17.15,2.43,0.81,1.8041398520748,,980.0,0.6343209096537699,6860.0,0.829980589393017,0.0003820320029542,0.0004306769348219,1.5922256742709647e-06,-3.1089080919043007e-06,3457048957613.046,74849867339.14485,1757068919.7409425,8.26525353444334,5.242823140487136,28573386115654.89,618653130577.482,14522620099.149366,0.0006563092231503,1.4209997859034084e-05,3.335736785552916e-07,8.994556919916654e-05,1.947445351468193e-06,4.571545443700757e-08
637,637,0.02,6870,100000.0,17.15,2.43,0.81,1.80530368806424,,950.0,0.621967228259911,6870.0,0.878447468723607,0.0002731300913358,0.00035907159102,-3.118731766092675e-06,2.8149876433064268e-06,3389721394016.514,73392132934.6695,1722849222.2799537,7.820615625408061,4.864166623821203,26509708099825.547,573971661610.9019,13473741547.98473,0.0006428610417321,1.3918826224658394e-05,3.267385478161335e-07,8.798632061103643e-05,1.905024923321523e-06,4.4719652861022194e-08
638,638,0.02,6880,100000.0,17.15,2.43,0.81,1.80646850420952,,946.0,0.623199495302268,6880.0,1.034687979177761,0.0003650129214265,0.0004139333734522,1.016632382654266e-05,-3.4580165630932575e-07,3396437249397.361,73537540445.66762,1726262601.9872825,6.64934756994795,4.143870049680925,22584091770761.04,488976665862.34906,11478520037.61616,0.0006434998756052,1.3932657857142022e-05,3.270632395278254e-07,8.795368910968352e-05,1.904318406411496e-06,4.4703067675930894e-08
639,639,0.02,6890,100000.0,17.15,2.43,0.81,1.80763428875468,,1000.0,0.6602200049908769,6890.0,1.1207819316095993,0.000386227283599,0.0003397438393637,8.406840719416338e-06,-4.615512423187314e-06,3598199027200.279,77905960588.92348,1828809413.824729,6.14749382166163,4.058698401618826,22119906288822.605,478926411391.0216,11242594572.48415,0.0006810489252493,1.474564645494105e-05,3.461478023744636e-07,9.296266655299598e-05,2.012769661147436e-06,4.7248914926935584e-08
640,640,0.02,6900,100000.0,17.15,2.43,0.81,1.80879698312742,,974.0,0.6423887237808094,6900.0,0.894572415312723,0.0003720889376955,0.0004256789993056,2.4505200232579817e-06,-4.4432637312605415e-06,3501018544605.41,75801869406.1355,1779416764.8728418,7.713182166016052,4.95486124791595,27003993801141.93,584673627254.0822,13724965656.727182,0.0006620299988572,1.4333860525716978e-05,3.364813021714918e-07,9.024290303270767e-05,1.9538830381393587e-06,4.5866576403779865e-08
641,641,0.02,6910,100000.0,17.15,2.43,0.81,1.80996060028449,,947.0,0.6222191006759649,6910.0,1.140017106798041,0.0003835321638897,0.0003580983400548,9.676306350585874e-06,8.340588555292779e-06,3391094098684.0083,73421853879.76385,1723546908.8724227,6.061312552938855,3.771464445605551,20554481228550.25,445032804581.45496,10446956514.327375,0.0006405586716506,1.3868976743995394e-05,3.255683523802309e-07,8.720693775289589e-05,1.8881502118975624e-06,4.4323526160646166e-08
642,642,0.02,6920,100000.0,17.15,2.43,0.81,1.81112512815564,,980.0,0.6398200096090828,6920.0,0.980267763216034,0.0003911958419782,0.0002893339691898,7.584038842204048e-06,-7.045167240824413e-06,3487019052369.501,75498761133.87177,1772301426.6171594,7.059295694165302,4.5166786388742,24615898581864.39,532968079387.1557,12511199829.681534,0.0006580078265778,1.4246774960769004e-05,3.344370054350012e-07,8.946648943750853e-05,1.9370726153442214e-06,4.547195885172452e-08
643,643,0.02,6930,100000.0,17.15,2.43,0.81,1.81229055458748,,942.0,0.6095836326619545,6930.0,1.0107457898284338,0.000354963177259,0.0003975772124442,6.6472627786312735e-06,-4.9334510677772645e-06,3322230798007.652,71930868654.11063,1688546662.473614,6.856323389856824,4.179502518694049,22778288726882.566,493181297205.8976,11577221976.782516,0.0006263055088773,1.356037615550978e-05,3.183240843284923e-07,8.503822353638325e-05,1.8411945646409583e-06,4.3221262237758096e-08
644,644,0.02,6940,100000.0,17.15,2.43,0.81,1.81345686734323,,957.0,0.612306074550102,6940.0,1.0642448669514124,0.0003241353477917,0.0004583144925088,1.8562253833035827e-06,9.770026140103868e-06,3337068106298.056,72252116796.91203,1696087826.5037825,6.521055647540974,3.992881985468587,21761206820803.8,471160074285.2933,11060283099.747986,0.0006284520063455,1.3606850779590773e-05,3.194150564361563e-07,8.521776707699206e-05,1.8450819293734063e-06,4.3312516477663865e-08
645,645,0.02,6950,100000.0,17.15,2.43,0.81,1.81626299505276,,973.0,0.613875955014123,6950.0,1.0499040630547825,0.0003982746307496,0.0003594912364583,-8.579171410512644e-06,-4.0390426917413e-07,3345623954826.9697,72437362691.6665,1700436395.3891206,6.619652446889673,4.063645467695974,22146867798943.05,479510165188.12494,11256297945.517847,0.0006294064868477,1.3627516595970056e-05,3.199001777189582e-07,8.524034708458418e-05,1.8455708176111803e-06,4.332399292188959e-08
646,646,0.02,6960,100000.0,17.15,2.43,0.81,1.81743545042217,,939.0,0.5893262852553355,6960.0,0.9709803724836092,0.0003582037482426,0.0004110876716842,-6.414960960450003e-06,1.4918708783839082e-05,3211828254641.5786,69540501660.1296,1632433810.1572793,7.168013069303818,4.224298514794515,23022426905630.105,498467224745.7528,11701306885.980804,0.0006036008789371,1.3068789672400513e-05,3.0678429993685944e-07,8.164426552179572e-05,1.7677107030407148e-06,4.1496259723921866e-08
647,647,0.02,6970,100000.0,17.15,2.43,0.81,1.81860462757994,,945.0,0.6072354498450859,6970.0,1.010280630316629,0.0002944389522568,0.0003372076324145,4.2449970344572666e-06,-1.741855592188078e-06,3309433201655.7183,71653783081.72014,1682042196.070888,6.899073179118116,4.189361805435956,22832021839625.96,494344693041.4429,11604532201.0576,0.0006213221950151,1.3452480552621328e-05,3.157912807691617e-07,8.393366840664126e-05,1.817279426052049e-06,4.2659864492916744e-08
648,648,0.02,6980,100000.0,17.15,2.43,0.81,1.81977877461054,,890.0,0.5806129352068932,6980.0,0.9495698588161758,0.000322891887559,0.000366615708332,-3.557967153292402e-06,-6.0976371740316666e-06,3164340496877.568,68512326354.41339,1608297830.523094,7.350696670913641,4.267909569914707,23260107156035.16,503613329249.9355,11822109508.663738,0.000593448154162,1.2848969209380356e-05,3.016241077117254e-07,8.00713706540542e-05,1.733655364619889e-06,4.0696825084721126e-08
649,649,0.02,6990,100000.0,17.15,2.43,0.81,1.82094959590876,,915.0,0.6023573361782634,6990.0,1.1614468310444863,0.0002747479556387,0.0004370230473123,6.846758836621557e-06,6.955065057404995e-08,3282847482171.535,71078165669.03508,1668529821.2137897,6.018355565802277,3.625200626790284,19757343416007.047,427773673961.2536,10041805736.209087,0.0006150111516667,1.331583777920588e-05,3.125836495627143e-07,8.287894598156117e-05,1.7944432340961868e-06,4.2123794563105407e-08
650,650,0.02,7000,100000.0,17.15,2.43,0.81,1.82212538377739,,974.0,0.644099061338581,7000.0,0.9646689840019462,0.0002761187923405,0.0004473420409986,-1.037146241382623e-06,-2.486813679143948e-06,3510339884295.266,76003689237.95256,1784154399.907869,7.2563751049198,4.6738243937994906,25472342946207.223,551511278468.3398,12946493570.824589,0.0006569564233749,1.4224010634539247e-05,3.339026225226586e-07,8.841876422926367e-05,1.9143879227620394e-06,4.493944530551568e-08
651,651,0.02,7010,100000.0,17.15,2.43,0.81,1.82329779796716,,986.0,0.6526492496897449,7010.0,0.9270137240055192,0.0003072573291749,0.0004293699341525,5.899477664473259e-06,-4.630676555805769e-06,3556938410809.11,77012611463.38991,1807838421.6405933,7.56191609516912,4.935278865728932,26897269818222.68,582362906156.014,13670722458.06914,0.0006649903489737,1.4397956179615832e-05,3.37985920487592e-07,8.938738077645755e-05,1.935359803967338e-06,4.5431751330419714e-08
652,652,0.02,7020,100000.0,17.15,2.43,0.81,1.82447098358789,,986.0,0.6513385948847771,7020.0,1.075412855081595,0.0003782379649509,0.0004989339485429,-2.50187475013566e-06,-3.423040271798019e-06,3549795342122.035,76857954196.4037,1804207907.8308327,6.527725577045823,4.251759605146448,23172089848048.133,501707633407.2808,11777374106.25566,0.0006629247612147,1.4353233362081855e-05,3.369360712963284e-07,8.90041080176523e-05,1.927061421299628e-06,4.523695031355906e-08
653,653,0.02,7030,100000.0,17.15,2.43,0.81,1.82564913031762,,913.0,0.6003527610871796,7030.0,1.1100229426101578,0.0002879966358477,0.0004154923591451,2.12146438371692e-06,-4.4365199352355616e-08,3271922547925.1284,70841625808.28719,1662977148.2114873,6.3332024322572495,3.802155566729681,20721747838676.76,448654356874.1023,10531970919.841215,0.0006103914340597,1.3215814535606076e-05,3.102356463019392e-07,8.185116464118918e-05,1.7721903536991416e-06,4.1601417624971376e-08
654,654,0.02,7040,100000.0,17.15,2.43,0.81,1.82682383065328,,928.0,0.6059674498497398,7040.0,1.045942372546051,0.000348228276734,0.0004644739234736,-8.329641079439865e-06,2.414625219927289e-06,3302522601681.082,71504159082.2693,1678529836.083779,6.730772349209938,4.078628955969888,22228527810035.89,481278216804.4469,11297802208.03659,0.0006154491330916,1.3325320679781773e-05,3.128062566355552e-07,8.242994068781622e-05,1.7847216515894156e-06,4.189558453307357e-08
655,655,0.02,7050,100000.0,17.15,2.43,0.81,1.82799926291382,,912.0,0.5899801069718346,7050.0,0.7503062497453357,0.0003049614919089,0.0003979866483353,5.453269323663449e-06,-1.4043376950217408e-05,3215391582996.498,69617652622.67647,1634244896.3119817,9.396163236535571,5.543549391416075,30212344183217.61,654138828187.0969,15355631814.222528,0.0005985737065655,1.2959944472429e-05,3.0422920498837574e-07,8.007549796402641e-05,1.7337447265605715e-06,4.069892281841343e-08
656,656,0.02,7060,100000.0,17.15,2.43,0.81,1.82917541375128,,927.0,0.5926473386955139,7060.0,0.9998004859444336,0.0003857654783247,0.0004327744883598,-8.497282906564381e-06,-4.616719077313345e-06,3229927995890.551,69932385966.07063,1641633128.1865735,7.061408850317739,4.184925162581757,22807842136070.57,493821169184.6473,11592242700.351463,0.0006005981997904,1.300377753674634e-05,3.052581675998929e-07,8.025782458902482e-05,1.7376923488999868e-06,4.0791591580109874e-08
657,657,0.02,7070,100000.0,17.15,2.43,0.81,1.83034802200767,,907.0,0.5715162880702284,7070.0,1.0416206997779227,0.0003522813775824,0.0003821521374341,2.2341200417776327e-06,2.306341865287825e-06,3114763769982.7446,67438921992.28695,1583100117.9545326,6.787499520225884,3.8791665310779537,21141457594374.844,457741650667.1985,10745291291.08593,0.0005785927439837,1.252732913579405e-05,2.940737432724535e-07,7.721938961023548e-05,1.671906050276658e-06,3.924728609547749e-08
658,658,0.02,7080,100000.0,17.15,2.43,0.81,1.8315255583186,,899.0,0.5657304797923874,7080.0,0.9928131167471292,0.0003450852196431,0.0004646332539165,2.312061448386893e-06,-9.498490256809471e-06,3083231114868.512,66756196615.501724,1567073429.0249133,7.131251471774506,4.03436631664716,21987296425727.027,476055225364.365,11175194697.112637,0.0005721114378717,1.2386999939241383e-05,2.907795748449036e-07,7.626342461836546e-05,1.6512080926545183e-06,3.8761410310618784e-08
659,659,0.02,7090,100000.0,17.15,2.43,0.81,1.83269950233006,,936.0,0.6027520241359153,7090.0,0.957356071752656,0.0003394328607218,0.0005439564644547,-5.230320993808152e-07,-6.888971727185523e-06,3284998531540.7383,71124738848.03801,1669623106.8564854,7.405812956322674,4.463868749795479,24328084686385.355,526736512475.86646,12364916436.933474,0.0006088815539117,1.318312355258465e-05,3.094682393276227e-07,8.107153996608414e-05,1.7553104066051248e-06,4.120516801945928e-08
660,660,0.02,7100,100000.0,17.15,2.43,0.81,1.83387836960085,,891.0,0.582417681762761,7100.0,1.1724490714314015,0.000364787776294,0.0003598563160141,-1.4664463580811655e-06,-1.2861448142261154e-05,3174176365607.0474,68725286448.0058,1613296978.482848,6.0557001348739705,3.526946834003737,19221860245320.363,416179726412.441,9769642730.190351,0.0005876898260139,1.272429348066946e-05,2.986973978089357e-07,7.816089231453327e-05,1.6922908794706284e-06,3.9725811323166446e-08
661,661,0.02,7110,100000.0,17.15,2.43,0.81,1.8350535944249,,922.0,0.6081824533578981,7110.0,1.0035913807923862,0.0002405271081668,0.000370748938071,-3.449098809007706e-06,-8.666396910834848e-06,3314594370800.5444,71765529496.23198,1684665395.8013778,7.08455665929125,4.308703050000787,23482431622504.285,508426959900.0929,11935107448.50218,0.0006130040882966,1.3272382095229522e-05,3.115635457947947e-07,8.143616357528961e-05,1.763205009520032e-06,4.1390490477716014e-08
662,662,0.02,7120,100000.0,17.15,2.43,0.81,1.83795809373492,,818.0,0.5421029819266461,7120.0,1.210926926129105,0.0003652194926149,0.0003419008612321,6.388717677671923e-06,-1.2837405162258006e-05,2954461251500.221,63968151867.34424,1501625259.9368098,5.879793277667105,3.1874534689355856,17371621405698.94,376119509334.3991,8829246108.951572,0.0005458211162533,1.1817778296862089e-05,2.7741733798566093e-07,7.242622458185462e-05,1.5681274313135495e-06,3.68111269893096e-08
663,663,0.02,7130,100000.0,17.15,2.43,0.81,1.83914342642719,,880.0,0.5838794166568891,7130.0,0.6774303884967594,0.0003617070350365,0.000297097012604,-9.680867848984108e-06,-7.910370767333526e-06,3182142820780.0454,68897771165.51291,1617345984.1395829,10.525066665257972,6.145369784785695,33492265327082.027,725153634604.7118,17022674303.85637,0.000587255710744,1.2714894287668375e-05,2.984767557359441e-07,7.783354643521591e-05,1.6852033907074269e-06,3.95594355276235e-08
664,664,0.02,7140,100000.0,17.15,2.43,0.81,1.84032503538016,,904.0,0.5987805312915108,7140.0,1.0465321058964037,0.0003917284423545,0.0004019393001316,-4.435670591064106e-06,-4.52188737679338e-06,3263353895538.7334,70656102692.39827,1658622071.6774848,6.822533164316307,4.085200032883271,22264340179213.824,482053603880.226,11316004091.086658,0.0006015570673707,1.3024538339404456e-05,3.0574551864534184e-07,7.964217125331256e-05,1.724362606952456e-06,4.0478681536087313e-08
665,665,0.02,7150,100000.0,17.15,2.43,0.81,1.84151157571023,,908.0,0.5988915343870598,7150.0,1.1144083629933448,0.0003399582508684,0.0004440295419292,1.234819182436482e-05,-1.505300520030585e-05,3263958862409.476,70669201057.67305,1658929550.2521555,6.415960466049285,3.842464408078972,20941431024030.39,453410800153.31854,10643626410.37875,0.0006009782458884,1.3012006057767349e-05,3.054513286441997e-07,7.947848556535324e-05,1.7208185865526026e-06,4.0395487158904326e-08
666,666,0.02,7160,100000.0,17.15,2.43,0.81,1.84269434090229,,892.0,0.5844880961505504,7160.0,1.06666326838058,0.0003743378609378,0.0005270267778358,2.0876426204588434e-06,2.102786895488012e-06,3185460124020.4995,68969595345.76495,1619032026.3370247,6.712521385376278,3.923388844908436,21382469204750.973,462959883699.1954,10867787100.396366,0.0005858832426952,1.2685178465694762e-05,2.977791894065635e-07,7.739363554249111e-05,1.6756787144979723e-06,3.93358477894863e-08
667,667,0.02,7170,100000.0,17.15,2.43,0.81,1.84388203176379,,909.0,0.590374615832675,7170.0,0.9237571070680132,0.0004069643882033,0.0004668707080384,-2.528596254941778e-06,9.077805520195623e-06,3217541656288.079,69664204668.25566,1635337685.85651,7.761780607845538,4.5823582445343165,24973852432712.027,540718272855.04944,12693132337.360058,0.0005911318504785,1.2798818047057757e-05,3.004468304266948e-07,7.800072621040358e-05,1.688823062904151e-06,3.9644405798682183e-08
668,668,0.02,7180,100000.0,17.15,2.43,0.81,1.84506589565446,,898.0,0.5767146584230337,7180.0,0.8026555209326034,0.0003324002756931,0.0004492824308309,3.069245002138951e-06,-1.378299349763374e-06,3143094888405.5337,68052329693.91798,1597499603.831803,8.945306937722894,5.158889635078052,28115948511175.383,608748976939.2101,14290124289.166204,0.0005767773088631,1.2488022467128204e-05,2.931510358808909e-07,7.602833229898416e-05,1.6461180204183724e-06,3.864192302168552e-08
669,669,0.02,7190,100000.0,17.15,2.43,0.81,1.84625467923074,,898.0,0.5687967500742817,7190.0,0.9455660410039854,0.0004020222489427,0.000346956631231,5.071030553223978e-06,-1.17961338136122e-05,3099942287904.835,67118016508.76524,1575566997.7057602,7.603910978408007,4.3250798523726255,23571685195430.81,510359422579.9698,11980471191.072172,0.0005682224101621,1.2302797137456033e-05,2.888029497521459e-07,7.481864679281087e-05,1.619926664504896e-06,3.802709203964884e-08
670,670,0.02,7200,100000.0,17.15,2.43,0.81,1.84743958356864,,880.0,0.5483735228848566,7200.0,1.1730448228336172,0.0003533347235933,0.0003818790510888,3.974279939182094e-06,6.998940497706928e-06,2988635699722.4683,64708075700.41308,1518994658.3910527,6.137872875656719,3.3658469718432804,18343865996545.875,397169942677.5071,9323396112.005886,0.0005472371612445,1.1848437619607694e-05,2.781370525958755e-07,7.197300140935132e-05,1.5583145259272398e-06,3.6580773193376734e-08
671,671,0.02,7210,100000.0,17.15,2.43,0.81,1.84862940133004,,863.0,0.5523402860302048,7210.0,1.0956893313377805,0.000316051448383,0.0004947456137966,-1.2862509047148103e-06,-1.5242307949513575e-05,3010254558864.616,65176153751.56416,1529982592.3036673,6.580332393304368,3.634582676291557,19808475585788.984,428880755802.4037,10067794013.327612,0.0005505355365488,1.1919851983992542e-05,2.79813474539486e-07,7.233337239320595e-05,1.5661170536510643e-06,3.6763934225537706e-08
672,672,0.02,7220,100000.0,17.15,2.43,0.81,1.84981528715021,,898.0,0.5850250237400817,7220.0,1.1197252553147337,0.0003526042146622,0.0004612786619693,4.941779128343172e-06,-3.4172613886279813e-06,3188386379383.4453,69032952801.32965,1620519315.7600265,6.448010318362065,3.772247389576058,20558748273189.52,445125191969.975,10449125269.125685,0.0005824469385647,1.2610777752412116e-05,2.9603266418797934e-07,7.644470608758536e-05,1.655133085933041e-06,3.885354786469935e-08
673,673,0.02,7230,100000.0,17.15,2.43,0.81,1.85100163557289,,835.0,0.5501580280379794,7230.0,1.1442274591254318,0.0003824833243504,0.0003526503433456,6.673689423190656e-06,-1.4403429433075352e-05,2998361252806.988,64918647308.48157,1523937737.6652029,6.318673741256053,3.4762690853047924,18945666514911.12,410199752065.9655,9629265366.294271,0.0005471376692675,1.184628348138927e-05,2.780864851139685e-07,7.172804168258275e-05,1.5530108107421584e-06,3.645627072674389e-08
674,674,0.02,7240,100000.0,17.15,2.43,0.81,1.85218843156914,,808.0,0.5358326057797594,7240.0,0.898227955078255,0.0003817584813107,0.0004923156363518,-2.6159901202206616e-06,7.698948742213635e-06,2920287701499.689,63228247482.01161,1484256318.0099337,8.060314710834446,4.318979434911348,23538437920266.85,509639573319.5392,11963573034.704435,0.0005322729610351,1.152444209213656e-05,2.705313948747311e-07,6.970458910566579e-05,1.5092002778841397e-06,3.5427837031687015e-08
675,675,0.02,7250,100000.0,17.15,2.43,0.81,1.85337566002035,,827.0,0.5499464591893461,7250.0,1.0164434632779376,0.0002891699165223,0.0004933923794754,-2.135074936055764e-06,-1.1743787265362651e-05,2997208202581.9365,64893682184.34284,1523351691.9544888,7.132713487693069,3.922610526968895,21378227371980.48,462868042182.32965,10865631159.70384,0.0005456550029241,1.1814181714687455e-05,2.7733290974308694e-07,7.13854703047292e-05,1.5455936689831276e-06,3.628215646680731e-08
676,676,0.02,7260,100000.0,17.15,2.43,0.81,1.85456330571802,,899.0,0.5976617498995578,7260.0,1.1742179621287503,0.0003346714661026,0.0003843387371629,8.759602551569619e-06,-8.0779720088852e-06,3257256536952.59,70524086488.14781,1655523047.221775,6.1828384798664455,3.6952460652233015,20139091055467.0,436039035696.3496,10235831600.668545,0.0005923003669945,1.2824118037680534e-05,3.010407369862295e-07,7.741125350135559e-05,1.6760601675522862e-06,3.934480223830368e-08
677,677,0.02,7270,100000.0,17.15,2.43,0.81,1.85575584425622,,843.0,0.5588291992969027,7270.0,1.0782581433177256,0.0003866077797646,0.0004415805723456,3.187774183595308e-06,-1.2858102460186804e-05,3045619136168.12,65941845517.03452,1547956882.0524204,6.742355756879065,3.76782526899159,20534647716004.168,444603381741.0076,10436875995.106705,0.0005531954789331,1.197744339708434e-05,2.811654085586747e-07,7.222301195689602e-05,1.5637275983327945e-06,3.670784277442238e-08
678,678,0.02,7280,100000.0,17.15,2.43,0.81,1.8569442901614,,841.0,0.5546098623118297,7280.0,1.0956412558698505,0.0003333581628572,0.00035174550838,1.220443867655534e-05,-2.0425242451144487e-06,3022623749599.472,65443963752.79591,1536269318.6037683,6.644510656200392,3.685111140164785,20083855713898.08,434843114539.44464,10207757858.256454,0.0005483988987055,1.1873590834357736e-05,2.7872751365399084e-07,7.152107684443406e-05,1.5485297371822422e-06,3.635107942368484e-08
679,679,0.02,7290,100000.0,17.15,2.43,0.81,1.8599416691501,,849.0,0.5557370177096411,7290.0,1.0433505256114586,0.0003186444579972,0.0005190702119913,9.341284179405411e-06,-5.9647720174957934e-06,3028766746517.544,65576968089.73765,1539391539.0557058,6.987105312212954,3.882993068632418,21162312224046.68,458193182098.6253,10755890800.111795,0.0005488532314042,1.1883427762513458e-05,2.7895843137425656e-07,7.150873438249716e-05,1.548262505896269e-06,3.634480628248021e-08
680,680,0.02,7300,100000.0,17.15,2.43,0.81,1.86114008778218,,807.0,0.5231499070265233,7300.0,0.9909996169362784,0.0002822508425639,0.0004988110225711,1.1337574464802652e-05,1.567319555661488e-05,2851166993294.552,61731689029.12975,1449125242.4634695,7.366299517418876,3.853678907667209,21002550046786.29,454734111104.73065,10674690574.23817,0.0005160779749257,1.1173798356190876e-05,2.6230018175126045e-07,6.716783184512379e-05,1.454275992243047e-06,3.413851269926475e-08
681,681,0.02,7310,100000.0,17.15,2.43,0.81,1.86233432512373,,788.0,0.5046957059937031,7310.0,1.1924145859011333,0.0003278520545117,0.000514465290977,-4.539710395545681e-06,9.09743046460268e-06,2750591597665.6816,59554093307.25696,1398007105.6025574,6.13041813345119,3.093995707898748,16862276608048.176,365091493532.05225,8570368110.879532,0.0004972988809145,1.0767205128057735e-05,2.527555780061012e-07,6.465605903040724e-05,1.3998926542363404e-06,3.2861886883344605e-08
682,682,0.02,7320,100000.0,17.15,2.43,0.81,1.86353345786491,,808.0,0.5099278841066331,7320.0,1.001545708201775,0.0003628553308731,0.0003760056398698,3.7325936880045033e-06,5.363758527502417e-06,2779106968381.151,60171490324.58271,1412500238.975374,7.308702878017115,3.726911394151328,20311667098124.73,439775544509.8567,10323544561.79918,0.0005018705922,1.0866188968735878e-05,2.550791817237152e-07,6.518308655204715e-05,1.4113035253470757e-06,3.312975224755424e-08
683,683,0.02,7330,100000.0,17.15,2.43,0.81,1.86473292987397,,771.0,0.4839912590515513,7330.0,1.022544248912709,0.0003440156450019,0.0004137342283522,1.326338455458485e-05,2.20960193275082e-06,2637752361830.9546,57110968568.08305,1340655787.572797,7.168393942652487,3.469440009681892,18908448052766.305,409393921142.46313,9610348826.818838,0.0004757554228836,1.0300759614729256e-05,2.41805967227119e-07,6.173350672054902e-05,1.3366153748669328e-06,3.137647956255427e-08
684,684,0.02,7340,100000.0,17.15,2.43,0.81,1.86592813746768,,864.0,0.5559224453816154,7340.0,1.0377877879318476,0.0004024737883739,0.0004679078989201,5.622259277417028e-06,-7.55021509919016e-06,3029777327329.804,65598848555.03062,1539905173.7070746,7.072736917272363,3.93189320259088,21428817954120.293,463963397905.7238,10891344171.176737,0.0005458185309567,1.181772232163326e-05,2.774160239908824e-07,7.075496961352346e-05,1.5319424613570215e-06,3.5961700152194495e-08
685,685,0.02,7350,100000.0,17.15,2.43,0.81,1.86712822823299,,842.0,0.5507699030920962,7350.0,0.944055944775755,0.0002638857659075,0.0004632518523575,3.213195818240717e-06,5.712844250880698e-06,3001695971851.924,64990848564.86735,1525632631.5651064,7.78555554961933,4.28804967558197,23369870731921.73,505989861718.6725,11877897601.362057,0.0005401177931939,1.169429350401589e-05,2.745185847976612e-07,6.994726560170584e-05,1.5144545579818885e-06,3.5551179030591785e-08
686,686,0.02,7360,100000.0,17.15,2.43,0.81,1.86832399862256,,829.0,0.5480045676713032,7360.0,0.959005972877094,0.0002855388750661,0.0004230135040061,-1.4486308384458678e-06,-5.5128247165327255e-06,2986624893808.6025,64664538985.21378,1517972652.44951,7.674613306025005,4.205723146812664,22921191150129.02,496275331323.8944,11649853116.67108,0.0005367988059263,1.1622432862258796e-05,2.728316866818378e-07,6.944557229009904e-05,1.5035922073819611e-06,3.5296189952949426e-08
687,687,0.02,7370,100000.0,17.15,2.43,0.81,1.86952002014486,,776.0,0.5160766202125153,7370.0,1.122691733624379,0.0002938298806168,0.0003997860418969,-2.273513017003617e-06,-3.495590069957842e-07,2812617580158.2085,60897041185.076805,1429532237.9886675,6.564580266577251,3.3878263970889604,18463653864134.84,399763514856.4973,9384279119.936422,0.0005048821212438,1.093139271683871e-05,2.566098120817223e-07,6.525560171637002e-05,1.4128735784461769e-06,3.31666085787789e-08
688,688,0.02,7380,100000.0,17.15,2.43,0.81,1.87072091189329,,802.0,0.5347134747074607,7380.0,0.9495660147076704,0.0003084787930362,0.0004555605926644,-4.93217609477385e-07,2.075276215629777e-06,2914188437155.6606,63096190015.48036,1481156324.939666,7.771971496128129,4.155777884022013,22648989467919.977,490381790314.59766,11511504738.740978,0.0005225151139104,1.131317127365667e-05,2.6557190193244894e-07,6.74636876488703e-05,1.4606816775351734e-06,3.428888344722398e-08
689,689,0.02,7390,100000.0,17.15,2.43,0.81,1.87191739851127,,821.0,0.5471804709662111,7390.0,1.015358979580924,0.0003684679879597,0.000407753354184,-2.206708882845884e-06,2.1570202483670084e-06,2982133566765.8506,64567295574.01292,1515689904.5764048,7.278214058884007,3.9824965965330494,21704606451105.12,469934598390.9,11031515572.39655,0.0005340451824368,1.1562813124321256e-05,2.714321385963549e-07,6.888731449718152e-05,1.4915051579206276e-06,3.5012451588475754e-08
690,690,0.02,7400,100000.0,17.15,2.43,0.81,1.87311874637202,,775.0,0.5149442016561502,7400.0,1.2887349470402114,0.0003942292874536,0.0002946982978955,-3.6542531138222e-06,2.2178451997535505e-06,2806445899026.0186,60763415795.42572,1426395438.587536,5.742065129059547,2.9568431437411875,16114795133389.473,348907490961.46014,8190455508.163091,0.0005019651732543,1.0868236778718436e-05,2.551272531953396e-07,6.468902222440984e-05,1.4006063527486902e-06,3.287864065350739e-08
691,691,0.02,7410,100000.0,17.15,2.43,0.81,1.87432030347042,,799.0,0.528021330652867,7410.0,1.0301895967286328,0.0003393046283461,0.0004654788829623,1.3505031044942538e-05,2.212595392542122e-06,2877716252058.125,62306517017.03831,1462619085.9084415,7.192850736923044,3.797978617297561,20698983464271.71,448161476841.1122,10520400769.914244,0.0005141099969055,1.113118892382682e-05,2.612999433813584e-07,6.618897463233667e-05,1.4330823865349957e-06,3.3641001785609645e-08
692,692,0.02,7420,100000.0,17.15,2.43,0.81,1.87552205314643,,798.0,0.5233509020773603,7420.0,1.092863575049705,0.000382835582783,0.0004146879772659,-8.873641774025343e-06,-2.545843264662943e-06,2852262416321.614,61755406445.12852,1449681998.7542882,6.78950252291328,3.55329227002318,19365442871626.33,419288487862.7351,9842619587.964209,0.0005089617742092,1.10197228177411e-05,2.586833237723971e-07,6.54625545105016e-05,1.4173543912365484e-06,3.327179376038338e-08
693,693,0.02,7430,100000.0,17.15,2.43,0.81,1.87671928311662,,752.0,0.4883322146821064,7430.0,1.0390750978476715,0.0002531920477203,0.0004047752261321,-1.1864358739129443e-05,-1.932072381077029e-06,2661410570017.4805,57623201332.48856,1352680234.669435,7.150589996228778,3.491863449142114,19030655797824.523,412039886998.7695,9672461754.123655,0.0004743420196601,1.0270157489890473e-05,2.410875953135306e-07,6.094842671555562e-05,1.3196173123734976e-06,3.097745724808973e-08
694,694,0.02,7440,100000.0,17.15,2.43,0.81,1.87792135551894,,757.0,0.4855732564521606,7440.0,1.098024653068023,0.0002990491379633,0.0004420810487255,-5.74798008812905e-06,-1.370942057930824e-05,2646374247664.2754,57297644261.35496,1345037920.372485,6.775804149034063,3.290149285728531,17931313607220.496,388237615715.96674,9113713521.468033,0.0004710666418363,1.0199241052603036e-05,2.3942286199754584e-07,6.047155308711552e-05,1.309292342069657e-06,3.0735082945194494e-08
695,695,0.02,7450,100000.0,17.15,2.43,0.81,1.87912356994548,,769.0,0.4859338769738744,7450.0,1.3639911786449377,0.0003256560141662,0.0005127974774105,-6.388639004833704e-06,1.039675276160818e-06,2648339629507.616,57340197482.91718,1346036839.2176323,5.461912156500333,2.6541281498989417,14464998416949.232,313187121688.0751,7351934975.220069,0.0004708488872869,1.0194526366947065e-05,2.393121867495201e-07,6.038558432336838e-05,1.3074310000288931e-06,3.0691388729491824e-08
696,696,0.02,7460,100000.0,17.15,2.43,0.81,1.882221662924,,737.0,0.4587698464080076,7460.0,0.964908488920628,0.0003790289438601,0.0004093043704539,7.089870178777296e-06,-1.0062074277888717e-05,2500295662923.641,54134841876.1449,1270792474.550181,7.731303108696818,3.546888739710591,19330543631422.72,418532871285.8498,9824881808.998337,0.0004439892011444,9.612977199091875e-06,2.2566056645325849e-07,5.688695993182656e-05,1.231680967331291e-06,2.8913188809387083e-08
697,697,0.02,7470,100000.0,17.15,2.43,0.81,1.88342897324639,,776.0,0.4962732869251616,7470.0,0.9737148326639726,0.0003901980392799,0.0003911640812696,-4.109859057619481e-06,9.98783768037195e-08,2704689413742.131,58560247857.16907,1374677004.7826977,7.671650620298073,3.80723526947678,20749432218648.45,449253761798.26,10546041696.45068,0.0004796980906539,1.038612379764444e-05,2.4380985524978897e-07,6.14045529437756e-05,1.3294930729111046e-06,3.1209286542065766e-08
698,698,0.02,7480,100000.0,17.15,2.43,0.81,1.88463638090579,,754.0,0.491088042403432,7480.0,1.0469582519835967,0.0002711158512108,0.0005070001941725,1.4636978606324444e-05,-3.1819187303880257e-06,2676429831098.7046,57948389003.60498,1360313877.457507,7.144506465112798,3.508581693890908,19121770231705.45,414012639879.1272,9718771292.077814,0.0004741026310821,1.0264974397741229e-05,2.409659244215525e-07,6.0632136466065375e-05,1.3127691932102229e-06,3.0816700552477274e-08
699,699,0.02,7490,100000.0,17.15,2.43,0.81,1.88584865215116,,751.0,0.4949943259137265,7490.0,1.0687158572445696,0.0002654651015153,0.0003964058626875,-1.3187838091329691e-06,-7.741479784920492e-06,2697719076229.809,58409330457.819725,1371134282.7810223,7.008411028270123,3.4691236926648963,18906724125023.684,409356595734.45776,9609472628.68176,0.0004772824825754,1.0333822558514909e-05,2.425821058227652e-07,6.098359456899706e-05,1.3203787447966335e-06,3.0995331551582e-08
700,700,0.02,7500,100000.0,17.15,2.43,0.81,1.88705621453883,,674.0,0.4474274565614522,7500.0,1.311918596104988,0.0003585170932145,0.0003421108777536,1.069729963519508e-05,-1.1461661872690613e-05,2438479638259.9146,52796439874.251366,1239374054.6752226,5.716818118339869,2.5578613903132346,13940344577207.129,301827644056.96173,7085276051.167661,0.0004309094786921,9.329783208380065e-06,2.190127075187524e-07,5.500557477775204e-05,1.1909463896834388e-06,2.795696185951801e-08
701,701,0.02,7510,100000.0,17.15,2.43,0.81,1.88826382191019,,742.0,0.4942581627864994,7510.0,1.0259003360442875,0.0003933155101069,0.0004351632027767,-3.391860156119456e-06,-1.8098832633060605e-05,2693706987186.422,58322463208.80693,1369095110.9186034,7.320399200722941,3.61816705981308,19719010475981.285,426943713057.9434,10022322755.682232,0.0004754143428611,1.029337476286623e-05,2.4163261095880897e-07,6.063036298188931e-05,1.3127307948372362e-06,3.0815799166941904e-08
702,702,0.02,7520,100000.0,17.15,2.43,0.81,1.88947145662132,,733.0,0.4884560240729517,7520.0,1.1405429158385232,0.0003567944757158,0.0004739826072825,-5.007407798037153e-06,-4.841699394222116e-07,2662085331197.5864,57637810840.6083,1353023186.6820762,6.593351197549039,3.220562111271438,17552063506429.336,380026329130.0297,8920957048.221884,0.0004692402179992,1.0159696463103667e-05,2.384945695152302e-07,5.9788284638757074e-05,1.2944986398850157e-06,3.038780705492791e-08
703,703,0.02,7530,100000.0,17.15,2.43,0.81,1.89189158201575,,751.0,0.4993547813655693,7530.0,1.1848434052644734,0.0003844849684841,0.0003545536950791,-9.176241083215375e-06,-1.640365515954239e-06,2721483558442.353,58923864201.137184,1383212744.382627,6.3552702125385085,3.173534567501282,17295763392881.99,374477078965.1513,8790690751.978552,0.0004791333075149,1.03738954654619e-05,2.435228003333006e-07,6.098952108857042e-05,1.320507062101158e-06,3.0998343745933964e-08
704,704,0.02,7540,100000.0,17.15,2.43,0.81,1.89431652176622,,756.0,0.5004126282896222,7540.0,1.110565695200421,0.0002839075141268,0.0003619211518441,6.441669244432483e-06,-8.74584597217358e-07,2727248824178.441,59048690138.175415,1386142980.3622534,6.789332709074248,3.397467825280545,18516199647778.973,400901203383.1043,9410985876.02711,0.0004795340028955,1.0382571071867686e-05,2.43726456517572e-07,6.098621895741285e-05,1.320435566417379e-06,3.099666541505203e-08
705,705,0.02,7550,100000.0,17.15,2.43,0.81,1.8967364168334,,742.0,0.4878526370124436,7550.0,1.1786063752988412,0.0002906106882382,0.0004866399385555,-1.056702211573469e-05,1.008344751769269e-05,2658796871717.818,57566611167.46835,1351351804.524469,6.405870660665366,3.125120894166243,17031908873206.023,368764265511.6167,8656584876.840494,0.0004669280793804,1.010963548016443e-05,2.373194091530125e-07,5.932801530993542e-05,1.284533175517868e-06,3.015387200156352e-08
706,706,0.02,7560,100000.0,17.15,2.43,0.81,1.89916580511888,,704.0,0.4587500788696568,7560.0,1.2345151352437824,0.0003228669739446,0.0004751935835164,8.411290766015712e-06,-1.121884169016376e-05,2500187929839.6294,54132509306.6195,1270737718.4689493,6.123861736621892,2.8093220546621667,15310805197908.805,331500002450.1356,7781822091.414202,0.0004385045462993,9.494226874003436e-06,2.228729528897417e-07,5.566946247023866e-05,1.20532047183269e-06,2.829438734725892e-08
707,707,0.02,7570,100000.0,17.15,2.43,0.81,1.90357578030329,,719.0,0.4632780086412507,7570.0,1.14146995140527,0.0003657670307914,0.0004113577609118,2.8790199474153053e-06,-1.9007126723787184e-05,2524865147094.817,54666805019.6676,1283280083.9362648,6.631799628786138,3.072366925731828,16744399745238.465,362539297236.3557,8510456384.277164,0.0004422853629306,9.576086757029555e-06,2.2479457895738882e-07,5.609645878233782e-05,1.2145655295992409e-06,2.851141116093133e-08
708,708,0.02,7580,100000.0,17.15,2.43,0.81,1.90601426506034,,740.0,0.4702653797314468,7580.0,1.1743246097203155,0.0002742727949873,0.0004464443427812,8.216030805613528e-06,-6.436241048009755e-06,2562946319536.3853,55491314808.31072,1302635101.8561077,6.454774035439231,3.035456762856513,16543239357567.998,358183898017.0685,8408215233.112541,0.0004483975334333,9.708423659658432e-06,2.2790113167164289e-07,5.6818755227221815e-05,1.2302042416169126e-06,2.887852329897329e-08
709,709,0.02,7590,100000.0,17.15,2.43,0.81,1.90845709283376,,708.0,0.4424576705201583,7590.0,0.976200433615304,0.0003261267196315,0.0004801419819593,3.5691475513041937e-06,-6.547938813206782e-06,2411394304334.863,52210005121.378685,1225607747.340839,7.775042643538742,3.4401272562550456,18748693546590.0,405935016238.0954,9529152499.826475,0.0004213545036775,9.122904850266444e-06,2.141563257223564e-07,5.334258666664151e-05,1.1549404085621463e-06,2.7111736709467345e-08
710,710,0.02,7600,100000.0,17.15,2.43,0.81,1.91089411501287,,738.0,0.4621568543903296,7600.0,0.9451273298564048,0.0003028539928705,0.0003638633833858,-8.0571902134622e-06,4.236722650278563e-06,2518754856427.2964,54534508818.05889,1280174486.661213,8.041244560301399,3.716316291372244,20253923787978.727,438525322381.9247,10294196127.101112,0.0004395592072302,9.517061734527155e-06,2.234089915647477e-07,5.559649781758196e-05,1.2037406866926e-06,2.8257302560495783e-08
711,711,0.02,7610,100000.0,17.15,2.43,0.81,1.9133402868826,,723.0,0.4639618857610457,7610.0,1.0901461284001923,0.0003778011626591,0.0003822917406495,1.133906871806053e-06,-1.7786901675291485e-06,2528592277397.699,54747502519.8034,1285174423.5580966,6.98071552220967,3.238785937645802,17651383360169.617,382176740642.2047,8971437047.27887,0.0004407158932758,9.542105579182693e-06,2.2399688520623778e-07,5.569310502007497e-05,1.2058323655722654e-06,2.8306403835891312e-08
712,712,0.02,7620,100000.0,17.15,2.43,0.81,1.91578543191461,,648.0,0.4227855190795611,7620.0,1.2432161676479154,0.000276983419796,0.0003730135666244,1.3538438422540888e-05,4.983155831590952e-06,2304181078983.608,49888691251.38821,1171115887.8503842,6.129263919095058,2.5913640276102288,14122933950475.746,305780955258.0071,7178078356.480334,0.0004011176157942,8.684748378665013e-06,2.0387078821103464e-07,5.06410084984848e-05,1.0964475234534323e-06,2.5738641016661083e-08
713,713,0.02,7630,100000.0,17.15,2.43,0.81,1.91822939385235,,739.0,0.487393185731239,7630.0,1.1070325965720258,0.0003193874160026,0.0004305586290071,-2.3512936375007417e-06,6.450585705990988e-06,2656292862235.2524,57512395916.2862,1350079124.475532,6.89229930864423,3.359259717053328,18307965457940.64,396392646612.2926,9305149416.237717,0.0004618194889423,9.999027467008443e-06,2.347229329119779e-07,5.825312231116704e-05,1.2612602628839837e-06,2.960755023888673e-08
714,714,0.02,7640,100000.0,17.15,2.43,0.81,1.92068229126587,,741.0,0.4918453939384116,7640.0,1.016081803563793,0.0004113815889194,0.0003697024198481,1.1823778944836822e-06,9.700329005210835e-06,2680557396964.344,58037756484.732574,1362411741.2094002,7.519079638276717,3.698224686742501,20155324542746.64,436390513035.6152,10244082382.27673,0.0004654348499346,1.0077305007759331e-05,2.365604650126555e-07,5.865809000315863e-05,1.2700283707105909e-06,2.9813377854816414e-08
715,715,0.02,7650,100000.0,17.15,2.43,0.81,1.92520281678976,,709.0,0.4719713847983622,7650.0,1.1134086280162592,0.0003878713857624,0.0004054115325817,-2.764008173082434e-06,8.14388841904571e-06,2572244047151.0747,55692623406.20675,1307360735.8914635,6.870792813623038,3.242817598908301,17673355914050.246,382652476671.1796,8982604748.975994,0.0004460776265938,9.658194484051012e-06,2.267220230578077e-07,5.616529299258313e-05,1.2160558849770292e-06,2.85463966219184e-08
716,716,0.02,7660,100000.0,17.15,2.43,0.81,1.92766308819518,,694.0,0.4619924708855826,7660.0,1.2106267914841735,0.0003336611254861,0.0004579809880062,-7.993447796101515e-07,7.139503701780128e-06,2517858966326.425,54515111564.49874,1279719144.3530638,6.327300910472324,2.9231653816657053,15931251330078.09,344933515036.5532,8097168107.214004,0.0004361045322631,9.442263267348369e-06,2.2165312924199138e-07,5.4858303095515546e-05,1.187757755095566e-06,2.7882110013684052e-08
717,717,0.02,7670,100000.0,17.15,2.43,0.81,1.93012689329961,,699.0,0.4641660980284936,7670.0,1.0424045886129534,0.0004405861990315,0.0004126713687968,1.1985043924104262e-05,-2.495186314151665e-06,2529705234255.29,54771599567.36225,1285740091.5389273,7.357987564315955,3.415328377070717,18613539655035.4,403008748494.3446,9460459604.485886,0.0004375781524688,9.474169172719486e-06,2.224021068511269e-07,5.4996640775853656e-05,1.190752956247841e-06,2.7952421091580672e-08
718,718,0.02,7680,100000.0,17.15,2.43,0.81,1.93258888691182,,677.0,0.447421862305945,7680.0,1.217218540695285,0.0003824730430224,0.0003964211966154,-7.316669576941806e-06,-5.412404632630322e-06,2438449149567.4004,52795779752.10152,1239358558.587468,6.309466823938718,2.8229933965242373,15385314011057.092,333113220789.86005,7819691708.372138,0.0004212628097115,9.120919549718445e-06,2.141097216332211e-07,5.289775886638727e-05,1.1453092745382933e-06,2.688564991924637e-08
719,719,0.02,7690,100000.0,17.15,2.43,0.81,1.93505418872902,,694.0,0.4554823374794564,7690.0,0.938559619917214,0.0003951849372415,0.0003239899895532,8.015031881599517e-06,-1.259725178118905e-06,2482378739263.0376,53746915822.57587,1261686074.8180945,8.193405977425599,3.731951706515962,20339136800511.992,440370301368.88354,10337506227.049215,0.0004283093683009,9.273487240276487e-06,2.176911835217447e-07,5.373317689009946e-05,1.163397224409493e-06,2.7310256878087253e-08
720,720,0.02,7700,100000.0,17.15,2.43,0.81,1.93752271021902,,633.0,0.4116619847925105,7700.0,0.9516196198273974,0.0003885266356491,0.0003950056559516,-1.1470802988664178e-06,1.539942849611898e-05,2243557817119.1826,48576114205.51624,1140303697.8752542,8.091468313144498,3.330949905674771,18153676985927.508,393052088869.6231,9226731238.719116,0.0003866101985263,8.370642830477814e-06,1.964972935629114e-07,4.845791423848806e-05,1.0491805284663468e-06,2.4629068337726955e-08
721,721,0.02,7710,100000.0,17.15,2.43,0.81,1.93999436174058,,677.0,0.4352458387128087,7710.0,1.1595478432391246,0.0003733115701028,0.0002262545423797,8.043932107114762e-06,-3.069136507276012e-06,2372089820984.807,51359008968.11142,1205630973.23448,6.649143495849724,2.8940120375729297,15772365604772.465,341493420433.60565,8016413344.077014,0.0004082055348231,8.838211579657256e-06,2.0747327182754746e-07,5.11224601856849e-05,1.106871615029508e-06,2.5983342149421497e-08
722,722,0.02,7720,100000.0,17.15,2.43,0.81,1.94246368835283,,701.0,0.4443738275649233,7720.0,1.1080885388864772,0.0003132650492917,0.0004195107484342,1.6370784055965393e-05,-1.010838122536347e-05,2421837360228.832,52436111652.66096,1230915502.3548377,6.966952304874356,3.095931262179282,16872825378877.088,365319888937.1553,8575729596.236612,0.0004162285966674,9.011921909497304e-06,2.1155104821447057e-07,5.208117984544123e-05,1.127629215002214e-06,2.6470618013187565e-08
723,723,0.02,7730,100000.0,17.15,2.43,0.81,1.9470958399254,,631.0,0.3932352538378053,7730.0,1.127145303895304,0.0003454021086691,0.0004187341460272,-3.701185923879298e-06,-5.190056262569821e-06,2143132133416.039,46401759952.86103,1089261653.1307206,6.8580332751118025,2.696820455766705,14697671483928.545,318224813780.4712,7470192662.473772,0.0003678771057285,7.965045591921717e-06,1.8697607025104369e-07,4.598680205256375e-05,9.956775490279858e-07,2.3373108566165423e-08
724,724,0.02,7740,100000.0,17.15,2.43,0.81,1.94958694410842,,652.0,0.4042139778904686,7740.0,0.9104710689134664,0.0003000043796931,0.0004300290903794,4.237600214234089e-06,-8.97125897028521e-06,2202966179503.054,47697249391.0753,1119672718.7565982,8.501093845010061,3.436260959511696,18727622229338.742,405478793222.3801,9518442857.8474,0.0003776535786494,8.176719684519334e-06,1.919450298823607e-07,4.716747127735357e-05,1.021240662518848e-06,2.397319182353567e-08
725,725,0.02,7750,100000.0,17.15,2.43,0.81,1.95206991987096,,652.0,0.4152023948304026,7750.0,1.2013640971681523,0.0003758661772674,0.0003838283377515,2.306195150919208e-06,1.3508307021451206e-05,2262853051825.695,48993882589.98752,1150110633.6802154,6.451000174108955,2.678470721341383,14597665431310.54,316059545118.2832,7419363898.115631,0.000387409635509,8.387951741296484e-06,1.969036129100954e-07,4.834324548503292e-05,1.046697792153006e-06,2.4570787154778192e-08
726,726,0.02,7760,100000.0,17.15,2.43,0.81,1.95455548934364,,693.0,0.4495490096969535,7760.0,1.0151492894547118,0.0003865795987997,0.0004988685928709,1.0075821553895408e-06,1.702243361219034e-08,2450042102848.3965,53046783144.24052,1245250756.8605614,7.644195864204653,3.436440680682749,18728601709720.984,405500000320.5644,9518940685.491217,0.0004189017950053,9.069800332226142e-06,2.1290971966327466e-07,5.2227565509261096e-05,1.1307986660720754e-06,2.654501953406482e-08
727,727,0.02,7770,100000.0,17.15,2.43,0.81,1.95704355532571,,589.0,0.3868386358390139,7770.0,1.132932690114103,0.0002177962640072,0.000573696962182,6.687971522186156e-06,-1.679494614163924e-05,2108270565322.6252,45646959029.00364,1071543021.2740684,6.858306824227524,2.653058056049576,14459166405470.184,313060850613.84985,7348970815.257323,0.0003600125095,7.794766260735454e-06,1.829788351037052e-07,4.484398752532788e-05,9.709340418327871e-07,2.2792265219295088e-08
728,728,0.02,7780,100000.0,17.15,2.43,0.81,1.95953401946919,,639.0,0.4229254134222531,7780.0,1.172804464282308,0.0003244847131697,0.0002857513456124,7.89813950497367e-06,-4.66310412001129e-06,2304943503151.28,49905198783.82586,1171503395.179641,6.633671883881286,2.805548423998069,15290238910789.48,331054714031.77216,7771369134.474652,0.0003930690177682,8.510485155349027e-06,1.997800328840408e-07,4.892061089972153e-05,1.059198547920576e-06,2.4864237099491494e-08
729,729,0.02,7790,100000.0,17.15,2.43,0.81,1.96202678227401,,651.0,0.4326127048296833,7790.0,1.1201206966106838,0.0004022435682669,0.0004036203386191,-1.1354140917341475e-06,-4.374733968341688e-06,2357739241321.774,51048299169.90263,1198337192.3782227,6.954607680735982,3.008651639792484,16397151436869.035,355020893495.513,8333965042.22518,0.0004015592969653,8.694311383836232e-06,2.0409527570530818e-07,4.992951792614514e-05,1.0810427734468122e-06,2.5377021037692115e-08
730,730,0.02,7800,100000.0,17.15,2.43,0.81,1.96452174308398,,656.0,0.4363869779230151,7800.0,1.1024749873467954,0.0004045723200426,0.0003630801948405,-7.810399097169134e-06,-1.021847298763489e-05,2378309029680.4326,51493663394.91579,1208791928.846752,7.074990443793557,3.087433698601282,16826513657376.988,364317176434.9513,8552191345.125551,0.0004045423660894,8.758898935515074e-06,2.056114411133623e-07,5.0253007914780296e-05,1.0880467768704723e-06,2.554143705026448e-08
731,731,0.02,7810,100000.0,17.15,2.43,0.81,1.96926697564054,,655.0,0.4350512555988357,7810.0,0.8752421216131552,0.0003916498831445,0.0004938429117173,2.9172599858673702e-06,-7.329700589264271e-06,2371029343013.6543,51336048160.66261,1205091978.0087748,8.923245130850674,3.882068998192784,21157276040150.66,458084141786.7484,10753331124.994003,0.0004027827666554,8.720801186301259e-06,2.0471711259368209e-07,4.9989022854539325e-05,1.0823311370340626e-06,2.5407264826986042e-08
732,732,0.02,7820,100000.0,17.15,2.43,0.81,1.97177696436513,,600.0,0.3969870244569707,7820.0,1.1665465706100804,0.0003272882943353,0.0004921521956888,-3.4128186715608185e-07,-8.591318615682089e-06,2163579283290.4905,46844468885.92254,1099654057.7458088,6.703547202500709,2.6612212572276066,14503655851890.455,314024108352.85754,7371582882.52047,0.0003670365555025,7.946846522806435e-06,1.8654885481503245e-07,4.5515212553418e-05,9.85466987395105e-07,2.3133419958342725e-08
733,733,0.02,7830,100000.0,17.15,2.43,0.81,1.97428887622666,,615.0,0.4044603270553977,7830.0,1.119965596242764,0.0003316729637417,0.0004506335182271,-5.994772374413086e-06,8.772364827037975e-07,2204308782451.917,47726318592.53693,1120355105.9434516,6.991286184386298,2.8276978966747657,15410953536877.477,333668351807.6223,7832723173.789101,0.0003734563689903,8.085844319425084e-06,1.898117691932838e-07,4.626963995868888e-05,1.0018013789220712e-06,2.3516862878085907e-08
734,734,0.02,7840,100000.0,17.15,2.43,0.81,1.97679687857807,,597.0,0.3894092620118506,7840.0,1.239653703147269,0.0003742396575469,0.0003949167701043,1.4649853865482235e-06,1.4784723069148513e-05,2122280477964.586,45950292917.39838,1078663655.7728262,6.324346855977262,2.4627592418930733,13422037868317.248,290605590543.3826,6821843100.043812,0.0003590852171304,7.774689104843238e-06,1.8250753237640482e-07,4.444966725725219e-05,9.623964653863778e-07,2.2591849229832765e-08
735,735,0.02,7850,100000.0,17.15,2.43,0.81,1.97930653618638,,650.0,0.4195571410830248,7850.0,1.2962817280640593,0.0003499349771188,0.0003676822060679,-3.062317571616418e-06,-7.787673592003789e-07,2286586418902.485,49507742647.79692,1162173280.7999787,6.055782342719306,2.5407467267323742,13847069660691.438,299808113754.4201,7037868433.048677,0.0003863723469872,8.36549301733782e-06,1.963764038815743e-07,4.778390368981624e-05,1.03458727255015e-06,2.4286497838677248e-08
736,736,0.02,7860,100000.0,17.15,2.43,0.81,1.98181774079886,,601.0,0.3829343268218226,7860.0,1.1820825891336426,0.0003485493031976,0.0003538336104027,1.4178003687776322e-05,7.683150911594565e-06,2086992081178.933,45186250564.97508,1060728085.2964488,6.649281591873081,2.546238170232656,13876998027767.973,300456104087.45337,7053079731.5444565,0.0003521755766699,7.6250858801937085e-06,1.7899566006895405e-07,4.351562734424251e-05,9.421732158936912e-07,2.2117117017165463e-08
737,737,0.02,7870,100000.0,17.15,2.43,0.81,1.98433038297522,,614.0,0.3851005566357728,7870.0,1.222685682017982,0.000317628363041,0.0004727928959844,5.755502367776462e-06,-7.313122654928216e-06,2098798033664.9617,45441865683.02119,1066728541.8810906,6.436650167531983,2.478757562386307,13509228715005.371,292493392361.5842,6866158447.81007,0.0003537186237571,7.65849497309083e-06,1.7977992436831865e-07,4.366432929411477e-05,9.453928177441362e-07,2.2192695806366592e-08
738,738,0.02,7880,100000.0,17.15,2.43,0.81,1.98684435208453,,601.0,0.3698384249361016,7880.0,1.2689600332159898,0.0003067181645776,0.0004546977001331,5.505966199819178e-06,-7.662853835551003e-06,2015619415901.7527,43640934142.459984,1024452437.0730014,6.209809445321391,2.29662614441099,12516612487039.896,271001885040.4968,6361654420.018442,0.0003392411821071,7.345038438283555e-06,1.7242166503428348e-07,4.18406602752488e-05,9.059078738494238e-07,2.1265803479346645e-08
739,739,0.02,7890,100000.0,17.15,2.43,0.81,1.99171610403242,,582.0,0.3621423128259782,7890.0,1.0037393314923977,0.0003382595952631,0.000315757543264,9.627343655595286e-06,-1.8722618026505024e-06,1973675604901.5813,42732792913.46543,1003134206.5279596,7.8606065862427155,2.846658249357054,15514287458995.943,335905673424.1324,7885243350.719039,0.0003317550435026,7.182953235470492e-06,1.6861678357841745e-07,4.08777020408364e-05,8.850585029025129e-07,2.0776373330847125e-08
740,740,0.02,7900,100000.0,17.15,2.43,0.81,1.99424960220818,,575.0,0.366818594049455,7900.0,1.1332850915641757,0.000310256271072,0.0004691440175923,-3.976670704110961e-06,7.576304429006088e-06,1999161337569.53,43284594097.83569,1016087505.5169904,6.9708849598438745,2.557050220250422,13935923700364.8,301731925989.5498,7083029110.093668,0.0003355792104573,7.265751712654796e-06,1.7056044274621853e-07,4.131249767663397e-05,8.944724267601484e-07,2.0997361204454333e-08
741,741,0.02,7910,100000.0,17.15,2.43,0.81,1.99677823265283,,579.0,0.3756453667043409,7910.0,1.2554766347093391,0.0003711858469014,0.0004908026434143,7.31388040276189e-06,2.696079071553762e-06,2047267248538.658,44326153271.11223,1040537665.7710243,6.300396025953345,2.3667145755518164,12898594436757.4,279272319915.1143,6555799374.278533,0.0003432071266595,7.430906595565016e-06,1.7443738364165337e-07,4.221200046884169e-05,9.139479000593248e-07,2.14545396878333e-08
742,742,0.02,7920,100000.0,17.15,2.43,0.81,1.99930776680493,,582.0,0.3817472847851865,7920.0,0.9409081476114808,0.0003442806954486,0.0003592682943198,4.620658638288709e-06,-1.2732442349585934e-05,2080522702079.2668,45046179604.652016,1057439978.8549668,8.417399743115332,3.2133194968858048,17512591258027.637,379171700632.52496,8900895006.37368,0.0003483254518875,7.541725380316844e-06,1.7703880765659036e-07,4.280197543370892e-05,9.267216699408538e-07,2.1754398523187842e-08
743,743,0.02,7930,100000.0,17.15,2.43,0.81,2.00184408840046,,593.0,0.3915007214055935,7930.0,1.1777199265770832,0.0003594188584443,0.000297875658284,7.496086610158461e-06,4.996968557630178e-06,2133678931660.4849,46197085125.86004,1084456998.293494,6.733349602946513,2.6361112270296267,14366806187311.465,311061124789.496,7302028098.872066,0.0003567272057299,7.723634913051759e-06,1.81309056857232e-07,4.379643154516463e-05,9.482530132714544e-07,2.2259837684423122e-08
744,744,0.02,7940,100000.0,17.15,2.43,0.81,2.0043751062766,,563.0,0.3727893677879161,7940.0,1.2347785829733766,0.0003247525170259,0.000495196889399,-6.608772800633683e-06,1.0326826364576276e-05,2031702054444.143,43989145398.974106,1032626548.7725278,6.430302654651078,2.3971484613123346,13064459114152.225,282863518434.85547,6640101237.835167,0.0003392273994786,7.344740025409392e-06,1.724146599185086e-07,4.160927937896709e-05,9.008981590308472e-07,2.1148202546741083e-08
745,745,0.02,7950,100000.0,17.15,2.43,0.81,2.0069127312489,,550.0,0.364165664974362,7950.0,1.2389556580783392,0.0003283897942734,0.0004550559553412,5.341590061588302e-06,-2.1083868201693445e-07,1984702874110.2727,42971548466.97472,1008738891.9789828,6.416694534758984,2.33673983218786,12735232085423.84,275735300198.16754,6472769335.160373,0.000330937924555,7.165261485778267e-06,1.6820147725089669e-07,4.055441949172235e-05,8.780589908299519e-07,2.0612062750838704e-08
746,746,0.02,7960,100000.0,17.15,2.43,0.81,2.00945084213495,,539.0,0.3559332833619603,7960.0,1.298487806844605,0.0003867587247101,0.0003893407026511,-3.016540361619964e-06,-5.483272585939781e-07,1939836394322.684,42000127436.71131,985935194.91263,6.130207737062412,2.1819449675435165,11891600073112.166,257469506170.1349,6043987560.09554,0.000323022418019,6.993879876375925e-06,1.6417836658950265e-07,3.954782008551783e-05,8.562647284570831e-07,2.0100451676492547e-08
747,747,0.02,7970,100000.0,17.15,2.43,0.81,2.01444614549323,,546.0,0.3587284360676572,7970.0,1.3166530946436978,0.0003588666949464,0.0003671721232291,5.1200748244461065e-06,4.1041068267178986e-08,1955069976568.732,42329955455.98355,993677767.9074104,6.053226952811574,2.171464637944686,11834482276798.54,256232827277.47296,6014957047.10678,0.0003251193044857,7.039280354003589e-06,1.652441235643215e-07,3.976815237407844e-05,8.61035225713992e-07,2.0212437078201334e-08
748,748,0.02,7980,100000.0,17.15,2.43,0.81,2.01699648624426,,573.0,0.3736803411630973,7980.0,1.054496489732628,0.0003457321321663,0.0003971520475869,1.1070978957742372e-05,9.183698143044936e-06,2036557859338.8809,44094280257.24549,1035094545.0217797,7.567592758913178,2.827860643934061,15411840509440.637,333687555984.21924,7833173983.6973505,0.0003382100043606,7.322712021019011e-06,1.7189756184934457e-07,4.133212630322653e-05,8.948974135377486e-07,2.100733758897936e-08
749,749,0.02,7990,100000.0,17.15,2.43,0.81,2.01955316934847,,553.0,0.3571080668400676,7990.0,1.01717295405615,0.0002957272415501,0.0003477260526201,1.6973079655183353e-06,-1.8806216538156223e-05,1946238964278.369,42138751887.12798,989189345.1469872,7.855104648760584,2.8051212359453204,15287910735901.998,331004305841.54785,7770185823.568538,0.0003227936409222,6.988926537399556e-06,1.6406208905590485e-07,3.94080001838214e-05,8.532374351726467e-07,2.0029387249391796e-08
750,750,0.02,8000,100000.0,17.15,2.43,0.81,2.02210370595017,,552.0,0.3520665067606828,8000.0,1.0995501289708045,0.0003900850854882,0.00040168734286,-5.211608240017975e-06,1.3846374630380772e-05,1918762461845.7217,41543847797.760574,975224223.7270916,7.275702843569416,2.561531284364252,13960345499785.17,302260691554.9816,7095441657.688976,0.0003177986338718,6.880777760894292e-06,1.6152334235319657e-07,3.876225155645407e-05,8.392560887452441e-07,1.970118106630785e-08
