,Simulation Number,ExitSlit.openingHeight,SU.photonEnergy,SU.numberRays,SU.electronSigmaX,SU.electronSigmaY,SU.electronSigmaYs,PG.cFactor,SourcePhotonFlux,NumberRaysSurvived,PercentageRaysSurvived,PhotonEnergy,Bandwidth,HorizontalFocusFWHM,VerticalFocusFWHM,HorizontalCenter,VerticalCenter,PhotonFlux1,PhotonFlux3,PhotonFlux5,EnergyPerMilPerBw,FluxPerMilPerBwPerc,FluxPerMilPerBwAbs1,FluxPerMilPerBwAbs3,FluxPerMilPerBwAbs5,AXUVCurrentAmp1,AXUVCurrentAmp3,AXUVCurrentAmp5,GaAsPCurrentAmp1,GaAsPCurrentAmp3,GaAsPCurrentAmp5
0,0,0.02,500,100000.0,17.15,2.43,0.81,1.17577026432641,,651.0,0.0090769848372752,500.0,0.0324750869417584,0.0003641624947052,0.000429935848226,-3.191853050049196e-06,-7.947188872240808e-06,195155174001.4188,138140853950.72217,114370008949.66872,15.396417595331172,0.1397530490611795,3004690554815.3613,2126874274400.9724,1760888418170.863,4.2346943627645455e-06,2.997534133982789e-06,2.481727859108524e-06,2.367974213261503e-06,1.6761737505911852e-06,1.387743027306741e-06
1,1,0.02,510,100000.0,17.15,2.43,0.81,1.17662360156545,,669.0,0.0105933464656831,510.0,0.035605011592338,0.0003143070007445,0.0004279685662355,1.5517923778331485e-06,1.379029789362199e-07,226100852618.992,161018866278.38406,133476165467.60783,14.323826259046855,0.1517372542763337,3238629329936.801,2306406265000.272,1911889403881.8044,5.006344178814019e-06,3.5652933393861467e-06,2.955440531333253e-06,2.8075832104300144e-06,1.999434589870686e-06,1.657426041603332e-06
2,2,0.02,520,100000.0,17.15,2.43,0.81,1.17747901516844,,731.0,0.0138138773685502,520.0,0.0407567419611041,0.0003810104455557,0.0003328159382127,-4.943257189522173e-07,-5.0461757829042616e-06,293775876346.60114,209970936001.9633,174054854843.73276,12.758625321333533,0.176246085580181,3748176334752.6943,2678940500818.752,2220700678310.281,6.635047869288967e-06,4.742279144420821e-06,3.931099817085681e-06,3.729985250831014e-06,2.665938756205048e-06,2.209922916327869e-06
3,3,0.02,530,100000.0,17.15,2.43,0.81,1.17837189466193,,690.0,0.0141076015501784,530.0,0.0393318520192451,0.0004837267438337,0.0003893259750874,-7.275467703941347e-06,-1.174220175799883e-05,297670392708.76514,213615303707.8966,177755779532.24835,13.4750837499508,0.1901011123995902,4011133471631.3545,2878484107735.0825,2395274016234.837,6.853812316192973e-06,4.918457580404749e-06,4.092797876020449e-06,3.865251898846349e-06,2.7737960459084453e-06,2.3081599016807577e-06
4,4,0.02,540,100000.0,17.15,2.43,0.81,1.1791362468331,,729.0,0.0170552248097583,540.0,0.0466763285090792,0.0004085767616419,0.0004758861755673,2.538737687512641e-06,-2.4444362121868787e-06,358378527063.18787,257241847399.59195,214895832602.9553,11.569033324781795,0.1973124641857397,4146093122480.2354,2976039505094.313,2486137048740.3203,8.4119488372803e-06,6.038043843936283e-06,5.044087780633372e-06,4.759551574812546e-06,3.41637611475127e-06,2.8539873939091e-06
5,5,0.02,550,100000.0,17.15,2.43,0.81,1.18000708146274,,706.0,0.0175081149461899,550.0,0.0437468051160294,0.0003466428502856,0.0004637444021278,-3.579604525856802e-06,3.97997630490625e-06,364797043925.8793,263040070919.5434,220602248321.99347,12.57234667860287,0.2201180907923285,4586354903565.674,3307030961964.7847,2773487943983.34,8.68356195725482e-06,6.261357626391987e-06,5.251175477186608e-06,4.951866112914856e-06,3.570585988053844e-06,2.994522066687754e-06
6,6,0.02,560,100000.0,17.15,2.43,0.81,1.18089388467086,,731.0,0.0202213288647329,560.0,0.0541304439000214,0.0004323405294092,0.0003052247840573,-8.804464104077756e-07,9.09952769892798e-06,419773302081.7899,303319932970.99445,254788743695.6353,10.345379783589369,0.2091973268345205,4342714233047.5024,3137959902517.808,2635886318114.959,1.0181039167685743e-05,7.356618685853945e-06,6.179559696117314e-06,5.8195721147655725e-06,4.205108364482471e-06,3.532291026165275e-06
7,7,0.02,570,100000.0,17.15,2.43,0.81,1.18169303123046,,508.0,0.0147701114454614,570.0,0.0388470124356672,0.0003759347541161,0.0003445720082177,9.488412749111886e-07,-2.084873879191663e-06,303998318002.0733,221551671681.9216,186103404212.8141,14.672943020880972,0.2167210036513175,4460549998488.076,3250815054769.764,2730684646006.6016,7.507232622893077e-06,5.471214275914759e-06,4.595819991768398e-06,4.300722893300078e-06,3.134334271036474e-06,2.6328407876706378e-06
8,8,0.02,580,100000.0,17.15,2.43,0.81,1.18256256858225,,419.0,0.0134625416538402,580.0,0.0485104013973796,0.0004869586740026,0.0003104150060279,-1.890541378608668e-06,7.528748393023745e-06,275982103903.72424,201223918991.91867,169628024838.3866,11.956198738675658,0.1609608235410128,3299696882590.762,2405873166442.551,2028106376616.7607,6.937761759385385e-06,5.058457017715913e-06,4.264185276500286e-06,3.972737536220821e-06,2.896600195654445e-06,2.441780144213773e-06
9,9,0.02,590,100000.0,17.15,2.43,0.81,1.18333929872482,,494.0,0.0166753362547694,590.0,0.0412235588496514,0.000498421763255,0.0003757691031181,-4.4540781801532176e-06,-5.328075268431584e-06,338977909627.9765,248462510196.06485,209774733811.2389,14.312204391469914,0.2386608207747488,4851521126788.817,3556046229543.7573,3002338866472.646,8.672144035334142e-06,6.356469299624003e-06,5.366711679181354e-06,4.958332803746586e-06,3.6343365741986775e-06,3.0684387227327155e-06
10,10,0.02,600,100000.0,17.15,2.43,0.81,1.18413280440169,,569.0,0.0193808068404974,600.0,0.0438687042413903,0.0004530327323569,0.0004674930313281,1.4099735651299753e-05,3.665619861952572e-06,390545632997.9247,288774021923.41266,243123522215.9132,13.677176255274418,0.2650747111269123,5341561458240.333,3949613195790.9937,3325243265150.1704,1.0166765000569448e-05,7.517425291963838e-06,6.329042005939033e-06,5.8024950487386015e-06,4.290432899102058e-06,3.61218488876874e-06
11,11,0.02,610,100000.0,17.15,2.43,0.81,1.184814908884,,582.0,0.0209374533500307,610.0,0.0377092550548923,0.0003851547564885,0.0004039092945281,8.721410569731296e-06,8.193605122106065e-06,418749067000.6153,311339991641.35736,261909995642.47565,16.176400173168098,0.3386926239971366,6773852479942.733,5036360294701.408,4236760898865.4,1.1085510150920114e-05,8.242078394225005e-06,6.933522111746795e-06,6.316869465665046e-06,4.696593357751436e-06,3.950937171219987e-06
12,12,0.02,620,100000.0,17.15,2.43,0.81,1.18564428721044,,664.0,0.0244907261254414,620.0,0.0514165127010528,0.000409713748292,0.0004133709916556,8.653126038944896e-06,-3.4198659398363187e-06,487298426689.2189,362732657741.1969,306134076568.0177,12.058382947999975,0.2953185542951603,5876031038976.494,4373969294789.1606,3691481928689.504,1.3116047208392853e-05,9.763254716998258e-06,8.23985627789573e-06,7.460777232219069e-06,5.553614389122157e-06,4.687062431091587e-06
13,13,0.02,630,100000.0,17.15,2.43,0.81,1.18623535979449,,656.0,0.0254417015277376,630.0,0.049111539386331,0.0004337203899637,0.0004312461281447,9.421782965678793e-06,5.567565494637201e-06,501718421292.2358,375316973746.5383,318021269096.72107,12.827942432106788,0.3263646825726624,6436015025464.302,4814544533013.128,4079558532158.2793,1.3727046957044604e-05,1.0268695554620123e-05,8.70108154088853e-06,7.79349051195987e-06,5.830021680960757e-06,4.940013438061672e-06
14,14,0.02,640,100000.0,17.15,2.43,0.81,1.18691311580508,,696.0,0.0273693570793246,640.0,0.0510272339123503,0.0002847874864824,0.0003428761922173,2.004232021926224e-06,1.285210572282822e-05,534889514039.9619,402329549066.0729,342116963491.5586,12.54232202943492,0.3432752902274846,6708756535257.154,5046146766344.023,4290941127843.558,1.4874584119460558e-05,1.1188263303439578e-05,9.513829339659503e-06,8.434029335039859e-06,6.343850702078083e-06,5.394430869114017e-06
15,15,0.02,650,100000.0,17.15,2.43,0.81,1.18740617352132,,689.0,0.0271231749962562,650.0,0.0492066266721167,0.0003418718245186,0.0003641556026039,8.625567027784162e-06,-4.5348336622517065e-06,526189594927.3712,398710672444.9668,338161042941.2558,13.20960293277586,0.3582863719767394,6950755616348.745,5266809668058.069,4466973104587.356,1.486402572373584e-05,1.126294732674829e-05,9.552515841249111e-06,8.439815721069501e-06,6.395118097923796e-06,5.42393257864174e-06
16,16,0.02,660,100000.0,17.15,2.43,0.81,1.18810554884438,,717.0,0.0282190254832869,660.0,0.0560014490446292,0.0003718638693891,0.0004278652337684,-4.490724189026638e-06,8.309105331874822e-06,544330324505.0758,414116830112.2883,350825025458.6541,11.785409328855517,0.3325727661819416,6415155684401.07,4880536352841.4375,4134616527836.396,1.561706299664033e-05,1.188118378249989e-05,1.0065315630481028e-05,8.876171416587321e-06,6.752833353373399e-06,5.720759845652486e-06
17,17,0.02,670,100000.0,17.15,2.43,0.81,1.18943277689967,,830.0,0.0325346201305027,670.0,0.0535807152609777,0.0003551517498454,0.0004271114972995,-6.78251263289402e-06,8.506060082258162e-06,621819047246.1775,475529629240.37067,403429289618.2339,12.504498992531252,0.4068291246442584,7775535649826.569,5946259769754.975,5044681145588.805,1.811589337296201e-05,1.3853940462509163e-05,1.1753390357887056e-05,1.0303666276927449e-05,7.879621292050954e-06,6.684904209630168e-06
18,18,0.02,680,100000.0,17.15,2.43,0.81,1.19165789569026,,804.0,0.0305909177471066,680.0,0.0518917357785539,0.0003943300742466,0.0004667489862733,3.915912542696364e-07,5.456497400173882e-06,579257036511.2913,445315947542.1618,379327380064.122,13.104206089807327,0.4008696906344295,7590703585415.008,5835511951670.317,4970784163866.927,1.7130938879200903e-05,1.3169767130018296e-05,1.1218222228637903e-05,9.748667288991104e-06,7.494491628822412e-06,6.383930084166909e-06
19,19,0.02,690,100000.0,17.15,2.43,0.81,1.1933953170949,,841.0,0.0310241083477606,690.0,0.0579819121837772,0.0004680391450077,0.0004669436913598,-1.4793606190955024e-05,7.29731086243439e-06,581970162501.5087,449849571042.5292,384698943512.2319,11.90026292704874,0.3691950464155992,6925597949465.234,5353328173026.188,4578018575553.431,1.7471359439470788e-05,1.3504959628158603e-05,1.1549068923390808e-05,9.942905023329586e-06,7.685637250603596e-06,6.572544959136869e-06
20,20,0.02,700,100000.0,17.15,2.43,0.81,1.19462031821519,,860.0,0.0307993140271721,700.0,0.055664575334049,0.0004498262206979,0.0004317298938738,-2.913264574312857e-06,1.2163529699020529e-05,572303530797.884,446590053393.996,381623815849.0658,12.575322739807604,0.3873113140563731,7196901604914.813,5616014053817.41,4799042649498.906,1.7432726624122042e-05,1.3603414787631398e-05,1.1624502203710068e-05,9.922199389343524e-06,7.742666813351734e-06,6.616327505960838e-06
21,21,0.02,710,100000.0,17.15,2.43,0.81,1.19557065892945,,838.0,0.0290083451106681,710.0,0.0600895920218818,0.0003864104362031,0.0004563429015114,7.145894027869562e-06,-5.363514800277025e-07,533891365916.3509,420046163104.28107,358405949516.98334,11.815690140506383,0.3427536173165282,6308294948359.314,4963135307948.791,4234813644006.6494,1.649924295984192e-05,1.298099977232591e-05,1.107608629179452e-05,9.384741347078464e-06,7.383570602983005e-06,6.300059053582719e-06
22,22,0.02,720,100000.0,17.15,2.43,0.81,1.19668353378915,,803.0,0.0263043284981302,720.0,0.0693096255156433,0.000417395784689,0.0004089218240797,-8.775385908689986e-06,-4.379609519446369e-06,479470185155.6143,379340026022.401,324066205589.6697,10.388167511271494,0.2732537707100892,4980816600056.88,3940647734050.789,3366454028407.636,1.5027780060845228e-05,1.1889453517302184e-05,1.0157035439385304e-05,8.537589724262585e-06,6.754642120488125e-06,5.770419918654942e-06
23,23,0.02,730,100000.0,17.15,2.43,0.81,1.19757869607337,,842.0,0.0252612865177708,730.0,0.063712259167687,0.0002829242101581,0.0005015433161347,8.834447646200348e-06,-2.464610767352332e-06,455987951810.17694,362808147883.3388,310322077174.4586,11.457763537762506,0.2894378475802861,5224602127909.652,4156969968020.866,3555596980812.235,1.4495085799878056e-05,1.1533057423089729e-05,9.86461400215392e-06,8.22196931844523e-06,6.541833942183943e-06,5.595451781644304e-06
24,24,0.02,740,100000.0,17.15,2.43,0.81,1.19860065465315,,932.0,0.0254982709930329,740.0,0.0600811589436034,0.0003935521356185,0.0004025897820606,-1.961167814823616e-06,-3.170470627840792e-06,455753904872.6164,364707833830.8352,312330949443.5157,12.316673196910498,0.3140538709074498,5613371904531.852,4491987201647.536,3846878233576.557,1.4686106745530776e-05,1.1752259544694392e-05,1.0064479128801972e-05,8.318604948092285e-06,6.656795166595821e-06,5.700791049084655e-06
25,25,0.02,750,100000.0,17.15,2.43,0.81,1.19963845879841,,855.0,0.021186951866804,750.0,0.0651015378647343,0.0003393986259062,0.0004602265081402,1.2837631040178689e-06,-6.373130586916293e-06,374944818699.4541,301792363830.3977,258771369279.70703,11.520465177924413,0.2440835412078765,4319538727470.242,3476788418471.592,2981166548830.684,1.224946073668366e-05,9.859567400329004e-06,8.454069958252913e-06,6.925301363274508e-06,5.574161755081568e-06,4.7795558894911465e-06
26,26,0.02,760,100000.0,17.15,2.43,0.81,1.20065872263705,,913.0,0.0202288090567132,760.0,0.0622543029070357,0.0003688189673004,0.0004284875599607,6.235167446496402e-06,-8.32779672548678e-06,354409197916.5709,287249088605.3275,246353006154.20657,12.207991488313784,0.2469531287830796,4326624471545.613,3506734428719.7305,3007475402251.0674,1.173423672831916e-05,9.510613227601111e-06,8.156572995114597e-06,6.6219212399818185e-06,5.367075268314023e-06,4.602956733560658e-06
27,27,0.02,770,100000.0,17.15,2.43,0.81,1.20181115118366,,963.0,0.0174696513731634,770.0,0.0585809719726739,0.0003613890538099,0.0004655914758307,-1.1875882327677166e-05,2.2853209978670824e-06,302977503475.202,248069049498.921,212132850699.524,13.144199798514418,0.2296245880592521,3982396840133.152,3260669150441.38,2788316573422.972,1.0164109130742704e-05,8.32207296629539e-06,7.1165067372798704e-06,5.724971296966711e-06,4.6874377528276655e-06,4.008398206033472e-06
28,28,0.02,780,100000.0,17.15,2.43,0.81,1.20295231364558,,991.0,0.0130340804742665,780.0,0.0600736087556015,0.0003864417040708,0.0004147221192696,-1.4234959312262362e-05,-3.0668460101060585e-06,223303281378.61548,184657859980.0514,157810733362.80957,12.984070978210868,0.1692354260135896,2899385655087.3364,2397610760665.511,2049025763106.2288,7.589929919107272e-06,6.276397765443367e-06,5.363881799281757e-06,4.267596772089514e-06,3.5290358579893742e-06,3.0159546789566345e-06
29,29,0.02,790,100000.0,17.15,2.43,0.81,1.20410472404016,,991.0,0.0089581845270687,790.0,0.0601384759955863,0.000297876124477,0.0004023190877658,-6.874579622011513e-06,-4.418213277818258e-08,151296435097.95798,126385007132.5277,108394032777.5318,13.136348850243229,0.1176778370124261,1987482751244.9592,1660237543133.362,1423901827850.3564,5.209926170219188e-06,4.352095644267972e-06,3.732572467405621e-06,2.9253776223246177e-06,2.443705110589376e-06,2.095842361887828e-06
30,30,0.02,800,100000.0,17.15,2.43,0.81,1.20514112000624,,1052.0,0.0061531850387341,800.0,0.0696604073879143,0.0004141874858764,0.0003835182807672,4.222026826998566e-06,-8.491989161748801e-06,102833501728.9289,86448227114.54506,74453538968.68327,11.484285406846402,0.0706649331459602,1180969283240.4524,992796113099.3134,855045691066.1193,3.586181943653889e-06,3.014767229810848e-06,2.596468394069189e-06,2.010960893470005e-06,1.690538599914837e-06,1.4559764350059795e-06
31,31,0.02,810,100000.0,17.15,2.43,0.81,1.20653239223348,,1069.0,0.0037404565368406,810.0,0.066210942301609,0.0004890209723592,0.0005555658105926,-1.1050046628069454e-05,7.26831467103808e-06,61849549457.59695,52330349792.75698,45259524095.77126,12.23362743140291,0.0457593516950635,756644344864.369,640190002719.5814,553688155510.2683,2.184043026224477e-06,1.8478992414183227e-06,1.5982129027371014e-06,1.2228209400980823e-06,1.0346178442756732e-06,8.948212927747514e-07
32,32,0.02,820,100000.0,17.15,2.43,0.81,1.20811897847302,,1069.0,0.0015709406318145,820.0,0.0713542275859708,0.0004668105814778,0.0004412346113793,3.88103391940204e-06,9.67203137549819e-07,25697994248.14289,21885375041.779297,18954953639.88528,11.49196099154778,0.0180531884608504,295320347460.67737,251505876265.5211,217829587826.1582,9.188243741133952e-07,7.825052737901122e-07,6.777289015766133e-07,5.134874764844921e-07,4.373051800699217e-07,3.787506222252582e-07
33,33,0.02,830,100000.0,17.15,2.43,0.81,1.2098506842126,,1138.0,0.0001756544341562,830.0,0.0749131182313931,0.000387362342529,0.0004355221089069,-3.693545924070283e-06,2.9605464425814364e-06,2824769500.1347046,2436748716.626698,2113228353.1813085,11.079501422384787,0.0019461635530819,31297037694.65163,26997960871.85981,23413516544.89617,1.0225680666757475e-07,8.821043359526319e-08,7.649897917171423e-08,5.70269956562012e-08,4.919355666779112e-08,4.266226469511404e-08
34,34,0.02,840,100000.0,17.15,2.43,0.81,1.21147483348648,,1140.0,6.372557208568726e-05,840.0,0.0741401981019862,0.0003797081663608,0.0003227436313805,-5.720899580094063e-06,-3.965796293060439e-06,1013520561.1097631,880268021.2599066,764401717.6157668,11.329886100985426,0.0007220034734509,11483072518.380457,9973336419.21456,8660584395.98426,3.7134268608754426e-08,3.2252043425118074e-08,2.8006830641754505e-08,2.06658733751012e-08,1.7948829221174526e-08,1.5586293667945134e-08
35,35,0.02,850,100000.0,17.15,2.43,0.81,1.21322571296527,,1151.0,0.0111135753617683,850.0,0.0686689718080515,0.000321662425067,0.0004370069228163,-3.6869609592541e-06,1.5901071642877942e-06,174788875677.45923,153367339992.40308,132916387638.32216,12.378225239428096,0.137566339043327,2163576072481.9856,1898415478797.9136,1645268984198.288,6.480547403949201e-06,5.686313349096828e-06,4.928065058564346e-06,3.598552163334004e-06,3.157525734834948e-06,2.736481669239936e-06
36,36,0.02,860,100000.0,17.15,2.43,0.81,1.22040172983306,,1189.0,0.0114206277351498,860.0,0.0634076704777726,0.0004794588068857,0.0004216326237562,9.933450343785188e-06,-7.222624452149881e-06,176455149399.82663,157552756397.90866,136184513395.45094,13.563027840637522,0.1548982919293939,2393266103933.702,2136892421394.0168,1847074346646.1743,6.620267967433572e-06,5.9110854509466885e-06,5.109388843334701e-06,3.666829088562957e-06,3.274027604794245e-06,2.8299844851720823e-06
37,37,0.02,870,100000.0,17.15,2.43,0.81,1.22372713714585,,1210.0,0.0109738892053433,870.0,0.0770358136160211,0.0003497577672992,0.0004181764457157,1.146693457690873e-05,1.1409851378664297e-05,167611002130.94205,150742533964.0783,130469052935.85258,11.293448581414935,0.12393305347869,1892906234245.224,1702403056355.5132,1473445540796.9546,6.36180723163119e-06,5.721551273453351e-06,4.952055377742728e-06,3.5146164083846627e-06,3.160903380899404e-06,2.735791018518728e-06
38,38,0.02,880,100000.0,17.15,2.43,0.81,1.22027554950736,,1160.0,0.0116253859345284,880.0,0.0771023974893978,0.0003679913854408,0.0004931184573079,5.721059980467612e-06,5.89665594460297e-06,174342118560.63544,159006113598.92105,137803313092.20004,11.41339346965192,0.1326851039073299,1989835197465.2373,1814799338584.657,1572803433742.915,6.695073526842169e-06,6.106141364755449e-06,5.291912941128186e-06,3.6877900510969833e-06,3.363393588622459e-06,2.914899114598472e-06
39,39,0.02,890,100000.0,17.15,2.43,0.81,1.21702969464689,,1262.0,0.0135862381767888,890.0,0.0722472283960087,0.0003753825608442,0.0004239852503838,5.29482457411683e-07,-8.138065959742778e-06,201344355104.5489,185024310340.43707,160565772697.08075,12.318811665987283,0.1673663093491079,2480323190542.6025,2279279632713.028,1977979513859.0608,7.819875243808736e-06,7.186032224159835e-06,6.236103864272455e-06,4.29501638497201e-06,3.946882166712254e-06,3.425140100111368e-06
40,40,0.02,900,100000.0,17.15,2.43,0.81,1.21534946177801,,1368.0,0.0155468447396726,900.0,0.0861653257996977,0.0004163193207284,0.0004086693629547,5.4892936941959495e-06,2.0428518662903e-06,226759494351.8285,210807866060.5597,183186552625.744,10.445036813209118,0.1623873656351272,2368511266249.534,2201895921516.6035,1913390285860.7656,8.907218876862748e-06,8.280631465214015e-06,7.19565336922035e-06,4.876820948092334e-06,4.533755996261291e-06,3.939716040590312e-06
41,41,0.02,910,100000.0,17.15,2.43,0.81,1.21559007975785,,1315.0,0.0162064504172512,910.0,0.0918605815083992,0.0003375850230207,0.0003635086933723,-6.585861461894202e-06,-8.267886558188442e-06,232819205596.48892,218795919535.5872,190385073940.6685,9.906316562091371,0.1605462281811286,2306380752373.455,2167461641413.399,1886014811153.4348,9.247200469416911e-06,8.690218337668356e-06,7.561785723834946e-06,5.04677212270988e-06,4.742792350166525e-06,4.126936526916467e-06
42,42,0.02,920,100000.0,17.15,2.43,0.81,1.21587072513883,,1306.0,0.0176091954644195,920.0,0.0856688310034314,0.0004100148820566,0.0003893340398172,-2.6530684963478147e-06,2.209127395313004e-06,249659306462.2964,236695118437.3073,206240631078.09857,10.739028293302487,0.1891056483146949,2681098355784.8774,2541875573784.827,2214823972376.2607,1.0027237614797232e-05,9.506548057289769e-06,8.283383635683305e-06,5.453279304135871e-06,5.170104047209186e-06,4.504890208448796e-06
43,43,0.02,930,100000.0,17.15,2.43,0.81,1.21614745395122,,1278.0,0.0192359421370372,930.0,0.0822039988837559,0.0003549069187656,0.0003847307598328,1.4566154474084158e-06,-9.237279133752751e-06,267609364243.0295,257426562939.41345,224612504523.833,11.313318240334098,0.2176223350489551,3027549901774.877,2912348630048.98,2541112744436.605,1.0865404839692043e-05,1.0451965426318396e-05,9.119657679438526e-06,5.8885519255513615e-06,5.6644866937777055e-06,4.942436897744627e-06
44,44,0.02,940,100000.0,17.15,2.43,0.81,1.21641984515278,,1385.0,0.0224302633204802,940.0,0.0656220357079746,0.0003205299296952,0.0003939483975077,2.368255694714252e-06,-4.613052391120225e-06,306621641286.3873,298851841524.9223,261117875151.80945,14.32445656186444,0.3213013326054009,4392188381534.436,4280890222356.945,3740371660138.437,1.2584620590564216e-05,1.22657260022616e-05,1.0717017149910236e-05,6.795225533848236e-06,6.623034355461444e-06,5.786789364024401e-06
45,45,0.02,950,100000.0,17.15,2.43,0.81,1.21696884226858,,1363.0,0.0234082450709925,950.0,0.0862993556567062,0.0004242462775055,0.0004111193544762,9.285687058007164e-06,1.1653101769995e-05,315029402596.6155,310501413087.50256,271674474503.0949,11.008193430540135,0.2576824896109739,3467904600091.046,3418059615723.2744,2990645165470.4126,1.3067728413171437e-05,1.2879902969974496e-05,1.1269323499125518e-05,7.029819330346471e-06,6.928778132552224e-06,6.0623626134003725e-06
46,46,0.02,960,100000.0,17.15,2.43,0.81,1.21747564218327,,1462.0,0.0264153285589846,960.0,0.0807857634733864,0.0003763881063292,0.0004177870111632,1.51826458099071e-07,-7.243962436442023e-06,348183289139.38824,348831197740.71936,306417811284.22235,11.883281889342507,0.3139007954660146,4137560174001.798,4145259454549.945,3641249227405.7695,1.4598228764068511e-05,1.4625393531234156e-05,1.2847133811529688e-05,7.821338073221038e-06,7.835892224352426e-06,6.88314852684075e-06
47,47,0.02,970,100000.0,17.15,2.43,0.81,1.21811891168984,,1461.0,0.0280475324836208,970.0,0.0743383555471837,0.0004172983774551,0.0003901955548242,-5.448551450419575e-06,2.462769455998157e-06,362046650622.71545,368731195514.1207,325351376810.0014,13.048445756703966,0.3659767062219185,4724146082046.855,4811369003470.609,4245329792174.256,1.5336470067248283e-05,1.5619630600466546e-05,1.3782040638139626e-05,8.185045240799576e-06,8.336167485008167e-06,7.355449176966394e-06
48,48,0.02,980,100000.0,17.15,2.43,0.81,1.21860384648691,,1476.0,0.0301833135406508,980.0,0.0809074720718854,0.0004179782442836,0.0004810294792645,2.9873561474383262e-06,-4.199847408746587e-06,384149523766.2468,395401407382.5256,350119291607.33234,12.11260190071543,0.3655984609623767,4653050251729.968,4789339838607.137,4240855597000.114,1.6443534623075456e-05,1.692517191890009e-05,1.4986869272432183e-05,8.738635068920691e-06,8.994592967284404e-06,7.964515196971157e-06
49,49,0.02,990,100000.0,17.15,2.43,0.81,1.21910049382016,,1541.0,0.0332348986411011,990.0,0.10209062599165,0.0003891996115696,0.0003901726760955,-8.253738483361697e-06,-9.813868816284674e-06,413783443358.7922,435377172198.4256,384340802234.09375,9.697266427585342,0.3222876668165523,4012568293573.877,4221968435296.835,3727055158255.896,1.7893406830396224e-05,1.882719328636562e-05,1.6620206647399127e-05,9.468858688192337e-06,9.963001144144442e-06,8.795104789404287e-06
50,50,0.02,1000,100000.0,17.15,2.43,0.81,1.21985929056978,,1490.0,0.0323570298716635,1000.0,0.0854056426403531,0.0003983505614382,0.0004052649316061,1.4022963201533086e-06,-4.477539297004889e-06,393892621438.8658,422896933425.9983,373043712234.178,11.708828235284685,0.3788629049712845,4612021047573.693,4951627554713.636,4367904750802.9575,1.7204681918960186e-05,1.847154993033356e-05,1.6294030559425623e-05,9.065485410460046e-06,9.733023091666876e-06,8.585645291778262e-06
51,51,0.02,1010,100000.0,17.15,2.43,0.81,1.22050059246538,,1585.0,0.0323718572148339,1010.0,0.1052061173920719,0.0004192845788826,0.0003733658875191,6.950680402017851e-06,-5.895122488394916e-06,385107876892.95,421181367611.6561,372069044579.37146,9.600202203413987,0.3107763749624522,3697113488299.781,4043426293382.338,3571938061593.0195,1.6991055804901333e-05,1.8582627233728548e-05,1.6415779263537973e-05,8.91236798678446e-06,9.747199583704334e-06,8.610616507084423e-06
52,52,0.02,1020,100000.0,17.15,2.43,0.81,1.22113579614298,,1508.0,0.0345389028433682,1020.0,0.0786548905840618,0.0004086251127241,0.0003392385684171,-2.182670595767209e-06,4.610329238306341e-06,404776374639.1457,447339028112.7709,395753889369.28174,12.9680429586242,0.4479019758165466,5249157414956.6045,5801111733635.613,5132153438383.455,1.8038962463379806e-05,1.993577798043424e-05,1.7636873104151344e-05,9.420524225033938e-06,1.0411102068139196e-05,9.210540277402262e-06
53,53,0.02,1030,100000.0,17.15,2.43,0.81,1.22175151083902,,1588.0,0.0400793285965459,1030.0,0.0917748859242237,0.0003738914148955,0.0003790620350371,-1.4730842890149963e-06,-4.677215920039136e-06,458607176183.10223,516733243252.9169,457818860293.3719,11.223113923022964,0.4498148707973074,5147000584218.819,5799356056840.623,5138153225181.047,2.0639074708010235e-05,2.325496975509895e-05,2.060359748177695e-05,1.0731996250719058e-05,1.2092220787661835e-05,1.0713548647601764e-05
54,54,0.02,1040,100000.0,17.15,2.43,0.81,1.22238215795596,,1693.0,0.045187138596251,1040.0,0.0870005419799326,0.0004283696456957,0.0004034427035553,2.229700186325698e-06,-8.854383543809734e-06,504538831310.9323,579921815139.61,514565307309.469,11.953948519537771,0.5401647285248039,6031231215598.638,6932355523535.799,6151087193517.525,2.2925782239073925e-05,2.635111595877497e-05,2.338137612224541e-05,1.1869686549373207e-05,1.364313258300754e-05,1.2105567555773094e-05
55,55,0.02,1050,100000.0,17.15,2.43,0.81,1.22318836533182,,1641.0,0.0467937213260724,1050.0,0.0876154592801867,0.0003795874461023,0.0003849644461315,2.5754794382475105e-06,4.767001588727566e-06,509517898637.9871,597780372187.869,531204160327.2542,11.984186450957123,0.5607846811057807,6106157497377.511,7163911437021.968,6366049700885.9375,2.337721360379352e-05,2.742678811901729e-05,2.4372201950881907e-05,1.2048986422321343e-05,1.4136201313585884e-05,1.256181918706498e-05
56,56,0.02,1060,100000.0,17.15,2.43,0.81,1.22388822314828,,1613.0,0.0490467225792908,1060.0,0.088435662834172,0.0004129361509007,0.0004205301762999,3.0424783441844e-06,1.918439993506888e-06,521038137218.081,623669140222.6385,555044594153.0812,11.98611471921269,0.5878796434367795,6245222885780.802,7475369861541.291,6652828179797.68,2.4133448227659423e-05,2.88871117709608e-05,2.5708559547204647e-05,1.238287953880313e-05,1.4821985731561638e-05,1.319106963025387e-05
57,57,0.02,1070,100000.0,17.15,2.43,0.81,1.2245971197151,,1707.0,0.0549215377385331,1070.0,0.095282555533231,0.0003073429662344,0.0004206231160202,1.639220072917073e-07,-1.1710455897873043e-05,569503693934.2803,695132836301.3196,619584196126.5938,11.229757577469922,0.6167555545855923,6395388422355.595,7806173235802.902,6957780321333.226,2.6632009489891635e-05,3.250687307262378e-05,2.8973951120560226e-05,1.3599925826181903e-05,1.6599988926730895e-05,1.4795863837484776e-05
58,58,0.02,1080,100000.0,17.15,2.43,0.81,1.2252878876884,,1711.0,0.0577065131356111,1080.0,0.1181696656158237,0.0003562859794955,0.0004604491827198,-6.556994838568831e-06,2.450210191365497e-06,580154427144.4686,726978169516.0134,648960051626.9701,9.1394013376592,0.5274029833432525,5302264147493.063,6644145254923.69,5931106363926.914,2.738262372696884e-05,3.4312536011416966e-05,3.063017030655269e-05,1.3918250297350686e-05,1.744063933776392e-05,1.5568938215266898e-05
59,59,0.02,1090,100000.0,17.15,2.43,0.81,1.225923815419,,1727.0,0.0607385235420503,1090.0,0.0969972166606112,0.0003868220852436,0.0004891796532293,-2.1421752421838805e-06,4.520380474028995e-06,595195064720.2806,761592514468.8363,680908173596.8325,11.237435851524069,0.6825452620200756,6688466358937.869,8558347026344.463,7651661921572.818,2.8354719410425563e-05,3.628178950541709e-05,3.243803813406462e-05,1.4343086601929791e-05,1.835295357420624e-05,1.640861203452858e-05
60,60,0.02,1100,100000.0,17.15,2.43,0.81,1.22668718395639,,1742.0,0.0640496640144021,1100.0,0.1088518705569185,0.0003815566445342,0.0004330909123516,-2.9252208723082144e-06,-2.5989085367935583e-06,609508541217.5804,799332704688.8989,715760992961.944,10.105476317238027,0.6472523628245934,6159374128428.558,8077637716827.486,7233105763179.698,2.930406951194448e-05,3.8430472351678445e-05,3.441249543410045e-05,1.475096844904224e-05,1.934498158729568e-05,1.732242800592315e-05
61,61,0.02,1110,100000.0,17.15,2.43,0.81,1.22741865002142,,1788.0,0.0690462947183249,1110.0,0.0819180397975287,0.0003083013146275,0.0003468168923453,-1.1147894762205933e-06,-2.691597821713798e-07,637509540629.4939,857617619255.8757,769155315101.4159,13.55012891841054,0.9355861947718718,8638336462246.325,11620829303617.443,10422153677904.87,3.093348116694941e-05,4.161364933848689e-05,3.732124766423917e-05,1.5492183323357583e-05,2.0841051830744675e-05,1.8691320499956643e-05
62,62,0.02,1120,100000.0,17.15,2.43,0.81,1.22816432589286,,1770.0,0.0714009193983376,1120.0,0.1211688796231555,0.0003689289761145,0.0004707700721224,1.2784539542664833e-06,-4.132413763742132e-06,639035388492.1307,882652829465.4874,792858315909.5659,9.243297482681074,0.6599799385357682,5906794197793.434,8158622676679.667,7328625275569.646,3.128457253436224e-05,4.321109122177065e-05,3.8815117191042e-05,1.957661072249105e-05,2.7039740140719773e-05,2.428891871743741e-05
63,63,0.02,1130,100000.0,17.15,2.43,0.81,1.22887045718098,,1763.0,0.0741324124010466,1130.0,0.0932118733173865,0.0004154174207449,0.0005095936802798,1.1562879164728102e-06,-4.720880201867763e-06,642294425047.3748,912046867735.0244,820566187679.4152,12.122919106585792,0.8987012387139454,7786483357460.354,11056670398966.65,9947657514837.045,3.1728361340387535e-05,4.505371905840703e-05,4.053471350693479e-05,1.9839271319675885e-05,2.817141883789677e-05,2.5345752038752712e-05
64,64,0.02,1140,100000.0,17.15,2.43,0.81,1.22959507691401,,1804.0,0.0796050591708453,1140.0,0.1114949268585405,0.0004233377841162,0.0004599405512288,-5.031453902385749e-07,1.6029326688099097e-06,666560442484.7661,974681240336.4348,878325349644.697,10.224680459644388,0.8139362929929778,6815367531445.904,9965804232449.9,8980596039722.457,3.3218455413912886e-05,4.857384756316849e-05,4.377189164919373e-05,2.0755488651210685e-05,3.034981395976431e-05,2.7349465501829275e-05
65,65,0.02,1150,100000.0,17.15,2.43,0.81,1.23040421769492,,1972.0,0.0904974264988635,1150.0,0.1171017605815905,0.0003240309397293,0.0004131028190779,5.835573221572746e-06,1.5414193498571012e-06,731275278905.4907,1102709230466.6174,995304053664.2275,9.82051844727594,0.8887316463630877,7181502366528.2295,10829176339778.871,9774401819658.068,3.6767282137658656e-05,5.544235195950936e-05,5.004220162973328e-05,2.343981277343069e-05,3.534551030407775e-05,3.190281600308441e-05
66,66,0.02,1160,100000.0,17.15,2.43,0.81,1.23117903184959,,1870.0,0.0889698541167312,1160.0,0.1032499474322321,0.000318374697933,0.0004775551183248,3.87592029704872e-06,6.7904431973192045e-06,692339178571.4265,1078848215088.369,975355028728.8665,11.234872548108202,0.9995649716252558,7778342431311.902,12120722195271.85,10957989436925.229,3.510847331147882e-05,5.4708320630823485e-05,4.9460188091625226e-05,2.238312578428409e-05,3.4878851360543174e-05,3.1532946521124766e-05
67,67,0.02,1170,100000.0,17.15,2.43,0.81,1.2319261619573,,1862.0,0.0917740334839264,1170.0,0.1007378305400834,0.0004203507325724,0.0004074250681315,-2.3546180333302784e-06,1.2638479937239608e-05,686554061766.2407,1107438694061.8271,1002848774405.5583,11.61430610255656,1.065891717148597,7973849029306.645,12862131982649.549,11647392640519.846,3.512038860731768e-05,5.665056761032514e-05,5.130031359932061e-05,2.238425048062001e-05,3.610667608030397e-05,3.2696650432344195e-05
68,68,0.02,1180,100000.0,17.15,2.43,0.81,1.23270341452702,,1942.0,0.0990895457526452,1180.0,0.1199596707356249,0.0004037999987938,0.0004547111316805,-2.7263458410011924e-06,4.0568900030166776e-06,711474074190.0059,1189870603771.015,1079281395104.25,9.836639203525008,0.9747081104099544,6998513770469.07,11704327828175.934,10616501682717.629,3.670623127568553e-05,6.13875714584288e-05,5.568207463545779e-05,2.3389672473149583e-05,3.911693302291761e-05,3.54813186504259e-05
69,69,0.02,1190,100000.0,17.15,2.43,0.81,1.23347773841695,,1886.0,0.0994952605757972,1190.0,0.111085208813165,0.000349584736228,0.0003979376988756,-4.383233067054234e-06,9.500823856055834e-06,684458074291.6675,1188874020213.421,1080179389254.9984,10.712497304672384,1.0658427107459043,7332255276010.738,12735809737131.293,11571418795956.832,3.560907498353084e-05,6.185142044757502e-05,5.619655945683984e-05,2.268633513835261e-05,3.940518122713978e-05,3.580250208829812e-05
70,70,0.02,1200,100000.0,17.15,2.43,0.81,1.23422873606346,,1968.0,0.1071382047878362,1200.0,0.1169803264333495,0.0003720029302838,0.0003631167817761,-1.3352162196326754e-06,-4.601200759911709e-06,704105446778.1764,1273880739411.5674,1159364191192.8396,10.258135163297815,1.0990381858667055,7222808842264.73,13067640806805.62,11892914576743.6,3.6941766601537937e-05,6.683573485884769e-05,6.082748195345186e-05,2.3525623612252087e-05,4.256299811260428e-05,3.873676267713711e-05
71,71,0.02,1210,100000.0,17.15,2.43,0.81,1.23521015912391,,1951.0,0.1107708330833481,1210.0,0.1142564267734087,0.000368706333494,0.0003813978216758,4.963045543946519e-06,-1.79615300471404e-06,693805891977.3531,1310539464098.9702,1194753507931.987,10.59021390892654,1.1730868172226536,7347552807313.749,13878893260898.049,12652695217440.104,3.6708767679453374e-05,6.933969468788361e-05,6.321354353433318e-05,2.3365581422781185e-05,4.4135567181334976e-05,4.023619674110452e-05
72,72,0.02,1220,100000.0,17.15,2.43,0.81,1.23598529338285,,1943.0,0.1148339779378571,1220.0,0.1173036486745786,0.0003733545130109,0.0005117990443012,3.0738693285703216e-07,-7.287239790559056e-06,683828758366.7493,1351837758240.3389,1234513928047.4004,10.400358503634433,1.1943145389521612,7112064242109.396,14059597324449.016,12839387429422.926,3.647990033648892e-05,7.211587124456928e-05,6.585705047962256e-05,2.3209037444695007e-05,4.588115484509311e-05,4.189920302632714e-05
73,73,0.02,1230,100000.0,17.15,2.43,0.81,1.23678336528058,,2145.0,0.130296445710797,1230.0,0.1283934379200673,0.0003826426192871,0.0004397033291562,8.493125755201393e-07,6.145055248931564e-06,734406384072.1371,1526178433904.943,1396130901476.9858,9.57992884936806,1.2482306792349838,7035560905932.747,14620680808249.332,13374834700553.615,3.94962787562929e-05,8.207767547324496e-05,7.508373628134638e-05,2.5117012800267347e-05,5.219595593291733e-05,4.77482746389114e-05
74,74,0.02,1240,100000.0,17.15,2.43,0.81,1.2375610899281,,2045.0,0.1267745339074265,1240.0,0.1214335172464871,0.0003574001938028,0.0004194089710569,-5.250242368862042e-06,8.193705502775872e-07,690921209795.4746,1477448436020.8867,1353907048362.1128,10.21134879493801,1.2945389840444277,7055237463042.132,15086741306744.928,13825217106750.535,3.746111918706217e-05,8.010590957382931e-05,7.340760797010468e-05,2.3807793368738098e-05,5.090998304736213e-05,4.665298848970783e-05
75,75,0.02,1250,100000.0,17.15,2.43,0.81,1.23833604842222,,2071.0,0.1333535678823985,1250.0,0.1290212427002188,0.0003651389347768,0.0004299682507374,1.6078683344520424e-06,1.2887916309328655e-06,726776944959.0719,1546255980188.3518,1419449541498.0718,9.688327083504984,1.291972983397062,7041252759513.986,14980633690890.354,13752091436564.5,3.972733486227111e-05,8.452198371701406e-05,7.759044593574267e-05,2.5228915759514843e-05,5.36758384224954e-05,4.927395283480479e-05
76,76,0.02,1260,100000.0,17.15,2.43,0.81,1.23915559600907,,2108.0,0.1394606448803999,1260.0,0.1067797236389651,0.0003680429196217,0.0004452806553715,4.502129253693583e-06,1.8331416213715205e-06,760060514598.1796,1608842860561.932,1479519454269.89,11.799993079774293,1.6456346444895786,8968708812468.205,18984334621075.074,17458319321776.14,4.1877532129737686e-05,8.86434267941154e-05,8.151801375383234e-05,2.6576100009027448e-05,5.625442703559977e-05,5.173253474792793e-05
77,77,0.02,1270,100000.0,17.15,2.43,0.81,1.23991243430684,,2168.0,0.1475253044896778,1270.0,0.1252883880433728,0.0003909672204989,0.0004435064945876,2.9478200121282363e-06,-1.2328210248297703e-06,804012909468.7439,1693176884788.8164,1559855575253.2031,10.136613774297636,1.4954070335475205,8149968332833.986,17163080132672.674,15811653510026.578,4.464751390118886e-05,9.402353819260304e-05,8.662009360767826e-05,2.83140025097898e-05,5.962667265766372e-05,5.493164867441192e-05
78,78,0.02,1280,100000.0,17.15,2.43,0.81,1.24074079328274,,2128.0,0.1495122810873793,1280.0,0.1118774087130987,0.0004335668583579,0.0004272424822988,-6.377141470505972e-07,-1.3469128178634247e-06,814841931926.2174,1707163279737.9802,1575573729657.6228,11.44109445082398,1.710584129478851,9322683505659.738,19531816326460.67,18026287855249.87,4.560514886257989e-05,9.554667286345592e-05,8.818185671317707e-05,2.889725589232593e-05,6.054221341794887e-05,5.587556979979441e-05
79,79,0.02,1290,100000.0,17.15,2.43,0.81,1.24155651007879,,2115.0,0.1526321927052018,1290.0,0.1220599553039392,0.0004034953647593,0.0004292195573693,4.360872955349729e-07,3.878738185625366e-06,831845450243.3501,1733784559094.455,1603050126198.17,10.568576703045608,1.6131050359589638,8791422445976.354,18323635099345.86,16941958217552.3,4.691880911239876e-05,9.779113024706658e-05,9.041727985252024e-05,2.970378008846194e-05,6.191048499339237e-05,5.724218171229008e-05
80,80,0.02,1300,100000.0,17.15,2.43,0.81,1.24231942993718,,2116.0,0.1574935784376497,1300.0,0.1210405002534571,0.0003717865028191,0.000383209449549,1.1111048426611433e-05,-8.289151090010595e-07,858340002485.1913,1779716897175.3298,1648534208535.51,10.740206767799355,1.691513597020985,9218749103764.367,19114527463809.348,17705598263461.84,4.8792060267802105e-05,0.0001011674323172,9.371039474277068e-05,3.085789072024243e-05,6.398199940233211e-05,5.926589499298998e-05
81,81,0.02,1310,100000.0,17.15,2.43,0.81,1.24314995045508,,2186.0,0.1673853402894268,1310.0,0.1318803288181698,0.0003298293220678,0.0005242641681181,3.565434281450348e-06,6.301804970581835e-06,912250104577.3762,1871792808571.8145,1746150692361.7563,9.933247905426173,1.662680080828996,9061606440518.03,18592981995137.75,17344947707460.877,5.22497152067756e-05,0.0001072081446559,0.0001000119111263,3.344724171023183e-05,6.862844540728138e-05,6.402183346086815e-05
82,82,0.02,1320,100000.0,17.15,2.43,0.81,1.24399008048548,,2250.0,0.1748868863076917,1320.0,0.1488416429360768,0.0004221519631953,0.0003523282812527,-4.131405745746842e-06,-2.935141626670185e-06,953133530376.9204,1938146617337.295,1818217099887.615,8.868485821316161,1.550981871553896,8452851199968.734,17188425795487.676,16124832570427.904,5.500806766719207e-05,0.0001118559959098,0.0001049345197463,3.516319377174501e-05,7.15024945523978e-05,6.707803069016509e-05
83,83,0.02,1330,100000.0,17.15,2.43,0.81,1.24478593786844,,2204.0,0.1773043508046633,1330.0,0.1145161446238489,0.0003628951652122,0.0004308587557444,6.857444349707629e-08,-6.357149459084888e-06,966308711885.415,1954479896027.4348,1837075712397.8247,11.61408292576256,2.059227433343855,11222789511724.012,22699491589198.41,21335949664692.68,5.618681516100071e-05,0.0001136448417604,0.0001068182788995,3.65721259513063e-05,7.397168632304272e-05,6.95282610096823e-05
84,84,0.02,1340,100000.0,17.15,2.43,0.81,1.24561914540455,,2205.0,0.1816584989678527,1340.0,0.1362013861664763,0.0004231379390629,0.0005011831109045,-4.075877232238869e-06,-3.386606201285045e-06,990038819374.7972,1991762429930.996,1875760940083.737,9.838372704681166,1.7872240178186736,9740370897111.771,19595701124842.54,18454435233426.92,5.800157906385527e-05,0.0001166877134464,0.0001098917480224,3.774567350032777e-05,7.593683489892926e-05,7.151422613284954e-05
85,85,0.02,1350,100000.0,17.15,2.43,0.81,1.24636834168605,,2288.0,0.1917426702352578,1350.0,0.1346747129200594,0.00035805706312,0.0004057430146955,-9.680069322423997e-07,2.2389192390231302e-06,1044997552782.1554,2091019189783.119,1973102017837.8489,10.02415353802415,1.922057966228958,10475215915947.822,20960697409340.84,19778677572991.86,6.166691941975996e-05,0.0001233942716308,0.0001164357972102,4.012985794312512e-05,8.029904263310543e-05,7.577080297683018e-05
86,86,0.02,1360,100000.0,17.15,2.43,0.81,1.24722718437682,,2335.0,0.2014730001881621,1360.0,0.1407628073129672,0.0004507301985476,0.000399228126114,1.2913978323618745e-05,1.43849798241058e-06,1098027851025.4834,2185248485900.1096,2066100724722.9048,9.661643057290146,1.9465602134993727,10608753163571.58,21113090862250.6,19961927722681.19,6.527629195076898e-05,0.0001299101093085,0.0001228269337437,4.271933374412949e-05,8.501820723020427e-05,8.03827027939177e-05
87,87,0.02,1370,100000.0,17.15,2.43,0.81,1.24809630082086,,2343.0,0.2081632559293381,1370.0,0.1348129999701086,0.0004523001472042,0.0004436524962721,5.5925265103947335e-06,-2.070832895063076e-06,1134489744814.8928,2245535509990.9614,2127342435495.535,10.162224713519931,2.115401783851895,11528939721992.826,22819636454716.73,21618531872112.41,6.793234341413036e-05,0.0001344608799775,0.0001273835727013,4.444552268778914e-05,8.797258848013984e-05,8.334217820271317e-05
88,88,0.02,1380,100000.0,17.15,2.43,0.81,1.24884567323607,,2274.0,0.2072248789081902,1380.0,0.1461835972154404,0.0003946627115779,0.00044560831568,-6.942023460295e-07,2.440330878240765e-06,1129375590049.6367,2223190277008.0684,2110419104003.529,9.440183620370233,1.9562409076023024,10661512946432.549,20987324437977.93,19922743857730.54,6.81072478615571e-05,0.0001340699874989,0.0001272692966578,4.454814214571103e-05,8.769358692511256e-05,8.324533579483623e-05
89,89,0.02,1390,100000.0,17.15,2.43,0.81,1.24968323318255,,2283.0,0.2129452775974009,1390.0,0.1373413153564797,0.0003406870053673,0.0004565423531368,4.231561726358597e-07,2.284812442127993e-06,1160551762905.8352,2272001051141.447,2161140809055.357,10.12077098862895,2.155170387673313,11745678612819.56,22994402324526.832,21872411202629.55,7.048673479322544e-05,0.0001379912044084,0.0001312580480488,4.608582831286276e-05,9.022178391024867e-05,8.581949333881428e-05
90,90,0.02,1400,100000.0,17.15,2.43,0.81,1.25043238280315,,2301.0,0.2189520080818343,1400.0,0.1490767663733549,0.000383725105944,0.0003674348580586,6.130477962059048e-07,2.357446012169957e-06,1193288444045.9973,2323175213164.3574,2214353426774.9683,9.391134742578014,2.0562078100545373,11206332564797.229,21817251457443.883,20795291398533.09,7.29937410859432e-05,0.0001421091864696,0.0001354525316265,4.769891170623283e-05,9.286348989948304e-05,8.85135937728581e-05
91,91,0.02,1410,100000.0,17.15,2.43,0.81,1.2512710931248,,2376.0,0.230228224711502,1410.0,0.1346363844299958,0.000345538465276,0.0004177152764079,6.082564951466127e-06,-1.798701628198667e-06,1254743824677.686,2429241368969.5747,2317212056839.384,10.472651994997156,2.411100076829566,13140495418721.13,25440599469068.844,24267355469890.44,7.728704429277903e-05,0.000149631248697,0.0001427307051451,5.04817393676097e-05,9.773495373116404e-05,9.322771135605875e-05
92,92,0.02,1420,100000.0,17.15,2.43,0.81,1.25210187482514,,2429.0,0.2398432574346031,1420.0,0.1387966121792487,0.0004606054064274,0.000468923481086,-1.5484635892356372e-06,-9.924499798280325e-06,1307145753018.5872,2516547407538.256,2400405316798.162,10.230797263020673,2.4537877417159,13373143192351.656,25746286329304.152,24558060145238.902,8.10649966392642e-05,0.0001560682170779,0.0001488654562735,5.29260232985629e-05,0.0001018944110981,9.719184523185097e-05
93,93,0.02,1430,100000.0,17.15,2.43,0.81,1.2528606408531,,2456.0,0.2474008815616777,1430.0,0.1414488321402132,0.000409496946619,0.0004227434930265,7.393750422483466e-06,-5.317333052773046e-06,1348334804511.1436,2581253453476.233,2462035205509.377,10.109662825511997,2.501139495322989,13631210249510.293,26095602081833.133,24890345792239.938,8.419592212081572e-05,0.000161184754718,0.0001537402459153,5.493630944568619e-05,0.0001051701239213,0.0001003127171853
94,94,0.02,1440,100000.0,17.15,2.43,0.81,1.2537017293449,,2528.0,0.2601291494864646,1440.0,0.1444866725298652,0.0003930293636486,0.0004016295508324,3.812494789084124e-06,-4.907204843292941e-06,1417703864701.2324,2698710792202.5244,2577632399485.9463,9.966317133522148,2.592529599455497,14129286317032.455,26896207606749.152,25689501946918.6,8.913362060283181e-05,0.0001696728561289,0.0001620604373521,5.8118099686442384e-05,0.0001106323730585,0.0001056688215912
95,95,0.02,1450,100000.0,17.15,2.43,0.81,1.25445082841514,,2481.0,0.2611185642780147,1450.0,0.1434918140266745,0.0003954404231576,0.0003524467740153,-2.4534844660388137e-06,-2.5940254830804743e-06,1423096175315.1802,2693574197921.853,2577271747730.9023,10.105106063614548,2.638630787208092,14380537790284.098,27218852960215.81,26043604365578.004,9.007084023227988e-05,0.0001704821469153,0.0001631211128605,5.869163918485504e-05,0.0001110889676216,0.0001062923969039
96,96,0.02,1460,100000.0,17.15,2.43,0.81,1.25529326238378,,2431.0,0.2619775690257517,1460.0,0.1468206343934071,0.0003666999729897,0.0004409575791894,3.088522892472813e-06,2.322285060719792e-07,1427777751190.3467,2686983339343.7407,2575551977914.26,9.94410633104825,2.605132802741608,14197973774941.76,26719648036189.26,25611562729521.035,9.096031053480098e-05,0.0001711812911671,0.0001640822652645,5.923430445655461e-05,0.0001114750450899,0.0001068520852606
97,97,0.02,1470,100000.0,17.15,2.43,0.81,1.25608149875268,,2521.0,0.2783628059690209,1470.0,0.1585433197465136,0.0003907403373151,0.0004609510593472,3.3905425168393068e-06,4.413612893476479e-06,1517077292531.1643,2837940981954.5176,2725802258184.955,9.271913836232924,2.580955952156786,14066209939254.486,26313144256996.543,25273403672500.035,9.728634185153128e-05,0.0001819900000376,0.0001747988264111,6.33059852835131e-05,0.000118424190332,0.000113744763363
98,98,0.02,1480,100000.0,17.15,2.43,0.81,1.25688263441476,,2545.0,0.2879402096216949,1480.0,0.1447364009222838,0.0003535855756847,0.0004243249667871,1.4003023864191665e-06,1.1857993708841414e-06,1569274142438.2373,2901617170282.7583,2808377754814.8496,10.225485714507204,2.944328500118851,16046590325647.736,29670444923695.16,28717026612799.06,0.0001012884076896,0.0001872841557473,0.000181266040957,6.585813146823446e-05,0.0001217729139244,0.0001178599113993
99,99,0.02,1490,100000.0,17.15,2.43,0.81,1.25768349177669,,2602.0,0.301389696675553,1490.0,0.1439866923064983,0.000383864230483,0.0004445722684823,-5.7890089706540646e-06,-2.96457339068008e-06,1642573846881.7642,3009591836963.0723,2927822589960.744,10.348178544363677,3.118834392630234,16997647439834.775,31143793674553.324,30297630907135.05,0.0001067084183042,0.000195515583834,0.0001902035139808,6.933324244994995e-05,0.00012703523857,0.0001235837486792
100,100,0.02,1500,100000.0,17.15,2.43,0.81,1.25848494585637,,2655.0,0.3131132907299443,1500.0,0.1628608067608183,0.0003316595566099,0.0004096133327659,8.157935256900258e-07,5.797056417693502e-06,1706467434478.1963,3113732699948.2173,3029521454704.727,9.210319105215651,2.883873323706949,15717109614202.871,28678471774867.78,27902859333927.664,0.0001115499183407,0.0002035413166383,0.0001980365192185,7.24691553021848e-05,0.0001322319864082,0.0001286557577112
101,101,0.02,1510,100000.0,17.15,2.43,0.81,1.25928548443795,,2471.0,0.295607898441767,1510.0,0.1445788686166906,0.0003959577494788,0.0004771697730418,2.223858208223216e-06,1.4201860575774328e-06,1611063046507.6306,2922909728631.118,2848640914504.342,10.444126548004268,3.087366299915409,16826146334538.977,30527239094216.21,29751566200905.96,0.0001059765506527,0.0001922704959196,0.0001873850553657,6.882972877224833e-05,0.0001248759843902,0.0001217029848334
102,102,0.02,1520,100000.0,17.15,2.43,0.81,1.2600864681475,,2627.0,0.3169886889022726,1520.0,0.147083740520884,0.0003713241639603,0.0003896667490855,1.8119806733979128e-06,-9.790739253328084e-07,1727588354517.386,3113752288907.217,3041981614493.477,10.334249010917556,3.275840044760364,17853328243943.984,32178291511881.68,31436595490808.61,0.0001143437520401,0.0002060896733335,0.0002013393934549,7.424611724559429e-05,0.0001338189256204,0.0001307344559356
103,103,0.02,1530,100000.0,17.15,2.43,0.81,1.26088685337121,,2568.0,0.3184414889442255,1530.0,0.1534438382600456,0.0004281349071127,0.0004643160512064,-1.6858794694627404e-07,1.5737250911527105e-07,1735506114746.029,3105568445232.3657,3042400194498.188,9.971074872404234,3.1752039287427576,17304861411648.03,30965855488787.92,30336000131158.64,0.0001155767160804,0.0002068165588201,0.0002026098441803,7.549420646520576e-05,0.0001350916734917,0.0001323438658508
104,104,0.02,1540,100000.0,17.15,2.43,0.81,1.26168753417693,,2635.0,0.3342991100681214,1540.0,0.1669288969999343,0.0003644578021011,0.0004416003072865,-1.0581148270429738e-06,-5.155351516318708e-06,1821930149871.262,3237069114208.2827,3179707777488.2905,9.225484788296455,3.084071354674498,16808188882976.014,29863531871792.8,29334345732446.16,0.0001220532539218,0.0002168550855733,0.000213012381836,7.969738982665643e-05,0.0001416003566926,0.0001390911777244
105,105,0.02,1550,100000.0,17.15,2.43,0.81,1.26248794694978,,2641.0,0.3402325351261159,1550.0,0.1642095899803735,0.0003837636327167,0.0004770952370567,-2.1161590628628226e-06,5.402673225309674e-06,1854267316437.3315,3272449205042.5903,3222287919151.515,9.439156386574364,3.211508106856063,17502719182365.545,30889159813517.96,30415679591440.44,0.0001249617115921,0.0002205350060024,0.0002171545656069,8.155931403450735e-05,0.000143937559601,0.0001417312325887
106,106,0.02,1560,100000.0,17.15,2.43,0.81,1.2634870605769,,2652.0,0.3449656944394829,1560.0,0.1848460005774086,0.0003958403189215,0.0004522828814899,8.447113566657829e-07,6.238000094277443e-06,1880063034695.182,3295592582561.0527,3253686048732.7466,8.439457684380427,2.911323380784924,15866712425277.838,27813014145482.01,27459345726538.965,0.0001274423574132,0.000223395747932,0.0002205550626127,8.314190851579784e-05,0.0001457407820632,0.0001438875520717
107,107,0.02,1570,100000.0,17.15,2.43,0.81,1.2642888534796,,2673.0,0.3579025175797254,1570.0,0.1668752064133514,0.000410608874337,0.0004053846122487,1.4239843481691165e-06,4.258396801396812e-06,1950568720809.504,3395962197346.13,3361772553871.471,9.408228063017916,3.3672285097183363,18351395377964.934,31949986846019.844,31628322882816.99,0.0001329907418025,0.0002315383851592,0.0002292073183277,8.672007899494075e-05,0.0001509806380446,0.0001494606051684
108,108,0.02,1580,100000.0,17.15,2.43,0.81,1.26509115522965,,2758.0,0.375932940756021,1580.0,0.1664206814466524,0.0003996565570089,0.0004187796427399,2.1204415009531203e-06,2.768028719734364e-06,2048834527120.3145,3540727211951.5903,3515610995931.972,9.494012320256497,3.569111971127919,19451660242647.16,33615707772935.84,33377254108607.355,0.0001404713852392,0.0002427579434227,0.0002410359353202,9.156638661746e-05,0.000158241962689,0.0001571194703081
109,109,0.02,1590,100000.0,17.15,2.43,0.81,1.26589288992069,,2855.0,0.3928336625019013,1590.0,0.1508350100821189,0.0004086343003541,0.0004608416624624,3.8941509128540055e-06,-2.656694344831753e-06,2140943460635.3623,3672504534700.3,3656978938827.584,10.541319280811251,4.1409850606829925,22568368580722.31,38713042860503.02,38549382597383.88,0.000147622832617,0.0002532273888496,0.0002521568643435,9.617549506915126e-05,0.0001649763051956,0.000164278864139
110,110,0.02,1600,100000.0,17.15,2.43,0.81,1.266694990595,,2711.0,0.3832572058937612,1600.0,0.1532862913350072,0.0003264381131594,0.0004336332751623,-2.127180838917012e-06,-7.5052003376147795e-06,2088751772120.9988,3558110833451.951,3551553697180.9683,10.437984936977823,4.000432942107287,21802359534484.72,37139507283669.08,37071063994042.84,0.0001448174668515,0.0002466911600291,0.0002462365402522,9.430669219680784e-05,0.0001606479370364,0.0001603518837474
111,111,0.02,1610,100000.0,17.15,2.43,0.81,1.26742532522346,,2750.0,0.392215271392654,1610.0,0.1850199039931794,0.000375584379139,0.0005044088187663,3.0828836047586776e-07,-1.3597323286443162e-06,2137573229089.9644,3615829391061.058,3619076767792.907,8.701766487022665,3.4129657043030965,18600663088451.87,31464103017926.684,31492360931942.63,0.0001489962905454,0.0002520358877916,0.0002522622412472,9.69926823100467e-05,0.0001640687610799,0.0001642161112504
112,112,0.02,1620,100000.0,17.15,2.43,0.81,1.26822702873633,,2787.0,0.4046818310320422,1620.0,0.1566799155928038,0.0004050246436503,0.0004419211513676,-3.419517113325592e-06,-3.5629444298024243e-06,2205515979124.63,3704502703301.605,3718355656702.2944,10.3395511407488,4.1842284876876645,22804045257897.77,38302895151829.12,38446128471965.95,0.0001545553314608,0.0002595994083132,0.0002605701778859,0.000100566138303,0.0001689162693585,0.0001695479301765
113,113,0.02,1630,100000.0,17.15,2.43,0.81,1.26902888811467,,2787.0,0.4116220789229154,1630.0,0.1560603559260016,0.0004106284512889,0.0004469084718885,6.613716159288181e-06,6.157184052419641e-06,2243340330129.889,3739428649571.53,3766079554384.4814,10.444676934947456,4.299259633641295,23430965003345.062,39057124166061.47,39335484256856.8,0.0001580474558355,0.0002634496319643,0.0002653272372678,0.0001027834055012,0.0001713298718298,0.000172550939681
114,114,0.02,1640,100000.0,17.15,2.43,0.81,1.26983031425198,,2857.0,0.4260927438901389,1640.0,0.1868638723819913,0.0004018404683131,0.0004251596115476,4.4579028403688086e-06,-8.007345239427507e-07,2322205454201.2573,3840949753614.74,3880382015139.792,8.77644233256322,3.739578395075434,20380702253161.12,33709874014872.68,34055948984189.848,0.0001644487064441,0.0002719997136154,0.0002747921385441,0.0001068997870572,0.0001768132574213,0.0001786284716404
115,115,0.02,1650,100000.0,17.15,2.43,0.81,1.27055805381929,,2899.0,0.4419603412620254,1650.0,0.1641281180200167,0.0003923667251865,0.0004776540231319,4.295261193548008e-07,-3.00271925036149e-06,2408683859878.0386,3955311420227.4937,4006117816945.256,10.053122036035102,4.443081245794862,24214792789582.0,39763228398070.31,40273991304485.2,0.0001714281567391,0.0002815030056012,0.0002851189417084,0.0001113965878237,0.0001829248758348,0.0001852745653596
116,116,0.02,1660,100000.0,17.15,2.43,0.81,1.27135901229813,,2885.0,0.4430456534402315,1660.0,0.1721296726400396,0.0003640974162482,0.0004102283830144,3.783630624830784e-06,-4.190991370152945e-06,2414598811249.262,3935256157650.049,3997140728782.377,9.643892157230896,4.272684502507486,23286130538665.805,37951185995455.9,38547994125652.56,0.000172710825466,0.000281480027341,0.0002859064916108,0.0001121806529975,0.0001828293807737,0.0001857044967423
117,117,0.02,1670,100000.0,17.15,2.43,0.81,1.272159837589,,2912.0,0.4577133586673015,1670.0,0.2038102484120827,0.0004178237275822,0.0004379234395138,1.6389473693941751e-06,-4.567143512976244e-07,2494537804736.793,4033142671155.149,4110034542594.099,8.193896101943984,3.7504557053916914,20439983594384.72,33047152011762.13,33677196017416.92,0.0001793033190639,0.0002898957337201,0.0002954225963444,0.0001164143253362,0.0001882174654381,0.000191805831716
118,118,0.02,1680,100000.0,17.15,2.43,0.81,1.27296098866863,,2905.0,0.4608213586865254,1680.0,0.1841657817330997,0.0003926851014373,0.0003790979723224,-1.3541659433771286e-06,-5.347065488233169e-06,2511476404841.5635,4029804916044.558,4118373169580.252,9.1222157785789,4.203711869316389,22910229687774.32,36760749989736.48,37568688709620.97,0.0001813989998878,0.0002910648812404,0.0002974619919528,0.0001177206740745,0.0001888894318064,0.0001930409000375
119,119,0.02,1690,100000.0,17.15,2.43,0.81,1.27368491854199,,2968.0,0.4803253110101167,1690.0,0.1782353839566894,0.0003345437929845,0.000449076332053,7.782119344204139e-06,1.803760816123616e-06,2617772945005.136,4169200108588.66,4272900578140.696,9.481843405519657,4.5543693827054526,24821313135744.72,39531702555913.22,40514974169284.48,0.000189961050396,0.0003025417591887,0.0003100668771178,0.0001232345493877,0.0001962696946921,0.0002011515087015
120,120,0.02,1700,100000.0,17.15,2.43,0.81,1.27448555561608,,2934.0,0.4818321666259223,1700.0,0.1774904465532927,0.0004004231390993,0.0004868718327197,1.6503066031977784e-06,1.541410433376571e-06,2625985308111.277,4151017998731.555,4267548509480.065,9.577980297038485,4.6149789984224485,25151635541402.344,39758368604502.96,40874495540456.016,0.0001914413621752,0.0003026203298382,0.0003111157161771,0.0001241453874535,0.0001962424299128,0.0002017514955433
121,121,0.02,1710,100000.0,17.15,2.43,0.81,1.27528577565715,,3064.0,0.5076467306481679,1710.0,0.1744334054167211,0.0003608931019053,0.0004291732235918,-2.251747172493187e-06,6.789294746177074e-06,2766674682032.515,4339561789092.0825,4476424275353.028,9.803168125479248,4.976546248893869,27122177056471.59,42541453809375.2,43883139772262.34,0.0002026115755918,0.0003177986400699,0.000327821475122,0.0001313423792539,0.0002060120671217,0.0002125093415186
122,122,0.02,1720,100000.0,17.15,2.43,0.81,1.276086046278,,2899.0,0.4902965715127627,1720.0,0.1861669804200119,0.0004068077260724,0.0004742093908776,3.761641609742649e-06,-4.299871130461054e-06,2672116314744.5566,4156543746870.263,4303411230352.7256,9.239017553593568,4.529858630673158,24687729537168.715,38402380639613.94,39759291897560.53,0.0001965734317431,0.000305774888617,0.0003165791507969,0.0001273722193235,0.0001981306722438,0.0002051314293645
123,123,0.02,1730,100000.0,17.15,2.43,0.81,1.27688630008345,,2982.0,0.5049583109839728,1730.0,0.1916749373879156,0.000314928544105,0.0003997220775705,-3.476290158310193e-06,1.3644045586826086e-06,2752022794862.652,4246916730854.7134,4410655664312.626,9.02569748333237,4.557600956635809,24838925213665.16,38331385649597.54,39809243729232.14,0.0002033160258668,0.0003137569330882,0.0003258537621161,0.000131709762085,0.0002032542729152,0.0002110906963671
124,124,0.02,1740,100000.0,17.15,2.43,0.81,1.27768646892401,,2964.0,0.5131682174349393,1740.0,0.1839819079982589,0.0003692840388203,0.0004428259995593,3.925036158848133e-06,-9.35780290596812e-07,2796766785020.4194,4282671170092.764,4460574032673.912,9.457451653433584,4.853263606469633,26450286655259.496,40503155538706.16,42185663260574.8,0.0002074963321739,0.0003177378122698,0.0003309366930869,0.0001343778935467,0.0002057720127658,0.000214319815914
125,125,0.02,1750,100000.0,17.15,2.43,0.81,1.27848648389625,,3035.0,0.5324112055101988,1750.0,0.1928263397767295,0.0004548942346083,0.0003884843144584,1.9294367683836653e-06,5.464071252014348e-07,2901641070030.5835,4405849713021.243,4605228525844.097,9.075523613767164,4.831910467842052,26333912049739.184,39985393109233.58,41794860233092.25,0.0002161645044149,0.0003282240279746,0.0003430772166442,0.000140019643298,0.0002126057256405,0.0002222268157681
126,126,0.02,1760,100000.0,17.15,2.43,0.81,1.2792868307211,,3058.0,0.5360345885753738,1760.0,0.1738970422106831,0.0003999019493944,0.0004158408284937,-3.1041093220457578e-06,-2.083545361079081e-06,2921388507735.787,4398586916238.186,4613806106412.58,10.120931199437484,5.425169191490135,29567172093621.24,44517795553992.56,46696014170546.266,0.0002185250410566,0.0003290221016194,0.0003451208787059,0.0001415710066504,0.0002131563042445,0.0002235858644768
127,127,0.02,1770,100000.0,17.15,2.43,0.81,1.28016843760962,,2964.0,0.5334819630020221,1770.0,0.1905150928819239,0.0004540974742053,0.0004909704010021,-2.8924109493756405e-07,-1.1832102189029932e-06,2907476698361.0205,4343028487964.752,4569179506697.446,9.290602509361282,4.95636886416557,27012210309702.35,40349351368512.86,42450430590645.44,0.000218316105692,0.000326108569309,0.0003430897577519,0.0001414892476245,0.0002113488419427,0.0002223542396843
128,128,0.02,1780,100000.0,17.15,2.43,0.81,1.28096914587123,,3153.0,0.5750980484221488,1780.0,0.2044705635266837,0.0004059335292408,0.0004351711297629,-4.612613114533266e-06,-5.743888497830145e-06,3134284363900.7114,4644508985810.967,4901191264934.705,8.705409567513163,5.006464052992323,27285229088808.16,40432352961479.64,42666877329974.52,0.0002362561279414,0.000350093859324,0.0003694420595305,0.0001531556467429,0.0002269522145846,0.0002394948992623
129,129,0.02,1790,100000.0,17.15,2.43,0.81,1.2817699952141,,3120.0,0.5704855382654734,1790.0,0.1840998955265149,0.0003504232791545,0.0004379933143141,3.89977264059236e-06,-2.635027006756848e-06,3109146183546.83,4570245054914.517,4837654964228.567,9.722982160748677,5.546820711520304,30230172877785.66,44436411139183.7,47036432917051.64,0.0002352320620192,0.0003457760120414,0.000366007735048,0.0001525459693522,0.000224232770324,0.000237352868712
130,130,0.02,1800,100000.0,17.15,2.43,0.81,1.28257035434233,,3063.0,0.570886034465129,1800.0,0.2118001819412711,0.0003739343172186,0.0004242696476154,-7.820930955819355e-07,9.962775044531074e-07,3111328887834.953,4533625785393.038,4816807287161.303,8.498576268924602,4.851718504765818,26441865850973.707,38529364511925.94,40936004102652.14,0.000236227736516,0.0003442156699285,0.0003657162337061,0.0001532629029602,0.0002233247187468,0.0002372741341222
131,131,0.02,1810,100000.0,17.15,2.43,0.81,1.28337129179016,,3126.0,0.5935162252211962,1810.0,0.2005761959333085,0.0003785196116821,0.0004098338249649,4.972862006033269e-06,4.062896509046127e-06,3234663427455.5195,4671797309680.629,4982543014461.031,9.024002033630271,5.355891623388636,29189609347468.07,42158308423266.42,44962478295146.64,0.0002464685366761,0.0003559724442398,0.0003796500356966,0.0001599687164305,0.0002310414779818,0.0002464092566225
132,132,0.02,1820,100000.0,17.15,2.43,0.81,1.28418710389317,,3156.0,0.6047985260199239,1820.0,0.1560178843119501,0.0003886381880772,0.0004526551468266,-2.6249979093991903e-06,6.572733363797054e-06,3296151966808.585,4721365023013.439,5051573539427.266,11.665329318022277,7.055173977076876,38450698175068.98,55076277824043.59,58928268911626.44,0.000252022290108,0.0003609934364427,0.0003862410304122,0.0001636424639967,0.0002343993279357,0.0002507930305935
133,133,0.02,1830,100000.0,17.15,2.43,0.81,1.28505838495462,,3096.0,0.5935693854737021,1830.0,0.2004151053201894,0.000401667600639,0.0004881764284157,4.533327074610179e-06,-2.396224380192048e-06,3234953150831.6763,4593662807350.265,4932575198836.729,9.131048266428492,5.419910708234673,29538513359878.973,41944956813612.69,45039582218366.29,0.0002481614479859,0.0003523915063617,0.0003783903341315,0.0001612196631447,0.0002289333835364,0.0002458236873657
134,134,0.02,1840,100000.0,17.15,2.43,0.81,1.28585885107582,,3138.0,0.612748827161505,1840.0,0.1992358189763763,0.0003595660990857,0.0004241927101926,-3.876287623073437e-06,3.263438751144852e-06,3339481108030.2026,4698724418003.925,5065935171393.172,9.235287155961506,5.658911373315125,30841066984567.43,43394069266994.35,46785366021301.016,0.0002606613728028,0.0003667563665127,0.0003954188011815,0.0001670559127987,0.0002350513960842,0.0002534209348277
135,135,0.02,1850,100000.0,17.15,2.43,0.81,1.28689382385114,,3331.0,0.6613567078680163,1850.0,0.1749787859130265,0.0002939836960966,0.0003925552123166,3.933428494992078e-06,-3.000908943799282e-07,3604394057880.689,5027547025051.772,5439717681344.687,10.572710230825042,6.992332831500944,38108213931680.15,53154797867718.88,57512558782352.84,0.0002829000752862,0.0003945998714493,0.0004269501383245,0.0001809761833403,0.0002524325191827,0.0002731275572565
136,136,0.02,1860,100000.0,17.15,2.43,0.81,1.28769614424958,,3194.0,0.6406827214011065,1860.0,0.2155275217146481,0.0003908482114988,0.0005126610303162,-1.1477052844139826e-06,1.189661781150874e-06,3491720831636.031,4828818526109.918,5242464404676.076,8.629988343032046,5.529084417273598,30133510074141.11,41672647590945.78,45242406701114.98,0.000275642071621,0.0003811947192226,0.0004138485917351,0.0001759585180223,0.0002433389702736,0.0002641838542973
137,137,0.02,1870,100000.0,17.15,2.43,0.81,1.28835108195056,,3191.0,0.6437009170980402,1870.0,0.2236728072991809,0.0003440804405739,0.0004284904025409,-1.326771728160154e-06,1.5836898068949177e-06,3508169998184.32,4809803226006.673,5239825077856.242,8.360426207280172,5.381614016956737,29329796392414.22,40212004942566.91,43807170902473.2,0.0002785346306866,0.0003818790896463,0.0004160211003682,0.0001774240369691,0.0002432535213023,0.0002650016728969
138,138,0.02,1880,100000.0,17.15,2.43,0.81,1.2891523913895,,3190.0,0.6450436770864861,1880.0,0.2381307382436261,0.0003957588040786,0.0004451997480523,-6.567161044742992e-07,4.898283941466536e-06,3515488040121.349,4777985957397.579,5223362248161.069,7.8948228769887505,5.092505578519335,27754155402930.37,37721352842393.41,41237519771581.41,0.0002806506069143,0.0003814391184005,0.0004169946728162,0.0001784230928189,0.0002424991984711,0.0002651035749786
139,139,0.02,1890,100000.0,17.15,2.43,0.81,1.28995378710095,,3255.0,0.6681941311267753,1890.0,0.2151945879159029,0.0003747840826484,0.0004194482001437,7.255330799167067e-07,1.6384176494770136e-06,3641658014640.925,4906114157037.486,5382451159686.276,8.782748759176988,5.868581176043031,31983767409434.52,43089168025101.64,47272716244065.38,0.000292379759167,0.0003938998307676,0.0004321437563523,0.0001854705197757,0.0002498695756511,0.0002741295339213
140,140,0.02,1900,100000.0,17.15,2.43,0.81,1.29084637328192,,3229.0,0.6746007776728807,1900.0,0.219404078721709,0.0003755147190151,0.0004375824575801,9.79347244893296e-07,4.62208625463446e-06,3676574238317.2,4906777467455.3125,5405409804467.653,8.659820779402873,5.84192183229295,31838473985996.57,42491813472575.31,46809880145917.0,0.000296856832242,0.0003961868633917,0.0004364478254787,0.0001878918736842,0.0002507615928174,0.0002762442726187
141,141,0.02,1910,100000.0,17.15,2.43,0.81,1.29164824012589,,3306.0,0.7002543449588156,1910.0,0.2193052676366278,0.0004142744966527,0.0003997482330543,2.83616837463325e-06,-2.935018298739658e-06,3816386180025.545,5043808492850.395,5581227779753.518,8.709321123853371,6.098739958619918,33238132774478.55,43928147851452.98,48608704999244.56,0.0003098842441268,0.0004095489053251,0.0004531864623346,0.0001956950512019,0.0002586342981817,0.0002861918591586
142,142,0.02,1920,100000.0,17.15,2.43,0.81,1.29245061579877,,3210.0,0.6874647838322426,1920.0,0.2199172858101974,0.0003655823353756,0.0004445851597404,-5.496282198217363e-06,-1.2621531137309497e-07,3746683071885.722,4906922970290.804,5450096905422.368,8.730555185448596,6.001949233299883,32710623321484.367,42840161782869.2,47582371798832.6,0.000305863367264,0.0004005804477726,0.0004449228716238,0.0001927593659489,0.0002524513929696,0.0002803966077975
143,143,0.02,1930,100000.0,17.15,2.43,0.81,1.29326685540874,,3321.0,0.7177769276855778,1930.0,0.2085258736565265,0.0003767420380663,0.0004358494269206,-4.996880727663109e-06,-1.293152661886762e-07,3911884255886.399,5076712656105.517,5659924517881.626,9.25544617632918,6.643345720804787,36206234178386.086,46987240741273.75,52385126737339.27,0.0003211218403709,0.0004167411928688,0.0004646163481979,0.0002019172515258,0.0002620414611615,0.0002921447383763
144,144,0.02,1940,100000.0,17.15,2.43,0.81,1.29414859932067,,3293.0,0.7173884717574283,1940.0,0.2147997764250249,0.0003881870707182,0.000434009168568,-2.8596708092181764e-06,1.2087455590402823e-06,3909767171077.984,5027420605731.288,5626396301263.485,9.031666756306658,6.479213611729202,35311714183924.16,45405987554754.35,50815736431928.16,0.0003227203667326,0.0004149738208461,0.000464414528609,0.0002024579743198,0.0002603329935909,0.0002913495223707
145,145,0.02,1950,100000.0,17.15,2.43,0.81,1.29519742122294,,3270.0,0.7171064657611939,1950.0,0.2278960997234662,0.0004011076369352,0.0004560273017537,-3.0399566330413825e-06,-1.444688546488989e-06,3908230238398.5054,4978918410107.954,5593731180545.158,8.556530815429353,6.13594357222929,33440892468649.63,42602268803597.234,47862933219562.66,0.0003243051993555,0.0004131509734765,0.000464168177152,0.0002030186195961,0.0002586370507988,0.0002905743810865
146,146,0.02,1960,100000.0,17.15,2.43,0.81,1.29600119569745,,3208.0,0.7071930196471781,1960.0,0.2181349632808178,0.0003715968344658,0.0004533954038499,-3.3893822624124203e-06,6.937036436584439e-07,3854201957077.12,4864206227815.209,5486369740055.62,8.985262933190485,6.35431522604684,34631017981955.27,43706171918182.31,49296474663099.69,0.00032157097067,0.0004058395319284,0.0004577490392077,0.0002008338261204,0.0002534628850927,0.0002858824313509
147,147,0.02,1970,100000.0,17.15,2.43,0.81,1.29690183422233,,3369.0,0.7465669688761736,1970.0,0.2109444929333221,0.0003374069992043,0.0004327585863232,-3.8110528328469015e-06,2.645725879964961e-06,4068789980375.146,5086590332143.767,5760126462755.293,9.338949657352282,6.972151338176673,37998224793062.87,47503411039465.46,53793531055654.35,0.0003413224744394,0.0004267036654634,0.0004832052346851,0.0002126649024887,0.0002658626378365,0.0003010665918941
148,148,0.02,1980,100000.0,17.15,2.43,0.81,1.29770587029687,,3379.0,0.7563629854431342,1980.0,0.2047174082531455,0.0003969680038454,0.0004488154686047,3.823626653903266e-06,6.146962204116959e-07,4122178270665.0815,5104260690629.761,5803586977709.388,9.671869221554472,7.315443879230503,39869169141806.24,49367741872492.36,56131534264321.766,0.0003476741361841,0.0004305052595862,0.0004894880708104,0.0002161037101266,0.0002675890270317,0.000304250955581
149,149,0.02,1990,100000.0,17.15,2.43,0.81,1.29851063884867,,3341.0,0.7574116114492433,1990.0,0.2230510501699427,0.0004042734024221,0.0004258770283508,-2.708928112842157e-06,4.911789697015938e-06,4127893282398.376,5062196293598.543,5779468065396.017,8.921724414584991,6.757417665756875,36827926278374.96,45163520264019.766,51562821342357.92,0.0003499408402508,0.0004291460808955,0.0004899525672408,0.0002170450654831,0.000266170816653,0.0003038850422952
150,150,0.02,2000,100000.0,17.15,2.43,0.81,1.29941365924252,,3339.0,0.7658253062258418,2000.0,0.2440083462042821,0.0004016126767973,0.0004190559669562,-1.7348405201011905e-06,-7.076731417105593e-06,4173747918930.837,5068742948966.446,5811907306813.688,8.19644094602245,6.277041897449672,34209878341100.71,41545652251771.17,47636955024054.78,0.0003557265510547,0.0004320065520105,0.0004953460969516,0.0002200960760485,0.0002672922407474,0.0003064818521467
151,151,0.02,2010,100000.0,17.15,2.43,0.81,1.30021834112426,,3451.0,0.8001385953609755,2010.0,0.2469521758698647,0.0004092724251266,0.0003752274146113,-4.359798050321243e-06,-3.139132488073129e-06,4360755344717.317,5243938487119.584,6041165603653.953,8.13922773881207,6.512510250256178,35493180863896.17,42681609594987.92,49170422656017.62,0.0003736357769029,0.0004493081761717,0.000517615739772,0.0002306106604432,0.0002773162037864,0.0003194761181439
152,152,0.02,2020,100000.0,17.15,2.43,0.81,1.30109146940227,,3341.0,0.7825721347695667,2020.0,0.2719923958638901,0.0003663928311021,0.0004082594979057,2.044131036273137e-06,-1.8798296880673447e-06,4265018134494.138,5078038065183.114,5878072138007.08,7.426678211293981,5.811911422058958,31674917250221.32,37712954654816.88,43654550271751.41,0.0003673751791447,0.0004374061457822,0.0005063185516753,0.0002261781170019,0.0002692933655682,0.0003117199612877
153,153,0.02,2030,100000.0,17.15,2.43,0.81,1.30192977717907,,3195.0,0.7556303264891469,2030.0,0.2217716395034585,0.0003864482890248,0.0004007193502281,-2.0121885342394974e-06,-3.130842495940452e-06,4118185279365.85,4854189475554.366,5645074616351.885,9.153559961702594,6.916707502399314,37696055888076.26,44433114429952.56,51672528989062.24,0.0003565103258932,0.0004202260351296,0.0004886927747643,0.0002189906717449,0.0002581287974961,0.0003001852996948
154,154,0.02,2040,100000.0,17.15,2.43,0.81,1.30273523472302,,2487.0,0.5935857418365887,2040.0,0.1970460971310785,0.0003349773481134,0.000467515745396,5.386808956503998e-06,-1.5794675015761125e-06,3235042293009.4087,3774698791702.375,4409283068386.524,10.35290741456785,6.145338227841777,33492093341737.688,39079107108375.81,45648899371627.33,0.0002815315987957,0.0003284955464404,0.0003837206439211,0.0001724914311541,0.0002012657448601,0.0002351015776434
155,155,0.02,2050,100000.0,17.15,2.43,0.81,1.30364324447937,,3059.0,0.7364189357534208,2050.0,0.2338653930364671,0.0004028654016737,0.0004395911578643,-2.9746778686823e-06,3.210740443657899e-06,4013483199856.143,4635216786754.543,5439005345342.763,8.765726187116273,6.455246749822057,35181094786530.207,40631041170615.24,47676831587536.445,0.0003510935044278,0.0004054818282291,0.0004757960485213,0.0002145559285713,0.00024779304965,0.000290762608005
156,156,0.02,2060,100000.0,17.15,2.43,0.81,1.30444932808101,,3187.0,0.7733900711658674,2060.0,0.2497629479657916,0.0003580855804034,0.0004308016604274,2.127116213328703e-07,-3.964169965494999e-06,4214975887853.978,4817744584717.9,5679221363275.003,8.24782065065209,6.378782599971131,34764365169842.668,39735893275403.57,46841199239644.086,0.0003706297082007,0.0004236321433688,0.0004993832023437,0.0002258999007349,0.0002582050413599,0.0003043755353174
157,157,0.02,2070,100000.0,17.15,2.43,0.81,1.30525570824403,,3376.0,0.8252038198797139,2070.0,0.2501799571809897,0.0003501475109096,0.0004576168139978,-4.14936487942562e-06,1.0385563386185838e-06,4497360818344.441,5086973364335.697,6024660504622.311,8.274044105389637,6.827772801620759,37211361768833.14,42089841979455.87,49848306735243.984,0.0003974098171304,0.0004495109990334,0.0005323698333584,0.000241632504048,0.000273310984308,0.0003236906849531
158,158,0.02,2080,100000.0,17.15,2.43,0.81,1.30616741790999,,3291.0,0.8094849604632885,2080.0,0.2856968791775216,0.0004010318862644,0.0004320317181881,1.930616683183809e-06,6.79397542574308e-06,4411693034524.922,4937555641646.609,5875523724073.494,7.280443545578823,5.893409555648077,32119082078282.02,35947595102162.36,42776418773826.12,0.0003918406741684,0.0004385470875299,0.0005218561579685,0.0002376132018358,0.0002659360921244,0.0003164549286665
159,159,0.02,2090,100000.0,17.15,2.43,0.81,1.30697409968417,,3352.0,0.827887761860943,2090.0,0.2375861768023242,0.0003838736471608,0.0004577868780993,-6.1410240333258896e-06,-2.867770836696268e-07,4511988302142.14,4996092405967.431,5973939861028.427,8.796808080879705,7.282769753599757,39691095157118.67,43949666049636.02,52551602444184.25,0.0004027963115503,0.0004460134775466,0.000533308328903,0.0002435976256805,0.0002697339102577,0.000322526892504
160,160,0.02,2100,100000.0,17.15,2.43,0.81,1.30778091275259,,3256.0,0.8134268103558491,2100.0,0.228390740746363,0.0003567113623415,0.0004764467301957,2.3620945446701565e-08,-4.016609078836499e-06,4433176116439.377,4857537881066.165,5835047658272.579,9.194768549448918,7.479271253138511,40762028329604.88,44663936536583.92,53651912692820.27,0.0003977585550504,0.0004358336321245,0.0005235388949692,0.0002399073590912,0.0002628722735401,0.0003157715455239
161,161,0.02,2110,100000.0,17.15,2.43,0.81,1.30869521201282,,3167.0,0.8004103355383774,2110.0,0.2491023088168731,0.0003805361523956,0.0004060438319719,2.912605467526908e-06,-1.8016443600975168e-06,4362236328684.156,4732597685664.737,5707684165855.775,8.47041526841552,6.779807927141861,36949953202923.13,40087067695922.54,48346455105758.26,0.0003932868864096,0.0004266776185841,0.0005145886570698,0.0002366138352842,0.0002567027563131,0.0003095928187553
162,162,0.02,2120,100000.0,17.15,2.43,0.81,1.30950266291593,,3180.0,0.8129895650144783,2120.0,0.2573874823483493,0.0003848293088204,0.0003996401655091,7.951135285611329e-06,2.941930133032799e-06,4430793129328.907,4756075329473.116,5762860880077.249,8.236608791762388,6.696276998809331,36494709643510.86,39173931873022.46,47466430590547.8,0.0004014813835632,0.0004309557336289,0.0005221822125029,0.0002408759753909,0.000258559641712,0.0003132926081207
163,163,0.02,2130,100000.0,17.15,2.43,0.81,1.31031008129603,,3312.0,0.8562103630156814,2130.0,0.2551083890375594,0.0003631100472491,0.0004461945694937,-1.2764979085301914e-06,-5.362549590698122e-06,4666346478435.464,4953371358180.857,6032870111348.74,8.349392225147099,7.1488361480535065,38961157006891.6,41357640306261.58,50370798803017.49,0.0004249311869966,0.0004510685137921,0.0005493708341759,0.0002542483165846,0.0002698870165462,0.0003287040679624
164,164,0.02,2140,100000.0,17.15,2.43,0.81,1.3112278617373,,3366.0,0.8792739989560744,2140.0,0.2259796203538826,0.0003488315430601,0.0004688473431162,2.1889050904049306e-07,1.6791622260368988e-06,4792043294310.605,5029751662460.499,6158036756943.751,9.4698804991741,8.326619696144958,45380077343990.02,47631147184023.2,58315872197778.96,0.0004384590887571,0.0004602087658964,0.0005634438211749,0.000261665827271,0.000274645709334,0.0003362548465044
165,165,0.02,2150,100000.0,17.15,2.43,0.81,1.3120355962641,,3317.0,0.8745333814805645,2150.0,0.2446454583732702,0.0003847103212033,0.0004492389009763,4.446624550602183e-06,-1.403937289559728e-06,4766206929069.076,4947048789754.556,6087696606886.607,8.788227724708529,7.685598509310598,41886511875742.76,43475791329606.766,53500064100254.92,0.0004382478850342,0.000454876110403,0.0005597575183793,0.00026678870698,0.0002769113405329,0.0003407591677005
166,166,0.02,2160,100000.0,17.15,2.43,0.81,1.31284381804785,,3374.0,0.8963229988256647,2160.0,0.2597523152326175,0.0002797037553526,0.000439408305085,6.702230594989968e-06,-2.234003552462601e-06,4884960343599.872,5017441130574.098,6201311513181.237,8.315614042037094,7.453476115235494,40621444828033.44,41723103920496.44,51567713098056.2,0.0004513915336828,0.0004636333332901,0.0005730280939634,0.0002738866623457,0.0002813145057706,0.0003476909520333
167,167,0.02,2170,100000.0,17.15,2.43,0.81,1.31376464441493,,3471.0,0.9269057097398716,2170.0,0.2574307567774667,0.0003886795035427,0.0004300395197529,3.3581530430954927e-06,-7.433343696297092e-07,5051636118082.301,5131076655759.363,6373538427855.282,8.429451193649845,7.813306441367617,42582520105453.52,43252160240599.62,53725431108457.87,0.0004690771198659,0.0004764536881189,0.0005918243078498,0.0002837678978812,0.0002882303480372,0.0003580237292357
168,168,0.02,2180,100000.0,17.15,2.43,0.81,1.31457355675456,,3363.0,0.899836325669013,2180.0,0.2383541575331946,0.0003889229652682,0.0003683466054592,4.290799268367441e-06,-6.951718559904472e-06,4904107974896.121,4922847053706.743,6149192172890.579,9.146054017104358,8.2299516411215,44853236444112.19,45024625071144.914,56240843774812.56,0.0004575109512108,0.000459259145544,0.0005736665617067,0.0002761088857864,0.0002771639249898,0.0003462090573932
169,169,0.02,2190,100000.0,17.15,2.43,0.81,1.315382107129,,3447.0,0.920095854284198,2190.0,0.2450165652962823,0.0003899263752117,0.0004188058031344,4.161365522005051e-06,2.1350895403094074e-06,5014522405848.879,4978509558491.3545,6248565685324.88,8.938171169576954,8.223974238010296,44820659597156.11,44498770603170.71,55850749659778.695,0.000470063158709,0.0004666873012668,0.0005857428256814,0.0002829578488555,0.0002809257275497,0.000352592043998
170,170,0.02,2200,100000.0,17.15,2.43,0.81,1.31630553599908,,3455.0,0.9360006280717984,2200.0,0.2664954125825716,0.0003693103096004,0.0004269141308486,3.749407600848313e-06,-1.3198399527514774e-06,5101203422991.301,5008601326183.693,6316829182250.125,8.255301577914954,7.726967461850505,42111972667085.26,41347514431191.18,52147329915648.695,0.0004804980436119,0.000471775567235,0.0005950015735937,0.0002884839178745,0.0002832470720804,0.0003572301435434
171,171,0.02,2210,100000.0,17.15,2.43,0.81,1.31711516242917,,3439.0,0.945620289783434,2210.0,0.2257609062430674,0.0003751970716773,0.0004951046898503,6.289552556323852e-07,-4.475145012989249e-06,5153630579319.715,4998723924935.511,6341591945092.252,9.789117331149372,9.256787967405506,50449494422360.0,48933095007217.23,62078587616779.82,0.0004877705838778,0.0004731092867412,0.0006002063900709,0.0002920698308503,0.0002832908623838,0.0003593947331337
172,172,0.02,2220,100000.0,17.15,2.43,0.81,1.31795480027411,,3526.0,0.9812975284508768,2220.0,0.2733251976997053,0.0004316840896115,0.0004580339407837,2.2306587418937195e-06,2.760638566595875e-06,5348071530057.279,5126213081714.609,6539180412433.092,8.122192972632737,7.9702878896455855,43438068998568.445,41636091868520.414,53112485192641.7,0.0005084830452236,0.0004873892249955,0.0006217310951607,0.0003034332393423,0.0002908456687989,0.000371013118287
173,173,0.02,2230,100000.0,17.15,2.43,0.81,1.31885197962638,,3560.0,0.9981407528758656,2230.0,0.2606117330269626,0.0004202349474113,0.0003712471834177,-1.9843805003687626e-06,-3.6266104687154417e-06,5439867103173.467,5155328337631.177,6611416069786.21,8.556790494805876,8.540881306686586,46547803121441.89,44113064517045.83,56572502183153.45,0.0005196765986917,0.0004924942916485,0.0006315959839677,0.0003086869759952,0.0002925407339229,0.0003751668919334
174,174,0.02,2240,100000.0,17.15,2.43,0.81,1.31966185534058,,3592.0,1.0087547525833116,2240.0,0.2825911265540526,0.0003510710014526,0.0004219626807636,-1.5580685387462326e-06,-4.1928503423364624e-06,5497713401579.048,5150650621964.384,6642451593957.368,7.926646626576027,7.996042456607041,43578431388508.375,40827387377265.695,52652366519436.73,0.0005276960040235,0.0004943833104416,0.0006375732794737,0.0003113140880977,0.0002916612752178,0.000376136151461
175,175,0.02,2250,100000.0,17.15,2.43,0.81,1.32059219216227,,3530.0,0.9859500696581378,2250.0,0.2721352648536594,0.0003436598471264,0.0004014563766347,3.88522125323586e-06,7.578027990552117e-06,5373427879636.851,4976057845740.834,6453906225770.208,8.267947196075216,8.151783113900164,44427217970755.89,41141783513201.01,53360555883089.17,0.0005181852569527,0.0004798649709579,0.000622380932779,0.0003031347880333,0.0002807176860094,0.0003640885370677
176,176,0.02,2260,100000.0,17.15,2.43,0.81,1.32140264665985,,3513.0,0.9935081104549996,2260.0,0.2752627242966809,0.0004015796394736,0.0004117304715978,1.991239534255237e-06,-6.234412856535673e-07,5414619201979.747,4955604022013.588,6461719691044.705,8.210337980830811,8.157037373532134,44455853685750.13,40687183919896.086,53052902600866.67,0.0005244978385334,0.0004800344218525,0.0006259273061941,0.0003046353515497,0.0002788104051408,0.0003635469413947
177,177,0.02,2270,100000.0,17.15,2.43,0.81,1.32221884773407,,3561.0,1.0220511790090028,2270.0,0.2717901762898691,0.000414284921661,0.0003989493485663,5.445306604556608e-06,-7.62648101184926e-07,5570178925599.065,5037693886729.102,6603958852725.02,8.3520310814288,8.536203213894142,46522307515723.08,42074975920685.32,55156469598436.25,0.0005420957112254,0.0004902737034015,0.0006427042683887,0.0003132270303206,0.0002832838795452,0.0003713594208424
178,178,0.02,2280,100000.0,17.15,2.43,0.81,1.32314625583204,,3626.0,1.0505805064217737,2280.0,0.2749937109520033,0.0004014236415527,0.0004506518364965,2.688335172472205e-06,-1.5094468022168735e-06,5725663759998.666,5116349757961.324,6743685540572.326,8.291098702246122,8.710466673398638,47472043370022.59,42420160838470.39,55912562433795.15,0.0005598079013692,0.0005002342332229,0.0006593416253913,0.0003221624163036,0.0002878785185038,0.0003794428243797
179,179,0.02,2290,100000.0,17.15,2.43,0.81,1.32395837186324,,3612.0,1.0488350325525388,2290.0,0.2525894277659972,0.0003739953780441,0.0004466139407386,-4.653947187924434e-06,6.699932587184691e-06,5716150927411.337,5045986953284.239,6687940600775.065,9.066095997182794,9.508839090329658,51823173042296.64,45747402119006.84,60633511510083.11,0.000561454869024,0.0004956296605758,0.0006569065200924,0.0003219387300433,0.000284194495944,0.0003766707931544
180,180,0.02,2300,100000.0,17.15,2.43,0.81,1.32489377407417,,3538.0,1.0193493585687308,2300.0,0.2806842535201213,0.0004252388192003,0.0004158332978318,3.414844364170932e-07,-2.04452932044548e-06,5555454004199.582,4844007030544.262,6456635399492.564,8.19426088622788,8.35281457832123,45522839451850.69,39693057343001.7,52907354910696.24,0.0005480741227656,0.0004778862181073,0.0006369803043854,0.0003133063386025,0.0002731834528299,0.0003641295194196
181,181,0.02,2310,100000.0,17.15,2.43,0.81,1.3257059739536,,3668.0,1.0741120142416372,2310.0,0.2788483329500195,0.0003779860944683,0.0004824894505675,-1.475185618081754e-06,2.4277601079308406e-06,5853910477616.923,5040889115796.581,6758643148969.048,8.28407319334429,8.898022543828187,48494222863863.62,41759094394791.45,55989094533754.52,0.0005801593322061,0.0004995838037373,0.0006698240280439,0.0003305986602822,0.0002846834085839,0.0003816932935544
182,182,0.02,2320,100000.0,17.15,2.43,0.81,1.32634611282785,,3739.0,1.1108334735401575,2320.0,0.2548737992165115,0.0003772851974526,0.0004754702245822,1.951088512106239e-06,4.1221641718929947e-07,6054042430793.858,5147706596558.407,6946463376981.776,9.102544110582327,10.11141069241067,55107188273638.16,46857226363508.52,63230489301521.3,0.000602726061468,0.0005124934220406,0.0006915733677458,0.0003419744696322,0.0002907783110713,0.0003923846184295
183,183,0.02,2330,100000.0,17.15,2.43,0.81,1.32745767815731,,3626.0,1.0839796353462583,2330.0,0.2586301641704267,0.0004336333353399,0.0004301469160196,1.2949535096641275e-06,9.351565311350052e-08,5907689012637.107,4959328196688.786,6736339010481.891,9.009003290368812,9.765576101527223,53222389753323.37,44678604041988.1,60687700310471.13,0.0005908229393661,0.0004959781830393,0.0006736955188782,0.0003331804397128,0.0002796950119951,0.0003799144451859
184,184,0.02,2340,100000.0,17.15,2.43,0.81,1.32809735468001,,3575.0,1.06312760017111,2340.0,0.3054975293721327,0.0003279090176099,0.0004379270635826,-6.944475792044081e-07,5.0351744861294974e-06,5794045420932.549,4801222480050.062,6563970400021.808,7.659636412802536,8.143170877726009,44380281283606.74,36775618534157.55,50277626688565.06,0.0005819662053751,0.0004822449644219,0.0006592991025052,0.0003260393574324,0.0002701717674891,0.0003693641550853
185,185,0.02,2350,100000.0,17.15,2.43,0.81,1.32890918261099,,3691.0,1.107021118736463,2350.0,0.262888611706785,0.0003564522011388,0.0004730627246252,-3.997639492851254e-06,-8.305797513819433e-06,6033265097113.723,4934157055288.587,6787965967674.698,8.939147210458444,9.895824745471636,53932244862820.42,44107156276746.82,60678627044626.125,0.0006087199503147,0.0004978265979025,0.000684864702623,0.0003390941641672,0.0002773197987493,0.0003815114385253
186,186,0.02,2360,100000.0,17.15,2.43,0.81,1.32985216725563,,3718.0,1.1336194497663503,2360.0,0.2873612213593333,0.0002906029671705,0.0004369639431213,-4.210346791610891e-06,-7.534887052933521e-06,6178226001226.61,4991722691121.954,6902918343729.42,8.212659971433368,9.310031077934427,50739669374742.63,40995321133872.92,56691321167619.73,0.0006261383277271,0.0005058909948707,0.000699582978564,0.0003473899476081,0.0002806751135032,0.000388138025591
187,187,0.02,2370,100000.0,17.15,2.43,0.81,1.33066499138617,,3786.0,1.1616274805696718,2370.0,0.2994182122542952,0.0003382509398389,0.0004141364296637,3.5309896240741795e-06,-4.623960927968271e-07,6330869769104.712,5052131943615.319,7026381037302.564,7.915350179123922,9.19468828640242,50111051160893.2,39989393484853.21,55616266402205.79,0.0006443508769548,0.0005142019607237,0.0007151394592413,0.0003561710831685,0.0002842300303584,0.0003953001461227
188,188,0.02,2380,100000.0,17.15,2.43,0.81,1.33157712394971,,3723.0,1.1327259419888285,2380.0,0.2456960763802271,0.0003817616848276,0.0004019347329385,-1.972425629285803e-06,-3.918641828975542e-06,6173356383839.114,4859623484014.371,6807468092091.613,9.686764375987954,10.97244930261478,59799848699250.55,47074027645664.88,65942339405147.73,0.0006310881272428,0.0004967882125938,0.0006959119192843,0.0003476321710883,0.0002736536427481,0.0003833400771521
189,189,0.02,2390,100000.0,17.15,2.43,0.81,1.33242460601584,,3800.0,1.1720348318842306,2390.0,0.3040404894782114,0.0004185178295282,0.0004313603146227,2.345831923014814e-06,-3.881113224262993e-06,6387589833769.058,4962511214856.574,6998081745586.44,7.8607951332458175,9.21312570247014,50211535078462.266,39009284006422.35,55010486927762.29,0.000655879130232,0.0005095517439394,0.0007185645741251,0.0003601442154333,0.0002797956278603,0.0003945648868182
190,190,0.02,2400,100000.0,17.15,2.43,0.81,1.33329262758449,,3717.0,1.161990050838265,2400.0,0.2798827997862645,0.0003126360158231,0.0004729549264367,-6.277421414175542e-07,-3.5641502149556744e-06,6332845777068.545,4858298736466.637,6889908873309.302,8.57501783543964,9.964085410541536,54304265487451.375,41659998315095.27,59081091473181.09,0.0006531248506968,0.0005010505148231,0.0007105763921316,0.0003574223972699,0.0002741997582396,0.0003888627377263
191,191,0.02,2410,100000.0,17.15,2.43,0.81,1.33418690330805,,3710.0,1.1596779458187156,2410.0,0.3002568324473031,0.0003680536669582,0.0004130448196004,1.830318443523002e-06,-9.52559304387418e-07,6320244804712.0,4781650583795.236,6826951572491.396,8.026461813897171,9.308110748532634,50729203579502.86,38379735818231.59,54796266101927.445,0.0006545412143237,0.0004952003405399,0.0007070171030489,0.0003568562187529,0.0002699834894779,0.0003854661012422
192,192,0.02,2420,100000.0,17.15,2.43,0.81,1.3350018813911,,3771.0,1.1725803990707022,2420.0,0.2825542615464655,0.0004085665482623,0.0004200271499104,-2.495807596091044e-06,2.950166845406185e-07,6390563174935.327,4766360194218.565,6853111686149.638,8.564726600671126,10.042830535346406,54733426417637.92,40822571943803.73,58695027955735.945,0.0006647183937937,0.0004957759129852,0.0007128306641852,0.0003612508224902,0.0002694365884997,0.0003873981315057
193,193,0.02,2430,100000.0,17.15,2.43,0.81,1.33595387436252,,3769.0,1.1951324625784243,2430.0,0.2743420626402439,0.0004193578559586,0.0004343386579889,4.466670473631423e-06,-4.780513061348896e-06,6513471921052.412,4794589706037.765,6937947249064.6,8.857555332980635,10.5859519175298,57693437950537.41,42468343620168.86,61453251655890.46,0.0006804292160787,0.0005008663512548,0.0007247719902834,0.0003688680440056,0.0002715250711313,0.0003929067419336
194,194,0.02,2440,100000.0,17.15,2.43,0.81,1.33684287774441,,3793.0,1.2099611962614047,2440.0,0.2989023129439374,0.0003296955970535,0.0003761923800428,1.8837841902421656e-06,1.6993636300822529e-07,6594288519624.655,4789850009991.604,6976929258633.688,8.163202137742072,9.877157823906057,53830510140287.99,39100513841027.34,56954083838953.73,0.0006918612522712,0.0005025427104443,0.000732007251354,0.0003739467129188,0.0002716212160387,0.0003956453762629
195,195,0.02,2450,100000.0,17.15,2.43,0.81,1.33772361511608,,3719.0,1.169818996073442,2450.0,0.3157178936153286,0.0004116604452589,0.0004368395769222,3.070737481756843e-06,5.129813934348757e-07,6375513528600.259,4568840595777.626,6699920952197.354,7.760092315151087,9.077903401547276,49474573538432.66,35454624796444.266,51992005093266.44,0.0006716491869685,0.0004813193569078,0.0007058249410201,0.0003619181267264,0.0002593589084734,0.0003803337298802
196,196,0.02,2460,100000.0,17.15,2.43,0.81,1.33854070982281,,3798.0,1.2214108512264457,2460.0,0.3045724649950898,0.0004124395103477,0.0004555167585125,2.5033733245761004e-06,-5.367167522732442e-06,6656689139184.129,4705500881226.781,6947856676595.188,8.076895592120119,9.86520792043856,53765383166390.16,38005839326297.92,56117112965874.0,0.0007042640560414,0.0004978323408272,0.0007350689842267,0.0003783177027753,0.0002674263806783,0.0003948655438376
197,197,0.02,2470,100000.0,17.15,2.43,0.81,1.33949736724061,,3873.0,1.2573913341655396,2470.0,0.2895123850039454,0.0004178122622888,0.0004399680046873,3.211222419223233e-06,3.013911723062743e-06,6852782771202.19,4777370062854.901,7103579873117.142,8.531586653767299,10.727543125129376,58465110031955.086,40758546668360.31,60604807239456.2,0.0007280931520643,0.0005075850999186,0.0007547397945391,0.0003900185978237,0.0002718987651308,0.0004042924391657
198,198,0.02,2480,100000.0,17.15,2.43,0.81,1.34037504045888,,3819.0,1.2255021992863762,2480.0,0.281300714039844,0.0003741024074356,0.0004474830228519,-1.098671773270847e-06,-2.676057947619563e-06,6678986986110.75,4591154357399.118,6875717232130.464,8.81618807284196,10.804257872590142,58883205405616.27,40476480286278.5,60617616254142.54,0.0007126599474215,0.000489884443517,0.0007336514191935,0.0003806037579557,0.0002616280890223,0.0003918144806438
199,199,0.02,2490,100000.0,17.15,2.43,0.81,1.34127561580435,,3846.0,1.2562970235463835,2490.0,0.3009422192772035,0.0003887729295096,0.0005103669060446,1.4765917153857376e-06,-1.2289684690887763e-06,6846818778327.79,4639833103947.71,6999587456125.919,8.274013549778518,10.3946185953692,56650671344762.13,38390041970774.27,57914681454845.6,0.0007335137404106,0.0004970748379861,0.0007498801622333,0.0003905861387782,0.0002646856233997,0.0003993010368819
200,200,0.02,2500,100000.0,17.15,2.43,0.81,1.3422067252821,,3896.0,1.2859918535026318,2500.0,0.2975272952562591,0.0003814630096212,0.0004714842156535,6.072628961845194e-06,-2.3821170047876725e-07,7008655601589.344,4681239600914.807,7114974210881.014,8.402590417281749,10.805662824943608,58890862395942.66,39334539011646.59,59784214123555.58,0.0007540074837646,0.0005036186528533,0.0007654454872315,0.0004002887430229,0.000267361905358,0.0004063609692661
201,201,0.02,2510,100000.0,17.15,2.43,0.81,1.34305723027778,,3959.0,1.2899045713090571,2510.0,0.3040366160480516,0.0003896764220357,0.0004026538283078,-2.8745159723990424e-06,-1.1738526357072718e-05,7029979913634.363,4627009398310.843,7084502501280.567,8.25558458262575,10.648916291957532,58036593791168.56,38198667452359.44,58486709625145.41,0.000759468163562,0.0004998686160829,0.0007653583894262,0.0004020393641488,0.0002646152534233,0.0004051574707065
202,202,0.02,2520,100000.0,17.15,2.43,0.81,1.34388853234001,,4009.0,1.332741819839662,2520.0,0.3007737697103039,0.0003561802482636,0.0004852823115601,4.416847214082542e-07,-2.255859918618397e-06,7263442918126.157,4709922711125.665,7263178323142.907,8.378390184846195,11.166230982278678,60855958853418.805,39461570214279.45,60853741973408.18,0.0007879627020166,0.0005109482469376,0.0007879339978635,0.0004158999403429,0.0002696870611716,0.0004158847898091
203,203,0.02,2530,100000.0,17.15,2.43,0.81,1.34484269675661,,3842.0,1.2882589469332488,2530.0,0.2950557598164778,0.0003723406420236,0.0004030341845476,-1.5081810131642453e-06,5.718860253346851e-06,7021011260786.206,4484333212337.818,6966046704327.712,8.574650437509298,11.046370142946447,60202717279058.15,38451589741109.95,59731415420973.82,0.0007646853727838,0.0004884059983375,0.0007586989712835,0.0004024401591637,0.0002570392931565,0.0003992896237169
204,204,0.02,2540,100000.0,17.15,2.43,0.81,1.34571264364512,,3858.0,1.27555022763308,2540.0,0.3049625193966676,0.0003674036128089,0.0003696038702687,-2.9766367843850794e-06,-1.6854494808832577e-06,6951748740600.286,4372383605563.025,6845828856381.195,8.32889236692132,10.623920554557913,57900367022340.63,36417112437625.8,57018171707163.05,0.0007602758319649,0.0004781843687725,0.0007486919368758,0.0003988770413982,0.0002508783762939,0.0003927995763431
205,205,0.02,2550,100000.0,17.15,2.43,0.81,1.34663252605795,,3781.0,1.279955141164169,2550.0,0.3100695111097593,0.0003892787349795,0.0004663671333816,-1.429529261807808e-06,-9.497770430188808e-07,6975755519344.722,4319539128648.6655,6819643383580.636,8.223962397571373,10.526302951512283,57368351085741.95,35523727368844.84,56084490751413.56,0.0007660473735911,0.0004743531500565,0.0007489038124017,0.0004006522037415,0.0002480925351012,0.0003916859102625
206,206,0.02,2560,100000.0,17.15,2.43,0.81,1.34753244663371,,3733.0,1.26662333527156,2560.0,0.3042446924937394,0.0004040138738835,0.0003997324887856,-5.140646911304307e-06,6.11834192992155e-07,6903097177230.002,4211297688661.504,6699303590975.879,8.414279897594856,10.657723267800035,58084591809510.2,35435037484492.17,56369815533433.375,0.0007610694785986,0.0004642974093868,0.0007386011467108,0.0003969373164833,0.0002421552472075,0.0003852189128208
207,207,0.02,2570,100000.0,17.15,2.43,0.81,1.34842556558974,,3869.0,1.3061755861568225,2570.0,0.2940721296113224,0.0003893205713837,0.0004519476302154,5.172278089152364e-06,7.453494405542412e-06,7118656944554.682,4281170184377.742,6857652731701.564,8.739352496262702,11.415128869437025,62212452338431.78,37414655337767.07,59931444519298.805,0.0007880180460945,0.0004739151485972,0.0007591255132141,0.0004098956034176,0.0002465117858224,0.0003948668585076
208,208,0.02,2580,100000.0,17.15,2.43,0.81,1.34924811240484,,3890.0,1.3377570018369698,2580.0,0.3018425810269036,0.0003743509086077,0.0004657670834627,1.976293858682975e-06,-1.2072369058304967e-06,7290775660011.485,4321559209787.173,6971384587500.047,8.54750178461415,11.434480360581574,62317917965169.59,36938535057971.58,59587922202888.24,0.0008103622114599,0.0004803368587249,0.000774862222445,0.0004203339056344,0.0002491501516146,0.0004019201039768
209,209,0.02,2590,100000.0,17.15,2.43,0.81,1.35022318030645,,3862.0,1.317705059672783,2590.0,0.2892865908929707,0.0003608745005407,0.0004540630957968,3.875239677849456e-07,1.7937599937612591e-06,7181492575216.668,4193495572408.487,6815593349580.476,8.95305928976929,11.797491525679408,64296328814952.77,37544614491158.2,61020411353751.28,0.0008014285701675,0.0004679789229605,0.0007605955413569,0.0004144420089459,0.000242005503916,0.0003933260628447
210,210,0.02,2600,100000.0,17.15,2.43,0.81,1.35104631264484,,3815.0,1.316051922525335,2600.0,0.293753253226896,0.0003812851791588,0.0004124134442376,4.154525330464868e-06,2.530857954287217e-07,7172482977763.077,4118372666698.882,6760191299989.648,8.850965806978659,11.648330566480269,63483401587317.46,36451575653347.32,59834222044842.98,0.0008035434466815,0.0004613871343547,0.0007573538249253,0.0004143141908514,0.0002378953347561,0.0003904984085901
211,211,0.02,2610,100000.0,17.15,2.43,0.81,1.35202507217289,,3863.0,1.3451234104819303,2610.0,0.2752234897020571,0.0003342382309811,0.0004660242925647,-4.034075055545388e-06,3.2564448846090485e-06,7330922587126.52,4141491792971.209,6861920780637.582,9.483202188975412,12.756077270724312,69520621125447.52,39274604036728.266,65072982167518.19,0.0008245751052533,0.0004658310042847,0.0007718222341987,0.0004238532014596,0.0002394493372979,0.0003967368440287
212,212,0.02,2620,100000.0,17.15,2.43,0.81,1.35284861707109,,3824.0,1.3149022956760053,2620.0,0.3096270587225262,0.0003748271371541,0.0004666423203957,3.930578778316062e-06,-8.220732558894861e-06,7166217511434.229,3986400713324.8086,6660686212410.058,8.461792747732444,11.12643070952796,60639047366927.4,33732096645567.305,56361346287092.91,0.0008092879568726,0.0004501881338955,0.0007521978125294,0.0004147380626911,0.0002307091720725,0.0003854809167487
213,213,0.02,2630,100000.0,17.15,2.43,0.81,1.35383093621598,,3869.0,1.3608529341499964,2630.0,0.2907833334779752,0.0003876385625682,0.0004119850908526,-5.163695258037864e-06,6.62447223700505e-07,7416648491117.48,4061498004443.783,6840475634027.683,9.04453487255728,12.308281819341538,67080135915411.39,36734360336013.59,61868920416841.75,0.0008408912092169,0.0004604880455477,0.0007755653829901,0.0004297413718025,0.0002353345619781,0.0003963563038304
214,214,0.02,2640,100000.0,17.15,2.43,0.81,1.35465559010075,,4031.0,1.4089695658963235,2640.0,0.2986311834333719,0.0003768796928405,0.0004017260620624,-1.806335445536185e-06,8.445152075249595e-07,7678884134134.964,4138621094505.056,7027490809443.045,8.840335994546312,12.45576436861356,67883915808943.92,36586801029541.7,62125379954062.75,0.0008739335438668,0.000471016326938,0.0007997984915916,0.000445488433842,0.0002401010091376,0.0004076980222453
215,215,0.02,2650,100000.0,17.15,2.43,0.81,1.35564133790432,,3979.0,1.4048115788094773,2650.0,0.2890831826489375,0.0003933979096637,0.0003969962231074,2.210706599056468e-06,4.4771163585118215e-06,7656223104511.651,4060119920225.623,6952065638263.8,9.166911667837,12.877783652901115,70183920908311.08,37218760669533.695,63728971614969.11,0.0008748176110497,0.0004639186137475,0.0007943589640097,0.0004445244902,0.0002357327775134,0.0004036407235658
216,216,0.02,2660,100000.0,17.15,2.43,0.81,1.35646694133815,,3956.0,1.4084734508102783,2660.0,0.365455650057811,0.0003939372942857,0.000364055789419,-5.232575495229069e-07,2.0329540329405847e-06,7676180306916.018,4004243435648.7935,6915358331641.233,7.278584965314445,10.251693683112247,55871730572961.75,29145226068172.367,50334023182445.87,0.000880538627694,0.0004593288430969,0.0007932643439692,0.0004458462985587,0.0002325736294526,0.0004016563957717
217,217,0.02,2670,100000.0,17.15,2.43,0.81,1.3574559834824,,4051.0,1.4301816666900855,2670.0,0.3017432018436921,0.0003759005626275,0.0003969355848923,2.5363136215659763e-06,-3.095229181903765e-06,7794490083460.968,3998476249929.3154,6966267811620.164,8.848583774832163,12.655082290936312,68970198485602.91,35380852069176.29,61641604329037.73,0.0008976046930329,0.0004604600183574,0.0008022275496767,0.0004529099747504,0.0002323371712587,0.0004047849371648
218,218,0.02,2680,100000.0,17.15,2.43,0.81,1.35828237364387,,3959.0,1.4258824379526451,2680.0,0.2846478563942582,0.0004114033473055,0.0004707088272814,3.5818804330296936e-06,-3.8419554490492095e-06,7771059286841.916,3919175182272.5903,6892157271492.267,9.415142042341618,13.42488568900451,73165627005074.6,36899591029916.54,64890639689257.32,0.0008982581383741,0.0004530181630644,0.0007966656966,0.0004518215337071,0.0002278669710729,0.0004007207967424
219,219,0.02,2690,100000.0,17.15,2.43,0.81,1.35927457241784,,3983.0,1.4120884699670926,2690.0,0.3264682191133943,0.0003648632293732,0.0004996562954337,6.959660876365798e-06,-4.054275542347773e-06,7695882161320.654,3814630006854.092,6775510166271.105,8.23969943324151,11.635184565674722,63411755882927.24,31431404705501.72,55828167276946.11,0.0008930535269661,0.0004426612453623,0.0007862507668575,0.0004477552064162,0.0002219395269206,0.000394206913448
220,220,0.02,2700,100000.0,17.15,2.43,0.81,1.36010248136541,,3892.0,1.4119955576884842,2700.0,0.3528505452122772,0.0003300308305414,0.0004032222304504,-1.8120510499605063e-06,-2.2020928222285164e-06,7695375789402.239,3747754138732.312,6725095174600.633,7.651964937097269,10.804540498769386,58884745718293.16,28677683262440.824,51460192474686.086,0.0008964476063837,0.0004365823474934,0.0007834179430556,0.000448017686339,0.0002181907919967,0.0003915288431636
221,221,0.02,2710,100000.0,17.15,2.43,0.81,1.36109770020853,,4043.0,1.4631855730742622,2710.0,0.3328997753951626,0.0003559031882421,0.0004539995086584,-4.430876840969077e-07,3.141511795178431e-06,7974361373254.729,3816953581605.056,6913822373827.533,8.140588249971463,11.911191283696102,64915992496143.74,31072247477100.613,56282581178770.24,0.0009325261591013,0.0004463566292418,0.0008085061513011,0.0004645331212866,0.0002223502645636,0.0004027531907579
222,222,0.02,2720,100000.0,17.15,2.43,0.81,1.36192697936982,,3994.0,1.455666239255765,2720.0,0.3575308751228476,0.0003815201061293,0.0004134247313289,2.926543853013002e-06,1.5080649673945809e-06,7933381003943.921,3737236724675.05,6821625022306.144,7.607734574155051,11.074322376816346,60355056953649.08,28431905042112.363,51897112534119.67,0.0009311572647069,0.0004386471700251,0.0008006681758344,0.0004624422050167,0.0002178460848872,0.0003976371884249
223,223,0.02,2730,100000.0,17.15,2.43,0.81,1.36276562632542,,4015.0,1.4738920186256217,2730.0,0.333541660726496,0.0004070801527003,0.0004727369710539,1.6449401670485066e-06,-5.549787667977685e-06,8032711501509.637,3718140618025.8,6849659081180.801,8.184884592988215,12.06363607497715,65746816608625.45,30432551859043.05,56063669080778.55,0.0009464226633231,0.0004380753056624,0.0008070341614096,0.0004684889479476,0.0002168517798918,0.000399490206531
224,224,0.02,2740,100000.0,17.15,2.43,0.81,1.36375557594781,,4039.0,1.4749138857763815,2740.0,0.3287959600102113,0.0003706228546501,0.0004527107507606,4.626692260464611e-06,5.241650275529649e-06,8038280677481.279,3651124840772.7983,6801229551535.517,8.333435726871173,12.291100069787287,66986495380340.71,30426414191362.86,56677609331418.08,0.0009506891340929,0.0004318192972613,0.0008043828391349,0.000468912210512,0.0002129879620574,0.0003967489704787
225,225,0.02,2750,100000.0,17.15,2.43,0.81,1.36458533419973,,4050.0,1.502127216139059,2750.0,0.3325571365166979,0.0003918281103491,0.0003490466251633,2.336410796904285e-06,1.298195713210479e-06,8186593327957.872,3655441850622.961,6873558776379.495,8.269255709873844,12.421474059014816,67697033621630.76,30227783395375.73,56839215158729.62,0.0009717637887364,0.0004339077171619,0.0008159041558625,0.0004770408437613,0.0002130061913282,0.0004005290292275
226,226,0.02,2760,100000.0,17.15,2.43,0.81,1.36558889687475,,3968.0,1.4511959685375206,2760.0,0.3342110229336867,0.0003794834245131,0.0003767733172287,3.884320408921413e-06,4.338347700756705e-06,7909018028529.487,3471583564282.344,6589146889892.305,8.258255445235962,11.984347009279457,65314691200573.03,28669223873326.33,54414858182912.734,0.0009423688548688,0.0004136432887437,0.0007851046472257,0.0004598640603612,0.0002018526836069,0.000383121119736
227,227,0.02,2770,100000.0,17.15,2.43,0.81,1.36641963307448,,3978.0,1.4876755534528057,2770.0,0.3702219681345013,0.0003428162642871,0.0004729098337528,1.7417151456765188e-06,6.87187361946225e-07,8107831766317.791,3497429550215.092,6696943572548.234,7.481997932099105,11.130785414568283,60662780509397.15,26167760662371.62,50106517961190.28,0.0009697018875704,0.0004182948208887,0.0008009587532675,0.0004716515573502,0.0002034536657426,0.0003895768876952
228,228,0.02,2780,100000.0,17.15,2.43,0.81,1.36742666329226,,4039.0,1.479740041498403,2780.0,0.3455506532868639,0.0003543233137847,0.0004532953170377,3.233690780589478e-07,-3.1189739035429286e-06,8064583226166.297,3417679137356.441,6603617677210.003,8.045130210453232,11.90470131147612,64880622147544.87,27495673677582.047,53126964073205.2,0.0009681550702363,0.0004102931661163,0.0007927658202285,0.0004694606730642,0.0001989521222789,0.000384414012784
229,229,0.02,2790,100000.0,17.15,2.43,0.81,1.36825915849898,,4036.0,1.520238875993926,2790.0,0.3678314132562263,0.0003561091075693,0.000438179303717,8.243322173685867e-07,2.7644676093964297e-06,8285301874166.896,3448449659676.673,6726033950329.658,7.584996548558847,11.53100662739891,62843986119324.055,26156478766526.496,51016944298740.086,0.0009982302809807,0.0004154763368924,0.0008103664612459,0.0004826323840744,0.0002008778323213,0.0003918024774612
230,230,0.02,2800,100000.0,17.15,2.43,0.81,1.36926953155921,,4122.0,1.5309499411019376,2800.0,0.3548435467278068,0.0003613536347887,0.0004433809797246,2.626721967436013e-06,-1.0752576253939556e-05,8343677179005.56,3409537890839.071,6719244344668.686,7.890801525968914,12.080422131429188,65838300616289.07,26903986791881.773,53020223528269.66,0.0010089788448539,0.0004123064122424,0.0008125404724711,0.0004863416401845,0.0001987373450011,0.0003916556507734
231,231,0.02,2810,100000.0,17.15,2.43,0.81,1.37010270270469,,4066.0,1.5418873207532262,2810.0,0.3516262716266283,0.0003644648608918,0.0003695097152417,-3.239257101578873e-06,-1.140343032471391e-06,8403285898105.083,3370236526633.325,6712681901657.7295,7.991439282966255,12.32189890497492,67154349032113.33,26933040571825.305,53643989842964.2,0.0010199677402401,0.0004090700442454,0.0008147668749112,0.000490110400748,0.0001965645337684,0.0003915081858225
232,232,0.02,2820,100000.0,17.15,2.43,0.81,1.37100225690137,,4198.0,1.577947911010198,2820.0,0.3289085769602025,0.0003824636729021,0.0004092832213472,-1.4436228583709032e-06,-1.7120894133874313e-06,8599816115005.578,3383907047478.388,6813831365386.614,8.573811075596293,13.529027276133268,73733198654926.31,29012979722458.55,58420502827797.17,0.0010476921277219,0.0004122521606479,0.0008301104797676,0.0005018654688752,0.0001974770244272,0.0003976395108099
233,233,0.02,2830,100000.0,17.15,2.43,0.81,1.37195092545958,,4056.0,1.548488767053226,2830.0,0.36440396011767,0.0003761448746064,0.0004019335272969,1.2737058179042637e-07,-2.455045578360433e-06,8439263780440.081,3256798782823.9297,6631822509515.658,7.766106600724542,12.025728834959864,65540222150531.26,25292646524520.57,51503440565983.15,0.0010317783348019,0.0003981738825032,0.0008108018618199,0.0004927634400948,0.0001901624849836,0.0003872280519849
234,234,0.02,2840,100000.0,17.15,2.43,0.81,1.37278537649863,,4119.0,1.5641889000495686,2840.0,0.3570550637682572,0.0003960564987267,0.0004213176608064,6.049179735715836e-06,1.510953314184718e-06,8524829505270.148,3225239193442.1035,6643707405784.591,7.953955252804569,12.441488517927866,67806112422706.87,25653408224229.992,52843751418336.96,0.0010460775224931,0.0003957674722805,0.0008152459798657,0.0004980212827456,0.0001884187548016,0.0003881259657298
235,235,0.02,2850,100000.0,17.15,2.43,0.81,1.3738045156753,,4124.0,1.5855474525837534,2850.0,0.3474734460783111,0.0003906364233425,0.0004478264502213,2.696825495376586e-06,-1.9701575558507884e-06,8641233616581.456,3203815486204.78,6678314308047.127,8.202065602899875,13.004764222602724,70875965013184.86,26277904797438.164,54775972071387.42,0.0010642134522185,0.0003945667586515,0.0008224695963698,0.0005050753773836,0.0001872612624032,0.0003903438176872
236,236,0.02,2860,100000.0,17.15,2.43,0.81,1.37464021604122,,4001.0,1.533025476425927,2860.0,0.3518397008865577,0.0003909467909697,0.0004595240465079,-3.887647049545128e-07,1.047585807507448e-06,8354988846521.303,3034534839803.9805,6402839815723.113,8.128701771839383,12.461506906498348,67915212640416.0,24666828729022.96,52046775354872.22,0.0010327244276369,0.0003750858694306,0.0007914276374763,0.0004885729817623,0.0001774498760177,0.0003744175603318
237,237,0.02,2870,100000.0,17.15,2.43,0.81,1.37566321948265,,4104.0,1.589699810107212,2870.0,0.3729522292760521,0.0003542516641706,0.0003989578824029,-5.65347047545695e-06,-1.741682977337202e-06,8663863965084.305,3090461064368.699,6583288082753.715,7.695355530039428,12.23330522481116,66671513475220.83,23782196642061.203,50660742353461.46,0.0010746475762784,0.0003833343304778,0.000816577292832,0.0005068602698783,0.0001808006145349,0.0003851407625695
238,238,0.02,2880,100000.0,17.15,2.43,0.81,1.37649904869742,,4092.0,1.5802569085684623,2880.0,0.2946727828916664,0.0003760169765654,0.0003918335161534,8.928834393975078e-07,-1.3658898642048416e-06,8612400151698.121,3016179889483.833,6488259200242.04,9.773552792145054,15.444724321045808,84173747549699.66,29478793380476.48,63413343822686.43,0.0010721055070241,0.0003754659575418,0.0008076840714615,0.0005040559136436,0.0001765272494459,0.0003797368168605
239,239,0.02,2890,100000.0,17.15,2.43,0.81,1.37752579557062,,4053.0,1.582533711182372,2890.0,0.3706927259786425,0.000366046306162,0.0004076213102205,2.5877166324282035e-06,-5.440462818741772e-06,8624808725943.929,2964520195853.8853,6441602973746.58,7.796214485650596,12.337772243150404,67240858725169.71,23112035293919.8,50220118414733.05,0.0010775378689725,0.0003703714338333,0.0008047797187917,0.0005049801648727,0.0001735718373403,0.0003771540720598
240,240,0.02,2900,100000.0,17.15,2.43,0.81,1.37836355581004,,4151.0,1.613961500068622,2900.0,0.3837794270557424,0.0003668949407487,0.0004092883849206,3.495332257654934e-06,3.6118070851250255e-06,8796090175373.99,2960326696465.2705,6512411211841.752,7.556423808978137,12.195777105892605,66466985227114.69,22369483131523.76,49210539135017.17,0.001102862023087,0.0003711685333334,0.0008165322161401,0.000515198684217,0.0001733902664096,0.000381440574224
241,241,0.02,2910,100000.0,17.15,2.43,0.81,1.37934440695512,,4067.0,1.6011026487601598,2910.0,0.3582735495128872,0.0003976089810473,0.0004788042446495,2.010198709653176e-06,2.544363596549011e-06,8726009435742.871,2870634760260.8247,6408720881609.833,8.122285343019234,13.00461257669392,70875138542981.86,23316114638428.03,52053459684200.85,0.0010978479075483,0.000361163987742,0.0008063022234559,0.0005112646512812,0.0001681930429331,0.0003754926545545
242,242,0.02,2920,100000.0,17.15,2.43,0.81,1.38023250093147,,4111.0,1.6062066721895023,2920.0,0.384649537815676,0.0003773202553801,0.0004277983996268,4.9751186336614e-06,2.0750975813564093e-06,8753826363432.787,2822276241473.072,6377991916486.218,7.591325903007489,12.193238316175629,66453148823157.17,21424818737337.145,48417415244794.2,0.0011052552071406,0.0003563396602093,0.0008052831395244,0.0005130567962579,0.000165412009159,0.0003738104873659
243,243,0.02,2930,100000.0,17.15,2.43,0.81,1.38107949769723,,4160.0,1.6506763569965857,2930.0,0.3288563018832064,0.0003921253153705,0.0004542991712027,-1.4615952203674862e-07,-2.4801688461189936e-06,8996186145631.393,2841999012433.9893,6501813705585.136,8.909666572363852,14.70697595972382,80153018980494.81,25321263599774.19,57928992232389.02,0.0011399143149373,0.0003601120858181,0.0008238502845621,0.0005274159233182,0.0001666167761479,0.0003811793156858
244,244,0.02,2940,100000.0,17.15,2.43,0.81,1.38210761710983,,4033.0,1.5805622139555782,2940.0,0.3959728650161196,0.000388254051411,0.0004175262763563,-7.228846036264513e-07,-2.487358322486178e-06,8614064066057.901,2665348279902.622,6169707999664.237,7.424751188140925,11.73528117599733,63957282409185.45,19789547808016.363,45808546800989.61,0.0010952205447061,0.0003388811799588,0.000784437044379,0.0005051437054576,0.0001563006608866,0.0003618024125014
245,245,0.02,2950,100000.0,17.15,2.43,0.81,1.38294720866426,,4027.0,1.610705048287666,2950.0,0.3770363850535432,0.000352510148305,0.0004145124992773,2.1326675388874264e-06,-2.67864222461843e-06,8778342513167.779,2659177463292.924,6230368898853.989,7.824178559268407,12.602443904117743,68683319277441.69,20805879293586.24,48747518754746.1,0.0011200282033051,0.0003392842956416,0.0007949324001933,0.0005149010776936,0.0001559762950208,0.000365447538147
246,246,0.02,2960,100000.0,17.15,2.43,0.81,1.38358167460871,,4067.0,1.5952868529022397,2960.0,0.3880406340726949,0.0003828522959762,0.0003800610814817,3.976566956898066e-07,-3.208395420724661e-06,8694313348317.205,2577266272235.5503,6115436812726.718,7.628067114861682,12.168955181394756,66320805738601.43,19659560097482.16,46648962444175.22,0.0011131909866347,0.0003299846082687,0.0007830002055975,0.0005100859704025,0.0001512054275929,0.0003587860703984
247,247,0.02,2970,100000.0,17.15,2.43,0.81,1.38442202842275,,4120.0,1.6606864935811612,2970.0,0.3855905542204709,0.0004013037925984,0.0003876347233281,2.752471109350707e-06,-5.151099454262844e-07,9050741390017.328,2624152971773.29,6313249305901.247,7.702470839837609,12.79138929092106,69713071635519.79,20212461744356.973,48627618683329.38,0.0011629140749244,0.0003371728672963,0.0008111784615166,0.0005310969269327,0.0001539851288478,0.0003704610662086
248,248,0.02,2980,100000.0,17.15,2.43,0.81,1.38546266886296,,4159.0,1.6458046958662085,2980.0,0.3336805508465659,0.0004021757983017,0.0004579253943583,1.773748182237433e-06,1.116369343892159e-06,8969635592470.836,2542394276984.6494,6204255677894.097,8.930697316459039,14.698183580788037,80105100515294.78,22705353746847.63,55408329533194.56,0.0011563305536757,0.0003277555873546,0.0007998285247158,0.0005264210478652,0.0001492111742533,0.0003641230172073
249,249,0.02,2990,100000.0,17.15,2.43,0.81,1.38630433603133,,4119.0,1.671919006298535,2990.0,0.364317073413531,0.000345631649605,0.0004784805633648,-4.089414383402125e-06,3.68237565710672e-06,9111958584327.014,2523566291126.569,6247199264731.196,8.207136635087355,13.721667727491552,74783089114828.95,20711253358976.387,51271617952266.2,0.0011787511069151,0.0003264563300535,0.0008081569928431,0.0005348272359499,0.0001481209524526,0.0003666799277305
250,250,0.02,3000,100000.0,17.15,2.43,0.81,1.38719560853008,,4155.0,1.6653757111581988,3000.0,0.374685869825953,0.0003772638217221,0.0004297634773413,1.0064718605669698e-06,-7.810174592838479e-07,9076297625812.184,2459196323269.564,6163813892704.966,8.006707062087886,13.334175467559986,72671256298201.92,19690064568582.98,49351852224116.27,0.0011781956544641,0.0003192286702135,0.0008001256726815,0.0005327528747409,0.0001443478348537,0.0003617983572253
251,251,0.02,3010,100000.0,17.15,2.43,0.81,1.38819192301866,,4316.0,1.7616540743981106,3010.0,0.3648945684899445,0.0003424660940122,0.0004302150959943,4.572391275026292e-07,-1.070888024318956e-05,9601014705469.703,2549414754491.42,6457811792681.249,8.248958082484988,14.531810615548904,79198367854741.53,21030015444668.48,53270218782404.86,0.0012506488330241,0.0003320922512266,0.0008412084587064,0.0005635456603041,0.0001496416436473,0.0003790507485373
252,252,0.02,3020,100000.0,17.15,2.43,0.81,1.38903383961997,,4199.0,1.7046129685360356,3020.0,0.3522103273112407,0.0004039452963068,0.000418603985504,5.742656414905775e-06,2.7849771493413827e-06,9290140678521.396,2408986020761.9883,6191732752388.789,8.574422059269406,14.61607103993209,79657587167629.89,20655662876893.22,53090529897183.31,0.0012141292065297,0.0003148305700785,0.000809198034114,0.0005452824495971,0.0001413948231681,0.0003634221826456
253,253,0.02,3030,100000.0,17.15,2.43,0.81,1.39008454437937,,4187.0,1.7144821382016755,3030.0,0.367608433373789,0.0003791751679339,0.0004372902537552,2.390392578019678e-06,-2.7069597794261507e-06,9343927653199.133,2362879590572.501,6172974405142.068,8.24246596355709,14.131560669253892,77017005647433.72,19475954601277.55,50880531428292.57,0.0012253382852269,0.0003098618625026,0.0008095077523162,0.0005484104924932,0.0001386812920714,0.0003623020275112
254,254,0.02,3040,100000.0,17.15,2.43,0.81,1.39092846385091,,4142.0,1.702035716245164,3040.0,0.4001506951531155,0.0003801276197153,0.0004491727581651,2.9721632477505627e-08,-3.248291896222718e-06,9276094653536.145,2295532123882.0195,6073951097372.992,7.597137870363465,12.93059999659734,70471769981455.48,17439474030979.965,46144643904588.086,0.0012205930466682,0.0003020571321731,0.0007992396317808,0.0005443877257863,0.00013471827952,0.0003564629887832
255,255,0.02,3050,100000.0,17.15,2.43,0.81,1.39198300301531,,4197.0,1.7177474197955864,3050.0,0.4059355891836276,0.0003280426629626,0.0004497074745757,-2.658024519497581e-06,-1.2593613728111942e-06,9361723437885.947,2266064633324.788,6075309989851.376,7.513507268810354,12.906307724614372,70339377099148.33,17026093094079.863,45646885769024.48,0.0012360499079853,0.0002991937328734,0.0008021371709773,0.0005493582281697,0.0001329756492104,0.0003565071702609
256,256,0.02,3060,100000.0,17.15,2.43,0.81,1.39282774789582,,4193.0,1.7417260286152034,3060.0,0.4073473474400089,0.0003525895186536,0.0004637589162954,1.726511385327963e-06,-2.2869914249714605e-06,9492406855952.855,2246331460770.914,6104643044119.758,7.512016511782133,13.083874685958127,71307117038471.78,16874479024246.783,45858179345963.56,0.0012574135352301,0.0002975607373608,0.0008086527376996,0.0005569582684076,0.0001318014387337,0.000358184333088
257,257,0.02,3070,100000.0,17.15,2.43,0.81,1.39387537759758,,4169.0,1.69592527366715,3070.0,0.3817220955534139,0.0004129369686713,0.0004631390173043,1.9636289465518656e-06,9.245660860655074e-07,9242792741485.969,2137247279691.4065,5890098741060.877,8.042500121846937,13.639479220111353,74335161749606.88,17188811507335.17,47371119842672.59,0.0012284858783264,0.0002840676162527,0.0007828697805657,0.0005422296705651,0.0001253818970949,0.0003455434292739
258,258,0.02,3080,100000.0,17.15,2.43,0.81,1.39473250024411,,4238.0,1.7754021033167888,3080.0,0.3863541307819105,0.0003873461924328,0.0003503036104801,5.671029181692929e-07,-1.863507548152885e-07,9675941463076.498,2185048395168.693,6109581098043.858,7.971960837500664,14.153436038457746,77136226409594.7,17419120234328.496,48705341247139.94,0.001290389261587,0.0002913993429924,0.0008147773394243,0.0005675505005147,0.0001281658549774,0.0003583626279016
259,259,0.02,3090,100000.0,17.15,2.43,0.81,1.39557884296765,,4275.0,1.7674423259699994,3090.0,0.3866004355968471,0.0003745538937369,0.0004839238293306,-8.073665946154532e-07,-1.000751041845613e-06,9632560676536.496,2123127727573.334,6025895323302.596,7.992748366228691,14.126721763300152,76990633609985.81,16969625675856.598,48163465000391.93,0.0012889178311559,0.0002840923901529,0.0008063155989043,0.0005648999329417,0.0001245104755845,0.0003533876378624
260,260,0.02,3100,100000.0,17.15,2.43,0.81,1.39664356222928,,4077.0,1.7160736058046862,3100.0,0.3781571918902955,0.0003302433536632,0.0004162920049687,-1.9347467763632502e-06,4.0306126283629024e-06,9352601151635.54,2010812021754.183,5796101381942.423,8.19764919583843,14.067769414624342,76669343309702.66,16483931553115.43,47514405832678.32,0.001255460456573,0.0002699243705557,0.0007780483706444,0.0005487166623623,0.0001179742451673,0.0003400569909321
261,261,0.02,3110,100000.0,17.15,2.43,0.81,1.39749037919015,,4188.0,1.758703008980767,3110.0,0.3739769234707637,0.0003932815682647,0.0004192207442803,2.164630349283196e-06,3.724712910708453e-06,9584931398945.18,2008896525526.788,5884068808411.856,8.316021136109295,14.625411394823075,79708492101785.77,16706025966537.297,48932040577074.44,0.0012909414111622,0.0002705671650219,0.0007924926924091,0.0005623903609031,0.0001178708532157,0.0003452443677485
262,262,0.02,3120,100000.0,17.15,2.43,0.81,1.39855963496376,,4098.0,1.7218530292657876,3120.0,0.3955922919167278,0.0003696040588564,0.0004212902696458,-1.268957107402285e-06,8.998450421690306e-06,9384099009498.545,1916025286955.272,5705939065852.315,7.886907970028799,13.580096379734572,74011525269553.42,15111515106464.252,45002216294969.305,0.0012680970975119,0.0002589173561242,0.0007710580164023,0.000550648637153,0.000112430262292,0.0003348182459615
263,263,0.02,3130,100000.0,17.15,2.43,0.81,1.39940786910615,,4064.0,1.7273068244138718,3130.0,0.4362812880276578,0.0003693426758041,0.0004193413988011,6.310726833638437e-06,1.2578155228386374e-06,9413822193055.602,1871154893558.9905,5668997075986.662,7.174270558680424,12.392166496200216,67537307404291.18,13424171463591.066,40670918819496.52,0.0012762853713425,0.0002536831022713,0.0007685781492243,0.0005524365230614,0.0001098060152729,0.0003326768840199
264,264,0.02,3140,100000.0,17.15,2.43,0.81,1.4002952084712,,4137.0,1.7197132400678965,3140.0,0.3877696279469091,0.0003693860791297,0.0004502097699884,2.6889117925403755e-06,-9.73874855071731e-07,9372437158370.035,1812213653874.924,5589301905408.057,8.097591388539351,13.925535123530905,75894166423243.42,14674565677811.014,45259882977178.88,0.0012746870789048,0.0002464679452928,0.0007601663045091,0.000550051478847,0.0001063555597607,0.0003280260754852
265,265,0.02,3150,100000.0,17.15,2.43,0.81,1.40133109277338,,4127.0,1.767727046835174,3150.0,0.4358133634841579,0.000394484929012,0.0004664192061768,4.011969178444782e-06,7.225363503299616e-06,9634112405251.7,1812492985503.8352,5689050928046.795,7.227864640994435,12.776891816749467,69634060401284.6,13100453961973.61,41119690043646.0,0.0013145946265152,0.0002473184284253,0.0007762828027525,0.0005654518693766,0.000106380069463,0.0003339056414256
266,266,0.02,3160,100000.0,17.15,2.43,0.81,1.40218130528617,,4157.0,1.7615710800633888,3160.0,0.4336968263078233,0.0003624811479279,0.0004086893875377,1.1377055324270445e-06,-2.1651726731610014e-06,9600562386345.469,1763581155467.9453,5615787908658.719,7.28619581310272,12.8351518280407,69951577462821.81,12849797631037.4,40917730347342.03,0.0013143212595299,0.0002414350443505,0.0007688038617257,0.0005635257261628,0.000103517201523,0.0003296307895154
267,267,0.02,3170,100000.0,17.15,2.43,0.81,1.40326093603049,,4132.0,1.7718726450486917,3170.0,0.4016882661999261,0.0003217810925924,0.000424730931181,-5.640963574194936e-07,-1.0686091108574523e-06,9656705915515.37,1729484826193.733,5598464800494.756,7.891691808648063,13.983072838898336,76207746971995.94,13648561236054.2,44181358807068.98,0.0013261418556272,0.0002375077212409,0.0007688293051632,0.0005667729532144,0.000101507204533,0.0003285860060567
268,268,0.02,3180,100000.0,17.15,2.43,0.81,1.40411224770544,,4079.0,1.7557645007483242,3180.0,0.3861521803564756,0.0003945003143107,0.0004884764386887,-5.206577921567882e-06,8.852712366337119e-07,9568916529078.367,1668197002030.16,5497861131774.638,8.235095285657561,14.458887962837425,78800939397463.97,13737761266966.646,45275410287477.26,0.0013183287497193,0.000229830834169,0.0007574513133182,0.0005615726124051,9.790175779982746e-05,0.0003226539001599
269,269,0.02,3190,100000.0,17.15,2.43,0.81,1.40500559311992,,4056.0,1.7234110710759298,3190.0,0.3841600291257236,0.0004154720897826,0.0004356575277342,-7.355871461688822e-07,-5.256849587819623e-07,9392590337363.818,1593546479921.5205,5344099982639.628,8.3038311072077,14.310914462506444,77994483820660.14,13232540830753.648,44376503675871.06,0.0012982492485996,0.0002202609126831,0.0007386645789611,0.0005511582184345,9.3509480060295e-05,0.0003135923658728
270,270,0.02,3200,100000.0,17.15,2.43,0.81,1.40604835471862,,4068.0,1.769048058542467,3200.0,0.4256568871719537,0.0003380637677247,0.0004613526222664,2.714488754325975e-06,-3.841068244806261e-06,9641311919056.443,1591100514759.5056,5429270590767.181,7.517792138312772,13.29933558680803,72481378948103.77,11961562941124.416,40816127764042.25,0.0013369534974552,0.0002206367158193,0.0007528728834724,0.0005656851791321,9.335472052615092e-05,0.0003185518664347
271,271,0.02,3210,100000.0,17.15,2.43,0.81,1.40690115714451,,4108.0,1.7630207204541843,3210.0,0.4535148688632944,0.0003670642510579,0.000469256145229,-2.235433836176053e-06,3.815513571046672e-07,9608462926475.305,1543045669320.5918,5354619996746.628,7.078047976785539,12.478745243441724,68009161576757.39,10921751277822.305,37900257234427.86,0.0013364632645679,0.0002146257802499,0.0007447864425489,0.0005636900280408,9.052430792141055e-05,0.0003141341044047
272,272,0.02,3220,100000.0,17.15,2.43,0.81,1.40799052369918,,4154.0,1.810053120540422,3220.0,0.4027038045542213,0.0003759434674101,0.0004437153089086,1.3061951629084798e-06,1.100344359335538e-06,9864789506945.3,1540438094506.0142,5444775541658.604,7.995951276309458,14.473096559373104,78878376248583.42,12317267947841.074,43536159941543.63,0.0013765435032278,0.0002149544143465,0.0007597699264771,0.0005786580891818,9.036046472579964e-05,0.0003193847581584
273,273,0.02,3230,100000.0,17.15,2.43,0.81,1.40884523113251,,4104.0,1.7928372251152098,3230.0,0.4243329253458796,0.0003569684650932,0.0003805799670912,1.945970682210412e-06,-7.403353740100817e-06,9770962876877.893,1482430502283.8838,5342230515134.908,7.611947617232818,13.64698304380202,74376057588721.0,11284183329573.06,40664778840389.62,0.0013677862823609,0.0002075177371081,0.0007478310692494,0.0005730618767761,8.694377581142339e-05,0.0003133190335231
274,274,0.02,3240,100000.0,17.15,2.43,0.81,1.40993166845321,,4034.0,1.7385592077775545,3240.0,0.4297812182694542,0.0003829916880569,0.0004471152405702,4.165518144851233e-06,7.336378243405955e-07,9475147682387.672,1396976257097.8977,5131273255265.724,7.538719381563715,13.10650999566871,71430479476394.45,10531411984968.256,38683229141571.24,0.0013306306390361,0.0001961826318713,0.00072060400952,0.0005556228556744,8.191871655160894e-05,0.0003008979696048
275,275,0.02,3250,100000.0,17.15,2.43,0.81,1.41079503857806,,4108.0,1.813730636744131,3250.0,0.4209743564615564,0.0003553108803358,0.0004175654990794,-3.503614691691465e-06,1.8613055266713928e-06,9884831970255.514,1415657817263.7383,5301789062283.163,7.720185208708291,14.002336434373111,76312733567333.45,10929140541431.775,40930793498329.88,0.0013923456599766,0.0001994050100002,0.0007467929665566,0.0005794700540645,8.298889797775514e-05,0.0003108022477068
276,276,0.02,3260,100000.0,17.15,2.43,0.81,1.41165075360548,,4112.0,1.7952624549753278,3260.0,0.4237772757201128,0.000424630910271,0.0004804295905626,-1.799908841752608e-06,-8.534609504621348e-07,9784180379615.535,1359946048836.903,5196977855502.641,7.6927201782124195,13.81045171257587,75266961833538.48,10461684411167.896,39978896414748.27,0.0013825109255553,0.0001921612437358,0.0007343362843218,0.0005733948510053,7.96986596519435e-05,0.0003045651477708
277,277,0.02,3270,100000.0,17.15,2.43,0.81,1.4127503589355,,4131.0,1.823305930142862,3270.0,0.3751599484703547,0.0003668226658119,0.00044694178922,-9.047491974877836e-07,1.7621156555739724e-06,9937017319278.598,1339947640872.026,5226538964638.579,8.71628225063155,15.89244911637548,86613847684246.36,11679361838908.46,45555988809713.445,0.0014085701427547,0.000189937300011,0.0007408608135613,0.0005821709260279,7.850228432248277e-05,0.0003062024479983
278,278,0.02,3280,100000.0,17.15,2.43,0.81,1.41360767287236,,4156.0,1.846909818285928,3280.0,0.4394669064713525,0.0003686235116131,0.0004515408399563,4.320971001813413e-06,-9.844140230112914e-07,10065658509658.305,1316989028678.2583,5241912515367.924,7.463588160338104,13.784574252971048,75125929678692.2,9829463721738.229,39123476187228.16,0.0014312741158971,0.0001872676592255,0.0007453673988486,0.0005895244585197,7.713327878777678e-05,0.0003070077962872
279,279,0.02,3290,100000.0,17.15,2.43,0.81,1.41459744470657,,4134.0,1.7991866416086617,3290.0,0.449124979503722,0.0003750279653001,0.0004158754614531,-4.192924605968214e-06,-3.814779189613102e-06,9805567196767.203,1244362801385.8103,5055527921322.721,7.325355190965803,13.179681204624336,71829262565202.64,9115399506576.297,37033537701533.95,0.0013984382596042,0.0001774669955716,0.0007210030308094,0.0005741166081224,7.285752435014173e-05,0.0002960014942751
280,280,0.02,3300,100000.0,17.15,2.43,0.81,1.4155721082738,,4070.0,1.823085588029659,3300.0,0.4072949350320414,0.0003594008463631,0.0004547190018419,-8.267877216915135e-07,-8.433546801067495e-07,9935816454761.64,1222180876587.8928,5071068022725.876,8.10223677282015,14.77107109133235,80502337447761.3,9902398841327.992,41086993811201.96,0.0014214260857721,0.0001748462028685,0.0007254711681769,0.0005815656471185,7.153699100873845e-05,0.0002968209980172
281,281,0.02,3310,100000.0,17.15,2.43,0.81,1.41643111237549,,4060.0,1.809663944008557,3310.0,0.4204584546869228,0.0003564003221925,0.0004160389081785,5.958123674177736e-06,-3.2146388100205216e-06,9862668494846.633,1176752951102.7344,4982499859990.442,7.872359238119391,14.246324667507334,77642469437914.95,9263821965597.867,39224028801724.336,0.0014153417268874,0.0001688698707458,0.000715013382001,0.0005770460133952,6.884958158531999e-05,0.0002915166095719
282,282,0.02,3320,100000.0,17.15,2.43,0.81,1.41754270316262,,4140.0,1.8404878702830365,3320.0,0.4403176714804431,0.0003639149132141,0.0003723964769128,2.1334229383218054e-06,-1.2728344278399873e-06,10030658893042.549,1159887931233.903,5015259166673.5625,7.540010803648745,13.877298425918564,75631276421256.17,8745567532525.422,37815108299817.06,0.0014439046801272,0.000166964865438,0.0007219422233402,0.0005866328371772,6.783486061711727e-05,0.0002933123083435
283,283,0.02,3330,100000.0,17.15,2.43,0.81,1.41840300891481,,4124.0,1.8642337595137752,3330.0,0.4029912218593381,0.000438336773331,0.0004490349118323,6.334424751371468e-06,-7.876093392173688e-06,10160073989350.076,1137467135229.4763,5027186549610.87,8.263207284356975,15.404549981358414,83954797398403.38,9399126717544.87,41540684516565.945,0.0014668306807106,0.0001642184588422,0.0007257852134103,0.0005939184589418,6.649191027158573e-05,0.0002938697977483
284,284,0.02,3340,100000.0,17.15,2.43,0.81,1.41926341830284,,4136.0,1.8442027855269816,3340.0,0.3881679173400698,0.0003719564181703,0.0004334331170869,5.306655448444876e-07,-9.066901242219568e-06,10050905181122.05,1088852594806.1476,4920958334562.622,8.604523585790995,15.868486365048364,86483250689513.6,9369057833459.22,42342502054438.85,0.0014555348936074,0.0001576836033347,0.000712634975345,0.0005872570950115,6.361978351189877e-05,0.0002875231279323
285,285,0.02,3350,100000.0,17.15,2.43,0.81,1.42038073524617,,4042.0,1.8261619557312367,3350.0,0.4686039685198011,0.0003759745215048,0.0003705484138212,5.0706756763400014e-06,-2.422596706025418e-06,9952582658735.244,1042655967137.4668,4821118359288.674,7.148893788889122,13.055037862832656,71149956352437.98,7453836767417.217,34465663094218.12,0.0014457182848243,0.0001514568477508,0.0007003186212383,0.0005812287115976,6.089088683799997e-05,0.0002815522873321
286,286,0.02,3360,100000.0,17.15,2.43,0.81,1.42124346131435,,4156.0,1.8890279442603903,3360.0,0.454814384508154,0.0003662270514957,0.0004648940986564,7.871841383158834e-06,-5.670724234729217e-06,10295202296219.129,1043671930265.8628,4933605590908.554,7.3876291393764415,13.955437886114437,76057136479323.67,7710261163981.346,36447648425586.56,0.0014998407211014,0.0001520457408649,0.0007187447467463,0.0006009445820449,6.092051169853914e-05,0.0002879810871605
287,287,0.02,3370,100000.0,17.15,2.43,0.81,1.42225871849266,,4183.0,1.864318375593217,3370.0,0.387378095864733,0.0003528795476225,0.0004668529076786,-3.645676966820301e-08,-4.8779184368338886e-06,10160535146983.031,995932655487.7688,4816290039304.992,8.699510984164569,16.218658186453034,88391687116169.03,8664127075904.032,41899368099856.18,0.0014847370873712,0.0001455334909762,0.0007037940759464,0.0005927914952309,5.8105247357098326e-05,0.0002809946260274
288,288,0.02,3380,100000.0,17.15,2.43,0.81,1.42323023053009,,4077.0,1.863658498257721,3380.0,0.4230296556233952,0.0003669658129345,0.0004115076650066,-1.4651098735865223e-06,4.9947436657504095e-06,10156938815504.58,961504761928.203,4761822829042.503,7.989983574600893,14.89060078974456,81153774304107.84,7682407254706.883,38046886189209.15,0.0014886707553615,0.0001409247457549,0.0006979254789826,0.0005922896805281,5.606899466593208e-05,0.0002776799755689
289,289,0.02,3390,100000.0,17.15,2.43,0.81,1.42409390255334,,4043.0,1.845635711771609,3390.0,0.4454021736191862,0.0004341256567733,0.0004454030558774,-1.286803361817926e-07,-2.604124683204029e-06,10058714629155.271,919455675893.743,4668876966114.495,7.611098914165631,14.04731596181021,76557871991865.64,6998068096418.294,35535284407166.96,0.0014787453675404,0.0001351704339484,0.0006863779756955,0.0005861892612928,5.358289436718687e-05,0.0002720870052224
290,290,0.02,3400,100000.0,17.15,2.43,0.81,1.42522230999383,,4150.0,1.865687419397952,3400.0,0.4566451816363042,0.0003558759573505,0.0004640455356949,1.6942347826822016e-06,-2.246779971772087e-06,10167996435718.834,897532405210.5854,4673384022873.232,7.445605771677529,13.89117301801554,75706892948184.69,6682672456503.55,34796175053970.49,0.0014991097286942,0.0001323269111054,0.0006890163169218,0.00059218168684,5.227207317305278e-05,0.000272176770656
291,291,0.02,3410,100000.0,17.15,2.43,0.81,1.42608801864174,,4072.0,1.878633682283969,3410.0,0.3746520287309067,0.0003682441952913,0.000415359704087,-1.8784314138840936e-06,6.889942464953607e-06,10238553568447.637,872471347473.5941,4659275124182.092,9.101779086986411,17.098908761520516,93189052750286.8,7941041464430.016,42407692885796.59,0.0015140079378824,0.0001290151520739,0.0006889820398585,0.0005959022191441,5.077940049085033e-05,0.0002711781862097
292,292,0.02,3420,100000.0,17.15,2.43,0.81,1.42695357121555,,4008.0,1.8373222448264177,3420.0,0.4316552722966662,0.0003596614657927,0.0004535407865491,-3.2946586982447454e-06,5.295708834959793e-06,10013406234303.977,822942683776.0192,4504836904714.853,7.922989059773412,14.557084045038035,79336108045457.3,6520165880377.971,35691773512119.3,0.001485111815193,0.0001220525637635,0.0006681229499898,0.0005824185841924,4.7865541609046765e-05,0.0002620188046574
293,293,0.02,3430,100000.0,17.15,2.43,0.81,1.42808959195544,,4000.0,1.8249373091775305,3430.0,0.4452057939083715,0.0003846770322346,0.0004644082567368,-1.1402660449761409e-06,-5.861613959114804e-07,9945908335017.54,787256263590.3348,4422804658197.061,7.704302250625996,14.059868618347796,76626283969995.48,6065260203398.429,34074623882226.75,0.0014795235190145,0.0001171098826009,0.000657923167135,0.0005781143588293,4.57599381302853e-05,0.0002570792725083
294,294,0.02,3440,100000.0,17.15,2.43,0.81,1.42895576997403,,3904.0,1.8155891909552149,3440.0,0.4131335835668324,0.0003402562419994,0.0004586403915822,3.0636635016785234e-06,-9.95544277843494e-07,9894961090705.922,754033702286.3302,4349830729089.17,8.326604606433582,15.117693320798711,82391428598352.98,6278540498863.525,36219320586040.24,0.0014760725356346,0.0001124823461845,0.0006488823568895,0.0005747771511798,4.380020692560282e-05,0.0002526723745208
295,295,0.02,3450,100000.0,17.15,2.43,0.81,1.4298542301886,,4004.0,1.8441290201064824,3450.0,0.4611208110527514,0.000379507758093,0.0004765943570807,-6.815971711538223e-07,-5.732639005697884e-06,10050503159580.326,737606733332.5691,4372522943139.6006,7.48177032418805,13.797349776606666,75195556282506.33,5518604168368.904,32714212397813.254,0.0015036893065648,0.0001103558040579,0.0006541877444256,0.0005834005125297,4.281578140308456e-05,0.0002538113849199
296,296,0.02,3460,100000.0,17.15,2.43,0.81,1.43046370146932,,4083.0,1.884804022216985,3460.0,0.4471525625749564,0.0003655538982544,0.0004401128582121,-9.169539182577314e-07,-1.3572379230965352e-06,10272181921082.568,725722560098.9233,4422273621887.063,7.737851215869972,14.58433309498831,79484615367686.3,5615533194045.723,34218895322028.508,0.0015413670032031,0.0001088965145098,0.0006635733958257,0.0005958480429408,4.209625281902848e-05,0.0002565183427624
297,297,0.02,3470,100000.0,17.15,2.43,0.81,1.43133062975146,,4036.0,1.891183796539217,3470.0,0.469933516420042,0.0003619705544419,0.000452257444638,2.2312969114248699e-07,-1.9880061684972136e-06,10306951691138.732,700292199509.9834,4390392768981.857,7.384023226167168,13.964545078596585,76106770678351.36,5170973866285.409,32418762178158.41,0.0015511114945078,0.0001053882188181,0.0006607180176488,0.0005973815064806,4.058829629322565e-05,0.0002544631550597
298,298,0.02,3480,100000.0,17.15,2.43,0.81,1.43235160782337,,4138.0,1.9166137849290985,3480.0,0.4816931714358361,0.0003291219534253,0.0004366534104243,-3.024389330493612e-06,-1.946502734450662e-06,10445545127863.586,682555718349.4437,4401949603420.492,7.224515949908069,13.846606859033944,75464007381735.0,4931134673916.516,31801955120602.844,0.001576382356387,0.0001030074331675,0.0006643172379799,0.000604925155805,3.952834621974483e-05,0.0002549268628012
299,299,0.02,3490,100000.0,17.15,2.43,0.81,1.43334420882694,,4161.0,1.9395755135191783,3490.0,0.4514857955300613,0.0003695374202241,0.0004179731045856,6.789746282439744e-06,1.6080740348768597e-06,10570686548679.523,663602841025.736,4406638728628.563,7.730032781878794,14.992982302432647,81711753548257.92,5129671715276.841,34063461830195.49,0.0015999111995343,0.0001004386623811,0.0006669605253894,0.0006116729092606,3.8399386690221736e-05,0.0002549902051099
300,300,0.02,3500,100000.0,17.15,2.43,0.81,1.43421228863291,,3919.0,1.8502515175261447,3500.0,0.4617408924150368,0.0003877297846879,0.0004125819059058,1.0580388675209777e-07,-1.3257581246928988e-06,10083870770517.492,607941105150.929,4157863093071.8994,7.580008739737128,14.024922673560065,76435828570902.36,4608198890289.49,31516638584115.445,0.0015306030426849,9.227771026557168e-05,0.0006311106167613,0.0005830276178771,3.514984100966882e-05,0.0002403986593819
301,301,0.02,3510,100000.0,17.15,2.43,0.81,1.43534393733411,,4055.0,1.891000063683778,3510.0,0.4703632785481204,0.0004246887582569,0.0004337990544679,2.010556378809842e-06,4.129736840989941e-06,10305950347076.59,596334214935.7659,4202588254853.222,7.462317234530692,14.111242365726094,76906270893207.2,4450035089655.496,31361046763827.465,0.0015688393111267,9.0777902808986e-05,0.0006397455295875,0.000595382404596,3.445067042575685e-05,0.0002427866442623
302,302,0.02,3520,100000.0,17.15,2.43,0.81,1.43623651060153,,4042.0,1.899627526501114,3520.0,0.4449703717577904,0.0003606904704724,0.0004681708072217,-3.598098497557943e-06,1.0772019470628757e-06,10352970019431.072,574405661279.5668,4174703857343.116,7.910639052426692,15.027267696204431,81898608944314.17,4543915856053.119,33024575366214.8,0.0015803118116222,8.767919249056952e-05,0.0006372406955107,0.0005976119707127,3.315683311953814e-05,0.0002409794478923
303,303,0.02,3530,100000.0,17.15,2.43,0.81,1.43710675988374,,3908.0,1.8593969825960528,3530.0,0.4218135948867711,0.0003980014433485,0.0004776541022705,3.124996635585245e-07,9.71503164302716e-06,10133713555148.49,538112972152.4431,4040229855608.7153,8.368625484789245,15.560596974893556,84805253513169.88,4503265932450.621,33811170534053.48,0.0015512382174921,8.237270603598916e-05,0.0006184661649814,0.0005844226575516,3.103358028988063e-05,0.0002330045995956
304,304,0.02,3540,100000.0,17.15,2.43,0.81,1.43826584558474,,3993.0,1.8771615552786456,3540.0,0.4865065227513696,0.0003750283124654,0.0003774229110401,-7.542357878021338e-07,-5.422321010382014e-06,10230530476268.62,519335066438.749,4032328292765.319,7.276366984722065,13.65891636581906,74441094193713.88,3778872531443.3535,29340700461038.254,0.0015705531103575,7.9726394032563e-05,0.0006190280901734,0.000589469071837,2.9923371060398663e-05,0.0002323372010466
305,305,0.02,3550,100000.0,17.15,2.43,0.81,1.43913732984838,,4005.0,1.8949974858840848,3550.0,0.4582615764061302,0.0003131302501461,0.0004120320078775,7.316420120748947e-07,2.883827988849881e-06,10327736298068.262,501915751718.4608,4023698105934.01,7.746667368101235,14.67991518653212,80005537766600.06,3888174375373.402,31170250816329.75,0.001589778308588,7.726134283365948e-05,0.0006193794830254,0.0005944978930744,2.889189346878696e-05,0.0002316170724452
306,306,0.02,3560,100000.0,17.15,2.43,0.81,1.4400107973697,,4099.0,1.964871302017429,3560.0,0.4609591773455577,0.0004050764591131,0.0004437078178961,5.587145448906932e-07,-9.282204912029256e-07,10708548595994.992,497827259406.9715,4123388571997.8223,7.723026625698893,15.174753381552264,82702405929459.81,3844733179398.751,31845039729641.72,0.0016530412208532,7.684785415008416e-05,0.0006365130827959,0.0006158266823085,2.8629025378659464e-05,0.0002371276257841
307,307,0.02,3570,100000.0,17.15,2.43,0.81,1.44117660858237,,3909.0,1.8529789973089903,3570.0,0.471731023036682,0.0004018894007254,0.0004435231503733,4.5253980621888365e-06,-1.6516673901502502e-06,10098735535333.996,448711966892.5336,3842673912489.418,7.567871998366312,14.023107867295597,76425937876760.98,3395794729577.877,29080864301181.39,0.0015632854608196,6.946066579172995e-05,0.0005948463782468,0.0005801970351858,2.577959903322093e-05,0.0002207710067672
308,308,0.02,3580,100000.0,17.15,2.43,0.81,1.44205115588889,,4044.0,1.9210759677907183,3580.0,0.4356738309143111,0.000366506736973,0.0004384942019223,1.0783904097967295e-06,2.1373127488195915e-06,10469864024459.416,444588166439.6068,3936302594816.0728,8.217156381614574,15.785781648297894,86032509983223.53,3653250489049.5366,32345213986958.9,0.0016252760723314,6.901508054621795e-05,0.0006110469444364,0.0006009392466327,2.551804657423485e-05,0.0002259321334375
309,309,0.02,3590,100000.0,17.15,2.43,0.81,1.44292497813681,,3944.0,1.903275327575385,3590.0,0.4623608931660783,0.0003737280405686,0.000461617817024,-3.220047847923945e-06,-7.0426992130224e-07,10372850535285.852,420261814456.1952,3852679511543.262,7.7644975019772815,14.777976526534074,80539972069610.7,3263121808521.5674,29914120443296.71,0.0016144754659914,6.541137235367342e-05,0.0005996477562802,0.0005947940029637,2.4098410177884285e-05,0.000220918122845
310,310,0.02,3600,100000.0,17.15,2.43,0.81,1.44409865044327,,3896.0,1.8633970602138807,3600.0,0.409823589057396,0.0004177006047076,0.0004242178797991,-3.0095211228862573e-06,-5.8747368971117086e-06,10155513978165.65,391673372626.0853,3725794954542.635,8.784267416817283,16.368578080629906,89208750539433.0,3440563645194.256,32728379220931.1,0.0015850511811471,6.113155308924997e-05,0.0005815142105172,0.0005817678418774,2.243736488408685e-05,0.0002134355478848
311,311,0.02,3610,100000.0,17.15,2.43,0.81,1.44497470086693,,3855.0,1.834669021756245,3610.0,0.401379609864307,0.000368393930019,0.0004570130061001,-6.461124174341455e-07,-6.574301940394689e-06,9998946168571.531,367058718520.9197,3624296052347.783,8.993979542758588,16.500975649408574,89930317289276.73,3301318605368.334,32596844551716.668,0.0015648916154237,5.744676501879997e-05,0.0005672228261373,0.0005721677525784,2.100412968524136e-05,0.0002073923883567
312,312,0.02,3620,100000.0,17.15,2.43,0.81,1.44584992211973,,3891.0,1.8896594695434967,3620.0,0.5072960280240295,0.0003401009132222,0.0003964079051571,3.004477952880748e-07,-1.946621843248332e-06,10298644109012.06,360227887629.4738,3692802956959.168,7.13587294207738,13.484369878455734,73489815837583.75,2570540436316.853,26351372700988.266,0.0016162608467435,5.6533872276562486e-05,0.0005795454985039,0.0005886688678357,2.059056906220556e-05,0.0002110800327502
313,313,0.02,3630,100000.0,17.15,2.43,0.81,1.44703129214889,,3927.0,1.89643376905724,3630.0,0.4637668610039327,0.0003287605433714,0.0004211171159032,3.515947423705974e-06,1.0710401424306389e-06,10335564041361.955,343622313482.43567,3665773611029.939,7.827208680115714,14.843782858429387,80898616578440.14,2689603554771.163,28692775027592.664,0.0016262954030988,5.406878488511063e-05,0.0005768074919337,0.0005901231306714,1.961958482278349e-05,0.0002093023458629
314,314,0.02,3640,100000.0,17.15,2.43,0.81,1.44790993423811,,3850.0,1.8299306836751064,3640.0,0.4260670914600268,0.0004158700175304,0.0004114433195562,2.0487803308278817e-06,4.288334552546647e-06,9973122226029.328,314330691123.71204,3498368853348.457,8.543255447226908,15.633565281355017,85202930783384.83,2685407389173.252,29887458762778.164,0.0015735302623421,4.959418361234779e-05,0.0005519624782309,0.0005687973574333,1.79272310535547e-05,0.00019952256816
315,315,0.02,3650,100000.0,17.15,2.43,0.81,1.44878765070246,,3918.0,1.913040446599748,3650.0,0.5058966225469703,0.000333649771732,0.0004467737057727,4.383050821086017e-06,2.3302572196341065e-08,10426070433968.629,311681635700.7548,3616634173441.505,7.214912765425931,13.802419938948647,75223188667270.11,2248755812166.21,26093700065838.773,0.0016494533613733,4.930950015549348e-05,0.0005721685300345,0.0005939680933142,1.7756349149060986e-05,0.0002060378661183
316,316,0.02,3660,100000.0,17.15,2.43,0.81,1.44997656113508,,3966.0,1.9343159848184155,3660.0,0.4659573494177493,0.0003433337269189,0.0004561570548936,8.827945390179919e-07,-4.171097323195686e-06,10542022117260.363,298411598963.14,3615784462778.021,7.85479616229567,15.19365777421886,82805434869492.78,2343962282320.1865,28401249921917.11,0.0016723049527771,4.733771086432616e-05,0.0005735801156571,0.0005999056563131,1.6981448543381818e-05,0.0002057602922003
317,317,0.02,3670,100000.0,17.15,2.43,0.81,1.45085619837007,,3821.0,1.828866056506332,3670.0,0.4597769192569103,0.0003900678768219,0.0004391838838614,4.355867552863876e-07,-3.273424047558375e-06,9967320007959.51,267041994941.4773,3376192928666.65,7.982131869367083,14.598250034442891,79560462687713.77,2131564418281.729,26949217173041.85,0.0015852242693473,4.247094013015627e-05,0.0005369570721364,0.0005665487228172,1.5178834536449183e-05,0.0001919049243119
318,318,0.02,3680,100000.0,17.15,2.43,0.81,1.45173617503807,,3837.0,1.8800024563154727,3680.0,0.4550007753737191,0.0003529846915951,0.0003800097282428,5.148564789714048e-07,5.198870390814303e-06,10246013386919.326,259688540191.18097,3424020836556.667,8.087898305178488,15.205268680165304,82868714306900.9,2100334504086.528,27693132320882.49,0.0016339280462828,4.1412437510409706e-05,0.0005460273634864,0.0005817202561086,1.4743889003831251e-05,0.0001943997340962
319,319,0.02,3690,100000.0,17.15,2.43,0.81,1.45293245546904,,3770.0,1.8562603090332657,3690.0,0.4986669344762049,0.000374371496527,0.0004155593569697,3.046025824286555e-07,5.402565784584706e-07,10116618684231.297,242175627534.37512,3334794916062.4746,7.39972864628761,13.735822583720148,74860233081274.8,1792033928498.794,24676577469881.777,0.0016175578499279,3.872174089056416e-05,0.0005332042120737,0.0005736573057578,1.3732435940096008e-05,0.0001890977140203
320,320,0.02,3700,100000.0,17.15,2.43,0.81,1.45381420065885,,3947.0,1.9160205524669147,3700.0,0.4938731287088558,0.0003646690633218,0.0004206130395301,5.433958928413435e-06,-7.124253185538987e-07,10442312010944.686,236342311038.988,3399688467445.624,7.491802620792505,14.354447796463935,78231740490728.45,1770629945246.0474,25469794970287.184,0.0016740961811286,3.789005346084257e-05,0.0005450330802615,0.0005913878118933,1.3384963218554818e-05,0.0001925372773552
321,321,0.02,3710,100000.0,17.15,2.43,0.81,1.45469620088515,,4010.0,1.96502122938974,3710.0,0.4353218535302403,0.0004272373113611,0.0004386820791319,4.220358988594173e-06,1.4473641038458046e-06,10709365700174.08,231872505067.9893,3444908599246.91,8.522429944450925,16.746755766832887,91269818929239.23,1976117180486.281,29358992202118.363,0.0017212318477685,3.726703817186904e-05,0.0005536729774368,0.0006057573376872,1.3115479971943986e-05,0.0001948554863171
322,322,0.02,3720,100000.0,17.15,2.43,0.81,1.455899680618,,3725.0,1.8491669118733376,3720.0,0.5439758595116473,0.0003585775407283,0.0003566933317596,3.251111657252018e-06,4.778397567733768e-06,10077959669709.691,218201695601.05383,3202538465862.0664,6.8385387604141465,12.64559960132115,68918517827200.27,1492180752955.8958,21900683430515.0,0.001623996712607,3.5161763685803985e-05,0.0005160679453986,0.0005693344370023,1.2326874048858212e-05,0.0001809210886128
323,323,0.02,3730,100000.0,17.15,2.43,0.81,1.45678329258985,,3891.0,1.9153172227960256,3730.0,0.505049873756434,0.0003744344610045,0.0004204279438458,-2.951532160021549e-06,5.991910701016883e-06,10438478864238.34,226007432289.93103,3276434217524.7075,7.38540923148282,14.145401498455804,77092438166584.12,1669157376817.785,24197807516453.164,0.0016864889916361,3.65148075253325e-05,0.0005293558871499,0.0005889642741248,1.2751887036097996e-05,0.0001848643586618
324,324,0.02,3740,100000.0,17.15,2.43,0.81,1.45766707298689,,3734.0,1.819881941907698,3740.0,0.4526458284431101,0.0003820251391597,0.0004431637849141,2.3189987377572577e-06,4.199637050353879e-06,9918356583396.951,214746069145.1084,3074535666190.455,8.262530581279963,15.036830199331517,81950724586356.77,1774345963521.1191,25403444965134.6,0.0016066328900928,3.478581303320273e-05,0.0004980311084332,0.0005589192015709,1.210136986887501e-05,0.0001732562249904
325,325,0.02,3750,100000.0,17.15,2.43,0.81,1.45887898904736,,3871.0,1.932358979091471,3750.0,0.4991759253471173,0.0003709941327366,0.0004125747021417,-7.985150643291189e-07,4.845656307605668e-06,10531356436048.518,228018359532.7936,3224111106505.981,7.512381526397377,14.516617896894862,79115567538077.0,1712960911833.5938,24220752715568.14,0.0017101750989974,3.702764434526557e-05,0.0005235597678447,0.0005926680943671,1.2832079841344872e-05,0.0001814417541676
326,326,0.02,3760,100000.0,17.15,2.43,0.81,1.45976422504962,,3875.0,1.932073126448724,3760.0,0.4734479244407339,0.0003862222533854,0.0004150959504228,5.343277248560733e-06,-6.686826846146879e-06,10529798539145.545,227984628920.94937,3189447051745.551,7.941739325273303,15.344021127621566,83624915145537.53,1810594493059.3447,25329757076724.64,0.0017143550390855,3.711814580038331e-05,0.0005192734319397,0.0005917877919174,1.2813020081882367e-05,0.0001792508965079
327,327,0.02,3770,100000.0,17.15,2.43,0.81,1.4606509656109,,3778.0,1.8513596575947648,3770.0,0.5053949415460011,0.0003595122509241,0.0004613649496952,1.0982948574529732e-07,-1.2570797353461424e-06,10089910133891.469,218460439596.18225,3023447134543.479,7.459512729722987,13.81024093312374,75265813085524.38,1629608430108.6013,22553442387771.57,0.0016469230142003,3.565814966525552e-05,0.0004935013892118,0.0005662857795277,1.2260866419132789e-05,0.0001696878460487
328,328,0.02,3780,100000.0,17.15,2.43,0.81,1.46187118148225,,3754.0,1.8757948605035224,3780.0,0.4674477396833936,0.0003408349994076,0.000467687333448,-2.947718309579852e-06,-2.0897544997637862e-06,10223081989744.195,221343793539.41565,3028435490713.472,8.0864654572086,15.168550344271155,82668599376277.8,1789888940623.9966,24489338985039.062,0.0016727765431608,3.621791414550083e-05,0.0004955350897531,0.0005729720544408,1.2405633472296897e-05,0.0001697344212436
329,329,0.02,3790,100000.0,17.15,2.43,0.81,1.46276641926811,,3764.0,1.896540149453944,3790.0,0.4663460498295535,0.0004237447796147,0.0004403203004572,-1.1076510204586592e-06,-3.906053449883008e-07,10336143814523.994,223791737635.5654,3021658305026.83,8.127012121975131,15.41320478442473,84001966075114.77,1818758164562.1184,24557053673419.875,0.0016955625433673,3.6711262406853314e-05,0.0004956791171635,0.0005785128137195,1.252559853557952e-05,0.0001691218775114
330,330,0.02,3800,100000.0,17.15,2.43,0.81,1.46375114566509,,3698.0,1.8435460118878328,3800.0,0.4542982117163774,0.0003111343554091,0.000433303539515,3.461169314923608e-06,1.6425088201749004e-06,10047325764788.688,217538429402.76425,2898080698636.0894,8.364549764885219,15.420432360291452,84041356363588.42,1819611018514.391,24241140226394.89,0.0016523494876156,3.577564028231998e-05,0.0004766086289589,0.0005615760601403,1.215889451313008e-05,0.0001619826786558
331,331,0.02,3810,100000.0,17.15,2.43,0.81,1.46474671629238,,3659.0,1.8148336213867469,3810.0,0.4599146166719947,0.0003810196486563,0.0004802516341303,2.886103200509898e-06,-7.047070390351239e-06,9890843236557.771,214150367323.6361,2814408972062.9536,8.2841463651877,15.034347348031451,81937193046771.42,1774052987067.7114,23314975856066.973,0.0016307143314154,3.530720937743646e-05,0.0004640147392331,0.0005520568216493,1.1952789899931412e-05,0.0001570860678688
332,332,0.02,3820,100000.0,17.15,2.43,0.81,1.46574158875061,,3624.0,1.8355996748053127,3820.0,0.544724056198902,0.0003808052703623,0.0003962230084693,-1.174253594487493e-06,-1.03417558085177e-06,10004018227688.955,216600761627.02692,2807635816548.2344,7.0127249871357895,12.87255570588555,70155428597076.24,1518961573294.4949,19689177845485.2,0.0016532740878968,3.5795659150793143e-05,0.0004639927115389,0.0005575940688959,1.2072678922883776e-05,0.0001564892269582
333,333,0.02,3830,100000.0,17.15,2.43,0.81,1.46673863640263,,3601.0,1.8201699165217944,3830.0,0.4720406142005231,0.0003579783280443,0.0004222667970404,2.14781250441236e-06,-9.165524382197422e-06,9919926045043.775,214780050149.5717,2745386159165.4727,8.113708619091437,14.768328339893824,80487389452421.33,1742662744107.471,22275263342355.23,0.0016434858757724,3.558373088828491e-05,0.0004548424409256,0.0005520808117119,1.195330931780066e-05,0.0001527909595628
334,334,0.02,3840,100000.0,17.15,2.43,0.81,1.46773784697341,,3717.0,1.846830128362337,3840.0,0.4613157933363254,0.0003715927875755,0.000415412598008,-3.341101341394993e-07,-1.625828718300832e-07,10065224199574.736,217925955146.75577,2750360278726.697,8.324015902920587,15.37304335848096,83783086303721.25,1814019116300.7537,22894042698882.12,0.0016716644166426,3.619383507593208e-05,0.0004567885741769,0.000559331384631,1.2110294199351811e-05,0.0001528393995435
335,335,0.02,3850,100000.0,17.15,2.43,0.81,1.46873626454312,,3699.0,1.870105932558148,3850.0,0.5585394580757566,0.0003756891329797,0.0004185123143577,4.653979407243599e-06,-1.60185278718152e-06,10192077332441.906,220672500041.86148,2751932727493.017,6.892977647924405,12.89059839237414,70253761238439.055,1521090610300.1484,18969010779201.01,0.0016968892709698,3.673998788521769e-05,0.0004581720651637,0.0005655368776653,1.2244651663214108e-05,0.0001526989436488
336,336,0.02,3860,100000.0,17.15,2.43,0.81,1.46973531897488,,3731.0,1.904451848935404,3860.0,0.4952051142299751,0.0003757260361245,0.0004766413569267,1.0402143375511436e-05,-2.0333855493040406e-06,10379262576697.95,224725318174.3776,2768775682367.2144,7.794749870469635,14.844725802804897,80903755625286.69,1751677644730.9778,21581913891491.32,0.0017320930560851,3.7502198278540784e-05,0.0004620537439771,0.0005750666291774,1.245098389778698e-05,0.0001534049733149
337,337,0.02,3870,100000.0,17.15,2.43,0.81,1.47073646321198,,3690.0,1.867108967385101,3870.0,0.5400005180076732,0.0003556021345942,0.0004150309560909,2.618499054544141e-06,1.923115873190445e-06,10175743872248.8,220318858151.4419,2681447355510.904,7.166659791880067,13.380934763617512,72926094461715.45,1578950302106.8667,19217020946783.13,0.0017022767449755,3.685663411139754e-05,0.0004485731493901,0.0005629437939499,1.2188507832309886e-05,0.0001483433709161
338,338,0.02,3880,100000.0,17.15,2.43,0.81,1.47173670547976,,3676.0,1.833144829151268,3880.0,0.4923913397187789,0.000430020508077,0.0004207045799805,4.908001326292228e-06,-6.080981762932534e-06,9990639318874.41,216311089839.8496,2600233155072.575,7.879911133725457,14.445018348960328,78725350001833.8,1704512165177.3186,20489606188938.46,0.0016753812384718,3.6274309383426266e-05,0.0004360463534531,0.0005518745031996,1.1948842454598917e-05,0.0001436346899189
339,339,0.02,3890,100000.0,17.15,2.43,0.81,1.47273898751857,,3668.0,1.8780342994962,3890.0,0.5021847416701348,0.0003506668038233,0.0004254548877907,-3.253442098102761e-06,-2.033219830553004e-06,10235286932254.29,221608047340.5516,2630675918813.4067,7.74615331215138,14.547541609376385,79284101771101.3,1716609909906.413,20377618981713.348,0.0017205760097046,3.725283837525592e-05,0.0004422228614768,0.0005645077135598,1.2222368844049209e-05,0.0001450899088492
340,340,0.02,3900,100000.0,17.15,2.43,0.81,1.47374179461199,,3636.0,1.8656712798023527,3900.0,0.55743415525194,0.0003646833886462,0.0004488660133502,-3.792443952777793e-06,-2.7914050643073512e-06,10167908474922.822,220149211016.67764,2574027379988.978,6.996342013232652,13.05287435776273,71138165249806.88,1540239174216.0022,18008775901828.055,0.0017131352155633,3.709173494247256e-05,0.0004336837768906,0.0005599191873677,1.21230209375029e-05,0.0001417447179447
341,341,0.02,3910,100000.0,17.15,2.43,0.81,1.47474509520611,,3575.0,1.810174286205078,3910.0,0.5501429842124708,0.0003869561070859,0.0004285236652544,4.137000857883046e-06,1.0514006798455223e-06,9865449859817.676,213600565772.1992,2459023126375.472,7.10724322986171,12.865348940500793,70116151725729.33,1518111174979.0938,17476875467005.443,0.0016661285970803,3.607397696430748e-05,0.0004152926435137,0.0005423869909927,1.1743424759109197e-05,0.0001351932424013
342,342,0.02,3920,100000.0,17.15,2.43,0.81,1.47575037044348,,3533.0,1.7938446422477223,3920.0,0.5306278059606484,0.0003336318469479,0.0004768801456471,8.539851582040726e-07,-2.946701929328953e-06,9776453300250.086,211673667785.23123,2399584229270.472,7.387475658014629,13.251983628865007,72223310777314.3,1563734068206.071,17726870083091.402,0.0016550141450873,3.583333378354213e-05,0.0004062153952772,0.0005366281870564,1.1618738728928125e-05,0.0001317128507747
343,343,0.02,3930,100000.0,17.15,2.43,0.81,1.47675608714604,,3520.0,1.818985680514008,3930.0,0.5687648717839693,0.0003372155316145,0.0004492544505242,-3.093817257272133e-06,-4.953435647784724e-07,9913471958801.342,214640310300.6529,2401028725513.663,6.909709433483982,12.568662516019918,68499210712308.56,1483102176890.3506,16590410834747.78,0.0016821784927755,3.642147929312188e-05,0.0004074212243077,0.0005432724101558,1.1762595302457454e-05,0.0001315798004961
344,344,0.02,3940,100000.0,17.15,2.43,0.81,1.47776221296867,,3343.0,1.722883464360242,3940.0,0.5397646388237263,0.000376597037127,0.0004890779797944,2.284529691349805e-06,-4.983861216779538e-06,9389714880763.318,203300248794.5085,2243689907962.5303,7.299477803114676,12.5761496054509,68540015349707.41,1483985653443.2063,16377764680244.898,0.0015968842137194,3.457474077410984e-05,0.0003815784653746,0.0005137420532121,1.112322243651939e-05,0.0001227596231329
345,345,0.02,3950,100000.0,17.15,2.43,0.81,1.47877024617299,,3581.0,1.815743461873144,3950.0,0.4926891916948079,0.00034782264328,0.0004505177370494,6.558285411756185e-06,-2.2717995280518075e-06,9895801867208.633,214257728501.0309,2334454972251.4263,8.017224787116486,14.557223489574069,79336868018178.66,1717752371769.74,18715850267941.46,0.0016868487965037,3.652259779586148e-05,0.0003979336503778,0.000540547433616,1.1703595810402085e-05,0.0001275170684574
346,346,0.02,3960,100000.0,17.15,2.43,0.81,1.47977863496802,,3502.0,1.8016261298650005,3960.0,0.4814584047335302,0.0003392085480273,0.0004188747154216,7.350935901244745e-07,-7.297736926770019e-06,9818862407764.254,212591883324.07007,2290801094708.867,8.22500959806012,14.81839221025554,80760237545892.7,1748570280810.1536,18841860991227.062,0.0016775971333278,3.632228655645653e-05,0.0003913937470464,0.000535470139869,1.159366541367789e-05,0.0001249284827156
347,347,0.02,3970,100000.0,17.15,2.43,0.81,1.48078734621102,,3439.0,1.7907380716034382,3970.0,0.5272914036645489,0.0003622501644752,0.0004512680073944,4.82383233264986e-06,1.622052301444202e-06,9759522490238.738,211307092449.2057,2251607271771.7446,7.529043660506224,13.482545125633008,73479870934699.89,1590940324824.6948,16952449455482.77,0.0016711107013944,3.618184637881575e-05,0.0003855398674431,0.0005313299954942,1.1504025590518654e-05,0.0001225824811369
348,348,0.02,3980,100000.0,17.15,2.43,0.81,1.48179634647912,,3295.0,1.7059837495104535,3980.0,0.5484358664439242,0.0003786945629569,0.00043387919834,2.825588733408406e-07,-1.940050520732553e-06,9297611434831.973,201306082442.23355,2117993665036.9875,7.257001672422426,12.380326923322844,67472781732109.5,1460878576952.0957,15370283569353.52,0.0015956726497362,3.454850874658291e-05,0.0003634938486408,0.0005053241935743,1.09409641911504e-05,0.0001151127306493
349,349,0.02,3990,100000.0,17.15,2.43,0.81,1.4828071570477,,3399.0,1.7282687662915863,3990.0,0.5362749908267688,0.0003416285298604,0.0003955180234977,3.774050991425085e-06,1.642791745995579e-07,9419064776289.145,203935714422.4072,2115079814296.3203,7.440212704770484,12.858687232220673,70079845415602.66,1517325093402.0393,15736643705931.08,0.0016202170091882,3.5079927905360595e-05,0.0003638246866653,0.0005110446951488,1.1064820922489672e-05,0.0001147566498994
350,350,0.02,4000,100000.0,17.15,2.43,0.81,1.48319437300648,,3473.0,1.805153308475224,4000.0,0.5415432470545056,0.0003735817436125,0.0004285325617589,1.0622690299763232e-06,-2.9246288405795246e-06,9838085531189.969,213008090400.07635,2177230878560.696,7.386298364454363,13.333400929979923,72667035068390.6,1573341309737.631,16081676877352.404,0.0016960947058776,3.672278445753337e-05,0.000375356542174,0.0005328627736566,1.1537212347060632e-05,0.0001179259197495
351,351,0.02,4010,100000.0,17.15,2.43,0.81,1.48420475439885,,3416.0,1.7913840039687523,4010.0,0.5157111750399963,0.0003097319152411,0.0004818814775423,3.821646648033685e-07,2.1159944363161426e-07,9763042821629.7,211383312468.3128,2128926115021.9287,7.77567016981744,13.929211162347954,75914200834796.36,1643646917157.0588,16553827286321.35,0.0016868006441363,3.652155523084146e-05,0.0003678232296781,0.0005278761403318,1.142924487323906e-05,0.0001151085088103
352,352,0.02,4020,100000.0,17.15,2.43,0.81,1.48521530770648,,3384.0,1.7616179317563327,4020.0,0.5653165688763693,0.0004258676466429,0.0005027998017986,9.965700194859304e-07,-7.312181233280333e-06,9600817728072.014,207870915947.24728,2062380899966.725,7.111059928758509,12.526970684294902,68271990229407.21,1478182540746.7983,14665714175590.293,0.0016624760879096,3.599489511437474e-05,0.0003571215522956,0.0005182012245818,1.1219769633147334e-05,0.0001113163834776
353,353,0.02,4030,100000.0,17.15,2.43,0.81,1.48622757457007,,3376.0,1.7244906513528755,4030.0,0.5317130601347344,0.0003759343061948,0.0004195783765076,2.30150208079058e-06,-2.95589121750738e-06,9398474049873.174,203489896859.6393,1988401315462.976,7.579275933111011,13.070390490673782,71233628174172.12,1542306077899.5063,15070642235654.81,0.0016310011711685,3.531341985282416e-05,0.0003450650453535,0.0005063901210885,1.096404298870617e-05,0.0001071351346576
354,354,0.02,4040,100000.0,17.15,2.43,0.81,1.48723995589556,,3429.0,1.7974779784745836,4040.0,0.5579910146871043,0.0003554843696143,0.0004530871647025,-1.4753390871406385e-06,1.5109178777342115e-06,9796254982686.48,212102401460.00085,2046021938846.4504,7.240259956991325,13.014207831123244,70927432679621.67,1535676524072.5427,14813730714955.707,0.0017038062265086,3.688974949138083e-05,0.0003558528157077,0.0005268985000611,1.1408077616002369e-05,0.0001100467364901
355,355,0.02,4050,100000.0,17.15,2.43,0.81,1.48825400503234,,3378.0,1.784046629291864,4050.0,0.5400734590680258,0.0003352465857281,0.0004265641549128,1.5963857157819525e-06,-2.149859190256886e-06,9723054129640.658,210517502256.44,2005478655700.18,7.498979873939473,13.378529767229244,72912987231399.38,1578666512533.0508,15039044076710.838,0.0016946297403284,3.669106593738694e-05,0.0003495345935782,0.000522006739376,1.1302164265390332e-05,0.0001076691911812
356,356,0.02,4060,100000.0,17.15,2.43,0.81,1.48926811018473,,3320.0,1.7394272820333818,4060.0,0.5196498163036267,0.0003900197509818,0.0004059917988424,-1.2445023427324757e-06,8.52225891888835e-07,9479878687081.93,205252419279.93903,1930681612442.3933,7.812953786608823,13.590064969693405,74065854084829.03,1603627666423.8215,15084326214667.824,0.0016558330267791,3.585106369907251e-05,0.0003372286169055,0.0005080239163937,1.0999416905405544e-05,0.0001034646609348
357,357,0.02,4070,100000.0,17.15,2.43,0.81,1.49028223560492,,3282.0,1.686649211338319,4070.0,0.5235298023380892,0.000373214147645,0.0004377760168903,-3.265145257952254e-06,-3.5891620730969995e-06,9192238201793.838,199024606937.92163,1842256007661.0056,7.774151503550209,13.112266502287568,71461852437467.25,1547247447269.933,14321977311882.217,0.0016090665181914,3.483850443056708e-05,0.0003224799439255,0.000491706845139,1.0646129858056043e-05,9.854508440486697e-05
358,358,0.02,4080,100000.0,17.15,2.43,0.81,1.4912979522915,,3189.0,1.68230366967574,4080.0,0.5888739525717028,0.0003877424378755,0.00046330817906,-6.993873320007602e-07,5.2398060049978925e-06,9168554999732.78,198511833021.7373,1807741992810.378,6.9284776176327965,11.655803321409882,63524128101683.84,1375384791926.366,12524899935641.611,0.0016083247531683,3.482244419703959e-05,0.000317109533014,0.0004895431100621,1.0599282016025444e-05,9.652204053705406e-05
359,359,0.02,4090,100000.0,17.15,2.43,0.81,1.49231524247742,,3320.0,1.7641342251767365,4090.0,0.5643121705879821,0.000383618126969,0.0004836883244155,1.0122138222313389e-06,1.0723889349415527e-06,9614531527213.213,208167838570.8549,1865563333882.275,7.247761457525266,12.78602404313715,69683831035097.46,1508750837090.183,13521158027884.293,0.0016899975114846,3.659077180829044e-05,0.0003279200221928,0.000512414275135,1.109447421393232e-05,9.94267147332158e-05
360,360,0.02,4100,100000.0,17.15,2.43,0.81,1.49333246877473,,3134.0,1.652506823680368,4100.0,0.5465331660398078,0.0003937475863827,0.0004815092480879,4.003791371468352e-06,-3.219535368389058e-06,9006162189058.004,194995805194.2834,1724125636139.3962,7.501832010870806,12.396828588067825,67562715804969.625,1462825773392.003,12934100887953.514,0.0015863993037693,3.4347728044914755e-05,0.0003036978072752,0.0004791123435469,1.037344156670444e-05,9.172051943542772e-05
361,361,0.02,4110,100000.0,17.15,2.43,0.81,1.49435122001166,,3201.0,1.656793026543705,4110.0,0.5537666780064683,0.0003663174355942,0.0004835951290646,3.2325320962520823e-08,-2.0288742769901e-06,9029521994663.191,195501577132.1572,1705144661577.8655,7.4218983612300224,12.296549448602052,67016194494881.18,1450992834935.042,12655410369424.88,0.0015938582111708,3.450922365470863e-05,0.0003009859017671,0.0004794495858176,1.0380743325961056e-05,9.053977632879692e-05
362,362,0.02,4120,100000.0,17.15,2.43,0.81,1.49536984590391,,3216.0,1.7042582531317831,4120.0,0.5097178467067351,0.000392205547805,0.0004617443223703,7.769573604382365e-08,-7.301955599013973e-07,9288207479568.217,201102473869.5504,1729446613686.4294,8.082903172057131,13.775354440243436,75075681699326.72,1625491823948.725,13978949519669.504,0.0016429577267217,3.5572295734526865e-05,0.0003059156121522,0.0004922573736031,1.0658049556912034e-05,9.165738919084771e-05
363,363,0.02,4130,100000.0,17.15,2.43,0.81,1.49639158535862,,3096.0,1.6551328984239213,4130.0,0.5354445433076762,0.0003823558516537,0.0004312384821682,2.416121456748386e-06,5.09767374271967e-06,9020474296410.371,195305682014.0227,1654994300454.229,7.713217085913651,12.766399351581171,69576876466117.39,1506435123486.5784,12765330315353.27,0.0015987559159033,3.461526570212691e-05,0.0002933251447421,0.000477145018879,1.0330846280317096e-05,8.754221350081347e-05
364,364,0.02,4140,100000.0,17.15,2.43,0.81,1.49741314953109,,3127.0,1.661264003893888,4140.0,0.5433351344108814,0.0003343733587835,0.0004389526471517,4.142179220285206e-06,3.59138235857816e-08,9053888821221.688,196029152459.4788,1636432861045.4038,7.619606643860518,12.658178241276191,68987071414955.24,1493665032470.5908,12468974700253.236,0.0016080231117785,3.481591324584813e-05,0.0002906399574144,0.0004779896535256,1.0349133782757462e-05,8.639359193760844e-05
365,365,0.02,4150,100000.0,17.15,2.43,0.81,1.49843450056669,,3171.0,1.6561350162390918,4150.0,0.5615040936036166,0.000417184060618,0.0003853599498121,-3.7506417126188345e-06,8.183319163399877e-07,9025935838503.05,195423931916.2129,1607380702399.6687,7.390863303179434,12.24026751663198,66709457965644.3,1444351566962.5735,11879931047604.494,0.0016063304836566,3.4779265517704645e-05,0.0002860628157904,0.0004755936842703,1.029725775117373e-05,8.469593889845844e-05
366,366,0.02,4160,100000.0,17.15,2.43,0.81,1.49945725730592,,3050.0,1.6208142547350624,4160.0,0.5241415344517009,0.000385936046569,0.0004024356563568,6.630098309267388e-07,3.4736065797726888e-06,8833437688306.09,191256082058.73737,1550156097713.224,7.936787540319112,12.86405838215285,70109118182733.04,1517958889094.0364,12303259601880.012,0.0015750946589155,3.410296692697829e-05,0.0002764091032447,0.0004645534653511,1.0058221818612634e-05,8.152323166113016e-05
367,367,0.02,4170,100000.0,17.15,2.43,0.81,1.50047973695248,,3142.0,1.6896284300649589,4170.0,0.5244312090526364,0.0003099582374208,0.0004158550660523,2.810856268916476e-06,2.587970360881851e-06,9208474943854.023,199376154747.6652,1592052626808.2136,7.951471857544357,13.435032911368374,73220929366957.64,1585333883541.4685,12659161657795.08,0.001645299549698,3.562299942465536e-05,0.0002844557308299,0.0004833337677857,1.0464841210773945e-05,8.356354329247394e-05
368,368,0.02,4180,100000.0,17.15,2.43,0.81,1.50150524007057,,3057.0,1.6376697572522647,4180.0,0.5205542533913103,0.0003645191022808,0.000407008249833,1.037020040335907e-06,-3.5428976321413303e-06,8925300177024.842,193245031355.76724,1519912046967.5935,8.029902690772591,13.150328790356856,71669291907444.86,1551738797262.109,12204745835682.754,0.0015978707776937,3.459610124181008e-05,0.0002721054750366,0.0004675600304375,1.0123318090206831e-05,7.962198568646995e-05
369,369,0.02,4190,100000.0,17.15,2.43,0.81,1.50253041380156,,3116.0,1.6447380502378286,4190.0,0.5204215781996027,0.0003759385932075,0.0004353561045966,9.94344103050576e-06,-6.889904448772677e-06,8963822373796.166,194079089928.06372,1503189400663.711,8.05116500836744,13.242057438005292,72169213037128.86,1562562777684.6248,12102425903572.494,0.0016079445233755,3.481421169877399e-05,0.0002696444734847,0.0004686316601253,1.014652034766758e-05,7.858724938315533e-05
370,370,0.02,4200,100000.0,17.15,2.43,0.81,1.50355521895399,,3083.0,1.6384841461487378,4200.0,0.4590308370061393,0.0003290549447207,0.0003755168444996,3.645793326469638e-06,2.9580048103731144e-06,8929738596510.621,193341129245.55103,1474279557379.2869,9.149712092095957,14.991658204724622,81704537215749.19,1769015668157.5054,13489233493283.133,0.0016048122524254,3.4746393722239845e-05,0.000264950857364,0.0004659107489492,1.0087608876331824e-05,7.692080628289839e-05
371,371,0.02,4210,100000.0,17.15,2.43,0.81,1.50458299346498,,2981.0,1.6110937265246632,4210.0,0.5715482023242657,0.0003599056754685,0.0004359310662124,3.762907580253433e-07,-1.8375154162452466e-07,8780460809559.415,190109059729.91028,1427824753813.2202,7.365957906751445,11.867248573411995,64676504725095.37,1400335331662.6155,10517297034805.924,0.0015810903467335,3.4232781819184506e-05,0.0002571072275185,0.0004571930346578,9.89885836506928e-06,7.43459308473623e-05
372,372,0.02,4220,100000.0,17.15,2.43,0.81,1.50561034569257,,3005.0,1.62373269013299,4220.0,0.6058722976540594,0.0003290602627612,0.0003971365917799,-3.5505233113407445e-06,-2.434533377077915e-07,8849343161224.795,191600457435.6928,1417190277794.5986,6.965164138284357,11.309564703474289,61637127633934.87,1334528635009.966,9870962900020.184,0.001596620802692,3.456903756287333e-05,0.0002556930427124,0.0004598470783889,9.95632206420112e-06,7.364284522500915e-05
373,373,0.02,4230,100000.0,17.15,2.43,0.81,1.50664063868267,,2977.0,1.5898140158997065,4230.0,0.5911076219799725,0.0003412321537298,0.0004025832978725,4.19884503456299e-06,5.88932547812751e-07,8664486386653.399,187598053876.1653,1366233762721.0784,7.156057277406108,11.376800158201323,62003560862197.21,1342462418667.756,9776847060358.102,0.001566268251706,3.391186306446182e-05,0.000246972350289,0.0004493259134408,9.728524364406783e-06,7.085062010761013e-05
374,374,0.02,4240,100000.0,17.15,2.43,0.81,1.50767045479915,,2895.0,1.531875202427432,4240.0,0.5005810372276756,0.0003918151994879,0.0004484962082527,-5.315165105390629e-06,-2.860632541210733e-07,8348719853229.505,180761273886.43692,1296384762448.6038,8.47015704686303,12.975223540755442,70714968297117.17,1531076377809.1423,10980582531099.896,0.0015119046309969,3.273481586378809e-05,0.0002347677440801,0.0004320724467967,9.354963068259127e-06,6.709197890793655e-05
375,375,0.02,4250,100000.0,17.15,2.43,0.81,1.50870146793132,,3007.0,1.6300582331022784,4250.0,0.571431655303968,0.0003861009373668,0.0004175066568609,2.319343597057775e-07,-7.630674791366147e-06,8883817370407.416,192346871506.06885,1358130522107.658,7.437459861650909,12.1234926808518,66073035110642.29,1430572136340.5122,10101041245058.7,0.0016118761315239,3.489933642565619e-05,0.0002464186374847,0.0004588215403895,9.93411775522312e-06,7.014321796834862e-05
376,376,0.02,4260,100000.0,17.15,2.43,0.81,1.5097319357879,,2863.0,1.5595319061392012,4260.0,0.6071180394674229,0.0003770384952569,0.0004314267191553,-2.385760510751038e-06,-1.169078463750137e-05,8499448888458.647,184024764924.4257,1279194741919.386,7.016757406413033,10.942857052939674,59638570938521.234,1291257132246.8816,8975799179607.459,0.0015450688965466,3.345286785183623e-05,0.0002325379014925,0.0004380707601514,9.484834806949064e-06,6.593107627664086e-05
377,377,0.02,4270,100000.0,17.15,2.43,0.81,1.51076527197642,,2984.0,1.6128841425821825,4270.0,0.6074117695043242,0.000367137195394,0.0004619449270284,7.120649029771307e-06,3.221569190170702e-06,8790218577072.894,190320328824.6975,1302979068209.3992,7.029827564066655,11.33829740317024,61793720847277.8,1337919093574.088,9159718169100.32,0.0016008955728374,3.466159221923277e-05,0.0002373016556422,0.0004521019686814,9.788629780625289e-06,6.701533036102449e-05
378,378,0.02,4280,100000.0,17.15,2.43,0.81,1.51179800642081,,2820.0,1.4982859830056257,4280.0,0.5709832388447467,0.000400637034302,0.0004423686674705,-1.2625495829364577e-06,-3.465849787586458e-06,8165658607380.659,176797745994.66382,1191842164355.61,7.495841749504935,11.230914624111612,61208484701408.28,1325247925645.17,8933860254397.104,0.0014897360931232,3.225483651166041e-05,0.0002174387119174,0.0004190955967655,9.073996407034684e-06,6.117030200962892e-05
379,379,0.02,4290,100000.0,17.15,2.43,0.81,1.51283183788022,,2759.0,1.494491993672647,4290.0,0.5809690524447433,0.0003434431779262,0.0004161870672871,4.270141393950223e-06,1.1052862521523682e-06,8144981365515.926,176350055253.37234,1170312999788.2722,7.384214325956764,11.035649189705245,60144288083893.59,1302206604385.219,8641842018889.995,0.0014887078490516,3.223257361249421e-05,0.0002139052344561,0.0004171479900804,9.031828042107836e-06,5.993797821239371e-05
380,380,0.02,4300,100000.0,17.15,2.43,0.81,1.5138667440428,,2729.0,1.495944894100431,4300.0,0.6411817132720898,0.0004173197464227,0.0004668714203581,-3.0986723901348223e-06,-6.989477092426377e-07,8152899672847.349,176521497503.85086,1152921398942.416,6.7063671826449385,10.032355744840388,54676338809380.11,1183817977891.1658,7731914234036.512,0.0014928984928699,3.2323306818101804e-05,0.0002111144117976,0.0004166700570786,9.021480134914798e-06,5.892232756211624e-05
381,381,0.02,4310,100000.0,17.15,2.43,0.81,1.51490270238743,,2836.0,1.5506278718537012,4310.0,0.6424636813917459,0.0004043871881205,0.0004652310295057,6.686933561256785e-07,-3.1459611949216545e-06,8450921901602.672,182974088878.7368,1175858779764.1929,6.70855042056759,10.402465261867976,56693435677180.46,1227490900900.4211,7888307911515.17,0.0015502518827116,3.356508663485836e-05,0.0002157015895256,0.0004309814800993,9.331342137931502e-06,5.996663597074709e-05
382,382,0.02,4320,100000.0,17.15,2.43,0.81,1.51593969018288,,2668.0,1.4402821786598463,4320.0,0.5572649418782021,0.0003779344038069,0.0004830557403223,-6.98143806708994e-06,-9.260114190713191e-06,7849537873696.163,169953297081.86188,1074633809528.4584,7.752147453309912,11.165279823345582,60850775037233.41,1317503019154.7783,8330719749776.768,0.0014423502490019,3.122886777655505e-05,0.0001974636427901,0.000399461477621,8.648890708124654e-06,5.468790855755171e-05
383,383,0.02,4330,100000.0,17.15,2.43,0.81,1.51697768448707,,2675.0,1.4381966813778515,4330.0,0.5751367416032735,0.0003332852168916,0.0003898810852537,4.773002515248196e-06,2.105967792128634e-06,7838171913509.292,169707208402.58652,1055772977272.3044,7.528644384515452,10.827671369084122,59010808961508.47,1277665221551.9265,7948539296664.295,0.0014428344210355,3.12393507673753e-05,0.000194344498847,0.0003980201957816,8.61768497288802e-06,5.361185895791399e-05
384,384,0.02,4340,100000.0,17.15,2.43,0.81,1.51801666214643,,2685.0,1.4756116557152463,4340.0,0.5136699706008585,0.0004190799983008,0.000456763120921,4.826450517420818e-06,2.333821111994615e-06,8042083523648.092,174122175374.39905,1065484149125.346,8.44900470806838,12.467449826418694,67947601553981.88,1471159079517.4058,9002280592332.281,0.0014829501112503,3.210791066560418e-05,0.0001964739402214,0.0004074932747408,8.822790168701023e-06,5.398820142004743e-05
385,385,0.02,4350,100000.0,17.15,2.43,0.81,1.51905659979505,,2673.0,1.4751218721001198,4350.0,0.571330729571855,0.0003642044121252,0.0004314482218537,1.1703964053859396e-06,4.594412893677139e-06,8039414202945.653,174064380907.81415,1048159721086.1812,7.613803660201879,11.23128830903974,61210521284266.586,1325292020466.6897,7980482320882.147,0.0014849211744023,3.215058689531756e-05,0.0001936004943527,0.0004064621165349,8.800464174519146e-06,5.2993564946973126e-05
386,386,0.02,4360,100000.0,17.15,2.43,0.81,1.52009568747829,,2649.0,1.4508580765421062,4360.0,0.5652606859366642,0.0003742938327032,0.0004692917652979,4.287823031765097e-06,-4.314381156676599e-06,7907176517154.479,171201253031.96854,1014488644583.2168,7.713255332405207,11.190838795451562,60990071435211.01,1320518977863.2844,7825009947496.027,0.0014630251219721,3.167650722801992e-05,0.0001877057341214,0.0003988990549705,8.636713483766858e-06,5.117864268297222e-05
387,387,0.02,4370,100000.0,17.15,2.43,0.81,1.52113746751033,,2693.0,1.4509418511507566,4370.0,0.4944370757930301,0.0003840964719316,0.0004408944911621,2.0046008521333543e-06,5.958160627018746e-07,7907633088771.623,171211138435.78928,998116032651.3422,8.838333963914286,12.823908642690398,69890302102662.67,1513221219837.467,8821682831309.738,0.0014656348729489,3.173301192806862e-05,0.0001849951367597,0.0003980425690124,8.618169384122322e-06,5.02416671776497e-05
388,388,0.02,4380,100000.0,17.15,2.43,0.81,1.52218013613689,,2579.0,1.410449652039755,4380.0,0.6246811429646186,0.0003527971389229,0.0004056350787706,1.6590332318012e-06,7.727902830127933e-06,7686950603616.664,166433058940.69107,954288706233.5063,7.011577105102529,9.889476488141774,53897646860372.67,1166958225600.7292,6691068844284.767,0.0014271297893282,3.089932387903464e-05,0.0001771695839497,0.0003860829731451,8.359227675435638e-06,4.792988012282743e-05
389,389,0.02,4390,100000.0,17.15,2.43,0.81,1.52322186278456,,2644.0,1.466238917572365,4390.0,0.6293645430878314,0.0003966039240683,0.0004390321982896,1.3961422645156744e-06,2.212774792506644e-06,7991002100769.388,173016192273.53903,975430743991.4644,6.975289676252623,10.227441184662336,55739554456409.73,1206838059790.1555,6803911998463.077,0.0014859542968691,3.217295541845059e-05,0.0001813846983212,0.0004004661714055,8.670643711166246e-06,4.8883357880725386e-05
390,390,0.02,4400,100000.0,17.15,2.43,0.81,1.52426622902487,,2592.0,1.4365995516416503,4400.0,0.6293190250717089,0.0003888195126115,0.0003690197765189,8.957609863348303e-07,1.4021082976330409e-06,7829467556446.994,169518747093.71472,939539834928.7484,6.991684383764871,10.04425065093654,54741166047604.15,1185221576810.5117,6568965991796.354,0.0014583497192028,3.157527832402469e-05,0.0001750026607262,0.0003915046981982,8.47661548392445e-06,4.698075020645393e-05
391,391,0.02,4410,100000.0,17.15,2.43,0.81,1.52531141053088,,2489.0,1.3649170361839729,4410.0,0.6452628197075683,0.0004005641379971,0.000354750608389,1.5861691950157674e-06,4.2850129478273e-06,7438797847202.652,161060210269.7088,878168093138.6726,6.834424462885686,9.32842238190517,50839901981383.18,1100753841064.81,6001773498272.619,0.0013878900234423,3.004972894792528e-05,0.000163843776966,0.0003711224950647,8.035312737181797e-06,4.381190892752077e-05
392,392,0.02,4420,100000.0,17.15,2.43,0.81,1.5263117233302,,2560.0,1.377882338679326,4420.0,0.5721186673654302,0.0003556606675088,0.0003985676992904,8.803865993043014e-06,-4.881634996634393e-06,7509458745802.326,162590115964.16046,871880941264.8999,7.725669956468677,10.645064187483666,58015599821785.98,1256117574123.0728,6735864393547.868,0.0014033465363099,3.038438372193948e-05,0.0001629346588637,0.0003737964601662,8.093207761398153e-06,4.339940075087732e-05
393,393,0.02,4430,100000.0,17.15,2.43,0.81,1.52730880463685,,2446.0,1.353529901479232,4430.0,0.5547811817868933,0.0003603246109094,0.0004001667343668,-1.784823107833241e-06,8.589332372386501e-07,7376737963061.814,159716528374.54938,842101252677.6122,7.985130255736909,10.808112568346411,58904213497487.945,1275357283064.8767,6724288191149.953,0.0013806681344192,2.9893365112195584e-05,0.0001576119920957,0.0003663548440844,7.932086532469986e-06,4.182172047764457e-05
394,394,0.02,4440,100000.0,17.15,2.43,0.81,1.52830626747888,,2454.0,1.3704315469138917,4440.0,0.5902894759274204,0.0003237765436631,0.0004181727557894,2.636872026808047e-06,7.592792045532044e-06,7468851930680.71,161710922535.83923,838067163930.8129,7.521733286916883,10.308020583863216,56178712182054.53,1216346428895.8594,6303717683610.424,0.0014001609805114,3.031541205510964e-05,0.0001571096806945,0.0003700877510705,8.012909105748352e-06,4.152691669668519e-05
395,395,0.02,4450,100000.0,17.15,2.43,0.81,1.52930408515429,,2407.0,1.3396539151651603,4450.0,0.5842071945671705,0.000378033219424,0.0003872835694592,2.86055273795415e-06,-9.207526590968044e-07,7301113837650.125,158079161989.48895,805022835082.3524,7.61716055773146,10.204358963606587,55613756351655.91,1204114357705.5776,6131988187462.452,0.0013708613825032,2.9681035437685222e-05,0.0001511515559388,0.0003609498869188,7.815061771819995e-06,3.9798434560986405e-05
396,396,0.02,4460,100000.0,17.15,2.43,0.81,1.53030223075496,,2399.0,1.318684759964698,4460.0,0.5864875990591827,0.0003753134377551,0.0004582652091656,4.074169982628484e-06,1.8701630517508002e-07,7186831941807.604,155604801675.83435,778835010155.9625,7.604593868914763,10.028062040658876,54652938121590.88,1183311320797.7476,5922723943128.199,0.0013515630787994,2.926320060519825e-05,0.0001464685208623,0.0003544903960208,7.675204904671291e-06,3.841602717589599e-05
397,397,0.02,4470,100000.0,17.15,2.43,0.81,1.53129881834037,,2338.0,1.274550234105552,4470.0,0.5874878657596128,0.0003683465603766,0.0004675924881968,2.126586143751133e-06,6.130835961562452e-07,6946298775875.259,150396927624.45514,740139059001.6385,7.608667787921642,9.697629310326905,52852079741281.625,1144320258618.5745,5631472216808.403,0.0013082124492704,2.832459981906698e-05,0.0001393920938932,0.0003418327953385,7.401150431182667e-06,3.642282194316837e-05
398,398,0.02,4480,100000.0,17.15,2.43,0.81,1.532297531686,,2320.0,1.295256918561874,4480.0,0.6516945676839896,0.0003809245520347,0.000465166056609,2.2111970163103303e-06,3.1078640495193462e-06,7059150206162.212,152840316390.30112,739328937343.2917,6.874385981029656,8.904096002793418,48527323215224.12,1050683328329.6232,5082432482242.277,0.001331528175696,2.8829417382042863e-05,0.0001394554985273,0.000346583833608,7.5040169478442016e-06,3.62989099138489e-05
399,399,0.02,4490,100000.0,17.15,2.43,0.81,1.53329649098086,,2352.0,1.3217784724395962,4490.0,0.6321214048766706,0.0003949569350038,0.0004443463860298,3.494224180064205e-06,2.5688028394813613e-06,7203692674795.8,155969859747.87238,741369947713.9607,7.103065906898086,9.388679604057527,51168303842113.53,1107864193278.7883,5265999600005.851,0.001360892642429,2.9465198496629364e-05,0.0001400566282751,0.0003528540900196,7.639776627948e-06,3.6314072528909926e-05
400,400,0.02,4500,100000.0,17.15,2.43,0.81,1.53429754702107,,2165.0,1.2108637290119757,4500.0,0.680057535186279,0.0003239695494536,0.0004487750298021,-3.6630649559587225e-06,-5.838883281162953e-06,6599207323115.268,142881920023.41312,667160808957.5782,6.617087183318064,8.012390861989863,43667530197844.75,945462121714.8036,4414661238165.303,0.0012485683053923,2.7033222025007595e-05,0.0001262266511534,0.0003224914638529,6.982383988008382e-06,3.260295598721501e-05
401,401,0.02,4510,100000.0,17.15,2.43,0.81,1.53529692139643,,2303.0,1.2711000776731087,4510.0,0.6035597468362539,0.0003921029782367,0.0003943328578579,-2.8808983788631624e-07,3.895607527251957e-06,6927495423318.442,149989809165.42682,687754542177.3721,7.472333971310325,9.498084291331963,51764559387759.2,1120773946377.1716,5139131629434.958,0.0013125417566063,2.8418335280651453e-05,0.0001303077807694,0.0003377354971488,7.312438286892628e-06,3.353002896787048e-05
402,402,0.02,4520,100000.0,17.15,2.43,0.81,1.53629834964715,,2301.0,1.2660026548884775,4520.0,0.6056594887504616,0.0003844337954453,0.0004162406567721,-4.375074841678106e-06,-9.007145438787567e-07,6899714469142.203,149388313276.84036,673160413862.0012,7.462939298326241,9.448100964952571,51492150258991.52,1114875913864.4036,5023755306688.285,0.0013092273964486,2.8346574822191124e-05,0.000127732830101,0.0003355892251528,7.265968544593403e-06,3.274126526566154e-05
403,403,0.02,4530,100000.0,17.15,2.43,0.81,1.53729992492241,,2231.0,1.254543828810332,4530.0,0.5797263362455851,0.0003494836015432,0.0004323210009417,5.333421199313124e-06,-6.405076210406086e-06,6837263867016.309,148036171799.61914,655524060215.5182,7.814031753908434,9.8030453149938,53426596966716.21,1156759347169.2683,5122285821975.043,0.0012992551593263,2.813066216523157e-05,0.0001245663519593,0.0003317574468237,7.183005270679471e-06,3.180731251250438e-05
404,404,0.02,4540,100000.0,17.15,2.43,0.81,1.5383035237109,,2156.0,1.21925995825357,4540.0,0.5764468225061137,0.0003643289917184,0.0004794796159871,4.733939210827181e-06,-1.756288856407277e-06,6644966772481.956,143872675073.92123,625868742055.5695,7.875834895337375,9.602690125701056,52334661185070.76,1133117434832.7246,4929238878582.16,0.0012645828756407,2.737995950928537e-05,0.0001191071258444,0.0003216585354894,6.96434994270728e-06,3.029601649957133e-05
405,405,0.02,4550,100000.0,17.15,2.43,0.81,1.53930531389456,,2215.0,1.2462723770226531,4550.0,0.5671696364061063,0.0003280321339553,0.0004477369018095,7.858594953810158e-06,4.62173890431549e-06,6792184454773.46,147060140488.67307,628267568320.3788,8.02229122988893,9.99795996024166,54488881783317.055,1179759275308.516,5040145403360.219,0.001294307715955,2.8023543207833463e-05,0.0001197216546128,0.0003280032381604,7.101721486775945e-06,3.033984106474429e-05
406,406,0.02,4560,100000.0,17.15,2.43,0.81,1.54030908324773,,2159.0,1.198883593021945,4560.0,0.6407357787229557,0.0003619064702681,0.000392813193698,4.378443981454055e-06,7.89413221209144e-06,6533915581969.601,141468263976.5895,593346947920.2262,7.1168181197692615,8.532236478312656,46500688806803.97,1006803904440.8934,4222742310268.454,0.0012468741553809,2.699654134586272e-05,0.0001132290378188,0.0003147828231561,6.815481308701661e-06,2.858552808561135e-05
407,407,0.02,4570,100000.0,17.15,2.43,0.81,1.54208371439964,,2113.0,1.169151358844394,4570.0,0.6743939752468577,0.0003830030441901,0.0004439976755309,-6.5991115680845336e-06,6.739697190657244e-07,6371874905701.947,137959860343.6385,567990001490.6276,6.776454369016538,7.9227008336827165,43178719543570.8,934878698374.5604,3848958327158.873,0.001217685227162,2.636456088167295e-05,0.0001085446660875,0.0003062356073504,6.630422324285387e-06,2.7297893579144977e-05
408,408,0.02,4580,100000.0,17.15,2.43,0.81,1.54309022742337,,2133.0,1.2065367990272506,4580.0,0.5670349509528023,0.0004085220149054,0.0003508524067597,-4.833455135372695e-06,-2.0014464304254241e-07,6575625554698.517,142371342285.21558,575904799799.6528,8.07710352299116,9.745322630041484,53112008333726.09,1149948070344.8953,4651642687369.295,0.0012582625431062,2.724311561220952e-05,0.0001102008367044,0.000315267343074,6.825971831695165e-06,2.7611665929897584e-05
409,409,0.02,4590,100000.0,17.15,2.43,0.81,1.54409867372624,,2058.0,1.171360211777618,4590.0,0.5529220532589534,0.0003823029579265,0.0004817085940116,2.5861890194823103e-06,3.852066438160054e-06,6383913154188.019,138220504989.75894,549165491174.06,8.301350928121394,9.723872181204603,52995103387565.086,1147416917382.1433,4558815459850.024,0.0012232591985478,2.648524503278021e-05,0.0001052288341615,0.0003053305953734,6.610827569554478e-06,2.626555567547948e-05
410,410,0.02,4600,100000.0,17.15,2.43,0.81,1.5451051452317,,2093.0,1.1861010621542087,4600.0,0.6714570965996245,0.0003651697634922,0.0004682703230671,-1.2251803320585056e-06,-5.139487695672696e-06,6464250788740.4375,139959925334.19662,546002401846.3464,6.8507727795196445,8.12570887036539,44285113343491.375,958833646703.116,3740538392121.296,0.0012403036395607,2.6854280636360688e-05,0.0001047621431084,0.0003084221549942,6.677764089784228e-06,2.6050851508239685e-05
411,411,0.02,4610,100000.0,17.15,2.43,0.81,1.54611350370685,,2037.0,1.1402921309281846,4610.0,0.685858973068207,0.0003688053841493,0.0004158933444359,1.4007157901241067e-06,-5.914006551858424e-06,6214592113558.606,134554471449.5258,515230074680.3388,6.721498414429211,7.664471750019899,41771371037608.46,904407666502.348,3463118130030.1406,0.0011940295769895,2.5852383501791453e-05,9.899281189840912e-05,0.0002957878808755,6.404214668497154e-06,2.45227376420298e-05
412,412,0.02,4620,100000.0,17.15,2.43,0.81,1.54712373924501,,2036.0,1.1287387541952183,4620.0,0.7068005860846824,0.0004080516315298,0.0004587417299387,-1.838002441746536e-06,-6.982361277569716e-06,6151626210363.941,133191172995.0358,500422991184.7446,6.536497126569266,7.377997623444419,40210087047772.086,870603719566.4415,3271013443948.2803,0.0011834027445552,2.562229795550851e-05,9.626754307810044e-05,0.0002920792066264,6.323916767325965e-06,2.3760083146250013e-05
413,413,0.02,4630,100000.0,17.15,2.43,0.81,1.54813190264418,,1942.0,1.103388065119108,4630.0,0.5017966775831155,0.00041613150909,0.0005137145153998,1.6647692970600432e-06,-4.580310162608964e-06,6013464954899.14,130199791684.05476,480002977072.9266,9.226844670036913,10.180790287626582,55485307067564.88,1201333253939.9368,4428912910607.183,0.0011583469036885,2.507980452022917e-05,9.246083022413432e-05,0.0002848134128503,6.166602333274355e-06,2.273419519425428e-05
414,414,0.02,4640,100000.0,17.15,2.43,0.81,1.54914387208222,,1848.0,1.0584281885305546,4640.0,0.6897853404207126,0.0003730366577306,0.000410654058147,8.128832203830449e-06,-1.961345932112851e-06,5768433627491.523,124894526246.60544,451829186108.5319,6.72673037262575,7.119761043031735,38802697684522.96,840131803077.7448,3039333109435.0337,0.0011126040700965,2.4089409224108348e-05,8.714791985417426e-05,0.0002725342946669,5.900742526734297e-06,2.134703396068827e-05
415,415,0.02,4650,100000.0,17.15,2.43,0.81,1.55015370800875,,1871.0,1.0684998948276117,4650.0,0.5730381857138127,0.0003232386816587,0.0003781180889682,3.385560274912101e-06,6.813229217181607e-06,5823324426810.483,126082987589.65816,447431631569.6921,8.114642472224892,8.670494628135968,47254195723341.02,1023118366120.0444,3630747720952.304,0.0011246141253264,2.434944344743453e-05,8.640905024361278e-05,0.0002744456218305,5.942125390091578e-06,2.1086864366929422e-05
416,416,0.02,4660,100000.0,17.15,2.43,0.81,1.55116533905378,,1913.0,1.0806627613898256,4660.0,0.5649604894269942,0.0003394111926632,0.0004360779864572,-7.31136725356672e-07,-4.452409063940453e-06,5889612049574.55,127518205843.99942,443982013885.348,8.248364420539144,8.91370027164942,48579666480489.34,1051816632054.6316,3662125446691.221,0.0011387624835697,2.4655774873619324e-05,8.584437421967058e-05,0.0002768832852825,5.994904158412091e-06,2.087254603125123e-05
417,417,0.02,4670,100000.0,17.15,2.43,0.81,1.5521767576442,,1919.0,1.06519573901136,4670.0,0.6122693457555215,0.0003291301501651,0.0004077435659883,4.294042051325856e-06,-1.8384706025188851e-06,5805316777611.912,125693097203.34048,429334181699.69885,7.627362095414664,8.124633603932459,44279253141431.9,958706765264.03,3274687263762.156,0.0011238735904226,2.433340984768346e-05,8.311645458157206e-05,0.0002722356704281,5.894276901012937e-06,2.0133281829422303e-05
418,418,0.02,4680,100000.0,17.15,2.43,0.81,1.55318993615132,,1860.0,1.0579479256310926,4680.0,0.656549137552247,0.0003208345871086,0.0003909754932921,5.059784345831527e-06,-5.381537270331463e-07,5765816194689.455,124837855224.46892,418176007554.243,7.128179343054234,7.541242549510631,41099771894832.95,889866620842.2545,2980833578809.0464,0.0011176223630088,2.4198062171567347e-05,8.105753668436942e-05,0.0002697066715325,5.839520594649147e-06,1.956095291696844e-05
419,419,0.02,4690,100000.0,17.15,2.43,0.81,1.55420084231418,,1872.0,1.0770385145736154,4690.0,0.6141000540628738,0.0003640398946338,0.0004627463205106,2.127483229865832e-07,-2.731586575768753e-06,5869859904426.204,127090544719.6866,417655493595.5487,7.637191967287827,8.22554989196123,44829246911188.695,970614887251.4248,3189715180781.5566,0.0011391623692009,2.466443294783793e-05,8.105430612327748e-05,0.0002738861690914,5.930012468402562e-06,1.948769902577012e-05
420,420,0.02,4700,100000.0,17.15,2.43,0.81,1.55521345874571,,1794.0,1.0320143197589366,4700.0,0.6191749601130141,0.000354191273615,0.0004400037814062,-1.62836456122528e-06,-3.837892315776573e-06,5624478042686.205,121777689731.55452,392526327847.5654,7.590746239386261,7.83375881670292,42693985551030.914,924383540370.9446,2979567746969.006,0.001092767351566,2.365991696968797e-05,7.626306875883746e-05,0.0002617813977252,5.667927510381679e-06,1.8269444732123464e-05
421,421,0.02,4710,100000.0,17.15,2.43,0.81,1.55622777412061,,1787.0,1.019327020093451,4710.0,0.6156709590968603,0.000305866647553,0.0004672187220525,-3.0495294165730108e-06,-2.179825423502939e-07,5555332259509.308,120280588371.0272,380129365327.9559,7.650190301178393,7.798045682847992,42499348971521.55,920169390576.0627,2908061983825.026,0.0010806234963284,2.3396985792065136e-05,7.394278229077279e-05,0.0002579077186401,5.584057027438589e-06,1.7647602847166012e-05
422,422,0.02,4720,100000.0,17.15,2.43,0.81,1.5572417456313,,1772.0,0.995546415160542,4720.0,0.7002546961412008,0.0003391611637664,0.0004748424835622,1.799552333634997e-06,-1.6921362697141957e-07,5425727962624.953,117474476988.94394,364214766626.4936,6.740404635641671,6.710385671744564,36571601911007.88,791825509265.8585,2454954901338.3667,0.0010566278813106,2.2877447705442257e-05,7.092863480321478e-05,0.0002512539228615,5.439993192230647e-06,1.6866011254040066e-05
423,423,0.02,4730,100000.0,17.15,2.43,0.81,1.55825737918479,,1667.0,0.9454407100267004,4730.0,0.6620322061753541,0.0003645242239962,0.000444560338848,5.53881345012511e-07,5.569684328685842e-06,5152651869645.518,111562003783.15063,339192239163.8049,7.144667519010629,6.754859532078114,36813984449825.72,797073424785.2173,2423415773854.1216,0.001004636742856,2.1751768010460928e-05,6.613390443919381e-05,0.0002379988761909,5.153003190922389e-06,1.5667150387013556e-05
424,424,0.02,4740,100000.0,17.15,2.43,0.81,1.55927261778023,,1638.0,0.9449993873011354,4740.0,0.5919620953936828,0.0003192921782174,0.0004376984760519,-9.026262983425004e-07,9.378753247275293e-08,5150246660791.188,111509927701.53398,332407350036.25714,8.007269446614949,7.566864721006228,41239412729483.945,892890037078.735,2661675217775.5625,0.0010052347222016,2.1764715086200232e-05,6.487988482480598e-05,0.0002372816956669,5.1374752456339485e-06,1.5314641193642868e-05
425,425,0.02,4750,100000.0,17.15,2.43,0.81,1.56028948085293,,1594.0,0.9232544060762856,4750.0,0.5779034364722975,0.0003683485671134,0.0004192608499495,2.566328973419462e-06,-8.975374099924115e-06,5031736513115.756,108944019917.0017,318550577186.6338,8.219366247405413,7.588566103071752,41357685261741.05,895450800162.4668,2618283862219.3306,0.0009832183078275,2.128802941718285e-05,6.224585859027358e-05,0.0002312293901472,5.006434502270215e-06,1.463873465987619e-05
426,426,0.02,4760,100000.0,17.15,2.43,0.81,1.56130589714653,,1739.0,1.0021024844467836,4760.0,0.6430333675671136,0.0003381403082571,0.0004411315066866,-2.2546752495245964e-06,4.055017442718064e-06,5461458540234.971,118248093164.72046,339017483011.44543,7.402415240144124,7.417978703055161,40427983931650.63,875321486960.5089,2509548182919.225,0.0010683512244727,2.313127421794229e-05,6.63174022881748e-05,0.0002503372939731,5.420146915381111e-06,1.553957036960477e-05
427,427,0.02,4770,100000.0,17.15,2.43,0.81,1.56314920192325,,1574.0,0.89610999735931,4770.0,0.689298397103812,0.0003572502925794,0.0004008631761497,1.284486778967154e-06,-1.6075939768552136e-06,4883799485608.239,105740979688.3986,297134195665.46027,6.9200799248073865,6.201152803145361,33796282777142.22,731736030771.1527,2056192382398.3416,0.0009563508962981,2.070631298407025e-05,5.818513949700072e-05,0.0002232813504233,4.834348504579816e-06,1.3584612689496811e-05
428,428,0.02,4780,100000.0,17.15,2.43,0.81,1.56416950654452,,1572.0,0.882946530167129,4780.0,0.6547343147558422,0.0003317851750757,0.0004032466667944,2.6500211262392663e-06,-2.998175700309997e-06,4812058589410.854,104187690559.72122,286832560095.6124,7.3006712681349475,6.446102364090605,35131257884293.8,760640078962.6914,2094070230255.628,0.0009433198219225,2.0424172291167945e-05,5.622850064760324e-05,0.0002194351205652,4.7510723351735454e-06,1.307987761103238e-05
429,429,0.02,4790,100000.0,17.15,2.43,0.81,1.56519136657115,,1547.0,0.8916428192019025,4790.0,0.4842682867056282,0.0003151121091788,0.0005039568908086,3.079967665689075e-06,7.487030178010642e-06,4859453364650.368,105213852665.8245,283662285997.524,9.891211403879712,8.819427621477313,48065880537051.35,1040692459334.323,2805763638109.298,0.0009536340142077,2.064748874798453e-05,5.5666755944808085e-05,0.0002210228854759,4.7854496304875104e-06,1.2901833240738462e-05
430,430,0.02,4800,100000.0,17.15,2.43,0.81,1.56621058572968,,1561.0,0.908680922499052,4800.0,0.661145165515336,0.0003137988039585,0.0004075779466396,9.98256104362812e-07,-4.350809061876022e-06,4952311027619.833,107224348854.88812,283144463569.96686,7.26013022610336,6.597141831318852,35954422980687.74,778462736095.6245,2055665678318.1384,0.0009728953904872,2.106452405091683e-05,5.562452396726877e-05,0.0002246649077316,4.864304424281889e-06,1.284503829179956e-05
431,431,0.02,4810,100000.0,17.15,2.43,0.81,1.5672334053583,,1479.0,0.8604636396158465,4810.0,0.6091102738837435,0.0003975471745225,0.0003916819343217,1.286649984168915e-06,-3.4463964013355565e-06,4689526835906.363,101534709474.66988,262638807399.7512,7.896763864006092,6.794878175609577,37032086057072.2,801795624721.93,2073996643560.0107,0.0009221419601216,1.996564243933212e-05,5.164492562559817e-05,0.0002121890635095,4.594185228281e-06,1.1883732524297926e-05
432,432,0.02,4820,100000.0,17.15,2.43,0.81,1.56825562177366,,1480.0,0.8540091387718363,4820.0,0.5753583122168493,0.0003280330006035,0.0004684118926284,7.498685879012558e-06,-6.298119720690505e-06,4654349806306.508,100773078375.07668,255228641296.8502,8.377388312039141,7.154366177521793,38991295667493.77,844215208947.5717,2138149436497.8635,0.0009161570854528,1.983606166668625e-05,5.023892441814092e-05,0.0002100499499648,4.547870476303538e-06,1.1518421598085152e-05
433,433,0.02,4830,100000.0,17.15,2.43,0.81,1.56927720053429,,1541.0,0.8764498115143694,4830.0,0.6209062719353824,0.0003802883491982,0.0004271724424739,7.169135426959744e-06,-1.1229617194065069e-05,4776651472753.313,103421077758.6956,256571866124.0224,7.778951861679144,6.81786089294804,37157341866566.81,804507585367.8687,1995860195639.956,0.0009411834625314,2.0377917170406424e-05,5.055449381731408e-05,0.0002150041960949,4.6551367227897936e-06,1.1548681776604483e-05
434,434,0.02,4840,100000.0,17.15,2.43,0.81,1.57030022715821,,1424.0,0.814208881266223,4840.0,0.6777356287002476,0.000312034090353,0.0004122425067718,8.086225899662729e-06,7.546523457423154e-07,4437438402900.915,96076647989.4143,233453065058.0864,7.141427711690601,5.814613867779207,31689645579396.68,686124436397.9464,1667188188184.9268,0.0008752266436574,1.894986127551833e-05,4.604556143218815e-05,0.0001992133892515,4.313244024162475e-06,1.0480590849663584e-05
435,435,0.02,4850,100000.0,17.15,2.43,0.81,1.57132468816069,,1425.0,0.8303033954715167,4850.0,0.6023547943004814,0.0004270961733037,0.0003782805855623,4.726259942121959e-06,-1.4188028536604104e-06,4525153505319.766,97975800665.63896,233072523671.5268,8.0517330415413,6.685381283821944,36435327996829.59,788874991490.9893,1876637739921.4487,0.0008933164736396,1.934153098889483e-05,4.601115182142879e-05,0.000202618662463,4.386972875347361e-06,1.0436075361355404e-05
436,436,0.02,4860,100000.0,17.15,2.43,0.81,1.57234843546247,,1333.0,0.7812033677645934,4860.0,0.6342951452843408,0.0003108862422256,0.0004174824336377,7.872017694245783e-06,3.374017303469054e-06,4257558354317.034,92181997396.22205,214833815749.8131,7.662048237530444,5.98561788713355,32621617484877.848,706302910681.7589,1646067059327.7957,0.0008412948819792,1.8215191940101363e-05,4.245123017119172e-05,0.0001901383247655,4.116756389418586e-06,9.594264700620006e-06
437,437,0.02,4870,100000.0,17.15,2.43,0.81,1.57337571707852,,1408.0,0.8225370850324422,4870.0,0.6302348354001879,0.0003381679206712,0.000420510336081,-3.864507068258106e-06,-7.85388471711055e-07,4482827113426.81,97059376033.82816,221543251459.59943,7.727278351580862,6.355973010543617,34640052907462.715,750004815244.1469,1711926370942.598,0.0008866513332148,1.9197221526486624e-05,4.381869170976079e-05,0.000199668488239,4.323097543525363e-06,9.867702898026153e-06
438,438,0.02,4880,100000.0,17.15,2.43,0.81,1.57440009418299,,1292.0,0.7472671904064946,4880.0,0.7773677201084865,0.0003675609379883,0.0003810098432209,2.360387024536981e-06,-7.2316154624823665e-06,4072606187715.396,88177528467.96635,197038675012.0196,6.277595369304716,4.691041054129156,25566173745003.9,553542844387.2404,1236929073829.3909,0.000806276832185,1.7457002972080165e-05,3.9008858550046096e-05,0.0001809178788721,3.917121047140322e-06,8.753072969953067e-06
439,439,0.02,4890,100000.0,17.15,2.43,0.81,1.57542797761448,,1341.0,0.7634536206614542,4890.0,0.6703407172517473,0.0003460854509458,0.0004359259861958,-1.0561505569352365e-05,-2.7309098579089816e-06,4160822232604.925,90087527238.0516,196983831972.4545,7.294797815725633,5.569239804409001,30352356934029.06,657170296920.2622,1436957227205.926,0.0008244188982935,1.7849803669474948e-05,3.903007258127958e-05,0.0001843445424243,3.991313028636501e-06,8.72733617057603e-06
440,440,0.02,4900,100000.0,17.15,2.43,0.81,1.57645288509541,,1341.0,0.7759499883232744,4900.0,0.5174098277766461,0.0003911077201091,0.000485576656476,5.5185379012254615e-06,3.363976247519797e-06,4228927436361.8457,91562098622.14638,195814481764.8268,9.470249185361856,7.34843974480003,40048996609160.16,867115889886.4034,1854411936415.4043,0.0008386970836006,1.815894603025253e-05,3.883467788329296e-05,0.0001868643646485,4.045870647436984e-06,8.652489141656435e-06
441,441,0.02,4910,100000.0,17.15,2.43,0.81,1.5774790998375,,1267.0,0.7443431131208322,4910.0,0.6596013235957798,0.0003704880590841,0.0004536376460579,8.660685836156743e-06,3.95617418347192e-06,4056669966508.536,87832487348.25821,183684525403.7476,7.443890459821107,5.540808598593706,30197406862335.69,653815414634.0573,1367327486269.7246,0.0008052507637634,1.7434787178730517e-05,3.646145868262226e-05,0.0001787740823259,3.870704901737128e-06,8.094824754699873e-06
442,442,0.02,4920,100000.0,17.15,2.43,0.81,1.57850660727466,,1280.0,0.7547351570914047,4920.0,0.6533333044808387,0.0003694872071991,0.0004083357137222,3.713321479123181e-06,-8.389085973465777e-06,4113306606148.156,89058748536.78575,182242606442.57816,7.530612577464733,5.6836180666473535,30975718463228.074,670666931864.3877,1372398464226.4343,0.0008172157829008,1.7693846308679385e-05,3.6207253327349536e-05,0.0001807872032659,3.914291740437661e-06,8.009889436739223e-06
443,443,0.02,4930,100000.0,17.15,2.43,0.81,1.57953539270924,,1246.0,0.7314327796946447,4930.0,0.7714909524438553,0.000314168833616,0.0004235929126333,8.094220208507569e-07,-7.886027130046426e-06,3986308649335.8135,86309068003.96808,172733175204.45126,6.390223999883883,4.674019303106499,25473405201930.41,551534277766.5669,1103803681767.632,0.0007925864677184,1.716058774142784e-05,3.434404840074433e-05,0.000174736169223,3.783278526296857e-06,7.571599689849837e-06
444,444,0.02,4940,100000.0,17.15,2.43,0.81,1.58056324910895,,1253.0,0.727674743875515,4940.0,0.712539815078344,0.0003758184558903,0.0004247857985042,3.1796960701615408e-06,-1.9572741936559344e-06,3965827354121.557,85865619777.31078,168087281833.09442,6.932945914688074,5.044929642773442,27494866553115.266,595301697847.2662,1165340033895.775,0.0007892033809141,1.7087339256489577e-05,3.344952749228517e-05,0.0001733740493355,3.753786756256373e-06,7.3482706358678e-06
445,445,0.02,4950,100000.0,17.15,2.43,0.81,1.58247310910813,,1189.0,0.6793669153644128,4950.0,0.7189070307122165,0.0003807121752896,0.000290266935242,4.970417873907152e-06,7.774247811208666e-06,3702549688736.05,80165296013.00072,153562643402.91434,6.88545220526786,4.67774842558192,25493728919421.46,551974314218.6665,1057348241665.3584,0.0007374214733894,1.596618969907389e-05,3.058443512594961e-05,0.0001614292647921,3.495165733114496e-06,6.695252382294002e-06
446,446,0.02,4960,100000.0,17.15,2.43,0.81,1.58350413155677,,1158.0,0.6755012183012588,4960.0,0.6892805306051741,0.0003637179532734,0.000353876590538,1.448410093825987e-05,2.812633478438025e-06,3681481639741.86,79709143759.54852,149342101233.5126,7.195909038146228,4.860845322052816,26491607005187.844,573579748002.2322,1074652176041.9824,0.0007337705079293,1.5887141272597908e-05,2.976595843760036e-05,0.0001600804271619,3.465961542221549e-06,6.493784214661145e-06
447,447,0.02,4970,100000.0,17.15,2.43,0.81,1.58453856906118,,1131.0,0.668784011195099,4970.0,0.6179158676168299,0.0003901906116086,0.0004196947852037,-7.133767639739217e-07,-1.4977260676376126e-06,3644872861013.2896,78916513321.02168,144543569515.57254,8.043166166242393,5.379140931368293,29316318075957.203,634738629901.4587,1162587947875.5583,0.0007270388054209,1.574139064948114e-05,2.883194781248609e-05,0.000158059716177,3.422210368602985e-06,6.268124141507304e-06
448,448,0.02,4980,100000.0,17.15,2.43,0.81,1.58557197542434,,1149.0,0.6813483213643735,4980.0,0.6469180148305895,0.0004069992697811,0.0004056564871017,-5.409079482070524e-06,8.737209381097846e-06,3713348351435.835,80399101920.99608,143883361616.5605,7.69803883310334,5.2450458367327215,28585499810193.33,618915408734.4612,1107619705161.7332,0.0007412990259887,1.605014404892984e-05,2.8723563137052607e-05,0.000160594587585,3.477093822942851e-06,6.22265592459987e-06
449,449,0.02,4990,100000.0,17.15,2.43,0.81,1.58660654670593,,1160.0,0.6845428187295399,4990.0,0.6077509760489193,0.0003085907218633,0.0004225874335002,3.3891713958334124e-06,-5.66329850531228e-06,3730758362075.9927,80776052610.08571,141166412074.3578,8.21059973023942,5.620507082798092,30631763601249.6,663219835770.1748,1159060904896.5889,0.0007453454979315,1.613775573503199e-05,2.820277795751573e-05,0.0001609094652929,3.4839113586359423e-06,6.088577624085699e-06
450,450,0.02,5000,100000.0,17.15,2.43,0.81,1.58764002600254,,1099.0,0.6415112834884945,5000.0,0.743939275664161,0.0003399027370863,0.0004507051562363,3.622977463689793e-06,-3.5250524971555947e-06,3496236495012.295,75698331451.64235,129285186410.40388,6.7209786652763945,4.311583649860248,23498130891738.355,508766870683.5093,868922979600.6061,0.000698967321631,1.5133604394946945e-05,2.584668417046825e-05,0.0001503861123781,3.2560662863527104e-06,5.561035873883962e-06
451,451,0.02,5010,100000.0,17.15,2.43,0.81,1.58867462374292,,1139.0,0.6541490653940666,5010.0,0.6128212311505195,0.0004437313635241,0.0003647660049803,8.455973547110306e-06,3.810512538512936e-06,3565112406397.663,77189589716.49986,128822591710.27518,8.175304224682545,5.347867617888251,29145878517490.97,631048378910.8136,1053163878243.5673,0.0007132753395369,1.5443392672543957e-05,2.577365518049028e-05,0.0001529323218125,3.311195224565341e-06,5.526091692595357e-06
452,452,0.02,5020,100000.0,17.15,2.43,0.81,1.58971032383046,,1089.0,0.6378393504654271,5020.0,0.6938118827656581,0.0003205259579325,0.0004116257274989,-1.1742924927942857e-06,-4.492552861492982e-06,3476224460036.577,75265043354.9204,122676214787.43666,7.235390636420615,4.615016863898157,25151841908244.96,544571989939.9826,887610335784.5433,0.0006960129213378,1.5069637562910189e-05,2.4562346768588385e-05,0.0001487154849213,3.219894902884295e-06,5.248180311761996e-06
453,453,0.02,5030,100000.0,17.15,2.43,0.81,1.59074484667151,,1031.0,0.6124699615668127,5030.0,0.7182324042223627,0.0002913238437009,0.0004096238212781,2.9894866753505395e-06,3.045395371433391e-06,3337961290539.129,72271455464.8839,115180336304.89545,7.003304181807323,4.2893134430722295,23376758264743.65,506138986282.5231,806642930906.0482,0.0006688002579884,1.4480445952776792e-05,2.307775073792576e-05,0.0001424093523046,3.0833584535685467e-06,4.914004586542861e-06
454,454,0.02,5040,100000.0,17.15,2.43,0.81,1.59178269516596,,1038.0,0.6187785878365972,5040.0,0.7872217972126236,0.0003799852942803,0.000369978287856,-2.206312120636396e-06,8.477783138716413e-07,3372343303709.455,73015873364.71848,113738969557.67912,6.402261748652683,3.961582483791571,21590624536664.062,467466733087.4054,728186654130.3011,0.0006761065467613,1.4638637159237192e-05,2.280303486755135e-05,0.0001434832110975,3.106608974221537e-06,4.839256003713468e-06
455,455,0.02,5050,100000.0,17.15,2.43,0.81,1.59281931861216,,1001.0,0.5942823695900796,5050.0,0.7317354378419623,0.0003686052293559,0.0004853970994576,1.162847669592184e-05,-2.896181784020016e-06,3238838914265.934,70125319611.6294,106712537856.33652,6.9014014339574485,4.1013811976646055,22352527527272.105,483962981324.42346,736466061782.9594,0.0006497906280954,1.406886130555379e-05,2.140915582244964e-05,0.0001374246933043,2.975433726589305e-06,4.527837961326392e-06
456,456,0.02,5060,100000.0,17.15,2.43,0.81,1.59385696366851,,1025.0,0.6024490545049499,5060.0,0.5538204360927921,0.000303898056965,0.000437064794857,5.432956891992785e-06,-5.238092267417548e-06,3283347347051.977,71088988431.58409,105620579912.37958,9.13653536460002,5.504297091854319,29998419150606.04,649507056838.8097,965006163599.0184,0.0006591727271356,1.4271996660917771e-05,2.1204642196933427e-05,0.0001389317959383,3.0080645726102744e-06,4.4692368196904125e-06
457,457,0.02,5070,100000.0,17.15,2.43,0.81,1.59489332028164,,970.0,0.5614971782130155,5070.0,0.8064938341212837,0.000342154459999,0.0004483615014247,9.733332903612115e-06,-3.037348776347253e-06,3060159621260.9346,66256667029.13583,96056448495.10384,6.286470876152481,3.5298356578779213,19237604335434.67,416520607629.5947,603856065931.1111,0.0006147837310811,1.3310913810563316e-05,1.929766715106403e-05,0.0001291329185792,2.7959053930915725e-06,4.053399520844967e-06
458,458,0.02,5080,100000.0,17.15,2.43,0.81,1.59593295038997,,931.0,0.5457350297352913,5080.0,0.6107187696652545,0.000289630266504,0.0003675958156687,4.453188290429092e-06,-1.6831296998552303e-05,2974255912057.3374,64396733508.76437,91095842772.05872,8.318067582537926,4.539460859496498,24740061684255.91,535656381420.58673,757741376666.2335,0.0005978570245277,1.294442732005113e-05,1.831123182298109e-05,0.000125164897594,2.709992278182377e-06,3.8335644843413724e-06
459,459,0.02,5090,100000.0,17.15,2.43,0.81,1.59697124291797,,939.0,0.5596586475988115,5090.0,0.5887605300831638,0.0003752188790935,0.0004815231976367,4.229117803186496e-06,3.195191503222724e-06,3050139629413.522,66039720416.659744,91241380459.56792,8.645280619067698,4.838406059379643,26369313023619.05,570931915006.7979,788807338144.0847,0.0006134965203424,1.3283043926680129e-05,1.835203506206296e-05,0.0001280038453706,2.771459404354439e-06,3.829086197602363e-06
460,460,0.02,5100,100000.0,17.15,2.43,0.81,1.59801278952994,,895.0,0.53635153956145,5100.0,0.580839937154451,0.0003047725369093,0.0004927161261217,-2.232322030580907e-06,6.801801906392674e-06,2923115890609.9023,63289481668.2511,85353705545.90298,8.780387975704672,4.709374608716045,25666091617502.44,555706203828.4933,749438649857.0839,0.0005883142162668,1.2737812388897292e-05,1.7178517808691325e-05,0.0001223352804062,2.648727172097576e-06,3.5721366830542426e-06
461,461,0.02,5110,100000.0,17.15,2.43,0.81,1.59905294879362,,925.0,0.5530157911675095,5110.0,0.6759970768716812,0.0003446662858455,0.0003909744034101,6.937861253307516e-06,-4.839019054491001e-06,3013936061862.9272,65255863357.76613,85941077348.34639,7.559204284798984,4.180359338154938,22782958392944.41,493282401902.2827,649646160131.861,0.0006069680360448,1.3141693257483814e-05,1.7307429840252766e-05,0.0001257858574242,2.7234369130379814e-06,3.586729074650789e-06
462,462,0.02,5120,100000.0,17.15,2.43,0.81,1.60009401134903,,884.0,0.52408500657512,5120.0,0.5728963413930614,0.0003636663140079,0.000432274460363,2.863691423165904e-06,-7.906142786793562e-06,2856263285834.4043,61842030775.86417,79590419712.45149,8.937044330829812,4.683770936885081,25526551606023.69,552684970552.4396,711303109279.5299,0.0005754969341418,1.2460300592428284e-05,1.603635167624097e-05,0.0001188752543277,2.5738128459951622e-06,3.312485733473097e-06
463,463,0.02,5130,100000.0,17.15,2.43,0.81,1.60113362100295,,888.0,0.5193774832606644,5130.0,0.7330330013719504,0.0003631526029829,0.0004111385897174,1.87657904105353e-07,-4.289530163137255e-06,2830607283770.6206,61286543024.75839,77037481982.68306,6.998320662778689,3.634770172885101,19809497442223.8,428902880400.4418,539133001967.8519,0.0005706737773245,1.2355872609963445e-05,1.5531391829130476e-05,0.0001174808577902,2.5436222420648286e-06,3.197345501518335e-06
464,464,0.02,5140,100000.0,17.15,2.43,0.81,1.60217408315186,,852.0,0.4974620534623457,5140.0,0.7860755556739605,0.0003775807130879,0.0004655742088951,6.338630622000495e-06,-1.3979596189967323e-06,2711168191369.784,58700522308.5568,72026370168.73451,6.538811648446566,3.2528106698397345,17727818150626.55,383831659041.0887,470966868254.6455,0.0005469002376871,1.1841142760933794e-05,1.4529249454319158e-05,0.0001122125819034,2.429556819194437e-06,2.9811005409020536e-06
465,465,0.02,5150,100000.0,17.15,2.43,0.81,1.60415791703261,,835.0,0.4981305935512942,5150.0,0.839376925679062,0.0003472429863523,0.0005170812196809,-1.2307757659630794e-06,-6.6920410362831706e-06,2714811734854.553,58779410039.05271,70360329169.76097,6.13550342217665,3.056281961424851,16656736689765.44,360641271448.1325,431696040406.544,0.0005479390384349,1.1863634226664217e-05,1.4201047761165813e-05,0.0001120517304155,2.426074163126138e-06,2.904067539881665e-06
466,466,0.02,5160,100000.0,17.15,2.43,0.81,1.60520308304591,,810.0,0.4875724070374307,5160.0,0.7614590753737502,0.0003727102360881,0.0003799967847442,4.07897456823566e-07,1.5333122471618896e-05,2657269618353.997,57533544030.41682,67143525477.04777,6.776463984577628,3.304016856162973,18006891866088.203,389873989027.2307,454995682192.7847,0.0005365756803672,1.1617601886849975e-05,1.3558120943488458e-05,0.0001093733636142,2.368083836051961e-06,2.7636312008465707e-06
467,467,0.02,5170,100000.0,17.15,2.43,0.81,1.6062490536883,,780.0,0.469719730456376,5170.0,0.6568536244967618,0.0003066582896375,0.000358626735155,7.376731538003609e-06,2.297870078284956e-06,2559972530987.249,55426928193.85236,63022741989.437614,7.8708555562297695,3.6970961503333166,20149174019316.57,436257345739.33136,496042898956.4002,0.0005171883546848,1.1197839606021636e-05,1.27324132750276e-05,0.0001050732249612,2.2749799165911733e-06,2.586747578957121e-06
468,468,0.02,5180,100000.0,17.15,2.43,0.81,1.60729581042874,,778.0,0.4657516736171213,5180.0,0.60943724725621,0.000381691658447,0.0003475035913383,-5.532414461598057e-06,-4.311508200531743e-06,2538346621213.311,54958697486.82031,60842092633.76804,8.499644587398029,3.9587236917313393,21575044119935.8,467129395624.298,517136163340.576,0.0005130949501392,1.1109211764483514e-05,1.2298466342382689e-05,0.0001038943443522,2.2494555290938243e-06,2.490262468638181e-06
469,469,0.02,5190,100000.0,17.15,2.43,0.81,1.60834333459219,,777.0,0.460002100468762,5190.0,0.7042337596540165,0.0003963105630562,0.0003462150336724,4.855405119316239e-06,1.51334412670979e-06,2507011447554.753,54280247855.31392,58463109942.39702,7.369712015155024,3.390083006821184,18475952387175.45,400029794804.8997,430856283785.8125,0.0005069679171873,1.0976553069377742e-05,1.1822411544511084e-05,0.0001023240743143,2.2154570218530046e-06,2.3861812087979937e-06
470,470,0.02,5200,100000.0,17.15,2.43,0.81,1.6093916073593,,789.0,0.4597418564772281,5200.0,0.7563185478975356,0.0003910820662416,0.0004067844872073,-1.788445315050884e-06,-4.912005375574817e-06,2505593117800.893,54249539064.31291,56961468423.97803,6.875409857996084,3.160913692156955,17226979622255.404,372987815674.5206,391633441528.1513,0.0005069267442065,1.0975661617683809e-05,1.1524333910501993e-05,0.0001019802322319,2.20801236759192e-06,2.3183906983474576e-06
471,471,0.02,5210,100000.0,17.15,2.43,0.81,1.61044060976595,,747.0,0.4440370211600657,5210.0,0.6349122641295253,0.0003569688409633,0.0003995902376924,-1.0598027836076262e-05,-6.749085384786892e-06,2420001765322.358,52396368496.88776,53601393773.9568,8.205858186001482,3.643704824974038,19858191296108.508,429957169346.9366,439845435881.1122,0.0004898446040884,1.0605809776594449e-05,1.0849724941542217e-05,9.82225292819556e-05,2.126652927572617e-06,2.1755622433667084e-06
472,472,0.02,5220,100000.0,17.15,2.43,0.81,1.61148790978604,,721.0,0.4348979743367703,5220.0,0.6788847753132359,0.0003922301382629,0.0004366414913881,6.103116746518612e-06,-4.8902787566059394e-06,2370193960135.3984,51317960971.7389,51135795540.14551,7.6890809601548415,3.34396573408277,18224613250751.098,394587956621.7668,393187271870.1037,0.0004799898093549,1.0392439908970364e-05,1.035554944673301e-05,9.593402384536048e-05,2.0771036355509235e-06,2.069730457173032e-06
473,473,0.02,5230,100000.0,17.15,2.43,0.81,1.61253830623567,,682.0,0.4132951671709847,5230.0,0.4632775318596032,0.0003623488598578,0.0004471133778569,6.820570045322108e-06,-8.96298623507278e-06,2252458661081.867,48768829726.1762,47425602552.11949,11.289129388612263,4.665742617881382,25428297267453.53,550557628910.003,535393763543.7768,0.0004563037667779,9.879604491706924e-06,9.607493118587984e-06,9.091200892313677e-05,1.9683701014550705e-06,1.914155796463124e-06
474,474,0.02,5240,100000.0,17.15,2.43,0.81,1.61358694609894,,719.0,0.4346541923848262,5240.0,0.7414886742080853,0.0003618538616838,0.0004258027954048,-2.05312450059494e-06,1.706254857121028e-06,2368865348497.303,51289194701.4095,48645968160.063416,7.066864514952106,3.0716422884394943,16740450471995.246,362453790035.8604,343774466185.8421,0.0004801069656748,1.039497650452072e-05,9.859263710561351e-06,9.53419201681278e-05,2.0642837761172623e-06,1.9578993866241413e-06
475,475,0.02,5250,100000.0,17.15,2.43,0.81,1.61463622269755,,702.0,0.4210021880590124,5250.0,0.7011901711102837,0.0003543923573653,0.0003725857480645,4.772194397494189e-06,-1.1834827773416244e-05,2294461924921.6177,49678258190.96346,45926128836.89471,7.487269811108456,3.1521569730648484,17179255503203.426,371954522821.65216,343861317981.55927,0.0004652200067918,1.0072653358061453e-05,9.311879938976152e-06,9.20858595961968e-05,1.993785583917656e-06,1.843197747557134e-06
476,476,0.02,5260,100000.0,17.15,2.43,0.81,1.61568611629009,,653.0,0.3866504470746917,5260.0,0.7197799083478458,0.000234225972474,0.0003904873103405,5.27540396743462e-06,-4.11819333208396e-07,2107244936557.0703,45624752754.81363,41084123706.51959,7.307789421454671,2.8255600469331514,15399302255785.678,333416085538.1119,300234124612.2389,0.0004274348207548,9.254552082399226e-06,8.33352817592209e-06,8.433331345202407e-05,1.825932291254833e-06,1.6442133623557596e-06
477,477,0.02,5270,100000.0,17.15,2.43,0.81,1.61673660698881,,687.0,0.403456341319299,5270.0,0.7245935187356736,0.000334244717877,0.0004627633573713,1.0878600301663457e-05,4.7919155557097005e-06,2198837060190.18,47607848275.67728,41727624371.563446,7.273043249400713,2.9343554196602373,15992237037148.293,346253939519.9081,303486816749.1282,0.0004461558538846,9.65988821254754e-06,8.466759187904987e-06,8.775112830573417e-05,1.899932686252593e-06,1.6652648740629488e-06
478,478,0.02,5280,100000.0,17.15,2.43,0.81,1.61778767475916,,660.0,0.3969046722514082,5280.0,0.6564072357441546,0.0003401625506255,0.0004324593040672,-1.8775690877025533e-06,-1.103882683852369e-05,2163130463770.175,46834751325.666176,39926329056.92266,8.04378701586703,3.192616649192837,17399760738100.965,376728764604.7548,321158887259.3091,0.0004390848768669,9.506791829412413e-06,8.104479859782508e-06,8.608378092223777e-05,1.863832320885148e-06,1.588905256123505e-06
479,479,0.02,5290,100000.0,17.15,2.43,0.81,1.61883929941956,,634.0,0.3854951319529769,5290.0,0.6969190384461399,0.0003682686647814,0.0004308518261773,-1.8408678430811485e-06,1.0354624346241412e-05,2100948469143.7244,45488425570.45128,37687210036.311485,7.590551711422112,2.926120733590562,15947357998068.562,345282246563.68634,286066716639.84875,0.0004266116605659,9.236729531519107e-06,7.652640458259507e-06,8.337427950092164e-05,1.805167886441973e-06,1.4955835563439614e-06
480,480,0.02,5300,100000.0,17.15,2.43,0.81,1.61989146064109,,628.0,0.3827448111092313,5300.0,0.608040473640358,0.0004060286033424,0.0003871421474674,-9.520118826544518e-07,-1.644654008203122e-05,2085959220545.3103,45163887710.8893,36334731732.378685,8.716525017271842,3.3362047212646,18182315730892.07,393672157109.2229,316712598141.13983,0.0004237310199129,9.17435969719719e-06,7.380850394188599e-06,8.25475160288293e-05,1.7872673195232766e-06,1.4378717572904683e-06
481,481,0.02,5310,100000.0,17.15,2.43,0.81,1.62094413794722,,626.0,0.3799771696977403,5310.0,0.6546297204149596,0.0003929319610529,0.0003419585684065,-2.615436378180912e-06,-6.217794083547789e-06,2070875574852.6848,44837306024.33336,35077413979.22856,8.111455735059009,3.0821679923362257,16797815558232.432,363695823095.6747,284528890792.85254,0.0004207736103297,9.110327709892211e-06,7.12725105279288e-06,8.171777753958619e-05,1.7693023393892051e-06,1.3841721574327226e-06
482,482,0.02,5320,100000.0,17.15,2.43,0.81,1.62199731071351,,558.0,0.3356126456333484,5320.0,0.7938344875719849,0.0003450964954585,0.0004481436159753,2.0768501499360082e-07,2.337948019970942e-06,1829088918701.749,39602292184.73512,30138655926.973103,6.701648874278194,2.2491581088022565,12257911692972.297,265400656838.6662,201978689565.2572,0.0003717689196244,8.04930871847375e-06,6.125790516983628e-06,7.197227170677934e-05,1.5582987268623784e-06,1.185916939889867e-06
483,483,0.02,5330,100000.0,17.15,2.43,0.81,1.6230534572135,,628.0,0.3725785250098201,5330.0,0.7786618498967073,0.0003558707505793,0.0004080682705205,4.31963190531497e-06,-2.345341634018838e-06,2030552961303.5195,43964265951.15877,32522113282.44644,6.8450765896737416,2.550328539359892,13899290539511.414,300938767644.4673,222616356276.3916,0.0004128514119209,8.938801212232586e-06,6.612386203751359e-06,7.967311377414387e-05,1.725032555109904e-06,1.2760750796002692e-06
484,484,0.02,5340,100000.0,17.15,2.43,0.81,1.62511154282261,,602.0,0.357041106902193,5340.0,0.691351631073303,0.0004023187505182,0.0004349499862672,1.5356990248405746e-05,-1.6451049041433798e-07,1945874032616.952,42130850614.45877,30311464325.69489,7.724000002299564,2.757785510533578,15029931032407.998,325418690242.96216,234125750521.37048,0.0003957441651962,8.568405778560023e-06,6.164625738550058e-06,7.613472072152498e-05,1.6484214761724673e-06,1.1859734147300442e-06
485,485,0.02,5350,100000.0,17.15,2.43,0.81,1.6261692650852,,558.0,0.3379603632057184,5350.0,0.7412769238990222,0.0004389618402453,0.0004971176105497,4.0571791694723474e-07,-6.479606517661854e-07,1841883979471.1653,39879322858.27478,27890253353.411667,7.217275794664808,2.4391531489207585,13293384661618.133,287820071572.64954,201291650434.647,0.0003746808363274,8.112355722319903e-06,5.673507977870641e-06,7.186171325960083e-05,1.5559049843363115e-06,1.088147468330736e-06
486,486,0.02,5360,100000.0,17.15,2.43,0.81,1.62722740485192,,529.0,0.3234312685063973,5360.0,0.8645741718501085,0.000256827213959,0.0004266982646484,-6.436778169377168e-06,-3.245634712487716e-05,1762700413359.8652,38164889683.75488,25925244433.352303,6.199583765647426,2.005139241535014,10928008866365.826,236606430501.13168,160725724509.45224,0.0003586832513894,7.765985993385579e-06,5.275400684053621e-06,6.857795847118167e-05,1.4848071742384291e-06,1.008623089114066e-06
487,487,0.02,5370,100000.0,17.15,2.43,0.81,1.62828594070926,,500.0,0.3061540240287663,5370.0,0.5765550477772194,0.000416318013131,0.0004438694933875,4.1484908013927016e-06,5.90890666569094e-06,1668539430956.776,36126174835.39442,23857768961.16027,9.31394152336858,2.8515006769479085,15540678689366.1,336477079879.8532,222209864982.2848,0.0003396108202665,7.353041613110261e-06,4.855957453749242e-06,6.472983858489121e-05,1.4014900831224155e-06,9.255457229236662e-07
488,488,0.02,5380,100000.0,17.15,2.43,0.81,1.62934485109385,,493.0,0.3005287815044665,5380.0,0.7362438725149332,0.0003800843542632,0.0004323432586952,2.071193387032542e-05,-1.2037765598212556e-05,1637881859199.3428,35462396217.527054,22749365225.337868,7.307361325293581,2.1960723951033434,11968594553313.225,259136542622.1945,166237831622.6126,0.0003334269247437,7.219151765094401e-06,4.631134317993574e-06,6.336014248160443e-05,1.3718342775833618e-06,8.800408979119382e-07
489,489,0.02,5390,100000.0,17.15,2.43,0.81,1.630404114292,,537.0,0.3243250201829176,5390.0,0.7881642958236625,0.0004146217802459,0.0004182844962387,-5.468532067152488e-06,1.35392561125835e-05,1767571359996.9011,38270352381.58428,23834259871.52647,6.8386756778512,2.2179536272435185,12087847268477.176,261718528014.7352,162994773282.99295,0.0003599168610166,7.792695339442438e-06,4.853185671456716e-06,6.818354075260796e-05,1.476267487854631e-06,9.193995026380844e-07
490,490,0.02,5400,100000.0,17.15,2.43,0.81,1.63146370843972,,484.0,0.288355547415495,5400.0,0.865959746703993,0.0003978971493904,0.0004839151656774,-8.363932208648489e-07,6.769030595614899e-06,1571537733414.4478,34025954595.02841,20578628201.623188,6.235855674069637,1.7981435765003706,9799882491927.02,212180942027.04373,128325355435.6614,0.0003200770745946,6.930109138012724e-06,4.191275191105806e-06,6.045050153341902e-05,1.3088365469621e-06,7.915739910075812e-07
491,491,0.02,5410,100000.0,17.15,2.43,0.81,1.63252361152239,,490.0,0.291818661012247,5410.0,0.6835632146894568,0.0004201834367719,0.0004689485161718,8.927487593602632e-06,2.719370512308072e-06,1590411702516.746,34434601999.445145,20206143628.89936,7.914410670061827,2.3095727244384827,12587171348189.73,272529581483.74097,159919718737.36282,0.0003239833849158,7.01468613212404e-06,4.116201357565589e-06,6.100098966767846e-05,1.3207553726212953e-06,7.750161525972159e-07
492,492,0.02,5420,100000.0,17.15,2.43,0.81,1.63358637842757,,479.0,0.2913466722281953,5420.0,0.7122121937718475,0.0003052165590908,0.0004205319041321,3.2259900338560745e-06,-6.312867731348072e-06,1587839363643.6646,34378907322.92705,19573800195.29745,7.61009155332752,2.2171748494138708,12083602929305.598,261626632230.8368,148958411532.7537,0.0003235057245044,7.004344126884442e-06,3.987957823991374e-06,6.072809814024961e-05,1.3148468955136614e-06,7.48614555385477e-07
493,493,0.02,5430,100000.0,17.15,2.43,0.81,1.63464684081556,,485.0,0.2978917424143069,5430.0,0.6251089199558919,0.0002711858166724,0.0004519704714532,6.88012843577311e-06,1.0951411811559734e-05,1623509996157.973,35151225604.888214,19433707427.55953,8.68648618929185,2.587632506385962,14102597159803.494,305340635753.5436,168810631176.23428,0.0003308468048123,7.163288617955403e-06,3.960295916428979e-06,6.191652080332608e-05,1.3405778816132985e-06,7.411519196504907e-07
494,494,0.02,5440,100000.0,17.15,2.43,0.81,1.63571013845086,,469.0,0.2886311305291801,5440.0,0.8099569216956297,0.0004599264943912,0.0004469179266462,6.943874093882961e-06,-1.1332450756869338e-05,1573039661384.032,34058473402.44326,18267777273.046738,6.716406581983968,1.9385640248516591,10565173935441.545,228750554932.49585,122693819514.90823,0.0003206173612631,6.94180708789909e-06,3.723343212003761e-06,5.982231210958776e-05,1.2952353814552946e-06,6.947190845875573e-07
495,495,0.02,5450,100000.0,17.15,2.43,0.81,1.63677367170429,,476.0,0.2918134023744783,5450.0,0.9957776983137592,0.0003837447116283,0.0003778961418163,9.386888735590624e-06,-4.748333960454898e-06,1590383042940.9067,34433981480.18844,17917999227.850803,5.473109117857309,1.597126593248721,8704339933205.529,188460938003.3491,98067164947.71043,0.0003242065679697,7.019518352372084e-06,3.652662835113984e-06,6.030963026362638e-05,1.3057864901115436e-06,6.794765030299543e-07
496,496,0.02,5460,100000.0,17.15,2.43,0.81,1.63783741784768,,443.0,0.2692621293257987,5460.0,0.7007239234671943,0.0004334308109546,0.0003192727774619,1.6329794802610166e-06,2.772872162976375e-06,1467478604825.6028,31772931260.44425,16037795964.2662,7.791941757866385,2.098074829305709,11434507819716.12,247572829858.07376,124965572078.10678,0.0002991745296579,6.477540275163622e-06,3.269621818391155e-06,5.549088328501754e-05,1.2014539867214809e-06,6.064493622431954e-07
497,497,0.02,5470,100000.0,17.15,2.43,0.81,1.63890135400087,,417.0,0.2502331753385181,5470.0,0.7568889131362084,0.0003875302650086,0.0004439978086151,1.958223160791584e-06,8.104727896829104e-06,1363770805594.9238,29527514689.94514,14443906335.48198,7.22695220535702,1.8084231983661927,9855906431095.756,213393937407.21085,104385420745.18172,0.0002780747325009,6.020700630295226e-06,2.9451322568497258e-06,5.142162090523009e-05,1.113348856296725e-06,5.446142951049619e-07
498,498,0.02,5480,100000.0,17.15,2.43,0.81,1.63996545713164,,448.0,0.2664478021006088,5480.0,0.7169588917004148,0.000327721504211,0.0004106191731058,7.056259599494464e-06,1.0888975273344564e-05,1452140521448.3184,31440840647.87185,14909785182.468073,7.64339498880202,2.036565795353106,11099283584674.428,240314763851.66653,113961377347.79106,0.0002961375040294,6.411784490912244e-06,3.0405780324532377e-06,5.4597290756893306e-05,1.182106478773103e-06,5.605751404265873e-07
499,499,0.02,5490,100000.0,17.15,2.43,0.81,1.64102970405558,,414.0,0.2521620705097521,5490.0,0.8357884565248241,0.0003840860825097,0.0004602155805007,1.627552894431564e-05,-2.2927990418739087e-05,1374283284278.149,29755124320.150745,13673124468.781012,6.568647792561298,1.656363827821569,9027182861627.553,195450931682.9452,89813938859.27426,0.0002802878417005,6.068617490030829e-06,2.7886612538338256e-06,5.152280686222361e-05,1.1155396715123645e-06,5.126146546839354e-07
500,500,0.02,5500,100000.0,17.15,2.43,0.81,1.642094071436,,413.0,0.2545514698025978,5500.0,0.8309023650454037,0.0003383290060051,0.0003776903921283,-1.0681046622738066e-05,-1.9949808178192444e-05,1387305510424.1584,30037073436.706547,13361277670.36655,6.619309598065061,1.6849549872659046,9183004680599.18,198824688497.3768,88442433525.86969,0.0002829579096071,6.126428134612899e-06,2.7251958352932017e-06,5.18632454091942e-05,1.122910634547691e-06,4.995000867449448e-07
501,501,0.02,5510,100000.0,17.15,2.43,0.81,1.64315853578386,,433.0,0.2678646676504032,5510.0,0.8568737308251002,0.0004229698143824,0.0004463252908452,1.026871010797944e-05,-2.1488142700710865e-05,1459862438694.6975,31608030782.74758,13629360709.293648,6.430352339888299,1.722464192399172,9387429848575.486,203250774703.1023,87641591528.18806,0.000297782650574,6.4474041775666e-06,2.780116160309033e-06,5.442059673314051e-05,1.1782808100019417e-06,5.080738590371361e-07
502,502,0.02,5520,100000.0,17.15,2.43,0.81,1.6452904916716,,363.0,0.2240449659806797,5520.0,1.0405593246559874,0.0003151881603623,0.0004042038374104,-7.571679581369412e-06,-4.2622747546385455e-06,1221045064594.7046,26437305985.72021,11042954592.90715,5.304839300560716,1.1885225406270987,6477447846417.688,140245659793.99762,58581099518.761314,0.000249099568209,5.393348449297581e-06,2.2528203918163668e-06,4.538897265590796e-05,9.827337198893833e-07,4.10491290281957e-07
503,503,0.02,5530,100000.0,17.15,2.43,0.81,1.64636106025239,,421.0,0.2580106520202619,5530.0,0.7993234284285791,0.0003058656100312,0.0004252776801464,1.3785522155461158e-06,-3.749560751136312e-06,1406158053510.4275,30445256938.390907,12307392633.93851,6.918350949466904,1.7850082393769535,9728294904604.398,210630972246.48053,85146861514.47047,0.0002868849195417,6.211453303840318e-06,2.5109590893726165e-06,5.212104562156172e-05,1.1284923639163823e-06,4.5618923943475814e-07
504,504,0.02,5540,100000.0,17.15,2.43,0.81,1.64743167618473,,412.0,0.249671692027066,5540.0,0.7028852843886852,0.0004971265435924,0.0004094033314008,-5.167229878118734e-06,6.033484182227615e-06,1360710721547.5098,29461259659.193787,11529682244.372433,7.881798243675367,1.9678619037143856,10724847375243.402,232207704638.29752,90874629263.8297,0.0002776074829397,6.010584034292776e-06,2.352245790579012e-06,5.0293126803601095e-05,1.0889154060229229e-06,4.261477196725422e-07
505,505,0.02,5550,100000.0,17.15,2.43,0.81,1.64850231535038,,362.0,0.2160552860675845,5550.0,0.7764243497922507,0.0003989019393398,0.0003979809164391,3.334932094732112e-06,-6.258866170665749e-08,1177501309068.3357,25494523755.974976,9648519965.76953,7.148152941732215,1.5443962286807995,8416959446310.358,182238754984.3344,68969096376.67747,0.0002402445434717,5.201624977920764e-06,1.968578936178471e-06,4.339642764205029e-05,9.39592378304942e-07,3.555930641628656e-07
506,506,0.02,5560,100000.0,17.15,2.43,0.81,1.64957565182227,,366.0,0.2222655312384813,5560.0,0.728706727165445,0.0003489759539585,0.0003423088794783,6.361508192048616e-06,-6.613974538835863e-06,1211347145249.7231,26227332686.1408,9595154663.381245,7.629955636100037,1.6958761427838194,9242524978171.814,200113384848.49063,73210604403.11728,0.0002471637618927,5.351435578595777e-06,1.9577992418146706e-06,4.4515836821418925e-05,9.638291275096206e-07,3.526126601662984e-07
507,507,0.02,5570,100000.0,17.15,2.43,0.81,1.65064897951052,,344.0,0.2122840327727286,5570.0,0.8627855924096366,0.000339148241149,0.0003802642595646,-1.6080510197758517e-07,1.176590687879421e-05,1156947978611.371,25049515867.181984,8871266883.647816,6.455833348403266,1.370470338107714,7469063342687.04,161715499896.71024,57271420590.039085,0.0002360550696203,5.110917103706321e-06,1.8100273828677305e-06,4.239612952513361e-05,9.179345475166544e-07,3.250858178624286e-07
508,508,0.02,5580,100000.0,17.15,2.43,0.81,1.65172227387316,,315.0,0.1957268771757143,5580.0,0.5434936160972939,0.0004139564166147,0.0005313430529468,-4.74423910193313e-06,-5.815534852851057e-06,1066711480607.6432,23095771506.73429,7909212888.727597,10.266909922638526,2.0095102174023936,10951830684843.045,237122205653.48245,81203176287.53789,0.0002176436286507,4.712284069869077e-06,1.6137351328526472e-06,3.897887484680641e-05,8.439462810868179e-07,2.890118133451092e-07
509,509,0.02,5590,100000.0,17.15,2.43,0.81,1.65279551021382,,328.0,0.2038686644847648,5590.0,0.66596157177446,0.0003550642809091,0.0003947751248592,5.642321291671003e-06,1.0508490649891105e-05,1111084221441.9688,24056502409.20225,7965792429.219199,8.393877720459754,1.7112486407185528,9326305091916.115,201927339604.7892,66863887597.43003,0.0002267053266651,4.908482302108822e-06,1.6253381516565807e-06,4.048491573661544e-05,8.765541388845176e-07,2.902520160476891e-07
510,510,0.02,5600,100000.0,17.15,2.43,0.81,1.65386866368164,,369.0,0.2282698212217932,5600.0,0.7388763570907031,0.000335077187787,0.0003021344045396,3.758392613584395e-06,-1.0043761803762088e-05,1244070525658.773,26935838904.1716,8628400465.2077,7.579075912037275,1.7300743034671482,9428904953895.955,204148767809.12347,65395302125.26689,0.0002538362685858,5.495904530849653e-06,1.7605119105229022e-06,4.52021090333246e-05,9.786878653086795e-07,3.135046531264607e-07
511,511,0.02,5610,100000.0,17.15,2.43,0.81,1.65494170927134,,329.0,0.2017088962300047,5610.0,0.712777000276219,0.0003469906805662,0.0005204140415186,4.328584590984253e-06,-5.6026334172093255e-06,1099313484453.5258,23801649755.14056,7367437795.336738,7.870624329665497,1.5875749461778483,8652283456669.272,187333843648.98608,57986335159.27445,0.0002242761524094,4.855887336572487e-06,1.503065890868955e-06,3.982796199682719e-05,8.623301863533226e-07,2.6692116186724065e-07
512,512,0.02,5620,100000.0,17.15,2.43,0.81,1.65601737046599,,334.0,0.202159949951607,5620.0,0.7646096916778333,0.0003762550629431,0.0005796259916493,9.419920210076638e-06,6.929868543478134e-06,1101771727236.2583,23854874094.289627,7134768902.518257,7.350155329142722,1.4859070334760305,8098193332444.365,175337029950.17157,52441659671.04633,0.0002247715977555,4.866614410120613e-06,1.455558684427832e-06,3.9802885304065946e-05,8.617872414458315e-07,2.5775247383622005e-07
513,513,0.02,5630,100000.0,17.15,2.43,0.81,1.65709289017178,,346.0,0.2078793121098356,5630.0,0.8978334304647433,0.0002731895253741,0.0004578624867753,-1.4113415490991862e-05,6.00972807671715e-06,1132942250998.6045,24529758828.96061,7086494460.616519,6.270650890205499,1.303538593536848,7104285334775.821,153817554037.34805,44436932797.90131,0.0002311229395432,5.0041297002024415e-06,1.4456618855471156e-06,4.081189372511642e-05,8.83633662305273e-07,2.55276258393036e-07
514,514,0.02,5640,100000.0,17.15,2.43,0.81,1.65817100850774,,321.0,0.1974192894807556,5640.0,0.6580422374445334,0.0003470524806212,0.0004191731645746,1.026078985057216e-05,-5.153977656739479e-06,1075935127670.1184,23295476158.729168,6492377546.656721,8.570878401214173,1.692056724193657,9221709146855.432,199662693454.8516,55645378487.16795,0.0002194845923911,4.752143468285601e-06,1.324407766631027e-06,3.864778920850297e-05,8.3677782139511e-07,2.3320740482611842e-07
515,515,0.02,5650,100000.0,17.15,2.43,0.81,1.65924617724698,,314.0,0.1954617672837937,5650.0,0.6117409904763917,0.0003013005630406,0.0003989559753345,2.062604973764347e-05,1.0452090531625867e-05,1065266631696.6757,23064488539.487656,6203360280.039584,9.23593495933643,1.805272169670072,9838733324701.89,213022116021.06845,57293832075.77662,0.0002172885674879,4.704596507078549e-06,1.265335108370555e-06,3.815609392634227e-05,8.261319418914473e-07,2.2219413474647173e-07
516,516,0.02,5660,100000.0,17.15,2.43,0.81,1.66032391025481,,307.0,0.1919342931854302,5660.0,0.6787741887292214,0.0003414066457659,0.0003637487769538,7.664749050253115e-06,1.2279716062072611e-05,1046041897860.5948,22648246595.880764,5874053035.4468,8.338561032493686,1.6004558179552466,8722484207856.096,188853786518.71912,48981149744.17794,0.0002133464228747,4.619243651233564e-06,1.1980478080776426e-06,3.7361574761609655e-05,8.089295085999887e-07,2.098040930161227e-07
517,517,0.02,5670,100000.0,17.15,2.43,0.81,1.66140141611748,,304.0,0.1897716745166045,5670.0,0.6957218072475371,0.0003280787940526,0.0003205085937911,8.117670202095512e-06,-6.9606458568988606e-06,1034255626115.4944,22393057592.95933,5592960253.705019,8.149809221062148,1.546602942871828,8428986038651.463,182499147258.8757,45581559048.67925,0.0002109300157488,4.566925111625701e-06,1.140649530549184e-06,3.6835285683038216e-05,7.975346257978916e-07,1.991947479491849e-07
518,518,0.02,5680,100000.0,17.15,2.43,0.81,1.66248146836303,,268.0,0.1662857319656625,5680.0,0.575265620990649,0.000378475473609,0.0003980685660862,1.1462535036825469e-05,5.85291244057994e-06,906257239212.8606,19621716371.948174,4729001999.959739,9.873699718433771,1.6418553848889152,8948111847644.588,193738935416.892,46692745715.47521,0.0001848051242429,4.001285258839023e-06,9.643440784064524e-07,3.2184830516937004e-05,6.968458717428563e-07,1.6794583402738626e-07
519,519,0.02,5690,100000.0,17.15,2.43,0.81,1.66356125834534,,289.0,0.1775279560904018,5690.0,0.7312398527155892,0.0003791533855142,0.0005486108355151,1.320782521513756e-05,1.4509326685049852e-05,967527360692.69,20948298818.667416,4866525873.2029085,7.781304559467285,1.3813990941591516,7528625063167.376,163005093110.7799,37867919965.9193,0.0001972674873965,4.2711125711535785e-06,9.92227579661923e-07,3.426282511377025e-05,7.41837314389888e-07,1.723371675875017e-07
520,520,0.02,5700,100000.0,17.15,2.43,0.81,1.66576883018961,,292.0,0.1769204130048041,5700.0,0.8542195081599857,0.000260372310366,0.0003511912730945,5.293618226113668e-06,8.752901112981752e-06,964216250876.1826,20876608734.56689,4670379358.376241,6.672757933470719,1.180547089470723,6433981637615.44,139304556557.54535,31164310915.922947,0.0001965768652035,4.256159650277681e-06,9.521604025512772e-07,3.40485065054145e-05,7.371970215851214e-07,1.6492093119352237e-07
521,521,0.02,5710,100000.0,17.15,2.43,0.81,1.6668514497279,,259.0,0.1571728511089747,5710.0,0.534250891467309,0.0002729738857762,0.0003311172949631,8.58953724560665e-06,-4.626145847142547e-06,856592038543.9125,18546396430.859024,4004462255.641342,10.687862371773688,1.6798418012319998,9155137816714.398,198221332545.376,42799141461.25709,0.0001746125282215,3.780601528465639e-06,8.162920587187839e-07,3.0162116316564755e-05,6.530513257531454e-07,1.4100417807438637e-07
522,522,0.02,5720,100000.0,17.15,2.43,0.81,1.66793373203937,,241.0,0.1492912811000623,5720.0,0.7552635961546912,0.0003153239457739,0.0005366965535554,1.2389197500444148e-05,9.929105175406532e-06,813637481995.34,17616371169.80736,3666289812.324732,7.5735147690455396,1.1306597223010515,6162095486540.731,133417847231.52412,27766700041.24256,0.0001658337217682,3.59052828782685e-06,7.472547640847245e-07,2.856843088012907e-05,6.185458429092166e-07,1.2873073009500368e-07
523,523,0.02,5730,100000.0,17.15,2.43,0.81,1.6690184998339,,255.0,0.1596163698087711,5730.0,0.8674097834000349,0.0003732027407778,0.0005218660335086,8.157901593975476e-06,-1.794796288540583e-06,869909215457.8026,18834731637.43499,3774596170.3461313,6.605874304921715,1.0544056759646432,5746510934007.306,124419869763.82788,24934507853.14541,0.0001772694610918,3.838127781437461e-06,7.691844356475205e-07,3.045793968900957e-05,6.594563088629595e-07,1.3215910403508738e-07
524,524,0.02,5740,100000.0,17.15,2.43,0.81,1.67010289386714,,273.0,0.1714486224836446,5740.0,0.72422716310939,0.0003392193399842,0.0003463013723311,1.4684892122634088e-05,1.6623371818068952e-05,934394992535.8634,20230937453.070072,3902716639.972199,7.9256900215616595,1.3588486364291146,7405725068538.674,160344139098.63553,30931722330.410305,0.0001903817164147,4.122026153567205e-06,7.951732388696643e-07,3.2623587026463635e-05,7.063455539674695e-07,1.3625995104942094e-07
525,525,0.02,5750,100000.0,17.15,2.43,0.81,1.67118688703001,,260.0,0.1629562753211463,5750.0,0.663824388424473,0.0003746872880844,0.0003556402401522,9.929106085126404e-06,1.4586029586841997e-05,888111700500.2472,19228840487.89526,3565229537.763256,8.661929420290061,1.4115157554251243,7692760867066.927,166558859140.16464,30881766623.23869,0.0001809231711019,3.91723563119892e-06,7.262967409564147e-07,3.091934132331531e-05,6.694462892020562e-07,1.2412239238822762e-07
526,526,0.02,5760,100000.0,17.15,2.43,0.81,1.67227332759446,,266.0,0.1656690899364188,5760.0,0.7341604167813784,0.0002734962060312,0.0003294662535691,1.3820265207271772e-05,6.55579681024136e-06,902896540153.4824,19548952612.497417,3486085712.7971625,7.845696755556951,1.2997894414102336,7083852455685.772,153375154086.4076,27350771366.486137,0.0001838966823326,3.981616241330204e-06,7.100255327167185e-07,3.134480599589251e-05,6.786581848651957e-07,1.2102237132740026e-07
527,527,0.02,5770,100000.0,17.15,2.43,0.81,1.67335932998223,,256.0,0.1578426140718367,5770.0,0.7208678988999964,0.0003412259191615,0.0003777672189107,-5.437719426465696e-06,-1.791390670702673e-05,860242246691.5104,18625428460.47673,3198507587.5070286,8.004240456267636,1.2634102372768354,6885585793158.752,149082407998.66653,25601623831.60276,0.0001751713273428,3.7927002984316367e-06,6.513128386504381e-07,2.977863557723166e-05,6.447484400207955e-07,1.1072136041411905e-07
528,528,0.02,5780,100000.0,17.15,2.43,0.81,1.67444486664753,,229.0,0.1392764320787671,5780.0,0.7997208295573728,0.0002434842900509,0.0004044566051507,-1.6750836046318306e-06,-1.2004530728131516e-05,759056554829.2811,16434618985.294527,2713849330.26742,7.227522138193022,1.0066234961778264,5486098054169.155,118781572548.98352,19614406114.22808,0.0001545324811344,3.3458408759377645e-06,5.524988457882603e-07,2.620101671801595e-05,5.672880683900702e-07,9.367630280000068e-08
529,529,0.02,5790,100000.0,17.15,2.43,0.81,1.67553281157109,,274.0,0.1668350583273037,5790.0,0.5919515861878608,0.0003053969255231,0.0003569052557972,1.2409336171435017e-06,1.2768573417525517e-06,909251067883.8055,19686536882.621845,3124687943.472865,9.78120531323738,1.631847958945292,8893571376251.842,192558059155.5445,30563214314.90557,0.0001850758203412,4.007146201883192e-06,6.360225518288285e-07,3.129736568510965e-05,6.776310368519154e-07,1.0755500287322268e-07
530,530,0.02,5800,100000.0,17.15,2.43,0.81,1.67662025268967,,210.0,0.1305556999494405,5800.0,0.5088223443781317,0.0003658131494578,0.0004620129703192,2.317463816157625e-05,-1.73904626231401e-05,711528564724.4512,15405572594.033989,2348179303.144578,11.39887047823852,1.488187513919445,8110621950860.974,175606126642.49448,26766591736.22544,0.0001447891016689,3.1348833021900247e-06,4.778315147355765e-07,2.442303755897682e-05,5.287923728365623e-07,8.060065914306822e-08
531,531,0.02,5810,100000.0,17.15,2.43,0.81,1.67771008122563,,223.0,0.1401432064412537,5810.0,0.6528643317706155,0.0003220946370796,0.0003195753832754,1.941009289830361e-05,2.707150430685709e-05,763780475104.8326,16536898360.067936,2416470260.2776,8.899245551128299,1.2471688064431816,6797069995115.34,147165919160.29544,21504762213.20927,0.0001553912124455,3.364433590565121e-06,4.91631111062002e-07,2.614263038635924e-05,5.660239239615393e-07,8.271079310504215e-08
532,532,0.02,5820,100000.0,17.15,2.43,0.81,1.67879936738647,,240.0,0.1514007700511885,5820.0,0.5883517743550328,0.0004651732731672,0.0003329106841521,1.167609254599658e-05,-7.964934433961969e-06,825134196778.9777,17865290866.04025,2506722265.636046,9.892041213575062,1.4976626571133584,8162261481267.802,176724193539.37628,24796599962.658024,0.0001678317253204,3.6337878142771978e-06,5.098655762700456e-07,2.8163210724819448e-05,6.097722689043477e-07,8.555862509551909e-08
533,533,0.02,5830,100000.0,17.15,2.43,0.81,1.67989101971152,,215.0,0.1354356350501352,5830.0,0.6958893943401563,0.000495472581686,0.0004710074097751,-2.350005404988592e-06,-5.084429018063208e-05,738124211023.2373,15981404935.915964,2151323839.4708014,8.377768144502356,1.1346483489534702,6183833501796.413,133888505176.50948,18023292330.82698,0.000150102343264,3.2499222945245232e-06,4.374856488947061e-07,2.5122159292043173e-05,5.43929320451577e-07,7.322060349305349e-08
534,534,0.02,5840,100000.0,17.15,2.43,0.81,1.68097914497167,,221.0,0.1384317941467214,5840.0,0.9444307974454204,0.0002457749972091,0.0004651040340271,-4.8579969543669724e-06,-7.193209442643547e-06,754453278099.6318,16334951709.313131,2105835833.061732,6.18361876359448,0.8560094397637152,4665251446712.248,101009113892.1184,13021685970.370136,0.0001533684614986,3.3206382489623576e-06,4.280832375717095e-07,2.560550079246659e-05,5.543943290845977e-07,7.147027212617662e-08
535,535,0.02,5850,100000.0,17.15,2.43,0.81,1.6820695970425,,209.0,0.1297008775775573,5850.0,0.428263530172444,0.0003438543431995,0.0002654784963475,9.58568494671906e-06,1.2805303475734092e-05,706869782797.6876,15304703554.15177,1894825590.947891,13.6598136143987,1.7716898133333774,9655709482666.906,209059397973.33853,25882964404.141068,0.0001436632775924,3.110507661633912e-06,3.85101841224789e-07,2.3922721898659563e-05,5.179598502829043e-07,6.41269251591185e-08
536,536,0.02,5860,100000.0,17.15,2.43,0.81,1.68315941041203,,217.0,0.1329521644497106,5860.0,0.6784432053791534,0.000219030669995,0.0003546094388439,1.86838608550538e-05,-9.948407210489809e-06,724589296250.923,15688355405.065857,1862338392.6561968,8.637421605136561,1.1483638976675996,6258583242288.418,135506939924.77676,16085801868.80393,0.0001472237732212,3.1875972917629224e-06,3.7839433538458185e-07,2.445326260650532e-05,5.294467867096565e-07,6.28497412443539e-08
537,537,0.02,5870,100000.0,17.15,2.43,0.81,1.68425152837438,,211.0,0.1280680688870025,5870.0,0.9556692110190852,0.0003021466574975,0.0005762364524227,1.1939133679497033e-05,-6.551664893778416e-07,697970975434.1638,15112032128.6663,1717584662.6755872,6.142292680686532,0.7866315621542942,4287142013740.904,92822524334.20673,10549907702.011703,0.0001417751417271,3.069626921797926e-06,3.488838612918896e-07,2.348923843356489e-05,5.085743367267261e-07,5.7802913145958613e-08
538,538,0.02,5880,100000.0,17.15,2.43,0.81,1.68534296749524,,231.0,0.1435972990075116,5880.0,0.7228715546525564,0.0003991077931531,0.0004072025525522,1.1113931204604092e-05,7.614260426287972e-06,782605279590.9382,16944481282.88637,1844545146.295857,8.134225177564478,1.1680527650171555,6365887569343.497,137830226272.02435,15003945570.154112,0.000158912868402,3.440682288338894e-06,3.745463616706566e-07,2.6264213642496937e-05,5.686563687733281e-07,6.19028890539395e-08
539,539,0.02,5890,100000.0,17.15,2.43,0.81,1.68763420793944,,204.0,0.1284877651130947,5890.0,0.6609741026604752,0.0003479165950505,0.0004047183257243,-2.230540985277331e-05,3.3286948673555947e-06,700258319866.3662,15161556283.345177,1577704985.7460124,8.911090428947617,1.1449660939361677,6240065211952.114,135105999084.4678,14059071798.184229,0.0001421494754114,3.077731761201684e-06,3.202674351953401e-07,2.343494165568251e-05,5.07398736765236e-07,5.279969297314887e-08
540,540,0.02,5900,100000.0,17.15,2.43,0.81,1.68872777614473,,210.0,0.133019680192438,5900.0,0.7989437307514891,0.0004283050294103,9.29443111434687e-05,1.644598123081703e-05,1.0736748769176818e-06,724957257048.7874,15696322262.70769,1561145661.4229724,7.384750355886066,0.9823171306409576,5353628361993.219,115913421415.63298,11528670978.783283,0.0001471184324062,3.185316518153001e-06,3.168094397748218e-07,2.4193871316016866e-05,5.238306083100899e-07,5.2099840191659216e-08
541,541,0.02,5910,100000.0,17.15,2.43,0.81,1.68982661204537,,201.0,0.1273447907884759,5910.0,0.6109616919266045,0.0004048041817964,0.0004305194922137,-1.967615794879088e-06,1.147462846615326e-05,694029109797.1937,15026685313.040155,1431452539.9419422,9.673274246317188,1.2318410851368145,6713533913995.639,145357248046.1441,13846832989.445717,0.000140798194849,3.0484746774665306e-06,2.903998273139652e-07,2.30963102295788e-05,5.00066900383541e-07,4.763672225661928e-08
542,542,0.02,5920,100000.0,17.15,2.43,0.81,1.69092469073647,,183.0,0.1154651972282688,5920.0,0.572501696389736,0.0002885516816433,0.000362286795425,1.758742642906419e-05,-2.3001194346374645e-05,629285324894.0651,13624893272.93572,1240710975.452243,10.3405807132664,1.193977191512137,6507175693741.148,140889308598.43222,12829671983.499409,0.0001276109966078,2.762953688024036e-06,2.5160028021702415e-07,2.0882761941384373e-05,4.5214053377676267e-07,4.117285262101677e-08
543,543,0.02,5930,100000.0,17.15,2.43,0.81,1.69202198241605,,188.0,0.1177001597228102,5930.0,0.972269515995322,0.0002853954153954,0.0001194576968605,1.9528206528423625e-05,-1.5285942908669943e-05,641465870489.316,13888618847.291616,1208725301.7626047,6.099131879013403,0.7178687963303616,3912384940000.47,84708517966.98267,7372175020.950399,0.0001300387223575,2.815517291412178e-06,2.450342273122185e-07,2.1227904199288707e-05,4.596133386268014e-07,4.0000109264582096e-08
544,544,0.02,5940,100000.0,17.15,2.43,0.81,1.69312149967812,,205.0,0.1269166315455489,5940.0,0.8436438356875442,0.00051208897027,0.0002848308733216,-1.903074308804244e-06,8.81103744835016e-06,691695641923.2417,14976162522.374777,1245433311.750703,7.040885915036741,0.8936055234329632,4870150102709.649,105445451765.08966,8768953862.82309,0.0001401747605532,3.034976467023868e-06,2.523918117717924e-07,2.282680762339133e-05,4.942317980844362e-07,4.110083234881983e-08
545,545,0.02,5950,100000.0,17.15,2.43,0.81,1.69422018789828,,223.0,0.1360635301956502,5950.0,0.624716226133387,0.000276730539074,0.0003809789733227,3.724180821095515e-06,-1.507696571467536e-05,741546239566.294,16055496563.086733,1273075232.296307,9.524324406982156,1.2959132015425852,7062726948407.089,152917757782.02505,12125181506.884192,0.0001502191242628,3.2524507638569263e-06,2.578938929393915e-07,2.440384577883544e-05,5.283768443857947e-07,4.189614885240978e-08
546,546,0.02,5960,100000.0,17.15,2.43,0.81,1.69532107747228,,225.0,0.1390461436478801,5960.0,0.739141861011376,0.0003757737332334,0.0004860812277605,-1.1695761959551732e-05,-8.185431492280358e-06,757801482880.9465,16407444950.449852,1242183112.3428483,8.063404759466424,1.121185336475769,6110460083792.938,132299869704.14069,10016225220.19414,0.0001534516478174,3.32243934724013e-06,2.51536912748376e-07,2.4869596760229284e-05,5.384609940746891e-07,4.0766076346127415e-08
547,547,0.02,5970,100000.0,17.15,2.43,0.81,1.69642109546972,,228.0,0.1434435272353706,5970.0,0.6845870854895111,0.0002587940374158,0.0004199261314309,-3.6202783800331743e-06,-6.492845009341108e-06,781767223432.7701,16926336213.77374,1223089779.9286182,8.720585191482508,1.250911499422791,6817467671854.212,147607556931.88937,10666058622.699106,0.0001582412074528,3.4261399044835474e-06,2.475713969553231e-07,2.5584778854290908e-05,5.539456706066655e-07,4.0027876074172736e-08
548,548,0.02,5980,100000.0,17.15,2.43,0.81,1.69752021135639,,253.0,0.1606515513961708,5980.0,0.8359348002777551,0.0002009868283724,0.0003833143030283,-4.276183677628506e-06,9.630824632173443e-06,875550955109.1311,18956883064.74816,1304435187.1936183,7.1536679631151046,1.149247856447527,6263400817639.022,135611247060.8082,9331496208.587042,0.0001771605619188,3.835769964481898e-06,2.639417722080607e-07,2.857458348511732e-05,6.186790552740997e-07,4.2571699499480055e-08
549,549,0.02,5990,100000.0,17.15,2.43,0.81,1.6986214823262,,9.0,0.0057325198005673,5990.0,1.0366503512809306,0.0003620695293888,0.0006011465735036,-2.840907418040519e-06,2.399489481462995e-05,31242232913.09196,676437336.4669452,44403571.9689965,5.778225987767711,0.0331237948870311,180524682134.31967,3908607796.6696734,256573873.5009695,6.3186885979241445e-06,1.368083035880824e-07,8.980547091114905e-09,1.0167565023697768e-06,2.2014177482501583e-08,1.445083027628367e-09
550,550,0.02,6000,100000.0,17.15,2.43,0.81,1.69972180784833,,10.0,0.0063591901319849,6000.0,0.6554532682751856,0.000312646898018,0.0005672365802615,-2.1411060851877908e-05,-2.367204047211412e-05,34657586219.31809,750384435.5742266,46917267.46253204,9.1539706801507,0.058211840017694,317254528096.4328,6868997122.087902,429479290.7448068,7.006813771886176e-06,1.5170716056560897e-07,9.485385211636496e-09,1.1247423628153e-06,2.435221996554228e-08,1.5226056981784795e-09
551,551,0.02,6010,100000.0,17.15,2.43,0.81,1.70082426307364,,5.0,0.003162299554201,6010.0,1.070428090762818,0.000441708945927,0.0003110139945677,-9.985747982309958e-05,-8.317734691001271e-05,17234532570.395687,373151347.3957232,22170269.313641883,5.614576123200486,0.0177549715714247,96764595064.26472,2095086645.428117,124476664.73329815,3.4828553077394787e-06,7.5408610332708e-08,4.480297904085166e-09,5.577798423673578e-07,1.2076701174192336e-08,7.175204359326078e-10
552,552,0.02,6020,100000.0,17.15,2.43,0.81,1.70192572900666,,2.0,0.0012537803300415,6020.0,0.3838927344371438,0.0002652950594373,0.000222530716469,-5.143430299042755e-05,-8.277749061286186e-05,6833102798.7266,147946078.9449062,8372924.811675047,15.681463752697503,0.0196611107993921,107153053856.68704,2320011074.32827,131299716.93834382,1.3803371088460392e-06,2.9886197952996816e-08,1.6913925002396601e-09,2.205429023798974e-07,4.775057335931725e-09,2.702416740634426e-10
553,553,0.02,6030,100000.0,17.15,2.43,0.81,1.70302929882373,,,,6030.0,,,,,,,,,,,,,,,,,,,
554,554,0.02,6040,100000.0,17.15,2.43,0.81,1.70413183499473,,2.0,0.0012197573385154,6040.0,0.2626509409086691,0.0001658085601079,0.0008271443457887,-1.7475160295155053e-05,0.0001420807195652,6647677494.909415,143931365.9448277,7343769.231095111,22.99630063804064,0.0280499064619584,152871990217.67377,3309888962.5111017,168879525.05465567,1.341615797882576e-06,2.904782828443008e-08,1.4820990976150582e-09,2.1338392657379618e-07,4.620055657928063e-09,2.3572778847693715e-10
555,555,0.02,6050,100000.0,17.15,2.43,0.81,1.70523644878924,,,,6050.0,,,,,,,,,,,,,,,,,,,
556,556,0.02,6060,100000.0,17.15,2.43,0.81,1.70760246617569,,4.0,0.0025352725087437,6060.0,1.129193743499654,0.0004730897709668,0.0003699207942842,-0.0001006466451497,0.0001683890502007,13817235172.65342,299162156.0317621,13774698.641006691,5.366660978140512,0.0136059480416274,74152416826.86969,1605501868.9120412,73924137.68233576,2.786118201873416e-06,6.032329317817672e-08,2.777541102071274e-09,4.410633340670992e-07,9.549628150443613e-09,4.397055150654445e-10
557,557,0.02,6070,100000.0,17.15,2.43,0.81,1.70871175498269,,2.0,0.0012773112718358,6070.0,0.3793375197608517,4.807547550838263e-05,0.0002065838957844,3.438469854477595e-05,-3.03278782212148e-05,6961346431.505187,150722730.07662606,6580035.71716834,16.001580871374788,0.0204389996141993,111392547897.38654,2411801954.475525,105290973.6648038,1.4029611787296549e-06,3.0376040200018214e-08,1.3261133829028062e-09,2.2160436092575737e-07,4.798039374172361e-09,2.0946588771569896e-10
558,558,0.02,6080,100000.0,17.15,2.43,0.81,1.70982310133047,,,,6080.0,,,,,,,,,,,,,,,,,,,
559,559,0.02,6090,100000.0,17.15,2.43,0.81,1.71093331264808,,3.0,0.0019153652045055,6090.0,1.2790394073933202,0.0001047040270858,0.000348749041667,0.0003156371800535,2.7616286469074005e-05,10438740364.55552,226013094.1316608,8863748.851526782,4.761385743705433,0.0091197925787224,49702869554.0371,1076135524.2892437,42203727.41744502,2.1017494888925115e-06,4.5505768750333287e-08,1.7846386601992312e-09,3.304915345508388e-07,7.155596527889721e-09,2.806271501646889e-10
560,560,0.02,6100,100000.0,17.15,2.43,0.81,1.7120423565671,,4.0,0.0025387042240301,6100.0,0.4404709404354733,0.0003637900222463,0.0002733841206645,7.254634375203338e-05,5.8116309842273824e-05,13835938020.964497,299567098.43556154,11128061.605194362,13.848813712816584,0.0351580418705345,191611328194.41345,4148648940.72308,154110452.15508342,2.784505379624729e-06,6.028837335701248e-08,2.2395407783345273e-09,4.3686043897675494e-07,9.458629687937076e-09,3.5136106207179247e-10
561,561,0.02,6110,100000.0,17.15,2.43,0.81,1.713153407462,,3.0,0.0018866289283435,6110.0,0.5720227256167764,9.222948679593932e-05,0.0007869985011655,-0.0002913721798479,3.966818203415837e-05,10282127659.472569,222622213.54454368,7835807.388329319,10.681393808981923,0.0201518265550554,109827454725.05208,2377915533.4965405,83697344.5260756,2.068057332361337e-06,4.477628719608033e-08,1.5760258441721032e-09,3.237613937585727e-07,7.0098797180755194e-09,2.4673219447261326e-10
562,562,0.02,6120,100000.0,17.15,2.43,0.81,1.71426324443028,,,,6120.0,,,,,,,,,,,,,,,,,,,
563,563,0.02,6130,100000.0,17.15,2.43,0.81,1.71537506027559,,,,6130.0,,,,,,,,,,,,,,,,,,,
564,564,0.02,6140,100000.0,17.15,2.43,0.81,1.71648561514854,,3.0,0.0018788661701758,6140.0,0.688273929465747,0.0001423764405203,0.0006117638800925,6.608458977633279e-05,3.7835785855810655e-05,10239820627.458614,221706208.0807553,6587260.678893893,8.920866732183217,0.0167611147117466,91348075179.01904,1977811535.9861,58764074.646563165,2.056464388589648e-06,4.4525284009830924e-08,1.3229203418052655e-09,3.197865333613968e-07,6.923818520485288e-09,2.0571817939882488e-10
565,565,0.02,6150,100000.0,17.15,2.43,0.81,1.71759812034631,,2.0,0.0012719558714147,6150.0,0.242789687183703,0.0001640484755961,0.0001878065757686,-9.365129582167304e-05,-8.695973585423602e-06,6932159499.210245,150090792.8269374,4198365.712880763,25.33056519549241,0.03221936112666,175595518140.29718,3801884612.945884,106346976.40464616,1.3913800763284094e-06,3.0125293395734366e-08,8.426699366493393e-10,2.159060244620459e-07,4.674662547985579e-09,1.3076047231877988e-10
566,566,0.02,6160,100000.0,17.15,2.43,0.81,1.71871257084265,,,,6160.0,,,,,,,,,,,,,,,,,,,
567,567,0.02,6170,100000.0,17.15,2.43,0.81,1.71982569825891,,3.0,0.0019275437522992,6170.0,0.3297506527277162,0.0001181632556259,0.0002845730494691,8.404946322155653e-05,0.0002457994229535,10505113450.03071,227450162.7713071,5661673.058938774,18.711107768738007,0.0360664788782282,196562309886.3437,4255844507.630929,105936174.75716396,2.106239621131852e-06,4.5602986292396055e-08,1.135146248096612e-09,3.2543369108546564e-07,7.046087256529347e-09,1.7539069616465662e-10
568,568,0.02,6180,100000.0,17.15,2.43,0.81,1.72094074179651,,3.0,0.001923941754743,6180.0,0.3296024514695866,0.0003618906585995,0.0004116400460053,3.794309625471127e-05,-6.4465188060007e-05,10485482563.34984,227025127.0596846,5329318.660638359,18.74986054395365,0.0360736395961224,196601335798.8672,4256689472.342444,99923981.68125908,2.10103901937817e-06,4.549038610763744e-08,1.0678675382894554e-09,3.239569610728813e-07,7.014114019559631e-09,1.6465335452695066e-10
569,569,0.02,6190,100000.0,17.15,2.43,0.81,1.72205441394641,,2.0,0.0012757235880788,6190.0,0.7464090174714308,0.0003308459553368,0.0007053970685304,5.204869904976503e-06,-7.5545135950705e-05,6952693555.029585,150535383.3933011,3533754.3389783395,8.293040216702535,0.0105796270213337,57658967266.26886,1248395988.5173807,29305566.849094447,1.3923732498757982e-06,3.014679696978792e-08,7.076832847992586e-10,2.1422796286601726e-07,4.638330205172481e-09,1.0888283617226928e-10
570,570,0.02,6200,100000.0,17.15,2.43,0.81,1.72316997258232,,,,6200.0,,,,,,,,,,,,,,,,,,,
571,571,0.02,6210,100000.0,17.15,2.43,0.81,1.72428741222392,,4.0,0.002500576556094,6210.0,1.4185812215824356,0.0002811949535351,0.0005240261691923,2.620776218766053e-05,-0.000206553142385,13628142230.712788,295068033.6191026,6926597.060380628,4.377613283977289,0.0109465571495596,59658736465.10018,1291693743.6480408,30321963.30428028,2.726110301381574e-06,5.902403955284877e-08,1.3855643183168735e-09,4.176453064645103e-07,9.042595626204076e-09,2.1227110071682448e-10
572,572,0.02,6220,100000.0,17.15,2.43,0.81,1.7254034165603,,3.0,0.0018480100639566,6220.0,0.5481628179828079,0.0006194297538125,0.0002589035835628,0.0002134994884047,-7.838603319143536e-05,10071654848.563787,218065187.54688567,5118987.877159943,11.34699362296966,0.0209693584108999,114283003339.40475,2474384292.486195,58085122.79819287,2.013414706332929e-06,4.359319914629096e-08,1.0233318782646263e-09,3.0781905684590145e-07,6.664706184920434e-09,1.5645115366296272e-10
573,573,0.02,6230,100000.0,17.15,2.43,0.81,1.72784786302655,,2.0,0.0012495810047448,6230.0,0.0753262071083127,9.841166662593668e-05,0.0003732451089454,0.0001380063866408,-6.52251466198851e-05,6810216475.859323,147450558.5598899,3461339.3831431787,82.7069387821663,0.1033490196627884,563252157162.1973,12195184320.209042,286276784.4659241,1.3606215489118932e-06,2.9459328948918052e-08,6.915452643093476e-10,2.075908935988539e-07,4.4946285219568374e-09,1.0550950004932575e-10
574,574,0.02,6240,100000.0,17.15,2.43,0.81,1.72896805375016,,2.0,0.0012721489538518,6240.0,0.3371277682649563,0.0003682142747099,0.0002013055849841,-5.5150064009246e-05,-0.0001603783176157,6933211798.4924135,150113576.55451465,3523852.6021695384,18.50930296283349,0.023546590400695,128328917683.78777,2778497667.2820106,65224055.40992516,1.3844377979491466e-06,2.997498351522923e-08,7.036500367558047e-10,2.107839719842643e-07,4.5637630631455395e-09,1.0713240410943339e-10
575,575,0.02,6250,100000.0,17.15,2.43,0.81,1.73009007495967,,3.0,0.0019271118361092,6250.0,0.6765738853472106,0.0006014572371693,0.0002535181559429,7.390345843168617e-05,-6.048351724424746e-05,10502759506.795382,227399196.66089085,5338099.786022607,9.237719834238897,0.0178021192312229,97021549810.1648,2100650069.2843027,49311870.27048744,2.095945735121213e-06,4.5380109494367575e-08,1.065278841520323e-09,3.184526511584198e-07,6.8949381351731275e-09,1.6185575113923358e-10
576,576,0.02,6260,100000.0,17.15,2.43,0.81,1.73121056259185,,,,6260.0,,,,,,,,,,,,,,,,,,,
577,577,0.02,6270,100000.0,17.15,2.43,0.81,1.7323328494487,,,,6270.0,,,,,,,,,,,,,,,,,,,
578,578,0.02,6280,100000.0,17.15,2.43,0.81,1.73345355195881,,2.0,0.0012843543307019,6280.0,0.197540036100413,0.0002082842219649,0.0002698883454713,6.783835137302852e-06,-0.0001417817508039,6999731102.325676,151553811.02283114,3557661.4960444258,31.791023855071924,0.0408309391657109,222528618453.12445,4818050821.553887,113101701.4890192,1.3942143050527285e-06,3.018665834793063e-08,7.086190137607442e-10,2.105467236866847e-07,4.558626311014457e-09,1.0701182102974615e-10
579,579,0.02,6290,100000.0,17.15,2.43,0.81,1.73457602196547,,,,6290.0,,,,,,,,,,,,,,,,,,,
580,580,0.02,6300,100000.0,17.15,2.43,0.81,1.73570025312257,,4.0,0.0025249497051804,6300.0,0.7978568963247837,0.0004484616179018,0.0003669393238874,0.0001224607836129,-1.439984703419102e-05,13760975893.233477,297944065.21129364,6994110.683349858,7.896152842721633,0.0199373887922897,108658768917.9794,2352611877.490196,55226566.95464272,2.737293643483947e-06,5.9266174299285465e-08,1.391248328890006e-09,4.117316003504699e-07,8.914555750707424e-09,2.0926541889372507e-10
581,581,0.02,6310,100000.0,17.15,2.43,0.81,1.73682623902021,,2.0,0.0012461245753505,6310.0,0.0484749512095579,8.710334377912666e-05,1.8902299963905768e-05,-3.0673847330131565e-05,5.8551521360195e-05,6791378935.660458,147042699.89136404,3451765.073721004,130.17032183739133,0.1622084370228627,884035981774.6019,19140595568.697803,449317370.5533298,1.3500448315795045e-06,2.9230328463556244e-08,6.86169574949583e-10,2.026681389400567e-07,4.388044109160861e-09,1.0300747612182696e-10
582,582,0.02,6320,100000.0,17.15,2.43,0.81,1.73795055690221,,,,6320.0,,,,,,,,,,,,,,,,,,,
583,583,0.02,6330,100000.0,17.15,2.43,0.81,1.7390765969679,,3.0,0.0018982999641345,6330.0,0.9576005413636391,0.0003449548387162,8.709150798010657e-05,3.489946923673783e-05,-1.73802791873327e-05,10345734804.53343,223999395.7678797,5258290.900652771,6.610271952212949,0.0125482790098056,68388120603.44066,1480696923.1570635,34758732.85716158,2.0538934568714363e-06,4.44696198001522e-08,1.043905481749335e-09,3.071158483538314e-07,6.649480753349009e-09,1.5609374310827763e-10
584,584,0.02,6340,100000.0,17.15,2.43,0.81,1.74020435253577,,4.0,0.0025669500814389,6340.0,0.6330138480344487,0.0003360216604195,0.0007443097098594,-5.02707642800816e-05,0.0001285784842259,13989877943.842234,302900109.60979515,7110451.7255858695,10.015578679180768,0.0257094905061812,140116723258.68756,3033719879.729382,71215288.70212194,2.77534204742062e-06,6.008997460470332e-08,1.410586691991764e-09,4.141958178541637e-07,8.967909450787398e-09,2.1051787439560248e-10
585,585,0.02,6350,100000.0,17.15,2.43,0.81,1.74133037124227,,2.0,0.0012929139277848,6350.0,0.291797183065393,0.0001887115024131,0.0002686222158432,0.0001049891371241,4.83800106159114e-05,7046380906.427446,152563843.4786126,3581371.5799640417,21.761690545782056,0.0281359927987855,153341160753.38138,3320047150.256697,77936700.05263603,1.396926732805131e-06,3.0245386141468896e-08,7.099976238293967e-10,2.0807113210230097e-07,4.50502634643514e-09,1.0575358457309607e-10
586,586,0.02,6360,100000.0,17.15,2.43,0.81,1.74245461683311,,2.0,0.0012959320065946,6360.0,1.1389039929290887,0.0003176634493041,0.0007102231327705,0.0001176143512197,-0.0002120331024758,7062829435.941053,152919976.77817327,3589731.6582672875,5.584316184231686,0.0072368940780905,39441072725.593575,853953501.2146865,20046196.596310865,1.3992259843594697e-06,3.0295168101727964e-08,7.111662342524277e-10,2.0800864203392933e-07,4.5036733504593874e-09,1.0572182356586866e-10
587,587,0.02,6370,100000.0,17.15,2.43,0.81,1.74358051810431,,2.0,0.0012938778906679,6370.0,0.2820593880420929,5.735051063711309e-05,0.0001297548106153,2.9659914336748267e-05,-0.0001013621114234,7051634504.140539,152677591.09882268,3584041.757150329,22.583896406417,0.0292208042453992,159253383137.42566,3448054900.957106,80941627.75975579,1.3959661295104472e-06,3.022458775820785e-08,7.09509390595218e-10,2.071417829786705e-07,4.484904658987728e-09,1.0528123648640683e-10
588,588,0.02,6380,100000.0,17.15,2.43,0.81,1.74470806795702,,2.0,0.0012875998414732,6380.0,0.0148357783418141,4.672313590683279e-05,0.0001856902227796,0.0001218591247456,-0.0002165709467041,7017419136.029153,151936781.29384223,3566651.5608808724,430.04147494022345,0.5537213349599497,3017781275531.7256,65339117525.274055,1533808097.8390603,1.38821739166896e-06,3.005681692053896e-08,7.055710412702788e-10,2.056049157069947e-07,4.451629367600986e-09,1.045001131208028e-10
589,589,0.02,6390,100000.0,17.15,2.43,0.81,1.74583725922556,,3.0,0.001916387004704,6390.0,0.2907772125830112,0.0001216531384234,0.0003427338100855,3.354919608459624e-05,-0.0001996860426923,10444309175.63717,226133666.55508,5308392.003030268,21.97558723132673,0.0421137297908551,229519827360.16083,4969420115.320912,116655031.5206689,2.064673810495968e-06,4.4703029291472335e-08,1.0493846706557483e-09,3.052173608608364e-07,6.6083758865281985e-09,1.551288237769755e-10
590,590,0.02,6400,100000.0,17.15,2.43,0.81,1.74696458987926,,2.0,0.0012640788372271,6400.0,0.1316136116277831,0.0001903362127381,0.0003114821707703,0.000142339126711,8.737270510039507e-06,6889229662.887945,149161302.79280323,3501498.379119194,48.62718924619941,0.0614686008399601,335003874577.78265,7253294899.115294,170268024.3266895,1.3609848211190954e-06,2.9467194292119863e-08,6.917298999082376e-10,2.008059269989695e-07,4.3477246579593405e-09,1.0206099408938448e-10
591,591,0.02,6410,100000.0,17.15,2.43,0.81,1.74809352760542,,3.0,0.0018706056721999,6410.0,0.5023460403241985,0.000282549415575,0.0003178729214288,5.779303729925907e-05,6.053924382369099e-05,10194800913.489962,220731469.3195992,5181577.711993981,12.760128448236967,0.0238691686532725,130086969160.33548,2816561901.086163,66117597.16956502,2.012444194975708e-06,4.357218623984103e-08,1.0228386091894883e-09,2.963850468277157e-07,6.417144133150543e-09,1.5063973939683904e-10
592,592,0.02,6420,100000.0,17.15,2.43,0.81,1.74922406495991,,,,6420.0,,,,,,,,,,,,,,,,,,,
593,593,0.02,6430,100000.0,17.15,2.43,0.81,1.75176443815605,,4.0,0.0025469341720685,6430.0,0.7853712652884705,0.0003675572003851,0.0005460849937212,-7.591584855379247e-05,4.4774147656783456e-05,13880791237.773542,300538232.3040877,7055007.656629856,8.187210666076803,0.020852286619355,113644962075.48495,2460569821.0838947,57760833.93561346,2.7360205554680063e-06,5.9238610191784366e-08,1.390601273146124e-09,4.014585661623717e-07,8.692130423332083e-09,2.0404407858160908e-10
594,594,0.02,6440,100000.0,17.15,2.43,0.81,1.75289859354994,,3.0,0.0019353467980203,6440.0,1.2207548702510134,7.576658102823569e-05,0.0005578124892125,4.319206450465832e-05,9.6721505513653e-05,10547640049.210709,228370922.166397,5360910.630516268,5.275424376292514,0.010209775674856,55643277427.96533,1204753529.633011,28281078.61935119,2.0774732225580474e-06,4.498015417648616e-08,1.0558900599056495e-09,3.042699651298041e-07,6.587863465195757e-09,1.546473033779004e-10
595,595,0.02,6450,100000.0,17.15,2.43,0.81,1.75403431588114,,,,6450.0,,,,,,,,,,,,,,,,,,,
596,596,0.02,6460,100000.0,17.15,2.43,0.81,1.75517159735242,,4.0,0.0026034911367609,6460.0,0.94884683436856,0.000710712118268,0.0003385648552311,2.8804595149548e-05,8.534016699539285e-05,14189026695.347084,307211954.1377901,7211670.448827784,6.808264269858696,0.0177252556833032,96602643474.00276,2091580170.6297848,49098958.24275003,2.790439883034685e-06,6.041686352258585e-08,1.418260270826803e-09,4.072292219306712e-07,8.817073061985175e-09,2.0697705408219434e-10
597,597,0.02,6470,100000.0,17.15,2.43,0.81,1.75630685568602,,2.0,0.0012996159141324,6470.0,0.2843052982961435,0.0002378537187313,0.0002036694543699,-0.0001266625046432,1.3962085835473602e-05,7082906732.021706,153354677.86762592,3599936.082146812,22.75722625914834,0.0295756534079014,161187311073.06293,3489927102.132372,81924559.93988703,1.3918630400172432e-06,3.0135750224226554e-08,7.074239671280301e-10,2.027651696787708e-07,4.3901449581825614e-09,1.0305679266242111e-10
598,598,0.02,6480,100000.0,17.15,2.43,0.81,1.75744363720894,,,,6480.0,,,,,,,,,,,,,,,,,,,
599,599,0.02,6490,100000.0,17.15,2.43,0.81,1.75858193383823,,2.0,0.0012833057498352,6490.0,1.0017729168151146,0.0003488738860188,0.0001676903313703,5.22570728533898e-05,-0.0002111843952738,6994016336.601929,151430078.48055553,3554756.9270435493,6.478514133356016,0.0083139144377244,45310833685.59847,981041903.6514896,23029542.99249684,1.372243911340974e-06,2.9710969089584392e-08,6.974524099843115e-10,1.9920254618088765e-07,4.313009256760503e-09,1.0124606475615756e-10
600,600,0.02,6500,100000.0,17.15,2.43,0.81,1.75971452816092,,6.0,0.0038097809530872,6500.0,1.051010471200647,0.0008106071521268,0.0003015069139877,6.736470098391484e-05,-1.34816103118269e-05,20763306194.32553,449554152.464296,10553093.240051694,6.184524491534865,0.0235616836117511,128411175684.04384,2780278666.186638,65265863.604550734,4.070792899350134e-06,8.81382682795075e-08,2.069008501137591e-09,5.898691668949025e-07,1.2771479209834588e-08,2.9980506280713397e-10
601,601,0.02,6510,100000.0,17.15,2.43,0.81,1.76085219547323,,3.0,0.0018796939686361,6510.0,0.952881983408195,0.0002182462921008,0.0002757430109745,5.568391063313399e-06,-3.034829216785889e-05,10244332129.067007,221803888.29906547,5206752.2931221295,6.831905853351884,0.0128418922268355,69988312636.25365,1515343282.7665927,35572041.46833442,2.0068622500693164e-06,4.345132945104209e-08,1.020001547282937e-09,2.9029302887369893e-07,6.285243560935133e-09,1.4754342935415518e-10
602,602,0.02,6520,100000.0,17.15,2.43,0.81,1.76199133287253,,,,6520.0,,,,,,,,,,,,,,,,,,,
603,603,0.02,6530,100000.0,17.15,2.43,0.81,1.7631282969213,,,,6530.0,,,,,,,,,,,,,,,,,,,
604,604,0.02,6540,100000.0,17.15,2.43,0.81,1.76426669375802,,,,6540.0,,,,,,,,,,,,,,,,,,,
605,605,0.02,6550,100000.0,17.15,2.43,0.81,1.76540651472192,,2.0,0.0013021594561082,6550.0,0.3383693965142672,0.0004884381416656,0.000140536383518,-9.34850464217875e-05,0.000266082884349,7096769035.790021,153654815.82077476,3606981.6934198826,19.35754257765395,0.0252066071145103,137376008774.08148,2974379639.5122232,69822301.70719372,1.3857644560985031e-06,3.0003707489839164e-08,7.04324319888597e-10,1.9908907641740283e-07,4.310552480230004e-09,1.0118839296811111e-10
606,606,0.02,6560,100000.0,17.15,2.43,0.81,1.7665440855632,,4.0,0.0026121490742781,6560.0,0.6280986403517345,0.0001467486432293,0.0005184949993912,-0.0001312369173096,0.0001666972564643,14236212454.815828,308233590.76481974,7235652.935750429,10.44421939255657,0.0272818580178243,148686126197.14285,3219259246.1032763,75570746.70937352,2.777671920343004e-06,6.014041955972008e-08,1.4117708659358012e-09,3.983750830350554e-07,8.625368770300282e-09,2.0247687706552352e-10
607,607,0.02,6570,100000.0,17.15,2.43,0.81,1.76768671827679,,7.0,0.0045677052055421,6570.0,0.8284472811885703,0.0003112831697838,0.0005015317512585,9.893096274003675e-06,-7.655778414829491e-05,24893993370.204563,538989214.2539704,12652543.419351676,7.930498595606525,0.0362241797176964,197421779461.44543,4274453206.6881766,100340977.81801905,4.852757166308777e-06,1.050688707567772e-07,2.4664472203073968e-09,6.948486000643255e-07,1.504442840506246e-08,3.5316158205104247e-10
608,608,0.02,6580,100000.0,17.15,2.43,0.81,1.76882706269645,,2.0,0.0012999425756703,6580.0,0.469883913676449,0.0003002190723298,0.0004063623593252,0.0001084126015087,-9.221214457290367e-05,7084687037.40339,153393223.92910093,3600840.9346068604,14.003458744771656,0.0182036922289719,99210122647.89688,2148035683.0186853,50424227.47425218,1.3799571666076292e-06,2.9877971680678944e-08,7.013727250464465e-10,1.9724998920863733e-07,4.270733711306277e-09,1.0025366423998632e-10
609,609,0.02,6590,100000.0,17.15,2.43,0.81,1.76996877531212,,,,6590.0,,,,,,,,,,,,,,,,,,,
610,610,0.02,6600,100000.0,17.15,2.43,0.81,1.77259284131932,,4.0,0.0025583083697142,6600.0,0.5295750423569078,0.0004933964476828,0.0001677622250724,0.0001088263057024,-7.313088620385093e-05,13942780614.942888,301880387.6262864,7086514.184108587,12.462822965799663,0.0318837443036727,173766406455.0166,3762281827.8333855,88317971.72117355,2.711206088366065e-06,5.8701342830678105e-08,1.3779891494998163e-09,3.862843919850306e-07,8.363588670501582e-09,1.963317001465202e-10
611,611,0.02,6610,100000.0,17.15,2.43,0.81,1.77374138198766,,2.0,0.0012637760364334,6610.0,0.498427358142811,0.000243198740862,0.0002260278190043,0.000149740418192,-0.0001672236604294,6887579398.56242,149125572.29914963,3500659.6209207163,13.261711846294926,0.0167598336334334,91341093302.21211,1977660368.745143,46424739.164610565,1.3381256103584604e-06,2.8972260921522626e-08,6.801115487509971e-10,1.9034796723323385e-07,4.121295437343411e-09,9.674566408001059e-11
612,612,0.02,6620,100000.0,17.15,2.43,0.81,1.77488753521596,,,,6620.0,,,,,,,,,,,,,,,,,,,
613,613,0.02,6630,100000.0,17.15,2.43,0.81,1.7760350086535,,4.0,0.0025285029702133,6630.0,0.2071445328504316,0.0002434568699569,0.0003039314277791,-0.0001651068080686,1.4949915972284446e-05,13780341187.662916,298363350.4851787,7003953.22749106,32.00663763009946,0.0809288783142498,441062386812.66144,9549607641.081476,224172992.930472,2.6727699276520963e-06,5.786914705742153e-08,1.358453706347946e-09,3.7895819841636013e-07,8.20496649782211e-09,1.926081118556546e-10
614,614,0.02,6640,100000.0,17.15,2.43,0.81,1.77718003434402,,,,6640.0,,,,,,,,,,,,,,,,,,,
615,615,0.02,6650,100000.0,17.15,2.43,0.81,1.77833010926413,,,,6650.0,,,,,,,,,,,,,,,,,,,
616,616,0.02,6660,100000.0,17.15,2.43,0.81,1.77947769639619,,,,6660.0,,,,,,,,,,,,,,,,,,,
617,617,0.02,6670,100000.0,17.15,2.43,0.81,1.78062275472535,,3.0,0.0019661236557346,6670.0,0.4200332799731368,0.0003329376259113,0.0001623079985219,0.0001577718252983,-6.568151605645932e-05,10715373923.754034,232002591.3766929,5446162.526385078,15.879694105254185,0.0312214422261708,170156860132.63132,3684130182.6881647,86483394.96649335,2.071031860216793e-06,4.484068981753791e-08,1.052616193174407e-09,2.917883818020275e-07,6.317620009658576e-09,1.4830345276910387e-10
618,618,0.02,6680,100000.0,17.15,2.43,0.81,1.78177284335096,,,,6680.0,,,,,,,,,,,,,,,,,,,
619,619,0.02,6690,100000.0,17.15,2.43,0.81,1.7829241730651,,,,6690.0,,,,,,,,,,,,,,,,,,,
620,620,0.02,6700,100000.0,17.15,2.43,0.81,1.7840729127297,,,,6700.0,,,,,,,,,,,,,,,,,,,
621,621,0.02,6710,100000.0,17.15,2.43,0.81,1.78522668397861,,,,6710.0,,,,,,,,,,,,,,,,,,,
622,622,0.02,6720,100000.0,17.15,2.43,0.81,1.78637782384419,,2.0,0.0012628889740604,6720.0,0.750116519455731,9.829357476148332e-05,0.0006534368394023,0.0001989639085163,0.0002393714995874,6882744908.629263,149020898.939129,3498202.4581473502,8.958608197131683,0.0113137275150848,61659814957.21248,1335019846.780013,31339025.21678506,1.3241655488223228e-06,2.8670006378171392e-08,6.73016251419786e-10,1.85151422209021e-07,4.008783086360455e-09,9.410448431541067e-11
623,623,0.02,6730,100000.0,17.15,2.43,0.81,1.78753014313729,,5.0,0.0031081056681627,6730.0,0.8999103599632382,0.0005628544034155,0.0004034310737708,4.008627549800854e-05,9.501767588268598e-05,16939175891.48689,366756468.8432024,8609452.70081077,7.478522638938087,0.0232440386035667,126680010389.43898,2742796555.2208805,64385986.931880005,3.25609220907666e-06,7.049887718734786e-08,1.654931269567403e-09,4.545764006340465e-07,9.842204637581193e-09,2.3104158344152456e-10
624,624,0.02,6740,100000.0,17.15,2.43,0.81,1.78867976819407,,,,6740.0,,,,,,,,,,,,,,,,,,,
625,625,0.02,6750,100000.0,17.15,2.43,0.81,1.78983440448888,,,,6750.0,,,,,,,,,,,,,,,,,,,
626,626,0.02,6760,100000.0,17.15,2.43,0.81,1.79099018877146,,2.0,0.0013073678244684,6760.0,0.3054804973709999,0.0001336711867524,0.0001698832243991,-0.0001081492950414,-6.17032218295232e-05,7125154643.353067,154269403.28727743,3621408.8737776144,22.129072258875222,0.0289308370565908,157673061958.42035,3413838772.6777253,80138418.64675677,1.3657659156442086e-06,2.9570711568076448e-08,6.941599240980656e-10,1.89840607779248e-07,4.110310406963533e-09,9.648779514651686e-11
627,627,0.02,6770,100000.0,17.15,2.43,0.81,1.79214321531887,,2.0,0.0013139731019302,6770.0,1.2361563384973784,0.0003766706868074,0.0004743600762515,-0.0001925093337754,0.0001538848987854,7161153405.520112,155048826.0277749,3639705.492346919,5.476653550334367,0.0071961754537304,39219156222.83077,849148703.5401891,19933406.00683325,1.3713567756311995e-06,2.969176138063881e-08,6.970015171556736e-10,1.9034053522048737e-07,4.12113452403991e-09,9.674188670839447e-11
628,628,0.02,6780,100000.0,17.15,2.43,0.81,1.79485799913256,,3.0,0.0019731977107366,6780.0,0.2573419564588606,0.0003841382285777,0.0003047642858503,0.000150427571515,2.0765879978666675e-08,10753927523.514809,232837329.86692613,5465757.658740554,26.346267407366465,0.0519863945346714,283325850213.9593,6134394555.09123,144002312.8610399,2.0575065335876423e-06,4.4547847883182e-08,1.045741852850967e-09,2.851487143433053e-07,6.1738620720201876e-09,1.4492879609742305e-10
629,629,0.02,6790,100000.0,17.15,2.43,0.81,1.79601748694475,,3.0,0.0019691595732273,6790.0,0.6827725337429897,0.0004147613431783,0.0002320581906311,-1.4716213522225604e-05,0.0001999692577633,10731919674.088924,232360829.6408244,5454572.017839692,9.944746843838187,0.0195827934508661,106726224307.22078,2310769627.202211,54244337.85889937,2.051304052500323e-06,4.441355563211709e-08,1.0425893991607147e-09,2.8388317834326853e-07,6.146461476056088e-09,1.4428557871758786e-10
630,630,0.02,6800,100000.0,17.15,2.43,0.81,1.79717806739436,,,,6800.0,,,,,,,,,,,,,,,,,,,
631,631,0.02,6810,100000.0,17.15,2.43,0.81,1.79833578017,,,,6810.0,,,,,,,,,,,,,,,,,,,
632,632,0.02,6820,100000.0,17.15,2.43,0.81,1.79949454191591,,,,6820.0,,,,,,,,,,,,,,,,,,,
633,633,0.02,6830,100000.0,17.15,2.43,0.81,1.8006543413666,,,,6830.0,,,,,,,,,,,,,,,,,,,
634,634,0.02,6840,100000.0,17.15,2.43,0.81,1.80181516717552,,,,6840.0,,,,,,,,,,,,,,,,,,,
635,635,0.02,6850,100000.0,17.15,2.43,0.81,1.80297700791476,,,,6850.0,,,,,,,,,,,,,,,,,,,
636,636,0.02,6860,100000.0,17.15,2.43,0.81,1.8041398520748,,,,6860.0,,,,,,,,,,,,,,,,,,,
637,637,0.02,6870,100000.0,17.15,2.43,0.81,1.80530368806424,,,,6870.0,,,,,,,,,,,,,,,,,,,
638,638,0.02,6880,100000.0,17.15,2.43,0.81,1.80646850420952,,,,6880.0,,,,,,,,,,,,,,,,,,,
639,639,0.02,6890,100000.0,17.15,2.43,0.81,1.80763428875468,,,,6890.0,,,,,,,,,,,,,,,,,,,
640,640,0.02,6900,100000.0,17.15,2.43,0.81,1.80879698312742,,,,6900.0,,,,,,,,,,,,,,,,,,,
641,641,0.02,6910,100000.0,17.15,2.43,0.81,1.80996060028449,,,,6910.0,,,,,,,,,,,,,,,,,,,
642,642,0.02,6920,100000.0,17.15,2.43,0.81,1.81112512815564,,,,6920.0,,,,,,,,,,,,,,,,,,,
643,643,0.02,6930,100000.0,17.15,2.43,0.81,1.81229055458748,,,,6930.0,,,,,,,,,,,,,,,,,,,
644,644,0.02,6940,100000.0,17.15,2.43,0.81,1.81345686734323,,,,6940.0,,,,,,,,,,,,,,,,,,,
645,645,0.02,6950,100000.0,17.15,2.43,0.81,1.81626299505276,,,,6950.0,,,,,,,,,,,,,,,,,,,
646,646,0.02,6960,100000.0,17.15,2.43,0.81,1.81743545042217,,,,6960.0,,,,,,,,,,,,,,,,,,,
647,647,0.02,6970,100000.0,17.15,2.43,0.81,1.81860462757994,,,,6970.0,,,,,,,,,,,,,,,,,,,
648,648,0.02,6980,100000.0,17.15,2.43,0.81,1.81977877461054,,,,6980.0,,,,,,,,,,,,,,,,,,,
649,649,0.02,6990,100000.0,17.15,2.43,0.81,1.82094959590876,,,,6990.0,,,,,,,,,,,,,,,,,,,
650,650,0.02,7000,100000.0,17.15,2.43,0.81,1.82212538377739,,,,7000.0,,,,,,,,,,,,,,,,,,,
651,651,0.02,7010,100000.0,17.15,2.43,0.81,1.82329779796716,,,,7010.0,,,,,,,,,,,,,,,,,,,
652,652,0.02,7020,100000.0,17.15,2.43,0.81,1.82447098358789,,,,7020.0,,,,,,,,,,,,,,,,,,,
653,653,0.02,7030,100000.0,17.15,2.43,0.81,1.82564913031762,,,,7030.0,,,,,,,,,,,,,,,,,,,
654,654,0.02,7040,100000.0,17.15,2.43,0.81,1.82682383065328,,,,7040.0,,,,,,,,,,,,,,,,,,,
655,655,0.02,7050,100000.0,17.15,2.43,0.81,1.82799926291382,,,,7050.0,,,,,,,,,,,,,,,,,,,
656,656,0.02,7060,100000.0,17.15,2.43,0.81,1.82917541375128,,,,7060.0,,,,,,,,,,,,,,,,,,,
657,657,0.02,7070,100000.0,17.15,2.43,0.81,1.83034802200767,,,,7070.0,,,,,,,,,,,,,,,,,,,
658,658,0.02,7080,100000.0,17.15,2.43,0.81,1.8315255583186,,,,7080.0,,,,,,,,,,,,,,,,,,,
659,659,0.02,7090,100000.0,17.15,2.43,0.81,1.83269950233006,,,,7090.0,,,,,,,,,,,,,,,,,,,
660,660,0.02,7100,100000.0,17.15,2.43,0.81,1.83387836960085,,,,7100.0,,,,,,,,,,,,,,,,,,,
661,661,0.02,7110,100000.0,17.15,2.43,0.81,1.8350535944249,,,,7110.0,,,,,,,,,,,,,,,,,,,
662,662,0.02,7120,100000.0,17.15,2.43,0.81,1.83795809373492,,,,7120.0,,,,,,,,,,,,,,,,,,,
663,663,0.02,7130,100000.0,17.15,2.43,0.81,1.83914342642719,,,,7130.0,,,,,,,,,,,,,,,,,,,
664,664,0.02,7140,100000.0,17.15,2.43,0.81,1.84032503538016,,,,7140.0,,,,,,,,,,,,,,,,,,,
665,665,0.02,7150,100000.0,17.15,2.43,0.81,1.84151157571023,,,,7150.0,,,,,,,,,,,,,,,,,,,
666,666,0.02,7160,100000.0,17.15,2.43,0.81,1.84269434090229,,,,7160.0,,,,,,,,,,,,,,,,,,,
667,667,0.02,7170,100000.0,17.15,2.43,0.81,1.84388203176379,,,,7170.0,,,,,,,,,,,,,,,,,,,
668,668,0.02,7180,100000.0,17.15,2.43,0.81,1.84506589565446,,,,7180.0,,,,,,,,,,,,,,,,,,,
669,669,0.02,7190,100000.0,17.15,2.43,0.81,1.84625467923074,,,,7190.0,,,,,,,,,,,,,,,,,,,
670,670,0.02,7200,100000.0,17.15,2.43,0.81,1.84743958356864,,,,7200.0,,,,,,,,,,,,,,,,,,,
671,671,0.02,7210,100000.0,17.15,2.43,0.81,1.84862940133004,,,,7210.0,,,,,,,,,,,,,,,,,,,
672,672,0.02,7220,100000.0,17.15,2.43,0.81,1.84981528715021,,,,7220.0,,,,,,,,,,,,,,,,,,,
673,673,0.02,7230,100000.0,17.15,2.43,0.81,1.85100163557289,,,,7230.0,,,,,,,,,,,,,,,,,,,
674,674,0.02,7240,100000.0,17.15,2.43,0.81,1.85218843156914,,,,7240.0,,,,,,,,,,,,,,,,,,,
675,675,0.02,7250,100000.0,17.15,2.43,0.81,1.85337566002035,,,,7250.0,,,,,,,,,,,,,,,,,,,
676,676,0.02,7260,100000.0,17.15,2.43,0.81,1.85456330571802,,,,7260.0,,,,,,,,,,,,,,,,,,,
677,677,0.02,7270,100000.0,17.15,2.43,0.81,1.85575584425622,,,,7270.0,,,,,,,,,,,,,,,,,,,
678,678,0.02,7280,100000.0,17.15,2.43,0.81,1.8569442901614,,,,7280.0,,,,,,,,,,,,,,,,,,,
679,679,0.02,7290,100000.0,17.15,2.43,0.81,1.8599416691501,,,,7290.0,,,,,,,,,,,,,,,,,,,
680,680,0.02,7300,100000.0,17.15,2.43,0.81,1.86114008778218,,,,7300.0,,,,,,,,,,,,,,,,,,,
681,681,0.02,7310,100000.0,17.15,2.43,0.81,1.86233432512373,,,,7310.0,,,,,,,,,,,,,,,,,,,
682,682,0.02,7320,100000.0,17.15,2.43,0.81,1.86353345786491,,,,7320.0,,,,,,,,,,,,,,,,,,,
683,683,0.02,7330,100000.0,17.15,2.43,0.81,1.86473292987397,,,,7330.0,,,,,,,,,,,,,,,,,,,
684,684,0.02,7340,100000.0,17.15,2.43,0.81,1.86592813746768,,,,7340.0,,,,,,,,,,,,,,,,,,,
685,685,0.02,7350,100000.0,17.15,2.43,0.81,1.86712822823299,,,,7350.0,,,,,,,,,,,,,,,,,,,
686,686,0.02,7360,100000.0,17.15,2.43,0.81,1.86832399862256,,,,7360.0,,,,,,,,,,,,,,,,,,,
687,687,0.02,7370,100000.0,17.15,2.43,0.81,1.86952002014486,,,,7370.0,,,,,,,,,,,,,,,,,,,
688,688,0.02,7380,100000.0,17.15,2.43,0.81,1.87072091189329,,,,7380.0,,,,,,,,,,,,,,,,,,,
689,689,0.02,7390,100000.0,17.15,2.43,0.81,1.87191739851127,,,,7390.0,,,,,,,,,,,,,,,,,,,
690,690,0.02,7400,100000.0,17.15,2.43,0.81,1.87311874637202,,,,7400.0,,,,,,,,,,,,,,,,,,,
691,691,0.02,7410,100000.0,17.15,2.43,0.81,1.87432030347042,,,,7410.0,,,,,,,,,,,,,,,,,,,
692,692,0.02,7420,100000.0,17.15,2.43,0.81,1.87552205314643,,,,7420.0,,,,,,,,,,,,,,,,,,,
693,693,0.02,7430,100000.0,17.15,2.43,0.81,1.87671928311662,,,,7430.0,,,,,,,,,,,,,,,,,,,
694,694,0.02,7440,100000.0,17.15,2.43,0.81,1.87792135551894,,,,7440.0,,,,,,,,,,,,,,,,,,,
695,695,0.02,7450,100000.0,17.15,2.43,0.81,1.87912356994548,,,,7450.0,,,,,,,,,,,,,,,,,,,
696,696,0.02,7460,100000.0,17.15,2.43,0.81,1.882221662924,,,,7460.0,,,,,,,,,,,,,,,,,,,
697,697,0.02,7470,100000.0,17.15,2.43,0.81,1.88342897324639,,,,7470.0,,,,,,,,,,,,,,,,,,,
698,698,0.02,7480,100000.0,17.15,2.43,0.81,1.88463638090579,,,,7480.0,,,,,,,,,,,,,,,,,,,
699,699,0.02,7490,100000.0,17.15,2.43,0.81,1.88584865215116,,,,7490.0,,,,,,,,,,,,,,,,,,,
700,700,0.02,7500,100000.0,17.15,2.43,0.81,1.88705621453883,,,,7500.0,,,,,,,,,,,,,,,,,,,
701,701,0.02,7510,100000.0,17.15,2.43,0.81,1.88826382191019,,,,7510.0,,,,,,,,,,,,,,,,,,,
702,702,0.02,7520,100000.0,17.15,2.43,0.81,1.88947145662132,,,,7520.0,,,,,,,,,,,,,,,,,,,
703,703,0.02,7530,100000.0,17.15,2.43,0.81,1.89189158201575,,,,7530.0,,,,,,,,,,,,,,,,,,,
704,704,0.02,7540,100000.0,17.15,2.43,0.81,1.89431652176622,,,,7540.0,,,,,,,,,,,,,,,,,,,
705,705,0.02,7550,100000.0,17.15,2.43,0.81,1.8967364168334,,,,7550.0,,,,,,,,,,,,,,,,,,,
706,706,0.02,7560,100000.0,17.15,2.43,0.81,1.89916580511888,,,,7560.0,,,,,,,,,,,,,,,,,,,
707,707,0.02,7570,100000.0,17.15,2.43,0.81,1.90357578030329,,,,7570.0,,,,,,,,,,,,,,,,,,,
708,708,0.02,7580,100000.0,17.15,2.43,0.81,1.90601426506034,,,,7580.0,,,,,,,,,,,,,,,,,,,
709,709,0.02,7590,100000.0,17.15,2.43,0.81,1.90845709283376,,,,7590.0,,,,,,,,,,,,,,,,,,,
710,710,0.02,7600,100000.0,17.15,2.43,0.81,1.91089411501287,,,,7600.0,,,,,,,,,,,,,,,,,,,
711,711,0.02,7610,100000.0,17.15,2.43,0.81,1.9133402868826,,,,7610.0,,,,,,,,,,,,,,,,,,,
712,712,0.02,7620,100000.0,17.15,2.43,0.81,1.91578543191461,,,,7620.0,,,,,,,,,,,,,,,,,,,
713,713,0.02,7630,100000.0,17.15,2.43,0.81,1.91822939385235,,,,7630.0,,,,,,,,,,,,,,,,,,,
714,714,0.02,7640,100000.0,17.15,2.43,0.81,1.92068229126587,,,,7640.0,,,,,,,,,,,,,,,,,,,
715,715,0.02,7650,100000.0,17.15,2.43,0.81,1.92520281678976,,,,7650.0,,,,,,,,,,,,,,,,,,,
716,716,0.02,7660,100000.0,17.15,2.43,0.81,1.92766308819518,,,,7660.0,,,,,,,,,,,,,,,,,,,
717,717,0.02,7670,100000.0,17.15,2.43,0.81,1.93012689329961,,,,7670.0,,,,,,,,,,,,,,,,,,,
718,718,0.02,7680,100000.0,17.15,2.43,0.81,1.93258888691182,,,,7680.0,,,,,,,,,,,,,,,,,,,
719,719,0.02,7690,100000.0,17.15,2.43,0.81,1.93505418872902,,,,7690.0,,,,,,,,,,,,,,,,,,,
720,720,0.02,7700,100000.0,17.15,2.43,0.81,1.93752271021902,,,,7700.0,,,,,,,,,,,,,,,,,,,
721,721,0.02,7710,100000.0,17.15,2.43,0.81,1.93999436174058,,,,7710.0,,,,,,,,,,,,,,,,,,,
722,722,0.02,7720,100000.0,17.15,2.43,0.81,1.94246368835283,,,,7720.0,,,,,,,,,,,,,,,,,,,
723,723,0.02,7730,100000.0,17.15,2.43,0.81,1.9470958399254,,,,7730.0,,,,,,,,,,,,,,,,,,,
724,724,0.02,7740,100000.0,17.15,2.43,0.81,1.94958694410842,,,,7740.0,,,,,,,,,,,,,,,,,,,
725,725,0.02,7750,100000.0,17.15,2.43,0.81,1.95206991987096,,,,7750.0,,,,,,,,,,,,,,,,,,,
726,726,0.02,7760,100000.0,17.15,2.43,0.81,1.95455548934364,,,,7760.0,,,,,,,,,,,,,,,,,,,
727,727,0.02,7770,100000.0,17.15,2.43,0.81,1.95704355532571,,,,7770.0,,,,,,,,,,,,,,,,,,,
728,728,0.02,7780,100000.0,17.15,2.43,0.81,1.95953401946919,,,,7780.0,,,,,,,,,,,,,,,,,,,
729,729,0.02,7790,100000.0,17.15,2.43,0.81,1.96202678227401,,,,7790.0,,,,,,,,,,,,,,,,,,,
730,730,0.02,7800,100000.0,17.15,2.43,0.81,1.96452174308398,,,,7800.0,,,,,,,,,,,,,,,,,,,
731,731,0.02,7810,100000.0,17.15,2.43,0.81,1.96926697564054,,,,7810.0,,,,,,,,,,,,,,,,,,,
732,732,0.02,7820,100000.0,17.15,2.43,0.81,1.97177696436513,,,,7820.0,,,,,,,,,,,,,,,,,,,
733,733,0.02,7830,100000.0,17.15,2.43,0.81,1.97428887622666,,,,7830.0,,,,,,,,,,,,,,,,,,,
734,734,0.02,7840,100000.0,17.15,2.43,0.81,1.97679687857807,,,,7840.0,,,,,,,,,,,,,,,,,,,
735,735,0.02,7850,100000.0,17.15,2.43,0.81,1.97930653618638,,,,7850.0,,,,,,,,,,,,,,,,,,,
736,736,0.02,7860,100000.0,17.15,2.43,0.81,1.98181774079886,,,,7860.0,,,,,,,,,,,,,,,,,,,
737,737,0.02,7870,100000.0,17.15,2.43,0.81,1.98433038297522,,,,7870.0,,,,,,,,,,,,,,,,,,,
738,738,0.02,7880,100000.0,17.15,2.43,0.81,1.98684435208453,,,,7880.0,,,,,,,,,,,,,,,,,,,
739,739,0.02,7890,100000.0,17.15,2.43,0.81,1.99171610403242,,,,7890.0,,,,,,,,,,,,,,,,,,,
740,740,0.02,7900,100000.0,17.15,2.43,0.81,1.99424960220818,,,,7900.0,,,,,,,,,,,,,,,,,,,
741,741,0.02,7910,100000.0,17.15,2.43,0.81,1.99677823265283,,,,7910.0,,,,,,,,,,,,,,,,,,,
742,742,0.02,7920,100000.0,17.15,2.43,0.81,1.99930776680493,,,,7920.0,,,,,,,,,,,,,,,,,,,
743,743,0.02,7930,100000.0,17.15,2.43,0.81,2.00184408840046,,,,7930.0,,,,,,,,,,,,,,,,,,,
744,744,0.02,7940,100000.0,17.15,2.43,0.81,2.0043751062766,,,,7940.0,,,,,,,,,,,,,,,,,,,
745,745,0.02,7950,100000.0,17.15,2.43,0.81,2.0069127312489,,,,7950.0,,,,,,,,,,,,,,,,,,,
746,746,0.02,7960,100000.0,17.15,2.43,0.81,2.00945084213495,,,,7960.0,,,,,,,,,,,,,,,,,,,
747,747,0.02,7970,100000.0,17.15,2.43,0.81,2.01444614549323,,,,7970.0,,,,,,,,,,,,,,,,,,,
748,748,0.02,7980,100000.0,17.15,2.43,0.81,2.01699648624426,,,,7980.0,,,,,,,,,,,,,,,,,,,
749,749,0.02,7990,100000.0,17.15,2.43,0.81,2.01955316934847,,,,7990.0,,,,,,,,,,,,,,,,,,,
750,750,0.02,8000,100000.0,17.15,2.43,0.81,2.02210370595017,,,,8000.0,,,,,,,,,,,,,,,,,,,
