"Harmonic Energy (eV)"	"Harmonic: 1"	"Harmonic Energy (eV)"	"Harmonic: 3"	"Harmonic Energy (eV)"	"Harmonic: 5"	"Harmonic Energy (eV)"	"Harmonic: 7"
5.30327e+2	2.09865e+14	1.59098e+3	4.22966e+12	2.65164e+3	9.30381e+10	3.71229e+3	2.07991e+9
5.30091e+2	2.10566e+14	1.59027e+3	4.27342e+12	2.65046e+3	9.46633e+10	3.71064e+3	2.13119e+9
5.29855e+2	2.11268e+14	1.58957e+3	4.31752e+12	2.64928e+3	9.63126e+10	3.70899e+3	2.18361e+9
5.29619e+2	2.11971e+14	1.58886e+3	4.36195e+12	2.64809e+3	9.79863e+10	3.70733e+3	2.23717e+9
5.29382e+2	2.12673e+14	1.58815e+3	4.40673e+12	2.64691e+3	9.96847e+10	3.70567e+3	2.29191e+9
5.29145e+2	2.13376e+14	1.58744e+3	4.45186e+12	2.64573e+3	1.01408e+11	3.70402e+3	2.34784e+9
5.28908e+2	2.14080e+14	1.58672e+3	4.49732e+12	2.64454e+3	1.03157e+11	3.70236e+3	2.40500e+9
5.28671e+2	2.14784e+14	1.58601e+3	4.54313e+12	2.64335e+3	1.04931e+11	3.70070e+3	2.46339e+9
5.28433e+2	2.15621e+14	1.58530e+3	4.58929e+12	2.64217e+3	1.06732e+11	3.69903e+3	2.52305e+9
5.28195e+2	2.16326e+14	1.58459e+3	4.63580e+12	2.64098e+3	1.08558e+11	3.69737e+3	2.58400e+9
5.27957e+2	2.17032e+14	1.58387e+3	4.68266e+12	2.63979e+3	1.10411e+11	3.69570e+3	2.64627e+9
5.27719e+2	2.17738e+14	1.58316e+3	4.72987e+12	2.63859e+3	1.12291e+11	3.69403e+3	2.70987e+9
5.27480e+2	2.18445e+14	1.58244e+3	4.77743e+12	2.63740e+3	1.14198e+11	3.69236e+3	2.77484e+9
5.27241e+2	2.19152e+14	1.58172e+3	4.82535e+12	2.63621e+3	1.16132e+11	3.69069e+3	2.84119e+9
5.27002e+2	2.19859e+14	1.58101e+3	4.87362e+12	2.63501e+3	1.18094e+11	3.68901e+3	2.90896e+9
5.26763e+2	2.20567e+14	1.58029e+3	4.92226e+12	2.63381e+3	1.20085e+11	3.68734e+3	2.97817e+9
5.26523e+2	2.21275e+14	1.57957e+3	4.97125e+12	2.63261e+3	1.22103e+11	3.68566e+3	3.04885e+9
5.26283e+2	2.21983e+14	1.57885e+3	5.02060e+12	2.63142e+3	1.24151e+11	3.68398e+3	3.12103e+9
5.26043e+2	2.22692e+14	1.57813e+3	5.07032e+12	2.63021e+3	1.26227e+11	3.68230e+3	3.19472e+9
5.25803e+2	2.23402e+14	1.57741e+3	5.12040e+12	2.62901e+3	1.28333e+11	3.68062e+3	3.26997e+9
5.25562e+2	2.24111e+14	1.57669e+3	5.17085e+12	2.62781e+3	1.30469e+11	3.67893e+3	3.34680e+9
5.25321e+2	2.24821e+14	1.57596e+3	5.22167e+12	2.62661e+3	1.32635e+11	3.67725e+3	3.42523e+9
5.25080e+2	2.25532e+14	1.57524e+3	5.27285e+12	2.62540e+3	1.34831e+11	3.67556e+3	3.50530e+9
5.24839e+2	2.26243e+14	1.57452e+3	5.32440e+12	2.62419e+3	1.37058e+11	3.67387e+3	3.58704e+9
5.24597e+2	2.26812e+14	1.57379e+3	5.37633e+12	2.62299e+3	1.39316e+11	3.67218e+3	3.67047e+9
5.24355e+2	2.27523e+14	1.57307e+3	5.42863e+12	2.62178e+3	1.41605e+11	3.67049e+3	3.75564e+9
5.24113e+2	2.28235e+14	1.57234e+3	5.48130e+12	2.62057e+3	1.43926e+11	3.66879e+3	3.84256e+9
5.23871e+2	2.28946e+14	1.57161e+3	5.53436e+12	2.61935e+3	1.46280e+11	3.66710e+3	3.93127e+9
5.23628e+2	2.29658e+14	1.57088e+3	5.58778e+12	2.61814e+3	1.48666e+11	3.66540e+3	4.02180e+9
5.23386e+2	2.30371e+14	1.57016e+3	5.64159e+12	2.61693e+3	1.51085e+11	3.66370e+3	4.11419e+9
5.23143e+2	2.31084e+14	1.56943e+3	5.69578e+12	2.61571e+3	1.53537e+11	3.66200e+3	4.20846e+9
5.22899e+2	2.31797e+14	1.56870e+3	5.75044e+12	2.61450e+3	1.56022e+11	3.66029e+3	4.30466e+9
5.22656e+2	2.32510e+14	1.56797e+3	5.80539e+12	2.61328e+3	1.58542e+11	3.65859e+3	4.40281e+9
5.22412e+2	2.33224e+14	1.56724e+3	5.86066e+12	2.61206e+3	1.61096e+11	3.65688e+3	4.50295e+9
5.22168e+2	2.33938e+14	1.56650e+3	5.91639e+12	2.61084e+3	1.63684e+11	3.65518e+3	4.60511e+9
5.21924e+2	2.34653e+14	1.56577e+3	5.97251e+12	2.60962e+3	1.66308e+11	3.65347e+3	4.70934e+9
5.21680e+2	2.35368e+14	1.56504e+3	6.02902e+12	2.60840e+3	1.68967e+11	3.65176e+3	4.81566e+9
5.21435e+2	2.36083e+14	1.56431e+3	6.08592e+12	2.60718e+3	1.71662e+11	3.65005e+3	4.92411e+9
5.21190e+2	2.36946e+14	1.56357e+3	6.14322e+12	2.60595e+3	1.74393e+11	3.64833e+3	5.03473e+9
5.20945e+2	2.37662e+14	1.56284e+3	6.20091e+12	2.60473e+3	1.77161e+11	3.64662e+3	5.14756e+9
5.20700e+2	2.38379e+14	1.56210e+3	6.25900e+12	2.60350e+3	1.79965e+11	3.64490e+3	5.26264e+9
5.20454e+2	2.39095e+14	1.56136e+3	6.31748e+12	2.60227e+3	1.82807e+11	3.64318e+3	5.38000e+9
5.20209e+2	2.39813e+14	1.56063e+3	6.37636e+12	2.60104e+3	1.85687e+11	3.64146e+3	5.49968e+9
5.19963e+2	2.40530e+14	1.55989e+3	6.43565e+12	2.59981e+3	1.88605e+11	3.63974e+3	5.62172e+9
5.19716e+2	2.41247e+14	1.55915e+3	6.49534e+12	2.59858e+3	1.91562e+11	3.63802e+3	5.74617e+9
5.19470e+2	2.41965e+14	1.55841e+3	6.55543e+12	2.59735e+3	1.94557e+11	3.63629e+3	5.87306e+9
5.19223e+2	2.42684e+14	1.55767e+3	6.61593e+12	2.59612e+3	1.97592e+11	3.63456e+3	6.00243e+9
5.18977e+2	2.43402e+14	1.55693e+3	6.67683e+12	2.59488e+3	2.00667e+11	3.63284e+3	6.13434e+9
5.18730e+2	2.44121e+14	1.55619e+3	6.73815e+12	2.59365e+3	2.03782e+11	3.63111e+3	6.26881e+9
5.18482e+2	2.44840e+14	1.55545e+3	6.79987e+12	2.59241e+3	2.06938e+11	3.62938e+3	6.40590e+9
5.18235e+2	2.45559e+14	1.55470e+3	6.86200e+12	2.59117e+3	2.10134e+11	3.62764e+3	6.54564e+9
5.17987e+2	2.46279e+14	1.55396e+3	6.92455e+12	2.58994e+3	2.13372e+11	3.62591e+3	6.68808e+9
5.17739e+2	2.46999e+14	1.55322e+3	6.98751e+12	2.58870e+3	2.16652e+11	3.62417e+3	6.83328e+9
5.17491e+2	2.47719e+14	1.55247e+3	7.05254e+12	2.58746e+3	2.19975e+11	3.62244e+3	6.98126e+9
5.17243e+2	2.48282e+14	1.55173e+3	7.11637e+12	2.58621e+3	2.23340e+11	3.62070e+3	7.13208e+9
5.16994e+2	2.49002e+14	1.55098e+3	7.17890e+12	2.58497e+3	2.26748e+11	3.61896e+3	7.28579e+9
5.16746e+2	2.49722e+14	1.55024e+3	7.24354e+12	2.58373e+3	2.30200e+11	3.61722e+3	7.44243e+9
5.16497e+2	2.50443e+14	1.54949e+3	7.30859e+12	2.58248e+3	2.33696e+11	3.61548e+3	7.60205e+9
5.16247e+2	2.51163e+14	1.54874e+3	7.37407e+12	2.58124e+3	2.37236e+11	3.61373e+3	7.76471e+9
5.15998e+2	2.51885e+14	1.54799e+3	7.43998e+12	2.57999e+3	2.40821e+11	3.61199e+3	7.93044e+9
5.15749e+2	2.52606e+14	1.54725e+3	7.50631e+12	2.57874e+3	2.44452e+11	3.61024e+3	8.09930e+9
5.15499e+2	2.53327e+14	1.54650e+3	7.57307e+12	2.57749e+3	2.48128e+11	3.60849e+3	8.27134e+9
5.15249e+2	2.54049e+14	1.54575e+3	7.64025e+12	2.57624e+3	2.51851e+11	3.60674e+3	8.44662e+9
5.14999e+2	2.54771e+14	1.54500e+3	7.70787e+12	2.57499e+3	2.55620e+11	3.60499e+3	8.62518e+9
5.14748e+2	2.55493e+14	1.54424e+3	7.77592e+12	2.57374e+3	2.59437e+11	3.60324e+3	8.80708e+9
5.14498e+2	2.56215e+14	1.54349e+3	7.84440e+12	2.57249e+3	2.63301e+11	3.60148e+3	8.99236e+9
5.14247e+2	2.56938e+14	1.54274e+3	7.91332e+12	2.57123e+3	2.67214e+11	3.59973e+3	9.18110e+9
5.13996e+2	2.57661e+14	1.54199e+3	7.98267e+12	2.56998e+3	2.71175e+11	3.59797e+3	9.37333e+9
5.13745e+2	2.58547e+14	1.54123e+3	8.05247e+12	2.56872e+3	2.75185e+11	3.59621e+3	9.56912e+9
5.13493e+2	2.59271e+14	1.54048e+3	8.12270e+12	2.56747e+3	2.79245e+11	3.59445e+3	9.76852e+9
5.13242e+2	2.59995e+14	1.53973e+3	8.19337e+12	2.56621e+3	2.83354e+11	3.59269e+3	9.97159e+9
5.12990e+2	2.60719e+14	1.53897e+3	8.26449e+12	2.56495e+3	2.87515e+11	3.59093e+3	1.01784e+10
5.12738e+2	2.61443e+14	1.53821e+3	8.33605e+12	2.56369e+3	2.91726e+11	3.58917e+3	1.03890e+10
5.12486e+2	2.62167e+14	1.53746e+3	8.40805e+12	2.56243e+3	2.95988e+11	3.58740e+3	1.06034e+10
5.12234e+2	2.62892e+14	1.53670e+3	8.48050e+12	2.56117e+3	3.00303e+11	3.58563e+3	1.08217e+10
5.11981e+2	2.63617e+14	1.53594e+3	8.55569e+12	2.55991e+3	3.04670e+11	3.58387e+3	1.10440e+10
5.11728e+2	2.64342e+14	1.53518e+3	8.62675e+12	2.55864e+3	3.09090e+11	3.58210e+3	1.12704e+10
5.11475e+2	2.65067e+14	1.53443e+3	8.70054e+12	2.55738e+3	3.13564e+11	3.58033e+3	1.15008e+10
5.11222e+2	2.65792e+14	1.53367e+3	8.77479e+12	2.55611e+3	3.18091e+11	3.57856e+3	1.17354e+10
5.10969e+2	2.66517e+14	1.53291e+3	8.84950e+12	2.55485e+3	3.22673e+11	3.57678e+3	1.19742e+10
5.10716e+2	2.67243e+14	1.53215e+3	8.92466e+12	2.55358e+3	3.27310e+11	3.57501e+3	1.22173e+10
5.10462e+2	2.67968e+14	1.53139e+3	9.00027e+12	2.55231e+3	3.32002e+11	3.57323e+3	1.24647e+10
5.10208e+2	2.68694e+14	1.53062e+3	9.07634e+12	2.55104e+3	3.36750e+11	3.57146e+3	1.27165e+10
5.09954e+2	2.69420e+14	1.52986e+3	9.15287e+12	2.54977e+3	3.41555e+11	3.56968e+3	1.29729e+10
5.09700e+2	2.69973e+14	1.52910e+3	9.22986e+12	2.54850e+3	3.46417e+11	3.56790e+3	1.32337e+10
5.09445e+2	2.70699e+14	1.52834e+3	9.30732e+12	2.54723e+3	3.51336e+11	3.56612e+3	1.34992e+10
5.09191e+2	2.71425e+14	1.52757e+3	9.38523e+12	2.54595e+3	3.56313e+11	3.56434e+3	1.37694e+10
5.08936e+2	2.72151e+14	1.52681e+3	9.46361e+12	2.54468e+3	3.61349e+11	3.56255e+3	1.40444e+10
5.08681e+2	2.72877e+14	1.52604e+3	9.54246e+12	2.54341e+3	3.66444e+11	3.56077e+3	1.43241e+10
5.08426e+2	2.73603e+14	1.52528e+3	9.62177e+12	2.54213e+3	3.71599e+11	3.55898e+3	1.46088e+10
5.08171e+2	2.74330e+14	1.52451e+3	9.70155e+12	2.54085e+3	3.76814e+11	3.55720e+3	1.48985e+10
5.07915e+2	2.75056e+14	1.52375e+3	9.78180e+12	2.53958e+3	3.82090e+11	3.55541e+3	1.51932e+10
5.07660e+2	2.75783e+14	1.52298e+3	9.86252e+12	2.53830e+3	3.87427e+11	3.55362e+3	1.54931e+10
5.07404e+2	2.76510e+14	1.52221e+3	9.94372e+12	2.53702e+3	3.92826e+11	3.55183e+3	1.57981e+10
5.07148e+2	2.77237e+14	1.52144e+3	1.00254e+13	2.53574e+3	3.98287e+11	3.55004e+3	1.61084e+10
5.06892e+2	2.77963e+14	1.52068e+3	1.01075e+13	2.53446e+3	4.03811e+11	3.54824e+3	1.64241e+10
5.06635e+2	2.78691e+14	1.51991e+3	1.01902e+13	2.53318e+3	4.09399e+11	3.54645e+3	1.67452e+10
5.06379e+2	2.79597e+14	1.51914e+3	1.02732e+13	2.53189e+3	4.15051e+11	3.54465e+3	1.70719e+10
5.06122e+2	2.80325e+14	1.51837e+3	1.03568e+13	2.53061e+3	4.20767e+11	3.54286e+3	1.74041e+10
5.05865e+2	2.81053e+14	1.51760e+3	1.04409e+13	2.52933e+3	4.26549e+11	3.54106e+3	1.77420e+10
5.05608e+2	2.81781e+14	1.51683e+3	1.05254e+13	2.52804e+3	4.32396e+11	3.53926e+3	1.80857e+10
5.05351e+2	2.82509e+14	1.51605e+3	1.06104e+13	2.52676e+3	4.38309e+11	3.53746e+3	1.84352e+10
5.05094e+2	2.83237e+14	1.51528e+3	1.06959e+13	2.52547e+3	4.44290e+11	3.53566e+3	1.87907e+10
5.04836e+2	2.83965e+14	1.51451e+3	1.07819e+13	2.52418e+3	4.50338e+11	3.53385e+3	1.91521e+10
5.04579e+2	2.84694e+14	1.51374e+3	1.08684e+13	2.52289e+3	4.56454e+11	3.53205e+3	1.95197e+10
5.04321e+2	2.85422e+14	1.51296e+3	1.09554e+13	2.52160e+3	4.62639e+11	3.53025e+3	1.98934e+10
5.04063e+2	2.86150e+14	1.51219e+3	1.10428e+13	2.52031e+3	4.68893e+11	3.52844e+3	2.02734e+10
5.03805e+2	2.86879e+14	1.51141e+3	1.11308e+13	2.51902e+3	4.75217e+11	3.52663e+3	2.06598e+10
5.03546e+2	2.87607e+14	1.51064e+3	1.12192e+13	2.51773e+3	4.81611e+11	3.52482e+3	2.10527e+10
5.03288e+2	2.88336e+14	1.50986e+3	1.13082e+13	2.51644e+3	4.88076e+11	3.52302e+3	2.14521e+10
5.03029e+2	2.89064e+14	1.50909e+3	1.13976e+13	2.51515e+3	4.94613e+11	3.52120e+3	2.18581e+10
5.02770e+2	2.89793e+14	1.50831e+3	1.14875e+13	2.51385e+3	5.01222e+11	3.51939e+3	2.22709e+10
5.02512e+2	2.90522e+14	1.50753e+3	1.15779e+13	2.51256e+3	5.07904e+11	3.51758e+3	2.26905e+10
5.02252e+2	2.91061e+14	1.50676e+3	1.16688e+13	2.51126e+3	5.14659e+11	3.51577e+3	2.31170e+10
5.01993e+2	2.91789e+14	1.50598e+3	1.17603e+13	2.50997e+3	5.21489e+11	3.51395e+3	2.35505e+10
5.01734e+2	2.92518e+14	1.50520e+3	1.18522e+13	2.50867e+3	5.28393e+11	3.51214e+3	2.39912e+10
5.01474e+2	2.93246e+14	1.50442e+3	1.19446e+13	2.50737e+3	5.35372e+11	3.51032e+3	2.44390e+10
5.01214e+2	2.93974e+14	1.50364e+3	1.20375e+13	2.50607e+3	5.42427e+11	3.50850e+3	2.48942e+10
5.00955e+2	2.94702e+14	1.50286e+3	1.21309e+13	2.50477e+3	5.49559e+11	3.50668e+3	2.53568e+10
5.00695e+2	2.95431e+14	1.50208e+3	1.22249e+13	2.50347e+3	5.56768e+11	3.50486e+3	2.58269e+10
5.00434e+2	2.96160e+14	1.50130e+3	1.23193e+13	2.50217e+3	5.64054e+11	3.50304e+3	2.63047e+10
5.00174e+2	2.96888e+14	1.50052e+3	1.24143e+13	2.50087e+3	5.71419e+11	3.50122e+3	2.67902e+10
4.99914e+2	2.97617e+14	1.49974e+3	1.25097e+13	2.49957e+3	5.78864e+11	3.49940e+3	2.72835e+10
4.99653e+2	2.98345e+14	1.49896e+3	1.26057e+13	2.49826e+3	5.86387e+11	3.49757e+3	2.77847e+10
4.99392e+2	2.99074e+14	1.49818e+3	1.27022e+13	2.49696e+3	5.93991e+11	3.49575e+3	2.82940e+10
4.99131e+2	2.99998e+14	1.49739e+3	1.27992e+13	2.49566e+3	6.01677e+11	3.49392e+3	2.88114e+10
4.98870e+2	3.00727e+14	1.49661e+3	1.28967e+13	2.49435e+3	6.09443e+11	3.49209e+3	2.93371e+10
4.98609e+2	3.01456e+14	1.49583e+3	1.29947e+13	2.49305e+3	6.17292e+11	3.49026e+3	2.98712e+10
4.98348e+2	3.02185e+14	1.49504e+3	1.30932e+13	2.49174e+3	6.25224e+11	3.48843e+3	3.04138e+10
4.98086e+2	3.02914e+14	1.49426e+3	1.31923e+13	2.49043e+3	6.33240e+11	3.48660e+3	3.09649e+10
4.97825e+2	3.03643e+14	1.49347e+3	1.32919e+13	2.48912e+3	6.41339e+11	3.48477e+3	3.15248e+10
4.97563e+2	3.04372e+14	1.49269e+3	1.33919e+13	2.48781e+3	6.49524e+11	3.48294e+3	3.20936e+10
4.97301e+2	3.05101e+14	1.49190e+3	1.34924e+13	2.48650e+3	6.57794e+11	3.48111e+3	3.26712e+10
4.97039e+2	3.05830e+14	1.49112e+3	1.35935e+13	2.48519e+3	6.66151e+11	3.47927e+3	3.32580e+10
4.96777e+2	3.06559e+14	1.49033e+3	1.36952e+13	2.48388e+3	6.74594e+11	3.47744e+3	3.38539e+10
4.96514e+2	3.07288e+14	1.48954e+3	1.37975e+13	2.48257e+3	6.83125e+11	3.47560e+3	3.44591e+10
4.96252e+2	3.08017e+14	1.48876e+3	1.39002e+13	2.48126e+3	6.91744e+11	3.47376e+3	3.50738e+10
4.95989e+2	3.08746e+14	1.48797e+3	1.40035e+13	2.47995e+3	7.00453e+11	3.47193e+3	3.56980e+10
4.95727e+2	3.09475e+14	1.48718e+3	1.41072e+13	2.47863e+3	7.09250e+11	3.47009e+3	3.63319e+10
4.95464e+2	3.10204e+14	1.48639e+3	1.42115e+13	2.47732e+3	7.18138e+11	3.46825e+3	3.69756e+10
4.95201e+2	3.10933e+14	1.48560e+3	1.43163e+13	2.47600e+3	7.27118e+11	3.46641e+3	3.76292e+10
4.94938e+2	3.11454e+14	1.48481e+3	1.44217e+13	2.47469e+3	7.36188e+11	3.46456e+3	3.82929e+10
4.94674e+2	3.12183e+14	1.48402e+3	1.45276e+13	2.47337e+3	7.45352e+11	3.46272e+3	3.89667e+10
4.94411e+2	3.12911e+14	1.48323e+3	1.46340e+13	2.47206e+3	7.54608e+11	3.46088e+3	3.96509e+10
4.94148e+2	3.13639e+14	1.48244e+3	1.47409e+13	2.47074e+3	7.63958e+11	3.45903e+3	4.03456e+10
4.93884e+2	3.14367e+14	1.48165e+3	1.48484e+13	2.46942e+3	7.73403e+11	3.45719e+3	4.10508e+10
4.93620e+2	3.15095e+14	1.48086e+3	1.49564e+13	2.46810e+3	7.82942e+11	3.45534e+3	4.17667e+10
4.93356e+2	3.15823e+14	1.48007e+3	1.50650e+13	2.46678e+3	7.92578e+11	3.45349e+3	4.24935e+10
4.93092e+2	3.16551e+14	1.47928e+3	1.51741e+13	2.46546e+3	8.02310e+11	3.45165e+3	4.32313e+10
4.92828e+2	3.17279e+14	1.47848e+3	1.52837e+13	2.46414e+3	8.12140e+11	3.44980e+3	4.39802e+10
4.92564e+2	3.18007e+14	1.47769e+3	1.53939e+13	2.46282e+3	8.22068e+11	3.44795e+3	4.47404e+10
4.92299e+2	3.18734e+14	1.47690e+3	1.55046e+13	2.46150e+3	8.32094e+11	3.44610e+3	4.55120e+10
4.92035e+2	3.19462e+14	1.47610e+3	1.56158e+13	2.46017e+3	8.42220e+11	3.44424e+3	4.62952e+10
4.91770e+2	3.20401e+14	1.47531e+3	1.57276e+13	2.45885e+3	8.52446e+11	3.44239e+3	4.70901e+10
4.91505e+2	3.21129e+14	1.47452e+3	1.58400e+13	2.45753e+3	8.62773e+11	3.44054e+3	4.78968e+10
4.91241e+2	3.21857e+14	1.47372e+3	1.59529e+13	2.45620e+3	8.73202e+11	3.43868e+3	4.87155e+10
4.90976e+2	3.22585e+14	1.47293e+3	1.60663e+13	2.45488e+3	8.83733e+11	3.43683e+3	4.95463e+10
4.90711e+2	3.23312e+14	1.47213e+3	1.61803e+13	2.45355e+3	8.94368e+11	3.43497e+3	5.03895e+10
4.90445e+2	3.24040e+14	1.47134e+3	1.62948e+13	2.45223e+3	9.05106e+11	3.43312e+3	5.12450e+10
4.90180e+2	3.24767e+14	1.47054e+3	1.64099e+13	2.45090e+3	9.15949e+11	3.43126e+3	5.21132e+10
4.89915e+2	3.25494e+14	1.46974e+3	1.65255e+13	2.44957e+3	9.26897e+11	3.42940e+3	5.29941e+10
4.89649e+2	3.26222e+14	1.46895e+3	1.66417e+13	2.44824e+3	9.37952e+11	3.42754e+3	5.38879e+10
4.89383e+2	3.26949e+14	1.46815e+3	1.67584e+13	2.44692e+3	9.49113e+11	3.42568e+3	5.47948e+10
4.89117e+2	3.27676e+14	1.46735e+3	1.68757e+13	2.44559e+3	9.60382e+11	3.42382e+3	5.57149e+10
4.88852e+2	3.28403e+14	1.46655e+3	1.69935e+13	2.44426e+3	9.71759e+11	3.42196e+3	5.66484e+10
4.88586e+2	3.29129e+14	1.46576e+3	1.71119e+13	2.44293e+3	9.83246e+11	3.42010e+3	5.75954e+10
4.88319e+2	3.29856e+14	1.46496e+3	1.72309e+13	2.44160e+3	9.94842e+11	3.41824e+3	5.85562e+10
4.88053e+2	3.30585e+14	1.46416e+3	1.73504e+13	2.44027e+3	1.00655e+12	3.41637e+3	5.95308e+10
4.87787e+2	3.31309e+14	1.46336e+3	1.74704e+13	2.43893e+3	1.01837e+12	3.41451e+3	6.05194e+10
4.87520e+2	3.31812e+14	1.46256e+3	1.75910e+13	2.43760e+3	1.03030e+12	3.41264e+3	6.15222e+10
4.87254e+2	3.32538e+14	1.46176e+3	1.77122e+13	2.43627e+3	1.04234e+12	3.41078e+3	6.25395e+10
4.86987e+2	3.33263e+14	1.46096e+3	1.78340e+13	2.43494e+3	1.05450e+12	3.40891e+3	6.35712e+10
4.86720e+2	3.33989e+14	1.46016e+3	1.79563e+13	2.43360e+3	1.06677e+12	3.40704e+3	6.46177e+10
4.86453e+2	3.34714e+14	1.45936e+3	1.80791e+13	2.43227e+3	1.07916e+12	3.40517e+3	6.56790e+10
4.86186e+2	3.35439e+14	1.45856e+3	1.82025e+13	2.43093e+3	1.09166e+12	3.40331e+3	6.67554e+10
4.85919e+2	3.36164e+14	1.45776e+3	1.83265e+13	2.42960e+3	1.10428e+12	3.40144e+3	6.78471e+10
4.85652e+2	3.36889e+14	1.45696e+3	1.84511e+13	2.42826e+3	1.11702e+12	3.39957e+3	6.89541e+10
4.85385e+2	3.37614e+14	1.45615e+3	1.85762e+13	2.42692e+3	1.12988e+12	3.39769e+3	7.00768e+10
4.85118e+2	3.38338e+14	1.45535e+3	1.87019e+13	2.42559e+3	1.14285e+12	3.39582e+3	7.12152e+10
4.84850e+2	3.39062e+14	1.45455e+3	1.88281e+13	2.42425e+3	1.15595e+12	3.39395e+3	7.23696e+10
4.84582e+2	3.40015e+14	1.45375e+3	1.89549e+13	2.42291e+3	1.16917e+12	3.39208e+3	7.35401e+10
4.84315e+2	3.40740e+14	1.45294e+3	1.90823e+13	2.42157e+3	1.18250e+12	3.39020e+3	7.47270e+10
4.84047e+2	3.41464e+14	1.45214e+3	1.92103e+13	2.42023e+3	1.19597e+12	3.38833e+3	7.59304e+10
4.83779e+2	3.42188e+14	1.45134e+3	1.93388e+13	2.41890e+3	1.20955e+12	3.38645e+3	7.71505e+10
4.83511e+2	3.42912e+14	1.45053e+3	1.94679e+13	2.41756e+3	1.22326e+12	3.38458e+3	7.83874e+10
4.83243e+2	3.43636e+14	1.44973e+3	1.95975e+13	2.41622e+3	1.23709e+12	3.38270e+3	7.96415e+10
4.82975e+2	3.44360e+14	1.44892e+3	1.97278e+13	2.41487e+3	1.25105e+12	3.38082e+3	8.09129e+10
4.82707e+2	3.45084e+14	1.44812e+3	1.98586e+13	2.41353e+3	1.26513e+12	3.37895e+3	8.22017e+10
4.82438e+2	3.45807e+14	1.44731e+3	1.99899e+13	2.41219e+3	1.27935e+12	3.37707e+3	8.35082e+10
4.82170e+2	3.46530e+14	1.44651e+3	2.01219e+13	2.41085e+3	1.29369e+12	3.37519e+3	8.48326e+10
4.81901e+2	3.47253e+14	1.44570e+3	2.02544e+13	2.40951e+3	1.30816e+12	3.37331e+3	8.61751e+10
4.81633e+2	3.47976e+14	1.44490e+3	2.03875e+13	2.40816e+3	1.32276e+12	3.37143e+3	8.75358e+10
4.81364e+2	3.48698e+14	1.44409e+3	2.05212e+13	2.40682e+3	1.33749e+12	3.36955e+3	8.89150e+10
4.81095e+2	3.49421e+14	1.44329e+3	2.06555e+13	2.40548e+3	1.35235e+12	3.36767e+3	9.03129e+10
4.80826e+2	3.50143e+14	1.44248e+3	2.07903e+13	2.40413e+3	1.36734e+12	3.36578e+3	9.17297e+10
4.80557e+2	3.50865e+14	1.44167e+3	2.09257e+13	2.40279e+3	1.38247e+12	3.36390e+3	9.31656e+10
4.80288e+2	3.51587e+14	1.44086e+3	2.10617e+13	2.40144e+3	1.39773e+12	3.36202e+3	9.46209e+10
4.80019e+2	3.52068e+14	1.44006e+3	2.11983e+13	2.40010e+3	1.41312e+12	3.36013e+3	9.60956e+10
4.79750e+2	3.52789e+14	1.43925e+3	2.13355e+13	2.39875e+3	1.42866e+12	3.35825e+3	9.75901e+10
4.79481e+2	3.53510e+14	1.43844e+3	2.14732e+13	2.39740e+3	1.44432e+12	3.35636e+3	9.91045e+10
4.79211e+2	3.54231e+14	1.43763e+3	2.16115e+13	2.39606e+3	1.46013e+12	3.35448e+3	1.00639e+11
4.78942e+2	3.54951e+14	1.43683e+3	2.17504e+13	2.39471e+3	1.47607e+12	3.35259e+3	1.02194e+11
4.78672e+2	3.55671e+14	1.43602e+3	2.18899e+13	2.39336e+3	1.49215e+12	3.35070e+3	1.03770e+11
4.78402e+2	3.56391e+14	1.43521e+3	2.20300e+13	2.39201e+3	1.50838e+12	3.34882e+3	1.05366e+11
4.78133e+2	3.57111e+14	1.43440e+3	2.21707e+13	2.39066e+3	1.52474e+12	3.34693e+3	1.06984e+11
4.77863e+2	3.57830e+14	1.43359e+3	2.23119e+13	2.38931e+3	1.54124e+12	3.34504e+3	1.08623e+11
4.77593e+2	3.58549e+14	1.43278e+3	2.24537e+13	2.38797e+3	1.55789e+12	3.34315e+3	1.10283e+11
4.77323e+2	3.59513e+14	1.43197e+3	2.25962e+13	2.38662e+3	1.57468e+12	3.34126e+3	1.11965e+11
4.77053e+2	3.60233e+14	1.43116e+3	2.27392e+13	2.38527e+3	1.59161e+12	3.33937e+3	1.13669e+11
4.76783e+2	3.60952e+14	1.43035e+3	2.28828e+13	2.38392e+3	1.60869e+12	3.33748e+3	1.15395e+11
4.76513e+2	3.61671e+14	1.42954e+3	2.30269e+13	2.38256e+3	1.62592e+12	3.33559e+3	1.17144e+11
4.76243e+2	3.62389e+14	1.42873e+3	2.31717e+13	2.38121e+3	1.64329e+12	3.33370e+3	1.18916e+11
4.75972e+2	3.63108e+14	1.42792e+3	2.33170e+13	2.37986e+3	1.66081e+12	3.33181e+3	1.20710e+11
4.75702e+2	3.63826e+14	1.42711e+3	2.34630e+13	2.37851e+3	1.67848e+12	3.32991e+3	1.22527e+11
4.75431e+2	3.64544e+14	1.42629e+3	2.36095e+13	2.37716e+3	1.69629e+12	3.32802e+3	1.24368e+11
4.75161e+2	3.65261e+14	1.42548e+3	2.37567e+13	2.37580e+3	1.71426e+12	3.32613e+3	1.26233e+11
4.74890e+2	3.65979e+14	1.42467e+3	2.39040e+13	2.37445e+3	1.73238e+12	3.32423e+3	1.28121e+11
4.74620e+2	3.66696e+14	1.42386e+3	2.40523e+13	2.37310e+3	1.75065e+12	3.32234e+3	1.30034e+11
4.74349e+2	3.67412e+14	1.42305e+3	2.42012e+13	2.37174e+3	1.76907e+12	3.32044e+3	1.31971e+11
4.74078e+2	3.68129e+14	1.42223e+3	2.43507e+13	2.37039e+3	1.78765e+12	3.31855e+3	1.33933e+11
4.73807e+2	3.68845e+14	1.42142e+3	2.45012e+13	2.36904e+3	1.80638e+12	3.31665e+3	1.35919e+11
4.73536e+2	3.69561e+14	1.42061e+3	2.46519e+13	2.36768e+3	1.82527e+12	3.31475e+3	1.37931e+11
4.73265e+2	3.70277e+14	1.41980e+3	2.48032e+13	2.36633e+3	1.84431e+12	3.31286e+3	1.39968e+11
4.72994e+2	3.70993e+14	1.41898e+3	2.49550e+13	2.36497e+3	1.86351e+12	3.31096e+3	1.42031e+11
4.72723e+2	3.71451e+14	1.41817e+3	2.51075e+13	2.36361e+3	1.88287e+12	3.30906e+3	1.44119e+11
4.72452e+2	3.72165e+14	1.41736e+3	2.52604e+13	2.36226e+3	1.90239e+12	3.30716e+3	1.46234e+11
4.72180e+2	3.72879e+14	1.41654e+3	2.54141e+13	2.36090e+3	1.92207e+12	3.30526e+3	1.48376e+11
4.71909e+2	3.73593e+14	1.41573e+3	2.55685e+13	2.35955e+3	1.94191e+12	3.30336e+3	1.50544e+11
4.71638e+2	3.74307e+14	1.41491e+3	2.57234e+13	2.35819e+3	1.96191e+12	3.30146e+3	1.52739e+11
4.71366e+2	3.75020e+14	1.41410e+3	2.58789e+13	2.35683e+3	1.98207e+12	3.29956e+3	1.54961e+11
4.71095e+2	3.75733e+14	1.41328e+3	2.60350e+13	2.35547e+3	2.00240e+12	3.29766e+3	1.57211e+11
4.70823e+2	3.76446e+14	1.41247e+3	2.61916e+13	2.35412e+3	2.02289e+12	3.29576e+3	1.59489e+11
4.70551e+2	3.77158e+14	1.41165e+3	2.63488e+13	2.35276e+3	2.04354e+12	3.29386e+3	1.61795e+11
4.70280e+2	3.77871e+14	1.41084e+3	2.65066e+13	2.35140e+3	2.06437e+12	3.29196e+3	1.64129e+11
4.70008e+2	3.78846e+14	1.41002e+3	2.66651e+13	2.35004e+3	2.08536e+12	3.29006e+3	1.66492e+11
4.69736e+2	3.79558e+14	1.40921e+3	2.68242e+13	2.34868e+3	2.10652e+12	3.28815e+3	1.68884e+11
4.69464e+2	3.80270e+14	1.40839e+3	2.69838e+13	2.34732e+3	2.12784e+12	3.28625e+3	1.71305e+11
4.69192e+2	3.80981e+14	1.40758e+3	2.71441e+13	2.34596e+3	2.14934e+12	3.28435e+3	1.73755e+11
4.68921e+2	3.81693e+14	1.40676e+3	2.73049e+13	2.34460e+3	2.17101e+12	3.28244e+3	1.76235e+11
4.68648e+2	3.82404e+14	1.40595e+3	2.74664e+13	2.34324e+3	2.19285e+12	3.28054e+3	1.78746e+11
4.68376e+2	3.83114e+14	1.40513e+3	2.76285e+13	2.34188e+3	2.21486e+12	3.27863e+3	1.81286e+11
4.68104e+2	3.83825e+14	1.40431e+3	2.77911e+13	2.34052e+3	2.23704e+12	3.27673e+3	1.83858e+11
4.67832e+2	3.84535e+14	1.40350e+3	2.79544e+13	2.33916e+3	2.25941e+12	3.27482e+3	1.86460e+11
4.67560e+2	3.85243e+14	1.40268e+3	2.81183e+13	2.33780e+3	2.28194e+12	3.27292e+3	1.89094e+11
4.67288e+2	3.85954e+14	1.40186e+3	2.82828e+13	2.33644e+3	2.30465e+12	3.27101e+3	1.91759e+11
4.67015e+2	3.86663e+14	1.40105e+3	2.84478e+13	2.33508e+3	2.32754e+12	3.26911e+3	1.94456e+11
4.66743e+2	3.87372e+14	1.40023e+3	2.86135e+13	2.33371e+3	2.35061e+12	3.26720e+3	1.97185e+11
4.66471e+2	3.88081e+14	1.39941e+3	2.87798e+13	2.33235e+3	2.37386e+12	3.26529e+3	1.99947e+11
4.66198e+2	3.88789e+14	1.39859e+3	2.89467e+13	2.33099e+3	2.39728e+12	3.26339e+3	2.02741e+11
4.65926e+2	3.89497e+14	1.39778e+3	2.91142e+13	2.32963e+3	2.42089e+12	3.26148e+3	2.05569e+11
4.65653e+2	3.90204e+14	1.39696e+3	2.92823e+13	2.32826e+3	2.44468e+12	3.25957e+3	2.08430e+11
4.65380e+2	3.90911e+14	1.39614e+3	2.94510e+13	2.32690e+3	2.46865e+12	3.25766e+3	2.11325e+11
4.65108e+2	3.91343e+14	1.39532e+3	2.96204e+13	2.32554e+3	2.49281e+12	3.25575e+3	2.14253e+11
4.64835e+2	3.92049e+14	1.39451e+3	2.97903e+13	2.32418e+3	2.51715e+12	3.25385e+3	2.17216e+11
4.64562e+2	3.92754e+14	1.39369e+3	2.99608e+13	2.32281e+3	2.54168e+12	3.25194e+3	2.20214e+11
4.64290e+2	3.93460e+14	1.39287e+3	3.01319e+13	2.32145e+3	2.56639e+12	3.25003e+3	2.23247e+11
4.64017e+2	3.94165e+14	1.39205e+3	3.03037e+13	2.32008e+3	2.59129e+12	3.24812e+3	2.26315e+11
4.63744e+2	3.94869e+14	1.39123e+3	3.04760e+13	2.31872e+3	2.61638e+12	3.24621e+3	2.29418e+11
4.63471e+2	3.95574e+14	1.39041e+3	3.06490e+13	2.31736e+3	2.64166e+12	3.24430e+3	2.32558e+11
4.63198e+2	3.96278e+14	1.38959e+3	3.08226e+13	2.31599e+3	2.66713e+12	3.24239e+3	2.35734e+11
4.62925e+2	3.96981e+14	1.38878e+3	3.09967e+13	2.31463e+3	2.69279e+12	3.24048e+3	2.38946e+11
4.62652e+2	3.97965e+14	1.38796e+3	3.11715e+13	2.31326e+3	2.71864e+12	3.23856e+3	2.42196e+11
4.62379e+2	3.98669e+14	1.38714e+3	3.13468e+13	2.31190e+3	2.74468e+12	3.23665e+3	2.45483e+11
4.62106e+2	3.99372e+14	1.38632e+3	3.15229e+13	2.31053e+3	2.77092e+12	3.23474e+3	2.48807e+11
4.61833e+2	4.00074e+14	1.38550e+3	3.16995e+13	2.30916e+3	2.79736e+12	3.23283e+3	2.52170e+11
4.61560e+2	4.00777e+14	1.38468e+3	3.18767e+13	2.30780e+3	2.82399e+12	3.23092e+3	2.55570e+11
4.61287e+2	4.01479e+14	1.38386e+3	3.20545e+13	2.30643e+3	2.85081e+12	3.22901e+3	2.59010e+11
4.61013e+2	4.02181e+14	1.38304e+3	3.22329e+13	2.30507e+3	2.87784e+12	3.22709e+3	2.62488e+11
4.60740e+2	4.02882e+14	1.38222e+3	3.24120e+13	2.30370e+3	2.90506e+12	3.22518e+3	2.66006e+11
4.60467e+2	4.03583e+14	1.38140e+3	3.25916e+13	2.30233e+3	2.93249e+12	3.22327e+3	2.69563e+11
4.60194e+2	4.04284e+14	1.38058e+3	3.27719e+13	2.30097e+3	2.96011e+12	3.22135e+3	2.73161e+11
4.59920e+2	4.04984e+14	1.37976e+3	3.29528e+13	2.29960e+3	2.98794e+12	3.21944e+3	2.76799e+11
4.59647e+2	4.05684e+14	1.37894e+3	3.31342e+13	2.29823e+3	3.01596e+12	3.21753e+3	2.80478e+11
4.59373e+2	4.06383e+14	1.37812e+3	3.33163e+13	2.29687e+3	3.04420e+12	3.21561e+3	2.84197e+11
4.59100e+2	4.07083e+14	1.37730e+3	3.34990e+13	2.29550e+3	3.07263e+12	3.21370e+3	2.87959e+11
4.58827e+2	4.07781e+14	1.37648e+3	3.36823e+13	2.29413e+3	3.10127e+12	3.21179e+3	2.91762e+11
4.58553e+2	4.08480e+14	1.37566e+3	3.38663e+13	2.29277e+3	3.13012e+12	3.20987e+3	2.95608e+11
4.58280e+2	4.09178e+14	1.37484e+3	3.40508e+13	2.29140e+3	3.15918e+12	3.20796e+3	2.99496e+11
4.58006e+2	4.09875e+14	1.37402e+3	3.42359e+13	2.29003e+3	3.18844e+12	3.20604e+3	3.03427e+11
4.57732e+2	4.10279e+14	1.37320e+3	3.44217e+13	2.28866e+3	3.21791e+12	3.20413e+3	3.07401e+11
4.57459e+2	4.10975e+14	1.37238e+3	3.46080e+13	2.28729e+3	3.24760e+12	3.20221e+3	3.11419e+11
4.57185e+2	4.11671e+14	1.37156e+3	3.47950e+13	2.28593e+3	3.27749e+12	3.20030e+3	3.15481e+11
4.56912e+2	4.12367e+14	1.37073e+3	3.49826e+13	2.28456e+3	3.30760e+12	3.19838e+3	3.19588e+11
4.56638e+2	4.13062e+14	1.36991e+3	3.51708e+13	2.28319e+3	3.33792e+12	3.19647e+3	3.23739e+11
4.56364e+2	4.13757e+14	1.36909e+3	3.53596e+13	2.28182e+3	3.36845e+12	3.19455e+3	3.27936e+11
4.56091e+2	4.14451e+14	1.36827e+3	3.55490e+13	2.28045e+3	3.39920e+12	3.19263e+3	3.32178e+11
4.55817e+2	4.15145e+14	1.36745e+3	3.57390e+13	2.27908e+3	3.43016e+12	3.19072e+3	3.36466e+11
4.55543e+2	4.15839e+14	1.36663e+3	3.59296e+13	2.27772e+3	3.46135e+12	3.18880e+3	3.40801e+11
4.55269e+2	4.16830e+14	1.36581e+3	3.61208e+13	2.27635e+3	3.49274e+12	3.18689e+3	3.45182e+11
4.54996e+2	4.17524e+14	1.36499e+3	3.63127e+13	2.27498e+3	3.52436e+12	3.18497e+3	3.49610e+11
4.54722e+2	4.18217e+14	1.36417e+3	3.65051e+13	2.27361e+3	3.55620e+12	3.18305e+3	3.54086e+11
4.54448e+2	4.18908e+14	1.36334e+3	3.66982e+13	2.27224e+3	3.58826e+12	3.18114e+3	3.58610e+11
4.54174e+2	4.19595e+14	1.36252e+3	3.68918e+13	2.27087e+3	3.62054e+12	3.17922e+3	3.63183e+11
4.53900e+2	4.20293e+14	1.36170e+3	3.70861e+13	2.26950e+3	3.65304e+12	3.17730e+3	3.67804e+11
4.53627e+2	4.20984e+14	1.36088e+3	3.72810e+13	2.26813e+3	3.68577e+12	3.17539e+3	3.72474e+11
4.53353e+2	4.21675e+14	1.36006e+3	3.74765e+13	2.26676e+3	3.71872e+12	3.17347e+3	3.77194e+11
4.53079e+2	4.22365e+14	1.35924e+3	3.76726e+13	2.26539e+3	3.75190e+12	3.17155e+3	3.81964e+11
4.52805e+2	4.23055e+14	1.35841e+3	3.78693e+13	2.26402e+3	3.78530e+12	3.16963e+3	3.86784e+11
4.52531e+2	4.23745e+14	1.35759e+3	3.80666e+13	2.26266e+3	3.81893e+12	3.16772e+3	3.91655e+11
4.52257e+2	4.24434e+14	1.35677e+3	3.82646e+13	2.26129e+3	3.85279e+12	3.16580e+3	3.96577e+11
4.51983e+2	4.25123e+14	1.35595e+3	3.84631e+13	2.25992e+3	3.88688e+12	3.16388e+3	4.01551e+11
4.51709e+2	4.25747e+14	1.35513e+3	3.86623e+13	2.25855e+3	3.92119e+12	3.16197e+3	4.06576e+11
4.51435e+2	4.26499e+14	1.35431e+3	3.88620e+13	2.25718e+3	3.95574e+12	3.16005e+3	4.11655e+11
4.51161e+2	4.27187e+14	1.35348e+3	3.90624e+13	2.25581e+3	3.99052e+12	3.15813e+3	4.16786e+11
4.50887e+2	4.27874e+14	1.35266e+3	3.92634e+13	2.25444e+3	4.02554e+12	3.15621e+3	4.21970e+11
4.50613e+2	4.28561e+14	1.35184e+3	3.94649e+13	2.25307e+3	4.06079e+12	3.15429e+3	4.27208e+11
4.50340e+2	4.28935e+14	1.35102e+3	3.96945e+13	2.25170e+3	4.09627e+12	3.15238e+3	4.32500e+11
4.50066e+2	4.29620e+14	1.35020e+3	3.98975e+13	2.25033e+3	4.13199e+12	3.15046e+3	4.37847e+11
4.49792e+2	4.30305e+14	1.34937e+3	4.00733e+13	2.24896e+3	4.16795e+12	3.14854e+3	4.43249e+11
4.49518e+2	4.30989e+14	1.34855e+3	4.02774e+13	2.24759e+3	4.20414e+12	3.14662e+3	4.48706e+11
4.49244e+2	4.31674e+14	1.34773e+3	4.04820e+13	2.24622e+3	4.24058e+12	3.14470e+3	4.54219e+11
4.48970e+2	4.32357e+14	1.34691e+3	4.06872e+13	2.24485e+3	4.27725e+12	3.14279e+3	4.59789e+11
4.48696e+2	4.33040e+14	1.34609e+3	4.08930e+13	2.24348e+3	4.31417e+12	3.14087e+3	4.65415e+11
4.48422e+2	4.33723e+14	1.34526e+3	4.10995e+13	2.24211e+3	4.35132e+12	3.13895e+3	4.71098e+11
4.48148e+2	4.34721e+14	1.34444e+3	4.13065e+13	2.24074e+3	4.38872e+12	3.13703e+3	4.76839e+11
4.47873e+2	4.35403e+14	1.34362e+3	4.15142e+13	2.23937e+3	4.42637e+12	3.13511e+3	4.82639e+11
4.47599e+2	4.36085e+14	1.34280e+3	4.17225e+13	2.23800e+3	4.46425e+12	3.13320e+3	4.88496e+11
4.47325e+2	4.36767e+14	1.34198e+3	4.19313e+13	2.23663e+3	4.50239e+12	3.13128e+3	4.94413e+11
4.47051e+2	4.37448e+14	1.34115e+3	4.21408e+13	2.23526e+3	4.54077e+12	3.12936e+3	5.00389e+11
4.46777e+2	4.38128e+14	1.34033e+3	4.23509e+13	2.23389e+3	4.57939e+12	3.12744e+3	5.06425e+11
4.46503e+2	4.38809e+14	1.33951e+3	4.25615e+13	2.23252e+3	4.61827e+12	3.12552e+3	5.12522e+11
4.46229e+2	4.39488e+14	1.33869e+3	4.27728e+13	2.23115e+3	4.65739e+12	3.12361e+3	5.18679e+11
4.45955e+2	4.40167e+14	1.33787e+3	4.29847e+13	2.22978e+3	4.69677e+12	3.12169e+3	5.24897e+11
4.45681e+2	4.40846e+14	1.33704e+3	4.32273e+13	2.22841e+3	4.73639e+12	3.11977e+3	5.31177e+11
4.45407e+2	4.41524e+14	1.33622e+3	4.34406e+13	2.22704e+3	4.77627e+12	3.11785e+3	5.37520e+11
4.45133e+2	4.42202e+14	1.33540e+3	4.36544e+13	2.22567e+3	4.81641e+12	3.11593e+3	5.43925e+11
4.44859e+2	4.42879e+14	1.33458e+3	4.38689e+13	2.22430e+3	4.85679e+12	3.11402e+3	5.50393e+11
4.44585e+2	4.43556e+14	1.33376e+3	4.40840e+13	2.22293e+3	4.89743e+12	3.11210e+3	5.56925e+11
4.44311e+2	4.44232e+14	1.33293e+3	4.42996e+13	2.22156e+3	4.93833e+12	3.11018e+3	5.63521e+11
4.44037e+2	4.44908e+14	1.33211e+3	4.45159e+13	2.22019e+3	4.97948e+12	3.10826e+3	5.70181e+11
4.43764e+2	4.45584e+14	1.33129e+3	4.47328e+13	2.21882e+3	5.02090e+12	3.10634e+3	5.76907e+11
4.43490e+2	4.46259e+14	1.33047e+3	4.49503e+13	2.21745e+3	5.06257e+12	3.10443e+3	5.83698e+11
4.43216e+2	4.46933e+14	1.32965e+3	4.51367e+13	2.21608e+3	5.10450e+12	3.10251e+3	5.90555e+11
4.42942e+2	4.47276e+14	1.32883e+3	4.53552e+13	2.21471e+3	5.14669e+12	3.10059e+3	5.97479e+11
4.42668e+2	4.47949e+14	1.32800e+3	4.55743e+13	2.21334e+3	5.18914e+12	3.09867e+3	6.04469e+11
4.42394e+2	4.48622e+14	1.32718e+3	4.57940e+13	2.21197e+3	5.23186e+12	3.09676e+3	6.11527e+11
4.42120e+2	4.49294e+14	1.32636e+3	4.60143e+13	2.21060e+3	5.27484e+12	3.09484e+3	6.18653e+11
4.41846e+2	4.49966e+14	1.32554e+3	4.62352e+13	2.20923e+3	5.31808e+12	3.09292e+3	6.25847e+11
4.41572e+2	4.50637e+14	1.32472e+3	4.64567e+13	2.20786e+3	5.36159e+12	3.09101e+3	6.33110e+11
4.41298e+2	4.51308e+14	1.32389e+3	4.66788e+13	2.20649e+3	5.40536e+12	3.08909e+3	6.40443e+11
4.41024e+2	4.51978e+14	1.32307e+3	4.69014e+13	2.20512e+3	5.44941e+12	3.08717e+3	6.47846e+11
4.40751e+2	4.52982e+14	1.32225e+3	4.71247e+13	2.20375e+3	5.49372e+12	3.08525e+3	6.55319e+11
4.40477e+2	4.53652e+14	1.32143e+3	4.73821e+13	2.20238e+3	5.53830e+12	3.08334e+3	6.62863e+11
4.40203e+2	4.54321e+14	1.32061e+3	4.76067e+13	2.20101e+3	5.58315e+12	3.08142e+3	6.70478e+11
4.39929e+2	4.54990e+14	1.31979e+3	4.78320e+13	2.19965e+3	5.62827e+12	3.07950e+3	6.78166e+11
4.39655e+2	4.55658e+14	1.31897e+3	4.80578e+13	2.19828e+3	5.67366e+12	3.07759e+3	6.85925e+11
4.39382e+2	4.56326e+14	1.31814e+3	4.82843e+13	2.19691e+3	5.71933e+12	3.07567e+3	6.93758e+11
4.39108e+2	4.56994e+14	1.31732e+3	4.85113e+13	2.19554e+3	5.76527e+12	3.07376e+3	7.01664e+11
4.38834e+2	4.57661e+14	1.31650e+3	4.87390e+13	2.19417e+3	5.81148e+12	3.07184e+3	7.09644e+11
4.38560e+2	4.58327e+14	1.31568e+3	4.89672e+13	2.19280e+3	5.85797e+12	3.06992e+3	7.17699e+11
4.38287e+2	4.58993e+14	1.31486e+3	4.91960e+13	2.19143e+3	5.90474e+12	3.06801e+3	7.25829e+11
4.38013e+2	4.59658e+14	1.31404e+3	4.94254e+13	2.19007e+3	5.95178e+12	3.06609e+3	7.34034e+11
4.37739e+2	4.60323e+14	1.31322e+3	4.96554e+13	2.18870e+3	5.99911e+12	3.06418e+3	7.42315e+11
4.37466e+2	4.60989e+14	1.31240e+3	4.98860e+13	2.18733e+3	6.04671e+12	3.06226e+3	7.50673e+11
4.37192e+2	4.61651e+14	1.31158e+3	5.00816e+13	2.18596e+3	6.09459e+12	3.06035e+3	7.59108e+11
4.36919e+2	4.62314e+14	1.31076e+3	5.03132e+13	2.18459e+3	6.14276e+12	3.05843e+3	7.67620e+11
4.36645e+2	4.62977e+14	1.30994e+3	5.05454e+13	2.18323e+3	6.19120e+12	3.05652e+3	7.76211e+11
4.36372e+2	4.63639e+14	1.30911e+3	5.07782e+13	2.18186e+3	6.23993e+12	3.05460e+3	7.84880e+11
4.36098e+2	4.64301e+14	1.30829e+3	5.10115e+13	2.18049e+3	6.28894e+12	3.05269e+3	7.93629e+11
4.35825e+2	4.64963e+14	1.30747e+3	5.12455e+13	2.17912e+3	6.33824e+12	3.05077e+3	8.02457e+11
4.35551e+2	4.65273e+14	1.30665e+3	5.15168e+13	2.17776e+3	6.38782e+12	3.04886e+3	8.11366e+11
4.35278e+2	4.65933e+14	1.30583e+3	5.17521e+13	2.17639e+3	6.43769e+12	3.04694e+3	8.20356e+11
4.35004e+2	4.66593e+14	1.30501e+3	5.19880e+13	2.17502e+3	6.48785e+12	3.04503e+3	8.29426e+11
4.34731e+2	4.67251e+14	1.30419e+3	5.22245e+13	2.17365e+3	6.53830e+12	3.04312e+3	8.38579e+11
4.34457e+2	4.67910e+14	1.30337e+3	5.24615e+13	2.17229e+3	6.58903e+12	3.04120e+3	8.47814e+11
4.34184e+2	4.68567e+14	1.30255e+3	5.26992e+13	2.17092e+3	6.64006e+12	3.03929e+3	8.57132e+11
4.33911e+2	4.69225e+14	1.30173e+3	5.29374e+13	2.16955e+3	6.69137e+12	3.03738e+3	8.66534e+11
4.33638e+2	4.69882e+14	1.30091e+3	5.31762e+13	2.16819e+3	6.74298e+12	3.03546e+3	8.76020e+11
4.33364e+2	4.70892e+14	1.30009e+3	5.34156e+13	2.16682e+3	6.79488e+12	3.03355e+3	8.85590e+11
4.33091e+2	4.71548e+14	1.29927e+3	5.36556e+13	2.16546e+3	6.84708e+12	3.03164e+3	8.95246e+11
4.32818e+2	4.72203e+14	1.29845e+3	5.38995e+13	2.16409e+3	6.89957e+12	3.02973e+3	9.04987e+11
4.32545e+2	4.72859e+14	1.29763e+3	5.41373e+13	2.16272e+3	6.95235e+12	3.02781e+3	9.14815e+11
4.32272e+2	4.73513e+14	1.29681e+3	5.43791e+13	2.16136e+3	7.00544e+12	3.02590e+3	9.24730e+11
4.31999e+2	4.74167e+14	1.29600e+3	5.46214e+13	2.15999e+3	7.05882e+12	3.02399e+3	9.34732e+11
4.31726e+2	4.74821e+14	1.29518e+3	5.48643e+13	2.15863e+3	7.11249e+12	3.02208e+3	9.44822e+11
4.31452e+2	4.75474e+14	1.29436e+3	5.51077e+13	2.15726e+3	7.16647e+12	3.02017e+3	9.55000e+11
4.31179e+2	4.76127e+14	1.29354e+3	5.53518e+13	2.15590e+3	7.22075e+12	3.01826e+3	9.65268e+11
4.30907e+2	4.76779e+14	1.29272e+3	5.55964e+13	2.15453e+3	7.27532e+12	3.01635e+3	9.75625e+11
4.30634e+2	4.77430e+14	1.29190e+3	5.58416e+13	2.15317e+3	7.33020e+12	3.01444e+3	9.86073e+11
4.30361e+2	4.78081e+14	1.29108e+3	5.60873e+13	2.15180e+3	7.38539e+12	3.01253e+3	9.96612e+11
4.30088e+2	4.78732e+14	1.29026e+3	5.63336e+13	2.15044e+3	7.44087e+12	3.01062e+3	1.00724e+12
4.29815e+2	4.79382e+14	1.28945e+3	5.65806e+13	2.14908e+3	7.49666e+12	3.00871e+3	1.01796e+12
4.29542e+2	4.80031e+14	1.28863e+3	5.68281e+13	2.14771e+3	7.55276e+12	3.00680e+3	1.02878e+12
4.29270e+2	4.80680e+14	1.28781e+3	5.70762e+13	2.14635e+3	7.60916e+12	3.00489e+3	1.03969e+12
4.28997e+2	4.81328e+14	1.28699e+3	5.73248e+13	2.14498e+3	7.66587e+12	3.00298e+3	1.05069e+12
4.28724e+2	4.81976e+14	1.28617e+3	5.75740e+13	2.14362e+3	7.72288e+12	3.00107e+3	1.06178e+12
4.28452e+2	4.82623e+14	1.28535e+3	5.78238e+13	2.14226e+3	7.78021e+12	2.99916e+3	1.07297e+12
4.28179e+2	4.82900e+14	1.28454e+3	5.80742e+13	2.14089e+3	7.83784e+12	2.99725e+3	1.08426e+12
4.27906e+2	4.83546e+14	1.28372e+3	5.83251e+13	2.13953e+3	7.89578e+12	2.99534e+3	1.09564e+12
4.27634e+2	4.84191e+14	1.28290e+3	5.85766e+13	2.13817e+3	7.95404e+12	2.99344e+3	1.10712e+12
4.27361e+2	4.84835e+14	1.28208e+3	5.88286e+13	2.13681e+3	8.01261e+12	2.99153e+3	1.11869e+12
4.27089e+2	4.85479e+14	1.28127e+3	5.90812e+13	2.13544e+3	8.07149e+12	2.98962e+3	1.13037e+12
4.26817e+2	4.86123e+14	1.28045e+3	5.93344e+13	2.13408e+3	8.13068e+12	2.98772e+3	1.14214e+12
4.26544e+2	4.86766e+14	1.27963e+3	5.95882e+13	2.13272e+3	8.19019e+12	2.98581e+3	1.15401e+12
4.26272e+2	4.87408e+14	1.27882e+3	5.98425e+13	2.13136e+3	8.25002e+12	2.98390e+3	1.16598e+12
4.26000e+2	4.88424e+14	1.27800e+3	6.00974e+13	2.13000e+3	8.31016e+12	2.98200e+3	1.17805e+12
4.25727e+2	4.89066e+14	1.27718e+3	6.03528e+13	2.12864e+3	8.37061e+12	2.98009e+3	1.19022e+12
4.25455e+2	4.89707e+14	1.27637e+3	6.06088e+13	2.12728e+3	8.43139e+12	2.97819e+3	1.20250e+12
4.25183e+2	4.90348e+14	1.27555e+3	6.08654e+13	2.12592e+3	8.49249e+12	2.97628e+3	1.21487e+12
4.24911e+2	4.90986e+14	1.27473e+3	6.11225e+13	2.12456e+3	8.55390e+12	2.97438e+3	1.22735e+12
4.24639e+2	4.91627e+14	1.27392e+3	6.13802e+13	2.12320e+3	8.61563e+12	2.97247e+3	1.23993e+12
4.24367e+2	4.92266e+14	1.27310e+3	6.16384e+13	2.12184e+3	8.67769e+12	2.97057e+3	1.25261e+12
4.24095e+2	4.92905e+14	1.27229e+3	6.18972e+13	2.12048e+3	8.74007e+12	2.96867e+3	1.26540e+12
4.23823e+2	4.93542e+14	1.27147e+3	6.21566e+13	2.11912e+3	8.80277e+12	2.96676e+3	1.27830e+12
4.23551e+2	4.94180e+14	1.27065e+3	6.24165e+13	2.11776e+3	8.86579e+12	2.96486e+3	1.29130e+12
4.23280e+2	4.94817e+14	1.26984e+3	6.26769e+13	2.11640e+3	8.92914e+12	2.96296e+3	1.30440e+12
4.23008e+2	4.95453e+14	1.26902e+3	6.29380e+13	2.11504e+3	8.99282e+12	2.96105e+3	1.31761e+12
4.22736e+2	4.96089e+14	1.26821e+3	6.31995e+13	2.11368e+3	9.05682e+12	2.95915e+3	1.33093e+12
4.22464e+2	4.96724e+14	1.26739e+3	6.34616e+13	2.11232e+3	9.12114e+12	2.95725e+3	1.34436e+12
4.22193e+2	4.97359e+14	1.26658e+3	6.37243e+13	2.11096e+3	9.18580e+12	2.95535e+3	1.35790e+12
4.21921e+2	4.97993e+14	1.26576e+3	6.39876e+13	2.10961e+3	9.25078e+12	2.95345e+3	1.37155e+12
4.21650e+2	4.98626e+14	1.26495e+3	6.42513e+13	2.10825e+3	9.31610e+12	2.95155e+3	1.38530e+12
4.21378e+2	4.99257e+14	1.26414e+3	6.45157e+13	2.10689e+3	9.38174e+12	2.94965e+3	1.39917e+12
4.21107e+2	4.99892e+14	1.26332e+3	6.47805e+13	2.10554e+3	9.44771e+12	2.94775e+3	1.41315e+12
4.20836e+2	5.00523e+14	1.26251e+3	6.50460e+13	2.10418e+3	9.51402e+12	2.94585e+3	1.42724e+12
4.20564e+2	5.00765e+14	1.26169e+3	6.53119e+13	2.10282e+3	9.58066e+12	2.94395e+3	1.44144e+12
4.20293e+2	5.01395e+14	1.26088e+3	6.55782e+13	2.10147e+3	9.64763e+12	2.94205e+3	1.45575e+12
4.20022e+2	5.02024e+14	1.26007e+3	6.58453e+13	2.10011e+3	9.71493e+12	2.94015e+3	1.47018e+12
4.19751e+2	5.02654e+14	1.25925e+3	6.61129e+13	2.09875e+3	9.78257e+12	2.93826e+3	1.48473e+12
4.19480e+2	5.03282e+14	1.25844e+3	6.63811e+13	2.09740e+3	9.85055e+12	2.93636e+3	1.49938e+12
4.19209e+2	5.03910e+14	1.25763e+3	6.66498e+13	2.09604e+3	9.91885e+12	2.93446e+3	1.51416e+12
4.18938e+2	5.04537e+14	1.25681e+3	6.69190e+13	2.09469e+3	9.98749e+12	2.93256e+3	1.52905e+12
4.18667e+2	5.05557e+14	1.25600e+3	6.71888e+13	2.09333e+3	1.00565e+13	2.93067e+3	1.54406e+12
4.18396e+2	5.06184e+14	1.25519e+3	6.74591e+13	2.09198e+3	1.01258e+13	2.92877e+3	1.55918e+12
4.18125e+2	5.06810e+14	1.25438e+3	6.77300e+13	2.09063e+3	1.01955e+13	2.92688e+3	1.57442e+12
4.17855e+2	5.07436e+14	1.25356e+3	6.80014e+13	2.08927e+3	1.02655e+13	2.92498e+3	1.58978e+12
4.17584e+2	5.08061e+14	1.25275e+3	6.82733e+13	2.08792e+3	1.03358e+13	2.92309e+3	1.60527e+12
4.17313e+2	5.08685e+14	1.25194e+3	6.85457e+13	2.08657e+3	1.04065e+13	2.92119e+3	1.62087e+12
4.17043e+2	5.09309e+14	1.25113e+3	6.88187e+13	2.08521e+3	1.04775e+13	2.91930e+3	1.63659e+12
4.16772e+2	5.09932e+14	1.25032e+3	6.90922e+13	2.08386e+3	1.05489e+13	2.91741e+3	1.65243e+12
4.16502e+2	5.10555e+14	1.24951e+3	6.93663e+13	2.08251e+3	1.06206e+13	2.91551e+3	1.66840e+12
4.16231e+2	5.11177e+14	1.24869e+3	6.96408e+13	2.08116e+3	1.06927e+13	2.91362e+3	1.68448e+12
4.15961e+2	5.11798e+14	1.24788e+3	6.99159e+13	2.07981e+3	1.07651e+13	2.91173e+3	1.70070e+12
4.15691e+2	5.12419e+14	1.24707e+3	7.01916e+13	2.07845e+3	1.08378e+13	2.90984e+3	1.71703e+12
4.15421e+2	5.13040e+14	1.24626e+3	7.04675e+13	2.07710e+3	1.09109e+13	2.90794e+3	1.73349e+12
4.15150e+2	5.13659e+14	1.24545e+3	7.07442e+13	2.07575e+3	1.09844e+13	2.90605e+3	1.75007e+12
4.14880e+2	5.14279e+14	1.24464e+3	7.10215e+13	2.07440e+3	1.10582e+13	2.90416e+3	1.76679e+12
4.14610e+2	5.14897e+14	1.24383e+3	7.12993e+13	2.07305e+3	1.11323e+13	2.90227e+3	1.78362e+12
4.14340e+2	5.15514e+14	1.24302e+3	7.15776e+13	2.07170e+3	1.12068e+13	2.90038e+3	1.80059e+12
4.14071e+2	5.16133e+14	1.24221e+3	7.18564e+13	2.07035e+3	1.12817e+13	2.89849e+3	1.81768e+12
4.13801e+2	5.16750e+14	1.24140e+3	7.21357e+13	2.06900e+3	1.13569e+13	2.89661e+3	1.83490e+12
4.13531e+2	5.17367e+14	1.24059e+3	7.24155e+13	2.06765e+3	1.14324e+13	2.89472e+3	1.85225e+12
4.13261e+2	5.17572e+14	1.23978e+3	7.26958e+13	2.06631e+3	1.15083e+13	2.89283e+3	1.86973e+12
4.12992e+2	5.18186e+14	1.23898e+3	7.29767e+13	2.06496e+3	1.15846e+13	2.89094e+3	1.88734e+12
4.12722e+2	5.18800e+14	1.23817e+3	7.32581e+13	2.06361e+3	1.16612e+13	2.88905e+3	1.90508e+12
4.12453e+2	5.19414e+14	1.23736e+3	7.35399e+13	2.06226e+3	1.17381e+13	2.88717e+3	1.92296e+12
4.12183e+2	5.20027e+14	1.23655e+3	7.38224e+13	2.06092e+3	1.18155e+13	2.88528e+3	1.94096e+12
4.11914e+2	5.20639e+14	1.23574e+3	7.41053e+13	2.05957e+3	1.18931e+13	2.88340e+3	1.95910e+12
4.11645e+2	5.21251e+14	1.23493e+3	7.43887e+13	2.05822e+3	1.19711e+13	2.88151e+3	1.97737e+12
4.11375e+2	5.22275e+14	1.23413e+3	7.46726e+13	2.05688e+3	1.20495e+13	2.87963e+3	1.99578e+12
4.11106e+2	5.22886e+14	1.23332e+3	7.49571e+13	2.05553e+3	1.21283e+13	2.87774e+3	2.01432e+12
4.10837e+2	5.23497e+14	1.23251e+3	7.52420e+13	2.05419e+3	1.22074e+13	2.87586e+3	2.03300e+12
4.10568e+2	5.24105e+14	1.23170e+3	7.55275e+13	2.05284e+3	1.22868e+13	2.87398e+3	2.05182e+12
4.10299e+2	5.24716e+14	1.23090e+3	7.58135e+13	2.05150e+3	1.23667e+13	2.87209e+3	2.07077e+12
4.10030e+2	5.25325e+14	1.23009e+3	7.61000e+13	2.05015e+3	1.24468e+13	2.87021e+3	2.08986e+12
4.09762e+2	5.25933e+14	1.22928e+3	7.63869e+13	2.04881e+3	1.25274e+13	2.86833e+3	2.10909e+12
4.09493e+2	5.26540e+14	1.22848e+3	7.66744e+13	2.04746e+3	1.26083e+13	2.86645e+3	2.12846e+12
4.09224e+2	5.27147e+14	1.22767e+3	7.69624e+13	2.04612e+3	1.26895e+13	2.86457e+3	2.14796e+12
4.08956e+2	5.27754e+14	1.22687e+3	7.72509e+13	2.04478e+3	1.27712e+13	2.86269e+3	2.16761e+12
4.08687e+2	5.28359e+14	1.22606e+3	7.75399e+13	2.04344e+3	1.28532e+13	2.86081e+3	2.18740e+12
4.08419e+2	5.28964e+14	1.22526e+3	7.78294e+13	2.04209e+3	1.29355e+13	2.85893e+3	2.20733e+12
4.08150e+2	5.29569e+14	1.22445e+3	7.81194e+13	2.04075e+3	1.30182e+13	2.85705e+3	2.22740e+12
4.07882e+2	5.30172e+14	1.22365e+3	7.84099e+13	2.03941e+3	1.31013e+13	2.85517e+3	2.24762e+12
4.07614e+2	5.30776e+14	1.22284e+3	7.87009e+13	2.03807e+3	1.31848e+13	2.85330e+3	2.26798e+12
4.07346e+2	5.31378e+14	1.22204e+3	7.89924e+13	2.03673e+3	1.32686e+13	2.85142e+3	2.28849e+12
4.07078e+2	5.31980e+14	1.22123e+3	7.92843e+13	2.03539e+3	1.33528e+13	2.84954e+3	2.30914e+12
4.06810e+2	5.32582e+14	1.22043e+3	7.95768e+13	2.03405e+3	1.34373e+13	2.84767e+3	2.32993e+12
4.06542e+2	5.33183e+14	1.21962e+3	7.98697e+13	2.03271e+3	1.35223e+13	2.84579e+3	2.35088e+12
4.06274e+2	5.33783e+14	1.21882e+3	8.01632e+13	2.03137e+3	1.36076e+13	2.84392e+3	2.37197e+12
4.06006e+2	5.34383e+14	1.21802e+3	8.04571e+13	2.03003e+3	1.36932e+13	2.84204e+3	2.39321e+12
4.05738e+2	5.34551e+14	1.21721e+3	8.07515e+13	2.02869e+3	1.37793e+13	2.84017e+3	2.41459e+12
4.05471e+2	5.35149e+14	1.21641e+3	8.10464e+13	2.02735e+3	1.38657e+13	2.83829e+3	2.43613e+12
4.05203e+2	5.35746e+14	1.21561e+3	8.13418e+13	2.02602e+3	1.39524e+13	2.83642e+3	2.45782e+12
4.04936e+2	5.36343e+14	1.21481e+3	8.16377e+13	2.02468e+3	1.40396e+13	2.83455e+3	2.47965e+12
4.04668e+2	5.36939e+14	1.21400e+3	8.19341e+13	2.02334e+3	1.41271e+13	2.83268e+3	2.50164e+12
4.04401e+2	5.37535e+14	1.21320e+3	8.22309e+13	2.02201e+3	1.42150e+13	2.83081e+3	2.52378e+12
4.04134e+2	5.38564e+14	1.21240e+3	8.25282e+13	2.02067e+3	1.43033e+13	2.82894e+3	2.54607e+12
4.03867e+2	5.39159e+14	1.21160e+3	8.28260e+13	2.01933e+3	1.43919e+13	2.82707e+3	2.56852e+12
4.03600e+2	5.39753e+14	1.21080e+3	8.31243e+13	2.01800e+3	1.44809e+13	2.82520e+3	2.59112e+12
4.03333e+2	5.40347e+14	1.21000e+3	8.34228e+13	2.01666e+3	1.45703e+13	2.82333e+3	2.61388e+12
4.03066e+2	5.40940e+14	1.20920e+3	8.37221e+13	2.01533e+3	1.46601e+13	2.82146e+3	2.63679e+12
4.02799e+2	5.41532e+14	1.20840e+3	8.40218e+13	2.01399e+3	1.47503e+13	2.81959e+3	2.65985e+12
4.02532e+2	5.42124e+14	1.20760e+3	8.43220e+13	2.01266e+3	1.48408e+13	2.81773e+3	2.68308e+12
4.02266e+2	5.42715e+14	1.20680e+3	8.46227e+13	2.01133e+3	1.49317e+13	2.81586e+3	2.70646e+12
4.01999e+2	5.43306e+14	1.20600e+3	8.49239e+13	2.00999e+3	1.50230e+13	2.81399e+3	2.73000e+12
4.01732e+2	5.43896e+14	1.20520e+3	8.52255e+13	2.00866e+3	1.51146e+13	2.81213e+3	2.75370e+12
4.01466e+2	5.44486e+14	1.20440e+3	8.55275e+13	2.00733e+3	1.52067e+13	2.81026e+3	2.77756e+12
4.01200e+2	5.45075e+14	1.20360e+3	8.58301e+13	2.00600e+3	1.52991e+13	2.80840e+3	2.80158e+12
4.00933e+2	5.45663e+14	1.20280e+3	8.61331e+13	2.00467e+3	1.53919e+13	2.80653e+3	2.82576e+12
4.00667e+2	5.46250e+14	1.20200e+3	8.64365e+13	2.00334e+3	1.54850e+13	2.80467e+3	2.85010e+12
4.00401e+2	5.46837e+14	1.20120e+3	8.67404e+13	2.00201e+3	1.55786e+13	2.80281e+3	2.87460e+12
4.00135e+2	5.47424e+14	1.20041e+3	8.70448e+13	2.00068e+3	1.56726e+13	2.80095e+3	2.89927e+12
3.99869e+2	5.48009e+14	1.19961e+3	8.73496e+13	1.99935e+3	1.57669e+13	2.79909e+3	2.92410e+12
3.99604e+2	5.48596e+14	1.19881e+3	8.76549e+13	1.99802e+3	1.58616e+13	2.79722e+3	2.94909e+12
3.99338e+2	5.49179e+14	1.19801e+3	8.79607e+13	1.99669e+3	1.59567e+13	2.79536e+3	2.97425e+12
3.99072e+2	5.49762e+14	1.19722e+3	8.82669e+13	1.99536e+3	1.60522e+13	2.79351e+3	2.99958e+12
3.98807e+2	5.50346e+14	1.19642e+3	8.85735e+13	1.99403e+3	1.61480e+13	2.79165e+3	3.02507e+12
3.98541e+2	5.50928e+14	1.19562e+3	8.88806e+13	1.99271e+3	1.62443e+13	2.78979e+3	3.05073e+12
3.98276e+2	5.51058e+14	1.19483e+3	8.91882e+13	1.99138e+3	1.63409e+13	2.78793e+3	3.07656e+12
3.98010e+2	5.51639e+14	1.19403e+3	8.94962e+13	1.99005e+3	1.64379e+13	2.78607e+3	3.10256e+12
3.97745e+2	5.52219e+14	1.19324e+3	8.98047e+13	1.98873e+3	1.65353e+13	2.78422e+3	3.12872e+12
3.97480e+2	5.52799e+14	1.19244e+3	9.01136e+13	1.98740e+3	1.66331e+13	2.78236e+3	3.15506e+12
3.97215e+2	5.53378e+14	1.19165e+3	9.04230e+13	1.98608e+3	1.67313e+13	2.78051e+3	3.18156e+12
3.96950e+2	5.54412e+14	1.19085e+3	9.07327e+13	1.98475e+3	1.68298e+13	2.77865e+3	3.20824e+12
3.96685e+2	5.54993e+14	1.19006e+3	9.10430e+13	1.98343e+3	1.69288e+13	2.77680e+3	3.23509e+12
3.96421e+2	5.55568e+14	1.18926e+3	9.13537e+13	1.98210e+3	1.70281e+13	2.77494e+3	3.26211e+12
3.96156e+2	5.56145e+14	1.18847e+3	9.16649e+13	1.98078e+3	1.71279e+13	2.77309e+3	3.28931e+12
3.95891e+2	5.56722e+14	1.18767e+3	9.19765e+13	1.97946e+3	1.72280e+13	2.77124e+3	3.31668e+12
3.95627e+2	5.57298e+14	1.18688e+3	9.22885e+13	1.97813e+3	1.73285e+13	2.76939e+3	3.34423e+12
3.95362e+2	5.57873e+14	1.18609e+3	9.26009e+13	1.97681e+3	1.74294e+13	2.76754e+3	3.37195e+12
3.95098e+2	5.58447e+14	1.18529e+3	9.29138e+13	1.97549e+3	1.75307e+13	2.76569e+3	3.39984e+12
3.94834e+2	5.59021e+14	1.18450e+3	9.32272e+13	1.97417e+3	1.76324e+13	2.76384e+3	3.42792e+12
3.94570e+2	5.59595e+14	1.18371e+3	9.35409e+13	1.97285e+3	1.77344e+13	2.76199e+3	3.45617e+12
3.94306e+2	5.60168e+14	1.18292e+3	9.38551e+13	1.97153e+3	1.78369e+13	2.76014e+3	3.48460e+12
3.94042e+2	5.60740e+14	1.18213e+3	9.41698e+13	1.97021e+3	1.79398e+13	2.75829e+3	3.51321e+12
3.93778e+2	5.61312e+14	1.18133e+3	9.44848e+13	1.96889e+3	1.80430e+13	2.75645e+3	3.54199e+12
3.93514e+2	5.61883e+14	1.18054e+3	9.48003e+13	1.96757e+3	1.81467e+13	2.75460e+3	3.57096e+12
3.93251e+2	5.62453e+14	1.17975e+3	9.51162e+13	1.96625e+3	1.82507e+13	2.75275e+3	3.60011e+12
3.92987e+2	5.63023e+14	1.17896e+3	9.54326e+13	1.96493e+3	1.83551e+13	2.75091e+3	3.62944e+12
3.92723e+2	5.63592e+14	1.17817e+3	9.57493e+13	1.96362e+3	1.84600e+13	2.74906e+3	3.65896e+12
3.92460e+2	5.64161e+14	1.17738e+3	9.60665e+13	1.96230e+3	1.85652e+13	2.74722e+3	3.68865e+12
3.92197e+2	5.64729e+14	1.17659e+3	9.63841e+13	1.96098e+3	1.86708e+13	2.74538e+3	3.71853e+12
3.91934e+2	5.65296e+14	1.17580e+3	9.67022e+13	1.95967e+3	1.87768e+13	2.74354e+3	3.74860e+12
3.91671e+2	5.65862e+14	1.17501e+3	9.70206e+13	1.95835e+3	1.88832e+13	2.74169e+3	3.77885e+12
3.91408e+2	5.66428e+14	1.17422e+3	9.73395e+13	1.95704e+3	1.89900e+13	2.73985e+3	3.80929e+12
3.91145e+2	5.66993e+14	1.17343e+3	9.76588e+13	1.95572e+3	1.90972e+13	2.73801e+3	3.83991e+12
3.90882e+2	5.67083e+14	1.17265e+3	9.79785e+13	1.95441e+3	1.92048e+13	2.73617e+3	3.87072e+12
3.90619e+2	5.67647e+14	1.17186e+3	9.82986e+13	1.95310e+3	1.93128e+13	2.73433e+3	3.90172e+12
3.90357e+2	5.68210e+14	1.17107e+3	9.86191e+13	1.95178e+3	1.94212e+13	2.73250e+3	3.93291e+12
3.90094e+2	5.68773e+14	1.17028e+3	9.89400e+13	1.95047e+3	1.95300e+13	2.73066e+3	3.96428e+12
3.89832e+2	5.69334e+14	1.16950e+3	9.92614e+13	1.94916e+3	1.96392e+13	2.72882e+3	3.99585e+12
3.89569e+2	5.70373e+14	1.16871e+3	9.95833e+13	1.94785e+3	1.97488e+13	2.72699e+3	4.02760e+12
3.89307e+2	5.70934e+14	1.16792e+3	9.99054e+13	1.94654e+3	1.98588e+13	2.72515e+3	4.05955e+12
3.89045e+2	5.71494e+14	1.16714e+3	1.00228e+14	1.94523e+3	1.99692e+13	2.72332e+3	4.09169e+12
3.88783e+2	5.72054e+14	1.16635e+3	1.00551e+14	1.94392e+3	2.00800e+13	2.72148e+3	4.12403e+12
3.88521e+2	5.72613e+14	1.16556e+3	1.00877e+14	1.94261e+3	2.01912e+13	2.71965e+3	4.15655e+12
3.88259e+2	5.73172e+14	1.16478e+3	1.01198e+14	1.94130e+3	2.03027e+13	2.71782e+3	4.18927e+12
3.87998e+2	5.73730e+14	1.16399e+3	1.01522e+14	1.93999e+3	2.04147e+13	2.71598e+3	4.22219e+12
3.87736e+2	5.74287e+14	1.16321e+3	1.01847e+14	1.93868e+3	2.05271e+13	2.71415e+3	4.25530e+12
3.87474e+2	5.74843e+14	1.16242e+3	1.02172e+14	1.93737e+3	2.06399e+13	2.71232e+3	4.28861e+12
3.87213e+2	5.75399e+14	1.16164e+3	1.02497e+14	1.93607e+3	2.07531e+13	2.71049e+3	4.32211e+12
3.86952e+2	5.75955e+14	1.16086e+3	1.02823e+14	1.93476e+3	2.08667e+13	2.70866e+3	4.35581e+12
3.86691e+2	5.76509e+14	1.16007e+3	1.03149e+14	1.93345e+3	2.09807e+13	2.70683e+3	4.38972e+12
3.86429e+2	5.77063e+14	1.15929e+3	1.03476e+14	1.93215e+3	2.10951e+13	2.70501e+3	4.42381e+12
3.86168e+2	5.77615e+14	1.15851e+3	1.03802e+14	1.93084e+3	2.12099e+13	2.70318e+3	4.45811e+12
3.85908e+2	5.78170e+14	1.15772e+3	1.04130e+14	1.92954e+3	2.13251e+13	2.70135e+3	4.49261e+12
3.85647e+2	5.78722e+14	1.15694e+3	1.04458e+14	1.92823e+3	2.14407e+13	2.69953e+3	4.52731e+12
3.85386e+2	5.79274e+14	1.15616e+3	1.04786e+14	1.92693e+3	2.15567e+13	2.69770e+3	4.56221e+12
3.85125e+2	5.79825e+14	1.15538e+3	1.05114e+14	1.92563e+3	2.16732e+13	2.69588e+3	4.59732e+12
3.84865e+2	5.80376e+14	1.15459e+3	1.05443e+14	1.92432e+3	2.17900e+13	2.69405e+3	4.63262e+12
3.84605e+2	5.80926e+14	1.15381e+3	1.05772e+14	1.92302e+3	2.19072e+13	2.69223e+3	4.66813e+12
3.84344e+2	5.81475e+14	1.15303e+3	1.06102e+14	1.92172e+3	2.20248e+13	2.69041e+3	4.70385e+12
3.84084e+2	5.82023e+14	1.15225e+3	1.06432e+14	1.92042e+3	2.21429e+13	2.68859e+3	4.73977e+12
3.83824e+2	5.82571e+14	1.15147e+3	1.06762e+14	1.91912e+3	2.22613e+13	2.68677e+3	4.77590e+12
3.83564e+2	5.82621e+14	1.15069e+3	1.07093e+14	1.91782e+3	2.23801e+13	2.68495e+3	4.81223e+12
3.83304e+2	5.83167e+14	1.14991e+3	1.07424e+14	1.91652e+3	2.24994e+13	2.68313e+3	4.84877e+12
3.83045e+2	5.83713e+14	1.14913e+3	1.07756e+14	1.91522e+3	2.26190e+13	2.68131e+3	4.88551e+12
3.82785e+2	5.84258e+14	1.14835e+3	1.08087e+14	1.91392e+3	2.27391e+13	2.67949e+3	4.92247e+12
3.82525e+2	5.84802e+14	1.14758e+3	1.08420e+14	1.91263e+3	2.28596e+13	2.67768e+3	4.95963e+12
3.82266e+2	5.85845e+14	1.14680e+3	1.08752e+14	1.91133e+3	2.29804e+13	2.67586e+3	4.99701e+12
3.82007e+2	5.86388e+14	1.14602e+3	1.09085e+14	1.91003e+3	2.31017e+13	2.67405e+3	5.03459e+12
3.81747e+2	5.86931e+14	1.14524e+3	1.09419e+14	1.90874e+3	2.32234e+13	2.67223e+3	5.07239e+12
3.81488e+2	5.87474e+14	1.14446e+3	1.09752e+14	1.90744e+3	2.33455e+13	2.67042e+3	5.11039e+12
3.81229e+2	5.88015e+14	1.14369e+3	1.10086e+14	1.90615e+3	2.34680e+13	2.66860e+3	5.14861e+12
3.80970e+2	5.88556e+14	1.14291e+3	1.10421e+14	1.90485e+3	2.35909e+13	2.66679e+3	5.18705e+12
3.80712e+2	5.89097e+14	1.14213e+3	1.10756e+14	1.90356e+3	2.37142e+13	2.66498e+3	5.22569e+12
3.80453e+2	5.89637e+14	1.14136e+3	1.11091e+14	1.90226e+3	2.38379e+13	2.66317e+3	5.26455e+12
3.80194e+2	5.90176e+14	1.14058e+3	1.11426e+14	1.90097e+3	2.39621e+13	2.66136e+3	5.30363e+12
3.79936e+2	5.90714e+14	1.13981e+3	1.11762e+14	1.89968e+3	2.40866e+13	2.65955e+3	5.34292e+12
3.79678e+2	5.91252e+14	1.13903e+3	1.12099e+14	1.89839e+3	2.42116e+13	2.65774e+3	5.38243e+12
3.79419e+2	5.91789e+14	1.13826e+3	1.12435e+14	1.89710e+3	2.43369e+13	2.65594e+3	5.42215e+12
3.79161e+2	5.92326e+14	1.13748e+3	1.12772e+14	1.89581e+3	2.44627e+13	2.65413e+3	5.46210e+12
3.78903e+2	5.92862e+14	1.13671e+3	1.13109e+14	1.89452e+3	2.45889e+13	2.65232e+3	5.50226e+12
3.78645e+2	5.93397e+14	1.13594e+3	1.13447e+14	1.89323e+3	2.47154e+13	2.65052e+3	5.54264e+12
3.78387e+2	5.93931e+14	1.13516e+3	1.13785e+14	1.89194e+3	2.48424e+13	2.64871e+3	5.58324e+12
3.78130e+2	5.94465e+14	1.13439e+3	1.14123e+14	1.89065e+3	2.49698e+13	2.64691e+3	5.62406e+12
3.77872e+2	5.94999e+14	1.13362e+3	1.14462e+14	1.88936e+3	2.50976e+13	2.64511e+3	5.66510e+12
3.77615e+2	5.95532e+14	1.13284e+3	1.14801e+14	1.88807e+3	2.52259e+13	2.64330e+3	5.70636e+12
3.77357e+2	5.96062e+14	1.13207e+3	1.15140e+14	1.88679e+3	2.53545e+13	2.64150e+3	5.74784e+12
3.77100e+2	5.96596e+14	1.13130e+3	1.15480e+14	1.88550e+3	2.54835e+13	2.63970e+3	5.78955e+12
3.76843e+2	5.97127e+14	1.13053e+3	1.15820e+14	1.88422e+3	2.56130e+13	2.63790e+3	5.83148e+12
3.76586e+2	5.97658e+14	1.12976e+3	1.16160e+14	1.88293e+3	2.57428e+13	2.63610e+3	5.87364e+12
3.76329e+2	5.98187e+14	1.12899e+3	1.16501e+14	1.88165e+3	2.58731e+13	2.63430e+3	5.91602e+12
3.76072e+2	5.98195e+14	1.12822e+3	1.16842e+14	1.88036e+3	2.60038e+13	2.63251e+3	5.95862e+12
3.75816e+2	5.98723e+14	1.12745e+3	1.17184e+14	1.87908e+3	2.61349e+13	2.63071e+3	6.00146e+12
3.75559e+2	5.99251e+14	1.12668e+3	1.17525e+14	1.87780e+3	2.62664e+13	2.62891e+3	6.04451e+12
3.75303e+2	5.99777e+14	1.12591e+3	1.17867e+14	1.87651e+3	2.63983e+13	2.62712e+3	6.08780e+12
3.75046e+2	6.00826e+14	1.12514e+3	1.18209e+14	1.87523e+3	2.65306e+13	2.62532e+3	6.13131e+12
3.74790e+2	6.01352e+14	1.12437e+3	1.18552e+14	1.87395e+3	2.66633e+13	2.62353e+3	6.17506e+12
3.74534e+2	6.01877e+14	1.12360e+3	1.18895e+14	1.87267e+3	2.67964e+13	2.62174e+3	6.21903e+12
3.74278e+2	6.02400e+14	1.12283e+3	1.19238e+14	1.87139e+3	2.69300e+13	2.61995e+3	6.26323e+12
3.74022e+2	6.02925e+14	1.12207e+3	1.19582e+14	1.87011e+3	2.70640e+13	2.61816e+3	6.30766e+12
3.73766e+2	6.03449e+14	1.12130e+3	1.19926e+14	1.86883e+3	2.71983e+13	2.61636e+3	6.35233e+12
3.73511e+2	6.03972e+14	1.12053e+3	1.20270e+14	1.86755e+3	2.73331e+13	2.61458e+3	6.39722e+12
3.73255e+2	6.04494e+14	1.11977e+3	1.20615e+14	1.86628e+3	2.74683e+13	2.61279e+3	6.44235e+12
3.73000e+2	6.05016e+14	1.11900e+3	1.20960e+14	1.86500e+3	2.76039e+13	2.61100e+3	6.48771e+12
3.72745e+2	6.05537e+14	1.11823e+3	1.21305e+14	1.86372e+3	2.77399e+13	2.60921e+3	6.53331e+12
3.72489e+2	6.06057e+14	1.11747e+3	1.21650e+14	1.86245e+3	2.78763e+13	2.60743e+3	6.57913e+12
3.72234e+2	6.06577e+14	1.11670e+3	1.21996e+14	1.86117e+3	2.80131e+13	2.60564e+3	6.62520e+12
3.71979e+2	6.07096e+14	1.11594e+3	1.22342e+14	1.85990e+3	2.81504e+13	2.60386e+3	6.67150e+12
3.71725e+2	6.07614e+14	1.11517e+3	1.22689e+14	1.85862e+3	2.82880e+13	2.60207e+3	6.71803e+12
3.71470e+2	6.08132e+14	1.11441e+3	1.23036e+14	1.85735e+3	2.84261e+13	2.60029e+3	6.76481e+12
3.71215e+2	6.08649e+14	1.11365e+3	1.23383e+14	1.85608e+3	2.85646e+13	2.59851e+3	6.81182e+12
3.70961e+2	6.09165e+14	1.11288e+3	1.23730e+14	1.85480e+3	2.87035e+13	2.59673e+3	6.85906e+12
3.70706e+2	6.09681e+14	1.11212e+3	1.24078e+14	1.85353e+3	2.88428e+13	2.59494e+3	6.90655e+12
3.70452e+2	6.10196e+14	1.11136e+3	1.24426e+14	1.85226e+3	2.89825e+13	2.59317e+3	6.95428e+12
3.70198e+2	6.10711e+14	1.11059e+3	1.24774e+14	1.85099e+3	2.91226e+13	2.59139e+3	7.00224e+12
3.69944e+2	6.11224e+14	1.10983e+3	1.25123e+14	1.84972e+3	2.92631e+13	2.58961e+3	7.05045e+12
3.69690e+2	6.11738e+14	1.10907e+3	1.25471e+14	1.84845e+3	2.94041e+13	2.58783e+3	7.09890e+12
3.69436e+2	6.12251e+14	1.10831e+3	1.25821e+14	1.84718e+3	2.95454e+13	2.58606e+3	7.14759e+12
3.69183e+2	6.12763e+14	1.10755e+3	1.26170e+14	1.84591e+3	2.96872e+13	2.58428e+3	7.19652e+12
3.68929e+2	6.13275e+14	1.10679e+3	1.26525e+14	1.84465e+3	2.98293e+13	2.58251e+3	7.24569e+12
3.68676e+2	6.13241e+14	1.10603e+3	1.26870e+14	1.84338e+3	2.99719e+13	2.58073e+3	7.29511e+12
3.68423e+2	6.13751e+14	1.10527e+3	1.27220e+14	1.84211e+3	3.01149e+13	2.57896e+3	7.34477e+12
3.68169e+2	6.14260e+14	1.10451e+3	1.27571e+14	1.84085e+3	3.02583e+13	2.57719e+3	7.39468e+12
3.67916e+2	6.14769e+14	1.10375e+3	1.27922e+14	1.83958e+3	3.04021e+13	2.57542e+3	7.44483e+12
3.67664e+2	6.15823e+14	1.10299e+3	1.28273e+14	1.83832e+3	3.05464e+13	2.57364e+3	7.49523e+12
3.67411e+2	6.16331e+14	1.10223e+3	1.28624e+14	1.83705e+3	3.06910e+13	2.57188e+3	7.54587e+12
3.67158e+2	6.16838e+14	1.10147e+3	1.28976e+14	1.83579e+3	3.08360e+13	2.57011e+3	7.59676e+12
3.66906e+2	6.17344e+14	1.10072e+3	1.29328e+14	1.83453e+3	3.09815e+13	2.56834e+3	7.64790e+12
3.66653e+2	6.17850e+14	1.09996e+3	1.29681e+14	1.83327e+3	3.11274e+13	2.56657e+3	7.69929e+12
3.66401e+2	6.18355e+14	1.09920e+3	1.30033e+14	1.83200e+3	3.12736e+13	2.56481e+3	7.75092e+12
3.66149e+2	6.18859e+14	1.09845e+3	1.30386e+14	1.83074e+3	3.14203e+13	2.56304e+3	7.80281e+12
3.65897e+2	6.19363e+14	1.09769e+3	1.30739e+14	1.82948e+3	3.15674e+13	2.56128e+3	7.85495e+12
3.65645e+2	6.19866e+14	1.09693e+3	1.31093e+14	1.82822e+3	3.17149e+13	2.55951e+3	7.90733e+12
3.65393e+2	6.20369e+14	1.09618e+3	1.31446e+14	1.82696e+3	3.18628e+13	2.55775e+3	7.95997e+12
3.65141e+2	6.20871e+14	1.09542e+3	1.31800e+14	1.82571e+3	3.20112e+13	2.55599e+3	8.01286e+12
3.64890e+2	6.21376e+14	1.09467e+3	1.32155e+14	1.82445e+3	3.21599e+13	2.55423e+3	8.06600e+12
3.64638e+2	6.21874e+14	1.09391e+3	1.32509e+14	1.82319e+3	3.23090e+13	2.55247e+3	8.11939e+12
3.64387e+2	6.22374e+14	1.09316e+3	1.32864e+14	1.82193e+3	3.24586e+13	2.55071e+3	8.17304e+12
3.64136e+2	6.22874e+14	1.09241e+3	1.33219e+14	1.82068e+3	3.26085e+13	2.54895e+3	8.22694e+12
3.63884e+2	6.23373e+14	1.09165e+3	1.33574e+14	1.81942e+3	3.27589e+13	2.54719e+3	8.28109e+12
3.63634e+2	6.23872e+14	1.09090e+3	1.33930e+14	1.81817e+3	3.29097e+13	2.54543e+3	8.33551e+12
3.63383e+2	6.24369e+14	1.09015e+3	1.34285e+14	1.81691e+3	3.30609e+13	2.54368e+3	8.39017e+12
3.63132e+2	6.24866e+14	1.08940e+3	1.34642e+14	1.81566e+3	3.32125e+13	2.54192e+3	8.44509e+12
3.62881e+2	6.25365e+14	1.08864e+3	1.34998e+14	1.81441e+3	3.33645e+13	2.54017e+3	8.50027e+12
3.62631e+2	6.25858e+14	1.08789e+3	1.35354e+14	1.81315e+3	3.35169e+13	2.53842e+3	8.55571e+12
3.62381e+2	6.26353e+14	1.08714e+3	1.35711e+14	1.81190e+3	3.36697e+13	2.53666e+3	8.61140e+12
3.62130e+2	6.26848e+14	1.08639e+3	1.36068e+14	1.81065e+3	3.38229e+13	2.53491e+3	8.66736e+12
3.61880e+2	6.27342e+14	1.08564e+3	1.36426e+14	1.80940e+3	3.39766e+13	2.53316e+3	8.72357e+12
3.61630e+2	6.27835e+14	1.08489e+3	1.36783e+14	1.80815e+3	3.41306e+13	2.53141e+3	8.78004e+12
3.61381e+2	6.28328e+14	1.08414e+3	1.37141e+14	1.80690e+3	3.42851e+13	2.52966e+3	8.83677e+12
3.61131e+2	6.28251e+14	1.08339e+3	1.37499e+14	1.80565e+3	3.44399e+13	2.52792e+3	8.89376e+12
3.60881e+2	6.28742e+14	1.08264e+3	1.37857e+14	1.80441e+3	3.45952e+13	2.52617e+3	8.95102e+12
3.60632e+2	6.29233e+14	1.08190e+3	1.38216e+14	1.80316e+3	3.47509e+13	2.52442e+3	9.00853e+12
3.60383e+2	6.30293e+14	1.08115e+3	1.38575e+14	1.80191e+3	3.49069e+13	2.52268e+3	9.06631e+12
3.60133e+2	6.30783e+14	1.08040e+3	1.38934e+14	1.80067e+3	3.50634e+13	2.52093e+3	9.12435e+12
3.59884e+2	6.31272e+14	1.07965e+3	1.39293e+14	1.79942e+3	3.52203e+13	2.51919e+3	9.18265e+12
3.59635e+2	6.31761e+14	1.07891e+3	1.39652e+14	1.79818e+3	3.53776e+13	2.51745e+3	9.24122e+12
3.59387e+2	6.32248e+14	1.07816e+3	1.40012e+14	1.79693e+3	3.55353e+13	2.51571e+3	9.30005e+12
3.59138e+2	6.32735e+14	1.07741e+3	1.40372e+14	1.79569e+3	3.56935e+13	2.51397e+3	9.35914e+12
3.58889e+2	6.33222e+14	1.07667e+3	1.40732e+14	1.79445e+3	3.58520e+13	2.51223e+3	9.41850e+12
3.58641e+2	6.33708e+14	1.07592e+3	1.41093e+14	1.79320e+3	3.60109e+13	2.51049e+3	9.47813e+12
3.58393e+2	6.34193e+14	1.07518e+3	1.41454e+14	1.79196e+3	3.61702e+13	2.50875e+3	9.53802e+12
3.58145e+2	6.34677e+14	1.07443e+3	1.41815e+14	1.79072e+3	3.63300e+13	2.50701e+3	9.59818e+12
3.57896e+2	6.35161e+14	1.07369e+3	1.42176e+14	1.78948e+3	3.64901e+13	2.50528e+3	9.65861e+12
3.57649e+2	6.35644e+14	1.07295e+3	1.42537e+14	1.78824e+3	3.66507e+13	2.50354e+3	9.71931e+12
3.57401e+2	6.36127e+14	1.07220e+3	1.42899e+14	1.78700e+3	3.68116e+13	2.50181e+3	9.78027e+12
3.57153e+2	6.36609e+14	1.07146e+3	1.43261e+14	1.78577e+3	3.69729e+13	2.50007e+3	9.84150e+12
3.56906e+2	6.37091e+14	1.07072e+3	1.43623e+14	1.78453e+3	3.71347e+13	2.49834e+3	9.90301e+12
3.56658e+2	6.37572e+14	1.06997e+3	1.43985e+14	1.78329e+3	3.72968e+13	2.49661e+3	9.96478e+12
3.56411e+2	6.38052e+14	1.06923e+3	1.44347e+14	1.78205e+3	3.74594e+13	2.49488e+3	1.00268e+13
3.56164e+2	6.38532e+14	1.06849e+3	1.44710e+14	1.78082e+3	3.76224e+13	2.49315e+3	1.00891e+13
3.55917e+2	6.39012e+14	1.06775e+3	1.45073e+14	1.77958e+3	3.77857e+13	2.49142e+3	1.01517e+13
3.55670e+2	6.39490e+14	1.06701e+3	1.45436e+14	1.77835e+3	3.79495e+13	2.48969e+3	1.02146e+13
3.55423e+2	6.39968e+14	1.06627e+3	1.45799e+14	1.77712e+3	3.81137e+13	2.48796e+3	1.02777e+13
3.55177e+2	6.40446e+14	1.06553e+3	1.46163e+14	1.77588e+3	3.82782e+13	2.48624e+3	1.03411e+13
3.54930e+2	6.40922e+14	1.06479e+3	1.46527e+14	1.77465e+3	3.84432e+13	2.48451e+3	1.04048e+13
3.54684e+2	6.41398e+14	1.06405e+3	1.46890e+14	1.77342e+3	3.86086e+13	2.48279e+3	1.04687e+13
3.54438e+2	6.41873e+14	1.06331e+3	1.47255e+14	1.77219e+3	3.87744e+13	2.48106e+3	1.05330e+13
3.54192e+2	6.42348e+14	1.06257e+3	1.47619e+14	1.77096e+3	3.89406e+13	2.47934e+3	1.05975e+13
3.53946e+2	6.42820e+14	1.06184e+3	1.47984e+14	1.76973e+3	3.91071e+13	2.47762e+3	1.06622e+13
3.53700e+2	6.42750e+14	1.06110e+3	1.48348e+14	1.76850e+3	3.92741e+13	2.47590e+3	1.07273e+13
3.53454e+2	6.43174e+14	1.06036e+3	1.48713e+14	1.76727e+3	3.94415e+13	2.47418e+3	1.07926e+13
3.53208e+2	6.44240e+14	1.05963e+3	1.49078e+14	1.76604e+3	3.96093e+13	2.47246e+3	1.08582e+13
3.52963e+2	6.44712e+14	1.05889e+3	1.49444e+14	1.76482e+3	3.97774e+13	2.47074e+3	1.09241e+13
3.52718e+2	6.45183e+14	1.05815e+3	1.49809e+14	1.76359e+3	3.99460e+13	2.46902e+3	1.09902e+13
3.52473e+2	6.45654e+14	1.05742e+3	1.50175e+14	1.76236e+3	4.01150e+13	2.46731e+3	1.10567e+13
3.52228e+2	6.46124e+14	1.05668e+3	1.50541e+14	1.76114e+3	4.02843e+13	2.46559e+3	1.11234e+13
3.51983e+2	6.46594e+14	1.05595e+3	1.50907e+14	1.75991e+3	4.04541e+13	2.46388e+3	1.11904e+13
3.51738e+2	6.47062e+14	1.05521e+3	1.51273e+14	1.75869e+3	4.06243e+13	2.46217e+3	1.12577e+13
3.51493e+2	6.47529e+14	1.05448e+3	1.51640e+14	1.75747e+3	4.07948e+13	2.46045e+3	1.13252e+13
3.51249e+2	6.47998e+14	1.05375e+3	1.52007e+14	1.75624e+3	4.09658e+13	2.45874e+3	1.13930e+13
3.51004e+2	6.48465e+14	1.05301e+3	1.52374e+14	1.75502e+3	4.11372e+13	2.45703e+3	1.14612e+13
3.50760e+2	6.48931e+14	1.05228e+3	1.52741e+14	1.75380e+3	4.13089e+13	2.45532e+3	1.15296e+13
3.50516e+2	6.49396e+14	1.05155e+3	1.53108e+14	1.75258e+3	4.14811e+13	2.45361e+3	1.15982e+13
3.50272e+2	6.50141e+14	1.05082e+3	1.53475e+14	1.75136e+3	4.16536e+13	2.45191e+3	1.16672e+13
3.50028e+2	6.50606e+14	1.05009e+3	1.53843e+14	1.75014e+3	4.18266e+13	2.45020e+3	1.17364e+13
3.49785e+2	6.50789e+14	1.04935e+3	1.54211e+14	1.74892e+3	4.19999e+13	2.44849e+3	1.18059e+13
3.49541e+2	6.51252e+14	1.04862e+3	1.54579e+14	1.74771e+3	4.21736e+13	2.44679e+3	1.18758e+13
3.49298e+2	6.51714e+14	1.04789e+3	1.54947e+14	1.74649e+3	4.23478e+13	2.44508e+3	1.19458e+13
3.49054e+2	6.52176e+14	1.04716e+3	1.55315e+14	1.74527e+3	4.25223e+13	2.44338e+3	1.20162e+13
3.48811e+2	6.52637e+14	1.04643e+3	1.55683e+14	1.74406e+3	4.26972e+13	2.44168e+3	1.20869e+13
3.48568e+2	6.53098e+14	1.04570e+3	1.56052e+14	1.74284e+3	4.28725e+13	2.43998e+3	1.21578e+13
3.48325e+2	6.53559e+14	1.04498e+3	1.56421e+14	1.74163e+3	4.30482e+13	2.43828e+3	1.22291e+13
3.48083e+2	6.54018e+14	1.04425e+3	1.56790e+14	1.74041e+3	4.32243e+13	2.43658e+3	1.23006e+13
3.47840e+2	6.54477e+14	1.04352e+3	1.57159e+14	1.73920e+3	4.34008e+13	2.43488e+3	1.23724e+13
3.47597e+2	6.54936e+14	1.04279e+3	1.57528e+14	1.73799e+3	4.35776e+13	2.43318e+3	1.24445e+13
3.47355e+2	6.55394e+14	1.04207e+3	1.57898e+14	1.73678e+3	4.37549e+13	2.43149e+3	1.25168e+13
3.47113e+2	6.55851e+14	1.04134e+3	1.58267e+14	1.73556e+3	4.39326e+13	2.42979e+3	1.25895e+13
3.46871e+2	6.56307e+14	1.04061e+3	1.58637e+14	1.73435e+3	4.41106e+13	2.42810e+3	1.26625e+13
3.46629e+2	6.56761e+14	1.03989e+3	1.59007e+14	1.73314e+3	4.42890e+13	2.42640e+3	1.27357e+13
3.46387e+2	6.56597e+14	1.03916e+3	1.59377e+14	1.73194e+3	4.44678e+13	2.42471e+3	1.28092e+13
3.46145e+2	6.57052e+14	1.03844e+3	1.59748e+14	1.73073e+3	4.46470e+13	2.42302e+3	1.28830e+13
3.45904e+2	6.58414e+14	1.03771e+3	1.60118e+14	1.72952e+3	4.48266e+13	2.42133e+3	1.29571e+13
3.45663e+2	6.58868e+14	1.03699e+3	1.60489e+14	1.72831e+3	4.50066e+13	2.41964e+3	1.30315e+13
3.45421e+2	6.59032e+14	1.03626e+3	1.60859e+14	1.72711e+3	4.51870e+13	2.41795e+3	1.31062e+13
3.45180e+2	6.59484e+14	1.03554e+3	1.61230e+14	1.72590e+3	4.53677e+13	2.41626e+3	1.31812e+13
3.44939e+2	6.59936e+14	1.03482e+3	1.61601e+14	1.72470e+3	4.55489e+13	2.41457e+3	1.32565e+13
3.44698e+2	6.60387e+14	1.03410e+3	1.61973e+14	1.72349e+3	4.57304e+13	2.41289e+3	1.33320e+13
3.44458e+2	6.60838e+14	1.03337e+3	1.62344e+14	1.72229e+3	4.59123e+13	2.41120e+3	1.34079e+13
3.44217e+2	6.61287e+14	1.03265e+3	1.62715e+14	1.72109e+3	4.60946e+13	2.40952e+3	1.34840e+13
3.43977e+2	6.61737e+14	1.03193e+3	1.63087e+14	1.71988e+3	4.62773e+13	2.40784e+3	1.35605e+13
3.43736e+2	6.62186e+14	1.03121e+3	1.63459e+14	1.71868e+3	4.64604e+13	2.40615e+3	1.36372e+13
3.43496e+2	6.62634e+14	1.03049e+3	1.63831e+14	1.71748e+3	4.66439e+13	2.40447e+3	1.37142e+13
3.43256e+2	6.63081e+14	1.02977e+3	1.64203e+14	1.71628e+3	4.68277e+13	2.40279e+3	1.37915e+13
3.43016e+2	6.63528e+14	1.02905e+3	1.64575e+14	1.71508e+3	4.70119e+13	2.40111e+3	1.38691e+13
3.42777e+2	6.63975e+14	1.02833e+3	1.64947e+14	1.71388e+3	4.71965e+13	2.39944e+3	1.39470e+13
3.42537e+2	6.64420e+14	1.02761e+3	1.65320e+14	1.71268e+3	4.73815e+13	2.39776e+3	1.40252e+13
3.42298e+2	6.64865e+14	1.02689e+3	1.65692e+14	1.71149e+3	4.75669e+13	2.39608e+3	1.41037e+13
3.42058e+2	6.65603e+14	1.02617e+3	1.66065e+14	1.71029e+3	4.77526e+13	2.39441e+3	1.41825e+13
3.41819e+2	6.66047e+14	1.02546e+3	1.66438e+14	1.70909e+3	4.79388e+13	2.39273e+3	1.42616e+13
3.41580e+2	6.66491e+14	1.02474e+3	1.66811e+14	1.70790e+3	4.81253e+13	2.39106e+3	1.43410e+13
3.41341e+2	6.66934e+14	1.02402e+3	1.67184e+14	1.70671e+3	4.83122e+13	2.38939e+3	1.44206e+13
3.41102e+2	6.67080e+14	1.02331e+3	1.67557e+14	1.70551e+3	4.84995e+13	2.38772e+3	1.45006e+13
3.40864e+2	6.67521e+14	1.02259e+3	1.67925e+14	1.70432e+3	4.86871e+13	2.38605e+3	1.45809e+13
3.40625e+2	6.67963e+14	1.02188e+3	1.68298e+14	1.70313e+3	4.88751e+13	2.38438e+3	1.46615e+13
3.40387e+2	6.68403e+14	1.02116e+3	1.68678e+14	1.70193e+3	4.90635e+13	2.38271e+3	1.47423e+13
3.40149e+2	6.68842e+14	1.02045e+3	1.69051e+14	1.70074e+3	4.92523e+13	2.38104e+3	1.48235e+13
3.39911e+2	6.69282e+14	1.01973e+3	1.69425e+14	1.69955e+3	4.94415e+13	2.37937e+3	1.49049e+13
3.39673e+2	6.69720e+14	1.01902e+3	1.69799e+14	1.69836e+3	4.96310e+13	2.37771e+3	1.49867e+13
3.39435e+2	6.70158e+14	1.01830e+3	1.70173e+14	1.69717e+3	4.98209e+13	2.37604e+3	1.50688e+13
3.39197e+2	6.70596e+14	1.01759e+3	1.70547e+14	1.69599e+3	5.00112e+13	2.37438e+3	1.51511e+13
3.38960e+2	6.71033e+14	1.01688e+3	1.70922e+14	1.69480e+3	5.02019e+13	2.37272e+3	1.52338e+13
3.38722e+2	6.71469e+14	1.01617e+3	1.71296e+14	1.69361e+3	5.03929e+13	2.37106e+3	1.53167e+13
3.38485e+2	6.71904e+14	1.01545e+3	1.71671e+14	1.69242e+3	5.05843e+13	2.36939e+3	1.54000e+13
3.38248e+2	6.72339e+14	1.01474e+3	1.72045e+14	1.69124e+3	5.07761e+13	2.36774e+3	1.54835e+13
3.38011e+2	6.73074e+14	1.01403e+3	1.72420e+14	1.69005e+3	5.09682e+13	2.36608e+3	1.55674e+13
3.37774e+2	6.73508e+14	1.01332e+3	1.72795e+14	1.68887e+3	5.11608e+13	2.36442e+3	1.56515e+13
3.37537e+2	6.73941e+14	1.01261e+3	1.73170e+14	1.68769e+3	5.13536e+13	2.36276e+3	1.57360e+13
3.37301e+2	6.74374e+14	1.01190e+3	1.73545e+14	1.68650e+3	5.15469e+13	2.36111e+3	1.58208e+13
3.37065e+2	6.74503e+14	1.01119e+3	1.73920e+14	1.68532e+3	5.17406e+13	2.35945e+3	1.59058e+13
3.36828e+2	6.74934e+14	1.01048e+3	1.74295e+14	1.68414e+3	5.19346e+13	2.35780e+3	1.59912e+13
3.36592e+2	6.75365e+14	1.00978e+3	1.74671e+14	1.68296e+3	5.21289e+13	2.35615e+3	1.60768e+13
3.36356e+2	6.75795e+14	1.00907e+3	1.75046e+14	1.68178e+3	5.23237e+13	2.35449e+3	1.61628e+13
3.36120e+2	6.76225e+14	1.00836e+3	1.75422e+14	1.68060e+3	5.25188e+13	2.35284e+3	1.62491e+13
3.35885e+2	6.76657e+14	1.00765e+3	1.75798e+14	1.67942e+3	5.27143e+13	2.35119e+3	1.63356e+13
3.35649e+2	6.77083e+14	1.00695e+3	1.76173e+14	1.67825e+3	5.29101e+13	2.34954e+3	1.64225e+13
3.35414e+2	6.77511e+14	1.00624e+3	1.76549e+14	1.67707e+3	5.31063e+13	2.34790e+3	1.65097e+13
3.35178e+2	6.77938e+14	1.00554e+3	1.76925e+14	1.67589e+3	5.33029e+13	2.34625e+3	1.65972e+13
3.34943e+2	6.78365e+14	1.00483e+3	1.77301e+14	1.67472e+3	5.34998e+13	2.34460e+3	1.66850e+13
3.34708e+2	6.78791e+14	1.00413e+3	1.77677e+14	1.67354e+3	5.36971e+13	2.34296e+3	1.67731e+13
3.34474e+2	6.79217e+14	1.00342e+3	1.78054e+14	1.67237e+3	5.38948e+13	2.34131e+3	1.68615e+13
3.34239e+2	6.79644e+14	1.00272e+3	1.78430e+14	1.67119e+3	5.40928e+13	2.33967e+3	1.69502e+13
3.34004e+2	6.80373e+14	1.00201e+3	1.78806e+14	1.67002e+3	5.42912e+13	2.33803e+3	1.70392e+13
3.33770e+2	6.80797e+14	1.00131e+3	1.79183e+14	1.66885e+3	5.44900e+13	2.33639e+3	1.71285e+13
3.33536e+2	6.81221e+14	1.00061e+3	1.79559e+14	1.66768e+3	5.46891e+13	2.33475e+3	1.72181e+13
3.33302e+2	6.81644e+14	9.99905e+2	1.79936e+14	1.66651e+3	5.48886e+13	2.33311e+3	1.73080e+13
3.33068e+2	6.82066e+14	9.99203e+2	1.80313e+14	1.66534e+3	5.50884e+13	2.33147e+3	1.73982e+13
3.32834e+2	6.82177e+14	9.98501e+2	1.80689e+14	1.66417e+3	5.52886e+13	2.32984e+3	1.74888e+13
3.32600e+2	6.82598e+14	9.97800e+2	1.81066e+14	1.66300e+3	5.54892e+13	2.32820e+3	1.75796e+13
3.32366e+2	6.83018e+14	9.97099e+2	1.81443e+14	1.66183e+3	5.56901e+13	2.32657e+3	1.76708e+13
3.32133e+2	6.83438e+14	9.96399e+2	1.81820e+14	1.66067e+3	5.58914e+13	2.32493e+3	1.77622e+13
3.31900e+2	6.83857e+14	9.95699e+2	1.82197e+14	1.65950e+3	5.60930e+13	2.32330e+3	1.78540e+13
3.31667e+2	6.84275e+14	9.95000e+2	1.82575e+14	1.65833e+3	5.62950e+13	2.32167e+3	1.79460e+13
3.31434e+2	6.84694e+14	9.94301e+2	1.82952e+14	1.65717e+3	5.64973e+13	2.32004e+3	1.80384e+13
3.31201e+2	6.85111e+14	9.93602e+2	1.83329e+14	1.65600e+3	5.67000e+13	2.31841e+3	1.81311e+13
3.30968e+2	6.85528e+14	9.92904e+2	1.83707e+14	1.65484e+3	5.69031e+13	2.31678e+3	1.82241e+13
3.30736e+2	6.85944e+14	9.92207e+2	1.84084e+14	1.65368e+3	5.71065e+13	2.31515e+3	1.83174e+13
3.30503e+2	6.86360e+14	9.91510e+2	1.84462e+14	1.65252e+3	5.73102e+13	2.31352e+3	1.84110e+13
3.30271e+2	6.86775e+14	9.90813e+2	1.84839e+14	1.65135e+3	5.75143e+13	2.31190e+3	1.85049e+13
3.30039e+2	6.87503e+14	9.90116e+2	1.85217e+14	1.65019e+3	5.77188e+13	2.31027e+3	1.85991e+13
3.29807e+2	6.87918e+14	9.89420e+2	1.85595e+14	1.64903e+3	5.79236e+13	2.30865e+3	1.86937e+13
3.29575e+2	6.88331e+14	9.88725e+2	1.85973e+14	1.64787e+3	5.81288e+13	2.30702e+3	1.87885e+13
3.29343e+2	6.88744e+14	9.88030e+2	1.86351e+14	1.64672e+3	5.83343e+13	2.30540e+3	1.88837e+13
3.29112e+2	6.89157e+14	9.87335e+2	1.86728e+14	1.64556e+3	5.85402e+13	2.30378e+3	1.89791e+13
3.28880e+2	6.89569e+14	9.86641e+2	1.87106e+14	1.64440e+3	5.87464e+13	2.30216e+3	1.90749e+13
3.28649e+2	6.89662e+14	9.85947e+2	1.87484e+14	1.64325e+3	5.89529e+13	2.30054e+3	1.91710e+13
3.28418e+2	6.90004e+14	9.85254e+2	1.87862e+14	1.64209e+3	5.91598e+13	2.29893e+3	1.92674e+13
3.28187e+2	6.90482e+14	9.84561e+2	1.88240e+14	1.64094e+3	5.93671e+13	2.29731e+3	1.93641e+13
3.27956e+2	6.90891e+14	9.83869e+2	1.88618e+14	1.63978e+3	5.95747e+13	2.29569e+3	1.94611e+13
3.27726e+2	6.91300e+14	9.83177e+2	1.88997e+14	1.63863e+3	5.97826e+13	2.29408e+3	1.95584e+13
3.27495e+2	6.91708e+14	9.82485e+2	1.89375e+14	1.63747e+3	5.99909e+13	2.29246e+3	1.96560e+13
3.27265e+2	6.92116e+14	9.81794e+2	1.89753e+14	1.63632e+3	6.01995e+13	2.29085e+3	1.97540e+13
3.27034e+2	6.92523e+14	9.81103e+2	1.90132e+14	1.63517e+3	6.04085e+13	2.28924e+3	1.98522e+13
3.26804e+2	6.92929e+14	9.80413e+2	1.90510e+14	1.63402e+3	6.06178e+13	2.28763e+3	1.99508e+13
3.26574e+2	6.93336e+14	9.79723e+2	1.90888e+14	1.63287e+3	6.08275e+13	2.28602e+3	2.00496e+13
3.26344e+2	6.93741e+14	9.79033e+2	1.91267e+14	1.63172e+3	6.10375e+13	2.28441e+3	2.01488e+13
3.26115e+2	6.94146e+14	9.78344e+2	1.91645e+14	1.63057e+3	6.12478e+13	2.28280e+3	2.02483e+13
3.25885e+2	6.94872e+14	9.77656e+2	1.92024e+14	1.62943e+3	6.14585e+13	2.28120e+3	2.03481e+13
3.25656e+2	6.95276e+14	9.76968e+2	1.92402e+14	1.62828e+3	6.16696e+13	2.27959e+3	2.04483e+13
3.25427e+2	6.95679e+14	9.76280e+2	1.92781e+14	1.62713e+3	6.18809e+13	2.27799e+3	2.05487e+13
3.25198e+2	6.96082e+14	9.75593e+2	1.93160e+14	1.62599e+3	6.20926e+13	2.27638e+3	2.06494e+13
3.24969e+2	6.96484e+14	9.74906e+2	1.93538e+14	1.62484e+3	6.23047e+13	2.27478e+3	2.07505e+13
3.24740e+2	6.96885e+14	9.74220e+2	1.93917e+14	1.62370e+3	6.25171e+13	2.27318e+3	2.08518e+13
3.24511e+2	6.97286e+14	9.73534e+2	1.94296e+14	1.62256e+3	6.27298e+13	2.27158e+3	2.09535e+13
3.24283e+2	6.97361e+14	9.72848e+2	1.94675e+14	1.62141e+3	6.29428e+13	2.26998e+3	2.10555e+13
3.24054e+2	6.97761e+14	9.72163e+2	1.95053e+14	1.62027e+3	6.31562e+13	2.26838e+3	2.11578e+13
3.23826e+2	6.98160e+14	9.71478e+2	1.95432e+14	1.61913e+3	6.33699e+13	2.26678e+3	2.12604e+13
3.23598e+2	6.98558e+14	9.70794e+2	1.95811e+14	1.61799e+3	6.35840e+13	2.26519e+3	2.13633e+13
3.23370e+2	6.98956e+14	9.70110e+2	1.96190e+14	1.61685e+3	6.37984e+13	2.26359e+3	2.14666e+13
3.23142e+2	6.99354e+14	9.69427e+2	1.96569e+14	1.61571e+3	6.40131e+13	2.26200e+3	2.15701e+13
3.22915e+2	6.99751e+14	9.68744e+2	1.96948e+14	1.61457e+3	6.42281e+13	2.26040e+3	2.16740e+13
3.22687e+2	7.00147e+14	9.68062e+2	1.97327e+14	1.61344e+3	6.44435e+13	2.25881e+3	2.17782e+13
3.22460e+2	7.00543e+14	9.67380e+2	1.97706e+14	1.61230e+3	6.46592e+13	2.25722e+3	2.18827e+13
3.22233e+2	7.00938e+14	9.66698e+2	1.98085e+14	1.61116e+3	6.48751e+13	2.25563e+3	2.19875e+13
3.22006e+2	7.01332e+14	9.66017e+2	1.98464e+14	1.61003e+3	6.50915e+13	2.25404e+3	2.20926e+13
3.21779e+2	7.02055e+14	9.65336e+2	1.98843e+14	1.60889e+3	6.53081e+13	2.25245e+3	2.21980e+13
3.21552e+2	7.02449e+14	9.64656e+2	1.99222e+14	1.60776e+3	6.55251e+13	2.25086e+3	2.23038e+13
3.21325e+2	7.02842e+14	9.63976e+2	1.99601e+14	1.60663e+3	6.57425e+13	2.24928e+3	2.24098e+13
3.21099e+2	7.03237e+14	9.63297e+2	1.99980e+14	1.60549e+3	6.59601e+13	2.24769e+3	2.25162e+13
3.20873e+2	7.03627e+14	9.62618e+2	2.00360e+14	1.60436e+3	6.61782e+13	2.24611e+3	2.26229e+13
3.20646e+2	7.04019e+14	9.61939e+2	2.00739e+14	1.60323e+3	6.63965e+13	2.24453e+3	2.27299e+13
3.20420e+2	7.04410e+14	9.61261e+2	2.01118e+14	1.60210e+3	6.66151e+13	2.24294e+3	2.28372e+13
3.20195e+2	7.04467e+14	9.60584e+2	2.01497e+14	1.60097e+3	6.68340e+13	2.24136e+3	2.29448e+13
3.19969e+2	7.04856e+14	9.59906e+2	2.01876e+14	1.59984e+3	6.70533e+13	2.23978e+3	2.30527e+13
3.19743e+2	7.05245e+14	9.59230e+2	2.02255e+14	1.59872e+3	6.72729e+13	2.23820e+3	2.31610e+13
3.19518e+2	7.05634e+14	9.58553e+2	2.02634e+14	1.59759e+3	6.74928e+13	2.23662e+3	2.32695e+13
3.19293e+2	7.06063e+14	9.57878e+2	2.03014e+14	1.59646e+3	6.77130e+13	2.23505e+3	2.33784e+13
3.19067e+2	7.06409e+14	9.57202e+2	2.03393e+14	1.59534e+3	6.79335e+13	2.23347e+3	2.34876e+13
3.18842e+2	7.06796e+14	9.56527e+2	2.03772e+14	1.59421e+3	6.81544e+13	2.23190e+3	2.35971e+13
3.18618e+2	7.07182e+14	9.55853e+2	2.04151e+14	1.59309e+3	6.83755e+13	2.23032e+3	2.37069e+13
3.18393e+2	7.07568e+14	9.55179e+2	2.04530e+14	1.59196e+3	6.85970e+13	2.22875e+3	2.38171e+13
3.18168e+2	7.07953e+14	9.54505e+2	2.04910e+14	1.59084e+3	6.88188e+13	2.22718e+3	2.39275e+13
3.17944e+2	7.08326e+14	9.53832e+2	2.05280e+14	1.58972e+3	6.90410e+13	2.22561e+3	2.40383e+13
3.17720e+2	7.09058e+14	9.53159e+2	2.05659e+14	1.58860e+3	6.92634e+13	2.22404e+3	2.41494e+13
3.17496e+2	7.09442e+14	9.52487e+2	2.06047e+14	1.58748e+3	6.94861e+13	2.22247e+3	2.42607e+13
3.17272e+2	7.09825e+14	9.51815e+2	2.06426e+14	1.58636e+3	6.97092e+13	2.22090e+3	2.43724e+13
3.17048e+2	7.10208e+14	9.51143e+2	2.06805e+14	1.58524e+3	6.99326e+13	2.21933e+3	2.44845e+13
3.16824e+2	7.10590e+14	9.50472e+2	2.07185e+14	1.58412e+3	7.01563e+13	2.21777e+3	2.45968e+13
3.16601e+2	7.10972e+14	9.49802e+2	2.07564e+14	1.58300e+3	7.03803e+13	2.21620e+3	2.47094e+13
3.16377e+2	7.11353e+14	9.49131e+2	2.07943e+14	1.58189e+3	7.06046e+13	2.21464e+3	2.48224e+13
3.16154e+2	7.11733e+14	9.48462e+2	2.08322e+14	1.58077e+3	7.08292e+13	2.21308e+3	2.49357e+13
3.15931e+2	7.11771e+14	9.47793e+2	2.08696e+14	1.57965e+3	7.10541e+13	2.21152e+3	2.50493e+13
3.15708e+2	7.12150e+14	9.47124e+2	2.09076e+14	1.57854e+3	7.12793e+13	2.20996e+3	2.51632e+13
3.15485e+2	7.12529e+14	9.46455e+2	2.09456e+14	1.57743e+3	7.15048e+13	2.20840e+3	2.52774e+13
3.15262e+2	7.12908e+14	9.45787e+2	2.09836e+14	1.57631e+3	7.17306e+13	2.20684e+3	2.53919e+13
3.15040e+2	7.13285e+14	9.45120e+2	2.10217e+14	1.57520e+3	7.19568e+13	2.20528e+3	2.55067e+13
3.14818e+2	7.13662e+14	9.44453e+2	2.10596e+14	1.57409e+3	7.21832e+13	2.20372e+3	2.56219e+13
3.14595e+2	7.14038e+14	9.43786e+2	2.10975e+14	1.57298e+3	7.24097e+13	2.20217e+3	2.57374e+13
3.14373e+2	7.14414e+14	9.43120e+2	2.11354e+14	1.57187e+3	7.26368e+13	2.20061e+3	2.58531e+13
3.14152e+2	7.14790e+14	9.42455e+2	2.11733e+14	1.57076e+3	7.28641e+13	2.19906e+3	2.59692e+13
3.13930e+2	7.15164e+14	9.41789e+2	2.12112e+14	1.56965e+3	7.30918e+13	2.19751e+3	2.60856e+13
3.13708e+2	7.15539e+14	9.41125e+2	2.12491e+14	1.56854e+3	7.33198e+13	2.19596e+3	2.62024e+13
3.13487e+2	7.16256e+14	9.40460e+2	2.12870e+14	1.56743e+3	7.35481e+13	2.19441e+3	2.63194e+13
3.13265e+2	7.16630e+14	9.39796e+2	2.13249e+14	1.56633e+3	7.37766e+13	2.19286e+3	2.64368e+13
3.13044e+2	7.17003e+14	9.39133e+2	2.13631e+14	1.56522e+3	7.40054e+13	2.19131e+3	2.65544e+13
3.12823e+2	7.17375e+14	9.38470e+2	2.14010e+14	1.56412e+3	7.42345e+13	2.18976e+3	2.66724e+13
3.12602e+2	7.17747e+14	9.37807e+2	2.14388e+14	1.56301e+3	7.44639e+13	2.18822e+3	2.67907e+13
3.12382e+2	7.18124e+14	9.37145e+2	2.14764e+14	1.56191e+3	7.46936e+13	2.18667e+3	2.69093e+13
3.12161e+2	7.18489e+14	9.36483e+2	2.15142e+14	1.56081e+3	7.49236e+13	2.18513e+3	2.70282e+13
3.11941e+2	7.18859e+14	9.35822e+2	2.15521e+14	1.55970e+3	7.51539e+13	2.18358e+3	2.71474e+13
3.11720e+2	7.18879e+14	9.35161e+2	2.15900e+14	1.55860e+3	7.53845e+13	2.18204e+3	2.72670e+13
3.11500e+2	7.19248e+14	9.34501e+2	2.16279e+14	1.55750e+3	7.56154e+13	2.18050e+3	2.73868e+13
3.11280e+2	7.19619e+14	9.33841e+2	2.16657e+14	1.55640e+3	7.58465e+13	2.17896e+3	2.75070e+13
3.11060e+2	7.19984e+14	9.33181e+2	2.17036e+14	1.55530e+3	7.60780e+13	2.17742e+3	2.76275e+13
3.10841e+2	7.20351e+14	9.32522e+2	2.17414e+14	1.55420e+3	7.63097e+13	2.17589e+3	2.77483e+13
3.10621e+2	7.20718e+14	9.31864e+2	2.17793e+14	1.55311e+3	7.65418e+13	2.17435e+3	2.78694e+13
3.10402e+2	7.21085e+14	9.31206e+2	2.18171e+14	1.55201e+3	7.67741e+13	2.17281e+3	2.79908e+13
3.10183e+2	7.21450e+14	9.30548e+2	2.18550e+14	1.55091e+3	7.70067e+13	2.17128e+3	2.81126e+13
3.09964e+2	7.21816e+14	9.29891e+2	2.18928e+14	1.54982e+3	7.72396e+13	2.16975e+3	2.82346e+13
3.09745e+2	7.22182e+14	9.29234e+2	2.19306e+14	1.54872e+3	7.74728e+13	2.16821e+3	2.83570e+13
3.09526e+2	7.22896e+14	9.28578e+2	2.19685e+14	1.54763e+3	7.77062e+13	2.16668e+3	2.84796e+13
3.09307e+2	7.23260e+14	9.27922e+2	2.20063e+14	1.54654e+3	7.79400e+13	2.16515e+3	2.86026e+13
3.09089e+2	7.23623e+14	9.27266e+2	2.20441e+14	1.54544e+3	7.81740e+13	2.16362e+3	2.87259e+13
3.08870e+2	7.23986e+14	9.26611e+2	2.20819e+14	1.54435e+3	7.84083e+13	2.16209e+3	2.88495e+13
3.08652e+2	7.24348e+14	9.25957e+2	2.21197e+14	1.54326e+3	7.86429e+13	2.16057e+3	2.89734e+13
3.08434e+2	7.24710e+14	9.25302e+2	2.21575e+14	1.54217e+3	7.88778e+13	2.15904e+3	2.90977e+13
3.08216e+2	7.25071e+14	9.24649e+2	2.21953e+14	1.54108e+3	7.91129e+13	2.15751e+3	2.92222e+13
3.07998e+2	7.25431e+14	9.23995e+2	2.22331e+14	1.53999e+3	7.93483e+13	2.15599e+3	2.93471e+13
3.07781e+2	7.25792e+14	9.23343e+2	2.22709e+14	1.53890e+3	7.95840e+13	2.15447e+3	2.94722e+13
3.07563e+2	7.25793e+14	9.22690e+2	2.23086e+14	1.53782e+3	7.98200e+13	2.15294e+3	2.95977e+13
3.07346e+2	7.26152e+14	9.22038e+2	2.23464e+14	1.53673e+3	8.00562e+13	2.15142e+3	2.97235e+13
3.07129e+2	7.26510e+14	9.21387e+2	2.23842e+14	1.53564e+3	8.02928e+13	2.14990e+3	2.98496e+13
3.06912e+2	7.26868e+14	9.20736e+2	2.24219e+14	1.53456e+3	8.05295e+13	2.14838e+3	2.99760e+13
3.06695e+2	7.27226e+14	9.20085e+2	2.24597e+14	1.53348e+3	8.07666e+13	2.14687e+3	3.01027e+13
3.06478e+2	7.27582e+14	9.19435e+2	2.24975e+14	1.53239e+3	8.10039e+13	2.14535e+3	3.02297e+13
3.06262e+2	7.27939e+14	9.18786e+2	2.25352e+14	1.53131e+3	8.12415e+13	2.14383e+3	3.03571e+13
3.06045e+2	7.28294e+14	9.18136e+2	2.25729e+14	1.53023e+3	8.14794e+13	2.14232e+3	3.04847e+13
3.05829e+2	7.28649e+14	9.17488e+2	2.26107e+14	1.52915e+3	8.17176e+13	2.14080e+3	3.06127e+13
3.05613e+2	7.29004e+14	9.16839e+2	2.26481e+14	1.52807e+3	8.19560e+13	2.13929e+3	3.07410e+13
3.05397e+2	7.29718e+14	9.16191e+2	2.26861e+14	1.52699e+3	8.21946e+13	2.13778e+3	3.08695e+13
3.05181e+2	7.30072e+14	9.15544e+2	2.27238e+14	1.52591e+3	8.24336e+13	2.13627e+3	3.09984e+13
3.04966e+2	7.30425e+14	9.14897e+2	2.27615e+14	1.52483e+3	8.26728e+13	2.13476e+3	3.11276e+13
3.04750e+2	7.30778e+14	9.14250e+2	2.27992e+14	1.52375e+3	8.29123e+13	2.13325e+3	3.12571e+13
3.04535e+2	7.31131e+14	9.13604e+2	2.28369e+14	1.52267e+3	8.31520e+13	2.13174e+3	3.13870e+13
3.04320e+2	7.31482e+14	9.12959e+2	2.28746e+14	1.52160e+3	8.33920e+13	2.13024e+3	3.15171e+13
3.04104e+2	7.31834e+14	9.12313e+2	2.29123e+14	1.52052e+3	8.36323e+13	2.12873e+3	3.16475e+13
3.03890e+2	7.32184e+14	9.11669e+2	2.29499e+14	1.51945e+3	8.38728e+13	2.12723e+3	3.17783e+13
3.03675e+2	7.32534e+14	9.11024e+2	2.29876e+14	1.51837e+3	8.41136e+13	2.12572e+3	3.19093e+13
3.03460e+2	7.32517e+14	9.10381e+2	2.30253e+14	1.51730e+3	8.44064e+13	2.12422e+3	3.20407e+13
3.03246e+2	7.32865e+14	9.09737e+2	2.30629e+14	1.51623e+3	8.46479e+13	2.12272e+3	3.21724e+13
3.03031e+2	7.33215e+14	9.09094e+2	2.31006e+14	1.51516e+3	8.48896e+13	2.12122e+3	3.23043e+13
3.02817e+2	7.33563e+14	9.08452e+2	2.31382e+14	1.51409e+3	8.51316e+13	2.11972e+3	3.24366e+13
3.02603e+2	7.33911e+14	9.07810e+2	2.31758e+14	1.51302e+3	8.53739e+13	2.11822e+3	3.25692e+13
3.02389e+2	7.34258e+14	9.07168e+2	2.32134e+14	1.51195e+3	8.56164e+13	2.11673e+3	3.27021e+13
3.02176e+2	7.34604e+14	9.06527e+2	2.32510e+14	1.51088e+3	8.58592e+13	2.11523e+3	3.28353e+13
3.01962e+2	7.34950e+14	9.05886e+2	2.32886e+14	1.50981e+3	8.61022e+13	2.11373e+3	3.29689e+13
3.01749e+2	7.35293e+14	9.05246e+2	2.33262e+14	1.50874e+3	8.63455e+13	2.11224e+3	3.31027e+13
3.01535e+2	7.35640e+14	9.04606e+2	2.33638e+14	1.50768e+3	8.65890e+13	2.11075e+3	3.32368e+13
3.01322e+2	7.36353e+14	9.03966e+2	2.34014e+14	1.50661e+3	8.68327e+13	2.10926e+3	3.33712e+13
3.01109e+2	7.36697e+14	9.03328e+2	2.34390e+14	1.50555e+3	8.70768e+13	2.10776e+3	3.35060e+13
3.00896e+2	7.37040e+14	9.02689e+2	2.34765e+14	1.50448e+3	8.73210e+13	2.10627e+3	3.36410e+13
3.00684e+2	7.37383e+14	9.02051e+2	2.35141e+14	1.50342e+3	8.75656e+13	2.10479e+3	3.37764e+13
3.00471e+2	7.37726e+14	9.01413e+2	2.35516e+14	1.50236e+3	8.78103e+13	2.10330e+3	3.39120e+13
3.00259e+2	7.38068e+14	9.00776e+2	2.35891e+14	1.50129e+3	8.80553e+13	2.10181e+3	3.40480e+13
3.00047e+2	7.38409e+14	9.00140e+2	2.36267e+14	1.50023e+3	8.83006e+13	2.10033e+3	3.41843e+13
2.99834e+2	7.38750e+14	8.99503e+2	2.36642e+14	1.49917e+3	8.85461e+13	2.09884e+3	3.43208e+13
2.99622e+2	7.39091e+14	8.98867e+2	2.37017e+14	1.49811e+3	8.87918e+13	2.09736e+3	3.44577e+13
2.99411e+2	7.39431e+14	8.98232e+2	2.37392e+14	1.49705e+3	8.90378e+13	2.09587e+3	3.45949e+13
2.99199e+2	7.39395e+14	8.97597e+2	2.37767e+14	1.49600e+3	8.92840e+13	2.09439e+3	3.47324e+13
2.98988e+2	7.39734e+14	8.96963e+2	2.38141e+14	1.49494e+3	8.95305e+13	2.09291e+3	3.48702e+13
2.98776e+2	7.40072e+14	8.96329e+2	2.38516e+14	1.49388e+3	8.97772e+13	2.09143e+3	3.50083e+13
2.98565e+2	7.40410e+14	8.95695e+2	2.38891e+14	1.49283e+3	9.00242e+13	2.08996e+3	3.51467e+13
2.98354e+2	7.40748e+14	8.95062e+2	2.39265e+14	1.49177e+3	9.02714e+13	2.08848e+3	3.52854e+13
2.98143e+2	7.41085e+14	8.94429e+2	2.39639e+14	1.49072e+3	9.05188e+13	2.08700e+3	3.54244e+13
2.97932e+2	7.41421e+14	8.93797e+2	2.40014e+14	1.48966e+3	9.07665e+13	2.08553e+3	3.55637e+13
2.97722e+2	7.41755e+14	8.93165e+2	2.40388e+14	1.48861e+3	9.10144e+13	2.08405e+3	3.57033e+13
2.97511e+2	7.42092e+14	8.92534e+2	2.40762e+14	1.48756e+3	9.12625e+13	2.08258e+3	3.58432e+13
2.97301e+2	7.42427e+14	8.91903e+2	2.41136e+14	1.48651e+3	9.15109e+13	2.08111e+3	3.59834e+13
2.97091e+2	7.43138e+14	8.91273e+2	2.41510e+14	1.48545e+3	9.17595e+13	2.07964e+3	3.61239e+13
2.96881e+2	7.43472e+14	8.90643e+2	2.41884e+14	1.48440e+3	9.20083e+13	2.07817e+3	3.62647e+13
2.96671e+2	7.43805e+14	8.90013e+2	2.42257e+14	1.48336e+3	9.22574e+13	2.07670e+3	3.64059e+13
2.96461e+2	7.44138e+14	8.89384e+2	2.42631e+14	1.48231e+3	9.25067e+13	2.07523e+3	3.65473e+13
2.96252e+2	7.44471e+14	8.88755e+2	2.43004e+14	1.48126e+3	9.27562e+13	2.07376e+3	3.66890e+13
2.96042e+2	7.44803e+14	8.88127e+2	2.43378e+14	1.48021e+3	9.30059e+13	2.07230e+3	3.68310e+13
2.95833e+2	7.45134e+14	8.87499e+2	2.43751e+14	1.47917e+3	9.32559e+13	2.07083e+3	3.69733e+13
2.95624e+2	7.45465e+14	8.86872e+2	2.44124e+14	1.47812e+3	9.35061e+13	2.06937e+3	3.71160e+13
2.95415e+2	7.45796e+14	8.86245e+2	2.44497e+14	1.47708e+3	9.37565e+13	2.06791e+3	3.72589e+13
2.95206e+2	7.46125e+14	8.85619e+2	2.44870e+14	1.47603e+3	9.40072e+13	2.06644e+3	3.74021e+13
2.94998e+2	7.46072e+14	8.84993e+2	2.45243e+14	1.47499e+3	9.42581e+13	2.06498e+3	3.75456e+13
2.94789e+2	7.46400e+14	8.84367e+2	2.45616e+14	1.47395e+3	9.45092e+13	2.06352e+3	3.76894e+13
2.94581e+2	7.46729e+14	8.83742e+2	2.45988e+14	1.47290e+3	9.47605e+13	2.06207e+3	3.78335e+13
2.94373e+2	7.47057e+14	8.83118e+2	2.46361e+14	1.47186e+3	9.50121e+13	2.06061e+3	3.79779e+13
2.94164e+2	7.47384e+14	8.82493e+2	2.46733e+14	1.47082e+3	9.52638e+13	2.05915e+3	3.81227e+13
2.93957e+2	7.47711e+14	8.81870e+2	2.47105e+14	1.46978e+3	9.55158e+13	2.05770e+3	3.82677e+13
2.93749e+2	7.48038e+14	8.81246e+2	2.47477e+14	1.46874e+3	9.57680e+13	2.05624e+3	3.84130e+13
2.93541e+2	7.48364e+14	8.80624e+2	2.47849e+14	1.46771e+3	9.60204e+13	2.05479e+3	3.85586e+13
2.93334e+2	7.48690e+14	8.80001e+2	2.48221e+14	1.46667e+3	9.62731e+13	2.05334e+3	3.87045e+13
2.93126e+2	7.49399e+14	8.79379e+2	2.48593e+14	1.46563e+3	9.65259e+13	2.05188e+3	3.88506e+13
2.92919e+2	7.49724e+14	8.78758e+2	2.48965e+14	1.46460e+3	9.67790e+13	2.05043e+3	3.89971e+13
2.92712e+2	7.50048e+14	8.78137e+2	2.49336e+14	1.46356e+3	9.70323e+13	2.04899e+3	3.91439e+13
2.92505e+2	7.50371e+14	8.77516e+2	2.49708e+14	1.46253e+3	9.72858e+13	2.04754e+3	3.92910e+13
2.92299e+2	7.50694e+14	8.76896e+2	2.50079e+14	1.46149e+3	9.75395e+13	2.04609e+3	3.94384e+13
2.92092e+2	7.51017e+14	8.76276e+2	2.50450e+14	1.46046e+3	9.77934e+13	2.04464e+3	3.95861e+13
2.91886e+2	7.51339e+14	8.75657e+2	2.50821e+14	1.45943e+3	9.80475e+13	2.04320e+3	3.97341e+13
2.91679e+2	7.51661e+14	8.75038e+2	2.51192e+14	1.45840e+3	9.83019e+13	2.04176e+3	3.98823e+13
2.91473e+2	7.51983e+14	8.74420e+2	2.51563e+14	1.45737e+3	9.85564e+13	2.04031e+3	4.00309e+13
2.91267e+2	7.52304e+14	8.73802e+2	2.51934e+14	1.45634e+3	9.88112e+13	2.03887e+3	4.01797e+13
2.91061e+2	7.52624e+14	8.73184e+2	2.52304e+14	1.45531e+3	9.90661e+13	2.03743e+3	4.03289e+13
2.90856e+2	7.52551e+14	8.72567e+2	2.52675e+14	1.45428e+3	9.93213e+13	2.03599e+3	4.04783e+13
2.90650e+2	7.52870e+14	8.71951e+2	2.53045e+14	1.45325e+3	9.95767e+13	2.03455e+3	4.06280e+13
2.90445e+2	7.53189e+14	8.71335e+2	2.53415e+14	1.45222e+3	9.98322e+13	2.03311e+3	4.07780e+13
2.90240e+2	7.53508e+14	8.70719e+2	2.53785e+14	1.45120e+3	1.00088e+14	2.03168e+3	4.09283e+13
2.90035e+2	7.53825e+14	8.70104e+2	2.54155e+14	1.45017e+3	1.00344e+14	2.03024e+3	4.10788e+13
2.89830e+2	7.54142e+14	8.69489e+2	2.54525e+14	1.44915e+3	1.00600e+14	2.02881e+3	4.12297e+13
2.89625e+2	7.54459e+14	8.68874e+2	2.54894e+14	1.44812e+3	1.00857e+14	2.02737e+3	4.13809e+13
2.89420e+2	7.54775e+14	8.68261e+2	2.55264e+14	1.44710e+3	1.01113e+14	2.02594e+3	4.15324e+13
2.89216e+2	7.55091e+14	8.67647e+2	2.55633e+14	1.44608e+3	1.01379e+14	2.02451e+3	4.16841e+13
2.89011e+2	7.55800e+14	8.67034e+2	2.56002e+14	1.44506e+3	1.01636e+14	2.02308e+3	4.18362e+13
2.88807e+2	7.56115e+14	8.66422e+2	2.56371e+14	1.44404e+3	1.01884e+14	2.02165e+3	4.19885e+13
2.88603e+2	7.56430e+14	8.65809e+2	2.56740e+14	1.44302e+3	1.02141e+14	2.02022e+3	4.21411e+13
2.88399e+2	7.56744e+14	8.65198e+2	2.57109e+14	1.44200e+3	1.02399e+14	2.01879e+3	4.22940e+13
2.88196e+2	7.57058e+14	8.64587e+2	2.57478e+14	1.44098e+3	1.02657e+14	2.01737e+3	4.24472e+13
2.87992e+2	7.57371e+14	8.63976e+2	2.57846e+14	1.43996e+3	1.02915e+14	2.01594e+3	4.26007e+13
2.87788e+2	7.57683e+14	8.63365e+2	2.58214e+14	1.43894e+3	1.03173e+14	2.01452e+3	4.27545e+13
2.87585e+2	7.57995e+14	8.62756e+2	2.58583e+14	1.43793e+3	1.03431e+14	2.01310e+3	4.29086e+13
2.87382e+2	7.58307e+14	8.62146e+2	2.58951e+14	1.43691e+3	1.03690e+14	2.01167e+3	4.30629e+13
2.87179e+2	7.58620e+14	8.61537e+2	2.59319e+14	1.43590e+3	1.03948e+14	2.01025e+3	4.32176e+13
2.86976e+2	7.58929e+14	8.60929e+2	2.59687e+14	1.43488e+3	1.04207e+14	2.00883e+3	4.33725e+13
2.86773e+2	7.58838e+14	8.60320e+2	2.60054e+14	1.43387e+3	1.04466e+14	2.00741e+3	4.35277e+13
2.86571e+2	7.59148e+14	8.59713e+2	2.60422e+14	1.43285e+3	1.04726e+14	2.00600e+3	4.36832e+13
2.86369e+2	7.59457e+14	8.59106e+2	2.60789e+14	1.43184e+3	1.04985e+14	2.00458e+3	4.38389e+13
2.86166e+2	7.59765e+14	8.58499e+2	2.61156e+14	1.43083e+3	1.05245e+14	2.00316e+3	4.39950e+13
2.85964e+2	7.60074e+14	8.57892e+2	2.61523e+14	1.42982e+3	1.05505e+14	2.00175e+3	4.41513e+13
2.85762e+2	7.60382e+14	8.57287e+2	2.61890e+14	1.42881e+3	1.05765e+14	2.00034e+3	4.43080e+13
2.85560e+2	7.60689e+14	8.56681e+2	2.62257e+14	1.42780e+3	1.06025e+14	1.99892e+3	4.44649e+13
2.85359e+2	7.60996e+14	8.56076e+2	2.62624e+14	1.42679e+3	1.06285e+14	1.99751e+3	4.46221e+13
2.85157e+2	7.61302e+14	8.55472e+2	2.62990e+14	1.42579e+3	1.06546e+14	1.99610e+3	4.47795e+13
2.84956e+2	7.62011e+14	8.54868e+2	2.63357e+14	1.42478e+3	1.06806e+14	1.99469e+3	4.49373e+13
2.84755e+2	7.62317e+14	8.54264e+2	2.63723e+14	1.42377e+3	1.07067e+14	1.99328e+3	4.50953e+13
2.84554e+2	7.62622e+14	8.53661e+2	2.64089e+14	1.42277e+3	1.07328e+14	1.99187e+3	4.52536e+13
2.84353e+2	7.62926e+14	8.53058e+2	2.64455e+14	1.42176e+3	1.07590e+14	1.99047e+3	4.54122e+13
2.84152e+2	7.63231e+14	8.52456e+2	2.64820e+14	1.42076e+3	1.07851e+14	1.98906e+3	4.55711e+13
2.83951e+2	7.63535e+14	8.51854e+2	2.65186e+14	1.41976e+3	1.08113e+14	1.98766e+3	4.57303e+13
2.83751e+2	7.63838e+14	8.51252e+2	2.65551e+14	1.41875e+3	1.08375e+14	1.98626e+3	4.58897e+13
2.83550e+2	7.64141e+14	8.50651e+2	2.65917e+14	1.41775e+3	1.08637e+14	1.98485e+3	4.60494e+13
2.83350e+2	7.64444e+14	8.50051e+2	2.66282e+14	1.41675e+3	1.08899e+14	1.98345e+3	4.62094e+13
2.83150e+2	7.64746e+14	8.49451e+2	2.66647e+14	1.41575e+3	1.09161e+14	1.98205e+3	4.63697e+13
2.82950e+2	7.65047e+14	8.48851e+2	2.67011e+14	1.41475e+3	1.09423e+14	1.98065e+3	4.65302e+13
2.82751e+2	7.65348e+14	8.48252e+2	2.67376e+14	1.41375e+3	1.09686e+14	1.97925e+3	4.66911e+13
2.82551e+2	7.65238e+14	8.47653e+2	2.67741e+14	1.41276e+3	1.09949e+14	1.97786e+3	4.68522e+13
2.82352e+2	7.65537e+14	8.47055e+2	2.68096e+14	1.41176e+3	1.10212e+14	1.97646e+3	4.70136e+13
2.82152e+2	7.65837e+14	8.46457e+2	2.68469e+14	1.41076e+3	1.10475e+14	1.97507e+3	4.71752e+13
2.81953e+2	7.66136e+14	8.45859e+2	2.68833e+14	1.40977e+3	1.10738e+14	1.97367e+3	4.73371e+13
2.81754e+2	7.66433e+14	8.45262e+2	2.69197e+14	1.40877e+3	1.11002e+14	1.97228e+3	4.74994e+13
2.81555e+2	7.66733e+14	8.44666e+2	2.69560e+14	1.40778e+3	1.11266e+14	1.97089e+3	4.76618e+13
2.81357e+2	7.67031e+14	8.44070e+2	2.69924e+14	1.40678e+3	1.11529e+14	1.96950e+3	4.78246e+13
2.81158e+2	7.67328e+14	8.43474e+2	2.70287e+14	1.40579e+3	1.11793e+14	1.96811e+3	4.79876e+13
2.80960e+2	7.67625e+14	8.42879e+2	2.70650e+14	1.40480e+3	1.12057e+14	1.96672e+3	4.81509e+13
2.80761e+2	7.68333e+14	8.42284e+2	2.71013e+14	1.40381e+3	1.12322e+14	1.96533e+3	4.83145e+13
2.80563e+2	7.68630e+14	8.41690e+2	2.71376e+14	1.40282e+3	1.12586e+14	1.96394e+3	4.84783e+13
2.80365e+2	7.68925e+14	8.41096e+2	2.71739e+14	1.40183e+3	1.12851e+14	1.96256e+3	4.86425e+13
2.80167e+2	7.69220e+14	8.40502e+2	2.72101e+14	1.40084e+3	1.13116e+14	1.96117e+3	4.88068e+13
2.79970e+2	7.69518e+14	8.39909e+2	2.72464e+14	1.39985e+3	1.13380e+14	1.95979e+3	4.89715e+13
2.79772e+2	7.69809e+14	8.39317e+2	2.72826e+14	1.39886e+3	1.13646e+14	1.95841e+3	4.91364e+13
2.79575e+2	7.70103e+14	8.38725e+2	2.73188e+14	1.39787e+3	1.13911e+14	1.95702e+3	4.93016e+13
2.79378e+2	7.70396e+14	8.38133e+2	2.73549e+14	1.39689e+3	1.14176e+14	1.95564e+3	4.94671e+13
2.79181e+2	7.70689e+14	8.37542e+2	2.73911e+14	1.39590e+3	1.14442e+14	1.95426e+3	4.96329e+13
2.78984e+2	7.70981e+14	8.36951e+2	2.74273e+14	1.39492e+3	1.14707e+14	1.95289e+3	4.97989e+13
2.78787e+2	7.71273e+14	8.36361e+2	2.74634e+14	1.39393e+3	1.14973e+14	1.95151e+3	4.99651e+13
2.78590e+2	7.71565e+14	8.35771e+2	2.74995e+14	1.39295e+3	1.15239e+14	1.95013e+3	5.01317e+13
2.78394e+2	7.71434e+14	8.35181e+2	2.75356e+14	1.39197e+3	1.15505e+14	1.94876e+3	5.02985e+13
2.78197e+2	7.71726e+14	8.34592e+2	2.75717e+14	1.39099e+3	1.15772e+14	1.94738e+3	5.04656e+13
2.78001e+2	7.72016e+14	8.34004e+2	2.76077e+14	1.39001e+3	1.16038e+14	1.94601e+3	5.06329e+13
2.77805e+2	7.72306e+14	8.33416e+2	2.76438e+14	1.38903e+3	1.16305e+14	1.94464e+3	5.08005e+13
2.77609e+2	7.72595e+14	8.32828e+2	2.76798e+14	1.38805e+3	1.16571e+14	1.94326e+3	5.09684e+13
2.77414e+2	7.72884e+14	8.32241e+2	2.77158e+14	1.38707e+3	1.16838e+14	1.94189e+3	5.11365e+13
2.77218e+2	7.73172e+14	8.31654e+2	2.77518e+14	1.38609e+3	1.17105e+14	1.94053e+3	5.13050e+13
2.77022e+2	7.73459e+14	8.31067e+2	2.77878e+14	1.38511e+3	1.17372e+14	1.93916e+3	5.14736e+13
2.76827e+2	7.73747e+14	8.30481e+2	2.78238e+14	1.38414e+3	1.17640e+14	1.93779e+3	5.16426e+13
2.76632e+2	7.74456e+14	8.29896e+2	2.78597e+14	1.38316e+3	1.17907e+14	1.93642e+3	5.18117e+13
2.76437e+2	7.74743e+14	8.29311e+2	2.78956e+14	1.38218e+3	1.18175e+14	1.93506e+3	5.19812e+13
2.76242e+2	7.75029e+14	8.28726e+2	2.79315e+14	1.38121e+3	1.18443e+14	1.93369e+3	5.21509e+13
2.76047e+2	7.75315e+14	8.28142e+2	2.79674e+14	1.38024e+3	1.18710e+14	1.93233e+3	5.23209e+13
2.75853e+2	7.75600e+14	8.27558e+2	2.80033e+14	1.37926e+3	1.18978e+14	1.93097e+3	5.24912e+13
2.75658e+2	7.75887e+14	8.26975e+2	2.80391e+14	1.37829e+3	1.19247e+14	1.92961e+3	5.26617e+13
2.75464e+2	7.76170e+14	8.26392e+2	2.80749e+14	1.37732e+3	1.19515e+14	1.92825e+3	5.28324e+13
2.75270e+2	7.76454e+14	8.25810e+2	2.81107e+14	1.37635e+3	1.19784e+14	1.92689e+3	5.30034e+13
2.75076e+2	7.76738e+14	8.25228e+2	2.81465e+14	1.37538e+3	1.20052e+14	1.92553e+3	5.31747e+13
2.74882e+2	7.77021e+14	8.24646e+2	2.81823e+14	1.37441e+3	1.20321e+14	1.92417e+3	5.33463e+13
2.74688e+2	7.77304e+14	8.24065e+2	2.82181e+14	1.37344e+3	1.20590e+14	1.92282e+3	5.35181e+13
2.74495e+2	7.77586e+14	8.23485e+2	2.82538e+14	1.37247e+3	1.20859e+14	1.92146e+3	5.36901e+13
2.74301e+2	7.77868e+14	8.22904e+2	2.82895e+14	1.37151e+3	1.21128e+14	1.92011e+3	5.38624e+13
2.74108e+2	7.77719e+14	8.22325e+2	2.83252e+14	1.37054e+3	1.21397e+14	1.91876e+3	5.40350e+13
2.73915e+2	7.78000e+14	8.21745e+2	2.83609e+14	1.36958e+3	1.21666e+14	1.91741e+3	5.42078e+13
2.73722e+2	7.78280e+14	8.21166e+2	2.83966e+14	1.36861e+3	1.21936e+14	1.91605e+3	5.43809e+13
2.73529e+2	7.78560e+14	8.20588e+2	2.84322e+14	1.36765e+3	1.22205e+14	1.91471e+3	5.45542e+13
2.73337e+2	7.78840e+14	8.20010e+2	2.84678e+14	1.36668e+3	1.22475e+14	1.91336e+3	5.47278e+13
2.73144e+2	7.79119e+14	8.19432e+2	2.85034e+14	1.36572e+3	1.22745e+14	1.91201e+3	5.49017e+13
2.72952e+2	7.79398e+14	8.18855e+2	2.85390e+14	1.36476e+3	1.23015e+14	1.91066e+3	5.50758e+13
2.72759e+2	7.79676e+14	8.18278e+2	2.85746e+14	1.36380e+3	1.23285e+14	1.90932e+3	5.52501e+13
2.72567e+2	7.80386e+14	8.17702e+2	2.86101e+14	1.36284e+3	1.23555e+14	1.90797e+3	5.54247e+13
2.72375e+2	7.80663e+14	8.17126e+2	2.86456e+14	1.36188e+3	1.23825e+14	1.90663e+3	5.55996e+13
2.72184e+2	7.80941e+14	8.16551e+2	2.86811e+14	1.36092e+3	1.24096e+14	1.90529e+3	5.57747e+13
2.71992e+2	7.81217e+14	8.15976e+2	2.87166e+14	1.35996e+3	1.24366e+14	1.90394e+3	5.59500e+13
2.71801e+2	7.81493e+14	8.15402e+2	2.87521e+14	1.35900e+3	1.24637e+14	1.90260e+3	5.61257e+13
2.71609e+2	7.81769e+14	8.14827e+2	2.87875e+14	1.35805e+3	1.24908e+14	1.90126e+3	5.63015e+13
2.71418e+2	7.82045e+14	8.14254e+2	2.88230e+14	1.35709e+3	1.25179e+14	1.89993e+3	5.64776e+13
2.71227e+2	7.82320e+14	8.13681e+2	2.88584e+14	1.35613e+3	1.25450e+14	1.89859e+3	5.66540e+13
2.71036e+2	7.82594e+14	8.13108e+2	2.88938e+14	1.35518e+3	1.25721e+14	1.89725e+3	5.68306e+13
2.70845e+2	7.82868e+14	8.12536e+2	2.89292e+14	1.35423e+3	1.25992e+14	1.89592e+3	5.70074e+13
2.70655e+2	7.83142e+14	8.11964e+2	2.89645e+14	1.35327e+3	1.26263e+14	1.89458e+3	5.71845e+13
2.70464e+2	7.83416e+14	8.11392e+2	2.89998e+14	1.35232e+3	1.26535e+14	1.89325e+3	5.73619e+13
2.70274e+2	7.83689e+14	8.10821e+2	2.90356e+14	1.35137e+3	1.26807e+14	1.89192e+3	5.75395e+13
2.70084e+2	7.83521e+14	8.10251e+2	2.90708e+14	1.35042e+3	1.27078e+14	1.89058e+3	5.77173e+13
2.69893e+2	7.83793e+14	8.09680e+2	2.91060e+14	1.34947e+3	1.27350e+14	1.88925e+3	5.78954e+13
2.69704e+2	7.84064e+14	8.09111e+2	2.91412e+14	1.34852e+3	1.27622e+14	1.88793e+3	5.80737e+13
2.69514e+2	7.84336e+14	8.08541e+2	2.91763e+14	1.34757e+3	1.27894e+14	1.88660e+3	5.82523e+13
2.69324e+2	7.84606e+14	8.07973e+2	2.92114e+14	1.34662e+3	1.28166e+14	1.88527e+3	5.84311e+13
2.69135e+2	7.84877e+14	8.07404e+2	2.92465e+14	1.34567e+3	1.28438e+14	1.88394e+3	5.86101e+13
2.68945e+2	7.85147e+14	8.06836e+2	2.92816e+14	1.34473e+3	1.28711e+14	1.88262e+3	5.87894e+13
2.68756e+2	7.85416e+14	8.06269e+2	2.93167e+14	1.34378e+3	1.28983e+14	1.88129e+3	5.89690e+13
2.68567e+2	7.85685e+14	8.05702e+2	2.93517e+14	1.34284e+3	1.29256e+14	1.87997e+3	5.91488e+13
2.68378e+2	7.86395e+14	8.05135e+2	2.93867e+14	1.34189e+3	1.29528e+14	1.87865e+3	5.93288e+13
2.68190e+2	7.86663e+14	8.04569e+2	2.94218e+14	1.34095e+3	1.29801e+14	1.87733e+3	5.95090e+13
2.68001e+2	7.86931e+14	8.04003e+2	2.94568e+14	1.34000e+3	1.30074e+14	1.87601e+3	5.96895e+13
2.67813e+2	7.87199e+14	8.03438e+2	2.94918e+14	1.33906e+3	1.30347e+14	1.87469e+3	5.98703e+13
2.67624e+2	7.87466e+14	8.02873e+2	2.95274e+14	1.33812e+3	1.30620e+14	1.87337e+3	6.00512e+13
2.67436e+2	7.87733e+14	8.02308e+2	2.95624e+14	1.33718e+3	1.30893e+14	1.87205e+3	6.02325e+13
2.67248e+2	7.87999e+14	8.01744e+2	2.95974e+14	1.33624e+3	1.31166e+14	1.87074e+3	6.04139e+13
2.67060e+2	7.88265e+14	8.01180e+2	2.96324e+14	1.33530e+3	1.31440e+14	1.86942e+3	6.05956e+13
2.66872e+2	7.88531e+14	8.00617e+2	2.96673e+14	1.33436e+3	1.31713e+14	1.86811e+3	6.07775e+13
2.66685e+2	7.88796e+14	8.00055e+2	2.97022e+14	1.33342e+3	1.31987e+14	1.86679e+3	6.09597e+13
2.66497e+2	7.89060e+14	7.99492e+2	2.97371e+14	1.33249e+3	1.32261e+14	1.86548e+3	6.11421e+13
2.66310e+2	7.89324e+14	7.98930e+2	2.97720e+14	1.33155e+3	1.32534e+14	1.86417e+3	6.13247e+13
2.66123e+2	7.89588e+14	7.98369e+2	2.98069e+14	1.33061e+3	1.32808e+14	1.86286e+3	6.15076e+13
2.65936e+2	7.89851e+14	7.97808e+2	2.98417e+14	1.32968e+3	1.33082e+14	1.86155e+3	6.16907e+13
2.65749e+2	7.89664e+14	7.97247e+2	2.98765e+14	1.32875e+3	1.33356e+14	1.86024e+3	6.18740e+13
2.65562e+2	7.89926e+14	7.96687e+2	2.99113e+14	1.32781e+3	1.33630e+14	1.85894e+3	6.20576e+13
2.65376e+2	7.90188e+14	7.96127e+2	2.99461e+14	1.32688e+3	1.33904e+14	1.85763e+3	6.22414e+13
2.65189e+2	7.90449e+14	7.95568e+2	2.99809e+14	1.32595e+3	1.34179e+14	1.85633e+3	6.24254e+13
2.65003e+2	7.90711e+14	7.95009e+2	3.00156e+14	1.32502e+3	1.34453e+14	1.85502e+3	6.26096e+13
2.64817e+2	7.90971e+14	7.94451e+2	3.00503e+14	1.32408e+3	1.34728e+14	1.85372e+3	6.27941e+13
2.64631e+2	7.91232e+14	7.93893e+2	3.00850e+14	1.32315e+3	1.35002e+14	1.85242e+3	6.29788e+13
2.64445e+2	7.91492e+14	7.93335e+2	3.01197e+14	1.32223e+3	1.35277e+14	1.85112e+3	6.31638e+13
2.64259e+2	7.92204e+14	7.92778e+2	3.01543e+14	1.32130e+3	1.35552e+14	1.84982e+3	6.33490e+13
2.64074e+2	7.92464e+14	7.92221e+2	3.01890e+14	1.32037e+3	1.35826e+14	1.84852e+3	6.35344e+13
2.63888e+2	7.92723e+14	7.91665e+2	3.02236e+14	1.31944e+3	1.36101e+14	1.84722e+3	6.37200e+13
2.63703e+2	7.92981e+14	7.91109e+2	3.02581e+14	1.31852e+3	1.36376e+14	1.84592e+3	6.39058e+13
2.63518e+2	7.93239e+14	7.90554e+2	3.02927e+14	1.31759e+3	1.36651e+14	1.84463e+3	6.40919e+13
2.63333e+2	7.93497e+14	7.89999e+2	3.03272e+14	1.31666e+3	1.36927e+14	1.84333e+3	6.42782e+13
2.63148e+2	7.93754e+14	7.89444e+2	3.03618e+14	1.31574e+3	1.37202e+14	1.84204e+3	6.44647e+13
2.62963e+2	7.94011e+14	7.88890e+2	3.03963e+14	1.31482e+3	1.37477e+14	1.84074e+3	6.46515e+13
2.62779e+2	7.94265e+14	7.88337e+2	3.04307e+14	1.31389e+3	1.37753e+14	1.83945e+3	6.48385e+13
2.62594e+2	7.94524e+14	7.87783e+2	3.04652e+14	1.31297e+3	1.38028e+14	1.83816e+3	6.50257e+13
2.62410e+2	7.94780e+14	7.87231e+2	3.04996e+14	1.31205e+3	1.38304e+14	1.83687e+3	6.52131e+13
2.62226e+2	7.95035e+14	7.86678e+2	3.05340e+14	1.31113e+3	1.38579e+14	1.83558e+3	6.54007e+13
2.62042e+2	7.95290e+14	7.86126e+2	3.05684e+14	1.31021e+3	1.38855e+14	1.83429e+3	6.55886e+13
2.61858e+2	7.95545e+14	7.85575e+2	3.06028e+14	1.30929e+3	1.39131e+14	1.83301e+3	6.57767e+13
2.61675e+2	7.95338e+14	7.85024e+2	3.06371e+14	1.30837e+3	1.39406e+14	1.83172e+3	6.59650e+13
2.61491e+2	7.95591e+14	7.84473e+2	3.06715e+14	1.30745e+3	1.39682e+14	1.83044e+3	6.61535e+13
2.61308e+2	7.95845e+14	7.83923e+2	3.07058e+14	1.30654e+3	1.39958e+14	1.82915e+3	6.63422e+13
2.61124e+2	7.96098e+14	7.83373e+2	3.07401e+14	1.30562e+3	1.40234e+14	1.82787e+3	6.65312e+13
2.60941e+2	7.96350e+14	7.82823e+2	3.07743e+14	1.30471e+3	1.40510e+14	1.82659e+3	6.67204e+13
2.60758e+2	7.96602e+14	7.82274e+2	3.08086e+14	1.30379e+3	1.40787e+14	1.82531e+3	6.69098e+13
2.60575e+2	7.96853e+14	7.81726e+2	3.08428e+14	1.30288e+3	1.41063e+14	1.82403e+3	6.70994e+13
2.60393e+2	7.97104e+14	7.81178e+2	3.08770e+14	1.30196e+3	1.41339e+14	1.82275e+3	6.72892e+13
2.60210e+2	7.97818e+14	7.80630e+2	3.09111e+14	1.30105e+3	1.41615e+14	1.82147e+3	6.74792e+13
2.60028e+2	7.98069e+14	7.80083e+2	3.09453e+14	1.30014e+3	1.41892e+14	1.82019e+3	6.76695e+13
2.59845e+2	7.98319e+14	7.79536e+2	3.09794e+14	1.29923e+3	1.42168e+14	1.81892e+3	6.78600e+13
2.59663e+2	7.98569e+14	7.78990e+2	3.10135e+14	1.29832e+3	1.42445e+14	1.81764e+3	6.80506e+13
2.59481e+2	7.98819e+14	7.78444e+2	3.10476e+14	1.29741e+3	1.42721e+14	1.81637e+3	6.82415e+13
2.59299e+2	7.99068e+14	7.77898e+2	3.10816e+14	1.29650e+3	1.42998e+14	1.81510e+3	6.84326e+13
2.59118e+2	7.99317e+14	7.77353e+2	3.11156e+14	1.29559e+3	1.43275e+14	1.81382e+3	6.86240e+13
2.58936e+2	7.99565e+14	7.76808e+2	3.11496e+14	1.29468e+3	1.43552e+14	1.81255e+3	6.88155e+13
2.58755e+2	7.99813e+14	7.76264e+2	3.11836e+14	1.29377e+3	1.43828e+14	1.81128e+3	6.90072e+13
2.58573e+2	8.00060e+14	7.75720e+2	3.12176e+14	1.29287e+3	1.44105e+14	1.81001e+3	6.91992e+13
2.58392e+2	8.00307e+14	7.75177e+2	3.12515e+14	1.29196e+3	1.44382e+14	1.80875e+3	6.93913e+13
2.58211e+2	8.00554e+14	7.74634e+2	3.12854e+14	1.29106e+3	1.44659e+14	1.80748e+3	6.95837e+13
2.58030e+2	8.00800e+14	7.74091e+2	3.13193e+14	1.29015e+3	1.44936e+14	1.80621e+3	6.97763e+13
2.57850e+2	8.01046e+14	7.73549e+2	3.13532e+14	1.28925e+3	1.45214e+14	1.80495e+3	6.99691e+13
2.57669e+2	8.01292e+14	7.73007e+2	3.13870e+14	1.28835e+3	1.45491e+14	1.80368e+3	7.01621e+13
2.57489e+2	8.01065e+14	7.72466e+2	3.14209e+14	1.28744e+3	1.45768e+14	1.80242e+3	7.03553e+13
2.57308e+2	8.01310e+14	7.71925e+2	3.14547e+14	1.28654e+3	1.46045e+14	1.80116e+3	7.05487e+13
2.57128e+2	8.01555e+14	7.71385e+2	3.14885e+14	1.28564e+3	1.46323e+14	1.79990e+3	7.07423e+13
2.56948e+2	8.01799e+14	7.70845e+2	3.15222e+14	1.28474e+3	1.46600e+14	1.79864e+3	7.09361e+13
2.56768e+2	8.02042e+14	7.70305e+2	3.15559e+14	1.28384e+3	1.46878e+14	1.79738e+3	7.11301e+13
2.56589e+2	8.02286e+14	7.69766e+2	3.15896e+14	1.28294e+3	1.47155e+14	1.79612e+3	7.13243e+13
2.56409e+2	8.02529e+14	7.69227e+2	3.16233e+14	1.28205e+3	1.47433e+14	1.79486e+3	7.15187e+13
2.56230e+2	8.02771e+14	7.68689e+2	3.16570e+14	1.28115e+3	1.47710e+14	1.79361e+3	7.17133e+13
2.56050e+2	8.03486e+14	7.68151e+2	3.16906e+14	1.28025e+3	1.47988e+14	1.79235e+3	7.19082e+13
2.55871e+2	8.03728e+14	7.67614e+2	3.17243e+14	1.27936e+3	1.48266e+14	1.79110e+3	7.21032e+13
2.55692e+2	8.03972e+14	7.67076e+2	3.17578e+14	1.27846e+3	1.48544e+14	1.78985e+3	7.22984e+13
2.55513e+2	8.04210e+14	7.66540e+2	3.17914e+14	1.27757e+3	1.48821e+14	1.78859e+3	7.24938e+13
2.55335e+2	8.04450e+14	7.66004e+2	3.18250e+14	1.27667e+3	1.49099e+14	1.78734e+3	7.26894e+13
2.55156e+2	8.04691e+14	7.65468e+2	3.18585e+14	1.27578e+3	1.49377e+14	1.78609e+3	7.28853e+13
2.54977e+2	8.04931e+14	7.64932e+2	3.18920e+14	1.27489e+3	1.49655e+14	1.78484e+3	7.30813e+13
2.54799e+2	8.05171e+14	7.64398e+2	3.19255e+14	1.27400e+3	1.49933e+14	1.78359e+3	7.32775e+13
2.54621e+2	8.05410e+14	7.63863e+2	3.19589e+14	1.27311e+3	1.50211e+14	1.78235e+3	7.34739e+13
2.54443e+2	8.05649e+14	7.63329e+2	3.19923e+14	1.27221e+3	1.50489e+14	1.78110e+3	7.36705e+13
2.54265e+2	8.05888e+14	7.62795e+2	3.20258e+14	1.27133e+3	1.50767e+14	1.77986e+3	7.38673e+13
2.54087e+2	8.06126e+14	7.62262e+2	3.20591e+14	1.27044e+3	1.51045e+14	1.77861e+3	7.40643e+13
2.53910e+2	8.06364e+14	7.61729e+2	3.20925e+14	1.26955e+3	1.51324e+14	1.77737e+3	7.42615e+13
2.53732e+2	8.06604e+14	7.61197e+2	3.21258e+14	1.26866e+3	1.51602e+14	1.77613e+3	7.44589e+13
2.53555e+2	8.06838e+14	7.60665e+2	3.21591e+14	1.26777e+3	1.51880e+14	1.77488e+3	7.46564e+13
2.53378e+2	8.06591e+14	7.60133e+2	3.21924e+14	1.26689e+3	1.52158e+14	1.77364e+3	7.48542e+13
2.53201e+2	8.06827e+14	7.59602e+2	3.22257e+14	1.26600e+3	1.52437e+14	1.77240e+3	7.50521e+13
2.53024e+2	8.07063e+14	7.59071e+2	3.22589e+14	1.26512e+3	1.52715e+14	1.77117e+3	7.52503e+13
2.52847e+2	8.07298e+14	7.58541e+2	3.22921e+14	1.26423e+3	1.52993e+14	1.76993e+3	7.54486e+13
2.52670e+2	8.11076e+14	7.58011e+2	3.23253e+14	1.26335e+3	1.53272e+14	1.76869e+3	7.56471e+13
2.52494e+2	8.07768e+14	7.57482e+2	3.23585e+14	1.26247e+3	1.53550e+14	1.76746e+3	7.58459e+13
2.52318e+2	8.08003e+14	7.56953e+2	3.23917e+14	1.26159e+3	1.53829e+14	1.76622e+3	7.60448e+13
2.52141e+2	8.08237e+14	7.56424e+2	3.24248e+14	1.26071e+3	1.54107e+14	1.76499e+3	7.62438e+13
2.51965e+2	8.08954e+14	7.55896e+2	3.24579e+14	1.25983e+3	1.54386e+14	1.76376e+3	7.64431e+13
2.51789e+2	8.09187e+14	7.55368e+2	3.24909e+14	1.25895e+3	1.54664e+14	1.76253e+3	7.66426e+13
2.51614e+2	8.09420e+14	7.54841e+2	3.25240e+14	1.25807e+3	1.54943e+14	1.76129e+3	7.68422e+13
2.51438e+2	8.09653e+14	7.54314e+2	3.25570e+14	1.25719e+3	1.55221e+14	1.76006e+3	7.70421e+13
2.51262e+2	8.09885e+14	7.53787e+2	3.25900e+14	1.25631e+3	1.55500e+14	1.75884e+3	7.72421e+13
2.51087e+2	8.10117e+14	7.53261e+2	3.26229e+14	1.25543e+3	1.55779e+14	1.75761e+3	7.74423e+13
2.50912e+2	8.10349e+14	7.52735e+2	3.26559e+14	1.25456e+3	1.56058e+14	1.75638e+3	7.76427e+13
2.50737e+2	8.10579e+14	7.52210e+2	3.26888e+14	1.25368e+3	1.56336e+14	1.75516e+3	7.78432e+13
2.50562e+2	8.10810e+14	7.51685e+2	3.27217e+14	1.25281e+3	1.56615e+14	1.75393e+3	7.80440e+13
2.50387e+2	8.11040e+14	7.51161e+2	3.27546e+14	1.25193e+3	1.56894e+14	1.75271e+3	7.82449e+13
2.50212e+2	8.11270e+14	7.50636e+2	3.27875e+14	1.25106e+3	1.57173e+14	1.75149e+3	7.84460e+13
2.50038e+2	8.11500e+14	7.50113e+2	3.28203e+14	1.25019e+3	1.57451e+14	1.75026e+3	7.86473e+13
2.49863e+2	8.11729e+14	7.49590e+2	3.28531e+14	1.24932e+3	1.57730e+14	1.74904e+3	7.88487e+13
2.49689e+2	8.11958e+14	7.49067e+2	3.28859e+14	1.24844e+3	1.58009e+14	1.74782e+3	7.90504e+13
2.49515e+2	8.12187e+14	7.48544e+2	3.29187e+14	1.24757e+3	1.58288e+14	1.74660e+3	7.92522e+13
2.49341e+2	8.12415e+14	7.48022e+2	3.29514e+14	1.24670e+3	1.58567e+14	1.74539e+3	7.94542e+13
2.49167e+2	8.12149e+14	7.47501e+2	3.29841e+14	1.24583e+3	1.58846e+14	1.74417e+3	7.96564e+13
2.48993e+2	8.12376e+14	7.46980e+2	3.30168e+14	1.24497e+3	1.59125e+14	1.74295e+3	7.98587e+13
2.48820e+2	8.12603e+14	7.46459e+2	3.30494e+14	1.24410e+3	1.59404e+14	1.74174e+3	8.00613e+13
2.48646e+2	8.12830e+14	7.45939e+2	3.30821e+14	1.24323e+3	1.59683e+14	1.74052e+3	8.02640e+13
2.48473e+2	8.13057e+14	7.45419e+2	3.31147e+14	1.24236e+3	1.59962e+14	1.73931e+3	8.04668e+13
2.48300e+2	8.13283e+14	7.44899e+2	3.31473e+14	1.24150e+3	1.60241e+14	1.73810e+3	8.06699e+13
2.48127e+2	8.13508e+14	7.44380e+2	3.31798e+14	1.24063e+3	1.60520e+14	1.73689e+3	8.08731e+13
2.47954e+2	8.14229e+14	7.43862e+2	3.32124e+14	1.23977e+3	1.60799e+14	1.73568e+3	8.10765e+13
2.47781e+2	8.14453e+14	7.43343e+2	3.32449e+14	1.23891e+3	1.61078e+14	1.73447e+3	8.12801e+13
2.47609e+2	8.14678e+14	7.42826e+2	3.32774e+14	1.23804e+3	1.61357e+14	1.73326e+3	8.14838e+13
2.47436e+2	8.14902e+14	7.42308e+2	3.33098e+14	1.23718e+3	1.61636e+14	1.73205e+3	8.16877e+13
2.47264e+2	8.15126e+14	7.41791e+2	3.33423e+14	1.23632e+3	1.61915e+14	1.73085e+3	8.18918e+13
2.47092e+2	8.15347e+14	7.41275e+2	3.33747e+14	1.23546e+3	1.62194e+14	1.72964e+3	8.20960e+13
2.46919e+2	8.15573e+14	7.40758e+2	3.34071e+14	1.23460e+3	1.62473e+14	1.72844e+3	8.23004e+13
2.46748e+2	8.15796e+14	7.40243e+2	3.34394e+14	1.23374e+3	1.62752e+14	1.72723e+3	8.25050e+13
2.46576e+2	8.16019e+14	7.39727e+2	3.34718e+14	1.23288e+3	1.63031e+14	1.72603e+3	8.27098e+13
2.46404e+2	8.16242e+14	7.39212e+2	3.35041e+14	1.23202e+3	1.63310e+14	1.72483e+3	8.29147e+13
2.46233e+2	8.16464e+14	7.38698e+2	3.35364e+14	1.23116e+3	1.63589e+14	1.72363e+3	8.31198e+13
2.46061e+2	8.16685e+14	7.38184e+2	3.35686e+14	1.23031e+3	1.63868e+14	1.72243e+3	8.33250e+13
2.45890e+2	8.16907e+14	7.37670e+2	3.36008e+14	1.22945e+3	1.64147e+14	1.72123e+3	8.35304e+13
2.45719e+2	8.17127e+14	7.37157e+2	3.36331e+14	1.22859e+3	1.64427e+14	1.72003e+3	8.37360e+13
2.45548e+2	8.17348e+14	7.36644e+2	3.36652e+14	1.22774e+3	1.64706e+14	1.71884e+3	8.39417e+13
2.45377e+2	8.17564e+14	7.36131e+2	3.36974e+14	1.22689e+3	1.64985e+14	1.71764e+3	8.41476e+13
2.45206e+2	8.17787e+14	7.35619e+2	3.37295e+14	1.22603e+3	1.65264e+14	1.71645e+3	8.43537e+13
2.45036e+2	8.17501e+14	7.35108e+2	3.37616e+14	1.22518e+3	1.65543e+14	1.71525e+3	8.45599e+13
2.44866e+2	8.17720e+14	7.34597e+2	3.37937e+14	1.22433e+3	1.65822e+14	1.71406e+3	8.47663e+13
2.44695e+2	8.17938e+14	7.34086e+2	3.38258e+14	1.22348e+3	1.66101e+14	1.71287e+3	8.49728e+13
2.44525e+2	8.18157e+14	7.33575e+2	3.38578e+14	1.22263e+3	1.66380e+14	1.71168e+3	8.52259e+13
2.44355e+2	8.18375e+14	7.33065e+2	3.38899e+14	1.22178e+3	1.66659e+14	1.71049e+3	8.54329e+13
2.44185e+2	8.18592e+14	7.32556e+2	3.39218e+14	1.22093e+3	1.66939e+14	1.70930e+3	8.56400e+13
2.44015e+2	8.18810e+14	7.32046e+2	3.39538e+14	1.22008e+3	1.67218e+14	1.70811e+3	8.58474e+13
2.43846e+2	8.19534e+14	7.31538e+2	3.39857e+14	1.21923e+3	1.67497e+14	1.70692e+3	8.60548e+13
2.43676e+2	8.19751e+14	7.31029e+2	3.40176e+14	1.21838e+3	1.67776e+14	1.70574e+3	8.62625e+13
2.43507e+2	8.19967e+14	7.30521e+2	3.40495e+14	1.21754e+3	1.68054e+14	1.70455e+3	8.64703e+13
2.43338e+2	8.20183e+14	7.30014e+2	3.40814e+14	1.21669e+3	1.68334e+14	1.70337e+3	8.66782e+13
2.43169e+2	8.20399e+14	7.29507e+2	3.41132e+14	1.21584e+3	1.68613e+14	1.70218e+3	8.68863e+13
2.43000e+2	8.20614e+14	7.29000e+2	3.41450e+14	1.21500e+3	1.68892e+14	1.70100e+3	8.70945e+13
2.42831e+2	8.20829e+14	7.28494e+2	3.41768e+14	1.21416e+3	1.69171e+14	1.69982e+3	8.73029e+13
2.42663e+2	8.21044e+14	7.27988e+2	3.42086e+14	1.21331e+3	1.69450e+14	1.69864e+3	8.75115e+13
2.42494e+2	8.21258e+14	7.27482e+2	3.42403e+14	1.21247e+3	1.69729e+14	1.69746e+3	8.77202e+13
2.42326e+2	8.21472e+14	7.26977e+2	3.42720e+14	1.21163e+3	1.70008e+14	1.69628e+3	8.79291e+13
2.42157e+2	8.21685e+14	7.26472e+2	3.43037e+14	1.21079e+3	1.70287e+14	1.69510e+3	8.81381e+13
2.41989e+2	8.21898e+14	7.25968e+2	3.43353e+14	1.20995e+3	1.70566e+14	1.69393e+3	8.83472e+13
2.41821e+2	8.22112e+14	7.25464e+2	3.43670e+14	1.20911e+3	1.70845e+14	1.69275e+3	8.85565e+13
2.41654e+2	8.22324e+14	7.24961e+2	3.43986e+14	1.20827e+3	1.71124e+14	1.69157e+3	8.87660e+13
2.41486e+2	8.22537e+14	7.24457e+2	3.44302e+14	1.20743e+3	1.71403e+14	1.69040e+3	8.89756e+13
2.41318e+2	8.22749e+14	7.23955e+2	3.44617e+14	1.20659e+3	1.71682e+14	1.68923e+3	8.91854e+13
2.41151e+2	8.22961e+14	7.23452e+2	3.44932e+14	1.20575e+3	1.71961e+14	1.68806e+3	8.93953e+13
2.40984e+2	8.23173e+14	7.22951e+2	3.45247e+14	1.20492e+3	1.72240e+14	1.68688e+3	8.96053e+13
2.40816e+2	8.22865e+14	7.22449e+2	3.45583e+14	1.20408e+3	1.72519e+14	1.68571e+3	8.98155e+13
2.40649e+2	8.23075e+14	7.21948e+2	3.45877e+14	1.20325e+3	1.72798e+14	1.68455e+3	9.00258e+13
2.40482e+2	8.23286e+14	7.21447e+2	3.46191e+14	1.20241e+3	1.73077e+14	1.68338e+3	9.02363e+13
2.40316e+2	8.23496e+14	7.20947e+2	3.46507e+14	1.20158e+3	1.73355e+14	1.68221e+3	9.04469e+13
2.40149e+2	8.23706e+14	7.20447e+2	3.46819e+14	1.20075e+3	1.73634e+14	1.68104e+3	9.06577e+13
2.39983e+2	8.23915e+14	7.19948e+2	3.47132e+14	1.19991e+3	1.73913e+14	1.67988e+3	9.08686e+13
2.39816e+2	8.24124e+14	7.19449e+2	3.47446e+14	1.19908e+3	1.74192e+14	1.67871e+3	9.10796e+13
2.39650e+2	8.24851e+14	7.18950e+2	3.47758e+14	1.19825e+3	1.74470e+14	1.67755e+3	9.12908e+13
2.39484e+2	8.25058e+14	7.18452e+2	3.48071e+14	1.19742e+3	1.74749e+14	1.67639e+3	9.15021e+13
2.39318e+2	8.25267e+14	7.17954e+2	3.48384e+14	1.19659e+3	1.75028e+14	1.67523e+3	9.17136e+13
2.39152e+2	8.25475e+14	7.17457e+2	3.48696e+14	1.19576e+3	1.75307e+14	1.67407e+3	9.19252e+13
2.38987e+2	8.25682e+14	7.16960e+2	3.49008e+14	1.19493e+3	1.75585e+14	1.67291e+3	9.21370e+13
2.38821e+2	8.25890e+14	7.16463e+2	3.49319e+14	1.19410e+3	1.75864e+14	1.67175e+3	9.23488e+13
2.38656e+2	8.26096e+14	7.15967e+2	3.49631e+14	1.19328e+3	1.76143e+14	1.67059e+3	9.25609e+13
2.38490e+2	8.26303e+14	7.15471e+2	3.49942e+14	1.19245e+3	1.76421e+14	1.66943e+3	9.27730e+13
2.38325e+2	8.26509e+14	7.14975e+2	3.50253e+14	1.19163e+3	1.76700e+14	1.66828e+3	9.29853e+13
2.38160e+2	8.26715e+14	7.14480e+2	3.50564e+14	1.19080e+3	1.76978e+14	1.66712e+3	9.31977e+13
2.37995e+2	8.26921e+14	7.13986e+2	3.50874e+14	1.18998e+3	1.77257e+14	1.66597e+3	9.34103e+13
2.37830e+2	8.27126e+14	7.13491e+2	3.51184e+14	1.18915e+3	1.77535e+14	1.66481e+3	9.36230e+13
2.37666e+2	8.27331e+14	7.12998e+2	3.51494e+14	1.18833e+3	1.77814e+14	1.66366e+3	9.38358e+13
2.37501e+2	8.27474e+14	7.12504e+2	3.51804e+14	1.18751e+3	1.78092e+14	1.66251e+3	9.40488e+13
2.37337e+2	8.27739e+14	7.12011e+2	3.52113e+14	1.18669e+3	1.78370e+14	1.66136e+3	9.42618e+13
2.37173e+2	8.27942e+14	7.11519e+2	3.52422e+14	1.18586e+3	1.78649e+14	1.66021e+3	9.44751e+13
2.37009e+2	8.28147e+14	7.11026e+2	3.52731e+14	1.18504e+3	1.78927e+14	1.65906e+3	9.46884e+13
2.36845e+2	8.28349e+14	7.10534e+2	3.53040e+14	1.18422e+3	1.79205e+14	1.65791e+3	9.49019e+13
2.36681e+2	8.28021e+14	7.10043e+2	3.53348e+14	1.18340e+3	1.79484e+14	1.65677e+3	9.51155e+13
2.36517e+2	8.28224e+14	7.09552e+2	3.53656e+14	1.18259e+3	1.79762e+14	1.65562e+3	9.53292e+13
2.36354e+2	8.28426e+14	7.09061e+2	3.53964e+14	1.18177e+3	1.80040e+14	1.65448e+3	9.55431e+13
2.36190e+2	8.28628e+14	7.08571e+2	3.54272e+14	1.18095e+3	1.80318e+14	1.65333e+3	9.57571e+13
2.36027e+2	8.28830e+14	7.08081e+2	3.54579e+14	1.18014e+3	1.80596e+14	1.65219e+3	9.59712e+13
2.35864e+2	8.29031e+14	7.07592e+2	3.54886e+14	1.17932e+3	1.80874e+14	1.65105e+3	9.61855e+13
2.35701e+2	8.29232e+14	7.07103e+2	3.55193e+14	1.17850e+3	1.81152e+14	1.64991e+3	9.63999e+13
2.35538e+2	8.29964e+14	7.06614e+2	3.55499e+14	1.17769e+3	1.81430e+14	1.64877e+3	9.66144e+13
2.35375e+2	8.30165e+14	7.06126e+2	3.55805e+14	1.17688e+3	1.81708e+14	1.64763e+3	9.68290e+13
2.35213e+2	8.30365e+14	7.05638e+2	3.56111e+14	1.17606e+3	1.81986e+14	1.64649e+3	9.70437e+13
2.35050e+2	8.30564e+14	7.05150e+2	3.56417e+14	1.17525e+3	1.82264e+14	1.64535e+3	9.72586e+13
2.34888e+2	8.30763e+14	7.04663e+2	3.56722e+14	1.17444e+3	1.82542e+14	1.64421e+3	9.74736e+13
2.34726e+2	8.30962e+14	7.04177e+2	3.57027e+14	1.17363e+3	1.82820e+14	1.64308e+3	9.76887e+13
2.34563e+2	8.31161e+14	7.03690e+2	3.57332e+14	1.17282e+3	1.83098e+14	1.64194e+3	9.79039e+13
2.34401e+2	8.31359e+14	7.03204e+2	3.57637e+14	1.17201e+3	1.83375e+14	1.64081e+3	9.81193e+13
2.34240e+2	8.31557e+14	7.02719e+2	3.57941e+14	1.17120e+3	1.83653e+14	1.63968e+3	9.83347e+13
2.34078e+2	8.31755e+14	7.02234e+2	3.58245e+14	1.17039e+3	1.83931e+14	1.63855e+3	9.85503e+13
2.33916e+2	8.31952e+14	7.01749e+2	3.58549e+14	1.16958e+3	1.84208e+14	1.63741e+3	9.87660e+13
2.33755e+2	8.32150e+14	7.01265e+2	3.58853e+14	1.16877e+3	1.84486e+14	1.63628e+3	9.89818e+13
2.33594e+2	8.32350e+14	7.00781e+2	3.59156e+14	1.16797e+3	1.84763e+14	1.63516e+3	9.91978e+13
2.33432e+2	8.32543e+14	7.00297e+2	3.59459e+14	1.16716e+3	1.85041e+14	1.63403e+3	9.94138e+13
2.33271e+2	8.32740e+14	6.99814e+2	3.59762e+14	1.16636e+3	1.85318e+14	1.63290e+3	9.96300e+13
2.33110e+2	8.32936e+14	6.99331e+2	3.60065e+14	1.16555e+3	1.85596e+14	1.63177e+3	9.98463e+13
2.32950e+2	8.33132e+14	6.98849e+2	3.60367e+14	1.16475e+3	1.85873e+14	1.63065e+3	1.00063e+14
2.32789e+2	8.33327e+14	6.98367e+2	3.60669e+14	1.16395e+3	1.86150e+14	1.62952e+3	1.00279e+14
2.32629e+2	8.33523e+14	6.97886e+2	3.60971e+14	1.16314e+3	1.86427e+14	1.62840e+3	1.00496e+14
2.32468e+2	8.33173e+14	6.97404e+2	3.61272e+14	1.16234e+3	1.86704e+14	1.62728e+3	1.00713e+14
2.32308e+2	8.33367e+14	6.96924e+2	3.61578e+14	1.16154e+3	1.86982e+14	1.62616e+3	1.00929e+14
2.32148e+2	8.33561e+14	6.96443e+2	3.61874e+14	1.16074e+3	1.87259e+14	1.62503e+3	1.01146e+14
2.31988e+2	8.33755e+14	6.95963e+2	3.62175e+14	1.15994e+3	1.87536e+14	1.62391e+3	1.01363e+14
2.31828e+2	8.33949e+14	6.95484e+2	3.62476e+14	1.15914e+3	1.87813e+14	1.62280e+3	1.01581e+14
2.31668e+2	8.34142e+14	6.95004e+2	3.62776e+14	1.15834e+3	1.88090e+14	1.62168e+3	1.01798e+14
2.31509e+2	8.34878e+14	6.94526e+2	3.63076e+14	1.15754e+3	1.88366e+14	1.62056e+3	1.02015e+14
2.31349e+2	8.35071e+14	6.94047e+2	3.63375e+14	1.15675e+3	1.88643e+14	1.61944e+3	1.02233e+14
2.31190e+2	8.35263e+14	6.93569e+2	3.63675e+14	1.15595e+3	1.88920e+14	1.61833e+3	1.02450e+14
2.31030e+2	8.35455e+14	6.93091e+2	3.63974e+14	1.15515e+3	1.89197e+14	1.61721e+3	1.02668e+14
2.30871e+2	8.35647e+14	6.92614e+2	3.64273e+14	1.15436e+3	1.89473e+14	1.61610e+3	1.02886e+14
2.30712e+2	8.35839e+14	6.92137e+2	3.64571e+14	1.15356e+3	1.89750e+14	1.61499e+3	1.03104e+14
2.30554e+2	8.36030e+14	6.91661e+2	3.64870e+14	1.15277e+3	1.90027e+14	1.61388e+3	1.03322e+14
2.30395e+2	8.36221e+14	6.91185e+2	3.65168e+14	1.15197e+3	1.90303e+14	1.61276e+3	1.03540e+14
2.30236e+2	8.36412e+14	6.90709e+2	3.65466e+14	1.15118e+3	1.90579e+14	1.61165e+3	1.03758e+14
2.30078e+2	8.36602e+14	6.90234e+2	3.65763e+14	1.15039e+3	1.90856e+14	1.61055e+3	1.03977e+14
2.29920e+2	8.36792e+14	6.89759e+2	3.66147e+14	1.14960e+3	1.91132e+14	1.60944e+3	1.04195e+14
2.29761e+2	8.36981e+14	6.89284e+2	3.66357e+14	1.14881e+3	1.91408e+14	1.60833e+3	1.04414e+14
2.29603e+2	8.37170e+14	6.88810e+2	3.66654e+14	1.14802e+3	1.91685e+14	1.60722e+3	1.04632e+14
2.29445e+2	8.37359e+14	6.88336e+2	3.66951e+14	1.14723e+3	1.91961e+14	1.60612e+3	1.04851e+14
2.29288e+2	8.37548e+14	6.87863e+2	3.67247e+14	1.14644e+3	1.92237e+14	1.60501e+3	1.05070e+14
2.29130e+2	8.37736e+14	6.87390e+2	3.67543e+14	1.14565e+3	1.92513e+14	1.60391e+3	1.05289e+14
2.28972e+2	8.37924e+14	6.86917e+2	3.67838e+14	1.14486e+3	1.92789e+14	1.60281e+3	1.05508e+14
2.28815e+2	8.38111e+14	6.86445e+2	3.68134e+14	1.14408e+3	1.93065e+14	1.60171e+3	1.05727e+14
2.28658e+2	8.38299e+14	6.85973e+2	3.68429e+14	1.14329e+3	1.93340e+14	1.60060e+3	1.05946e+14
2.28501e+2	8.38486e+14	6.85502e+2	3.68724e+14	1.14250e+3	1.93616e+14	1.59950e+3	1.06166e+14
2.28344e+2	8.38673e+14	6.85031e+2	3.69018e+14	1.14172e+3	1.93892e+14	1.59840e+3	1.06385e+14
2.28187e+2	8.38303e+14	6.84560e+2	3.69313e+14	1.14093e+3	1.94168e+14	1.59731e+3	1.06605e+14
2.28030e+2	8.38490e+14	6.84090e+2	3.69607e+14	1.14015e+3	1.94443e+14	1.59621e+3	1.06824e+14
2.27873e+2	8.38676e+14	6.83620e+2	3.69901e+14	1.13937e+3	1.94719e+14	1.59511e+3	1.07044e+14
2.27717e+2	8.38862e+14	6.83150e+2	3.70194e+14	1.13858e+3	1.94994e+14	1.59402e+3	1.07264e+14
2.27560e+2	8.39047e+14	6.82681e+2	3.70587e+14	1.13780e+3	1.95269e+14	1.59292e+3	1.07484e+14
2.27404e+2	8.39790e+14	6.82212e+2	3.70781e+14	1.13702e+3	1.95545e+14	1.59183e+3	1.07704e+14
2.27248e+2	8.39974e+14	6.81744e+2	3.71073e+14	1.13624e+3	1.95820e+14	1.59074e+3	1.07924e+14
2.27092e+2	8.40159e+14	6.81276e+2	3.71366e+14	1.13546e+3	1.96095e+14	1.58964e+3	1.08144e+14
2.26936e+2	8.40343e+14	6.80808e+2	3.71658e+14	1.13468e+3	1.96370e+14	1.58855e+3	1.08364e+14
2.26780e+2	8.40527e+14	6.80341e+2	3.71950e+14	1.13390e+3	1.96645e+14	1.58746e+3	1.08585e+14
2.26625e+2	8.40709e+14	6.79874e+2	3.72242e+14	1.13312e+3	1.96920e+14	1.58637e+3	1.08805e+14
2.26469e+2	8.40893e+14	6.79408e+2	3.72533e+14	1.13235e+3	1.97195e+14	1.58528e+3	1.09026e+14
2.26314e+2	8.41076e+14	6.78942e+2	3.72825e+14	1.13157e+3	1.97470e+14	1.58420e+3	1.09246e+14
2.26159e+2	8.41259e+14	6.78476e+2	3.73115e+14	1.13079e+3	1.97745e+14	1.58311e+3	1.09467e+14
2.26004e+2	8.41442e+14	6.78011e+2	3.73406e+14	1.13002e+3	1.98019e+14	1.58202e+3	1.09688e+14
2.25849e+2	8.41624e+14	6.77546e+2	3.73696e+14	1.12924e+3	1.98294e+14	1.58094e+3	1.09909e+14
2.25694e+2	8.41806e+14	6.77081e+2	3.73987e+14	1.12847e+3	1.98568e+14	1.57986e+3	1.10130e+14
2.25539e+2	8.41988e+14	6.76617e+2	3.74276e+14	1.12770e+3	1.98843e+14	1.57877e+3	1.10351e+14
2.25384e+2	8.42170e+14	6.76153e+2	3.74566e+14	1.12692e+3	1.99117e+14	1.57769e+3	1.10572e+14
2.25230e+2	8.42351e+14	6.75690e+2	3.74855e+14	1.12615e+3	1.99392e+14	1.57661e+3	1.10793e+14
2.25076e+2	8.42532e+14	6.75227e+2	3.75144e+14	1.12538e+3	1.99666e+14	1.57553e+3	1.11015e+14
2.24921e+2	8.42711e+14	6.74764e+2	3.75433e+14	1.12461e+3	1.99940e+14	1.57445e+3	1.11236e+14
2.24767e+2	8.42893e+14	6.74302e+2	3.75722e+14	1.12384e+3	2.00214e+14	1.57337e+3	1.11457e+14
2.24613e+2	8.43073e+14	6.73840e+2	3.76010e+14	1.12307e+3	2.00488e+14	1.57229e+3	1.11679e+14
2.24459e+2	8.43253e+14	6.73378e+2	3.76298e+14	1.12230e+3	2.00762e+14	1.57122e+3	1.11901e+14
2.24306e+2	8.43432e+14	6.72917e+2	3.76586e+14	1.12153e+3	2.01036e+14	1.57014e+3	1.12122e+14
2.24152e+2	8.43040e+14	6.72457e+2	3.76873e+14	1.12076e+3	2.01310e+14	1.56907e+3	1.12344e+14
2.23999e+2	8.43219e+14	6.71996e+2	3.77160e+14	1.11999e+3	2.01583e+14	1.56799e+3	1.12566e+14
2.23845e+2	8.43397e+14	6.71536e+2	3.77447e+14	1.11923e+3	2.01857e+14	1.56692e+3	1.12788e+14
2.23692e+2	8.43576e+14	6.71077e+2	3.77733e+14	1.11846e+3	2.02130e+14	1.56585e+3	1.13010e+14
2.23539e+2	8.43754e+14	6.70617e+2	3.78020e+14	1.11770e+3	2.02404e+14	1.56477e+3	1.13232e+14
2.23386e+2	8.43931e+14	6.70158e+2	3.78306e+14	1.11693e+3	2.02677e+14	1.56370e+3	1.13454e+14
2.23233e+2	8.44679e+14	6.69700e+2	3.78592e+14	1.11617e+3	2.02951e+14	1.56263e+3	1.13677e+14
2.23081e+2	8.44856e+14	6.69242e+2	3.78877e+14	1.11540e+3	2.03224e+14	1.56156e+3	1.13899e+14
2.22928e+2	8.45033e+14	6.68784e+2	3.79163e+14	1.11464e+3	2.03497e+14	1.56050e+3	1.14121e+14
2.22776e+2	8.45210e+14	6.68327e+2	3.79448e+14	1.11388e+3	2.03770e+14	1.55943e+3	1.14344e+14
2.22623e+2	8.45386e+14	6.67870e+2	3.79732e+14	1.11312e+3	2.04043e+14	1.55836e+3	1.14566e+14
2.22471e+2	8.45563e+14	6.67413e+2	3.80017e+14	1.11236e+3	2.04316e+14	1.55730e+3	1.14789e+14
2.22319e+2	8.45739e+14	6.66957e+2	3.80301e+14	1.11159e+3	2.04589e+14	1.55623e+3	1.15012e+14
2.22167e+2	8.45914e+14	6.66501e+2	3.80585e+14	1.11083e+3	2.04861e+14	1.55517e+3	1.15234e+14
2.22015e+2	8.46090e+14	6.66045e+2	3.80869e+14	1.11008e+3	2.05134e+14	1.55411e+3	1.15457e+14
2.21863e+2	8.46262e+14	6.65590e+2	3.81152e+14	1.10932e+3	2.05407e+14	1.55304e+3	1.15680e+14
2.21712e+2	8.46439e+14	6.65136e+2	3.81436e+14	1.10856e+3	2.05679e+14	1.55198e+3	1.15903e+14
2.21560e+2	8.46926e+14	6.64681e+2	3.81719e+14	1.10780e+3	2.05951e+14	1.55092e+3	1.16126e+14
2.21409e+2	8.47101e+14	6.64227e+2	3.82001e+14	1.10705e+3	2.06224e+14	1.54986e+3	1.16349e+14
2.21258e+2	8.47275e+14	6.63774e+2	3.82284e+14	1.10629e+3	2.06496e+14	1.54881e+3	1.16573e+14
2.21107e+2	8.47134e+14	6.63320e+2	3.82562e+14	1.10553e+3	2.06768e+14	1.54775e+3	1.16796e+14
2.20956e+2	8.47307e+14	6.62868e+2	3.82843e+14	1.10478e+3	2.07040e+14	1.54669e+3	1.17019e+14
2.20805e+2	8.47480e+14	6.62415e+2	3.83124e+14	1.10403e+3	2.07312e+14	1.54564e+3	1.17242e+14
2.20654e+2	8.47652e+14	6.61963e+2	3.83410e+14	1.10327e+3	2.07584e+14	1.54458e+3	1.17466e+14
2.20504e+2	8.47825e+14	6.61511e+2	3.83691e+14	1.10252e+3	2.07856e+14	1.54353e+3	1.17689e+14
2.20353e+2	8.47997e+14	6.61060e+2	3.83972e+14	1.10177e+3	2.08127e+14	1.54247e+3	1.17913e+14
2.20203e+2	8.48170e+14	6.60609e+2	3.84253e+14	1.10101e+3	2.08399e+14	1.54142e+3	1.18137e+14
2.20053e+2	8.48341e+14	6.60158e+2	3.84533e+14	1.10026e+3	2.08670e+14	1.54037e+3	1.18360e+14
2.19903e+2	8.47928e+14	6.59708e+2	3.84813e+14	1.09951e+3	2.08942e+14	1.53932e+3	1.18584e+14
2.19753e+2	8.48099e+14	6.59258e+2	3.85093e+14	1.09876e+3	2.09213e+14	1.53827e+3	1.18808e+14
2.19603e+2	8.48270e+14	6.58808e+2	3.85372e+14	1.09801e+3	2.09484e+14	1.53722e+3	1.19032e+14
2.19453e+2	8.48441e+14	6.58359e+2	3.85651e+14	1.09727e+3	2.09755e+14	1.53617e+3	1.19256e+14
2.19303e+2	8.48611e+14	6.57910e+2	3.85930e+14	1.09652e+3	2.10026e+14	1.53512e+3	1.19480e+14
2.19154e+2	8.49366e+14	6.57462e+2	3.86209e+14	1.09577e+3	2.10297e+14	1.53408e+3	1.19704e+14
2.19005e+2	8.49854e+14	6.57014e+2	3.86487e+14	1.09502e+3	2.10568e+14	1.53303e+3	1.19928e+14
2.18855e+2	8.50024e+14	6.56566e+2	3.86765e+14	1.09428e+3	2.10839e+14	1.53199e+3	1.20152e+14
2.18706e+2	8.50201e+14	6.56119e+2	3.87043e+14	1.09353e+3	2.11109e+14	1.53094e+3	1.20377e+14
2.18557e+2	8.50363e+14	6.55672e+2	3.87321e+14	1.09279e+3	2.11380e+14	1.52990e+3	1.20601e+14
2.18409e+2	8.50211e+14	6.55226e+2	3.87598e+14	1.09204e+3	2.11650e+14	1.52886e+3	1.20825e+14
2.18260e+2	8.50379e+14	6.54779e+2	3.87875e+14	1.09130e+3	2.11921e+14	1.52782e+3	1.21050e+14
2.18111e+2	8.50550e+14	6.54333e+2	3.88152e+14	1.09056e+3	2.12191e+14	1.52678e+3	1.21274e+14
2.17963e+2	8.50715e+14	6.53888e+2	3.88428e+14	1.08981e+3	2.12461e+14	1.52574e+3	1.21499e+14
2.17814e+2	8.50883e+14	6.53443e+2	3.88704e+14	1.08907e+3	2.12731e+14	1.52470e+3	1.21723e+14
2.17666e+2	8.51051e+14	6.52998e+2	3.88980e+14	1.08833e+3	2.13001e+14	1.52366e+3	1.21948e+14
2.17518e+2	8.51218e+14	6.52554e+2	3.89256e+14	1.08759e+3	2.13271e+14	1.52263e+3	1.22173e+14
2.17370e+2	8.51385e+14	6.52110e+2	3.89531e+14	1.08685e+3	2.13541e+14	1.52159e+3	1.22397e+14
2.17222e+2	8.51552e+14	6.51666e+2	3.89807e+14	1.08611e+3	2.13811e+14	1.52055e+3	1.22622e+14
2.17074e+2	8.51719e+14	6.51223e+2	3.90082e+14	1.08537e+3	2.14080e+14	1.51952e+3	1.22847e+14
2.16927e+2	8.51885e+14	6.50780e+2	3.90356e+14	1.08463e+3	2.14350e+14	1.51849e+3	1.23072e+14
2.16779e+2	8.52051e+14	6.50337e+2	3.90630e+14	1.08390e+3	2.14619e+14	1.51745e+3	1.23297e+14
2.16632e+2	8.52216e+14	6.49895e+2	3.90905e+14	1.08316e+3	2.14888e+14	1.51642e+3	1.23522e+14
2.16485e+2	8.52381e+14	6.49454e+2	3.91179e+14	1.08242e+3	2.15157e+14	1.51539e+3	1.23747e+14
2.16337e+2	8.52869e+14	6.49012e+2	3.91452e+14	1.08169e+3	2.15426e+14	1.51436e+3	1.23972e+14
2.16190e+2	8.53034e+14	6.48571e+2	3.91726e+14	1.08095e+3	2.15695e+14	1.51333e+3	1.24197e+14
2.16043e+2	8.53199e+14	6.48130e+2	3.91999e+14	1.08022e+3	2.15964e+14	1.51230e+3	1.24422e+14
2.15897e+2	8.53364e+14	6.47690e+2	3.92271e+14	1.07948e+3	2.16233e+14	1.51128e+3	1.24647e+14
2.15750e+2	8.52604e+14	6.47250e+2	3.92544e+14	1.07875e+3	2.16502e+14	1.51025e+3	1.24873e+14
2.15603e+2	8.52768e+14	6.46810e+2	3.92816e+14	1.07802e+3	2.16770e+14	1.50922e+3	1.25098e+14
2.15457e+2	8.52931e+14	6.46371e+2	3.93088e+14	1.07729e+3	2.17039e+14	1.50820e+3	1.25323e+14
2.15311e+2	8.53094e+14	6.45932e+2	3.93360e+14	1.07655e+3	2.17307e+14	1.50718e+3	1.25549e+14
2.15165e+2	8.53257e+14	6.45494e+2	3.93631e+14	1.07582e+3	2.17575e+14	1.50615e+3	1.25774e+14
2.15019e+2	8.54022e+14	6.45056e+2	3.93902e+14	1.07509e+3	2.17843e+14	1.50513e+3	1.26000e+14
2.14873e+2	8.54181e+14	6.44618e+2	3.94173e+14	1.07436e+3	2.18111e+14	1.50411e+3	1.26225e+14
2.14727e+2	8.54344e+14	6.44180e+2	3.94444e+14	1.07363e+3	2.18379e+14	1.50309e+3	1.26451e+14
2.14581e+2	8.54506e+14	6.43743e+2	3.94714e+14	1.07291e+3	2.18647e+14	1.50207e+3	1.26677e+14
2.14435e+2	8.54668e+14	6.43306e+2	3.94984e+14	1.07218e+3	2.18915e+14	1.50105e+3	1.26902e+14
2.14290e+2	8.54829e+14	6.42870e+2	3.95254e+14	1.07145e+3	2.19182e+14	1.50003e+3	1.27128e+14
2.14145e+2	8.54991e+14	6.42434e+2	3.95523e+14	1.07072e+3	2.19450e+14	1.49901e+3	1.27354e+14
2.14000e+2	8.55155e+14	6.41999e+2	3.95793e+14	1.07000e+3	2.19717e+14	1.49800e+3	1.27580e+14
2.13854e+2	8.55640e+14	6.41563e+2	3.96062e+14	1.06927e+3	2.19984e+14	1.49698e+3	1.27805e+14
2.13709e+2	8.55801e+14	6.41128e+2	3.96330e+14	1.06855e+3	2.20252e+14	1.49597e+3	1.28031e+14
2.13565e+2	8.55961e+14	6.40694e+2	3.96599e+14	1.06782e+3	2.20519e+14	1.49495e+3	1.28257e+14
2.13420e+2	8.56121e+14	6.40260e+2	3.96867e+14	1.06710e+3	2.20786e+14	1.49394e+3	1.28483e+14
2.13275e+2	8.56281e+14	6.39826e+2	3.97135e+14	1.06638e+3	2.21052e+14	1.49293e+3	1.28709e+14
2.13131e+2	8.56441e+14	6.39392e+2	3.97403e+14	1.06565e+3	2.21319e+14	1.49192e+3	1.28935e+14
2.12986e+2	8.56269e+14	6.38959e+2	3.97670e+14	1.06493e+3	2.21586e+14	1.49090e+3	1.29161e+14
2.12842e+2	8.56428e+14	6.38526e+2	3.97938e+14	1.06421e+3	2.21852e+14	1.48989e+3	1.29387e+14
2.12698e+2	8.56587e+14	6.38094e+2	3.98204e+14	1.06349e+3	2.22119e+14	1.48889e+3	1.29613e+14
2.12554e+2	8.56745e+14	6.37662e+2	3.98471e+14	1.06277e+3	2.22385e+14	1.48788e+3	1.29839e+14
2.12410e+2	8.56903e+14	6.37230e+2	3.98737e+14	1.06205e+3	2.22651e+14	1.48687e+3	1.30066e+14
2.12266e+2	8.57062e+14	6.36799e+2	3.99004e+14	1.06133e+3	2.22917e+14	1.48586e+3	1.30292e+14
2.12123e+2	8.57219e+14	6.36368e+2	3.99269e+14	1.06061e+3	2.23183e+14	1.48486e+3	1.30518e+14
2.11979e+2	8.57377e+14	6.35937e+2	3.99535e+14	1.05990e+3	2.23449e+14	1.48385e+3	1.30744e+14
2.11836e+2	8.57534e+14	6.35507e+2	3.99800e+14	1.05918e+3	2.23714e+14	1.48285e+3	1.30971e+14
2.11692e+2	8.57692e+14	6.35077e+2	4.00065e+14	1.05846e+3	2.23980e+14	1.48185e+3	1.31197e+14
2.11549e+2	8.57233e+14	6.34648e+2	4.00330e+14	1.05775e+3	2.24246e+14	1.48084e+3	1.31423e+14
2.11406e+2	8.57390e+14	6.34218e+2	4.00595e+14	1.05703e+3	2.24511e+14	1.47984e+3	1.31650e+14
2.11263e+2	8.57546e+14	6.33790e+2	4.00859e+14	1.05632e+3	2.24776e+14	1.47884e+3	1.31876e+14
2.11120e+2	8.57702e+14	6.33361e+2	4.01123e+14	1.05560e+3	2.25041e+14	1.47784e+3	1.32103e+14
2.10978e+2	8.58806e+14	6.32933e+2	4.01379e+14	1.05489e+3	2.25306e+14	1.47684e+3	1.32329e+14
2.10835e+2	8.58961e+14	6.32505e+2	4.01643e+14	1.05418e+3	2.25571e+14	1.47585e+3	1.32556e+14
2.10693e+2	8.59117e+14	6.32078e+2	4.01906e+14	1.05346e+3	2.25836e+14	1.47485e+3	1.32782e+14
2.10550e+2	8.59272e+14	6.31651e+2	4.02176e+14	1.05275e+3	2.26101e+14	1.47385e+3	1.33009e+14
2.10408e+2	8.59427e+14	6.31224e+2	4.02439e+14	1.05204e+3	2.26365e+14	1.47286e+3	1.33235e+14
2.10266e+2	8.59245e+14	6.30798e+2	4.02701e+14	1.05133e+3	2.26629e+14	1.47186e+3	1.33462e+14
2.10124e+2	8.59399e+14	6.30372e+2	4.02963e+14	1.05062e+3	2.26894e+14	1.47087e+3	1.33689e+14
2.09982e+2	8.59553e+14	6.29946e+2	4.03223e+14	1.04991e+3	2.27158e+14	1.46987e+3	1.33915e+14
2.09840e+2	8.59707e+14	6.29521e+2	4.03485e+14	1.04920e+3	2.27422e+14	1.46888e+3	1.34142e+14
2.09699e+2	8.59861e+14	6.29096e+2	4.03748e+14	1.04849e+3	2.27686e+14	1.46789e+3	1.34369e+14
2.09557e+2	8.60014e+14	6.28671e+2	4.04009e+14	1.04779e+3	2.27950e+14	1.46690e+3	1.34595e+14
2.09416e+2	8.60168e+14	6.28247e+2	4.04271e+14	1.04708e+3	2.28213e+14	1.46591e+3	1.34822e+14
2.09274e+2	8.60321e+14	6.27823e+2	4.04532e+14	1.04637e+3	2.28477e+14	1.46492e+3	1.35049e+14
2.09133e+2	8.60472e+14	6.27400e+2	4.04791e+14	1.04567e+3	2.28740e+14	1.46393e+3	1.35276e+14
2.08992e+2	8.60626e+14	6.26977e+2	4.05051e+14	1.04496e+3	2.29004e+14	1.46295e+3	1.35503e+14
2.08851e+2	8.60778e+14	6.26554e+2	4.05310e+14	1.04426e+3	2.29267e+14	1.46196e+3	1.35729e+14
2.08710e+2	8.60930e+14	6.26131e+2	4.05570e+14	1.04355e+3	2.29530e+14	1.46097e+3	1.35956e+14
2.08570e+2	8.61419e+14	6.25709e+2	4.05829e+14	1.04285e+3	2.29793e+14	1.45999e+3	1.36183e+14
2.08429e+2	8.61571e+14	6.25287e+2	4.06088e+14	1.04215e+3	2.30056e+14	1.45900e+3	1.36410e+14
2.08289e+2	8.61722e+14	6.24866e+2	4.06347e+14	1.04144e+3	2.30319e+14	1.45802e+3	1.36637e+14
2.08148e+2	8.61874e+14	6.24445e+2	4.06605e+14	1.04074e+3	2.30581e+14	1.45704e+3	1.36864e+14
2.08008e+2	8.62025e+14	6.24024e+2	4.06864e+14	1.04004e+3	2.30844e+14	1.45606e+3	1.37091e+14
2.07868e+2	8.62171e+14	6.23604e+2	4.07122e+14	1.03934e+3	2.31106e+14	1.45508e+3	1.37318e+14
2.07728e+2	8.62326e+14	6.23184e+2	4.07379e+14	1.03864e+3	2.31368e+14	1.45410e+3	1.37545e+14
2.07588e+2	8.62133e+14	6.22764e+2	4.07637e+14	1.03794e+3	2.31630e+14	1.45312e+3	1.37772e+14
2.07448e+2	8.61654e+14	6.22345e+2	4.07894e+14	1.03724e+3	2.31892e+14	1.45214e+3	1.37999e+14
2.07309e+2	8.61803e+14	6.21926e+2	4.08151e+14	1.03654e+3	2.32154e+14	1.45116e+3	1.38226e+14
2.07169e+2	8.61953e+14	6.21507e+2	4.08407e+14	1.03585e+3	2.32416e+14	1.45018e+3	1.38453e+14
2.07030e+2	8.62102e+14	6.21089e+2	4.08663e+14	1.03515e+3	2.32677e+14	1.44921e+3	1.38680e+14
2.06890e+2	8.62251e+14	6.20671e+2	4.08920e+14	1.03445e+3	2.32939e+14	1.44823e+3	1.38907e+14
2.06751e+2	8.63029e+14	6.20253e+2	4.09175e+14	1.03376e+3	2.33200e+14	1.44726e+3	1.39134e+14
2.06612e+2	8.63177e+14	6.19836e+2	4.09431e+14	1.03306e+3	2.33461e+14	1.44628e+3	1.39361e+14
2.06473e+2	8.63325e+14	6.19419e+2	4.09686e+14	1.03237e+3	2.33722e+14	1.44531e+3	1.39588e+14
2.06334e+2	8.63473e+14	6.19003e+2	4.09941e+14	1.03167e+3	2.33983e+14	1.44434e+3	1.39815e+14
2.06195e+2	8.63621e+14	6.18586e+2	4.10196e+14	1.03098e+3	2.34244e+14	1.44337e+3	1.40042e+14
2.06057e+2	8.63768e+14	6.18171e+2	4.10451e+14	1.03028e+3	2.34505e+14	1.44240e+3	1.40270e+14
2.05918e+2	8.64259e+14	6.17755e+2	4.10705e+14	1.02959e+3	2.34765e+14	1.44143e+3	1.40497e+14
2.05780e+2	8.64407e+14	6.17340e+2	4.10959e+14	1.02890e+3	2.35026e+14	1.44046e+3	1.40724e+14
2.05642e+2	8.64553e+14	6.16925e+2	4.11212e+14	1.02821e+3	2.35286e+14	1.43949e+3	1.40951e+14
2.05504e+2	8.64700e+14	6.16511e+2	4.11464e+14	1.02752e+3	2.35546e+14	1.43852e+3	1.41178e+14
2.05365e+2	8.64846e+14	6.16096e+2	4.11719e+14	1.02683e+3	2.35806e+14	1.43756e+3	1.41405e+14
2.05228e+2	8.64992e+14	6.15683e+2	4.11972e+14	1.02614e+3	2.36066e+14	1.43659e+3	1.41632e+14
2.05090e+2	8.65138e+14	6.15269e+2	4.12224e+14	1.02545e+3	2.36326e+14	1.43563e+3	1.41860e+14
2.04952e+2	8.64937e+14	6.14856e+2	4.12477e+14	1.02476e+3	2.36586e+14	1.43466e+3	1.42087e+14
2.04814e+2	8.65082e+14	6.14443e+2	4.12729e+14	1.02407e+3	2.36845e+14	1.43370e+3	1.42314e+14
2.04677e+2	8.65227e+14	6.14031e+2	4.12981e+14	1.02338e+3	2.37105e+14	1.43274e+3	1.42541e+14
2.04540e+2	8.65372e+14	6.13619e+2	4.13232e+14	1.02270e+3	2.37364e+14	1.43178e+3	1.42768e+14
2.04402e+2	8.65517e+14	6.13207e+2	4.13484e+14	1.02201e+3	2.37623e+14	1.43082e+3	1.42996e+14
2.04265e+2	8.65711e+14	6.12796e+2	4.13735e+14	1.02133e+3	2.37882e+14	1.42986e+3	1.43223e+14
2.04128e+2	8.65806e+14	6.12385e+2	4.13986e+14	1.02064e+3	2.38141e+14	1.42890e+3	1.43450e+14
2.03991e+2	8.65950e+14	6.11974e+2	4.14236e+14	1.01996e+3	2.38400e+14	1.42794e+3	1.43677e+14
2.03855e+2	8.66094e+14	6.11564e+2	4.14487e+14	1.01927e+3	2.38658e+14	1.42698e+3	1.43904e+14
2.03718e+2	8.66237e+14	6.11154e+2	4.14737e+14	1.01859e+3	2.38917e+14	1.42602e+3	1.44132e+14
2.03581e+2	8.66376e+14	6.10744e+2	4.14987e+14	1.01791e+3	2.39175e+14	1.42507e+3	1.44359e+14
2.03445e+2	8.66505e+14	6.10335e+2	4.15236e+14	1.01722e+3	2.39433e+14	1.42411e+3	1.44586e+14
2.03309e+2	8.67015e+14	6.09926e+2	4.15486e+14	1.01654e+3	2.39691e+14	1.42316e+3	1.44813e+14
2.03172e+2	8.66162e+14	6.09517e+2	4.15735e+14	1.01586e+3	2.39949e+14	1.42221e+3	1.45040e+14
2.03036e+2	8.66304e+14	6.09109e+2	4.15984e+14	1.01518e+3	2.40207e+14	1.42125e+3	1.45268e+14
2.02900e+2	8.66446e+14	6.08701e+2	4.16232e+14	1.01450e+3	2.40465e+14	1.42030e+3	1.45495e+14
2.02764e+2	8.67585e+14	6.08293e+2	4.16480e+14	1.01382e+3	2.40722e+14	1.41935e+3	1.45722e+14
2.02629e+2	8.67727e+14	6.07886e+2	4.16728e+14	1.01314e+3	2.40979e+14	1.41840e+3	1.45949e+14
2.02493e+2	8.67869e+14	6.07479e+2	4.16976e+14	1.01246e+3	2.41237e+14	1.41745e+3	1.46176e+14
2.02357e+2	8.68010e+14	6.07072e+2	4.17223e+14	1.01179e+3	2.41494e+14	1.41650e+3	1.46404e+14
2.02222e+2	8.67798e+14	6.06666e+2	4.17471e+14	1.01111e+3	2.41751e+14	1.41555e+3	1.46631e+14
2.02087e+2	8.67939e+14	6.06260e+2	4.17717e+14	1.01043e+3	2.42008e+14	1.41461e+3	1.46858e+14
2.01951e+2	8.68079e+14	6.05854e+2	4.17964e+14	1.00976e+3	2.42264e+14	1.41366e+3	1.47085e+14
2.01816e+2	8.68221e+14	6.05449e+2	4.18210e+14	1.00908e+3	2.42521e+14	1.41271e+3	1.47312e+14
2.01681e+2	8.68360e+14	6.05044e+2	4.18457e+14	1.00841e+3	2.42777e+14	1.41177e+3	1.47539e+14
2.01546e+2	8.68500e+14	6.04639e+2	4.18702e+14	1.00773e+3	2.43033e+14	1.41083e+3	1.47767e+14
2.01412e+2	8.68640e+14	6.04235e+2	4.18948e+14	1.00706e+3	2.43290e+14	1.40988e+3	1.47994e+14
2.01277e+2	8.68780e+14	6.03831e+2	4.19194e+14	1.00639e+3	2.43546e+14	1.40894e+3	1.48221e+14
2.01143e+2	8.68919e+14	6.03428e+2	4.19439e+14	1.00571e+3	2.43801e+14	1.40800e+3	1.48448e+14
2.01008e+2	8.69058e+14	6.03024e+2	4.19684e+14	1.00504e+3	2.44057e+14	1.40706e+3	1.48675e+14
2.00874e+2	8.69197e+14	6.02621e+2	4.19928e+14	1.00437e+3	2.44313e+14	1.40612e+3	1.48902e+14
2.00740e+2	8.69690e+14	6.02219e+2	4.20173e+14	1.00370e+3	2.44568e+14	1.40518e+3	1.49129e+14
2.00606e+2	8.69829e+14	6.01817e+2	4.20417e+14	1.00303e+3	2.44823e+14	1.40424e+3	1.49356e+14
2.00472e+2	8.69968e+14	6.01415e+2	4.20660e+14	1.00236e+3	2.45079e+14	1.40330e+3	1.49583e+14
2.00338e+2	8.70106e+14	6.01013e+2	4.20904e+14	1.00169e+3	2.45334e+14	1.40236e+3	1.49810e+14
2.00204e+2	8.70244e+14	6.00612e+2	4.21147e+14	1.00102e+3	2.45589e+14	1.40143e+3	1.50038e+14
2.00070e+2	8.70382e+14	6.00211e+2	4.21620e+14	1.00035e+3	2.45843e+14	1.40049e+3	1.50265e+14
1.99937e+2	8.70519e+14	5.99810e+2	4.21633e+14	9.99684e+2	2.46098e+14	1.39956e+3	1.50492e+14
1.99803e+2	8.70656e+14	5.99410e+2	4.21876e+14	9.99017e+2	2.46352e+14	1.39862e+3	1.50719e+14
1.99670e+2	8.70793e+14	5.99010e+2	4.22118e+14	9.98351e+2	2.46607e+14	1.39769e+3	1.50946e+14
1.99537e+2	8.70571e+14	5.98611e+2	4.22360e+14	9.97685e+2	2.46861e+14	1.39676e+3	1.51173e+14
1.99404e+2	8.70707e+14	5.98212e+2	4.22602e+14	9.97019e+2	2.47115e+14	1.39583e+3	1.51400e+14
1.99271e+2	8.70846e+14	5.97813e+2	4.22843e+14	9.96354e+2	2.47369e+14	1.39490e+3	1.51626e+14
1.99138e+2	8.70979e+14	5.97414e+2	4.23085e+14	9.95690e+2	2.47622e+14	1.39397e+3	1.51853e+14
1.99005e+2	8.70453e+14	5.97016e+2	4.23326e+14	9.95026e+2	2.47876e+14	1.39304e+3	1.52080e+14
1.98873e+2	8.70589e+14	5.96618e+2	4.23567e+14	9.94363e+2	2.48129e+14	1.39211e+3	1.52307e+14
1.98740e+2	8.70724e+14	5.96220e+2	4.23807e+14	9.93701e+2	2.48383e+14	1.39118e+3	1.52534e+14
1.98608e+2	8.71522e+14	5.95823e+2	4.24047e+14	9.93038e+2	2.48636e+14	1.39025e+3	1.52761e+14
1.98475e+2	8.71657e+14	5.95426e+2	4.24287e+14	9.92377e+2	2.48889e+14	1.38933e+3	1.52988e+14
1.98343e+2	8.71795e+14	5.95030e+2	4.24527e+14	9.91716e+2	2.49142e+14	1.38840e+3	1.53215e+14
1.98211e+2	8.71929e+14	5.94633e+2	4.24767e+14	9.91055e+2	2.49394e+14	1.38748e+3	1.53442e+14
1.98079e+2	8.72422e+14	5.94237e+2	4.25239e+14	9.90396e+2	2.49647e+14	1.38655e+3	1.53668e+14
1.97947e+2	8.72556e+14	5.93842e+2	4.25478e+14	9.89736e+2	2.49899e+14	1.38563e+3	1.53895e+14
1.97816e+2	8.72690e+14	5.93447e+2	4.25717e+14	9.89078e+2	2.50152e+14	1.38471e+3	1.54122e+14
1.97684e+2	8.72824e+14	5.93052e+2	4.25956e+14	9.88419e+2	2.50404e+14	1.38379e+3	1.54349e+14
1.97552e+2	8.72957e+14	5.92657e+2	4.26195e+14	9.87762e+2	2.50656e+14	1.38287e+3	1.54575e+14
1.97421e+2	8.73091e+14	5.92263e+2	4.26433e+14	9.87104e+2	2.50908e+14	1.38195e+3	1.54802e+14
1.97290e+2	8.73224e+14	5.91869e+2	4.26671e+14	9.86448e+2	2.51159e+14	1.38103e+3	1.55029e+14
1.97158e+2	8.73357e+14	5.91475e+2	4.26908e+14	9.85792e+2	2.51411e+14	1.38011e+3	1.55255e+14
1.97027e+2	8.73490e+14	5.91082e+2	4.26910e+14	9.85136e+2	2.51662e+14	1.37919e+3	1.55482e+14
1.96896e+2	8.73258e+14	5.90689e+2	4.27147e+14	9.84481e+2	2.51914e+14	1.37827e+3	1.55709e+14
1.96765e+2	8.73390e+14	5.90296e+2	4.27384e+14	9.83827e+2	2.52165e+14	1.37736e+3	1.55935e+14
1.96635e+2	8.73522e+14	5.89904e+2	4.27620e+14	9.83173e+2	2.52416e+14	1.37644e+3	1.56162e+14
1.96504e+2	8.73654e+14	5.89512e+2	4.27856e+14	9.82520e+2	2.52667e+14	1.37553e+3	1.56388e+14
1.96373e+2	8.73786e+14	5.89120e+2	4.28092e+14	9.81867e+2	2.52917e+14	1.37461e+3	1.56615e+14
1.96243e+2	8.73917e+14	5.88729e+2	4.28328e+14	9.81215e+2	2.53168e+14	1.37370e+3	1.56841e+14
1.96113e+2	8.74053e+14	5.88338e+2	4.28563e+14	9.80563e+2	2.53418e+14	1.37279e+3	1.57068e+14
1.95982e+2	8.74180e+14	5.87947e+2	4.28798e+14	9.79912e+2	2.53668e+14	1.37188e+3	1.57294e+14
1.95852e+2	8.74311e+14	5.87557e+2	4.29272e+14	9.79261e+2	2.53918e+14	1.37097e+3	1.57521e+14
1.95722e+2	8.74442e+14	5.87167e+2	4.29687e+14	9.78611e+2	2.54168e+14	1.37006e+3	1.57747e+14
1.95592e+2	8.74572e+14	5.86777e+2	4.29741e+14	9.77962e+2	2.54418e+14	1.36915e+3	1.57973e+14
1.95463e+2	8.75068e+14	5.86388e+2	4.29975e+14	9.77313e+2	2.54668e+14	1.36824e+3	1.58200e+14
1.95333e+2	8.75198e+14	5.85999e+2	4.30209e+14	9.76665e+2	2.54917e+14	1.36733e+3	1.58426e+14
1.95203e+2	8.75329e+14	5.85610e+2	4.30443e+14	9.76017e+2	2.55166e+14	1.36642e+3	1.58652e+14
1.95074e+2	8.75459e+14	5.85222e+2	4.30677e+14	9.75369e+2	2.55416e+14	1.36552e+3	1.58878e+14
1.94944e+2	8.75588e+14	5.84833e+2	4.30911e+14	9.74722e+2	2.55665e+14	1.36461e+3	1.59105e+14
1.94815e+2	8.74668e+14	5.84446e+2	4.31144e+14	9.74076e+2	2.55913e+14	1.36371e+3	1.59331e+14
1.94686e+2	8.74797e+14	5.84058e+2	4.31377e+14	9.73430e+2	2.56162e+14	1.36280e+3	1.59557e+14
1.94557e+2	8.75976e+14	5.83671e+2	4.31610e+14	9.72785e+2	2.56411e+14	1.36190e+3	1.59783e+14
1.94428e+2	8.76109e+14	5.83284e+2	4.31842e+14	9.72141e+2	2.56659e+14	1.36100e+3	1.60009e+14
1.94299e+2	8.76233e+14	5.82898e+2	4.31832e+14	9.71497e+2	2.56907e+14	1.36010e+3	1.60235e+14
1.94171e+2	8.75987e+14	5.82512e+2	4.32064e+14	9.70853e+2	2.57156e+14	1.35919e+3	1.60461e+14
1.94042e+2	8.76117e+14	5.82126e+2	4.32295e+14	9.70210e+2	2.57404e+14	1.35829e+3	1.60687e+14
1.93913e+2	8.76245e+14	5.81740e+2	4.32526e+14	9.69567e+2	2.57651e+14	1.35739e+3	1.60913e+14
1.93785e+2	8.76373e+14	5.81355e+2	4.32757e+14	9.68925e+2	2.57899e+14	1.35650e+3	1.61139e+14
1.93657e+2	8.76501e+14	5.80970e+2	4.33231e+14	9.68284e+2	2.58146e+14	1.35560e+3	1.61365e+14
1.93529e+2	8.76628e+14	5.80586e+2	4.33462e+14	9.67643e+2	2.58394e+14	1.35470e+3	1.61591e+14
1.93401e+2	8.76755e+14	5.80202e+2	4.33692e+14	9.67003e+2	2.58641e+14	1.35380e+3	1.61817e+14
1.93273e+2	8.76882e+14	5.79818e+2	4.33922e+14	9.66363e+2	2.58888e+14	1.35291e+3	1.62043e+14
1.93145e+2	8.77006e+14	5.79434e+2	4.34152e+14	9.65724e+2	2.59135e+14	1.35201e+3	1.62268e+14
1.93017e+2	8.77135e+14	5.79051e+2	4.34382e+14	9.65085e+2	2.59382e+14	1.35112e+3	1.62494e+14
1.92889e+2	8.77634e+14	5.78668e+2	4.34611e+14	9.64447e+2	2.59628e+14	1.35023e+3	1.62720e+14
1.92762e+2	8.77760e+14	5.78285e+2	4.34840e+14	9.63809e+2	2.59875e+14	1.34933e+3	1.62945e+14
1.92634e+2	8.77886e+14	5.77903e+2	4.35069e+14	9.63172e+2	2.60121e+14	1.34844e+3	1.63171e+14
1.92507e+2	8.78012e+14	5.77521e+2	4.35298e+14	9.62535e+2	2.60367e+14	1.34755e+3	1.63396e+14
1.92380e+2	8.78137e+14	5.77139e+2	4.35526e+14	9.61899e+2	2.60613e+14	1.34666e+3	1.63622e+14
1.92253e+2	8.78263e+14	5.76758e+2	4.35755e+14	9.61263e+2	2.60859e+14	1.34577e+3	1.63847e+14
1.92126e+2	8.78388e+14	5.76377e+2	4.35983e+14	9.60628e+2	2.61104e+14	1.34488e+3	1.64073e+14
1.91999e+2	8.78513e+14	5.75996e+2	4.36210e+14	9.59994e+2	2.61350e+14	1.34399e+3	1.64298e+14
1.91872e+2	8.78637e+14	5.75616e+2	4.36438e+14	9.59360e+2	2.61595e+14	1.34310e+3	1.64524e+14
1.91745e+2	8.78762e+14	5.75236e+2	4.36652e+14	9.58726e+2	2.61840e+14	1.34222e+3	1.64749e+14
1.91619e+2	8.78887e+14	5.74856e+2	4.36877e+14	9.58094e+2	2.62086e+14	1.34133e+3	1.64974e+14
1.91492e+2	8.78633e+14	5.74477e+2	4.37118e+14	9.57461e+2	2.62330e+14	1.34045e+3	1.65200e+14
1.91366e+2	8.78757e+14	5.74098e+2	4.37345e+14	9.56829e+2	2.62575e+14	1.33956e+3	1.65425e+14
1.91240e+2	8.78880e+14	5.73719e+2	4.37571e+14	9.56198e+2	2.62820e+14	1.33868e+3	1.65650e+14
1.91113e+2	8.79004e+14	5.73340e+2	4.37797e+14	9.55567e+2	2.63064e+14	1.33779e+3	1.65875e+14
1.90987e+2	8.79128e+14	5.72962e+2	4.38023e+14	9.54937e+2	2.63308e+14	1.33691e+3	1.66100e+14
1.90861e+2	8.79251e+14	5.72584e+2	4.38248e+14	9.54307e+2	2.63552e+14	1.33603e+3	1.66325e+14
1.90736e+2	8.79374e+14	5.72207e+2	4.38473e+14	9.53678e+2	2.63796e+14	1.33515e+3	1.66550e+14
1.90610e+2	8.78798e+14	5.71829e+2	4.38698e+14	9.53049e+2	2.64040e+14	1.33427e+3	1.66775e+14
1.90484e+2	8.79620e+14	5.71453e+2	4.38923e+14	9.52421e+2	2.64284e+14	1.33339e+3	1.67000e+14
1.90359e+2	8.79742e+14	5.71076e+2	4.39147e+14	9.51793e+2	2.64527e+14	1.33251e+3	1.67225e+14
1.90233e+2	8.80242e+14	5.70700e+2	4.39371e+14	9.51166e+2	2.64770e+14	1.33163e+3	1.67450e+14
1.90108e+2	8.80364e+14	5.70324e+2	4.39595e+14	9.50539e+2	2.65014e+14	1.33076e+3	1.67675e+14
1.89983e+2	8.80486e+14	5.69948e+2	4.39819e+14	9.49913e+2	2.65257e+14	1.32988e+3	1.67899e+14
1.89858e+2	8.80608e+14	5.69573e+2	4.40043e+14	9.49288e+2	2.65499e+14	1.32900e+3	1.68124e+14
1.89733e+2	8.80730e+14	5.69198e+2	4.40266e+14	9.48663e+2	2.65742e+14	1.32813e+3	1.68349e+14
1.89608e+2	8.80851e+14	5.68823e+2	4.40489e+14	9.48038e+2	2.65985e+14	1.32725e+3	1.68573e+14
1.89483e+2	8.80973e+14	5.68449e+2	4.40711e+14	9.47414e+2	2.66227e+14	1.32638e+3	1.68798e+14
1.89358e+2	8.81094e+14	5.68074e+2	4.40934e+14	9.46791e+2	2.66469e+14	1.32551e+3	1.69022e+14
1.89234e+2	8.81215e+14	5.67701e+2	4.41156e+14	9.46168e+2	2.66711e+14	1.32463e+3	1.69247e+14
1.89109e+2	8.81335e+14	5.67327e+2	4.41378e+14	9.45545e+2	2.66953e+14	1.32376e+3	1.69471e+14
1.88985e+2	8.81455e+14	5.66954e+2	4.41600e+14	9.44923e+2	2.67195e+14	1.32289e+3	1.69695e+14
1.88860e+2	8.81191e+14	5.66581e+2	4.41821e+14	9.44302e+2	2.67436e+14	1.32202e+3	1.69920e+14
1.88736e+2	8.81310e+14	5.66209e+2	4.42043e+14	9.43681e+2	2.67678e+14	1.32115e+3	1.70144e+14
1.88612e+2	8.81430e+14	5.65836e+2	4.42264e+14	9.43061e+2	2.67919e+14	1.32028e+3	1.70368e+14
1.88488e+2	8.81550e+14	5.65464e+2	4.42484e+14	9.42441e+2	2.68160e+14	1.31942e+3	1.70592e+14
1.88364e+2	8.81669e+14	5.65093e+2	4.42705e+14	9.41821e+2	2.68401e+14	1.31855e+3	1.70817e+14
1.88241e+2	8.81789e+14	5.64722e+2	4.42925e+14	9.41203e+2	2.68642e+14	1.31768e+3	1.71041e+14
1.88117e+2	8.81908e+14	5.64351e+2	4.43145e+14	9.40584e+2	2.68882e+14	1.31682e+3	1.71265e+14
1.87993e+2	8.82027e+14	5.63980e+2	4.43365e+14	9.39966e+2	2.69123e+14	1.31595e+3	1.71489e+14
1.87870e+2	8.82146e+14	5.63610e+2	4.43584e+14	9.39349e+2	2.69363e+14	1.31509e+3	1.71712e+14
1.87746e+2	8.82265e+14	5.63239e+2	4.43804e+14	9.38732e+2	2.69603e+14	1.31423e+3	1.71936e+14
1.87623e+2	8.82768e+14	5.62870e+2	4.44023e+14	9.38116e+2	2.69843e+14	1.31336e+3	1.72160e+14
1.87500e+2	8.82886e+14	5.62500e+2	4.44242e+14	9.37500e+2	2.70083e+14	1.31250e+3	1.72384e+14
1.87377e+2	8.83004e+14	5.62131e+2	4.44460e+14	9.36885e+2	2.70322e+14	1.31164e+3	1.72607e+14
1.87254e+2	8.83118e+14	5.61762e+2	4.44678e+14	9.36271e+2	2.70562e+14	1.31078e+3	1.72831e+14
1.87131e+2	8.83239e+14	5.61394e+2	4.44897e+14	9.35656e+2	2.70801e+14	1.30992e+3	1.73055e+14
1.87009e+2	8.83356e+14	5.61026e+2	4.45114e+14	9.35043e+2	2.71040e+14	1.30906e+3	1.73278e+14
1.86886e+2	8.83474e+14	5.60658e+2	4.45332e+14	9.34429e+2	2.71279e+14	1.30820e+3	1.73502e+14
1.86763e+2	8.83590e+14	5.60290e+2	4.45549e+14	9.33817e+2	2.71518e+14	1.30734e+3	1.73725e+14
1.86641e+2	8.83707e+14	5.59923e+2	4.45766e+14	9.33205e+2	2.71757e+14	1.30649e+3	1.73948e+14
1.86519e+2	8.83824e+14	5.59556e+2	4.45983e+14	9.32593e+2	2.71995e+14	1.30563e+3	1.74172e+14
1.86396e+2	8.83940e+14	5.59189e+2	4.46200e+14	9.31982e+2	2.72233e+14	1.30477e+3	1.74395e+14
1.86274e+2	8.84057e+14	5.58823e+2	4.46416e+14	9.31371e+2	2.72471e+14	1.30392e+3	1.74618e+14
1.86152e+2	8.83782e+14	5.58457e+2	4.46633e+14	9.30761e+2	2.72709e+14	1.30307e+3	1.74841e+14
1.86030e+2	8.83898e+14	5.58091e+2	4.46848e+14	9.30152e+2	2.72947e+14	1.30221e+3	1.75064e+14
1.85908e+2	8.84013e+14	5.57725e+2	4.47064e+14	9.29542e+2	2.73185e+14	1.30136e+3	1.75287e+14
1.85787e+2	8.84129e+14	5.57360e+2	4.47280e+14	9.28934e+2	2.73422e+14	1.30051e+3	1.75510e+14
1.85665e+2	8.84247e+14	5.56995e+2	4.47495e+14	9.28326e+2	2.73659e+14	1.29966e+3	1.75733e+14
1.85544e+2	8.84360e+14	5.56631e+2	4.47710e+14	9.27718e+2	2.73896e+14	1.29881e+3	1.75956e+14
1.85422e+2	8.84475e+14	5.56267e+2	4.47925e+14	9.27111e+2	2.74133e+14	1.29796e+3	1.76179e+14
1.85301e+2	8.84590e+14	5.55903e+2	4.48140e+14	9.26505e+2	2.74370e+14	1.29711e+3	1.76402e+14
1.85180e+2	8.84705e+14	5.55539e+2	4.48354e+14	9.25898e+2	2.74607e+14	1.29626e+3	1.76624e+14
1.85059e+2	8.84819e+14	5.55176e+2	4.48568e+14	9.25293e+2	2.74844e+14	1.29541e+3	1.76847e+14
1.84938e+2	8.85325e+14	5.54813e+2	4.48782e+14	9.24688e+2	2.75080e+14	1.29456e+3	1.77070e+14
1.84817e+2	8.85439e+14	5.54450e+2	4.48995e+14	9.24083e+2	2.75316e+14	1.29372e+3	1.77292e+14
1.84696e+2	8.85553e+14	5.54088e+2	4.49208e+14	9.23479e+2	2.75552e+14	1.29287e+3	1.77514e+14
1.84575e+2	8.85667e+14	5.53725e+2	4.49421e+14	9.22876e+2	2.75788e+14	1.29203e+3	1.77737e+14
1.84455e+2	8.85780e+14	5.53364e+2	4.49634e+14	9.22273e+2	2.76024e+14	1.29118e+3	1.77959e+14
1.84334e+2	8.85894e+14	5.53002e+2	4.49847e+14	9.21670e+2	2.76259e+14	1.29034e+3	1.78181e+14
1.84214e+2	8.86007e+14	5.52641e+2	4.50059e+14	9.21068e+2	2.76495e+14	1.28950e+3	1.78404e+14
1.84093e+2	8.86117e+14	5.52280e+2	4.50271e+14	9.20467e+2	2.76730e+14	1.28865e+3	1.78626e+14
1.83973e+2	8.86234e+14	5.51919e+2	4.50483e+14	9.19866e+2	2.76965e+14	1.28781e+3	1.78848e+14
1.83853e+2	8.86347e+14	5.51559e+2	4.50695e+14	9.19265e+2	2.77200e+14	1.28697e+3	1.79070e+14
1.83733e+2	8.86460e+14	5.51199e+2	4.50906e+14	9.18665e+2	2.77435e+14	1.28613e+3	1.79292e+14
1.83613e+2	8.86572e+14	5.50839e+2	4.51116e+14	9.18066e+2	2.77670e+14	1.28529e+3	1.79513e+14
1.83493e+2	8.86286e+14	5.50480e+2	4.51327e+14	9.17467e+2	2.77904e+14	1.28445e+3	1.79735e+14
1.83374e+2	8.86398e+14	5.50121e+2	4.51538e+14	9.16868e+2	2.78138e+14	1.28362e+3	1.79957e+14
1.83254e+2	8.86509e+14	5.49762e+2	4.51748e+14	9.16270e+2	2.78372e+14	1.28278e+3	1.80179e+14
1.83135e+2	8.86621e+14	5.49404e+2	4.51958e+14	9.15673e+2	2.78606e+14	1.28194e+3	1.80400e+14
1.83015e+2	8.86733e+14	5.49045e+2	4.52168e+14	9.15076e+2	2.78840e+14	1.28111e+3	1.80622e+14
1.82896e+2	8.86845e+14	5.48687e+2	4.52378e+14	9.14479e+2	2.79073e+14	1.28027e+3	1.80843e+14
1.82777e+2	8.86956e+14	5.48330e+2	4.52588e+14	9.13883e+2	2.79307e+14	1.27944e+3	1.81065e+14
1.82657e+2	8.87067e+14	5.47972e+2	4.52797e+14	9.13287e+2	2.79540e+14	1.27860e+3	1.81286e+14
1.82538e+2	8.87177e+14	5.47615e+2	4.53006e+14	9.12692e+2	2.79773e+14	1.27777e+3	1.81507e+14
1.82420e+2	8.87288e+14	5.47259e+2	4.53215e+14	9.12098e+2	2.80006e+14	1.27694e+3	1.81728e+14
1.82301e+2	8.87797e+14	5.46902e+2	4.53423e+14	9.11504e+2	2.80238e+14	1.27611e+3	1.81950e+14
1.82182e+2	8.87907e+14	5.46546e+2	4.53631e+14	9.10910e+2	2.80471e+14	1.27527e+3	1.82171e+14
1.82063e+2	8.88018e+14	5.46190e+2	4.53839e+14	9.10317e+2	2.80703e+14	1.27444e+3	1.82392e+14
1.81945e+2	8.88128e+14	5.45835e+2	4.54047e+14	9.09725e+2	2.80936e+14	1.27361e+3	1.82613e+14
1.81827e+2	8.88238e+14	5.45480e+2	4.54255e+14	9.09133e+2	2.81168e+14	1.27279e+3	1.82833e+14
1.81708e+2	8.88347e+14	5.45125e+2	4.54462e+14	9.08541e+2	2.81399e+14	1.27196e+3	1.83054e+14
1.81590e+2	8.88457e+14	5.44770e+2	4.54669e+14	9.07950e+2	2.81631e+14	1.27113e+3	1.83275e+14
1.81472e+2	8.88566e+14	5.44416e+2	4.54876e+14	9.07359e+2	2.81863e+14	1.27030e+3	1.83496e+14
1.81354e+2	8.88675e+14	5.44062e+2	4.55083e+14	9.06769e+2	2.82094e+14	1.26948e+3	1.83716e+14
1.81236e+2	8.88784e+14	5.43708e+2	4.55289e+14	9.06180e+2	2.82325e+14	1.26865e+3	1.83937e+14
1.81118e+2	8.88892e+14	5.43354e+2	4.55495e+14	9.05591e+2	2.82556e+14	1.26783e+3	1.84157e+14
1.81000e+2	8.89001e+14	5.43001e+2	4.55701e+14	9.05002e+2	2.82787e+14	1.26700e+3	1.84378e+14
1.80883e+2	8.89109e+14	5.42648e+2	4.55907e+14	9.04414e+2	2.83018e+14	1.26618e+3	1.84598e+14
1.80765e+2	8.88813e+14	5.42296e+2	4.56113e+14	9.03826e+2	2.83248e+14	1.26536e+3	1.84818e+14
1.80648e+2	8.88921e+14	5.41943e+2	4.56318e+14	9.03239e+2	2.83479e+14	1.26453e+3	1.85038e+14
1.80530e+2	8.89029e+14	5.41591e+2	4.56523e+14	9.02652e+2	2.83709e+14	1.26371e+3	1.85258e+14
1.80413e+2	8.89137e+14	5.41240e+2	4.56728e+14	9.02066e+2	2.83939e+14	1.26289e+3	1.85478e+14
1.80296e+2	8.83324e+14	5.40888e+2	4.56932e+14	9.01480e+2	2.84169e+14	1.26207e+3	1.85698e+14
1.80179e+2	8.89352e+14	5.40537e+2	4.57137e+14	9.00895e+2	2.84399e+14	1.26125e+3	1.85918e+14
1.80062e+2	8.89460e+14	5.40186e+2	4.57341e+14	9.00311e+2	2.84628e+14	1.26043e+3	1.86138e+14
1.79945e+2	8.89567e+14	5.39836e+2	4.57545e+14	8.99726e+2	2.84857e+14	1.25962e+3	1.86358e+14
1.79829e+2	8.89674e+14	5.39486e+2	4.57748e+14	8.99143e+2	2.85087e+14	1.25880e+3	1.86577e+14
1.79712e+2	8.90186e+14	5.39136e+2	4.57952e+14	8.98559e+2	2.85316e+14	1.25798e+3	1.86797e+14
1.79595e+2	8.90292e+14	5.38786e+2	4.58155e+14	8.97977e+2	2.85544e+14	1.25717e+3	1.87016e+14
1.79479e+2	8.90399e+14	5.38437e+2	4.58358e+14	8.97394e+2	2.85773e+14	1.25635e+3	1.87236e+14
1.79363e+2	8.90505e+14	5.38088e+2	4.58560e+14	8.96813e+2	2.86002e+14	1.25554e+3	1.87455e+14
1.79246e+2	8.90611e+14	5.37739e+2	4.58763e+14	8.96231e+2	2.86230e+14	1.25472e+3	1.87674e+14
1.79130e+2	8.90717e+14	5.37390e+2	4.58965e+14	8.95650e+2	2.86458e+14	1.25391e+3	1.87893e+14
1.79014e+2	8.90823e+14	5.37042e+2	4.59167e+14	8.95070e+2	2.86686e+14	1.25310e+3	1.88113e+14
1.78898e+2	8.90928e+14	5.36694e+2	4.59369e+14	8.94490e+2	2.86914e+14	1.25229e+3	1.88332e+14
1.78782e+2	8.91034e+14	5.36346e+2	4.59551e+14	8.93911e+2	2.87142e+14	1.25148e+3	1.88551e+14
1.78666e+2	8.91140e+14	5.35999e+2	4.59752e+14	8.93332e+2	2.87369e+14	1.25066e+3	1.88769e+14
1.78551e+2	8.91245e+14	5.35652e+2	4.59973e+14	8.92754e+2	2.87596e+14	1.24985e+3	1.88988e+14
1.78435e+2	8.91350e+14	5.35305e+2	4.60174e+14	8.92176e+2	2.87824e+14	1.24905e+3	1.89207e+14
1.78320e+2	8.91455e+14	5.34959e+2	4.60374e+14	8.91598e+2	2.88051e+14	1.24824e+3	1.89426e+14
1.78204e+2	8.91145e+14	5.34613e+2	4.60575e+14	8.91021e+2	2.88277e+14	1.24743e+3	1.89644e+14
1.78089e+2	8.91251e+14	5.34267e+2	4.60775e+14	8.90445e+2	2.88504e+14	1.24662e+3	1.89863e+14
1.77974e+2	8.91356e+14	5.33921e+2	4.60975e+14	8.89869e+2	2.88730e+14	1.24582e+3	1.90081e+14
1.77859e+2	8.91460e+14	5.33576e+2	4.61175e+14	8.89293e+2	2.88957e+14	1.24501e+3	1.90299e+14
1.77744e+2	8.91564e+14	5.33231e+2	4.61363e+14	8.88718e+2	2.89183e+14	1.24421e+3	1.90518e+14
1.77629e+2	8.91668e+14	5.32886e+2	4.61564e+14	8.88144e+2	2.89409e+14	1.24340e+3	1.90736e+14
1.77514e+2	8.91772e+14	5.32542e+2	4.61765e+14	8.87569e+2	2.89635e+14	1.24260e+3	1.90954e+14
1.77399e+2	8.91876e+14	5.32198e+2	4.61966e+14	8.86996e+2	2.89860e+14	1.24179e+3	1.91172e+14
1.77285e+2	8.91978e+14	5.31854e+2	4.62166e+14	8.86423e+2	2.90086e+14	1.24099e+3	1.91390e+14
1.77170e+2	8.92082e+14	5.31510e+2	4.62368e+14	8.85850e+2	2.90311e+14	1.24019e+3	1.91608e+14
1.77056e+2	8.92597e+14	5.31167e+2	4.62566e+14	8.85278e+2	2.90536e+14	1.23939e+3	1.91826e+14
1.76941e+2	8.92700e+14	5.30824e+2	4.62764e+14	8.84706e+2	2.90761e+14	1.23859e+3	1.92043e+14
1.76827e+2	8.92803e+14	5.30481e+2	4.62961e+14	8.84135e+2	2.90986e+14	1.23779e+3	1.92261e+14
1.76713e+2	8.92906e+14	5.30139e+2	4.63159e+14	8.83564e+2	2.91210e+14	1.23699e+3	1.92478e+14
1.76599e+2	8.93009e+14	5.29796e+2	4.63356e+14	8.82994e+2	2.91435e+14	1.23619e+3	1.92696e+14
1.76485e+2	8.93111e+14	5.29454e+2	4.63553e+14	8.82424e+2	2.91659e+14	1.23539e+3	1.92913e+14
1.76371e+2	8.93213e+14	5.29113e+2	4.63750e+14	8.81855e+2	2.91883e+14	1.23460e+3	1.93130e+14
1.76257e+2	8.93319e+14	5.28772e+2	4.63947e+14	8.81286e+2	2.92107e+14	1.23380e+3	1.93348e+14
1.76144e+2	8.93417e+14	5.28431e+2	4.64143e+14	8.80718e+2	2.92331e+14	1.23300e+3	1.93565e+14
1.76030e+2	8.93519e+14	5.28090e+2	4.64346e+14	8.80150e+2	2.92554e+14	1.23221e+3	1.93782e+14
1.75916e+2	8.93620e+14	5.27749e+2	4.64541e+14	8.79582e+2	2.92778e+14	1.23142e+3	1.93999e+14
1.75803e+2	8.93721e+14	5.27409e+2	4.64736e+14	8.79015e+2	2.93001e+14	1.23062e+3	1.94216e+14
1.75690e+2	8.93822e+14	5.27069e+2	4.64926e+14	8.78449e+2	2.93224e+14	1.22983e+3	1.94432e+14
1.75577e+2	8.93923e+14	5.26730e+2	4.65121e+14	8.77883e+2	2.93447e+14	1.22904e+3	1.94649e+14
1.75463e+2	8.93227e+14	5.26390e+2	4.65316e+14	8.77317e+2	2.93669e+14	1.22824e+3	1.94866e+14
1.75350e+2	8.93705e+14	5.26051e+2	4.65511e+14	8.76752e+2	2.93892e+14	1.22745e+3	1.95082e+14
1.75237e+2	8.93806e+14	5.25712e+2	4.65705e+14	8.76187e+2	2.94114e+14	1.22666e+3	1.95299e+14
1.75125e+2	8.93906e+14	5.25374e+2	4.65900e+14	8.75623e+2	2.94336e+14	1.22587e+3	1.95515e+14
1.75012e+2	8.94007e+14	5.25036e+2	4.66094e+14	8.75060e+2	2.94558e+14	1.22508e+3	1.95731e+14
1.74899e+2	8.94107e+14	5.24698e+2	4.66288e+14	8.74496e+2	2.94780e+14	1.22430e+3	1.95947e+14
1.74787e+2	8.94207e+14	5.24360e+2	4.66481e+14	8.73934e+2	2.95002e+14	1.22351e+3	1.96163e+14
1.74674e+2	8.94307e+14	5.24023e+2	4.66675e+14	8.73371e+2	2.95223e+14	1.22272e+3	1.96379e+14
1.74562e+2	8.94406e+14	5.23686e+2	4.66868e+14	8.72810e+2	2.95445e+14	1.22193e+3	1.96595e+14
1.74450e+2	8.94926e+14	5.23349e+2	4.67061e+14	8.72248e+2	2.95666e+14	1.22115e+3	1.96811e+14
1.74338e+2	8.95025e+14	5.23013e+2	4.67254e+14	8.71688e+2	2.95887e+14	1.22036e+3	1.97027e+14
1.74225e+2	8.95124e+14	5.22676e+2	4.67446e+14	8.71127e+2	2.96108e+14	1.21958e+3	1.97243e+14
1.74113e+2	8.95223e+14	5.22340e+2	4.67638e+14	8.70567e+2	2.96328e+14	1.21879e+3	1.97458e+14
1.74002e+2	8.95322e+14	5.22005e+2	4.67831e+14	8.70008e+2	2.96549e+14	1.21801e+3	1.97674e+14
1.73890e+2	8.95420e+14	5.21669e+2	4.68022e+14	8.69449e+2	2.96769e+14	1.21723e+3	1.97889e+14
1.73778e+2	8.95519e+14	5.21334e+2	4.68214e+14	8.68890e+2	2.96989e+14	1.21645e+3	1.98104e+14
1.73666e+2	8.95617e+14	5.20999e+2	4.68405e+14	8.68332e+2	2.97209e+14	1.21566e+3	1.98319e+14
1.73555e+2	8.95715e+14	5.20665e+2	4.68597e+14	8.67775e+2	2.97429e+14	1.21488e+3	1.98535e+14
1.73443e+2	8.95813e+14	5.20330e+2	4.68788e+14	8.67217e+2	2.97648e+14	1.21410e+3	1.98750e+14
1.73332e+2	8.95911e+14	5.19996e+2	4.68978e+14	8.66661e+2	2.97868e+14	1.21332e+3	1.98965e+14
1.73221e+2	8.96009e+14	5.19663e+2	4.69169e+14	8.66104e+2	2.98087e+14	1.21255e+3	1.99179e+14
1.73110e+2	8.96107e+14	5.19329e+2	4.69359e+14	8.65549e+2	2.98306e+14	1.21177e+3	1.99394e+14
1.72999e+2	8.96205e+14	5.18996e+2	4.69549e+14	8.64993e+2	2.98525e+14	1.21099e+3	1.99609e+14
1.72888e+2	8.96303e+14	5.18663e+2	4.69739e+14	8.64439e+2	2.98744e+14	1.21021e+3	1.99823e+14
1.72777e+2	8.95972e+14	5.18331e+2	4.69929e+14	8.63884e+2	2.98962e+14	1.20944e+3	2.00038e+14
1.72666e+2	8.96069e+14	5.17998e+2	4.70118e+14	8.63330e+2	2.99181e+14	1.20866e+3	2.00252e+14
1.72555e+2	8.96166e+14	5.17666e+2	4.70307e+14	8.62777e+2	2.99399e+14	1.20789e+3	2.00467e+14
1.72445e+2	8.96263e+14	5.17334e+2	4.70496e+14	8.62224e+2	2.99617e+14	1.20711e+3	2.00681e+14
1.72334e+2	8.96360e+14	5.17003e+2	4.70685e+14	8.61671e+2	2.99835e+14	1.20634e+3	2.00895e+14
1.72224e+2	8.96456e+14	5.16672e+2	4.70874e+14	8.61119e+2	3.00053e+14	1.20557e+3	2.01109e+14
1.72114e+2	8.96553e+14	5.16341e+2	4.71062e+14	8.60568e+2	3.00270e+14	1.20479e+3	2.01323e+14
1.72003e+2	8.96649e+14	5.16010e+2	4.71250e+14	8.60017e+2	3.00487e+14	1.20402e+3	2.01537e+14
1.71893e+2	8.96745e+14	5.15679e+2	4.71433e+14	8.59466e+2	3.00705e+14	1.20325e+3	2.01751e+14
1.71783e+2	8.97267e+14	5.15349e+2	4.71625e+14	8.58916e+2	3.00922e+14	1.20248e+3	2.01964e+14
1.71673e+2	8.97360e+14	5.15019e+2	4.71813e+14	8.58366e+2	3.01138e+14	1.20171e+3	2.02178e+14
1.71563e+2	8.97459e+14	5.14690e+2	4.72000e+14	8.57816e+2	3.01355e+14	1.20094e+3	2.02391e+14
1.71454e+2	8.97554e+14	5.14361e+2	4.72187e+14	8.57268e+2	3.01572e+14	1.20017e+3	2.02605e+14
1.71344e+2	8.97650e+14	5.14032e+2	4.72374e+14	8.56719e+2	3.01788e+14	1.19941e+3	2.02818e+14
1.71234e+2	8.97745e+14	5.13703e+2	4.72561e+14	8.56171e+2	3.02004e+14	1.19864e+3	2.03031e+14
1.71125e+2	8.97841e+14	5.13374e+2	4.72747e+14	8.55624e+2	3.02220e+14	1.19787e+3	2.03244e+14
1.71015e+2	8.97936e+14	5.13046e+2	4.72933e+14	8.55077e+2	3.02436e+14	1.19711e+3	2.03457e+14
1.70906e+2	8.98030e+14	5.12718e+2	4.73119e+14	8.54530e+2	3.02652e+14	1.19634e+3	2.03670e+14
1.70797e+2	8.98125e+14	5.12390e+2	4.73305e+14	8.53984e+2	3.02867e+14	1.19558e+3	2.03883e+14
1.70688e+2	8.98219e+14	5.12063e+2	4.73490e+14	8.53438e+2	3.03082e+14	1.19481e+3	2.04096e+14
1.70579e+2	8.98314e+14	5.11736e+2	4.73676e+14	8.52893e+2	3.03297e+14	1.19405e+3	2.04308e+14
1.70470e+2	8.98408e+14	5.11409e+2	4.73861e+14	8.52348e+2	3.03512e+14	1.19329e+3	2.04521e+14
1.70361e+2	8.98498e+14	5.11082e+2	4.74046e+14	8.51804e+2	3.03727e+14	1.19253e+3	2.04733e+14
1.70252e+2	8.98595e+14	5.10756e+2	4.74230e+14	8.51260e+2	3.03941e+14	1.19176e+3	2.04946e+14
1.70143e+2	8.98253e+14	5.10430e+2	4.74415e+14	8.50717e+2	3.04156e+14	1.19100e+3	2.05158e+14
1.70035e+2	8.98347e+14	5.10104e+2	4.74599e+14	8.50174e+2	3.04370e+14	1.19024e+3	2.05370e+14
1.69926e+2	8.98440e+14	5.09779e+2	4.74783e+14	8.49631e+2	3.04584e+14	1.18948e+3	2.05582e+14
1.69818e+2	8.98534e+14	5.09453e+2	4.74967e+14	8.49089e+2	3.04798e+14	1.18872e+3	2.05794e+14
1.69709e+2	8.98626e+14	5.09128e+2	4.75150e+14	8.48547e+2	3.05011e+14	1.18797e+3	2.06006e+14
1.69601e+2	8.98719e+14	5.08804e+2	4.75334e+14	8.48006e+2	3.05225e+14	1.18721e+3	2.06217e+14
1.69493e+2	8.98812e+14	5.08479e+2	4.75517e+14	8.47466e+2	3.05438e+14	1.18645e+3	2.06429e+14
1.69385e+2	8.98904e+14	5.08155e+2	4.75700e+14	8.46925e+2	3.05651e+14	1.18570e+3	2.06641e+14
1.69277e+2	8.98997e+14	5.07831e+2	4.75883e+14	8.46385e+2	3.05864e+14	1.18494e+3	2.06852e+14
1.69169e+2	8.99526e+14	5.07508e+2	4.76065e+14	8.45846e+2	3.06077e+14	1.18418e+3	2.07063e+14
1.69061e+2	8.99619e+14	5.07184e+2	4.76247e+14	8.45307e+2	3.06290e+14	1.18343e+3	2.07275e+14
1.68954e+2	8.99711e+14	5.06861e+2	4.76429e+14	8.44769e+2	3.06502e+14	1.18268e+3	2.07486e+14
1.68846e+2	8.99803e+14	5.06538e+2	4.76611e+14	8.44231e+2	3.06715e+14	1.18192e+3	2.07697e+14
1.68739e+2	8.99894e+14	5.06216e+2	4.76793e+14	8.43693e+2	3.06927e+14	1.18117e+3	2.07908e+14
1.68631e+2	8.99986e+14	5.05894e+2	4.76974e+14	8.43156e+2	3.07139e+14	1.18042e+3	2.08119e+14
1.68524e+2	9.00077e+14	5.05572e+2	4.77155e+14	8.42619e+2	3.07351e+14	1.17967e+3	2.08330e+14
1.68417e+2	9.00168e+14	5.05250e+2	4.77336e+14	8.42083e+2	3.07562e+14	1.17892e+3	2.08540e+14
1.68309e+2	9.00260e+14	5.04928e+2	4.77517e+14	8.41547e+2	3.07774e+14	1.17817e+3	2.08751e+14
1.68202e+2	9.00351e+14	5.04607e+2	4.77698e+14	8.41012e+2	3.07985e+14	1.17742e+3	2.08961e+14
1.68095e+2	9.00442e+14	5.04286e+2	4.77878e+14	8.40477e+2	3.08196e+14	1.17667e+3	2.09172e+14
1.67988e+2	9.00532e+14	5.03965e+2	4.78058e+14	8.39942e+2	3.08407e+14	1.17592e+3	2.09382e+14
1.67882e+2	9.00623e+14	5.03645e+2	4.78238e+14	8.39408e+2	3.08618e+14	1.17517e+3	2.09592e+14
1.67775e+2	9.00711e+14	5.03325e+2	4.78418e+14	8.38875e+2	3.08829e+14	1.17442e+3	2.09802e+14
1.67668e+2	9.00805e+14	5.03005e+2	4.78598e+14	8.38342e+2	3.09039e+14	1.17368e+3	2.10012e+14
1.67562e+2	9.00895e+14	5.02685e+2	4.78778e+14	8.37809e+2	3.09249e+14	1.17293e+3	2.10222e+14
1.67455e+2	9.00542e+14	5.02366e+2	4.78957e+14	8.37277e+2	3.09459e+14	1.17219e+3	2.10432e+14
1.67349e+2	9.00632e+14	5.02047e+2	4.79135e+14	8.36745e+2	3.09669e+14	1.17144e+3	2.10641e+14
1.67243e+2	9.00722e+14	5.01728e+2	4.79314e+14	8.36213e+2	3.09879e+14	1.17070e+3	2.10851e+14
1.67136e+2	9.00812e+14	5.01409e+2	4.79492e+14	8.35682e+2	3.10088e+14	1.16996e+3	2.11060e+14
1.67030e+2	9.00902e+14	5.01091e+2	4.79671e+14	8.35152e+2	3.10298e+14	1.16921e+3	2.11270e+14
1.66924e+2	9.00990e+14	5.00773e+2	4.79849e+14	8.34622e+2	3.10507e+14	1.16847e+3	2.11479e+14
1.66818e+2	9.01080e+14	5.00455e+2	4.80026e+14	8.34092e+2	3.10716e+14	1.16773e+3	2.11688e+14
1.66713e+2	9.01172e+14	5.00138e+2	4.80204e+14	8.33563e+2	3.10925e+14	1.16699e+3	2.11897e+14
1.66607e+2	9.01258e+14	4.99821e+2	4.80382e+14	8.33034e+2	3.11133e+14	1.16625e+3	2.12106e+14
1.66501e+2	9.01791e+14	4.99504e+2	4.80559e+14	8.32506e+2	3.11342e+14	1.16551e+3	2.12315e+14
1.66396e+2	9.01879e+14	4.99187e+2	4.80736e+14	8.31978e+2	3.11550e+14	1.16477e+3	2.12523e+14
1.66290e+2	9.01967e+14	4.98870e+2	4.80913e+14	8.31451e+2	3.11758e+14	1.16403e+3	2.12732e+14
1.66185e+2	9.02056e+14	4.98554e+2	4.81089e+14	8.30924e+2	3.11966e+14	1.16329e+3	2.12941e+14
1.66079e+2	9.02145e+14	4.98238e+2	4.81266e+14	8.30397e+2	3.12174e+14	1.16256e+3	2.13149e+14
1.65974e+2	9.02233e+14	4.97923e+2	4.81442e+14	8.29871e+2	3.12382e+14	1.16182e+3	2.13357e+14
1.65869e+2	9.02321e+14	4.97607e+2	4.81618e+14	8.29345e+2	3.12589e+14	1.16108e+3	2.13565e+14
1.65764e+2	9.02410e+14	4.97292e+2	4.81794e+14	8.28820e+2	3.12796e+14	1.16035e+3	2.13774e+14
1.65659e+2	9.02498e+14	4.96977e+2	4.81969e+14	8.28295e+2	3.13004e+14	1.15961e+3	2.13982e+14
1.65554e+2	9.02586e+14	4.96663e+2	4.82145e+14	8.27771e+2	3.13210e+14	1.15888e+3	2.14189e+14
1.65449e+2	9.02673e+14	4.96348e+2	4.82320e+14	8.27247e+2	3.13417e+14	1.15815e+3	2.14397e+14
1.65345e+2	9.02761e+14	4.96034e+2	4.82495e+14	8.26723e+2	3.13624e+14	1.15741e+3	2.14605e+14
1.65240e+2	9.02848e+14	4.95720e+2	4.82669e+14	8.26200e+2	3.13830e+14	1.15668e+3	2.14812e+14
1.65136e+2	9.02935e+14	4.95407e+2	4.82844e+14	8.25678e+2	3.14036e+14	1.15595e+3	2.15020e+14
1.65031e+2	9.03022e+14	4.95093e+2	4.83018e+14	8.25156e+2	3.14242e+14	1.15522e+3	2.15227e+14
1.64927e+2	9.03109e+14	4.94780e+2	4.83192e+14	8.24634e+2	3.14448e+14	1.15449e+3	2.15435e+14
1.64822e+2	9.02744e+14	4.94467e+2	4.83366e+14	8.24112e+2	3.14654e+14	1.15376e+3	2.15642e+14
1.64718e+2	9.02831e+14	4.94155e+2	4.83540e+14	8.23591e+2	3.14860e+14	1.15303e+3	2.15849e+14
1.64614e+2	9.02917e+14	4.93843e+2	4.83714e+14	8.23071e+2	3.15065e+14	1.15230e+3	2.16056e+14
1.64510e+2	9.03004e+14	4.93531e+2	4.83887e+14	8.22551e+2	3.15270e+14	1.15157e+3	2.16263e+14
1.64406e+2	9.03090e+14	4.93219e+2	4.84060e+14	8.22031e+2	3.15475e+14	1.15084e+3	2.16469e+14
1.64302e+2	9.03176e+14	4.92907e+2	4.84233e+14	8.21512e+2	3.15680e+14	1.15012e+3	2.16676e+14
1.64199e+2	9.03263e+14	4.92596e+2	4.84406e+14	8.20993e+2	3.15884e+14	1.14939e+3	2.16882e+14
1.64095e+2	9.03349e+14	4.92285e+2	4.84579e+14	8.20475e+2	3.16089e+14	1.14866e+3	2.17089e+14
1.63991e+2	9.03434e+14	4.91974e+2	4.84751e+14	8.19957e+2	3.16293e+14	1.14794e+3	2.17295e+14
1.63888e+2	9.03971e+14	4.91664e+2	4.84923e+14	8.19440e+2	3.16497e+14	1.14722e+3	2.17501e+14
1.63785e+2	9.04057e+14	4.91354e+2	4.85095e+14	8.18923e+2	3.16701e+14	1.14649e+3	2.17707e+14
1.63681e+2	9.04142e+14	4.91044e+2	4.85267e+14	8.18406e+2	3.16905e+14	1.14577e+3	2.17913e+14
1.63578e+2	9.04228e+14	4.90734e+2	4.85438e+14	8.17890e+2	3.17109e+14	1.14505e+3	2.18119e+14
1.63475e+2	9.04313e+14	4.90424e+2	4.85610e+14	8.17374e+2	3.17312e+14	1.14432e+3	2.18325e+14
1.63372e+2	9.04398e+14	4.90115e+2	4.85781e+14	8.16859e+2	3.17515e+14	1.14360e+3	2.18530e+14
1.63269e+2	9.04483e+14	4.89806e+2	4.85952e+14	8.16344e+2	3.17718e+14	1.14288e+3	2.18736e+14
1.63166e+2	9.04567e+14	4.89497e+2	4.86122e+14	8.15829e+2	3.17921e+14	1.14216e+3	2.18941e+14
1.63063e+2	9.04652e+14	4.89189e+2	4.86293e+14	8.15315e+2	3.18124e+14	1.14144e+3	2.19147e+14
1.62960e+2	9.04736e+14	4.88881e+2	4.86463e+14	8.14801e+2	3.18327e+14	1.14072e+3	2.19352e+14
1.62858e+2	9.04820e+14	4.88573e+2	4.86633e+14	8.14288e+2	3.18529e+14	1.14000e+3	2.19557e+14
1.62755e+2	9.04904e+14	4.88265e+2	4.86803e+14	8.13775e+2	3.18731e+14	1.13929e+3	2.19762e+14
1.62653e+2	9.04988e+14	4.87958e+2	4.86972e+14	8.13263e+2	3.18934e+14	1.13857e+3	2.19967e+14
1.62550e+2	9.05072e+14	4.87651e+2	4.87141e+14	8.12751e+2	3.19135e+14	1.13785e+3	2.20172e+14
1.62448e+2	9.05155e+14	4.87344e+2	4.87311e+14	8.12240e+2	3.19337e+14	1.13714e+3	2.20376e+14
1.62346e+2	9.05239e+14	4.87037e+2	4.87480e+14	8.11728e+2	3.19539e+14	1.13642e+3	2.20581e+14
1.62244e+2	9.05326e+14	4.86731e+2	4.87649e+14	8.11218e+2	3.19740e+14	1.13570e+3	2.20785e+14
1.62141e+2	9.04946e+14	4.86424e+2	4.87817e+14	8.10707e+2	3.19941e+14	1.13499e+3	2.20990e+14
1.62040e+2	9.05030e+14	4.86119e+2	4.87986e+14	8.10198e+2	3.20142e+14	1.13428e+3	2.21194e+14
1.61938e+2	9.05113e+14	4.85813e+2	4.88154e+14	8.09688e+2	3.20343e+14	1.13356e+3	2.21398e+14
1.61836e+2	9.05196e+14	4.85508e+2	4.88322e+14	8.09179e+2	3.20544e+14	1.13285e+3	2.21602e+14
1.61734e+2	9.05279e+14	4.85202e+2	4.88490e+14	8.08671e+2	3.20744e+14	1.13214e+3	2.21806e+14
1.61632e+2	9.05362e+14	4.84897e+2	4.88658e+14	8.08162e+2	3.20944e+14	1.13143e+3	2.22009e+14
1.61531e+2	9.05445e+14	4.84593e+2	4.88825e+14	8.07655e+2	3.21144e+14	1.13072e+3	2.22213e+14
1.61429e+2	9.05528e+14	4.84288e+2	4.88992e+14	8.07147e+2	3.21344e+14	1.13001e+3	2.22417e+14
1.61328e+2	9.06070e+14	4.83984e+2	4.89160e+14	8.06641e+2	3.21544e+14	1.12930e+3	2.22620e+14
1.61227e+2	9.06155e+14	4.83680e+2	4.89326e+14	8.06134e+2	3.21744e+14	1.12859e+3	2.22823e+14
1.61126e+2	9.06234e+14	4.83377e+2	4.89493e+14	8.05628e+2	3.21943e+14	1.12788e+3	2.23027e+14
1.61024e+2	9.06316e+14	4.83073e+2	4.89660e+14	8.05122e+2	3.22142e+14	1.12717e+3	2.23230e+14
1.60923e+2	9.06398e+14	4.82770e+2	4.89826e+14	8.04617e+2	3.22341e+14	1.12646e+3	2.23433e+14
1.60822e+2	9.06479e+14	4.82467e+2	4.89992e+14	8.04112e+2	3.22540e+14	1.12576e+3	2.23636e+14
1.60722e+2	9.06561e+14	4.82165e+2	4.90158e+14	8.03608e+2	3.22739e+14	1.12505e+3	2.23838e+14
1.60621e+2	9.06642e+14	4.81862e+2	4.90324e+14	8.03104e+2	3.22938e+14	1.12435e+3	2.24041e+14
1.60520e+2	9.06724e+14	4.81560e+2	4.90489e+14	8.02600e+2	3.23136e+14	1.12364e+3	2.24243e+14
1.60419e+2	9.06805e+14	4.81258e+2	4.90654e+14	8.02097e+2	3.23334e+14	1.12294e+3	2.24446e+14
1.60319e+2	9.06887e+14	4.80957e+2	4.90819e+14	8.01594e+2	3.23532e+14	1.12223e+3	2.24648e+14
1.60218e+2	9.06968e+14	4.80655e+2	4.90984e+14	8.01092e+2	3.23730e+14	1.12153e+3	2.24850e+14
1.60118e+2	9.07049e+14	4.80354e+2	4.91149e+14	8.00590e+2	3.23928e+14	1.12083e+3	2.25052e+14
1.60018e+2	9.07130e+14	4.80053e+2	4.91314e+14	8.00089e+2	3.24126e+14	1.12012e+3	2.25254e+14
1.59918e+2	9.07211e+14	4.79753e+2	4.91478e+14	7.99588e+2	3.24323e+14	1.11942e+3	2.25456e+14
1.59817e+2	9.07292e+14	4.79452e+2	4.91642e+14	7.99087e+2	3.24520e+14	1.11872e+3	2.25658e+14
1.59717e+2	9.07372e+14	4.79152e+2	4.91806e+14	7.98587e+2	3.24717e+14	1.11802e+3	2.25860e+14
1.59617e+2	9.07453e+14	4.78852e+2	4.91970e+14	7.98087e+2	3.24914e+14	1.11732e+3	2.26061e+14
1.59518e+2	9.07533e+14	4.78553e+2	4.92133e+14	7.97588e+2	3.25111e+14	1.11662e+3	2.26262e+14
1.59418e+2	9.07143e+14	4.78253e+2	4.92297e+14	7.97089e+2	3.25307e+14	1.11592e+3	2.26464e+14
1.59318e+2	9.07223e+14	4.77954e+2	4.92460e+14	7.96590e+2	3.25504e+14	1.11523e+3	2.26665e+14
1.59218e+2	9.07303e+14	4.77655e+2	4.92623e+14	7.96092e+2	3.25700e+14	1.11453e+3	2.26866e+14
1.59119e+2	9.07383e+14	4.77356e+2	4.92786e+14	7.95594e+2	3.25896e+14	1.11383e+3	2.27067e+14
1.59019e+2	9.07463e+14	4.77058e+2	4.92948e+14	7.95097e+2	3.26092e+14	1.11314e+3	2.27268e+14
1.58920e+2	9.07542e+14	4.76760e+2	4.93110e+14	7.94600e+2	3.26287e+14	1.11244e+3	2.27468e+14
1.58821e+2	9.07622e+14	4.76462e+2	4.93256e+14	7.94103e+2	3.26483e+14	1.11174e+3	2.27669e+14
1.58721e+2	9.07701e+14	4.76164e+2	4.93435e+14	7.93607e+2	3.26678e+14	1.11105e+3	2.27869e+14
1.58622e+2	9.08248e+14	4.75867e+2	4.93596e+14	7.93111e+2	3.26873e+14	1.11036e+3	2.28070e+14
1.58523e+2	9.08327e+14	4.75570e+2	4.93758e+14	7.92616e+2	3.27068e+14	1.10966e+3	2.28270e+14
1.58424e+2	9.08406e+14	4.75273e+2	4.93920e+14	7.92121e+2	3.27263e+14	1.10897e+3	2.28470e+14
1.58325e+2	9.08485e+14	4.74976e+2	4.94081e+14	7.91626e+2	3.27457e+14	1.10828e+3	2.28670e+14
1.58226e+2	9.08564e+14	4.74679e+2	4.94242e+14	7.91132e+2	3.27652e+14	1.10759e+3	2.28870e+14
1.58128e+2	9.08643e+14	4.74383e+2	4.94403e+14	7.90639e+2	3.27846e+14	1.10689e+3	2.29070e+14
1.58029e+2	9.08721e+14	4.74087e+2	4.94563e+14	7.90145e+2	3.28040e+14	1.10620e+3	2.29269e+14
1.57930e+2	9.08800e+14	4.73791e+2	4.94724e+14	7.89652e+2	3.28234e+14	1.10551e+3	2.29469e+14
1.57832e+2	9.08878e+14	4.73496e+2	4.94884e+14	7.89160e+2	3.28428e+14	1.10482e+3	2.29668e+14
1.57734e+2	9.08956e+14	4.73201e+2	4.95044e+14	7.88668e+2	3.28621e+14	1.10414e+3	2.29868e+14
1.57635e+2	9.09034e+14	4.72906e+2	4.95204e+14	7.88176e+2	3.28815e+14	1.10345e+3	2.30067e+14
1.57537e+2	9.09111e+14	4.72611e+2	4.95364e+14	7.87685e+2	3.29008e+14	1.10276e+3	2.30266e+14
1.57439e+2	9.09189e+14	4.72316e+2	4.95523e+14	7.87194e+2	3.29201e+14	1.10207e+3	2.30465e+14
1.57341e+2	9.09264e+14	4.72022e+2	4.95682e+14	7.86704e+2	3.29394e+14	1.10139e+3	2.30664e+14
1.57243e+2	9.09343e+14	4.71728e+2	4.95841e+14	7.86214e+2	3.29587e+14	1.10070e+3	2.30862e+14
1.57145e+2	9.09420e+14	4.71434e+2	4.96000e+14	7.85724e+2	3.29779e+14	1.10001e+3	2.31061e+14
1.57047e+2	9.09497e+14	4.71141e+2	4.96159e+14	7.85235e+2	3.29971e+14	1.09933e+3	2.31259e+14
1.56949e+2	9.09575e+14	4.70848e+2	4.96317e+14	7.84746e+2	3.30164e+14	1.09864e+3	2.31458e+14
1.56851e+2	9.09652e+14	4.70554e+2	4.96475e+14	7.84257e+2	3.30356e+14	1.09796e+3	2.31656e+14
1.56754e+2	9.09251e+14	4.70262e+2	4.96634e+14	7.83769e+2	3.30547e+14	1.09728e+3	2.31854e+14
1.56656e+2	9.09328e+14	4.69969e+2	4.96792e+14	7.83282e+2	3.30739e+14	1.09659e+3	2.32052e+14
1.56559e+2	9.09405e+14	4.69677e+2	4.96950e+14	7.82795e+2	3.30931e+14	1.09591e+3	2.32250e+14
1.56462e+2	9.09478e+14	4.69385e+2	4.97107e+14	7.82308e+2	3.31122e+14	1.09523e+3	2.32448e+14
1.56364e+2	9.09558e+14	4.69093e+2	4.97264e+14	7.81821e+2	3.31313e+14	1.09455e+3	2.32645e+14
1.56267e+2	9.09634e+14	4.68801e+2	4.97422e+14	7.81335e+2	3.31504e+14	1.09387e+3	2.32843e+14
1.56170e+2	9.09711e+14	4.68510e+2	4.97579e+14	7.80850e+2	3.31695e+14	1.09319e+3	2.33040e+14
1.56073e+2	9.10265e+14	4.68219e+2	4.97736e+14	7.80364e+2	3.31885e+14	1.09251e+3	2.33238e+14
1.55976e+2	9.10341e+14	4.67928e+2	4.97893e+14	7.79880e+2	3.32076e+14	1.09183e+3	2.33435e+14
1.55879e+2	9.10416e+14	4.67637e+2	4.98049e+14	7.79395e+2	3.32266e+14	1.09115e+3	2.33632e+14
1.55782e+2	9.10492e+14	4.67347e+2	4.98206e+14	7.78911e+2	3.32456e+14	1.09048e+3	2.33829e+14
1.55685e+2	9.10857e+14	4.67056e+2	4.98362e+14	7.78427e+2	3.32646e+14	1.08980e+3	2.34026e+14
1.55589e+2	9.10933e+14	4.66766e+2	4.98518e+14	7.77944e+2	3.32836e+14	1.08912e+3	2.34222e+14
1.55492e+2	9.11008e+14	4.66477e+2	4.98674e+14	7.77461e+2	3.33026e+14	1.08845e+3	2.34419e+14
1.55396e+2	9.10793e+14	4.66187e+2	4.98829e+14	7.76979e+2	3.33215e+14	1.08777e+3	2.34615e+14
1.55299e+2	9.10868e+14	4.65898e+2	4.98985e+14	7.76497e+2	3.33405e+14	1.08710e+3	2.34812e+14
1.55203e+2	9.10943e+14	4.65609e+2	4.99140e+14	7.76015e+2	3.33594e+14	1.08642e+3	2.35008e+14
1.55107e+2	9.11018e+14	4.65320e+2	4.99295e+14	7.75534e+2	3.33783e+14	1.08575e+3	2.35204e+14
1.55011e+2	9.11092e+14	4.65032e+2	4.99449e+14	7.75053e+2	3.33971e+14	1.08507e+3	2.35400e+14
1.54915e+2	9.11167e+14	4.64744e+2	4.99604e+14	7.74573e+2	3.34160e+14	1.08440e+3	2.35596e+14
1.54818e+2	9.11242e+14	4.64455e+2	4.99759e+14	7.74092e+2	3.34348e+14	1.08373e+3	2.35792e+14
1.54723e+2	9.11317e+14	4.64168e+2	4.99913e+14	7.73613e+2	3.34537e+14	1.08306e+3	2.35987e+14
1.54627e+2	9.11391e+14	4.63880e+2	5.00067e+14	7.73133e+2	3.34725e+14	1.08239e+3	2.36183e+14
1.54531e+2	9.11466e+14	4.63593e+2	5.00221e+14	7.72655e+2	3.34913e+14	1.08172e+3	2.36378e+14
1.54435e+2	9.11540e+14	4.63306e+2	5.00374e+14	7.72176e+2	3.35100e+14	1.08105e+3	2.36573e+14
1.54340e+2	9.11615e+14	4.63019e+2	5.00528e+14	7.71698e+2	3.35288e+14	1.08038e+3	2.36768e+14
1.54244e+2	9.11689e+14	4.62732e+2	5.00681e+14	7.71220e+2	3.35475e+14	1.07971e+3	2.36963e+14
1.54149e+2	9.11274e+14	4.62446e+2	5.00834e+14	7.70743e+2	3.35663e+14	1.07904e+3	2.37158e+14
1.54053e+2	9.11348e+14	4.62160e+2	5.00987e+14	7.70266e+2	3.35850e+14	1.07837e+3	2.37353e+14
1.53958e+2	9.11421e+14	4.61874e+2	5.01140e+14	7.69789e+2	3.36037e+14	1.07771e+3	2.37548e+14
1.53863e+2	9.11495e+14	4.61588e+2	5.01293e+14	7.69313e+2	3.36223e+14	1.07704e+3	2.37742e+14
1.53767e+2	9.11569e+14	4.61302e+2	5.01445e+14	7.68837e+2	3.36410e+14	1.07637e+3	2.37937e+14
1.53672e+2	9.11642e+14	4.61017e+2	5.01597e+14	7.68362e+2	3.36596e+14	1.07571e+3	2.38131e+14
1.53577e+2	9.11715e+14	4.60732e+2	5.01750e+14	7.67887e+2	3.36782e+14	1.07504e+3	2.38325e+14
1.53483e+2	9.11788e+14	4.60448e+2	5.01901e+14	7.67413e+2	3.36968e+14	1.07438e+3	2.38519e+14
1.53388e+2	9.12347e+14	4.60163e+2	5.02053e+14	7.66938e+2	3.37154e+14	1.07371e+3	2.38713e+14
1.53293e+2	9.12420e+14	4.59879e+2	5.02205e+14	7.66464e+2	3.37340e+14	1.07305e+3	2.38907e+14
1.53198e+2	9.12493e+14	4.59595e+2	5.02356e+14	7.65991e+2	3.37525e+14	1.07239e+3	2.39101e+14
1.53104e+2	9.12565e+14	4.59311e+2	5.02507e+14	7.65518e+2	3.37710e+14	1.07173e+3	2.39294e+14
1.53009e+2	9.12638e+14	4.59027e+2	5.02658e+14	7.65045e+2	3.37896e+14	1.07106e+3	2.39488e+14
1.52915e+2	9.12711e+14	4.58744e+2	5.02808e+14	7.64573e+2	3.38081e+14	1.07040e+3	2.39681e+14
1.52820e+2	9.12783e+14	4.58461e+2	5.02959e+14	7.64101e+2	3.38266e+14	1.06974e+3	2.39874e+14
1.52726e+2	9.12856e+14	4.58178e+2	5.03110e+14	7.63630e+2	3.38450e+14	1.06908e+3	2.40067e+14
1.52632e+2	9.12928e+14	4.57895e+2	5.03260e+14	7.63159e+2	3.38635e+14	1.06842e+3	2.40260e+14
1.52538e+2	9.13000e+14	4.57613e+2	5.03410e+14	7.62688e+2	3.38819e+14	1.06776e+3	2.40453e+14
1.52444e+2	9.13072e+14	4.57331e+2	5.03560e+14	7.62218e+2	3.39003e+14	1.06710e+3	2.40646e+14
1.52350e+2	9.13144e+14	4.57049e+2	5.03710e+14	7.61748e+2	3.39187e+14	1.06645e+3	2.40838e+14
1.52256e+2	9.13215e+14	4.56767e+2	5.03859e+14	7.61278e+2	3.39371e+14	1.06579e+3	2.41031e+14
1.52162e+2	9.13287e+14	4.56485e+2	5.04009e+14	7.60809e+2	3.39555e+14	1.06513e+3	2.41223e+14
1.52068e+2	9.13655e+14	4.56204e+2	5.04158e+14	7.60340e+2	3.39738e+14	1.06448e+3	2.41415e+14
1.51974e+2	9.13726e+14	4.55923e+2	5.04314e+14	7.59872e+2	3.39922e+14	1.06382e+3	2.41607e+14
1.51881e+2	9.13798e+14	4.55642e+2	5.04461e+14	7.59404e+2	3.40105e+14	1.06317e+3	2.41799e+14
1.51787e+2	9.13869e+14	4.55362e+2	5.04609e+14	7.58936e+2	3.40288e+14	1.06251e+3	2.41991e+14
1.51694e+2	9.13641e+14	4.55081e+2	5.04756e+14	7.58469e+2	3.40470e+14	1.06186e+3	2.42183e+14
1.51600e+2	9.13712e+14	4.54801e+2	5.04903e+14	7.58002e+2	3.40653e+14	1.06120e+3	2.42374e+14
1.51507e+2	9.13783e+14	4.54521e+2	5.05050e+14	7.57535e+2	3.40836e+14	1.06055e+3	2.42566e+14
1.51414e+2	9.13357e+14	4.54242e+2	5.05196e+14	7.57069e+2	3.41018e+14	1.05990e+3	2.42757e+14
1.51321e+2	9.13428e+14	4.53962e+2	5.05342e+14	7.56604e+2	3.41200e+14	1.05924e+3	2.42948e+14
1.51228e+2	9.13498e+14	4.53683e+2	5.05488e+14	7.56138e+2	3.41382e+14	1.05859e+3	2.43139e+14
1.51135e+2	9.13569e+14	4.53404e+2	5.05634e+14	7.55673e+2	3.41564e+14	1.05794e+3	2.43330e+14
1.51042e+2	9.13639e+14	4.53125e+2	5.05780e+14	7.55209e+2	3.41745e+14	1.05729e+3	2.43521e+14
1.50949e+2	9.13710e+14	4.52847e+2	5.05926e+14	7.54744e+2	3.41927e+14	1.05664e+3	2.43712e+14
1.50856e+2	9.13780e+14	4.52568e+2	5.06072e+14	7.54281e+2	3.42108e+14	1.05599e+3	2.43902e+14
1.50763e+2	9.14347e+14	4.52290e+2	5.06218e+14	7.53817e+2	3.42289e+14	1.05534e+3	2.44093e+14
1.50671e+2	9.14417e+14	4.52012e+2	5.06364e+14	7.53354e+2	3.42470e+14	1.05470e+3	2.44283e+14
1.50578e+2	9.14486e+14	4.51735e+2	5.06520e+14	7.52891e+2	3.42651e+14	1.05405e+3	2.44473e+14
1.50486e+2	9.14556e+14	4.51457e+2	5.06666e+14	7.52429e+2	3.42832e+14	1.05340e+3	2.44664e+14
1.50393e+2	9.14625e+14	4.51180e+2	5.06812e+14	7.51967e+2	3.43012e+14	1.05275e+3	2.44854e+14
1.50301e+2	9.14995e+14	4.50903e+2	5.06958e+14	7.51505e+2	3.43192e+14	1.05211e+3	2.45043e+14
1.50209e+2	9.15065e+14	4.50627e+2	5.07103e+14	7.51044e+2	3.43373e+14	1.05146e+3	2.45233e+14
1.50117e+2	9.15134e+14	4.50350e+2	5.07249e+14	7.50583e+2	3.43553e+14	1.05082e+3	2.45423e+14
1.50025e+2	9.15204e+14	4.50074e+2	5.07394e+14	7.50123e+2	3.43732e+14	1.05017e+3	2.45612e+14
1.49933e+2	9.15269e+14	4.49798e+2	5.07539e+14	7.49663e+2	3.43912e+14	1.04953e+3	2.45802e+14
1.49841e+2	9.15342e+14	4.49522e+2	5.07685e+14	7.49203e+2	3.44091e+14	1.04888e+3	2.45991e+14
1.49749e+2	9.15107e+14	4.49246e+2	5.07829e+14	7.48744e+2	3.44271e+14	1.04824e+3	2.46180e+14
1.49657e+2	9.15176e+14	4.48971e+2	5.07974e+14	7.48285e+2	3.44450e+14	1.04760e+3	2.46369e+14
1.49565e+2	9.15245e+14	4.48696e+2	5.08118e+14	7.47827e+2	3.44629e+14	1.04696e+3	2.46558e+14
1.49474e+2	9.15313e+14	4.48421e+2	5.08262e+14	7.47368e+2	3.44808e+14	1.04632e+3	2.46746e+14
1.49382e+2	9.15382e+14	4.48146e+2	5.08406e+14	7.46911e+2	3.44986e+14	1.04567e+3	2.46935e+14
1.49291e+2	9.15454e+14	4.47872e+2	5.08550e+14	7.46453e+2	3.45165e+14	1.04503e+3	2.47123e+14
1.49199e+2	9.15519e+14	4.47598e+2	5.08694e+14	7.45996e+2	3.45343e+14	1.04439e+3	2.47312e+14
1.49108e+2	9.15587e+14	4.47324e+2	5.08837e+14	7.45539e+2	3.45521e+14	1.04376e+3	2.47500e+14
1.49017e+2	9.15655e+14	4.47050e+2	5.08981e+14	7.45083e+2	3.45699e+14	1.04312e+3	2.47688e+14
1.48925e+2	9.15723e+14	4.46776e+2	5.09124e+14	7.44627e+2	3.45877e+14	1.04248e+3	2.47876e+14
1.48834e+2	9.15791e+14	4.46503e+2	5.09267e+14	7.44172e+2	3.46054e+14	1.04184e+3	2.48064e+14
1.48743e+2	9.15351e+14	4.46230e+2	5.09410e+14	7.43716e+2	3.46232e+14	1.04120e+3	2.48252e+14
1.48652e+2	9.15418e+14	4.45957e+2	5.09552e+14	7.43262e+2	3.46409e+14	1.04057e+3	2.48439e+14
1.48561e+2	9.15486e+14	4.45684e+2	5.09695e+14	7.42807e+2	3.46586e+14	1.03993e+3	2.48627e+14
1.48471e+2	9.15554e+14	4.45412e+2	5.09837e+14	7.42353e+2	3.46763e+14	1.03929e+3	2.48814e+14
1.48380e+2	9.15621e+14	4.45140e+2	5.09979e+14	7.41899e+2	3.46940e+14	1.03866e+3	2.49001e+14
1.48289e+2	9.15688e+14	4.44868e+2	5.10121e+14	7.41446e+2	3.47117e+14	1.03802e+3	2.49188e+14
1.48199e+2	9.15756e+14	4.44596e+2	5.10263e+14	7.40993e+2	3.47293e+14	1.03739e+3	2.49375e+14
1.48108e+2	9.16635e+14	4.44324e+2	5.10405e+14	7.40540e+2	3.47469e+14	1.03676e+3	2.49562e+14
1.48018e+2	9.16702e+14	4.44053e+2	5.10546e+14	7.40088e+2	3.47645e+14	1.03612e+3	2.49749e+14
1.47927e+2	9.16462e+14	4.43782e+2	5.10687e+14	7.39636e+2	3.47821e+14	1.03549e+3	2.49935e+14
1.47837e+2	9.16528e+14	4.43511e+2	5.10828e+14	7.39185e+2	3.47997e+14	1.03486e+3	2.50122e+14
1.47747e+2	9.16595e+14	4.43240e+2	5.10969e+14	7.38734e+2	3.48173e+14	1.03423e+3	2.50308e+14
1.47657e+2	9.16661e+14	4.42970e+2	5.11110e+14	7.38283e+2	3.48348e+14	1.03360e+3	2.50494e+14
1.47566e+2	9.16728e+14	4.42699e+2	5.11251e+14	7.37832e+2	3.48524e+14	1.03297e+3	2.50681e+14
1.47476e+2	9.16794e+14	4.42429e+2	5.11391e+14	7.37382e+2	3.48699e+14	1.03234e+3	2.50866e+14
1.47387e+2	9.16861e+14	4.42160e+2	5.11531e+14	7.36933e+2	3.48874e+14	1.03171e+3	2.51052e+14
1.47297e+2	9.16927e+14	4.41890e+2	5.11672e+14	7.36483e+2	3.49048e+14	1.03108e+3	2.51238e+14
1.47207e+2	9.16993e+14	4.41621e+2	5.11811e+14	7.36035e+2	3.49223e+14	1.03045e+3	2.51424e+14
1.47117e+2	9.17059e+14	4.41352e+2	5.11951e+14	7.35586e+2	3.49397e+14	1.02982e+3	2.51609e+14
1.47028e+2	9.17125e+14	4.41083e+2	5.12091e+14	7.35138e+2	3.49572e+14	1.02919e+3	2.51794e+14
1.46938e+2	9.17191e+14	4.40814e+2	5.12231e+14	7.34690e+2	3.49746e+14	1.02857e+3	2.51979e+14
1.46848e+2	9.17257e+14	4.40545e+2	5.12370e+14	7.34242e+2	3.49920e+14	1.02794e+3	2.52165e+14
1.46759e+2	9.17323e+14	4.40277e+2	5.12509e+14	7.33795e+2	3.50094e+14	1.02731e+3	2.52349e+14
1.46670e+2	9.17696e+14	4.40009e+2	5.12648e+14	7.33349e+2	3.50267e+14	1.02669e+3	2.52534e+14
1.46580e+2	9.17762e+14	4.39741e+2	5.12787e+14	7.32902e+2	3.50441e+14	1.02606e+3	2.52719e+14
1.46491e+2	9.17829e+14	4.39474e+2	5.12926e+14	7.32456e+2	3.50614e+14	1.02544e+3	2.52904e+14
1.46402e+2	9.17892e+14	4.39206e+2	5.13064e+14	7.32011e+2	3.50787e+14	1.02481e+3	2.53088e+14
1.46313e+2	9.17958e+14	4.38939e+2	5.13202e+14	7.31565e+2	3.50960e+14	1.02419e+3	2.53272e+14
1.46224e+2	9.18023e+14	4.38672e+2	5.13340e+14	7.31120e+2	3.51133e+14	1.02357e+3	2.53456e+14
1.46135e+2	9.17259e+14	4.38405e+2	5.13478e+14	7.30676e+2	3.51306e+14	1.02295e+3	2.53640e+14
1.46046e+2	9.17324e+14	4.38139e+2	5.13616e+14	7.30232e+2	3.51478e+14	1.02232e+3	2.53824e+14
1.45958e+2	9.17389e+14	4.37873e+2	5.13753e+14	7.29788e+2	3.51651e+14	1.02170e+3	2.54008e+14
1.45869e+2	9.17453e+14	4.37607e+2	5.13891e+14	7.29344e+2	3.51823e+14	1.02108e+3	2.54192e+14
1.45780e+2	9.17518e+14	4.37341e+2	5.14028e+14	7.28901e+2	3.51995e+14	1.02046e+3	2.54375e+14
1.45692e+2	9.17583e+14	4.37075e+2	5.14165e+14	7.28458e+2	3.52166e+14	1.01984e+3	2.54559e+14
1.45603e+2	9.17647e+14	4.36810e+2	5.14301e+14	7.28016e+2	3.52338e+14	1.01922e+3	2.54742e+14
1.45515e+2	9.18227e+14	4.36544e+2	5.14438e+14	7.27574e+2	3.52510e+14	1.01860e+3	2.54925e+14
1.45426e+2	9.18292e+14	4.36279e+2	5.14575e+14	7.27132e+2	3.52681e+14	1.01799e+3	2.55108e+14
1.45338e+2	9.18356e+14	4.36015e+2	5.14711e+14	7.26691e+2	3.52852e+14	1.01737e+3	2.55291e+14
1.45250e+2	9.18419e+14	4.35750e+2	5.14847e+14	7.26250e+2	3.53023e+14	1.01675e+3	2.55474e+14
1.45162e+2	9.18482e+14	4.35486e+2	5.14984e+14	7.25809e+2	3.53194e+14	1.01613e+3	2.55657e+14
1.45074e+2	9.18548e+14	4.35221e+2	5.15119e+14	7.25369e+2	3.53365e+14	1.01552e+3	2.55839e+14
1.44986e+2	9.18611e+14	4.34958e+2	5.15255e+14	7.24929e+2	3.53535e+14	1.01490e+3	2.56021e+14
1.44898e+2	9.18675e+14	4.34694e+2	5.15391e+14	7.24490e+2	3.53706e+14	1.01429e+3	2.56204e+14
1.44810e+2	9.19051e+14	4.34430e+2	5.15526e+14	7.24050e+2	3.53876e+14	1.01367e+3	2.56386e+14
1.44722e+2	9.19115e+14	4.34167e+2	5.15662e+14	7.23612e+2	3.54046e+14	1.01306e+3	2.56568e+14
1.44635e+2	9.19179e+14	4.33904e+2	5.15797e+14	7.23173e+2	3.54216e+14	1.01244e+3	2.56750e+14