,Simulation Number,ExitSlit.openingHeight,SU.photonEnergy,SU.numberRays,SU.electronSigmaX,SU.electronSigmaY,SU.electronSigmaYs,PG.cFactor,SourcePhotonFlux,SourceBandwidth,NumberRaysSurvived,PercentageRaysSurvived,PhotonEnergy,Bandwidth,HorizontalFocusFWHM,VerticalFocusFWHM,HorizontalCenter,VerticalCenter,PhotonFlux1,PhotonFlux3,PhotonFlux5,PhotonFlux7,PhotonFlux9,EnergyPerMilPerBw,FluxPerMilPerBwPerc,FluxPerMilPerBwAbs1,FluxPerMilPerBwAbs3,FluxPerMilPerBwAbs5,FluxPerMilPerBwAbs7,FluxPerMilPerBwAbs9,AXUVCurrentAmp1,AXUVCurrentAmp3,AXUVCurrentAmp5,AXUVCurrentAmp7,AXUVCurrentAmp9,GaAsPCurrentAmp1,GaAsPCurrentAmp3,GaAsPCurrentAmp5,GaAsPCurrentAmp7,GaAsPCurrentAmp9
0,0,0.02,500,100000.0,17.15,2.43,0.81,1.1608960446595802,,,,,500.0,,,,,,,,,,,,,,,,,,,,,,,,,,,
1,1,0.02,510,100000.0,17.15,2.43,0.81,1.1645847270410128,,,,,510.0,,,,,,,,,,,,,,,,,,,,,,,,,,,
2,2,0.02,520,100000.0,17.15,2.43,0.81,1.1681172274392402,,,,,520.0,,,,,,,,,,,,,,,,,,,,,,,,,,,
3,3,0.02,530,100000.0,17.15,2.43,0.81,1.1728457270970696,,,,,530.0,,,,,,,,,,,,,,,,,,,,,,,,,,,
4,4,0.02,540,100000.0,17.15,2.43,0.81,1.1769739648369482,,,,,540.0,,,,,,,,,,,,,,,,,,,,,,,,,,,
5,5,0.02,550,100000.0,17.15,2.43,0.81,1.1788947702347103,,,,,550.0,,,,,,,,,,,,,,,,,,,,,,,,,,,
6,6,0.02,560,100000.0,17.15,2.43,0.81,1.1830246093806902,,,,,560.0,,,,,,,,,,,,,,,,,,,,,,,,,,,
7,7,0.02,570,100000.0,17.15,2.43,0.81,1.1896419454232,,,,,570.0,,,,,,,,,,,,,,,,,,,,,,,,,,,
8,8,0.02,580,100000.0,17.15,2.43,0.81,1.190508908610878,,,,,580.0,,,,,,,,,,,,,,,,,,,,,,,,,,,
9,9,0.02,590,100000.0,17.15,2.43,0.81,1.1920445871133745,,,,,590.0,,,,,,,,,,,,,,,,,,,,,,,,,,,
10,10,0.02,600,100000.0,17.15,2.43,0.81,1.1937004579368051,,,,,600.0,,,,,,,,,,,,,,,,,,,,,,,,,,,
11,11,0.02,610,100000.0,17.15,2.43,0.81,1.1960764897163916,,,,,610.0,,,,,,,,,,,,,,,,,,,,,,,,,,,
12,12,0.02,620,100000.0,17.15,2.43,0.81,1.198607556732719,,,,,620.0,,,,,,,,,,,,,,,,,,,,,,,,,,,
13,13,0.02,630,100000.0,17.15,2.43,0.81,1.2012994108941464,,,,,630.0,,,,,,,,,,,,,,,,,,,,,,,,,,,
14,14,0.02,640,100000.0,17.15,2.43,0.81,1.2041583707096004,,,,,640.0,,,,,,,,,,,,,,,,,,,,,,,,,,,
15,15,0.02,650,100000.0,17.15,2.43,0.81,1.2071913574109248,,,,,650.0,,,,,,,,,,,,,,,,,,,,,,,,,,,
16,16,0.02,660,100000.0,17.15,2.43,0.81,1.2097180783032273,,,,,660.0,,,,,,,,,,,,,,,,,,,,,,,,,,,
17,17,0.02,670,100000.0,17.15,2.43,0.81,1.2123951833932685,,,,,670.0,,,,,,,,,,,,,,,,,,,,,,,,,,,
18,18,0.02,680,100000.0,17.15,2.43,0.81,1.2152282360391085,,,,,680.0,,,,,,,,,,,,,,,,,,,,,,,,,,,
19,19,0.02,690,100000.0,17.15,2.43,0.81,1.2182232968231954,,,,,690.0,,,,,,,,,,,,,,,,,,,,,,,,,,,
20,20,0.02,700,100000.0,17.15,2.43,0.81,1.2213869551635184,,,,,700.0,,,,,,,,,,,,,,,,,,,,,,,,,,,
21,21,0.02,710,100000.0,17.15,2.43,0.81,1.223941831892816,,,,,710.0,,,,,,,,,,,,,,,,,,,,,,,,,,,
22,22,0.02,720,100000.0,17.15,2.43,0.81,1.2266374169211949,,,,,720.0,,,,,,,,,,,,,,,,,,,,,,,,,,,
23,23,0.02,730,100000.0,17.15,2.43,0.81,1.229478621587225,,,,,730.0,,,,,,,,,,,,,,,,,,,,,,,,,,,
24,24,0.02,740,100000.0,17.15,2.43,0.81,1.2324707631906469,,,,,740.0,,,,,,,,,,,,,,,,,,,,,,,,,,,
25,25,0.02,750,100000.0,17.15,2.43,0.81,1.2347562230259803,,,,,750.0,,,,,,,,,,,,,,,,,,,,,,,,,,,
26,26,0.02,760,100000.0,17.15,2.43,0.81,1.2380444696053936,,,,,760.0,,,,,,,,,,,,,,,,,,,,,,,,,,,
27,27,0.02,770,100000.0,17.15,2.43,0.81,1.240594508554498,,,,,770.0,,,,,,,,,,,,,,,,,,,,,,,,,,,
28,28,0.02,780,100000.0,17.15,2.43,0.81,1.2432735686752114,,,,,780.0,,,,,,,,,,,,,,,,,,,,,,,,,,,
29,29,0.02,790,100000.0,17.15,2.43,0.81,1.2460858129743697,,,,,790.0,,,,,,,,,,,,,,,,,,,,,,,,,,,
30,30,0.02,800,100000.0,17.15,2.43,0.81,1.2490357206608476,,,,,800.0,,,,,,,,,,,,,,,,,,,,,,,,,,,
31,31,0.02,810,100000.0,17.15,2.43,0.81,1.2511385861979998,,,,,810.0,,,,,,,,,,,,,,,,,,,,,,,,,,,
32,32,0.02,820,100000.0,17.15,2.43,0.81,1.2543539389756433,,,,,820.0,,,,,,,,,,,,,,,,,,,,,,,,,,,
33,33,0.02,830,100000.0,17.15,2.43,0.81,1.2566873064569206,,,,,830.0,,,,,,,,,,,,,,,,,,,,,,,,,,,
34,34,0.02,840,100000.0,17.15,2.43,0.81,1.2601856033545715,,,,,840.0,,,,,,,,,,,,,,,,,,,,,,,,,,,
35,35,0.02,850,100000.0,17.15,2.43,0.81,1.262764156886772,,,,,850.0,,,,,,,,,,,,,,,,,,,,,,,,,,,
36,36,0.02,860,100000.0,17.15,2.43,0.81,1.2654602043467365,,0.086,10.0,0.0003216573671969,860.0,0.0301362638672742,0.0191601858639558,0.0059521998593487,-0.0007878038885528,-0.0010987075166548,6842548011.316525,4676898119.0431,3136480987.537089,2217827546.822708,1604748604.945394,2.8537047717248565,0.0009179151636302,19526611910.6504,13346486479.1843,8950590760.558882,6329025053.230795,4579478751.351478,2.5671963424712386e-07,1.7546849105714894e-07,1.1767491446342913e-07,8.32087514332216e-08,6.02071734445747e-08,1.4219167971648157e-07,9.718835707250533e-08,6.517769393493805e-08,4.6087601238990654e-08,3.3347504362773666e-08
37,37,0.02,870,100000.0,17.15,2.43,0.81,1.2682772400742597,,0.087,19.0,0.000644369451453,870.0,0.0244850238540387,0.0143912763781014,0.0051061980238583,-0.0030261799431827,0.0002927769577661,13601642638.095922,9369131824.127735,6283246521.118953,4442927367.768965,3214759193.2994003,3.553192372555095,0.0022895686200105,48329252875.90259,33290327734.95388,22325583613.7232,15786575634.972973,11422657845.2328,5.162610293893566e-07,3.556127571284199e-07,2.384855567234679e-07,1.686347978267163e-07,1.2201871013161532e-07,2.8521132735361984e-07,1.964602801889661e-07,1.317526954692303e-07,9.316324841148013e-08,6.74099269506707e-08
38,38,0.02,880,100000.0,17.15,2.43,0.81,1.2712189973769052,,0.088,47.0,0.0016685036865911,880.0,0.030188921363397,0.0179691896654752,0.0061021626251697,0.000147106557428,-3.2571422623844195e-05,34934597337.182144,24260043603.03472,16269579447.949902,11504332919.045694,8324164892.403042,2.914976621413735,0.0048636492391557,101833534516.38846,70717459937.32404,47425443731.00734,33534861503.978622,24264746054.147846,1.341555900169432e-06,9.316324536358352e-07,6.247832225174022e-07,4.417885672502808e-07,3.196639828878392e-07,7.389577548028502e-07,5.131631310728543e-07,3.4414399526075665e-07,2.4334661545717536e-07,1.760777758543652e-07
39,39,0.02,890,100000.0,17.15,2.43,0.81,1.273117706303165,,0.089,124.0,0.004578819906639,890.0,0.0127600981091973,0.0083682986185229,0.0056931381811604,-0.0008037483763229,-8.858027681213392e-05,95078920458.54211,66576041442.53143,44648072909.63714,31570963256.27608,22843732514.22209,6.9748680016692,0.0319366644522224,663162919939.5365,464359101135.315,311414415073.6215,220203301398.07407,159332018952.138,3.692704947778375e-06,2.585701188577668e-06,1.734055865874886e-06,1.226162977664582e-06,8.872120515690498e-07,2.0281945377750643e-06,1.4201798142975991e-06,9.524190762872e-07,6.734621609065988e-07,4.872955360062394e-07
40,40,0.02,900,100000.0,17.15,2.43,0.81,1.27629455732646,,0.09,273.0,0.0105903799626904,900.0,0.0284891599152388,0.0139112839841821,0.0054627045734846,0.0006271069401794,-0.0001443765099532,218079984566.2237,153984124657.51987,103266795016.19504,73020669842.75099,52835405633.8629,3.1590963112906363,0.0334560302753018,688935674809.4762,486450680202.88855,326229751214.468,230679328748.20605,166912135043.48077,8.566283677544021e-06,6.048568355680791e-06,4.0563679529740985e-06,2.8682860256134155e-06,2.075399417227749e-06,4.690154386400609e-06,3.311671720515983e-06,2.220915470890739e-06,1.570424794563803e-06,1.136308817995477e-06
41,41,0.02,910,100000.0,17.15,2.43,0.81,1.2796077230682912,,0.091,576.0,0.0232848286959361,910.0,0.0217424955488922,0.0200992831091862,0.0063450181210809,0.0004734912188654,-2.2600407441925028e-05,475469601095.1729,338561409238.91095,227050364614.0729,160548893858.47943,116168010364.0252,4.1853521273751,0.0974552073181009,1990007706445.872,1416998714405.1875,950285726558.8024,671953654458.306,486204029310.0056,1.888487982413708e-05,1.3447108946272094e-05,9.01807148109348e-06,6.376741140615274e-06,4.614004575856359e-06,1.0306652846165765e-05,7.338923254182231e-06,4.921722190614232e-06,3.480184032846388e-06,2.518149113831853e-06
42,42,0.02,920,100000.0,17.15,2.43,0.81,1.281815020120052,,0.092,1117.0,0.0473878337779258,920.0,0.0322215933132383,0.0193540318566344,0.0052029963478135,0.0005454608427464,-0.000124989667038,959469102396.0128,689019103131.0425,462078767168.5554,326739113898.799,236417902718.0723,2.8552281417505645,0.135303076579332,2739503182301.249,1967306733463.487,1319340299725.0662,932914713014.494,675027049054.2872,3.853581430674196e-05,2.767354586588517e-05,1.855878581418476e-05,1.312304668124335e-05,9.495414052606684e-06,2.0957572434193128e-05,1.505016443609411e-05,1.0093132972238904e-05,7.136924607074889e-06,5.164048856373694e-06
43,43,0.02,930,100000.0,17.15,2.43,0.81,1.2841168225857662,,0.093,1859.0,0.0821528043261428,930.0,0.0264532066144056,0.0158156399045027,0.0057673377313097,1.323473107532286e-05,-4.589246091101123e-05,1648563697757.4685,1194501774902.117,801071994984.2189,566443585828.7549,409860340783.12665,3.515641840915986,0.2888198362375717,5795759513251.332,4199440418894.292,2816282223152.561,1991412770858.057,1440922162989.245,6.693454853802327e-05,4.8498846080197496e-05,3.252491390151346e-05,2.299859310336738e-05,1.6641041478274092e-05,3.6275460555288365e-05,2.628415394420412e-05,1.762701410659796e-05,1.2464184418520453e-05,9.01868253284968e-06
44,44,0.02,940,100000.0,17.15,2.43,0.81,1.2878064410377517,,0.094,3062.0,0.1412095336497855,940.0,0.0268482021840554,0.0155650655809331,0.0066877281923361,8.084843855512476e-05,2.7926054810685104e-05,2808176601362.021,2053186619267.8823,1376934162619.059,973639734515.2716,704494363378.7803,3.5011655289092096,0.4943979515679743,9831891115778.129,7188546215798.348,4820874425739.317,3408873876061.184,2466551380372.624,0.0001152555212058,8.426859401282789e-05,5.6513277869263046e-05,3.996093230525779e-05,2.891444398418145e-05,6.22336807835016e-05,4.5501896351710815e-05,3.051506130161844e-05,2.157741233459739e-05,1.5612720832096648e-05
45,45,0.02,950,100000.0,17.15,2.43,0.81,1.2903273184414836,,0.095,4295.0,0.2062918480360638,950.0,0.0322175566452642,0.0188592258298772,0.0061053521283649,0.0002612973889682,4.430447319015971e-06,4064112102396.532,2999483470444.368,2011551810199.6584,1422382292208.6602,1029190029851.9224,2.9487028158593853,0.6082933531927779,11983858800304.86,8844585355422.99,5931468486982.777,4194182670264.204,3034775539078.769,0.0001685833536712,0.0001244215144633,8.344114082065977e-05,5.900181170735813e-05,4.269181125569394e-05,9.068986444641506e-05,6.693288533637041e-05,4.488738410694277e-05,3.17401818703077e-05,2.296617365496231e-05
46,46,0.02,960,100000.0,17.15,2.43,0.81,1.2929505959884064,,0.096,5457.0,0.2725635634971746,960.0,0.0304830413963372,0.0163843845734368,0.0058654856150294,-0.0002821030494379,6.520515899408085e-05,5317391451928.545,3963074213248.919,2657767307660.9497,1879325770313.019,1359819618287.4043,3.149292052319129,0.8583822642734322,16746018638628.238,12480878122535.703,8370085458930.237,5918545712165.314,4282469116460.153,0.0002229414772754,0.0001661592206707,0.0001114318129821,7.879421090268277e-05,5.701295405271709e-05,0.0001194460432491,8.902363840521775e-05,5.970216630600263e-05,4.2215817524345e-05,3.054600632762252e-05
47,47,0.02,970,100000.0,17.15,2.43,0.81,1.2956789482995912,,0.097,6887.0,0.3575980803099959,970.0,0.028810804807108,0.0176433098963674,0.0063518959432579,-6.291943208173539e-05,-5.857466422157477e-05,6907663582448.508,5199476087707.342,3486938881102.7705,2465638763737.4224,1784056822666.5698,3.366792446425121,1.2039585156438182,23256669571833.527,17505556817461.115,11739799486042.871,8301293965364.127,6006549034547.009,0.0002926119481691,0.0002202523051859,0.0001477084063182,0.0001044456426586,7.557350416592762e-05,0.0001561664465982,0.0001175482411814,7.883169874556087e-05,5.574244311872037e-05,4.033343708764263e-05
48,48,0.02,980,100000.0,17.15,2.43,0.81,1.2985152133703606,,0.098,7806.0,0.4211479569400143,980.0,0.0306072437183502,0.0138119418162183,0.0062850303648166,0.0001651848303417,-2.3668044045949696e-05,8054531746247.229,6123491293907.808,4106613728122.08,2903815163101.3984,2101107157173.732,3.2018564265963367,1.348455292476302,25789454234945.902,19606539952605.44,13148787556936.422,9297599241624.102,6727443454164.271,0.0003447745303536,0.0002621162721178,0.0001757837530551,0.0001242979158358,8.993796984843117e-05,0.0001832245238557,0.0001392972070889,9.341726728500472e-05,6.605600019793945e-05,4.779599492204785e-05
49,49,0.02,990,100000.0,17.15,2.43,0.81,1.3014623997885304,,0.099,8978.0,0.5022925363878362,990.0,0.0281447245629351,0.0159779255064045,0.0064662794469285,7.673576046446027e-05,-6.0572070245605125e-06,9510186239462.938,7303333479079.139,4897854522317.791,3463307038394.131,2505937464038.915,3.517533091454618,1.7668306183348867,33452394803207.234,25689717190589.25,17228365359383.48,12182297113419.045,8814717954872.75,0.0004112528767082,0.0003158210393785,0.0002117999281279,0.0001497652040244,0.0001083652796052,0.0002176273870914,0.0001671266305505,0.0001120805897178,7.925296545019225e-05,5.734489407266267e-05
50,50,0.02,1000,100000.0,17.15,2.43,0.81,1.3030784300337173,,0.1,9410.0,0.5471732795372081,1000.0,0.0320286428969893,0.0159824432134462,0.0065347605551738,1.529114877036143e-05,-3.359637934793408e-05,10254495559982.74,7955899484471.005,5335486648767.315,3772759762409.05,2729847491611.131,3.1222053435613977,1.7083873372250853,32016640832904.74,24839951883252.74,16658484925281.809,11779330690166.965,8523144425415.95,0.0004479021051585,0.000347502625232,0.0002330466367701,0.0001647888996544,0.0001192359420414,0.0002360084318184,0.0001831059704548,0.0001227968581777,8.683051349972612e-05,6.282776386513903e-05
51,51,0.02,1010,100000.0,17.15,2.43,0.81,1.306227946338567,,0.1009999999999999,9702.0,0.5861638968674147,1010.0,0.0299090008409166,0.0172075694670008,0.0065344217961289,6.077914502775827e-06,-1.953760952741243e-05,10870796722833.564,8522823060452.209,5715684158354.16,4041600068900.824,2924371681471.532,3.37690986526799,1.979422645995501,36709700696659.6,28780805272774.59,19301350221102.133,13648119144138.982,9875339580871.557,0.000479622269094,0.0003760290841199,0.0002521774139789,0.0001783164054337,0.000129024009675,0.0002515776656792,0.0001972396306557,0.000132275353406,9.35328234781089e-05,6.767733956958451e-05
52,52,0.02,1020,100000.0,17.15,2.43,0.81,1.309497373164899,,0.102,9864.0,0.6146483557618394,1020.0,0.0297659484090218,0.0162176139663095,0.0069670282615608,-8.632657930876463e-05,-2.8562873092360056e-05,11279083425812.764,8936987092777.145,5993436117033.695,4238000412977.882,3066480646895.8164,3.426734421439926,2.106236677770549,38650423417525.16,30624681294783.773,20537913844940.613,14522501893227.93,10508014785397.264,0.0005026552320919,0.0003982791111413,0.0002670990105047,0.000188867570242,0.0001366584928118,0.0002625026688965,0.0002079941139879,0.0001394876620011,9.863269710776476e-05,7.136744392612594e-05
53,53,0.02,1030,100000.0,17.15,2.43,0.81,1.3113648498030146,,0.103,10169.0,0.6566346918512534,1030.0,0.0305907185102114,0.0155493029243212,0.0063875617937174,9.236139808076696e-05,2.5595083929662653e-05,11916800695516.418,9547468419517.225,6402844880241.572,4527496200314.393,3275950477645.904,3.367034349507604,2.210911562541511,40124277278039.88,32146654119353.57,21558598646342.28,15244235223723.717,11030237785519.598,0.0005363015508877,0.0004296725481332,0.0002881524770871,0.0002037546230659,0.0001474302849131,0.000278868423842,0.000223423009066,0.0001498347841405,0.0001059492192235,7.666144375726092e-05
54,54,0.02,1040,100000.0,17.15,2.43,0.81,1.3148529848069055,,0.104,10343.0,0.6906241487432618,1040.0,0.0305146119269466,0.0168207787447181,0.0063999514619808,-9.634255673092322e-05,-1.4555238724605148e-05,12391307095014.12,10041675122727.027,6734276074395.546,4761853505584.79,3445523878080.1333,3.4082032650122125,2.353787478643065,42232093298996.125,34224069939470.168,22951781704248.527,16229364665243.934,11743045730950.25,0.0005630496415502,0.0004562845174493,0.0003059993349139,0.0002163742605098,0.0001565614482499,0.0002915155822054,0.0002362385781639,0.0001584293243244,0.0001120264784347,8.105875285144939e-05
55,55,0.02,1050,100000.0,17.15,2.43,0.81,1.3168912269425,,0.105,10168.0,0.7047239815137162,1050.0,0.0309345149757973,0.0157445093424034,0.0066448014156914,0.0002406059780228,-3.383586461133837e-05,12499038486288.531,10246686691209.434,6871763543740.247,4859071852537.073,3515867943771.93,3.39426689192154,2.3920212783951333,42425072514862.28,34779989387865.24,23324599485630.95,16492986714534.447,11933794157913.322,0.000573468946463,0.0004701286925383,0.0003152836919491,0.00022293929402,0.0001613116951219,0.0002955749845411,0.000242311779716,0.0001625022121053,0.0001149064457456,8.314260447066559e-05
56,56,0.02,1060,100000.0,17.15,2.43,0.81,1.3190065159908224,,0.106,10314.0,0.7352451218463931,1060.0,0.0311848239539358,0.0167257479796062,0.0065427868661543,0.0001505441783567,-4.411514508355776e-06,12888796462794.342,10690464071646.557,7169375183124.18,5069515115130.881,3668137912891.6553,3.399089254330124,2.499163792966718,43810169557932.36,36337841549736.08,24369346145218.47,17231734352505.52,12468328163110.955,0.0005969833682663,0.0004951609925911,0.0003320711718539,0.0002348098379584,0.0001699008385169,0.0003063123456779,0.0002540672541167,0.0001703858180806,0.0001204809984274,8.717617130594537e-05
57,57,0.02,1070,100000.0,17.15,2.43,0.81,1.3228273082050117,,0.107,10480.0,0.7767119935079685,1070.0,0.0313987746028487,0.0143186440265226,0.0066309584033936,6.96231638577481e-05,-1.6050590731973938e-05,13455590030433.998,11293392385605.86,7573718648696.201,5355429195237.442,3875016135611.255,3.407776301890838,2.6468607248708453,45853640833671.6,38485354939622.086,25809538928215.617,18250104697984.48,13205188156380.648,0.0006292310395864,0.0005281190208069,0.0003541739045315,0.0002504388341447,0.0001812094769467,0.0003213236864141,0.0002696897323161,0.0001808627633985,0.0001278893194167,9.25365938463124e-05
58,58,0.02,1080,100000.0,17.15,2.43,0.81,1.325125563662994,,0.108,10361.0,0.7920621161336435,1080.0,0.0355078281231726,0.016720428318717,0.0057974893899913,0.0003050502320471,2.971895788768778e-05,13556870349036.428,11516583168583.176,7723397694419.157,5461268290741.472,3951597897390.747,3.041582820142087,2.409122524917477,41234343948522.86,35028641512300.12,23491353740470.32,16610899809306.002,12019112276813.293,0.000639868735485,0.0005435695200635,0.0003645355151402,0.000257765601158,0.0001865108896559,0.0003252373953179,0.0002762896904873,0.0001852889114127,0.0001310190794986,9.480118747188894e-05
59,59,0.02,1090,100000.0,17.15,2.43,0.81,1.327506224353894,,0.109,10367.0,0.8150915862522314,1090.0,0.0316859944348379,0.0174497394728756,0.0067653947279576,7.210955723519313e-05,-2.374334394869064e-06,13774099284713.584,11851431664107.443,7947958057545.508,5620056487209.136,4066491923812.3823,3.440005653733156,2.803919665018002,47382979414496.55,40768991929361.75,27341020653590.53,19333026090299.125,13988755208774.81,0.0006561894469554,0.0005645947679447,0.0003786357346787,0.000267735964579,0.000193725123609,0.0003319300018004,0.0002855973121938,0.0001915309072353,0.0001354328382102,9.79948411647199e-05
60,60,0.02,1100,100000.0,17.15,2.43,0.81,1.3299710154832407,,0.11,10672.0,0.8623892783335855,1100.0,0.0356017619033082,0.016614959768733,0.0063513288202264,8.305954020723758e-05,1.8615013060561808e-05,14386166180092.53,12539140106970.334,8409157853030.793,5946174074110.072,4302460109606.258,3.0897347243305533,2.664554099157645,44449437196621.72,38742616601752.16,25982067020886.203,18372100513691.965,13293460400697.494,0.0006916608796156,0.0006028592028926,0.0004042971174281,0.0002858813070113,0.000206854509163,0.0003481655613903,0.0003034649190092,0.0002035135093025,0.0001439058195714,0.000104125617671
61,61,0.02,1110,100000.0,17.15,2.43,0.81,1.3325217561720653,,0.111,10614.0,0.8821498890251201,1110.0,0.0321120306241482,0.0163785855598295,0.0063705025481192,0.0001528666085987,3.0341522279085173e-05,14523117359059.92,12826459386425.246,8601843567883.946,6082423484828.203,4401045796346.324,3.4566484224927216,3.0492820223008112,50201310708871.13,44336560604253.79,29733548999455.207,21024799543764.09,15212868009258.746,0.0007046962416723,0.0006223703561782,0.0004173819355635,0.0002951336730295,0.0002135492233131,0.0003529277323928,0.0003116970767337,0.000209034263771,0.0001478095834992,0.0001069502555587
62,62,0.02,1120,100000.0,17.15,2.43,0.81,1.3351603627416246,,0.112,10544.0,0.9025147807079954,1120.0,0.0354579008967448,0.0151176689121265,0.0066359673176856,0.0002644342107265,-3.635333648696147e-05,14658957830308.838,13122564911494.254,8800421626683.664,6222839412981.628,4502646240952.189,3.158675419792885,2.850751253822111,46302889778376.98,41449923230573.5,27797675476019.41,19655929895103.457,14222398005318.516,0.0007176429314854,0.0006424273854053,0.0004308328359757,0.0003046448983748,0.0002204312397377,0.0004490717043362,0.0004020048804481,0.0002695976333734,0.0001906343638714,0.0001379368877961
63,63,0.02,1130,100000.0,17.15,2.43,0.81,1.3378888522403134,,0.113,10684.0,0.9430720413602048,1130.0,0.036475650413422,0.0175323349078725,0.0066008304434895,0.0001023186400678,1.421438514667839e-05,15109307477434.998,13712267481377.38,9195895475303.355,6502481725178.612,4704986414346.062,3.097957095191895,2.921596721808951,46807986303155.7,42480016335102.15,28488489634359.08,20144409396872.715,14575846045104.854,0.0007463766592894,0.000677365022144,0.0004542631589357,0.0003212126428942,0.0002324191262363,0.0004666981975986,0.0004235462497606,0.0002840439808401,0.0002008494767606,0.0001453282145843
64,64,0.02,1140,100000.0,17.15,2.43,0.81,1.3407093462251414,,0.114,10588.0,0.9644615857152125,1140.0,0.0325694301329804,0.0165108208616429,0.006653652530585,0.0001424405866199,-1.3983393262986317e-05,15236879493697.998,14023271456299.188,9404464922309.035,6649962633506.39,4811698851133.194,3.500214757658945,3.375822675515535,53332350464512.695,49084461701995.88,32917646908951.98,23276297347679.613,16841979328147.002,0.0007593393934716,0.0006988584799478,0.0004686773753763,0.0003314050357111,0.0002397940135116,0.0004744489160389,0.0004366593530199,0.0002928380571731,0.0002070678293722,0.0001498276143202
65,65,0.02,1150,100000.0,17.15,2.43,0.81,1.3436240748108517,,0.115,10512.0,0.9830995556444948,1150.0,0.0333299173560135,0.0164496973262736,0.006506898059628,0.0001004627413711,-5.475725058028397e-05,15309986113224.348,14294267539070.955,9586203767089.47,6778471436168.793,4904683683110.386,3.45035358988825,3.3920410810355266,52824865546902.88,49320277318256.56,33075792581177.426,23388123253739.96,16922892953286.244,0.00076976016445,0.0007186915553152,0.0004819780849985,0.000340810060103,0.0002465991863457,0.000490736140561,0.0004581789710581,0.0003072698175232,0.0002172726276097,0.0001572114777585
66,66,0.02,1160,100000.0,17.15,2.43,0.81,1.346635381001531,,0.1159999999999999,10707.0,1.0246428481421668,1160.0,0.033370771394857,0.0151025479533402,0.0064195454397001,0.0001580543511926,2.011299614598849e-05,15726251795401.574,14898307011987.104,9991292412234.27,7064912437940.24,5111943169381.271,3.4760958512897173,3.5617567534806653,54665958622332.88,51787943195608.88,34730690103189.973,24558312815249.19,17769604443115.043,0.0007974771738148,0.0007554921493766,0.0005066577681273,0.0003582612358976,0.0002592262952709,0.0005084251808168,0.0004816579649735,0.0003230155994812,0.0002284065796762,0.0001652676469912
67,67,0.02,1170,100000.0,17.15,2.43,0.81,1.349745725320319,,0.117,10758.0,1.0474757982731404,1170.0,0.0344756988897643,0.0177826924133216,0.0062818009346638,0.0001459781455739,2.4136906855669887e-05,15833482463743.371,15230298106891.465,10213936508961.393,7222345629093.304,5225856757584.697,3.3936947985915027,3.5548131682500386,53734007080795.65,51686983466355.57,34662983203606.125,24510436795084.02,17734962896399.44,0.0008099552360133,0.0007790995901229,0.0005224896907351,0.0003694560986174,0.0002673265374912,0.0005162312149711,0.0004965651311451,0.0003330128331359,0.000235475693208,0.0001703826299369
68,68,0.02,1180,100000.0,17.15,2.43,0.81,1.3510128674021782,,0.118,10774.0,1.0840279134228163,1180.0,0.0347341970730212,0.01894549007305,0.0065919064600559,0.000155336315492,4.3372343455663e-07,16129401934900.396,15761765861167.748,10570356183785.88,7474372463050.318,5408215260066.431,3.397228378474679,3.682690390538684,54795261981068.01,53546318278432.45,35909913998142.7,25392150242764.223,18372942358397.49,0.0008321449498141,0.0008131779414055,0.0005453437487376,0.0003856163621727,0.0002790195838839,0.0005302532335765,0.0005181672171412,0.0003474998991983,0.0002457195984999,0.0001777947899805
69,69,0.02,1190,100000.0,17.15,2.43,0.81,1.3542942215086209,,0.119,10762.0,1.1127456006514689,1190.0,0.0350880128939934,0.0173291002086909,0.0065291253876766,0.0001735165214562,-5.797142504697189e-06,16293302065684.54,16179321033472.355,10850382351952.47,7672380916491.877,5551487801650.178,3.391471621933059,3.773845127040312,55258271583352.41,54871708147166.15,36798763833770.086,26020662150942.96,18827713338804.12,0.0008476624599493,0.0008417325728237,0.0005644934193675,0.0003991572276217,0.0002888173181442,0.0005400408367671,0.0005362629400729,0.000359635483401,0.0002543007545944,0.000184003838241
70,70,0.02,1200,100000.0,17.15,2.43,0.81,1.3556821406148387,,0.12,10843.0,1.138705293931866,1200.0,0.0354845453821326,0.0168709444217985,0.0063394373249136,-6.865190110447183e-06,-1.3662756213183375e-05,16402650553352.4,16556774973769.334,11103515321129.629,7851373001660.217,5681000711426.08,3.38175390744679,3.850821077184434,55469727601283.73,55990938462261.67,37549356323625.42,26551411327186.67,19211746354073.14,0.0008605854295847,0.0008686717586888,0.0005825597193242,0.0004119320341237,0.0002980607568155,0.0005480465815556,0.0005531961981659,0.0003709914806269,0.0002623306593091,0.0001898140187517
71,71,0.02,1210,100000.0,17.15,2.43,0.81,1.3591415205063846,,0.121,10887.0,1.1852316528921365,1210.0,0.03868730518343,0.0167516486559624,0.0058174822392863,0.000172760762478,-1.8978283560690947e-05,16790456328315.93,17233268233051.662,11557193847351.22,8172172246691.28,5913120716278.868,3.127640951632501,3.706979054756524,52514518809037.984,53899475456159.85,36146752762930.86,25559620582546.23,18494118504180.293,0.0008883708941005,0.0009117997515441,0.000611482763226,0.000432383719869,0.0003128589381329,0.0005654589835592,0.0005803717390355,0.0003892162879873,0.0002752175475,0.0001991385561243
72,72,0.02,1220,100000.0,17.15,2.43,0.81,1.3627116538175832,,0.122,11021.0,1.2220901505627435,1220.0,0.036251945180993,0.0180324563849801,0.0063513404959195,5.903109096484535e-05,-1.4722418572328449e-05,17021436337153.492,17769190789182.293,11916601058137.314,8426311588130.117,6097007761157.528,3.3653366568579264,4.1127447816738245,57282863657796.16,59799309125537.4,40103374366101.46,28357375269641.01,20518483715770.707,0.0009080347873147,0.0009479249024238,0.000635709472045,0.0004495145943749,0.0003252542873585,0.0005777047959419,0.000603083461089,0.0004044475123163,0.0002859876522839,0.0002069314571783
73,73,0.02,1230,100000.0,17.15,2.43,0.81,1.3642994265946342,,0.123,11089.0,1.2653209178800124,1230.0,0.0362863569810087,0.0164897405608671,0.005940910393734,2.6527923641285697e-05,-7.201849199014357e-06,17313527948415.477,18397766145975.38,12338144270248.002,8724387728782.686,6312686059303.382,3.3897037408405195,4.289063048701638,58687730453890.82,62362976728121.81,41822653787889.67,29573089720797.8,21398135549972.48,0.0009311192562268,0.0009894294439073,0.0006635437763095,0.0004691964247415,0.000339495426111,0.0005921300693042,0.00062921147992,0.0004219698171045,0.0002983777960143,0.0002158965662531
74,74,0.02,1240,100000.0,17.15,2.43,0.81,1.368060425888088,,0.124,11064.0,1.2762979326425816,1240.0,0.0354253988368782,0.0158345349542741,0.006718240653638,0.000283292016092,1.5671792239246458e-05,17148218870318.854,18557371940623.137,12445181141197.812,8800074245570.6,6367450385953.84,3.5003134494258576,4.467442819103246,60024141145475.375,64956618589761.2,43562034929075.74,30803018237716.88,22288072224506.094,0.0009297608205384,0.0010061638175387,0.0006747663951045,0.0004771320166389,0.0003452373649037,0.0005908940783961,0.0006394507367344,0.0004288365979296,0.0003032333445518,0.0002194098848396
75,75,0.02,1250,100000.0,17.15,2.43,0.81,1.3697809117111592,,0.125,10961.0,1.3055793611044908,1250.0,0.0357637794991205,0.0150994334971538,0.0059860958751507,0.0001035874459662,-2.1301410521551098e-05,17218894033467.17,18983123910459.297,12730704350129.89,9001969694815.465,6513535432550.305,3.495156321581552,4.563203957290765,60182726331715.66,66348985539007.73,44495801787542.26,31463291285519.832,22765824542923.63,0.0009412251915393,0.0010376621404319,0.000695890201606,0.0004920688073093,0.0003560451457094,0.0005977267579213,0.0006589692164992,0.0004419263294418,0.0003124891848529,0.0002261071128689
76,76,0.02,1260,100000.0,17.15,2.43,0.81,1.371557861674653,,0.126,11122.0,1.3478059861684883,1260.0,0.0370871892569084,0.0172023316929568,0.0061887211269475,0.0001698666981588,-3.2624898465459165e-06,17439507166161.664,19597099038889.82,13142456171128.93,9293122274631.729,6724204064994.589,3.397399547514354,4.57903544754596,59248973755190.97,66579175407318.25,44650174649020.66,31572449410829.39,22844807847806.8,0.0009608754930044,0.0010797536891975,0.0007241181721709,0.0005120290018581,0.0003704876998216,0.0006097857705462,0.0006852276285128,0.000459536080167,0.0003249411622143,0.0002351169627682
77,77,0.02,1270,100000.0,17.15,2.43,0.81,1.3756001957185624,,0.127,11130.0,1.3755603070619795,1270.0,0.0364250108400483,0.0168611611031557,0.0064655384152064,6.453594081571566e-05,3.060072256064511e-06,17454619084713.902,20000646864681.188,13413088554161.363,9484488317192.352,6862670371932.218,3.486615297321116,4.796049608990029,60857541909676.58,69734561314715.02,46766279737261.78,33068762053986.254,23927491499251.258,0.0009692696958555,0.001110652762421,0.000744840102226,0.0005266816228949,0.0003810898646298,0.0006146793450102,0.0007043398916295,0.0004723533894965,0.0003340043708931,0.0002416748087579
78,78,0.02,1280,100000.0,17.15,2.43,0.81,1.3775173822042546,,0.128,11167.0,1.4192501780758244,1280.0,0.0411359013169203,0.0170264664082185,0.0070819889297175,9.457515280215807e-05,2.206497494221621e-05,17654071670984.79,20635897589222.49,13839108486417.363,9785729977832.809,7080639138420.288,3.1116371807161545,4.416191622838759,54933065802464.04,64211426196075.56,43062284514300.734,30449641239473.24,22032380006342.57,0.0009880647215622,0.0011549518312646,0.0007745485080235,0.0005476886435055,0.0003962898683754,0.0006260775331136,0.0007318239155831,0.0004907850757119,0.0003470375445629,0.0002511051935931
79,79,0.02,1290,100000.0,17.15,2.43,0.81,1.379493967137617,,0.129,11069.0,1.4353650984476016,1290.0,0.0385406968321149,0.0176770458132658,0.0069208348173841,2.924329774332135e-05,-3.506759267067638e-05,17482960552895.342,20870208531428.13,13996245074962.564,9896842353796.213,7161036476155.085,3.347111251307418,4.804326670747948,58517413972759.76,69854909792675.16,46846989366463.234,33125832394807.094,23968785760361.508,0.0009860962618247,0.0011771481468529,0.0007894340839039,0.0005582143378645,0.0004039059219153,0.000624286657343,0.0007452394966354,0.0004997820035552,0.00035339933489,0.0002557083802417
80,80,0.02,1300,100000.0,17.15,2.43,0.81,1.3815308090691876,,0.13,11129.0,1.4656627083511935,1300.0,0.0375965161829299,0.018167210349723,0.0059418020784471,7.839090939135626e-05,2.035199022585912e-05,17470203657190.22,21310735779426.355,14291677069132.49,10105744374081.48,7312191251964.105,3.457767186924207,5.067920420035222,60407896954715.61,73687562907312.12,49417292015763.445,34943311296142.85,25283854975555.72,0.0009930880854491,0.0012114018937605,0.0008124057679545,0.0005744577756175,0.0004156591504794,0.0006280653747385,0.0007661350443245,0.0005137952418987,0.0003633081933024,0.0002628781111509
81,81,0.02,1310,100000.0,17.15,2.43,0.81,1.385961926303437,,0.131,11269.0,1.514415995987871,1310.0,0.0388248544979887,0.0165849454567184,0.006409872709874,9.523798911908098e-05,1.5063348759069916e-05,17656840454006.723,22019608581663.64,14767070376877.729,10441898292336.37,7555421403983.487,3.3741272618751506,5.109832297882483,59576426734444.09,74296961611211.3,49825974736652.086,35232293693899.73,25492953334135.71,0.0010113069656492,0.0012611873340256,0.000845793514036,0.0005980664833636,0.0004327416512691,0.0006473801510582,0.00080733909144,0.0005414280248027,0.0003828475265116,0.0002770161435484
82,82,0.02,1320,100000.0,17.15,2.43,0.81,1.3881502111197048,,0.132,11381.0,1.5654378956214343,1320.0,0.0386886648238942,0.0173188008700047,0.0068191805201386,0.0001250286819947,-5.593587798458863e-06,17837489053737.637,22681974766191.863,15264584920204.607,10793694290309.793,7809969661255.336,3.411852039889381,5.3410424774961305,60858873414499.26,77387541874751.17,52080505198064.77,36826487882335.82,26646460920228.19,0.0010294526145699,0.0013090417690696,0.0008809629432196,0.0006229350316377,0.0004507357321016,0.0006580642313044,0.0008367879718952,0.0005631441348854,0.0003982031391688,0.0002881269704587
83,83,0.02,1330,100000.0,17.15,2.43,0.81,1.3904023170715278,,0.133,11230.0,1.57628766095842,1330.0,0.0421562840465412,0.0175831385660629,0.0063703788579944,-3.073376044903321e-05,-3.126871647789918e-05,17543202974501.213,22748530277298.61,15370380982005.557,10868503422308.309,7864099140521.558,3.154927029459374,4.973072547761013,55347525247545.96,71769953052324.33,48492430413217.63,34289335216812.188,24810658940779.69,0.0010200639720374,0.0013227320111614,0.0008937234494192,0.0006319580744278,0.0004572645153474,0.0006639619625501,0.0008609692785292,0.000581726628643,0.0004113429499019,0.0002976345144395
84,84,0.02,1340,100000.0,17.15,2.43,0.81,1.392719296782896,,0.134,11275.0,1.6124654299534058,1340.0,0.0395736013797431,0.0164501656554796,0.0064713719458861,0.0001682103357082,-3.504234900164062e-05,17518335246031.04,23177907795541.684,15723150407475.662,11117949139528.734,8044590030037.542,3.3860956629686854,5.459962199052163,59318758999017.16,78482613063171.77,53240091402957.66,37646439362464.67,27239751411071.246,0.0010263144100566,0.0013578813529623,0.0009211432255434,0.0006513467890597,0.0004712935649919,0.0006678943790138,0.0008836681178054,0.0005994521528478,0.0004238767914968,0.0003067035986624
85,85,0.02,1350,100000.0,17.15,2.43,0.81,1.3951022498612913,,0.135,11441.0,1.6660667042307689,1350.0,0.0382199368170859,0.018104730007617,0.0061734303125676,9.08141778070489e-05,-2.8870781785636272e-05,17649974823954.98,23854804968391.168,16245816432954.229,11487529925671.152,8312006787407.306,3.532187942802913,5.88486072458931,62343028263948.76,84259654487266.31,57383276925470.36,40576114696043.29,29359570154976.062,0.0010415522718994,0.0014077088810814,0.0009586907167504,0.00067789688155,0.000490504357078,0.0006777920010428,0.0009160690683857,0.0006238696960474,0.0004411426063221,0.0003191965863584
86,86,0.02,1360,100000.0,17.15,2.43,0.81,1.397552324180963,,0.136,11254.0,1.668740353649011,1360.0,0.0426669623100224,0.0164019584224666,0.006887031011004,0.0002653341770196,3.117143607257975e-06,17226360332710.977,23800091561622.586,16271887188431.506,11505964738409.93,8325345624354.915,3.187477913515623,5.319073020648473,54908643090777.88,75862266192321.53,51866281024343.25,36675008477371.21,26536855300015.227,0.001024084157134,0.0014148837151813,0.000967342001125,0.0006840142649735,0.0004949306987604,0.0006702003374162,0.0009259547047119,0.0006330660727778,0.0004476454283461,0.000323901819002
87,87,0.02,1370,100000.0,17.15,2.43,0.81,1.400070717244602,,0.137,11372.0,1.717519699425948,1370.0,0.0445726648831623,0.017179911103716,0.0060957570326036,0.000195460905519,-1.3153663202309672e-05,17264451980152.805,24400084520953.66,16747534589102.42,11842298327541.912,8568705780436.055,3.073632693021968,5.279024699064856,53064584033305.5,74996897496102.42,51475769840581.42,36398875300052.19,26337054223634.57,0.001033781650414,0.0014610576504432,0.0010028290482542,0.0007091074031087,0.0005130872855851,0.00067636362134,0.0009559138944327,0.0006561125227852,0.0004639417336277,0.0003356933008076
88,88,0.02,1380,100000.0,17.15,2.43,0.81,1.402658677626453,,0.138,11286.0,1.7367191156002668,1380.0,0.0402401883720813,0.0166631256472148,0.0064882823961663,0.000161675221391,5.436307763987015e-08,16976394994357.557,24574898547805.484,16934748096218.203,11974678302063.84,8664491667729.731,3.4294074054520216,5.9559173962296414,58218974711528.44,84277339068076.27,58076150530635.23,41066050447003.37,29714071889789.68,0.001023765301697,0.0014819947600376,0.0010212537761786,0.0007221356565225,0.0005225141102815,0.0006696327280255,0.0009693551758772,0.0006679899690048,0.0004723403585569,0.0003417702753938
89,89,0.02,1390,100000.0,17.15,2.43,0.81,1.405317506500382,,0.139,11542.0,1.8098176515522024,1390.0,0.0450237995999032,0.0163282671117975,0.0065323799506389,3.617553540312938e-05,-8.507524113340583e-06,17189635490627.115,25506086506082.035,17647531920285.523,12478692707452.434,9029180263593.936,3.087256100888891,5.587370586250941,53068807040494.77,78743821175701.6,54482450586532.93,38524920192200.24,27875391854805.945,0.0010440217461617,0.0015491258663601,0.0010718323318087,0.0007579001054067,0.0005483921139774,0.0006826051325777,0.0010128536797954,0.0007007883251908,0.0004955323046037,0.0003585512208365
90,90,0.02,1400,100000.0,17.15,2.43,0.81,1.4080485592561638,,0.14,11406.0,1.818200123743691,1400.0,0.0392001696150146,0.0169514415797016,0.006424899617286,-4.986982200202128e-05,1.5849476877171703e-05,16763815420493.5,25520574426357.0,17729269406624.73,12536489853212.75,9071000417357.275,3.5714131182324445,6.493543773510072,59870510304377.82,91144514291118.84,63318545335496.71,44772984318351.945,32396289886041.75,0.001025446620657,0.0015610996748831,0.0010845036731623,0.0007668600991133,0.0005548752769364,0.0006700942723374,0.0010201252114096,0.000708686035017,0.0005011168302166,0.0003625920037637
91,91,0.02,1410,100000.0,17.15,2.43,0.81,1.4108532472080475,,0.141,11569.0,1.8698583241262208,1410.0,0.0415226306638487,0.014900482430997,0.0058163568186366,0.0001161711494974,1.1893359789561092e-05,16709540279701.65,26139695313391.84,18232988518554.785,12892673144850.297,9328723179065.72,3.395738606772816,6.349550100430927,56741231029208.33,88763572544963.1,61914463029301.98,43780147942471.24,31677905451049.89,0.0010292387611798,0.0016100974157054,0.0011230768890894,0.0007941354886957,0.0005746108706458,0.0006722700209894,0.001051670675724,0.0007335624660458,0.0005187071278213,0.0003753197767513
92,92,0.02,1420,100000.0,17.15,2.43,0.81,1.4137330393995524,,0.142,11668.0,1.907548696523042,1420.0,0.0453234496931145,0.0147637863837965,0.0065179333655285,0.0001545993297349,1.7821621933462766e-05,16505092732530.123,26561229299158.56,18600507339796.18,13152548262526.371,9516760446953.455,3.133036010309967,5.976418757626528,51711049884522.21,83217287872363.92,58276059305616.27,41207407333834.914,29816353181798.76,0.0010235930337557,0.0016472424432383,0.0011535439422169,0.000815678954116,0.0005901990285837,0.0006682873126348,0.001075457910856,0.0007531301559583,0.0005325435776158,0.0003853313863271
93,93,0.02,1430,100000.0,17.15,2.43,0.81,1.4166894645090022,,0.143,11615.0,1.9129796284421263,1430.0,0.0451625168434475,0.0169458814859708,0.0065397036841208,0.0001489688953355,-9.61854944504588e-06,16006013933415.623,26531192320685.934,18653464356939.17,13189994538108.46,9543855366297.768,3.166342577755328,6.057148847914871,50680523417518.914,84006843883603.05,59063258416017.9,41764041306373.03,30219115602247.29,0.0009994855121248,0.0016567236823755,0.0011648038951643,0.0008236409452526,0.000595960069016,0.0006521461372176,0.001080982102083,0.0007600133785157,0.0005374107522168,0.0003888531171587
94,94,0.02,1440,100000.0,17.15,2.43,0.81,1.416960964851457,,0.144,11702.0,1.972521157575697,1440.0,0.0427358132851622,0.0168300290167409,0.0064544272340076,5.802320664107185e-05,1.2029524678857398e-05,15933902583769.531,27248028821923.93,19234053807520.62,13600533381484.43,9840908055145.152,3.3695392442665004,6.646487450597296,53689910070330.83,91813302444377.38,64809899130774.24,45827530971868.35,33159325891029.91,0.0010017934372517,0.0017131331328494,0.0012092799472584,0.0008550902713923,0.000618715788829,0.0006532028033603,0.0011170200595209,0.0007884909425675,0.0005575474360581,0.0004034233732406
95,95,0.02,1450,100000.0,17.15,2.43,0.81,1.4200359308950157,,0.145,11549.0,1.9875329547129936,1450.0,0.0425950309170275,0.0179955094098329,0.0064798132965112,0.0001973725846459,9.83758311094726e-06,15480527851839.234,27339750649830.16,19380433841406.4,13704039722746.094,9915801911063.129,3.4041529464422955,6.7658661639374,52698084499320.56,93068692729617.0,65973960964553.59,46650647200348.375,33754906291883.69,0.000979796148033,0.0017303920532467,0.001226629647694,0.000867358365383,0.0006275925866419,0.0006384512662118,0.0011275518888864,0.0007992920295874,0.000565184959902,0.0004089496395868
96,96,0.02,1460,100000.0,17.15,2.43,0.81,1.4231914230394322,,0.146,11664.0,2.0391983370070994,1460.0,0.0465318781398309,0.0144882726316147,0.0063073196802612,-5.028076821020083e-05,-2.901321692172849e-05,15286570606910.393,27929777459587.77,19884222984156.227,14060272533663.95,10173560503328.418,3.1376339369165724,6.398257906297314,47963662715313.41,87633417607730.12,62389412844305.1,44115988263919.97,31920908694517.293,0.0009738709041077,0.0017793394166381,0.0012667763563861,0.0008957463826563,0.0006481332419249,0.0006341949065051,0.0011587244163636,0.0008249379969281,0.0005833194019915,0.0004220711380037
97,97,0.02,1470,100000.0,17.15,2.43,0.81,1.4264291957747344,,0.147,11682.0,2.0582005156008307,1470.0,0.0432298836208246,0.0155137959250034,0.0067373147740918,8.416609354543925e-05,-4.102652948029811e-06,14821504371381.066,28068252830208.49,20069513227623.7,14191292555067.729,10268362372332.545,3.400425531776986,6.998757582765622,50399421883788.38,95444003556212.6,68244885189547.57,48256433533168.96,34916801580417.688,0.0009504657067421,0.0017999462871525,0.0012870072831943,0.0009100518118782,0.0006584841899145,0.000618485255981,0.0011712576606024,0.0008374789572622,0.0005921872023713,0.0004284875928398
98,98,0.02,1480,100000.0,17.15,2.43,0.81,1.4268520068151267,,0.148,11723.0,2.102853283273165,1480.0,0.0485564453167626,0.0149837309939085,0.006017715937073,0.0001328779726096,9.531967137229012e-06,14522364185752.707,28553550836634.56,20504922365196.63,14499173388168.47,10491135030249.818,3.047999066540144,6.409494844487482,44264152482130.27,87031196296468.69,62498984228597.45,44193466952741.2,31976969779148.05,0.0009373423702616,0.0018429818091778,0.0013234850941612,0.0009358455260221,0.0006771476909825,0.0006094637921509,0.0011983142103917,0.0008605353496584,0.0006084905379853,0.0004402841615676
99,99,0.02,1490,100000.0,17.15,2.43,0.81,1.4302164716300223,,0.149,11787.0,2.161518813445793,1490.0,0.044457236549988,0.0165665358916547,0.0060636815225594,0.0001145010770671,-5.829002538200507e-06,14279144762725.736,29226253376709.99,21076969949909.92,14903672218708.738,10783817360281.06,3.351535353135668,7.244406719731435,47857058484817.32,97952821431744.22,70640209924101.2,49950184332548.24,36142345124740.125,0.0009276325416113,0.0018986587888922,0.0013692474954899,0.000968204438663,0.0007005615583016,0.0006027244423082,0.0012336437202612,0.0008896614727073,0.0006290858224097,0.0004551862462657
100,100,0.02,1500,100000.0,17.15,2.43,0.81,1.433667712731317,,0.15,11816.0,2.183528192751921,1500.0,0.0471925781835125,0.0167843471638713,0.0065177697748453,0.000240799340153,-1.394001730151832e-05,13767884308547.46,29398698203370.91,21291583407523.977,15055426889024.492,10893622153639.332,3.1784658896301807,6.940269879707814,43760750647092.7,93442759438946.52,67674571597030.89,47853160820585.38,34625006429862.285,0.0008999916079929,0.0019217608948474,0.0013918076269537,0.000984156864716,0.0007121042201694,0.0005846856060536,0.0012484849008757,0.0009041971932274,0.0006393641316073,0.0004626232998678
101,101,0.02,1510,100000.0,17.15,2.43,0.81,1.4342052755410806,,0.151,11807.0,2.207348658720472,1510.0,0.0487216220333266,0.0174417052216017,0.0063111370894979,0.0002129399597364,-3.4593481318173407e-05,13429509239655.35,29592900520406.82,21523856771183.32,15219669001877.65,11012462458356.432,3.099240002656577,6.841103262916826,41621272251585.97,91715501087481.44,66707597916701.97,47169406997811.52,34130264178692.04,0.0008833999819333,0.0019466361218835,0.0014158502997751,0.0010011576060864,0.000724405409248,0.0005737512759129,0.0012643026732064,0.0009195675035218,0.0006502325850459,0.0004704873628417
102,102,0.02,1520,100000.0,17.15,2.43,0.81,1.4377897538046622,,0.152,11877.0,2.2650582123574186,1520.0,0.0442790020319989,0.0164591976229801,0.0069284617699777,0.0001822309706563,8.622587511724491e-06,13780614163982.531,30232488577240.64,22086582628697.188,15617576374204.4,11300375421451.16,3.432778360500416,7.775442816654303,47305794096524.766,103781432572027.66,75818342905196.11,53611678220831.41,38791684212288.31,0.0009120964058408,0.0020009952998318,0.0014618428753047,0.0010336792765076,0.0007479370428566,0.0005922458855779,0.001299293831,0.0009492093409386,0.000671192534691,0.0004856533075523
103,103,0.02,1530,100000.0,17.15,2.43,0.81,1.4414659808654335,,0.153,11888.0,2.270720142832781,1530.0,0.0453525705720494,0.015635459296528,0.0064285601725636,0.0001830155034117,3.0169127191359552e-05,13815061348994.645,30169931285317.688,22141792112762.453,15656615384832.027,11328622792592.746,3.373568423358413,7.660429772144576,46606054733727.61,101780327519040.86,74696850708181.78,52818663278936.85,38217884133229.29,0.0009200194742043,0.0020091785057413,0.0014745414025257,0.0010426584935303,0.0007544341151882,0.0006009527047751,0.0013123866301261,0.0009631640079327,0.0006810599768942,0.0004927930710261
104,104,0.02,1540,100000.0,17.15,2.43,0.81,1.442122696067739,,0.154,11805.0,2.3073946797252645,1540.0,0.0494586760833044,0.0162964920887714,0.0063112020923579,0.0001466875015083,8.145196654980942e-06,14038189231448.508,30516847752156.863,22499405522001.05,15909486316705.695,11511592057149.344,3.1137105194771904,7.184559086846257,43710857484372.63,95020629867174.69,70056635655837.87,49537534903804.95,35843765284275.984,0.0009404348871388,0.0020443596961451,0.0015072617660241,0.0010657952904046,0.0007711751564654,0.0006140778995935,0.0013349101839915,0.0009842001313176,0.0006959347662224,0.0005035559896568
105,105,0.02,1550,100000.0,17.15,2.43,0.81,1.4459394609371756,,0.155,11940.0,2.3572552805194777,1550.0,0.0459912279332002,0.0165463185172317,0.0062775859537939,1.2864959532608194e-05,8.375256514508352e-06,14341541126680.504,31032894816731.887,22985596240345.43,16253275159181.8,11760346594511.676,3.3702079062800667,7.944440383527181,48333975293379.375,104587307466107.52,77466238179773.55,54776916444419.92,39634813073417.11,0.0009664968530552,0.0020913509166575,0.0015490320207333,0.001095331328372,0.0007925464825595,0.0006308077838189,0.0013649712699572,0.0010110135930339,0.0007148947517146,0.0005172748246996
106,106,0.02,1560,100000.0,17.15,2.43,0.81,1.446672484143814,,0.156,12065.0,2.4146098513348675,1560.0,0.0456147059790055,0.0162101681459753,0.0063854197294855,7.706719599232186e-05,2.07406563708016e-05,14690486335521.334,31644575395219.973,23544860660366.293,16648734924953.91,12046488548309.654,3.419949699375461,8.25784423518171,50240724326845.52,108222856109746.69,80522239137256.84,56937836001577.87,41198384889321.54,0.0009958124677713,0.0021450659968755,0.0015960169909991,0.0011285547280216,0.0008165858648441,0.0006496564468427,0.001399416053599,0.001041222881848,0.000736255950194,0.0005327311001476
107,107,0.02,1570,100000.0,17.15,2.43,0.81,1.4506344231815702,,0.157,12004.0,2.43831158361974,1570.0,0.0462791424481565,0.0168782318788931,0.0064282734407314,1.4923891823264152e-05,-8.912348408866586e-07,14834687674742.5,31811546996117.938,23775976251876.09,16812158369058.11,12164736490678.885,3.3924569837454666,8.271867160398257,50326039803862.99,107919304770727.42,80658976681043.4,57034524070945.98,41268345263226.91,0.0010114363555741,0.0021689270353639,0.0016210578407632,0.001146261287259,0.0008293977610058,0.0006595334341694,0.0014143053966895,0.0010570530106157,0.000747449544477,0.0005408304245679
108,108,0.02,1580,100000.0,17.15,2.43,0.81,1.4514455275971354,,0.158,12032.0,2.4703121885345207,1580.0,0.04715087803811,0.0175034094542532,0.0066182714305468,0.0001097363243954,1.307269019245487e-05,15029379355044.023,32083508586076.22,24088014150400.12,17032802539945.52,12324387508598.725,3.350945021051261,8.277880328611994,50362623919275.375,107510073354367.48,80717611084295.56,57075984865779.71,41298344959445.24,0.0010304383830629,0.002199696869008,0.0016515129311714,0.0011677962937572,0.0008449797983401,0.0006716920973499,0.0014338741915709,0.0010765400462293,0.0007612289630552,0.0005508007681917
109,109,0.02,1590,100000.0,17.15,2.43,0.81,1.4555575920956088,,0.159,12061.0,2.5149295821338247,1590.0,0.0466519029328083,0.0168548765693501,0.006346622391509,5.513338212598329e-05,-1.3504054432817913e-05,15300831577702.19,32514818531849.3,24523078355386.92,17340439468812.72,12546983685265.65,3.408221101484417,8.571436070575889,52148617053383.7,110817690631185.36,83580073124185.48,59100051706620.75,42762894556103.11,0.0010550265060368,0.0022419693476051,0.001690921015839,0.0011956620248395,0.0008651425441514,0.0006873441914801,0.0014606311782078,0.0011016261030774,0.0007789674885364,0.0005636357940983
110,110,0.02,1600,100000.0,17.15,2.43,0.81,1.45644872329798,,0.16,11986.0,2.5270643521111342,1600.0,0.0505067020199021,0.0163199420492182,0.0060250419297717,0.0001171524407875,-9.52808638070028e-06,15374659518244.145,32516073835083.832,24641404497435.67,17424108707806.271,12607524052682.45,3.167896409806209,8.005478088402114,48705328689838.47,103007553563155.66,78061416840009.02,55197771419532.58,39939330183038.15,0.0010659568431512,0.0022544064391012,0.0017084393782984,0.0012080493809217,0.0008741056361738,0.0006941625626224,0.0014680937235065,0.0011125541006133,0.00078669475169,0.0005692269929197
111,111,0.02,1610,100000.0,17.15,2.43,0.81,1.4607161966797657,,0.161,12210.0,2.5964511882936208,1610.0,0.0471251453279819,0.0161641301972047,0.0058707677147844,0.0001634126667273,-5.3984477879096e-06,15796809029578.389,33247773353701.72,25317995537051.094,17902530943284.516,12953694978396.871,3.4164350874564087,8.870606942554213,53968772638499.82,113588859465384.78,86497288296846.12,61162834868911.305,44255458036402.96,0.0011010925454302,0.0023174854695887,0.0017647523685882,0.0012478686884848,0.0009029176050545,0.0007167824048632,0.0015086223360801,0.0011488075657168,0.0008123298293116,0.0005877757097078
112,112,0.02,1620,100000.0,17.15,2.43,0.81,1.461689480167371,,0.162,12155.0,2.6268885318997275,1620.0,0.0510985649830217,0.016971567580768,0.0064525837348902,0.0001476959542717,4.03350967073841e-06,15981989828077.94,33474527277355.57,25614790074554.24,18112396427448.62,13105546885647.74,3.170343434376812,8.328138809948044,50668396519723.9,106125747772631.72,81207681535803.38,57422517094591.766,41549084522830.79,0.0011199654677914,0.0023457851622089,0.0017950005385328,0.0012692573800824,0.0009183937736376,0.0007287396757137,0.0015263566311319,0.0011679718241099,0.0008258810098695,0.0005975809076488
113,113,0.02,1630,100000.0,17.15,2.43,0.81,1.4661179968295197,,0.163,12121.0,2.61156361039474,1630.0,0.0520541604664686,0.0186160796322347,0.0063803808232206,7.582539143212037e-05,-6.629765151906197e-06,15888753005641.598,33117193418201.223,25465356764959.11,18006731093671.734,13029090852259.355,3.131353930969623,8.17772997738679,49753309182421.23,103701653792765.72,79741045009498.6,56385448194081.92,40798694857182.695,0.0011193918975262,0.0023331672389886,0.0017940812611404,0.001268607352637,0.0009179234347071,0.000727976990898,0.0015173346078833,0.0011667494474435,0.0008250166588168,0.0005969554910569
114,114,0.02,1640,100000.0,17.15,2.43,0.81,1.4671757464714366,,0.1639999999999999,12111.0,2.6780334286850613,1640.0,0.0483125075938914,0.0150953241423142,0.0068080772597861,0.0001685418385763,2.280374113306141e-05,16293155380119.912,33798166615525.355,26113503963108.03,18465040490783.496,13360708775709.77,3.3945660899774057,9.090761464840234,55308192752087.98,114730110296468.8,88644015043657.12,62680800300073.41,45353808948087.92,0.0011538119167305,0.0023934423072046,0.0018492472057921,0.0013076155762421,0.0009461485293505,0.0007500347729671,0.001555855795441,0.0012021020827091,0.0008500147533873,0.0006150433074183
115,115,0.02,1650,100000.0,17.15,2.43,0.81,1.4682654262167942,,0.165,12129.0,2.6960030817737537,1650.0,0.0530845367597976,0.0167119173557718,0.0058560085077501,7.15642493509653e-05,-4.059076204161417e-05,16402482749511.518,33862855581783.32,26288726050375.87,18588941248830.03,13450359374969.258,3.108249785556366,8.37985100078257,50983013488761.17,105254213600404.2,81711927108630.86,57779072650395.83,41807076642904.25,0.0011673791777043,0.002410049326524,0.0018709918411891,0.0013229913593476,0.0009572739509478,0.0007585805013972,0.0015660862052566,0.0012157985649448,0.00085969963135,0.0006220509732857
116,116,0.02,1660,100000.0,17.15,2.43,0.81,1.472916039858722,,0.166,12315.0,2.7645293631324592,1660.0,0.0526685158567943,0.015673233404323,0.0064182228029074,8.787923718333145e-05,1.4662067208628048e-05,16819396645297.88,34557355044829.88,26956925819904.61,19061429958798.305,13792236992667.838,3.1517880711002744,8.713210668927324,53011173709753.83,108917459399071.69,84962517232710.33,60077587562253.89,43470208027278.414,0.0012030536356255,0.0024718099288006,0.0019281683104839,0.0013634212389279,0.0009865277100814,0.0007814179688582,0.001605511705189,0.0012524008241841,0.0008855813437339,0.0006407781470469
117,117,0.02,1670,100000.0,17.15,2.43,0.81,1.474093410753626,,0.1669999999999999,12332.0,2.820060529849368,1670.0,0.0496866611670157,0.0161240234168005,0.0061189637062044,6.907009984297224e-05,-1.2355126848795403e-06,17157248263603.55,35081953144215.168,27498410226561.184,19444317353311.387,14069281983418.494,3.3610630313566388,9.478401193064723,57666592858605.78,117912655780807.4,92423890033574.12,65353576226181.27,47287743552199.91,0.0012332350922192,0.002521633717501,0.0019765409901759,0.0013976258975759,0.0010112770997833,0.0008006892007972,0.001637193831661,0.0012832873762284,0.0009074214397595,0.0006565809373401
118,118,0.02,1680,100000.0,17.15,2.43,0.81,1.475303596328748,,0.168,12559.0,2.8819829907318324,1680.0,0.0496780689718434,0.0168234142510128,0.0064884604384149,0.0001233187517161,-3.826712717891329e-05,17533984515612.469,35673692978295.85,28102216142626.098,19871272721095.984,14378213140761.111,3.381773959354561,9.746215029359687,59295972238624.33,120640365948010.56,95035342751286.31,67200152627435.04,48623866781475.484,0.0012664452069106,0.0025766406628759,0.002029767786421,0.0014352629358397,0.0010385100488621,0.0008218721356138,0.0016721364278152,0.0013172378688971,0.000931428069536,0.0006739513616991
119,119,0.02,1690,100000.0,17.15,2.43,0.81,1.4801873372952423,,0.1689999999999999,12255.0,2.84278784717572,1690.0,0.0495853129441457,0.017098653300036,0.0068464686023909,-7.398363309824505e-06,9.72519191432053e-06,17295521262217.076,35009736900567.24,27720024297810.44,19601022206276.586,14182668569559.664,3.408267286532332,9.68898082208068,58947759321538.85,119322540988307.2,94477251996108.69,66805522768246.29,48338325321360.51,0.0012550650706304,0.0025405130755931,0.0020115285180337,0.0014223658221559,0.001029178112652,0.0008142057443304,0.0016481219883329,0.0013049507253396,0.0009227397447663,0.0006676647696358
120,120,0.02,1700,100000.0,17.15,2.43,0.81,1.4814888250827187,,0.17,12321.0,2.913713953099512,1700.0,0.0533281437965342,0.0166880743648268,0.0063424883837255,-3.963758887956345e-06,-7.51428453930323e-06,17727035690657.43,35699959518564.48,28411624756673.34,20090057706621.133,14536518912013.465,3.1878101860925465,9.288367019050604,56510424943903.88,113804694596371.4,90570866802762.44,64043290596353.92,46339663058043.46,0.0012923483804215,0.0026026226646142,0.0020712835400214,0.0014646190143008,0.0010597511620517,0.0008380586545636,0.0016877418517227,0.0013431804636176,0.0009497722589112,0.0006872246264986
121,121,0.02,1710,100000.0,17.15,2.43,0.81,1.4828241535162892,,0.171,12518.0,2.9783316855081194,1710.0,0.0554228649634751,0.0150973833958984,0.0061996543067496,-8.242842410859682e-05,1.905780456737294e-06,18120169974631.4,36304364714678.31,29041712265389.67,20535596971578.484,14858896779000.008,3.0853691903638087,9.189252821151063,55907414163883.08,112012368366399.44,89604404259044.02,63359898201836.586,45845182324722.66,0.0013269923682731,0.0026586734549858,0.0021268084456001,0.001503881061677,0.0010881599154034,0.0008602190392711,0.0017234775269731,0.0013786975430527,0.000974886633099,0.0007053965790473
122,122,0.02,1720,100000.0,17.15,2.43,0.81,1.484193543188678,,0.172,12446.0,2.9520763241579804,1720.0,0.0504757137659908,0.0153068144290326,0.0061262501749503,0.0001339675220965,-2.890941637442988e-05,17960432356177.152,35800795838294.086,28785696236864.465,20354566255069.28,14727908781224.164,3.4075793518721675,10.05943432735142,61201598447606.04,121994052679161.95,98089544126003.7,69359799687088.05,50186517859156.24,0.0013212537958632,0.0026336747611759,0.0021176110722324,0.0014973775349239,0.0010834541728405,0.0008561229601396,0.0017065225769964,0.001372132640421,0.0009702445447341,0.0007020377133689
123,123,0.02,1730,100000.0,17.15,2.43,0.81,1.4893837308043654,,0.173,12387.0,3.002771916397416,1730.0,0.051142300679885,0.0157831147833137,0.0066045696202888,4.805588403432905e-05,5.016971175324986e-05,18268864339361.875,36232584691968.95,29280028956791.2,20704112363560.18,14980829090906.703,3.3827183701190697,10.15753172287518,61798423001972.6,122564629834418.34,99046091829755.88,70036181229224.375,50675925765424.28,0.0013496810061,0.0026768183534702,0.002163172171348,0.0015295941053681,0.0011067650459292,0.0008743342461383,0.0017340645282498,0.001401320386932,0.0009908834035377,0.0007169713270848
124,124,0.02,1740,100000.0,17.15,2.43,0.81,1.490849401637075,,0.174,12457.0,3.060026704859739,1740.0,0.0511340640387061,0.0161428779765014,0.0066075981596602,0.0001174622797193,-7.335242934319411e-06,18617202472366.65,36736939926154.1,29838320399087.32,21098884130007.902,15266473230545.238,3.402819691161063,10.412719126775425,63350983167301.67,125009182573718.23,101534424205187.16,71795698379116.55,51949055723482.586,0.0013812382387569,0.0027255687999438,0.002213749846502,0.0015653579316615,0.0011326425991384,0.0008945116430048,0.0017651212925835,0.0014336592753024,0.0010137504566926,0.0007335171904916
125,125,0.02,1750,100000.0,17.15,2.43,0.81,1.4923503504315625,,0.175,12514.0,3.091888250570364,1750.0,0.05106728969713,0.0176051848098231,0.0064179757171418,0.0001317194930092,-1.6015889470399178e-05,18811048116470.094,36931006863199.84,30149002331311.62,21318569487682.66,15425430482095.549,3.4268511416581977,10.59544078134662,64462661713712.84,126557063031743.12,103316143058910.9,73055564187384.95,52860654058138.29,0.0014013728078296,0.0027512613047087,0.0022460200935481,0.001588176448058,0.0011491533429096,0.0009077333080702,0.0017821178715153,0.0014548500142986,0.0010287345757962,0.0007443592166276
126,126,0.02,1760,100000.0,17.15,2.43,0.81,1.493886850126298,,0.176,12489.0,3.087076524508509,1760.0,0.0509425361128705,0.0167758239816319,0.00639371239204,6.368474431437883e-05,-3.388972509292264e-05,18781773575109.77,36685381891832.375,30102083190482.48,21285392636486.17,15401424780772.951,3.454873145892196,10.66545778383866,64888645156874.414,126743340744891.56,103998878850210.8,73538331419567.58,53209968883571.086,0.0014049099702929,0.0027441316219539,0.0022516892045243,0.0015921851159055,0.001152053885896,0.0009101680877667,0.0017777801309312,0.0014587523050317,0.0010314939127467,0.0007463557840019
127,127,0.02,1770,100000.0,17.15,2.43,0.81,1.4994039506586678,,0.177,12399.0,3.101459194192619,1770.0,0.0524111396341595,0.0174613521639395,0.0063819093462859,-6.839538998172973e-06,5.791128733327655e-06,18869277737467.89,36660061528633.17,30242328602572.23,21384561143958.11,15473179919826.977,3.3771446535125187,10.474076335754846,63724280426732.49,123806330788863.48,102132718349945.52,72218756335029.69,52255166839080.93,0.0014168530517157,0.0027527243371797,0.0022708307211178,0.0016057202155786,0.0011618474482265,0.0009182532440577,0.0017840227323159,0.0014717106151886,0.0010406568240924,0.0007529857716312
128,128,0.02,1780,100000.0,17.15,2.43,0.81,1.5010424235222162,,0.178,12458.0,3.1701993858682287,1780.0,0.0522625285138929,0.0155214491718627,0.006278614754024,8.798738257351738e-05,-5.0699358698194753e-05,19287493063622.305,37271548216440.55,30912614211601.1,21858524765561.44,15816124736096.594,3.405881901651246,10.797324712954495,65690923553615.15,126942491516896.62,105284713276019.3,74447553895821.23,53867852992929.98,0.0014538529054324,0.0028094552509076,0.0023301314399855,0.0016476521668239,0.0011921880580543,0.00094247621825,0.0018212604248506,0.0015105334655089,0.0010681087318925,0.0007728490882395
129,129,0.02,1790,100000.0,17.15,2.43,0.81,1.502717870241521,,0.179,12737.0,3.279543579370737,1790.0,0.0585055738501978,0.0167128322475065,0.0062340221863386,1.3677010567989326e-06,5.721657070262973e-05,19952743136891.566,38349116583399.42,31978829442444.062,22612452979761.234,16361642917480.61,3.059537548650072,10.033886723519029,61046166825889.76,117330562144469.69,97840429441034.05,69183648958663.695,50059060863636.43,0.0015095864375464,0.0029014209168637,0.002419457158533,0.0017108150044185,0.0012378906536684,0.0009789538231301,0.0018815465139512,0.0015689971612988,0.0011094488182909,0.0008027614437206
130,130,0.02,1800,100000.0,17.15,2.43,0.81,1.504430619946115,,0.18,12747.0,3.308128485558608,1800.0,0.0525408569310457,0.0168369770737951,0.0068525578918852,0.0001572514744193,-1.3221581156583888e-05,20126653706138.57,38473584925357.125,32257560862681.984,22809545907926.6,16504253014451.896,3.425905295686952,11.333334897488092,68952009516317.55,131806858339842.66,110511348585406.38,78143344118180.39,56542007803568.086,0.0015281167694076,0.0029211080571101,0.0024491562489306,0.001731815438045,0.0012530858912844,0.0009914314703081,0.0018951944733336,0.0015889954416461,0.0011235897415803,0.000812993360514
131,131,0.02,1810,100000.0,17.15,2.43,0.81,1.5061810140465293,,0.181,12857.0,3.35403712911366,1810.0,0.0567311812433217,0.0162593582093157,0.00643907664031,1.4415071428836665e-05,-3.340150895228239e-05,20405961893527.508,38794610116596.24,32705216045987.3,23126086005238.688,16733291237148.05,3.190485303376383,10.701006167415848,65104921522558.016,123773633427217.05,104345511138471.94,73783437524332.28,53387319769237.67,0.0015548534430747,0.0029559955775309,0.0024920078769595,0.0017621161226167,0.001275010491042,0.0010091669828554,0.0019185686931444,0.0016174206525022,0.0011436894061125,0.0008275368306157
132,132,0.02,1820,100000.0,17.15,2.43,0.81,1.5079694063994111,,0.182,12442.0,3.2567596690357705,1820.0,0.0580799835599918,0.0160672934330128,0.0059315595170222,7.198474296582419e-05,-8.723263602782408e-06,19814125826413.63,37462405022680.84,31756663532767.8,22455357918001.64,16247973988819.46,3.133609702420264,10.205413697341497,62089736934625.67,117392555855070.31,99512988962776.95,70366327443169.62,50914808936036.734,0.0015149791082286,0.0028643585616935,0.0024281001453546,0.0017169265205845,0.0012423127499922,0.0009837023307259,0.0018598779203412,0.0015766077296036,0.0011148303041346,0.000806655313608
133,133,0.02,1830,100000.0,17.15,2.43,0.81,1.5139788773686675,,0.183,12708.0,3.3360101611174784,1830.0,0.0541886050648372,0.0145963910178104,0.0068019401730771,1.4885848102536352e-05,-2.9660987742175304e-05,20296285820238.74,38161941488159.75,32529435081056.527,23001790060905.01,16643354693815.098,3.37709375949129,11.26601909670937,68542460184379.805,128876454449736.06,109854952212013.05,77679201671811.11,56206169273483.05,0.0015569794810142,0.0029274991680242,0.0024954153384894,0.001764525562392,0.0012767538840861,0.0010115016231959,0.0019018684552171,0.0016211624470387,0.0011463352550848,0.000829451281743
134,134,0.02,1840,100000.0,17.15,2.43,0.81,1.5158783679339198,,0.184,12772.0,3.40421429049765,1840.0,0.057312527936574,0.0176277391992154,0.0064228228664174,0.0001601644709122,2.098099813478241e-05,20711239743387.703,38725740133880.695,33194493546642.586,23472057532981.297,16983625095292.775,3.210467355472908,10.929118850677073,66492759087519.31,124327724516351.02,106569837912952.14,75356274475418.4,54525373946027.92,0.0016166044991179,0.0030227164818605,0.0025909780524159,0.0018320986228497,0.001325647574967,0.0010360696613034,0.0019372362524577,0.0016605383411192,0.0011741782239788,0.0008495975575678
135,135,0.02,1850,100000.0,17.15,2.43,0.81,1.517817603130994,,0.185,12491.0,3.3714372996460584,1850.0,0.052184921594744,0.0165081938884709,0.0063363783886354,0.0001055895642388,-8.470820957239662e-06,20511824531046.62,38138543200408.72,32874885108848.72,23246060181059.57,16820100687934.188,3.545085330139361,11.952032912459902,72716168239406.06,135204390012655.22,116544272929396.52,82409266931411.03,59628692200262.47,0.0016099229470774,0.0029934009904145,0.0025802693387496,0.0018245264168473,0.0013201685705078,0.0010298961926375,0.0019149315739997,0.0016506439471414,0.0011671818290986,0.0008445351914971
136,136,0.02,1860,100000.0,17.15,2.43,0.81,1.519796999868974,,0.186,12746.0,3.4772103221391624,1860.0,0.0545409079318233,0.0159327771399732,0.0063558499655908,0.0001285089877481,-1.4308991294985162e-05,21155347599894.664,39113802733724.4,33906277851178.973,23975365171149.527,17347802297152.28,3.410284262823456,11.858275640118464,72145748994480.73,133389185922001.38,115630045766795.14,81762810538616.81,59160937168551.016,0.001670037245093,0.0030877066450501,0.0026766162355197,0.0018926539784543,0.0013694634805668,0.0010660828260378,0.0019710644393128,0.0017086412946572,0.001208192157385,0.0008742089446256
137,137,0.02,1870,100000.0,17.15,2.43,0.81,1.521816988780577,,0.187,12871.0,3.544381598693154,1870.0,0.0593097794198911,0.0145670157259617,0.0063217323213047,9.438792433579336e-05,-4.540871714702153e-05,21564017646449.15,39643722554496.98,34561264968856.945,24438511122989.297,17682919795880.145,3.152937033808703,11.175212004469744,67989989835193.91,124994161000110.88,108969492255584.44,77053086770818.88,55753132690299.54,0.0017120965330595,0.0031475526061956,0.0027440258536922,0.0019403197888635,0.0014039529262712,0.0010905899845469,0.0020049625017446,0.0017479196152723,0.0012359661314021,0.000894305297979
138,138,0.02,1880,100000.0,17.15,2.43,0.81,1.523878014455014,,0.188,12886.0,3.578858996079432,1880.0,0.0588068708366336,0.0169130975903986,0.0065642775894256,0.000194084273586,1.4647647447388592e-05,21773778132147.26,39801491270649.65,34897454070770.53,24676232777967.68,17854927531440.285,3.1969053500953466,11.441273471803196,69608707802450.65,127241600384913.12,111563857623552.95,78887580588083.03,57080513350826.16,0.0017382576694511,0.0031774571705887,0.0027859550517453,0.0019699682167761,0.001425405574111,0.0011050940274447,0.0020200623897076,0.0017711656577274,0.0012524035698934,0.000906198899231
139,139,0.02,1890,100000.0,17.15,2.43,0.81,1.5259805356815233,,0.189,12718.0,3.5605774000364594,1890.0,0.0610339363599905,0.0164191374914422,0.0062960598774284,0.0001435625656608,-1.982001558925589e-05,21662552901821.82,39371481317526.59,34719190227755.52,24550181173251.39,17763720648781.9,3.096637891504157,11.025818892586257,67081082142494.78,121919220892500.86,107512760021608.58,76023021264382.23,55007810455112.84,0.0017392330567324,0.0031610393341132,0.0027875183327085,0.0019710736236309,0.0014262054109201,0.0011032790366963,0.0020051990260878,0.0017682567203856,0.0012503466400429,0.0009047105710187
140,140,0.02,1900,100000.0,17.15,2.43,0.81,1.5281250257039851,,0.19,12786.0,3.607457725598795,1900.0,0.0609595370001443,0.0168425704887754,0.0063723943764211,7.923315793942181e-05,1.1350761165497032e-05,21947772802543.07,39660185745947.41,35176320282313.85,24873421018003.69,17997606593012.387,3.116821572964869,11.243802062705104,68407291749497.87,123613722520762.69,109638313913437.48,77526015222351.7,56095328490835.766,0.0017721242348459,0.0032022737318814,0.0028402339602207,0.0020083492109242,0.0014531768257144,0.0011216441958626,0.0020268396957172,0.0017976910838029,0.0012711598833782,0.000919770363767
141,141,0.02,1910,100000.0,17.15,2.43,0.81,1.5303119724869625,,0.191,12866.0,3.6580284977322,1910.0,0.0570755569258381,0.0168101123441335,0.0065342057078277,2.779980185134957e-05,7.937094587970425e-06,22255445380202.703,39983183461995.805,35669435881386.68,25222106491863.52,18249904175185.945,3.346441283931376,12.241377582608504,74476541212590.16,133801375800225.0,119365672808015.52,84404298432085.66,61072232759633.84,0.0018071053462687,0.0032465683503817,0.0028962991833442,0.0020479933205987,0.0014818620270438,0.0011412054015907,0.0020502409257652,0.0018290423850939,0.0012933286068324,0.0009358109382867
142,142,0.02,1920,100000.0,17.15,2.43,0.81,1.532541878993534,,0.192,12887.0,3.692498509013927,1920.0,0.0569081270009519,0.0175513232715013,0.0065537182020196,-7.387479728782539e-05,5.263152811885078e-05,22465160928840.73,40124758479638.28,36005552961394.805,25459777219651.027,18421875061470.484,3.3738590622880333,12.457969557121688,75794286785528.36,135375280018646.2,121477661151493.6,85897700096354.05,62152810120480.12,0.001833960769029,0.0032756156589089,0.0029393411339253,0.0020784285835724,0.0015038840034,0.0011557876910053,0.002064338737756,0.001852413835469,0.0013098547221371,0.0009477687032258
143,143,0.02,1930,100000.0,17.15,2.43,0.81,1.534815263474804,,0.193,12814.0,3.700656179968272,1930.0,0.05696483012116,0.0164219212222031,0.0065117522982137,0.0001065069195754,-4.262077793105461e-05,22514792198926.97,39977693719969.35,36085098410870.63,25516024360881.24,18462573681861.71,3.3880553946970973,12.538028134460658,76281363170058.64,135446640875490.42,122258312339125.86,86449703987106.23,62552222362824.22,0.0018482120209997,0.0032817204552576,0.0029621820211651,0.0020945795339897,0.0015155703111058,0.001162131766205,0.0020635032915741,0.0018625816653953,0.0013170444654805,0.0009529709700192
144,144,0.02,1940,100000.0,17.15,2.43,0.81,1.5371326597720596,,0.194,13051.0,3.799575102455604,1940.0,0.0606289834499875,0.0173510257098743,0.0063526956232483,0.0001178213709156,-2.649054595330197e-05,23116614923339.89,40804290455383.89,37049656824044.59,26198070331431.39,18956080186151.008,3.199789753361596,12.15784147996528,73968307564108.75,130565150492327.77,118551112271141.42,83828317004360.6,60655471143546.77,0.00190809378647,0.0033680715510221,0.0030581562314052,0.0021624435663561,0.0015646745398913,0.0011970388071014,0.0021129529272911,0.0019185281735776,0.0013566046309935,0.000981595432056
145,145,0.02,1950,100000.0,17.15,2.43,0.81,1.5394946176312805,,0.195,12816.0,3.759994702673769,1950.0,0.058120433877093,0.0160051116592527,0.0063392603601192,0.0001538769286231,5.0114694655637965e-05,22875807771067.21,40139739626855.87,36663708345771.92,25925163474935.64,18758613571639.44,3.355102276290044,12.615166785779268,76750674724681.08,134672931791753.8,123010491328133.64,86981574987948.06,62937067094252.766,0.0018982360165798,0.0033307982047394,0.0030423569029701,0.0021512717512028,0.001556590974148,0.0011883166120051,0.0020851162886796,0.0019045488631924,0.0013467197632767,0.0009744430600417
146,146,0.02,1960,100000.0,17.15,2.43,0.81,1.5419017030307858,,0.196,13028.0,3.848569290849852,1960.0,0.0576948646321398,0.0146922394950121,0.0059578047996515,7.547420781386042e-05,3.800290488979616e-06,23414695565530.5,40840255471532.7,37527399155076.91,26535885260409.73,19200512192049.914,3.3971827692063816,13.07429328097194,79544000321433.3,138741812177877.56,127487433782757.4,90147252172301.56,65227649178769.02,0.0019535785786019,0.003407460413505,0.0031310560026212,0.0022139915022124,0.0016019729665754,0.0012200873099645,0.0021280941832907,0.0019554686652637,0.0013827255098957,0.0010004956590094
147,147,0.02,1970,100000.0,17.15,2.43,0.81,1.5443544985222362,,0.1969999999999999,13027.0,3.874679264985173,1970.0,0.0607324169800449,0.0172061701538906,0.0067354256214622,0.0002047637495231,-2.032596253566018e-05,23573548648169.79,40870629723254.18,37781997512870.414,26715913532072.76,19330774853011.023,3.243737196639629,12.5684412568807,76466396606862.19,132573581883404.8,122554870695843.7,86659402466192.42,62703953430577.81,0.0019775368094006,0.0034285535838234,0.0031694545411678,0.0022411433762027,0.0016216191883793,0.0012321271062788,0.0021361998350052,0.0019747651895669,0.0013963702165997,0.0010103685294584
148,148,0.02,1980,100000.0,17.15,2.43,0.81,1.5468536035854068,,0.198,12959.0,3.880107865972993,1980.0,0.0584878831259629,0.0158003779266266,0.0067249792433312,3.587439292523954e-05,1.5064529912226e-05,23606576256579.69,40680846062435.35,37834931801102.66,26753343735883.79,19357858143339.26,3.3853165718713987,13.13539345932694,79915733806545.11,137717542332911.72,128083221621897.02,90568537902059.28,65532477968582.11,0.0019910337373515,0.0034311175027652,0.0031910864518268,0.002256439450861,0.0016326869355106,0.0012375662519832,0.0021326786926571,0.0019834826632294,0.0014025344029296,0.0010148287362169
149,149,0.02,1990,100000.0,17.15,2.43,0.81,1.5493996349971195,,0.199,13110.0,3.949757669047612,1990.0,0.0511256232985033,0.0161099514570771,0.0067756255470689,0.0001267931172404,2.609560003308464e-05,24030325658485.67,41159606978622.52,38514087030883.27,27233579128083.285,19705341010878.53,3.892373083416776,15.37393043701991,93534992778829.14,160208546327603.56,149911195691381.16,106003250363252.28,76700538950292.33,0.0020371632155046,0.0034892925919158,0.0032650194796821,0.0023087180096819,0.0016705140174478,0.0012635170653195,0.002164176489259,0.0020250747705342,0.0014319444716268,0.0010361089150031
150,150,0.02,2000,100000.0,17.15,2.43,0.81,1.551993227214839,,0.2,13067.0,3.958475417853023,2000.0,0.0582347493182169,0.0148023883696188,0.0063316714839685,0.0001820232608577,-2.4095885024791617e-05,24083364442217.79,40998417933919.65,38599093799484.82,27293688006096.59,19748833859668.73,3.434375563413582,13.59489124344779,82711318325136.36,140803964690870.84,132563784514859.4,93736775123572.52,67824912413561.04,0.0020526137028941,0.0034942756710779,0.0032897824156675,0.0023262280541511,0.0016831837218506,0.0012699985995168,0.0021619875197839,0.0020354629099093,0.0014392899973156,0.0010414239008858
151,151,0.02,2010,100000.0,17.15,2.43,0.81,1.5546350327754337,,0.201,13134.0,3.996333235408491,2010.0,0.0638099766933919,0.0163878229975994,0.0059701895281715,1.578129887500611e-05,-2.6278192176983585e-06,24313691404225.26,41136634857046.57,38968245378468.2,27554717658141.547,19937706511452.96,3.1499776432423494,12.58836034648311,76587584348003.25,129579480117920.66,122749101738556.8,86796744589001.06,62803329768604.25,0.0020832319768182,0.0035246459177318,0.00333885519493,0.0023609277580804,0.001708291310379,0.001285785601188,0.0021754365431868,0.0020607651869139,0.0014571814135751,0.0010543695536369
152,152,0.02,2020,100000.0,17.15,2.43,0.81,1.5573257227094102,,0.2019999999999999,13174.0,4.019936774362038,2020.0,0.0589581443432507,0.0165943572699524,0.0063085330797697,3.2123004868631035e-05,2.1626220518261216e-05,24457295335218.64,41124640614672.53,39198403486804.24,27717464059226.254,20055464567292.207,3.4261593923982443,13.7729441363276,83794592125417.11,140899573700962.62,134299978273330.42,94964449819978.8,68713218296138.39,0.0021066741035645,0.0035423465356192,0.0033764265588194,0.0023874947311106,0.0017275143166803,0.0012969944866451,0.0021808802409024,0.0020787299867318,0.0014698844486223,0.0010635610607943
153,153,0.02,2030,100000.0,17.15,2.43,0.81,1.5600659869712787,,0.203,12934.0,3.949440117125445,2030.0,0.0598436299169407,0.0166929706374063,0.0064033327308313,0.0001759734155185,-1.577876659361931e-05,24028393672591.207,40152959411955.984,38510990582090.21,27231389607579.94,19703756744338.844,3.392173908597316,13.397187718880462,81508490081668.73,136205821270204.12,130635977446803.4,92373609321680.78,66838569529494.63,0.0020801323587424,0.003476032202159,0.0033338873487997,0.0023574149594886,0.0017057495624204,0.0012777458308344,0.0021351937704772,0.0020478796180911,0.0014480699381333,0.0010477767833716
154,154,0.02,2040,100000.0,17.15,2.43,0.81,1.5578150440698002,,0.204,12410.0,3.795645690513279,2040.0,0.0585932256208252,0.0153156055652522,0.0062388614796115,-2.1654342831871693e-05,-2.7002334642623745e-05,23092708381082.79,38348636226297.55,37011341128194.98,26170977036089.06,18936476349970.742,3.4816311585258446,13.215038302815378,80400293034328.75,133515806772450.5,128859838490752.72,91117689097912.05,65929826092745.9,0.0020096575321745,0.0033373142885194,0.003220935337974,0.0022775458061051,0.0016479588145987,0.0012312959019068,0.0020447371460264,0.0019734329946571,0.0013954282123024,0.0010096869254788
155,155,0.02,2050,100000.0,17.15,2.43,0.81,1.5606069692808129,,0.205,12666.0,3.926825459901788,2050.0,0.0600079573323455,0.016264586498721,0.0063271122848386,8.482670561647705e-05,2.083590439508012e-06,23890806098042.48,39424933832858.95,38290475059502.336,27075461546022.83,19590932219450.02,3.416213600883573,13.41487454441238,81616096728204.92,134683995173747.69,130808441682565.12,92495559983723.36,66926809102073.37,0.0020899319665444,0.0034488342150557,0.0033495934592003,0.0023685208595207,0.0017137854341042,0.0012771734255341,0.0021076089935239,0.0020469622078211,0.0014474212309431,0.0010473073997353
156,156,0.02,2060,100000.0,17.15,2.43,0.81,1.5634497295942005,,0.206,13074.0,4.104387701961424,2060.0,0.0657331938596144,0.0147972502480868,0.0062388907193644,1.984891605801931e-05,-1.5132484112255942e-05,24971094778733.305,40946733141136.1,40021884481825.84,28299753205024.02,20476790245085.543,3.133880888854294,12.862662179625502,78256436700841.55,128322184452023.2,125423818913528.28,88688055728517.83,64171821614151.625,0.0021957491140019,0.0036005130657105,0.003519189613845,0.0024884434814338,0.0018005575821426,0.0013383155638007,0.0021945233372887,0.0021449564534223,0.0015167136443797,0.0010974451590733
157,157,0.02,2070,100000.0,17.15,2.43,0.81,1.566344075009539,,0.207,13001.0,4.126370247504732,2070.0,0.0664251248067557,0.0165897110973419,0.0063382970269571,2.6106338806514352e-05,-6.044186520455833e-06,25104836585818.79,40901728980768.12,40236236283418.64,28451322856545.13,20586461164801.11,3.116290719847425,12.858969308953515,78233969275673.2,127461678448482.16,125387809731605.72,88662593385234.5,64153397882369.11,0.0022183918345987,0.0036142860871343,0.0035554797467409,0.0025141044871068,0.0018191250596339,0.0013488231816326,0.0021975526520367,0.0021617973116534,0.0015286219325044,0.0011060616129462
158,158,0.02,2080,100000.0,17.15,2.43,0.81,1.5692907762790194,,0.208,13075.0,4.186053350734187,2080.0,0.0671928098599892,0.0156118746140333,0.0063362108035076,0.0001116768259012,7.528345348110127e-06,25467948585866.8,41225192240697.94,40818206223009.055,28862837853312.22,20884220166812.86,3.0955693091777694,12.958218279113511,78837800010126.62,127615439865258.06,126355586439635.86,89346915034487.67,64648550994497.32,0.0022620291270214,0.0036615664312777,0.0036254184775782,0.0025635586506924,0.0018549085001167,0.0013717003337085,0.0022203833875,0.0021984631745549,0.0015545486194806,0.0011248213288744
159,159,0.02,2090,100000.0,17.15,2.43,0.81,1.5722906254273268,,0.209,13090.0,4.209707386334988,2090.0,0.0666072501935559,0.0152331751018306,0.0064703737525073,9.020294273725268e-05,-4.402315333108988e-05,25611859738462.062,41188495109081.56,41048856724152.46,29025932428779.74,21002230150425.254,3.1377965520669417,13.209205322052664,80364805179368.4,129241117938102.2,128802961095335.48,91077470695553.1,65900725351720.734,0.0022864338167052,0.0036769984311283,0.00366453256849,0.0025912164967427,0.0018749208270122,0.0013827580666797,0.0022237246513166,0.0022161857179806,0.0015670803533459,0.001133888888012
160,160,0.02,2100,100000.0,17.15,2.43,0.81,1.5753444362910587,,0.21,12944.0,4.163403217343219,2100.0,0.0626605191209819,0.0162847703820408,0.0063371351727412,-2.1583467511210354e-05,-2.004358634500985e-05,25330145174316.14,40468765796196.48,40597344772313.73,28706665183581.49,20771218651325.32,3.3513925984963846,13.953198727160098,84891261056042.03,135626722159656.52,136057640788538.12,96207305223768.88,69612508449801.73,0.0022727005828602,0.0036309854120341,0.0036425219236472,0.0025756526165058,0.0018636593043868,0.001370775280421,0.0021900223390279,0.0021969805653164,0.0015535002561642,0.001124062766933
161,161,0.02,2110,100000.0,17.15,2.43,0.81,1.5784530450786916,,0.211,12976.0,4.150325690227053,2110.0,0.0678711224500148,0.0153365950956941,0.0064461041733207,3.009492756057582e-05,-4.0802220674029926e-05,25250581499341.39,40075806943101.38,40469825805403.99,28616495634115.53,20705974868542.77,3.1088332177708664,12.90267037034566,78499846533183.0,124588999853685.88,125813938781240.56,88963912203533.34,64371422477654.52,0.0022765209928237,0.0036131213775295,0.0036486450034556,0.0025799822888756,0.0018667921159101,0.0013696270631717,0.0021737681474444,0.0021951402848435,0.0015521989810271,0.0011231212061413
162,162,0.02,2120,100000.0,17.15,2.43,0.81,1.5762260242817332,,0.212,13215.0,4.274039417086121,2120.0,0.062590730564807,0.0166656158261254,0.0065201950628845,2.641235412174793e-05,7.399060395475626e-07,26003255813551.965,40997072185426.6,41676158356006.77,29469501780808.81,21323182651842.66,3.387083008729116,14.476526288250897,88075185937718.47,138860486606899.48,141160607836734.5,99815648757489.94,72223389652083.72,0.0023561973706397,0.0037148114982158,0.0037763446024175,0.0026702795645235,0.0019321283172455,0.0014136429809753,0.0022287679570212,0.0022656858493575,0.0016020822409311,0.0011592151269043
163,163,0.02,2130,100000.0,17.15,2.43,0.81,1.5793903381641194,,0.213,13202.0,4.329368451507668,2130.0,0.0619315961366737,0.0156007185088921,0.0069458248587512,0.0001233409453172,5.249827450116867e-06,26339877658972.65,41251111346038.03,42215671770651.27,29850995473145.37,21599219204571.76,3.439278385946018,14.889903340066905,90590171920967.05,141874055648681.2,145191447468992.4,102665883529761.31,74285727763593.8,0.0023985864595994,0.0037564471027195,0.0038442828020305,0.0027183191385499,0.0019668882062691,0.0014351419434425,0.0022475882717758,0.0023001428485384,0.0016264470249895,0.00117684470017
164,164,0.02,2140,100000.0,17.15,2.43,0.81,1.5826110186001665,,0.214,13231.0,4.380764330400853,2140.0,0.0702911667062835,0.0169121686652896,0.0065419262604246,0.0001218226223227,-1.1629365112443172e-05,26652570186158.8,41460853969508.94,42716832985738.72,30205370058113.883,21855633244369.86,3.044479271402816,13.337146196806236,81143197461369.14,126226710484829.12,130050512565057.6,91959623026978.98,66539022375866.31,0.0024386385763109,0.003793556763593,0.0039084754696923,0.002763710220852,0.0019997317319551,0.0014553430339288,0.0022639379460897,0.0023325197113477,0.0016493409301346,0.0011934099928124
165,165,0.02,2150,100000.0,17.15,2.43,0.81,1.5858889725268213,,0.215,13172.0,4.378330440895593,2150.0,0.0631108593506724,0.0164749509573252,0.0064044961239825,0.0002338024117543,5.56598751623994e-05,26637762402408.785,41158006601628.54,42693100129172.92,30188588389975.12,21843490569628.12,3.406703730737733,14.915674647401598,90746964554791.31,140213134639496.2,145442743486813.0,102843576693834.05,74414300815886.58,0.0024493151910172,0.0037844368937025,0.0039255871840252,0.0027758100332123,0.0020084867665984,0.0014910502825289,0.002303821786703,0.0023897487351972,0.0016898079714065,0.0012226906409495
166,166,0.02,2160,100000.0,17.15,2.43,0.81,1.5892251316496036,,0.216,13171.0,4.361300720782941,2160.0,0.0631615067877646,0.0156056451027918,0.0060486010293712,8.17210708498722e-05,8.126272165316757e-06,26534153585243.41,40719196646441.66,42527043328354.45,30071168469798.38,21758529295986.094,3.4198044186280003,14.914795475898982,90741615675369.42,139251688614483.62,145434170685490.97,102837514806323.5,74409914629260.03,0.0024518709343283,0.0037626304681576,0.003929683346587,0.002778706458283,0.0020105825265227,0.0014876990297685,0.0022830164583639,0.0023843775869943,0.0016860099951108,0.0012199425475863
167,167,0.02,2170,100000.0,17.15,2.43,0.81,1.5870146840822026,,0.217,13178.0,4.369368839103185,2170.0,0.0678636494794773,0.0147544388743306,0.0064730116730137,2.0320763913128567e-06,-2.1734546281759705e-05,26583240017103.777,40515314839007.77,42605715550095.16,30126798145616.457,21798781138285.79,3.1975881294981505,13.971441933315456,85002252722291.25,129551289792091.52,136235530291759.05,96333092130210.08,69703523805310.81,0.0024684259460601,0.0037621092950691,0.0039562165351795,0.0027974682606976,0.0020241579626715,0.0014932726669533,0.002275885565611,0.0023933106139813,0.0016923266006974,0.0012245130400115
168,168,0.02,2180,100000.0,17.15,2.43,0.81,1.5904092771148983,,0.218,13263.0,4.471622386514032,2180.0,0.0644593310698837,0.0156357881410367,0.0064392314264408,5.9977651996130735e-05,-3.071424366529829e-05,27205350599551.37,41178501303826.55,43602789890898.33,30831836355014.25,22308924086318.504,3.3819773860770392,15.1229257902663,92007880507980.16,139264760202085.23,147463649380886.66,104272573323886.12,75448276767638.55,0.0025380244265703,0.0038415987978626,0.0040677640012306,0.0028763442506907,0.002081230089441,0.0015317034371844,0.0023184134956972,0.0024549047034821,0.001735880210287,0.0012560270296043
169,169,0.02,2190,100000.0,17.15,2.43,0.81,1.5938638443057251,,0.219,13467.0,4.587279450378451,2190.0,0.0638716145494981,0.0167394496595883,0.0063827325148397,9.526553926180532e-06,-5.3424144532559e-06,27909008176102.496,41951231737573.305,44643821275974.586,31629291810359.41,22885937177938.09,3.428753156541596,15.72864889542351,95693099879756.64,143840418241012.44,153072643120076.7,108449034133945.1,78470229339267.89,0.0026162006025528,0.0039325237592517,0.0041849280843479,0.0029649413469102,0.0021453360956831,0.0015748404888951,0.0023672105394245,0.00251914711124,0.0017847674508435,0.0012914002628366
170,170,0.02,2200,100000.0,17.15,2.43,0.81,1.5973793955693123,,0.22,13339.0,4.551125492051983,2200.0,0.0653216580362823,0.0164560531457561,0.0057639221535729,0.0001608718857401,1.363808636710277e-05,27689047493644.26,41330565228149.9,44109643485462.22,31380010267698.42,22705565079847.344,3.3679488031029927,15.327957653727994,93255294365281.12,139199227691717.62,148559020982162.22,105686268022454.52,76471180734448.97,0.0026081165652421,0.003893053087041,0.0041548230175763,0.0029557797037055,0.0021387070256398,0.0015658746066032,0.0023373314875556,0.0024944942817575,0.0017746064123158,0.0012840480625154
171,171,0.02,2210,100000.0,17.15,2.43,0.81,1.6009569683792826,,0.221,13420.0,4.531804847402774,2210.0,0.0715840304665107,0.0166795491271888,0.0068343718652918,0.0002009111763984,-8.044709802391247e-06,27571500691598.48,40866303963721.56,43740837058053.59,31246794422842.13,22609174383692.44,3.0872807602442944,13.990953914568411,85120963616234.23,126165753969492.7,135040244686309.5,96467627240949.23,69800869079781.83,0.0026095325972131,0.0038678327129813,0.0041398958079623,0.0029573844933899,0.0021398681997857,0.0015625496277513,0.0023160011767348,0.0024789085449897,0.0017708382122527,0.0012813215142754
172,172,0.02,2220,100000.0,17.15,2.43,0.81,1.598759473979193,,0.222,13455.0,4.624357585727687,2220.0,0.0697972352136275,0.0160914258167007,0.0062885776912172,3.679744376369662e-06,-1.2373849139619628e-05,28134591551567.246,41406212602532.51,44448895209197.76,31884945553592.4,23070919995195.43,3.180641744913351,14.7084247805722,89486056365001.27,131698328302372.2,141376011617653.44,101414588862045.34,73380331230274.72,0.0026749759624307,0.0039368129160169,0.00422610458102,0.0030315514893096,0.0021935330500603,0.0015962707686475,0.0023492620000075,0.002521894515194,0.0018090543967496,0.0013089735149215
173,173,0.02,2230,100000.0,17.15,2.43,0.81,1.6023986443879417,,0.223,13498.0,4.699440286110246,2230.0,0.0656545774918413,0.0159501174542562,0.0067620604992873,8.904380561962275e-05,-4.0447568962199203e-07,28591394700694.73,41779197055233.29,44982317279787.71,32402640772730.145,23445507587404.016,3.39656439077247,15.96195153236365,97112513122900.44,141905732992871.44,152785337086956.12,110057655815647.36,79634176194962.25,0.0027313679669202,0.0039912135002473,0.0042972111637796,0.0030954605739505,0.00223977560601,0.0016224277178563,0.0023707737255134,0.0025525357937981,0.0018386980793259,0.0013304227291888
174,174,0.02,2240,100000.0,17.15,2.43,0.81,1.6061018261539863,,0.224,13613.0,4.748931202688124,2240.0,0.0668964962669633,0.015997726412022,0.0069329927007171,0.000174946296549,-1.2640312623140768e-05,28892497437154.547,41917551707126.36,45265718488010.69,32743880642534.613,23692417770211.05,3.3484563841144213,15.901589003361224,96745267496449.7,140359093620173.6,151570284052705.6,109641456178175.64,79333027537769.16,0.0027732357673407,0.0040234408232245,0.0043448133834183,0.0031429093714356,0.0022741080281497,0.0016360695502842,0.0023736276214843,0.0025632212601579,0.0018541583742948,0.0013416093008494
175,175,0.02,2250,100000.0,17.15,2.43,0.81,1.609870143718051,,0.225,13489.0,4.645820266898669,2250.0,0.0656584306293552,0.0146096992655705,0.0063056427876911,0.0001003638226519,-3.1342629930471574e-05,28265170503811.5,40712336142058.734,44096503733041.51,32032930740266.324,23177997311557.46,3.4268257380401743,15.92041646491703,96859813772555.22,139514081347350.1,151111033949971.28,109771271525602.94,79426957743471.08,0.0027257450864529,0.00392608458464,0.004252435992342,0.0030890881609291,0.0022351647331219,0.0015945420058338,0.0022967323025836,0.0024876456168294,0.0018070951890572,0.0013075558953163
176,176,0.02,2260,100000.0,17.15,2.43,0.81,1.6076841543385003,,0.226,13463.0,4.725787981600039,2260.0,0.0657603943527647,0.0163766423308365,0.0063834947622756,0.0001480516678969,2.476389925247402e-05,28751694080054.64,41112948675504.586,44665936080517.14,32584308133132.266,23576956240202.6,3.4367190498835334,16.24120558207551,98811494761347.4,141293653909990.62,153504273408793.5,111983112488410.6,81027374648974.7,0.0027850899272197,0.0039824873941561,0.0043266545728165,0.0031563436962821,0.0022838286730604,0.0016176174366102,0.0023130818818114,0.0025129787770135,0.001833246585376,0.0013264782036897
177,177,0.02,2270,100000.0,17.15,2.43,0.81,1.611516692150145,,0.2269999999999999,13445.0,4.77460336068717,2270.0,0.0724325183136898,0.0181616247880107,0.006395998104662,6.706678842535499e-05,-6.50015136618157e-05,29048686846420.742,41234365407103.484,44935764500434.79,32920890171938.035,23820496166468.29,3.13395150803554,14.963375402497112,91037175948792.42,129226501650480.44,140826506920867.47,103172473400217.58,74652279883058.08,0.0028270489631501,0.0040129721039238,0.0043731961830476,0.0032038958910125,0.0023182359101176,0.0016334904205329,0.0023187258427675,0.0025268660590014,0.0018512354453606,0.0013394943635829
178,178,0.02,2280,100000.0,17.15,2.43,0.81,1.6154165370006153,,0.228,13699.0,4.8534923042396505,2280.0,0.0672246354120034,0.0166536930130504,0.0058622552940315,0.0001343124659839,-2.8555229803031185e-05,29528647178994.03,41607391815751.67,45483504304985.55,33464829437732.39,24214073105851.617,3.391613782695043,16.46117139326352,100149766756615.23,141116203544296.28,154262480086058.28,113499776756551.95,82124784080991.72,0.002887066146467,0.0040680255897229,0.0044469997120297,0.0032719133924869,0.0023674511842084,0.0016614703070453,0.002341097634322,0.0025591924819658,0.0018829450636222,0.0013624384223946
179,179,0.02,2290,100000.0,17.15,2.43,0.81,1.6132424043939848,,0.229,13767.0,4.858917557242659,2290.0,0.0663681162031935,0.0162049389738742,0.0065844300799938,0.0002365415371195,-4.238376280326734e-05,29561654418264.336,41345676314977.55,45339411661656.15,33502236557188.133,24241139693083.625,3.450452010704818,16.765461855236875,102001069927261.14,142661271974964.84,156441464132134.9,115597859491858.23,83642889195776.78,0.0029036208141303,0.0040610773884255,0.0044533522223935,0.0032906748049685,0.0023810263382143,0.0016649388027453,0.0023286254500026,0.0025535561948283,0.0018868759113953,0.0013652826572808
180,180,0.02,2300,100000.0,17.15,2.43,0.81,1.617208300284999,,0.23,13501.0,4.855455092912288,2300.0,0.0748119991762905,0.0180299835004358,0.0063747806991533,9.331481835257458e-05,-9.360281840211188e-06,29540588785278.36,41010351790356.63,45111409070384.125,33478362865630.223,24223865458539.4,3.0743731290754184,14.927480667081928,90818792378526.44,126081123558202.4,138689303860718.05,102924979199529.88,74473201048071.72,0.0029143310829741,0.0040458822203944,0.0044504726228104,0.0033028127575783,0.0023898089699142,0.0016659761210306,0.0023128268462897,0.00254411077733,0.0018880515046854,0.0013661332787346
181,181,0.02,2310,100000.0,17.15,2.43,0.81,1.621243803737892,,0.231,13656.0,4.934534127893308,2310.0,0.06762878310019,0.0159101640987054,0.0064444472124793,3.08340613787926e-06,-9.862491601698166e-06,30021705634102.887,41367429451435.2,45647106077752.69,34023612811824.36,24618390764059.715,3.4157054054599847,16.854914894071943,102545302215533.72,141298952387251.75,155917066973385.16,116214638194626.05,84089170406524.94,0.0029753397765423,0.0040997723380629,0.0045239151983059,0.0033719539380768,0.0024398373019674,0.0016954710359802,0.0023362189784511,0.0025779130331367,0.0019214781053721,0.0013903196907471
182,182,0.02,2320,100000.0,17.15,2.43,0.81,1.625350200911189,,0.2319999999999999,13596.0,4.837837813180079,2320.0,0.0692303593950782,0.0158946672735457,0.0070394949555337,6.328767050488972e-05,1.1898489504665054e-05,29433405255387.6,40252048318957.33,44557496682842.48,33356891721876.645,24135972849955.41,3.3511309492998724,16.21222802344098,98635195294614.92,134889884894371.8,149318006157199.88,111783312221625.52,80882805608947.03,0.0029303198033328,0.0040073981685201,0.0044360383647003,0.0033209327817193,0.0024029200359677,0.0016626036680028,0.0022737159563783,0.0025169176579851,0.0018842295021169,0.001363367800734
183,183,0.02,2330,100000.0,17.15,2.43,0.81,1.6231839407654165,,0.233,13884.0,5.052913953572848,2330.0,0.0681730834980953,0.0167233809728659,0.0062491310790742,3.656721978477894e-05,-1.975143791430051e-05,30741928493537.21,41723236629816.2,46334602304373.13,34839841709884.79,25208987714374.94,3.4177711795375902,17.26970368320462,105068877208616.92,142600475670412.9,158361068371222.5,119074606895695.86,86158551675507.86,0.0030744740482247,0.0041727053087537,0.0046338840567389,0.0034843028537984,0.0025211293600581,0.0017337759708049,0.0023530971750257,0.0026131678794651,0.0019648891056377,0.0014217304928247
184,184,0.02,2340,100000.0,17.15,2.43,0.81,1.6273595083979884,,0.234,13710.0,5.034755255395954,2340.0,0.0747751178737416,0.0156793451047111,0.0065002418809502,-9.676726567167916e-06,-7.736646982395183e-06,30631450973828.98,41256139169010.0,45965031077147.92,34714637485955.098,25118393969170.41,3.129383231399389,15.75567867043605,95857549030932.9,129106270107779.44,143842197483578.5,108635404432656.56,78605080886805.42,0.0030766878740667,0.0041438540805837,0.0046168251666233,0.003486811783644,0.0025229447409137,0.0017236762688553,0.0023215429164937,0.0025865191084996,0.0019534431087701,0.0014134485380209
185,185,0.02,2350,100000.0,17.15,2.43,0.81,1.6316084778397386,,0.235,13796.0,5.004814753641463,2350.0,0.0763630959399961,0.0180397184438933,0.006860841688866,0.0001257289532436,6.072647442310834e-06,30449292961154.66,40695528371661.13,45490174656232.07,34508197726357.887,24969020805917.258,3.0774027310869645,15.401830591440572,93704737318324.44,125236530153977.05,139991587724711.6,106195621927982.77,76839732820697.02,0.0030721494580604,0.0041059326268094,0.0045896834319111,0.0034816683946954,0.0025192231502734,0.0017113747498161,0.0022872550694211,0.0025567337924963,0.0019395017915816,0.0014033610497753
186,186,0.02,2360,100000.0,17.15,2.43,0.81,1.6294514836276903,,0.236,13914.0,5.132002398706318,2360.0,0.0700013120972471,0.0160311214415646,0.006254657383038,8.229269977839097e-05,-4.154669399592108e-05,31223102593729.234,41407511544295.56,46440330269342.336,35385156539080.055,25603559967145.816,3.371365377725269,17.30185520540151,105264487069662.78,139599850798197.44,156567321600187.56,119296291641243.4,86318955619748.12,0.0031643357236544,0.0041964845618373,0.0047065404742674,0.0035861431319194,0.00259481770633,0.0017556159279453,0.00232826595581,0.0026112518214725,0.0019896403391162,0.0014396396884482
187,187,0.02,2370,100000.0,17.15,2.43,0.81,1.6337718093863978,,0.237,13627.0,5.079526356035694,2370.0,0.0690782354995462,0.0166096879371954,0.006384905278289,7.030600028424289e-05,9.373202565433094e-06,30903838350121.16,40665247163942.56,45761682419517.23,35023334224866.105,25341756990262.074,3.430892498717004,17.42730887195818,106027747176993.56,139518091453243.44,157003412941791.47,120161294672151.62,86944843962199.34,0.0031453680249986,0.0041388764304622,0.0046575875469503,0.0035646470303033,0.0025792638193159,0.0017386321280757,0.0022878033600345,0.0025745258691809,0.0019703925909076,0.001425712637569
188,188,0.02,2380,100000.0,17.15,2.43,0.81,1.6381681933555177,,0.238,13823.0,5.085379916724321,2380.0,0.0756107133829573,0.0161193401285434,0.0063626099826715,4.455002925245503e-05,-2.249698178181358e-05,30939451413350.77,40392879719898.62,45610399030758.734,35063694525814.195,25370960404537.64,3.147702082832686,16.007260955868656,97388175655504.9,127144751625935.05,143567948027949.2,110370064290714.38,79860224908828.72,0.0031628694726727,0.0041292718630518,0.0046626469488259,0.0035844814290069,0.0025936153516049,0.0017422529979418,0.0022745915836481,0.0025683989475771,0.0019744961243933,0.0014286818222767
189,189,0.02,2390,100000.0,17.15,2.43,0.81,1.6360194049840426,,0.239,13844.0,5.181552857908049,2390.0,0.0705198922287309,0.0173650645221668,0.0070141374833143,0.0001401872788495,-1.6030348548818623e-05,31524567587512.57,40831509305361.625,46265090371505.94,35726806955276.0,25850767208103.258,3.389114651860284,17.560876710124695,106840373904398.64,138382666444370.6,156797695647710.9,121082244916309.78,87611213906812.11,0.0032369495393914,0.004192588363718,0.0047505096636844,0.0036684364027127,0.0026543624674595,0.0017774138534473,0.0023021565670978,0.0026085119908157,0.0020143439381195,0.0014575144172992
190,190,0.02,2400,100000.0,17.15,2.43,0.81,1.640489486653004,,0.24,13874.0,5.23642267483952,2400.0,0.0691651309889493,0.0154445825795253,0.0064147817591749,0.0001174915859207,-2.450319817562911e-06,31858395553723.645,40935181763863.71,46544934422166.74,36105134343018.49,26124512724774.367,3.4699565600236504,18.170159211615985,110547248643471.66,142043302497279.38,161508900534068.1,125283247764092.2,90650924306752.16,0.0032856492281579,0.0042217646566705,0.004800314805589,0.0037236277824044,0.0026942971727941,0.0017980706483044,0.0023103595624736,0.0026269709744366,0.0020377542932379,0.0014744533965139
191,191,0.02,2410,100000.0,17.15,2.43,0.81,1.6383519134983031,,0.241,13878.0,5.141622688507235,2410.0,0.0716379480691102,0.0165282659501912,0.0068532782930284,4.7127116453037214e-05,2.816563797722038e-05,31281632436878.02,39871332901565.695,45495677908811.945,35451488437257.38,25651555592962.6,3.36413879090316,17.297132334594988,105235753123675.88,134132697659170.6,153053774871470.22,119263727447032.4,86295393217294.39,0.0032396083243479,0.0041291803498875,0.0047116523465535,0.0036714496049275,0.0026565427235654,0.0017662361843202,0.0022512313265596,0.0025687953694511,0.0020016762805536,0.0014483485081482
192,192,0.02,2420,100000.0,17.15,2.43,0.81,1.642896816147776,,0.242,13918.0,5.2880899365186025,2420.0,0.0711355801436184,0.0167632710628557,0.0068216699831452,0.0001111849394563,5.362440625424196e-06,32172739173779.176,40678550958106.17,46578954944286.61,36461380112295.766,26382280693291.305,3.401954401881824,17.989840837086437,109450191652833.88,138386575494103.4,158459480807770.97,124039952571710.95,89751315936224.22,0.0033464674273809,0.0042312047177289,0.0048449388993753,0.0037925530755739,0.002744169295727,0.0018186861110892,0.0022995093842378,0.002633052099439,0.0020611178066995,0.001491358482614
193,193,0.02,2430,100000.0,17.15,2.43,0.81,1.6475219722801833,,0.243,13800.0,5.260332686475347,2430.0,0.0713378505961372,0.0152024699977864,0.0063320692310231,7.862368574601117e-05,1.3608450944638854e-05,32003864064516.01,40140811001477.48,46122838849392.23,36269993873247.52,26243799772825.504,3.406326346663964,17.9184098221586,109015605358012.94,136732702090791.42,157109441155620.97,123547435723783.56,89394946602749.27,0.0033432805730725,0.0041933059501215,0.0048182179123519,0.0037889414121195,0.002741556012337,0.0018124285912626,0.0022732365500893,0.0026120080897832,0.0020540261566002,0.0014862271929338
194,194,0.02,2440,100000.0,17.15,2.43,0.81,1.645390927128208,,0.244,13873.0,5.244354002374786,2440.0,0.0711565026572316,0.0166059069659557,0.0059278065400579,2.8195889450061004e-05,4.026209205902394e-05,31906649750448.2,39695647158169.76,45771757253830.15,36159820846374.15,26164082117847.81,3.4290611664175485,17.983210652489824,109409853609748.1,136118802145893.05,156954155317799.72,123994237448917.31,89718237945271.73,0.0033475900525778,0.0041647980780389,0.0048022929536742,0.0037938253472262,0.002745089870531,0.0018093516470995,0.0022510475129815,0.0025956095367454,0.0020505390543641,0.0014837040380308
195,195,0.02,2450,100000.0,17.15,2.43,0.81,1.6500934958333653,,0.245,13907.0,5.364094496382823,2450.0,0.0706832603486873,0.0167965014235809,0.0069817631040618,0.0001165914472928,1.201703105166651e-05,32635150915993.094,40271375759171.02,46601033359265.12,36985431552559.56,26761467442453.902,3.4661672196697126,18.592848506572853,113118890313989.23,139587322547440.08,161526974232619.5,128197690452819.84,92759721199291.95,0.0034380560061545,0.0042425189226588,0.0049093372678511,0.0038963504540492,0.0028192737368023,0.001852596286082,0.0022860810835194,0.0026453961114257,0.0020995482236252,0.0015191654949479
196,196,0.02,2460,100000.0,17.15,2.43,0.81,1.6548793842607046,,0.246,13921.0,5.332518732139211,2460.0,0.0713180819184344,0.0164832031215174,0.0062390158861166,0.0002016927765816,-9.1873515821978e-06,32443043966334.96,39705651257923.2,46112189569689.33,36767716658099.86,26603935954642.523,3.449335615634572,18.393646783806293,111906947032677.5,136958117025920.14,159056417797622.44,126824194574344.4,91765903804409.6,0.0034324075011351,0.0042007764547793,0.004878575066415,0.0038899490007112,0.002814641851276,0.0018438262036506,0.0022565798788282,0.0026206808314449,0.0020896090851694,0.0015119738543742
197,197,0.02,2470,100000.0,17.15,2.43,0.81,1.6527538557416488,,0.247,14048.0,5.425314462694079,2470.0,0.072416700908434,0.0159561900686853,0.0064647082025743,1.6976731802348037e-05,-1.7517408007681912e-05,33007613191030.773,40062217042082.91,46696156051079.92,37407543220275.67,27066893854380.76,3.410815418287485,18.504746218415047,112582875992837.14,136644827577916.02,159271969033781.8,127590225175971.72,92320178883672.69,0.0035069865677591,0.0042565227672812,0.0049613642491914,0.0039744694912391,0.0028757981568951,0.001878592017884,0.0022800970405957,0.0026576603862791,0.0021290091984403,0.0015404825077619
198,198,0.02,2480,100000.0,17.15,2.43,0.81,1.657619925655453,,0.248,13845.0,5.403992010166035,2480.0,0.0733872838918614,0.0158419811758899,0.0069781302033406,3.714353237375541e-05,-3.327938078602051e-05,32877887389850.152,39571693291527.37,46294914504547.31,37260524910094.805,26960516138718.348,3.379332042938612,18.26188335973832,111105298360647.94,133725891133397.31,156445888010320.25,125915685765395.7,91108536081734.48,0.0035081298327586,0.0042223709851758,0.0049397508043217,0.0039757651539892,0.0028767356567443,0.0018735547052637,0.0022550029228606,0.0026381273793934,0.0021233004097293,0.0015363518120579
199,199,0.02,2490,100000.0,17.15,2.43,0.81,1.6555039524215385,,0.249,14010.0,5.381606028281852,2490.0,0.0740356006199363,0.0173763049768357,0.0060361613290816,0.000118508699559,1.3445811380772282e-05,32741691076066.785,39081023776685.88,45886322851505.17,37106173565003.37,26848832475098.16,3.363246842262388,18.099669480919168,110118389121912.2,131439129809320.08,154327030433357.16,124797221070937.64,90299251040305.72,0.0035076845270968,0.0041868302430105,0.0049158958924161,0.0039752604888778,0.0028763704973185,0.0018677945347336,0.0022294304363297,0.002617648026852,0.0021167724058166,0.0015316283586104
200,200,0.02,2500,100000.0,17.15,2.43,0.81,1.660451553044291,,0.25,14107.0,5.553927162936611,2500.0,0.0809028120529546,0.0179654912468276,0.0066924266008114,1.2323079944410337e-05,4.4204577067812384e-08,33790092859306.34,39995263620675.52,47131862940536.88,38294327788447.93,27708542615890.75,3.0901274462050003,17.162342760413893,104415693354358.12,123590461832453.8,145643463263325.34,118334353333053.78,85622928031704.9,0.0036352168434758,0.0043027835578467,0.0050705555246394,0.0041197929217235,0.0029809495121796,0.0019298699445603,0.0022842688686204,0.002691864923213,0.0021871224963417,0.0015825314190353
201,201,0.02,2510,100000.0,17.15,2.43,0.81,1.6654873291803611,,0.251,14242.0,5.576076975498793,2510.0,0.0743698677997599,0.0164193846831997,0.0060587692071456,0.0002410694419217,2.12764909098128e-05,33924852318934.66,39816275683790.2,47095180849967.79,38447050746064.18,27819048030763.48,3.375022807298982,18.819386967563155,114497150310654.23,134380838534495.8,158947309482511.53,129759673141347.94,93889921581172.56,0.0036649955769867,0.0043014623291883,0.005087822575905,0.0041535411741162,0.0030053686610103,0.0019401372724687,0.0022770634276836,0.0026933386433544,0.0021987584637857,0.0015909508304317
202,202,0.02,2520,100000.0,17.15,2.43,0.81,1.6633752724132642,,0.252,14159.0,5.587228614362098,2520.0,0.0753272811634815,0.0161512739776249,0.0060786423399355,6.813389464351688e-05,2.226314507585355e-05,33992698889779.004,39556733142890.07,46964267247917.87,38523941296026.66,27874683557052.504,3.3454015080285275,18.6915230321871,113719226127826.31,132333154708906.48,157114330474639.2,128878051306930.06,93252008407581.44,0.0036876422335731,0.004291247371469,0.0050948415697675,0.0041792066404481,0.0030239393660907,0.0019463994691932,0.0022649923926897,0.0026891428991501,0.0022058554142155,0.0015960859552605
203,203,0.02,2530,100000.0,17.15,2.43,0.81,1.6684956345265751,,0.253,14276.0,5.686067948907942,2530.0,0.0742683001412842,0.0150919904855087,0.0063731452118108,0.0001051816294464,2.232528412597734e-05,34594037401155.92,39911329242245.72,47566975986980.97,39205438507720.26,28367792997101.723,3.406567802396252,19.36997599698709,117846933965669.44,135960649147470.28,162040128854605.03,133555984499225.98,96636810248968.6,0.0037677698273965,0.0043468965575321,0.0051807025247146,0.0042700152794048,0.0030896455734518,0.0019829094984641,0.0022876934811932,0.0027265105660853,0.002247232247191,0.0016260248993816
204,204,0.02,2540,100000.0,17.15,2.43,0.81,1.6663921477695516,,0.254,14080.0,5.547503330549779,2540.0,0.0818152651468153,0.0151690268847967,0.0063342398417321,6.670669158431154e-05,-1.5590335705225874e-05,33751010263064.86,38601964344364.89,46186014901432.71,38250035464140.73,27676494116112.848,3.1045551162634943,17.222529847347094,104781871591259.72,119841925903119.02,143387028862064.9,118749343297458.2,85923201408414.64,0.0036911687065939,0.0042216917861242,0.0050511191089593,0.0041832031939456,0.0030268311435235,0.0019365635353456,0.0022149013010084,0.002650058519846,0.0021947083458593,0.0015880202955028
205,205,0.02,2550,100000.0,17.15,2.43,0.81,1.6715985960079354,,0.255,14231.0,5.724110382521499,2550.0,0.075005030777902,0.0160335123257018,0.0064968785114436,0.0001124839585893,-9.783023276308516e-06,34825487567260.805,39484771491721.7,47427510260222.086,39467741087485.74,28557586698399.76,3.399771953365136,19.46066993646277,118398715893439.52,134239218702586.72,161242719200640.28,134181319211910.84,97089282313012.78,0.0038243847868447,0.004336047244517,0.0052082845463916,0.004334177039003,0.0031360709568653,0.0020002003082683,0.0022678060703992,0.0027239969134582,0.0022668279298998,0.0016402037044626
206,206,0.02,2560,100000.0,17.15,2.43,0.81,1.676898522415793,,0.256,14228.0,5.627105514249131,2560.0,0.0813577592934962,0.0161611373804528,0.0063046471636296,9.061572007293952e-05,-8.301076141326765e-06,34235309948691.71,38479808788271.1,46398792663846.57,38798892520747.76,28073629410588.91,3.146596000468573,17.706227705350965,107724689359355.28,121080412431969.28,145998255422630.2,122084440028394.92,88336370021995.95,0.0037744578735266,0.0042424157243022,0.0051154871550645,0.0042775948451621,0.0030951299031927,0.0019685760914438,0.002212640449216,0.0026679926089993,0.0022309881904184,0.0016142712229147
207,207,0.02,2570,100000.0,17.15,2.43,0.81,1.67479739021763,,0.257,14126.0,5.709054061853094,2570.0,0.0756667730611297,0.0170065406823715,0.0064300783660425,0.00012586496583,6.044267868239826e-06,34733884912314.227,38699480935598.93,46846253139108.09,39363927756477.086,28482470714585.09,3.396470995166854,19.39063653092355,117972632654138.88,131441664525774.4,159111940019224.84,133698438880717.88,96739885652777.6,0.0038449567573014,0.0042839386121946,0.0051857665221205,0.0043574912625893,0.0031529403783985,0.0019999933731971,0.0022283342509125,0.0026974292128236,0.0022665934102883,0.0016400340136226
208,208,0.02,2580,100000.0,17.15,2.43,0.81,1.680186770372758,,0.258,14177.0,5.708629017853148,2580.0,0.0836729036436736,0.017883526198024,0.0064219743566038,0.0001202022608306,-2.301859422637896e-05,34731298944618.55,38355908877740.805,46614528918471.32,39360997078097.45,28480350170069.355,3.083435482276429,17.60218926880124,107091719511386.72,118267970388587.48,143732892456815.16,121367095008384.52,87817322262049.39,0.0038603481346996,0.0042632197985741,0.0051811569169141,0.0043749343176781,0.0031655616114425,0.002002357940215,0.0022113269883161,0.0026874598689246,0.002269273175178,0.0016419730052158
209,209,0.02,2590,100000.0,17.15,2.43,0.81,1.6780932551811467,,0.259,14358.0,5.816593707984039,2590.0,0.0809653288306435,0.0159129022609956,0.0062689595118461,0.0001118448524001,-2.4408985344056305e-05,35388156119374.89,38734182464339.7,47263824406232.65,40105413616549.945,29018986009132.367,3.198900118614405,18.606702302401946,113203176807813.44,123906780879608.3,151192253499268.03,128293212375061.4,92828837786683.3,0.0039491900969848,0.0043225945224996,0.0052744716808947,0.0044756189544231,0.0032384137728233,0.0020422409911862,0.002235339273454,0.0027275826204969,0.0023144726551987,0.0016746778936601
210,210,0.02,2600,100000.0,17.15,2.43,0.81,1.6835737534763071,,0.26,14185.0,5.78584268654389,2600.0,0.084034610486924,0.0173744948247745,0.006346365869413,1.0381052738875236e-05,-3.054429259812914e-05,35201066904933.02,38184104603821.28,46783584834220.56,39893385323720.12,28865569163167.465,3.0939632907616854,17.901184878288763,108910808799508.84,118140217934827.31,144746694087313.53,123428669735801.02,89309011357782.62,0.0039436254802351,0.0042778194269586,0.005241231400947,0.0044693125716997,0.0032338506773328,0.0020333685833819,0.0022056819725284,0.0027024258064904,0.0023044175513508,0.0016674023442624
211,211,0.02,2610,100000.0,17.15,2.43,0.81,1.6814874915512652,,0.261,14147.0,5.737964439781157,2610.0,0.0734489474730253,0.0169508451709904,0.0063692288561476,1.936254215222417e-05,-1.5590015273781756e-05,34909775651628.56,37525686922663.9,46167987371930.11,39563264812291.08,28626704590068.19,3.553488633664277,20.38979141713215,124051490981832.02,133347101950130.36,164057418365309.53,140587611821126.16,101724669380072.3,0.0039266179106652,0.0042208530885724,0.0051929307115306,0.0044500378852789,0.0032199041348305,0.0020183844524788,0.0021696290405624,0.0026693023995241,0.0022874360289022,0.0016551150613768
212,212,0.02,2620,100000.0,17.15,2.43,0.81,1.6870608307458617,,0.262,14396.0,5.928947298784869,2620.0,0.076678154475303,0.0175556811813189,0.0062821112113562,7.219297118883046e-05,2.343391366358945e-05,36071715365807.14,38422821097359.305,47468582130691.46,40880091625121.67,29579518073637.71,3.4168793157950432,20.25849738965691,123252698118672.66,131286142662060.4,162194416432477.84,139682339501684.42,101069643476998.34,0.004073614118286,0.0043391267894885,0.0053606734357274,0.0046166287550266,0.003340443924413,0.0020876164203628,0.0022236844415651,0.002747199308445,0.0023658966499673,0.0017118866405637
213,213,0.02,2630,100000.0,17.15,2.43,0.81,1.684981463897114,,0.263,14412.0,5.8507384432713785,2630.0,0.0772380323396646,0.0167847349453192,0.0062946225682613,0.0001072643490295,8.438758383693993e-06,35595892688863.06,37573322309681.39,46609472937908.32,40340841566356.16,29189334093480.902,3.4050582599440404,19.922105263033345,121206088420294.84,127939351484120.31,158707970818862.97,137362915788614.92,99391383157273.34,0.004035822013426,0.0042600207451015,0.0052845292731161,0.004573798945196,0.0033094536530214,0.0020625256506317,0.0021771034574283,0.0027006833158292,0.0023374612690838,0.0016913117144973
214,214,0.02,2640,100000.0,17.15,2.43,0.81,1.690649426807136,,0.264,14347.0,5.954831493260922,2640.0,0.0779280148412908,0.0169516686433782,0.0069235219867088,0.0001083848325777,-3.616421632790532e-06,36229194804999.45,37893046650552.0,47201627732449.52,41058563146034.06,29708654319878.742,3.3877418863763644,20.17343207603314,122735160750585.62,128371861340488.6,159906931374363.47,139095814164248.52,100645252627329.34,0.0041232434367163,0.0043126063590437,0.0053720156574744,0.0046728736844442,0.0033811409444079,0.0021018271627893,0.0021983550879243,0.0027383899595317,0.0023820016908994,0.0017235397296442
215,215,0.02,2650,100000.0,17.15,2.43,0.81,1.6885766020884576,,0.265,14306.0,5.815085908749262,2650.0,0.0856067356135099,0.0167136493483671,0.0069760538364363,-4.855332623830341e-05,-4.536808980222328e-07,35378982668830.52,36663213356206.92,45862388257190.28,40095017340826.16,29011463598750.07,3.09555081268838,18.000893910681526,109517438552586.4,113492839900573.8,141969353241375.38,124116163514149.12,89806459720390.14,0.0040424836994991,0.0041892228431515,0.0052403416651415,0.0045813486370885,0.0033149163669956,0.0020541230342923,0.0021286861685966,0.0026627952818369,0.0023279385801192,0.0016844214033669
216,216,0.02,2660,100000.0,17.15,2.43,0.81,1.6943410333662732,,0.266,14431.0,6.0303674794166655,2660.0,0.0795075911159983,0.0163655346376917,0.0062639517137109,0.0001650230719431,-3.488612965330141e-06,36688755744770.99,37667347178880.92,47320412152830.27,41579383770577.92,30085503354809.742,3.345592493324528,20.17515217112475,122745625809122.95,126019593965112.84,158314815679531.72,139107674219905.14,100653834181741.36,0.004208586216532,0.0043208409479233,0.0054281490419691,0.0047695926960862,0.0034511237071463,0.0021309486350646,0.0021877869779975,0.0027484542781786,0.0024150050688314,0.001747419911298
217,217,0.02,2670,100000.0,17.15,2.43,0.81,1.7002108839550167,,0.267,14369.0,5.891874602284059,2670.0,0.0784778873367031,0.0173841958921884,0.0064679788613321,6.744143550426605e-05,-8.424859245984896e-06,35846165080296.21,36457210402286.52,45999384711291.69,40624475382748.586,29394562390795.168,3.4022322600818464,20.04552584424772,121956979236403.14,124035897343250.66,156500590608672.25,138213900696088.06,100007128436951.88,0.0041280039693144,0.0041983712599006,0.0052972372985753,0.0046782687982286,0.0033850446750344,0.0020828926007447,0.0021183982615885,0.0026728599234907,0.0023605431430201,0.0017080130153049
218,218,0.02,2680,100000.0,17.15,2.43,0.81,1.6981372107867072,,0.268,14395.0,6.053893612675861,2680.0,0.0780776000010519,0.0163858903482095,0.0069327765128364,5.0693633938011816e-05,2.009806194512348e-05,36831888739519.94,37105176121770.58,47023595646990.336,41741596459400.055,30202875233639.867,3.4324825557700205,20.77988421999744,126424815594464.44,127362869766751.84,161407671767877.4,143277301696882.34,103670842373567.23,0.0042574046331089,0.004288993970696,0.0054354658646144,0.0048249186300601,0.0034911557716272,0.0021414635824226,0.0021573529379961,0.0027340253524535,0.0024269216635115,0.001756042375527
219,219,0.02,2690,100000.0,17.15,2.43,0.81,1.7041076151063972,,0.269,14588.0,6.047104376824729,2690.0,0.0874448338531692,0.0163603498825007,0.0063838181778801,0.0001529951742276,-8.098987754943384e-06,36790583028601.65,36710832958240.81,46730416967049.55,41694784678206.51,30169003735978.57,3.07622518274418,18.60225476667078,113176118000425.02,112930788825655.4,143753285474173.7,128262546616195.05,92806649030920.52,0.0042692909330094,0.0042600364927621,0.0054227394357429,0.0048383893792077,0.0035009027719894,0.0021405181047261,0.0021358781546245,0.0027188289862546,0.0024258501532029,0.0017552670651674
220,220,0.02,2700,100000.0,17.15,2.43,0.81,1.702039589771001,,0.27,14618.0,6.187332428521159,2700.0,0.0779821237802025,0.0156260838617267,0.0068646415022331,7.860594968836735e-05,6.700388085795194e-05,37643730495122.73,37207988265448.62,47568043090688.92,42661657094653.39,30868601485892.06,3.4623319667596104,21.42259885623718,130335091441347.0,128826407190279.22,164696356189090.88,147708819113755.38,106877345693767.3,0.0043851831309108,0.0043344227665723,0.0055412834325427,0.0049697300604257,0.0035959366601108,0.0021915832966624,0.0021662147856343,0.0027693676296503,0.0024837223587257,0.0017971415297582
221,221,0.02,2710,100000.0,17.15,2.43,0.81,1.7081125894856282,,0.271,14462.0,6.049215480600006,2710.0,0.0808484950803176,0.0169899105711325,0.0064118235129719,4.677962693422813e-05,-2.757904002069979e-06,36803426983970.44,36031174179319.66,46265676501710.16,41709340738737.05,30179536032713.44,3.351948601279212,20.276659369033744,123363195601201.3,120774643892818.16,155080169637143.88,139807566349487.69,101160253592109.36,0.0043038127820788,0.0042135051187979,0.0054103333905919,0.0048775130066459,0.0035292113691307,0.0021439222541692,0.002098935955082,0.0026951298176501,0.0024297080773334,0.0017580585348537
222,222,0.02,2720,100000.0,17.15,2.43,0.81,1.7060498731520604,,0.272,14623.0,6.230159974849941,2720.0,0.0789442029567908,0.0165026544675044,0.0064852536278612,0.0001307573464104,4.303392451568159e-05,37904293286987.04,36752346688860.31,47401982054833.24,42956953026590.34,31082268114526.355,3.445471482546679,21.465838525049204,130598161586399.36,126629162433137.05,163322177386117.34,148006956630214.28,107093068401470.48,0.004448904954926,0.0043136986106363,0.0055636682430763,0.0050419460329084,0.0036481898126439,0.0022094671815863,0.0021423194264698,0.0027630939561207,0.0025039901737406,0.0018118066681351
223,223,0.02,2730,100000.0,17.15,2.43,0.81,1.7122275800092472,,0.273,14685.0,6.1841671010744905,2730.0,0.0810333949652886,0.0147959336611163,0.0065329194158988,3.859735776176823e-05,2.1736493917516577e-05,37624472642937.2,36127068414674.52,46809355370802.84,42639832161908.61,30852809667260.64,3.3689813948550724,20.83434390619479,126756148325289.1,121711421339694.78,157699847349394.12,143652801233213.06,103942541748005.8,0.0044329556212948,0.0042565298530449,0.0055151283312177,0.005023870645764,0.0036351110444839,0.0021943586050937,0.0021070260360827,0.0027300452216728,0.0024868676170482,0.0017994173374116
224,224,0.02,2740,100000.0,17.15,2.43,0.81,1.7101698377971126,,0.274,14485.0,6.2081831058498524,2740.0,0.0813382875026036,0.0182759896162773,0.0070836221411641,7.111868732069863e-05,4.9584184064852905e-06,37770586015990.5,35912030431888.086,46747504135853.67,42805422514834.734,30972625515084.914,3.36864726825272,20.91317906033379,127235781403070.77,120974963211788.31,157475852104876.16,144196369621001.47,104335850332005.28,0.0044671350944882,0.004247323337496,0.0055288370748761,0.0050626062584642,0.0036631388866538,0.0022033429400778,0.0020949243065083,0.0027270104615371,0.0024970495680205,0.0018067846693044
225,225,0.02,2750,100000.0,17.15,2.43,0.81,1.7164544359148088,,0.275,14867.0,6.291549334916033,2750.0,0.07932149636963,0.0157990110959253,0.0065528065338349,0.0001759067076184,-1.2207316680114208e-05,38277786153629.14,36034165213869.7,47128344887905.03,43380232664246.05,31388539631896.09,3.466903835481472,21.8121965203413,132705403629756.44,124926985588337.88,163389439651771.56,150395095007753.25,108821048439982.72,0.0045436441028607,0.0042773221423618,0.0055942218149211,0.005149313952864,0.0037258777825727,0.002230484240824,0.0020997462423297,0.0027462150017425,0.0025278088166472,0.0018290410712477
226,226,0.02,2760,100000.0,17.15,2.43,0.81,1.714401336629182,,0.276,14555.0,6.277774906658675,2760.0,0.0808043106990226,0.0152148517251412,0.0063871469487644,6.799404011175623e-05,1.4180932166072831e-05,38193982532111.38,35595954227104.086,46778799410953.08,43285257981411.57,31319819009320.133,3.415659357927528,21.44274060689132,130457633852326.78,121583654160168.0,159780443960636.6,147847696484515.62,106977832887780.78,0.0045508582041201,0.0042413000579792,0.005573749291508,0.0051574896971414,0.0037317934878953,0.0022207611394015,0.0020697006865154,0.0027199190289298,0.0025167896213303,0.0018210679363041
227,227,0.02,2770,100000.0,17.15,2.43,0.81,1.7207950848981397,,0.2769999999999999,14572.0,6.187121766493465,2770.0,0.0821675282222713,0.0160866784400421,0.0065607617904562,3.582056825818366e-05,-2.7555268878166168e-05,37642448827346.24,34736626275054.227,45860490858838.375,42660204579972.44,30867550493035.89,3.3711614063731763,20.8577861157342,126898770728126.88,117102773886071.23,154603116860645.78,143814435267987.3,104059494931397.92,0.0045020610605527,0.0041545228166527,0.005484944166635,0.0051021878718788,0.0036917788677017,0.0021897493835096,0.0020207108820121,0.002667812130029,0.0024816439841057,0.001795637684801
228,228,0.02,2780,100000.0,17.15,2.43,0.81,1.7187463007699086,,0.278,14738.0,6.398606826197471,2780.0,0.0820946767621535,0.0170089676937822,0.0068458677576687,0.0001093556800181,4.5156962942362525e-05,38929123930585.41,35568165245630.22,47176964133834.17,44118394066631.56,31922649455899.176,3.386334059215893,21.6678202270838,131827018261577.84,120445689395096.62,159756960456809.25,149399620465742.78,108100755112921.06,0.0046734502771287,0.0042699664143624,0.005663605389592,0.0052964233499018,0.003832321405752,0.0022661670429484,0.0020705167678963,0.0027462955882872,0.0025682481527168,0.0018583016727925
229,229,0.02,2790,100000.0,17.15,2.43,0.81,1.725251535377289,,0.279,14477.0,6.154983929367252,2790.0,0.0973763789388613,0.015169020374375,0.0064497820314389,0.0001058265965292,-1.9710211287697783e-05,37446922226270.36,33871666402176.08,45139347838896.83,42438614192987.2,30707214823613.22,2.8651712359849903,17.635082912372923,107291844438876.84,97048124290394.1,129331961039128.42,121593896680811.3,87981428649828.48,0.0045116825269026,0.0040809283214353,0.005438481851458,0.0051130918841212,0.0036996686598812,0.0021813444609259,0.0019730799621466,0.0026294408331671,0.0024721186814734,0.0017887454825048
230,230,0.02,2800,100000.0,17.15,2.43,0.81,1.7232067418091286,,0.28,14717.0,6.431499800884128,2800.0,0.0901706744130024,0.0168362624183277,0.0063306616389528,0.0002071878024539,6.7116689301011774e-06,39129244788579.04,35035728850414.41,46916433546093.93,44345191127096.07,32086752506610.92,3.1052224220652453,19.97123738921356,121505008275975.28,108793730799705.05,145685961410664.94,137701681798627.5,99636503334786.44,0.004731796228422,0.0042367781573642,0.0056734803982012,0.0053625468433547,0.0038801662366202,0.002280790673151,0.0020421851743072,0.0027346953570817,0.0025848211195556,0.0018702933379931
231,231,0.02,2810,100000.0,17.15,2.43,0.81,1.7211740830578872,,0.281,14806.0,6.330542736868743,2810.0,0.0824804936246437,0.0166091532649385,0.0064919855035929,7.956196177445929e-06,9.479099643406268e-06,38515022011109.44,34133737242939.32,45933087215818.26,43649092170709.99,31583077714238.164,3.4068661285999164,21.567311625892334,131215523931928.95,116289073255499.44,156487879017597.06,148706613660527.7,107599317701576.88,0.0046748474873181,0.0041430591870596,0.0055752318483342,0.0052980068088524,0.0038334671456657,0.0022463370997456,0.0019908045307534,0.0026789858224405,0.0025457748689589,0.0018420407282431
232,232,0.02,2820,100000.0,17.15,2.43,0.81,1.727784754206512,,0.282,14788.0,6.50230279476848,2820.0,0.0825297036781194,0.015882330619511,0.0068877456581305,0.0001425458048507,3.918198534259778e-05,39560010203371.44,34698275517521.91,46925757730902.75,44833377769928.67,32439988643099.95,3.416951563280178,22.21805369950523,135174638707789.84,118562326772722.84,160343041236715.06,153193480258088.56,110845869906831.6,0.0048194880807222,0.0042271962119984,0.0057168370003016,0.0054619280599243,0.0039520752851287,0.0023086311153539,0.0020249114723951,0.0027384791826947,0.002616372705517,0.0018931230497207
233,233,0.02,2830,100000.0,17.15,2.43,0.81,1.725755650598546,,0.283,14995.0,6.485075945466655,2830.0,0.0845188284633877,0.0179600191651842,0.0064102867700866,3.63843083574521e-05,2.4632075127155423e-05,39455202052219.125,34245728669067.44,46548522643784.89,44714598643992.586,32354043891933.14,3.348366336177876,21.71440998335746,132110470338746.77,114667245033386.95,155861506219262.88,149720856835249.66,108333191406970.34,0.0048237646946249,0.0041868582164886,0.0056909889808411,0.0054667747484285,0.0039555821928803,0.0023037650675109,0.0019995871093205,0.0027179397096754,0.002610858011257,0.0018891327945121
234,234,0.02,2840,100000.0,17.15,2.43,0.81,1.732482517830678,,0.284,14758.0,6.522605397905632,2840.0,0.0834540527430363,0.0163724082781645,0.0065178768236999,4.016836000550362e-05,7.842047042364708e-06,39683531240857.86,34085496000731.965,46563525086386.17,44973364218559.33,32541278330151.195,3.4030702004906286,22.19688405917197,135045842616002.28,115995335709033.44,158458944651278.6,153047515587990.75,110740254571208.95,0.0048695460734495,0.0041826139968373,0.0057137866429822,0.00551865880612,0.0039931238265022,0.0023183153540174,0.001991277647349,0.0027202451941525,0.0026273478576512,0.0019010643164353
235,235,0.02,2850,100000.0,17.15,2.43,0.81,1.730456653737963,,0.285,14880.0,6.511715101580547,2850.0,0.0834833622839141,0.0157369974376579,0.0064091197797615,4.610438797231055e-05,1.251828924553617e-05,39617274678016.05,33677359938344.16,46231830095369.17,44898275625397.87,32486946641785.348,3.4138538770247235,22.230043845611192,135247586756698.48,114969585793473.31,157828712413024.3,153276152315489.16,110905688745754.23,0.0048790761277045,0.0041475443289507,0.0056936934807274,0.0055294592209932,0.0040009386589609,0.0023156080308388,0.0019684232639544,0.0027022251762466,0.002624279647047,0.00189884425803
236,236,0.02,2860,100000.0,17.15,2.43,0.81,1.7373023006418744,,0.286,14827.0,6.57522268313907,2860.0,0.0846936601737979,0.0149567032735502,0.0067600703995733,9.710036981545456e-05,-4.090294665763845e-05,40003654804218.1,33651157592164.72,46426292616101.375,45336160400243.89,32803785966180.82,3.3768761370462177,22.203712574457327,135087387302998.4,113635791056962.7,156775839666837.78,153094598200883.3,110774322033967.62,0.004944680629738,0.0041594756261293,0.0057385554128214,0.0056038088333405,0.0040547356446027,0.0023392855775295,0.0019678118913831,0.0027148608612521,0.0026511134216085,0.0019182603133292
237,237,0.02,2870,100000.0,17.15,2.43,0.81,1.7352793627869607,,0.287,14790.0,6.54794809472018,2870.0,0.0842528812258933,0.0166899766501069,0.0058994826123501,-2.990758443544769e-05,1.6447434631976656e-05,39837716208277.57,33158389268874.105,45980892938818.85,45148102113095.64,32667713044558.977,3.4064116956488903,22.30500697235669,135703662419818.1,112951125014371.42,156629851483172.03,153793023074399.38,111279679785087.52,0.0049413870462675,0.0041128972944053,0.0057033738469296,0.0056000762136776,0.0040520348411947,0.0023306178017151,0.0019398584974653,0.002690010819438,0.0026412902272889,0.0019111525661993
238,238,0.02,2880,100000.0,17.15,2.43,0.81,1.7422464615252664,,0.288,14763.0,6.550069903221703,2880.0,0.0925290962504732,0.015627668492548,0.0065291149177646,9.973726619441913e-05,-1.7055070336717497e-05,39850625291200.84,32815839094478.76,45743014072650.38,45162731982713.64,32678298747173.08,3.112534453166964,20.38731824442955,124036444199109.38,102140429791148.52,142376707292825.56,140570559295341.72,101712330721459.02,0.0049607628629086,0.0040850449574005,0.0056942706366822,0.0056220348355942,0.0040679233930064,0.0023323281531997,0.0019206048796384,0.0026771906025125,0.0026432285694135,0.0019125550881514
239,239,0.02,2890,100000.0,17.15,2.43,0.81,1.7402261387477802,,0.289,14936.0,6.683980831512137,2890.0,0.0854147645909506,0.0153486127572208,0.0060245897844699,8.867414561364591e-05,-2.343715634339169e-05,40665339378919.84,33126214910741.25,46420246874851.8,46086047833276.19,33346380368414.05,3.3834899783897363,22.615182159170413,137590768256392.8,112082216172477.69,157062440095438.53,155931680987480.0,112827143792101.2,0.0050805118731035,0.0041386136384304,0.0057994995001157,0.0057577464439593,0.0041661199432796,0.0023809443706736,0.0019395307187412,0.0027178926124799,0.002698325351051,0.0019524213453797
240,240,0.02,2900,100000.0,17.15,2.43,0.81,1.747317453281164,,0.29,14618.0,6.460230201301482,2900.0,0.0929588425697147,0.0164993423494696,0.007074685405514,4.649672880705451e-05,-2.78198412834853e-05,39304040544718.22,31668844058256.93,44616987223682.54,44543287237973.72,32230088474293.098,3.119660184909398,20.153722944349457,122615250393422.12,98796031910648.7,139189838612333.72,138959919701289.52,100546923769359.48,0.0049279774088717,0.0039706693235931,0.0055941196386684,0.0055848790654456,0.0040410386740403,0.0023020898568937,0.0018548862578928,0.0026132762003422,0.0026089594942936,0.0018877590887644
241,241,0.02,2910,100000.0,17.15,2.43,0.81,1.7452994363073877,,0.291,14822.0,6.69161837552128,2910.0,0.094372496089818,0.0147306687801818,0.0068044965644359,5.483404952222743e-05,7.149146617847265e-06,40711806196671.47,32442207727247.77,45956807224759.38,46138708699219.23,33384484075475.664,3.083525519162319,20.63377602541537,125535893338627.12,100036375424933.48,141708987856768.78,142269885695238.97,102941908590797.28,0.0051220860548755,0.0040816607100742,0.0057819768613407,0.0058048624832949,0.0042002115923362,0.0023853409226114,0.0019008177956494,0.0026926501962653,0.0027033079653856,0.0019560266046858
242,242,0.02,2920,100000.0,17.15,2.43,0.81,1.7432929151274017,,0.292,14884.0,6.577781757915154,2920.0,0.0839404114472017,0.0168044478925495,0.0064701655587752,0.0001152721559123,1.8425137939959057e-06,40019224215155.8,31544325497133.59,44921150178318.92,45353805220824.98,32816553190238.7,3.478658192945206,22.88185440357707,139213202191362.88,109731926331534.12,156265327104331.12,157770386112663.9,114157571619445.98,0.0050528139482291,0.0039827760528909,0.0056717294910866,0.005726356372952,0.0041434070985725,0.0023455040244258,0.0018487950192024,0.0026328031237842,0.0026581607903379,0.0019233595624359
243,243,0.02,2930,100000.0,17.15,2.43,0.81,1.7505018069954814,,0.293,14829.0,6.73089883231666,2930.0,0.0853103519521027,0.0175842564697389,0.0063876506302723,9.67509322463395e-05,-1.8048113101973588e-05,40950788495814.56,31927793330627.285,45707063999262.37,46409547448823.375,33580454274427.82,3.434518710748068,23.117397979743888,140646249308761.84,109656603586936.78,156981766518826.0,159394459070334.16,115332698520942.28,0.0051889088618981,0.0040455975535385,0.0057915805323591,0.0058805928012471,0.0042550076120988,0.0024008060277429,0.0018718183824112,0.002679650350837,0.0027208345761485,0.0019687082959253
244,244,0.02,2940,100000.0,17.15,2.43,0.81,1.7484971878729925,,0.294,14929.0,6.705579326344342,2940.0,0.0859160370027893,0.0151279128511602,0.006693047188426,0.0001191142729071,2.566901180251545e-05,40796744621478.98,31458192332300.285,45277403752547.73,46234969455144.24,33454135259131.92,3.421945544234715,22.94612729729644,139604238476751.58,107648221081193.66,154936810025546.9,158213547714859.0,114478229086211.95,0.0051870328016983,0.0039996984324054,0.0057567185965263,0.0058784666613593,0.0042534692057319,0.0023923920916616,0.0018447631361778,0.0026551457395337,0.0027112990585153,0.0019618087023833
245,245,0.02,2950,100000.0,17.15,2.43,0.81,1.7558359025148185,,0.295,14906.0,6.770758381096654,2950.0,0.0852943795948704,0.0176183832665028,0.0064261560699197,-4.208214350876631e-05,-3.632645235560058e-06,41193293990592.04,31411073885883.902,45458082840956.85,46684379037661.42,33779313563291.203,3.458610067875343,23.417413104012244,142471541324810.47,108638656384494.31,157221782980044.75,161463063352164.4,116829473975917.06,0.005255849949725,0.0040077370637472,0.005799994107507,0.0059564571668892,0.004309900624454,0.0024162273729568,0.0018424430091552,0.0026663821569487,0.0027383115937766,0.0019813541031692
246,246,0.02,2960,100000.0,17.15,2.43,0.81,1.7538328821918012,,0.296,15147.0,6.898602937640131,2960.0,0.0879751541101541,0.0163111944745705,0.0063633284780949,0.0001381126626232,2.294615810188006e-06,41971100272602.56,31644614318594.64,46052095071852.84,47565867255028.71,34417130055886.617,3.364586319784982,23.210945069612475,141215389803522.3,106471036431215.48,154946249076193.47,160039466254978.03,115799404952296.66,0.0053738401931014,0.0040516712503594,0.0058963572045119,0.0060901755640096,0.0044066549512464,0.0024623991054516,0.0018565553317489,0.0027018266610258,0.0027906380394623,0.0020192158345
247,247,0.02,2970,100000.0,17.15,2.43,0.81,1.7613044782525276,,0.297,14825.0,6.690970394080294,2970.0,0.0842153957792106,0.0150406836666445,0.0064015456154505,6.754383511727643e-05,1.982797496932829e-05,40707863877584.51,30343444748353.81,44409664099775.46,46134240867183.625,33381251296066.586,3.526671070675145,23.59685172354685,143563245886059.03,107011348778649.05,156618277639078.7,162700292633855.5,117724693248775.22,0.0052304828768576,0.0038987766260202,0.0057061207716374,0.005927708651534,0.0042890991243659,0.0023887348533931,0.0017805514005934,0.0026059562540944,0.0027071543087024,0.0019588096948682
248,248,0.02,2980,100000.0,17.15,2.43,0.81,1.7593027546125992,,0.298,14935.0,6.87179311373733,2980.0,0.0984057091595786,0.0156412578238777,0.0063812746467645,0.000150847184116,-1.2379389485157697e-06,41807989303977.92,30805310987361.008,45346536257337.08,47381013519218.89,34283375844435.54,3.0282795840305474,20.80971079201246,126606280458603.8,93287094342737.23,137321989954594.86,143482955910925.94,103819647141350.16,0.0053897234644089,0.0039713009456112,0.0058458991825417,0.0061081760826922,0.004419679546998,0.002453678893824,0.001807940124501,0.002661353506232,0.0027807554196115,0.002012065088969
249,249,0.02,2990,100000.0,17.15,2.43,0.81,1.757312149740715,,0.299,15108.0,6.813751334118828,2990.0,0.0869663955659234,0.0156441612928389,0.006269063611374,0.0001727759252404,5.645485425403428e-06,41454863116778.95,30189980849819.28,44702452035356.016,46980815448749.32,33993805405918.84,3.438109606064425,23.42642391516824,142526363099883.56,103796463166664.69,153691929757391.72,161525192895085.0,116874428912774.34,0.0053627291359695,0.0039054691716533,0.0057828472694257,0.0060775833978484,0.0043975436652452,0.0024331969523618,0.0017720036654978,0.0026238144786324,0.0027575432259261,0.001995269492987
250,250,0.02,3000,100000.0,17.15,2.43,0.81,1.7649096688313315,,0.3,14972.0,6.920743420205535,3000.0,0.0881102294279116,0.0163301923413398,0.0063294599612687,3.276210185228159e-06,-1.8899881732966933e-06,42105802968530.48,30316387119029.902,45139217207834.53,47718525882317.17,34527588923405.41,3.404825999748964,23.563927134707374,143362932687559.66,103222023081327.6,153691180357550.84,162473277593807.38,117560432475055.12,0.0054657610548339,0.0039353750874269,0.0058595290450741,0.0061943495189152,0.0044820318709018,0.0024714909646602,0.0017794857611864,0.002649543759191,0.0028009418476877,0.0020266713383776
251,251,0.02,3010,100000.0,17.15,2.43,0.81,1.7629199733189227,,0.301,14979.0,6.882977553817068,3010.0,0.0897569833741727,0.0153217728608312,0.0063068179323424,9.752732717698282e-05,-1.2954061428206056e-05,41876035437423.05,29806503084559.945,44629174075706.45,47458130233568.69,34339175015993.355,3.3534995126252407,23.08206187213601,140431264430075.5,99956093567134.5,149663913511748.62,159150816608377.78,115156406680086.56,0.0054548624763228,0.0038826592233004,0.0058134922389833,0.0061819981548727,0.0044730948215605,0.0024579754083761,0.001749536478949,0.0026195749246165,0.0027856246615308,0.0020155883156457
252,252,0.02,3020,100000.0,17.15,2.43,0.81,1.7706565996139254,,0.302,14982.0,6.898932872154249,3020.0,0.0866837821708941,0.0156224763278478,0.0060837854021609,8.633385317785085e-05,-2.1228418738802263e-05,41973107594186.445,29530348318397.83,44473573841445.39,47568142153503.54,34418776099177.543,3.4839273556917174,24.03538095837902,146231257750777.94,102881588329571.1,154942700511587.2,165723951708023.3,119912515601352.9,0.0054854686901284,0.0038593235143636,0.00581225481811,0.0062166841910643,0.004498192520554,0.0024636008988622,0.0017332763007282,0.0026103651307099,0.0027920000324877,0.0020202013288007
253,253,0.02,3030,100000.0,17.15,2.43,0.81,1.7686675156566432,,0.303,15252.0,7.105345715481571,3030.0,0.097525519683586,0.0179935227257709,0.0069275813034381,0.0001154513964418,3.889195681144567e-05,43228923332989.88,30058304105102.89,45537695432664.62,48991358708245.43,35448569774537.555,3.106879112083278,22.075450187560104,134307038941115.69,93387517168791.23,141480114752155.78,152210229043226.9,110134420985737.36,0.0056689281804229,0.0039417675495772,0.0059716945277872,0.0064245989158475,0.0046486329211259,0.002537176657921,0.0017641713388211,0.0026726822922999,0.0028753834740903,0.0020805349024273
254,254,0.02,3040,100000.0,17.15,2.43,0.81,1.7666892874892075,,0.304,15193.0,6.914644731411194,3040.0,0.088701427253909,0.0147870105594104,0.0066107242675985,8.979657603160057e-05,1.688838498561969e-05,42068698545905.71,28905531681739.02,44056151187517.336,47676475423080.19,34497162565010.45,3.4272278294891,23.69806285452263,144179014406915.7,99065842605834.84,150990467410038.7,163398143381933.53,118229635581213.4,0.0055356012250199,0.003803528564419,0.0057971197805694,0.006273499415929,0.0045393021879724,0.002468892781238,0.0016963837954012,0.0025855307484091,0.0027979973252196,0.0020245407767252
255,255,0.02,3050,100000.0,17.15,2.43,0.81,1.774557867131724,,0.305,15245.0,7.148659259947738,3050.0,0.0887885087518043,0.0156178043426556,0.0058727507367269,0.0001429454954875,-1.852531493426939e-05,43492442937522.04,29526044825250.266,45279026043427.43,49290005597339.66,35664661047879.266,3.435129210837229,24.55656824216852,149402161185353.3,101425779059706.6,155539305000037.22,169317538029751.97,122512718960178.77,0.0057424074154366,0.00389839170443,0.0059782940978743,0.0065078729667054,0.0047088873431317,0.0025521936798771,0.0017326270934705,0.0026570327232487,0.0028924022719843,0.002092849156625
256,256,0.02,3060,100000.0,17.15,2.43,0.81,1.7725798736533844,,0.306,15170.0,7.057877341990091,3060.0,0.0907515585931832,0.0156320596908403,0.0064697310030271,8.980091824388921e-05,9.4085729528795e-06,42940125748667.71,28797886143757.26,44439294275851.7,48651332264278.78,35211750059188.56,3.3718429164585704,23.798053720822733,144787358837485.5,97101948402808.36,149842319616448.47,164044650071580.72,118728490013184.6,0.0056880721760257,0.0038147176340708,0.0058866598289021,0.0064446082668403,0.0046643313751137,0.0025194725052465,0.0016896895638612,0.0026074348439475,0.0028545723107777,0.0020660171480399
257,257,0.02,3070,100000.0,17.15,2.43,0.81,1.780594237426178,,0.307,14906.0,6.959980539371152,3070.0,0.0987309673064373,0.0173098991722664,0.0068333746592728,0.0001949365973758,-2.5662185611036143e-05,42344521601534.09,28050139170102.395,43561841223881.75,47770684041843.21,34723342910922.68,3.109460064815786,21.641781539069623,131668598883699.64,87220787561958.4,135453805635506.31,148541034297044.22,107970848098418.4,0.0056281308330635,0.0037282237976507,0.0057899282472532,0.0063493375200321,0.0046151782916097,0.0024841470149146,0.0016455651605431,0.0025555612331341,0.0028024735591457,0.0020370495492125
258,258,0.02,3080,100000.0,17.15,2.43,0.81,1.7786161840067751,,0.308,15134.0,7.149171443249315,3080.0,0.0916477603859675,0.0157714805992913,0.0069528423518161,8.12517210647929e-05,-1.2785700466834693e-05,43495559060728.84,28469155222497.89,44477817948623.26,48857797842384.2,35667216330370.84,3.360693144086462,24.02617145522669,146175227133599.2,95676094774181.94,149476297843863.94,164196066244062.9,119866569390125.95,0.0058005934154176,0.0037966633351133,0.0059315880401654,0.0065157047426531,0.004756601010769,0.002551268670784,0.0016698822907744,0.0026088838936113,0.0028657953053261,0.0020920906309239
259,259,0.02,3090,100000.0,17.15,2.43,0.81,1.7766487401845403,,0.309,15221.0,7.035914065363525,3090.0,0.0919285400404987,0.016213760229927,0.0065512318848601,9.8307169225968e-05,-3.015211500544302e-06,42806501173671.69,27681416824772.62,43509683344047.984,47875719277220.28,35102175272098.63,3.3613065089891694,23.649863744594864,143885771022115.16,93045726551150.52,146249381828406.12,160924966829058.78,117989170221783.78,0.0057278707609431,0.0037040069546635,0.005821962463906,0.0064061748820474,0.004696966999728,0.0025103802046512,0.0016233721263897,0.0025516182071129,0.00280766366467,0.0020585612822164
260,260,0.02,3100,100000.0,17.15,2.43,0.81,1.7848015520508829,,0.31,15257.0,7.24743100674057,3100.0,0.0966951417899508,0.0166452634792697,0.0064310522013138,8.0745418400135e-05,2.226215143292302e-05,44093370245009.625,28166736391548.92,44550657688450.086,49100654461140.97,36157433292628.7,3.2059521736201337,23.23491718922188,141361236179225.94,90301209758271.58,142827277852493.06,157414349895866.0,115919001857027.95,0.0059189397518534,0.0037810041460095,0.0059803244183455,0.0065911000660005,0.0048536473408936,0.0025869559239056,0.0016525410772711,0.0026137849563466,0.0028807330494377,0.0021213548823742
261,261,0.02,3110,100000.0,17.15,2.43,0.81,1.7828336803569562,,0.311,15034.0,7.109975613015835,3110.0,0.089933769423169,0.0169524052364565,0.0066833682587048,9.1594074480333e-05,-1.6245974268773805e-05,43257091629588.336,27292249957009.934,43443736593838.44,47959145118346.83,35471668333336.0,3.4581003553474905,24.58700919388205,149587363935578.38,94379339274568.58,150232800952775.47,165847536775917.03,122664588868277.56,0.0058260584856371,0.003675842236823,0.0058511966638364,0.0064593520704828,0.0047774828706186,0.0025380850796557,0.0016013571369819,0.0025490363660485,0.0028139753754193,0.0020812798261673
262,262,0.02,3120,100000.0,17.15,2.43,0.81,1.7911394397627125,,0.312,15163.0,7.133164806677103,3120.0,0.0929129414371345,0.0170093494137384,0.0067453649248393,6.371978641842938e-06,-1.442510712296266e-06,43398174683823.49,27039880145385.098,43322604450334.94,47904616006750.24,35587359220512.07,3.3579821623783266,23.95304018212656,145730296468057.97,90799435201051.05,145476532971996.62,160862846046250.6,119501717468629.4,0.0058645054041065,0.0036539675779984,0.0058542934068068,0.0064734722485448,0.0048090101020853,0.0025465572901978,0.001586670508886,0.0025421229117841,0.0028109903242449,0.0020882272059167
263,263,0.02,3130,100000.0,17.15,2.43,0.81,1.7891708476413954,,0.313,15400.0,7.377373888654778,3130.0,0.0929772953486463,0.0169563549684334,0.00594572083801,-3.875553600830804e-05,1.3738989634235904e-05,44883942738575.664,27612539067249.49,44533963394070.04,49326495481715.68,36805718330498.68,3.366413260638659,24.835289287456835,151097900024887.38,92955217675891.7,149919724918594.0,166053368490480.56,123903258255122.12,0.0060851711824001,0.0037435888371837,0.0060377224938117,0.0066874733038136,0.0049899603926683,0.0026339491823078,0.0016204018689097,0.0026134111512873,0.0028946539566924,0.0021598902811528
264,264,0.02,3140,100000.0,17.15,2.43,0.81,1.787212634683398,,0.314,15296.0,7.210915504606872,3140.0,0.0998612904240872,0.0161311924583389,0.0063745834034298,0.0001341439851736,-9.591175345019747e-06,43871209930028.2,26644402695317.56,43263438605380.41,48000921426635.73,35975257452483.68,3.144361530544183,22.673725312690443,137946944802408.64,83779634839484.3,136035892029818.23,150932250764587.38,113119215585012.6,0.0059666513083835,0.0036237400440214,0.005883992098045,0.0065283077692784,0.0048927717583046,0.0025747224007012,0.0015637120695406,0.0025390533948413,0.0028170877404241,0.0021113231520543
265,265,0.02,3150,100000.0,17.15,2.43,0.81,1.7956638370369866,,0.315,15345.0,7.346764830169079,3150.0,0.0924626840492237,0.0163813761481293,0.0059626674009834,0.0001632256557802,-1.2200157321583766e-05,44697717226748.67,26794761148794.613,43807801746940.79,48688833330410.46,36653009737713.53,3.406779753790248,25.028809679278268,152275278088728.97,91283849789359.05,149243532049534.94,165872131625710.2,124868731489919.28,0.0060990962542381,0.0036562007524183,0.0059776654406252,0.0066436923273348,0.0050013792262317,0.0026234287809383,0.0015726563220111,0.0025711972571115,0.0028576780783083,0.0021512633445268
266,266,0.02,3160,100000.0,17.15,2.43,0.81,1.793704543205999,,0.316,15523.0,7.4657744555835155,3160.0,0.0938778257791455,0.0167010414508893,0.0063750957634433,2.0433462233307435e-05,-1.732729271516386e-05,45421771787770.11,26884644381831.28,44242361583164.65,49257637571774.805,37246748758906.16,3.366077104761813,25.130372464255263,152893186072529.03,90495785923345.58,148923200385684.16,165805006065006.47,125375428224169.5,0.006218260754296,0.0036805197699874,0.006056798972867,0.0067433924857236,0.0050990964666638,0.0026661289099802,0.0015780522159252,0.002596900882991,0.0028912833295243,0.0021862782925528
267,267,0.02,3170,100000.0,17.15,2.43,0.81,1.7917554769326751,,0.317,15286.0,7.173617597802814,3170.0,0.1028715801535327,0.0183457942492498,0.0067762666507263,4.39391811939108e-05,1.49161853160117e-05,43644289465032.31,25505712627603.547,42246718477868.61,47118750294233.96,35789178195438.234,3.081511915408387,22.105588104212664,134490398026029.8,78596157372942.5,130183766376455.8,145196990470834.4,110284779051916.95,0.0059936089516505,0.0035026636794147,0.0058016824915819,0.006470751775679,0.0049148775574925,0.002561577731315,0.0014969854312907,0.0024795512677723,0.0027655013510486,0.0021005442638939
268,268,0.02,3180,100000.0,17.15,2.43,0.81,1.8003557159727106,,0.318,15340.0,7.429166370859591,3180.0,0.0935198639936061,0.0169813552676019,0.0064551254939361,0.0001675611189088,2.0456378666667367e-05,45199048200309.75,26075809789246.86,43483579695252.56,48578457403574.13,37064111024218.5,3.4003471179314526,25.26174445778568,153692453281168.06,88666804664594.33,147859264894094.7,165183617625799.16,126030843099892.77,0.0062271631820952,0.003592516416348,0.0059908196585017,0.0066927511403757,0.0051063966330495,0.0026526041374635,0.0015303154311597,0.0025519281490215,0.0028509320932876,0.0021751877123283
269,269,0.02,3190,100000.0,17.15,2.43,0.81,1.7984052132716832,,0.319,15477.0,7.457640210660995,3190.0,0.1027815889638077,0.0162938300873252,0.0064129257558233,8.861523340664319e-05,2.945240873788925e-05,45372283041661.49,25835949936796.824,43381287249858.04,48544982058182.16,37206167010987.7,3.1036686941309,23.146044453920297,140820534457651.06,80186229001969.5,134641143148484.31,150667541071126.16,115475615780608.34,0.0062713831062942,0.0035710598873747,0.0059961865207057,0.0067099153925204,0.0051426578430805,0.0026624504837682,0.0015160563409312,0.0025456186350336,0.0028486248057355,0.0021832619105062
270,270,0.02,3200,100000.0,17.15,2.43,0.81,1.8071700299965687,,0.32,15510.0,7.414112597915749,3200.0,0.0949481294819634,0.016837726616685,0.0072611003718509,0.000219845431625,1.6860628518164924e-06,45107461045719.42,25347337049089.176,42860703379971.28,48043261748663.33,36989007751001.67,3.370261233643239,24.987496270621413,152023927310460.72,85427147432634.27,144451767048198.97,161918342609295.12,124662618894130.23,0.006255017814246,0.00351489623025,0.0059434616127275,0.0066621230972806,0.0051292379808141,0.0026465923305944,0.0014872055815138,0.0025147682050723,0.002818844712893,0.0021702579121196
271,271,0.02,3210,100000.0,17.15,2.43,0.81,1.805217800516276,,0.321,15456.0,7.546154431253108,3210.0,0.0952536819418128,0.0163099136402837,0.0060908772670753,0.00010349273454,1.9335872600775888e-05,45910803559743.92,25454927173957.24,43351887633165.99,48677275006972.95,37647764457521.76,3.369948472921895,25.430151602034204,154717042346776.1,85781792958215.25,146093627527669.3,164039908575747.6,126871026342548.62,0.0063858395327025,0.0035405845170623,0.0060299140158786,0.0067706344254954,0.0052365143702585,0.0026934029244847,0.0014933386039228,0.0025432815781836,0.0028557007217074,0.0022086435223955
272,272,0.02,3220,100000.0,17.15,2.43,0.81,1.8032755915953984,,0.322,15436.0,7.447286425143582,3220.0,0.0943915144798666,0.017071207737421,0.0067873034330299,-1.6399833863254153e-06,-1.621685434363015e-05,45309290610573.55,24782093377173.82,42515322026302.23,47823097868118.98,37154511975041.33,3.4113235895656864,25.405103860344614,154564651886336.62,84539739736372.62,145033520946306.4,163140061883622.78,126746063159259.28,0.0063225079036848,0.0034581203796307,0.00593263447555,0.0066732873142648,0.0051845811853195,0.0026577949289683,0.0014536913118587,0.0024939036952962,0.0028052521963736,0.0021794442637447
273,273,0.02,3230,100000.0,17.15,2.43,0.81,1.8121972644823925,,0.3229999999999999,15449.0,7.494896892530431,3230.0,0.1061371951568617,0.0164046909829173,0.0063191883625611,0.0001387580861121,6.666147955289329e-07,45598952694155.14,24599026748528.58,42516826262940.25,47911028639862.57,37392040596834.32,3.043230975932929,22.80870238477205,138768145308953.2,74860520178924.84,129388522681738.44,145804326445639.47,113792616197627.8,0.0063831602648583,0.0034434898351409,0.0059517094133671,0.006706815753285,0.0052343173177807,0.0026743547938121,0.0014427200894128,0.0024935896860751,0.0028099568421867,0.0021930236795412
274,274,0.02,3240,100000.0,17.15,2.43,0.81,1.810252978548184,,0.324,15338.0,7.536790048374617,3240.0,0.0966060540181388,0.0164597271374209,0.0061133152102876,-1.3550885487841094e-05,3.97041523386244e-05,45853830654311.17,24402022740866.18,42482669646812.49,47959810593993.95,37601045551340.96,3.353827079399864,25.2770905559902,153785818942644.38,81840164660448.28,142479527866678.4,160848911493025.4,126107404783835.1,0.0064394259626384,0.0034268678654801,0.0059660011384492,0.0067351766492632,0.0052804562997375,0.0026888695760508,0.0014309351172135,0.002491184624986,0.002812364283184,0.0022049260872646
275,275,0.02,3250,100000.0,17.15,2.43,0.81,1.8083185752307271,,0.325,15519.0,7.49978160481207,3250.0,0.0967349085781279,0.0167777052626028,0.0062259860087932,7.448565559962643e-05,-3.394407688118969e-06,45628671283676.63,23959293701206.184,42003591750012.73,47506366058334.11,37416410426407.41,3.3596971845744164,25.19699514261012,153298518447639.9,80495971592333.97,141119348944530.94,159607004295546.72,125707808766481.84,0.0064271079795283,0.0033748291019373,0.0059164909279735,0.0066915940302899,0.005270355310629,0.0026748505887818,0.0014045451918823,0.0024623406503548,0.0027849250843182,0.0021934302411953
276,276,0.02,3260,100000.0,17.15,2.43,0.81,1.817401133170114,,0.326,15322.0,7.518477392344355,3260.0,0.0967919851709666,0.0165616696744278,0.0059728548191999,7.61541997890691e-05,4.658402878936928e-05,45742416455023.055,23695309506511.105,41840506881150.79,47406304709933.86,37509683710405.99,3.3680474620308303,25.32258869962158,154062629648497.7,79806927045439.73,140920813011143.4,159666684262552.94,126334395022412.1,0.006463432608226,0.0033481623402424,0.0059120902977708,0.0066985410794588,0.0053001422226232,0.0026807014026948,0.0013886465638265,0.0024520327997111,0.0027782123766341,0.0021982280240046
277,277,0.02,3270,100000.0,17.15,2.43,0.81,1.81546430629344,,0.327,15682.0,7.75116634590906,3270.0,0.0975889139967876,0.0163037513031644,0.0068519220051863,0.0002206249000625,-1.0999046170647737e-05,47158096048510.73,24094924873207.504,42861708094390.12,48648230619030.85,38670568899740.31,3.3507904392784216,25.97253408512874,158016897373923.25,80737043900275.53,143620601693824.94,163010026046060.34,129576972550707.3,0.0066846503280439,0.0034154506002997,0.006075638227187,0.0068958765941639,0.0054815451161425,0.0027628081509945,0.0014116272796259,0.0025110996077304,0.0028501092993122,0.0022655571770729
278,278,0.02,3280,100000.0,17.15,2.43,0.81,1.8135372289613303,,0.3279999999999999,15600.0,7.559775929213302,3280.0,0.0974773064999681,0.0164685596681744,0.0060664127912909,4.075668014034427e-05,-3.2570306969979494e-05,45993676753333.73,23174488179350.24,41536414659687.55,47227329728972.24,37715722110845.17,3.364885754204824,25.437782329190373,154763467690794.25,77979505135683.7,139765289969127.05,158914569014152.66,126909096040330.77,0.0065400151384849,0.0032952682676886,0.0059062201556446,0.0067154329286212,0.005362941407939,0.002693752957874,0.0013572810544183,0.0024327004872666,0.0027660054192273,0.0022089305566788
279,279,0.02,3290,100000.0,17.15,2.43,0.81,1.8227848572822096,,0.3289999999999999,15441.0,7.64810419795093,3290.0,0.0967189850312024,0.015180635872883,0.006476750124261,9.994468812613866e-05,4.272227875591382e-06,46531065940333.46,23115966314272.344,41751646349549.21,47558232542575.02,38156391843577.2,3.4016072428165103,26.015846633565243,158280410918610.94,78631438439331.28,142022702622140.12,161774428272375.06,129793058854857.0,0.0066361100347752,0.0032967243049702,0.0059544846804909,0.0067826012113423,0.0054417411182599,0.0027243969893751,0.0013534413570893,0.0024445616561207,0.0027845376618953,0.0022340592669284
280,280,0.02,3300,100000.0,17.15,2.43,0.81,1.820855013114182,,0.33,15549.0,7.731822405680889,3300.0,0.1087347044231137,0.016131691965031,0.0063085823325939,7.303042809956084e-05,5.961835125989834e-05,47040407516162.53,23036103269877.773,41935635817787.51,47857220358305.86,38574061981941.96,3.0349096155711988,23.465382164889768,142763385091189.38,69912491319043.2,127270864378495.28,145242338239932.2,117068791620635.06,0.0067296394446558,0.0032955639077503,0.0059993466008801,0.0068464933626305,0.0055184370791235,0.0027533806771105,0.0013483548499747,0.0024545869272788,0.0028011905668441,0.0022578264625418
281,281,0.02,3310,100000.0,17.15,2.43,0.81,1.8189347901145143,,0.331,15587.0,7.586211157832209,3310.0,0.0964662286105522,0.01739912469441,0.0065936073917487,9.272823086874128e-05,-1.6575984380861434e-05,46154508684251.17,22275643496715.06,40877980426208.25,46738514598287.48,37847607466424.89,3.431252623509246,26.030206937806888,158367779009617.12,76433360188460.23,140262677581186.69,160371650834299.12,129864702412718.56,0.0066234003565003,0.0031966650557751,0.0058661924446039,0.0067072080946714,0.0054313189313905,0.002700412697677,0.0013033056198035,0.0023916930446275,0.0027345817752111,0.002214391674673
282,282,0.02,3320,100000.0,17.15,2.43,0.81,1.828351836950889,,0.332,15657.0,7.817966497546464,3320.0,0.0989350787785952,0.0177016048240315,0.0064269671847763,2.142918652672731e-05,3.09899618661571e-05,47564508171072.69,22620362401683.57,41850707030949.23,47942288873658.48,39003834856259.305,3.355735944204139,26.23503118640041,159613929738060.1,75907963182253.42,140439921874113.2,160881662020753.94,130886570588951.62,0.0068468698505736,0.0032561816213907,0.0060243731137677,0.0069012510562692,0.005614568324213,0.0027817616643997,0.001322928784158,0.0024475958424294,0.0028038557828173,0.0022810994319018
283,283,0.02,3330,100000.0,17.15,2.43,0.81,1.826428506699268,,0.3329999999999999,15533.0,7.770585653112347,3330.0,0.0963400902719513,0.0161366917560749,0.0063671500853753,0.000195912130828,-3.743327818064909e-06,47276243113535.52,22168923036037.81,41322666360199.52,47429025899488.96,38767451823377.5,3.456504961330209,26.85906786242417,163410568874988.62,76626992461412.25,142832001289422.53,163938663332642.56,133999889565634.16,0.0068253679983393,0.0032005728011094,0.0059658379347873,0.0068474255619118,0.0055969363812812,0.0027635855293952,0.0012959091262294,0.0024155625588696,0.0027725166175823,0.0022661946426944
284,284,0.02,3340,100000.0,17.15,2.43,0.81,1.8245146737703968,,0.3339999999999999,15821.0,7.738682251161861,3340.0,0.0991555705350037,0.0166813073703731,0.0062014951620417,3.046399321347424e-05,1.748253904300301e-05,47082142816068.76,21764847039227.453,40879731902474.47,47012504319026.07,38608285751046.52,3.36844413478607,26.06731883989923,158593567821946.9,73313671353801.67,137701093158517.12,158358994435028.16,130049853692257.23,0.0068182616888387,0.0031519046044852,0.0059200514931855,0.0068081768994036,0.0055911090673268,0.0027509285898959,0.0012716825614506,0.0023885323927826,0.0027468597323415,0.0022558157026612
285,285,0.02,3350,100000.0,17.15,2.43,0.81,1.8341056568034912,,0.335,15689.0,7.879138290624956,3350.0,0.0972793124692543,0.0152342981162921,0.0064412556476121,4.039588554386292e-05,-2.0840394535089224e-05,47936677360162.24,21841136238812.664,41349863691927.42,47639955393993.86,39309020931927.91,3.4436921016056576,27.133326298883865,165079157202409.44,75214148355692.28,142396198998361.03,164057338111142.5,135368164905131.6,0.0069633112680037,0.0031726568976622,0.0060065066590473,0.006920209252506,0.0057100525831805,0.0027994917676834,0.0012755177134621,0.0024148232496519,0.0027821632679349,0.0022956384663005
286,286,0.02,3360,100000.0,17.15,2.43,0.81,1.832188378667728,,0.336,15601.0,7.849596436457504,3360.0,0.0990868183107522,0.0149811925844814,0.0066751085255882,9.666454572289756e-05,2.224921829248653e-06,47756944719407.45,21441700836737.77,40924303683331.35,47236362418170.17,39161636621486.48,3.3909656776570394,26.6177120994864,161942160413275.25,72708071607968.0,138772909172190.16,160176883697383.94,132795765664337.62,0.0069573970811493,0.0031237012269709,0.0059619942747043,0.0068815568488144,0.0057052028333093,0.0027876360617689,0.0012515804524208,0.0023888057626114,0.0027572489839403,0.0022859165536103
287,287,0.02,3370,100000.0,17.15,2.43,0.81,1.830280478382876,,0.337,15808.0,7.781662681226189,3370.0,0.0979114188176026,0.0172937560804585,0.0066530877163807,0.0001784187953414,-3.234631165670272e-06,47343635752580.14,20941338617062.777,40301944723691.73,46605473224482.8,38822715116637.46,3.4418865957584672,26.783600475226315,162951425291276.94,72077712683307.53,138714723327473.23,160410753580327.5,133623382770904.12,0.0069182233844959,0.0030601126470375,0.0058892362615583,0.0068103572862915,0.0056730796293968,0.0027621482748155,0.0012217710240028,0.0023513180878633,0.0027190819931262,0.0022650160655908
288,288,0.02,3380,100000.0,17.15,2.43,0.81,1.8400500919812228,,0.3379999999999999,15577.0,7.861474044185101,3380.0,0.1098338661668094,0.0160383110012253,0.0068172239064273,9.0375732472821e-05,1.0851104996116942e-05,47829208084822.16,20838094808342.645,40444361938859.03,46860433978229.55,39220894006439.47,3.0773750555831723,24.1927041236898,147188411888528.7,64126633169070.86,124462470569622.23,144207130618405.72,120697400873088.38,0.007010177438431,0.0030541743828638,0.0059278036356512,0.0068681872475642,0.005748483767313,0.002789102788847,0.0012151484557539,0.0023584643608725,0.0027326098910832,0.0022871192987438
289,289,0.02,3390,100000.0,17.15,2.43,0.81,1.8381384106044016,,0.3389999999999999,15668.0,7.934143994116183,3390.0,0.0992932513618143,0.0156614917696677,0.0063940067742916,0.0001394655926687,2.134409164447024e-05,48271332060202.86,20709753117306.586,40544784213338.2,47068500312991.99,39583444386645.63,3.414129312421436,27.08819357928455,164804569736367.22,70705775170807.62,138425136248559.86,160697946610303.5,135142997767050.6,0.0070964344154008,0.0030445690741,0.0059605440698776,0.0069196044784064,0.0058192161897493,0.0028130966555087,0.0012068972357764,0.0023628185094751,0.0027429995228877,0.0023067947426583
290,290,0.02,3400,100000.0,17.15,2.43,0.81,1.8362359918314088,,0.34,15867.0,7.874675131109778,3400.0,0.1010108668619977,0.0166453271913777,0.0064588126291145,6.567792033238162e-05,-2.7512260951635223e-05,47909523497671.89,20235967824248.72,39969500408578.61,46492292079493.35,39286754229106.68,3.365974479404399,26.505955524916,161262233413588.94,68113751262469.75,134536318329819.3,156491868628589.88,132238212113805.9,0.0070634990114832,0.0029834723513777,0.0058928685992711,0.0068545507274988,0.0057922085089233,0.0027902392196845,0.0011785379387928,0.0023278141690687,0.0027076999999704,0.0022880511944454
291,291,0.02,3410,100000.0,17.15,2.43,0.81,1.8461891146121363,,0.341,15674.0,7.940755084746139,3410.0,0.0998323017420261,0.0161600140372044,0.0068740771014562,0.0001226524948572,5.590328933538743e-06,48311553935595.51,20094945063657.85,40031237080626.34,46657139843588.63,39616427117798.48,3.4157281165485744,27.12346040959345,165019133131966.5,68638868854435.12,136735822036517.28,159368104401484.44,135318943983461.69,0.0071439852964522,0.0029715043374337,0.0059195481371606,0.006899341748797,0.0058582088500987,0.0028118192680306,0.0011695619187769,0.0023298899450939,0.0027155293944445,0.0023057472597312
292,292,0.02,3420,100000.0,17.15,2.43,0.81,1.8442825805473604,,0.342,16069.0,8.193264562616836,3420.0,0.1125587853866818,0.0161269268008239,0.0059148117760549,1.7881133285165935e-05,-2.213708046493268e-05,49847821598960.84,20424535897156.41,41021829697131.04,47908344416786.56,40876196902895.4,3.0384123178399727,24.89451597037673,151458235163772.03,62058161456084.734,124641232652096.56,145565303803284.2,124198740176209.52,0.0073930475890051,0.0030292109269258,0.0060840439844873,0.0071053991693618,0.0060624448424632,0.0028993428411288,0.0011879703071725,0.0023859888847151,0.0027865353180858,0.002377518315975
293,293,0.02,3430,100000.0,17.15,2.43,0.81,1.842385197923146,,0.343,15880.0,7.957884875439165,3430.0,0.101724721710525,0.0165176209775775,0.006813756706322,0.0001744532899441,1.436359632955835e-07,48415771582171.88,19537247933443.613,39569486113800.63,46306236507825.09,39701887643565.99,3.371845056269259,26.83275477560945,163250480054807.9,65876572857488.65,133422176131933.77,156137454643345.12,133868613575515.56,0.0072021850930251,0.0029063024553097,0.0058862381764131,0.0068883769770089,0.0059059338312134,0.0028142077930587,0.0011356191090727,0.0023000099461348,0.0026915892773983,0.0023077058973652
294,294,0.02,3440,100000.0,17.15,2.43,0.81,1.852526900760176,,0.344,15605.0,7.92268185740986,3440.0,0.1007204519223705,0.0144915025845184,0.0062658814207777,1.99253690087062e-05,9.364709384735492e-06,48201596420481.59,19151628138470.09,39129635755446.27,45876615939766.7,39526259786617.8,3.4153937302141486,27.05907794227902,164627430200825.56,65410350667523.6,133643112624714.56,156686706444121.66,134997739854030.05,0.0071904327867288,0.0028569280918583,0.0058371306504936,0.0068436057702291,0.0058962967082495,0.0027999277631224,0.001112477164991,0.0022729569484961,0.0026648746138473,0.00229599599116
295,295,0.02,3450,100000.0,17.15,2.43,0.81,1.85062506995104,,0.345,15826.0,8.124777082803755,3450.0,0.102365799888048,0.0172176838093724,0.006285074567206,3.777237159694043e-05,4.95539338886766e-06,49431143771778.05,19333330712930.76,39856208531531.84,46816672429070.64,40534512866107.94,3.37026624495005,27.382661949917235,166596115303296.44,65158471904246.62,134326034265511.95,157784650788580.44,136612100468137.1,0.0073955583238676,0.0028925241046866,0.005963020320227,0.0070043985443095,0.0060645036945719,0.0028693244659992,0.0011222398389158,0.0023135291950655,0.0027175625196457,0.0023529026562902
296,296,0.02,3460,100000.0,17.15,2.43,0.81,1.8487322833690567,,0.346,15817.0,8.012353037020777,3460.0,0.1007653146361917,0.0160139026954913,0.0063838346528643,2.730186429702589e-05,3.885603593765163e-05,48747155877234.41,18763231923665.13,39036905413454.13,45943926995333.07,39973629301696.66,3.4337212288694388,27.512186716414764,167384143982667.4,64427707778489.71,134041850827545.78,157758637461502.84,137258299528193.23,0.0073146346264525,0.0028154706354283,0.0058575868665223,0.0068940030085369,0.0059981446665634,0.0028276268519707,0.001088379772365,0.0022643741973975,0.0026650227960818,0.0023187097903487
297,297,0.02,3470,100000.0,17.15,2.43,0.81,1.859067837874533,,0.347,15916.0,8.075884642315698,3470.0,0.100904349740631,0.0166110163215584,0.0060115750925179,6.311234674620181e-06,1.4146625469789144e-05,49133682163848.7,18607030343420.05,39076508254053.24,46081507884588.15,40290588480513.016,3.438900313930412,27.772162231725247,168965835017816.38,63987722489299.92,134380216502168.02,158469711930696.94,138555317374077.23,0.0073942152302277,0.0028002050954743,0.0058806932383511,0.0069348880935853,0.0060634023312962,0.002847743343477,0.0010784464845449,0.0022648387290762,0.0026708421098607,0.0023352057101589
298,298,0.02,3480,100000.0,17.15,2.43,0.81,1.8571702711474096,,0.348,15965.0,8.246379117653294,3480.0,0.1033550535148606,0.0144440635718341,0.006432461480645,0.000157208765136,-2.326154411927412e-05,50170970551802.65,18688435958331.484,39625846592757.336,46822855745094.2,41141185417972.29,3.3670342007027627,27.765840521099715,168927373730370.7,62924603029345.42,133421580709614.98,157654156668304.03,138523778359766.5,0.0075715179832697,0.0028203526338321,0.0059801077551322,0.0070662395086811,0.0062087940858863,0.0029055144376315,0.0010822896168137,0.0022948224463736,0.0027116175326534,0.0023825791468349
299,299,0.02,3490,100000.0,17.15,2.43,0.81,1.8552816452567584,,0.349,16100.0,8.24831695701949,3490.0,0.1040686401902348,0.0159807950829297,0.0059289422813716,2.295460510645808e-05,-4.622026684759691e-06,50182760366506.58,18381336712142.133,39359466130843.76,46602299990112.37,41150853298570.24,3.3535558777556496,27.661191812804304,168290690989101.38,61642839772009.95,131994168988415.48,156283417048773.38,138001685954080.69,0.007595340185728,0.002782081024987,0.0059571959096918,0.0070534247075514,0.006228328761768,0.0029038260558343,0.0010636362785935,0.002277535999609,0.0026966426714026,0.0023811946404598
300,300,0.02,3500,100000.0,17.15,2.43,0.81,1.8658165327664669,,0.35,16073.0,8.11559621555389,3500.0,0.1122090515500531,0.0161407627862535,0.006887261660428,9.849233075535872e-05,-1.5296447926700038e-05,49375287375429.87,17797776206081.07,38454890744254.78,45624606059846.57,40488709519398.36,3.11917795547782,25.31398881111492,154010307926823.16,55514431198535.75,119947647489787.58,142311265449233.2,126291490178652.31,0.0074945392310298,0.0027014755577491,0.0058369622259899,0.0069252336176974,0.006145669990731,0.0028547724217828,0.0010290289613072,0.0022233786862777,0.0026379161329027,0.0023409696930103
301,301,0.02,3510,100000.0,17.15,2.43,0.81,1.863922795333515,,0.351,15900.0,8.248542193545791,3510.0,0.1042897117408756,0.0162620377434865,0.0063022118673071,0.0001678499584603,-1.9068394068542047e-05,50184130705532.59,17800768979768.207,38809141364157.2,46140442337373.63,41151977003599.95,3.3656244143441043,27.761494989345188,168900935515176.12,59910702672407.06,130616993674939.1,155291399219301.03,138502098501843.12,0.007639357302735,0.0027097497274153,0.0059077818689895,0.007023800555393,0.0062644236659015,0.0028991744968476,0.0010283636425474,0.0022420329156984,0.0026655676170362,0.0023773802703439
302,302,0.02,3520,100000.0,17.15,2.43,0.81,1.8620378990487645,,0.352,16038.0,8.307210743114732,3520.0,0.1051184703510443,0.0175155586637203,0.0068734242928469,0.0001267082157313,-9.152309938201682e-06,50541070161110.03,17636763994494.895,38807514395813.41,46235408531334.84,41444674397399.4,3.3486027605281152,27.81754882668281,169241967061538.2,59058516598748.48,129950949835055.38,154824016642173.03,138781751096320.52,0.0077147572143766,0.0026921343737095,0.0059237081981596,0.0070575266884878,0.0063262530806254,0.0029174187198673,0.0010180596744667,0.0022401142003713,0.0026688799018312,0.0023923408930667
303,303,0.02,3530,100000.0,17.15,2.43,0.81,1.8601617792683764,,0.353,15976.0,8.099005170504244,3530.0,0.1143338136535021,0.0167174914097214,0.0064843401807333,7.179023575151499e-05,-2.748906671270453e-05,49274347457347.82,16911398716188.283,37571137840211.37,44849232546910.07,40405936795645.67,3.087450586313818,25.00527826223197,152132112947419.3,52213107881682.27,115999031553237.88,138469789322682.28,124751333250275.31,0.0075427680585062,0.0025887457600842,0.0057512761314228,0.0068653848535726,0.0061852185805206,0.0028417070339941,0.0009752993832758,0.0021667697734223,0.0025865056804275,0.0023302558173235
304,304,0.02,3540,100000.0,17.15,2.43,0.81,1.870887481113771,,0.354,15714.0,8.160706775571404,3540.0,0.1172024231327668,0.0174709571490062,0.0060506041624045,9.385764801614548e-05,2.178946126271051e-05,49649740022576.42,16754747360817.271,37592731510827.28,44964898674873.73,40713766103325.73,3.0204153680251897,24.64872415888316,149962837782645.16,50606296415991.97,113545663981347.52,135812670979284.08,122972484828668.08,0.0076220440183218,0.0025721266987891,0.0057710967713867,0.0069028445430616,0.0062502264311978,0.0028607496195774,0.0009653854605639,0.002166041399604,0.0025908155152472,0.0023458711130953
305,305,0.02,3550,100000.0,17.15,2.43,0.81,1.8690058871334967,,0.355,16025.0,8.379850400991304,3550.0,0.1157056751603704,0.0153213453514708,0.0068883897777936,8.732082339092965e-05,2.213599019024577e-05,50983009839631.09,16911515295368.166,38330482883497.74,45942518901041.125,41807073650545.62,3.0681295408195206,25.71046656292972,156422478568864.44,51886719657740.24,117602886848736.42,140957599419943.44,128269517682456.4,0.0078479621100257,0.0026032384450947,0.0059003220538549,0.0070720647664516,0.0064354837223731,0.0029347468852322,0.0009734814989102,0.0022064265253392,0.0026445999298327,0.0024065503304443
306,306,0.02,3560,100000.0,17.15,2.43,0.81,1.8671329748191288,,0.356,15922.0,8.202499953108818,3560.0,0.1048454003730512,0.0166986867867459,0.0059355107077483,-2.147133340258728e-05,-2.879766257203801e-06,49904009714714.05,16266649885858.43,37253265531462.49,44745214570794.89,40922272266059.89,3.3954756120279352,27.85138854844127,169447847928716.7,55233012976829.29,126492554580481.78,151931284830091.06,138950577468173.5,0.0077035075673219,0.0025110258916477,0.0057506564015528,0.0069071623907192,0.006317028148154,0.0028698773191354,0.0009354616960163,0.0021423589491838,0.0025732055834926,0.0023533560067663
307,307,0.02,3570,100000.0,17.15,2.43,0.81,1.8780694036287089,,0.357,16019.0,8.274838900970895,3570.0,0.11525069644631,0.0167654274132632,0.0064288776844099,-5.4495804992811056e-05,6.478011331733604e-06,50344119873506.92,16120625465584.99,37313466999019.94,44912863756753.9,41283171276943.8,3.0975951643494826,25.632100965418434,155945702273605.72,49935171488485.19,115582014941278.16,139121869590008.0,127878551716472.56,0.007793275738398,0.0024954747375543,0.0057761291251017,0.006952516646173,0.0063906398190118,0.002892392714657,0.0009261693276102,0.0021437498634941,0.0025803537781734,0.0023718190751847
308,308,0.02,3580,100000.0,17.15,2.43,0.81,1.876190687961922,,0.358,16089.0,8.459860559174745,3580.0,0.1060356755306202,0.0159631742958534,0.0064679928648832,2.9361412381523724e-05,-6.2934716013120924e-06,51469791642019.15,16187013113622.6,37873439214676.125,45685055395041.13,42206244329722.805,3.37622218379341,28.56236889168469,173773452337009.72,54650952763567.46,127869145653140.8,154242897492568.7,142497658400614.97,0.0079898478727358,0.002512770465273,0.005879235335694,0.0070918616730107,0.0065518328463311,0.0029542138982361,0.0009290867047566,0.0021738234590142,0.0026221871370378,0.0024225136650723
309,309,0.02,3590,100000.0,17.15,2.43,0.81,1.8743205625562929,,0.359,16198.0,8.46128898770091,3590.0,0.1064975076124028,0.0164422727399421,0.0064629260553578,2.677047009389089e-05,-8.101733540969566e-06,51478482201172.33,15917111120405.428,37605447694957.41,45460690337053.93,42213370759639.84,3.370970908601718,28.522759026811848,173532465919123.25,53656118535867.59,126766870184644.94,153246664611160.03,142300044784764.28,0.0080123343392974,0.002477408240477,0.005853075052475,0.007075699101856,0.0065702721924317,0.0029518493870874,0.0009127097904976,0.0021563498569307,0.0026067806425137,0.002420574719293
310,310,0.02,3600,100000.0,17.15,2.43,0.81,1.8724589658581048,,0.36,16180.0,8.246251659378443,3600.0,0.1043638880905746,0.0160921378746033,0.0059168971630216,0.0001622040662876,1.383720651637136e-06,50170195095658.445,15246883335291.572,36382320339660.8,44079160142496.74,41140549528639.05,3.4494690317360126,28.44518972692764,173060534298627.78,52593651895580.16,125499687314359.16,152049697856474.88,141913051547642.0,0.0078304581300097,0.002379701361386,0.0056784757473859,0.0068797822540595,0.0064211301135139,0.0028740451926043,0.0008734315596828,0.0020841942645154,0.0025251147231943,0.0023567737452174
311,311,0.02,3610,100000.0,17.15,2.43,0.81,1.883597625804449,,0.361,16056.0,8.447400679200276,3610.0,0.1077233260589309,0.0161311506141848,0.0065815507838157,5.34601100733882e-06,-2.7451075730547764e-06,51393985732254.48,15346609605601.986,36995850362721.7,44922675546246.78,42144081988530.18,3.3511776251924474,28.30874014717145,172230375055391.1,51429214732856.86,123979665960520.86,150543865154362.1,141232304594238.38,0.008043449379536,0.0024018311822173,0.005790059778506,0.0070306527427544,0.0065957871391363,0.0029409080533805,0.0008781760577264,0.0021170063524593,0.0025706015287785,0.002411602609848
312,312,0.02,3620,100000.0,17.15,2.43,0.81,1.8817298694928413,,0.362,16122.0,8.515090187816712,3620.0,0.1078794340710374,0.0171259161305751,0.0065312553382848,0.0001609887541712,-1.6347160470309412e-05,51805808702676.88,15195214185375.275,37020109568266.7,45049088981600.88,42481784947017.58,3.355597877549368,28.57321856137921,173839461727431.1,50989028469353.33,124224601093920.78,151166627372192.53,142551787402720.88,0.0081303615654368,0.0023847245798321,0.0058099059452872,0.0070699674570474,0.0066670568458192,0.0029612118288106,0.0008685560386729,0.002116063605658,0.0025749987985916,0.0024282521061696
313,313,0.02,3630,100000.0,17.15,2.43,0.81,1.8798705549712225,,0.363,16146.0,8.393582888909078,3630.0,0.1080190520583528,0.017567861803263,0.0070798616176728,2.3524601235537234e-05,2.010753371854356e-06,51066558296122.83,14707930355990.8,36229438803882.53,44180104182909.92,41875585032767.39,3.3605182889765066,28.20678880821922,171610103109205.72,49426268954299.83,121749691699802.38,148468048115556.25,140723669364205.69,0.0080352952849703,0.0023142848741803,0.0057006825701833,0.0069517154606714,0.0065891006207621,0.0029157148205674,0.0008397693510136,0.0020685692395553,0.0025225233271712,0.0023909436620333
314,314,0.02,3640,100000.0,17.15,2.43,0.81,1.8912322811644893,,0.364,16213.0,8.464792341427948,3640.0,0.1080133734421906,0.0177535076818218,0.006488403523859,5.034488400379759e-05,7.6056981099291635e-06,51499796605247.64,14559961432641.182,36272168787702.03,44328125612186.89,42230848991384.04,3.36995307525336,28.525952982376207,173551897944776.84,49066386805499.47,122235506752225.4,149383703227006.44,142315979429074.9,0.0081254883502101,0.0022972284319348,0.005722917455004,0.0069939629278414,0.0066630607132147,0.0029371893328417,0.0008303986855393,0.0020687116117934,0.0025281672215326,0.0024085531856587
315,315,0.02,3650,100000.0,17.15,2.43,0.81,1.8893664784185795,,0.365,16208.0,8.61346661875929,3650.0,0.1085332998177364,0.0151245464117058,0.0071885976303918,0.0001108451825977,6.604024972157924e-06,52404330908531.52,14538151777849.65,36639966245234.42,44875920848694.59,42972584960990.09,3.3630231515392666,28.967287653898136,176236978086316.25,48892141009500.125,123221054754340.6,150918760760803.56,144517798105297.78,0.0082906115314528,0.0023000039631424,0.0057966149247281,0.00709958166477,0.0067984649787012,0.0029854489002624,0.0008282313405124,0.0020873608161015,0.0025565590901226,0.0024481269828088
316,316,0.02,3660,100000.0,17.15,2.43,0.81,1.887509033740641,,0.366,16422.0,8.679393316957452,3660.0,0.1074508731508103,0.0165853254296717,0.0059312809753004,0.0001605947417247,-2.3710370746263183e-05,52805428940369.13,14369762707612.848,36649063001902.52,44986853792609.97,43301493258300.73,3.4062077791244056,29.563817034300847,179866262836686.34,48946397518842.66,124834323494700.8,153234571346720.34,147493883184126.94,0.0083766453312516,0.002279508151176,0.0058137242448368,0.0071363669674024,0.0068690143914553,0.00300495247999,0.0008177275509658,0.002085556257506,0.0025600276445762,0.0024641203028715
317,317,0.02,3670,100000.0,17.15,2.43,0.81,1.8856598884175413,,0.367,16272.0,8.406821984544164,3670.0,0.119746036176366,0.0152023405262851,0.0062640764863952,5.341377470054618e-05,2.84091726516812e-05,51147104953966.695,13654310162295.977,35235299452609.66,43348827214863.08,41941634880890.84,3.0648196108927563,25.765392883515315,156756650303307.16,41847997558616.96,107989836758036.86,132856335757313.98,128543545095857.9,0.0081345469007853,0.0021716112087484,0.0056038987195548,0.0068942918351041,0.006670488903356,0.0029072335356272,0.0007761195564325,0.0020027965277544,0.0024639745362437,0.0023839888410986
318,318,0.02,3680,100000.0,17.15,2.43,0.81,1.8972362390166708,,0.368,16222.0,8.604975034100821,3680.0,0.1079133787015962,0.0158678047349947,0.0060088538041009,-3.832815610006204e-05,5.183338952463053e-06,52352668107469.4,13724575788854.336,35796797574016.96,44140031557332.52,42930220445129.0,3.4101425089988093,29.344191152660688,178530058972787.66,46802759315548.04,122072181093180.69,150523797962208.56,146398169660624.2,0.0083486610341283,0.0021886531334589,0.0057085023525312,0.0070389948560295,0.0068460667158557,0.0029723372739616,0.0007792166027294,0.0020323731256503,0.0025060625525785,0.0024373751906303
319,319,0.02,3690,100000.0,17.15,2.43,0.81,1.895380253594432,,0.369,16250.0,8.685919934843277,3690.0,0.120203364513145,0.0161527485504811,0.0070522540187716,0.0001267819111286,1.180436256643805e-06,52845136883586.49,13599739659942.244,35861983027827.22,44322527885232.0,43334054554933.11,3.069797600878695,26.664016177406324,162223874423340.06,41748448180665.55,110089029461576.48,136061189766964.28,133026776709080.14,0.0084494699923599,0.0021744780870513,0.0057340139004212,0.0070867801927885,0.0069287320499479,0.0029965544608589,0.0007711657675198,0.0020335340497653,0.0025132845988008,0.0024572337615426
320,320,0.02,3700,100000.0,17.15,2.43,0.81,1.8935324879692648,,0.37,16443.0,8.68406798999285,3700.0,0.1098151328042149,0.0153678112592743,0.0059372007035651,0.0001094121007738,5.040120105793311e-06,52833869651116.5,13342954306554.389,35582848422003.23,44080409216216.68,43324815202074.33,3.3692988439003058,29.25922023903456,178013095934286.28,44956400519288.31,119889250050935.28,148520071810851.25,145974249772543.44,0.0084702486694976,0.0021391229093868,0.0057045901898469,0.0070669067017066,0.0069457709750367,0.0029921828168019,0.0007556622080699,0.0020151919275315,0.0024964410876077,0.0024536489271901
321,321,0.02,3710,100000.0,17.15,2.43,0.81,1.9053452797214097,,0.371,16480.0,8.609924076900327,3710.0,0.1103658168567562,0.0165658926056708,0.0058776216290755,0.0001329480735215,1.2865740625476502e-05,52382778083861.59,12977315111070.062,35009874320924.74,43473371974493.06,42954911219655.73,3.3615480822428982,28.942673768961253,176087227210360.25,43623868724279.35,117687375883069.44,146137830189489.3,144394999433347.7,0.0084190706001447,0.002085741461545,0.0056268608575547,0.0069871320549982,0.0069038039487379,0.0029629441258342,0.0007340400983675,0.0019802749159143,0.0024589984883164,0.0024296726238966
322,322,0.02,3720,100000.0,17.15,2.43,0.81,1.9034903442667048,,0.372,16000.0,8.577822770352045,3720.0,0.1108685136391613,0.016633752153491,0.0062830299417399,-9.262006045791242e-06,3.252880537612087e-05,52187473734821.84,12678150833271.871,34617829808498.387,43084382726926.43,42794757801286.35,3.355325942320569,28.78139126999031,175105984486621.03,42539328391530.26,116154102423292.94,144562147072524.47,143590361045981.66,0.0084096670915789,0.0020430003641563,0.005578434886534,0.0069427640322406,0.0068960928862405,0.0029482283072329,0.0007162271038438,0.0019556659572177,0.0024339671508265,0.0024176053623906
323,323,0.02,3730,100000.0,17.15,2.43,0.81,1.9016435520358448,,0.373,16325.0,8.760477775782697,3730.0,0.1113590339850816,0.0141895761641219,0.0066906227747102,9.40210219437484e-05,9.259037216812928e-06,53298746787861.92,12691998050068.893,35091700850091.51,43771644736505.375,43706023623379.88,3.349526182581375,29.34344968190639,178525547864718.47,42512179777977.51,117540570788694.62,146614270099574.97,146394470463030.97,0.0086111923868218,0.0020505779885841,0.0056695777182842,0.0070719496541615,0.0070613476031976,0.0030072444579278,0.0007161132877667,0.0019799588031727,0.0024697022722159,0.0024659997699872
324,324,0.02,3740,100000.0,17.15,2.43,0.81,1.8998048469297,,0.374,16370.0,8.640510997178021,3740.0,0.1115265739226742,0.01565680118888,0.0058951386137731,4.451423996204974e-05,6.776887935007791e-07,52568868906831.08,12265580377593.018,34351480866355.04,42945212793025.31,43107509364921.15,3.3534608555204857,28.97561540073077,176287644098046.0,41132143666498.37,115196346414482.56,144015090033407.97,144559345234245.8,0.0085154100954663,0.0019868498057133,0.0055644519854899,0.0069565144956382,0.006982804235089,0.0029623607489648,0.0006911899500491,0.0019357745506691,0.002420048507406,0.0024291942433572
325,325,0.02,3750,100000.0,17.15,2.43,0.81,1.9118457264473587,,0.375,16564.0,8.786688383586302,3750.0,0.1228053873201133,0.0163694917414382,0.0065628375434783,0.0001498337788496,-1.929409555188865e-05,53458212125739.06,12216199610363.568,34668564097581.914,43440886393557.2,43836788345712.06,3.05361196429028,26.831136774609547,163240636136724.5,37303533288364.445,105864342113140.56,132651610430741.1,133860541368527.06,0.0086810188003345,0.001983774882646,0.0056297890397798,0.0070543165678392,0.0071186066395248,0.0030084421604409,0.000687485205486,0.0019510261515629,0.0024447019254199,0.0024669819096712
326,326,0.02,3760,100000.0,17.15,2.43,0.81,1.9099995020850549,,0.376,16423.0,8.874446090571126,3760.0,0.1109019212549355,0.0156480306152962,0.0065251087169451,0.0001068421676337,-9.619848177821593e-07,53992130015034.734,12089169949611.229,34748117537875.445,43641590065818.79,44274611545859.35,3.390383103784746,30.087772080920946,183054005340323.0,40986917535944.19,117809430588739.31,147961709581452.22,150107894911714.56,0.0087904511960155,0.0019682360820512,0.0056573361948315,0.0071052812230832,0.0072083433624131,0.0030344249497018,0.0006794264072573,0.0019528874816151,0.0024527117137905,0.0024882883093462
327,327,0.02,3770,100000.0,17.15,2.43,0.81,1.9081612921502549,,0.377,16414.0,8.840065097122485,3770.0,0.1208635922230314,0.0182614457886506,0.0069328353658427,7.396792326695428e-05,-4.960439846419211e-06,53782956050893.2,11809308226194.264,34347829698925.605,43240253605637.81,44103084769544.08,3.1192188902040585,27.57409804157803,167760812484960.72,36835817299387.33,107138399234400.72,134875815863919.6,137567175129432.8,0.0087787093161929,0.0019275713303111,0.0056064157627118,0.0070578793921843,0.0071987147893633,0.0030185128299888,0.0006627852206622,0.0019277364474048,0.0024268145498935,0.0024752400573331
328,328,0.02,3780,100000.0,17.15,2.43,0.81,1.9063310420304307,,0.378,16499.0,8.714402006554556,3780.0,0.1105556648517449,0.0171269016290033,0.0064793916061266,6.374751995628533e-05,1.9279935206707e-05,53018421807877.92,11411722943685.076,33597677546757.875,42396625283374.29,43476151610700.68,3.4190920972425767,29.795343032805537,181274867011588.88,39017731732675.44,114873553785824.2,144957966456139.84,148648966390666.8,0.0086752676389172,0.0018672707972407,0.0054975013368062,0.0069372504646207,0.0071138905737275,0.0029715181876605,0.0006395916951768,0.0018830456752394,0.0023761994195432,0.0024367035237078
329,329,0.02,3790,100000.0,17.15,2.43,0.81,1.9186070635912644,,0.379,16549.0,8.876222308846938,3790.0,0.1102007384279204,0.0152275386281754,0.005823662795766,5.26832920689979e-05,-9.613998399349329e-06,54002936527024.766,11389651094518.988,33954807919942.883,42950688633041.76,44283473098837.37,3.439178406666435,30.52691209735728,185725733200321.7,39171042103734.43,116776642200774.02,147715080898210.72,152298764453715.44,0.0088587541011575,0.001868382070183,0.0055700173594131,0.0070457203542087,0.0072643530918269,0.0030225383198972,0.0006374774983989,0.0019004468031367,0.0024039452409107,0.0024785410384562
330,330,0.02,3800,100000.0,17.15,2.43,0.81,1.9167689464386204,,0.38,16543.0,8.99717039531707,3800.0,0.1127235934050077,0.0167246708249703,0.0063885798327531,0.0001498697566975,-7.826057827190111e-06,54738784685109.06,11307679632054.053,34147089102124.832,43299548151547.0,44886883102236.87,3.3710777710455657,30.33016112196262,184528700266020.6,38119067449722.12,115112493018085.3,145966144269997.2,151317173837471.53,0.0090021568867727,0.0018596230562789,0.0056157157140458,0.0071208984238306,0.0073819462044887,0.0030595196930971,0.0006320211293787,0.0019085862459477,0.0024201454422846,0.0025088664938957
331,331,0.02,3810,100000.0,17.15,2.43,0.81,1.9149387201237864,,0.381,16267.0,8.792644684905264,3810.0,0.1118602223882589,0.016687673800933,0.0065038002857472,0.0001114634720775,-2.3879163727701e-05,53494450262963.625,10818854531365.98,33106606678436.65,42085614134863.445,43866504332992.36,3.4060364968485017,29.948068700608324,182204049974501.03,36849413387927.32,112762310633563.56,143345137735628.1,149410914747334.9,0.0088196895460419,0.0017837165863259,0.0054583230856918,0.0069387020373026,0.007232319386128,0.0029857895309571,0.0006038537163744,0.0018478432648634,0.0023490060271686,0.002448406306697
332,332,0.02,3820,100000.0,17.15,2.43,0.81,1.913116331454547,,0.382,16657.0,8.811999981287208,3820.0,0.1110643839570002,0.0156702245492847,0.0063953742012961,0.0001475428612352,9.205635755110556e-06,53612207886151.375,10610383551648.703,32921177106196.684,41952145719238.65,43963067906641.88,3.4394464398946774,30.30840196399025,184396317548916.7,36493845932635.17,113230625395050.34,144292158239978.1,151208617398347.38,0.0088600072566627,0.0017534826296132,0.0054405867536398,0.0069330536860997,0.0072653807040582,0.0029881841933266,0.000591391059318,0.0018349279937015,0.0023382871860188,0.0024503699770721
333,333,0.02,3830,100000.0,17.15,2.43,0.81,1.9256348534933585,,0.383,16224.0,8.764497422024423,3830.0,0.1233082418229969,0.0163384919109255,0.0070799145877503,4.196796275755556e-05,3.3568820021884044e-06,53323202315596.586,10322152101911.707,32491262651557.14,41501102850277.94,43726077638479.84,3.1060373121674885,27.22285601520361,165623855996498.8,32060989570405.824,100919074115170.44,128903973949063.77,135814828659850.86,0.0088343329838054,0.0017101247640392,0.0053829969105996,0.0068757041185292,0.0072443272939193,0.0029676347065293,0.0005744661890786,0.0018082597165309,0.0023096908630655,0.002433518992583
334,334,0.02,3840,100000.0,17.15,2.43,0.81,1.923804251120696,,0.384,16473.0,9.003424030130583,3840.0,0.1237898002332258,0.0153601992125591,0.0063566726491864,0.0001396161184872,-2.1950435211222165e-05,54776831799314.47,10366208945604.385,33117668983991.99,42401429702951.26,44918082486321.48,3.1020326333553,27.92891515340036,169919519793287.75,32156318433444.44,102732089929001.8,131530618639475.5,139337357700314.38,0.0090975102749525,0.0017216529196221,0.0055002876940413,0.0070421641727754,0.0074601378635335,0.0030439859628073,0.0005760573125797,0.0018403714891271,0.0023562764142989,0.0024961285286728
335,335,0.02,3850,100000.0,17.15,2.43,0.81,1.92198142099036,,0.385,16682.0,9.05229561506255,3850.0,0.1148539527421235,0.0147626241046912,0.0063729758102452,-2.0251764830359283e-05,-1.3296792302815576e-05,55074166522040.56,10196995505201.016,33036698454822.81,42399311792446.5,45161902823547.06,3.3520831526314416,30.34404762389065,184613185743750.72,34181176840442.863,110741760308976.77,142126018742627.53,151386453595590.47,0.0091693537274666,0.0016977081025303,0.0055003133637745,0.0070591043347066,0.0075190509116257,0.0030559493574247,0.0005658097767001,0.0018331367279802,0.0023526483977841,0.0025059387482235
336,336,0.02,3860,100000.0,17.15,2.43,0.81,1.920166311267474,,0.386,16497.0,8.757572917454729,3860.0,0.1265635427071174,0.016214527720693,0.0067707522530518,2.8309693842154493e-05,1.1017005558528866e-06,53281073629794.57,9658089340437.512,31708848821936.02,40794168966296.94,43691531285181.64,3.04985141647977,26.70929616722417,162499357881391.88,29455737455421.52,96707277494524.44,124416154005975.78,133252678578281.42,0.0088915543828826,0.0016117435470973,0.0052915779377461,0.0068077376666355,0.0072912499697898,0.0029520562934818,0.0005351097768515,0.0017568397246318,0.0022602150262785,0.0024207443866174
337,337,0.02,3870,100000.0,17.15,2.43,0.81,1.9329350113489463,,0.387,16373.0,8.89009118225657,3870.0,0.1146708711867177,0.017658265671674,0.006623433673102,0.0001053310490931,3.99881611175735e-07,54087314752848.98,9594188509360.05,31932597439217.367,41183344653424.17,44352664908278.03,3.3748762523121574,30.00295761188741,182537994110723.03,32379198960445.41,107768564772258.7,138988691861628.12,149684755525706.3,0.0090481422545476,0.0016049896883642,0.0053419306450598,0.006889466830531,0.0074196551130733,0.0029922252912211,0.0005307709143563,0.0017665792082417,0.0022783502196799,0.0024536837570516
338,338,0.02,3880,100000.0,17.15,2.43,0.81,1.9311113418241657,,0.388,16349.0,8.979561263057152,3880.0,0.1157402202816229,0.015912045513719,0.0064361049152841,0.0001364498647752,-2.131249682205968e-05,54631650724439.7,9478585164518.162,31995325914151.645,41367403526670.26,44799031141392.125,3.3523350746689937,30.1024981772855,183143598910604.9,31775393505251.41,107259053287476.34,138677397790442.52,150181363406477.34,0.0091614600156322,0.0015895122669366,0.0053654593109062,0.0069371107834852,0.007512577912227,0.0030178063825775,0.0005235890628963,0.0017673948613304,0.0022851005367406,0.0024746607565219
339,339,0.02,3890,100000.0,17.15,2.43,0.81,1.9292953307405591,,0.389,16376.0,8.932964108461517,3890.0,0.1260432779531584,0.0149639888914537,0.0063319737970265,0.0001352478528207,2.1616342966010004e-05,54348153635879.88,9218339922553.969,31571994530410.312,40923522295421.37,44566557937114.52,3.086241537962576,27.569284888662764,167731529262624.28,28450023580044.77,97438800956079.56,126299874387867.0,137543162309538.56,0.0091360535309429,0.0015496248053453,0.0053073271640646,0.0068793411616264,0.0074917440936676,0.0029974686736442,0.0005084199423955,0.0017412930934767,0.0022570587570931,0.0024579834340583
340,340,0.02,3900,100000.0,17.15,2.43,0.81,1.927486927561049,,0.39,16589.0,8.859025246436484,3900.0,0.1129847335823797,0.0175114759442978,0.0065947338116731,0.000146218114002,-1.3871407326992697e-05,53898309599319.57,8932727400929.748,31055500525694.81,40357476659788.51,44197676954471.625,3.451793774560191,30.579528194321018,186045849534249.03,30833932832372.53,107197183380444.08,139305686691216.2,152561266161467.56,0.0090810310165219,0.0015050263207327,0.0052323712117125,0.006799610229348,0.0074466245465858,0.0029680339654683,0.0004919011102078,0.0017101423228317,0.0022223769609346,0.0024338463927879
341,341,0.02,3910,100000.0,17.15,2.43,0.81,1.9405138183462285,,0.391,16530.0,9.004095157304548,3910.0,0.1162743943473287,0.0157236937206128,0.0063086324984778,0.0001735234042507,2.1586318600558444e-06,54780914937040.87,8866265074768.893,31304697594031.87,40790775117244.07,44921430739792.39,3.362735210918625,30.27838782792988,184213711545125.38,29814901756263.41,105269408866610.56,137168575767419.94,151058876873542.2,0.0092516864661774,0.0014973810622194,0.0052869005088969,0.0068889587282508,0.0075865653812885,0.0030117689551645,0.0004874533755257,0.001721083272758,0.0022426129665123,0.0024697099469618
342,342,0.02,3920,100000.0,17.15,2.43,0.81,1.9386965093121085,,0.392,16701.0,9.217409824756936,3920.0,0.1159015931370959,0.0166580874211841,0.0065168934828252,6.93476121556283e-05,1.423220953925024e-05,56078721373821.2,8858535321552.295,31783963945142.71,41527076112350.71,45985657615712.35,3.3821795662145644,31.17493516271828,189668305529978.0,29961157151144.14,107499073388562.12,140452028271829.56,155531751526801.5,0.0094933279239119,0.0014996237195292,0.0053805719007332,0.0070299418673948,0.0077847161427344,0.0030781533608416,0.0004862437945116,0.0017446174420853,0.0022794155389004,0.0025241464689741
343,343,0.02,3930,100000.0,17.15,2.43,0.81,1.936886749524311,,0.393,16621.0,9.125594769699129,3930.0,0.1143977582760271,0.0168439158494992,0.005958300188242,0.0001345133999743,-1.4227197043769908e-05,55520118578849.5,8554685231525.302,31217087776943.703,40885647515264.48,45527592306028.95,3.43538200330588,31.349904041286653,190732816187188.0,29388611688328.62,107242621544532.36,140457817667447.36,156404671261979.12,0.0094209929455412,0.001451611258774,0.0052971061887999,0.0069377264796031,0.0077254000337451,0.0030425817269491,0.0004688089584728,0.001710740957871,0.0022405918288477,0.0024949770275721
344,344,0.02,3940,100000.0,17.15,2.43,0.81,1.9350844896869648,,0.3939999999999999,16633.0,8.9566852857121,3940.0,0.1167924641731588,0.0165655696710866,0.0060417616892901,0.0001692943887736,1.7486265875045244e-06,54492473278272.414,8201537479260.033,30393635365309.992,39905318377334.2,44555335677547.48,3.3735053266437447,30.21542552042142,183830648866243.9,27667930372952.03,102533090800940.95,134620804107351.42,150307662238606.5,0.009267392189179,0.0013948139954377,0.0051689659514415,0.006786592965753,0.0075774092274316,0.002981461680369,0.0004487329761975,0.0016629353324821,0.0021833506616112,0.0024377683372935
345,345,0.02,3950,100000.0,17.15,2.43,0.81,1.948377935962774,,0.395,16858.0,9.1902295377857,3950.0,0.117177573320987,0.0153517727462383,0.0064458211830505,3.595250293862676e-05,2.4283886449662173e-05,55913356507888.2,8224236254750.905,30934097693487.41,40716454970914.695,45512577722195.64,3.3709522121436004,30.97982459050616,188481252808639.47,27723507396144.164,104277365050527.64,137253223954850.16,153420724552992.94,0.009531049570258,0.0014019119637449,0.0052730588349894,0.0069405697473772,0.0077581218770021,0.0030542063968912,0.0004492399767712,0.0016897415028943,0.0022240921489547,0.0024860751473313
346,346,0.02,3960,100000.0,17.15,2.43,0.81,1.9465664237436828,,0.396,16587.0,9.194560072703377,3960.0,0.1177348641417666,0.0163385981544164,0.0063653577559801,9.407511860242512e-05,-2.2581081890823982e-05,55939703482327.34,8036866420365.377,30696508159665.8,40506144195115.13,45329395577409.22,3.3634896756084887,30.92580787629985,188152615119408.25,27031917229143.496,103247388272267.64,136241997798978.48,152464954026189.0,0.0095575518124132,0.0013731350443491,0.0052446375102588,0.0069206582760704,0.0077447326297203,0.0030506630609496,0.0004382892648356,0.001674029315733,0.0022089962968176,0.0024720315635363
347,347,0.02,3970,100000.0,17.15,2.43,0.81,1.944762356005392,,0.397,16538.0,9.146867644716671,3970.0,0.1184951440286568,0.0148271065722371,0.0060632784432234,5.0548434062340295e-05,-2.22272499432612e-05,55649542750456.24,7804925791157.329,30286426533014.41,40067731345450.52,44890704046462.83,3.350348263250263,30.645192127656525,186445348904662.3,26149219569201.137,101470076534941.5,134240854125608.23,150399492338148.28,0.0095288008722771,0.0013364275789351,0.0051859065376342,0.0068607469985288,0.007686578518591,0.0030296842215828,0.0004249174270151,0.0016488600635348,0.0021813759368388,0.0024439492406107
348,348,0.02,3980,100000.0,17.15,2.43,0.81,1.942965684639614,,0.398,16880.0,9.183329950883364,3980.0,0.1187478330598423,0.0171243568228784,0.0062552431031147,0.0001902624629712,2.136819682794603e-05,55871379421174.39,7645027094458.481,30155299783440.984,39998237487431.016,44865274354563.54,3.351640107819314,30.77921698671906,187260756147198.75,25623379435152.4,101069712217495.88,134059697004955.84,150372252975072.44,0.0095887457408049,0.0013120531791013,0.0051753063081091,0.0068645688243372,0.0076998583681706,0.0030366035349809,0.0004155064102687,0.0016389373391075,0.0021738999574674,0.0024384228940537
349,349,0.02,3990,100000.0,17.15,2.43,0.81,1.956534421487116,,0.3989999999999999,16789.0,9.127510692662158,3990.0,0.1304364122565857,0.0150666501201977,0.0059790410679553,6.482740322410528e-05,-2.6644958043620498e-05,55531775054156.57,7408707572038.884,29721678944051.605,39527291975711.79,44389432711155.234,3.0589617814319667,27.92070636846516,169869577545742.03,22662953312672.56,90917479969845.06,120912475477204.8,135785578162869.8,0.0095522781327137,0.0012744061442847,0.0051125638171645,0.0067992727842169,0.007635632158288,0.003012955078626,0.0004019699187259,0.0016125917716918,0.002144609189719,0.0024084115192423
350,350,0.02,4000,100000.0,17.15,2.43,0.81,1.9547281502217368,,0.4,16665.0,9.266013548973064,4000.0,0.1158170799481013,0.0164127231509133,0.0062146992733339,0.0001360816837649,-8.930226030974117e-06,56374426431952.125,7328397529228.781,29918556577302.496,39895807514261.2,44856789351013.48,3.453722025967532,32.00223508700185,194701598269319.25,25310247961743.48,103330377836185.4,137789029155764.84,154922881395781.06,0.0097190013153458,0.0012634222595936,0.0051579857948362,0.0068780727405879,0.0077333504267387,0.0030534226538887,0.0003969298926608,0.0016204865256599,0.0021608869512184,0.0024295898948156
351,351,0.02,4010,100000.0,17.15,2.43,0.81,1.9529292229344333,,0.401,16732.0,9.32361262486872,4010.0,0.1194796407326066,0.0148372808534881,0.0062906316286922,7.798425250522042e-05,6.853929580120028e-06,56724859209701.3,7180022610240.416,29848829931100.965,39914966456361.74,44928126317503.766,3.356220336295044,31.29209829932161,190381126053072.7,24097737899547.1,100179250029373.23,133963422143375.78,150788691218438.66,0.0098005847973423,0.0012405217292537,0.0051571038327262,0.0068962712096382,0.0077624152425414,0.0030670458265473,0.0003882153025685,0.0016138908151198,0.0021581548723495,0.0024292104773196
352,352,0.02,4020,100000.0,17.15,2.43,0.81,1.95113759265352,,0.402,16761.0,9.22392890932029,4020.0,0.118822356680539,0.0168865390730523,0.006890636787839,5.932852633580912e-05,-1.0934229990289707e-05,56118383484304.64,6911401109508.617,29276728699666.33,39265155426217.8,44242493981275.45,3.383201707409328,31.206412035034663,189859810821150.9,23382664034280.28,99049078524070.8,132841940879672.69,149681281177498.03,0.0097174504586222,0.0011967771291933,0.0050695537373969,0.0067991481385255,0.0076610232999526,0.0030289727257386,0.0003730407783965,0.0015802025508261,0.0021193248535244,0.0023879751922187
353,353,0.02,4030,100000.0,17.15,2.43,0.81,1.9649907448379336,,0.403,16886.0,9.103264912819627,4030.0,0.1193763786086492,0.0145444597929896,0.0068888838599518,9.463216743518076e-05,-3.148253336132268e-06,55384263729594.63,6652033419681.173,28651716238069.426,38531362451250.17,43462752946539.35,3.375877243865406,30.731504864066185,186970475592978.62,22456448246933.848,96724676845787.5,130077149674305.42,146724918627966.3,0.0096113261076139,0.0011543867909385,0.0049721883033673,0.0066866915789971,0.0075424798304329,0.0029841061291016,0.0003584118007883,0.0015437555052233,0.002076071199841,0.0023417746977485
354,354,0.02,4040,100000.0,17.15,2.43,0.81,1.96318916563474,,0.4039999999999999,16823.0,9.356926189855423,4040.0,0.1304583902233389,0.0169875902578751,0.0065278939860022,2.3080754459537947e-05,-1.982621307572698e-06,56927538939080.41,6667809864262.708,29206578338566.59,39378758729940.99,44472020774169.11,3.0967728431139614,28.97627491976608,176291656611856.78,20648692510696.145,90446138639153.5,121947070630418.1,137719746211846.84,0.009901079083348,0.0011596937793049,0.0050797320114892,0.0068489207799139,0.0077347625224505,0.0030618879288243,0.000358632867599,0.0015708964645883,0.0021180143785298,0.0023919590784447
355,355,0.02,4050,100000.0,17.15,2.43,0.81,1.961394834013073,,0.405,16683.0,9.35728194067547,4050.0,0.1207095295380895,0.0146579406361427,0.006071541698455,0.0001232989929943,-1.7569312040502663e-05,56929703327069.56,6498475337282.731,28964165319431.54,39153972251612.1,44271887874578.07,3.355161780099585,31.39519473297041,191008364755392.0,21803436080570.78,97179460472242.6,131367911237688.62,148539346129638.62,0.0099222700069133,0.0011326183549445,0.0050481603105003,0.0068241403313085,0.0077161411273064,0.0030564150328873,0.0003488870756555,0.0015550144322507,0.0021020799757124,0.0023768482132564
356,356,0.02,4060,100000.0,17.15,2.43,0.81,1.95960770408936,,0.406,16594.0,9.238507329005886,4060.0,0.1204010868686964,0.0159599826033694,0.0064768470482187,3.77873885859895e-05,-9.567812552436833e-06,56207078589671.81,6248552953152.375,28356082679000.09,38433568490047.86,43510670426300.04,3.3720625831456474,31.152824888257587,189533786620159.2,21070511612129.363,95618485406440.58,129600398242055.95,146720703712108.25,0.0098175873489158,0.0010914232861974,0.0049529049642746,0.0067131209315496,0.0075999290167445,0.0030121208442346,0.0003348581187415,0.0015195941479504,0.0020596436547133,0.0023317240572927
357,357,0.02,4070,100000.0,17.15,2.43,0.81,1.95782773037931,,0.407,16745.0,9.134965849889904,4070.0,0.1209065846132944,0.0162922847130199,0.0063769727712647,8.280155910776339e-05,-8.405654710286966e-06,55577132230730.17,6012962821650.171,27800541420793.0,37781913019201.12,42825991634823.76,3.3662351914227173,30.750443516344124,187085698353437.7,20241047054955.246,93583160871278.3,127182805204506.92,144162360148718.62,0.0097285667197043,0.0010525463917546,0.0048663795917585,0.0066135809253239,0.0074965278026078,0.0029729055917756,0.0003216425547365,0.0014870933732447,0.0020210121676745,0.002290827628096
358,358,0.02,4080,100000.0,17.15,2.43,0.81,1.9719573768742,,0.408,16816.0,9.303182581458232,4080.0,0.1202704656479909,0.0149432844172904,0.0064630057617757,8.110918220413638e-05,-1.3452732543202536e-05,56600562825591.88,5955081559883.564,28070361720843.05,38252676394816.28,43413958211615.88,3.3923540397202703,31.55968901246508,192009147951837.6,20201744986534.7,95224604980111.16,129766621298067.23,147275516519422.12,0.009928727726268,0.0010446253613766,0.004924031931677,0.0067101878455781,0.0076155668616039,0.0030221136872406,0.0003179638609992,0.001498780579687,0.0020424520735346,0.0023180320261637
359,359,0.02,4090,100000.0,17.15,2.43,0.81,1.9701671021307143,,0.409,16674.0,9.380395832454862,4090.0,0.1201567658581552,0.0161233416539959,0.0065086126781061,7.403599252340682e-05,1.0006860602532164e-05,57070328244655.39,5834499765859.588,28059211180867.69,38343317982032.586,43571957034685.85,3.403886556690644,31.92980327053004,194260923097904.8,19859975318024.16,95510371729899.31,130516304617955.31,148313998799069.47,0.0100315561335553,0.0010255611578319,0.0049321172784829,0.0067398096088494,0.0076588753961345,0.0030416095465941,0.0003109544089419,0.0014954384742937,0.0020435383080728,0.0023222028776906
360,360,0.02,4100,100000.0,17.15,2.43,0.81,1.9683839376893304,,0.41,16785.0,9.43407040515965,4100.0,0.1205898425487248,0.0168910677444028,0.0063589810760785,9.15318318276021e-05,1.4229469442938316e-05,57396884344991.31,5696905016846.5205,27974243954828.324,38334577626362.29,43617795580228.63,3.3999546838643373,32.07541186192847,195146805767972.88,19369218895557.57,95111161761782.2,130335826754711.5,148298528382835.53,0.0101102306900547,0.0010034869417903,0.004927550737131,0.006752481909624,0.0076830995365037,0.0030534155607626,0.0003030655518176,0.0014881816803649,0.0020393336184599,0.0023203917298074
361,361,0.02,4110,100000.0,17.15,2.43,0.81,1.966607839094845,,0.411,16881.0,9.353593989862192,4110.0,0.1224039855123919,0.0173919387318784,0.0064385076926093,-1.870588179517938e-06,8.520533813589953e-07,56907265834321.58,5480844858950.996,27492184925824.44,37782756242907.78,43043974055100.13,3.3577338048228107,31.40687873634776,191079450231939.7,18403218061889.062,92311438693880.84,126864437876191.56,144530206778725.72,0.0100450625159255,0.0009674586969006,0.0048528199735214,0.0066692740007741,0.0075979649343227,0.0030216621710882,0.000291021916676,0.001459780117231,0.0020061889037337,0.0022855490628255
362,362,0.02,4120,100000.0,17.15,2.43,0.81,1.9810411405171136,,0.412,16752.0,9.134730556487076,4120.0,0.1207398553651728,0.0164528092271148,0.0065545907146507,6.171950451170236e-05,-2.6983199857697705e-05,55575700705667.375,5210414261010.098,26611167597731.41,36684634406516.89,41839770545404.99,3.4122949605490462,31.17039504387424,189640683446930.88,17779470325217.64,90805153088064.95,125178793114941.77,142769638182613.88,0.0098305864821829,0.0009216515014742,0.0047071540464569,0.0064890134810977,0.0074008870336987,0.0029454066918408,0.0002761420699474,0.0014103413924579,0.0019442160206118,0.0022174284549677
363,363,0.02,4130,100000.0,17.15,2.43,0.81,1.979254389063113,,0.413,17113.0,9.607733024065729,4130.0,0.1236404460159974,0.0148923331791054,0.0059840572758002,0.000179519570802,6.247443154368249e-07,58453447718415.88,5330665485213.987,27739070233433.24,38359057356026.445,43801586634989.016,3.340330881260031,32.09300731918857,195253856529943.28,17806186537927.27,92657672918177.95,128131943862359.9,146311792485040.47,0.0103600755652007,0.0009447876796876,0.004916371487806,0.0067986192146045,0.0077632332244999,0.0030919406783574,0.0002819697058049,0.001467279741098,0.0020290322376515,0.0023169190660186
364,364,0.02,4140,100000.0,17.15,2.43,0.81,1.977474660291654,,0.414,17045.0,9.645088395403423,4140.0,0.123712718886054,0.0150128978813106,0.0062533263025899,8.947208727289526e-05,-1.834410384541341e-06,58680717797634.42,5201262427695.898,27604757118156.09,38282192068440.8,43768357789353.06,3.346462705918829,32.276928610508044,196372833666330.9,17405830737981.156,92378290201856.69,128109928057858.77,146469177041381.94,0.0104220354697949,0.00092377434264,0.0049027648027866,0.0067991391137154,0.0077735139319257,0.0030979810468827,0.000274594671395,0.0014573614223801,0.0020210643276407,0.0023107001409254
365,365,0.02,4150,100000.0,17.15,2.43,0.81,1.9757019107331075,,0.415,16925.0,9.51077375176332,4150.0,0.1352697211696067,0.0175685593059705,0.0069177537989672,0.0001215520293374,2.2484125745084887e-06,57863547505728.04,4980792874192.419,26986289891104.965,37526225593602.63,42958155209238.43,3.06794452159516,29.178526227853325,177522153570259.62,15280796211578.842,82792440229594.33,115128378226037.28,131793236932017.64,0.0102978773518939,0.0008864232551338,0.0048027042146654,0.0066784786847741,0.0076451899801782,0.0030489401027875,0.0002624474266169,0.0014219588155443,0.0019773280251657,0.0022635467026326
366,366,0.02,4160,100000.0,17.15,2.43,0.81,1.9739360972879385,,0.416,17061.0,9.406059448953954,4160.0,0.1372852793338097,0.017662523217673,0.0063875266104628,7.075356371221152e-05,5.0046329976158205e-06,57226465687435.86,4779545585211.121,26457694266302.53,36892652847313.21,42286695128650.3,3.030186499373281,28.50211435452276,173406863732916.47,14482914505445.908,80171747970295.81,111791618583993.77,128136572681950.05,0.0102040795026174,0.0008522431457546,0.0047176845976104,0.0065783472418619,0.0075401615985246,0.0030095591187666,0.0002513579132791,0.0013914190590696,0.001940197047963,0.0022238715496084
367,367,0.02,4170,100000.0,17.15,2.43,0.81,1.9886655267326885,,0.417,17022.0,9.453297501399147,4170.0,0.1240455814058805,0.0164788777559018,0.0064105102822118,8.217910959375855e-05,-6.549930108997572e-06,57513861998512.41,4656405203658.657,26357930000073.85,36856417769381.77,42299578080825.56,3.361667503782861,31.77884301404523,193342480897451.2,15653286057584.725,88606596748231.66,123899021921175.9,142197117058037.1,0.0102761349544319,0.0008319707043243,0.0047094324113938,0.0065852215409371,0.0075577636028917,0.0030187834347319,0.0002444050600282,0.0013834731261848,0.0019345169939839,0.0022202171992875
368,368,0.02,4180,100000.0,17.15,2.43,0.81,1.986888708103831,,0.418,16839.0,9.541756918854537,4180.0,0.1240405941716744,0.015100373609345,0.0058866875007699,0.0001241623075466,-9.88885773600994e-06,58052049094311.0,4551457030043.558,26369760823799.76,36977716405824.97,42494046009266.18,3.369864541453908,32.1544283040204,195627541801660.1,15337793657494.898,88862521966743.2,124609895339928.0,143199178869537.06,0.0103928911065447,0.0008148342397442,0.0047209023113404,0.0066200140386102,0.0076075866354575,0.0030411098005831,0.0002384322482486,0.0013814040904914,0.0019371115665916,0.0022260895489712
369,369,0.02,4190,100000.0,17.15,2.43,0.81,1.9851187856606425,,0.419,16944.0,9.622948804979922,4190.0,0.1242356771972481,0.0159809630420961,0.0064546520557536,9.483230570667469e-05,-1.1917085085139251e-05,58546020529497.84,4440401536094.28,26357332009559.88,37066875429555.97,42652568114707.78,3.3726221762751494,32.45457054083573,197453607170444.6,14975796692197.805,88893322442888.48,125012566078948.92,143850997098749.78,0.0105020770325653,0.0007965261953899,0.004728019575606,0.0066491142796215,0.0076510845985118,0.0030608057199654,0.0002321456915038,0.0013779702163914,0.0019378687622136,0.0022298906616708
370,370,0.02,4200,100000.0,17.15,2.43,0.81,1.983355717236288,,0.42,16952.0,9.522917404142468,4200.0,0.124337400389777,0.0174685713882703,0.0058885165938915,0.0002166706695181,9.840244276132629e-06,57937429486802.77,4256186295959.173,25848994818967.555,36458417429209.91,42008237257861.34,3.3779055914259906,32.167515946140725,195707167016320.16,14376995487271.166,87315464131731.95,123153092088670.92,141899859519279.47,0.0104122529130685,0.0007649025604209,0.0046454644948477,0.0065521419649732,0.0075495304958373,0.0030228960089534,0.0002220673005582,0.0013486760452759,0.0019022246156885,0.0021917874830619
371,371,0.02,4210,100000.0,17.15,2.43,0.81,1.981599461018687,,0.421,16984.0,9.329717384980466,4210.0,0.137851829522333,0.0161992960410507,0.0064878185035627,-1.121471817759176e-05,1.300042590627247e-05,56762000570221.15,4047008376094.737,25094977010554.133,35500135184937.73,40959101514543.45,3.054003718766714,28.492991588772803,173351360826093.72,12359578630473.367,76640153112597.52,108417544871520.88,125089248342759.05,0.0102210866957178,0.0007287414653256,0.0045188318430496,0.0063924801062299,0.007375471677411,0.0029555614285866,0.0002107251636199,0.0013066795630627,0.0018484695607656,0.0021327144809878
372,372,0.02,4220,100000.0,17.15,2.43,0.81,1.9966354096423216,,0.422,17058.0,9.58678367501114,4220.0,0.1262140559701947,0.015011216085714,0.0064982699636923,3.777422787061291e-05,2.5147610433471296e-05,58325991878767.766,4032304396944.249,25550509157055.684,36258250197190.734,41885366410290.67,3.343526176669694,32.05366216746943,195014480626884.03,13482115303483.402,85428796193854.4,121230408654546.31,140044819012208.4,0.0105233224968979,0.0007275185248954,0.0046098872759593,0.0065418049090588,0.0075570634024087,0.0030308505920655,0.0002095345792707,0.0013277061102912,0.0018841229362345,0.0021765302825432
373,373,0.02,4230,100000.0,17.15,2.43,0.81,1.9948677957932583,,0.423,17151.0,9.782589904456922,4230.0,0.1264700218052894,0.0155749353168614,0.0063602459964513,0.0001237642488787,3.996508504312506e-06,59517276978715.92,3985871559857.7993,25831627399140.25,36778477879477.19,42536993210266.16,3.344666142710419,32.71949724145782,199065421217029.4,13331409655448.748,86398169573015.2,123011729743911.44,142272041003080.25,0.0107588629261803,0.0007205209635045,0.0046695506322794,0.0066483989561611,0.0076893584934132,0.0030864674085201,0.0002067006974873,0.0013395854132404,0.0019072709484101,0.0022058980159135
374,374,0.02,4240,100000.0,17.15,2.43,0.81,1.993106957317769,,0.424,17145.0,9.76870504318807,4240.0,0.126432960776583,0.0164811215441791,0.0063933224947768,6.958484106784038e-05,-4.892504501408921e-06,59432801482756.23,3851605990715.5527,25554564417594.57,36506256688228.766,42274977512527.87,3.3535558876078304,32.75989831188766,199311221329524.53,12916575946909.732,85698659957877.83,122425772051332.31,141771499735626.47,0.0107629348420578,0.0006975034540039,0.0046277830571984,0.0066110708608754,0.0076557526662917,0.0030758339491658,0.0001993326945641,0.0013225288869242,0.001889313323236,0.002187862725451
375,375,0.02,4250,100000.0,17.15,2.43,0.81,1.9913528532868687,,0.425,17181.0,9.660164051388673,4250.0,0.1393559026764705,0.0180028691718802,0.00608663374004,0.0001646400578882,5.6030487239620365e-06,58772438088648.69,3681631170075.14,25038966422106.98,35883057054890.33,41605855684311.36,3.049745233875613,29.461039274179143,179240962944105.9,11228037113824.557,76362468506992.3,109434182230038.48,126887260074545.16,0.0106636467406598,0.0006679936293925,0.0045430596612965,0.0065106069588458,0.0075489491637417,0.0030354136574338,0.0001901448008405,0.001293184749815,0.0018532483081713,0.0021488130606882
376,376,0.02,4260,100000.0,17.15,2.43,0.81,1.989605443111692,,0.426,17160.0,9.416365379348129,4260.0,0.1528532505608382,0.0168619042948355,0.0062386459394707,9.436246877840308e-06,1.672841281682905e-05,57289166967954.02,3464746318844.828,24190408105555.613,34765373202244.105,40361458451950.86,2.7869868546265866,26.243286530604127,159664155252195.53,9656202445236.393,67418349398235.92,96890638110841.72,112486854139144.16,0.0104142881677245,0.0006298375155759,0.004397443604775,0.006319809380178,0.0073370914857844,0.0029527454369628,0.0001785767610991,0.0012467997168104,0.0017918448202373,0.0020802730879265
377,377,0.02,4270,100000.0,17.15,2.43,0.81,2.0049587893323046,,0.427,17063.0,9.667659034242108,4270.0,0.1535963303849712,0.0165117221353492,0.0063201563919316,0.0001476522119746,1.1101871568636576e-06,58818037564328.98,3429931735526.9624,24613557211976.95,35475409415144.42,41239025564843.45,2.780014333218603,26.87623068386338,163514987480624.78,9535259386726.314,68426041840792.03,98622146650899.69,114645082158233.2,0.0107120812883217,0.0006246673484162,0.0044826797453262,0.0064608661752086,0.0075105496952127,0.0030251523717702,0.0001764095939683,0.0012659341260081,0.001824585167677,0.0021210217335207
378,378,0.02,4280,100000.0,17.15,2.43,0.81,2.003199668271318,,0.428,17325.0,9.935410059539622,4280.0,0.125592275218878,0.0152016583056183,0.0065145994327715,0.0001133292899301,-5.103478877917703e-06,60447034802239.06,3394122570022.616,25066664918500.254,36234145429554.09,42176080480123.96,3.407852905396417,33.85841603770689,205994603173408.72,11566670461523.129,85423506871109.53,123480637776662.23,143729878402423.56,0.0110279077043194,0.0006192209520585,0.0045731418932411,0.0066105279249729,0.0076945697069581,0.0031023934922109,0.0001742005014382,0.0012865256065746,0.0018596872012704,0.0021646520468139
379,379,0.02,4290,100000.0,17.15,2.43,0.81,2.00144720719573,,0.429,17326.0,9.90996018920036,4290.0,0.1383125958200253,0.017457429786966,0.0064448832549683,5.276341058294316e-05,-2.3507470096074352e-05,60292197791094.99,3275877913701.5205,24774463344502.67,35918129152589.0,41863488311882.375,3.1016697897725964,30.73742413669188,187006488447633.4,10160691559911.287,76842204513472.5,111406176097735.69,129846716991463.77,0.0110199721841219,0.0005987521571638,0.0045281795478567,0.0065649752151793,0.0076516447173766,0.0030878854103421,0.0001677752012097,0.001268832563968,0.0018395591973833,0.0021440527882595
380,380,0.02,4300,100000.0,17.15,2.43,0.81,1.9997013663530192,,0.43,17342.0,9.779025351562828,4300.0,0.1414112182528697,0.0157930670011626,0.0064055645768764,-3.750132137360239e-05,7.351154251532019e-06,59495590238908.24,3125510447086.9194,24222151854391.844,35223310405322.805,41108515038375.18,3.0407771413939697,29.735836754144376,180912830812214.4,9503980722689.951,73654165674208.28,107106237124729.95,125001832845341.48,0.0108943910221152,0.0005723202815122,0.0044353807171111,0.0064498312414081,0.0075274862450844,0.0030406397693495,0.0001597353909217,0.0012379209607289,0.0018001569191345,0.0021009319376891
381,381,0.02,4310,100000.0,17.15,2.43,0.81,2.015402157416677,,0.431,17160.0,9.468003789049346,4310.0,0.1523045050116707,0.0168470081547612,0.0066595625054098,6.949848164993351e-05,3.514285853989225e-05,57603335052576.23,2922424434737.096,23233942468843.164,33889787036327.87,39605626009879.28,2.8298571993453088,26.79309868586996,163009212404832.84,8270043826183.415,65748739364630.56,95903257829031.77,112078265898634.7,0.0105668564513408,0.0005360946456237,0.0042620750108113,0.0062168017607406,0.0072653252512185,0.0029376641848875,0.0001490382733418,0.0011848883506859,0.0017283168330308,0.002019814112205
382,382,0.02,4320,100000.0,17.15,2.43,0.81,2.0136442430326498,,0.432,17083.0,9.732659578358348,4320.0,0.1284748643765851,0.0161322167264895,0.0065439259274823,7.883057322457547e-05,-1.5108437989624065e-05,59213500874732.19,2897536569132.5586,23659479252078.63,34617888341467.008,40511811149652.72,3.362525441036644,32.72631544117892,199106903144132.53,9743040430042.262,79555600906793.02,116403530263148.62,136221995653179.23,0.0108804631693214,0.0005324214825416,0.0043474222737168,0.0063610266836923,0.0074440332462152,0.003013363708174,0.0001474550805398,0.0012040263635709,0.001761697701382,0.0020616383032143
383,383,0.02,4330,100000.0,17.15,2.43,0.81,2.011892917376526,,0.433,17204.0,9.915043138183544,4330.0,0.1416850187961245,0.0162439525503454,0.0064628848852824,8.030769084186595e-05,1.3799172194264625e-05,60323122452708.68,2843259915215.737,23874732687957.76,35047757664671.93,41067672003059.79,3.056074690741008,30.301112392208022,184351967794193.6,8689214666089.236,72962966315874.72,107108565166228.05,125505873016204.08,0.0111041552060246,0.0005233813852122,0.0043948112513119,0.0064515185041483,0.0075596518437784,0.0030631914269969,0.0001443799498913,0.0012123523040262,0.0017797154134064,0.0020854049938333
384,384,0.02,4340,100000.0,17.15,2.43,0.81,2.010148141497687,,0.434,17081.0,9.816744420603603,4340.0,0.1247858356164215,0.0150777710847884,0.006852756368424,2.865816004698976e-05,-1.4614271109969434e-05,59725073054952.32,2707573414488.944,23412188276984.07,34487747241919.65,40463247872143.84,3.477958839287418,34.14223303066374,207721345758558.25,9416828889941.438,81426627164998.02,119946965367144.7,140729510603200.48,0.0110132285334808,0.0004992731404029,0.0043171781426883,0.0063594973191697,0.007461372137842,0.0030262761548961,0.0001371930487947,0.0011862982076453,0.0017474980234561,0.0020502773110457
385,385,0.02,4350,100000.0,17.15,2.43,0.81,2.008409876762558,,0.435,17225.0,9.759975885055796,4350.0,0.1287958304519634,0.0154056070975809,0.0059806403710682,5.305938223409209e-05,-1.8724261994280863e-05,59379693284679.46,2585039487840.37,23052257728532.027,34076996175746.29,40033121542561.445,3.377438527889617,32.963718585461,200551263873944.8,8730811962348.109,77857583407185.25,115092959798712.66,135209407089534.84,0.0109677349197447,0.0004774700961114,0.0042578706302177,0.0062941965551238,0.0073943235608127,0.0030021585158339,0.0001306961670377,0.0011654915682558,0.001722887718072,0.0020240215148673
386,386,0.02,4360,100000.0,17.15,2.43,0.81,2.006678084851031,,0.436,17187.0,9.50066132979707,4360.0,0.1256035418073224,0.0162746746831696,0.006479609878022,-2.367834201690257e-06,1.030147282795289e-05,57802023530485.375,2412320231732.1934,22221202128042.203,32965898396122.57,38778551099191.086,3.471239693772568,32.97907272508166,200644678459396.8,8373741742479.43,77135118870203.55,114432535053494.12,134609645842499.94,0.0106948178458466,0.0004463394858593,0.0041114773248346,0.0060995144622449,0.0071750003719674,0.0029159805034927,0.0001216960641559,0.0011210090618258,0.0016630545287487,0.0019562896253848
387,387,0.02,4370,100000.0,17.15,2.43,0.81,2.0227009486419942,,0.437,17293.0,9.875483212017649,4370.0,0.1292566955189613,0.0144537529162812,0.0068437370451349,3.22592105822601e-05,1.2940766007151332e-05,60082439861915.38,2412397433637.837,22883122346844.426,34052659985701.203,40109994235224.75,3.3808693487440595,33.387718495547,203130879326908.0,8156000540374.994,77364846946006.55,115127594388860.52,135606650088172.28,0.0111359389244448,0.0004471241604738,0.0042412567372548,0.0063114670890059,0.0074341595828971,0.0030243397040171,0.00012143164221,0.0011518562765509,0.001714091702315,0.0020189967047323
388,388,0.02,4380,100000.0,17.15,2.43,0.81,2.020956734227788,,0.438,17303.0,10.006356773437949,4380.0,0.1268482573796063,0.0164355581536209,0.0065084073046908,0.0001783617038736,-1.3307017394387647e-05,60878674609596.47,2355069241523.2173,22971359760312.742,34287289640131.105,40440461154875.18,3.452944557915686,34.551395165405324,210210688186326.0,8131923521032.216,79318831672295.27,118392110168569.58,139638670264326.95,0.0113025014144492,0.0004372331297312,0.0042647746168546,0.006365646790775,0.007508021032572,0.0030576779930586,0.0001182851538426,0.0011537541127524,0.0017221053455347,0.0020311530908872
389,389,0.02,4390,100000.0,17.15,2.43,0.81,2.01921896433524,,0.439,17199.0,9.930497942066436,4390.0,0.1436364908731775,0.0174406671063627,0.0065928377473868,9.724494785855164e-05,4.6814511100898735e-06,60417149479532.2,2248594109548.55,22583824278116.69,33812349121705.234,39934318291500.89,3.0563264065509013,30.350843090537023,184654529362827.28,6872437554628.043,69023538502113.39,103341575488185.88,122052311521922.84,0.0112347765326016,0.0004181338006001,0.0041995397201276,0.0062875224948068,0.0074259236963635,0.0030277835287987,0.0001126874780835,0.0011317801610241,0.0016944936102186,0.0020012938743125
390,390,0.02,4400,100000.0,17.15,2.43,0.81,2.0174876013949903,,0.44,17287.0,9.854964959233444,4400.0,0.130648384869346,0.0162598161456431,0.0064472547834995,-4.363161058122442e-05,-3.950186530160856e-05,59957606811976.27,2143543802957.643,22200282968515.293,33341795886856.57,39432528126475.22,3.3678181359839905,33.18972971919312,201926315611570.97,7219065694876.844,74766515605342.3,112289104874031.98,132801583372042.06,0.011167957262473,0.0003992655286716,0.0041351185377476,0.0062103838247949,0.0073448693549219,0.002998120190214,0.000107185765009,0.0011101029566622,0.0016672231721966,0.0019717841490556
391,391,0.02,4410,100000.0,17.15,2.43,0.81,2.0157626081393945,,0.441,17180.0,9.57129190788907,4410.0,0.1314751453719509,0.0151204588270625,0.0059039432290869,-3.1454569027365027e-06,2.888550841385854e-05,58231739967597.1,1996426760005.8904,21355583131561.945,32174830279626.1,38105128655749.98,3.3542461485962614,32.10446901912747,195323589512371.6,6696506770704.271,71631882470068.95,107922300547174.23,127813981035314.4,0.0108645580386496,0.0003724823337936,0.0039844073440217,0.0060030030212254,0.0071094455031048,0.0029051883211026,9.960196467310202e-05,0.0010654325414056,0.0016052060476613,0.0019010693275934
392,392,0.02,4420,100000.0,17.15,2.43,0.81,2.0321387106159494,,0.442,17152.0,9.786130184617676,4420.0,0.1293837937919306,0.0141188987209812,0.0064257047087526,0.0001165618232272,1.00972631689513e-05,59538816043213.94,1953905933361.1465,21624646976872.12,32685149421497.82,38763780633022.375,3.416192917567443,33.43130862708388,203396081687178.3,6674919611141.353,73873965847286.75,111658775963354.44,132424552856669.05,0.0111264465387658,0.0003651404470915,0.0040411532257077,0.0061081088240974,0.0072440663338136,0.0029636488371261,9.725908965097272e-05,0.0010764046738812,0.0016269605529947,0.0019295350668761
393,393,0.02,4430,100000.0,17.15,2.43,0.81,2.030400935163084,,0.443,17034.0,9.874998069727388,4430.0,0.1565783875521447,0.0171356534119181,0.006250275732982,8.214721592481057e-05,-1.112722351721661e-05,60079488256221.43,1883523448137.7373,21608824934699.29,32768158640552.254,38917348846456.88,2.829253812902304,27.938875941179106,169980121226133.7,5328965897334.59,61136850338836.34,92709437775570.05,110107057611887.2,0.0112447853486106,0.0003525299147532,0.0040444185707796,0.0061330567366155,0.0072839707330578,0.0029837594425875,9.354242249448676e-05,0.0010731705164857,0.0016273824161581,0.0019327729058854
394,394,0.02,4440,100000.0,17.15,2.43,0.81,2.028669503715728,,0.444,17469.0,10.13948075687934,4440.0,0.1322713637337074,0.0150136197983196,0.0064584708128922,-4.681439080997822e-06,6.068202196484501e-06,61688600924853.91,1843483779571.4104,21969696646842.78,33427709210087.06,39759730666688.41,3.356735633979505,34.03555636666636,207072324934798.1,6188087693550.571,73746463602177.2,112207982667804.12,133462904726300.69,0.0115645580818803,0.0003455918098682,0.0041185864017762,0.0062665821384921,0.0074536252682233,0.0030567208715421,9.134613625343314e-05,0.0010886165235561,0.0016563704622639,0.0019701273290961
395,395,0.02,4450,100000.0,17.15,2.43,0.81,2.0269443797177584,,0.445,17351.0,9.970031560563228,4450.0,0.1426946195106211,0.0151227956972181,0.0063965171302239,0.0001250972853602,1.4594233835922552e-05,60657672014466.67,1734185446896.9082,21388305352013.88,32662407663639.64,38901151871317.695,3.118547857839009,31.09202056578177,189163853122216.25,5408140310515.9375,66700453838329.5,101859281451307.8,121315103835767.77,0.011389119792706,0.000325611668591,0.0040158806582449,0.0061327126684102,0.007304102911022,0.0029987725628212,8.573404755391957e-05,0.0010573874849592,0.0016147525726678,0.001923181405083
396,396,0.02,4460,100000.0,17.15,2.43,0.81,2.025225526903006,,0.446,17379.0,9.787167466625885,4460.0,0.1321345404276144,0.0156288723596748,0.0060165424006178,3.837614452171346e-05,9.60444868668243e-06,59545126866951.88,1632658193329.363,20785706184548.875,31860461046296.31,37997090424503.055,3.3753475704131013,33.03509192970183,200985499300306.0,5510788866169.309,70158982869337.62,107540129784857.5,128253386847113.31,0.011198118398683,0.0003070393954207,0.0039089814918843,0.0059917113927768,0.0071457722867865,0.002937062641104,8.053084505193246e-05,0.001025254698676,0.0015715168443005,0.0018742060119515
397,397,0.02,4470,100000.0,17.15,2.43,0.81,2.041967988366289,,0.447,17294.0,9.814587503092186,4470.0,0.1328629698236909,0.0144847480297245,0.0059242706549246,-8.53198685501493e-06,-1.30405642375346e-05,59711950368812.86,1567317063566.0928,20633042642344.8,31746280811892.504,37912449580256.27,3.364368571567899,33.01988973830642,200893009167856.25,5273032270343.85,69417160201725.1,106806189427700.2,127551453838966.8,0.0112456891595277,0.0002951764328986,0.0038858684490781,0.0059788501929102,0.0071401389608353,0.002938471777312,7.712889846910636e-05,0.0010153681651683,0.0015622593069592,0.0018657012945022
398,398,0.02,4480,100000.0,17.15,2.43,0.81,2.0402359901827163,,0.448,17396.0,10.08950977561642,4480.0,0.1463255175294762,0.0163368149577038,0.006520027154571,9.224806084988168e-05,2.7885459708550484e-05,61384577474850.31,1539346444151.4644,20994202118462.31,32426404618350.383,38777990293118.45,3.0616669434280577,30.89071855539904,187939131691047.7,4712966122542.063,64277254629743.35,99278851114226.28,118725291013014.86,0.011578630865456,0.0002903583438068,0.0039600193834362,0.0061164120503008,0.0073144762703989,0.0030138049997962,7.557745284966782e-05,0.0010307545301143,0.0015920425680903,0.0019038870321349
399,399,0.02,4490,100000.0,17.15,2.43,0.81,2.038510240029526,,0.449,17369.0,10.131113429267582,4490.0,0.1489649928998915,0.0154494608494989,0.0069172709347312,-1.2440442352626786e-05,-3.3986286179893136e-06,61637694103663.97,1473523830341.077,20877927359836.6,32350110876859.96,38740632046052.734,3.0141309797647566,30.53650284666618,185784083319117.03,4441393826452.667,62928807648561.71,97507471392768.4,116769339225674.86,0.0116443452252559,0.0002783721946066,0.0039441740529242,0.006111452814765,0.0073187243674327,0.0030191616224762,7.217672015581676e-05,0.0010226507976702,0.0015845857743802,0.0018976087799002
400,400,0.02,4500,100000.0,17.15,2.43,0.81,2.036790702315149,,0.45,17189.0,9.964619049921364,4500.0,0.1328174120280891,0.0170894588018523,0.0065410923937408,0.0001466744958883,1.966972442332771e-05,60624742299721.58,1378323987279.6045,20335871680332.7,31611918805088.48,37909953919859.484,3.3881099859469543,33.76122530919582,205403294781147.4,4669913265172.251,68900169913071.09,107104657778464.6,128443093442664.8,0.0114701854407379,0.000260778539121,0.0038475416211961,0.0059809667979996,0.0071725534000763,0.0029626227715959,6.735622909806895e-05,0.0009937776926547,0.0015448179563845,0.0018525916728497
401,401,0.02,4510,100000.0,17.15,2.43,0.81,2.035077341727108,,0.451,17563.0,10.01817326911467,4510.0,0.1349032244188492,0.0152025991529889,0.0059620514192891,7.903907386260498e-05,-1.8256504204084885e-06,60950566169293.65,1314366202213.0544,20245147789675.363,31574153548127.44,37918639985392.94,3.343137289289168,33.49212862653721,203766110563852.4,4394106662399.849,67682308502833.88,105556730104486.72,126767219294298.4,0.0115482087388626,0.0002490309149927,0.0038358165857707,0.0059823056428041,0.0071843855958422,0.0029715169060089,6.407916506820796e-05,0.0009870096818227,0.0015393315756999,0.0018486436935876
402,402,0.02,4520,100000.0,17.15,2.43,0.81,2.0521999273376843,,0.452,17277.0,9.68056309801178,4520.0,0.13526561587787,0.0168234975604339,0.0063422567065629,0.0001100682668149,-2.828595434394052e-05,58896545888303.67,1201111859221.647,19369613689969.73,30309448339311.82,36452305232528.12,3.341573518639847,32.34831329383828,196807138079712.1,4013603581699.327,64724988172686.71,101281249935226.86,121808057858392.69,0.0111756757149907,0.0002279121200341,0.0036754026583201,0.0057512467094896,0.0069168596595661,0.0028646179906762,5.84198375107805e-05,0.0009421018331697,0.0014741949581377,0.0017729720443836
403,403,0.02,4530,100000.0,17.15,2.43,0.81,2.05047305406465,,0.453,17403.0,10.057542761335856,4530.0,0.1330455375600649,0.0164865374533701,0.0065650893769252,-2.054014092703081e-06,-5.768054017829013e-06,61190090159967.336,1233054742539.7756,19923099748930.977,31281278695181.74,37676002653567.45,3.4048492591905823,34.24441702021199,208343033150969.7,4198365526677.989,67835151420927.71,106508038591823.69,128281109724261.56,0.0116276835129191,0.0002343119655956,0.0037858989563713,0.0059442437099881,0.0071594049582589,0.0029690631336194,5.983023342895114e-05,0.0009667078577157,0.0015178289671339,0.0018281135100212
404,404,0.02,4540,100000.0,17.15,2.43,0.81,2.048752337202054,,0.4539999999999999,17363.0,10.158202513092162,4540.0,0.1356412029153944,0.0146942367217202,0.0065060948477802,0.0001307474029158,-1.1336678203841786e-05,61802504089652.71,1245395628105.0989,19919684276669.44,31383789626952.36,37855293525445.95,3.3470655688830813,34.000169873312366,206857033509232.4,4168420826468.095,66672489385461.97,105043601681442.23,126704149558982.77,0.0117614415571109,0.0002370073528766,0.0037908529097184,0.0059725509989467,0.0072041226967267,0.002991633161716,6.028504694713779e-05,0.0009642390535916,0.0015191744601822,0.0018324362924346
405,405,0.02,4550,100000.0,17.15,2.43,0.81,2.047037742076985,,0.455,17285.0,10.104800312811973,4550.0,0.1478083645633887,0.0149472043725236,0.006426979986953,0.0001262456351074,-2.388690563073053e-06,61477605103148.05,1238848518350.748,19613218150568.33,31009346232319.742,37463825968151.125,3.078310225162324,31.10571012615254,189247140407512.1,3813560061466.3022,60375569981233.76,95456387582548.64,115325278551461.4,0.0117150732836059,0.0002360729757676,0.0037374632205621,0.0059090910093004,0.0071390462586298,0.0029688318511444,5.98255728057712e-05,0.0009471472847902,0.0014974808244923,0.0018091758716587
406,406,0.02,4560,100000.0,17.15,2.43,0.81,2.0453292342855085,,0.456,17456.0,10.092014443213552,4560.0,0.1487710654946568,0.0168200491526316,0.0063655213046215,0.0001378281099689,-2.23478171890298e-05,61399815872511.25,1237280970737.9814,19386908998769.555,30765117105332.48,37226929842653.27,3.0651121472029623,30.9331560596416,188197321466859.5,3792404932912.06,59423050268846.98,94298534149676.2,114104714863789.0,0.0117169930642883,0.0002361116616833,0.003699624747218,0.0058709404681876,0.0071040551599829,0.0029580436323589,5.960817707547762e-05,0.0009339982848483,0.0014821633820721,0.001793472524445
407,407,0.02,4570,100000.0,17.15,2.43,0.81,2.0436267796900447,,0.457,17592.0,9.96325685492536,4570.0,0.134188546839141,0.0155648422357575,0.0059050107577218,0.0001320839445319,-3.850721553425084e-06,60616454705365.89,1221495290413.849,18940642444972.29,30175679452936.168,36564900589988.16,3.4056557788633794,33.93142328427673,206438779261539.7,4159992494652.328,64505308398104.88,102767977110021.0,124527464997858.16,0.0115839941163327,0.0002334315711147,0.0036196160218967,0.0057666667398845,0.0069876668861205,0.0029132582005837,5.8705696152459925e-05,0.0009102970834461,0.0014502587795962,0.0017573280558073
408,408,0.02,4580,100000.0,17.15,2.43,0.81,2.061124000338705,,0.458,17440.0,9.967303754301795,4580.0,0.1500957905100222,0.0164350820124849,0.0065139371805371,0.000158985366567,3.316740588863545e-06,60641076041172.125,1221991440277.4,18749333679385.785,29990931188165.86,36392602070614.48,3.0513847086832087,30.41407826267724,185039252150128.3,3728765995004.2295,57211430087276.87,91513868826739.64,111047829467465.9,0.0116038229247628,0.0002338311457225,0.0035877323124208,0.0057388403632538,0.0069638162408604,0.0029074269460175,5.858818928036707e-05,0.0008989338830714,0.0014379105247642,0.0017448376381705
409,409,0.02,4590,100000.0,17.15,2.43,0.81,2.0594076767000606,,0.4589999999999999,17673.0,10.32538208758984,4590.0,0.1372133580116497,0.0167175271306446,0.0067653138028167,0.0001037218701651,1.3241424542783951e-05,62819624620896.59,1265891843938.5144,19216757702520.6,30864281694873.184,37506143080039.664,3.345155359881433,34.540007233124896,210141404006331.88,4234604886781.112,64283040028129.61,103245817340495.44,125463875552674.6,0.0120372382598008,0.0002425649918888,0.003682236123537,0.0059140867956605,0.0071867729739734,0.0030045448494321,6.05452331591679e-05,0.0009191014866186,0.0014761807183245,0.0017938484938942
410,410,0.02,4600,100000.0,17.15,2.43,0.81,2.0576973882359955,,0.46,17455.0,10.265535166890952,4600.0,0.1351802335448155,0.0174844785288973,0.0068952013133507,2.630457125683965e-05,-2.6486641451973047e-05,62455515955364.56,1258554611460.8308,18900419044761.28,30482489632835.42,37096003556474.62,3.4028643680919424,34.93222383880799,212527649835307.8,4282690642637.86,64315562509424.48,103727777822307.69,126232668700939.44,0.0119834156009246,0.0002414803998476,0.0036264463271246,0.0058487122591734,0.0071176551974739,0.0029798758513182,6.004812284214641e-05,0.0009017762711548,0.0014543797029851,0.0017699234965468
411,411,0.02,4610,100000.0,17.15,2.43,0.81,2.0559931014083284,,0.461,17475.0,10.228507405399402,4610.0,0.1369905275460041,0.0173993599459849,0.0065239667994267,0.0002673824519275,3.653662071398237e-05,62230239054449.96,1254015007901.9668,18641638907051.973,30170371544355.848,36770143343980.69,3.3651961800438137,34.420934048199925,209416962749248.4,4220006514309.312,62732772039767.43,101529219071568.88,123738745920827.28,0.0119564960429226,0.0002409379380115,0.0035816780589696,0.0057967305519743,0.0070647659412866,0.0029618919793839,5.968572594879495e-05,0.0008872619099704,0.0014359800452328,0.001750100824071
412,412,0.02,4620,100000.0,17.15,2.43,0.81,2.054294782935562,,0.462,17554.0,10.128657188599282,4620.0,0.1356590625673561,0.0167307352295405,0.0063988809501244,4.031190335921171e-05,2.890929417854643e-05,61622750335438.04,1241773371322.272,18274454071120.6,29675655504719.38,36221014721504.28,3.4055962886416977,34.494117330417765,209862209838261.7,4228978784709.218,62235412961561.48,101063302249881.88,123354153306391.28,0.0118545128361573,0.0002388828523525,0.0035154995384112,0.0057087753660318,0.00696792145137,0.0029258481274096,5.89593984911935e-05,0.0008676710619433,0.001409000095184,0.0017197737445815
413,413,0.02,4630,100000.0,17.15,2.43,0.81,2.052602399790543,,0.463,17462.0,9.840443699233306,4630.0,0.1343867779141874,0.0166149299556377,0.0063305246577286,1.738616196351888e-05,-4.161783821342924e-05,59869259466135.44,1206438397526.0034,17574513947230.846,28636729570835.77,35005568075149.4,3.445279418006795,33.90307814102316,206266327409984.9,4156517380089.44,60549111183867.8,98661534989427.05,120603963204947.95,0.0115323481302116,0.0002323908416771,0.0033853001501274,0.005516165352077,0.0067429662758196,0.0028355645607418,5.714007481047867e-05,0.0008323749009993,0.0013563103374034,0.0016579551701099
414,414,0.02,4640,100000.0,17.15,2.43,0.81,2.070488894600847,,0.4639999999999999,17423.0,10.07754188029643,4640.0,0.1379251634543834,0.0162140709620341,0.0064250144987359,6.885086059211912e-06,-2.5924656371128188e-06,61311764799723.48,1235506634524.3423,17813687448885.266,29127526331970.96,35659780816516.39,3.364143194606114,33.90229393495734,206261556300280.44,4156421236425.77,59927795402007.72,97989169485410.48,119964608955029.28,0.0118256919410266,0.0002383020762606,0.0034358688058054,0.0056180596747002,0.0068779880011308,0.0028967237301377,5.837250646201401e-05,0.0008416220169652,0.001376153451163,0.0016847750776728
415,415,0.02,4650,100000.0,17.15,2.43,0.81,2.068782283462565,,0.465,17423.0,10.249011985872086,4650.0,0.1380507613230293,0.0166466830889793,0.0067828684119588,5.515880951936483e-05,6.507756669969534e-06,62354988922045.77,1256528869467.9175,17929381884718.273,29420560208861.902,36074094554937.76,3.36832622684298,34.522015871240995,210031944560630.25,4232399145814.1465,60392007233379.98,99098044559922.52,121509318799010.4,0.0120421422861913,0.0002426638139853,0.0034625644473958,0.0056817678633139,0.0069667140831211,0.0029387086232318,5.921855312429802e-05,0.0008449881888313,0.0013865523109014,0.0017001246343962
416,416,0.02,4660,100000.0,17.15,2.43,0.81,2.067081592201494,,0.466,17638.0,10.40883175067624,4660.0,0.1536907128920575,0.0173511998444867,0.0063571333270147,2.8455221896221e-05,-2.0977127357813432e-05,63327332371114.24,1276122772632.9067,18018637736403.59,29673602917134.004,36442812395369.375,3.032063494476004,31.560238771368176,192012492685004.0,3869285273369.738,54633653700737.055,89972248154618.67,110496921100037.1,0.0122444041613884,0.0002467396367827,0.0034839219436757,0.0057374213224821,0.0070462548640387,0.0029771536202224,5.9993266574502814e-05,0.0008470947781921,0.0013950196706862,0.0017132547162755
417,417,0.02,4670,100000.0,17.15,2.43,0.81,2.06538678835234,,0.467,17629.0,10.328314266943048,4670.0,0.1394386743686482,0.0158823219102324,0.0063662921897167,0.0001243243283082,2.664098217493996e-06,62837464000081.5,1266251329127.2178,17690397806389.812,29239922344277.57,35973041425407.52,3.349142568333263,34.590996970542726,210451625568782.0,4240856228588.538,59247664344129.5,97928668617978.95,120478844350248.22,0.0121649462008992,0.0002451384622337,0.0034247521126403,0.0056606689639185,0.0069641593687204,0.002946712435407,5.937983967470517e-05,0.000829577005261,0.0013711826878008,0.0016869269025166
418,418,0.02,4680,100000.0,17.15,2.43,0.81,2.063697839695049,,0.468,17464.0,10.0649093072067,4680.0,0.1380760410174843,0.0159560649058748,0.0062516266090368,2.12747059806459e-05,1.6858026663730635e-05,61234908225045.56,1233957881063.5413,17055195866473.36,28298704325512.883,34872537631230.63,3.389436694094798,34.11437292858264,207551844897496.75,4182422121044.231,57807506694798.73,95916666836232.56,118198258663494.78,0.0118695255828893,0.0002391853774592,0.0033059098074306,0.0054853057625211,0.0067595508763229,0.0028643756098552,5.772065249313743e-05,0.0007977881975701,0.0013237240131495,0.0016312271731926
419,419,0.02,4690,100000.0,17.15,2.43,0.81,2.0820094219590546,,0.469,17616.0,9.916231442623063,4690.0,0.1396921358827967,0.0160895338640922,0.0069247853964873,0.0001352429756274,9.69037931738496e-08,60330352096918.72,1215729974865.5876,16621936427054.416,27694615088549.0,34177031785384.75,3.3573829839175504,33.292586710050855,202552097543949.44,4081671130652.2354,55806206519951.78,92981429444440.66,114745384957060.02,0.0117082976337531,0.0002359364381818,0.0032258154009218,0.0053746876164099,0.0066327287422206,0.0028149988730233,5.672565118880107e-05,0.0007755753229229,0.0012922236909514,0.0015946916040633
420,420,0.02,4700,100000.0,17.15,2.43,0.81,2.0803058642518506,,0.47,17393.0,10.120686496347426,4700.0,0.1397559181241376,0.0176395281905239,0.0059784889963788,1.7160911120117126e-05,2.5014509534455168e-05,61574256643777.74,1240796164452.1946,16779590918534.045,28075728970735.6,34697610335560.28,3.3630060630600576,34.035930049546444,207074598421440.56,4172805024074.3945,56429865994697.47,94418846753414.72,116688273932184.56,0.0119631256174549,0.0002410715320019,0.0032600694658684,0.0054547710485834,0.006741321677194,0.0028658650359675,5.775066624089821e-05,0.0007809764267146,0.0013067352234883,0.0016149389974382
421,421,0.02,4710,100000.0,17.15,2.43,0.81,2.078608148453966,,0.471,17680.0,10.440576830495392,4710.0,0.1500567758266697,0.0171567614431909,0.0058299292552527,2.391306325591502e-05,-1.9410517898122783e-05,63520469436733.96,1280014719418.735,17119043481130.104,28767232524001.008,35604407852823.19,3.1388119423814027,32.771007240909505,199378808053693.44,4017725487735.5054,53733458120717.67,90294932995597.06,111755540569859.62,0.0123560047472677,0.0002489885243285,0.0033299971552036,0.0055958034439014,0.0069257711152671,0.0029489540128474,5.9425010186570806e-05,0.0007947559647692,0.0013355261153203,0.0016529437257578
422,422,0.02,4720,100000.0,17.15,2.43,0.81,2.0769162428781858,,0.472,17547.0,10.382498022395447,4720.0,0.167775902037647,0.0150022676150346,0.0063536316323773,0.0001348108907728,-1.588695158901838e-05,63167117968253.92,1272894257545.682,16833966133716.766,28412393925416.54,35217494469793.164,2.813276485285048,29.20883754492362,177706567623315.3,3581003483007.636,47358601078070.22,79931919721030.06,99076549062525.3,0.0123014162315294,0.0002478884993401,0.0032783136368892,0.005533142797276,0.006858395191027,0.0029251348933647,5.894502595767841e-05,0.0007795451702609,0.0013157175370424,0.0016308472706043
423,423,0.02,4730,100000.0,17.15,2.43,0.81,2.07523011607404,,0.473,17622.0,10.343725622357372,4730.0,0.1417469886036997,0.0169384622864195,0.0064781894997101,1.527363959370002e-05,-8.175425909365814e-06,62931226686422.25,1268140761301.014,16587030470388.96,28112205862685.86,34897830219619.11,3.336931561364079,34.516304491334616,209997196525279.8,4231698930637.624,55349785485948.586,93808507002760.72,116451671082972.14,0.0122699969261714,0.0002472553621217,0.0032340512588465,0.0054811688518615,0.006804193912482,0.0029067675456432,5.857490156079306e-05,0.0007661481332656,0.0012984912568966,0.0016119164624141
424,424,0.02,4740,100000.0,17.15,2.43,0.81,2.073549736825884,,0.474,17841.0,10.296640332993713,4740.0,0.1407626558184347,0.0170942426314795,0.006731895082752,-9.53622924564166e-05,-3.436358668084704e-05,62644759785933.75,1262368104825.0293,16338865726255.64,27791035999999.566,34551681523291.59,3.367370395535856,34.67260183080347,210948109538608.4,4250860984456.507,55019012743228.69,93582711887669.72,116348309477515.3,0.0122271207280636,0.0002463913545793,0.0031890502011216,0.0054243060950527,0.0067438614624195,0.0028861636744159,5.8159708494970296e-05,0.0007527627354853,0.0012803860825976,0.0015918619281688
425,425,0.02,4750,100000.0,17.15,2.43,0.81,2.0922824048653323,,0.475,17687.0,9.98265053716828,4750.0,0.1525162048837955,0.0166243960988295,0.0062203707942677,0.0001082181959537,-2.0362224496170208e-05,60734445868131.82,1223872955856.8313,15673227544554.656,26756255452484.61,33316468735621.914,3.1144231549815293,31.09019798104569,189152764516682.0,3811658272476.2026,48813062778055.32,83330301521818.88,103761581672439.1,0.0118677158348121,0.0002391489088343,0.0030626015937806,0.005228262676557,0.0065101505072137,0.0027910024387031,5.62420938502643e-05,0.0007202505213298,0.0012295621232897,0.0015310314297094
426,426,0.02,4760,100000.0,17.15,2.43,0.81,2.090587048593766,,0.476,17877.0,10.428047486782685,4760.0,0.1411895806977554,0.0140228123813433,0.0068799267726177,0.0001789336699663,-6.092564991374095e-06,63444240909585.84,1278478621879.557,16197658512416.082,27754375067909.52,34613271240541.56,3.371353591728368,35.15663534927878,213892969465012.03,4310203493821.5776,54608034203423.53,93569812071373.02,116693576318268.02,0.0124107382601469,0.0002500914711857,0.0031685287323607,0.0054292127954159,0.0067709258324332,0.0029080985364031,5.860172264349558e-05,0.0007424533155065,0.0012721794185983,0.0015865711685035
427,427,0.02,4770,100000.0,17.15,2.43,0.81,2.0888974289726074,,0.477,17704.0,10.483026280687662,4770.0,0.1418170772312805,0.0183846623323172,0.0062655166315793,2.5102542830181627e-05,-3.087099962303128e-05,63778731891703.74,1285219022012.3074,16107270915555.752,27704003203070.56,34605077606934.66,3.363487735839392,35.259530329574986,214518982525134.25,4322818418405.893,54176608182314.31,93182075007183.05,116393754128695.1,0.0124892202452481,0.0002516729786435,0.0031541432080499,0.0054250278645508,0.006776403716693,0.002915885762107,5.875864471307157e-05,0.0007364047627792,0.0012665932058726,0.001582101902904
428,428,0.02,4780,100000.0,17.15,2.43,0.81,2.08721351528544,,0.478,17583.0,10.436887927653892,4780.0,0.1743565276528897,0.0161911563165986,0.0070373375648869,5.540331518284776e-05,-6.285265911660649e-06,63498026151846.27,1279562459930.3672,15861367606646.29,27386238260135.55,34266708722958.85,2.74150905867778,28.6128227980679,174080413903445.06,3507932075043.124,43484082976639.086,75079620273269.6,93942492375064.58,0.0124476761055664,0.0002508358136986,0.0031093433689846,0.0053685924472177,0.006717388196716,0.0028955792547799,5.834944389152263e-05,0.0007232956640953,0.0012488423369708,0.001562599295142
429,429,0.02,4790,100000.0,17.15,2.43,0.81,2.0855352770428066,,0.479,17734.0,10.449495497853036,4790.0,0.1570004318400606,0.0158595732166043,0.006085060523139,8.787481081451905e-05,1.3635186306686642e-05,63574730608937.87,1281108148036.7822,15705305154098.678,27223250899488.0,34124823300729.934,3.050947022158299,31.88085717223127,193963135035855.03,3908593089315.554,47916053991984.75,83056696265261.16,104113028031040.14,0.012476099882716,0.0002514085873801,0.0030820571933893,0.0053423741493055,0.0066967598588626,0.0028915742879141,5.82687389379148e-05,0.0007143255839616,0.001238197182755,0.0015521019230576
430,430,0.02,4800,100000.0,17.15,2.43,0.81,2.083862683979663,,0.48,17735.0,10.283650332978604,4800.0,0.1421380594438233,0.0161682249052772,0.0067588228418709,0.0001490558148089,-1.31224762833634e-05,62565728625841.82,1260775530823.1768,15283602704277.066,26598229905473.82,33402854100970.098,3.376998404777776,34.72787076976119,211284365763227.03,4257636956372.721,51612701951600.96,89822179960697.64,112801385014000.8,0.0122912128586183,0.0002476828889655,0.0030025066152148,0.0052252968615731,0.0065620843688347,0.0028383361970794,5.71959266538362e-05,0.0006933508764319,0.0012066465200209,0.0015153428556314
431,431,0.02,4810,100000.0,17.15,2.43,0.81,2.082195706053437,,0.481,17788.0,10.060596373959216,4810.0,0.1434718380423874,0.0164326208420786,0.0064278844688239,5.505193484104109e-05,4.667422705831187e-06,61208668339167.87,1233429115447.4,14783397580527.293,25841566948285.168,32501883169776.098,3.352574320947176,33.72889705674993,205206609693266.6,4135162779157.542,49562439104828.41,86635773763858.11,108964978897416.52,0.0120359864382373,0.0002425397661617,0.0029069865040085,0.0050814493726427,0.0063911245851802,0.0027695352789354,5.5809504470329e-05,0.0006689108299975,0.0011692646363366,0.0014706268656547
432,432,0.02,4820,100000.0,17.15,2.43,0.81,2.101345512421525,,0.482,17761.0,10.347791443502333,4820.0,0.1567685738336877,0.0152921547342321,0.0068933178393816,9.809121790387496e-05,-6.324496670396871e-07,62955963142268.2,1268639230973.386,15031894946907.809,26395779561477.29,33248203859599.09,3.0745958084133824,31.81527619852813,193564140391845.2,3900552861939.549,46217001196273.05,81156353199521.69,102224788223996.98,0.0123921823895032,0.0002497175478226,0.0029588616319153,0.0051957161532063,0.0065445397987234,0.0028411910273923,5.725345495698614e-05,0.0006783866518147,0.001191236672555,0.001500485319704
433,433,0.02,4830,100000.0,17.15,2.43,0.81,2.099663205914465,,0.483,17691.0,10.489082200690566,4830.0,0.1414535016747322,0.0157805793476022,0.0069358601975689,7.608903684759611e-05,1.5466228597581613e-05,63815576109001.41,1285961477804.6636,15061256858360.28,26570213142714.6,33518207990066.035,3.414549617234948,35.81549161351387,217901450976618.44,4390979271816.801,51427408840791.32,90725311116307.12,114449584262881.34,0.0125741149900331,0.0002533837110088,0.0029676450042223,0.0052353506108841,0.0066043719609622,0.0028724341137125,5.788304114746274e-05,0.0006779296001566,0.001195964861453,0.0015087044563654
434,434,0.02,4840,100000.0,17.15,2.43,0.81,2.0979865061654563,,0.484,18149.0,10.810282268253536,4840.0,0.1444871884586973,0.0153852834215649,0.0063365638835639,7.045651300826346e-05,2.241859943143326e-05,65769757320054.52,1325340606087.8835,15341194977454.531,27192180150444.77,34355006393070.08,3.349777964143545,36.2120453283674,220314083777787.28,4439596757257.843,51389596879106.83,91087765864981.4,115081643373516.8,0.0129722237757176,0.0002614060872621,0.0030258499094959,0.0053633016181685,0.0067760753408044,0.0029526531021627,5.949955133549498e-05,0.0006887242524042,0.0012207597891089,0.0015423261440313
435,435,0.02,4850,100000.0,17.15,2.43,0.81,2.096315383594756,,0.485,17737.0,10.509063827750447,4850.0,0.1436028979651382,0.0175206813307799,0.0061369203798523,-3.5702406251317144e-05,2.4561128015190107e-05,63937144328033.73,1288411225282.2048,14737505308350.17,26248161575962.9,33213412377682.227,3.3773691678404774,35.492988154711995,215939339933267.72,4351440347767.69,49773996039307.234,88649731619152.2,112173954923155.23,0.0126219153092954,0.0002543469455817,0.0029093502036613,0.0051816839165781,0.0065567031898232,0.0028628550722589,5.7690011811134697e-05,0.0006598878049352,0.0011752899397521,0.0014871666085778
436,436,0.02,4860,100000.0,17.15,2.43,0.81,2.094649808838003,,0.486,17816.0,10.410152450998908,4860.0,0.1597796299965921,0.0164352995572248,0.0065057549383212,4.919523243920137e-05,1.519662419739226e-05,63335367511877.36,1276284690492.466,14433974809383.629,25816533667453.81,32718218601852.742,3.0416893568370744,31.66444991325476,192646513272242.0,3882061559365.0337,43903667554556.63,78525875686720.25,99518657295924.28,0.0125150887202731,0.0002521942598792,0.002852158003058,0.0051013552457481,0.0064651303790838,0.0028284945677623,5.699760585267289e-05,0.0006446069699035,0.0011529407360453,0.0014611631260345
437,437,0.02,4870,100000.0,17.15,2.43,0.81,2.092989752743823,,0.487,17832.0,10.188426739132222,4870.0,0.1454120260714262,0.0165578794054667,0.0063828942524024,0.0001059583632769,-1.0907383265704984e-06,61986388280880.445,1249101118217.6106,13972696292539.885,25086018953517.12,31842653692987.65,3.349104012626756,34.12210087438146,207598861719736.8,4183369567199.168,46796013220560.32,84015686738055.03,106644359255869.14,0.0122601903708935,0.0002470577481051,0.0027636376516238,0.0049617242841172,0.0062981084560282,0.002760920313517,5.563590243872242e-05,0.0006223543926106,0.0011173501350037,0.0014182957235528
438,438,0.02,4880,100000.0,17.15,2.43,0.81,2.1125952907434584,,0.488,17983.0,10.409915900638527,4880.0,0.1443543538043741,0.0169017281173364,0.0065288993635238,8.7829719166413e-06,-6.658585160148185e-07,63333928339484.805,1276255689418.2834,14119258747584.031,25446795341838.613,32352305595049.0,3.380570014960041,35.19144955195435,214104779074090.3,4314471715069.604,47731142755544.84,86024673309444.47,109369234209446.6,0.0125385752409419,0.0002526675418375,0.002795269341323,0.0050378456918734,0.0064049685304072,0.0028134907839563,5.669526135980434e-05,0.0006272215446622,0.0011304260773423,0.0014371903972781
439,439,0.02,4890,100000.0,17.15,2.43,0.81,2.110919528566684,,0.489,17914.0,10.608105723173203,4890.0,0.162476047182281,0.0173145271687362,0.0064576486408504,1.3994111515908289e-05,-8.529797833536276e-08,64539715219785.78,1300553761661.035,14227882334155.977,25743175809862.258,32782186023909.57,3.0096744011219907,31.92694423943008,194243528752692.62,3914243363754.128,42821293243285.04,77478577238525.31,98663706088979.72,0.0127877996086277,0.0002576897159792,0.0028190906564233,0.0051007131411275,0.0064954117659012,0.0028594214328974,5.762081980164881e-05,0.0006303639790241,0.001140547156288,0.0014524093422907
440,440,0.02,4900,100000.0,17.15,2.43,0.81,2.10924927884681,,0.49,17738.0,10.59495992487553,4900.0,0.1452457331070036,0.0167866893233801,0.0064644998946944,0.0001056036765608,-2.343237396614149e-05,64459736182942.73,1298942086789.74,14050262548610.89,25523417478176.363,32559651929838.36,3.373593079247384,35.743083477463465,217460919876887.7,4382102034337.021,47399868495602.41,86105624563117.5,109843016413206.4,0.0127839017244549,0.0002576111688721,0.0027865018732695,0.0050619018946525,0.0064573548559396,0.0028482937644356,5.739658374750298e-05,0.0006208414364637,0.0011278077627226,0.0014387190990163
441,441,0.02,4910,100000.0,17.15,2.43,0.81,2.107584512866436,,0.491,17831.0,10.631397973238345,4910.0,0.1603061930200056,0.0165425823453289,0.0063760063123579,7.988331119748951e-05,1.745550620576702e-05,64681425269182.09,1303409391519.021,13938045518869.54,25422694387716.29,32493531737198.67,3.0628885306927915,32.56278691746232,198111995605840.75,3992197676080.88,42690679760019.57,77866879059444.23,99524065679568.05,0.0128392912239154,0.0002587273346568,0.002766708135515,0.0050464159622655,0.0064499802707069,0.0028504567888197,5.744017131974039e-05,0.0006142381109692,0.0011203570655095,0.0014319630055702
442,442,0.02,4920,100000.0,17.15,2.43,0.81,2.105925202114501,,0.492,17823.0,10.515811610521183,4920.0,0.160838161463289,0.0169890342412409,0.0063748039092201,4.5085527035570086e-05,-1.7297397456008207e-05,63978197838410.89,1289238503449.8972,13627715614935.834,24959841080177.383,31964093944274.56,3.058975528716785,32.16761038118014,195707741559100.03,3943749032732.6855,41686848578400.33,76351543064922.53,97777381173140.23,0.0127109398936988,0.0002561408992385,0.0027075016165252,0.0049589242968005,0.0063505020555344,0.002811956550945,5.666434469853013e-05,0.0005989625449378,0.0010970297852593,0.0014048792619735
443,443,0.02,4930,100000.0,17.15,2.43,0.81,2.10427131828418,,0.493,17788.0,10.300673348364322,4930.0,0.1594915885998489,0.0159502858519196,0.0059563856810067,8.57481565959026e-05,8.144693042743984e-06,62669296651448.54,1262862552509.466,13193367876553.428,24266668982258.23,31137596345493.37,3.09107210184542,31.84012401735161,193715314521567.2,3903599204527.308,40781651372597.85,75010023495776.02,96248555382078.48,0.0124603589026278,0.0002510913874855,0.0026231999984071,0.0048248731204359,0.0061910001637306,0.0027470509155382,5.535641720003096e-05,0.0005783191329861,0.0010637070911379,0.0013648878656526
444,444,0.02,4940,100000.0,17.15,2.43,0.81,2.124351438212875,,0.494,17833.0,10.168488098247662,4940.0,0.1464977445120894,0.0164866111792729,0.0060972132611949,4.475792801828541e-06,2.689700669564538e-05,61865081589738.77,1246656640845.163,12870513222519.822,23785723841900.01,30567673337912.824,3.3720655675980984,34.288808590632016,208613111465405.2,4203807933211.485,43400214474975.14,80207020367668.19,103076198744362.28,0.0123112095387635,0.0002480858463925,0.0025612442606096,0.0047333814604936,0.0060829958015918,0.0027045553802389,5.450008047621635e-05,0.0005626601450757,0.0010398403386274,0.0013363267818134
445,445,0.02,4950,100000.0,17.15,2.43,0.81,2.1226814641006047,,0.495,17950.0,10.563484994665004,4950.0,0.1624059572041005,0.0160782003045102,0.0070032917109801,0.0001143573097178,5.013243572328574e-06,64268242707541.89,1295083260345.9297,13210957814169.947,24533560412087.09,31578119314855.69,3.0479177520435305,32.19663343868493,195884317840959.1,3947307259582.773,40265912843306.78,74776274300832.64,96247510435897.36,0.0128000394900098,0.0002579363644765,0.0026311717046899,0.0048862475287254,0.0062892831236999,0.002802062373754,5.646496499379491e-05,0.0005759909755241,0.0010696506334825,0.001376789783544
446,446,0.02,4960,100000.0,17.15,2.43,0.81,2.121016912799301,,0.496,17801.0,10.633081162096031,4960.0,0.1484811304680988,0.0146702463933741,0.0063711397116688,0.0001066776618147,-1.942728513347298e-05,64691665790192.266,1303615750472.9736,13137432590270.027,24517911762610.6,31608040586883.01,3.3404918081935366,35.51972051783881,216101979630531.3,4354717735487.038,43885485948491.82,81901883397012.66,105586400653531.52,0.0128939489886987,0.0002598287550977,0.002618473084474,0.0048867609098488,0.0062999222230845,0.0028129624175544,5.66846141341514e-05,0.0005712498463007,0.0010661027738691,0.0013744000742197
447,447,0.02,4970,100000.0,17.15,2.43,0.81,2.1193577564086583,,0.497,17756.0,10.639181460961773,4970.0,0.1484821425292466,0.0149978123781073,0.0064100675346668,1.0054313767501483e-06,-1.1757048926874296e-05,64728780008491.42,1304363647113.913,12984313615320.133,24354591340772.145,31447945103321.867,3.3472038558583272,35.61150920930768,216660422029427.9,4365971029061.121,43461144598873.33,81519782043686.34,105262683108659.95,0.0129113789940662,0.000260179990906,0.0025899668438555,0.0048579837130417,0.0062728872344004,0.002806960074262,5.656365961612974e-05,0.0005630640636996,0.0010561355475809,0.0013637384531429
448,448,0.02,4980,100000.0,17.15,2.43,0.81,2.117703967226822,,0.498,17850.0,10.630359565651071,4980.0,0.1622287828067783,0.0155539477149361,0.0063003127773126,4.0169160065057706e-05,-1.0223577155150546e-05,64675107597421.12,1303282082748.8213,12813024331986.348,24157157282680.367,31243787275610.125,3.069738867443394,32.632427933577766,198535691547887.2,4000735664656.635,39332638801396.42,74156164637587.17,95910268166073.77,0.0129111491113256,0.0002601753584892,0.0025578754154854,0.0048225147412799,0.0062372249742345,0.0027970637948933,5.636423754995443e-05,0.0005541366345328,0.0010447467740374,0.0013512287717854
449,449,0.02,4990,100000.0,17.15,2.43,0.81,2.116055517747752,,0.499,17806.0,10.453541199059236,4990.0,0.1492259654132794,0.0151133885102484,0.006362515457459,-2.785211211287287e-05,1.1617088361381984e-05,63599344655076.4,1281604151004.6624,12449788537946.746,23581051706552.59,30548979354835.82,3.343922075612148,34.955827183855256,212671252586575.4,4285584412740.6543,41631122728743.2,78853199367692.7,102153406452055.22,0.0127061258354135,0.0002560438901087,0.0024872674497726,0.0047111147440248,0.0061031945837041,0.0027430713941319,5.5276225003381965e-05,0.0005369655770298,0.0010170624985304,0.00131759268657
450,450,0.02,5000,100000.0,17.15,2.43,0.81,2.114412380660032,,0.5,17962.0,10.309789564954782,5000.0,0.1454153458053042,0.015471853817985,0.0064710274769886,8.632917797170296e-06,5.193979175912141e-06,62724759713184.89,1263980200663.4563,12137726631888.05,23084882767132.773,29956174472668.25,3.438426647689901,35.4494551722158,215674485267760.9,4346103204113.6567,41734682693459.27,79375676065306.72,103002108569670.48,0.0125399289662526,0.000252694821049,0.0024265733415583,0.0046151279242487,0.005988836014767,0.0026980247979725,5.436848130036718e-05,0.0005220886870446,0.0009929665167122,0.0012885262845042
451,451,0.02,5010,100000.0,17.15,2.43,0.81,2.1349651521228017,,0.501,17867.0,10.335001053570764,5010.0,0.1636588721667067,0.0151102948749335,0.005858037046837,3.875079725089264e-05,1.1363060203204346e-05,62878146409924.52,1267071129167.7756,12026204767751.615,22969019387905.547,29856295461853.75,3.0612455858162693,31.63797635464999,192485448141690.53,3878815901080.089,36815166259402.2,70313809211754.16,91397452691426.1,0.0125800889614341,0.0002535040937987,0.0024060939210965,0.004595432972419,0.005973376672403,0.0026972784657457,5.435344179822902e-05,0.0005158870767791,0.0009853000591078,0.001280742951473
452,452,0.02,5020,100000.0,17.15,2.43,0.81,2.133305558235601,,0.502,17988.0,10.667117195371572,5020.0,0.1483859534873772,0.0168555555180381,0.0058941758979843,-7.040211792816889e-05,2.725004174227497e-05,64898741016640.65,1307788568152.5547,12266926925286.36,23529278438165.22,30637032768897.08,3.3830695439963163,36.087599305900966,219556954177101.6,4424339674903.459,41499866879364.66,79601185276365.97,103647212478872.84,0.0129940867873825,0.0002618466535393,0.0024560956127142,0.0047110541942811,0.0061341754319218,0.0027764167279846,5.5948174038611966e-05,0.0005247883176593,0.0010066001470872,0.0013106751986693
453,453,0.02,5030,100000.0,17.15,2.43,0.81,2.1316512748390832,,0.503,18090.0,10.842502513067938,5030.0,0.1490030292807205,0.0159500343559898,0.0063736275252872,1.1134957715909525e-05,4.795414429397536e-06,65965785289505.336,1329290808102.1292,12320478614959.629,23735362742030.305,30966417886779.88,3.375770294255911,36.60179789900981,222685338417575.7,4487380422418.603,41591105719395.92,80125132467934.44,104535513621706.42,0.0132170299113637,0.0002663392286543,0.0024685544735286,0.0047556623170889,0.0062044902468927,0.0028143360391781,5.6712294280612345e-05,0.000525635628134,0.0010126353605084,0.0013211380032927
454,454,0.02,5040,100000.0,17.15,2.43,0.81,2.130002274998483,,0.504,18166.0,10.890058941712972,5040.0,0.1671657021925057,0.0170694126208691,0.0064238844969388,5.392710688211782e-05,-2.6194178356029863e-05,66255118601381.73,1335121226254.0105,12225730679617.115,23657899250111.035,30927180479740.49,3.014972529589836,32.833228554878765,199757362527882.4,4025353820828.1367,36860242153209.27,71327916346888.73,93244599564084.56,0.0132832026305187,0.0002676726894315,0.0024510839517253,0.0047430700628927,0.0062004568669574,0.0028189588996222,5.680545054136893e-05,0.0005201686002713,0.0010065734851175,0.0013158598534569
455,455,0.02,5050,100000.0,17.15,2.43,0.81,2.1283585319675447,,0.505,18005.0,10.703179191245829,5050.0,0.1501885156176285,0.0158978024995015,0.006526872721994,4.002561356099532e-05,-2.71275011204309e-05,65118142199539.61,1312209768846.7383,11869696362544.389,23073462317827.023,30224396605324.484,3.362440849243768,35.988806929420846,218955901358596.44,4412227729546.995,39911151917539.41,77583152230948.38,101627745789487.72,0.0130642985465797,0.000263261505886,0.0023813525954465,0.0046291031967659,0.0060637562329747,0.0027629780168761,5.567736766420451e-05,0.0005036339952115,0.0009790124073568,0.0012824282231204
456,456,0.02,5060,100000.0,17.15,2.43,0.81,2.1267200191866475,,0.506,17847.0,10.437026253881056,5060.0,0.1514111163487541,0.0145784137104229,0.0068753758290437,6.743151921928192e-05,6.741804722355356e-06,63498867728612.34,1279579418725.8174,11431938660901.05,22325684985383.195,29305038061423.934,3.341894652137036,34.87944222205894,212206526479006.6,4276219616424.426,38204334674423.84,74610087257948.22,97934349978144.92,0.012748185734377,0.0002568914482305,0.0022951035595789,0.0044821583285116,0.005883350074157,0.0026868956589406,5.414421561244615e-05,0.0004837318752285,0.0009446906412013,0.0012400154895494
457,457,0.02,5070,100000.0,17.15,2.43,0.81,2.125086710281257,,0.507,18125.0,10.341103752340649,5070.0,0.1512314922292716,0.017372047235842,0.0064242081652025,0.000144554240621,2.6855835060146885e-05,62915275229240.49,1267819320036.9634,11185585563969.0,21957067679309.977,28869472238676.82,3.3524763428993487,34.6683056891897,210921971813030.16,4250334277494.658,37499410984682.54,73610549954326.6,96784222712153.56,0.0126396307495519,0.0002547039332503,0.0022471755981507,0.0044111581296939,0.0057998549271501,0.0026549050112031,5.349956515014983e-05,0.0004720104467288,0.0009265465151463,0.0012182368469022
458,458,0.02,5080,100000.0,17.15,2.43,0.81,2.146132496161223,,0.508,18031.0,10.493986935478492,5080.0,0.1515410315487315,0.0164575839911871,0.0064520698181783,7.304228168740525e-05,2.284184939388155e-05,63845416515451.15,1286562798289.663,11207578047091.035,22118793548217.867,29127586715232.992,3.3522274119972635,35.17823066625216,214024355373478.16,4312851079682.515,37570350351557.33,74147226052644.16,97642294632131.36,0.0128336067494816,0.0002586127855829,0.0022528422104612,0.0044461124018527,0.0058549542608788,0.0026867913374932,5.4142113408394815e-05,0.0004716458166408,0.0009308198793999,0.0012257692398268
459,459,0.02,5090,100000.0,17.15,2.43,0.81,2.1444823579328576,,0.509,17842.0,10.617749447468984,5090.0,0.1514326777405585,0.0157257416266291,0.005999779541158,0.0001434617681956,-6.233498868573846e-06,64598387638401.29,1301736082259.6973,11194689943457.47,22214845960499.39,29300425407107.094,3.361229607733954,35.68869381033358,217130013142069.47,4375433861146.897,37627923287350.8,74669197973679.6,98485457397568.56,0.0129931382988885,0.0002618275403424,0.0022516685008102,0.0044682317377483,0.0058934052915044,0.0027109716364186,5.462937584236093e-05,0.0004698025449968,0.0009322805027802,0.0012296378457354
460,460,0.02,5100,100000.0,17.15,2.43,0.81,2.1428374237900423,,0.51,17882.0,10.738484564413469,5100.0,0.1674578232104977,0.0165697458410498,0.0066562488852941,-2.60747314026609e-05,-6.603323163598294e-06,65332940089891.54,1316538207597.0913,11175269461535.84,22300769243928.37,29460979448071.38,3.0455429923923,32.70451641406232,198974277863155.12,4009573712364.041,34034763596676.15,67917951495803.79,89724679507087.36,0.0131490843619528,0.0002649700431912,0.0022491649804081,0.0044883131804782,0.0059293964670111,0.0027342479206292,5.509842128026732e-05,0.0004676960388685,0.0009333091676227,0.0012329710202044
461,461,0.02,5110,100000.0,17.15,2.43,0.81,2.141197667707164,,0.511,18161.0,10.896929316353448,5110.0,0.1695398551000835,0.0175447113693923,0.0063020825861743,8.056105381844824e-05,5.0167973160082806e-06,66296917960694.38,1335963534184.9329,11191278110141.07,22460671241780.605,29720501822057.86,3.014040561131448,32.84378695127167,199821599811536.8,4026648280225.906,33730966154867.68,67697374152965.38,89578797988863.48,0.0133513482915604,0.0002690459073874,0.0022537797603924,0.004523290883432,0.0059853275752804,0.0027668850629545,5.575609939484337e-05,0.0004670651546226,0.0009373904198632,0.0012403776085597
462,462,0.02,5120,100000.0,17.15,2.43,0.81,2.139563063838088,,0.512,18066.0,10.741542256180646,5120.0,0.1523173913392383,0.0147616270802237,0.006518175326325,4.6794721544090806e-05,-1.2422362755902034e-07,65351543086603.05,1316913080607.747,10888306110254.54,21973657935493.355,29124023914786.01,3.361402105815241,36.10664275962902,219672814549582.9,4426674402330.517,36599975087770.56,73862300056831.14,97897555316975.14,0.0131674180298087,0.0002653394888978,0.0021938407483393,0.0044273834406211,0.0058680817542126,0.0027198757704372,5.480880497297864e-05,0.0004531620612406,0.0009145249979395,0.0012121171626886
463,463,0.02,5130,100000.0,17.15,2.43,0.81,2.13793358651488,,0.513,18336.0,10.719130322083574,5130.0,0.1674550029129022,0.0148409441641174,0.0066167327429331,9.522992190262904e-05,-1.3786831473835789e-05,65215188879556.46,1314165377487.4463,10736472236532.506,21761427747163.51,28890945563464.324,3.06350954630376,32.83815806977712,199787353696524.03,4025958179354.676,32891285190242.61,66666341644634.94,88507687535415.22,0.0131479200206313,0.0002649465802974,0.0021645613651501,0.0043872833379793,0.0058246529392161,0.0027066758339997,5.454281019861403e-05,0.0004456040141001,0.0009031811700394,0.0011990829977116
464,464,0.02,5140,100000.0,17.15,2.43,0.81,2.13630921024577,,0.514,18113.0,10.325324332289613,5140.0,0.1674038179771741,0.0145214043557259,0.0065819731940455,1.8128519885094084e-05,3.0536631077891816e-06,62819273237650.01,1265884763138.7063,10217656940593.654,20801672975742.02,27663550897681.992,3.070419816052731,31.70308043703346,192881541378911.6,3886797661580.3022,31372496344027.48,63869868911766.88,84938714858626.11,0.0126719823485572,0.0002553558573197,0.0020611185345139,0.0041961394836875,0.0055803260783943,0.0026000278646434,5.239372389961949e-05,0.0004228987600096,0.0008609607622094,0.0011449671328869
465,465,0.02,5150,100000.0,17.15,2.43,0.81,2.1578694906072515,,0.515,18039.0,10.499394621394748,5150.0,0.1511872943301568,0.0174078498149969,0.006203365348764,5.840225882554098e-05,-9.717393412033538e-07,63878316876565.64,1287225780582.996,10263443184016.771,20989387603001.848,27962125672814.12,3.4063709009525844,35.76483231593714,217593239810161.6,4384768441933.894,34961094205614.875,71497639159680.4,95249371220653.2,0.0128927627197181,0.0002598048503348,0.0020715031974704,0.0042363544819223,0.0056436842588566,0.0026365275537004,5.312923702887527e-05,0.0004236155877868,0.0008663205522078,0.0011541148608982
466,466,0.02,5160,100000.0,17.15,2.43,0.81,2.156227905515004,,0.516,18152.0,10.808113734480974,5160.0,0.1683121262103668,0.0162886766213776,0.0060325414669337,5.506535367095894e-05,-8.087273236255113e-06,65756563960582.25,1325074743847.3674,10435036937770.09,21438785431864.08,28619245236201.05,3.0657327645844807,33.134788399153855,201592052620452.1,4062325057736.263,31991034639771.074,65725586931362.16,87738957818299.89,0.0132780553399831,0.0002675689652665,0.0021071204088087,0.0043290792924788,0.0057790112370017,0.00270654378856,5.454014932239714e-05,0.0004295066941795,0.0008824215872907,0.0011779697076895
467,467,0.02,5170,100000.0,17.15,2.43,0.81,2.15459142370749,,0.517,18101.0,10.88251300954268,5170.0,0.1536785947992029,0.0149122979669069,0.0065185607660079,0.0001455673447442,1.9385986069248144e-05,66209209150057.66,1334196094969.9324,10375784359448.568,21417443748609.97,28650048626317.188,3.364164024765545,36.6105587657465,222738639530801.7,4488454504680.5205,34905840470781.887,72051793761513.36,96383462896439.8,0.0133761716310686,0.0002695461278713,0.0020962079774188,0.0043269419338762,0.0057881369160523,0.0027175350685674,5.476163698329615e-05,0.000425870633748,0.0008790718876283,0.0011759317602136
468,468,0.02,5180,100000.0,17.15,2.43,0.81,2.152960020016001,,0.518,18277.0,10.98685387626627,5180.0,0.1525665311764896,0.0163464747851114,0.0061798964591562,9.76718440784524e-05,-6.102892564298577e-06,66844018983203.984,1346988285230.2446,10342926197098.973,21452254517197.05,28756948519080.383,3.395240070056881,37.303006524559,226951491695416.9,4573348599910.934,35116717466031.46,72835554129846.16,97636743904544.58,0.0135116805170218,0.0002722767967434,0.0020906928774203,0.0043363043368029,0.0058128566615943,0.0027359208817617,5.5132133481918986e-05,0.0004233352241772,0.0008780392320398,0.001177019831331
469,469,0.02,5190,100000.0,17.15,2.43,0.81,2.1513336694430585,,0.519,18027.0,10.746850019138428,5190.0,0.1537930308268187,0.0154625983418778,0.0060046666591119,0.0001467884534084,-8.50203925768048e-06,65383835516438.2,1317563812346.371,9987539093265.53,20816824742335.76,27964633765467.875,3.374665270654747,36.26702152852176,220648558979526.4,4446336839396.767,33704601317349.78,70249815503266.93,94371278374903.52,0.0132219208419732,0.000266437786855,0.0020196804034855,0.004209578816391,0.005655008934568,0.0026686517330704,5.3776578315981625e-05,0.0004076430099248,0.0008496420405268,0.0011413810121942
470,470,0.02,5200,100000.0,17.15,2.43,0.81,2.149712347160856,,0.52,18215.0,10.686823289496305,5200.0,0.155618400332969,0.015783678765376,0.0064877551368677,0.0001309627384751,3.506945798675272e-06,65018632893295.51,1310204535292.2468,9803026937641.123,20535802823646.12,27645223941711.71,3.341507166809205,35.710096612275414,217260227789083.7,4378057844664.967,32756884768551.508,68620532311394.23,92376713929275.12,0.0131544438126048,0.0002650780426405,0.001983329413528,0.0041547638326034,0.0055931281364364,0.0026463256283546,5.332668015060388e-05,0.0003989933387726,0.0008358284216808,0.0011251892167375
471,471,0.02,5210,100000.0,17.15,2.43,0.81,2.148096028510085,,0.521,18078.0,10.354626309109207,5210.0,0.1697930249101773,0.015131398101065,0.0058510117526721,0.0001427989041012,8.522982098051553e-06,62997546464620.42,1269477185496.7888,9373577384304.594,19748036662007.44,26627740295391.848,3.0684417117582754,31.772567276540325,193304299310471.38,3895316748103.844,28762275834394.246,60595699419035.27,81705669012246.95,0.0127516469817105,0.0002569611965742,0.0018973524600283,0.0039972984064898,0.0053898534660901,0.0025569313382249,5.152527647376462e-05,0.0003804528130101,0.0008015292125362,0.0010807611954481
472,472,0.02,5220,100000.0,17.15,2.43,0.81,2.1701934780522643,,0.522,18106.0,10.470497119288206,5220.0,0.1708757082706142,0.0152996582434666,0.0069139963901759,6.862337346121642e-05,-1.705645356914218e-05,63702504473749.445,1283682946824.734,9352349170316.072,19817933689335.85,26765802209030.91,3.05485200490472,31.98581911720667,194601723509085.38,3921461423769.538,28570042613509.047,60540854463936.42,81765564541141.25,0.0129004433780784,0.0002599596249428,0.0018939514532493,0.0040133450567103,0.005420363276435,0.0025783702456337,5.195729653430207e-05,0.0003785380029674,0.0008021344054939,0.0010833506246951
473,473,0.02,5230,100000.0,17.15,2.43,0.81,2.1685595631218515,,0.523,18162.0,10.783015559529227,5230.0,0.1562898718748329,0.0156271931757683,0.0066978864114347,6.994900602602216e-05,-1.4090670612638095e-05,65603866664175.83,1321997707598.2834,9501608418851.057,20253852026239.41,27400013273907.21,3.3463460794110347,36.08370184185882,219533242005869.03,4423861845811.892,31795670080521.12,67776398320977.52,91689926994949.72,0.0132900514408048,0.000267810701289,0.0019248387492664,0.0041030315588114,0.0055507030973192,0.0026478529504737,5.335745754899483e-05,0.0003834966316069,0.000817470441501,0.0011058983209285
474,474,0.02,5240,100000.0,17.15,2.43,0.81,2.16693065599338,,0.524,18347.0,11.029907443544198,5240.0,0.1722105932467457,0.0157922102243303,0.0059836321774367,0.0001316836602884,1.1719991782965186e-05,67105956886522.91,1352266652578.5188,9586301593065.576,20558431067700.863,27858921496009.56,3.04278610346116,33.56164909167909,204189073073775.6,4114658178639.856,29169065270967.51,62554908361764.35,84768739185473.27,0.0136006199592292,0.0002740690346813,0.001942892268153,0.0041666555531371,0.0056462737634745,0.0027008756695855,5.442592983089909e-05,0.0003858287689392,0.0008274342376117,0.0011212638451263
475,475,0.02,5250,100000.0,17.15,2.43,0.81,2.1653067323060635,,0.525,18243.0,10.992705701397652,5250.0,0.1710203438069584,0.0153730356822626,0.0063368328934179,0.0001365254872685,-3.764808604119437e-05,66879621487303.32,1347705718991.352,9421557820747.996,20330467685988.08,27597074362073.742,3.069810224405823,33.745520356034696,205307745846115.12,4137200795649.854,28922394527962.844,62410677569398.4,84717781040381.8,0.0135603635975003,0.0002732578200285,0.001910294150341,0.0041221604996907,0.0055955215393678,0.0026841445339464,5.408877709760589e-05,0.0003781244923855,0.0008159423229134,0.0011075800767792
476,476,0.02,5260,100000.0,17.15,2.43,0.81,2.163687767862611,,0.526,18010.0,10.787398284555492,5260.0,0.1556752164569843,0.0168811192721159,0.0069676067481231,-1.982615330373819e-05,1.6975408688747977e-05,65630531163235.61,1322535029686.5032,9125033837282.314,19795100525723.254,26916903347835.65,3.3788294114583266,36.4487785969712,221754368983972.75,4468620255988.668,30831932709961.92,66884267859087.92,90947624697048.2,0.0133125361162994,0.0002682637948485,0.0018509273103266,0.004015250006419,0.0054598407418913,0.0026265765600344,5.292871240306011e-05,0.0003651897914236,0.0007922128028351,0.001077231985618
477,477,0.02,5270,100000.0,17.15,2.43,0.81,2.162073738628105,,0.527,18257.0,10.788060703004268,5270.0,0.1567509045744373,0.0157159264254279,0.0064382382962867,8.198716640805873e-05,2.834106246712038e-05,65634561317077.97,1322616242188.3232,9010972005801.133,19640645312324.184,26753797248809.16,3.362022065714716,36.26969812977016,220664843421521.7,4446664990709.822,30295086717041.004,66032282924910.21,89946856692154.05,0.0133176051463449,0.0002683659419694,0.0018283746360136,0.0039851924632409,0.0054284892101854,0.0026193422494558,5.278293224577418e-05,0.0003596096204472,0.0007838183274299,0.0010676897972798
478,478,0.02,5280,100000.0,17.15,2.43,0.81,2.160464620728199,,0.528,18196.0,10.525689729642211,5280.0,0.1748060053096196,0.0151548986164891,0.006560154198425,9.831418314926128e-05,1.222660024517494e-05,64038296315143.22,1290449560854.1353,8679986206959.221,19011090326686.75,25942379706889.324,3.020491195738937,31.79275315746406,193427110210011.28,3897791537105.093,26217821917255.74,57422830953155.0,78358729501175.67,0.012998868040208,0.0002619430015991,0.0017619143822913,0.003858982338333,0.0052659360080302,0.0025484633326359,5.1354635861467805e-05,0.0003454280930173,0.0007565639531158,0.0010324010357641
479,479,0.02,5290,100000.0,17.15,2.43,0.81,2.183123192914991,,0.529,18326.0,10.430404458764512,5290.0,0.1575928709489744,0.0148541250928927,0.0062272831132352,0.0001045611927007,1.3753390710128491e-05,63458580727123.3,1278767586644.5293,8490587319673.516,18688479969231.15,25555453519981.57,3.356750827715297,35.0122688003631,213014643381409.12,4292504154924.517,28500786013103.08,62732570605457.41,85783289755837.95,0.0128856899151784,0.0002596623247207,0.0017240706322997,0.0037948210487885,0.0051892060289884,0.0025182975803453,5.074675926205521e-05,0.000336941438933,0.0007416357779765,0.0010141455422826
480,480,0.02,5300,100000.0,17.15,2.43,0.81,2.1814960823275507,,0.53,18151.0,10.683679266312245,5300.0,0.1719911637792393,0.016283792217278,0.006359958749526,9.642712130121886e-05,7.590171837422815e-07,64999504656243.69,1309819078049.881,8583245668109.802,18988115766576.02,26021796316710.61,3.081553658653569,32.92233093098577,200299461384117.44,4036277772138.856,26449732091686.16,58512897611429.85,80187561644497.55,0.0132036648322514,0.0002660699060542,0.0017435563482207,0.0038571481075706,0.0052859337731269,0.0025722207795963,5.183337731402232e-05,0.000339664170991,0.0007514153561395,0.0010297586968124
481,481,0.02,5310,100000.0,17.15,2.43,0.81,2.179873889112677,,0.531,18264.0,10.939657255052335,5310.0,0.1572106822768546,0.0153382719869226,0.0065818738031287,0.0001119894286061,1.382708913608908e-05,66556874739738.41,1341201979469.4165,8672664981765.889,19285207458080.57,26487372793691.76,3.3776330737175138,36.95014815979852,224804701404214.2,4530088164391.298,29293080079684.168,65138354543916.61,89464626383858.77,0.0135234471914122,0.0002725139095442,0.0017621669789686,0.003918490548942,0.0053818720998459,0.0026263672959197,5.292449547662031e-05,0.0003422276626666,0.0007610038536363,0.0010452048707547
482,482,0.02,5320,100000.0,17.15,2.43,0.81,2.1782565896718724,,0.532,18051.0,10.878343165193156,5320.0,0.1730119046369509,0.0148386659150703,0.006440077232922,8.470715306839336e-05,1.853940626009422e-05,66183839817035.17,1333684872052.681,8508475413727.633,19020145077715.887,26181904025048.53,3.074932913526104,33.450175443284174,203510867396940.9,4100991509346.64,26162991093598.73,58485670119510.1,80507598425403.31,0.0134521041452917,0.00027107626039,0.0017293783150015,0.0038659130862053,0.0053215664222663,0.0026042480784863,5.247876634162073e-05,0.0003347974491704,0.0007484179885619,0.0010302238950904
483,483,0.02,5330,100000.0,17.15,2.43,0.81,2.176644160563192,,0.533,18227.0,10.953566558517124,5330.0,0.1565200995783016,0.0175443197920544,0.0069067727598857,0.0001502103131984,-1.2695308507972024e-05,66641498942018.19,1342907260074.1997,8450930593345.891,18993609769606.59,26204851751186.43,3.4053134481514853,37.30032750694074,226935192552227.5,4573020152350.936,28778067598915.57,64679194777382.75,89235734075131.16,0.0135495293425275,0.000273039496613,0.001718240643804,0.0038617749747453,0.0053279625061886,0.002614822577136,5.269185535122938e-05,0.0003315904423535,0.0007452551403456,0.0010282037330691
484,484,0.02,5340,100000.0,17.15,2.43,0.81,2.17503657849964,,0.534,18282.0,10.870730391452398,5340.0,0.1768483920423023,0.0152276343800352,0.006409818415541,5.487813649196554e-05,5.803460753532956e-06,66137523701596.39,1332751545992.064,8271520042040.906,18693433770592.91,25849774315242.78,3.019535511933107,32.824556457641,199704601488287.84,4024290621706.7866,24976148504608.94,56445487110274.88,78054311520331.89,0.0134507880092486,0.0002710497386479,0.0016822290338798,0.003801796631329,0.0052572248693499,0.0025877121601044,5.214554747350426e-05,0.000323633420143,0.0007314036446317,0.0010114042919616
485,485,0.02,5350,100000.0,17.15,2.43,0.81,2.173433820347859,,0.535,18483.0,10.791756213241015,5350.0,0.1749456283305335,0.0147475834637494,0.0068520081319716,9.503082014253142e-05,7.108176668541754e-06,65657044801358.34,1323069311743.3486,8096767291695.813,18413083105593.625,25506215900894.76,3.0580929921220883,33.00219404840236,200785348590480.0,4046068990334.1294,24760667313578.31,56308920408577.484,78000380102079.23,0.0133561270585715,0.0002691422053551,0.0016470654906682,0.003745637322581,0.0051885408700066,0.0025616313402881,5.1619987231973405e-05,0.0003158980565174,0.0007183925334641,0.0009951334578271
486,486,0.02,5360,100000.0,17.15,2.43,0.81,2.171835863127181,,0.536,18282.0,10.394927502449836,5360.0,0.1754207164958643,0.0153322991789946,0.0064287455717513,3.932597222012122e-05,-4.184336949340017e-05,63242738924904.805,1274418111800.35,7688592113014.032,17596776427309.598,24418278785712.89,3.055511405419648,31.761819542245853,193238910095023.7,3893999075879.342,23492580892933.93,53767151072264.086,74610329330462.38,0.0128689543909047,0.0002593250835511,0.0015645138543119,0.0035806816263743,0.0049687556443572,0.00246046230586,4.958130813583895e-05,0.0002991251074952,0.0006846035741028,0.0009499945060502
487,487,0.02,5370,100000.0,17.15,2.43,0.81,2.195057681662745,,0.537,18325.0,10.550707632430314,5370.0,0.1600904141405408,0.0154139655648606,0.0065287134124474,2.976015528467013e-05,-1.361208576634964e-05,64190505235706.02,1293516755735.9563,7691714331451.301,17719167547331.75,24631930616358.56,3.3543544932588927,35.39081355390351,215317709661948.97,4338913741708.57,25800736528567.49,59436369279199.41,82624227140623.61,0.0130651932654182,0.0002632795355588,0.0015655544992797,0.0036065201178607,0.0050135286024214,0.0024902264612393,5.018109206902502e-05,0.0002983947624362,0.0006874029069482,0.0009555787913965
488,488,0.02,5380,100000.0,17.15,2.43,0.81,2.1934413562002613,,0.538,18249.0,10.791410586662646,5380.0,0.1943351976942722,0.0151460809293653,0.0062878955446375,-2.0321246142362075e-05,2.4397866003916287e-06,65654942009255.54,1323026937924.8403,7752534691762.584,17978870016625.977,25038122598671.34,2.7684125489525613,29.87507648901639,181759965359175.7,3662684377553.409,21462214326865.613,49772929370014.31,69315852804374.45,0.013365509414139,0.0002693312712316,0.001578199176409,0.0036599949540572,0.0050970612883601,0.0025398086296415,5.1180233069372e-05,0.0002999005696929,0.0006954981273609,0.0009685796362011
489,489,0.02,5390,100000.0,17.15,2.43,0.81,2.191829839611644,,0.539,18223.0,10.917396193722627,5390.0,0.1607299271763622,0.0165498030717803,0.006592309444576,8.44799969089943e-05,-1.8909308229388805e-05,66421438442608.46,1338472773350.394,7727046233041.314,18042537886584.8,25172855910078.266,3.3534514042837698,36.61095759696143,222741066019913.3,4488503401387.471,25912274041158.008,60504774012610.914,84415949001484.95,0.0135248828813985,0.0002725428404436,0.0015733985558192,0.0036738621975208,0.0051257536114383,0.0025621872798993,5.163119009133118e-05,0.0002980685157338,0.0006959855455411,0.0009710354476479
490,490,0.02,5400,100000.0,17.15,2.43,0.81,2.1902231091679063,,0.54,18153.0,10.906384922703628,5400.0,0.1772873633271956,0.0167733308034109,0.0063366243279795,0.0001562473889472,-1.956998102268848e-05,66354445869728.88,1337122791523.4648,7615270110384.72,17878259105741.062,24990048303491.93,3.045902369270358,33.2197836762375,202109163886228.9,4072745478706.717,23195369271854.56,54455431768606.06,76117247335786.75,0.0135144937781339,0.0002723334873765,0.0015510116794231,0.0036412876075064,0.0050897546936923,0.0025523787603128,5.143353649151116e-05,0.0002929276769479,0.00068770205545,0.0009612629217678
491,491,0.02,5410,100000.0,17.15,2.43,0.81,2.188621142288353,,0.541,18377.0,10.98025928651277,5410.0,0.1781611090927981,0.0160763926384291,0.0060112820557414,8.481962444408069e-05,1.29181660935435e-05,66803897499143.69,1346179788526.4656,7565426153753.649,17852286855857.043,25000833746161.16,3.036577414424442,33.34240735394892,202855206341425.2,4087779141594.1377,22973002188984.312,54209851062321.84,75916967095373.39,0.0136086478759542,0.0002742308069677,0.0015411558967691,0.0036366962811563,0.0050929295414409,0.0025622949420312,5.1633359614238526e-05,0.0002901754821763,0.0006847328677947,0.0009589187495411
492,492,0.02,5420,100000.0,17.15,2.43,0.81,2.187023916539372,,0.542,18147.0,10.701347496825637,5420.0,0.1722522669388126,0.0163173113993029,0.0059606689233753,0.000133489223562,-5.677295629418298e-06,65106998170687.17,1311985203110.823,7274405608798.77,17255482490446.578,24212240538057.508,3.146547848874052,33.67230194619043,204862285040622.56,4128224218602.946,22889265320203.11,54295201311598.55,76184973381445.97,0.01326487243973,0.000267303313792,0.0014820843409582,0.0035156247493041,0.0049329917096683,0.0024900655979793,5.017785047867696e-05,0.0002782150561561,0.0006599487694602,0.0009260151582439
493,493,0.02,5430,100000.0,17.15,2.43,0.81,2.185431409633304,,0.543,18518.0,10.694282333058332,5430.0,0.1618933405352436,0.0166804428760601,0.006846261624506,0.0001026682503066,9.213155061938604e-06,65064013714326.89,1311119014032.9514,7170818593594.199,17100850024215.922,24050461960909.63,3.354060137401333,35.86926607142628,218228614778557.47,4397572020356.861,24051356797310.6,57357279381901.24,80666695749174.08,0.0132590628308993,0.0002671862431078,0.0014613044731439,0.0034848948287821,0.0049011207278415,0.002481375149044,5.000272736239349e-05,0.0002734766891967,0.0006521827021605,0.0009172231349706
494,494,0.02,5440,100000.0,17.15,2.43,0.81,2.183843599427047,,0.544,18268.0,10.24170340306044,5440.0,0.1967194809549255,0.0144317750949763,0.0064470016676959,0.0001262288146005,4.4367992655123577e-05,62310523504219.72,1255632837215.21,6772747792360.798,16239968708187.812,22893029958611.062,2.765359065402613,28.32198735081798,172310971042376.6,3472275649210.2847,18729079505290.47,44909344689041.93,63307447930578.73,0.0127001474376495,0.0002559234181222,0.0013804232525052,0.0033100347321401,0.0046660634419031,0.0023696539103798,4.7751408516201055e-05,0.0002575659356978,0.0006176020227337,0.000870616308627
495,495,0.02,5450,100000.0,17.15,2.43,0.81,2.207654841212306,,0.545,18322.0,10.563339408885945,5450.0,0.1625735270226869,0.0165842779197048,0.0067502540727688,6.109777480157313e-05,-1.7132237354995004e-07,64267356963662.08,1295065411529.4165,6887868009600.697,16608491170326.283,23467966852467.383,3.3523293120407365,35.41179233344341,215445344556669.7,4341485740080.1616,23090401826052.098,55677131779054.56,78672353173526.8,0.0131011829673088,0.0002640047718264,0.001404122143991,0.003385713866472,0.0047840481098165,0.0024371113322056,4.911075761479455e-05,0.000261197938954,0.0006298180593442,0.0008899393200861
496,496,0.02,5460,100000.0,17.15,2.43,0.81,2.2060482782466675,,0.546,18370.0,10.852586691007334,5460.0,0.1633669056209328,0.0169050151337989,0.006218936423653,0.0001153364064123,3.992442714612125e-05,66027137428088.62,1330527128317.499,6976226227299.3125,16917907374937.703,23962619502655.93,3.3421701777648107,36.27119159029199,220673929635336.5,4446848088969.799,23315735250220.48,56542525498704.16,80087152282902.1,0.013460937501749,0.0002712542632666,0.0014222416555013,0.0034490499316654,0.0048852537921206,0.0024967343064611,5.031223306576943e-05,0.0002637973419687,0.0006397296836099,0.0009061167349579
497,497,0.02,5470,100000.0,17.15,2.43,0.81,2.2044464217435324,,0.547,18528.0,11.072944986247805,5470.0,0.1806777901065288,0.0166373100217101,0.0063847275590754,4.454814258872504e-05,-7.938520432595196e-06,67367797296331.63,1357543055313.9807,7015594151913.416,17113108041092.867,24298217216567.21,3.027488877728054,33.52321778955985,203955257031682.16,4109946501000.038,21239633265571.85,51809744257767.2,73562582371777.58,0.0137363860081912,0.0002768048857008,0.0014304892428587,0.003489386135312,0.0049544397233219,0.0025401345442947,5.1186800646044825e-05,0.0002645262836135,0.0006452578032827,0.0009161757307439
498,498,0.02,5480,100000.0,17.15,2.43,0.81,2.202849249789439,,0.548,18214.0,10.904497826770845,5480.0,0.1624255418346365,0.0158045345970143,0.0065040740241064,6.936767221671014e-05,-8.031257808835086e-06,66342964778073.805,1336891433562.1052,6808143289075.478,16706719084312.977,23779921437651.863,3.373853605844284,36.79017931277196,223831450938904.62,4510475983745.843,22969678784951.863,56366024424436.84,80229973689115.53,0.0135294344514921,0.0002726345601171,0.0013883963231675,0.0034070298411717,0.0048494801133559,0.0024943496060906,5.026417845277924e-05,0.0002559712184723,0.0006281359041824,0.0008940727606806
499,499,0.02,5490,100000.0,17.15,2.43,0.81,2.201256740611648,,0.5489999999999999,18288.0,10.87889550097034,5490.0,0.161605158524253,0.0146218081464201,0.0062906221035246,0.0001408501591256,8.560220484116778e-06,66187200227903.56,1333752588418.964,6691669009342.635,16528802367250.012,23575779159001.44,3.397168784792276,36.95744420891357,224849090567030.25,4530982660012.805,22732729076700.656,56151131452022.42,80090901036116.0,0.0134990126943348,0.0002720215247083,0.0013647793620574,0.0033710825085421,0.0048083276079115,0.0024814027596099,5.000328374887861e-05,0.0002508751826486,0.0006196759443807,0.0008838718553385
500,500,0.02,5500,100000.0,17.15,2.43,0.81,2.199668872577446,,0.55,18233.0,10.695446487627713,5500.0,0.1792391511535243,0.01463958926041,0.006449900521428,0.0001560420406189,9.701699342508832e-06,65071096430727.01,1311261739383.1577,6480033388078.943,16119490130012.82,23032415475924.92,3.068526024924693,32.81925589547503,199672352868070.1,4023640772785.2393,19884151093701.168,49463074972461.06,70675566304753.88,0.0132720451865375,0.0002674478533644,0.0013216819856172,0.0032877669675848,0.0046977425572813,0.0024326280101059,4.902041322139861e-05,0.0002422505780741,0.0006026135311956,0.0008610474096864
501,501,0.02,5510,100000.0,17.15,2.43,0.81,2.19808562419252,,0.551,18323.0,10.516014729196126,5510.0,0.1638165544864023,0.0147321839024216,0.0067680399879039,3.627959624757779e-05,2.6592929571978903e-05,63979433612429.23,1289263405799.445,6274183667717.432,15720663160611.04,22502649957990.92,3.3635184290592326,35.370809341909506,215196004036177.4,4336461225318.105,21103332393670.027,52876740257747.79,75688077836371.42,0.0130505209383772,0.0002629838703229,0.0012798075991542,0.0032066999058721,0.0045900891562235,0.0023850185219847,4.806102412809599e-05,0.000233888351505,0.0005860332094071,0.0008388513919748
502,502,0.02,5520,100000.0,17.15,2.43,0.81,2.196506974100088,,0.552,18651.0,10.3797437663387,5520.0,0.2012932289317177,0.016444277607916,0.0069801037290154,7.542046433421425e-05,-5.556091895375234e-06,63150361074404.65,1272556585753.1245,6097001213148.707,15390213066286.736,22069545809322.36,2.742268097787076,28.464040193634883,173175220538074.66,3489691327739.6367,16719611918986.8,42204090309823.93,60520611405555.16,0.0128830033649112,0.0002596081874651,0.0012438200797033,0.0031396838172637,0.0045023025693957,0.0023474399881942,4.730377096525602e-05,0.0002266391547461,0.0005720885987661,0.0008203743173067
503,503,0.02,5530,100000.0,17.15,2.43,0.81,2.220935345818111,,0.553,18275.0,10.46523903519792,5530.0,0.1633311658133607,0.0163028978982563,0.0069490578711106,3.4934818315789874e-05,-1.9474947806004685e-05,63670514290144.14,1283038305715.265,6050551976434.81,15389199294914.137,22108656115079.13,3.385759216535047,35.43277951666371,215573030579382.0,4344058768742.9697,20485712119338.5,52104123347850.18,74854586206833.1,0.0129900833862245,0.0002617659801366,0.0012344359957328,0.0031397104973456,0.0045106167225775,0.0023600289965841,4.755745479638621e-05,0.0002242714428951,0.0005704203425262,0.0008194855984565
504,504,0.02,5540,100000.0,17.15,2.43,0.81,2.219337548350787,,0.5539999999999999,18243.0,10.718848467743143,5540.0,0.1813987148325395,0.0164716131699035,0.0058359897763425,6.3543294381987e-05,3.116358664425299e-05,65213474077749.29,1314130822145.3096,6108367980909.566,15631258033132.424,22498298106431.348,3.054045892835745,32.73585513883967,199164942664700.53,4013415840021.744,18655236144026.234,47738579395943.82,68710834927740.88,0.0133046268437529,0.0002681044133866,0.0012462080537748,0.0031890350601671,0.004590024763421,0.0024103503185199,4.85714906394724e-05,0.0002257709302661,0.0005777457544143,0.0008315579069187
505,505,0.02,5550,100000.0,17.15,2.43,0.81,2.2177443606827376,,0.555,18571.0,11.050565074824146,5550.0,0.164324076482444,0.0163657241538391,0.0063666543779987,0.0001503245730133,-1.893561747340209e-05,67231637915230.1,1354799278173.4402,6209656682974.468,15980073439866.62,23043903289838.824,3.3774721993298087,37.32297632710348,227072987974097.6,4575796897702.886,20972942814128.816,53972253786398.16,77830142725475.34,0.0137172112110713,0.0002764184902165,0.0012669507230509,0.0032604001529676,0.0047016270666018,0.0024778001413461,4.993068660898075e-05,0.0002288548767201,0.0005889404074603,0.0008492755583423
506,506,0.02,5560,100000.0,17.15,2.43,0.81,2.216155761666081,,0.556,18472.0,11.021947923539392,5560.0,0.1819904515596135,0.017136681172354,0.0064841928068961,9.749095643733274e-05,-1.843196916276537e-05,67057531166813.67,1351290815425.9297,6106055857536.266,15804114249479.904,22833967167765.656,3.055105337863697,33.673211934860895,204867821411693.7,4128335783213.946,18654643843652.938,48283233803793.77,69760174978845.27,0.0136824458054215,0.0002757179250073,0.0012458821090175,0.0032246778692653,0.0046590519045285,0.0024642994593046,4.965863144489592e-05,0.000224391651264,0.0005807859239985,0.0008391262243956
507,507,0.02,5570,100000.0,17.15,2.43,0.81,2.2145717302868846,,0.557,18501.0,10.97875878862013,5570.0,0.2041492221851513,0.0160588998428182,0.0064926693934265,6.578207775076378e-05,1.4281538399191367e-05,66794768469964.87,1345995827484.828,5994952468709.948,15608137375242.574,22603495178313.453,2.728396385928103,29.95440580084756,182242604892356.5,3672410151183.911,16356606649438.98,42585185605681.18,61671294553853.72,0.0136283082843329,0.0002746269881096,0.0012231655601926,0.0031845683841194,0.0046118492158859,0.0024476810608657,4.932375050331004e-05,0.0002196838458246,0.0005719571026876,0.0008283006038445
508,508,0.02,5580,100000.0,17.15,2.43,0.81,2.212992245664049,,0.558,18351.0,10.74798163648336,5580.0,0.1637267516234715,0.0163123149874765,0.0063608982808885,9.569010467166024e-05,1.5263651098138929e-06,65390720276364.766,1317702548632.86,5783592055789.218,15148817923128.797,21990775096228.258,3.408117454643292,36.6303838174845,222859255145575.7,4490885056023.6,19711161035871.51,51628950781028.38,74947144446590.53,0.013341821007613,0.0002688539210278,0.0011800397619611,0.0030908486151108,0.0044868290777735,0.002389452769687,4.815037961269512e-05,0.0002113391624689,0.000553555378973,0.0008035684304924
509,509,0.02,5590,100000.0,17.15,2.43,0.81,2.2114172870486306,,0.5589999999999999,18422.0,10.566406188532785,5590.0,0.1849931491533425,0.0167638504390476,0.0069296135350727,0.0001293918649646,5.796275739973333e-06,64286015251033.45,1295441398714.1191,5601981844560.201,14763880919981.031,21484002163473.293,3.021733521259426,31.92886377913256,194255207232242.47,3914478699321.6514,16927696325194.271,44612513879789.13,64918929508177.28,0.0131169013169632,0.0002643215156902,0.0011430268736921,0.0030124183047676,0.0043835900416486,0.0023424092073805,4.72023946128944e-05,0.0002041211265161,0.0005379560464058,0.0007828191603195
510,510,0.02,5600,100000.0,17.15,2.43,0.81,2.209846833822088,,0.56,18224.0,10.147007968069296,5600.0,0.1848298922504909,0.0172601309215607,0.0064253631966808,2.6514403916566e-05,1.9676808268845496e-05,61734396477733.6,1244023176885.2957,5299057394093.898,14053984523393.729,20501372489028.25,3.029812944115443,30.74353608569889,187043673545392.1,3769157524106.684,16055152684236.34,42580944225376.42,62115323739390.02,0.012596093647512,0.0002538266076898,0.0010812031377616,0.0028675311540658,0.0041830360788813,0.0022430600702603,4.520038866106501e-05,0.0001925361666894,0.0005106380447705,0.0007448977011099
511,511,0.02,5610,100000.0,17.15,2.43,0.81,2.2349216867099795,,0.561,18358.0,10.342530448479817,5610.0,0.1854544093539516,0.0177751441701271,0.0063401562702949,0.0001271303201402,-1.6017896559540777e-05,62923955248551.2,1267994232983.6255,5319039786814.476,14198509723157.557,20764016148229.727,3.0250022199757765,31.286177566818505,190345104316523.7,3835685369691.9487,16090107163253.268,42950523432899.25,62811194944007.79,0.0128374142381665,0.0002586895111109,0.001085162508029,0.0028967052398538,0.0042361653123981,0.0022797254229762,4.593924011454521e-05,0.0001927080104854,0.0005144098691253,0.0007522771782102
512,512,0.02,5620,100000.0,17.15,2.43,0.81,2.233331680238201,,0.562,18296.0,10.63136101232491,5620.0,0.2052633296661952,0.0163248188856978,0.0068310784245795,6.377998616718742e-05,-2.96724228516942e-05,64681200398984.75,1303404860111.034,5383163398316.614,14465216944122.63,21207787989057.52,2.737946426738472,29.10809689506168,177093661509555.3,3568652679334.563,14738812990970.3,39604989044157.35,58065787343667.11,0.0131955616567664,0.0002659066172122,0.0010982150005374,0.0029510377186454,0.0043265844215474,0.0023366894767467,4.7087135083687696e-05,0.0001944735284265,0.0005225741019599,0.000766157936362
513,513,0.02,5630,100000.0,17.15,2.43,0.81,2.231746192339633,,0.5630000000000001,18307.0,10.8161976916533,5630.0,0.1686141816626332,0.0162176163348443,0.005966449977593,0.0001073999500835,-4.124234572537602e-05,65805746756018.67,1326065836996.6946,5390868800715.935,14584644849919.145,21438045903398.293,3.3389836753260904,36.115107521530106,219724314160989.2,4427712182139.592,18000022921415.246,48697891064308.76,71581285302338.27,0.0134245303462588,0.0002705206148013,0.0010997501795128,0.0029753025689848,0.0043734128397887,0.0023705154792676,4.776877017722179e-05,0.0001941948624362,0.0005253815674265,0.0007722611194987
514,514,0.02,5640,100000.0,17.15,2.43,0.81,2.2301652025855385,,0.564,18441.0,10.960757701712645,5640.0,0.2036109989248871,0.0151043036995034,0.0064892113990546,4.001354224072073e-05,-4.379151364873714e-07,66685249857219.72,1343788894229.97,5375884448854.591,14653137482710.396,21584257510949.844,2.76998788365093,30.36116602937764,184717334122733.6,3722278955201.699,14891134787234.68,40589013284579.09,59788131782932.66,0.0136034083347651,0.0002741252238399,0.0010966495810522,0.0029891559676173,0.0044030646830122,0.0023953465348594,4.8269146149534655e-05,0.0001931027658131,0.0005263434143109,0.0007753105303956
515,515,0.02,5650,100000.0,17.15,2.43,0.81,2.228588690674746,,0.565,18422.0,10.9203999332437,5650.0,0.1881261244161578,0.0150247281087602,0.0071252033229122,8.250061151732362e-05,-2.119751454474728e-05,66439713193854.67,1338841031815.6775,5269376702086.894,14477379550010.123,21364989489275.543,3.003304308497587,32.79728417002757,199538676890447.7,4020947039245.381,15825541752474.371,43479976378300.26,64165564984146.9,0.0135520907861437,0.0002730911128174,0.0010748251011366,0.0029530344514693,0.0043579399019809,0.0023797609552702,4.795507776399209e-05,0.0001887403832952,0.0005185558596139,0.0007652586887
516,516,0.02,5660,100000.0,17.15,2.43,0.81,2.227016636432704,,0.5660000000000001,18336.0,10.7571189613264,5660.0,0.2049446304718003,0.0152864554025204,0.0063585257027755,5.207272716109144e-05,4.913365066049863e-06,65446311760709.82,1318822784658.6167,5105172312591.473,14140931375213.156,20907837742168.76,2.7617215376515056,29.70816711857451,180744488749407.3,3642221288737.2354,14099064329106.016,39053314741378.1,57741625798270.48,0.0133481618021721,0.0002689816957505,0.001041230043728,0.002884126468729,0.0042642769868595,0.0023375519419636,4.710451480682827e-05,0.0001823419094568,0.0005050729477035,0.0007467671653547
517,517,0.02,5670,100000.0,17.15,2.43,0.81,2.225449019810519,,0.5670000000000001,18358.0,10.55365968468127,5670.0,0.1695455623257658,0.0160605425694775,0.0064276899463036,6.878252135052038e-05,7.81172237963244e-06,64208465521600.84,1293878677341.9236,4924811990544.978,13755756783433.14,20377289033553.66,3.3442337989983075,35.293905420636925,214728120579155.03,4327032804570.087,16469722712492.646,46002466765957.36,68146418717967.71,0.0130949180277082,0.0002638785256734,0.0010043848391979,0.002805401219681,0.0041558216249776,0.0022868013584231,4.608182882029513e-05,0.0001753984721246,0.000489914889617,0.0007257424992851
518,518,0.02,5680,100000.0,17.15,2.43,0.81,2.2238858208837056,,0.5680000000000001,18372.0,10.253739550275272,5680.0,0.1880248692232271,0.0174244264927842,0.0069486223129043,6.5131619265654e-05,-2.277383337703294e-05,62383751423874.75,1257108468863.7483,4709409847387.385,13250468671680.633,19666934977868.26,3.0208769847655543,30.97528581520688,188453638899718.6,3797570040944.362,14226547819800.812,40028035847637.02,59411391235522.88,0.0127213736164429,0.0002563511514424,0.000960348821835,0.0027020523568723,0.0040105062942399,0.0022154973000072,4.464496531572838e-05,0.0001672500380847,0.00047057730412,0.0006984517658585
519,519,0.02,5690,100000.0,17.15,2.43,0.81,2.249638276094136,,0.569,18345.0,9.973430078143684,5690.0,0.1694420310632267,0.0166803113179987,0.0065253639824164,1.5263307637747775e-05,2.3588250037517185e-05,60678348595426.17,1222742527580.4158,4513629519617.435,12776994385600.314,19001622312540.89,3.3580806157102745,33.491582217556115,203762786211611.4,4106067979872.38,15157131796324.986,42906177173323.43,63808979554791.41,0.0123716040011715,0.0002493028682681,0.0009202761498508,0.0026050793820673,0.0038742080506835,0.0021487884793552,4.3300701441314506e-05,0.0001598401297388,0.0004524687795909,0.0006729001045576
520,520,0.02,5700,100000.0,17.15,2.43,0.81,2.2480551056091693,,0.57,18555.0,10.495468899431788,5700.0,0.1706450456367747,0.0173924890985105,0.0063678050179741,6.991915609455616e-05,-4.3479765608924485e-06,63854432784142.99,1286744487070.3372,4679339462135.715,13328714944037.088,19861868764292.32,3.340266914125765,35.05766751300796,213290849149140.4,4298070037094.776,15630242785334.982,44521465535380.74,66343943086073.63,0.0130181421591353,0.0002623313985387,0.0009539871184019,0.0027173541189634,0.0040492824044606,0.0022548345021926,4.543765778580161e-05,0.0001652373313276,0.0004706649956049,0.0007013644161423
521,521,0.02,5710,100000.0,17.15,2.43,0.81,2.246476367622929,,0.5710000000000001,18328.0,10.60055886327151,5710.0,0.1895789958362002,0.0167988825586185,0.0060647211782865,1.334281867803804e-05,-2.8519467933007703e-05,64493800124143.87,1299628516637.0872,4654940018060.007,13343936617046.326,19927915491639.043,3.011937042294257,31.928215909308165,194251265592230.88,3914399270481.181,14020386270052.832,40191096986908.55,60021626844977.2,0.0131467781482444,0.0002649235701799,0.000948889096208,0.0027201029244804,0.0040622181267229,0.0022709404401521,4.576221202541892e-05,0.0001639086472365,0.0004698635409317,0.0007016970482555
522,522,0.02,5720,100000.0,17.15,2.43,0.81,2.244902042382723,,0.5720000000000001,18498.0,10.802063142587054,5720.0,0.1861150308868673,0.0167779063101528,0.0064756194084434,0.0001612595717866,1.8433604990993115e-05,65719752159499.63,1324332941281.1729,4670817417430.785,13477104491281.22,20176999729910.77,3.0733681061348475,33.198716342881816,201980990230092.97,4070162623637.311,14355141280310.912,41420103106550.414,62011347447399.2,0.0133948488552556,0.0002699224966558,0.0009519952720627,0.0027468724658162,0.0041124297163926,0.0023075512603273,4.649996458187494e-05,0.0001640016930099,0.000473207953964,0.0007084546065143
523,523,0.02,5730,100000.0,17.15,2.43,0.81,2.243332110257481,,0.5730000000000001,18505.0,10.801167422478178,5730.0,0.1893252337467856,0.0156534711891978,0.00638455649398,4.297601650448678e-05,-3.450763798872466e-06,65714302598357.234,1324223125995.8247,4597828538771.527,13355512122830.389,20045615156915.76,3.026537924502778,32.69014283303413,198886828996179.7,4007811511329.984,13915502442953.22,40420963940902.77,60668814492393.25,0.0133912123249604,0.0002698492161472,0.000936942123129,0.0027215764525191,0.0040848807358021,0.0023008403976876,4.636473253722994e-05,0.0001609827575635,0.0004676136032642,0.00070185270673
524,524,0.02,5740,100000.0,17.15,2.43,0.81,2.241766551736876,,0.574,18205.0,10.528083860459471,5740.0,0.1896857683896087,0.0162523515494222,0.0063617758645637,9.308360342966456e-05,-9.140177248482765e-06,64052862207035.42,1290743081292.331,4410816642640.7,12900418728630.104,19412374232532.41,3.026057278166603,31.85858479109173,193827629869002.1,3905862495387.845,13347383804121.27,39037405985167.88,58742956332848.55,0.013050684074364,0.0002629871577115,0.0008986979274554,0.0026284428744211,0.0039552450040909,0.0022363498747293,4.506517005947032e-05,0.0001539998199352,0.0004504068797812,0.0006777661323361
525,525,0.02,5750,100000.0,17.15,2.43,0.81,2.2402053474302512,,0.575,18344.0,10.421097806827897,5750.0,0.172352534966194,0.0171259333016392,0.0061910687470561,1.233730338658507e-05,-6.1612582250252816e-06,63401959056740.914,1277626591117.1,4295947186718.291,12653089500325.451,19089959095519.85,3.3361853372959254,34.76671370166595,211520686160935.6,4262399099824.245,14332076014127.242,42213051662478.8,63687641624052.31,0.0129160368905876,0.0002602738531863,0.0008751561177157,0.0025776454418364,0.0038889431744038,0.0022073201057232,4.448018490494194e-05,0.0001495621072194,0.0004405134994107,0.0006646111753623
526,526,0.02,5760,100000.0,17.15,2.43,0.81,2.238648478065668,,0.5760000000000001,18537.0,10.2498703121512,5760.0,0.1722284219249559,0.016473471636134,0.0063844639898887,2.076797505414903e-05,1.5157264042487143e-05,62360210979127.91,1256634100269.7373,4156465175345.085,12330862751277.824,18653203909563.164,3.3443957365583783,34.279622572234764,208557223729476.3,4202681727355.983,13900864411577.477,41239284813460.07,62383695628297.12,0.0127011627563382,0.0002559438780287,0.0008465644976855,0.0025114779483743,0.0037991753886436,0.0021648867041526,4.362510025133351e-05,0.0001442951531608,0.0004280761787336,0.0006475615219964
527,527,0.02,5770,100000.0,17.15,2.43,0.81,2.237095924489215,,0.5770000000000001,18197.0,9.687844611239148,5770.0,0.1721805436536669,0.0152809196830931,0.0060031432630834,3.681206932725615e-05,2.4431458235427868e-05,58940846614778.97,1187729749337.9194,3863437712848.026,11546674124591.049,17514061123574.377,3.35113357035629,32.46526130111879,197518649756006.7,3980241035517.163,12946895816505.545,38694447284881.39,58691958184482.1,0.0120021382069169,0.0002418576831308,0.0007867127136207,0.0023512519183737,0.0035663923109788,0.0020403299171895,4.111512949497608e-05,0.0001337389603553,0.0003997062481035,0.0006062767152882
528,528,0.02,5780,100000.0,17.15,2.43,0.81,2.2635342908510423,,0.5780000000000001,18400.0,9.88170498466708,5780.0,0.1921878903449396,0.0150032864155967,0.0065015195916194,-2.7908336433532943e-05,-4.369033556630473e-06,60120293126714.51,1211497031120.1838,3874326462106.178,11667511678424.414,17745859797433.5,3.0074735664281613,29.71896653262764,180810192384506.56,3643545296900.148,11651934422497.469,35089732958853.293,53370204254321.45,0.0122395861076372,0.0002466425471394,0.0007887545099306,0.0023753296336887,0.0036127897544835,0.0020752245603877,4.181829899795253e-05,0.000133733503464,0.0004027376703344,0.0006125493104169
529,529,0.02,5790,100000.0,17.15,2.43,0.81,2.261961369260056,,0.579,18343.0,10.203990602722037,5790.0,0.1921000492038729,0.016268296897086,0.0064241551605081,2.9088621393159035e-05,-6.715164240499384e-06,62081078826960.87,1251009247893.7217,3932097632042.482,11937770919331.24,18202089937046.95,3.01405440758381,30.75538285107813,187115749265959.3,3770609937542.179,11851556198907.506,35981091056136.16,54862089401993.27,0.0126364510281067,0.0002546398579957,0.0008003688096905,0.0024299039330059,0.0037049906742084,0.0021368951819826,4.306103703337883e-05,0.0001353468825568,0.000410910468103,0.0006265348319236
530,530,0.02,5800,100000.0,17.15,2.43,0.81,2.2603927798662564,,0.58,18320.0,10.38672210958374,5800.0,0.1909285081301277,0.0155294905043413,0.0059587671667486,1.703211080090696e-05,2.421842292818031e-05,63192817314707.48,1273412130634.9666,3932697220233.207,12047413248384.293,18403315798103.64,3.037786267123083,31.552641784917185,191966272619436.1,3868353882830.847,11946693608377.56,36597466520298.5,55905340001008.5,0.0128591200754809,0.0002591269101337,0.0008002654087036,0.0024515307299625,0.0037448947157437,0.0021690774302678,4.370954847975583e-05,0.0001349888348544,0.0004135244048392,0.0006316891481663
531,531,0.02,5810,100000.0,17.15,2.43,0.81,2.25882850366865,,0.581,18347.0,10.472461162622755,5810.0,0.1904109634997439,0.0161578077763073,0.0059446099281311,0.0001005342261597,-1.903238656607012e-05,63714453713396.84,1283923738537.5498,3894768248538.09,12041863700694.96,18429465225071.04,3.051294890384719,31.954567235263227,194411587059341.47,3917629943043.272,11884086455996.914,36743277180639.76,56233733073782.13,0.012962711846587,0.0002612144103207,0.000792390981521,0.0024499183489846,0.0037494765045605,0.0021808143412798,4.394606151231179e-05,0.0001333098842937,0.000412168158458,0.0006308025843828
532,532,0.02,5820,100000.0,17.15,2.43,0.81,2.2572685217816804,,0.5820000000000001,18454.0,10.49811311061242,5820.0,0.2098054282314478,0.0161064618099231,0.006414940312864,2.880244634763712e-05,-3.3073979334309435e-05,63870520164965.95,1287068667361.0825,3834288520350.082,11966105589158.602,18348535506378.24,2.773998770698935,29.121752863497225,177176744421517.1,3570326901064.76,10636311641956.168,33193962194379.62,50898814938819.01,0.0129912196564444,0.0002617888773635,0.0007798916349106,0.0024338976062737,0.0037320794401198,0.0021800077193887,4.3929807100107605e-05,0.0001308706826112,0.0004084232050719,0.0006262662170289
533,533,0.02,5830,100000.0,17.15,2.43,0.81,2.25571281543406,,0.5830000000000001,18347.0,10.306680107928356,5830.0,0.1907538589239266,0.0162693295419134,0.0070353407355343,0.000123957821274,2.6485823335508804e-05,62705841776636.125,1263598981232.0166,3706470782096.912,11644568807466.582,17890176956400.895,3.056294657884236,31.50025135438316,191647529240067.2,3861930816047.376,11328066850926.797,35589233439625.52,54677652260451.71,0.0127516394211894,0.0002569610442205,0.000753734861049,0.0023679985538981,0.0036380834586658,0.0021342019705199,4.300676554663891e-05,0.0001261502441033,0.0003963245048726,0.0006088946393432
534,534,0.02,5840,100000.0,17.15,2.43,0.81,2.2541613659679136,,0.584,18528.0,10.182866578822726,5840.0,0.2138854225322575,0.01704374584956,0.0069242541654921,7.327557225663983e-05,-1.5600434684989907e-05,61952560265557.47,1248419442563.6665,3604741194746.753,11402589709570.152,17552977052566.498,2.730433860736456,27.803643706179155,169157368308394.03,3408726718377.5654,9842507417328.12,31134017043095.41,47927242901057.56,0.0125939791497312,0.0002537839979876,0.0007327870753399,0.00231796678684,0.0035682436055614,0.0021026170566463,4.2370291115195104e-05,0.0001223418416992,0.0003869941695793,0.000595733070392
535,535,0.02,5850,100000.0,17.15,2.43,0.81,2.252614154837579,,0.585,18142.0,9.654148658533606,5850.0,0.1924262141528743,0.0158106815514982,0.0063341021891648,0.0001376241258562,2.1391912801402307e-05,58735840438518.45,1183598625536.22,3363340903263.0005,10713748293548.014,16525649100080.137,3.040126328813198,29.349831519084628,178564374962110.88,3598289344239.775,10224981232784.21,32571148267492.785,50240060929881.74,0.0119373943474362,0.000240553015614,0.0006835609465593,0.0021774480004781,0.0033586510158394,0.0019878076705068,4.0056742341244855e-05,0.000113826154459,0.0003625873211108,0.0005592805312052
536,536,0.02,5860,100000.0,17.15,2.43,0.81,2.251071163609536,,0.586,18292.0,9.3076970173765,5860.0,0.193974443863226,0.0156352099076816,0.0060643764516913,9.514276494951208e-05,9.82807429643493e-06,56628028653718.63,1141123654330.359,3190355491072.6245,10235952418320.764,15823045419120.504,3.0210165232549726,28.118706482945427,171074210242240.03,3447353414809.11,9638116653587.63,30922981386998.72,47801681659376.95,0.0115058172838294,0.0002318562128529,0.0006482240018491,0.0020797651101604,0.0032149639285417,0.0019110688809824,3.851036239455037e-05,0.0001076673379457,0.0003454404223302,0.0005339922724092
537,537,0.02,5870,100000.0,17.15,2.43,0.81,2.278229842317157,,0.5870000000000001,18177.0,9.48227432857719,5870.0,0.175694832987574,0.0166130801906517,0.0063676706466764,2.0009803616442323e-05,9.640875043858085e-06,57690157015063.625,1162526832683.5637,3196926253299.4097,10332870859364.225,16014318423866.178,3.3410202794154764,31.68047082675716,192743984509990.56,3884025723360.428,10680995444069.066,34522331085717.098,53504162615153.78,0.0117182955666345,0.0002361379086899,0.0006493746711612,0.0020988612450868,0.0032529035506016,0.0019414816677064,3.912321703826629e-05,0.000107588088418,0.0003477383385002,0.0005389395219124
538,538,0.02,5880,100000.0,17.15,2.43,0.81,2.2766660734228883,,0.5880000000000001,18285.0,9.810911702005068,5880.0,0.1943090131226199,0.0158775327016834,0.0061000072311424,5.5607942890092783e-05,-2.6618475019561576e-05,59689586794998.84,1202817774665.8213,3252611105690.4497,10592623904698.182,16460179494060.398,3.02610769593554,29.688875405581584,180627117967558.4,3639856124724.3022,9842751498815.275,32054420718157.938,49810275843456.53,0.0121203417593693,0.0002442396284843,0.0006604629103344,0.0021508981506999,0.0033423417986416,0.0020031810424734,4.036653448508331e-05,0.0001091575474937,0.0003554881937584,0.0005524032128326
539,539,0.02,5890,100000.0,17.15,2.43,0.81,2.2751065423809465,,0.589,18306.0,9.92159369198022,5890.0,0.1936513083765021,0.0143414536196231,0.0060226465307038,3.8417004561726575e-05,-2.502135190284737e-05,60362976022007.66,1216387386636.775,3233569268943.03,10612650730170.855,16535479410703.82,3.041549292581335,30.17701627512188,183596967017841.44,3699702195329.941,9835060322466.416,32278900320763.96,50293475704119.43,0.0122534286739196,0.0002469214916868,0.0006564008769999,0.0021543231850589,0.0033566323415574,0.002020115693176,4.070778829444094e-05,0.0001082150757905,0.000355164435206,0.0005533786379182
540,540,0.02,5900,100000.0,17.15,2.43,0.81,2.273551230893544,,0.59,18158.0,9.795751408590364,5900.0,0.1766961829980573,0.0154512811790641,0.0065911415394848,9.574297063616495e-05,7.25206934512813e-06,59597351569863.766,1200959122693.1785,3137526431368.3105,10379830933993.123,16216753051000.744,3.3390647720244564,32.70864844393303,198999417132888.53,4010080299226.1895,10476403978277.535,34658927811266.15,54148788829216.71,0.0120943253595578,0.0002437153663842,0.0006367106001463,0.0021064199865618,0.003290929588448,0.0019889319551423,4.007939804412483e-05,0.0001047081189864,0.0003464042761932,0.0005411988536768
541,541,0.02,5910,100000.0,17.15,2.43,0.81,2.272000120772465,,0.591,18191.0,9.637079363743233,5910.0,0.1940567373640078,0.0162686715309703,0.0063182602403085,-7.629224121628795e-06,-2.7202311557223005e-05,58631990849013.82,1181505929994.9202,3032566705362.273,10115076420987.623,15846843144702.834,3.045501063389588,29.349735450249863,178563790479320.22,3598277566200.634,9235685125980.662,30805475996384.76,48261577648560.49,0.0118947150132676,0.0002396929751194,0.0006152190331025,0.0020520529769303,0.0032148606986857,0.0019511899874377,3.9318851489131054e-05,0.0001009195441952,0.0003366154815657,0.0005273605966419
542,542,0.02,5920,100000.0,17.15,2.43,0.81,2.270453193937367,,0.5920000000000001,18156.0,9.314407976447471,5920.0,0.1964052371167781,0.0169629352036907,0.0070107146602529,7.00038286103167e-05,1.084825638175779e-05,56668858128706.414,1141946417912.46,2878704195278.0835,9683014190906.234,15212614846912.146,3.014176244434919,28.07526725358309,170809925970799.53,3442027765289.287,8676921800162.339,29186311348755.777,45853502287300.55,0.0114917179479002,0.0002315720940849,0.0005837643065339,0.0019635911440933,0.0030849232690325,0.0018805496123576,3.7895362011019376e-05,9.552947134080491e-05,0.0003213297247282,0.0005048288936461
543,543,0.02,5930,100000.0,17.15,2.43,0.81,2.2689104324157943,,0.5930000000000001,18337.0,8.963827841912963,5930.0,0.1760741375910584,0.0164961955393137,0.0059653259603718,-2.0157137529284826e-05,3.797467150358332e-05,54535928590198.46,1098965293418.5292,2719998332321.027,9228688790437.102,14540296170382.846,3.367899500250709,30.18927130911206,183671526644637.7,3701204662497.138,9160681024106.748,31081296365282.43,48970256205729.69,0.0110555881500676,0.0002227835481916,0.0005514012891753,0.0018708507413323,0.002947626091557,0.0018047467851234,3.636784284288792e-05,9.001237115965548e-05,0.0003054031875133,0.0004811791684236
544,544,0.02,5940,100000.0,17.15,2.43,0.81,2.26737181834206,,0.594,17880.0,8.16039739753846,5940.0,0.2168838640800459,0.0158238910123682,0.0067844612147632,1.7878433235639804e-05,-7.465007605256786e-06,49647857766623.99,1000464720938.2152,2430361693000.653,8319702501705.663,13146245900974.797,2.7387929596310165,22.349638940169605,135975203311991.86,2740065734064.793,6656257494147.105,22785942637896.023,36004845719167.875,0.0100613277757056,0.0002027479923243,0.0004925220685601,0.001686019450416,0.0026641368828335,0.0016384404201262,3.3016567308921726e-05,8.020492751281776e-05,0.00027456042366,0.0004338422970498
545,545,0.02,5950,100000.0,17.15,2.43,0.81,2.295312739726749,,0.595,17658.0,7.674578360403176,5950.0,0.1769230212094044,0.0176943763653062,0.006376432819818,8.34420977062036e-05,-4.036871262492165e-07,46692134744692.93,940903306985.4294,2242559911078.2783,7751642373264.979,12278206866575.318,3.363044537294916,25.80994883099567,157027728687777.7,3164299726680.07,7541828858508.376,26069118538472.586,41292156530413.05,0.0094586840537612,0.0001906039883285,0.0004542877678757,0.0015702930805663,0.002487264292641,0.0015366103886664,3.096456831862325e-05,7.38013131207587e-05,0.0002551019409396,0.0004040684866634
546,546,0.02,5960,100000.0,17.15,2.43,0.81,2.293752886612021,,0.596,17133.0,7.809256852315364,5960.0,0.1952257626662685,0.0149173589865034,0.0063496222062169,4.009184357591298e-05,2.268318222815613e-05,47511518689486.67,957414890093.8636,2238043988666.856,7817140501421.132,12406780528183.748,3.0528757673178646,23.84069100519456,145046764075603.7,2922868717236.8525,6832470259192.463,23864758806507.6,37876359624923.3,0.0096208848859649,0.0001938725323831,0.0004531945974072,0.0015829384321118,0.0025123214445574,0.0015592372645954,3.142052738977597e-05,7.344832754641647e-05,0.0002565436152873,0.000407166831682
547,547,0.02,5970,100000.0,17.15,2.43,0.81,2.2921972003649644,,0.597,16672.0,7.282464848260481,5970.0,0.197294250021514,0.0157285581206658,0.0064191210001337,7.854025629882342e-05,1.1757262618523948e-06,44306516136816.766,892830190396.735,2049553706121.461,7224041907243.785,11488820853766.531,3.025937146849946,22.03628090498034,134068733025900.4,2701648038950.5903,6201820693816.905,21859496757529.7,34764449794916.457,0.008968291841058,0.000180721988776,0.0004148598757722,0.0014622525475967,0.0023255066592923,0.0014500127188589,2.921951994281752e-05,6.707543722651272e-05,0.0002364201377225,0.0003759929196692
548,548,0.02,5980,100000.0,17.15,2.43,0.81,2.290645663241448,,0.5980000000000001,16420.0,6.514133755749065,5980.0,0.1785402700679697,0.0163228702331786,0.0063695590239534,1.821711737826909e-05,1.2043403465840085e-05,39631989769977.32,798632798454.8354,1803207474505.6184,6403039424022.893,10204219588930.67,3.3493844261148675,21.81833815113507,132742769311505.78,2674928257329.16,6039635032163.04,21446240526621.79,34177854171820.64,0.008019208404309,0.0001615968031506,0.0003648642578431,0.001295602563996,0.0020647402253054,0.0012934342584577,2.606427351855969e-05,5.884969026711416e-05,0.0002089703443444,0.0003330261052687
549,549,0.02,5990,100000.0,17.15,2.43,0.81,2.2890982576018,,0.599,5286.0,1.5310784424627262,5990.0,0.1940179743869521,0.0166749976523449,0.006194909759104,0.0001240227961509,1.6574432471516929e-06,9315081243943.229,187710217045.93024,416747962118.4899,1491138283951.5645,2381358148412.7803,3.087342819100596,4.726964034817023,28758849187826.77,579525790668.567,1286643828221.3271,4603655073243.849,7352068979208.888,0.0018839593766736,3.796407290930097e-05,8.428656824150202e-05,0.0003015801879123,0.0004816256450621,0.0003031527692411,6.108897026457871e-06,1.3562769393341432e-05,4.852804696635292e-05,7.749962650253862e-05
550,550,0.02,6000,100000.0,17.15,2.43,0.81,2.287554965910078,,0.6,6318.0,1.2649962329679465,6000.0,0.1938088807510212,0.0156747538693833,0.0062153791583322,-2.072085459482044e-05,-5.948206954067093e-06,7696237081376.986,155088538161.87024,338475343449.84296,1220571803450.5884,1953432600033.1765,3.095833367774292,3.91621754813095,23826267562828.69,480128271400.8544,1047863262420.8872,3778686916886.776,6047501824880.798,0.0015559681401999,3.135465055695584e-05,6.84304349102742e-05,0.0002467661558388,0.0003949305170229,0.0002497659192107,5.033087063649088e-06,1.098453755946501e-05,3.961120677912456e-05,6.339473223144099e-05
551,551,0.02,6010,100000.0,17.15,2.43,0.81,2.286015770733267,,0.601,7349.0,1.0494106067715756,6010.0,0.1778620128516195,0.0156014593387838,0.0059253861354085,0.0001922365607445,-2.110538782553273e-05,6384614131598.266,128657740390.19518,275940468806.58203,1003078950198.854,1608844327776.6458,3.3790239431360827,3.545983566462118,21573764018355.53,434737585248.2557,932409450977.636,3389427789577.7344,5436323504335.962,0.0012902402270138,2.599990990004966e-05,5.576366649211997e-05,0.0002027080706431,0.0003251246869293,0.0002066321816012,4.163889787034469e-06,8.930560232198768e-06,3.2463730387733175e-05,5.206877133890683e-05
552,552,0.02,6020,100000.0,17.15,2.43,0.81,2.2844806547404937,,0.602,8238.0,0.8831262951436644,6020.0,0.1969322219556488,0.0167480288295054,0.0062402303835594,0.0001565519107858,-4.862242671623706e-05,5372940379654.055,108271283784.61324,228134354667.8001,836159776166.3481,1344661514072.2778,3.056889289227522,2.6996193126598507,16424483898222.535,330973327732.09766,697381465288.8309,2556047863845.7915,4110481380004.009,0.0010853735423146,2.187159702297372e-05,4.6084820443399824e-05,0.0001689104352684,0.0002716315327579,0.0001734151966605,3.494527138492057e-06,7.363186855666481e-06,2.698760860489584e-05,4.339983778486587e-05
553,553,0.02,6030,100000.0,17.15,2.43,0.81,2.313243484334953,,0.6030000000000001,8959.0,1.1255456655148277,6030.0,0.1993348367668659,0.0163176362029794,0.0069667900758737,-4.849636562806589e-05,-1.2219508673200235e-06,6847819828992.21,137991898592.11786,285555057489.29443,1055520913104.9578,1702260551142.344,3.025060796097798,3.40484406696671,20715071303425.465,417433882610.1187,863821409538.3176,3193014933695.158,5149441658004.536,0.0013826308158798,2.7861692640840485e-05,5.765590099836998e-05,0.0002131183030087,0.0003437003241092,0.0002204114421587,4.441558647051351e-06,9.1911883794696e-06,3.397415418279238e-05,5.479082574846569e-05
554,554,0.02,6040,100000.0,17.15,2.43,0.81,2.3116866502588485,,0.604,9163.0,1.3747932556881983,6040.0,0.1781695762656454,0.0171857525025509,0.0063341271082874,0.0001643226067173,-2.910913850423067e-05,8364242167607.0,168549653147.37314,342435525606.3483,1276844752549.6885,2065157598648.044,3.390028829049098,4.66058877076526,28355022081335.848,571388183295.821,1160866303896.1013,4328540521363.5054,7000943795946.675,0.00168804810973,3.401622259252301e-05,6.910938613696398e-05,0.000257689259561,0.0004167843674102,0.0002684839687101,5.410278527918865e-06,1.0991844461197048e-05,4.0985464041063904e-05,6.628953310847043e-05
555,555,0.02,6050,100000.0,17.15,2.43,0.81,2.310133916227808,,0.605,9512.0,1.6135235212828285,6050.0,0.1793587900410784,0.0164940901434336,0.0063480295567908,9.96121918241886e-05,-3.680604949712818e-05,9816677103484.729,197817983709.27475,394440795727.61816,1483993198262.012,2407264789135.684,3.373127126144401,5.442619958311142,33112899826364.984,667265206888.9458,1330498947726.8113,5005697712071.379,8120010160045.856,0.001980267768546,3.990480414591515e-05,7.956851245537971e-05,0.0002993583132337,0.0004856051413353,0.0003142307017522,6.3321308407004e-06,1.26260043734343e-05,4.750245110128446e-05,7.70562682279707e-05
556,556,0.02,6060,100000.0,17.15,2.43,0.81,2.308585265019038,,0.606,9408.0,1.7067851071494844,6060.0,0.1966533991399046,0.0169299452311454,0.0061863471094155,-0.0001224912626151,-4.335579451063825e-05,10384080591897.465,209251854136.5268,409350367300.73474,1554352358038.4946,2528947133780.4585,3.0815638206633533,5.259567235838876,31999207062843.723,644822943113.8461,1261439281849.1992,4789835991094.196,7793111991828.146,0.0020938542034853,4.2193708965697565e-05,8.25417310358428e-05,0.0003134208358432,0.0005099388953693,0.0003314727693242,6.679579473890873e-06,1.3066972918040125e-05,4.961686073841801e-05,8.072713828539694e-05
557,557,0.02,6070,100000.0,17.15,2.43,0.81,2.3070406795100484,,0.607,9200.0,1.723394016356956,6070.0,0.2007773025998176,0.0159522772316684,0.0060530331056526,2.788042070709173e-06,1.915136622175853e-05,10485129195515.72,211288106405.3628,405367941715.2827,1553912337799.7708,2535929259389.277,3.023250099190004,5.210251130894626,31699167880362.902,638776788647.6812,1225528669999.176,4697865629385.727,7666748384987.463,0.0021131298894562,4.2582137483126303e-05,8.169619066136879e-05,0.0003131691126899,0.0005110807712177,0.0003337788712942,6.72605023351063e-06,1.290430013036738e-05,4.946654414357473e-05,8.072762768083927e-05
558,558,0.02,6080,100000.0,17.15,2.43,0.81,2.30550014267716,,0.6080000000000001,9222.0,1.7404036740341366,6080.0,0.2012187936361442,0.0158929461339162,0.0064080391101177,0.000130834697122,3.4257343402273266e-05,10588615952823.688,213373490436.5852,401324386669.04144,1553530014850.3867,2543157216290.027,3.021586547722882,5.258780329069027,31994419522055.96,644726468343.8627,1212636368032.3118,4694125394355.657,7684369633486.317,0.0021329633742178,4.298180632464015e-05,8.084250309571774e-05,0.0003129419970643,0.0005122918067283,0.0003361497396109,6.7738261137910886e-06,1.2740578058490762e-05,4.931888287349996e-05,8.073591863700375e-05
559,559,0.02,6090,100000.0,17.15,2.43,0.81,2.3039636375958352,,0.609,9454.0,1.7639577372504889,6090.0,0.197840642029405,0.016788283088115,0.0059248767333064,3.3514534860180774e-05,-2.4187569345647587e-05,10731918873431.977,216261218586.91,398602430477.5775,1558623031051.5442,2559533260525.6216,3.0782350570288006,5.429876545921652,33035368905387.336,665702864529.9946,1226991975312.964,4797808054875.353,7878845012181.199,0.0021607784291349,4.354231351281084e-05,8.025512899738006e-05,0.0003138151773571,0.0005153397377694,0.0003397735946377,6.8468512002947535e-06,1.2619791691680596e-05,4.934615665579282e-05,8.103507180591163e-05
560,560,0.02,6100,100000.0,17.15,2.43,0.81,2.302431147438875,,0.61,9574.0,1.739955832705031,6100.0,0.1821689723819872,0.016215207943023,0.0062219031900889,7.781230149779919e-05,-1.925144479213041e-05,10585891286177.408,213318585089.6368,385136297979.8056,1521699909301.8523,2506909351645.7856,3.348539501671561,5.826310836976631,35447275132165.82,714305708613.335,1289644107312.928,5095472255987.284,8394484991095.756,0.0021304281061262,4.293071758893459e-05,7.750931610047528e-05,0.0003062446201482,0.0005045196476966,0.0003342423988335,6.735390877218074e-06,1.2160419622175458e-05,4.804665136264859e-05,7.91539769963906e-05
561,561,0.02,6110,100000.0,17.15,2.43,0.81,2.300902655476677,,0.611,9554.0,1.6676370144769552,6110.0,0.216476744260035,0.0155395586516692,0.0057944401403067,-0.0001193859817676,5.878122302697623e-06,10145903596077.797,204452297974.8748,361420510750.3053,1444017631004.1616,2385656155351.8013,2.822474081862844,4.706862251316338,28636549937008.6,577061312011.383,1020100024246.3678,4075702337262.229,6733452666717.017,0.0020406584143088,4.11217491114824e-05,7.269296414875372e-05,0.0002904370913062,0.000479830037903,0.0003194720001535,6.437749378505959e-06,1.1380330235994793e-05,4.546891230193513e-05,7.511902083552203e-05
562,562,0.02,6120,100000.0,17.15,2.43,0.81,2.2993781450756914,,0.612,9740.0,1.5887179380733687,6120.0,0.2028561951865413,0.0165114760381209,0.0063127823936407,0.0001377755957652,-2.5115354439217447e-05,9665759935238.377,194776819207.79492,338065501228.1133,1362982061003.3489,2256507789642.193,3.0169155023203538,4.793027776187974,29160780990327.64,587625205360.6455,1019915051454.7957,4112001709225.549,6807693331678.168,0.0019431929545938,3.915770155049317e-05,6.79642888483855e-05,0.0002740123028013,0.0004536456593374,0.0003035213856707,6.116325095862981e-06,1.06158346646019e-05,4.27999667456948e-05,7.085820211528803e-05
563,563,0.02,6130,100000.0,17.15,2.43,0.81,2.2978575996983155,,0.613,9796.0,1.4742088618901583,6130.0,0.2017776480442989,0.0149552097509664,0.0064671667510872,0.0001537151192632,-3.2669512529811047e-06,8969086715739.725,180738006467.73343,308187521115.1576,1252959482319.536,2078788223418.864,3.037997548001054,4.478642907663726,27248063450226.11,549081620479.5728,936272933472.3718,3806487835031.421,6315353525559.976,0.0018022049931146,3.631662264231706e-05,6.192571294852934e-05,0.0002517636306541,0.0004177016718211,0.0002808711561276,5.659895420981158e-06,9.65103673351969e-06,3.923701370426097e-05,6.509822796467815e-05
564,564,0.02,6140,100000.0,17.15,2.43,0.81,2.327406124820812,,0.614,9775.0,1.6671800985911749,6140.0,0.2153967069907594,0.0161627570675023,0.0062633814368784,9.170723593739704e-05,-3.7915239321108014e-05,10143123719828.703,204396280087.278,342295831416.0302,1403643379125.9563,2333845430154.624,2.850554256738664,4.752387326789059,28913524496184.63,582642686264.3385,975732839306.865,4001161609310.537,6652753025497.343,0.0020370447371853,4.104892912211136e-05,6.874331233714736e-05,0.0002818938659639,0.00046870645397,0.000316766717878,6.383234650204804e-06,1.0689796364114271e-05,4.383536261198834e-05,7.28852942510688e-05
565,565,0.02,6150,100000.0,17.15,2.43,0.81,2.325863479916027,,0.615,9677.0,1.8646715311168351,6150.0,0.1829938008813769,0.0154504348643749,0.0066997315852451,7.00607908717791e-05,2.4613945347222225e-05,11344661595314.826,228608729714.924,375872429941.9097,1555011880197.9785,2591236594972.636,3.3607695836574525,6.26673136528943,38126793626420.9,768301265384.4843,1263220629884.187,5226036629195.352,8708549132444.142,0.0022770301402048,4.588492688841472e-05,7.544278378503847e-05,0.000312112343752,0.0005200969440632,0.0003533358954292,7.120148057137286e-06,1.170675920871296e-05,4.843172363288031e-05,8.07055278697566e-05
566,566,0.02,6160,100000.0,17.15,2.43,0.81,2.324324822308006,,0.616,9729.0,2.012355296881008,6160.0,0.1985357008206847,0.0172255337360949,0.0067587464722755,0.0001068294482055,-1.9586100963158097e-05,12243169626224.053,246714759397.6116,398118552255.2112,1662085029448.6304,2775882104438.003,3.10271652631566,6.243768036451559,37987084733771.29,765485961268.9612,1235249011515.1086,5156978689012.115,8612775280543.685,0.0024560521768342,4.949243867190619e-05,7.986493422504935e-05,0.0003334240788363,0.0005568583539541,0.0003802958838727,7.663424615845646e-06,1.2366311285254033e-05,5.162748819488941e-05,8.622412093129743e-05
567,567,0.02,6170,100000.0,17.15,2.43,0.81,2.322790135550586,,0.617,9714.0,2.078653501758664,6170.0,0.1836003854705268,0.0162251248918832,0.0066778214710734,-7.26271923866286e-05,-7.877952592994124e-06,12646527904699.707,254842919315.6121,403463603789.5187,1700228163340.119,2846074121245.541,3.360559393264708,6.985438550677654,42499408142322.84,856414766313.0803,1355863403555.297,5713717725005.838,9564401122079.305,0.002535585957194,5.109514108349594e-05,8.089308430873187e-05,0.0003408899808293,0.0005706282095247,0.0003917717095601,7.894676461550515e-06,1.249873696504278e-05,5.267068552045188e-05,8.816738731908239e-05
568,568,0.02,6180,100000.0,17.15,2.43,0.81,2.3212594032918408,,0.618,9766.0,2.104074029232234,6180.0,0.2016491197473442,0.0155604374960722,0.0062698453774481,0.0001728537610988,-3.5021872352040155e-05,12801186393848.916,257959475983.87195,400531460952.56464,1704202396648.3694,2860506014428.4536,3.064729470549247,6.448417685605327,39232173199222.81,790576008255.2131,1227520572263.4695,5222919308788.915,8766677083102.252,0.0025650504824469,5.168888710519313e-05,8.02568906929768e-05,0.0003414812537852,0.000573176743671,0.0003955023926866,7.969854264198052e-06,1.2374724207525733e-05,5.2652629589128685e-05,8.837750956775142e-05
569,569,0.02,6190,100000.0,17.15,2.43,0.81,2.3197326092727617,,0.619,9935.0,2.111166508542912,6190.0,0.2213730050616504,0.0146084025700572,0.0058898587073439,0.0002167220530647,2.8707344540306453e-05,12844337037975.076,258829013947.36105,393988839305.48895,1693071875951.7395,2850228019449.537,2.7961855594254312,5.903213304730297,35915149745979.125,723733951159.9346,1101665903040.795,4734143130605.579,7969766429054.543,0.0025722565164874,5.183409745584592e-05,7.89017258213163e-05,0.0003390611094151,0.0005707976655259,0.0003957626114586,7.975097988958779e-06,1.2139673030073931e-05,5.216731272565686e-05,8.782186896021177e-05
570,570,0.02,6200,100000.0,17.15,2.43,0.81,2.3182097373270403,,0.62,9718.0,2.0037608813136014,6200.0,0.2007901891829533,0.0151724886207802,0.0065564623873569,8.497332453792937e-05,-1.0150400968396402e-06,12190881201911.951,245661084049.04755,366453449089.3454,1590920240223.723,2686315792299.9844,3.087800268144957,6.187213386618515,37643006244187.04,758552361199.4299,1131535058360.725,4912443944360.052,8294806623785.926,0.0024400086971517,4.916914304253903e-05,7.334577280098785e-05,0.0003184231851928,0.0005376669485943,0.0003746153080876,7.548954104462103e-06,1.1260799728641568e-05,4.888761247553109e-05,8.254817691073752e-05
571,571,0.02,6210,100000.0,17.15,2.43,0.81,2.3166907713798968,,0.621,9917.0,1.9571891098831813,6210.0,0.1850643481984661,0.0154957997164472,0.0063343494479566,9.878666196877732e-05,6.012766167085029e-06,11907538544529.275,239951384871.67807,350619181660.29443,1538299466481.74,2605412558044.001,3.355589588406455,6.567523399666501,39956812363571.0,805178368799.113,1176534075474.8755,5161901673577.331,8742695253275.879,0.0023819287281272,4.799876102373518e-05,7.013623330346721e-05,0.0003077142835165,0.0005211746321392,0.0003649160318755,7.353501891510135e-06,1.0745004938885977e-05,4.7142416129550215e-05,7.984494935916572e-05
572,572,0.02,6220,100000.0,17.15,2.43,0.81,2.315175695447904,,0.622,9894.0,1.846502281990648,6220.0,0.2016167051533557,0.0164203727491064,0.0064309098397577,-2.525781015926328e-05,1.205234010511578e-05,11234119883631.102,226381179772.0534,323886992746.18896,1436542943419.559,2440643122407.9795,3.085061823259576,5.696573696731036,34657954370911.625,698399935219.225,999211396371.6188,4431823792216.623,7529534921141.906,0.0022458019587154,4.525564104840703e-05,6.474793310437118e-05,0.0002871778999627,0.0004879065882869,0.000343347368339,6.918867087173158e-06,9.898928242760838e-06,4.390492929025468e-05,7.45931503147362e-05
573,573,0.02,6230,100000.0,17.15,2.43,0.81,2.313664493637853,,0.623,9754.0,1.701907530023634,6230.0,0.1865074637607904,0.0166398147003273,0.0063133834579066,6.559695381813907e-05,-1.9229966363150805e-05,10354405412663.79,208653863180.89755,292161549569.69867,1310447245130.0974,2233464114319.2573,3.340348892412389,5.68496493290275,34587326651780.33,696976700773.8773,975921508510.63,4377351003835.187,7460549380509.148,0.0020687194277275,4.168721266262249e-05,5.837131631823238e-05,0.0002618158713099,0.0004462265499836,0.0003156258365529,6.360244503844501e-06,8.905748791597214e-06,3.9945413717026855e-05,6.808106804769431e-05
574,574,0.02,6240,100000.0,17.15,2.43,0.81,2.34406794071432,,0.624,9919.0,1.6675732675826638,6240.0,0.1864890194319741,0.0150294861521132,0.0065167113346518,-7.085489544468506e-05,-2.223580682784949e-05,10145515759972.926,204444482605.6345,280033144947.4786,1270680953335.481,2172671557713.74,3.3460415090423985,5.57976937270106,33947316863513.246,684079725093.1498,937002526901.9498,4251751214610.0864,7269849217625.98,0.0020258771700656,4.082388906147983e-05,5.591758651137155e-05,0.000253732150706,0.0004338434645371,0.0003084446533396,6.215534927586366e-06,8.513586530287409e-06,3.863132791169661e-05,6.605370700657413e-05
575,575,0.02,6250,100000.0,17.15,2.43,0.81,2.3425342024549995,,0.625,9884.0,1.9438529236039903,6250.0,0.2245024679041307,0.016883899869463,0.0065111412440137,9.74576879102321e-05,1.0044150005419364e-05,11826401187206.676,238316368433.8492,319161152282.79944,1465666695609.6255,2514293159622.599,2.783933761774475,5.411557781945168,32923917545354.395,663456984066.4775,888523507286.9298,4080318997416.069,6999625614071.973,0.0023600935653263,4.755875593507804e-05,6.369225683123492e-05,0.000292490545726,0.0005017559453156,0.0003585865990068,7.22595612068456e-06,9.677239112775372e-06,4.444026778195744e-05,7.62355190512786e-05
576,576,0.02,6260,100000.0,17.15,2.43,0.81,2.341004361946401,,0.626,10059.0,2.179927965233067,6260.0,0.204171727053108,0.0159502816027665,0.0068508217631319,2.9181491903563903e-05,-3.476729461498626e-05,13262681740477.98,267259168537.574,349794541766.75385,1626242742077.859,2799077347846.215,3.066046455282069,6.6837604105730986,40663998337926.73,819429026336.2618,1072486314860.9712,4986135794776.011,8582101180424.221,0.0026448356044587,5.329665435677872e-05,6.975580628512458e-05,0.0003243042990779,0.0005581902343794,0.000401064503306,8.081937558403385e-06,1.0577813514494185e-05,4.917770405482704e-05,8.464431162538035e-05
577,577,0.02,6270,100000.0,17.15,2.43,0.81,2.3394784033737257,,0.627,10120.0,2.316086007226682,6270.0,0.2045607125837705,0.0180070886254442,0.0066305619943247,7.451969562049551e-05,1.6578131424533548e-05,14091067267967.133,283952144485.9912,364785988243.08325,1709304596123.4275,2952053554030.488,3.06510469229635,7.09904608851242,43190596402509.57,870343050451.6229,1118107244247.8357,5239197538141.636,9048353200368.965,0.0028084337637793,5.659335625235751e-05,7.270402351029824e-05,0.0003406746025014,0.0005883618831677,0.0004249788813848,8.56384136387052e-06,1.1001745877748154e-05,5.155169167760232e-05,8.903232049939495e-05
578,578,0.02,6280,100000.0,17.15,2.43,0.81,2.337956311010492,,0.628,9797.0,2.296405180464389,6280.0,0.2258032834497498,0.0149752426286209,0.0062387227251682,0.0001039014286718,6.237795907539576e-06,13971329117945.344,281539275124.93414,354887822480.52374,1678077108133.518,2905300493466.31,2.7811818783394915,6.38672047323249,38856807359146.47,783011930018.3032,987007580726.1952,4667037643597.28,8080169083559.284,0.0027828250302882,5.60773091244807e-05,7.068695519274512e-05,0.0003342412836921,0.0005786810163495,0.0004202472249761,8.4684927320971e-06,1.0674762674061865e-05,5.047531570087735e-05,8.738928557147013e-05
579,579,0.02,6290,100000.0,17.15,2.43,0.81,2.3364380692188496,,0.629,10096.0,2.3695309513360834,6290.0,0.1860102006985471,0.0160705062970854,0.0062958711890063,0.0001546175397756,2.873293362892013e-05,14416226307928.732,290504494633.80383,359173821918.6233,1714853093210.433,2975457551439.5806,3.3815349783927897,8.01265179432731,48748973516687.35,982351109984.528,1214558842140.8474,5798835717496.15,10061613786915.904,0.0028696200790452,5.782633492619125e-05,7.149529906298967e-05,0.000341349862563,0.0005922793213409,0.0004324800857965,8.71499975651789e-06,1.0775047644320212e-05,5.1444795401984265e-05,8.926234297687128e-05
580,580,0.02,6300,100000.0,17.15,2.43,0.81,2.334923662448145,,0.63,10053.0,2.321939122172811,6300.0,0.2298600855756376,0.0146051401413907,0.0058843052093474,5.9062617582474565e-06,-1.613711480032952e-05,14126677619299.385,284669736378.38666,345085839021.48755,1664085024356.06,2893786676803.3765,2.740797726679226,6.363965467538798,38718365904506.05,780222166320.2567,945810483099.2864,4560920451756.034,7931283945277.326,0.0028100379762942,5.662568308574451e-05,6.864348000742594e-05,0.0003310149944835,0.0005756237012163,0.0004226734810784,8.517384743625094e-06,1.0325048591100751e-05,4.978981109430439e-05,8.65827706375815e-05
581,581,0.02,6310,100000.0,17.15,2.43,0.81,2.3334130752344744,,0.631,10002.0,2.242155950301976,6310.0,0.2281595441691024,0.014328112809703,0.0062599238019745,-2.216065596016217e-05,-2.193062442807662e-05,13641276801637.225,274888319507.0223,326590677761.606,1591141660570.945,2773198239202.6567,2.765608610842634,6.200925803007194,37726432585495.77,760233503448.682,903221990638.4296,4400475077545.453,7669580929912.498,0.0027117225259651,5.46445071800342e-05,6.49223170627314e-05,0.0003162999142759,0.000551278611494,0.0004070825981506,8.203209489359764e-06,9.746109808358022e-06,4.748280462523543e-05,8.275770375584067e-05
582,582,0.02,6320,100000.0,17.15,2.43,0.81,2.331906292200604,,0.632,10032.0,2.157268538172337,6320.0,0.1887334561452007,0.0159339191240365,0.0063611635711798,2.302849778184108e-05,-1.1168166970476117e-05,13124821786240.502,264481122779.9286,307839537481.268,1515733869688.7595,2647850428113.2705,3.348637877503686,7.223911138870895,43950275368890.52,885651505625.5718,1030843135402.9896,5075643848255.016,8866692237544.447,0.0026073446951064,5.254116693294688e-05,6.115464255958581e-05,0.0003011119486947,0.000526015429361,0.0003906487621471,7.872047705333094e-06,9.16257273550913e-06,4.511448380649631e-05,7.881093617421744e-05
583,583,0.02,6330,100000.0,17.15,2.43,0.81,2.330403298054593,,0.633,10195.0,2.0810551295284148,6330.0,0.227487880125409,0.0176679925657751,0.006412346082058,5.290612729596247e-05,2.655543984473567e-05,12661139408050.877,255137358880.18365,290803099184.60175,1447553270845.1729,2534669260238.995,2.782565821313387,5.79067287569467,35230453775726.375,709936494560.1666,809178764523.0798,4027912255984.178,7052884051874.715,0.0025135606003874,5.065130335429093e-05,5.773186670041701e-05,0.0002873764162366,0.0005031967962929,0.0003758492406673,7.573819346781262e-06,8.63256619248226e-06,4.297099811781109e-05,7.524232109773115e-05
584,584,0.02,6340,100000.0,17.15,2.43,0.81,2.3289040775899053,,0.634,10125.0,1.942402281871992,6340.0,0.2301244414447865,0.0149959651437868,0.0062492705005924,3.271284394433215e-07,-2.327919272254776e-05,11817575482909.195,238138519757.50613,265677582906.40625,1337451368051.6558,2347709634371.1094,2.7550311301988097,5.351378753926539,32557788338889.062,656079035231.3937,731950011503.1245,3684720154109.298,6468013127360.073,0.0023443960174592,4.724243125254861e-05,5.2705689774925896e-05,0.000265326476259,0.0004657436819363,0.0003498808468412,7.050524625695942e-06,7.86586875018967e-06,3.9597683800676686e-05,6.950821987124317e-05
585,585,0.02,6350,100000.0,17.15,2.43,0.81,2.360182032288035,,0.635,10019.0,1.853016998610416,6350.0,0.2325490617749892,0.0177227451248651,0.006184135466598,3.704548099346512e-05,-5.774194907416424e-06,11273755419545.768,227179884029.63696,247965875202.87665,1262876227305.28,2223688360049.7764,2.730606587501161,5.05986042315723,30784190814488.586,620338887879.0764,677097252304.4657,3448418145478.411,6072018084501.572,0.0022349927620723,4.50378225887691e-05,4.915859140943617e-05,0.0002503619355203,0.0004408404480018,0.0003329004043834,6.708348056773153e-06,7.322133313732416e-06,3.729121229889873e-05,6.566283609451508e-05
586,586,0.02,6360,100000.0,17.15,2.43,0.81,2.3586598596140207,,0.636,10119.0,2.173416410967292,6360.0,0.2325629989172739,0.0170951896391991,0.0064383583801479,7.04888630255633e-05,-5.373291872304275e-05,13223065444325.0,266460851984.5899,284406572803.9082,1465955095748.5042,2589430963206.208,2.7347428566065,5.943735004324137,36161683766308.05,728701911530.1389,777778843347.4243,4009010226204.119,7081427829303.865,0.0026196380544647,5.278889307649315e-05,5.634414230149517e-05,0.0002904221998392,0.0005129954108739,0.0003894348449932,7.847585798188455e-06,8.376108404008545e-06,4.317410345457905e-05,7.626179043149532e-05
587,587,0.02,6370,100000.0,17.15,2.43,0.81,2.357141485545342,,0.637,9975.0,2.3514196284005373,6370.0,0.1895017576807731,0.0155273439073918,0.0064120416191641,0.0001070052324415,1.4725338971826636e-06,14306037019188.87,288284046441.9059,300738242362.3557,1569484432346.432,2781221907846.1504,3.3614463939329995,7.904171030510259,48088976549624.42,969051368340.558,1010915480306.6892,5275737785444.895,9348928352856.898,0.0028320729207652,5.7069714018050426e-05,5.953519002436169e-05,0.0003107006052374,0.0005505803767517,0.0004202398768361,8.468344658138298e-06,8.8341866975992e-06,4.610360952238983e-05,8.169840120220579e-05
588,588,0.02,6380,100000.0,17.15,2.43,0.81,2.3556268949394177,,0.638,9894.0,2.4596997835657968,6380.0,0.2102475296032935,0.0146022986337836,0.0067132971135463,-1.4319603604920073e-05,-2.7009163856325547e-05,14964813483214.309,301559193465.1667,307305048834.53424,1624463401160.0244,2888075965137.3687,3.034518413623281,7.464004285215608,45411002071251.766,915086925367.4336,932522829287.7958,4929464103077.196,8763919696152.174,0.0029604066591689,5.965579493986061e-05,6.079246587245708e-05,0.0003213586507953,0.000571332167218,0.0004384573808609,8.835449522281082e-06,9.003798609884803e-06,4.7595512565264735e-05,8.461837662207429e-05
589,589,0.02,6390,100000.0,17.15,2.43,0.81,2.3541160727373893,,0.639,9854.0,2.5108619183608343,6390.0,0.2045990823007741,0.017226107366907,0.0066485661516851,0.0002625798110087,4.65419980734908e-06,15276083911307.316,307831671191.03827,306263735930.64307,1640598798413.6628,2926489057076.884,3.123181163934195,7.841876648664236,47709977530473.22,961414077126.2354,956517131254.7008,5123887264778.625,9139955499522.064,0.0030198388278457,6.085342542634648e-05,6.054346956289478e-05,0.0003243202892267,0.000578520341675,0.0004464178470103,8.9958625975449e-06,8.950042327948249e-06,4.794373922320516e-05,8.552171824563321e-05
590,590,0.02,6400,100000.0,17.15,2.43,0.81,2.3526090039634027,,0.64,10028.0,2.564682601844361,6400.0,0.1866629898904648,0.0169362570730531,0.0068686574001032,0.0001597819739655,1.315942977732467e-05,15603528949621.092,314430086986.11865,305235903542.3224,1657733166350.3855,2967095163189.1465,3.4286389625257616,8.79337069519552,53498867309569.56,1078067247230.9708,1046543711646.9618,5683768523620.132,10173098082032.04,0.003082516782787,6.211646245392774e-05,6.0300128157947e-05,0.0003274893982737,0.0005861571870175,0.0004548086286138,9.164947052606504e-06,8.896956780867449e-06,4.831928408181164e-05,8.648431303545674e-05
591,591,0.02,6410,100000.0,17.15,2.43,0.81,2.351105673723938,,0.6409999999999999,10076.0,2.5457229405385995,6410.0,0.1901217516306133,0.0161698555321174,0.0063170839930694,3.8075995872177865e-05,-6.028177061403952e-06,15488178370236.838,312105632510.0323,295806414855.58,1627579418083.134,2923200575021.696,3.37152374466545,8.582965341365439,52218761136867.32,1052271550851.4028,997318351509.9468,5487422654396.062,9855640149105.342,0.0030573519695404,6.16093608589186e-05,5.8391910490864354e-05,0.00032128265962,0.0005770370679988,0.0004502750480849,9.073589890733165e-06,8.599736165803854e-06,4.731727535807863e-05,8.498380171094685e-05
592,592,0.02,6420,100000.0,17.15,2.43,0.81,2.3496060672070844,,0.642,9802.0,2.415792528440245,6420.0,0.2342880984251678,0.0172608587944041,0.0068136327568523,3.01709663479806e-05,-2.827065350030591e-05,14697681743030.455,296176163986.7741,275139338680.78174,1527524600099.1946,2753164951067.75,2.740216017439129,6.619793381241732,40274822931474.7,811586668540.2365,753941222880.6874,4185747376224.112,7544266697567.863,0.0028991829655248,5.842206304624439e-05,5.427245587402645e-05,0.0003013110079164,0.0005430740076543,0.0004261877651198,8.588201841501986e-06,7.978198323999656e-06,4.429353600547447e-05,7.983335317886906e-05
593,593,0.02,6430,100000.0,17.15,2.43,0.81,2.348110169682327,,0.643,10000.0,2.3789374805559262,6430.0,0.2140332238132032,0.0158566209084315,0.0068194665130199,0.0002022715252855,-2.151479396274433e-05,14473455631702.256,291657735116.15656,265457314096.12115,1487494723070.0754,2690641669278.5527,3.0042064897418737,7.146819417776295,43481249337750.98,876200060619.3739,797488585757.0142,4468741300503.912,8083243164416.535,0.0028528396860569,5.748818959739952e-05,5.232386652353482e-05,0.000293197705286,0.0005303480751523,0.0004185995341177,8.435289757205356e-06,7.677524347771748e-06,4.302114256086105e-05,7.781841309347127e-05
594,594,0.02,6440,100000.0,17.15,2.43,0.81,2.3466179664996374,,0.644,10049.0,2.286050466043925,6440.0,0.192067819974909,0.0163716510080858,0.0063066674460241,0.0001096921332926,-1.626035189964701e-05,13908331035411.24,280269787136.9852,249821992667.9608,1413341557234.787,2565863928477.824,3.35298229596259,7.66508674032231,46634387728120.92,939739634363.5153,837648718557.7686,4738909219556.439,8603296326035.164,0.0027393981176578,5.5202204014603365e-05,4.9205177438020224e-05,0.0002783730982271,0.0005053750013529,0.0004012165166249,8.085000811673462e-06,7.206666955176077e-06,4.077095770522732e-05,7.40180101333844e-05
595,595,0.02,6450,100000.0,17.15,2.43,0.81,2.345129443089185,,0.645,10118.0,2.1818785333507646,6450.0,0.2351752210906852,0.0166711537065529,0.006652513531713,-8.259632673280126e-05,3.501598135265851e-05,13274548996906.05,267498308188.8037,233407753893.28217,1335017791159.3372,2430119871736.058,2.742635882337636,5.984098356470021,36407254400763.6,733650458503.2245,640152481043.5476,3661467697592.7305,6664933958605.046,0.0026125917751224,5.264690197731864e-05,4.593746862612894e-05,0.0002627476460132,0.0004782769788215,0.0003819560698738,7.696879383060391e-06,6.715972676431421e-06,3.841321832039613e-05,6.992320686353226e-05
596,596,0.02,6460,100000.0,17.15,2.43,0.81,2.3436445849605776,,0.6459999999999999,10059.0,2.0384164248262,6460.0,0.2325825225425433,0.0159382300486623,0.006698732883707,6.921896407601993e-05,-5.084376624683693e-06,12401725528642.6,249909853683.69208,213361334093.1873,1234778328006.319,2252751587693.061,2.777508786722509,5.661719530954252,34445901626325.664,694126814494.9912,592612980190.6644,3429607655692.08,6257037329120.56,0.0024389459739984,4.9147727878404606e-05,4.196002931944265e-05,0.0002428337592955,0.0004430302382142,0.0003559331549698,7.172485995941553e-06,6.123532779126488e-06,3.543849966367044e-05,6.465463036729379e-05
597,597,0.02,6470,100000.0,17.15,2.43,0.81,2.375818766807716,,0.647,9976.0,2.225123003570185,6470.0,0.2303532620626356,0.0158414233114968,0.006500897268816,6.261040937710516e-05,-2.026939950759236e-05,13537648353721.006,272800080237.7047,227774019121.50497,1334275442387.0894,2439895490181.729,2.8087294888147643,6.249768596367659,38023592140300.84,766221629914.675,639755604292.429,3747618781233.984,6853006412899.577,0.0026602852621378,5.3607983750510296e-05,4.475990588131213e-05,0.0002621986627418,0.0004794642203793,0.0003875476085381,7.809555688161922e-06,6.52057684549022e-06,3.819683030001051e-05,6.984785227066714e-05
598,598,0.02,6480,100000.0,17.15,2.43,0.81,2.374310562048481,,0.648,9892.0,2.450613724785568,6480.0,0.2131940430899703,0.0172908271271269,0.0063296504606302,0.0001758231330255,-2.640284697167841e-05,14909533901595.396,300445242658.71063,245206528806.73752,1454509566032.2983,2666011324828.226,3.039484549418374,7.448602553078346,45317297932928.66,913198673007.4052,745301455724.5902,4420959352936.396,8103300230389.804,0.0029277470107677,5.899766330048089e-05,4.81505784468448e-05,0.0002856183206121,0.0005235178201045,0.0004257397538454,8.579173869404619e-06,7.001839755991168e-06,4.1533326842782565e-05,7.612759813103332e-05
599,599,0.02,6490,100000.0,17.15,2.43,0.81,2.372806048715088,,0.649,9881.0,2.602969210980417,6490.0,0.215344426656884,0.01765226398152,0.0064743329047215,0.0001943885041109,3.101595599405586e-05,15836464679604.855,319124025266.1991,254450075926.2348,1529026239804.9944,2809304278430.837,3.013776627867295,7.844767771110955,47727567119439.055,961768528738.203,766855691785.5452,4608143544920.106,8466615574902.453,0.0031071549146984,6.2612950779427e-05,4.9923756340504735e-05,0.0002999988628668,0.0005511926918165,0.0004510518613134,9.08924362212838e-06,7.247209694830752e-06,4.354950081436722e-05,8.001419189309157e-05
600,600,0.02,6500,100000.0,17.15,2.43,0.81,2.371305212368107,,0.65,9917.0,2.693837042007967,6500.0,0.2141752940406149,0.0162975519072425,0.0064169409778904,0.0002520558521694,-3.3797571051633994e-06,16389304563576.473,330264421350.1768,257122232233.9493,1565937364530.826,2884137398624.083,3.034897199098687,8.17551849361827,49739854515173.56,1002318567317.6,780339542432.8148,4752458921578.583,8753060512900.002,0.0032132389715914,6.475067355639661e-05,5.0410630534797504e-05,0.0003070130857147,0.0005654555172084,0.0004656072274051,9.382551952641184e-06,7.304639998009916e-06,4.4487046522380806e-05,8.193607071121277e-05
601,601,0.02,6510,100000.0,17.15,2.43,0.81,2.369808038646438,,0.6509999999999999,10028.0,2.746990670411941,6510.0,0.2155471087171463,0.0150014352882849,0.0059750731044859,9.697214932235244e-05,-1.322040931129606e-05,16712691238786.248,336781056192.5039,255862596232.6026,1580044751960.7483,2917623938055.198,3.0202214442796382,8.296520130014244,50476028471006.66,1017153367939.746,772761699930.7689,4772085042793.355,8811870384057.918,0.0032740122754336,6.597532954769243e-05,5.012342230949346e-05,0.0003095303945811,0.0005715618419445,0.000473586535385,9.54334471370846e-06,7.250363137398105e-06,4.477363394937602e-05,8.267653561224292e-05
602,602,0.02,6520,100000.0,17.15,2.43,0.81,2.36831451326648,,0.652,9978.0,2.710706786384025,6520.0,0.2145785521306606,0.0174884465803475,0.0065176353336469,-3.555483107457889e-05,1.4236640665115523e-05,16491940088360.41,332332652010.6815,246233601173.92697,1542605356305.1128,2858076707223.4663,3.0385143040903064,8.23652134462253,50110995860683.46,1009797516850.722,748184319314.6448,4687228440699.409,8684306957085.825,0.0032283219886524,6.505461469572427e-05,4.820059645838111e-05,0.0003019673103886,0.0005594727988186,0.0004661452734744,9.393394235365254e-06,6.959801499571133e-06,4.360179529062429e-05,8.078363983627382e-05
603,603,0.02,6530,100000.0,17.15,2.43,0.81,2.3668246220219653,,0.653,10160.0,2.7017019371756605,6530.0,0.2153977127909456,0.0159919397725718,0.0062846967189237,0.0001174365624777,1.8380921817104505e-05,16437154585776.72,331228657497.736,239186974254.56808,1520966704836.183,2827642573025.513,3.0316013644665274,8.190483279123592,49830900270187.94,1004153250020.5524,725119557512.7687,4610964737689.531,8572285082607.788,0.0032147939918736,6.478200910646057e-05,4.678041103497239e-05,0.0002974720836888,0.0005530329661068,0.0004634355310138,9.338789628912102e-06,6.743730604151287e-06,4.28827269848831e-05,7.972365475478671e-05
604,604,0.02,6540,100000.0,17.15,2.43,0.81,2.365338350782923,,0.654,9952.0,2.562440295523203,6540.0,0.1938705804859637,0.0147922199438368,0.0066237351017399,-1.2108676522303887e-05,1.699383908096344e-05,15589886757963.166,314155180231.1447,220950279469.59143,1426904170637.6404,2662028837169.451,3.3733844421399963,8.644096226830587,52590681444037.29,1059766197409.43,745350235249.204,4813496329653.69,8980046663835.453,0.0030467296553065,6.139530830713006e-05,4.318028599305993e-05,0.000278859706902,0.0005202399688594,0.0004384514524115,8.83533005681474e-06,6.214026596101197e-06,4.01303881023166e-05,7.486715125895966e-05
605,605,0.02,6550,100000.0,17.15,2.43,0.81,2.363855685495657,,0.655,9865.0,2.4362352072693025,6550.0,0.2180339014848868,0.0140668245933612,0.0062168039480941,0.0001240859797961,-1.7698538194124526e-05,14822055001026.438,298682436411.2165,204451427043.39243,1341734893973.6506,2512036612424.519,3.0041199810635946,7.318742864728319,44527231589007.1,897277875215.692,614196617138.0209,4030732604276.488,7546459380547.802,0.0028942574970629,5.832280886586427e-05,3.992260691682632e-05,0.0002619964826527,0.0004905177317114,0.0004158102406715,8.379082101632613e-06,5.735574255976582e-06,3.764033456507708e-05,7.047137177103083e-05
606,606,0.02,6560,100000.0,17.15,2.43,0.81,2.3623766121816283,,0.6559999999999999,9901.0,2.324613973045827,6560.0,0.2146168191102333,0.0150800434711779,0.0064301932750612,0.0001313650857361,-8.059749651174179e-06,14142951412010.81,284997673095.4184,190291804763.5272,1266051261457.5095,2378925295472.14,3.056610393908874,7.1054392318376784,43229492286500.43,871126849823.2993,581647908315.8755,3869825444992.465,7271447784472.881,0.0027594754667087,5.560678701816126e-05,3.712842895824012e-05,0.0002470232198224,0.0004641595519032,0.0003957653386392,7.975152944965914e-06,5.324977676763775e-06,3.542819257654137e-05,6.656999290547379e-05
607,607,0.02,6570,100000.0,17.15,2.43,0.81,2.360901116937624,,0.657,10007.0,2.214434367994828,6570.0,0.2159908352241473,0.015970664517951,0.0062519091793454,7.054438247559978e-05,-2.023048165793052e-06,13472618694880.531,271489653516.1659,177394923218.8785,1192508541595.438,2249008372136.488,3.0417957285927884,6.735857001815737,40980953999046.95,825816068422.6095,539599119721.2303,3627367388135.4185,6841024059934.188,0.0026263101282407,5.292334347835632e-05,3.458081120675313e-05,0.0002324638833574,0.0004384146541967,0.000376051768799,7.5779005349717614e-06,4.951500236385873e-06,3.328565563466813e-05,6.27749953843241e-05
608,608,0.02,6580,100000.0,17.15,2.43,0.81,2.394050340338338,,0.6579999999999999,9858.0,2.087628570706581,6580.0,0.1954174630627676,0.0156260660721187,0.005884724234765,8.849652432906294e-05,-3.454934187553789e-05,12701132224178.838,255943262768.62683,163581121223.92636,1111460925653.812,2104042443346.8528,3.367150456705355,7.029359495285812,42766623169318.88,861799474122.0405,550802247037.5177,3742456163425.3896,7084627474042.807,0.0024739298072382,4.985269466919943e-05,3.1862372940809915e-05,0.0002164906454812,0.0004098259292491,0.0003536215757915,7.125904863913124e-06,4.554382462599538e-06,3.09450021480961e-05,5.858019515238765e-05
609,609,0.02,6590,100000.0,17.15,2.43,0.81,2.392551042932321,,0.659,9962.0,2.4216717363212736,6590.0,0.2359648155552349,0.0155093993013259,0.0057956999122368,4.9788249555561584e-05,-5.915356501701421e-05,14733450843778.629,296896954872.98816,185515352803.47787,1274504206811.2388,2421942671189.9053,2.7927892488943566,6.763218789549382,41147423115618.44,829170623598.7543,518105282814.3965,3559421646453.057,6763975453537.646,0.0028674576005948,5.7782758355182914e-05,3.610541848368126e-05,0.0002480468977404,0.0004713639726596,0.0004091948926157,8.245774792027099e-06,5.152352675140577e-06,3.5397044288825564e-05,6.726506788988779e-05
610,610,0.02,6600,100000.0,17.15,2.43,0.81,2.391055350942581,,0.66,9880.0,2.6160927510938645,6600.0,0.2177119439693342,0.0154794373036105,0.0063284846539092,0.0001748178708396,4.8867745212783326e-05,15916308297655.072,320732971284.1078,195828267525.6589,1360835353592.1765,2596109229020.682,3.03152867025506,7.930760178987486,48250744928959.86,972311197943.8656,593659007450.413,4125411389911.365,7870179558889.959,0.0030949631320072,6.236727152927187e-05,3.807926165177776e-05,0.0002646175965767,0.0005048194719667,0.0004409609276084,8.885899034318368e-06,5.425417306900724e-06,3.770190980346578e-05,7.192514196086623e-05
611,611,0.02,6610,100000.0,17.15,2.43,0.81,2.389563250505564,,0.6609999999999999,9865.0,2.742924795679822,6610.0,0.1954093130070759,0.0160475497993479,0.0064480406135569,8.602841552141016e-05,3.915399055143059e-05,16687954456916.035,336282579950.3462,200519256433.4221,1410044504351.3892,2700713213713.395,3.382643282595566,9.278336134771164,56449397043947.77,1137524010122.9448,678285115805.5731,4769677570805.0205,9135549410584.7,0.0032421519885427,6.533330601501256e-05,3.895707575575848e-05,0.0002739448148375,0.0005246971843631,0.0004611951491721,9.293643209812754e-06,5.54163235652688e-06,3.896856784949733e-05,7.463801730076275e-05
612,612,0.02,6620,100000.0,17.15,2.43,0.81,2.388074727831341,,0.662,9827.0,2.795377482932888,6620.0,0.216209732239804,0.0169025175672902,0.0066061939436185,-2.7408044436731573e-05,-3.932172270427332e-05,17007076606163.69,342713279407.572,199458863499.942,1420527978377.12,2730692925548.0054,3.061841819709384,8.559003679117868,52072978383753.12,1049333851059.8508,610711489575.8279,4349431970262.2935,8360949796227.445,0.0033013935404443,6.652709534163051e-05,3.871871802496816e-05,0.0002757512064204,0.0005300788721133,0.0004688542003204,9.44798240619435e-06,5.49871845165897e-06,3.9161375276774086e-05,7.528024231186797e-05
613,613,0.02,6630,100000.0,17.15,2.43,0.81,2.386589769203438,,0.6629999999999999,9861.0,2.815513695303854,6630.0,0.215553338490281,0.0146059415057966,0.0062441597915748,0.0001031436064793,-1.3376987032707842e-05,17129585322228.652,345181979044.2526,195965481445.8097,1415963675331.375,2728541354898.523,3.0758048316189432,8.6599706275049,52687261297739.82,1061712398932.1012,602751574661.554,4355227913981.16,8392460682668.975,0.003322373510127,6.694986724877904e-05,3.800853974030335e-05,0.0002746336305128,0.0005292150013133,0.0004710621242921,9.492474759733322e-06,5.389033899028833e-06,3.893887938761472e-05,7.503465277641947e-05
614,614,0.02,6640,100000.0,17.15,2.43,0.81,2.385108360977854,,0.664,9929.0,2.80454629967936,6640.0,0.2425003933994958,0.0163167262097327,0.0058695827855675,7.672396033535212e-05,-2.292402599995216e-05,17062859687249.229,343837376340.6896,190291169748.2151,1395708718924.482,2696175915552.284,2.738139887905768,7.6792400906305796,46720496711396.445,941474835111.309,521043842203.8351,3821645715184.984,7382506819184.562,0.0033064363227023,6.662871353769101e-05,3.687457126633952e-05,0.0002704600570332,0.0005224642377056,0.0004680680666281,9.432140856116222e-06,5.220064019339961e-06,3.828705701256061e-05,7.396145026176378e-05
615,615,0.02,6650,100000.0,17.15,2.43,0.81,2.3836304895832447,,0.665,9893.0,2.7327284060174866,6650.0,0.2418453543359646,0.0158133788063936,0.0063950971015149,-3.925362722850072e-05,2.104749061331108e-05,16625919622210.389,335032502577.74384,180633055993.16364,1345606020560.0745,2605952933458.977,2.7496910239433463,7.51415876890129,45716141949995.45,921235865067.2982,496685092691.85785,3700000796498.1626,7165565389950.982,0.0032190012018716,6.486678950517182e-05,3.4972984204914646e-05,0.0002605273871071,0.0005045474665725,0.000454956829303,9.167933476751796e-06,4.942899056975604e-06,3.682158115255943e-05,7.131010559775222e-05
616,616,0.02,6660,100000.0,17.15,2.43,0.81,2.3821561415199457,,0.6659999999999999,9883.0,2.6440434553209102,6660.0,0.1966766761706821,0.0162100427497979,0.0058622624516325,2.2430874982272218e-05,2.4142313161626927e-05,16086360382172.418,324159727622.3436,170141083384.59262,1288041440705.7637,2500889371487.658,3.386268331187498,8.953440619036765,54472732726219.67,1097691819893.9072,576143362499.1774,4361653939919.047,8468682478472.063,0.0031118378642552,6.270731790889213e-05,3.291306752821191e-05,0.0002491661277438,0.0004837863914284,0.0004391089280799,8.848578991222483e-06,4.644336380164727e-06,3.5159631073392375e-05,6.826670701580381e-05
617,617,0.02,6670,100000.0,17.15,2.43,0.81,2.380685303359783,,0.667,10078.0,2.5890336147061257,6670.0,0.2409088047343175,0.0151431301000561,0.006279115662266,5.1508859500327446e-05,1.270955194584513e-05,15751680511872.068,317415521162.971,162067684190.76337,1247636823425.35,2428791394646.184,2.768682534187949,7.168212149462343,43611402717328.89,878822809524.0831,448713966575.2549,3454310282027.501,6724552313542.879,0.0030444324597693,6.134901702296587e-05,3.1323903380222256e-05,0.0002411390988013,0.0004694287288455,0.0004289311226958,8.643483833417412e-06,4.413235380203832e-06,3.397416948529264e-05,6.61379729556106e-05
618,618,0.02,6680,100000.0,17.15,2.43,0.81,2.379217961744984,,0.6679999999999999,9869.0,2.414996523940774,6680.0,0.2193012759798875,0.0160963947229503,0.0069410572189335,0.0001173760547815,2.961232462198317e-05,14692838851655.668,296078573835.13885,146944524061.95392,1151077579593.79,2246808326901.815,3.04603790842176,7.356170960630375,44754944124475.2,901866559773.284,447598590727.7051,3506225942977.051,6843863336700.599,0.0028371215668652,5.717145037765921e-05,2.8374331370410383e-05,0.0002222679401287,0.0004338486541113,0.0003991306894107,8.04296885630374e-06,3.991745215892435e-06,3.1269000670806335e-05,6.103450568975459e-05
619,619,0.02,6690,100000.0,17.15,2.43,0.81,2.377754103388791,,0.669,9928.0,2.2956811275877484,6690.0,0.2002987906553244,0.0147487741771817,0.0064251176354683,0.000119088400517,-1.934408113819293e-05,13966923980243.86,281450506242.25793,135664678362.11304,1082142453686.168,2118986404408.2349,3.340010180846374,7.667598338119962,46649668289121.86,940047556253.5074,453121406910.7063,3614366812437.877,7077436163798.557,0.0026945506585009,5.4298473164402056e-05,2.6172931773168784e-05,0.0002087709266046,0.0004088026983915,0.0003784863979167,7.626961272944399e-06,3.6763453077027705e-06,2.932472460706568e-05,5.742191570409325e-05
620,620,0.02,6700,100000.0,17.15,2.43,0.81,2.4119063706834747,,0.67,9927.0,2.1802260778070752,6700.0,0.2438948292547138,0.0154408424901767,0.0060875685258466,-3.924149334708588e-05,-4.011841011322075e-05,13264495457378.244,267295717139.1474,125024061833.15076,1016260860985.834,1997194242345.5383,2.747085709227067,5.989267901227996,36438705911071.125,734284244690.5522,343451813571.3697,2791755688060.98,5486463761698.009,0.0025567379841614,5.1521380154207406e-05,2.4098449040153e-05,0.000195884777785,0.0003849601666012,0.0003585774074767,7.225770900171589e-06,3.3797594569947764e-06,2.747244974550806e-05,5.398989625717827e-05
621,621,0.02,6710,100000.0,17.15,2.43,0.81,2.4104182735439736,,0.6709999999999999,9755.0,2.45818376615632,6710.0,0.220787242014012,0.0164161684434749,0.0064969329683476,2.0514808060769783e-05,-5.034146935342646e-05,14955590033295.05,301373329730.76483,137466282585.3641,1132905286210.6414,2234652804572.6616,3.03912487822741,7.470727438980421,45451905738756.88,915911184018.9998,417777199322.61945,3443040639998.1045,6791388932577.431,0.0028800862019163,5.803724003204267e-05,2.647269300786093e-05,0.0002181702544419,0.0004303402737167,0.0004033026101938,8.127038134411771e-06,3.707009249176548e-06,3.0550694289822815e-05,6.0261167025485176e-05
622,622,0.02,6720,100000.0,17.15,2.43,0.81,2.4089336881413352,,0.672,9772.0,2.684153029584442,6720.0,0.2218098594948969,0.0135315755649018,0.0069178274521741,5.576490798342801e-05,1.817717972253352e-05,16330387031991.744,329077161427.0525,146612002992.8488,1222941373338.6106,2421331740157.4136,3.0296218641059114,8.131968705035147,49474897601433.84,996979363237.309,444178929807.496,3705049923186.3647,7335719580234.514,0.0031417895321947,6.331088044823786e-05,2.8206560897464587e-05,0.0002352806701835,0.0004658379927122,0.0004393006604684,8.852442632057496e-06,3.943981830999655e-06,3.289811514996154e-05,6.513578830560972e-05
623,623,0.02,6730,100000.0,17.15,2.43,0.81,2.4074526012169564,,0.6729999999999999,9803.0,2.8319691929267243,6730.0,0.2222318216026906,0.0159947133366777,0.0063170192091992,0.0001943343976494,-1.0658008550555218e-05,17229700569766.191,347199423052.8164,151002766096.86014,1275405278000.027,2534900039755.188,3.0283691828940658,8.576248230764671,52177894235972.26,1051448033091.7488,457292123379.49207,3862398039595.7217,7676613162111.554,0.0033119376142811,6.67395712542514e-05,2.902614232160576e-05,0.0002451617018274,0.000487265043064,0.0004623728638972,9.317375593985464e-06,4.052280603130936e-06,3.422652579658802e-05,6.802608010098815e-05
624,624,0.02,6740,100000.0,17.15,2.43,0.81,2.405974999581545,,0.674,9896.0,2.9313191211658123,6740.0,0.2230800551333231,0.0155528392691445,0.0064494200630935,8.308768373838759e-05,-4.67947190529241e-05,17834145533172.8,359379724254.9286,152487817557.9797,1304742954175.2456,2603360292137.6934,3.021336890011013,8.856502597172932,53882961801200.12,1085807218413.4016,460717068465.1933,3942068019431.618,7865628488625.462,0.00342493821517,6.901667080536574e-05,2.9284349661202187e-05,0.0002505678781423,0.0004999593692792,0.0004774398662829,9.620994018127484e-06,4.08226809012172e-06,3.492941674252472e-05,6.969484394150227e-05
625,625,0.02,6750,100000.0,17.15,2.43,0.81,2.404500870114869,,0.675,9747.0,2.905997965843628,6750.0,0.2442210204435468,0.015639384662915,0.0063855151687903,0.0001620679313463,1.6480101757722824e-05,17680091624192.633,356275350612.4288,147391174844.2238,1278199927957.2954,2560580874702.667,2.763889851799347,8.031858287144749,48865825818988.65,984705826003.9462,407372972396.7333,3532803809451.825,7077163494302.196,0.0033923601107781,6.83601823769558e-05,2.828061940233881e-05,0.0002452540711535,0.0004913103735207,0.000472186833966,9.515139027653467e-06,3.936414679492129e-06,3.413721998657413e-05,6.838610353611267e-05
626,626,0.02,6760,100000.0,17.15,2.43,0.81,2.403030199764657,,0.6759999999999999,9768.0,2.8904116185032125,6760.0,0.2002982020021591,0.0143852011440633,0.0065361846309094,-6.290538769771224e-05,1.0130908609863188e-05,17585264286973.545,354364464428.49384,142841480851.7217,1256153735389.3162,2526664789753.007,3.374967889091252,9.755046398704614,59349702289718.88,1195968688481.1858,482085411104.80365,4239478520700.97,8527412531913.895,0.0033707836226613,6.792538989781043e-05,2.7380181294650305e-05,0.000240782417011,0.0004843168777146,0.0004685368146096,9.441586698083884e-06,3.805828069468743e-06,3.346860531833424e-05,6.731974298811974e-05
627,627,0.02,6770,100000.0,17.15,2.43,0.81,2.401562975547088,,0.677,10037.0,2.915253784046754,6770.0,0.2429770948801888,0.0143670448247787,0.0063206928884372,0.0001267261595229,2.755913830846387e-05,17736404022140.453,357410113924.1321,140277688974.4295,1251628862668.3955,2528024820794.2065,2.78627086365415,8.122686678646978,49418425752888.22,995841386802.1198,390851637610.192,3487377032161.532,7043761900773.402,0.0033965112117756,6.844383211106185e-05,2.6863097095040948e-05,0.0002396862103348,0.0004841153052645,0.0004714263810992,9.499814977444085e-06,3.728523728915527e-06,3.3267784409431925e-05,6.719386810925295e-05
628,628,0.02,6780,100000.0,17.15,2.43,0.81,2.400099184545418,,0.6779999999999999,9822.0,2.774567126563672,6780.0,0.2204537536426869,0.0150851201544212,0.0063285843905129,7.70402952690062e-05,-3.863080309327975e-05,16880466398013.38,340161929716.7062,129899558565.8766,1176645017542.377,2386651871694.7944,3.075474963782687,8.533111733081041,51915451784065.055,1046159498475.7356,399502840175.77625,3618742292711.22,7340088078662.429,0.00322967304996,6.508184022437537e-05,2.485317014411936e-05,0.0002251228498623,0.0004566286883256,0.0004475986359758,9.019656931401206e-06,3.444387368040977e-06,3.1199653638822725e-05,6.328392220523195e-05
629,629,0.02,6790,100000.0,17.15,2.43,0.81,2.398638813910296,,0.679,9722.0,2.6495318086135,6790.0,0.2486123266371578,0.0161911854864525,0.0059725123874324,0.000211082359475,-1.9773994824079663e-05,16119751523604.53,324832599736.015,120599779817.93414,1109695131229.3062,2260597442911.045,2.731159830988509,7.236294846611524,44025617846784.51,887169748194.5729,329377274264.8005,3030754767057.004,6174052930113.986,0.0030811367052535,6.208865221303201e-05,2.3051497270191475e-05,0.0002121076367377,0.0004320916328614,0.0004264033309598,8.5925457553702e-06,3.1901327853648857e-06,2.9353907820053595e-05,5.979783734290141e-05
630,630,0.02,6800,100000.0,17.15,2.43,0.81,2.3971818508585567,,0.68,9882.0,2.57884802142101,6800.0,0.2436168883177742,0.0163024323261791,0.0064728553281923,6.837694456067811e-05,-2.5927720187494013e-06,15689711362325.426,316166767426.2158,114028485906.24768,1067332969628.5367,2182282701422.8564,2.791267898935672,7.198255698426237,43794187669225.234,882506148627.0566,318284052274.3478,2979212255599.8174,6091335650884.239,0.0029960050584422,6.037314598373031e-05,2.177413673791067e-05,0.0002038109498768,0.000416714486419,0.0004140355449675,8.343319824624507e-06,3.0090959109278804e-06,2.8165832852927244e-05,5.758822368946648e-05
631,631,0.02,6810,100000.0,17.15,2.43,0.81,2.395728282673427,,0.6809999999999999,9747.0,2.417903253104648,6810.0,0.2430460750292695,0.0156098290159957,0.0068108159790162,0.0001433620635926,-9.741843658433209e-07,14710523391888.676,296434938830.6298,103767384829.19775,989945535205.3716,2029204318281.1484,2.8019378626788707,6.774814673168325,41217972471556.086,830592278930.4366,290749764464.0982,2773765877081.8296,5685704410503.416,0.0028064154482451,5.6552684739456417e-05,1.979633110601845e-05,0.0001888578923339,0.0003871235709811,0.0003872826125742,7.804215697172881e-06,2.731874510923635e-06,2.606220614773797e-05,5.342267769100235e-05
632,632,0.02,6820,100000.0,17.15,2.43,0.81,2.394278096703791,,0.682,9691.0,2.26809472626162,6820.0,0.2474625960257981,0.0149501524429036,0.0066485304732764,9.113015506763518e-05,4.086691412183979e-05,13799088314575.691,278068413439.6745,94388363663.41151,918502442257.1917,1887641773296.4185,2.755972057809097,6.250805690041195,38029901818210.63,766348777599.0504,260131692838.68564,2531367065890.233,5202287982358.143,0.0026300683703878,5.299907662878914e-05,1.7990163128500856e-05,0.0001750640452784,0.0003597793426197,0.0003624347853896,7.30350175686569e-06,2.4791222106676208e-06,2.412458185282577e-05,4.957914794085141e-05
633,633,0.02,6830,100000.0,17.15,2.43,0.81,2.4294642941085653,,0.6829999999999999,9816.0,2.4315507252471726,6830.0,0.2231380273760805,0.0154464324232259,0.0054192826795576,-6.310100954926994e-05,2.751576813930837e-06,14793554612403.8,298108118915.3034,98028317567.62962,973860174623.0776,2006701089758.2664,3.060885712899399,7.442698875099243,45281379956103.79,912474882087.1672,300053476702.32263,2980874694865.492,6142282695700.731,0.0028166223423238,5.6758366069840566e-05,1.8664124794584656e-05,0.0001854183391355,0.0003820663303625,0.0003876321500791,7.811259303040396e-06,2.5686137309769084e-06,2.551783687262249e-05,5.258113268712753e-05
634,634,0.02,6840,100000.0,17.15,2.43,0.81,2.427989451307532,,0.684,9888.0,2.7257410940915885,6840.0,0.2005359353588574,0.0144023425098609,0.0064081342739003,0.0001277459167294,2.24029971871173e-05,16583408816453.225,334175858135.6288,106343648855.8671,1079538766527.6774,2230456848670.6406,3.410859997615828,9.2971212616946,56563685756149.94,1139827066683.758,362723297882.98126,3682155594624.787,7607776041538.947,0.0031543919892534,6.356483528640266e-05,2.0228021739783286e-05,0.0002053430916956,0.0004242635090103,0.0004335021714165,8.735596024928538e-06,2.779899066929828e-06,2.821991573612718e-05,5.830573785229557e-05
635,635,0.02,6850,100000.0,17.15,2.43,0.81,2.4265180202523147,,0.685,9841.0,2.8977240887701985,6850.0,0.2252770317436443,0.015975314417372,0.0065664194251982,3.202104624603202e-05,1.1284728147443984e-05,17629753356077.887,355260973283.2264,109435320776.26582,1134739170762.467,2350956010035.957,3.0407005751900216,8.811111303465523,53606801170284.25,1080242245804.8734,332760042830.49603,3450402049228.081,7148553291962.774,0.0033501973646209,6.751055175912759e-05,2.079608919399324e-05,0.0002156354716165,0.0004467542154494,0.0004597702774067,9.264930310661616e-06,2.853988185492802e-06,2.959311640885096e-05,6.131110714221152e-05
636,636,0.02,6860,100000.0,17.15,2.43,0.81,2.425049988309812,,0.686,9773.0,2.9866864515631257,6860.0,0.2026533827374805,0.0155674481188584,0.0062789688099641,0.000157633179144,-1.2466587197429526e-05,18171000371310.05,366167758961.6392,109995439754.70589,1156266038137.6272,2402277544106.429,3.385090299176757,10.11020333386899,61510477083258.92,1239510928732.338,372344496067.3364,3914064948967.225,8131926410484.838,0.0034497038612356,6.951572869616857e-05,2.088226765100023e-05,0.0002195132538039,0.0004560643855771,0.0004727734525472,9.52696010557174e-06,2.8618635603242337e-06,3.008375299890535e-05,6.250250538199472e-05
637,637,0.02,6870,100000.0,17.15,2.43,0.81,2.4235853429114327,,0.687,9671.0,3.0046504927059408,6870.0,0.2260711773833463,0.0140255351802109,0.0063000526928926,-1.1105490256387036e-05,2.1246633864495915e-05,18280293597622.94,368370150405.7484,107840561333.65582,1149830080050.0093,2396824299377.692,3.0388659357272325,9.13073003105013,55551361508908.98,1119427501806.7458,327713008326.55005,3494179462138.49,7283627717302.159,0.0034668597266077,6.986144025018281e-05,2.045197452578342e-05,0.0002180654033634,0.0004545579966148,0.0004744979266388,9.56171035600396e-06,2.799195892950414e-06,2.98459095340627e-05,6.221388920801109e-05
638,638,0.02,6880,100000.0,17.15,2.43,0.81,2.4221240715532475,,0.688,9674.0,3.0090741560456387,6880.0,0.2476814427600402,0.0165748161022693,0.006224156660507,-3.773447172248541e-05,1.3511970414750004e-05,18307207165381.664,368912491531.1953,105178716723.12184,1138112669894.257,2381658458646.217,2.7777615970468608,8.358490633329767,50853057013178.31,1024750951646.2296,292161400140.15826,3161405667544.7383,6615679403709.279,0.0034685420835299,6.98953417884234e-05,1.992749641986228e-05,0.0002156304703205,0.0004512366369038,0.0004740810117355,9.553309013605568e-06,2.7236941160218205e-06,2.947241494228477e-05,6.16751119645697e-05
639,639,0.02,6890,100000.0,17.15,2.43,0.81,2.4206661617950345,,0.6890000000000001,9683.0,2.9800129908194544,6890.0,0.2241951563901238,0.0162009613401845,0.0064614972393618,5.226864308533684e-05,1.963397746612768e-05,18130399036145.56,365349592674.4651,101369542998.9794,1113840197930.578,2340142706818.9946,3.0732153677801377,9.1582217195708,55718620941868.73,1122797982819.3796,311530437369.3129,3423070813531.523,7191762529394.744,0.0034316302918677,6.915152429043204e-05,1.918671473995556e-05,0.0002108220429069,0.0004429303836062,0.0004684149562958,9.439131104845009e-06,2.61897214501114e-06,2.8777050444069263e-05,6.045966454215564e-05
640,640,0.02,6900,100000.0,17.15,2.43,0.81,2.4192116012605243,,0.69,9545.0,2.879007003998429,6900.0,0.2067768030992738,0.0144836300381505,0.0063857816015462,5.153911633463882e-05,9.95814346743008e-06,17515878612326.443,352966258690.2074,95234980936.11806,1063256550778.3552,2242938245627.162,3.3369313658879327,9.607048774253403,58449284742557.7,1177824179723.4673,317792595015.4717,3548014134278.11,7484530983582.931,0.0033121895671105,6.674464841021531e-05,1.8008591933184432e-05,0.0002010579847345,0.0004241315449406,0.0004514925342456,9.098123717704563e-06,2.454794523491592e-06,2.740669796183463e-05,5.781439202039314e-05
641,641,0.02,6910,100000.0,17.15,2.43,0.81,2.41776037763586,,0.6910000000000001,9877.0,2.896412703068717,6910.0,0.2518568265913927,0.01728533848864,0.0057272393305916,9.531755307874388e-06,-3.769378625503642e-05,17621774885470.074,355100197396.22473,93095736094.83649,1056776528099.2607,2238503763416.1587,2.74362227679881,7.94666241494239,48347494132509.49,974260812071.9368,255419535424.7765,2899395624091.236,6141608792006.546,0.0033286545239613,6.707643731717026e-05,1.758526284257006e-05,0.0001996191640136,0.0004228408164005,0.0004531696794049,9.13192023258545e-06,2.394092828575012e-06,2.717655193951645e-05,5.756639381714976e-05
642,642,0.02,6920,100000.0,17.15,2.43,0.81,2.4163124786705823,,0.6920000000000001,9681.0,2.738644727106104,6920.0,0.2271777816904432,0.0156102842651583,0.0062231932017388,2.136871701042279e-05,-5.078967403726884e-06,16661914519713.535,335757843543.2084,85457676376.79048,987008699189.14,2099557664141.268,3.046072528971748,8.342110469851233,50753400098574.9,1022742743603.7612,260310280401.0994,3006500084456.1787,6395404923732.809,0.0031441383012499,6.335821100151964e-05,1.6126043205550585e-05,0.0001862506167052,0.0003961909455062,0.0004274949396601,8.614542998412045e-06,2.1925886225722817e-06,2.532369397314584e-05,5.386837604305421e-05
643,643,0.02,6930,100000.0,17.15,2.43,0.81,2.414867892176176,,0.693,9608.0,2.6020536156682974,6930.0,0.2261333479500535,0.0161356378115815,0.00668142080674,4.62059418691112e-05,-5.421073465004038e-05,15830894197725.92,319011773280.9332,78756350642.54782,926184865013.604,1978675398765.681,3.064563481159196,7.974158486595311,48514780232445.86,977631830456.5852,241353836088.52063,2838352314123.05,6063776368125.417,0.0029844333068119,6.013996111359967e-05,1.4847113059118352e-05,0.0001746039689791,0.0003730190278382,0.0004052190234267,8.165656191999316e-06,2.015904540668019e-06,2.370729801020296e-05,5.0647607314665176e-05
644,644,0.02,6940,100000.0,17.15,2.43,0.81,2.413426606025882,,0.6940000000000001,9576.0,2.465626013378704,6940.0,0.2274971124206786,0.0170322118051387,0.0062622064907584,-4.923643836189476e-05,-4.5513348699112085e-06,15000868665396.035,302285749240.2291,72315893339.05261,866635969110.5243,1859613666765.3784,3.050588170616789,7.52160954957811,45761472499633.22,922149330778.276,220606008767.69937,2643749435599.583,5672915453751.775,0.0028250325463544,5.692784191043083e-05,1.3618861471188698e-05,0.0001632088696454,0.0003502109944057,0.0003830729524122,7.71938592467764e-06,1.846710572943148e-06,2.2131038325775085e-05,4.748842974122056e-05
645,645,0.02,6950,100000.0,17.15,2.43,0.81,2.41198860815461,,0.695,9720.0,2.36231128315306,6950.0,0.2218628381597227,0.0148116330339009,0.0059472078502734,-6.398381884677161e-05,9.882604670163272e-07,14372301846703.22,289619363314.5652,67071351474.17631,819794262014.7344,1767015638911.6704,3.1325660744484747,7.4000961828921215,45022185176715.664,907251792022.574,210105440195.4144,2568059693214.881,5535293243474.595,0.0027038364548406,5.448559325500642e-05,1.2618018124417864e-05,0.0001542264861082,0.0003324256164198,0.000366179826053,7.378968881344767e-06,1.7088547177701592e-06,2.088685051745469e-05,4.5020309633844944e-05
646,646,0.02,6960,100000.0,17.15,2.43,0.81,2.4482712325799225,,0.6960000000000001,9693.0,2.51245687266208,6960.0,0.2307289208583824,0.0165923418995798,0.0065236070254441,5.671247535706411e-05,-1.495429885737474e-05,15285787613276.094,308027212588.371,68979222571.31035,860702330541.8762,1863715711406.9504,3.016526915701188,7.578893780923596,46109989763139.17,929172377541.2328,208077681510.50052,2596331746486.3105,5621948606674.254,0.0028726675610024,5.788774539429628e-05,1.2963308144597544e-05,0.000161752323608,0.0003502492513005,0.0003885627759842,7.83001254695358e-06,1.7534430600267503e-06,2.1878943716382248e-05,4.737541622263107e-05
647,647,0.02,6970,100000.0,17.15,2.43,0.81,2.4468081351465014,,0.6970000000000001,9543.0,2.7385683356066406,6970.0,0.2294082843891374,0.0164179666956244,0.006485631114608,0.0001195259221254,1.0720351316951917e-05,16661449753830.8,335748477945.37415,72620036229.71497,925957498753.6432,2014428928941.484,3.038251220333887,8.320458587624616,50621670047108.16,1020088222842.778,220637913695.6226,2813291500565.5703,6120341151632.349,0.0031280669233648,6.303435318943566e-05,1.363388760641896e-05,0.00017384183652,0.000378194490587,0.0004225668002944,8.515234996072047e-06,1.8417854868724024e-06,2.348408471279861e-05,5.108983908964521e-05
648,648,0.02,6980,100000.0,17.15,2.43,0.81,2.445348356539299,,0.698,9524.0,2.910638320478224,6980.0,0.2535668442869792,0.0150133648405811,0.0067141754033764,6.908789839487872e-05,-1.579968233254566e-07,17708323541789.51,356844258090.6302,74454560730.95935,971417150440.9076,2122916656606.933,2.7527258225055045,8.01218926475446,48746159486766.125,982294403858.8966,204952991927.4161,2674045074443.401,5843807499668.957,0.0033210622970408,6.692344471025725e-05,1.396339037418207e-05,0.0001821819476821,0.0003981369806904,0.0004480964483359,9.029688455948537e-06,1.8840193509693904e-06,2.4581015472074387e-05,5.371888601955852e-05
649,649,0.02,6990,100000.0,17.15,2.43,0.81,2.4438918847014435,,0.6990000000000001,9583.0,3.0348332726947245,6990.0,0.249242187260279,0.0158084345434911,0.0062799558391548,0.0001415201262119,3.4763229752773554e-05,18463925631074.703,372070559232.3732,74786724975.39949,1001507998738.8872,2194645409248.2896,2.8045011467903995,8.511193393590016,51782100606601.664,1043472310054.136,209739455958.2061,2808730330982.968,6154885567035.114,0.0034590459131364,6.970398240475517e-05,1.401060210877588e-05,0.0001876232724952,0.0004111465451782,0.0004661412701308,9.393313563123928e-06,1.8880697239318584e-06,2.5284125375412293e-05,5.540613729683653e-05
650,650,0.02,7000,100000.0,17.15,2.43,0.81,2.44243870763696,,0.7,9562.0,3.076803392580224,7000.0,0.2552904994381606,0.0145257547285168,0.0063618254069014,4.734411191265873e-05,2.248410667626604e-05,18719271840458.08,377216095930.33545,73577367949.52354,1003842372351.5868,2205880777528.34,2.7419743450717875,8.436515967284812,51327763144960.805,1034316857589.118,201747255295.5008,2752510031484.052,6048468500269.713,0.0035032920690979,7.059559626420325e-05,1.3769927153125958e-05,0.0001878680459184,0.0004128282712679,0.0004715027427428,9.501353757442084e-06,1.853273518739274e-06,2.5284874106177543e-05,5.556192813656831e-05
651,651,0.02,7010,100000.0,17.15,2.43,0.81,2.440988813409772,,0.7010000000000001,9458.0,3.047320874883244,7010.0,0.2307906149089831,0.0153409399573711,0.0063946387792708,8.983312129048447e-05,3.992505671918969e-06,18539900202789.65,373601539260.68567,70871939082.51964,982817765033.8624,2165811370963.9707,3.03738520856428,9.255887351119524,56312818644211.18,1134771789247.2537,215265379471.51385,2985196142228.057,6578403422706.289,0.0034661423060703,6.984698335375213e-05,1.3249921719114817e-05,0.0001837435044029,0.0004049110479428,0.0004659156070704,9.388766177980864e-06,1.7810420854866669e-06,2.4698630015627663e-05,5.442776437118572e-05
652,652,0.02,7020,100000.0,17.15,2.43,0.81,2.439542190143873,,0.7020000000000001,9443.0,3.012293777420448,7020.0,0.2292921597227177,0.0167624312674042,0.0063642054272709,0.0003259432504379,-1.1227611494667537e-05,18326795341826.008,369307217111.74695,68079906171.0432,960246375821.65,2122202067188.724,3.061596178643553,9.2224271179022,56109246585316.98,1130669564654.8096,208433180575.67755,2939886634771.8853,6497325739214.445,0.0034225315137603,6.896817284467825e-05,1.271393170373175e-05,0.0001793261408187,0.0003963215236514,0.0004595082011815,9.25964915596041e-06,1.7069692020771298e-06,2.407628156560106e-05,5.321002588009386e-05
653,653,0.02,7030,100000.0,17.15,2.43,0.81,2.4380988260230354,,0.703,9526.0,2.981362005959304,7030.0,0.2320294525097779,0.0159166683690716,0.0064530332403135,6.262755208994148e-05,-3.409707169407912e-05,18138606444256.4,365514981930.6106,65423728761.87895,939227350158.786,2081887762269.704,3.0297877808006937,9.032894175798944,54956128165560.766,1107432825952.9504,198220013977.15976,2845659548904.905,6307678103123.249,0.0033838362116415,6.81884154416917e-05,1.2205082191149304e-05,0.0001752169621298,0.000388385250002,0.0004537595376064,9.143806592792336e-06,1.63665499897756e-06,2.3495926736439912e-05,5.208098159355141e-05
654,654,0.02,7040,100000.0,17.15,2.43,0.81,2.4366587092898424,,0.7040000000000001,9477.0,2.887633964772138,7040.0,0.2344012991798081,0.0156520023172753,0.0062324745039026,0.0001270036719532,-1.4890354042756991e-05,17568365041673.686,354023924081.0641,61471367051.30167,898892008900.9304,1998497245850.562,3.003396322730981,8.672709231189721,52764762962558.26,1063274151743.8596,184622877755.12576,2699728954065.3184,6002279279175.57,0.0032739927439803,6.59749359651539e-05,1.1455636834225527e-05,0.000167515070855,0.0003724345131865,0.0004385009470124,8.836327433221948e-06,1.5343062716538206e-06,2.2436065975972064e-05,4.988187192310823e-05
655,655,0.02,7050,100000.0,17.15,2.43,0.81,2.4352218282455627,,0.705,9391.0,2.766665999907834,7050.0,0.2086015394106652,0.0146955517112332,0.0064432333220444,3.170938565757804e-05,-2.6477166347247e-05,16832395943439.262,339193251588.70044,57080063335.44021,850880717956.5331,1897588153186.079,3.379649076376639,9.35036019123116,56887591403450.38,1146354159444.9404,192910583331.14056,2875678232548.4883,6413182049258.585,0.0031335000326318,6.31438369494854e-05,1.062596085104249e-05,0.0001583990043034,0.000353252891621,0.0004191907742205,8.447203964404996e-06,1.4215109971594769e-06,2.119017091375893e-05,4.725717299894356e-05
656,656,0.02,7060,100000.0,17.15,2.43,0.81,2.433788171250274,,0.7060000000000001,9208.0,2.6059348757383414,7060.0,0.2305252804835618,0.0160238499771542,0.0062879567293315,7.38059789612716e-05,-3.300630185927811e-05,15854507783992.068,319487615765.5206,52053311603.58634,791694725118.0724,1772768461310.4312,3.062570831793623,7.980860139989983,48555553091699.055,978453453162.772,159416953815.40808,2424621172831.4785,5429228981132.988,0.0029481117986975,5.940803854706173e-05,9.6792019147235e-06,0.0001472139401542,0.0003296425022052,0.0003939556257266,7.93868502861319e-06,1.2934299331978197e-06,1.9672171162151063e-05,4.405006563175078e-05
657,657,0.02,7070,100000.0,17.15,2.43,0.81,2.4323577267215515,,0.7070000000000001,9226.0,2.4921443140445,7070.0,0.2580853255130932,0.0163356105334817,0.0070058271684182,8.759200682076617e-07,-4.440999429113869e-05,15162206006646.736,305536892901.85565,48144401529.48046,747796973550.6414,1681704366897.994,2.739404104415585,6.826990362689466,41535409366602.71,836989018465.7284,131886971154.49075,2048518098614.18,4606867845093.979,0.0028165032811719,5.675596684281465e-05,8.943214781437455e-06,0.0001389093795937,0.0003123902857706,0.0003758924847724,7.574690768096319e-06,1.1935676583515558e-06,1.8538942312881023e-05,4.1691824583361584e-05
658,658,0.02,7080,100000.0,17.15,2.43,0.81,2.430930483134777,,0.708,9449.0,2.4200257370060707,7080.0,0.2349348662637567,0.0159704516860097,0.0064099346538602,2.702313000136744e-05,-2.259330051998355e-05,14723436583944.934,296695155356.9443,45162569210.68906,717099213039.9696,1619779218233.3804,3.0136012217324204,7.292992517665395,44370566477476.266,894120882665.7775,136101973749.90756,2161051064520.609,4881368631004.899,0.0027320191580297,5.5053509003031736e-05,8.380176978789755e-06,0.0001330619232176,0.0003005594400982,0.000364182785594,7.338726087085271e-06,1.1170917989123832e-06,1.7737379956317406e-05,4.00650829295372e-05
659,659,0.02,7090,100000.0,17.15,2.43,0.81,2.468376626451226,,0.7090000000000001,9331.0,2.355720699440725,7090.0,0.2590755581404664,0.0174552863691362,0.0063750890839169,3.3334161397684066e-05,-1.7477112311222878e-05,14332204735397.371,288811357751.4329,42416107830.20952,689227361591.6914,1563831320466.133,2.736653372818721,6.446790997543336,39222276429053.66,790376576298.8131,116078184555.38542,1886176383738.85,4279664257673.197,0.0026565050201642,5.353180727681358e-05,7.861916953257542e-06,0.0001277497761095,0.000289859503838,0.0003537091106287,7.127668797350253e-06,1.0468008275028729e-06,1.7009664708979976e-05,3.8594298347500497e-05
660,660,0.02,7100,100000.0,17.15,2.43,0.81,2.466923813806859,,0.71,9191.0,2.6171250355851554,7100.0,0.2341040091032482,0.0161640126633994,0.0063202106393905,-2.3597857968395447e-05,-4.82888525075718e-06,15922588716500.084,320859529362.74005,45404846581.457855,755912550159.6685,1723023761675.519,3.032839987318904,7.937321459736069,48290663761034.24,973115610963.642,137705634330.3254,2292561809040.449,5225655363510.151,0.0029480225150319,5.9406239372603634e-05,8.406579633310583e-06,0.0001399550824896,0.000319013003086,0.0003920776915623,7.900842371062378e-06,1.1180485629797455e-06,1.861358432140388e-05,4.2427722716014434e-05
661,661,0.02,7110,100000.0,17.15,2.43,0.81,2.465474233643515,,0.7110000000000001,9390.0,2.8871430416072945,7110.0,0.2542135071707889,0.0162264048245574,0.0059467945307213,2.0572711546220465e-05,-3.330406638578709e-06,17565378265138.78,353963736901.05426,48194175847.31662,823096629962.0043,1884975467111.0647,2.796861614132592,8.07493954758146,49127932207485.59,989987588533.4868,134792440452.11597,2302087369062.628,5272015527544.592,0.0032485569829788,6.546237444332866e-05,8.913074579124408e-06,0.0001522242370513,0.000348609072005,0.0004315632193981,8.696523783401308e-06,1.184081172119543e-06,2.022263489805731e-05,4.6311902242804425e-05
662,662,0.02,7120,100000.0,17.15,2.43,0.81,2.4640278744357498,,0.7120000000000001,9293.0,2.992717868035531,7120.0,0.2328550383235779,0.0162601011328384,0.0064750921436461,7.921697743682693e-05,2.152209420418062e-06,18207695509128.17,366907210621.15607,47991950764.3241,841993766202.0603,1937506629842.6047,3.057696346731382,9.150822491889972,55673604040658.6,1121890837505.7107,146744812524.58615,2574561262886.637,5924306943837.565,0.0033637756061777,6.778416984178106e-05,8.866259499615743e-06,0.000155553902463,0.0003579441195622,0.0004463469078812,8.994433087811203e-06,1.176483801374366e-06,2.0640795196249823e-05,4.749640572559809e-05
663,663,0.02,7130,100000.0,17.15,2.43,0.81,2.4625847247157733,,0.713,9140.0,3.0166305917251965,7130.0,0.2555476426623499,0.017046056166343,0.0061155243244886,-2.601420954255164e-05,-2.4569056508374387e-05,18353180520056.098,369838910545.5091,46395170996.69259,837430822290.2528,1936459706708.7915,2.7900863908264366,8.416659960123171,51206959197389.38,1031882511111.1008,129446535197.9374,2336504340530.6265,5402889874071.952,0.0033870290171566,6.825275435624581e-05,8.562101279939896e-06,0.0001545455563878,0.0003573683160806,0.0004489091812326,9.046066012347369e-06,1.1348015785336934e-06,2.048311922625512e-05,4.73647900143893e-05
664,664,0.02,7140,100000.0,17.15,2.43,0.81,2.4611447730719327,,0.7140000000000001,9376.0,3.1213332605577264,7140.0,0.2586382606132247,0.0163693559514721,0.0061793672055346,0.0001514958153372,-6.022492197097725e-06,18990191557233.207,382675457744.37726,46345570691.88856,854814161348.2462,1986569426485.2104,2.7606124411257804,8.616791431995358,52424559072259.76,1056418629562.6309,127942159043.1019,2359810608668.4688,5484148273915.178,0.0035005961068445,7.054126934568424e-05,8.543206309665663e-06,0.0001575739305352,0.0003661983703203,0.0004634557380374,9.339196825015552e-06,1.131063928715139e-06,2.086174469796965e-05,4.848223868303779e-05
665,665,0.02,7150,100000.0,17.15,2.43,0.81,2.459708008149041,,0.715,9298.0,3.0847139746758927,7150.0,0.2331495487069332,0.0164151596982639,0.006410970069679,-7.015611991299431e-05,1.64768695149788e-07,18767399821928.133,378185933295.26447,44429723780.594696,833239981325.0614,1946361899338.531,3.066701196572969,9.45989603722392,57554007490470.33,1159783254163.6526,136252687081.35625,2555298047762.004,5968910365665.51,0.0034555579590064,6.963369588661956e-05,8.180647670068115e-06,0.0001534207762689,0.000358374970224,0.0004569924373204,9.208953454222942e-06,1.0818785741563752e-06,2.0289671107966e-05,4.739456060648232e-05
666,666,0.02,7160,100000.0,17.15,2.43,0.81,2.4582744186475742,,0.7160000000000001,9312.0,3.049555050137676,7160.0,0.2590893385149684,0.015413964958356,0.0064449744700896,0.0001857707250432,-3.768010827386015e-05,18553492925037.62,373875449146.8791,42566838676.41589,812328926206.039,1907469090830.1365,2.763525524067964,8.427523218105826,51273051258955.84,1033214346539.7744,117634545161.15868,2244891721509.11,5271339518879.795,0.003412436563332,6.876474731500901e-05,7.829072254574717e-06,0.0001494069575167,0.0003508297491622,0.0004507738956305,9.0836422755272e-06,1.034199855109329e-06,1.973626616178252e-05,4.634368721525531e-05
667,667,0.02,7170,100000.0,17.15,2.43,0.81,2.456843993323478,,0.7170000000000001,9169.0,2.940845236224905,7170.0,0.237948426793082,0.0164563533089095,0.006125655458058,0.0001143700749597,-2.9063390522062577e-05,17892102417192.32,360547625961.1733,39741297350.65572,773274430000.1764,1823359126673.436,3.0132579973873805,8.861525427133275,53913520698678.84,1086423017366.5396,119750782068.41324,2330075360373.2,5494251470558.0,0.0032871654016214,6.624038103859171e-05,7.301334109349805e-06,0.0001420672033384,0.0003349904274062,0.0004337463601269,8.740516724452476e-06,9.634218869666102e-07,1.874597862068808e-05,4.420248475880538e-05
668,668,0.02,7180,100000.0,17.15,2.43,0.81,2.455416720988046,,0.718,9286.0,2.8971930520377143,7180.0,0.2147734040190698,0.0158119082639907,0.0063913798538925,1.560321940997489e-05,1.970843838353429e-05,17626522528597.453,355195868179.8238,37862689133.54031,752852656435.9426,1780420463911.668,3.3430582491314813,9.685485131941094,58926491542729.61,1187440477175.9785,126577175242.18285,2516830283478.727,5952049318802.401,0.0032345756617666,6.518063381535015e-05,6.9480371163222695e-06,0.0001381531085018,0.0003267181425568,0.0004263680097674,8.591833990383028e-06,9.15860708436406e-07,1.82107553121698e-05,4.306659629065671e-05
669,669,0.02,7190,100000.0,17.15,2.43,0.81,2.4539925905075,,0.7190000000000001,9229.0,2.7835644103989114,7190.0,0.2372054983561611,0.0167180718077315,0.0068560026855237,0.0001524447934287,-2.172476575553637e-05,16935205872866.98,341264996714.90656,35139536844.11026,714732620445.4642,1695340710727.8745,3.031127039561412,8.437337350720961,51332760441786.33,1034417559198.3898,106512400285.8471,2166445371888.8303,5138793069556.522,0.0031042395644651,6.255420292627081e-05,6.441110983081461e-06,0.0001310111784324,0.0003107575868281,0.0004087396050917,8.236600194650524e-06,8.481101747798602e-07,1.7250426786671514e-05,4.091789009244798e-05
670,670,0.02,7200,100000.0,17.15,2.43,0.81,2.4525715908021164,,0.72,9339.0,2.706774239911937,7200.0,0.2618913193964545,0.0167788322297271,0.0069241301670546,1.552124929250368e-05,2.952213296699443e-07,16468014475624.229,331850521813.2035,32966131958.957127,686659386000.9418,1633740880499.679,2.749232016010636,7.441550400478753,45274392636512.73,912334079098.6952,90631545425.59636,1887785968087.9944,4491532734535.124,0.0030153924393703,6.076382529040194e-05,6.036296920400704e-06,0.0001257314610716,0.000299147775601,0.0003965864521973,7.991699381886397e-06,7.938978518402945e-07,1.6536286761541212e-05,3.934411768742424e-05
671,671,0.02,7210,100000.0,17.15,2.43,0.81,2.4511537108465093,,0.7210000000000001,9071.0,2.5113361798430778,7210.0,0.2588713579752948,0.0177764747123287,0.0061163119992495,-2.2528722233850367e-05,5.134280946200847e-06,15278969318165.283,307889815648.7613,29468790922.50483,629327718779.3102,1502019711815.619,2.7851671410817422,6.994491008308689,42554483294550.06,857524597618.6453,82075508164.76837,1752782883316.066,4183375946605.9287,0.0027943203496589,5.630895379161446e-05,5.38945006301558e-06,0.0001150956726576,0.0002746994354733,0.0003671381791352,7.398280861601709e-06,7.081052403020163e-07,1.5122108562473212e-05,3.609201448985541e-05
672,672,0.02,7220,100000.0,17.15,2.43,0.81,2.449738939669379,,0.722,9171.0,2.4101033533210336,7220.0,0.257164178736275,0.0166555970126989,0.0064359681711476,5.158461572509682e-05,8.478724177908676e-06,14663068801605.17,295478671117.15875,27208846390.321285,596519224501.4271,1428267767700.9229,2.80754498370638,6.766473579830393,41167225259688.12,829569660887.2063,76390060195.58397,1674754556433.402,4009926006598.2354,0.0026786149848976,5.397734995865325e-05,4.970448181687129e-06,0.0001089707315124,0.0002609126027282,0.0003515615272128,7.084392379404599e-06,6.52358910682771e-07,1.4302136368247813e-05,3.4244127506711426e-05
673,673,0.02,7230,100000.0,17.15,2.43,0.81,2.4883915651624817,,0.723,9065.0,2.382772934118419,7230.0,0.2634458516258746,0.0155667141872839,0.0063780926489884,-4.6467219700935085e-05,1.1143664815483124e-05,14496790531176.46,292127961722.9181,25840409328.709328,582399027182.521,1399016033670.1248,2.744396981535122,6.539274848078176,39784948175707.62,801715096374.3842,70916341363.34189,1598334132248.702,3839455379923.529,0.0026453584189237,5.330718970415136e-05,4.715329522015982e-06,0.000106275535017,0.0002552909097306,0.0003467982367069,6.9884062820959405e-06,6.181649911895977e-07,1.3932391121495268e-05,3.3467841903222454e-05
674,674,0.02,7240,100000.0,17.15,2.43,0.81,2.486950769935965,,0.7240000000000001,9054.0,2.670546335877764,7240.0,0.2370772103704439,0.0171129095300143,0.0063012665010736,0.0001002825091556,-9.393071219393016e-06,16247603907480.316,327408980778.6139,27773323632.63005,644492729175.4451,1553346687439.6963,3.0538574284247613,8.155467765772839,49617865886961.945,999860348083.75,84815770687.55226,1968188908558.181,4743699320356.713,0.0029614069316249,5.96759516464862e-05,5.062168771979218e-06,0.000117469951042,0.0002831243101195,0.0003878154038524,7.814952089466428e-06,6.629237629282125e-07,1.538345035172156e-05,3.707696078404439e-05
675,675,0.02,7250,100000.0,17.15,2.43,0.81,2.4855131159395008,,0.725,9139.0,2.902962579584382,7250.0,0.2648771574758939,0.0159084269466193,0.0068188045557818,0.0001079900666134,-8.89165971745359e-07,17661624334191.38,355903212257.0452,28899143345.689133,691621040999.3643,1673988423285.664,2.7371178659148105,7.945750740662557,48341947506190.99,974149040805.2296,79100361561.11884,1893048307761.96,4581903620709.755,0.0032153767861091,6.479375311916263e-05,5.261216799424397e-06,0.0001259126679367,0.0003047569925959,0.0004206525787416,8.476661103505201e-06,6.883001779318023e-07,1.6472560445368764e-05,3.986991987342675e-05
676,676,0.02,7260,100000.0,17.15,2.43,0.81,2.4840785921928004,,0.7260000000000001,9101.0,3.02478466100435,7260.0,0.2638474169998517,0.0169448849196828,0.0063798167235578,0.0001773125010379,-4.191505954424637e-06,18402789877550.465,370838599439.1333,28766422302.56433,711307120107.6385,1729751342992.4167,2.751590325405415,8.322968209654267,50636938587536.56,1020395902503.6128,79153409304.26256,1957225790080.1653,4759567060734.957,0.0033463680476315,6.74333863641723e-05,5.230893635068189e-06,0.0001293442697883,0.0003145384293931,0.0004373567191229,8.813269849518224e-06,6.836565631008722e-07,1.690477098358589e-05,4.110889584152065e-05
677,677,0.02,7270,100000.0,17.15,2.43,0.81,2.482647187768678,,0.727,9071.0,3.090074951391157,7270.0,0.2620809451709647,0.0166296442594496,0.0058153043660347,7.866987223797269e-06,1.3808992619508055e-05,18800016004263.8,378843189040.5559,28012840287.26216,717121583695.2933,1752289956447.1348,2.773952144921304,8.571720039379091,52150344719582.4,1050892876827.8768,77706278400.18877,1989260955260.921,4860768483210.586,0.0034147683582374,6.88117358185252e-05,5.088153149210422e-06,0.0001302554259771,0.0003182797448882,0.00044581863981,8.983787843640057e-06,6.642891341820994e-07,1.7005632811638072e-05,4.1553343611984806e-05
678,678,0.02,7280,100000.0,17.15,2.43,0.81,2.481218891792837,,0.728,9098.0,3.128914139702472,7280.0,0.2418640944670187,0.0162376658820757,0.006433984940007,4.5602006548449576e-05,2.0701983117424275e-05,19036313625949.84,383604873527.5231,27337795421.65612,716476020981.3967,1759330261555.1875,3.009954832709872,9.417890235931706,57298444195408.51,1154633342925.2273,82285529445.04762,2156560461873.6943,5295504623100.76,0.0034537852848098,6.95979743454455e-05,4.959934859328494e-06,0.0001299912570683,0.0003191977757813,0.0004504357017166,9.076827256815178e-06,6.468646874652432e-07,1.695319722165058e-05,4.1629129278197614e-05
679,679,0.02,7290,100000.0,17.15,2.43,0.81,2.479793693443625,,0.7290000000000001,9034.0,3.1008159695045463,7290.0,0.2409947678934259,0.0153202704234036,0.0065814303122401,0.0001933735221258,-3.631422459585725e-05,18865364358465.66,380160037861.2574,26192283727.20158,700469614727.4053,1728681495865.2483,3.0249619374408274,9.37985028275993,57067009120311.41,1149969644666.3674,79230661329.43555,2118893922884.242,5229195726950.649,0.0034186575118956,6.889010699513581e-05,4.746393751866151e-06,0.0001269345062592,0.0003132603149995,0.0004454084589015,8.975522199429051e-06,6.183959402198923e-07,1.653798387747916e-05,4.081391413250908e-05
680,680,0.02,7300,100000.0,17.15,2.43,0.81,2.4783715819516576,,0.73,9068.0,3.0784241645177617,7300.0,0.2617250423263613,0.0171502223513008,0.0066716680816455,4.062729461672974e-05,-3.4013813542586674e-06,18729132616926.062,377414802569.8776,25109627877.741844,685908132100.5841,1701455780228.8916,2.7891866728202395,8.586299652960722,52239047088613.02,1052680337452.9844,70035439436.0731,1913125820833.973,4745677786607.387,0.0033900830276835,6.831429638297153e-05,4.544990152018714e-06,0.0001241534012676,0.0003079734913989,0.0004412211677454,8.891143189610859e-06,5.915329642045836e-07,1.6158633354863415e-05,4.008291903178663e-05
681,681,0.02,7310,100000.0,17.15,2.43,0.81,2.4769525465990787,,0.7310000000000001,9060.0,3.0195044923530263,7310.0,0.2639491733443719,0.0165810790643906,0.0065941067778273,-3.971451913642431e-05,-1.2435690082417762e-05,18370665331475.81,370191250762.481,23752627713.521404,663458834158.2273,1654430382407.6365,2.769472587232813,8.362434918598037,50877054044750.47,1025234521020.1194,65782251327.34395,1837431053958.652,4581899591563.05,0.003321362327563,6.692949069020901e-05,4.294405316564692e-06,0.000119951408286,0.0002991161532015,0.0004318252201118,8.701803416454863e-06,5.583349054349103e-07,1.5595420847640264e-05,3.888943329770501e-05
682,682,0.02,7320,100000.0,17.15,2.43,0.81,2.4755365767199136,,0.732,9036.0,2.93756292774191,7320.0,0.2601840791285212,0.0158150038659913,0.0063157206814167,7.291815890802255e-05,-2.7998021670148903e-05,17872132852381.785,360145214941.1582,22255413213.4462,636385908335.4062,1595465534199.6704,2.8133927427527925,8.264518222288737,50281328864404.68,1013229934052.599,62613218021.67415,1790403496100.9756,4488671155229.56,0.0032274748689246,6.503754420285359e-05,4.019038322802003e-06,0.0001149230225096,0.0002881203356307,0.0004191852979538,8.447093610970186e-06,5.219937707502733e-07,1.4926232856626333e-05,3.742114614146156e-05
683,683,0.02,7330,100000.0,17.15,2.43,0.81,2.4741236616994104,,0.733,9117.0,2.8743474494641648,7330.0,0.2674616374724792,0.0152485236956408,0.0058494458385031,1.868002843651361e-05,-2.769879340274156e-06,17487529882539.98,352394997304.30664,20942202246.572025,613817857712.447,1547366453694.2634,2.740579946069548,7.877378978037643,47925973702381.02,965766662707.4152,57393779503.48792,1682216911386.1035,4240681472215.252,0.0031541198843563,6.355935204176257e-05,3.7772182218870425e-06,0.0001107106105543,0.0002790891185184,0.0004092751689473,8.247392457748636e-06,4.901277321706005e-07,1.4365688528085113e-05,3.6214300762479526e-05
684,684,0.02,7340,100000.0,17.15,2.43,0.81,2.472713790973559,,0.7340000000000001,9029.0,2.745343182850531,7340.0,0.262786059107384,0.0163776448504319,0.0064053759274472,-1.3200530133838272e-05,-6.585549522720294e-05,16702667924462.629,336579074217.47504,19205452779.210644,577793978748.527,1464771392957.2786,2.793146647478969,7.668146107358203,46653000917167.31,940114712762.1156,53643646043.56786,1613863314674.9832,4091321305561.723,0.0030090084797168,6.063518073854178e-05,3.45988859569008e-06,0.0001040903758277,0.0002638805705883,0.0003900605997674,7.860195517996554e-06,4.485086133391244e-07,1.3493333335245034e-05,3.420708659497109e-05
685,685,0.02,7350,100000.0,17.15,2.43,0.81,2.471306954029141,,0.735,8852.0,2.5814817290965264,7350.0,0.2641109054948174,0.0156000923833695,0.0064608470861941,1.7322571448699397e-05,-9.826398462225689e-06,15705734839823.266,316489659987.23413,17309859177.798717,535338028424.1116,1364980884596.234,2.7829218131790574,7.184061814225913,43707832077750.46,880765978424.0969,48171984688.95376,1489803876725.7305,3798635078315.3057,0.0028260513128986,5.694837129542662e-05,3.1146935023677905e-06,9.632740865053113e-05,0.000245611304427,0.0003659841691539,7.375026156850474e-06,4.033644075854266e-07,1.2474758140736216e-05,3.1807578572722334e-05
686,686,0.02,7360,100000.0,17.15,2.43,0.81,2.469903140403237,,0.7360000000000001,8964.0,2.4929326473653504,7360.0,0.2661379416258569,0.0172330230744504,0.0060242786935435,0.0001125740586067,-2.34644516881467e-05,15167002226570.793,305633542566.99194,15992527223.222208,509935857451.0254,1306221231255.3633,2.7654831757686265,6.894163294613219,41944089484426.82,845224419919.5806,44227064973.842766,1410219034501.9592,3612332838868.488,0.0027260298745863,5.4932817656852526e-05,2.8744049964115228e-06,9.165294240539032e-05,0.000234772702346,0.0003526660317246,7.106649488730638e-06,3.718612965705857e-07,1.1857125923426476e-05,3.0372505476015675e-05
687,687,0.02,7370,100000.0,17.15,2.43,0.81,2.468502339683013,,0.737,8885.0,2.341931240298502,7370.0,0.2678289685463824,0.015912235671423,0.0064109629994332,9.874243644090884e-05,1.7724358457963072e-05,14248309665976.09,287120770060.59644,14344084151.848598,473168194109.8854,1215885648201.298,2.7517561076383976,6.444423594160573,39207873146872.92,790086332644.0862,39471421173.32852,1302043468082.108,3345820758627.794,0.0025576590500768,5.1539940752698936e-05,2.574851158214635e-06,8.493659544496967e-05,0.0002182589377185,0.0003305753427887,6.661495237656104e-06,3.327974087207676e-07,1.0977985573834011e-05,2.8209789397395176e-05
688,688,0.02,7380,100000.0,17.15,2.43,0.81,2.5084087633492334,,0.738,8883.0,2.5681035540078025,7380.0,0.264734058857357,0.0161253053156048,0.0066899547464041,1.6764738857522196e-05,1.076292999928853e-05,15624342022583.47,314849495721.35657,14983972309.735613,512416685891.5185,1321011414735.27,2.7877032641185253,7.159110660101938,43556029256060.19,877706966928.4973,41770868517.31157,1428465667848.5833,3682587832795.3433,0.0028014505677174,5.645263635801516e-05,2.686632030526374e-06,9.18765099691122e-05,0.0002368578575931,0.0003617047259165,7.288790170508574e-06,3.468801175499721e-07,1.1862485899091556e-05,3.0581516393386254e-05
689,689,0.02,7390,100000.0,17.15,2.43,0.81,2.506981496889886,,0.7390000000000001,9063.0,2.8711773633074675,7390.0,0.2641640293859382,0.0149568055586698,0.0065984118173477,9.016717715746488e-05,-5.482295271985473e-06,17468243078362.633,352006344741.49554,15918939374.934875,565680633803.0979,1463160141095.3584,2.7975042692899583,8.032130931741326,48867484588714.23,984739252231.4866,44533300863.94834,1582493988118.816,4093196741369.163,0.0031282405206796,6.303785138647633e-05,2.8507887699706457e-06,0.00010130298007,0.0002620250257043,0.0004035165855959,8.131349999023921e-06,3.6772765492592987e-07,1.306722816175546e-05,3.3799013539385995e-05
690,690,0.02,7400,100000.0,17.15,2.43,0.81,2.505557276618137,,0.74,8867.0,2.976987613468061,7400.0,0.2690167627688424,0.0158409368533368,0.0064063120804928,-0.000183101960564,-2.0004176142228978e-07,18111992640339.688,364978681411.1843,15641520640.36024,579053034822.6819,1502824667480.1306,2.750757954201755,8.188972357307371,49821707821858.05,1003968011005.8835,43026037317.28186,1592834741443.1582,4133906907841.577,0.0032395384948789,6.528064093888225e-05,2.797666123164919e-06,0.0001035703047221,0.0002687975010829,0.0004174842974332,8.412816381544296e-06,3.6053952676550354e-07,1.3347264114999124e-05,3.464034647799644e-05
691,691,0.02,7410,100000.0,17.15,2.43,0.81,2.5041360921045857,,0.7410000000000001,8817.0,3.0639172140240563,7410.0,0.2679253020214673,0.0154751797767033,0.0065135161350936,0.0001566070458642,3.260514445056212e-05,18640872330122.36,375636250439.3493,15311234565.624866,588269050197.6337,1532034956247.7996,2.7656962385009383,8.473864313904606,51554990485795.625,1038895764884.7048,42346223844.95424,1626973499358.1152,4237143315746.489,0.0033302306330939,6.710819783322044e-05,2.735383917550576e-06,0.000105095489995,0.0002737012330706,0.0004287497854942,8.639829668242762e-06,3.521663803820471e-07,1.353049495851876e-05,3.5237603006347554e-05
692,692,0.02,7420,100000.0,17.15,2.43,0.81,2.502717932969474,,0.742,8912.0,3.151253493716241,7420.0,0.2648155179413152,0.0162813093715523,0.0069326474554569,2.194915897976981e-05,4.168595053814597e-06,19172226255769.613,386343678329.6112,15175671399.97546,597125614793.7748,1560614042206.6038,2.801950602322451,8.82965662478895,53719630905215.984,1082515902199.1252,42521481619.80884,1673116476033.5813,4372763455553.669,0.0034211194015105,6.893971706528509e-05,2.707968452113433e-06,0.0001065519464801,0.0002784781958462,0.0004400236455012,8.867011659837441e-06,3.482983229626989e-07,1.37046885603413e-05,3.5817805971568266e-05
693,693,0.02,7430,100000.0,17.15,2.43,0.81,2.501302788882137,,0.743,8761.0,3.112367814390584,7430.0,0.2682015274440346,0.0178245292884154,0.006334237990684,1.2255023777728576e-05,-3.745734703747839e-06,18935645782752.31,381576294044.2855,14423459324.28564,581942951186.0752,1526451447359.328,2.770304878875238,8.622207741060492,52457511896612.04,1057082669054.0164,39957379736.32705,1612159396897.8384,4228735891985.7153,0.0033748917079343,6.800817281274654e-05,2.5706867265967886e-06,0.0001037194328084,0.0002720587610985,0.0004336414051644,8.738401754299296e-06,3.303087330885767e-07,1.3326958159922578e-05,3.495695674404072e-05
694,694,0.02,7440,100000.0,17.15,2.43,0.81,2.4998906495605,,0.7440000000000001,8701.0,3.07519847158394,7440.0,0.2677546492868714,0.0161220248025902,0.0063083385787766,7.056630167037548e-05,3.4097810537835074e-05,18709507501116.688,377019332616.191,13693006453.624496,567272156836.6494,1493494849141.0295,2.778663235098043,8.544940933619985,51987420640144.0,1047609758461.8104,38048253610.64663,1576258286496.7688,4149919229116.477,0.0033303773556372,6.711115447092766e-05,2.43741737301335e-06,0.0001009770217361,0.0002658488699418,0.0004275256899458,8.615162654069622e-06,3.1289503644974093e-07,1.2962576391932083e-05,3.412743043992271e-05
695,695,0.02,7450,100000.0,17.15,2.43,0.81,2.498481504771513,,0.745,8822.0,3.077630995612604,7450.0,0.2715565579392205,0.016118215965642,0.0058290121547925,-0.0001724274491744,-2.0006504844390045e-05,18724306977307.08,377317560062.1052,13145195047.520523,559993808293.2657,1481866063581.688,2.743443228378028,8.443305914359724,51369073182964.56,1035149305100.5022,36063096338.82857,1536311221295.7832,4065415417496.385,0.0033289986704324,6.70833722871505e-05,2.337087128981968e-06,9.9561422781524e-05,0.0002634612945302,0.0004269385260398,8.603330587192855e-06,2.997275255578743e-07,1.276858638313857e-05,3.378847151676951e-05
696,696,0.02,7460,100000.0,17.15,2.43,0.81,2.4970753443302214,,0.7460000000000001,8739.0,2.9894214104750967,7460.0,0.2695980564421916,0.0156913996837224,0.0067023587058736,0.0002685986710544,4.498093385131937e-05,18187639861330.49,366503064924.2469,12225802554.581774,536437935010.2851,1427014452536.089,2.7670822625531826,8.271974960222357,50326695657992.82,1014144130123.2612,33829801394.260616,1484367894927.6167,3948666380019.652,0.0032296643202962,6.508166431103227e-05,2.170992970972047e-06,9.525779441232994e-05,0.000253401634134,0.0004138068770779,8.33871188852036e-06,2.781625990758503e-07,1.220508588938581e-05,3.246756581125066e-05
697,697,0.02,7470,100000.0,17.15,2.43,0.81,2.4956721580996013,,0.747,8589.0,2.864312373340291,7470.0,0.2209264625289506,0.0175299084404213,0.0063577546364908,8.139799047568979e-06,5.813057055960476e-06,17426476479402.33,351164696971.5197,11194223779.992147,506796207881.8405,1355432057498.4722,3.381215592958275,9.684857659841516,58922674002475.79,1187363549096.57,37850083995.97377,1713587240542.2026,4583008008009.352,0.0030907236341154,6.228184049022936e-05,1.985384253856097e-06,8.988432166605243e-05,0.0002403966114148,0.000395633225821,7.972490710990175e-06,2.541424177099749e-07,1.1505792280796115e-05,3.077236858083509e-05
698,698,0.02,7480,100000.0,17.15,2.43,0.81,2.4942719359908416,,0.748,8724.0,2.8210876559041047,7480.0,0.2470988259601654,0.0157349968357725,0.0062026149627879,7.719695536356789e-05,4.493190308249824e-05,17163497298520.572,345865346613.8432,10513218424.97644,492065295939.1502,1323295513536.452,3.027128911250208,8.539796004358392,51956118890516.45,1046978990134.3387,31824867444.53455,1489545083560.2908,4005786107153.884,0.0030403409546735,6.126656821876672e-05,1.8623109257365363e-06,8.716441909227383e-05,0.0002344084935001,0.0003888237600503,7.835271693323227e-06,2.3816760926590358e-07,1.1147301463662812e-05,2.9978082454990857e-05
699,699,0.02,7490,100000.0,17.15,2.43,0.81,2.492874667961755,,0.7490000000000001,8665.0,2.7029607409712337,7490.0,0.2199805821001064,0.016289244599758,0.0067049892391677,9.725101971457615e-07,-1.7990159893126027e-06,16444813148068.986,331382986843.07324,9582366560.13383,464674754396.87335,1256692536062.8457,3.4048459770833466,9.203165005110126,55992055891090.016,1128308029626.5017,32626482233.20965,1582145968160.3862,4278844525844.248,0.0029094286777143,5.862852660877471e-05,1.6953194797289946e-06,8.221060610900942e-05,0.0002223349861485,0.0003717450888868,7.491115696503211e-06,2.166152741639049e-07,1.0504257866682791e-05,2.840830566548316e-05
700,700,0.02,7500,100000.0,17.15,2.43,0.81,2.491480344018054,,0.75,8834.0,2.644383028314857,7500.0,0.2646546660116655,0.0173214972600348,0.0062470869382095,9.08221061977938e-05,1.378848407687066e-05,16088426344267.594,324201359271.40155,8894699702.795134,447965165284.2925,1218507606208.8984,2.8338816439644456,7.493868523552587,45592696097293.945,918748280987.5472,25206526216.327137,1269480259034.6553,3453106338266.454,0.0028430237022328,5.729038558411329e-05,1.5718033285648294e-06,7.916097916759117e-05,0.0002153253482766,0.0003629118424656,7.313115037194806e-06,2.0064062129174814e-07,1.010489528403714e-05,2.7486270624925807e-05
701,701,0.02,7510,100000.0,17.15,2.43,0.81,2.4900889542119966,,0.7510000000000001,8735.0,2.4954108144179696,7510.0,0.2223565928879907,0.0149321838643204,0.0063060509272149,5.26728653737729e-05,-2.4702012365720068e-06,15182079394918.926,305937365847.64307,7940653959.175167,416463618981.4727,1139529169817.2383,3.3774577593852,8.428144618009712,51276831855971.086,1033290530167.9908,26819223329.008976,1406588281430.6162,3848711636645.0063,0.0026794964460261,5.399511247251935e-05,1.4014519032125686e-06,7.350197281497025e-05,0.0002011163478495,0.0003417205319333,6.886084354868976e-06,1.7872943647862608e-07,9.37382592379579e-06,2.5648694354330925e-05
702,702,0.02,7520,100000.0,17.15,2.43,0.81,2.4887004886423187,,0.752,8756.0,2.37311813288827,7520.0,0.2477087805937117,0.0151383262126255,0.006366982361453,0.0001701823789083,1.432337522916442e-05,14438050720492.234,290944283092.10187,7120744459.236135,390095738133.75366,1073857237179.4592,3.0358229457897954,7.204366480892047,43831365669747.21,883255330557.3649,21617319420.454605,1184261592881.2566,3260040441131.8364,0.0025449650272933,5.128414075380701e-05,1.255158744616937e-06,6.876136052337765e-05,0.0001892865710084,0.0003242669481662,6.5343734130807244e-06,1.599261644919312e-07,8.761234944116e-06,2.411796549323662e-05
703,703,0.02,7530,100000.0,17.15,2.43,0.81,2.529942727629489,,0.753,8612.0,2.53351603199428,7530.0,0.2484531806730956,0.0149962694208267,0.0058175567272388,5.8483699029714486e-05,-1.4701128900253054e-05,15413911538653.195,310609065522.49866,7142155538.072073,410101170682.1132,1135947535239.8953,3.030752103716338,7.678459043765732,46715744822270.7,941379078765.6788,21646102922.08123,1242914985781.3477,3442775382139.7017,0.0027137104666122,5.468456660201557e-05,1.2574188056831405e-06,7.220074128875081e-05,0.0001999902950119,0.0003454318435721,6.960871798478975e-06,1.600585255993284e-07,9.190529158324131e-06,2.545703277945808e-05
704,704,0.02,7540,100000.0,17.15,2.43,0.81,2.528527322434917,,0.754,8612.0,2.779733740036152,7540.0,0.2720307365525514,0.0164092660069782,0.0062182410788217,0.0001133622396421,-1.4933102453472427e-05,16911900074379.943,340795356528.4321,7494162163.137464,442977389436.0126,1234832910883.0898,2.771745610644777,7.704714792706391,46875484798825.69,944598033585.8036,20771911081.13644,1227820634784.15,3422642700619.917,0.0029736308133455,5.992227773112576e-05,1.317703595131444e-06,7.788901359687173e-05,0.0002171215047975,0.0003781806895572,7.620800877665967e-06,1.675830274566676e-07,9.90577604280973e-06,2.7613098449724835e-05
705,705,0.02,7550,100000.0,17.15,2.43,0.81,2.527114875574344,,0.755,8530.0,2.923143319642572,7550.0,0.2477296243123419,0.015513622190159,0.0061040172432763,0.0001786610300979,1.4794645665053992e-05,17784403956705.41,358377370988.1793,7880794389.756374,458640384484.5162,1286434704025.4924,3.0476774915223,8.908798099768443,54201127638991.21,1092218647031.611,24018119676.975723,1397787976496.5938,3920638091771.645,0.0031232312895967,6.293690928740285e-05,1.3839959823722522e-06,8.054472913356369e-05,0.0002259189079047,0.0003968386609165,7.996781694339852e-06,1.7585092535024666e-07,1.0234036319920837e-05,2.870532105235484e-05
706,706,0.02,7560,100000.0,17.15,2.43,0.81,2.5257053771233093,,0.7560000000000001,8439.0,2.9996478207890966,7560.0,0.2505662956700689,0.0148673741827255,0.0056836733010832,-6.363743312861745e-06,2.942235913580878e-05,18249857341680.863,367756822828.7432,8087050524.8474045,464636390403.6553,1307681847502.506,3.017165568810008,9.050434123440834,55062841207014.03,1109583223533.8462,24399970396.79649,1401884919142.0732,3945492645242.421,0.0032008175538045,6.45003668797562e-05,1.4183767463933337e-06,8.149194192021135e-05,0.0002293525332232,0.0004063533529797,8.188514312182974e-06,1.8006716627769413e-07,1.0345645536950727e-05,2.9116989432559424e-05
707,707,0.02,7570,100000.0,17.15,2.43,0.81,2.524298817203652,,0.757,8411.0,3.049070629333362,7570.0,0.2706108697802847,0.0162310694325597,0.00629276098058,7.679380497916043e-05,-1.748482847281942e-05,18550545708864.17,373816059156.2701,8220294416.682743,466185323633.6835,1316601399071.9,2.7973746975301697,8.529393029479536,51892827191353.5,1045703585414.1912,22995243607.47683,1304095028692.7795,3683027440496.554,0.0032495338813822,6.548206013436237e-05,1.4399643892515574e-06,8.166255742152752e-05,0.0002306315362202,0.000412148713742,8.305297880468616e-06,1.826352617107944e-07,1.035752179566431e-05,2.925173100859932e-05
708,708,0.02,7580,100000.0,17.15,2.43,0.81,2.5228951859825623,,0.758,8423.0,3.0751277590565715,7580.0,0.2508507194961566,0.0155936434590171,0.0062003251548877,0.0001220211300481,-6.323105098435939e-07,18709077286100.18,377010663260.3357,8290544438.416516,464010612197.6643,1315118993753.057,3.0217174641654294,9.292167254081145,56533545573829.664,1139219705350.348,25051682917.00276,1402108970435.775,3973918030879.2783,0.0032732266157721,6.59594975499119e-05,1.4504633392704932e-06,8.118048060951205e-05,0.0002300852376326,0.0004147673615881,8.358066819642357e-06,1.837956618740277e-07,1.0286795785118724e-05,2.915528258673869e-05
709,709,0.02,7590,100000.0,17.15,2.43,0.81,2.5214944736733504,,0.759,8405.0,3.0606215402061747,7590.0,0.2763226723473053,0.0159260919586011,0.0068261011700965,-8.11058719988357e-05,1.1842014114743944e-05,18620821450614.367,375232200829.277,8251435672.395847,455692103092.86255,1296241304905.4265,2.746788721867982,8.406880728544534,51147462352464.94,1030683577319.5598,22664950444.156063,1251689929419.7766,3560500997133.6606,0.0032537055289082,6.55661239060068e-05,1.4418129694175718e-06,7.96252689090756e-05,0.0002264984663407,0.0004119122203481,8.300532250934106e-06,1.82530464506675e-07,1.0080390195348e-05,2.867422553976318e-05
710,710,0.02,7600,100000.0,17.15,2.43,0.81,2.5200966705344725,,0.76,8509.0,3.066725609505838,7600.0,0.2763770655838016,0.016762621386545,0.006815191528028,1.7069210997357622e-05,-1.2203183094199732e-05,18657958608233.52,375980559725.4158,8267892243.227739,450459061307.3445,1286127324528.2769,2.7498663769174323,8.433085640811722,51306893038698.52,1033896299563.5172,22735598887.628403,1238702226866.8547,3536678286155.083,0.0032560840422571,6.5614053842985e-05,1.4428669588963093e-06,7.861163120844891e-05,0.0002244478480008,0.0004118372823763,8.29902215965442e-06,1.824972572791869e-07,9.942986771808012e-06,2.838869960242708e-05
711,711,0.02,7610,100000.0,17.15,2.43,0.81,2.5187017668693867,,0.7610000000000001,8499.0,3.0123301292585207,7610.0,0.2763651210943862,0.0157687433886905,0.0063739256798095,-7.438455242913786e-05,-3.762080847883696e-06,18327016506408.84,369311673847.09467,8121242028.480972,436436197995.3768,1250840938189.7112,2.753603627644813,8.294763171590033,50465339135953.75,1016937964836.938,22362681510.606728,1201772298035.579,3444320145005.8306,0.0031942703942032,6.43684336504473e-05,1.4154755067015164e-06,7.606776726194163e-05,0.0002180127995912,0.0004036587725588,8.13421523926886e-06,1.788731181490118e-07,9.61265571629989e-06,2.755019714198549e-05
712,712,0.02,7620,100000.0,17.15,2.43,0.81,2.517309753026559,,0.762,8513.0,2.9507522172987963,7620.0,0.272998371579888,0.0164545076508605,0.0063147373157158,-7.386326582194324e-05,3.1713629768731155e-05,17952376490045.875,361762221840.8324,7955227977.837555,421604985706.5136,1213052357813.6233,2.7912254406140824,8.236214657872814,50109129978498.2,1009759917055.2068,22204834717.625103,1176794561993.757,3385902601926.2817,0.0031251946824877,6.297647404224093e-05,1.3848660197217093e-06,7.339405232342796e-05,0.000211171193982,0.0003945551235935,7.950765639805286e-06,1.7483902255232509e-07,9.265982547510975e-06,2.6660315598218544e-05
713,713,0.02,7630,100000.0,17.15,2.43,0.81,2.515920619398848,,0.763,8367.0,2.821808372910213,7630.0,0.2755627077949611,0.017578414997558,0.0066793160515534,-6.644608969080313e-05,2.3510252460746336e-05,17167882140785.736,345953706518.7921,7607595373.365934,397530061015.74194,1148358628568.2627,2.7688797446704143,7.813248047092468,47535801118510.57,957904210573.5364,21064516734.96129,1100712933844.0815,3179666946260.158,0.0029847847988448,6.014704410558583e-05,1.3226462553724256e-06,6.911403942975605e-05,0.0001996520799749,0.0003764956614495,7.586845511786779e-06,1.6683634176000946e-07,8.717927001177476e-06,2.518377269243533e-05
714,714,0.02,7640,100000.0,17.15,2.43,0.81,2.514534356423117,,0.764,8347.0,2.7257728355616964,7640.0,0.2961339372441216,0.0158718443555407,0.0065799915796866,0.000101066227302,-2.887107019631363e-05,16583601931557.36,334179749639.864,7348683564.674334,378541761424.0803,1097988842121.6116,2.5799136941545044,7.032258665619975,42784261721631.93,862154912405.009,18958969362.51145,976605074107.3522,2832716449818.394,0.002879470622465,5.802483535736691e-05,1.2759784349385083e-06,6.572757148268496e-05,0.0001906477632381,0.0003628955738009,7.312787203813384e-06,1.6080974144764178e-07,8.283552046568347e-06,2.4027065563517257e-05
715,715,0.02,7650,100000.0,17.15,2.43,0.81,2.513150954580949,,0.765,8544.0,2.688591269278379,7650.0,0.2728664361056871,0.0153272055887893,0.0059912230796968,-4.709257271576506e-05,-6.61782937758623e-05,16357389282289.658,329621289613.52924,7248442061.97451,367993608207.5961,1073016491362.7356,2.803569434621481,7.537652304739036,45859076622032.3,924116172561.0056,20321510613.576443,1031695632106.8892,3008276238029.35,0.0028366924967315,5.716280409258605e-05,1.257022184613475e-06,6.381731761913259e-05,0.0001860821294516,0.0003571657839585,7.197324969316816e-06,1.582707024247809e-07,8.035189680881618e-06,2.3429458682200226e-05
716,716,0.02,7660,100000.0,17.15,2.43,0.81,2.511770404397004,,0.7660000000000001,8461.0,2.552820021099941,7660.0,0.2542017658897748,0.0177394185646429,0.0063426329322422,0.0002348676143722,-1.4190136053180067e-05,15531357008372.04,312975734586.8528,6882402776.885441,344297641132.0197,1009790087384.3192,3.0133543617165413,7.69255134525882,46801482384554.66,943106794928.7314,20739118426.81778,1037490798633.8882,3042855364237.6665,0.0026901011034108,5.420880921731971e-05,1.192063210847422e-06,5.963390473940878e-05,0.0001749001987927,0.0003383922219809,6.819014861089445e-06,1.4995158291596365e-07,7.501446508677373e-06,2.2000982349459545e-05
717,717,0.02,7670,100000.0,17.15,2.43,0.81,2.510392696439745,,0.767,8331.0,2.3972450577007005,7670.0,0.2802661961923149,0.016814472852189,0.0068756447269101,0.0001498602620258,-2.1883837119949847e-05,14584838931051.06,293902244074.1059,6462972675.561089,318514248388.9942,939761875032.4714,2.736683946977661,6.560502066381043,39914094571862.266,804317553338.316,17687113570.96329,871672830449.8158,2571831237382.991,0.0025228262910178,5.083801829039901e-05,1.11793880351481e-06,5.509530298540181e-05,0.0001625561980379,0.000317079293114,6.389533421398488e-06,1.405071949762669e-07,6.924606655129669e-06,2.0430738552516964e-05
718,718,0.02,7680,100000.0,17.15,2.43,0.81,2.5530592756829544,,0.768,8258.0,2.279153397384554,7680.0,0.2792465697748412,0.0146950811371082,0.0061702073549565,0.0001151858761874,-2.2271073100038545e-05,13866369269687.629,279424206519.3463,6144597559.348758,298259226120.662,885396886689.9867,2.750257597145221,6.26825894621621,38136087428779.42,768488546806.1074,16899226118.998903,820289702557.0049,2435069514107.8623,0.0023955331117251,4.8272905900313424e-05,1.0615314380688824e-06,5.1526815574677726e-05,0.0001529598352555,0.0003008058864423,6.061604483535868e-06,1.3329596808819494e-07,6.470196282668047e-06,1.920708948205293e-05
719,719,0.02,7690,100000.0,17.15,2.43,0.81,2.5516541194597138,,0.769,8377.0,2.6103620613653216,7690.0,0.2510309867839169,0.0144752520699816,0.0068183164574535,0.0002259165028401,2.98241961316729e-05,15881442781346.615,320030388723.3884,7037536117.440908,336374641413.6688,1004819692497.9806,3.0633668371066154,7.996496571627789,48650685141783.48,980370479681.567,21558554757.10852,1030438921350.2625,3078131323269.9805,0.0027401824781197,5.521800983193296e-05,1.214255746385736e-06,5.8038045483383385e-05,0.0001733714847549,0.000343767194241,6.927327089735832e-06,1.5233339179386464e-07,7.281112193939569e-06,2.1750167863457608e-05
720,720,0.02,7700,100000.0,17.15,2.43,0.81,2.5502518403709007,,0.77,8278.0,2.7963585142028884,7700.0,0.2480418761133478,0.0143131620369395,0.0063755470645457,4.542290885567967e-05,-1.1413996635240768e-05,17013045200410.371,342833553841.2741,7538982554.290987,354741992909.14087,1066513697026.0367,3.104314529729378,8.680776365972482,52813843410576.58,1064263182468.2264,23403373082.66181,1101230722893.002,3310793965833.3213,0.0029316903412426,5.907712620584228e-05,1.2991185338576736e-06,6.112919010053522e-05,0.0001837817902405,0.0003674595229801,7.40475633092812e-06,1.628321620569512e-07,7.66196303835584e-06,2.303530083794365e-05
721,721,0.02,7710,100000.0,17.15,2.43,0.81,2.548852428955274,,0.7710000000000001,8206.0,2.920446295959758,7710.0,0.2778698405854811,0.0164844362436756,0.0059686493001005,2.926715429359003e-05,3.112101153154046e-05,17767995264619.168,358046715884.6664,7873523213.907508,364634680401.7835,1103498042094.4731,2.774680398475333,8.103305092199433,49300508180941.34,993465204303.6504,21846510528.56967,1011744700315.1464,3061854387155.443,0.0030576388573337,6.161514199689735e-05,1.3549300393444963e-06,6.27488442518943e-05,0.0001898975344291,0.0003829296945078,7.716499103659501e-06,1.6968745174115833e-07,7.858480638570856e-06,2.378220850782752e-05
722,722,0.02,7720,100000.0,17.15,2.43,0.81,2.547455875794496,,0.772,8288.0,3.044727864297174,7720.0,0.2769091725986072,0.0154306531004116,0.0068451023370651,-3.545185346756015e-05,4.613899461066574e-06,18524124326384.008,373283636162.8336,8208586322.145181,374054142830.4693,1139676077860.288,2.787917759297378,8.488450885101667,51643735184958.55,1040684078513.4648,22884863586.234097,1042832187735.8232,3177323177313.078,0.0031836449463872,6.415431795316858e-05,1.4107670571104609e-06,6.428674092849285e-05,0.000195870202654,0.0003983579848774,8.027397920114612e-06,1.765241826478711e-07,8.043967528374952e-06,2.450853048653128e-05
723,723,0.02,7730,100000.0,17.15,2.43,0.81,2.5460621715135843,,0.773,8278.0,3.092562048919644,7730.0,0.2737371350121975,0.0157558157251464,0.0062484937332242,5.1622122468500986e-05,-4.4333459276302574e-05,18815147505627.12,379148107197.54834,8337547283.88736,373737106101.2797,1146629492405.3823,2.82387700143627,8.733014845458815,53131662319771.42,1070667620053.2506,23544208023.35696,1055387618502.7512,3237940652772.1045,0.0032296944739444,6.508227194371951e-05,1.4311729621555285e-06,6.415345220771162e-05,0.0001968234867239,0.0004037308061598,8.135666803943684e-06,1.7890503836404706e-07,8.019558873667036e-06,2.4604093547339715e-05
724,724,0.02,7740,100000.0,17.15,2.43,0.81,2.5446713067796773,,0.774,8313.0,3.122985385042135,7740.0,0.2546484585027428,0.0169670452388111,0.0063693968255691,-6.751447934142325e-05,-3.084494466247522e-07,19000243082596.348,382878008206.1658,8419568598.073596,371159232950.6433,1146850357595.7295,3.039484332836293,9.49226514951229,57750941169632.766,1163751707330.2063,25591146843.085133,1128132673541.0166,3485833694019.9204,0.0032572037928289,6.563661817896564e-05,1.4433631534297827e-06,6.362767339632964e-05,0.0001966040812388,0.0004068121554472,8.197759739946854e-06,1.802704751949161e-07,7.94685030683186e-06,2.4555089317586253e-05
725,725,0.02,7750,100000.0,17.15,2.43,0.81,2.5432832723029457,,0.775,8064.0,3.019952369878719,7750.0,0.231535460356099,0.0165307094770045,0.0063493350869555,-0.0001055840929192,-4.1180968424772966e-05,18373390218342.125,370246160547.131,8141791589.193027,353411085975.56726,1098319326562.5988,3.347219466115723,10.108443359200358,61499769397374.97,1239295155837.964,27252363296.404163,1182944466518.516,3676315829881.4414,0.0031455990488689,6.338764684275732e-05,1.3939077968032113e-06,6.050541368215733e-05,0.0001880367307248,0.0003925262902073,7.909882179392882e-06,1.739399865876281e-07,7.550220228690733e-06,2.346432561413259e-05
726,726,0.02,7760,100000.0,17.15,2.43,0.81,2.541898058835,,0.7760000000000001,8140.0,3.0176554590374405,7760.0,0.2542010185397885,0.0154434420950769,0.0064081073926024,6.472054944816285e-05,2.481438207182174e-06,18359415812783.785,369964559277.9902,8135599117.5649395,348374704965.11163,1086797767876.1812,3.05270216640984,9.212003357282072,56045828425704.125,1129391611602.7822,24835561051.23247,1063484216569.385,3317669900444.996,0.0031390449291804,6.325557335922513e-05,1.3910034728912805e-06,5.956419649878076e-05,0.0001858178417594,0.0003913678017855,7.8865372286183e-06,1.7342662616928989e-07,7.426306145589013e-06,2.3167276003576592e-05
727,727,0.02,7770,100000.0,17.15,2.43,0.81,2.540515657169849,,0.777,8110.0,2.958792501236765,7770.0,0.2792047085495142,0.0155670023013424,0.0064126297672017,-3.567056711691588e-05,4.151210916152508e-05,18001293577524.477,362747960651.6274,7976904583.334318,336904655378.33923,1055120731610.4344,2.7829043572959904,8.234036544026495,50095878333857.2,1009492880297.6484,22198962522.69543,937573433445.6842,2936300081472.0107,0.0030739369897242,6.194356918806592e-05,1.3621522229284315e-06,5.753051455539874e-05,0.0001801745319887,0.000382896672708,7.715833674227852e-06,1.696728188068376e-07,7.166133423059555e-06,2.244295476316744e-05
728,728,0.02,7780,100000.0,17.15,2.43,0.81,2.5391360581431344,,0.778,8127.0,2.902981084178618,7780.0,0.2815717993917133,0.0170041140405941,0.0059789992375022,4.758001310066603e-05,-2.7474727743810124e-05,17661736916142.71,355905480920.2985,7826437002.945554,325963244955.5765,1024937978482.0636,2.763060795437374,8.021113223590223,48800452852322.914,983388481212.1613,21624921250.79924,900656262890.3027,2831965946098.625,0.0030119096508083,6.069364286474348e-05,1.3346660780044733e-06,5.5587502404316894e-05,0.0001747857871242,0.0003748564588705,7.553813586049294e-06,1.6610996270790293e-07,6.918313204762214e-06,2.1753501538374728e-05
729,729,0.02,7790,100000.0,17.15,2.43,0.81,2.5377592526316546,,0.779,8133.0,2.8310425648402244,7790.0,0.2528239470739208,0.0162334310907918,0.0061435511915664,0.0001215018600744,-1.6146043512521725e-05,17224062964487.926,347085818449.4115,7632490754.809245,313412823378.1472,989513718288.1324,3.0811954682925484,8.722995521329013,53070704751765.71,1069439250914.9368,23517195925.503017,965686171097.52,3048885184602.702,0.0029335231367777,5.911405926511283e-05,1.2999306996634925e-06,5.337902971199182e-05,0.0001685294226305,0.000364751599954,7.350188388290709e-06,1.616322014260339e-07,6.637100027384799e-06,2.0954795199377665e-05
730,730,0.02,7800,100000.0,17.15,2.43,0.81,2.536385231553545,,0.78,7861.0,2.6546398187735485,7800.0,0.256715552022797,0.0141022829671797,0.0060470025396715,7.197984109619803e-05,9.427539556465316e-06,16150828657418.27,325458841781.6371,7156908951.413487,289689959891.66675,918456269265.174,3.038382341287737,8.06581074784083,49072392589863.6,988868397685.2856,21745425776.178875,880188858583.1932,2790621309780.32,0.0027472016284845,5.535945424921174e-05,1.2173661391180657e-06,4.927528775462984e-05,0.0001562263220134,0.0003412625147626,6.876854751792056e-06,1.512234943787225e-07,6.121068231921236e-06,1.940672536359336e-05
731,731,0.02,7810,100000.0,17.15,2.43,0.81,2.535013985867806,,0.7810000000000001,7985.0,2.6043065574288424,7810.0,0.2772764013652704,0.0163750472746847,0.0063772388344574,1.1166859960364771e-06,-1.953428197695741e-05,15844601095397.076,319287983940.77606,7021210478.828158,280082761898.9629,891819453297.2913,2.816683988087211,7.335508580380347,44629234203034.03,899333351954.6306,19776531132.705414,788904630780.0518,2511973574367.1704,0.0026916293906528,5.423960606410879e-05,1.192740440039456e-06,4.757955023313742e-05,0.0001514993932127,0.0003340558093946,6.731630873074068e-06,1.4802999048782777e-07,5.905057070248635e-06,1.8802459431538265e-05
732,732,0.02,7820,100000.0,17.15,2.43,0.81,2.533645506574314,,0.782,8065.0,2.528729039810522,7820.0,0.2814210258238745,0.0155556453731845,0.0063777160065941,3.396734386340172e-05,-1.5296098126363557e-06,15384787478207.217,310022180280.77,6817453491.329168,267959571069.05,856983865824.2008,2.7787547064426152,7.026717720691604,42750550612687.71,861475592556.7906,18944030974.98457,744593919244.467,2381347950504.385,0.0026099248808443,5.259316081385833e-05,1.1565347598218763e-06,4.545752436191481e-05,0.0001453815021536,0.0003236497398398,6.521935914589159e-06,1.4341875388036192e-07,5.637064898487019e-06,1.8028367672533902e-05
733,733,0.02,7830,100000.0,17.15,2.43,0.81,2.532279784713044,,0.7829999999999999,8045.0,2.413022900448091,7830.0,0.258574556172789,0.0165475007925351,0.0062399768223486,6.0571346370805606e-05,-3.0009314313167287e-05,14680831326326.186,295836607594.9359,6505509739.608053,251886314861.87744,809226105320.0914,3.0281401681175875,7.30697157143447,44455615040607.32,895834714657.866,19699595356.587334,762747067832.3651,2450450074609.122,0.0024872422614002,5.012095681257001e-05,1.102170469548848e-06,4.267485086279661e-05,0.0001370999586768,0.0003081586323889,6.209771257542131e-06,1.365541868705839e-07,5.287230714662471e-06,1.6986095975484965e-05
734,734,0.02,7840,100000.0,17.15,2.43,0.81,2.530916811364804,,0.784,8146.0,2.324711957036646,7840.0,0.2814992213134246,0.0142639996646968,0.0060462692150911,4.797403317195011e-05,3.966410877420932e-05,14143547546610.955,285009685932.6928,6267423436.170798,238995065259.90503,771378008716.5623,2.785087633074072,6.474526522002185,39391019359861.3,793776951597.4679,17455323503.317894,665622200621.0922,2148355352501.8003,0.0023930573241859,4.822301577008441e-05,1.0604343435248578e-06,4.043744254966298e-05,0.000130515472684,0.0002962266245255,5.96932678613347e-06,1.3126676195282086e-07,5.005583021296264e-06,1.6155968154547156e-05
735,735,0.02,7850,100000.0,17.15,2.43,0.81,2.575042010828953,,0.785,7912.0,2.436153228695689,7850.0,0.2308875815888313,0.0161616812324574,0.0063673225926771,0.0001911924970662,-4.1354746708067805e-06,14821556243384.574,298672385838.0915,6567869104.563579,246603060886.4417,799729102475.2682,3.399923004078849,8.282733403703435,50392150028131.71,1015463115294.0413,22330249256.384464,838431419584.0704,2719017372536.996,0.0025044491756004,5.046769706255969e-05,1.1097953611799424e-06,4.16693647007043e-05,0.0001351329683947,0.0003097332382508,6.24150148086034e-06,1.372519412104362e-07,5.15338358244406e-06,1.6712326328328074e-05
736,736,0.02,7860,100000.0,17.15,2.43,0.81,2.5736511322876114,,0.786,7881.0,2.661933555560193,7860.0,0.2551273644367029,0.016521155248033,0.006556717205998,0.0002049503450789,-1.9680327678681584e-05,16195203752028.217,326353053911.6797,7176572865.79028,265252413996.9833,865729094584.6304,3.0808141719153244,8.200922622666791,49894413236304.75,1005433113538.9486,22109687390.709667,817193396176.657,2667150463635.7515,0.0027329069775081,5.507139964538055e-05,1.2110317572915655e-06,4.476079363450078e-05,0.0001460899856184,0.0003376842957828,6.804749287143339e-06,1.496378799195632e-07,5.530747003665237e-06,1.80512159105712e-05
737,737,0.02,7870,100000.0,17.15,2.43,0.81,2.572263037828264,,0.787,7913.0,2.841633917013069,7870.0,0.2608143951501915,0.0161504572524849,0.0066293388960521,4.900447429669538e-05,1.8778838442999744e-05,17288500751107.512,348384318225.80225,7661045040.267234,278669441301.7509,915671705613.0708,3.017471484067439,8.574549312745795,52167558018745.42,1051239745742.6344,23116984947.162663,840877092609.0385,2763013260454.8354,0.0029136985047712,5.871456881738211e-05,1.2911458199972446e-06,4.69652485276568e-05,0.0001543217262107,0.0003596776715478,7.247942559462793e-06,1.5938379396665325e-07,5.797563202381504e-06,1.9050042089745604e-05
738,738,0.02,7880,100000.0,17.15,2.43,0.81,2.570877718495419,,0.7879999999999999,7996.0,2.985672134227857,7880.0,0.2587870185134306,0.0145144675034866,0.0070027645666573,-6.365488198591399e-05,9.802677147522408e-07,18164829264642.28,366043403656.33527,8049372073.878303,288077729024.0871,953154310935.2424,3.0449749934388763,9.091296987331106,55311450870922.44,1114593010646.7937,24510136677.844658,877189481045.006,2902331041686.2764,0.0030572528245641,6.160736296705616e-05,1.354758976828576e-06,4.848525895408528e-05,0.0001604217505652,0.0003770694230387,7.598407505679141e-06,1.670905924576751e-07,5.979979304560105e-06,1.978578168036174e-05
739,739,0.02,7890,100000.0,17.15,2.43,0.81,2.5694951653741853,,0.789,7860.0,3.002705111364304,7890.0,0.2605501456964703,0.0171919057745173,0.0069605176923751,0.0001216039655347,4.491483936454994e-05,18268457897540.426,368131646653.2637,8095292980.238164,284977221090.401,949609575012.9664,3.028207863369039,9.092815229611793,55320687856958.13,1114779147150.4055,24514229859.033382,862970261787.0094,2875615182184.7954,0.0030707442649002,6.187923189953516e-05,1.360737432309517e-06,4.790180825325056e-05,0.0001596198306786,0.0003783664229454,7.624543631345628e-06,1.676653314038158e-07,5.902294127377568e-06,1.966780010154759e-05
740,740,0.02,7900,100000.0,17.15,2.43,0.81,2.568115369589147,,0.79,7934.0,3.063921941255282,7900.0,0.2580345233855041,0.0154905202322325,0.0065093091165046,2.4020982861716894e-05,-1.264640963784706e-05,18640901090597.133,375636829997.8975,8260333553.62424,285946435904.7171,959803963558.5256,3.0616058255884555,9.38052126449546,57071091373190.375,1150051907027.1433,25289885329.07976,875455273972.1378,2938541406253.6714,0.0031290615482797,6.305439609123911e-05,1.386579542104247e-06,4.7998967062188944e-05,0.0001611126877215,0.0003852126231752,7.762502893044552e-06,1.7069908482584108e-07,5.909058587195959e-06,1.983426663439893e-05
741,741,0.02,7910,100000.0,17.15,2.43,0.81,2.566738322304418,,0.791,7894.0,3.052642190999018,7910.0,0.2605205429199486,0.0161730805844811,0.0062560801863461,-1.0611456886093504e-06,3.098773863689216e-05,18572275090038.023,374253932616.4796,8229923346.933352,280070871852.8406,947138695274.3948,3.0362288944064355,9.268520424595389,56389678263238.336,1136320604055.3943,24987931064.709164,850359273601.1967,2875729873602.53,0.0031134856349277,6.274052249213281e-05,1.379677395096167e-06,4.695152489655e-05,0.0001587798321812,0.0003829362704687,7.716631617268984e-06,1.6969036574353328e-07,5.774698824689263e-06,1.9528773821551185e-05
742,742,0.02,7920,100000.0,17.15,2.43,0.81,2.565364014723224,,0.792,7962.0,3.0604328897963624,7920.0,0.2609196785897438,0.0155335243834947,0.0067804134976175,3.444684584619246e-05,4.624612950189189e-05,18619673701521.07,375209072289.034,8250927070.890993,275950477310.8592,940400823761.3549,3.03541689258823,9.289689692320492,56518472088077.87,1138915956278.4922,25045003410.496044,837624740347.1671,2854508546249.103,0.0031173446219061,6.281828577345355e-05,1.3813874261438075e-06,4.620020469462698e-05,0.0001574438681032,0.0003830570152201,7.71906477087222e-06,1.697438713072717e-07,5.677047185774782e-06,1.9346586757379013e-05
743,743,0.02,7930,100000.0,17.15,2.43,0.81,2.563992438088217,,0.7929999999999999,7842.0,2.9782304700181834,7930.0,0.2600149416302884,0.0164995541930287,0.0063499711869774,4.637325144891167e-05,-2.9343114363142085e-05,18119554179590.63,365131055624.2293,8029309347.169023,263833223589.0953,906232728938.93,3.049824733255351,9.083080948796166,55261464492475.88,1113585724322.41,24487986237.95446,804645090756.5121,2763850990803.4414,0.0030293863971967,6.104582056152488e-05,1.3424105402436464e-06,4.4109958266502025e-05,0.000151511956339,0.0003719265361249,7.494772079047199e-06,1.6481162744788945e-07,5.415507246569456e-06,1.860156141021366e-05
744,744,0.02,7940,100000.0,17.15,2.43,0.81,2.5626235836804505,,0.794,7785.0,2.9062031859835376,7940.0,0.2883092813663097,0.0158787619306948,0.0064852053963207,4.676646952946118e-05,-3.272894798362761e-05,17681340183523.844,356300510601.5817,7835123789.411617,252861024092.6805,875622149509.6569,2.7539869553876337,8.003645663904644,48694180219195.86,981246958394.7096,21577828709.88692,696375961877.2003,2411451977598.076,0.0029522020891962,5.949046287565004e-05,1.3082078948837883e-06,4.221947181912818e-05,0.0001462000907339,0.0003621140323609,7.297038193203949e-06,1.6046341736441962e-07,5.178596424859466e-06,1.7932750803526186e-05
745,745,0.02,7950,100000.0,17.15,2.43,0.81,2.561257442819848,,0.795,7717.0,2.818739699478198,7950.0,0.2873899342739605,0.015701970022551,0.0059675791219069,0.0002051827526649,-2.085477385472569e-05,17149212331625.355,345577487156.02704,7599322229.793221,241283720680.276,840837837834.5333,2.766276425124025,7.797413179227718,47439461782421.43,955962855773.318,21021825931.19793,667457468284.0576,2325989888153.9272,0.0028595336918255,5.762308195559052e-05,1.2671437924328878e-06,4.023268913067813e-05,0.0001402049307078,0.000350418372403,7.061356419561539e-06,1.5528072518057025e-07,4.930270093642137e-06,1.7181257126632168e-05
746,746,0.02,7960,100000.0,17.15,2.43,0.81,2.5598940068645804,,0.796,7768.0,2.764341058266523,7960.0,0.2357152259246504,0.0145121391651361,0.0064244735872536,-0.0001376999537497,-1.3585690778680186e-05,16818250998493.527,338908213743.47577,7452663493.086547,233273876314.4084,816341231885.258,3.3769562270638054,9.335058750441286,56794497437684.78,1144478202804.1018,25167318391.189705,787755669231.2533,2756748606423.8604,0.0028005826265991,5.6435146288799065e-05,1.2410208351925144e-06,3.884486949945541e-05,0.0001359375045359,0.0003428769387913,6.9093873596030975e-06,1.5193889332373533e-07,4.7557996736909055e-06,1.6642906722172667e-05
747,747,0.02,7970,100000.0,17.15,2.43,0.81,2.55853326721118,,0.797,7479.0,2.5821958776846423,7970.0,0.2877190939734646,0.0134563113058603,0.0070333481814178,8.448280262173253e-05,2.1750157857731383e-05,15710079719833.363,316577214604.13715,6961600086.237796,214770854475.3955,754827230603.0479,2.7700629422721064,7.152845110462024,43517909652050.95,876938810542.6442,19284070417.80561,594928785062.4084,2090918939311.3845,0.0026125152823901,5.264536055572613e-05,1.1576826432156414e-06,3.571542280721938e-05,0.0001255243582898,0.0003195593260573,6.439509101681537e-06,1.4160617078412253e-07,4.3686620779060844e-06,1.5353969260685615e-05
748,748,0.02,7980,100000.0,17.15,2.43,0.81,2.557175215294021,,0.7979999999999999,7589.0,2.531400931232419,7980.0,0.2917178249545031,0.0162339230082596,0.0066010021980368,0.0002139230534804,-3.49227214534837e-05,15401043265618.035,310349754169.09454,6824656910.602601,207475292890.126,732406340890.3097,2.735520190185353,6.924698356840286,42129864803016.31,848968018548.619,18668986770.04141,567552852665.5592,2003512332925.2185,0.0025576424878563,5.153960700381075e-05,1.1333668881099004e-06,3.445530378197567e-05,0.0001216303040988,0.0003125655686809,6.298576384005329e-06,1.385070304345707e-07,4.210729870113977e-06,1.4864253057258737e-05
749,749,0.02,7990,100000.0,17.15,2.43,0.81,2.5558198425848664,,0.799,7801.0,2.502886994505214,7990.0,0.2918004187376937,0.0174169853811004,0.0065133027452704,1.2445504124034311e-05,-2.301655296780081e-05,15227564474569.72,306853945526.33923,6747783337.186057,202102104499.0488,716669228686.5103,2.7381729041254053,6.8533373504420485,41695704440089.42,840219159164.1952,18476597496.791763,553390506406.0164,1962364263209.856,0.0025255690947218,5.089328912112105e-05,1.1191542208037711e-06,3.3519662973908955e-05,0.0001188632402858,0.0003083320571764,6.213265977948387e-06,1.3663103651344908e-07,4.092220902689757e-06,1.451132240911072e-05
750,750,0.02,8000,100000.0,17.15,2.43,0.81,2.5544671405937187,,0.8,7631.0,2.3438232007673774,8000.0,0.2367908526593964,0.0151977880797511,0.0064871193579951,-3.0092864854829184e-05,3.581520988986444e-05,14259820353468.725,287352724414.0805,6318947349.268849,186414873352.66785,664111984356.3292,3.378508886704049,7.918627512655712,48176929786997.36,970823733051.5905,21348619774.1198,629804306235.798,2243708240914.5186,0.0023618095088386,4.7593334283960406e-05,1.0465875141073183e-06,3.0875313262006164e-05,0.0001099947938127,0.0002880725231404,5.805011725347479e-06,1.2765343891954978e-07,3.765896174459156e-06,1.3416186897107304e-05
